patient,canonical_file_name,channel_number_1based,edf_index_0based,official_name,edf_raw_label,modality,canonical_name,alias_note,source_path,source_sha256,edf_header_sha256
PN00,PN00-1.edf,1,0,Fp1,EEG Fp1,EEG,FP1,,data/raw/siena-scalp-eeg-1.0.0/PN00/Seizures-list-PN00.txt,a5bf9d78e67d4ef6f640e06b443e409ea724e8a7da7c318b40bae476cf150d43,e43e5ecc018ce2afb48de873832952c67eaa185158b2d950ec9d1b1a4ee243f4
PN00,PN00-1.edf,2,1,F3,EEG F3,EEG,F3,,data/raw/siena-scalp-eeg-1.0.0/PN00/Seizures-list-PN00.txt,a5bf9d78e67d4ef6f640e06b443e409ea724e8a7da7c318b40bae476cf150d43,e43e5ecc018ce2afb48de873832952c67eaa185158b2d950ec9d1b1a4ee243f4
PN00,PN00-1.edf,3,2,C3,EEG C3,EEG,C3,,data/raw/siena-scalp-eeg-1.0.0/PN00/Seizures-list-PN00.txt,a5bf9d78e67d4ef6f640e06b443e409ea724e8a7da7c318b40bae476cf150d43,e43e5ecc018ce2afb48de873832952c67eaa185158b2d950ec9d1b1a4ee243f4
PN00,PN00-1.edf,4,3,P3,EEG P3,EEG,P3,,data/raw/siena-scalp-eeg-1.0.0/PN00/Seizures-list-PN00.txt,a5bf9d78e67d4ef6f640e06b443e409ea724e8a7da7c318b40bae476cf150d43,e43e5ecc018ce2afb48de873832952c67eaa185158b2d950ec9d1b1a4ee243f4
PN00,PN00-1.edf,5,4,1,EEG O1,EEG,O1,official channel 5 '1' reconciled to EDF 'EEG O1',data/raw/siena-scalp-eeg-1.0.0/PN00/Seizures-list-PN00.txt,a5bf9d78e67d4ef6f640e06b443e409ea724e8a7da7c318b40bae476cf150d43,e43e5ecc018ce2afb48de873832952c67eaa185158b2d950ec9d1b1a4ee243f4
PN00,PN00-1.edf,6,5,F7,EEG F7,EEG,F7,,data/raw/siena-scalp-eeg-1.0.0/PN00/Seizures-list-PN00.txt,a5bf9d78e67d4ef6f640e06b443e409ea724e8a7da7c318b40bae476cf150d43,e43e5ecc018ce2afb48de873832952c67eaa185158b2d950ec9d1b1a4ee243f4
PN00,PN00-1.edf,7,6,T3,EEG T3,EEG,T3,,data/raw/siena-scalp-eeg-1.0.0/PN00/Seizures-list-PN00.txt,a5bf9d78e67d4ef6f640e06b443e409ea724e8a7da7c318b40bae476cf150d43,e43e5ecc018ce2afb48de873832952c67eaa185158b2d950ec9d1b1a4ee243f4
PN00,PN00-1.edf,8,7,T5,EEG T5,EEG,T5,,data/raw/siena-scalp-eeg-1.0.0/PN00/Seizures-list-PN00.txt,a5bf9d78e67d4ef6f640e06b443e409ea724e8a7da7c318b40bae476cf150d43,e43e5ecc018ce2afb48de873832952c67eaa185158b2d950ec9d1b1a4ee243f4
PN00,PN00-1.edf,9,8,Fc1,EEG Fc1,EEG,FC1,,data/raw/siena-scalp-eeg-1.0.0/PN00/Seizures-list-PN00.txt,a5bf9d78e67d4ef6f640e06b443e409ea724e8a7da7c318b40bae476cf150d43,e43e5ecc018ce2afb48de873832952c67eaa185158b2d950ec9d1b1a4ee243f4
PN00,PN00-1.edf,10,9,Fc5,EEG Fc5,EEG,FC5,,data/raw/siena-scalp-eeg-1.0.0/PN00/Seizures-list-PN00.txt,a5bf9d78e67d4ef6f640e06b443e409ea724e8a7da7c318b40bae476cf150d43,e43e5ecc018ce2afb48de873832952c67eaa185158b2d950ec9d1b1a4ee243f4
PN00,PN00-1.edf,11,10,Cp1,EEG Cp1,EEG,CP1,,data/raw/siena-scalp-eeg-1.0.0/PN00/Seizures-list-PN00.txt,a5bf9d78e67d4ef6f640e06b443e409ea724e8a7da7c318b40bae476cf150d43,e43e5ecc018ce2afb48de873832952c67eaa185158b2d950ec9d1b1a4ee243f4
PN00,PN00-1.edf,12,11,Cp5,EEG Cp5,EEG,CP5,,data/raw/siena-scalp-eeg-1.0.0/PN00/Seizures-list-PN00.txt,a5bf9d78e67d4ef6f640e06b443e409ea724e8a7da7c318b40bae476cf150d43,e43e5ecc018ce2afb48de873832952c67eaa185158b2d950ec9d1b1a4ee243f4
PN00,PN00-1.edf,13,12,F9,EEG F9,EEG,F9,,data/raw/siena-scalp-eeg-1.0.0/PN00/Seizures-list-PN00.txt,a5bf9d78e67d4ef6f640e06b443e409ea724e8a7da7c318b40bae476cf150d43,e43e5ecc018ce2afb48de873832952c67eaa185158b2d950ec9d1b1a4ee243f4
PN00,PN00-1.edf,14,13,Fz,EEG Fz,EEG,FZ,,data/raw/siena-scalp-eeg-1.0.0/PN00/Seizures-list-PN00.txt,a5bf9d78e67d4ef6f640e06b443e409ea724e8a7da7c318b40bae476cf150d43,e43e5ecc018ce2afb48de873832952c67eaa185158b2d950ec9d1b1a4ee243f4
PN00,PN00-1.edf,15,14,Cz,EEG Cz,EEG,CZ,,data/raw/siena-scalp-eeg-1.0.0/PN00/Seizures-list-PN00.txt,a5bf9d78e67d4ef6f640e06b443e409ea724e8a7da7c318b40bae476cf150d43,e43e5ecc018ce2afb48de873832952c67eaa185158b2d950ec9d1b1a4ee243f4
PN00,PN00-1.edf,16,15,Pz,EEG Pz,EEG,PZ,,data/raw/siena-scalp-eeg-1.0.0/PN00/Seizures-list-PN00.txt,a5bf9d78e67d4ef6f640e06b443e409ea724e8a7da7c318b40bae476cf150d43,e43e5ecc018ce2afb48de873832952c67eaa185158b2d950ec9d1b1a4ee243f4
PN00,PN00-1.edf,17,16,Fp2,EEG Fp2,EEG,FP2,,data/raw/siena-scalp-eeg-1.0.0/PN00/Seizures-list-PN00.txt,a5bf9d78e67d4ef6f640e06b443e409ea724e8a7da7c318b40bae476cf150d43,e43e5ecc018ce2afb48de873832952c67eaa185158b2d950ec9d1b1a4ee243f4
PN00,PN00-1.edf,18,17,F4,EEG F4,EEG,F4,,data/raw/siena-scalp-eeg-1.0.0/PN00/Seizures-list-PN00.txt,a5bf9d78e67d4ef6f640e06b443e409ea724e8a7da7c318b40bae476cf150d43,e43e5ecc018ce2afb48de873832952c67eaa185158b2d950ec9d1b1a4ee243f4
PN00,PN00-1.edf,19,18,C4,EEG C4,EEG,C4,,data/raw/siena-scalp-eeg-1.0.0/PN00/Seizures-list-PN00.txt,a5bf9d78e67d4ef6f640e06b443e409ea724e8a7da7c318b40bae476cf150d43,e43e5ecc018ce2afb48de873832952c67eaa185158b2d950ec9d1b1a4ee243f4
PN00,PN00-1.edf,20,19,P4,EEG P4,EEG,P4,,data/raw/siena-scalp-eeg-1.0.0/PN00/Seizures-list-PN00.txt,a5bf9d78e67d4ef6f640e06b443e409ea724e8a7da7c318b40bae476cf150d43,e43e5ecc018ce2afb48de873832952c67eaa185158b2d950ec9d1b1a4ee243f4
PN00,PN00-1.edf,21,20,O2,EEG O2,EEG,O2,,data/raw/siena-scalp-eeg-1.0.0/PN00/Seizures-list-PN00.txt,a5bf9d78e67d4ef6f640e06b443e409ea724e8a7da7c318b40bae476cf150d43,e43e5ecc018ce2afb48de873832952c67eaa185158b2d950ec9d1b1a4ee243f4
PN00,PN00-1.edf,22,21,F8,EEG F8,EEG,F8,,data/raw/siena-scalp-eeg-1.0.0/PN00/Seizures-list-PN00.txt,a5bf9d78e67d4ef6f640e06b443e409ea724e8a7da7c318b40bae476cf150d43,e43e5ecc018ce2afb48de873832952c67eaa185158b2d950ec9d1b1a4ee243f4
PN00,PN00-1.edf,23,22,T4,EEG T4,EEG,T4,,data/raw/siena-scalp-eeg-1.0.0/PN00/Seizures-list-PN00.txt,a5bf9d78e67d4ef6f640e06b443e409ea724e8a7da7c318b40bae476cf150d43,e43e5ecc018ce2afb48de873832952c67eaa185158b2d950ec9d1b1a4ee243f4
PN00,PN00-1.edf,24,23,T6,EEG T6,EEG,T6,,data/raw/siena-scalp-eeg-1.0.0/PN00/Seizures-list-PN00.txt,a5bf9d78e67d4ef6f640e06b443e409ea724e8a7da7c318b40bae476cf150d43,e43e5ecc018ce2afb48de873832952c67eaa185158b2d950ec9d1b1a4ee243f4
PN00,PN00-1.edf,25,24,Fc2,EEG Fc2,EEG,FC2,,data/raw/siena-scalp-eeg-1.0.0/PN00/Seizures-list-PN00.txt,a5bf9d78e67d4ef6f640e06b443e409ea724e8a7da7c318b40bae476cf150d43,e43e5ecc018ce2afb48de873832952c67eaa185158b2d950ec9d1b1a4ee243f4
PN00,PN00-1.edf,26,25,Fc6,EEG Fc6,EEG,FC6,,data/raw/siena-scalp-eeg-1.0.0/PN00/Seizures-list-PN00.txt,a5bf9d78e67d4ef6f640e06b443e409ea724e8a7da7c318b40bae476cf150d43,e43e5ecc018ce2afb48de873832952c67eaa185158b2d950ec9d1b1a4ee243f4
PN00,PN00-1.edf,27,26,Cp2,EEG Cp2,EEG,CP2,,data/raw/siena-scalp-eeg-1.0.0/PN00/Seizures-list-PN00.txt,a5bf9d78e67d4ef6f640e06b443e409ea724e8a7da7c318b40bae476cf150d43,e43e5ecc018ce2afb48de873832952c67eaa185158b2d950ec9d1b1a4ee243f4
PN00,PN00-1.edf,28,27,Cp6,EEG Cp6,EEG,CP6,,data/raw/siena-scalp-eeg-1.0.0/PN00/Seizures-list-PN00.txt,a5bf9d78e67d4ef6f640e06b443e409ea724e8a7da7c318b40bae476cf150d43,e43e5ecc018ce2afb48de873832952c67eaa185158b2d950ec9d1b1a4ee243f4
PN00,PN00-1.edf,29,28,F10,EEG F10,EEG,F10,,data/raw/siena-scalp-eeg-1.0.0/PN00/Seizures-list-PN00.txt,a5bf9d78e67d4ef6f640e06b443e409ea724e8a7da7c318b40bae476cf150d43,e43e5ecc018ce2afb48de873832952c67eaa185158b2d950ec9d1b1a4ee243f4
PN00,PN00-1.edf,33,32,EKG 1,1,ECG,ECG 1,,data/raw/siena-scalp-eeg-1.0.0/PN00/Seizures-list-PN00.txt,a5bf9d78e67d4ef6f640e06b443e409ea724e8a7da7c318b40bae476cf150d43,e43e5ecc018ce2afb48de873832952c67eaa185158b2d950ec9d1b1a4ee243f4
PN00,PN00-1.edf,34,33,EKG 2,2,ECG,ECG 2,,data/raw/siena-scalp-eeg-1.0.0/PN00/Seizures-list-PN00.txt,a5bf9d78e67d4ef6f640e06b443e409ea724e8a7da7c318b40bae476cf150d43,e43e5ecc018ce2afb48de873832952c67eaa185158b2d950ec9d1b1a4ee243f4
PN00,PN00-2.edf,1,0,Fp1,EEG Fp1,EEG,FP1,,data/raw/siena-scalp-eeg-1.0.0/PN00/Seizures-list-PN00.txt,a5bf9d78e67d4ef6f640e06b443e409ea724e8a7da7c318b40bae476cf150d43,5fd5dacc9f9cbb4ce2ec809afd1034c91895cd68a72f84a207eaa022e3b50bc3
PN00,PN00-2.edf,2,1,F3,EEG F3,EEG,F3,,data/raw/siena-scalp-eeg-1.0.0/PN00/Seizures-list-PN00.txt,a5bf9d78e67d4ef6f640e06b443e409ea724e8a7da7c318b40bae476cf150d43,5fd5dacc9f9cbb4ce2ec809afd1034c91895cd68a72f84a207eaa022e3b50bc3
PN00,PN00-2.edf,3,2,C3,EEG C3,EEG,C3,,data/raw/siena-scalp-eeg-1.0.0/PN00/Seizures-list-PN00.txt,a5bf9d78e67d4ef6f640e06b443e409ea724e8a7da7c318b40bae476cf150d43,5fd5dacc9f9cbb4ce2ec809afd1034c91895cd68a72f84a207eaa022e3b50bc3
PN00,PN00-2.edf,4,3,P3,EEG P3,EEG,P3,,data/raw/siena-scalp-eeg-1.0.0/PN00/Seizures-list-PN00.txt,a5bf9d78e67d4ef6f640e06b443e409ea724e8a7da7c318b40bae476cf150d43,5fd5dacc9f9cbb4ce2ec809afd1034c91895cd68a72f84a207eaa022e3b50bc3
PN00,PN00-2.edf,5,4,1,EEG O1,EEG,O1,official channel 5 '1' reconciled to EDF 'EEG O1',data/raw/siena-scalp-eeg-1.0.0/PN00/Seizures-list-PN00.txt,a5bf9d78e67d4ef6f640e06b443e409ea724e8a7da7c318b40bae476cf150d43,5fd5dacc9f9cbb4ce2ec809afd1034c91895cd68a72f84a207eaa022e3b50bc3
PN00,PN00-2.edf,6,5,F7,EEG F7,EEG,F7,,data/raw/siena-scalp-eeg-1.0.0/PN00/Seizures-list-PN00.txt,a5bf9d78e67d4ef6f640e06b443e409ea724e8a7da7c318b40bae476cf150d43,5fd5dacc9f9cbb4ce2ec809afd1034c91895cd68a72f84a207eaa022e3b50bc3
PN00,PN00-2.edf,7,6,T3,EEG T3,EEG,T3,,data/raw/siena-scalp-eeg-1.0.0/PN00/Seizures-list-PN00.txt,a5bf9d78e67d4ef6f640e06b443e409ea724e8a7da7c318b40bae476cf150d43,5fd5dacc9f9cbb4ce2ec809afd1034c91895cd68a72f84a207eaa022e3b50bc3
PN00,PN00-2.edf,8,7,T5,EEG T5,EEG,T5,,data/raw/siena-scalp-eeg-1.0.0/PN00/Seizures-list-PN00.txt,a5bf9d78e67d4ef6f640e06b443e409ea724e8a7da7c318b40bae476cf150d43,5fd5dacc9f9cbb4ce2ec809afd1034c91895cd68a72f84a207eaa022e3b50bc3
PN00,PN00-2.edf,9,8,Fc1,EEG Fc1,EEG,FC1,,data/raw/siena-scalp-eeg-1.0.0/PN00/Seizures-list-PN00.txt,a5bf9d78e67d4ef6f640e06b443e409ea724e8a7da7c318b40bae476cf150d43,5fd5dacc9f9cbb4ce2ec809afd1034c91895cd68a72f84a207eaa022e3b50bc3
PN00,PN00-2.edf,10,9,Fc5,EEG Fc5,EEG,FC5,,data/raw/siena-scalp-eeg-1.0.0/PN00/Seizures-list-PN00.txt,a5bf9d78e67d4ef6f640e06b443e409ea724e8a7da7c318b40bae476cf150d43,5fd5dacc9f9cbb4ce2ec809afd1034c91895cd68a72f84a207eaa022e3b50bc3
PN00,PN00-2.edf,11,10,Cp1,EEG Cp1,EEG,CP1,,data/raw/siena-scalp-eeg-1.0.0/PN00/Seizures-list-PN00.txt,a5bf9d78e67d4ef6f640e06b443e409ea724e8a7da7c318b40bae476cf150d43,5fd5dacc9f9cbb4ce2ec809afd1034c91895cd68a72f84a207eaa022e3b50bc3
PN00,PN00-2.edf,12,11,Cp5,EEG Cp5,EEG,CP5,,data/raw/siena-scalp-eeg-1.0.0/PN00/Seizures-list-PN00.txt,a5bf9d78e67d4ef6f640e06b443e409ea724e8a7da7c318b40bae476cf150d43,5fd5dacc9f9cbb4ce2ec809afd1034c91895cd68a72f84a207eaa022e3b50bc3
PN00,PN00-2.edf,13,12,F9,EEG F9,EEG,F9,,data/raw/siena-scalp-eeg-1.0.0/PN00/Seizures-list-PN00.txt,a5bf9d78e67d4ef6f640e06b443e409ea724e8a7da7c318b40bae476cf150d43,5fd5dacc9f9cbb4ce2ec809afd1034c91895cd68a72f84a207eaa022e3b50bc3
PN00,PN00-2.edf,14,13,Fz,EEG Fz,EEG,FZ,,data/raw/siena-scalp-eeg-1.0.0/PN00/Seizures-list-PN00.txt,a5bf9d78e67d4ef6f640e06b443e409ea724e8a7da7c318b40bae476cf150d43,5fd5dacc9f9cbb4ce2ec809afd1034c91895cd68a72f84a207eaa022e3b50bc3
PN00,PN00-2.edf,15,14,Cz,EEG Cz,EEG,CZ,,data/raw/siena-scalp-eeg-1.0.0/PN00/Seizures-list-PN00.txt,a5bf9d78e67d4ef6f640e06b443e409ea724e8a7da7c318b40bae476cf150d43,5fd5dacc9f9cbb4ce2ec809afd1034c91895cd68a72f84a207eaa022e3b50bc3
PN00,PN00-2.edf,16,15,Pz,EEG Pz,EEG,PZ,,data/raw/siena-scalp-eeg-1.0.0/PN00/Seizures-list-PN00.txt,a5bf9d78e67d4ef6f640e06b443e409ea724e8a7da7c318b40bae476cf150d43,5fd5dacc9f9cbb4ce2ec809afd1034c91895cd68a72f84a207eaa022e3b50bc3
PN00,PN00-2.edf,17,16,Fp2,EEG Fp2,EEG,FP2,,data/raw/siena-scalp-eeg-1.0.0/PN00/Seizures-list-PN00.txt,a5bf9d78e67d4ef6f640e06b443e409ea724e8a7da7c318b40bae476cf150d43,5fd5dacc9f9cbb4ce2ec809afd1034c91895cd68a72f84a207eaa022e3b50bc3
PN00,PN00-2.edf,18,17,F4,EEG F4,EEG,F4,,data/raw/siena-scalp-eeg-1.0.0/PN00/Seizures-list-PN00.txt,a5bf9d78e67d4ef6f640e06b443e409ea724e8a7da7c318b40bae476cf150d43,5fd5dacc9f9cbb4ce2ec809afd1034c91895cd68a72f84a207eaa022e3b50bc3
PN00,PN00-2.edf,19,18,C4,EEG C4,EEG,C4,,data/raw/siena-scalp-eeg-1.0.0/PN00/Seizures-list-PN00.txt,a5bf9d78e67d4ef6f640e06b443e409ea724e8a7da7c318b40bae476cf150d43,5fd5dacc9f9cbb4ce2ec809afd1034c91895cd68a72f84a207eaa022e3b50bc3
PN00,PN00-2.edf,20,19,P4,EEG P4,EEG,P4,,data/raw/siena-scalp-eeg-1.0.0/PN00/Seizures-list-PN00.txt,a5bf9d78e67d4ef6f640e06b443e409ea724e8a7da7c318b40bae476cf150d43,5fd5dacc9f9cbb4ce2ec809afd1034c91895cd68a72f84a207eaa022e3b50bc3
PN00,PN00-2.edf,21,20,O2,EEG O2,EEG,O2,,data/raw/siena-scalp-eeg-1.0.0/PN00/Seizures-list-PN00.txt,a5bf9d78e67d4ef6f640e06b443e409ea724e8a7da7c318b40bae476cf150d43,5fd5dacc9f9cbb4ce2ec809afd1034c91895cd68a72f84a207eaa022e3b50bc3
PN00,PN00-2.edf,22,21,F8,EEG F8,EEG,F8,,data/raw/siena-scalp-eeg-1.0.0/PN00/Seizures-list-PN00.txt,a5bf9d78e67d4ef6f640e06b443e409ea724e8a7da7c318b40bae476cf150d43,5fd5dacc9f9cbb4ce2ec809afd1034c91895cd68a72f84a207eaa022e3b50bc3
PN00,PN00-2.edf,23,22,T4,EEG T4,EEG,T4,,data/raw/siena-scalp-eeg-1.0.0/PN00/Seizures-list-PN00.txt,a5bf9d78e67d4ef6f640e06b443e409ea724e8a7da7c318b40bae476cf150d43,5fd5dacc9f9cbb4ce2ec809afd1034c91895cd68a72f84a207eaa022e3b50bc3
PN00,PN00-2.edf,24,23,T6,EEG T6,EEG,T6,,data/raw/siena-scalp-eeg-1.0.0/PN00/Seizures-list-PN00.txt,a5bf9d78e67d4ef6f640e06b443e409ea724e8a7da7c318b40bae476cf150d43,5fd5dacc9f9cbb4ce2ec809afd1034c91895cd68a72f84a207eaa022e3b50bc3
PN00,PN00-2.edf,25,24,Fc2,EEG Fc2,EEG,FC2,,data/raw/siena-scalp-eeg-1.0.0/PN00/Seizures-list-PN00.txt,a5bf9d78e67d4ef6f640e06b443e409ea724e8a7da7c318b40bae476cf150d43,5fd5dacc9f9cbb4ce2ec809afd1034c91895cd68a72f84a207eaa022e3b50bc3
PN00,PN00-2.edf,26,25,Fc6,EEG Fc6,EEG,FC6,,data/raw/siena-scalp-eeg-1.0.0/PN00/Seizures-list-PN00.txt,a5bf9d78e67d4ef6f640e06b443e409ea724e8a7da7c318b40bae476cf150d43,5fd5dacc9f9cbb4ce2ec809afd1034c91895cd68a72f84a207eaa022e3b50bc3
PN00,PN00-2.edf,27,26,Cp2,EEG Cp2,EEG,CP2,,data/raw/siena-scalp-eeg-1.0.0/PN00/Seizures-list-PN00.txt,a5bf9d78e67d4ef6f640e06b443e409ea724e8a7da7c318b40bae476cf150d43,5fd5dacc9f9cbb4ce2ec809afd1034c91895cd68a72f84a207eaa022e3b50bc3
PN00,PN00-2.edf,28,27,Cp6,EEG Cp6,EEG,CP6,,data/raw/siena-scalp-eeg-1.0.0/PN00/Seizures-list-PN00.txt,a5bf9d78e67d4ef6f640e06b443e409ea724e8a7da7c318b40bae476cf150d43,5fd5dacc9f9cbb4ce2ec809afd1034c91895cd68a72f84a207eaa022e3b50bc3
PN00,PN00-2.edf,29,28,F10,EEG F10,EEG,F10,,data/raw/siena-scalp-eeg-1.0.0/PN00/Seizures-list-PN00.txt,a5bf9d78e67d4ef6f640e06b443e409ea724e8a7da7c318b40bae476cf150d43,5fd5dacc9f9cbb4ce2ec809afd1034c91895cd68a72f84a207eaa022e3b50bc3
PN00,PN00-2.edf,33,32,EKG 1,1,ECG,ECG 1,,data/raw/siena-scalp-eeg-1.0.0/PN00/Seizures-list-PN00.txt,a5bf9d78e67d4ef6f640e06b443e409ea724e8a7da7c318b40bae476cf150d43,5fd5dacc9f9cbb4ce2ec809afd1034c91895cd68a72f84a207eaa022e3b50bc3
PN00,PN00-2.edf,34,33,EKG 2,2,ECG,ECG 2,,data/raw/siena-scalp-eeg-1.0.0/PN00/Seizures-list-PN00.txt,a5bf9d78e67d4ef6f640e06b443e409ea724e8a7da7c318b40bae476cf150d43,5fd5dacc9f9cbb4ce2ec809afd1034c91895cd68a72f84a207eaa022e3b50bc3
PN00,PN00-3.edf,1,0,Fp1,EEG Fp1,EEG,FP1,,data/raw/siena-scalp-eeg-1.0.0/PN00/Seizures-list-PN00.txt,a5bf9d78e67d4ef6f640e06b443e409ea724e8a7da7c318b40bae476cf150d43,dd5729f17b6643b0ed4e510fef61ad8ef21e9f23dc6b54e1bf674090aa6d60cf
PN00,PN00-3.edf,2,1,F3,EEG F3,EEG,F3,,data/raw/siena-scalp-eeg-1.0.0/PN00/Seizures-list-PN00.txt,a5bf9d78e67d4ef6f640e06b443e409ea724e8a7da7c318b40bae476cf150d43,dd5729f17b6643b0ed4e510fef61ad8ef21e9f23dc6b54e1bf674090aa6d60cf
PN00,PN00-3.edf,3,2,C3,EEG C3,EEG,C3,,data/raw/siena-scalp-eeg-1.0.0/PN00/Seizures-list-PN00.txt,a5bf9d78e67d4ef6f640e06b443e409ea724e8a7da7c318b40bae476cf150d43,dd5729f17b6643b0ed4e510fef61ad8ef21e9f23dc6b54e1bf674090aa6d60cf
PN00,PN00-3.edf,4,3,P3,EEG P3,EEG,P3,,data/raw/siena-scalp-eeg-1.0.0/PN00/Seizures-list-PN00.txt,a5bf9d78e67d4ef6f640e06b443e409ea724e8a7da7c318b40bae476cf150d43,dd5729f17b6643b0ed4e510fef61ad8ef21e9f23dc6b54e1bf674090aa6d60cf
PN00,PN00-3.edf,5,4,1,EEG O1,EEG,O1,official channel 5 '1' reconciled to EDF 'EEG O1',data/raw/siena-scalp-eeg-1.0.0/PN00/Seizures-list-PN00.txt,a5bf9d78e67d4ef6f640e06b443e409ea724e8a7da7c318b40bae476cf150d43,dd5729f17b6643b0ed4e510fef61ad8ef21e9f23dc6b54e1bf674090aa6d60cf
PN00,PN00-3.edf,6,5,F7,EEG F7,EEG,F7,,data/raw/siena-scalp-eeg-1.0.0/PN00/Seizures-list-PN00.txt,a5bf9d78e67d4ef6f640e06b443e409ea724e8a7da7c318b40bae476cf150d43,dd5729f17b6643b0ed4e510fef61ad8ef21e9f23dc6b54e1bf674090aa6d60cf
PN00,PN00-3.edf,7,6,T3,EEG T3,EEG,T3,,data/raw/siena-scalp-eeg-1.0.0/PN00/Seizures-list-PN00.txt,a5bf9d78e67d4ef6f640e06b443e409ea724e8a7da7c318b40bae476cf150d43,dd5729f17b6643b0ed4e510fef61ad8ef21e9f23dc6b54e1bf674090aa6d60cf
PN00,PN00-3.edf,8,7,T5,EEG T5,EEG,T5,,data/raw/siena-scalp-eeg-1.0.0/PN00/Seizures-list-PN00.txt,a5bf9d78e67d4ef6f640e06b443e409ea724e8a7da7c318b40bae476cf150d43,dd5729f17b6643b0ed4e510fef61ad8ef21e9f23dc6b54e1bf674090aa6d60cf
PN00,PN00-3.edf,9,8,Fc1,EEG Fc1,EEG,FC1,,data/raw/siena-scalp-eeg-1.0.0/PN00/Seizures-list-PN00.txt,a5bf9d78e67d4ef6f640e06b443e409ea724e8a7da7c318b40bae476cf150d43,dd5729f17b6643b0ed4e510fef61ad8ef21e9f23dc6b54e1bf674090aa6d60cf
PN00,PN00-3.edf,10,9,Fc5,EEG Fc5,EEG,FC5,,data/raw/siena-scalp-eeg-1.0.0/PN00/Seizures-list-PN00.txt,a5bf9d78e67d4ef6f640e06b443e409ea724e8a7da7c318b40bae476cf150d43,dd5729f17b6643b0ed4e510fef61ad8ef21e9f23dc6b54e1bf674090aa6d60cf
PN00,PN00-3.edf,11,10,Cp1,EEG Cp1,EEG,CP1,,data/raw/siena-scalp-eeg-1.0.0/PN00/Seizures-list-PN00.txt,a5bf9d78e67d4ef6f640e06b443e409ea724e8a7da7c318b40bae476cf150d43,dd5729f17b6643b0ed4e510fef61ad8ef21e9f23dc6b54e1bf674090aa6d60cf
PN00,PN00-3.edf,12,11,Cp5,EEG Cp5,EEG,CP5,,data/raw/siena-scalp-eeg-1.0.0/PN00/Seizures-list-PN00.txt,a5bf9d78e67d4ef6f640e06b443e409ea724e8a7da7c318b40bae476cf150d43,dd5729f17b6643b0ed4e510fef61ad8ef21e9f23dc6b54e1bf674090aa6d60cf
PN00,PN00-3.edf,13,12,F9,EEG F9,EEG,F9,,data/raw/siena-scalp-eeg-1.0.0/PN00/Seizures-list-PN00.txt,a5bf9d78e67d4ef6f640e06b443e409ea724e8a7da7c318b40bae476cf150d43,dd5729f17b6643b0ed4e510fef61ad8ef21e9f23dc6b54e1bf674090aa6d60cf
PN00,PN00-3.edf,14,13,Fz,EEG Fz,EEG,FZ,,data/raw/siena-scalp-eeg-1.0.0/PN00/Seizures-list-PN00.txt,a5bf9d78e67d4ef6f640e06b443e409ea724e8a7da7c318b40bae476cf150d43,dd5729f17b6643b0ed4e510fef61ad8ef21e9f23dc6b54e1bf674090aa6d60cf
PN00,PN00-3.edf,15,14,Cz,EEG Cz,EEG,CZ,,data/raw/siena-scalp-eeg-1.0.0/PN00/Seizures-list-PN00.txt,a5bf9d78e67d4ef6f640e06b443e409ea724e8a7da7c318b40bae476cf150d43,dd5729f17b6643b0ed4e510fef61ad8ef21e9f23dc6b54e1bf674090aa6d60cf
PN00,PN00-3.edf,16,15,Pz,EEG Pz,EEG,PZ,,data/raw/siena-scalp-eeg-1.0.0/PN00/Seizures-list-PN00.txt,a5bf9d78e67d4ef6f640e06b443e409ea724e8a7da7c318b40bae476cf150d43,dd5729f17b6643b0ed4e510fef61ad8ef21e9f23dc6b54e1bf674090aa6d60cf
PN00,PN00-3.edf,17,16,Fp2,EEG Fp2,EEG,FP2,,data/raw/siena-scalp-eeg-1.0.0/PN00/Seizures-list-PN00.txt,a5bf9d78e67d4ef6f640e06b443e409ea724e8a7da7c318b40bae476cf150d43,dd5729f17b6643b0ed4e510fef61ad8ef21e9f23dc6b54e1bf674090aa6d60cf
PN00,PN00-3.edf,18,17,F4,EEG F4,EEG,F4,,data/raw/siena-scalp-eeg-1.0.0/PN00/Seizures-list-PN00.txt,a5bf9d78e67d4ef6f640e06b443e409ea724e8a7da7c318b40bae476cf150d43,dd5729f17b6643b0ed4e510fef61ad8ef21e9f23dc6b54e1bf674090aa6d60cf
PN00,PN00-3.edf,19,18,C4,EEG C4,EEG,C4,,data/raw/siena-scalp-eeg-1.0.0/PN00/Seizures-list-PN00.txt,a5bf9d78e67d4ef6f640e06b443e409ea724e8a7da7c318b40bae476cf150d43,dd5729f17b6643b0ed4e510fef61ad8ef21e9f23dc6b54e1bf674090aa6d60cf
PN00,PN00-3.edf,20,19,P4,EEG P4,EEG,P4,,data/raw/siena-scalp-eeg-1.0.0/PN00/Seizures-list-PN00.txt,a5bf9d78e67d4ef6f640e06b443e409ea724e8a7da7c318b40bae476cf150d43,dd5729f17b6643b0ed4e510fef61ad8ef21e9f23dc6b54e1bf674090aa6d60cf
PN00,PN00-3.edf,21,20,O2,EEG O2,EEG,O2,,data/raw/siena-scalp-eeg-1.0.0/PN00/Seizures-list-PN00.txt,a5bf9d78e67d4ef6f640e06b443e409ea724e8a7da7c318b40bae476cf150d43,dd5729f17b6643b0ed4e510fef61ad8ef21e9f23dc6b54e1bf674090aa6d60cf
PN00,PN00-3.edf,22,21,F8,EEG F8,EEG,F8,,data/raw/siena-scalp-eeg-1.0.0/PN00/Seizures-list-PN00.txt,a5bf9d78e67d4ef6f640e06b443e409ea724e8a7da7c318b40bae476cf150d43,dd5729f17b6643b0ed4e510fef61ad8ef21e9f23dc6b54e1bf674090aa6d60cf
PN00,PN00-3.edf,23,22,T4,EEG T4,EEG,T4,,data/raw/siena-scalp-eeg-1.0.0/PN00/Seizures-list-PN00.txt,a5bf9d78e67d4ef6f640e06b443e409ea724e8a7da7c318b40bae476cf150d43,dd5729f17b6643b0ed4e510fef61ad8ef21e9f23dc6b54e1bf674090aa6d60cf
PN00,PN00-3.edf,24,23,T6,EEG T6,EEG,T6,,data/raw/siena-scalp-eeg-1.0.0/PN00/Seizures-list-PN00.txt,a5bf9d78e67d4ef6f640e06b443e409ea724e8a7da7c318b40bae476cf150d43,dd5729f17b6643b0ed4e510fef61ad8ef21e9f23dc6b54e1bf674090aa6d60cf
PN00,PN00-3.edf,25,24,Fc2,EEG Fc2,EEG,FC2,,data/raw/siena-scalp-eeg-1.0.0/PN00/Seizures-list-PN00.txt,a5bf9d78e67d4ef6f640e06b443e409ea724e8a7da7c318b40bae476cf150d43,dd5729f17b6643b0ed4e510fef61ad8ef21e9f23dc6b54e1bf674090aa6d60cf
PN00,PN00-3.edf,26,25,Fc6,EEG Fc6,EEG,FC6,,data/raw/siena-scalp-eeg-1.0.0/PN00/Seizures-list-PN00.txt,a5bf9d78e67d4ef6f640e06b443e409ea724e8a7da7c318b40bae476cf150d43,dd5729f17b6643b0ed4e510fef61ad8ef21e9f23dc6b54e1bf674090aa6d60cf
PN00,PN00-3.edf,27,26,Cp2,EEG Cp2,EEG,CP2,,data/raw/siena-scalp-eeg-1.0.0/PN00/Seizures-list-PN00.txt,a5bf9d78e67d4ef6f640e06b443e409ea724e8a7da7c318b40bae476cf150d43,dd5729f17b6643b0ed4e510fef61ad8ef21e9f23dc6b54e1bf674090aa6d60cf
PN00,PN00-3.edf,28,27,Cp6,EEG Cp6,EEG,CP6,,data/raw/siena-scalp-eeg-1.0.0/PN00/Seizures-list-PN00.txt,a5bf9d78e67d4ef6f640e06b443e409ea724e8a7da7c318b40bae476cf150d43,dd5729f17b6643b0ed4e510fef61ad8ef21e9f23dc6b54e1bf674090aa6d60cf
PN00,PN00-3.edf,29,28,F10,EEG F10,EEG,F10,,data/raw/siena-scalp-eeg-1.0.0/PN00/Seizures-list-PN00.txt,a5bf9d78e67d4ef6f640e06b443e409ea724e8a7da7c318b40bae476cf150d43,dd5729f17b6643b0ed4e510fef61ad8ef21e9f23dc6b54e1bf674090aa6d60cf
PN00,PN00-3.edf,33,32,EKG 1,1,ECG,ECG 1,,data/raw/siena-scalp-eeg-1.0.0/PN00/Seizures-list-PN00.txt,a5bf9d78e67d4ef6f640e06b443e409ea724e8a7da7c318b40bae476cf150d43,dd5729f17b6643b0ed4e510fef61ad8ef21e9f23dc6b54e1bf674090aa6d60cf
PN00,PN00-3.edf,34,33,EKG 2,2,ECG,ECG 2,,data/raw/siena-scalp-eeg-1.0.0/PN00/Seizures-list-PN00.txt,a5bf9d78e67d4ef6f640e06b443e409ea724e8a7da7c318b40bae476cf150d43,dd5729f17b6643b0ed4e510fef61ad8ef21e9f23dc6b54e1bf674090aa6d60cf
PN00,PN00-4.edf,1,0,Fp1,EEG Fp1,EEG,FP1,,data/raw/siena-scalp-eeg-1.0.0/PN00/Seizures-list-PN00.txt,a5bf9d78e67d4ef6f640e06b443e409ea724e8a7da7c318b40bae476cf150d43,8da4d4d9b0d69be4bf5027f8c8efb80fb1ab457249ba9de64ac1e9a97aeb9e69
PN00,PN00-4.edf,2,1,F3,EEG F3,EEG,F3,,data/raw/siena-scalp-eeg-1.0.0/PN00/Seizures-list-PN00.txt,a5bf9d78e67d4ef6f640e06b443e409ea724e8a7da7c318b40bae476cf150d43,8da4d4d9b0d69be4bf5027f8c8efb80fb1ab457249ba9de64ac1e9a97aeb9e69
PN00,PN00-4.edf,3,2,C3,EEG C3,EEG,C3,,data/raw/siena-scalp-eeg-1.0.0/PN00/Seizures-list-PN00.txt,a5bf9d78e67d4ef6f640e06b443e409ea724e8a7da7c318b40bae476cf150d43,8da4d4d9b0d69be4bf5027f8c8efb80fb1ab457249ba9de64ac1e9a97aeb9e69
PN00,PN00-4.edf,4,3,P3,EEG P3,EEG,P3,,data/raw/siena-scalp-eeg-1.0.0/PN00/Seizures-list-PN00.txt,a5bf9d78e67d4ef6f640e06b443e409ea724e8a7da7c318b40bae476cf150d43,8da4d4d9b0d69be4bf5027f8c8efb80fb1ab457249ba9de64ac1e9a97aeb9e69
PN00,PN00-4.edf,5,4,1,EEG O1,EEG,O1,official channel 5 '1' reconciled to EDF 'EEG O1',data/raw/siena-scalp-eeg-1.0.0/PN00/Seizures-list-PN00.txt,a5bf9d78e67d4ef6f640e06b443e409ea724e8a7da7c318b40bae476cf150d43,8da4d4d9b0d69be4bf5027f8c8efb80fb1ab457249ba9de64ac1e9a97aeb9e69
PN00,PN00-4.edf,6,5,F7,EEG F7,EEG,F7,,data/raw/siena-scalp-eeg-1.0.0/PN00/Seizures-list-PN00.txt,a5bf9d78e67d4ef6f640e06b443e409ea724e8a7da7c318b40bae476cf150d43,8da4d4d9b0d69be4bf5027f8c8efb80fb1ab457249ba9de64ac1e9a97aeb9e69
PN00,PN00-4.edf,7,6,T3,EEG T3,EEG,T3,,data/raw/siena-scalp-eeg-1.0.0/PN00/Seizures-list-PN00.txt,a5bf9d78e67d4ef6f640e06b443e409ea724e8a7da7c318b40bae476cf150d43,8da4d4d9b0d69be4bf5027f8c8efb80fb1ab457249ba9de64ac1e9a97aeb9e69
PN00,PN00-4.edf,8,7,T5,EEG T5,EEG,T5,,data/raw/siena-scalp-eeg-1.0.0/PN00/Seizures-list-PN00.txt,a5bf9d78e67d4ef6f640e06b443e409ea724e8a7da7c318b40bae476cf150d43,8da4d4d9b0d69be4bf5027f8c8efb80fb1ab457249ba9de64ac1e9a97aeb9e69
PN00,PN00-4.edf,9,8,Fc1,EEG Fc1,EEG,FC1,,data/raw/siena-scalp-eeg-1.0.0/PN00/Seizures-list-PN00.txt,a5bf9d78e67d4ef6f640e06b443e409ea724e8a7da7c318b40bae476cf150d43,8da4d4d9b0d69be4bf5027f8c8efb80fb1ab457249ba9de64ac1e9a97aeb9e69
PN00,PN00-4.edf,10,9,Fc5,EEG Fc5,EEG,FC5,,data/raw/siena-scalp-eeg-1.0.0/PN00/Seizures-list-PN00.txt,a5bf9d78e67d4ef6f640e06b443e409ea724e8a7da7c318b40bae476cf150d43,8da4d4d9b0d69be4bf5027f8c8efb80fb1ab457249ba9de64ac1e9a97aeb9e69
PN00,PN00-4.edf,11,10,Cp1,EEG Cp1,EEG,CP1,,data/raw/siena-scalp-eeg-1.0.0/PN00/Seizures-list-PN00.txt,a5bf9d78e67d4ef6f640e06b443e409ea724e8a7da7c318b40bae476cf150d43,8da4d4d9b0d69be4bf5027f8c8efb80fb1ab457249ba9de64ac1e9a97aeb9e69
PN00,PN00-4.edf,12,11,Cp5,EEG Cp5,EEG,CP5,,data/raw/siena-scalp-eeg-1.0.0/PN00/Seizures-list-PN00.txt,a5bf9d78e67d4ef6f640e06b443e409ea724e8a7da7c318b40bae476cf150d43,8da4d4d9b0d69be4bf5027f8c8efb80fb1ab457249ba9de64ac1e9a97aeb9e69
PN00,PN00-4.edf,13,12,F9,EEG F9,EEG,F9,,data/raw/siena-scalp-eeg-1.0.0/PN00/Seizures-list-PN00.txt,a5bf9d78e67d4ef6f640e06b443e409ea724e8a7da7c318b40bae476cf150d43,8da4d4d9b0d69be4bf5027f8c8efb80fb1ab457249ba9de64ac1e9a97aeb9e69
PN00,PN00-4.edf,14,13,Fz,EEG Fz,EEG,FZ,,data/raw/siena-scalp-eeg-1.0.0/PN00/Seizures-list-PN00.txt,a5bf9d78e67d4ef6f640e06b443e409ea724e8a7da7c318b40bae476cf150d43,8da4d4d9b0d69be4bf5027f8c8efb80fb1ab457249ba9de64ac1e9a97aeb9e69
PN00,PN00-4.edf,15,14,Cz,EEG Cz,EEG,CZ,,data/raw/siena-scalp-eeg-1.0.0/PN00/Seizures-list-PN00.txt,a5bf9d78e67d4ef6f640e06b443e409ea724e8a7da7c318b40bae476cf150d43,8da4d4d9b0d69be4bf5027f8c8efb80fb1ab457249ba9de64ac1e9a97aeb9e69
PN00,PN00-4.edf,16,15,Pz,EEG Pz,EEG,PZ,,data/raw/siena-scalp-eeg-1.0.0/PN00/Seizures-list-PN00.txt,a5bf9d78e67d4ef6f640e06b443e409ea724e8a7da7c318b40bae476cf150d43,8da4d4d9b0d69be4bf5027f8c8efb80fb1ab457249ba9de64ac1e9a97aeb9e69
PN00,PN00-4.edf,17,16,Fp2,EEG Fp2,EEG,FP2,,data/raw/siena-scalp-eeg-1.0.0/PN00/Seizures-list-PN00.txt,a5bf9d78e67d4ef6f640e06b443e409ea724e8a7da7c318b40bae476cf150d43,8da4d4d9b0d69be4bf5027f8c8efb80fb1ab457249ba9de64ac1e9a97aeb9e69
PN00,PN00-4.edf,18,17,F4,EEG F4,EEG,F4,,data/raw/siena-scalp-eeg-1.0.0/PN00/Seizures-list-PN00.txt,a5bf9d78e67d4ef6f640e06b443e409ea724e8a7da7c318b40bae476cf150d43,8da4d4d9b0d69be4bf5027f8c8efb80fb1ab457249ba9de64ac1e9a97aeb9e69
PN00,PN00-4.edf,19,18,C4,EEG C4,EEG,C4,,data/raw/siena-scalp-eeg-1.0.0/PN00/Seizures-list-PN00.txt,a5bf9d78e67d4ef6f640e06b443e409ea724e8a7da7c318b40bae476cf150d43,8da4d4d9b0d69be4bf5027f8c8efb80fb1ab457249ba9de64ac1e9a97aeb9e69
PN00,PN00-4.edf,20,19,P4,EEG P4,EEG,P4,,data/raw/siena-scalp-eeg-1.0.0/PN00/Seizures-list-PN00.txt,a5bf9d78e67d4ef6f640e06b443e409ea724e8a7da7c318b40bae476cf150d43,8da4d4d9b0d69be4bf5027f8c8efb80fb1ab457249ba9de64ac1e9a97aeb9e69
PN00,PN00-4.edf,21,20,O2,EEG O2,EEG,O2,,data/raw/siena-scalp-eeg-1.0.0/PN00/Seizures-list-PN00.txt,a5bf9d78e67d4ef6f640e06b443e409ea724e8a7da7c318b40bae476cf150d43,8da4d4d9b0d69be4bf5027f8c8efb80fb1ab457249ba9de64ac1e9a97aeb9e69
PN00,PN00-4.edf,22,21,F8,EEG F8,EEG,F8,,data/raw/siena-scalp-eeg-1.0.0/PN00/Seizures-list-PN00.txt,a5bf9d78e67d4ef6f640e06b443e409ea724e8a7da7c318b40bae476cf150d43,8da4d4d9b0d69be4bf5027f8c8efb80fb1ab457249ba9de64ac1e9a97aeb9e69
PN00,PN00-4.edf,23,22,T4,EEG T4,EEG,T4,,data/raw/siena-scalp-eeg-1.0.0/PN00/Seizures-list-PN00.txt,a5bf9d78e67d4ef6f640e06b443e409ea724e8a7da7c318b40bae476cf150d43,8da4d4d9b0d69be4bf5027f8c8efb80fb1ab457249ba9de64ac1e9a97aeb9e69
PN00,PN00-4.edf,24,23,T6,EEG T6,EEG,T6,,data/raw/siena-scalp-eeg-1.0.0/PN00/Seizures-list-PN00.txt,a5bf9d78e67d4ef6f640e06b443e409ea724e8a7da7c318b40bae476cf150d43,8da4d4d9b0d69be4bf5027f8c8efb80fb1ab457249ba9de64ac1e9a97aeb9e69
PN00,PN00-4.edf,25,24,Fc2,EEG Fc2,EEG,FC2,,data/raw/siena-scalp-eeg-1.0.0/PN00/Seizures-list-PN00.txt,a5bf9d78e67d4ef6f640e06b443e409ea724e8a7da7c318b40bae476cf150d43,8da4d4d9b0d69be4bf5027f8c8efb80fb1ab457249ba9de64ac1e9a97aeb9e69
PN00,PN00-4.edf,26,25,Fc6,EEG Fc6,EEG,FC6,,data/raw/siena-scalp-eeg-1.0.0/PN00/Seizures-list-PN00.txt,a5bf9d78e67d4ef6f640e06b443e409ea724e8a7da7c318b40bae476cf150d43,8da4d4d9b0d69be4bf5027f8c8efb80fb1ab457249ba9de64ac1e9a97aeb9e69
PN00,PN00-4.edf,27,26,Cp2,EEG Cp2,EEG,CP2,,data/raw/siena-scalp-eeg-1.0.0/PN00/Seizures-list-PN00.txt,a5bf9d78e67d4ef6f640e06b443e409ea724e8a7da7c318b40bae476cf150d43,8da4d4d9b0d69be4bf5027f8c8efb80fb1ab457249ba9de64ac1e9a97aeb9e69
PN00,PN00-4.edf,28,27,Cp6,EEG Cp6,EEG,CP6,,data/raw/siena-scalp-eeg-1.0.0/PN00/Seizures-list-PN00.txt,a5bf9d78e67d4ef6f640e06b443e409ea724e8a7da7c318b40bae476cf150d43,8da4d4d9b0d69be4bf5027f8c8efb80fb1ab457249ba9de64ac1e9a97aeb9e69
PN00,PN00-4.edf,29,28,F10,EEG F10,EEG,F10,,data/raw/siena-scalp-eeg-1.0.0/PN00/Seizures-list-PN00.txt,a5bf9d78e67d4ef6f640e06b443e409ea724e8a7da7c318b40bae476cf150d43,8da4d4d9b0d69be4bf5027f8c8efb80fb1ab457249ba9de64ac1e9a97aeb9e69
PN00,PN00-4.edf,33,32,EKG 1,1,ECG,ECG 1,,data/raw/siena-scalp-eeg-1.0.0/PN00/Seizures-list-PN00.txt,a5bf9d78e67d4ef6f640e06b443e409ea724e8a7da7c318b40bae476cf150d43,8da4d4d9b0d69be4bf5027f8c8efb80fb1ab457249ba9de64ac1e9a97aeb9e69
PN00,PN00-4.edf,34,33,EKG 2,2,ECG,ECG 2,,data/raw/siena-scalp-eeg-1.0.0/PN00/Seizures-list-PN00.txt,a5bf9d78e67d4ef6f640e06b443e409ea724e8a7da7c318b40bae476cf150d43,8da4d4d9b0d69be4bf5027f8c8efb80fb1ab457249ba9de64ac1e9a97aeb9e69
PN00,PN00-5.edf,1,0,Fp1,EEG Fp1,EEG,FP1,,data/raw/siena-scalp-eeg-1.0.0/PN00/Seizures-list-PN00.txt,a5bf9d78e67d4ef6f640e06b443e409ea724e8a7da7c318b40bae476cf150d43,e0c223361111d80452f5609aeac17090422e329560de9717b9587befdbd14d0b
PN00,PN00-5.edf,2,1,F3,EEG F3,EEG,F3,,data/raw/siena-scalp-eeg-1.0.0/PN00/Seizures-list-PN00.txt,a5bf9d78e67d4ef6f640e06b443e409ea724e8a7da7c318b40bae476cf150d43,e0c223361111d80452f5609aeac17090422e329560de9717b9587befdbd14d0b
PN00,PN00-5.edf,3,2,C3,EEG C3,EEG,C3,,data/raw/siena-scalp-eeg-1.0.0/PN00/Seizures-list-PN00.txt,a5bf9d78e67d4ef6f640e06b443e409ea724e8a7da7c318b40bae476cf150d43,e0c223361111d80452f5609aeac17090422e329560de9717b9587befdbd14d0b
PN00,PN00-5.edf,4,3,P3,EEG P3,EEG,P3,,data/raw/siena-scalp-eeg-1.0.0/PN00/Seizures-list-PN00.txt,a5bf9d78e67d4ef6f640e06b443e409ea724e8a7da7c318b40bae476cf150d43,e0c223361111d80452f5609aeac17090422e329560de9717b9587befdbd14d0b
PN00,PN00-5.edf,5,4,1,EEG O1,EEG,O1,official channel 5 '1' reconciled to EDF 'EEG O1',data/raw/siena-scalp-eeg-1.0.0/PN00/Seizures-list-PN00.txt,a5bf9d78e67d4ef6f640e06b443e409ea724e8a7da7c318b40bae476cf150d43,e0c223361111d80452f5609aeac17090422e329560de9717b9587befdbd14d0b
PN00,PN00-5.edf,6,5,F7,EEG F7,EEG,F7,,data/raw/siena-scalp-eeg-1.0.0/PN00/Seizures-list-PN00.txt,a5bf9d78e67d4ef6f640e06b443e409ea724e8a7da7c318b40bae476cf150d43,e0c223361111d80452f5609aeac17090422e329560de9717b9587befdbd14d0b
PN00,PN00-5.edf,7,6,T3,EEG T3,EEG,T3,,data/raw/siena-scalp-eeg-1.0.0/PN00/Seizures-list-PN00.txt,a5bf9d78e67d4ef6f640e06b443e409ea724e8a7da7c318b40bae476cf150d43,e0c223361111d80452f5609aeac17090422e329560de9717b9587befdbd14d0b
PN00,PN00-5.edf,8,7,T5,EEG T5,EEG,T5,,data/raw/siena-scalp-eeg-1.0.0/PN00/Seizures-list-PN00.txt,a5bf9d78e67d4ef6f640e06b443e409ea724e8a7da7c318b40bae476cf150d43,e0c223361111d80452f5609aeac17090422e329560de9717b9587befdbd14d0b
PN00,PN00-5.edf,9,8,Fc1,EEG Fc1,EEG,FC1,,data/raw/siena-scalp-eeg-1.0.0/PN00/Seizures-list-PN00.txt,a5bf9d78e67d4ef6f640e06b443e409ea724e8a7da7c318b40bae476cf150d43,e0c223361111d80452f5609aeac17090422e329560de9717b9587befdbd14d0b
PN00,PN00-5.edf,10,9,Fc5,EEG Fc5,EEG,FC5,,data/raw/siena-scalp-eeg-1.0.0/PN00/Seizures-list-PN00.txt,a5bf9d78e67d4ef6f640e06b443e409ea724e8a7da7c318b40bae476cf150d43,e0c223361111d80452f5609aeac17090422e329560de9717b9587befdbd14d0b
PN00,PN00-5.edf,11,10,Cp1,EEG Cp1,EEG,CP1,,data/raw/siena-scalp-eeg-1.0.0/PN00/Seizures-list-PN00.txt,a5bf9d78e67d4ef6f640e06b443e409ea724e8a7da7c318b40bae476cf150d43,e0c223361111d80452f5609aeac17090422e329560de9717b9587befdbd14d0b
PN00,PN00-5.edf,12,11,Cp5,EEG Cp5,EEG,CP5,,data/raw/siena-scalp-eeg-1.0.0/PN00/Seizures-list-PN00.txt,a5bf9d78e67d4ef6f640e06b443e409ea724e8a7da7c318b40bae476cf150d43,e0c223361111d80452f5609aeac17090422e329560de9717b9587befdbd14d0b
PN00,PN00-5.edf,13,12,F9,EEG F9,EEG,F9,,data/raw/siena-scalp-eeg-1.0.0/PN00/Seizures-list-PN00.txt,a5bf9d78e67d4ef6f640e06b443e409ea724e8a7da7c318b40bae476cf150d43,e0c223361111d80452f5609aeac17090422e329560de9717b9587befdbd14d0b
PN00,PN00-5.edf,14,13,Fz,EEG Fz,EEG,FZ,,data/raw/siena-scalp-eeg-1.0.0/PN00/Seizures-list-PN00.txt,a5bf9d78e67d4ef6f640e06b443e409ea724e8a7da7c318b40bae476cf150d43,e0c223361111d80452f5609aeac17090422e329560de9717b9587befdbd14d0b
PN00,PN00-5.edf,15,14,Cz,EEG Cz,EEG,CZ,,data/raw/siena-scalp-eeg-1.0.0/PN00/Seizures-list-PN00.txt,a5bf9d78e67d4ef6f640e06b443e409ea724e8a7da7c318b40bae476cf150d43,e0c223361111d80452f5609aeac17090422e329560de9717b9587befdbd14d0b
PN00,PN00-5.edf,16,15,Pz,EEG Pz,EEG,PZ,,data/raw/siena-scalp-eeg-1.0.0/PN00/Seizures-list-PN00.txt,a5bf9d78e67d4ef6f640e06b443e409ea724e8a7da7c318b40bae476cf150d43,e0c223361111d80452f5609aeac17090422e329560de9717b9587befdbd14d0b
PN00,PN00-5.edf,17,16,Fp2,EEG Fp2,EEG,FP2,,data/raw/siena-scalp-eeg-1.0.0/PN00/Seizures-list-PN00.txt,a5bf9d78e67d4ef6f640e06b443e409ea724e8a7da7c318b40bae476cf150d43,e0c223361111d80452f5609aeac17090422e329560de9717b9587befdbd14d0b
PN00,PN00-5.edf,18,17,F4,EEG F4,EEG,F4,,data/raw/siena-scalp-eeg-1.0.0/PN00/Seizures-list-PN00.txt,a5bf9d78e67d4ef6f640e06b443e409ea724e8a7da7c318b40bae476cf150d43,e0c223361111d80452f5609aeac17090422e329560de9717b9587befdbd14d0b
PN00,PN00-5.edf,19,18,C4,EEG C4,EEG,C4,,data/raw/siena-scalp-eeg-1.0.0/PN00/Seizures-list-PN00.txt,a5bf9d78e67d4ef6f640e06b443e409ea724e8a7da7c318b40bae476cf150d43,e0c223361111d80452f5609aeac17090422e329560de9717b9587befdbd14d0b
PN00,PN00-5.edf,20,19,P4,EEG P4,EEG,P4,,data/raw/siena-scalp-eeg-1.0.0/PN00/Seizures-list-PN00.txt,a5bf9d78e67d4ef6f640e06b443e409ea724e8a7da7c318b40bae476cf150d43,e0c223361111d80452f5609aeac17090422e329560de9717b9587befdbd14d0b
PN00,PN00-5.edf,21,20,O2,EEG O2,EEG,O2,,data/raw/siena-scalp-eeg-1.0.0/PN00/Seizures-list-PN00.txt,a5bf9d78e67d4ef6f640e06b443e409ea724e8a7da7c318b40bae476cf150d43,e0c223361111d80452f5609aeac17090422e329560de9717b9587befdbd14d0b
PN00,PN00-5.edf,22,21,F8,EEG F8,EEG,F8,,data/raw/siena-scalp-eeg-1.0.0/PN00/Seizures-list-PN00.txt,a5bf9d78e67d4ef6f640e06b443e409ea724e8a7da7c318b40bae476cf150d43,e0c223361111d80452f5609aeac17090422e329560de9717b9587befdbd14d0b
PN00,PN00-5.edf,23,22,T4,EEG T4,EEG,T4,,data/raw/siena-scalp-eeg-1.0.0/PN00/Seizures-list-PN00.txt,a5bf9d78e67d4ef6f640e06b443e409ea724e8a7da7c318b40bae476cf150d43,e0c223361111d80452f5609aeac17090422e329560de9717b9587befdbd14d0b
PN00,PN00-5.edf,24,23,T6,EEG T6,EEG,T6,,data/raw/siena-scalp-eeg-1.0.0/PN00/Seizures-list-PN00.txt,a5bf9d78e67d4ef6f640e06b443e409ea724e8a7da7c318b40bae476cf150d43,e0c223361111d80452f5609aeac17090422e329560de9717b9587befdbd14d0b
PN00,PN00-5.edf,25,24,Fc2,EEG Fc2,EEG,FC2,,data/raw/siena-scalp-eeg-1.0.0/PN00/Seizures-list-PN00.txt,a5bf9d78e67d4ef6f640e06b443e409ea724e8a7da7c318b40bae476cf150d43,e0c223361111d80452f5609aeac17090422e329560de9717b9587befdbd14d0b
PN00,PN00-5.edf,26,25,Fc6,EEG Fc6,EEG,FC6,,data/raw/siena-scalp-eeg-1.0.0/PN00/Seizures-list-PN00.txt,a5bf9d78e67d4ef6f640e06b443e409ea724e8a7da7c318b40bae476cf150d43,e0c223361111d80452f5609aeac17090422e329560de9717b9587befdbd14d0b
PN00,PN00-5.edf,27,26,Cp2,EEG Cp2,EEG,CP2,,data/raw/siena-scalp-eeg-1.0.0/PN00/Seizures-list-PN00.txt,a5bf9d78e67d4ef6f640e06b443e409ea724e8a7da7c318b40bae476cf150d43,e0c223361111d80452f5609aeac17090422e329560de9717b9587befdbd14d0b
PN00,PN00-5.edf,28,27,Cp6,EEG Cp6,EEG,CP6,,data/raw/siena-scalp-eeg-1.0.0/PN00/Seizures-list-PN00.txt,a5bf9d78e67d4ef6f640e06b443e409ea724e8a7da7c318b40bae476cf150d43,e0c223361111d80452f5609aeac17090422e329560de9717b9587befdbd14d0b
PN00,PN00-5.edf,29,28,F10,EEG F10,EEG,F10,,data/raw/siena-scalp-eeg-1.0.0/PN00/Seizures-list-PN00.txt,a5bf9d78e67d4ef6f640e06b443e409ea724e8a7da7c318b40bae476cf150d43,e0c223361111d80452f5609aeac17090422e329560de9717b9587befdbd14d0b
PN00,PN00-5.edf,33,32,EKG 1,1,ECG,ECG 1,,data/raw/siena-scalp-eeg-1.0.0/PN00/Seizures-list-PN00.txt,a5bf9d78e67d4ef6f640e06b443e409ea724e8a7da7c318b40bae476cf150d43,e0c223361111d80452f5609aeac17090422e329560de9717b9587befdbd14d0b
PN00,PN00-5.edf,34,33,EKG 2,2,ECG,ECG 2,,data/raw/siena-scalp-eeg-1.0.0/PN00/Seizures-list-PN00.txt,a5bf9d78e67d4ef6f640e06b443e409ea724e8a7da7c318b40bae476cf150d43,e0c223361111d80452f5609aeac17090422e329560de9717b9587befdbd14d0b
PN06,PN06-1.edf,1,0,Fp1,EEG Fp1,EEG,FP1,,data/raw/siena-scalp-eeg-1.0.0/PN06/Seizures-list-PN06.txt,27209f2723df6c3708242aa2eeba7f0d6d9b2bccae0ad374e0383fef0edfbd90,615219853db8cb9df21246a01ecc945b825e9394bb5e03d85a9d93f2404152c1
PN06,PN06-1.edf,2,1,F3,EEG F3,EEG,F3,,data/raw/siena-scalp-eeg-1.0.0/PN06/Seizures-list-PN06.txt,27209f2723df6c3708242aa2eeba7f0d6d9b2bccae0ad374e0383fef0edfbd90,615219853db8cb9df21246a01ecc945b825e9394bb5e03d85a9d93f2404152c1
PN06,PN06-1.edf,3,2,C3,EEG C3,EEG,C3,,data/raw/siena-scalp-eeg-1.0.0/PN06/Seizures-list-PN06.txt,27209f2723df6c3708242aa2eeba7f0d6d9b2bccae0ad374e0383fef0edfbd90,615219853db8cb9df21246a01ecc945b825e9394bb5e03d85a9d93f2404152c1
PN06,PN06-1.edf,4,3,P3,EEG P3,EEG,P3,,data/raw/siena-scalp-eeg-1.0.0/PN06/Seizures-list-PN06.txt,27209f2723df6c3708242aa2eeba7f0d6d9b2bccae0ad374e0383fef0edfbd90,615219853db8cb9df21246a01ecc945b825e9394bb5e03d85a9d93f2404152c1
PN06,PN06-1.edf,5,4,1,EEG O1,EEG,O1,official channel 5 '1' reconciled to EDF 'EEG O1',data/raw/siena-scalp-eeg-1.0.0/PN06/Seizures-list-PN06.txt,27209f2723df6c3708242aa2eeba7f0d6d9b2bccae0ad374e0383fef0edfbd90,615219853db8cb9df21246a01ecc945b825e9394bb5e03d85a9d93f2404152c1
PN06,PN06-1.edf,6,5,F7,EEG F7,EEG,F7,,data/raw/siena-scalp-eeg-1.0.0/PN06/Seizures-list-PN06.txt,27209f2723df6c3708242aa2eeba7f0d6d9b2bccae0ad374e0383fef0edfbd90,615219853db8cb9df21246a01ecc945b825e9394bb5e03d85a9d93f2404152c1
PN06,PN06-1.edf,7,6,T3,EEG T3,EEG,T3,,data/raw/siena-scalp-eeg-1.0.0/PN06/Seizures-list-PN06.txt,27209f2723df6c3708242aa2eeba7f0d6d9b2bccae0ad374e0383fef0edfbd90,615219853db8cb9df21246a01ecc945b825e9394bb5e03d85a9d93f2404152c1
PN06,PN06-1.edf,8,7,T5,EEG T5,EEG,T5,,data/raw/siena-scalp-eeg-1.0.0/PN06/Seizures-list-PN06.txt,27209f2723df6c3708242aa2eeba7f0d6d9b2bccae0ad374e0383fef0edfbd90,615219853db8cb9df21246a01ecc945b825e9394bb5e03d85a9d93f2404152c1
PN06,PN06-1.edf,9,8,Fc1,EEG Fc1,EEG,FC1,,data/raw/siena-scalp-eeg-1.0.0/PN06/Seizures-list-PN06.txt,27209f2723df6c3708242aa2eeba7f0d6d9b2bccae0ad374e0383fef0edfbd90,615219853db8cb9df21246a01ecc945b825e9394bb5e03d85a9d93f2404152c1
PN06,PN06-1.edf,10,9,Fc5,EEG Fc5,EEG,FC5,,data/raw/siena-scalp-eeg-1.0.0/PN06/Seizures-list-PN06.txt,27209f2723df6c3708242aa2eeba7f0d6d9b2bccae0ad374e0383fef0edfbd90,615219853db8cb9df21246a01ecc945b825e9394bb5e03d85a9d93f2404152c1
PN06,PN06-1.edf,11,10,Cp1,EEG Cp1,EEG,CP1,,data/raw/siena-scalp-eeg-1.0.0/PN06/Seizures-list-PN06.txt,27209f2723df6c3708242aa2eeba7f0d6d9b2bccae0ad374e0383fef0edfbd90,615219853db8cb9df21246a01ecc945b825e9394bb5e03d85a9d93f2404152c1
PN06,PN06-1.edf,12,11,Cp5,EEG Cp5,EEG,CP5,,data/raw/siena-scalp-eeg-1.0.0/PN06/Seizures-list-PN06.txt,27209f2723df6c3708242aa2eeba7f0d6d9b2bccae0ad374e0383fef0edfbd90,615219853db8cb9df21246a01ecc945b825e9394bb5e03d85a9d93f2404152c1
PN06,PN06-1.edf,13,12,F9,EEG F9,EEG,F9,,data/raw/siena-scalp-eeg-1.0.0/PN06/Seizures-list-PN06.txt,27209f2723df6c3708242aa2eeba7f0d6d9b2bccae0ad374e0383fef0edfbd90,615219853db8cb9df21246a01ecc945b825e9394bb5e03d85a9d93f2404152c1
PN06,PN06-1.edf,14,13,Fz,EEG Fz,EEG,FZ,,data/raw/siena-scalp-eeg-1.0.0/PN06/Seizures-list-PN06.txt,27209f2723df6c3708242aa2eeba7f0d6d9b2bccae0ad374e0383fef0edfbd90,615219853db8cb9df21246a01ecc945b825e9394bb5e03d85a9d93f2404152c1
PN06,PN06-1.edf,15,14,Cz,EEG Cz,EEG,CZ,,data/raw/siena-scalp-eeg-1.0.0/PN06/Seizures-list-PN06.txt,27209f2723df6c3708242aa2eeba7f0d6d9b2bccae0ad374e0383fef0edfbd90,615219853db8cb9df21246a01ecc945b825e9394bb5e03d85a9d93f2404152c1
PN06,PN06-1.edf,16,15,Pz,EEG Pz,EEG,PZ,,data/raw/siena-scalp-eeg-1.0.0/PN06/Seizures-list-PN06.txt,27209f2723df6c3708242aa2eeba7f0d6d9b2bccae0ad374e0383fef0edfbd90,615219853db8cb9df21246a01ecc945b825e9394bb5e03d85a9d93f2404152c1
PN06,PN06-1.edf,17,16,F4,EEG F4,EEG,F4,,data/raw/siena-scalp-eeg-1.0.0/PN06/Seizures-list-PN06.txt,27209f2723df6c3708242aa2eeba7f0d6d9b2bccae0ad374e0383fef0edfbd90,615219853db8cb9df21246a01ecc945b825e9394bb5e03d85a9d93f2404152c1
PN06,PN06-1.edf,18,17,C4,EEG C4,EEG,C4,,data/raw/siena-scalp-eeg-1.0.0/PN06/Seizures-list-PN06.txt,27209f2723df6c3708242aa2eeba7f0d6d9b2bccae0ad374e0383fef0edfbd90,615219853db8cb9df21246a01ecc945b825e9394bb5e03d85a9d93f2404152c1
PN06,PN06-1.edf,19,18,P4,EEG P4,EEG,P4,,data/raw/siena-scalp-eeg-1.0.0/PN06/Seizures-list-PN06.txt,27209f2723df6c3708242aa2eeba7f0d6d9b2bccae0ad374e0383fef0edfbd90,615219853db8cb9df21246a01ecc945b825e9394bb5e03d85a9d93f2404152c1
PN06,PN06-1.edf,20,19,O2,EEG O2,EEG,O2,,data/raw/siena-scalp-eeg-1.0.0/PN06/Seizures-list-PN06.txt,27209f2723df6c3708242aa2eeba7f0d6d9b2bccae0ad374e0383fef0edfbd90,615219853db8cb9df21246a01ecc945b825e9394bb5e03d85a9d93f2404152c1
PN06,PN06-1.edf,21,20,F8,EEG F8,EEG,F8,,data/raw/siena-scalp-eeg-1.0.0/PN06/Seizures-list-PN06.txt,27209f2723df6c3708242aa2eeba7f0d6d9b2bccae0ad374e0383fef0edfbd90,615219853db8cb9df21246a01ecc945b825e9394bb5e03d85a9d93f2404152c1
PN06,PN06-1.edf,22,21,T4,EEG T4,EEG,T4,,data/raw/siena-scalp-eeg-1.0.0/PN06/Seizures-list-PN06.txt,27209f2723df6c3708242aa2eeba7f0d6d9b2bccae0ad374e0383fef0edfbd90,615219853db8cb9df21246a01ecc945b825e9394bb5e03d85a9d93f2404152c1
PN06,PN06-1.edf,23,22,T6,EEG T6,EEG,T6,,data/raw/siena-scalp-eeg-1.0.0/PN06/Seizures-list-PN06.txt,27209f2723df6c3708242aa2eeba7f0d6d9b2bccae0ad374e0383fef0edfbd90,615219853db8cb9df21246a01ecc945b825e9394bb5e03d85a9d93f2404152c1
PN06,PN06-1.edf,24,23,Fc2,EEG Fc2,EEG,FC2,,data/raw/siena-scalp-eeg-1.0.0/PN06/Seizures-list-PN06.txt,27209f2723df6c3708242aa2eeba7f0d6d9b2bccae0ad374e0383fef0edfbd90,615219853db8cb9df21246a01ecc945b825e9394bb5e03d85a9d93f2404152c1
PN06,PN06-1.edf,25,24,Fc6,EEG Fc6,EEG,FC6,,data/raw/siena-scalp-eeg-1.0.0/PN06/Seizures-list-PN06.txt,27209f2723df6c3708242aa2eeba7f0d6d9b2bccae0ad374e0383fef0edfbd90,615219853db8cb9df21246a01ecc945b825e9394bb5e03d85a9d93f2404152c1
PN06,PN06-1.edf,26,25,Cp2,EEG Cp2,EEG,CP2,,data/raw/siena-scalp-eeg-1.0.0/PN06/Seizures-list-PN06.txt,27209f2723df6c3708242aa2eeba7f0d6d9b2bccae0ad374e0383fef0edfbd90,615219853db8cb9df21246a01ecc945b825e9394bb5e03d85a9d93f2404152c1
PN06,PN06-1.edf,27,26,Cp6,EEG Cp6,EEG,CP6,,data/raw/siena-scalp-eeg-1.0.0/PN06/Seizures-list-PN06.txt,27209f2723df6c3708242aa2eeba7f0d6d9b2bccae0ad374e0383fef0edfbd90,615219853db8cb9df21246a01ecc945b825e9394bb5e03d85a9d93f2404152c1
PN06,PN06-1.edf,28,27,F10,EEG F10,EEG,F10,,data/raw/siena-scalp-eeg-1.0.0/PN06/Seizures-list-PN06.txt,27209f2723df6c3708242aa2eeba7f0d6d9b2bccae0ad374e0383fef0edfbd90,615219853db8cb9df21246a01ecc945b825e9394bb5e03d85a9d93f2404152c1
PN06,PN06-1.edf,32,31,EKG 1,1,ECG,ECG 1,,data/raw/siena-scalp-eeg-1.0.0/PN06/Seizures-list-PN06.txt,27209f2723df6c3708242aa2eeba7f0d6d9b2bccae0ad374e0383fef0edfbd90,615219853db8cb9df21246a01ecc945b825e9394bb5e03d85a9d93f2404152c1
PN06,PN06-1.edf,33,32,EKG 2,2,ECG,ECG 2,,data/raw/siena-scalp-eeg-1.0.0/PN06/Seizures-list-PN06.txt,27209f2723df6c3708242aa2eeba7f0d6d9b2bccae0ad374e0383fef0edfbd90,615219853db8cb9df21246a01ecc945b825e9394bb5e03d85a9d93f2404152c1
PN06,PN06-1.edf,34,33,Fp2,EEG FP2,EEG,FP2,,data/raw/siena-scalp-eeg-1.0.0/PN06/Seizures-list-PN06.txt,27209f2723df6c3708242aa2eeba7f0d6d9b2bccae0ad374e0383fef0edfbd90,615219853db8cb9df21246a01ecc945b825e9394bb5e03d85a9d93f2404152c1
PN06,PN06-2.edf,1,0,Fp1,EEG Fp1,EEG,FP1,,data/raw/siena-scalp-eeg-1.0.0/PN06/Seizures-list-PN06.txt,27209f2723df6c3708242aa2eeba7f0d6d9b2bccae0ad374e0383fef0edfbd90,12fb49095f00adf94023fd8b3b315703806b7f7c35a78fe364bdfcf192581a41
PN06,PN06-2.edf,2,1,F3,EEG F3,EEG,F3,,data/raw/siena-scalp-eeg-1.0.0/PN06/Seizures-list-PN06.txt,27209f2723df6c3708242aa2eeba7f0d6d9b2bccae0ad374e0383fef0edfbd90,12fb49095f00adf94023fd8b3b315703806b7f7c35a78fe364bdfcf192581a41
PN06,PN06-2.edf,3,2,C3,EEG C3,EEG,C3,,data/raw/siena-scalp-eeg-1.0.0/PN06/Seizures-list-PN06.txt,27209f2723df6c3708242aa2eeba7f0d6d9b2bccae0ad374e0383fef0edfbd90,12fb49095f00adf94023fd8b3b315703806b7f7c35a78fe364bdfcf192581a41
PN06,PN06-2.edf,4,3,P3,EEG P3,EEG,P3,,data/raw/siena-scalp-eeg-1.0.0/PN06/Seizures-list-PN06.txt,27209f2723df6c3708242aa2eeba7f0d6d9b2bccae0ad374e0383fef0edfbd90,12fb49095f00adf94023fd8b3b315703806b7f7c35a78fe364bdfcf192581a41
PN06,PN06-2.edf,5,4,1,EEG O1,EEG,O1,official channel 5 '1' reconciled to EDF 'EEG O1',data/raw/siena-scalp-eeg-1.0.0/PN06/Seizures-list-PN06.txt,27209f2723df6c3708242aa2eeba7f0d6d9b2bccae0ad374e0383fef0edfbd90,12fb49095f00adf94023fd8b3b315703806b7f7c35a78fe364bdfcf192581a41
PN06,PN06-2.edf,6,5,F7,EEG F7,EEG,F7,,data/raw/siena-scalp-eeg-1.0.0/PN06/Seizures-list-PN06.txt,27209f2723df6c3708242aa2eeba7f0d6d9b2bccae0ad374e0383fef0edfbd90,12fb49095f00adf94023fd8b3b315703806b7f7c35a78fe364bdfcf192581a41
PN06,PN06-2.edf,7,6,T3,EEG T3,EEG,T3,,data/raw/siena-scalp-eeg-1.0.0/PN06/Seizures-list-PN06.txt,27209f2723df6c3708242aa2eeba7f0d6d9b2bccae0ad374e0383fef0edfbd90,12fb49095f00adf94023fd8b3b315703806b7f7c35a78fe364bdfcf192581a41
PN06,PN06-2.edf,8,7,T5,EEG T5,EEG,T5,,data/raw/siena-scalp-eeg-1.0.0/PN06/Seizures-list-PN06.txt,27209f2723df6c3708242aa2eeba7f0d6d9b2bccae0ad374e0383fef0edfbd90,12fb49095f00adf94023fd8b3b315703806b7f7c35a78fe364bdfcf192581a41
PN06,PN06-2.edf,9,8,Fc1,EEG Fc1,EEG,FC1,,data/raw/siena-scalp-eeg-1.0.0/PN06/Seizures-list-PN06.txt,27209f2723df6c3708242aa2eeba7f0d6d9b2bccae0ad374e0383fef0edfbd90,12fb49095f00adf94023fd8b3b315703806b7f7c35a78fe364bdfcf192581a41
PN06,PN06-2.edf,10,9,Fc5,EEG Fc5,EEG,FC5,,data/raw/siena-scalp-eeg-1.0.0/PN06/Seizures-list-PN06.txt,27209f2723df6c3708242aa2eeba7f0d6d9b2bccae0ad374e0383fef0edfbd90,12fb49095f00adf94023fd8b3b315703806b7f7c35a78fe364bdfcf192581a41
PN06,PN06-2.edf,11,10,Cp1,EEG Cp1,EEG,CP1,,data/raw/siena-scalp-eeg-1.0.0/PN06/Seizures-list-PN06.txt,27209f2723df6c3708242aa2eeba7f0d6d9b2bccae0ad374e0383fef0edfbd90,12fb49095f00adf94023fd8b3b315703806b7f7c35a78fe364bdfcf192581a41
PN06,PN06-2.edf,12,11,Cp5,EEG Cp5,EEG,CP5,,data/raw/siena-scalp-eeg-1.0.0/PN06/Seizures-list-PN06.txt,27209f2723df6c3708242aa2eeba7f0d6d9b2bccae0ad374e0383fef0edfbd90,12fb49095f00adf94023fd8b3b315703806b7f7c35a78fe364bdfcf192581a41
PN06,PN06-2.edf,13,12,F9,EEG F9,EEG,F9,,data/raw/siena-scalp-eeg-1.0.0/PN06/Seizures-list-PN06.txt,27209f2723df6c3708242aa2eeba7f0d6d9b2bccae0ad374e0383fef0edfbd90,12fb49095f00adf94023fd8b3b315703806b7f7c35a78fe364bdfcf192581a41
PN06,PN06-2.edf,14,13,Fz,EEG Fz,EEG,FZ,,data/raw/siena-scalp-eeg-1.0.0/PN06/Seizures-list-PN06.txt,27209f2723df6c3708242aa2eeba7f0d6d9b2bccae0ad374e0383fef0edfbd90,12fb49095f00adf94023fd8b3b315703806b7f7c35a78fe364bdfcf192581a41
PN06,PN06-2.edf,15,14,Cz,EEG Cz,EEG,CZ,,data/raw/siena-scalp-eeg-1.0.0/PN06/Seizures-list-PN06.txt,27209f2723df6c3708242aa2eeba7f0d6d9b2bccae0ad374e0383fef0edfbd90,12fb49095f00adf94023fd8b3b315703806b7f7c35a78fe364bdfcf192581a41
PN06,PN06-2.edf,16,15,Pz,EEG Pz,EEG,PZ,,data/raw/siena-scalp-eeg-1.0.0/PN06/Seizures-list-PN06.txt,27209f2723df6c3708242aa2eeba7f0d6d9b2bccae0ad374e0383fef0edfbd90,12fb49095f00adf94023fd8b3b315703806b7f7c35a78fe364bdfcf192581a41
PN06,PN06-2.edf,17,16,F4,EEG F4,EEG,F4,,data/raw/siena-scalp-eeg-1.0.0/PN06/Seizures-list-PN06.txt,27209f2723df6c3708242aa2eeba7f0d6d9b2bccae0ad374e0383fef0edfbd90,12fb49095f00adf94023fd8b3b315703806b7f7c35a78fe364bdfcf192581a41
PN06,PN06-2.edf,18,17,C4,EEG C4,EEG,C4,,data/raw/siena-scalp-eeg-1.0.0/PN06/Seizures-list-PN06.txt,27209f2723df6c3708242aa2eeba7f0d6d9b2bccae0ad374e0383fef0edfbd90,12fb49095f00adf94023fd8b3b315703806b7f7c35a78fe364bdfcf192581a41
PN06,PN06-2.edf,19,18,P4,EEG P4,EEG,P4,,data/raw/siena-scalp-eeg-1.0.0/PN06/Seizures-list-PN06.txt,27209f2723df6c3708242aa2eeba7f0d6d9b2bccae0ad374e0383fef0edfbd90,12fb49095f00adf94023fd8b3b315703806b7f7c35a78fe364bdfcf192581a41
PN06,PN06-2.edf,20,19,O2,EEG O2,EEG,O2,,data/raw/siena-scalp-eeg-1.0.0/PN06/Seizures-list-PN06.txt,27209f2723df6c3708242aa2eeba7f0d6d9b2bccae0ad374e0383fef0edfbd90,12fb49095f00adf94023fd8b3b315703806b7f7c35a78fe364bdfcf192581a41
PN06,PN06-2.edf,21,20,F8,EEG F8,EEG,F8,,data/raw/siena-scalp-eeg-1.0.0/PN06/Seizures-list-PN06.txt,27209f2723df6c3708242aa2eeba7f0d6d9b2bccae0ad374e0383fef0edfbd90,12fb49095f00adf94023fd8b3b315703806b7f7c35a78fe364bdfcf192581a41
PN06,PN06-2.edf,22,21,T4,EEG T4,EEG,T4,,data/raw/siena-scalp-eeg-1.0.0/PN06/Seizures-list-PN06.txt,27209f2723df6c3708242aa2eeba7f0d6d9b2bccae0ad374e0383fef0edfbd90,12fb49095f00adf94023fd8b3b315703806b7f7c35a78fe364bdfcf192581a41
PN06,PN06-2.edf,23,22,T6,EEG T6,EEG,T6,,data/raw/siena-scalp-eeg-1.0.0/PN06/Seizures-list-PN06.txt,27209f2723df6c3708242aa2eeba7f0d6d9b2bccae0ad374e0383fef0edfbd90,12fb49095f00adf94023fd8b3b315703806b7f7c35a78fe364bdfcf192581a41
PN06,PN06-2.edf,24,23,Fc2,EEG Fc2,EEG,FC2,,data/raw/siena-scalp-eeg-1.0.0/PN06/Seizures-list-PN06.txt,27209f2723df6c3708242aa2eeba7f0d6d9b2bccae0ad374e0383fef0edfbd90,12fb49095f00adf94023fd8b3b315703806b7f7c35a78fe364bdfcf192581a41
PN06,PN06-2.edf,25,24,Fc6,EEG Fc6,EEG,FC6,,data/raw/siena-scalp-eeg-1.0.0/PN06/Seizures-list-PN06.txt,27209f2723df6c3708242aa2eeba7f0d6d9b2bccae0ad374e0383fef0edfbd90,12fb49095f00adf94023fd8b3b315703806b7f7c35a78fe364bdfcf192581a41
PN06,PN06-2.edf,26,25,Cp2,EEG Cp2,EEG,CP2,,data/raw/siena-scalp-eeg-1.0.0/PN06/Seizures-list-PN06.txt,27209f2723df6c3708242aa2eeba7f0d6d9b2bccae0ad374e0383fef0edfbd90,12fb49095f00adf94023fd8b3b315703806b7f7c35a78fe364bdfcf192581a41
PN06,PN06-2.edf,27,26,Cp6,EEG Cp6,EEG,CP6,,data/raw/siena-scalp-eeg-1.0.0/PN06/Seizures-list-PN06.txt,27209f2723df6c3708242aa2eeba7f0d6d9b2bccae0ad374e0383fef0edfbd90,12fb49095f00adf94023fd8b3b315703806b7f7c35a78fe364bdfcf192581a41
PN06,PN06-2.edf,28,27,F10,EEG F10,EEG,F10,,data/raw/siena-scalp-eeg-1.0.0/PN06/Seizures-list-PN06.txt,27209f2723df6c3708242aa2eeba7f0d6d9b2bccae0ad374e0383fef0edfbd90,12fb49095f00adf94023fd8b3b315703806b7f7c35a78fe364bdfcf192581a41
PN06,PN06-2.edf,32,31,EKG 1,1,ECG,ECG 1,,data/raw/siena-scalp-eeg-1.0.0/PN06/Seizures-list-PN06.txt,27209f2723df6c3708242aa2eeba7f0d6d9b2bccae0ad374e0383fef0edfbd90,12fb49095f00adf94023fd8b3b315703806b7f7c35a78fe364bdfcf192581a41
PN06,PN06-2.edf,33,32,EKG 2,2,ECG,ECG 2,,data/raw/siena-scalp-eeg-1.0.0/PN06/Seizures-list-PN06.txt,27209f2723df6c3708242aa2eeba7f0d6d9b2bccae0ad374e0383fef0edfbd90,12fb49095f00adf94023fd8b3b315703806b7f7c35a78fe364bdfcf192581a41
PN06,PN06-2.edf,34,33,Fp2,EEG FP2,EEG,FP2,,data/raw/siena-scalp-eeg-1.0.0/PN06/Seizures-list-PN06.txt,27209f2723df6c3708242aa2eeba7f0d6d9b2bccae0ad374e0383fef0edfbd90,12fb49095f00adf94023fd8b3b315703806b7f7c35a78fe364bdfcf192581a41
PN06,PN06-3.edf,1,0,Fp1,EEG Fp1,EEG,FP1,,data/raw/siena-scalp-eeg-1.0.0/PN06/Seizures-list-PN06.txt,27209f2723df6c3708242aa2eeba7f0d6d9b2bccae0ad374e0383fef0edfbd90,13e11a26dc147fa0ca85a8c088f71f611e0948274bf4a46bced105cd77cfa49e
PN06,PN06-3.edf,2,1,F3,EEG F3,EEG,F3,,data/raw/siena-scalp-eeg-1.0.0/PN06/Seizures-list-PN06.txt,27209f2723df6c3708242aa2eeba7f0d6d9b2bccae0ad374e0383fef0edfbd90,13e11a26dc147fa0ca85a8c088f71f611e0948274bf4a46bced105cd77cfa49e
PN06,PN06-3.edf,3,2,C3,EEG C3,EEG,C3,,data/raw/siena-scalp-eeg-1.0.0/PN06/Seizures-list-PN06.txt,27209f2723df6c3708242aa2eeba7f0d6d9b2bccae0ad374e0383fef0edfbd90,13e11a26dc147fa0ca85a8c088f71f611e0948274bf4a46bced105cd77cfa49e
PN06,PN06-3.edf,4,3,P3,EEG P3,EEG,P3,,data/raw/siena-scalp-eeg-1.0.0/PN06/Seizures-list-PN06.txt,27209f2723df6c3708242aa2eeba7f0d6d9b2bccae0ad374e0383fef0edfbd90,13e11a26dc147fa0ca85a8c088f71f611e0948274bf4a46bced105cd77cfa49e
PN06,PN06-3.edf,5,4,1,EEG O1,EEG,O1,official channel 5 '1' reconciled to EDF 'EEG O1',data/raw/siena-scalp-eeg-1.0.0/PN06/Seizures-list-PN06.txt,27209f2723df6c3708242aa2eeba7f0d6d9b2bccae0ad374e0383fef0edfbd90,13e11a26dc147fa0ca85a8c088f71f611e0948274bf4a46bced105cd77cfa49e
PN06,PN06-3.edf,6,5,F7,EEG F7,EEG,F7,,data/raw/siena-scalp-eeg-1.0.0/PN06/Seizures-list-PN06.txt,27209f2723df6c3708242aa2eeba7f0d6d9b2bccae0ad374e0383fef0edfbd90,13e11a26dc147fa0ca85a8c088f71f611e0948274bf4a46bced105cd77cfa49e
PN06,PN06-3.edf,7,6,T3,EEG T3,EEG,T3,,data/raw/siena-scalp-eeg-1.0.0/PN06/Seizures-list-PN06.txt,27209f2723df6c3708242aa2eeba7f0d6d9b2bccae0ad374e0383fef0edfbd90,13e11a26dc147fa0ca85a8c088f71f611e0948274bf4a46bced105cd77cfa49e
PN06,PN06-3.edf,8,7,T5,EEG T5,EEG,T5,,data/raw/siena-scalp-eeg-1.0.0/PN06/Seizures-list-PN06.txt,27209f2723df6c3708242aa2eeba7f0d6d9b2bccae0ad374e0383fef0edfbd90,13e11a26dc147fa0ca85a8c088f71f611e0948274bf4a46bced105cd77cfa49e
PN06,PN06-3.edf,9,8,Fc1,EEG Fc1,EEG,FC1,,data/raw/siena-scalp-eeg-1.0.0/PN06/Seizures-list-PN06.txt,27209f2723df6c3708242aa2eeba7f0d6d9b2bccae0ad374e0383fef0edfbd90,13e11a26dc147fa0ca85a8c088f71f611e0948274bf4a46bced105cd77cfa49e
PN06,PN06-3.edf,10,9,Fc5,EEG Fc5,EEG,FC5,,data/raw/siena-scalp-eeg-1.0.0/PN06/Seizures-list-PN06.txt,27209f2723df6c3708242aa2eeba7f0d6d9b2bccae0ad374e0383fef0edfbd90,13e11a26dc147fa0ca85a8c088f71f611e0948274bf4a46bced105cd77cfa49e
PN06,PN06-3.edf,11,10,Cp1,EEG Cp1,EEG,CP1,,data/raw/siena-scalp-eeg-1.0.0/PN06/Seizures-list-PN06.txt,27209f2723df6c3708242aa2eeba7f0d6d9b2bccae0ad374e0383fef0edfbd90,13e11a26dc147fa0ca85a8c088f71f611e0948274bf4a46bced105cd77cfa49e
PN06,PN06-3.edf,12,11,Cp5,EEG Cp5,EEG,CP5,,data/raw/siena-scalp-eeg-1.0.0/PN06/Seizures-list-PN06.txt,27209f2723df6c3708242aa2eeba7f0d6d9b2bccae0ad374e0383fef0edfbd90,13e11a26dc147fa0ca85a8c088f71f611e0948274bf4a46bced105cd77cfa49e
PN06,PN06-3.edf,13,12,F9,EEG F9,EEG,F9,,data/raw/siena-scalp-eeg-1.0.0/PN06/Seizures-list-PN06.txt,27209f2723df6c3708242aa2eeba7f0d6d9b2bccae0ad374e0383fef0edfbd90,13e11a26dc147fa0ca85a8c088f71f611e0948274bf4a46bced105cd77cfa49e
PN06,PN06-3.edf,14,13,Fz,EEG Fz,EEG,FZ,,data/raw/siena-scalp-eeg-1.0.0/PN06/Seizures-list-PN06.txt,27209f2723df6c3708242aa2eeba7f0d6d9b2bccae0ad374e0383fef0edfbd90,13e11a26dc147fa0ca85a8c088f71f611e0948274bf4a46bced105cd77cfa49e
PN06,PN06-3.edf,15,14,Cz,EEG Cz,EEG,CZ,,data/raw/siena-scalp-eeg-1.0.0/PN06/Seizures-list-PN06.txt,27209f2723df6c3708242aa2eeba7f0d6d9b2bccae0ad374e0383fef0edfbd90,13e11a26dc147fa0ca85a8c088f71f611e0948274bf4a46bced105cd77cfa49e
PN06,PN06-3.edf,16,15,Pz,EEG Pz,EEG,PZ,,data/raw/siena-scalp-eeg-1.0.0/PN06/Seizures-list-PN06.txt,27209f2723df6c3708242aa2eeba7f0d6d9b2bccae0ad374e0383fef0edfbd90,13e11a26dc147fa0ca85a8c088f71f611e0948274bf4a46bced105cd77cfa49e
PN06,PN06-3.edf,17,16,F4,EEG F4,EEG,F4,,data/raw/siena-scalp-eeg-1.0.0/PN06/Seizures-list-PN06.txt,27209f2723df6c3708242aa2eeba7f0d6d9b2bccae0ad374e0383fef0edfbd90,13e11a26dc147fa0ca85a8c088f71f611e0948274bf4a46bced105cd77cfa49e
PN06,PN06-3.edf,18,17,C4,EEG C4,EEG,C4,,data/raw/siena-scalp-eeg-1.0.0/PN06/Seizures-list-PN06.txt,27209f2723df6c3708242aa2eeba7f0d6d9b2bccae0ad374e0383fef0edfbd90,13e11a26dc147fa0ca85a8c088f71f611e0948274bf4a46bced105cd77cfa49e
PN06,PN06-3.edf,19,18,P4,EEG P4,EEG,P4,,data/raw/siena-scalp-eeg-1.0.0/PN06/Seizures-list-PN06.txt,27209f2723df6c3708242aa2eeba7f0d6d9b2bccae0ad374e0383fef0edfbd90,13e11a26dc147fa0ca85a8c088f71f611e0948274bf4a46bced105cd77cfa49e
PN06,PN06-3.edf,20,19,O2,EEG O2,EEG,O2,,data/raw/siena-scalp-eeg-1.0.0/PN06/Seizures-list-PN06.txt,27209f2723df6c3708242aa2eeba7f0d6d9b2bccae0ad374e0383fef0edfbd90,13e11a26dc147fa0ca85a8c088f71f611e0948274bf4a46bced105cd77cfa49e
PN06,PN06-3.edf,21,20,F8,EEG F8,EEG,F8,,data/raw/siena-scalp-eeg-1.0.0/PN06/Seizures-list-PN06.txt,27209f2723df6c3708242aa2eeba7f0d6d9b2bccae0ad374e0383fef0edfbd90,13e11a26dc147fa0ca85a8c088f71f611e0948274bf4a46bced105cd77cfa49e
PN06,PN06-3.edf,22,21,T4,EEG T4,EEG,T4,,data/raw/siena-scalp-eeg-1.0.0/PN06/Seizures-list-PN06.txt,27209f2723df6c3708242aa2eeba7f0d6d9b2bccae0ad374e0383fef0edfbd90,13e11a26dc147fa0ca85a8c088f71f611e0948274bf4a46bced105cd77cfa49e
PN06,PN06-3.edf,23,22,T6,EEG T6,EEG,T6,,data/raw/siena-scalp-eeg-1.0.0/PN06/Seizures-list-PN06.txt,27209f2723df6c3708242aa2eeba7f0d6d9b2bccae0ad374e0383fef0edfbd90,13e11a26dc147fa0ca85a8c088f71f611e0948274bf4a46bced105cd77cfa49e
PN06,PN06-3.edf,24,23,Fc2,EEG Fc2,EEG,FC2,,data/raw/siena-scalp-eeg-1.0.0/PN06/Seizures-list-PN06.txt,27209f2723df6c3708242aa2eeba7f0d6d9b2bccae0ad374e0383fef0edfbd90,13e11a26dc147fa0ca85a8c088f71f611e0948274bf4a46bced105cd77cfa49e
PN06,PN06-3.edf,25,24,Fc6,EEG Fc6,EEG,FC6,,data/raw/siena-scalp-eeg-1.0.0/PN06/Seizures-list-PN06.txt,27209f2723df6c3708242aa2eeba7f0d6d9b2bccae0ad374e0383fef0edfbd90,13e11a26dc147fa0ca85a8c088f71f611e0948274bf4a46bced105cd77cfa49e
PN06,PN06-3.edf,26,25,Cp2,EEG Cp2,EEG,CP2,,data/raw/siena-scalp-eeg-1.0.0/PN06/Seizures-list-PN06.txt,27209f2723df6c3708242aa2eeba7f0d6d9b2bccae0ad374e0383fef0edfbd90,13e11a26dc147fa0ca85a8c088f71f611e0948274bf4a46bced105cd77cfa49e
PN06,PN06-3.edf,27,26,Cp6,EEG Cp6,EEG,CP6,,data/raw/siena-scalp-eeg-1.0.0/PN06/Seizures-list-PN06.txt,27209f2723df6c3708242aa2eeba7f0d6d9b2bccae0ad374e0383fef0edfbd90,13e11a26dc147fa0ca85a8c088f71f611e0948274bf4a46bced105cd77cfa49e
PN06,PN06-3.edf,28,27,F10,EEG F10,EEG,F10,,data/raw/siena-scalp-eeg-1.0.0/PN06/Seizures-list-PN06.txt,27209f2723df6c3708242aa2eeba7f0d6d9b2bccae0ad374e0383fef0edfbd90,13e11a26dc147fa0ca85a8c088f71f611e0948274bf4a46bced105cd77cfa49e
PN06,PN06-3.edf,32,31,EKG 1,1,ECG,ECG 1,,data/raw/siena-scalp-eeg-1.0.0/PN06/Seizures-list-PN06.txt,27209f2723df6c3708242aa2eeba7f0d6d9b2bccae0ad374e0383fef0edfbd90,13e11a26dc147fa0ca85a8c088f71f611e0948274bf4a46bced105cd77cfa49e
PN06,PN06-3.edf,33,32,EKG 2,2,ECG,ECG 2,,data/raw/siena-scalp-eeg-1.0.0/PN06/Seizures-list-PN06.txt,27209f2723df6c3708242aa2eeba7f0d6d9b2bccae0ad374e0383fef0edfbd90,13e11a26dc147fa0ca85a8c088f71f611e0948274bf4a46bced105cd77cfa49e
PN06,PN06-3.edf,34,33,Fp2,EEG FP2,EEG,FP2,,data/raw/siena-scalp-eeg-1.0.0/PN06/Seizures-list-PN06.txt,27209f2723df6c3708242aa2eeba7f0d6d9b2bccae0ad374e0383fef0edfbd90,13e11a26dc147fa0ca85a8c088f71f611e0948274bf4a46bced105cd77cfa49e
PN06,PN06-4.edf,1,0,Fp1,EEG Fp1,EEG,FP1,,data/raw/siena-scalp-eeg-1.0.0/PN06/Seizures-list-PN06.txt,27209f2723df6c3708242aa2eeba7f0d6d9b2bccae0ad374e0383fef0edfbd90,24a5f1c42cb077e97d5b8b791c8ae795fe0658abc9da0927d2e6c7d884cd8028
PN06,PN06-4.edf,2,1,F3,EEG F3,EEG,F3,,data/raw/siena-scalp-eeg-1.0.0/PN06/Seizures-list-PN06.txt,27209f2723df6c3708242aa2eeba7f0d6d9b2bccae0ad374e0383fef0edfbd90,24a5f1c42cb077e97d5b8b791c8ae795fe0658abc9da0927d2e6c7d884cd8028
PN06,PN06-4.edf,3,2,C3,EEG C3,EEG,C3,,data/raw/siena-scalp-eeg-1.0.0/PN06/Seizures-list-PN06.txt,27209f2723df6c3708242aa2eeba7f0d6d9b2bccae0ad374e0383fef0edfbd90,24a5f1c42cb077e97d5b8b791c8ae795fe0658abc9da0927d2e6c7d884cd8028
PN06,PN06-4.edf,4,3,P3,EEG P3,EEG,P3,,data/raw/siena-scalp-eeg-1.0.0/PN06/Seizures-list-PN06.txt,27209f2723df6c3708242aa2eeba7f0d6d9b2bccae0ad374e0383fef0edfbd90,24a5f1c42cb077e97d5b8b791c8ae795fe0658abc9da0927d2e6c7d884cd8028
PN06,PN06-4.edf,5,4,1,EEG O1,EEG,O1,official channel 5 '1' reconciled to EDF 'EEG O1',data/raw/siena-scalp-eeg-1.0.0/PN06/Seizures-list-PN06.txt,27209f2723df6c3708242aa2eeba7f0d6d9b2bccae0ad374e0383fef0edfbd90,24a5f1c42cb077e97d5b8b791c8ae795fe0658abc9da0927d2e6c7d884cd8028
PN06,PN06-4.edf,6,5,F7,EEG F7,EEG,F7,,data/raw/siena-scalp-eeg-1.0.0/PN06/Seizures-list-PN06.txt,27209f2723df6c3708242aa2eeba7f0d6d9b2bccae0ad374e0383fef0edfbd90,24a5f1c42cb077e97d5b8b791c8ae795fe0658abc9da0927d2e6c7d884cd8028
PN06,PN06-4.edf,7,6,T3,EEG T3,EEG,T3,,data/raw/siena-scalp-eeg-1.0.0/PN06/Seizures-list-PN06.txt,27209f2723df6c3708242aa2eeba7f0d6d9b2bccae0ad374e0383fef0edfbd90,24a5f1c42cb077e97d5b8b791c8ae795fe0658abc9da0927d2e6c7d884cd8028
PN06,PN06-4.edf,8,7,T5,EEG T5,EEG,T5,,data/raw/siena-scalp-eeg-1.0.0/PN06/Seizures-list-PN06.txt,27209f2723df6c3708242aa2eeba7f0d6d9b2bccae0ad374e0383fef0edfbd90,24a5f1c42cb077e97d5b8b791c8ae795fe0658abc9da0927d2e6c7d884cd8028
PN06,PN06-4.edf,9,8,Fc1,EEG Fc1,EEG,FC1,,data/raw/siena-scalp-eeg-1.0.0/PN06/Seizures-list-PN06.txt,27209f2723df6c3708242aa2eeba7f0d6d9b2bccae0ad374e0383fef0edfbd90,24a5f1c42cb077e97d5b8b791c8ae795fe0658abc9da0927d2e6c7d884cd8028
PN06,PN06-4.edf,10,9,Fc5,EEG Fc5,EEG,FC5,,data/raw/siena-scalp-eeg-1.0.0/PN06/Seizures-list-PN06.txt,27209f2723df6c3708242aa2eeba7f0d6d9b2bccae0ad374e0383fef0edfbd90,24a5f1c42cb077e97d5b8b791c8ae795fe0658abc9da0927d2e6c7d884cd8028
PN06,PN06-4.edf,11,10,Cp1,EEG Cp1,EEG,CP1,,data/raw/siena-scalp-eeg-1.0.0/PN06/Seizures-list-PN06.txt,27209f2723df6c3708242aa2eeba7f0d6d9b2bccae0ad374e0383fef0edfbd90,24a5f1c42cb077e97d5b8b791c8ae795fe0658abc9da0927d2e6c7d884cd8028
PN06,PN06-4.edf,12,11,Cp5,EEG Cp5,EEG,CP5,,data/raw/siena-scalp-eeg-1.0.0/PN06/Seizures-list-PN06.txt,27209f2723df6c3708242aa2eeba7f0d6d9b2bccae0ad374e0383fef0edfbd90,24a5f1c42cb077e97d5b8b791c8ae795fe0658abc9da0927d2e6c7d884cd8028
PN06,PN06-4.edf,13,12,F9,EEG F9,EEG,F9,,data/raw/siena-scalp-eeg-1.0.0/PN06/Seizures-list-PN06.txt,27209f2723df6c3708242aa2eeba7f0d6d9b2bccae0ad374e0383fef0edfbd90,24a5f1c42cb077e97d5b8b791c8ae795fe0658abc9da0927d2e6c7d884cd8028
PN06,PN06-4.edf,14,13,Fz,EEG Fz,EEG,FZ,,data/raw/siena-scalp-eeg-1.0.0/PN06/Seizures-list-PN06.txt,27209f2723df6c3708242aa2eeba7f0d6d9b2bccae0ad374e0383fef0edfbd90,24a5f1c42cb077e97d5b8b791c8ae795fe0658abc9da0927d2e6c7d884cd8028
PN06,PN06-4.edf,15,14,Cz,EEG Cz,EEG,CZ,,data/raw/siena-scalp-eeg-1.0.0/PN06/Seizures-list-PN06.txt,27209f2723df6c3708242aa2eeba7f0d6d9b2bccae0ad374e0383fef0edfbd90,24a5f1c42cb077e97d5b8b791c8ae795fe0658abc9da0927d2e6c7d884cd8028
PN06,PN06-4.edf,16,15,Pz,EEG Pz,EEG,PZ,,data/raw/siena-scalp-eeg-1.0.0/PN06/Seizures-list-PN06.txt,27209f2723df6c3708242aa2eeba7f0d6d9b2bccae0ad374e0383fef0edfbd90,24a5f1c42cb077e97d5b8b791c8ae795fe0658abc9da0927d2e6c7d884cd8028
PN06,PN06-4.edf,17,16,F4,EEG F4,EEG,F4,,data/raw/siena-scalp-eeg-1.0.0/PN06/Seizures-list-PN06.txt,27209f2723df6c3708242aa2eeba7f0d6d9b2bccae0ad374e0383fef0edfbd90,24a5f1c42cb077e97d5b8b791c8ae795fe0658abc9da0927d2e6c7d884cd8028
PN06,PN06-4.edf,18,17,C4,EEG C4,EEG,C4,,data/raw/siena-scalp-eeg-1.0.0/PN06/Seizures-list-PN06.txt,27209f2723df6c3708242aa2eeba7f0d6d9b2bccae0ad374e0383fef0edfbd90,24a5f1c42cb077e97d5b8b791c8ae795fe0658abc9da0927d2e6c7d884cd8028
PN06,PN06-4.edf,19,18,P4,EEG P4,EEG,P4,,data/raw/siena-scalp-eeg-1.0.0/PN06/Seizures-list-PN06.txt,27209f2723df6c3708242aa2eeba7f0d6d9b2bccae0ad374e0383fef0edfbd90,24a5f1c42cb077e97d5b8b791c8ae795fe0658abc9da0927d2e6c7d884cd8028
PN06,PN06-4.edf,20,19,O2,EEG O2,EEG,O2,,data/raw/siena-scalp-eeg-1.0.0/PN06/Seizures-list-PN06.txt,27209f2723df6c3708242aa2eeba7f0d6d9b2bccae0ad374e0383fef0edfbd90,24a5f1c42cb077e97d5b8b791c8ae795fe0658abc9da0927d2e6c7d884cd8028
PN06,PN06-4.edf,21,20,F8,EEG F8,EEG,F8,,data/raw/siena-scalp-eeg-1.0.0/PN06/Seizures-list-PN06.txt,27209f2723df6c3708242aa2eeba7f0d6d9b2bccae0ad374e0383fef0edfbd90,24a5f1c42cb077e97d5b8b791c8ae795fe0658abc9da0927d2e6c7d884cd8028
PN06,PN06-4.edf,22,21,T4,EEG T4,EEG,T4,,data/raw/siena-scalp-eeg-1.0.0/PN06/Seizures-list-PN06.txt,27209f2723df6c3708242aa2eeba7f0d6d9b2bccae0ad374e0383fef0edfbd90,24a5f1c42cb077e97d5b8b791c8ae795fe0658abc9da0927d2e6c7d884cd8028
PN06,PN06-4.edf,23,22,T6,EEG T6,EEG,T6,,data/raw/siena-scalp-eeg-1.0.0/PN06/Seizures-list-PN06.txt,27209f2723df6c3708242aa2eeba7f0d6d9b2bccae0ad374e0383fef0edfbd90,24a5f1c42cb077e97d5b8b791c8ae795fe0658abc9da0927d2e6c7d884cd8028
PN06,PN06-4.edf,24,23,Fc2,EEG Fc2,EEG,FC2,,data/raw/siena-scalp-eeg-1.0.0/PN06/Seizures-list-PN06.txt,27209f2723df6c3708242aa2eeba7f0d6d9b2bccae0ad374e0383fef0edfbd90,24a5f1c42cb077e97d5b8b791c8ae795fe0658abc9da0927d2e6c7d884cd8028
PN06,PN06-4.edf,25,24,Fc6,EEG Fc6,EEG,FC6,,data/raw/siena-scalp-eeg-1.0.0/PN06/Seizures-list-PN06.txt,27209f2723df6c3708242aa2eeba7f0d6d9b2bccae0ad374e0383fef0edfbd90,24a5f1c42cb077e97d5b8b791c8ae795fe0658abc9da0927d2e6c7d884cd8028
PN06,PN06-4.edf,26,25,Cp2,EEG Cp2,EEG,CP2,,data/raw/siena-scalp-eeg-1.0.0/PN06/Seizures-list-PN06.txt,27209f2723df6c3708242aa2eeba7f0d6d9b2bccae0ad374e0383fef0edfbd90,24a5f1c42cb077e97d5b8b791c8ae795fe0658abc9da0927d2e6c7d884cd8028
PN06,PN06-4.edf,27,26,Cp6,EEG Cp6,EEG,CP6,,data/raw/siena-scalp-eeg-1.0.0/PN06/Seizures-list-PN06.txt,27209f2723df6c3708242aa2eeba7f0d6d9b2bccae0ad374e0383fef0edfbd90,24a5f1c42cb077e97d5b8b791c8ae795fe0658abc9da0927d2e6c7d884cd8028
PN06,PN06-4.edf,28,27,F10,EEG F10,EEG,F10,,data/raw/siena-scalp-eeg-1.0.0/PN06/Seizures-list-PN06.txt,27209f2723df6c3708242aa2eeba7f0d6d9b2bccae0ad374e0383fef0edfbd90,24a5f1c42cb077e97d5b8b791c8ae795fe0658abc9da0927d2e6c7d884cd8028
PN06,PN06-4.edf,32,31,EKG 1,1,ECG,ECG 1,,data/raw/siena-scalp-eeg-1.0.0/PN06/Seizures-list-PN06.txt,27209f2723df6c3708242aa2eeba7f0d6d9b2bccae0ad374e0383fef0edfbd90,24a5f1c42cb077e97d5b8b791c8ae795fe0658abc9da0927d2e6c7d884cd8028
PN06,PN06-4.edf,33,32,EKG 2,2,ECG,ECG 2,,data/raw/siena-scalp-eeg-1.0.0/PN06/Seizures-list-PN06.txt,27209f2723df6c3708242aa2eeba7f0d6d9b2bccae0ad374e0383fef0edfbd90,24a5f1c42cb077e97d5b8b791c8ae795fe0658abc9da0927d2e6c7d884cd8028
PN06,PN06-4.edf,34,33,Fp2,EEG FP2,EEG,FP2,,data/raw/siena-scalp-eeg-1.0.0/PN06/Seizures-list-PN06.txt,27209f2723df6c3708242aa2eeba7f0d6d9b2bccae0ad374e0383fef0edfbd90,24a5f1c42cb077e97d5b8b791c8ae795fe0658abc9da0927d2e6c7d884cd8028
PN06,PN06-5.edf,1,0,Fp1,EEG Fp1,EEG,FP1,,data/raw/siena-scalp-eeg-1.0.0/PN06/Seizures-list-PN06.txt,27209f2723df6c3708242aa2eeba7f0d6d9b2bccae0ad374e0383fef0edfbd90,6c92bc59b16faf841bc4b5400d182166648bbeb8d63b2e18794e949ea77ebdf6
PN06,PN06-5.edf,2,1,F3,EEG F3,EEG,F3,,data/raw/siena-scalp-eeg-1.0.0/PN06/Seizures-list-PN06.txt,27209f2723df6c3708242aa2eeba7f0d6d9b2bccae0ad374e0383fef0edfbd90,6c92bc59b16faf841bc4b5400d182166648bbeb8d63b2e18794e949ea77ebdf6
PN06,PN06-5.edf,3,2,C3,EEG C3,EEG,C3,,data/raw/siena-scalp-eeg-1.0.0/PN06/Seizures-list-PN06.txt,27209f2723df6c3708242aa2eeba7f0d6d9b2bccae0ad374e0383fef0edfbd90,6c92bc59b16faf841bc4b5400d182166648bbeb8d63b2e18794e949ea77ebdf6
PN06,PN06-5.edf,4,3,P3,EEG P3,EEG,P3,,data/raw/siena-scalp-eeg-1.0.0/PN06/Seizures-list-PN06.txt,27209f2723df6c3708242aa2eeba7f0d6d9b2bccae0ad374e0383fef0edfbd90,6c92bc59b16faf841bc4b5400d182166648bbeb8d63b2e18794e949ea77ebdf6
PN06,PN06-5.edf,5,4,1,EEG O1,EEG,O1,official channel 5 '1' reconciled to EDF 'EEG O1',data/raw/siena-scalp-eeg-1.0.0/PN06/Seizures-list-PN06.txt,27209f2723df6c3708242aa2eeba7f0d6d9b2bccae0ad374e0383fef0edfbd90,6c92bc59b16faf841bc4b5400d182166648bbeb8d63b2e18794e949ea77ebdf6
PN06,PN06-5.edf,6,5,F7,EEG F7,EEG,F7,,data/raw/siena-scalp-eeg-1.0.0/PN06/Seizures-list-PN06.txt,27209f2723df6c3708242aa2eeba7f0d6d9b2bccae0ad374e0383fef0edfbd90,6c92bc59b16faf841bc4b5400d182166648bbeb8d63b2e18794e949ea77ebdf6
PN06,PN06-5.edf,7,6,T3,EEG T3,EEG,T3,,data/raw/siena-scalp-eeg-1.0.0/PN06/Seizures-list-PN06.txt,27209f2723df6c3708242aa2eeba7f0d6d9b2bccae0ad374e0383fef0edfbd90,6c92bc59b16faf841bc4b5400d182166648bbeb8d63b2e18794e949ea77ebdf6
PN06,PN06-5.edf,8,7,T5,EEG T5,EEG,T5,,data/raw/siena-scalp-eeg-1.0.0/PN06/Seizures-list-PN06.txt,27209f2723df6c3708242aa2eeba7f0d6d9b2bccae0ad374e0383fef0edfbd90,6c92bc59b16faf841bc4b5400d182166648bbeb8d63b2e18794e949ea77ebdf6
PN06,PN06-5.edf,9,8,Fc1,EEG Fc1,EEG,FC1,,data/raw/siena-scalp-eeg-1.0.0/PN06/Seizures-list-PN06.txt,27209f2723df6c3708242aa2eeba7f0d6d9b2bccae0ad374e0383fef0edfbd90,6c92bc59b16faf841bc4b5400d182166648bbeb8d63b2e18794e949ea77ebdf6
PN06,PN06-5.edf,10,9,Fc5,EEG Fc5,EEG,FC5,,data/raw/siena-scalp-eeg-1.0.0/PN06/Seizures-list-PN06.txt,27209f2723df6c3708242aa2eeba7f0d6d9b2bccae0ad374e0383fef0edfbd90,6c92bc59b16faf841bc4b5400d182166648bbeb8d63b2e18794e949ea77ebdf6
PN06,PN06-5.edf,11,10,Cp1,EEG Cp1,EEG,CP1,,data/raw/siena-scalp-eeg-1.0.0/PN06/Seizures-list-PN06.txt,27209f2723df6c3708242aa2eeba7f0d6d9b2bccae0ad374e0383fef0edfbd90,6c92bc59b16faf841bc4b5400d182166648bbeb8d63b2e18794e949ea77ebdf6
PN06,PN06-5.edf,12,11,Cp5,EEG Cp5,EEG,CP5,,data/raw/siena-scalp-eeg-1.0.0/PN06/Seizures-list-PN06.txt,27209f2723df6c3708242aa2eeba7f0d6d9b2bccae0ad374e0383fef0edfbd90,6c92bc59b16faf841bc4b5400d182166648bbeb8d63b2e18794e949ea77ebdf6
PN06,PN06-5.edf,13,12,F9,EEG F9,EEG,F9,,data/raw/siena-scalp-eeg-1.0.0/PN06/Seizures-list-PN06.txt,27209f2723df6c3708242aa2eeba7f0d6d9b2bccae0ad374e0383fef0edfbd90,6c92bc59b16faf841bc4b5400d182166648bbeb8d63b2e18794e949ea77ebdf6
PN06,PN06-5.edf,14,13,Fz,EEG Fz,EEG,FZ,,data/raw/siena-scalp-eeg-1.0.0/PN06/Seizures-list-PN06.txt,27209f2723df6c3708242aa2eeba7f0d6d9b2bccae0ad374e0383fef0edfbd90,6c92bc59b16faf841bc4b5400d182166648bbeb8d63b2e18794e949ea77ebdf6
PN06,PN06-5.edf,15,14,Cz,EEG Cz,EEG,CZ,,data/raw/siena-scalp-eeg-1.0.0/PN06/Seizures-list-PN06.txt,27209f2723df6c3708242aa2eeba7f0d6d9b2bccae0ad374e0383fef0edfbd90,6c92bc59b16faf841bc4b5400d182166648bbeb8d63b2e18794e949ea77ebdf6
PN06,PN06-5.edf,16,15,Pz,EEG Pz,EEG,PZ,,data/raw/siena-scalp-eeg-1.0.0/PN06/Seizures-list-PN06.txt,27209f2723df6c3708242aa2eeba7f0d6d9b2bccae0ad374e0383fef0edfbd90,6c92bc59b16faf841bc4b5400d182166648bbeb8d63b2e18794e949ea77ebdf6
PN06,PN06-5.edf,17,16,F4,EEG F4,EEG,F4,,data/raw/siena-scalp-eeg-1.0.0/PN06/Seizures-list-PN06.txt,27209f2723df6c3708242aa2eeba7f0d6d9b2bccae0ad374e0383fef0edfbd90,6c92bc59b16faf841bc4b5400d182166648bbeb8d63b2e18794e949ea77ebdf6
PN06,PN06-5.edf,18,17,C4,EEG C4,EEG,C4,,data/raw/siena-scalp-eeg-1.0.0/PN06/Seizures-list-PN06.txt,27209f2723df6c3708242aa2eeba7f0d6d9b2bccae0ad374e0383fef0edfbd90,6c92bc59b16faf841bc4b5400d182166648bbeb8d63b2e18794e949ea77ebdf6
PN06,PN06-5.edf,19,18,P4,EEG P4,EEG,P4,,data/raw/siena-scalp-eeg-1.0.0/PN06/Seizures-list-PN06.txt,27209f2723df6c3708242aa2eeba7f0d6d9b2bccae0ad374e0383fef0edfbd90,6c92bc59b16faf841bc4b5400d182166648bbeb8d63b2e18794e949ea77ebdf6
PN06,PN06-5.edf,20,19,O2,EEG O2,EEG,O2,,data/raw/siena-scalp-eeg-1.0.0/PN06/Seizures-list-PN06.txt,27209f2723df6c3708242aa2eeba7f0d6d9b2bccae0ad374e0383fef0edfbd90,6c92bc59b16faf841bc4b5400d182166648bbeb8d63b2e18794e949ea77ebdf6
PN06,PN06-5.edf,21,20,F8,EEG F8,EEG,F8,,data/raw/siena-scalp-eeg-1.0.0/PN06/Seizures-list-PN06.txt,27209f2723df6c3708242aa2eeba7f0d6d9b2bccae0ad374e0383fef0edfbd90,6c92bc59b16faf841bc4b5400d182166648bbeb8d63b2e18794e949ea77ebdf6
PN06,PN06-5.edf,22,21,T4,EEG T4,EEG,T4,,data/raw/siena-scalp-eeg-1.0.0/PN06/Seizures-list-PN06.txt,27209f2723df6c3708242aa2eeba7f0d6d9b2bccae0ad374e0383fef0edfbd90,6c92bc59b16faf841bc4b5400d182166648bbeb8d63b2e18794e949ea77ebdf6
PN06,PN06-5.edf,23,22,T6,EEG T6,EEG,T6,,data/raw/siena-scalp-eeg-1.0.0/PN06/Seizures-list-PN06.txt,27209f2723df6c3708242aa2eeba7f0d6d9b2bccae0ad374e0383fef0edfbd90,6c92bc59b16faf841bc4b5400d182166648bbeb8d63b2e18794e949ea77ebdf6
PN06,PN06-5.edf,24,23,Fc2,EEG Fc2,EEG,FC2,,data/raw/siena-scalp-eeg-1.0.0/PN06/Seizures-list-PN06.txt,27209f2723df6c3708242aa2eeba7f0d6d9b2bccae0ad374e0383fef0edfbd90,6c92bc59b16faf841bc4b5400d182166648bbeb8d63b2e18794e949ea77ebdf6
PN06,PN06-5.edf,25,24,Fc6,EEG Fc6,EEG,FC6,,data/raw/siena-scalp-eeg-1.0.0/PN06/Seizures-list-PN06.txt,27209f2723df6c3708242aa2eeba7f0d6d9b2bccae0ad374e0383fef0edfbd90,6c92bc59b16faf841bc4b5400d182166648bbeb8d63b2e18794e949ea77ebdf6
PN06,PN06-5.edf,26,25,Cp2,EEG Cp2,EEG,CP2,,data/raw/siena-scalp-eeg-1.0.0/PN06/Seizures-list-PN06.txt,27209f2723df6c3708242aa2eeba7f0d6d9b2bccae0ad374e0383fef0edfbd90,6c92bc59b16faf841bc4b5400d182166648bbeb8d63b2e18794e949ea77ebdf6
PN06,PN06-5.edf,27,26,Cp6,EEG Cp6,EEG,CP6,,data/raw/siena-scalp-eeg-1.0.0/PN06/Seizures-list-PN06.txt,27209f2723df6c3708242aa2eeba7f0d6d9b2bccae0ad374e0383fef0edfbd90,6c92bc59b16faf841bc4b5400d182166648bbeb8d63b2e18794e949ea77ebdf6
PN06,PN06-5.edf,28,27,F10,EEG F10,EEG,F10,,data/raw/siena-scalp-eeg-1.0.0/PN06/Seizures-list-PN06.txt,27209f2723df6c3708242aa2eeba7f0d6d9b2bccae0ad374e0383fef0edfbd90,6c92bc59b16faf841bc4b5400d182166648bbeb8d63b2e18794e949ea77ebdf6
PN06,PN06-5.edf,32,31,EKG 1,1,ECG,ECG 1,,data/raw/siena-scalp-eeg-1.0.0/PN06/Seizures-list-PN06.txt,27209f2723df6c3708242aa2eeba7f0d6d9b2bccae0ad374e0383fef0edfbd90,6c92bc59b16faf841bc4b5400d182166648bbeb8d63b2e18794e949ea77ebdf6
PN06,PN06-5.edf,33,32,EKG 2,2,ECG,ECG 2,,data/raw/siena-scalp-eeg-1.0.0/PN06/Seizures-list-PN06.txt,27209f2723df6c3708242aa2eeba7f0d6d9b2bccae0ad374e0383fef0edfbd90,6c92bc59b16faf841bc4b5400d182166648bbeb8d63b2e18794e949ea77ebdf6
PN06,PN06-5.edf,34,33,Fp2,EEG FP2,EEG,FP2,,data/raw/siena-scalp-eeg-1.0.0/PN06/Seizures-list-PN06.txt,27209f2723df6c3708242aa2eeba7f0d6d9b2bccae0ad374e0383fef0edfbd90,6c92bc59b16faf841bc4b5400d182166648bbeb8d63b2e18794e949ea77ebdf6
PN10,PN10-1.edf,1,0,Fp1,EEG Fp1,EEG,FP1,,data/raw/siena-scalp-eeg-1.0.0/PN10/Seizures-list-PN10.txt,092b05e6d555a304cf8349f118925697fbc666221858b69e5f8f5172cc833e93,113d0204953956e9f5e372ad40c494583a01d938e13ee506c2c86bec636ac903
PN10,PN10-1.edf,2,1,F3,EEG F3,EEG,F3,,data/raw/siena-scalp-eeg-1.0.0/PN10/Seizures-list-PN10.txt,092b05e6d555a304cf8349f118925697fbc666221858b69e5f8f5172cc833e93,113d0204953956e9f5e372ad40c494583a01d938e13ee506c2c86bec636ac903
PN10,PN10-1.edf,3,2,C3,EEG C3,EEG,C3,,data/raw/siena-scalp-eeg-1.0.0/PN10/Seizures-list-PN10.txt,092b05e6d555a304cf8349f118925697fbc666221858b69e5f8f5172cc833e93,113d0204953956e9f5e372ad40c494583a01d938e13ee506c2c86bec636ac903
PN10,PN10-1.edf,4,3,P3,EEG P3,EEG,P3,,data/raw/siena-scalp-eeg-1.0.0/PN10/Seizures-list-PN10.txt,092b05e6d555a304cf8349f118925697fbc666221858b69e5f8f5172cc833e93,113d0204953956e9f5e372ad40c494583a01d938e13ee506c2c86bec636ac903
PN10,PN10-1.edf,5,4,1,EEG O1,EEG,O1,official channel 5 '1' reconciled to EDF 'EEG O1',data/raw/siena-scalp-eeg-1.0.0/PN10/Seizures-list-PN10.txt,092b05e6d555a304cf8349f118925697fbc666221858b69e5f8f5172cc833e93,113d0204953956e9f5e372ad40c494583a01d938e13ee506c2c86bec636ac903
PN10,PN10-1.edf,6,5,F7,EEG F7,EEG,F7,,data/raw/siena-scalp-eeg-1.0.0/PN10/Seizures-list-PN10.txt,092b05e6d555a304cf8349f118925697fbc666221858b69e5f8f5172cc833e93,113d0204953956e9f5e372ad40c494583a01d938e13ee506c2c86bec636ac903
PN10,PN10-1.edf,7,6,T3,EEG T3,EEG,T3,,data/raw/siena-scalp-eeg-1.0.0/PN10/Seizures-list-PN10.txt,092b05e6d555a304cf8349f118925697fbc666221858b69e5f8f5172cc833e93,113d0204953956e9f5e372ad40c494583a01d938e13ee506c2c86bec636ac903
PN10,PN10-1.edf,8,7,T5,EEG T5,EEG,T5,,data/raw/siena-scalp-eeg-1.0.0/PN10/Seizures-list-PN10.txt,092b05e6d555a304cf8349f118925697fbc666221858b69e5f8f5172cc833e93,113d0204953956e9f5e372ad40c494583a01d938e13ee506c2c86bec636ac903
PN10,PN10-1.edf,14,13,Fz,EEG Fz,EEG,FZ,,data/raw/siena-scalp-eeg-1.0.0/PN10/Seizures-list-PN10.txt,092b05e6d555a304cf8349f118925697fbc666221858b69e5f8f5172cc833e93,113d0204953956e9f5e372ad40c494583a01d938e13ee506c2c86bec636ac903
PN10,PN10-1.edf,15,14,Cz,EEG Cz,EEG,CZ,,data/raw/siena-scalp-eeg-1.0.0/PN10/Seizures-list-PN10.txt,092b05e6d555a304cf8349f118925697fbc666221858b69e5f8f5172cc833e93,113d0204953956e9f5e372ad40c494583a01d938e13ee506c2c86bec636ac903
PN10,PN10-1.edf,16,15,Pz,EEG Pz,EEG,PZ,,data/raw/siena-scalp-eeg-1.0.0/PN10/Seizures-list-PN10.txt,092b05e6d555a304cf8349f118925697fbc666221858b69e5f8f5172cc833e93,113d0204953956e9f5e372ad40c494583a01d938e13ee506c2c86bec636ac903
PN10,PN10-1.edf,17,16,F4,EEG F4,EEG,F4,,data/raw/siena-scalp-eeg-1.0.0/PN10/Seizures-list-PN10.txt,092b05e6d555a304cf8349f118925697fbc666221858b69e5f8f5172cc833e93,113d0204953956e9f5e372ad40c494583a01d938e13ee506c2c86bec636ac903
PN10,PN10-1.edf,18,17,C4,EEG C4,EEG,C4,,data/raw/siena-scalp-eeg-1.0.0/PN10/Seizures-list-PN10.txt,092b05e6d555a304cf8349f118925697fbc666221858b69e5f8f5172cc833e93,113d0204953956e9f5e372ad40c494583a01d938e13ee506c2c86bec636ac903
PN10,PN10-1.edf,19,18,P4,EEG P4,EEG,P4,,data/raw/siena-scalp-eeg-1.0.0/PN10/Seizures-list-PN10.txt,092b05e6d555a304cf8349f118925697fbc666221858b69e5f8f5172cc833e93,113d0204953956e9f5e372ad40c494583a01d938e13ee506c2c86bec636ac903
PN10,PN10-1.edf,20,19,O2,EEG O2,EEG,O2,,data/raw/siena-scalp-eeg-1.0.0/PN10/Seizures-list-PN10.txt,092b05e6d555a304cf8349f118925697fbc666221858b69e5f8f5172cc833e93,113d0204953956e9f5e372ad40c494583a01d938e13ee506c2c86bec636ac903
PN10,PN10-1.edf,21,20,F8,EEG F8,EEG,F8,,data/raw/siena-scalp-eeg-1.0.0/PN10/Seizures-list-PN10.txt,092b05e6d555a304cf8349f118925697fbc666221858b69e5f8f5172cc833e93,113d0204953956e9f5e372ad40c494583a01d938e13ee506c2c86bec636ac903
PN10,PN10-1.edf,22,21,T4,EEG T4,EEG,T4,,data/raw/siena-scalp-eeg-1.0.0/PN10/Seizures-list-PN10.txt,092b05e6d555a304cf8349f118925697fbc666221858b69e5f8f5172cc833e93,113d0204953956e9f5e372ad40c494583a01d938e13ee506c2c86bec636ac903
PN10,PN10-1.edf,23,22,T6,EEG T6,EEG,T6,,data/raw/siena-scalp-eeg-1.0.0/PN10/Seizures-list-PN10.txt,092b05e6d555a304cf8349f118925697fbc666221858b69e5f8f5172cc833e93,113d0204953956e9f5e372ad40c494583a01d938e13ee506c2c86bec636ac903
PN10,PN10-1.edf,32,31,EKG 1,1,ECG,ECG 1,,data/raw/siena-scalp-eeg-1.0.0/PN10/Seizures-list-PN10.txt,092b05e6d555a304cf8349f118925697fbc666221858b69e5f8f5172cc833e93,113d0204953956e9f5e372ad40c494583a01d938e13ee506c2c86bec636ac903
PN10,PN10-1.edf,33,32,EKG 2,2,ECG,ECG 2,,data/raw/siena-scalp-eeg-1.0.0/PN10/Seizures-list-PN10.txt,092b05e6d555a304cf8349f118925697fbc666221858b69e5f8f5172cc833e93,113d0204953956e9f5e372ad40c494583a01d938e13ee506c2c86bec636ac903
PN10,PN10-1.edf,34,33,Fp2,EEG FP2,EEG,FP2,,data/raw/siena-scalp-eeg-1.0.0/PN10/Seizures-list-PN10.txt,092b05e6d555a304cf8349f118925697fbc666221858b69e5f8f5172cc833e93,113d0204953956e9f5e372ad40c494583a01d938e13ee506c2c86bec636ac903
PN10,PN10-10.edf,1,0,Fp1,EEG Fp1,EEG,FP1,,data/raw/siena-scalp-eeg-1.0.0/PN10/Seizures-list-PN10.txt,092b05e6d555a304cf8349f118925697fbc666221858b69e5f8f5172cc833e93,4e13392347427c40da58d794f991b38a93c8b37129be0b5171b114f6a34d0893
PN10,PN10-10.edf,2,1,F3,EEG F3,EEG,F3,,data/raw/siena-scalp-eeg-1.0.0/PN10/Seizures-list-PN10.txt,092b05e6d555a304cf8349f118925697fbc666221858b69e5f8f5172cc833e93,4e13392347427c40da58d794f991b38a93c8b37129be0b5171b114f6a34d0893
PN10,PN10-10.edf,3,2,C3,EEG C3,EEG,C3,,data/raw/siena-scalp-eeg-1.0.0/PN10/Seizures-list-PN10.txt,092b05e6d555a304cf8349f118925697fbc666221858b69e5f8f5172cc833e93,4e13392347427c40da58d794f991b38a93c8b37129be0b5171b114f6a34d0893
PN10,PN10-10.edf,4,3,P3,EEG P3,EEG,P3,,data/raw/siena-scalp-eeg-1.0.0/PN10/Seizures-list-PN10.txt,092b05e6d555a304cf8349f118925697fbc666221858b69e5f8f5172cc833e93,4e13392347427c40da58d794f991b38a93c8b37129be0b5171b114f6a34d0893
PN10,PN10-10.edf,5,4,1,EEG O1,EEG,O1,official channel 5 '1' reconciled to EDF 'EEG O1',data/raw/siena-scalp-eeg-1.0.0/PN10/Seizures-list-PN10.txt,092b05e6d555a304cf8349f118925697fbc666221858b69e5f8f5172cc833e93,4e13392347427c40da58d794f991b38a93c8b37129be0b5171b114f6a34d0893
PN10,PN10-10.edf,6,5,F7,EEG F7,EEG,F7,,data/raw/siena-scalp-eeg-1.0.0/PN10/Seizures-list-PN10.txt,092b05e6d555a304cf8349f118925697fbc666221858b69e5f8f5172cc833e93,4e13392347427c40da58d794f991b38a93c8b37129be0b5171b114f6a34d0893
PN10,PN10-10.edf,7,6,T3,EEG T3,EEG,T3,,data/raw/siena-scalp-eeg-1.0.0/PN10/Seizures-list-PN10.txt,092b05e6d555a304cf8349f118925697fbc666221858b69e5f8f5172cc833e93,4e13392347427c40da58d794f991b38a93c8b37129be0b5171b114f6a34d0893
PN10,PN10-10.edf,8,7,T5,EEG T5,EEG,T5,,data/raw/siena-scalp-eeg-1.0.0/PN10/Seizures-list-PN10.txt,092b05e6d555a304cf8349f118925697fbc666221858b69e5f8f5172cc833e93,4e13392347427c40da58d794f991b38a93c8b37129be0b5171b114f6a34d0893
PN10,PN10-10.edf,14,13,Fz,EEG Fz,EEG,FZ,,data/raw/siena-scalp-eeg-1.0.0/PN10/Seizures-list-PN10.txt,092b05e6d555a304cf8349f118925697fbc666221858b69e5f8f5172cc833e93,4e13392347427c40da58d794f991b38a93c8b37129be0b5171b114f6a34d0893
PN10,PN10-10.edf,15,14,Cz,EEG Cz,EEG,CZ,,data/raw/siena-scalp-eeg-1.0.0/PN10/Seizures-list-PN10.txt,092b05e6d555a304cf8349f118925697fbc666221858b69e5f8f5172cc833e93,4e13392347427c40da58d794f991b38a93c8b37129be0b5171b114f6a34d0893
PN10,PN10-10.edf,16,15,Pz,EEG Pz,EEG,PZ,,data/raw/siena-scalp-eeg-1.0.0/PN10/Seizures-list-PN10.txt,092b05e6d555a304cf8349f118925697fbc666221858b69e5f8f5172cc833e93,4e13392347427c40da58d794f991b38a93c8b37129be0b5171b114f6a34d0893
PN10,PN10-10.edf,17,16,F4,EEG F4,EEG,F4,,data/raw/siena-scalp-eeg-1.0.0/PN10/Seizures-list-PN10.txt,092b05e6d555a304cf8349f118925697fbc666221858b69e5f8f5172cc833e93,4e13392347427c40da58d794f991b38a93c8b37129be0b5171b114f6a34d0893
PN10,PN10-10.edf,18,17,C4,EEG C4,EEG,C4,,data/raw/siena-scalp-eeg-1.0.0/PN10/Seizures-list-PN10.txt,092b05e6d555a304cf8349f118925697fbc666221858b69e5f8f5172cc833e93,4e13392347427c40da58d794f991b38a93c8b37129be0b5171b114f6a34d0893
PN10,PN10-10.edf,19,18,P4,EEG P4,EEG,P4,,data/raw/siena-scalp-eeg-1.0.0/PN10/Seizures-list-PN10.txt,092b05e6d555a304cf8349f118925697fbc666221858b69e5f8f5172cc833e93,4e13392347427c40da58d794f991b38a93c8b37129be0b5171b114f6a34d0893
PN10,PN10-10.edf,20,19,O2,EEG O2,EEG,O2,,data/raw/siena-scalp-eeg-1.0.0/PN10/Seizures-list-PN10.txt,092b05e6d555a304cf8349f118925697fbc666221858b69e5f8f5172cc833e93,4e13392347427c40da58d794f991b38a93c8b37129be0b5171b114f6a34d0893
PN10,PN10-10.edf,21,20,F8,EEG F8,EEG,F8,,data/raw/siena-scalp-eeg-1.0.0/PN10/Seizures-list-PN10.txt,092b05e6d555a304cf8349f118925697fbc666221858b69e5f8f5172cc833e93,4e13392347427c40da58d794f991b38a93c8b37129be0b5171b114f6a34d0893
PN10,PN10-10.edf,22,21,T4,EEG T4,EEG,T4,,data/raw/siena-scalp-eeg-1.0.0/PN10/Seizures-list-PN10.txt,092b05e6d555a304cf8349f118925697fbc666221858b69e5f8f5172cc833e93,4e13392347427c40da58d794f991b38a93c8b37129be0b5171b114f6a34d0893
PN10,PN10-10.edf,23,22,T6,EEG T6,EEG,T6,,data/raw/siena-scalp-eeg-1.0.0/PN10/Seizures-list-PN10.txt,092b05e6d555a304cf8349f118925697fbc666221858b69e5f8f5172cc833e93,4e13392347427c40da58d794f991b38a93c8b37129be0b5171b114f6a34d0893
PN10,PN10-10.edf,32,31,EKG 1,1,ECG,ECG 1,,data/raw/siena-scalp-eeg-1.0.0/PN10/Seizures-list-PN10.txt,092b05e6d555a304cf8349f118925697fbc666221858b69e5f8f5172cc833e93,4e13392347427c40da58d794f991b38a93c8b37129be0b5171b114f6a34d0893
PN10,PN10-10.edf,33,32,EKG 2,2,ECG,ECG 2,,data/raw/siena-scalp-eeg-1.0.0/PN10/Seizures-list-PN10.txt,092b05e6d555a304cf8349f118925697fbc666221858b69e5f8f5172cc833e93,4e13392347427c40da58d794f991b38a93c8b37129be0b5171b114f6a34d0893
PN10,PN10-10.edf,34,33,Fp2,EEG FP2,EEG,FP2,,data/raw/siena-scalp-eeg-1.0.0/PN10/Seizures-list-PN10.txt,092b05e6d555a304cf8349f118925697fbc666221858b69e5f8f5172cc833e93,4e13392347427c40da58d794f991b38a93c8b37129be0b5171b114f6a34d0893
PN10,PN10-2.edf,1,0,Fp1,EEG Fp1,EEG,FP1,,data/raw/siena-scalp-eeg-1.0.0/PN10/Seizures-list-PN10.txt,092b05e6d555a304cf8349f118925697fbc666221858b69e5f8f5172cc833e93,9dd04b2395891cc3e0634bbfbc93fedf7c81bbd4cd20f43ca06db841dc69650e
PN10,PN10-2.edf,2,1,F3,EEG F3,EEG,F3,,data/raw/siena-scalp-eeg-1.0.0/PN10/Seizures-list-PN10.txt,092b05e6d555a304cf8349f118925697fbc666221858b69e5f8f5172cc833e93,9dd04b2395891cc3e0634bbfbc93fedf7c81bbd4cd20f43ca06db841dc69650e
PN10,PN10-2.edf,3,2,C3,EEG C3,EEG,C3,,data/raw/siena-scalp-eeg-1.0.0/PN10/Seizures-list-PN10.txt,092b05e6d555a304cf8349f118925697fbc666221858b69e5f8f5172cc833e93,9dd04b2395891cc3e0634bbfbc93fedf7c81bbd4cd20f43ca06db841dc69650e
PN10,PN10-2.edf,4,3,P3,EEG P3,EEG,P3,,data/raw/siena-scalp-eeg-1.0.0/PN10/Seizures-list-PN10.txt,092b05e6d555a304cf8349f118925697fbc666221858b69e5f8f5172cc833e93,9dd04b2395891cc3e0634bbfbc93fedf7c81bbd4cd20f43ca06db841dc69650e
PN10,PN10-2.edf,5,4,1,EEG O1,EEG,O1,official channel 5 '1' reconciled to EDF 'EEG O1',data/raw/siena-scalp-eeg-1.0.0/PN10/Seizures-list-PN10.txt,092b05e6d555a304cf8349f118925697fbc666221858b69e5f8f5172cc833e93,9dd04b2395891cc3e0634bbfbc93fedf7c81bbd4cd20f43ca06db841dc69650e
PN10,PN10-2.edf,6,5,F7,EEG F7,EEG,F7,,data/raw/siena-scalp-eeg-1.0.0/PN10/Seizures-list-PN10.txt,092b05e6d555a304cf8349f118925697fbc666221858b69e5f8f5172cc833e93,9dd04b2395891cc3e0634bbfbc93fedf7c81bbd4cd20f43ca06db841dc69650e
PN10,PN10-2.edf,7,6,T3,EEG T3,EEG,T3,,data/raw/siena-scalp-eeg-1.0.0/PN10/Seizures-list-PN10.txt,092b05e6d555a304cf8349f118925697fbc666221858b69e5f8f5172cc833e93,9dd04b2395891cc3e0634bbfbc93fedf7c81bbd4cd20f43ca06db841dc69650e
PN10,PN10-2.edf,8,7,T5,EEG T5,EEG,T5,,data/raw/siena-scalp-eeg-1.0.0/PN10/Seizures-list-PN10.txt,092b05e6d555a304cf8349f118925697fbc666221858b69e5f8f5172cc833e93,9dd04b2395891cc3e0634bbfbc93fedf7c81bbd4cd20f43ca06db841dc69650e
PN10,PN10-2.edf,14,13,Fz,EEG Fz,EEG,FZ,,data/raw/siena-scalp-eeg-1.0.0/PN10/Seizures-list-PN10.txt,092b05e6d555a304cf8349f118925697fbc666221858b69e5f8f5172cc833e93,9dd04b2395891cc3e0634bbfbc93fedf7c81bbd4cd20f43ca06db841dc69650e
PN10,PN10-2.edf,15,14,Cz,EEG Cz,EEG,CZ,,data/raw/siena-scalp-eeg-1.0.0/PN10/Seizures-list-PN10.txt,092b05e6d555a304cf8349f118925697fbc666221858b69e5f8f5172cc833e93,9dd04b2395891cc3e0634bbfbc93fedf7c81bbd4cd20f43ca06db841dc69650e
PN10,PN10-2.edf,16,15,Pz,EEG Pz,EEG,PZ,,data/raw/siena-scalp-eeg-1.0.0/PN10/Seizures-list-PN10.txt,092b05e6d555a304cf8349f118925697fbc666221858b69e5f8f5172cc833e93,9dd04b2395891cc3e0634bbfbc93fedf7c81bbd4cd20f43ca06db841dc69650e
PN10,PN10-2.edf,17,16,F4,EEG F4,EEG,F4,,data/raw/siena-scalp-eeg-1.0.0/PN10/Seizures-list-PN10.txt,092b05e6d555a304cf8349f118925697fbc666221858b69e5f8f5172cc833e93,9dd04b2395891cc3e0634bbfbc93fedf7c81bbd4cd20f43ca06db841dc69650e
PN10,PN10-2.edf,18,17,C4,EEG C4,EEG,C4,,data/raw/siena-scalp-eeg-1.0.0/PN10/Seizures-list-PN10.txt,092b05e6d555a304cf8349f118925697fbc666221858b69e5f8f5172cc833e93,9dd04b2395891cc3e0634bbfbc93fedf7c81bbd4cd20f43ca06db841dc69650e
PN10,PN10-2.edf,19,18,P4,EEG P4,EEG,P4,,data/raw/siena-scalp-eeg-1.0.0/PN10/Seizures-list-PN10.txt,092b05e6d555a304cf8349f118925697fbc666221858b69e5f8f5172cc833e93,9dd04b2395891cc3e0634bbfbc93fedf7c81bbd4cd20f43ca06db841dc69650e
PN10,PN10-2.edf,20,19,O2,EEG O2,EEG,O2,,data/raw/siena-scalp-eeg-1.0.0/PN10/Seizures-list-PN10.txt,092b05e6d555a304cf8349f118925697fbc666221858b69e5f8f5172cc833e93,9dd04b2395891cc3e0634bbfbc93fedf7c81bbd4cd20f43ca06db841dc69650e
PN10,PN10-2.edf,21,20,F8,EEG F8,EEG,F8,,data/raw/siena-scalp-eeg-1.0.0/PN10/Seizures-list-PN10.txt,092b05e6d555a304cf8349f118925697fbc666221858b69e5f8f5172cc833e93,9dd04b2395891cc3e0634bbfbc93fedf7c81bbd4cd20f43ca06db841dc69650e
PN10,PN10-2.edf,22,21,T4,EEG T4,EEG,T4,,data/raw/siena-scalp-eeg-1.0.0/PN10/Seizures-list-PN10.txt,092b05e6d555a304cf8349f118925697fbc666221858b69e5f8f5172cc833e93,9dd04b2395891cc3e0634bbfbc93fedf7c81bbd4cd20f43ca06db841dc69650e
PN10,PN10-2.edf,23,22,T6,EEG T6,EEG,T6,,data/raw/siena-scalp-eeg-1.0.0/PN10/Seizures-list-PN10.txt,092b05e6d555a304cf8349f118925697fbc666221858b69e5f8f5172cc833e93,9dd04b2395891cc3e0634bbfbc93fedf7c81bbd4cd20f43ca06db841dc69650e
PN10,PN10-2.edf,32,31,EKG 1,1,ECG,ECG 1,,data/raw/siena-scalp-eeg-1.0.0/PN10/Seizures-list-PN10.txt,092b05e6d555a304cf8349f118925697fbc666221858b69e5f8f5172cc833e93,9dd04b2395891cc3e0634bbfbc93fedf7c81bbd4cd20f43ca06db841dc69650e
PN10,PN10-2.edf,33,32,EKG 2,2,ECG,ECG 2,,data/raw/siena-scalp-eeg-1.0.0/PN10/Seizures-list-PN10.txt,092b05e6d555a304cf8349f118925697fbc666221858b69e5f8f5172cc833e93,9dd04b2395891cc3e0634bbfbc93fedf7c81bbd4cd20f43ca06db841dc69650e
PN10,PN10-2.edf,34,33,Fp2,EEG FP2,EEG,FP2,,data/raw/siena-scalp-eeg-1.0.0/PN10/Seizures-list-PN10.txt,092b05e6d555a304cf8349f118925697fbc666221858b69e5f8f5172cc833e93,9dd04b2395891cc3e0634bbfbc93fedf7c81bbd4cd20f43ca06db841dc69650e
PN10,PN10-3.edf,1,0,Fp1,EEG Fp1,EEG,FP1,,data/raw/siena-scalp-eeg-1.0.0/PN10/Seizures-list-PN10.txt,092b05e6d555a304cf8349f118925697fbc666221858b69e5f8f5172cc833e93,eeb82231519a8d57a5d28d8a68198da9c42feb777215f9584d8c1d11c3242bf0
PN10,PN10-3.edf,2,1,F3,EEG F3,EEG,F3,,data/raw/siena-scalp-eeg-1.0.0/PN10/Seizures-list-PN10.txt,092b05e6d555a304cf8349f118925697fbc666221858b69e5f8f5172cc833e93,eeb82231519a8d57a5d28d8a68198da9c42feb777215f9584d8c1d11c3242bf0
PN10,PN10-3.edf,3,2,C3,EEG C3,EEG,C3,,data/raw/siena-scalp-eeg-1.0.0/PN10/Seizures-list-PN10.txt,092b05e6d555a304cf8349f118925697fbc666221858b69e5f8f5172cc833e93,eeb82231519a8d57a5d28d8a68198da9c42feb777215f9584d8c1d11c3242bf0
PN10,PN10-3.edf,4,3,P3,EEG P3,EEG,P3,,data/raw/siena-scalp-eeg-1.0.0/PN10/Seizures-list-PN10.txt,092b05e6d555a304cf8349f118925697fbc666221858b69e5f8f5172cc833e93,eeb82231519a8d57a5d28d8a68198da9c42feb777215f9584d8c1d11c3242bf0
PN10,PN10-3.edf,5,4,1,EEG O1,EEG,O1,official channel 5 '1' reconciled to EDF 'EEG O1',data/raw/siena-scalp-eeg-1.0.0/PN10/Seizures-list-PN10.txt,092b05e6d555a304cf8349f118925697fbc666221858b69e5f8f5172cc833e93,eeb82231519a8d57a5d28d8a68198da9c42feb777215f9584d8c1d11c3242bf0
PN10,PN10-3.edf,6,5,F7,EEG F7,EEG,F7,,data/raw/siena-scalp-eeg-1.0.0/PN10/Seizures-list-PN10.txt,092b05e6d555a304cf8349f118925697fbc666221858b69e5f8f5172cc833e93,eeb82231519a8d57a5d28d8a68198da9c42feb777215f9584d8c1d11c3242bf0
PN10,PN10-3.edf,7,6,T3,EEG T3,EEG,T3,,data/raw/siena-scalp-eeg-1.0.0/PN10/Seizures-list-PN10.txt,092b05e6d555a304cf8349f118925697fbc666221858b69e5f8f5172cc833e93,eeb82231519a8d57a5d28d8a68198da9c42feb777215f9584d8c1d11c3242bf0
PN10,PN10-3.edf,8,7,T5,EEG T5,EEG,T5,,data/raw/siena-scalp-eeg-1.0.0/PN10/Seizures-list-PN10.txt,092b05e6d555a304cf8349f118925697fbc666221858b69e5f8f5172cc833e93,eeb82231519a8d57a5d28d8a68198da9c42feb777215f9584d8c1d11c3242bf0
PN10,PN10-3.edf,14,13,Fz,EEG Fz,EEG,FZ,,data/raw/siena-scalp-eeg-1.0.0/PN10/Seizures-list-PN10.txt,092b05e6d555a304cf8349f118925697fbc666221858b69e5f8f5172cc833e93,eeb82231519a8d57a5d28d8a68198da9c42feb777215f9584d8c1d11c3242bf0
PN10,PN10-3.edf,15,14,Cz,EEG Cz,EEG,CZ,,data/raw/siena-scalp-eeg-1.0.0/PN10/Seizures-list-PN10.txt,092b05e6d555a304cf8349f118925697fbc666221858b69e5f8f5172cc833e93,eeb82231519a8d57a5d28d8a68198da9c42feb777215f9584d8c1d11c3242bf0
PN10,PN10-3.edf,16,15,Pz,EEG Pz,EEG,PZ,,data/raw/siena-scalp-eeg-1.0.0/PN10/Seizures-list-PN10.txt,092b05e6d555a304cf8349f118925697fbc666221858b69e5f8f5172cc833e93,eeb82231519a8d57a5d28d8a68198da9c42feb777215f9584d8c1d11c3242bf0
PN10,PN10-3.edf,17,16,F4,EEG F4,EEG,F4,,data/raw/siena-scalp-eeg-1.0.0/PN10/Seizures-list-PN10.txt,092b05e6d555a304cf8349f118925697fbc666221858b69e5f8f5172cc833e93,eeb82231519a8d57a5d28d8a68198da9c42feb777215f9584d8c1d11c3242bf0
PN10,PN10-3.edf,18,17,C4,EEG C4,EEG,C4,,data/raw/siena-scalp-eeg-1.0.0/PN10/Seizures-list-PN10.txt,092b05e6d555a304cf8349f118925697fbc666221858b69e5f8f5172cc833e93,eeb82231519a8d57a5d28d8a68198da9c42feb777215f9584d8c1d11c3242bf0
PN10,PN10-3.edf,19,18,P4,EEG P4,EEG,P4,,data/raw/siena-scalp-eeg-1.0.0/PN10/Seizures-list-PN10.txt,092b05e6d555a304cf8349f118925697fbc666221858b69e5f8f5172cc833e93,eeb82231519a8d57a5d28d8a68198da9c42feb777215f9584d8c1d11c3242bf0
PN10,PN10-3.edf,20,19,O2,EEG O2,EEG,O2,,data/raw/siena-scalp-eeg-1.0.0/PN10/Seizures-list-PN10.txt,092b05e6d555a304cf8349f118925697fbc666221858b69e5f8f5172cc833e93,eeb82231519a8d57a5d28d8a68198da9c42feb777215f9584d8c1d11c3242bf0
PN10,PN10-3.edf,21,20,F8,EEG F8,EEG,F8,,data/raw/siena-scalp-eeg-1.0.0/PN10/Seizures-list-PN10.txt,092b05e6d555a304cf8349f118925697fbc666221858b69e5f8f5172cc833e93,eeb82231519a8d57a5d28d8a68198da9c42feb777215f9584d8c1d11c3242bf0
PN10,PN10-3.edf,22,21,T4,EEG T4,EEG,T4,,data/raw/siena-scalp-eeg-1.0.0/PN10/Seizures-list-PN10.txt,092b05e6d555a304cf8349f118925697fbc666221858b69e5f8f5172cc833e93,eeb82231519a8d57a5d28d8a68198da9c42feb777215f9584d8c1d11c3242bf0
PN10,PN10-3.edf,23,22,T6,EEG T6,EEG,T6,,data/raw/siena-scalp-eeg-1.0.0/PN10/Seizures-list-PN10.txt,092b05e6d555a304cf8349f118925697fbc666221858b69e5f8f5172cc833e93,eeb82231519a8d57a5d28d8a68198da9c42feb777215f9584d8c1d11c3242bf0
PN10,PN10-3.edf,32,31,EKG 1,1,ECG,ECG 1,,data/raw/siena-scalp-eeg-1.0.0/PN10/Seizures-list-PN10.txt,092b05e6d555a304cf8349f118925697fbc666221858b69e5f8f5172cc833e93,eeb82231519a8d57a5d28d8a68198da9c42feb777215f9584d8c1d11c3242bf0
PN10,PN10-3.edf,33,32,EKG 2,2,ECG,ECG 2,,data/raw/siena-scalp-eeg-1.0.0/PN10/Seizures-list-PN10.txt,092b05e6d555a304cf8349f118925697fbc666221858b69e5f8f5172cc833e93,eeb82231519a8d57a5d28d8a68198da9c42feb777215f9584d8c1d11c3242bf0
PN10,PN10-3.edf,34,33,Fp2,EEG FP2,EEG,FP2,,data/raw/siena-scalp-eeg-1.0.0/PN10/Seizures-list-PN10.txt,092b05e6d555a304cf8349f118925697fbc666221858b69e5f8f5172cc833e93,eeb82231519a8d57a5d28d8a68198da9c42feb777215f9584d8c1d11c3242bf0
PN10,PN10-4.5.6.edf,1,0,Fp1,EEG Fp1,EEG,FP1,,data/raw/siena-scalp-eeg-1.0.0/PN10/Seizures-list-PN10.txt,092b05e6d555a304cf8349f118925697fbc666221858b69e5f8f5172cc833e93,74c1cb8966972f1451fc967de293b6b977304fc70f4157f95669f77326d3fd60
PN10,PN10-4.5.6.edf,2,1,F3,EEG F3,EEG,F3,,data/raw/siena-scalp-eeg-1.0.0/PN10/Seizures-list-PN10.txt,092b05e6d555a304cf8349f118925697fbc666221858b69e5f8f5172cc833e93,74c1cb8966972f1451fc967de293b6b977304fc70f4157f95669f77326d3fd60
PN10,PN10-4.5.6.edf,3,2,C3,EEG C3,EEG,C3,,data/raw/siena-scalp-eeg-1.0.0/PN10/Seizures-list-PN10.txt,092b05e6d555a304cf8349f118925697fbc666221858b69e5f8f5172cc833e93,74c1cb8966972f1451fc967de293b6b977304fc70f4157f95669f77326d3fd60
PN10,PN10-4.5.6.edf,4,3,P3,EEG P3,EEG,P3,,data/raw/siena-scalp-eeg-1.0.0/PN10/Seizures-list-PN10.txt,092b05e6d555a304cf8349f118925697fbc666221858b69e5f8f5172cc833e93,74c1cb8966972f1451fc967de293b6b977304fc70f4157f95669f77326d3fd60
PN10,PN10-4.5.6.edf,5,4,1,EEG O1,EEG,O1,official channel 5 '1' reconciled to EDF 'EEG O1',data/raw/siena-scalp-eeg-1.0.0/PN10/Seizures-list-PN10.txt,092b05e6d555a304cf8349f118925697fbc666221858b69e5f8f5172cc833e93,74c1cb8966972f1451fc967de293b6b977304fc70f4157f95669f77326d3fd60
PN10,PN10-4.5.6.edf,6,5,F7,EEG F7,EEG,F7,,data/raw/siena-scalp-eeg-1.0.0/PN10/Seizures-list-PN10.txt,092b05e6d555a304cf8349f118925697fbc666221858b69e5f8f5172cc833e93,74c1cb8966972f1451fc967de293b6b977304fc70f4157f95669f77326d3fd60
PN10,PN10-4.5.6.edf,7,6,T3,EEG T3,EEG,T3,,data/raw/siena-scalp-eeg-1.0.0/PN10/Seizures-list-PN10.txt,092b05e6d555a304cf8349f118925697fbc666221858b69e5f8f5172cc833e93,74c1cb8966972f1451fc967de293b6b977304fc70f4157f95669f77326d3fd60
PN10,PN10-4.5.6.edf,8,7,T5,EEG T5,EEG,T5,,data/raw/siena-scalp-eeg-1.0.0/PN10/Seizures-list-PN10.txt,092b05e6d555a304cf8349f118925697fbc666221858b69e5f8f5172cc833e93,74c1cb8966972f1451fc967de293b6b977304fc70f4157f95669f77326d3fd60
PN10,PN10-4.5.6.edf,14,13,Fz,EEG Fz,EEG,FZ,,data/raw/siena-scalp-eeg-1.0.0/PN10/Seizures-list-PN10.txt,092b05e6d555a304cf8349f118925697fbc666221858b69e5f8f5172cc833e93,74c1cb8966972f1451fc967de293b6b977304fc70f4157f95669f77326d3fd60
PN10,PN10-4.5.6.edf,15,14,Cz,EEG Cz,EEG,CZ,,data/raw/siena-scalp-eeg-1.0.0/PN10/Seizures-list-PN10.txt,092b05e6d555a304cf8349f118925697fbc666221858b69e5f8f5172cc833e93,74c1cb8966972f1451fc967de293b6b977304fc70f4157f95669f77326d3fd60
PN10,PN10-4.5.6.edf,16,15,Pz,EEG Pz,EEG,PZ,,data/raw/siena-scalp-eeg-1.0.0/PN10/Seizures-list-PN10.txt,092b05e6d555a304cf8349f118925697fbc666221858b69e5f8f5172cc833e93,74c1cb8966972f1451fc967de293b6b977304fc70f4157f95669f77326d3fd60
PN10,PN10-4.5.6.edf,17,16,F4,EEG F4,EEG,F4,,data/raw/siena-scalp-eeg-1.0.0/PN10/Seizures-list-PN10.txt,092b05e6d555a304cf8349f118925697fbc666221858b69e5f8f5172cc833e93,74c1cb8966972f1451fc967de293b6b977304fc70f4157f95669f77326d3fd60
PN10,PN10-4.5.6.edf,18,17,C4,EEG C4,EEG,C4,,data/raw/siena-scalp-eeg-1.0.0/PN10/Seizures-list-PN10.txt,092b05e6d555a304cf8349f118925697fbc666221858b69e5f8f5172cc833e93,74c1cb8966972f1451fc967de293b6b977304fc70f4157f95669f77326d3fd60
PN10,PN10-4.5.6.edf,19,18,P4,EEG P4,EEG,P4,,data/raw/siena-scalp-eeg-1.0.0/PN10/Seizures-list-PN10.txt,092b05e6d555a304cf8349f118925697fbc666221858b69e5f8f5172cc833e93,74c1cb8966972f1451fc967de293b6b977304fc70f4157f95669f77326d3fd60
PN10,PN10-4.5.6.edf,20,19,O2,EEG O2,EEG,O2,,data/raw/siena-scalp-eeg-1.0.0/PN10/Seizures-list-PN10.txt,092b05e6d555a304cf8349f118925697fbc666221858b69e5f8f5172cc833e93,74c1cb8966972f1451fc967de293b6b977304fc70f4157f95669f77326d3fd60
PN10,PN10-4.5.6.edf,21,20,F8,EEG F8,EEG,F8,,data/raw/siena-scalp-eeg-1.0.0/PN10/Seizures-list-PN10.txt,092b05e6d555a304cf8349f118925697fbc666221858b69e5f8f5172cc833e93,74c1cb8966972f1451fc967de293b6b977304fc70f4157f95669f77326d3fd60
PN10,PN10-4.5.6.edf,22,21,T4,EEG T4,EEG,T4,,data/raw/siena-scalp-eeg-1.0.0/PN10/Seizures-list-PN10.txt,092b05e6d555a304cf8349f118925697fbc666221858b69e5f8f5172cc833e93,74c1cb8966972f1451fc967de293b6b977304fc70f4157f95669f77326d3fd60
PN10,PN10-4.5.6.edf,23,22,T6,EEG T6,EEG,T6,,data/raw/siena-scalp-eeg-1.0.0/PN10/Seizures-list-PN10.txt,092b05e6d555a304cf8349f118925697fbc666221858b69e5f8f5172cc833e93,74c1cb8966972f1451fc967de293b6b977304fc70f4157f95669f77326d3fd60
PN10,PN10-4.5.6.edf,32,31,EKG 1,1,ECG,ECG 1,,data/raw/siena-scalp-eeg-1.0.0/PN10/Seizures-list-PN10.txt,092b05e6d555a304cf8349f118925697fbc666221858b69e5f8f5172cc833e93,74c1cb8966972f1451fc967de293b6b977304fc70f4157f95669f77326d3fd60
PN10,PN10-4.5.6.edf,33,32,EKG 2,2,ECG,ECG 2,,data/raw/siena-scalp-eeg-1.0.0/PN10/Seizures-list-PN10.txt,092b05e6d555a304cf8349f118925697fbc666221858b69e5f8f5172cc833e93,74c1cb8966972f1451fc967de293b6b977304fc70f4157f95669f77326d3fd60
PN10,PN10-4.5.6.edf,34,33,Fp2,EEG FP2,EEG,FP2,,data/raw/siena-scalp-eeg-1.0.0/PN10/Seizures-list-PN10.txt,092b05e6d555a304cf8349f118925697fbc666221858b69e5f8f5172cc833e93,74c1cb8966972f1451fc967de293b6b977304fc70f4157f95669f77326d3fd60
PN10,PN10-7.8.9.edf,1,0,Fp1,EEG Fp1,EEG,FP1,,data/raw/siena-scalp-eeg-1.0.0/PN10/Seizures-list-PN10.txt,092b05e6d555a304cf8349f118925697fbc666221858b69e5f8f5172cc833e93,324c7d5ed294a03f86f89707de83b7647baedca4d78aef800452d5ed075e9ac4
PN10,PN10-7.8.9.edf,2,1,F3,EEG F3,EEG,F3,,data/raw/siena-scalp-eeg-1.0.0/PN10/Seizures-list-PN10.txt,092b05e6d555a304cf8349f118925697fbc666221858b69e5f8f5172cc833e93,324c7d5ed294a03f86f89707de83b7647baedca4d78aef800452d5ed075e9ac4
PN10,PN10-7.8.9.edf,3,2,C3,EEG C3,EEG,C3,,data/raw/siena-scalp-eeg-1.0.0/PN10/Seizures-list-PN10.txt,092b05e6d555a304cf8349f118925697fbc666221858b69e5f8f5172cc833e93,324c7d5ed294a03f86f89707de83b7647baedca4d78aef800452d5ed075e9ac4
PN10,PN10-7.8.9.edf,4,3,P3,EEG P3,EEG,P3,,data/raw/siena-scalp-eeg-1.0.0/PN10/Seizures-list-PN10.txt,092b05e6d555a304cf8349f118925697fbc666221858b69e5f8f5172cc833e93,324c7d5ed294a03f86f89707de83b7647baedca4d78aef800452d5ed075e9ac4
PN10,PN10-7.8.9.edf,5,4,1,EEG O1,EEG,O1,official channel 5 '1' reconciled to EDF 'EEG O1',data/raw/siena-scalp-eeg-1.0.0/PN10/Seizures-list-PN10.txt,092b05e6d555a304cf8349f118925697fbc666221858b69e5f8f5172cc833e93,324c7d5ed294a03f86f89707de83b7647baedca4d78aef800452d5ed075e9ac4
PN10,PN10-7.8.9.edf,6,5,F7,EEG F7,EEG,F7,,data/raw/siena-scalp-eeg-1.0.0/PN10/Seizures-list-PN10.txt,092b05e6d555a304cf8349f118925697fbc666221858b69e5f8f5172cc833e93,324c7d5ed294a03f86f89707de83b7647baedca4d78aef800452d5ed075e9ac4
PN10,PN10-7.8.9.edf,7,6,T3,EEG T3,EEG,T3,,data/raw/siena-scalp-eeg-1.0.0/PN10/Seizures-list-PN10.txt,092b05e6d555a304cf8349f118925697fbc666221858b69e5f8f5172cc833e93,324c7d5ed294a03f86f89707de83b7647baedca4d78aef800452d5ed075e9ac4
PN10,PN10-7.8.9.edf,8,7,T5,EEG T5,EEG,T5,,data/raw/siena-scalp-eeg-1.0.0/PN10/Seizures-list-PN10.txt,092b05e6d555a304cf8349f118925697fbc666221858b69e5f8f5172cc833e93,324c7d5ed294a03f86f89707de83b7647baedca4d78aef800452d5ed075e9ac4
PN10,PN10-7.8.9.edf,14,13,Fz,EEG Fz,EEG,FZ,,data/raw/siena-scalp-eeg-1.0.0/PN10/Seizures-list-PN10.txt,092b05e6d555a304cf8349f118925697fbc666221858b69e5f8f5172cc833e93,324c7d5ed294a03f86f89707de83b7647baedca4d78aef800452d5ed075e9ac4
PN10,PN10-7.8.9.edf,15,14,Cz,EEG Cz,EEG,CZ,,data/raw/siena-scalp-eeg-1.0.0/PN10/Seizures-list-PN10.txt,092b05e6d555a304cf8349f118925697fbc666221858b69e5f8f5172cc833e93,324c7d5ed294a03f86f89707de83b7647baedca4d78aef800452d5ed075e9ac4
PN10,PN10-7.8.9.edf,16,15,Pz,EEG Pz,EEG,PZ,,data/raw/siena-scalp-eeg-1.0.0/PN10/Seizures-list-PN10.txt,092b05e6d555a304cf8349f118925697fbc666221858b69e5f8f5172cc833e93,324c7d5ed294a03f86f89707de83b7647baedca4d78aef800452d5ed075e9ac4
PN10,PN10-7.8.9.edf,17,16,F4,EEG F4,EEG,F4,,data/raw/siena-scalp-eeg-1.0.0/PN10/Seizures-list-PN10.txt,092b05e6d555a304cf8349f118925697fbc666221858b69e5f8f5172cc833e93,324c7d5ed294a03f86f89707de83b7647baedca4d78aef800452d5ed075e9ac4
PN10,PN10-7.8.9.edf,18,17,C4,EEG C4,EEG,C4,,data/raw/siena-scalp-eeg-1.0.0/PN10/Seizures-list-PN10.txt,092b05e6d555a304cf8349f118925697fbc666221858b69e5f8f5172cc833e93,324c7d5ed294a03f86f89707de83b7647baedca4d78aef800452d5ed075e9ac4
PN10,PN10-7.8.9.edf,19,18,P4,EEG P4,EEG,P4,,data/raw/siena-scalp-eeg-1.0.0/PN10/Seizures-list-PN10.txt,092b05e6d555a304cf8349f118925697fbc666221858b69e5f8f5172cc833e93,324c7d5ed294a03f86f89707de83b7647baedca4d78aef800452d5ed075e9ac4
PN10,PN10-7.8.9.edf,20,19,O2,EEG O2,EEG,O2,,data/raw/siena-scalp-eeg-1.0.0/PN10/Seizures-list-PN10.txt,092b05e6d555a304cf8349f118925697fbc666221858b69e5f8f5172cc833e93,324c7d5ed294a03f86f89707de83b7647baedca4d78aef800452d5ed075e9ac4
PN10,PN10-7.8.9.edf,21,20,F8,EEG F8,EEG,F8,,data/raw/siena-scalp-eeg-1.0.0/PN10/Seizures-list-PN10.txt,092b05e6d555a304cf8349f118925697fbc666221858b69e5f8f5172cc833e93,324c7d5ed294a03f86f89707de83b7647baedca4d78aef800452d5ed075e9ac4
PN10,PN10-7.8.9.edf,22,21,T4,EEG T4,EEG,T4,,data/raw/siena-scalp-eeg-1.0.0/PN10/Seizures-list-PN10.txt,092b05e6d555a304cf8349f118925697fbc666221858b69e5f8f5172cc833e93,324c7d5ed294a03f86f89707de83b7647baedca4d78aef800452d5ed075e9ac4
PN10,PN10-7.8.9.edf,23,22,T6,EEG T6,EEG,T6,,data/raw/siena-scalp-eeg-1.0.0/PN10/Seizures-list-PN10.txt,092b05e6d555a304cf8349f118925697fbc666221858b69e5f8f5172cc833e93,324c7d5ed294a03f86f89707de83b7647baedca4d78aef800452d5ed075e9ac4
PN10,PN10-7.8.9.edf,32,31,EKG 1,1,ECG,ECG 1,,data/raw/siena-scalp-eeg-1.0.0/PN10/Seizures-list-PN10.txt,092b05e6d555a304cf8349f118925697fbc666221858b69e5f8f5172cc833e93,324c7d5ed294a03f86f89707de83b7647baedca4d78aef800452d5ed075e9ac4
PN10,PN10-7.8.9.edf,33,32,EKG 2,2,ECG,ECG 2,,data/raw/siena-scalp-eeg-1.0.0/PN10/Seizures-list-PN10.txt,092b05e6d555a304cf8349f118925697fbc666221858b69e5f8f5172cc833e93,324c7d5ed294a03f86f89707de83b7647baedca4d78aef800452d5ed075e9ac4
PN10,PN10-7.8.9.edf,34,33,Fp2,EEG FP2,EEG,FP2,,data/raw/siena-scalp-eeg-1.0.0/PN10/Seizures-list-PN10.txt,092b05e6d555a304cf8349f118925697fbc666221858b69e5f8f5172cc833e93,324c7d5ed294a03f86f89707de83b7647baedca4d78aef800452d5ed075e9ac4
PN12,PN12-1.2.edf,1,0,Fp1,EEG Fp1,EEG,FP1,,data/raw/siena-scalp-eeg-1.0.0/PN12/Seizures-list-PN12.txt,eeb788827cf12d293d3558f4649a615fb99508eed1dec17d919c8b38c1b64b7f,06c377b029a0611790638d848ee097396c2a7f0254eb3cbf15ddcfe55e423eb4
PN12,PN12-1.2.edf,2,1,F3,EEG F3,EEG,F3,,data/raw/siena-scalp-eeg-1.0.0/PN12/Seizures-list-PN12.txt,eeb788827cf12d293d3558f4649a615fb99508eed1dec17d919c8b38c1b64b7f,06c377b029a0611790638d848ee097396c2a7f0254eb3cbf15ddcfe55e423eb4
PN12,PN12-1.2.edf,3,2,C3,EEG C3,EEG,C3,,data/raw/siena-scalp-eeg-1.0.0/PN12/Seizures-list-PN12.txt,eeb788827cf12d293d3558f4649a615fb99508eed1dec17d919c8b38c1b64b7f,06c377b029a0611790638d848ee097396c2a7f0254eb3cbf15ddcfe55e423eb4
PN12,PN12-1.2.edf,4,3,P3,EEG P3,EEG,P3,,data/raw/siena-scalp-eeg-1.0.0/PN12/Seizures-list-PN12.txt,eeb788827cf12d293d3558f4649a615fb99508eed1dec17d919c8b38c1b64b7f,06c377b029a0611790638d848ee097396c2a7f0254eb3cbf15ddcfe55e423eb4
PN12,PN12-1.2.edf,5,4,1,EEG O1,EEG,O1,official channel 5 '1' reconciled to EDF 'EEG O1',data/raw/siena-scalp-eeg-1.0.0/PN12/Seizures-list-PN12.txt,eeb788827cf12d293d3558f4649a615fb99508eed1dec17d919c8b38c1b64b7f,06c377b029a0611790638d848ee097396c2a7f0254eb3cbf15ddcfe55e423eb4
PN12,PN12-1.2.edf,6,5,F7,EEG F7,EEG,F7,,data/raw/siena-scalp-eeg-1.0.0/PN12/Seizures-list-PN12.txt,eeb788827cf12d293d3558f4649a615fb99508eed1dec17d919c8b38c1b64b7f,06c377b029a0611790638d848ee097396c2a7f0254eb3cbf15ddcfe55e423eb4
PN12,PN12-1.2.edf,7,6,T3,EEG T3,EEG,T3,,data/raw/siena-scalp-eeg-1.0.0/PN12/Seizures-list-PN12.txt,eeb788827cf12d293d3558f4649a615fb99508eed1dec17d919c8b38c1b64b7f,06c377b029a0611790638d848ee097396c2a7f0254eb3cbf15ddcfe55e423eb4
PN12,PN12-1.2.edf,8,7,T5,EEG T5,EEG,T5,,data/raw/siena-scalp-eeg-1.0.0/PN12/Seizures-list-PN12.txt,eeb788827cf12d293d3558f4649a615fb99508eed1dec17d919c8b38c1b64b7f,06c377b029a0611790638d848ee097396c2a7f0254eb3cbf15ddcfe55e423eb4
PN12,PN12-1.2.edf,9,8,Fc1,EEG Fc1,EEG,FC1,,data/raw/siena-scalp-eeg-1.0.0/PN12/Seizures-list-PN12.txt,eeb788827cf12d293d3558f4649a615fb99508eed1dec17d919c8b38c1b64b7f,06c377b029a0611790638d848ee097396c2a7f0254eb3cbf15ddcfe55e423eb4
PN12,PN12-1.2.edf,10,9,Fc5,EEG Fc5,EEG,FC5,,data/raw/siena-scalp-eeg-1.0.0/PN12/Seizures-list-PN12.txt,eeb788827cf12d293d3558f4649a615fb99508eed1dec17d919c8b38c1b64b7f,06c377b029a0611790638d848ee097396c2a7f0254eb3cbf15ddcfe55e423eb4
PN12,PN12-1.2.edf,11,10,Cp1,EEG Cp1,EEG,CP1,,data/raw/siena-scalp-eeg-1.0.0/PN12/Seizures-list-PN12.txt,eeb788827cf12d293d3558f4649a615fb99508eed1dec17d919c8b38c1b64b7f,06c377b029a0611790638d848ee097396c2a7f0254eb3cbf15ddcfe55e423eb4
PN12,PN12-1.2.edf,12,11,Cp5,EEG Cp5,EEG,CP5,,data/raw/siena-scalp-eeg-1.0.0/PN12/Seizures-list-PN12.txt,eeb788827cf12d293d3558f4649a615fb99508eed1dec17d919c8b38c1b64b7f,06c377b029a0611790638d848ee097396c2a7f0254eb3cbf15ddcfe55e423eb4
PN12,PN12-1.2.edf,13,12,F9,EEG F9,EEG,F9,,data/raw/siena-scalp-eeg-1.0.0/PN12/Seizures-list-PN12.txt,eeb788827cf12d293d3558f4649a615fb99508eed1dec17d919c8b38c1b64b7f,06c377b029a0611790638d848ee097396c2a7f0254eb3cbf15ddcfe55e423eb4
PN12,PN12-1.2.edf,14,13,Fz,EEG Fz,EEG,FZ,,data/raw/siena-scalp-eeg-1.0.0/PN12/Seizures-list-PN12.txt,eeb788827cf12d293d3558f4649a615fb99508eed1dec17d919c8b38c1b64b7f,06c377b029a0611790638d848ee097396c2a7f0254eb3cbf15ddcfe55e423eb4
PN12,PN12-1.2.edf,15,14,Cz,EEG Cz,EEG,CZ,,data/raw/siena-scalp-eeg-1.0.0/PN12/Seizures-list-PN12.txt,eeb788827cf12d293d3558f4649a615fb99508eed1dec17d919c8b38c1b64b7f,06c377b029a0611790638d848ee097396c2a7f0254eb3cbf15ddcfe55e423eb4
PN12,PN12-1.2.edf,16,15,Pz,EEG Pz,EEG,PZ,,data/raw/siena-scalp-eeg-1.0.0/PN12/Seizures-list-PN12.txt,eeb788827cf12d293d3558f4649a615fb99508eed1dec17d919c8b38c1b64b7f,06c377b029a0611790638d848ee097396c2a7f0254eb3cbf15ddcfe55e423eb4
PN12,PN12-1.2.edf,17,16,F4,EEG F4,EEG,F4,,data/raw/siena-scalp-eeg-1.0.0/PN12/Seizures-list-PN12.txt,eeb788827cf12d293d3558f4649a615fb99508eed1dec17d919c8b38c1b64b7f,06c377b029a0611790638d848ee097396c2a7f0254eb3cbf15ddcfe55e423eb4
PN12,PN12-1.2.edf,18,17,C4,EEG C4,EEG,C4,,data/raw/siena-scalp-eeg-1.0.0/PN12/Seizures-list-PN12.txt,eeb788827cf12d293d3558f4649a615fb99508eed1dec17d919c8b38c1b64b7f,06c377b029a0611790638d848ee097396c2a7f0254eb3cbf15ddcfe55e423eb4
PN12,PN12-1.2.edf,19,18,P4,EEG P4,EEG,P4,,data/raw/siena-scalp-eeg-1.0.0/PN12/Seizures-list-PN12.txt,eeb788827cf12d293d3558f4649a615fb99508eed1dec17d919c8b38c1b64b7f,06c377b029a0611790638d848ee097396c2a7f0254eb3cbf15ddcfe55e423eb4
PN12,PN12-1.2.edf,20,19,O2,EEG O2,EEG,O2,,data/raw/siena-scalp-eeg-1.0.0/PN12/Seizures-list-PN12.txt,eeb788827cf12d293d3558f4649a615fb99508eed1dec17d919c8b38c1b64b7f,06c377b029a0611790638d848ee097396c2a7f0254eb3cbf15ddcfe55e423eb4
PN12,PN12-1.2.edf,21,20,F8,EEG F8,EEG,F8,,data/raw/siena-scalp-eeg-1.0.0/PN12/Seizures-list-PN12.txt,eeb788827cf12d293d3558f4649a615fb99508eed1dec17d919c8b38c1b64b7f,06c377b029a0611790638d848ee097396c2a7f0254eb3cbf15ddcfe55e423eb4
PN12,PN12-1.2.edf,22,21,T4,EEG T4,EEG,T4,,data/raw/siena-scalp-eeg-1.0.0/PN12/Seizures-list-PN12.txt,eeb788827cf12d293d3558f4649a615fb99508eed1dec17d919c8b38c1b64b7f,06c377b029a0611790638d848ee097396c2a7f0254eb3cbf15ddcfe55e423eb4
PN12,PN12-1.2.edf,23,22,T6,EEG T6,EEG,T6,,data/raw/siena-scalp-eeg-1.0.0/PN12/Seizures-list-PN12.txt,eeb788827cf12d293d3558f4649a615fb99508eed1dec17d919c8b38c1b64b7f,06c377b029a0611790638d848ee097396c2a7f0254eb3cbf15ddcfe55e423eb4
PN12,PN12-1.2.edf,24,23,Fc2,EEG Fc2,EEG,FC2,,data/raw/siena-scalp-eeg-1.0.0/PN12/Seizures-list-PN12.txt,eeb788827cf12d293d3558f4649a615fb99508eed1dec17d919c8b38c1b64b7f,06c377b029a0611790638d848ee097396c2a7f0254eb3cbf15ddcfe55e423eb4
PN12,PN12-1.2.edf,25,24,Fc6,EEG Fc6,EEG,FC6,,data/raw/siena-scalp-eeg-1.0.0/PN12/Seizures-list-PN12.txt,eeb788827cf12d293d3558f4649a615fb99508eed1dec17d919c8b38c1b64b7f,06c377b029a0611790638d848ee097396c2a7f0254eb3cbf15ddcfe55e423eb4
PN12,PN12-1.2.edf,26,25,Cp2,EEG Cp2,EEG,CP2,,data/raw/siena-scalp-eeg-1.0.0/PN12/Seizures-list-PN12.txt,eeb788827cf12d293d3558f4649a615fb99508eed1dec17d919c8b38c1b64b7f,06c377b029a0611790638d848ee097396c2a7f0254eb3cbf15ddcfe55e423eb4
PN12,PN12-1.2.edf,27,26,Cp6,EEG Cp6,EEG,CP6,,data/raw/siena-scalp-eeg-1.0.0/PN12/Seizures-list-PN12.txt,eeb788827cf12d293d3558f4649a615fb99508eed1dec17d919c8b38c1b64b7f,06c377b029a0611790638d848ee097396c2a7f0254eb3cbf15ddcfe55e423eb4
PN12,PN12-1.2.edf,28,27,F10,EEG F10,EEG,F10,,data/raw/siena-scalp-eeg-1.0.0/PN12/Seizures-list-PN12.txt,eeb788827cf12d293d3558f4649a615fb99508eed1dec17d919c8b38c1b64b7f,06c377b029a0611790638d848ee097396c2a7f0254eb3cbf15ddcfe55e423eb4
PN12,PN12-1.2.edf,32,31,EKG 1,1,ECG,ECG 1,,data/raw/siena-scalp-eeg-1.0.0/PN12/Seizures-list-PN12.txt,eeb788827cf12d293d3558f4649a615fb99508eed1dec17d919c8b38c1b64b7f,06c377b029a0611790638d848ee097396c2a7f0254eb3cbf15ddcfe55e423eb4
PN12,PN12-1.2.edf,33,32,EKG 2,2,ECG,ECG 2,,data/raw/siena-scalp-eeg-1.0.0/PN12/Seizures-list-PN12.txt,eeb788827cf12d293d3558f4649a615fb99508eed1dec17d919c8b38c1b64b7f,06c377b029a0611790638d848ee097396c2a7f0254eb3cbf15ddcfe55e423eb4
PN12,PN12-1.2.edf,34,33,Fp2,EEG FP2,EEG,FP2,,data/raw/siena-scalp-eeg-1.0.0/PN12/Seizures-list-PN12.txt,eeb788827cf12d293d3558f4649a615fb99508eed1dec17d919c8b38c1b64b7f,06c377b029a0611790638d848ee097396c2a7f0254eb3cbf15ddcfe55e423eb4
PN12,PN12-3.edf,1,0,Fp1,EEG Fp1,EEG,FP1,,data/raw/siena-scalp-eeg-1.0.0/PN12/Seizures-list-PN12.txt,eeb788827cf12d293d3558f4649a615fb99508eed1dec17d919c8b38c1b64b7f,5aa5079487cc5fc41c9a42f24b18c6f795e7c1afffb6da61d920b5568fb1b94d
PN12,PN12-3.edf,2,1,F3,EEG F3,EEG,F3,,data/raw/siena-scalp-eeg-1.0.0/PN12/Seizures-list-PN12.txt,eeb788827cf12d293d3558f4649a615fb99508eed1dec17d919c8b38c1b64b7f,5aa5079487cc5fc41c9a42f24b18c6f795e7c1afffb6da61d920b5568fb1b94d
PN12,PN12-3.edf,3,2,C3,EEG C3,EEG,C3,,data/raw/siena-scalp-eeg-1.0.0/PN12/Seizures-list-PN12.txt,eeb788827cf12d293d3558f4649a615fb99508eed1dec17d919c8b38c1b64b7f,5aa5079487cc5fc41c9a42f24b18c6f795e7c1afffb6da61d920b5568fb1b94d
PN12,PN12-3.edf,4,3,P3,EEG P3,EEG,P3,,data/raw/siena-scalp-eeg-1.0.0/PN12/Seizures-list-PN12.txt,eeb788827cf12d293d3558f4649a615fb99508eed1dec17d919c8b38c1b64b7f,5aa5079487cc5fc41c9a42f24b18c6f795e7c1afffb6da61d920b5568fb1b94d
PN12,PN12-3.edf,5,4,1,EEG O1,EEG,O1,official channel 5 '1' reconciled to EDF 'EEG O1',data/raw/siena-scalp-eeg-1.0.0/PN12/Seizures-list-PN12.txt,eeb788827cf12d293d3558f4649a615fb99508eed1dec17d919c8b38c1b64b7f,5aa5079487cc5fc41c9a42f24b18c6f795e7c1afffb6da61d920b5568fb1b94d
PN12,PN12-3.edf,6,5,F7,EEG F7,EEG,F7,,data/raw/siena-scalp-eeg-1.0.0/PN12/Seizures-list-PN12.txt,eeb788827cf12d293d3558f4649a615fb99508eed1dec17d919c8b38c1b64b7f,5aa5079487cc5fc41c9a42f24b18c6f795e7c1afffb6da61d920b5568fb1b94d
PN12,PN12-3.edf,7,6,T3,EEG T3,EEG,T3,,data/raw/siena-scalp-eeg-1.0.0/PN12/Seizures-list-PN12.txt,eeb788827cf12d293d3558f4649a615fb99508eed1dec17d919c8b38c1b64b7f,5aa5079487cc5fc41c9a42f24b18c6f795e7c1afffb6da61d920b5568fb1b94d
PN12,PN12-3.edf,8,7,T5,EEG T5,EEG,T5,,data/raw/siena-scalp-eeg-1.0.0/PN12/Seizures-list-PN12.txt,eeb788827cf12d293d3558f4649a615fb99508eed1dec17d919c8b38c1b64b7f,5aa5079487cc5fc41c9a42f24b18c6f795e7c1afffb6da61d920b5568fb1b94d
PN12,PN12-3.edf,9,8,Fc1,EEG Fc1,EEG,FC1,,data/raw/siena-scalp-eeg-1.0.0/PN12/Seizures-list-PN12.txt,eeb788827cf12d293d3558f4649a615fb99508eed1dec17d919c8b38c1b64b7f,5aa5079487cc5fc41c9a42f24b18c6f795e7c1afffb6da61d920b5568fb1b94d
PN12,PN12-3.edf,10,9,Fc5,EEG Fc5,EEG,FC5,,data/raw/siena-scalp-eeg-1.0.0/PN12/Seizures-list-PN12.txt,eeb788827cf12d293d3558f4649a615fb99508eed1dec17d919c8b38c1b64b7f,5aa5079487cc5fc41c9a42f24b18c6f795e7c1afffb6da61d920b5568fb1b94d
PN12,PN12-3.edf,11,10,Cp1,EEG Cp1,EEG,CP1,,data/raw/siena-scalp-eeg-1.0.0/PN12/Seizures-list-PN12.txt,eeb788827cf12d293d3558f4649a615fb99508eed1dec17d919c8b38c1b64b7f,5aa5079487cc5fc41c9a42f24b18c6f795e7c1afffb6da61d920b5568fb1b94d
PN12,PN12-3.edf,12,11,Cp5,EEG Cp5,EEG,CP5,,data/raw/siena-scalp-eeg-1.0.0/PN12/Seizures-list-PN12.txt,eeb788827cf12d293d3558f4649a615fb99508eed1dec17d919c8b38c1b64b7f,5aa5079487cc5fc41c9a42f24b18c6f795e7c1afffb6da61d920b5568fb1b94d
PN12,PN12-3.edf,13,12,F9,EEG F9,EEG,F9,,data/raw/siena-scalp-eeg-1.0.0/PN12/Seizures-list-PN12.txt,eeb788827cf12d293d3558f4649a615fb99508eed1dec17d919c8b38c1b64b7f,5aa5079487cc5fc41c9a42f24b18c6f795e7c1afffb6da61d920b5568fb1b94d
PN12,PN12-3.edf,14,13,Fz,EEG Fz,EEG,FZ,,data/raw/siena-scalp-eeg-1.0.0/PN12/Seizures-list-PN12.txt,eeb788827cf12d293d3558f4649a615fb99508eed1dec17d919c8b38c1b64b7f,5aa5079487cc5fc41c9a42f24b18c6f795e7c1afffb6da61d920b5568fb1b94d
PN12,PN12-3.edf,15,14,Cz,EEG Cz,EEG,CZ,,data/raw/siena-scalp-eeg-1.0.0/PN12/Seizures-list-PN12.txt,eeb788827cf12d293d3558f4649a615fb99508eed1dec17d919c8b38c1b64b7f,5aa5079487cc5fc41c9a42f24b18c6f795e7c1afffb6da61d920b5568fb1b94d
PN12,PN12-3.edf,16,15,Pz,EEG Pz,EEG,PZ,,data/raw/siena-scalp-eeg-1.0.0/PN12/Seizures-list-PN12.txt,eeb788827cf12d293d3558f4649a615fb99508eed1dec17d919c8b38c1b64b7f,5aa5079487cc5fc41c9a42f24b18c6f795e7c1afffb6da61d920b5568fb1b94d
PN12,PN12-3.edf,17,16,F4,EEG F4,EEG,F4,,data/raw/siena-scalp-eeg-1.0.0/PN12/Seizures-list-PN12.txt,eeb788827cf12d293d3558f4649a615fb99508eed1dec17d919c8b38c1b64b7f,5aa5079487cc5fc41c9a42f24b18c6f795e7c1afffb6da61d920b5568fb1b94d
PN12,PN12-3.edf,18,17,C4,EEG C4,EEG,C4,,data/raw/siena-scalp-eeg-1.0.0/PN12/Seizures-list-PN12.txt,eeb788827cf12d293d3558f4649a615fb99508eed1dec17d919c8b38c1b64b7f,5aa5079487cc5fc41c9a42f24b18c6f795e7c1afffb6da61d920b5568fb1b94d
PN12,PN12-3.edf,19,18,P4,EEG P4,EEG,P4,,data/raw/siena-scalp-eeg-1.0.0/PN12/Seizures-list-PN12.txt,eeb788827cf12d293d3558f4649a615fb99508eed1dec17d919c8b38c1b64b7f,5aa5079487cc5fc41c9a42f24b18c6f795e7c1afffb6da61d920b5568fb1b94d
PN12,PN12-3.edf,20,19,O2,EEG O2,EEG,O2,,data/raw/siena-scalp-eeg-1.0.0/PN12/Seizures-list-PN12.txt,eeb788827cf12d293d3558f4649a615fb99508eed1dec17d919c8b38c1b64b7f,5aa5079487cc5fc41c9a42f24b18c6f795e7c1afffb6da61d920b5568fb1b94d
PN12,PN12-3.edf,21,20,F8,EEG F8,EEG,F8,,data/raw/siena-scalp-eeg-1.0.0/PN12/Seizures-list-PN12.txt,eeb788827cf12d293d3558f4649a615fb99508eed1dec17d919c8b38c1b64b7f,5aa5079487cc5fc41c9a42f24b18c6f795e7c1afffb6da61d920b5568fb1b94d
PN12,PN12-3.edf,22,21,T4,EEG T4,EEG,T4,,data/raw/siena-scalp-eeg-1.0.0/PN12/Seizures-list-PN12.txt,eeb788827cf12d293d3558f4649a615fb99508eed1dec17d919c8b38c1b64b7f,5aa5079487cc5fc41c9a42f24b18c6f795e7c1afffb6da61d920b5568fb1b94d
PN12,PN12-3.edf,23,22,T6,EEG T6,EEG,T6,,data/raw/siena-scalp-eeg-1.0.0/PN12/Seizures-list-PN12.txt,eeb788827cf12d293d3558f4649a615fb99508eed1dec17d919c8b38c1b64b7f,5aa5079487cc5fc41c9a42f24b18c6f795e7c1afffb6da61d920b5568fb1b94d
PN12,PN12-3.edf,24,23,Fc2,EEG Fc2,EEG,FC2,,data/raw/siena-scalp-eeg-1.0.0/PN12/Seizures-list-PN12.txt,eeb788827cf12d293d3558f4649a615fb99508eed1dec17d919c8b38c1b64b7f,5aa5079487cc5fc41c9a42f24b18c6f795e7c1afffb6da61d920b5568fb1b94d
PN12,PN12-3.edf,25,24,Fc6,EEG Fc6,EEG,FC6,,data/raw/siena-scalp-eeg-1.0.0/PN12/Seizures-list-PN12.txt,eeb788827cf12d293d3558f4649a615fb99508eed1dec17d919c8b38c1b64b7f,5aa5079487cc5fc41c9a42f24b18c6f795e7c1afffb6da61d920b5568fb1b94d
PN12,PN12-3.edf,26,25,Cp2,EEG Cp2,EEG,CP2,,data/raw/siena-scalp-eeg-1.0.0/PN12/Seizures-list-PN12.txt,eeb788827cf12d293d3558f4649a615fb99508eed1dec17d919c8b38c1b64b7f,5aa5079487cc5fc41c9a42f24b18c6f795e7c1afffb6da61d920b5568fb1b94d
PN12,PN12-3.edf,27,26,Cp6,EEG Cp6,EEG,CP6,,data/raw/siena-scalp-eeg-1.0.0/PN12/Seizures-list-PN12.txt,eeb788827cf12d293d3558f4649a615fb99508eed1dec17d919c8b38c1b64b7f,5aa5079487cc5fc41c9a42f24b18c6f795e7c1afffb6da61d920b5568fb1b94d
PN12,PN12-3.edf,28,27,F10,EEG F10,EEG,F10,,data/raw/siena-scalp-eeg-1.0.0/PN12/Seizures-list-PN12.txt,eeb788827cf12d293d3558f4649a615fb99508eed1dec17d919c8b38c1b64b7f,5aa5079487cc5fc41c9a42f24b18c6f795e7c1afffb6da61d920b5568fb1b94d
PN12,PN12-3.edf,32,31,EKG 1,1,ECG,ECG 1,,data/raw/siena-scalp-eeg-1.0.0/PN12/Seizures-list-PN12.txt,eeb788827cf12d293d3558f4649a615fb99508eed1dec17d919c8b38c1b64b7f,5aa5079487cc5fc41c9a42f24b18c6f795e7c1afffb6da61d920b5568fb1b94d
PN12,PN12-3.edf,33,32,EKG 2,2,ECG,ECG 2,,data/raw/siena-scalp-eeg-1.0.0/PN12/Seizures-list-PN12.txt,eeb788827cf12d293d3558f4649a615fb99508eed1dec17d919c8b38c1b64b7f,5aa5079487cc5fc41c9a42f24b18c6f795e7c1afffb6da61d920b5568fb1b94d
PN12,PN12-3.edf,34,33,Fp2,EEG FP2,EEG,FP2,,data/raw/siena-scalp-eeg-1.0.0/PN12/Seizures-list-PN12.txt,eeb788827cf12d293d3558f4649a615fb99508eed1dec17d919c8b38c1b64b7f,5aa5079487cc5fc41c9a42f24b18c6f795e7c1afffb6da61d920b5568fb1b94d
PN12,PN12-4.edf,1,0,Fp1,EEG Fp1,EEG,FP1,,data/raw/siena-scalp-eeg-1.0.0/PN12/Seizures-list-PN12.txt,eeb788827cf12d293d3558f4649a615fb99508eed1dec17d919c8b38c1b64b7f,079bbebafbf71ffb3528e721fbad980c374a27266fa49f27c0a86c38fefe40a0
PN12,PN12-4.edf,2,1,F3,EEG F3,EEG,F3,,data/raw/siena-scalp-eeg-1.0.0/PN12/Seizures-list-PN12.txt,eeb788827cf12d293d3558f4649a615fb99508eed1dec17d919c8b38c1b64b7f,079bbebafbf71ffb3528e721fbad980c374a27266fa49f27c0a86c38fefe40a0
PN12,PN12-4.edf,3,2,C3,EEG C3,EEG,C3,,data/raw/siena-scalp-eeg-1.0.0/PN12/Seizures-list-PN12.txt,eeb788827cf12d293d3558f4649a615fb99508eed1dec17d919c8b38c1b64b7f,079bbebafbf71ffb3528e721fbad980c374a27266fa49f27c0a86c38fefe40a0
PN12,PN12-4.edf,4,3,P3,EEG P3,EEG,P3,,data/raw/siena-scalp-eeg-1.0.0/PN12/Seizures-list-PN12.txt,eeb788827cf12d293d3558f4649a615fb99508eed1dec17d919c8b38c1b64b7f,079bbebafbf71ffb3528e721fbad980c374a27266fa49f27c0a86c38fefe40a0
PN12,PN12-4.edf,5,4,1,EEG O1,EEG,O1,official channel 5 '1' reconciled to EDF 'EEG O1',data/raw/siena-scalp-eeg-1.0.0/PN12/Seizures-list-PN12.txt,eeb788827cf12d293d3558f4649a615fb99508eed1dec17d919c8b38c1b64b7f,079bbebafbf71ffb3528e721fbad980c374a27266fa49f27c0a86c38fefe40a0
PN12,PN12-4.edf,6,5,F7,EEG F7,EEG,F7,,data/raw/siena-scalp-eeg-1.0.0/PN12/Seizures-list-PN12.txt,eeb788827cf12d293d3558f4649a615fb99508eed1dec17d919c8b38c1b64b7f,079bbebafbf71ffb3528e721fbad980c374a27266fa49f27c0a86c38fefe40a0
PN12,PN12-4.edf,7,6,T3,EEG T3,EEG,T3,,data/raw/siena-scalp-eeg-1.0.0/PN12/Seizures-list-PN12.txt,eeb788827cf12d293d3558f4649a615fb99508eed1dec17d919c8b38c1b64b7f,079bbebafbf71ffb3528e721fbad980c374a27266fa49f27c0a86c38fefe40a0
PN12,PN12-4.edf,8,7,T5,EEG T5,EEG,T5,,data/raw/siena-scalp-eeg-1.0.0/PN12/Seizures-list-PN12.txt,eeb788827cf12d293d3558f4649a615fb99508eed1dec17d919c8b38c1b64b7f,079bbebafbf71ffb3528e721fbad980c374a27266fa49f27c0a86c38fefe40a0
PN12,PN12-4.edf,9,8,Fc1,EEG Fc1,EEG,FC1,,data/raw/siena-scalp-eeg-1.0.0/PN12/Seizures-list-PN12.txt,eeb788827cf12d293d3558f4649a615fb99508eed1dec17d919c8b38c1b64b7f,079bbebafbf71ffb3528e721fbad980c374a27266fa49f27c0a86c38fefe40a0
PN12,PN12-4.edf,10,9,Fc5,EEG Fc5,EEG,FC5,,data/raw/siena-scalp-eeg-1.0.0/PN12/Seizures-list-PN12.txt,eeb788827cf12d293d3558f4649a615fb99508eed1dec17d919c8b38c1b64b7f,079bbebafbf71ffb3528e721fbad980c374a27266fa49f27c0a86c38fefe40a0
PN12,PN12-4.edf,11,10,Cp1,EEG Cp1,EEG,CP1,,data/raw/siena-scalp-eeg-1.0.0/PN12/Seizures-list-PN12.txt,eeb788827cf12d293d3558f4649a615fb99508eed1dec17d919c8b38c1b64b7f,079bbebafbf71ffb3528e721fbad980c374a27266fa49f27c0a86c38fefe40a0
PN12,PN12-4.edf,12,11,Cp5,EEG Cp5,EEG,CP5,,data/raw/siena-scalp-eeg-1.0.0/PN12/Seizures-list-PN12.txt,eeb788827cf12d293d3558f4649a615fb99508eed1dec17d919c8b38c1b64b7f,079bbebafbf71ffb3528e721fbad980c374a27266fa49f27c0a86c38fefe40a0
PN12,PN12-4.edf,13,12,F9,EEG F9,EEG,F9,,data/raw/siena-scalp-eeg-1.0.0/PN12/Seizures-list-PN12.txt,eeb788827cf12d293d3558f4649a615fb99508eed1dec17d919c8b38c1b64b7f,079bbebafbf71ffb3528e721fbad980c374a27266fa49f27c0a86c38fefe40a0
PN12,PN12-4.edf,14,13,Fz,EEG Fz,EEG,FZ,,data/raw/siena-scalp-eeg-1.0.0/PN12/Seizures-list-PN12.txt,eeb788827cf12d293d3558f4649a615fb99508eed1dec17d919c8b38c1b64b7f,079bbebafbf71ffb3528e721fbad980c374a27266fa49f27c0a86c38fefe40a0
PN12,PN12-4.edf,15,14,Cz,EEG Cz,EEG,CZ,,data/raw/siena-scalp-eeg-1.0.0/PN12/Seizures-list-PN12.txt,eeb788827cf12d293d3558f4649a615fb99508eed1dec17d919c8b38c1b64b7f,079bbebafbf71ffb3528e721fbad980c374a27266fa49f27c0a86c38fefe40a0
PN12,PN12-4.edf,16,15,Pz,EEG Pz,EEG,PZ,,data/raw/siena-scalp-eeg-1.0.0/PN12/Seizures-list-PN12.txt,eeb788827cf12d293d3558f4649a615fb99508eed1dec17d919c8b38c1b64b7f,079bbebafbf71ffb3528e721fbad980c374a27266fa49f27c0a86c38fefe40a0
PN12,PN12-4.edf,17,16,F4,EEG F4,EEG,F4,,data/raw/siena-scalp-eeg-1.0.0/PN12/Seizures-list-PN12.txt,eeb788827cf12d293d3558f4649a615fb99508eed1dec17d919c8b38c1b64b7f,079bbebafbf71ffb3528e721fbad980c374a27266fa49f27c0a86c38fefe40a0
PN12,PN12-4.edf,18,17,C4,EEG C4,EEG,C4,,data/raw/siena-scalp-eeg-1.0.0/PN12/Seizures-list-PN12.txt,eeb788827cf12d293d3558f4649a615fb99508eed1dec17d919c8b38c1b64b7f,079bbebafbf71ffb3528e721fbad980c374a27266fa49f27c0a86c38fefe40a0
PN12,PN12-4.edf,19,18,P4,EEG P4,EEG,P4,,data/raw/siena-scalp-eeg-1.0.0/PN12/Seizures-list-PN12.txt,eeb788827cf12d293d3558f4649a615fb99508eed1dec17d919c8b38c1b64b7f,079bbebafbf71ffb3528e721fbad980c374a27266fa49f27c0a86c38fefe40a0
PN12,PN12-4.edf,20,19,O2,EEG O2,EEG,O2,,data/raw/siena-scalp-eeg-1.0.0/PN12/Seizures-list-PN12.txt,eeb788827cf12d293d3558f4649a615fb99508eed1dec17d919c8b38c1b64b7f,079bbebafbf71ffb3528e721fbad980c374a27266fa49f27c0a86c38fefe40a0
PN12,PN12-4.edf,21,20,F8,EEG F8,EEG,F8,,data/raw/siena-scalp-eeg-1.0.0/PN12/Seizures-list-PN12.txt,eeb788827cf12d293d3558f4649a615fb99508eed1dec17d919c8b38c1b64b7f,079bbebafbf71ffb3528e721fbad980c374a27266fa49f27c0a86c38fefe40a0
PN12,PN12-4.edf,22,21,T4,EEG T4,EEG,T4,,data/raw/siena-scalp-eeg-1.0.0/PN12/Seizures-list-PN12.txt,eeb788827cf12d293d3558f4649a615fb99508eed1dec17d919c8b38c1b64b7f,079bbebafbf71ffb3528e721fbad980c374a27266fa49f27c0a86c38fefe40a0
PN12,PN12-4.edf,23,22,T6,EEG T6,EEG,T6,,data/raw/siena-scalp-eeg-1.0.0/PN12/Seizures-list-PN12.txt,eeb788827cf12d293d3558f4649a615fb99508eed1dec17d919c8b38c1b64b7f,079bbebafbf71ffb3528e721fbad980c374a27266fa49f27c0a86c38fefe40a0
PN12,PN12-4.edf,24,23,Fc2,EEG Fc2,EEG,FC2,,data/raw/siena-scalp-eeg-1.0.0/PN12/Seizures-list-PN12.txt,eeb788827cf12d293d3558f4649a615fb99508eed1dec17d919c8b38c1b64b7f,079bbebafbf71ffb3528e721fbad980c374a27266fa49f27c0a86c38fefe40a0
PN12,PN12-4.edf,25,24,Fc6,EEG Fc6,EEG,FC6,,data/raw/siena-scalp-eeg-1.0.0/PN12/Seizures-list-PN12.txt,eeb788827cf12d293d3558f4649a615fb99508eed1dec17d919c8b38c1b64b7f,079bbebafbf71ffb3528e721fbad980c374a27266fa49f27c0a86c38fefe40a0
PN12,PN12-4.edf,26,25,Cp2,EEG Cp2,EEG,CP2,,data/raw/siena-scalp-eeg-1.0.0/PN12/Seizures-list-PN12.txt,eeb788827cf12d293d3558f4649a615fb99508eed1dec17d919c8b38c1b64b7f,079bbebafbf71ffb3528e721fbad980c374a27266fa49f27c0a86c38fefe40a0
PN12,PN12-4.edf,27,26,Cp6,EEG Cp6,EEG,CP6,,data/raw/siena-scalp-eeg-1.0.0/PN12/Seizures-list-PN12.txt,eeb788827cf12d293d3558f4649a615fb99508eed1dec17d919c8b38c1b64b7f,079bbebafbf71ffb3528e721fbad980c374a27266fa49f27c0a86c38fefe40a0
PN12,PN12-4.edf,28,27,F10,EEG F10,EEG,F10,,data/raw/siena-scalp-eeg-1.0.0/PN12/Seizures-list-PN12.txt,eeb788827cf12d293d3558f4649a615fb99508eed1dec17d919c8b38c1b64b7f,079bbebafbf71ffb3528e721fbad980c374a27266fa49f27c0a86c38fefe40a0
PN12,PN12-4.edf,32,31,EKG 1,1,ECG,ECG 1,,data/raw/siena-scalp-eeg-1.0.0/PN12/Seizures-list-PN12.txt,eeb788827cf12d293d3558f4649a615fb99508eed1dec17d919c8b38c1b64b7f,079bbebafbf71ffb3528e721fbad980c374a27266fa49f27c0a86c38fefe40a0
PN12,PN12-4.edf,33,32,EKG 2,2,ECG,ECG 2,,data/raw/siena-scalp-eeg-1.0.0/PN12/Seizures-list-PN12.txt,eeb788827cf12d293d3558f4649a615fb99508eed1dec17d919c8b38c1b64b7f,079bbebafbf71ffb3528e721fbad980c374a27266fa49f27c0a86c38fefe40a0
PN12,PN12-4.edf,34,33,Fp2,EEG FP2,EEG,FP2,,data/raw/siena-scalp-eeg-1.0.0/PN12/Seizures-list-PN12.txt,eeb788827cf12d293d3558f4649a615fb99508eed1dec17d919c8b38c1b64b7f,079bbebafbf71ffb3528e721fbad980c374a27266fa49f27c0a86c38fefe40a0
PN14,PN14-1.edf,1,0,Fp1,EEG Fp1,EEG,FP1,,data/raw/siena-scalp-eeg-1.0.0/PN14/Seizures-list-PN14.txt,97169ef09cd32669b9242d9d6106b6bd0d5a3dd14f63215c5481932cc62f47f6,3fc1ad7243c5a372eef102b9d0f6713d8f6e32a4916a76e827c449a67796c6a9
PN14,PN14-1.edf,2,1,F3,EEG F3,EEG,F3,,data/raw/siena-scalp-eeg-1.0.0/PN14/Seizures-list-PN14.txt,97169ef09cd32669b9242d9d6106b6bd0d5a3dd14f63215c5481932cc62f47f6,3fc1ad7243c5a372eef102b9d0f6713d8f6e32a4916a76e827c449a67796c6a9
PN14,PN14-1.edf,3,2,C3,EEG C3,EEG,C3,,data/raw/siena-scalp-eeg-1.0.0/PN14/Seizures-list-PN14.txt,97169ef09cd32669b9242d9d6106b6bd0d5a3dd14f63215c5481932cc62f47f6,3fc1ad7243c5a372eef102b9d0f6713d8f6e32a4916a76e827c449a67796c6a9
PN14,PN14-1.edf,4,3,P3,EEG P3,EEG,P3,,data/raw/siena-scalp-eeg-1.0.0/PN14/Seizures-list-PN14.txt,97169ef09cd32669b9242d9d6106b6bd0d5a3dd14f63215c5481932cc62f47f6,3fc1ad7243c5a372eef102b9d0f6713d8f6e32a4916a76e827c449a67796c6a9
PN14,PN14-1.edf,5,4,1,EEG O1,EEG,O1,official channel 5 '1' reconciled to EDF 'EEG O1',data/raw/siena-scalp-eeg-1.0.0/PN14/Seizures-list-PN14.txt,97169ef09cd32669b9242d9d6106b6bd0d5a3dd14f63215c5481932cc62f47f6,3fc1ad7243c5a372eef102b9d0f6713d8f6e32a4916a76e827c449a67796c6a9
PN14,PN14-1.edf,6,5,F7,EEG F7,EEG,F7,,data/raw/siena-scalp-eeg-1.0.0/PN14/Seizures-list-PN14.txt,97169ef09cd32669b9242d9d6106b6bd0d5a3dd14f63215c5481932cc62f47f6,3fc1ad7243c5a372eef102b9d0f6713d8f6e32a4916a76e827c449a67796c6a9
PN14,PN14-1.edf,7,6,T5,EEG T5,EEG,T5,,data/raw/siena-scalp-eeg-1.0.0/PN14/Seizures-list-PN14.txt,97169ef09cd32669b9242d9d6106b6bd0d5a3dd14f63215c5481932cc62f47f6,3fc1ad7243c5a372eef102b9d0f6713d8f6e32a4916a76e827c449a67796c6a9
PN14,PN14-1.edf,8,7,Fc1,EEG Fc1,EEG,FC1,,data/raw/siena-scalp-eeg-1.0.0/PN14/Seizures-list-PN14.txt,97169ef09cd32669b9242d9d6106b6bd0d5a3dd14f63215c5481932cc62f47f6,3fc1ad7243c5a372eef102b9d0f6713d8f6e32a4916a76e827c449a67796c6a9
PN14,PN14-1.edf,9,8,Fc5,EEG Fc5,EEG,FC5,,data/raw/siena-scalp-eeg-1.0.0/PN14/Seizures-list-PN14.txt,97169ef09cd32669b9242d9d6106b6bd0d5a3dd14f63215c5481932cc62f47f6,3fc1ad7243c5a372eef102b9d0f6713d8f6e32a4916a76e827c449a67796c6a9
PN14,PN14-1.edf,10,9,Cp1,EEG Cp1,EEG,CP1,,data/raw/siena-scalp-eeg-1.0.0/PN14/Seizures-list-PN14.txt,97169ef09cd32669b9242d9d6106b6bd0d5a3dd14f63215c5481932cc62f47f6,3fc1ad7243c5a372eef102b9d0f6713d8f6e32a4916a76e827c449a67796c6a9
PN14,PN14-1.edf,11,10,Cp5,EEG Cp5,EEG,CP5,,data/raw/siena-scalp-eeg-1.0.0/PN14/Seizures-list-PN14.txt,97169ef09cd32669b9242d9d6106b6bd0d5a3dd14f63215c5481932cc62f47f6,3fc1ad7243c5a372eef102b9d0f6713d8f6e32a4916a76e827c449a67796c6a9
PN14,PN14-1.edf,12,11,F9,EEG F9,EEG,F9,,data/raw/siena-scalp-eeg-1.0.0/PN14/Seizures-list-PN14.txt,97169ef09cd32669b9242d9d6106b6bd0d5a3dd14f63215c5481932cc62f47f6,3fc1ad7243c5a372eef102b9d0f6713d8f6e32a4916a76e827c449a67796c6a9
PN14,PN14-1.edf,13,12,Fz,EEG Fz,EEG,FZ,,data/raw/siena-scalp-eeg-1.0.0/PN14/Seizures-list-PN14.txt,97169ef09cd32669b9242d9d6106b6bd0d5a3dd14f63215c5481932cc62f47f6,3fc1ad7243c5a372eef102b9d0f6713d8f6e32a4916a76e827c449a67796c6a9
PN14,PN14-1.edf,14,13,Pz,EEG Pz,EEG,PZ,,data/raw/siena-scalp-eeg-1.0.0/PN14/Seizures-list-PN14.txt,97169ef09cd32669b9242d9d6106b6bd0d5a3dd14f63215c5481932cc62f47f6,3fc1ad7243c5a372eef102b9d0f6713d8f6e32a4916a76e827c449a67796c6a9
PN14,PN14-1.edf,15,14,F4,EEG F4,EEG,F4,,data/raw/siena-scalp-eeg-1.0.0/PN14/Seizures-list-PN14.txt,97169ef09cd32669b9242d9d6106b6bd0d5a3dd14f63215c5481932cc62f47f6,3fc1ad7243c5a372eef102b9d0f6713d8f6e32a4916a76e827c449a67796c6a9
PN14,PN14-1.edf,16,15,C4,EEG C4,EEG,C4,,data/raw/siena-scalp-eeg-1.0.0/PN14/Seizures-list-PN14.txt,97169ef09cd32669b9242d9d6106b6bd0d5a3dd14f63215c5481932cc62f47f6,3fc1ad7243c5a372eef102b9d0f6713d8f6e32a4916a76e827c449a67796c6a9
PN14,PN14-1.edf,17,16,P4,EEG P4,EEG,P4,,data/raw/siena-scalp-eeg-1.0.0/PN14/Seizures-list-PN14.txt,97169ef09cd32669b9242d9d6106b6bd0d5a3dd14f63215c5481932cc62f47f6,3fc1ad7243c5a372eef102b9d0f6713d8f6e32a4916a76e827c449a67796c6a9
PN14,PN14-1.edf,18,17,O2,EEG O2,EEG,O2,,data/raw/siena-scalp-eeg-1.0.0/PN14/Seizures-list-PN14.txt,97169ef09cd32669b9242d9d6106b6bd0d5a3dd14f63215c5481932cc62f47f6,3fc1ad7243c5a372eef102b9d0f6713d8f6e32a4916a76e827c449a67796c6a9
PN14,PN14-1.edf,19,18,F8,EEG F8,EEG,F8,,data/raw/siena-scalp-eeg-1.0.0/PN14/Seizures-list-PN14.txt,97169ef09cd32669b9242d9d6106b6bd0d5a3dd14f63215c5481932cc62f47f6,3fc1ad7243c5a372eef102b9d0f6713d8f6e32a4916a76e827c449a67796c6a9
PN14,PN14-1.edf,20,19,T4,EEG T4,EEG,T4,,data/raw/siena-scalp-eeg-1.0.0/PN14/Seizures-list-PN14.txt,97169ef09cd32669b9242d9d6106b6bd0d5a3dd14f63215c5481932cc62f47f6,3fc1ad7243c5a372eef102b9d0f6713d8f6e32a4916a76e827c449a67796c6a9
PN14,PN14-1.edf,21,20,T6,EEG T6,EEG,T6,,data/raw/siena-scalp-eeg-1.0.0/PN14/Seizures-list-PN14.txt,97169ef09cd32669b9242d9d6106b6bd0d5a3dd14f63215c5481932cc62f47f6,3fc1ad7243c5a372eef102b9d0f6713d8f6e32a4916a76e827c449a67796c6a9
PN14,PN14-1.edf,22,21,Fc2,EEG Fc2,EEG,FC2,,data/raw/siena-scalp-eeg-1.0.0/PN14/Seizures-list-PN14.txt,97169ef09cd32669b9242d9d6106b6bd0d5a3dd14f63215c5481932cc62f47f6,3fc1ad7243c5a372eef102b9d0f6713d8f6e32a4916a76e827c449a67796c6a9
PN14,PN14-1.edf,23,22,Fc6,EEG Fc6,EEG,FC6,,data/raw/siena-scalp-eeg-1.0.0/PN14/Seizures-list-PN14.txt,97169ef09cd32669b9242d9d6106b6bd0d5a3dd14f63215c5481932cc62f47f6,3fc1ad7243c5a372eef102b9d0f6713d8f6e32a4916a76e827c449a67796c6a9
PN14,PN14-1.edf,24,23,Cp2,EEG Cp2,EEG,CP2,,data/raw/siena-scalp-eeg-1.0.0/PN14/Seizures-list-PN14.txt,97169ef09cd32669b9242d9d6106b6bd0d5a3dd14f63215c5481932cc62f47f6,3fc1ad7243c5a372eef102b9d0f6713d8f6e32a4916a76e827c449a67796c6a9
PN14,PN14-1.edf,25,24,Cp6,EEG Cp6,EEG,CP6,,data/raw/siena-scalp-eeg-1.0.0/PN14/Seizures-list-PN14.txt,97169ef09cd32669b9242d9d6106b6bd0d5a3dd14f63215c5481932cc62f47f6,3fc1ad7243c5a372eef102b9d0f6713d8f6e32a4916a76e827c449a67796c6a9
PN14,PN14-1.edf,26,25,F10,EEG F10,EEG,F10,,data/raw/siena-scalp-eeg-1.0.0/PN14/Seizures-list-PN14.txt,97169ef09cd32669b9242d9d6106b6bd0d5a3dd14f63215c5481932cc62f47f6,3fc1ad7243c5a372eef102b9d0f6713d8f6e32a4916a76e827c449a67796c6a9
PN14,PN14-1.edf,29,28,EKG 1,1,ECG,ECG 1,,data/raw/siena-scalp-eeg-1.0.0/PN14/Seizures-list-PN14.txt,97169ef09cd32669b9242d9d6106b6bd0d5a3dd14f63215c5481932cc62f47f6,3fc1ad7243c5a372eef102b9d0f6713d8f6e32a4916a76e827c449a67796c6a9
PN14,PN14-1.edf,30,29,EKG 2,2,ECG,ECG 2,,data/raw/siena-scalp-eeg-1.0.0/PN14/Seizures-list-PN14.txt,97169ef09cd32669b9242d9d6106b6bd0d5a3dd14f63215c5481932cc62f47f6,3fc1ad7243c5a372eef102b9d0f6713d8f6e32a4916a76e827c449a67796c6a9
PN14,PN14-1.edf,31,30,Fp2,EEG FP2,EEG,FP2,,data/raw/siena-scalp-eeg-1.0.0/PN14/Seizures-list-PN14.txt,97169ef09cd32669b9242d9d6106b6bd0d5a3dd14f63215c5481932cc62f47f6,3fc1ad7243c5a372eef102b9d0f6713d8f6e32a4916a76e827c449a67796c6a9
PN14,PN14-1.edf,39,38,T3,EEG T3,EEG,T3,,data/raw/siena-scalp-eeg-1.0.0/PN14/Seizures-list-PN14.txt,97169ef09cd32669b9242d9d6106b6bd0d5a3dd14f63215c5481932cc62f47f6,3fc1ad7243c5a372eef102b9d0f6713d8f6e32a4916a76e827c449a67796c6a9
PN14,PN14-1.edf,40,39,Cz,EEG CZ,EEG,CZ,,data/raw/siena-scalp-eeg-1.0.0/PN14/Seizures-list-PN14.txt,97169ef09cd32669b9242d9d6106b6bd0d5a3dd14f63215c5481932cc62f47f6,3fc1ad7243c5a372eef102b9d0f6713d8f6e32a4916a76e827c449a67796c6a9
PN14,PN14-2.edf,1,0,Fp1,EEG Fp1,EEG,FP1,,data/raw/siena-scalp-eeg-1.0.0/PN14/Seizures-list-PN14.txt,97169ef09cd32669b9242d9d6106b6bd0d5a3dd14f63215c5481932cc62f47f6,468830682fed535bb379e0f1887bbcab3eb0238c6a5b4b3e1a7157e5b8b307c1
PN14,PN14-2.edf,2,1,F3,EEG F3,EEG,F3,,data/raw/siena-scalp-eeg-1.0.0/PN14/Seizures-list-PN14.txt,97169ef09cd32669b9242d9d6106b6bd0d5a3dd14f63215c5481932cc62f47f6,468830682fed535bb379e0f1887bbcab3eb0238c6a5b4b3e1a7157e5b8b307c1
PN14,PN14-2.edf,3,2,C3,EEG C3,EEG,C3,,data/raw/siena-scalp-eeg-1.0.0/PN14/Seizures-list-PN14.txt,97169ef09cd32669b9242d9d6106b6bd0d5a3dd14f63215c5481932cc62f47f6,468830682fed535bb379e0f1887bbcab3eb0238c6a5b4b3e1a7157e5b8b307c1
PN14,PN14-2.edf,4,3,P3,EEG P3,EEG,P3,,data/raw/siena-scalp-eeg-1.0.0/PN14/Seizures-list-PN14.txt,97169ef09cd32669b9242d9d6106b6bd0d5a3dd14f63215c5481932cc62f47f6,468830682fed535bb379e0f1887bbcab3eb0238c6a5b4b3e1a7157e5b8b307c1
PN14,PN14-2.edf,5,4,1,EEG O1,EEG,O1,official channel 5 '1' reconciled to EDF 'EEG O1',data/raw/siena-scalp-eeg-1.0.0/PN14/Seizures-list-PN14.txt,97169ef09cd32669b9242d9d6106b6bd0d5a3dd14f63215c5481932cc62f47f6,468830682fed535bb379e0f1887bbcab3eb0238c6a5b4b3e1a7157e5b8b307c1
PN14,PN14-2.edf,6,5,F7,EEG F7,EEG,F7,,data/raw/siena-scalp-eeg-1.0.0/PN14/Seizures-list-PN14.txt,97169ef09cd32669b9242d9d6106b6bd0d5a3dd14f63215c5481932cc62f47f6,468830682fed535bb379e0f1887bbcab3eb0238c6a5b4b3e1a7157e5b8b307c1
PN14,PN14-2.edf,7,6,T5,EEG T5,EEG,T5,,data/raw/siena-scalp-eeg-1.0.0/PN14/Seizures-list-PN14.txt,97169ef09cd32669b9242d9d6106b6bd0d5a3dd14f63215c5481932cc62f47f6,468830682fed535bb379e0f1887bbcab3eb0238c6a5b4b3e1a7157e5b8b307c1
PN14,PN14-2.edf,8,7,Fc1,EEG Fc1,EEG,FC1,,data/raw/siena-scalp-eeg-1.0.0/PN14/Seizures-list-PN14.txt,97169ef09cd32669b9242d9d6106b6bd0d5a3dd14f63215c5481932cc62f47f6,468830682fed535bb379e0f1887bbcab3eb0238c6a5b4b3e1a7157e5b8b307c1
PN14,PN14-2.edf,9,8,Fc5,EEG Fc5,EEG,FC5,,data/raw/siena-scalp-eeg-1.0.0/PN14/Seizures-list-PN14.txt,97169ef09cd32669b9242d9d6106b6bd0d5a3dd14f63215c5481932cc62f47f6,468830682fed535bb379e0f1887bbcab3eb0238c6a5b4b3e1a7157e5b8b307c1
PN14,PN14-2.edf,10,9,Cp1,EEG Cp1,EEG,CP1,,data/raw/siena-scalp-eeg-1.0.0/PN14/Seizures-list-PN14.txt,97169ef09cd32669b9242d9d6106b6bd0d5a3dd14f63215c5481932cc62f47f6,468830682fed535bb379e0f1887bbcab3eb0238c6a5b4b3e1a7157e5b8b307c1
PN14,PN14-2.edf,11,10,Cp5,EEG Cp5,EEG,CP5,,data/raw/siena-scalp-eeg-1.0.0/PN14/Seizures-list-PN14.txt,97169ef09cd32669b9242d9d6106b6bd0d5a3dd14f63215c5481932cc62f47f6,468830682fed535bb379e0f1887bbcab3eb0238c6a5b4b3e1a7157e5b8b307c1
PN14,PN14-2.edf,12,11,F9,EEG F9,EEG,F9,,data/raw/siena-scalp-eeg-1.0.0/PN14/Seizures-list-PN14.txt,97169ef09cd32669b9242d9d6106b6bd0d5a3dd14f63215c5481932cc62f47f6,468830682fed535bb379e0f1887bbcab3eb0238c6a5b4b3e1a7157e5b8b307c1
PN14,PN14-2.edf,13,12,Fz,EEG Fz,EEG,FZ,,data/raw/siena-scalp-eeg-1.0.0/PN14/Seizures-list-PN14.txt,97169ef09cd32669b9242d9d6106b6bd0d5a3dd14f63215c5481932cc62f47f6,468830682fed535bb379e0f1887bbcab3eb0238c6a5b4b3e1a7157e5b8b307c1
PN14,PN14-2.edf,14,13,Pz,EEG Pz,EEG,PZ,,data/raw/siena-scalp-eeg-1.0.0/PN14/Seizures-list-PN14.txt,97169ef09cd32669b9242d9d6106b6bd0d5a3dd14f63215c5481932cc62f47f6,468830682fed535bb379e0f1887bbcab3eb0238c6a5b4b3e1a7157e5b8b307c1
PN14,PN14-2.edf,15,14,F4,EEG F4,EEG,F4,,data/raw/siena-scalp-eeg-1.0.0/PN14/Seizures-list-PN14.txt,97169ef09cd32669b9242d9d6106b6bd0d5a3dd14f63215c5481932cc62f47f6,468830682fed535bb379e0f1887bbcab3eb0238c6a5b4b3e1a7157e5b8b307c1
PN14,PN14-2.edf,16,15,C4,EEG C4,EEG,C4,,data/raw/siena-scalp-eeg-1.0.0/PN14/Seizures-list-PN14.txt,97169ef09cd32669b9242d9d6106b6bd0d5a3dd14f63215c5481932cc62f47f6,468830682fed535bb379e0f1887bbcab3eb0238c6a5b4b3e1a7157e5b8b307c1
PN14,PN14-2.edf,17,16,P4,EEG P4,EEG,P4,,data/raw/siena-scalp-eeg-1.0.0/PN14/Seizures-list-PN14.txt,97169ef09cd32669b9242d9d6106b6bd0d5a3dd14f63215c5481932cc62f47f6,468830682fed535bb379e0f1887bbcab3eb0238c6a5b4b3e1a7157e5b8b307c1
PN14,PN14-2.edf,18,17,O2,EEG O2,EEG,O2,,data/raw/siena-scalp-eeg-1.0.0/PN14/Seizures-list-PN14.txt,97169ef09cd32669b9242d9d6106b6bd0d5a3dd14f63215c5481932cc62f47f6,468830682fed535bb379e0f1887bbcab3eb0238c6a5b4b3e1a7157e5b8b307c1
PN14,PN14-2.edf,19,18,F8,EEG F8,EEG,F8,,data/raw/siena-scalp-eeg-1.0.0/PN14/Seizures-list-PN14.txt,97169ef09cd32669b9242d9d6106b6bd0d5a3dd14f63215c5481932cc62f47f6,468830682fed535bb379e0f1887bbcab3eb0238c6a5b4b3e1a7157e5b8b307c1
PN14,PN14-2.edf,20,19,T4,EEG T4,EEG,T4,,data/raw/siena-scalp-eeg-1.0.0/PN14/Seizures-list-PN14.txt,97169ef09cd32669b9242d9d6106b6bd0d5a3dd14f63215c5481932cc62f47f6,468830682fed535bb379e0f1887bbcab3eb0238c6a5b4b3e1a7157e5b8b307c1
PN14,PN14-2.edf,21,20,T6,EEG T6,EEG,T6,,data/raw/siena-scalp-eeg-1.0.0/PN14/Seizures-list-PN14.txt,97169ef09cd32669b9242d9d6106b6bd0d5a3dd14f63215c5481932cc62f47f6,468830682fed535bb379e0f1887bbcab3eb0238c6a5b4b3e1a7157e5b8b307c1
PN14,PN14-2.edf,22,21,Fc2,EEG Fc2,EEG,FC2,,data/raw/siena-scalp-eeg-1.0.0/PN14/Seizures-list-PN14.txt,97169ef09cd32669b9242d9d6106b6bd0d5a3dd14f63215c5481932cc62f47f6,468830682fed535bb379e0f1887bbcab3eb0238c6a5b4b3e1a7157e5b8b307c1
PN14,PN14-2.edf,23,22,Fc6,EEG Fc6,EEG,FC6,,data/raw/siena-scalp-eeg-1.0.0/PN14/Seizures-list-PN14.txt,97169ef09cd32669b9242d9d6106b6bd0d5a3dd14f63215c5481932cc62f47f6,468830682fed535bb379e0f1887bbcab3eb0238c6a5b4b3e1a7157e5b8b307c1
PN14,PN14-2.edf,24,23,Cp2,EEG Cp2,EEG,CP2,,data/raw/siena-scalp-eeg-1.0.0/PN14/Seizures-list-PN14.txt,97169ef09cd32669b9242d9d6106b6bd0d5a3dd14f63215c5481932cc62f47f6,468830682fed535bb379e0f1887bbcab3eb0238c6a5b4b3e1a7157e5b8b307c1
PN14,PN14-2.edf,25,24,Cp6,EEG Cp6,EEG,CP6,,data/raw/siena-scalp-eeg-1.0.0/PN14/Seizures-list-PN14.txt,97169ef09cd32669b9242d9d6106b6bd0d5a3dd14f63215c5481932cc62f47f6,468830682fed535bb379e0f1887bbcab3eb0238c6a5b4b3e1a7157e5b8b307c1
PN14,PN14-2.edf,26,25,F10,EEG F10,EEG,F10,,data/raw/siena-scalp-eeg-1.0.0/PN14/Seizures-list-PN14.txt,97169ef09cd32669b9242d9d6106b6bd0d5a3dd14f63215c5481932cc62f47f6,468830682fed535bb379e0f1887bbcab3eb0238c6a5b4b3e1a7157e5b8b307c1
PN14,PN14-2.edf,29,28,EKG 1,1,ECG,ECG 1,,data/raw/siena-scalp-eeg-1.0.0/PN14/Seizures-list-PN14.txt,97169ef09cd32669b9242d9d6106b6bd0d5a3dd14f63215c5481932cc62f47f6,468830682fed535bb379e0f1887bbcab3eb0238c6a5b4b3e1a7157e5b8b307c1
PN14,PN14-2.edf,30,29,EKG 2,2,ECG,ECG 2,,data/raw/siena-scalp-eeg-1.0.0/PN14/Seizures-list-PN14.txt,97169ef09cd32669b9242d9d6106b6bd0d5a3dd14f63215c5481932cc62f47f6,468830682fed535bb379e0f1887bbcab3eb0238c6a5b4b3e1a7157e5b8b307c1
PN14,PN14-2.edf,31,30,Fp2,EEG FP2,EEG,FP2,,data/raw/siena-scalp-eeg-1.0.0/PN14/Seizures-list-PN14.txt,97169ef09cd32669b9242d9d6106b6bd0d5a3dd14f63215c5481932cc62f47f6,468830682fed535bb379e0f1887bbcab3eb0238c6a5b4b3e1a7157e5b8b307c1
PN14,PN14-2.edf,39,38,T3,EEG T3,EEG,T3,,data/raw/siena-scalp-eeg-1.0.0/PN14/Seizures-list-PN14.txt,97169ef09cd32669b9242d9d6106b6bd0d5a3dd14f63215c5481932cc62f47f6,468830682fed535bb379e0f1887bbcab3eb0238c6a5b4b3e1a7157e5b8b307c1
PN14,PN14-2.edf,40,39,Cz,EEG CZ,EEG,CZ,,data/raw/siena-scalp-eeg-1.0.0/PN14/Seizures-list-PN14.txt,97169ef09cd32669b9242d9d6106b6bd0d5a3dd14f63215c5481932cc62f47f6,468830682fed535bb379e0f1887bbcab3eb0238c6a5b4b3e1a7157e5b8b307c1
PN14,PN14-3.edf,1,0,Fp1,EEG Fp1,EEG,FP1,,data/raw/siena-scalp-eeg-1.0.0/PN14/Seizures-list-PN14.txt,97169ef09cd32669b9242d9d6106b6bd0d5a3dd14f63215c5481932cc62f47f6,d8bdee5be3f5c56b9245095e26184378af65c9737316f25329c69b89e6ea4ce3
PN14,PN14-3.edf,2,1,F3,EEG F3,EEG,F3,,data/raw/siena-scalp-eeg-1.0.0/PN14/Seizures-list-PN14.txt,97169ef09cd32669b9242d9d6106b6bd0d5a3dd14f63215c5481932cc62f47f6,d8bdee5be3f5c56b9245095e26184378af65c9737316f25329c69b89e6ea4ce3
PN14,PN14-3.edf,3,2,C3,EEG C3,EEG,C3,,data/raw/siena-scalp-eeg-1.0.0/PN14/Seizures-list-PN14.txt,97169ef09cd32669b9242d9d6106b6bd0d5a3dd14f63215c5481932cc62f47f6,d8bdee5be3f5c56b9245095e26184378af65c9737316f25329c69b89e6ea4ce3
PN14,PN14-3.edf,4,3,P3,EEG P3,EEG,P3,,data/raw/siena-scalp-eeg-1.0.0/PN14/Seizures-list-PN14.txt,97169ef09cd32669b9242d9d6106b6bd0d5a3dd14f63215c5481932cc62f47f6,d8bdee5be3f5c56b9245095e26184378af65c9737316f25329c69b89e6ea4ce3
PN14,PN14-3.edf,5,4,1,EEG O1,EEG,O1,official channel 5 '1' reconciled to EDF 'EEG O1',data/raw/siena-scalp-eeg-1.0.0/PN14/Seizures-list-PN14.txt,97169ef09cd32669b9242d9d6106b6bd0d5a3dd14f63215c5481932cc62f47f6,d8bdee5be3f5c56b9245095e26184378af65c9737316f25329c69b89e6ea4ce3
PN14,PN14-3.edf,6,5,F7,EEG F7,EEG,F7,,data/raw/siena-scalp-eeg-1.0.0/PN14/Seizures-list-PN14.txt,97169ef09cd32669b9242d9d6106b6bd0d5a3dd14f63215c5481932cc62f47f6,d8bdee5be3f5c56b9245095e26184378af65c9737316f25329c69b89e6ea4ce3
PN14,PN14-3.edf,7,6,T5,EEG T5,EEG,T5,,data/raw/siena-scalp-eeg-1.0.0/PN14/Seizures-list-PN14.txt,97169ef09cd32669b9242d9d6106b6bd0d5a3dd14f63215c5481932cc62f47f6,d8bdee5be3f5c56b9245095e26184378af65c9737316f25329c69b89e6ea4ce3
PN14,PN14-3.edf,8,7,Fc1,EEG Fc1,EEG,FC1,,data/raw/siena-scalp-eeg-1.0.0/PN14/Seizures-list-PN14.txt,97169ef09cd32669b9242d9d6106b6bd0d5a3dd14f63215c5481932cc62f47f6,d8bdee5be3f5c56b9245095e26184378af65c9737316f25329c69b89e6ea4ce3
PN14,PN14-3.edf,9,8,Fc5,EEG Fc5,EEG,FC5,,data/raw/siena-scalp-eeg-1.0.0/PN14/Seizures-list-PN14.txt,97169ef09cd32669b9242d9d6106b6bd0d5a3dd14f63215c5481932cc62f47f6,d8bdee5be3f5c56b9245095e26184378af65c9737316f25329c69b89e6ea4ce3
PN14,PN14-3.edf,10,9,Cp1,EEG Cp1,EEG,CP1,,data/raw/siena-scalp-eeg-1.0.0/PN14/Seizures-list-PN14.txt,97169ef09cd32669b9242d9d6106b6bd0d5a3dd14f63215c5481932cc62f47f6,d8bdee5be3f5c56b9245095e26184378af65c9737316f25329c69b89e6ea4ce3
PN14,PN14-3.edf,11,10,Cp5,EEG Cp5,EEG,CP5,,data/raw/siena-scalp-eeg-1.0.0/PN14/Seizures-list-PN14.txt,97169ef09cd32669b9242d9d6106b6bd0d5a3dd14f63215c5481932cc62f47f6,d8bdee5be3f5c56b9245095e26184378af65c9737316f25329c69b89e6ea4ce3
PN14,PN14-3.edf,12,11,F9,EEG F9,EEG,F9,,data/raw/siena-scalp-eeg-1.0.0/PN14/Seizures-list-PN14.txt,97169ef09cd32669b9242d9d6106b6bd0d5a3dd14f63215c5481932cc62f47f6,d8bdee5be3f5c56b9245095e26184378af65c9737316f25329c69b89e6ea4ce3
PN14,PN14-3.edf,13,12,Fz,EEG Fz,EEG,FZ,,data/raw/siena-scalp-eeg-1.0.0/PN14/Seizures-list-PN14.txt,97169ef09cd32669b9242d9d6106b6bd0d5a3dd14f63215c5481932cc62f47f6,d8bdee5be3f5c56b9245095e26184378af65c9737316f25329c69b89e6ea4ce3
PN14,PN14-3.edf,14,13,Pz,EEG Pz,EEG,PZ,,data/raw/siena-scalp-eeg-1.0.0/PN14/Seizures-list-PN14.txt,97169ef09cd32669b9242d9d6106b6bd0d5a3dd14f63215c5481932cc62f47f6,d8bdee5be3f5c56b9245095e26184378af65c9737316f25329c69b89e6ea4ce3
PN14,PN14-3.edf,15,14,F4,EEG F4,EEG,F4,,data/raw/siena-scalp-eeg-1.0.0/PN14/Seizures-list-PN14.txt,97169ef09cd32669b9242d9d6106b6bd0d5a3dd14f63215c5481932cc62f47f6,d8bdee5be3f5c56b9245095e26184378af65c9737316f25329c69b89e6ea4ce3
PN14,PN14-3.edf,16,15,C4,EEG C4,EEG,C4,,data/raw/siena-scalp-eeg-1.0.0/PN14/Seizures-list-PN14.txt,97169ef09cd32669b9242d9d6106b6bd0d5a3dd14f63215c5481932cc62f47f6,d8bdee5be3f5c56b9245095e26184378af65c9737316f25329c69b89e6ea4ce3
PN14,PN14-3.edf,17,16,P4,EEG P4,EEG,P4,,data/raw/siena-scalp-eeg-1.0.0/PN14/Seizures-list-PN14.txt,97169ef09cd32669b9242d9d6106b6bd0d5a3dd14f63215c5481932cc62f47f6,d8bdee5be3f5c56b9245095e26184378af65c9737316f25329c69b89e6ea4ce3
PN14,PN14-3.edf,18,17,O2,EEG O2,EEG,O2,,data/raw/siena-scalp-eeg-1.0.0/PN14/Seizures-list-PN14.txt,97169ef09cd32669b9242d9d6106b6bd0d5a3dd14f63215c5481932cc62f47f6,d8bdee5be3f5c56b9245095e26184378af65c9737316f25329c69b89e6ea4ce3
PN14,PN14-3.edf,19,18,F8,EEG F8,EEG,F8,,data/raw/siena-scalp-eeg-1.0.0/PN14/Seizures-list-PN14.txt,97169ef09cd32669b9242d9d6106b6bd0d5a3dd14f63215c5481932cc62f47f6,d8bdee5be3f5c56b9245095e26184378af65c9737316f25329c69b89e6ea4ce3
PN14,PN14-3.edf,20,19,T4,EEG T4,EEG,T4,,data/raw/siena-scalp-eeg-1.0.0/PN14/Seizures-list-PN14.txt,97169ef09cd32669b9242d9d6106b6bd0d5a3dd14f63215c5481932cc62f47f6,d8bdee5be3f5c56b9245095e26184378af65c9737316f25329c69b89e6ea4ce3
PN14,PN14-3.edf,21,20,T6,EEG T6,EEG,T6,,data/raw/siena-scalp-eeg-1.0.0/PN14/Seizures-list-PN14.txt,97169ef09cd32669b9242d9d6106b6bd0d5a3dd14f63215c5481932cc62f47f6,d8bdee5be3f5c56b9245095e26184378af65c9737316f25329c69b89e6ea4ce3
PN14,PN14-3.edf,22,21,Fc2,EEG Fc2,EEG,FC2,,data/raw/siena-scalp-eeg-1.0.0/PN14/Seizures-list-PN14.txt,97169ef09cd32669b9242d9d6106b6bd0d5a3dd14f63215c5481932cc62f47f6,d8bdee5be3f5c56b9245095e26184378af65c9737316f25329c69b89e6ea4ce3
PN14,PN14-3.edf,23,22,Fc6,EEG Fc6,EEG,FC6,,data/raw/siena-scalp-eeg-1.0.0/PN14/Seizures-list-PN14.txt,97169ef09cd32669b9242d9d6106b6bd0d5a3dd14f63215c5481932cc62f47f6,d8bdee5be3f5c56b9245095e26184378af65c9737316f25329c69b89e6ea4ce3
PN14,PN14-3.edf,24,23,Cp2,EEG Cp2,EEG,CP2,,data/raw/siena-scalp-eeg-1.0.0/PN14/Seizures-list-PN14.txt,97169ef09cd32669b9242d9d6106b6bd0d5a3dd14f63215c5481932cc62f47f6,d8bdee5be3f5c56b9245095e26184378af65c9737316f25329c69b89e6ea4ce3
PN14,PN14-3.edf,25,24,Cp6,EEG Cp6,EEG,CP6,,data/raw/siena-scalp-eeg-1.0.0/PN14/Seizures-list-PN14.txt,97169ef09cd32669b9242d9d6106b6bd0d5a3dd14f63215c5481932cc62f47f6,d8bdee5be3f5c56b9245095e26184378af65c9737316f25329c69b89e6ea4ce3
PN14,PN14-3.edf,26,25,F10,EEG F10,EEG,F10,,data/raw/siena-scalp-eeg-1.0.0/PN14/Seizures-list-PN14.txt,97169ef09cd32669b9242d9d6106b6bd0d5a3dd14f63215c5481932cc62f47f6,d8bdee5be3f5c56b9245095e26184378af65c9737316f25329c69b89e6ea4ce3
PN14,PN14-3.edf,29,28,EKG 1,1,ECG,ECG 1,,data/raw/siena-scalp-eeg-1.0.0/PN14/Seizures-list-PN14.txt,97169ef09cd32669b9242d9d6106b6bd0d5a3dd14f63215c5481932cc62f47f6,d8bdee5be3f5c56b9245095e26184378af65c9737316f25329c69b89e6ea4ce3
PN14,PN14-3.edf,30,29,EKG 2,2,ECG,ECG 2,,data/raw/siena-scalp-eeg-1.0.0/PN14/Seizures-list-PN14.txt,97169ef09cd32669b9242d9d6106b6bd0d5a3dd14f63215c5481932cc62f47f6,d8bdee5be3f5c56b9245095e26184378af65c9737316f25329c69b89e6ea4ce3
PN14,PN14-3.edf,31,30,Fp2,EEG FP2,EEG,FP2,,data/raw/siena-scalp-eeg-1.0.0/PN14/Seizures-list-PN14.txt,97169ef09cd32669b9242d9d6106b6bd0d5a3dd14f63215c5481932cc62f47f6,d8bdee5be3f5c56b9245095e26184378af65c9737316f25329c69b89e6ea4ce3
PN14,PN14-3.edf,39,38,T3,EEG T3,EEG,T3,,data/raw/siena-scalp-eeg-1.0.0/PN14/Seizures-list-PN14.txt,97169ef09cd32669b9242d9d6106b6bd0d5a3dd14f63215c5481932cc62f47f6,d8bdee5be3f5c56b9245095e26184378af65c9737316f25329c69b89e6ea4ce3
PN14,PN14-3.edf,40,39,Cz,EEG CZ,EEG,CZ,,data/raw/siena-scalp-eeg-1.0.0/PN14/Seizures-list-PN14.txt,97169ef09cd32669b9242d9d6106b6bd0d5a3dd14f63215c5481932cc62f47f6,d8bdee5be3f5c56b9245095e26184378af65c9737316f25329c69b89e6ea4ce3
PN14,PN14-4.edf,1,0,Fp1,EEG Fp1,EEG,FP1,,data/raw/siena-scalp-eeg-1.0.0/PN14/Seizures-list-PN14.txt,97169ef09cd32669b9242d9d6106b6bd0d5a3dd14f63215c5481932cc62f47f6,12fb27fde4146fab02243808c6f9ecbfc91f9fe7c5432f2c424d2caeb9aeb298
PN14,PN14-4.edf,2,1,F3,EEG F3,EEG,F3,,data/raw/siena-scalp-eeg-1.0.0/PN14/Seizures-list-PN14.txt,97169ef09cd32669b9242d9d6106b6bd0d5a3dd14f63215c5481932cc62f47f6,12fb27fde4146fab02243808c6f9ecbfc91f9fe7c5432f2c424d2caeb9aeb298
PN14,PN14-4.edf,3,2,C3,EEG C3,EEG,C3,,data/raw/siena-scalp-eeg-1.0.0/PN14/Seizures-list-PN14.txt,97169ef09cd32669b9242d9d6106b6bd0d5a3dd14f63215c5481932cc62f47f6,12fb27fde4146fab02243808c6f9ecbfc91f9fe7c5432f2c424d2caeb9aeb298
PN14,PN14-4.edf,4,3,P3,EEG P3,EEG,P3,,data/raw/siena-scalp-eeg-1.0.0/PN14/Seizures-list-PN14.txt,97169ef09cd32669b9242d9d6106b6bd0d5a3dd14f63215c5481932cc62f47f6,12fb27fde4146fab02243808c6f9ecbfc91f9fe7c5432f2c424d2caeb9aeb298
PN14,PN14-4.edf,5,4,1,EEG O1,EEG,O1,official channel 5 '1' reconciled to EDF 'EEG O1',data/raw/siena-scalp-eeg-1.0.0/PN14/Seizures-list-PN14.txt,97169ef09cd32669b9242d9d6106b6bd0d5a3dd14f63215c5481932cc62f47f6,12fb27fde4146fab02243808c6f9ecbfc91f9fe7c5432f2c424d2caeb9aeb298
PN14,PN14-4.edf,6,5,F7,EEG F7,EEG,F7,,data/raw/siena-scalp-eeg-1.0.0/PN14/Seizures-list-PN14.txt,97169ef09cd32669b9242d9d6106b6bd0d5a3dd14f63215c5481932cc62f47f6,12fb27fde4146fab02243808c6f9ecbfc91f9fe7c5432f2c424d2caeb9aeb298
PN14,PN14-4.edf,7,6,T5,EEG T5,EEG,T5,,data/raw/siena-scalp-eeg-1.0.0/PN14/Seizures-list-PN14.txt,97169ef09cd32669b9242d9d6106b6bd0d5a3dd14f63215c5481932cc62f47f6,12fb27fde4146fab02243808c6f9ecbfc91f9fe7c5432f2c424d2caeb9aeb298
PN14,PN14-4.edf,8,7,Fc1,EEG Fc1,EEG,FC1,,data/raw/siena-scalp-eeg-1.0.0/PN14/Seizures-list-PN14.txt,97169ef09cd32669b9242d9d6106b6bd0d5a3dd14f63215c5481932cc62f47f6,12fb27fde4146fab02243808c6f9ecbfc91f9fe7c5432f2c424d2caeb9aeb298
PN14,PN14-4.edf,9,8,Fc5,EEG Fc5,EEG,FC5,,data/raw/siena-scalp-eeg-1.0.0/PN14/Seizures-list-PN14.txt,97169ef09cd32669b9242d9d6106b6bd0d5a3dd14f63215c5481932cc62f47f6,12fb27fde4146fab02243808c6f9ecbfc91f9fe7c5432f2c424d2caeb9aeb298
PN14,PN14-4.edf,10,9,Cp1,EEG Cp1,EEG,CP1,,data/raw/siena-scalp-eeg-1.0.0/PN14/Seizures-list-PN14.txt,97169ef09cd32669b9242d9d6106b6bd0d5a3dd14f63215c5481932cc62f47f6,12fb27fde4146fab02243808c6f9ecbfc91f9fe7c5432f2c424d2caeb9aeb298
PN14,PN14-4.edf,11,10,Cp5,EEG Cp5,EEG,CP5,,data/raw/siena-scalp-eeg-1.0.0/PN14/Seizures-list-PN14.txt,97169ef09cd32669b9242d9d6106b6bd0d5a3dd14f63215c5481932cc62f47f6,12fb27fde4146fab02243808c6f9ecbfc91f9fe7c5432f2c424d2caeb9aeb298
PN14,PN14-4.edf,12,11,F9,EEG F9,EEG,F9,,data/raw/siena-scalp-eeg-1.0.0/PN14/Seizures-list-PN14.txt,97169ef09cd32669b9242d9d6106b6bd0d5a3dd14f63215c5481932cc62f47f6,12fb27fde4146fab02243808c6f9ecbfc91f9fe7c5432f2c424d2caeb9aeb298
PN14,PN14-4.edf,13,12,Fz,EEG Fz,EEG,FZ,,data/raw/siena-scalp-eeg-1.0.0/PN14/Seizures-list-PN14.txt,97169ef09cd32669b9242d9d6106b6bd0d5a3dd14f63215c5481932cc62f47f6,12fb27fde4146fab02243808c6f9ecbfc91f9fe7c5432f2c424d2caeb9aeb298
PN14,PN14-4.edf,14,13,Pz,EEG Pz,EEG,PZ,,data/raw/siena-scalp-eeg-1.0.0/PN14/Seizures-list-PN14.txt,97169ef09cd32669b9242d9d6106b6bd0d5a3dd14f63215c5481932cc62f47f6,12fb27fde4146fab02243808c6f9ecbfc91f9fe7c5432f2c424d2caeb9aeb298
PN14,PN14-4.edf,15,14,F4,EEG F4,EEG,F4,,data/raw/siena-scalp-eeg-1.0.0/PN14/Seizures-list-PN14.txt,97169ef09cd32669b9242d9d6106b6bd0d5a3dd14f63215c5481932cc62f47f6,12fb27fde4146fab02243808c6f9ecbfc91f9fe7c5432f2c424d2caeb9aeb298
PN14,PN14-4.edf,16,15,C4,EEG C4,EEG,C4,,data/raw/siena-scalp-eeg-1.0.0/PN14/Seizures-list-PN14.txt,97169ef09cd32669b9242d9d6106b6bd0d5a3dd14f63215c5481932cc62f47f6,12fb27fde4146fab02243808c6f9ecbfc91f9fe7c5432f2c424d2caeb9aeb298
PN14,PN14-4.edf,17,16,P4,EEG P4,EEG,P4,,data/raw/siena-scalp-eeg-1.0.0/PN14/Seizures-list-PN14.txt,97169ef09cd32669b9242d9d6106b6bd0d5a3dd14f63215c5481932cc62f47f6,12fb27fde4146fab02243808c6f9ecbfc91f9fe7c5432f2c424d2caeb9aeb298
PN14,PN14-4.edf,18,17,O2,EEG O2,EEG,O2,,data/raw/siena-scalp-eeg-1.0.0/PN14/Seizures-list-PN14.txt,97169ef09cd32669b9242d9d6106b6bd0d5a3dd14f63215c5481932cc62f47f6,12fb27fde4146fab02243808c6f9ecbfc91f9fe7c5432f2c424d2caeb9aeb298
PN14,PN14-4.edf,19,18,F8,EEG F8,EEG,F8,,data/raw/siena-scalp-eeg-1.0.0/PN14/Seizures-list-PN14.txt,97169ef09cd32669b9242d9d6106b6bd0d5a3dd14f63215c5481932cc62f47f6,12fb27fde4146fab02243808c6f9ecbfc91f9fe7c5432f2c424d2caeb9aeb298
PN14,PN14-4.edf,20,19,T4,EEG T4,EEG,T4,,data/raw/siena-scalp-eeg-1.0.0/PN14/Seizures-list-PN14.txt,97169ef09cd32669b9242d9d6106b6bd0d5a3dd14f63215c5481932cc62f47f6,12fb27fde4146fab02243808c6f9ecbfc91f9fe7c5432f2c424d2caeb9aeb298
PN14,PN14-4.edf,21,20,T6,EEG T6,EEG,T6,,data/raw/siena-scalp-eeg-1.0.0/PN14/Seizures-list-PN14.txt,97169ef09cd32669b9242d9d6106b6bd0d5a3dd14f63215c5481932cc62f47f6,12fb27fde4146fab02243808c6f9ecbfc91f9fe7c5432f2c424d2caeb9aeb298
PN14,PN14-4.edf,22,21,Fc2,EEG Fc2,EEG,FC2,,data/raw/siena-scalp-eeg-1.0.0/PN14/Seizures-list-PN14.txt,97169ef09cd32669b9242d9d6106b6bd0d5a3dd14f63215c5481932cc62f47f6,12fb27fde4146fab02243808c6f9ecbfc91f9fe7c5432f2c424d2caeb9aeb298
PN14,PN14-4.edf,23,22,Fc6,EEG Fc6,EEG,FC6,,data/raw/siena-scalp-eeg-1.0.0/PN14/Seizures-list-PN14.txt,97169ef09cd32669b9242d9d6106b6bd0d5a3dd14f63215c5481932cc62f47f6,12fb27fde4146fab02243808c6f9ecbfc91f9fe7c5432f2c424d2caeb9aeb298
PN14,PN14-4.edf,24,23,Cp2,EEG Cp2,EEG,CP2,,data/raw/siena-scalp-eeg-1.0.0/PN14/Seizures-list-PN14.txt,97169ef09cd32669b9242d9d6106b6bd0d5a3dd14f63215c5481932cc62f47f6,12fb27fde4146fab02243808c6f9ecbfc91f9fe7c5432f2c424d2caeb9aeb298
PN14,PN14-4.edf,25,24,Cp6,EEG Cp6,EEG,CP6,,data/raw/siena-scalp-eeg-1.0.0/PN14/Seizures-list-PN14.txt,97169ef09cd32669b9242d9d6106b6bd0d5a3dd14f63215c5481932cc62f47f6,12fb27fde4146fab02243808c6f9ecbfc91f9fe7c5432f2c424d2caeb9aeb298
PN14,PN14-4.edf,26,25,F10,EEG F10,EEG,F10,,data/raw/siena-scalp-eeg-1.0.0/PN14/Seizures-list-PN14.txt,97169ef09cd32669b9242d9d6106b6bd0d5a3dd14f63215c5481932cc62f47f6,12fb27fde4146fab02243808c6f9ecbfc91f9fe7c5432f2c424d2caeb9aeb298
PN14,PN14-4.edf,29,28,EKG 1,1,ECG,ECG 1,,data/raw/siena-scalp-eeg-1.0.0/PN14/Seizures-list-PN14.txt,97169ef09cd32669b9242d9d6106b6bd0d5a3dd14f63215c5481932cc62f47f6,12fb27fde4146fab02243808c6f9ecbfc91f9fe7c5432f2c424d2caeb9aeb298
PN14,PN14-4.edf,30,29,EKG 2,2,ECG,ECG 2,,data/raw/siena-scalp-eeg-1.0.0/PN14/Seizures-list-PN14.txt,97169ef09cd32669b9242d9d6106b6bd0d5a3dd14f63215c5481932cc62f47f6,12fb27fde4146fab02243808c6f9ecbfc91f9fe7c5432f2c424d2caeb9aeb298
PN14,PN14-4.edf,31,30,Fp2,EEG FP2,EEG,FP2,,data/raw/siena-scalp-eeg-1.0.0/PN14/Seizures-list-PN14.txt,97169ef09cd32669b9242d9d6106b6bd0d5a3dd14f63215c5481932cc62f47f6,12fb27fde4146fab02243808c6f9ecbfc91f9fe7c5432f2c424d2caeb9aeb298
PN14,PN14-4.edf,39,38,T3,EEG T3,EEG,T3,,data/raw/siena-scalp-eeg-1.0.0/PN14/Seizures-list-PN14.txt,97169ef09cd32669b9242d9d6106b6bd0d5a3dd14f63215c5481932cc62f47f6,12fb27fde4146fab02243808c6f9ecbfc91f9fe7c5432f2c424d2caeb9aeb298
PN14,PN14-4.edf,40,39,Cz,EEG CZ,EEG,CZ,,data/raw/siena-scalp-eeg-1.0.0/PN14/Seizures-list-PN14.txt,97169ef09cd32669b9242d9d6106b6bd0d5a3dd14f63215c5481932cc62f47f6,12fb27fde4146fab02243808c6f9ecbfc91f9fe7c5432f2c424d2caeb9aeb298
