anchor_s,sampling_rate_hz,n_eeg_channels,n_ecg_channels,eeg__rms_mean,eeg__rms_std_across_channels,eeg__std_mean,eeg__std_std_across_channels,eeg__line_length_mean,eeg__line_length_std_across_channels,eeg__hjorth_activity_mean,eeg__hjorth_activity_std_across_channels,eeg__hjorth_mobility_mean,eeg__hjorth_mobility_std_across_channels,eeg__hjorth_complexity_mean,eeg__hjorth_complexity_std_across_channels,eeg__total_power_1_45_mean,eeg__total_power_1_45_std_across_channels,eeg__mean_frequency_mean,eeg__mean_frequency_std_across_channels,eeg__dominant_frequency_mean,eeg__dominant_frequency_std_across_channels,eeg__spectral_bandwidth_mean,eeg__spectral_bandwidth_std_across_channels,eeg__spectral_edge_95_mean,eeg__spectral_edge_95_std_across_channels,eeg__spectral_entropy_mean,eeg__spectral_entropy_std_across_channels,eeg__delta_power_mean,eeg__delta_power_std_across_channels,eeg__delta_relative_power_mean,eeg__delta_relative_power_std_across_channels,eeg__theta_power_mean,eeg__theta_power_std_across_channels,eeg__theta_relative_power_mean,eeg__theta_relative_power_std_across_channels,eeg__alpha_power_mean,eeg__alpha_power_std_across_channels,eeg__alpha_relative_power_mean,eeg__alpha_relative_power_std_across_channels,eeg__beta_power_mean,eeg__beta_power_std_across_channels,eeg__beta_relative_power_mean,eeg__beta_relative_power_std_across_channels,eeg__gamma_power_mean,eeg__gamma_power_std_across_channels,eeg__gamma_relative_power_mean,eeg__gamma_relative_power_std_across_channels,eeg__mean_abs_channel_corr,eeg__std_abs_channel_corr,ecg__n_r_peaks_median,ecg__n_r_peaks_range,ecg__valid_rr_count_median,ecg__valid_rr_count_range,ecg__mean_hr_bpm_median,ecg__mean_hr_bpm_range,ecg__mean_rr_s_median,ecg__mean_rr_s_range,ecg__sdnn_s_median,ecg__sdnn_s_range,ecg__rmssd_s_median,ecg__rmssd_s_range,ecg__pnn50_median,ecg__pnn50_range,ecg__rr_cv_median,ecg__rr_cv_range,ecg__hr_trend_bpm_per_min_median,ecg__hr_trend_bpm_per_min_range,ecg__ecg_channel_agreement,patient,file_name,label,status,seizure_numbers
95.0,512.0,29.0,2.0,186.19354984693456,27.42336128100805,186.19354984693456,27.42336128100805,10.442667109012401,3.791995751918834,35420.07874855161,10551.884223333875,0.10098871335429453,0.03966761871498338,15.121642215123837,5.242125882323659,682.2483283414199,258.27347436755065,4.11850454504397,2.6591114498133237,1.0775862068965518,0.11565868849136843,7.448414673198074,3.066656072355106,16.663793103448278,13.277586094954081,0.4821227679055109,0.06690744554073684,569.7646134097085,217.8166818841006,0.8368267699063604,0.09718150683502261,28.34005069567347,12.640810254182165,0.04216990526013233,0.012508292266453898,6.4870328238297486,3.203154327581333,0.009791592793594588,0.004281535610071971,31.542334521683276,35.914746811143694,0.045724897858526986,0.0466719164765007,36.561969894546735,49.72902950386099,0.0512172307961673,0.057929976033985794,0.929275531764526,0.07278484943404598,70.5,13.0,68.5,11.0,76.33334183200998,23.612655367927616,0.8675695785070785,0.14730131917631917,0.17573453787002383,0.15849706806917424,0.16165759944361477,0.025019788662796638,0.5594343791427309,0.08661069376933273,0.21184088957252853,0.21865855518485638,44.25512446025262,80.6211164174156,0.11713328925166293,PN00,PN00-1.edf,0,negative,
160.0,512.0,29.0,2.0,14.069537881012748,2.7254417974477625,14.069537881012748,2.7254417974477625,2.3217989437592204,0.7242643788741928,205.37992917652784,75.68795883367102,0.21786604833396464,0.0712139996002132,6.129215190666635,1.7418710315578194,122.61285362824228,53.376235493940754,3.8478703391752664,1.7330977128126472,1.043103448275862,0.18649403148951665,5.468890017203231,2.1815907388633016,12.491379310344827,8.717917231548121,0.5936501069939133,0.06100431512057368,94.617489015376,43.21457875890104,0.7542912690461275,0.06957280559033917,15.789633742589402,6.517884928888616,0.13079314622881105,0.010973358696969871,2.574573103726224,1.198325550753752,0.02317338817403281,0.01057541093779128,3.897436918813678,2.1916569202464142,0.04044202686742264,0.03955891356851926,1.7964400384248327,1.7707740681745734,0.019657040547942997,0.026396394816494,0.6587832115560007,0.24959561810360906,64.0,6.0,62.0,4.0,69.09348007885713,14.462456753909208,0.9229044596354167,0.10874837239583335,0.146103415934959,0.13426124073834897,0.18095914599666868,0.10473100839502858,0.5468119451170299,0.14447134786117838,0.16316011430854624,0.16470246299315672,14.175874109525225,24.095984184247996,0.025474643196687064,PN00,PN00-1.edf,0,negative,
240.0,512.0,29.0,2.0,21.63206972597454,6.285095049992499,21.63206972597454,6.285095049992499,2.3316767822379103,0.6623713672704988,507.44886041686453,320.41265906066116,0.14667123029421497,0.0479564067664035,8.914160089190599,2.6944842346873235,231.47647099877122,106.64470060678336,3.1564195395235704,1.078218954192717,1.0086206896551724,0.04561640191490674,4.578824095084739,1.8274063832067742,9.456896551724139,7.16434808423328,0.5576556107399684,0.04268350862795436,191.52505426314517,91.40784928900013,0.8122409728614698,0.049681110850489395,24.44626245079833,10.582040947263518,0.109497467830701,0.01610591111147358,2.6092921220012384,1.2523065974400387,0.012443027232386893,0.005268985044127238,5.29074564616179,3.377949727088865,0.027919863473073094,0.025538151409584098,2.091790391737415,2.062220616972797,0.012991309271368396,0.017937278991080614,0.7083142349180431,0.24223278864921274,60.0,6.0,57.0,10.0,66.83280059946645,5.625039819582469,0.9639108056761787,0.029510119416873537,0.21805851623955683,0.24156810531897271,0.3155211310355629,0.32619717356859007,0.5956284153005464,0.14207650273224037,0.2243571580286513,0.2437438167618657,2.644365479801483,15.889463151263946,0.27134417910318215,PN00,PN00-1.edf,0,negative,
325.0,512.0,29.0,2.0,10.916584487697486,2.487802708143082,10.916584487697486,2.487802708143082,2.412722884992354,0.7479384812841077,125.36097919168141,54.35598906903601,0.29433413299784966,0.0916400726851802,4.453477078081948,1.2717291353194684,53.08464094944886,22.973514373261096,6.119964282515206,2.763136209398108,1.3793103448275863,0.48521542343001,8.20610700902675,2.3596496976989463,25.637931034482758,7.702604297298479,0.6840033254140742,0.06577637076061492,34.83786458422698,16.281828156326934,0.6433627742719933,0.09696102813646175,7.091894337396097,2.7239975012726574,0.1375460923233898,0.025659096828265518,2.130273211798227,1.2633612046740734,0.039409862572899995,0.011203077079441244,4.954972990375269,3.276830102992799,0.1004798789252894,0.062446734748671205,2.3655247923879537,2.7153586769783624,0.04699499485124598,0.048611675565115475,0.5681666245318095,0.22234774911648858,60.5,3.0,58.5,5.0,62.5404287990398,0.21436516402135197,0.994507693574356,0.04530380927985955,0.18625923908528683,0.18431940019991705,0.2729043155915641,0.24460407921070818,0.5931818181818183,0.08636363636363631,0.1852732853443283,0.17689738928386803,-5.38971656873321,8.525569627455901,0.27005835901511366,PN00,PN00-1.edf,0,negative,
360.0,512.0,29.0,2.0,12.40201314403326,5.199581583801887,12.40201314403326,5.199581583801887,2.572752962256906,0.77540125896091,180.84557867138554,234.15009818027954,0.2895663640465749,0.10131661276077143,4.786735228856858,2.7448741112371966,67.02687039480973,24.107853604832354,6.115330957558566,3.1598415238137236,1.2586206896551724,0.24985132321016273,8.204843191956163,2.3150581937650667,25.224137931034484,7.787131523243033,0.6715177714978832,0.07331396591802532,44.21879017451785,17.59779185026757,0.6500143969214803,0.10739597251622321,8.822980384909192,3.4872060476636633,0.13221901383080614,0.023718622434079913,2.4041028154815005,1.0719163437512171,0.03658494281623719,0.011951213875992307,5.720719143233516,3.8973510606961694,0.09110686255867337,0.07078331599263582,3.2686052066303857,3.062460903816537,0.05341866581280296,0.05546333632886537,0.5371215044364916,0.24057944919832547,62.5,1.0,59.0,6.0,71.71284225523496,16.840740556465285,0.8977647069412442,0.12281736031105994,0.163582793212705,0.13338998668966362,0.18592969310565344,0.07709372200505318,0.5795827123695976,0.07719821162444107,0.1881732047181993,0.17432287298042343,-7.990212930078139,12.764535385008255,0.03600491908316568,PN00,PN00-1.edf,0,negative,
400.0,512.0,29.0,2.0,14.014529525652062,2.7546455705540667,14.014529525652062,2.7546455705540667,2.7524999831594257,0.9185902860403827,203.9951100447465,73.21472492117758,0.2638978811204329,0.10682752633187122,5.093560013456141,1.6470511940613017,88.45979625546215,36.68744182303013,5.91161645612242,3.815010079353968,1.2241379310344827,0.07613586953730901,7.770944503528039,2.6099665313978706,23.301724137931036,9.318451132570639,0.6670839004201532,0.08545385027713957,63.55314984089422,30.62817398391062,0.6912780195062392,0.14188640892834278,10.211987011488057,3.878932191201087,0.1188178442810063,0.01921559248479038,2.3645937867934537,1.3118107471535896,0.02793631975643036,0.0136578020082754,6.3330229356732,4.81936190692792,0.08500330115054058,0.0835054945637914,3.6131721940755326,4.05503463881111,0.049171561946477496,0.06115559344297357,0.6018742585323603,0.24025245114169988,62.5,3.0,61.5,3.0,64.83533105542153,6.448030184969944,0.958442615327381,0.04672154017857144,0.12364933893771443,0.08781562135990267,0.1730325715889764,0.0930752305232023,0.4610442864953527,0.14242755604155272,0.13020463473233118,0.09797037499309427,-4.978703016661712,8.841922679753212,0.2088814303520937,PN00,PN00-1.edf,0,negative,
410.0,512.0,29.0,2.0,16.505188951968975,3.459328064883312,16.505188951968975,3.459328064883312,2.761531582811837,0.9260445842608687,284.38821300068815,127.97962025474469,0.22574036954061524,0.0941949424455312,6.071485904625149,2.3469840744004724,175.44075124063488,76.92201103111513,4.5356241627382605,3.026777354197074,1.206896551724138,0.09443492370778724,6.116086990872396,2.9015766890213825,14.922413793103448,10.846321370725242,0.6175367133695615,0.08071822436071888,135.11666614610368,64.30185455185978,0.7398851370799735,0.11460462632208832,21.961234302568982,9.634131225200655,0.12533727731343758,0.01889055464475838,2.875124103842302,1.1257168113687885,0.019960669758731037,0.0136389875744664,7.039910817640174,4.836043637237167,0.05588439013204589,0.065712622077132,3.5134407977373696,4.0306332071482105,0.030929778459488844,0.04940954100489429,0.6284533217859477,0.27093066861519804,61.5,3.0,60.5,3.0,64.45639565838577,6.8970818721600935,0.9650818838846364,0.04785530002733729,0.11763625329261912,0.09970566451184704,0.16231514847934214,0.10367907321192935,0.4437535330695308,0.12888637648388923,0.12324901449875215,0.10942468700550398,-5.65329357813048,12.023416956640148,0.24814038620008746,PN00,PN00-1.edf,0,negative,
430.0,512.0,29.0,2.0,15.193754898769612,4.398614180058587,15.193754898769612,4.398614180058587,2.6326119392930996,0.8104253306507251,250.19799462889802,150.14286212375276,0.2376658537849261,0.08808554522978866,5.626463385765806,2.1176296081667276,116.76600689902139,45.3572891835005,4.906922248921857,2.681407888656365,1.0689655172413792,0.2065370439777748,6.899192455070348,2.397699344695343,18.879310344827587,9.581686170460989,0.6380348227552193,0.07313907939872238,85.52940877076331,36.60297181976018,0.712601781504136,0.10038648851107862,15.484510971024537,6.070767907932049,0.13363565946913247,0.020371071763410787,2.6872629928757115,1.4403599972662575,0.023783314695543737,0.010072619554144591,6.4413796612653025,3.8050115588889386,0.06535754765241643,0.06060129677918577,3.21533376222517,2.9903129014479766,0.03460155519079689,0.04311878649858297,0.5796651444934998,0.2478534573733853,62.5,3.0,61.5,3.0,64.46884823897618,6.056871951643842,0.960524398561508,0.04685484871031753,0.12172830082745786,0.0861704258959917,0.14218959869703626,0.026654487604441834,0.5114816839803171,0.07381082558775282,0.1279012201012027,0.09595093924914687,-14.068846622085168,28.473965787130346,0.26926560799410837,PN00,PN00-1.edf,0,negative,
480.0,512.0,29.0,2.0,10.44723699496761,1.7748406006680737,10.44723699496761,1.7748406006680737,2.4547535887262466,0.8707419681410532,112.29481998679968,36.660952818058824,0.30406153314367756,0.1002317775196252,4.254757731543041,1.2876358489088218,64.43505622744674,24.405162138382742,6.410355164472877,3.7697217273861625,1.3448275862068966,0.30381052046044993,8.444299216623987,2.650442329969004,25.629310344827587,9.230669617819785,0.6823449177873029,0.0830723641025592,44.56067725867034,19.76617751498683,0.6686178523262183,0.13343144470589674,7.445315376046819,2.703006797195882,0.11769600289071151,0.023256265459814417,1.901275721029781,0.8345021641622294,0.0307619516878636,0.00940196055573523,5.637706946025686,4.117050563440835,0.10005008235500751,0.08598878909475638,3.081534213004117,3.2891941839187853,0.05460307136241503,0.05793662622632791,0.5445814596175221,0.21532960695877398,62.0,2.0,61.0,2.0,63.77554075136483,4.579277136602563,0.9664802797379033,0.03168787802419348,0.11215415599176004,0.07746235993068967,0.12517808618101273,0.021778733643195214,0.47388163378716314,0.13420394554042792,0.11673224522241793,0.08397621635983903,-5.47310999301111,6.454994385172258,0.21743618887490415,PN00,PN00-1.edf,0,negative,
490.0,512.0,29.0,2.0,10.737022224058075,2.183220286536971,10.737022224058075,2.183220286536971,2.4717608840627547,0.8541157005800984,120.05009705946362,47.19200579877487,0.3035207800994942,0.10752865742734385,4.333318672375137,1.3755954392787344,52.62258820615623,21.938279193349928,7.233731848445421,3.7025150126667192,1.4051724137931034,0.2966319057600906,9.004315155236869,2.3189701642955174,28.53448275862069,7.382039053983006,0.7217563699566264,0.07444349498597634,33.20295283785294,16.162904771124403,0.615183770594872,0.12215882259712518,7.462285215663924,3.3052952152556587,0.1414600135490253,0.0312473362707202,1.7447811479505035,0.6334557956274187,0.035599511765754065,0.01185605732786383,5.985403302822386,4.044853631975458,0.12289778795412935,0.08518813957907766,2.9660108301513057,2.9460117799539427,0.061461893094694846,0.05926527781678858,0.5559022253049446,0.2257140326680507,62.0,2.0,61.0,2.0,64.17323551924677,4.564842817657443,0.9622369581653225,0.03158077116935487,0.11894003378004617,0.0714035761457662,0.1394609942249983,0.01757950896185334,0.47388163378716314,0.13420394554042792,0.12425016297301097,0.07828372364120921,-7.773427212759904,15.257380613282518,0.23518937181736488,PN00,PN00-1.edf,0,negative,
520.0,512.0,29.0,2.0,12.563419781021771,2.873105713662788,12.563419781021771,2.873105713662788,2.4010296326734077,0.9097855175699693,166.09425303605096,77.16309065287693,0.2595840694324291,0.11444641735302286,5.447883792282852,2.128255686943562,60.7407181840567,26.112813119376206,6.894936849578822,4.162453188806548,1.146551724137931,0.38572167795167395,8.510763102828715,2.7935052159900557,26.163793103448278,8.99048248246659,0.7014542145588746,0.09068922400773888,39.20058563318557,19.327356394296043,0.6206375601609156,0.14008955535667333,7.803536347680752,3.376758229736551,0.13069816577705806,0.029626347307430616,1.568985074627245,0.7029579679198913,0.02834295585923773,0.011376155675798376,6.511340211061673,4.741576696281663,0.11958013959272945,0.0882727300616597,3.325481310525883,4.150084423343946,0.06264325895795557,0.07258655136787077,0.5918242031066862,0.23908570533733559,66.0,6.0,64.5,5.0,69.05445204992715,12.024277635932215,0.9226858242808137,0.0754322828899856,0.1467128795588817,0.12121319509954247,0.16087566928681937,0.07042509049637918,0.49279682066567315,0.1659215101838053,0.16196191234446894,0.14461081808958712,8.638580936082256,10.53636924723021,0.10234940841322852,PN00,PN00-1.edf,0,negative,
600.0,512.0,29.0,2.0,14.956075270743714,4.969048503773396,14.956075270743714,4.969048503773396,2.269354029275653,0.7950118028327475,248.37563053700433,169.8913864122811,0.21311981771209967,0.08686462203425138,7.093201601323606,3.6941622050657403,128.1973295747053,59.57741095429603,4.363319045627698,2.3109972877914946,1.1551724137931034,0.1213038558575025,6.1994822991874985,2.4526354935862558,15.85344827586207,9.972271306274479,0.6110990668655627,0.07682327291506805,101.00607515231425,50.69519340748335,0.7567087524373273,0.10720242153681919,13.173978240650365,5.56527240972898,0.10934766362488994,0.03313227698541169,2.37329888113836,1.1489968527832237,0.020954319143860332,0.01066808822696974,5.609799406394655,3.3766105461034357,0.05764129251537177,0.05546062091042514,2.4644653082431005,2.5245608812713365,0.02683166003999282,0.03476642431724565,0.5726500937647132,0.21143243774216214,73.0,8.0,69.0,6.0,77.08279363526201,13.336477653704378,0.8472456498579546,0.0813728101325758,0.18512276629224356,0.08511376240276938,0.1443081971990361,0.014126233130291044,0.4752979414951246,0.11982665222101835,0.22142227059098935,0.12172563506697773,22.738968559531934,18.14801504229331,0.14807117960979677,PN00,PN00-1.edf,0,negative,
620.0,512.0,29.0,2.0,11.123296809962856,2.219448848103141,11.123296809962856,2.219448848103141,2.4957039696600227,0.837485636516436,128.6536851118762,51.6260466278351,0.29122862283417156,0.08956176790194612,4.698493748428178,1.4160591380047622,90.53451525314448,42.93678004976219,5.653258889373474,3.0121266427694984,1.793103448275862,0.2712436676302116,7.602363195844352,2.4188804079625115,23.42241379310345,8.40312530331769,0.6551873586736751,0.0819822851207716,66.78387086373579,34.353486379133344,0.7045573083045876,0.12790412094453948,9.75249155110277,4.768054954005677,0.11088300114196757,0.028708792225634,1.9166674813331401,0.8506831715717206,0.024339004169273773,0.011353636086858783,6.584966481390277,4.133380872823703,0.08970426191432457,0.07573395225316869,2.872558448394342,2.9029067201751495,0.040257012021073825,0.04471120875515139,0.5593528710741011,0.2220332534103312,72.0,8.0,68.0,6.0,77.18859322189144,13.577653314171513,0.8491442646262188,0.08308166305525466,0.1917304376730113,0.08428352277000284,0.1611604003373737,0.01411823265006057,0.5194196428571429,0.13258928571428574,0.22876790190509622,0.12164003787908328,-31.42928902262076,34.973824223195685,0.04605504311929512,PN00,PN00-1.edf,0,negative,
625.0,512.0,29.0,2.0,13.568844005011112,3.731583666212469,13.568844005011112,3.731583666212469,2.5413292938410654,0.8537997924719293,198.03824429026966,115.75503809957657,0.2524645504101035,0.08891522932358999,5.605622450023004,1.943798770860605,100.23775750582075,45.94131066909541,5.217199378960407,2.892017055156631,1.3448275862068966,0.396176734244002,7.214855101537497,2.6121570456057333,20.42241379310345,10.209888599200562,0.6434485359788721,0.08465202674293462,75.61814915328492,37.06360878934937,0.7248561135164284,0.1203293050667943,11.118433292434833,5.278873624328872,0.11246716291984032,0.0179572131198297,2.189067361793987,1.1796203329523536,0.02419307224076913,0.011034728980230928,6.086207193051475,4.112415259698703,0.07714044258322882,0.07276398122629825,2.9909600998157306,3.3021346665438007,0.03753985080153564,0.04261594782255894,0.6177771108240709,0.23712547380232868,73.0,8.0,69.0,6.0,77.18080489670166,13.384647128167742,0.8489990234375,0.08194986979166674,0.19238545072963925,0.08254159391790339,0.16764630943091996,0.012591045285040792,0.5118093174431203,0.1313109425785482,0.22948330879345025,0.11937318936191721,-42.49346622160898,42.988814766102706,0.015205212681237574,PN00,PN00-1.edf,0,negative,
660.0,512.0,29.0,2.0,14.452750927558533,6.775840562082191,14.452750927558533,6.775840562082191,2.2575816262605173,0.6728337899281551,254.7940246968023,310.73117424621927,0.22123341332465588,0.07145490698267884,6.328966609163587,2.5857804192165585,43.58114070553967,17.38960585304001,7.134898523460198,2.4820358732729106,1.1810344827586208,0.28539560960770427,9.018678558053981,1.828376882798816,28.905172413793103,5.138769892178112,0.7402441858319364,0.05632897346762508,25.672573970961608,11.272334326487643,0.5783981414708449,0.0888729285968986,6.604673394094058,2.512449918124349,0.15524318652658434,0.030477823318458497,2.41219537868233,1.2125423944225981,0.05570304656261405,0.017637525809285615,5.415316796852474,3.2124896478008536,0.128232638843338,0.06258561952625104,2.2688365573871025,1.8578914619889602,0.05398931251047526,0.040921167715102916,0.5377205549683832,0.21615292007704168,64.5,3.0,63.5,3.0,66.93130185598935,7.633158718569277,0.9328369746433003,0.057020103132754296,0.13681343449533354,0.08669855317721753,0.19230394816817253,0.08911501310331724,0.5662141393442623,0.14882172131147542,0.1482225338517102,0.10200090683629251,-0.43306729868725813,1.6877416811839243,0.10854485078297954,PN00,PN00-1.edf,0,negative,
720.0,512.0,29.0,2.0,16.830460623657096,5.032600019228047,16.830460623657096,5.032600019228047,2.8611208412203357,0.9211183004674104,308.591467758006,206.94894696945104,0.2750250753486318,0.08873489966306007,4.8585122734172215,1.5086217618793358,156.71578870050902,155.01640032600716,6.491355612320657,3.8403656810365527,1.4224137931034482,0.48735496638284725,8.787151551677203,2.553347062231845,26.448275862068964,8.849162075651089,0.6596496928395815,0.09805345652643808,105.00849533633934,97.63783018924778,0.6606951859737664,0.1406555989311442,16.532839793283507,18.784215400805067,0.10590196494696938,0.030523774429697406,7.450296084691758,17.195528185739985,0.036404921212488894,0.025267744307805432,13.647615824402045,13.436642043047215,0.0956021259718177,0.06257089213335014,9.164490378955582,11.117404619896135,0.06708252294334834,0.07266391765934996,0.4803761662890011,0.23457054199319824,64.0,4.0,63.0,4.0,66.88184488537173,8.796345324960548,0.9404890447667087,0.05940357030264809,0.13985140659129108,0.09775666326844072,0.1678599823370603,0.04354351866552536,0.6536458333333333,0.02604166666666663,0.15049213895094843,0.11344782187343358,18.254600671940064,36.393530986325395,0.30723685402879736,PN00,PN00-1.edf,0,negative,
730.0,512.0,29.0,2.0,11.2516434858328,2.510759754857201,11.2516434858328,2.510759754857201,2.3753132346700263,0.8912061804077277,132.90339567889427,60.3087767833569,0.27619022603147647,0.09724070717544463,4.976382586691214,1.6531777765878783,66.2114888409755,24.24697453424468,5.810124465476518,2.643487246944179,1.1551724137931034,0.20143657664737796,8.064654618670417,2.584565898926807,24.03448275862069,9.497441610573578,0.675883002577416,0.06455233512575627,45.206321956613074,17.953030183053666,0.6744976370671503,0.09683095607086767,8.382805613287422,2.666233355471684,0.12912774100589441,0.021475976250773104,1.7053759242290671,0.6864764956688486,0.027397750730812496,0.012362447298998384,5.608318167399908,3.9975611532562882,0.08800950401104975,0.059176436217646115,3.021585018621504,3.150412258024614,0.04726514037741964,0.0463274170279014,0.5465975722610587,0.2237332413078143,64.5,5.0,63.5,5.0,67.56122297337728,10.839335963878469,0.9370393710413562,0.07347504890089418,0.14157372099465262,0.11688849191192859,0.1722396479356926,0.07469105410781202,0.6557692307692308,0.011538461538461497,0.15376788259734048,0.13679958235127096,15.705075546842945,32.27561378596641,0.21310212094937528,PN00,PN00-1.edf,0,negative,
810.0,512.0,29.0,2.0,12.940174636306157,2.6600291923723254,12.940174636306157,2.6600291923723254,2.437955958531771,1.005451373073652,174.52387492237418,67.04999170958516,0.24916698972532256,0.10300629765155911,5.725238107574226,2.2294160889286494,101.70046387935024,44.99726394980695,5.3042909349017675,2.9680599809390342,1.2672413793103448,0.06334887265818563,7.249899588538659,2.7783253933299052,20.310344827586206,11.12403718662293,0.647362577876338,0.08860431423233922,76.29530138375559,36.28666026853381,0.7208450017564372,0.12396030940426794,11.87373777885715,5.232371135020582,0.12032437921039323,0.020718893057558092,2.1297015603039062,1.0335593760406812,0.023930999476540617,0.01233641547096593,5.962422310509484,4.082279025694892,0.07226643518702099,0.06734333502354257,3.236730537687143,3.3634437321807282,0.04046923777837087,0.04552556998772203,0.6436317443219977,0.21769462354422117,63.0,2.0,62.0,2.0,64.69475549247453,4.354217451518629,0.9521596185434557,0.030683324388498523,0.11261957538876691,0.063111684438123,0.14634592176560168,0.03781938305336746,0.4424731182795699,0.01827956989247309,0.11884288456230968,0.07011238233200334,8.159685111104382,11.60721915181216,0.27114942676955667,PN00,PN00-1.edf,0,negative,
830.0,512.0,29.0,2.0,12.294974446172303,2.605282538953731,12.294974446172303,2.605282538953731,2.5657809647627836,1.0486898368632118,157.9538937398072,68.4437471947056,0.26932861509527634,0.09646035886469488,5.066643364043251,1.6472116641076386,88.28504908383405,35.69276503918172,5.539318352545249,2.664032790968417,1.206896551724138,0.3415795302786026,7.764509673079642,2.901995284664576,22.025862068965516,11.349909772462686,0.6633533113811452,0.07115257702630726,63.284835046155656,27.967505411552835,0.7016003959968846,0.10100022053739882,11.30262513851034,4.304021821333765,0.1307955558038186,0.01941080873306668,1.9127748302833498,0.8627079902389778,0.023747178082030022,0.012989694241448751,5.858133899492247,4.286964866288728,0.0732475136776838,0.05840430482338912,3.7604194981404255,4.114866013320208,0.04575134406920447,0.04599517592314443,0.5829267418268501,0.23090794305240914,63.0,2.0,62.0,2.0,64.48099442183802,4.393488301524734,0.9539127553343743,0.031275411462399094,0.10688781740527048,0.06699489806087028,0.13547422598747258,0.04126947767881163,0.41801075268817206,0.0026881720430107503,0.11265792194233702,0.07392533596995146,-3.483178545822466,6.251176561590567,0.27805401958424886,PN00,PN00-1.edf,0,negative,
1145.0,512.0,29.0,2.0,19.358033436169546,13.127293334622154,19.358033436169546,13.127293334622154,2.3394150258334405,1.1009758163976548,547.0592888090735,919.4441833550314,0.19037385840027923,0.10258375800017486,8.469782760155107,5.67642119842887,99.5471825818272,47.67842962607621,4.3856314025653385,1.9963093808720056,1.0517241379310345,0.19004661797455688,6.397074911238591,2.231468898959066,16.232758620689655,9.150779841104075,0.6118673241809509,0.07656715974950934,73.53318482602062,36.54810173489099,0.7260460224518752,0.0978034687828891,11.874738367372611,5.523151318702967,0.1220891804983195,0.02759521059237392,3.232563000537537,2.0679290524665,0.0354634513654575,0.020189198982230462,5.195529956374393,4.6777382717738005,0.05625195640218934,0.0417589969723617,2.61109199567781,3.770983284930036,0.02777516956794922,0.031349623551786984,0.4837532980514138,0.2616345205845168,68.5,7.0,66.5,5.0,72.50643386692362,12.701013373276993,0.8766198642012002,0.07445802550384961,0.1398829185702158,0.12091759066071264,0.14144110041947763,0.05459443478596615,0.4637021475256769,0.10200746965452845,0.1627933912091146,0.15176346164189158,-27.410699686789133,49.01817478375016,0.2902128237239787,PN00,PN00-1.edf,1,positive,1.0
1150.0,512.0,29.0,2.0,14.51175719817002,4.270176921958632,14.51175719817002,4.270176921958632,3.100565169651939,1.4031799091682977,228.82550792346743,140.028589042989,0.3714117064873341,0.1708461181387125,4.138400345812285,1.6101537347296613,82.57621064327014,43.065590150163885,5.011124325348581,2.0241498044281454,1.1293103448275863,0.24230119521646887,7.128450689335782,2.1317852882415305,20.29310344827586,8.416698551483227,0.6419857944704858,0.06740930916882201,57.2880693094705,29.735442437636,0.687021185073477,0.09408064115021852,10.604626518879552,5.17455014257665,0.13197849778765325,0.020068351428375486,3.661195912004891,2.868976134750929,0.04564380004790741,0.023321799544899706,5.552044698191291,5.092554444500965,0.06839450604658776,0.04070004725669316,2.827771217418114,4.038135975889596,0.03446827110203287,0.035008714991138355,0.4348077657062299,0.25012392867743694,69.0,6.0,67.0,4.0,72.51332607267011,12.183854577488077,0.879795281145485,0.060541649247491613,0.15525689607922522,0.1534580225622166,0.1710460619891106,0.12319721347996172,0.4375,0.125,0.1796827420846514,0.18678926294690826,-31.270807646920215,59.021415116663526,0.3509118312574303,PN00,PN00-1.edf,1,positive,1.0
1155.0,512.0,29.0,2.0,27.368374493261307,10.011783273301328,27.368374493261307,10.011783273301328,10.035552135047928,6.157646871700559,849.2637267149522,615.8033387604536,0.6280977344446856,0.2317688712639819,2.505418878617328,1.0170307262764502,232.80325987667425,117.57892667393729,10.325778820658368,6.95631696644174,1.043103448275862,0.18649403148951665,10.85239379256435,3.852056557242335,31.28448275862069,12.023992562633032,0.713637710383147,0.11476618373742997,117.9925067221734,57.75768613753422,0.5507664271370051,0.19576210162221874,23.02135090422234,10.833857146289885,0.10964942421466799,0.04141483976445756,6.516570883670312,4.876954668894507,0.02701910403911858,0.01090963529268454,37.4596048611752,42.829882892303935,0.13454212005423666,0.10537884452244776,42.61650177960827,52.99101365226037,0.1537207340742377,0.14341195674453364,0.3791427677098339,0.25808409425474815,68.5,7.0,67.0,6.0,71.114560034969,10.360587114992654,0.8851244245256696,0.06550554547991072,0.14162967441338012,0.11385917261450344,0.18897111213273982,0.13688744548271425,0.49689440993788814,0.13664596273291924,0.1626136979674056,0.1406709250725832,-2.638742555956664,0.29536040319734,0.3854247168534831,PN00,PN00-1.edf,1,positive,1.0
1160.0,512.0,29.0,2.0,29.512097218576834,10.049835648107946,29.512097218576834,10.049835648107946,10.784859987470615,6.605647789375009,971.9630787927117,671.468902357679,0.6011855871800705,0.24185600591281126,2.7155564032447534,1.2340230308866347,420.43938476699867,204.14452041785495,6.92864712059912,4.544900502631268,1.1637931034482758,0.5696182254028203,8.868989736375374,4.189730186400939,24.879310344827587,14.054637946252397,0.6645818812686161,0.0989987444358822,272.9321255833486,141.43388826484687,0.6463914602846359,0.13525933914632862,52.42723947319724,37.168030469738476,0.12132669781740203,0.031870741596383374,13.413450580372754,10.02156578796808,0.0304225264138126,0.01399281032181672,32.012595799339906,33.61278477722981,0.076708288019181,0.06798373280933563,34.376756404729015,41.526445334827024,0.08597938202800064,0.09323702561548651,0.4135758653365668,0.26807300930250516,66.0,4.0,65.0,4.0,69.03032179243107,8.087653030864303,0.9063992259683724,0.0497387504442075,0.1456863021891677,0.12190161502724078,0.1867861424764633,0.13131874134338298,0.489980449657869,0.14125122189638312,0.1626983528500177,0.14341807017591982,16.584916829837393,38.17842073171244,0.3814813740615162,PN00,PN00-1.edf,1,positive,1.0
1165.0,512.0,29.0,2.0,21.84802976934672,6.731310472054344,21.84802976934672,6.731310472054344,4.128189604650692,2.030446626149466,522.6469454734491,340.6243405632651,0.32742075749367716,0.18159186241798603,5.2120657004881705,2.497599884049427,308.03677667473517,221.86492102432456,5.182969449637054,1.640808124160639,2.293103448275862,1.8570334211396111,6.214426046968552,2.369694205911538,17.853448275862068,9.689471099000146,0.6511644813907477,0.06036187308749301,145.13462257618576,63.77243643834218,0.5425796495950914,0.1582718691940886,110.56716699986596,153.5648715826008,0.2811551101767968,0.15005229925930677,18.951551019118643,14.476208512701325,0.06126840816256962,0.02253789215766684,17.969018511324556,14.9479931751573,0.05893543025248494,0.03137314286993767,6.658701725061054,6.692893251163006,0.025901917972989512,0.02831309862997197,0.5158683684828747,0.2542560111071994,69.0,10.0,67.5,9.0,73.10494866217738,17.59235177182181,0.8836108010912698,0.11509486607142849,0.1688588502934241,0.16765287082047736,0.1775960550388995,0.1134826931629787,0.4913675601999091,0.14402544298046344,0.19811980696910544,0.21554223107556975,33.12313342099727,72.47080902497056,0.34194838054601645,PN00,PN00-1.edf,1,positive,1.0
1170.0,512.0,29.0,2.0,21.346258669995624,7.045925044878759,21.346258669995624,7.045925044878759,3.5284268883335246,1.7834698922079144,505.30781894441304,347.89601650644585,0.2704698691806154,0.14480245012320983,5.901301486951609,2.600807115582879,264.73826687527287,251.42321833718535,6.10343130262483,1.5689431602099217,3.396551724137931,1.9247897795864557,6.4257924069113885,2.1320307926831905,19.396551724137932,8.428072253042034,0.6838656031986613,0.07710961604725242,75.43385047807766,32.472328534869064,0.399991131751615,0.17057142147085996,142.79990775023663,206.69877604908913,0.39606967145511474,0.19753131224295012,17.15605132511607,11.053553816315313,0.07660347530613279,0.024350643825084232,18.513250964925888,15.214177298622705,0.07601230270322641,0.03535389711449708,5.229111707940916,5.586028809750286,0.024681514935090822,0.027527273140254455,0.45874186127978667,0.27001804641683946,71.0,16.0,68.5,13.0,76.55961536476639,25.740948418800116,0.8637067372311829,0.1715280577956989,0.17777739797944242,0.19222963930199088,0.17190483806451817,0.12723228182804291,0.49401860877270715,0.20115197164377496,0.2190405009171718,0.26606395561946505,43.56297063182255,94.43880617524263,0.316589786859769,PN00,PN00-1.edf,1,positive,1.0
1175.0,512.0,29.0,2.0,21.41522949223665,7.129563663193083,21.41522949223665,7.129563663193083,4.289944998686435,2.3777286654623273,509.4427322326858,353.9651485214966,0.3079604835865586,0.15512288484229925,5.025499295321333,2.029857640428172,233.87817197524006,172.42711858380028,6.94343659287682,1.843715419221065,2.853448275862069,2.014513333652211,7.127665823245344,2.0519303298072913,22.060344827586206,7.671503239265395,0.7439801280762438,0.04545710481337711,81.65811228541313,32.84413654296625,0.41907221118568383,0.11693806979702856,87.09594830563543,88.3056193381513,0.3252619554278564,0.08866712356177146,17.266241322176846,14.405569770745528,0.0718482933188159,0.01600174107947589,32.8599682461354,35.162027025022375,0.1164294884576207,0.04402591500568956,6.839319892289333,7.455255333491109,0.031499337040275896,0.03448991879140387,0.42105687502381334,0.2608266620260853,68.0,10.0,64.5,5.0,79.06347692397134,30.97573345465878,0.8603635520733028,0.17991553698242657,0.21311970550780096,0.27212584556882335,0.23257464543100892,0.27040626862359907,0.5363884749130651,0.3514654744162941,0.2671650268940698,0.3721600991508692,51.73972655460275,114.12885858384819,0.31754653157693075,PN00,PN00-1.edf,1,positive,1.0
1180.0,512.0,29.0,2.0,24.717097724829316,8.399399029093336,24.717097724829316,8.399399029093336,4.321716424948299,2.5738955028853523,681.4848239886967,493.0936709011677,0.2312331617961406,0.10005760104690818,5.733295447754163,1.8462528484409062,458.07079670086046,341.50195835400206,6.738194035164437,1.6069043984479532,3.3879310344827585,0.5631890679676231,5.951045060844589,1.4590482480010665,18.17241379310345,5.014678217181908,0.7513900190075052,0.05658395879278476,161.45579620892545,60.920117671734666,0.4329751684349821,0.1346894171683883,117.9397284938833,102.708644670309,0.24092043896655566,0.05640603501677726,69.44594531945367,92.59217047387493,0.11793488698241301,0.058958722951741274,72.50805352612723,84.29906644919,0.12460673804389664,0.0636923833275213,7.296982861960134,10.553811802701123,0.015206985356223734,0.021044986996718393,0.43624091083904865,0.26995865328048485,59.5,9.0,54.0,18.0,81.65575380344751,35.54775080635799,0.8644779265873016,0.1644593253968254,0.26062874130197505,0.356864651137081,0.26013733030537856,0.30644020031193075,0.6187683284457478,0.3988269794721408,0.3240522098718646,0.47445752673540065,83.20528354170627,175.4555265768033,0.31384371040705045,PN00,PN00-1.edf,1,positive,1.0
1185.0,512.0,29.0,2.0,31.340525902832443,10.83471835504696,31.340525902832443,10.834718355046958,4.065654660460353,2.2674551675079755,1099.6196856993024,816.5221813931978,0.16544209729950815,0.06333096074022199,7.260132020675039,1.8057160042784188,945.1801326295532,768.8270777964444,5.252965668701509,1.003908572681218,2.9310344827586206,0.8632750184220722,4.872776427865435,0.9302018658398836,14.85344827586207,2.868164468739268,0.6941784794856032,0.04882810911202633,466.53787828773744,293.2963666487758,0.548034498583272,0.12015548015785073,191.22756774697461,177.5596052284381,0.19706777371698023,0.039533314025269224,128.03627716905206,184.96554694686046,0.1044142113259122,0.06021731824105079,87.06910439894739,92.04240096847414,0.0789242577352421,0.038219935711587424,6.214444885044762,8.114526819445995,0.005863481652615545,0.006623045763815592,0.4637076899875249,0.27546287461676644,53.0,24.0,48.0,32.0,85.08296472518654,37.87751548239032,0.83074951171875,0.183349609375,0.2807578237505271,0.3367579500216884,0.2563373036892943,0.3203103261448615,0.666410650281618,0.6026625704045059,0.36476568638926216,0.48587160201812407,108.09655651170262,194.52706900087108,0.30366900616960507,PN00,PN00-1.edf,1,positive,1.0
1190.0,512.0,29.0,2.0,35.680628407827776,12.469279239472087,35.680628407827776,12.469279239472087,3.8192770678540393,2.1081055093114456,1428.5901683294157,1084.0885156620177,0.13736075998982436,0.059542202207952366,8.529513538005393,2.111660055657018,1223.8760674459763,1075.7463584647596,4.545247621721989,0.7311103071357566,2.4051724137931036,0.4375371565672249,4.3874988472838234,0.8763388323515158,13.310344827586206,2.6381282324309234,0.6570733053039214,0.0506976839369597,759.2541284461978,583.9958692474261,0.6468702013336313,0.10938201012455569,220.1941192744095,237.77700257113142,0.18080866978938054,0.06315228435631873,118.07460019453629,158.23067238729797,0.07748703071178115,0.03982605418838635,77.2023258719788,87.9785823032736,0.05363461831220255,0.02456874037954654,5.1839531383268245,7.171357769167718,0.004247553090518261,0.0055138979867605555,0.49302755002892135,0.2698407015879999,53.5,29.0,51.5,31.0,84.23845718807972,28.440547885453128,0.8068592583955223,0.15668726679104472,0.26068287267708834,0.22469265180749756,0.2121271355895583,0.2528021614366799,0.6019480519480519,0.5675324675324676,0.33980678976863554,0.3444665795693702,102.45520026990643,149.41098433182336,0.3056015301329254,PN00,PN00-1.edf,1,positive,1.0
1195.0,512.0,29.0,2.0,35.35120767155251,13.17955747873728,35.35120767155251,13.17955747873728,3.7368643525473053,2.1467760316877977,1423.408619172573,1178.1666640515766,0.13655044299275054,0.0679254040954212,8.591752487009586,2.13815210400142,1228.2338584508332,1119.0989164325274,4.386679802683999,0.778973313451262,2.0689655172413794,0.2853956096077043,4.436607150257718,0.9934881219806407,13.35344827586207,3.1653547775903843,0.6479845308492734,0.05125909663821388,775.215925018455,619.6861274385296,0.6719310437997753,0.09036473402297404,228.451247550908,248.90818513127712,0.17723219762916304,0.052683597488477785,100.53438664030317,121.22613958663099,0.06805794546064022,0.024150612107720522,85.68399475995878,103.14910057006684,0.0562000888449422,0.027315103979392876,4.837612127646727,6.8456124927487405,0.004228141276390971,0.006238537320657336,0.495935008034373,0.2621469343939891,55.5,33.0,54.0,34.0,82.83202838844119,15.621041129390434,0.8150910318328892,0.046039327179292044,0.28194606895797336,0.2204234590883712,0.26135886420765164,0.37251238394376823,0.5865079365079365,0.7158730158730159,0.3500053165604269,0.2901976087751674,45.36532487608504,8.440661234709289,0.3017250576119472,PN00,PN00-1.edf,1,positive,1.0
1200.0,512.0,29.0,2.0,39.793156771414665,12.343156480668238,39.793156771414665,12.343156480668236,3.7438456123569397,2.1806739314657806,1735.8488377406472,1084.83422633642,0.12473190750925658,0.06744692838825542,10.164274357511959,3.3264908747156285,1460.3401917219085,1024.8731488174167,3.6413709928317433,0.7721520465139863,1.75,0.41000420519290054,3.8521308994923764,1.0512709456230962,10.862068965517242,3.4388664725361773,0.6140087394389766,0.04821110310078689,1052.346915299121,675.3865161604325,0.734723841844846,0.08482063982072645,201.84653883311196,201.2318050271488,0.13643846711874918,0.0512730300308023,78.61919460802905,89.09235199730166,0.047154028811116584,0.02185031760499883,57.021026741526974,60.20427917176285,0.03463797260892558,0.018173899460171956,5.378836166578035,7.718932941051172,0.0039229145741071295,0.006241326098295957,0.49960893360183833,0.2712228863795847,58.5,33.0,56.5,35.0,85.07417360510527,10.511614945895701,0.7953137181652807,0.004389455561330524,0.2883288739273401,0.19822864206374352,0.2709298290361133,0.40841206167954613,0.5558759913482336,0.7829848594087959,0.36288143725673316,0.2512486449593557,46.05360614830675,17.40761277822311,0.3013656679241232,PN00,PN00-1.edf,1,positive,1.0
1205.0,512.0,29.0,2.0,41.92337239713134,13.06853819528747,41.92337239713134,13.06853819528747,3.699937184660258,2.204402665656826,1928.3558437102417,1210.0982452746666,0.11694228798432259,0.0644472878230739,11.016067714336412,3.4982100013426765,1547.1924299387754,1017.8929179076412,3.3610420266751033,0.6550491075654192,1.6551724137931034,0.4225017501669947,3.5043481955765934,1.043769451613845,9.698275862068966,2.974300345390454,0.5957388402726607,0.04627353728222296,1169.3090308631474,721.0616867003173,0.7665263190723222,0.060920694493972805,183.0900692854981,161.56007813827483,0.11639446658330474,0.036260167234346004,84.20316182367921,94.71069399739122,0.04678610958774228,0.021297888936714072,40.80790777657348,41.87115080060237,0.023551831980298185,0.014146978106573655,5.149891135715871,8.296562317185835,0.0034843352919080224,0.005943679187942369,0.5247594325353039,0.2650211855520258,61.5,35.0,59.0,38.0,88.45741261405685,9.041723271722503,0.7639466897035256,0.0004519731570513663,0.27841393850573554,0.1578702631847484,0.2751826720484613,0.4208548187743124,0.5651015651015651,0.8185148185148186,0.3644721769035625,0.20686652217385942,52.08833494157395,24.77700242272732,0.30099221765241857,PN00,PN00-1.edf,1,positive,1.0
1210.0,512.0,29.0,2.0,38.30178795956447,12.676648901638805,38.30178795956447,12.676648901638805,3.6495746071094173,2.1369878559072952,1627.724388274859,1231.7965601125945,0.1271732490057516,0.07091188032008619,10.556516477913895,3.2383258431729876,1364.7420764579642,1183.6035385280297,3.5170357765984566,0.7012219242242165,1.8103448275862069,0.10697994522405911,3.6595687942797266,1.2179555071094181,10.163793103448276,3.8997545579646715,0.5996206290481325,0.05492381311421198,1015.2323168700171,831.5711297160863,0.7597250762189648,0.0666635615839548,187.1188963096366,211.54977540833917,0.1305095357161938,0.04327012218668704,73.55419629394615,90.49640837885929,0.04485541188960942,0.020080789089339825,34.314287441453516,31.6811718780431,0.024140348740911526,0.01221316284295088,5.100300737128125,8.302440068778852,0.00442120797292179,0.00791199991193689,0.4822028429600802,0.2752352385637033,62.0,42.0,58.5,47.0,90.72944886686386,3.754160809411516,0.7466864928135888,0.043010942944250785,0.28550075003184444,0.16285128197667176,0.2687473744792483,0.41468406018191745,0.5470225127087872,0.8471314451706609,0.3795309964010053,0.19623670356318362,56.88861572601449,33.366915582529685,0.29240671695553977,PN00,PN00-1.edf,1,positive,1.0
1535.0,512.0,29.0,2.0,12.114024519212263,5.657261264876726,12.114024519212263,5.657261264876726,1.9942430498952515,1.0137754916422832,178.75419507115052,208.72899078305738,0.21688668140073808,0.07218330321490489,6.307836621735891,1.814912598921811,48.92076380953631,30.4907633904623,5.108792452040602,1.2365514127985657,1.2586206896551724,0.3042993550814274,7.562371215412537,1.5372099913229735,23.31896551724138,6.594438798546579,0.6435345903269333,0.05917911729000825,35.14096018028562,25.926835213513094,0.6912989736746047,0.06898846143548817,6.074796968025828,2.2863697290866516,0.13817055253488097,0.033672481474724396,1.6489837594203978,0.8968356684705265,0.03615525250594135,0.011875676257578639,3.3947661051065037,1.742779162355282,0.0779350398001222,0.030275251869582968,1.4925401403270464,1.252732257947606,0.03295131352844878,0.02124276652436074,0.4263749535732565,0.2462829840453787,63.0,4.0,61.5,3.0,65.98838863647771,6.896321541068282,0.9479778955853175,0.0505936879960317,0.1463362168069129,0.08407685898589015,0.20995926691007494,0.08449954715304087,0.6187807545106616,0.08501913613996714,0.15566090086003948,0.09699837777378696,-7.787682396005117,16.076407113300874,0.11807091654394236,PN00,PN00-1.edf,0,negative,
1560.0,512.0,29.0,2.0,11.068454921578779,4.9279028543780425,11.068454921578779,4.9279028543780425,1.9769444126344717,1.0692304410823854,146.79492089320874,169.65224650668546,0.23613695579433547,0.09404468473549289,6.1220523597408825,2.3464234809408198,40.59604101052265,23.730008298457015,5.513027294880699,1.1935813653006098,1.0689655172413792,0.15942450007678385,7.638226287718668,1.5087050045014232,24.198275862068964,6.492827378898656,0.6757235366503456,0.05506042001222254,24.26575454062769,19.09197097459262,0.5702785157004516,0.0978015922999208,8.984122514008583,3.873333568302982,0.23799100380788482,0.060995505937130844,1.444392176228852,0.6367475068084815,0.03950018622474067,0.012588621120100889,2.8678963946181932,1.6901443492925246,0.07606134911987006,0.027239499088801536,1.4520180242695246,1.5110739525753394,0.03496820588664109,0.02258489518596466,0.3983881467128255,0.23524402504258785,64.0,4.0,63.0,4.0,66.43044588888606,8.274068198490305,0.9452721075031525,0.059955272698612894,0.14646859436038437,0.09583378322655746,0.2045708909416053,0.0944651176788377,0.6364583333333333,0.039583333333333304,0.15671379565626925,0.11132202118892294,0.31470858103835575,2.0555941856454787,0.14330937299695704,PN00,PN00-1.edf,0,negative,
1650.0,512.0,29.0,2.0,19.512893053809346,5.535574369020322,19.512893053809346,5.535574369020322,2.089048743356394,0.77022838670393,411.3955789243559,235.00877273117464,0.14765968329970564,0.060736390785008094,9.265012756986906,2.7711048942610805,107.53469387849783,47.100096284314226,3.7177755370021326,1.822073683554813,1.3275862068965518,0.22840760861192705,6.015830543033505,2.0147296189101858,13.879310344827585,9.658527742107768,0.543532169265201,0.0694609124675051,89.47910228723788,40.68048701677944,0.8193286258175014,0.08195689331548546,8.143462620834159,3.688216436046423,0.0772657915486173,0.01356013533630707,1.4288332830833703,0.7796984176025714,0.014631219175679427,0.008599880619470871,3.9868316440084373,2.792517749156417,0.04087986237347636,0.031102715906626496,1.995578085468981,1.5083112329024178,0.02491585559958493,0.03223370249651665,0.7051492860951393,0.231158828168942,67.5,7.0,66.5,7.0,72.15556453850203,14.213671256674544,0.8954132564484127,0.09434213789682533,0.17944570670241042,0.1065812355884016,0.22867132210388147,0.052985052489471246,0.7082748948106592,0.061711079943899017,0.2041072152074923,0.1405352732104583,-8.677321396978844,22.82737904109191,0.35325680822018635,PN00,PN00-1.edf,0,negative,
1670.0,512.0,29.0,2.0,54.12994142258495,34.74250196225851,54.12994142258495,34.74250196225851,10.470284807781693,8.35162039105133,4137.092001010015,8714.402303183193,0.359036254473694,0.23553366706246845,6.784944502018003,8.065392964556953,377.9080397817988,132.80386075734341,6.612331856717992,5.007243473666231,1.0258620689655173,0.07613586953730901,9.589122950244963,4.070443429877693,25.92241379310345,14.648776494789335,0.5491608588065551,0.12740034247782142,281.0291503890332,118.75389044484353,0.7429528440481408,0.16946963098883225,18.62535214114262,7.310564403233556,0.04937463182872555,0.01024103834066466,4.696316460544566,2.2747332987809994,0.012673711113207017,0.006252298712948668,30.27067122321873,29.189578411878607,0.08089056734693831,0.07422747721258831,38.09383645394312,39.99807287968742,0.10040178915704405,0.09856320014828385,0.5860528149571566,0.2982365944303542,69.5,11.0,67.5,9.0,74.69745346472874,18.54101540125008,0.8763427734375,0.11754014756944442,0.1827576245626954,0.12537135630441443,0.2034743438107447,0.03192998376585837,0.666628805088596,0.07519309404815988,0.2143067275951125,0.17180606179986554,24.040296502384724,45.70218322301768,0.3302042115173376,PN00,PN00-1.edf,0,negative,
1720.0,512.0,29.0,2.0,14.96160340079722,5.090867271231015,14.96160340079722,5.090867271231015,2.6503896908744298,1.864324746144922,249.76650589603804,195.42523975435347,0.23136952245807518,0.13320484046025818,6.533718821933077,2.3523726207521363,130.38929656393879,52.13822848980717,3.6161232826239726,1.6065307334013716,1.4137931034482758,0.49251230541674823,5.309602185069373,2.434434357296722,11.793103448275861,10.065747005682287,0.5614722788970722,0.06457575504762415,106.00321233538565,44.590885577915635,0.7964050717686602,0.0744217707466294,13.816223236352773,5.16960161412832,0.11142944146007874,0.02041608645816522,2.0224708929142223,0.9981481764481236,0.01694797778482314,0.008306688998515986,3.7138898405646454,2.829406498131253,0.03378317675020817,0.028768704345382142,2.1803625339802113,3.2037561869025137,0.020288507023010174,0.028988509557146536,0.5799405108524268,0.28823941836056005,66.5,9.0,65.0,8.0,71.39798307130513,16.098308070282727,0.904091771353053,0.10856850647422189,0.16364550912748105,0.12781898132279887,0.19187791944398921,0.07164711574514643,0.7960784313725491,0.025490196078431393,0.18592006623605328,0.16370467017538992,-28.97119023192386,44.9449475074127,0.2109933514777234,PN00,PN00-1.edf,0,negative,
1725.0,512.0,29.0,2.0,14.923715109735198,5.1423094827421965,14.923715109735198,5.1423094827421965,2.6866297633562595,1.9386281244114407,249.1606194928391,196.48154073595282,0.2310403712209148,0.12923482783654777,6.330509426263655,2.0656968786159147,76.60987108921806,32.68709174920517,4.856424555269083,1.9163323783284512,1.6120689655172413,0.6317265848469401,6.909283473047597,2.349451628863091,19.45689655172414,9.22189789107624,0.6399611845385205,0.058519345136951256,54.488320172977645,24.38287211068911,0.7021653244190047,0.0800950080106951,11.055264897382676,4.793762197973955,0.14900985273079662,0.03002106404663471,2.080169653118073,1.2096679613626733,0.02706049190945823,0.008208312621149723,4.201347272374746,3.036451328787447,0.05908964432445543,0.03534012077703094,2.3493828302782145,3.2962669875062294,0.03185716932672265,0.03834133464792335,0.5479816949927234,0.27903338884296053,64.0,6.0,62.5,5.0,68.12704378083761,11.515203560873225,0.9327661758814103,0.07893379407051282,0.15007891386517408,0.11197617420824157,0.19051174450535074,0.06791042841611375,0.7811175847457628,0.03098516949152541,0.16372943285397726,0.13390275373825172,-21.438981828285158,35.47743826813803,0.22272622187462351,PN00,PN00-1.edf,0,negative,
1760.0,512.0,29.0,2.0,47.5219323977452,30.7001910430145,47.5219323977452,30.7001910430145,7.010785545398818,4.067088930930969,3200.835788893454,5336.415629216236,0.2673456301089331,0.11366580102819306,5.395712610018572,1.5667524066511478,387.82309315251337,322.62224821974394,6.497854025631522,5.495694167314635,2.4224137931034484,6.8191235432231885,9.37596811242584,3.039765747765918,27.18103448275862,11.48066150467898,0.5690611551824672,0.09032608830533954,282.3107926636333,235.65831586225502,0.7442630555860571,0.17714280532389406,17.38883736559881,7.792784611216658,0.05458630975353556,0.02279115164476628,5.633027432314074,3.53558266892312,0.01588182950155352,0.0055200087632498555,28.74168534776416,38.39954602014942,0.06886485839754437,0.06856290870549181,49.00706007639968,86.24364873819981,0.10204593588930759,0.1238431125693992,0.6120589207792018,0.2852578781185634,64.0,2.0,63.0,2.0,65.79517406631557,4.348270306259877,0.9405089347593246,0.029516404674899244,0.12672148398480915,0.05189209710880695,0.16897474002593782,0.02850213976585511,0.7014051522248244,0.025761124121779888,0.13520332236891094,0.05941763126316174,6.7274025839107585,0.7711192533681857,0.25222359900075764,PN00,PN00-1.edf,0,negative,
1790.0,512.0,29.0,2.0,24.2010688647947,6.984224005140281,24.2010688647947,6.984224005140281,3.5659274777536027,2.817002053978911,634.4711191525131,365.595474475252,0.2002872838164406,0.15001985881463295,8.788788285951602,3.9025129793727085,203.60808481601538,95.71780709739751,3.7042328056842746,2.1083798837439525,1.0258620689655173,0.10053365335940172,5.522095018218481,2.9286888299496048,12.560344827586206,11.672369225198876,0.559068726489813,0.07114929053059338,168.62375725895362,83.45493768744228,0.8051595466856338,0.08582207404899814,19.799936483102638,8.926131423705913,0.1004940680909188,0.015380643769021034,2.6424328269858712,1.284250726670134,0.01545979296717376,0.01046174083928111,5.6049384139110225,4.978397269374893,0.03625099796096706,0.039197680149892104,3.9377795429934745,5.641851872189412,0.026749628794052766,0.03901894184407517,0.7919473554695644,0.17773841429665727,66.0,4.0,64.5,3.0,68.95536168880388,7.655234042156138,0.9085828993055556,0.04698350694444442,0.13524824728443702,0.08012496454286294,0.18033184885983486,0.0536218350101213,0.6683622828784119,0.0786600496277916,0.15009664489313337,0.09594835140213193,1.9651298806270348,7.168566242165166,0.24215430830528606,PN00,PN00-1.edf,0,negative,
1800.0,512.0,29.0,2.0,15.962986111856136,4.758469951306931,15.962986111856136,4.758469951306931,2.9220786656876685,1.8452079579800542,277.4599618848028,182.44126712981043,0.24009457346266502,0.1311744600995972,6.109732503756113,2.026290563370875,136.70334258646582,59.904043993101624,4.037581984477358,2.01478005855907,1.0172413793103448,0.06334887265818563,6.042254571503575,2.5161022617147113,15.051724137931034,9.940855117927445,0.5882273760685367,0.06778027594464411,111.50609532511463,52.406719201978454,0.794114585940169,0.08498216628864555,11.757619669748363,5.071906644020341,0.08864438158294084,0.016021471215241837,2.2651680500052147,0.9250678060838332,0.018936692881865433,0.009855252473097893,5.685693298080355,3.2199542267634946,0.05118271874467208,0.04011324247746432,2.6849166512424594,3.505203040551689,0.025470637926710702,0.035122310237447864,0.6153810152078212,0.25887210840362895,66.0,4.0,64.5,3.0,68.7076654645038,7.62677935939513,0.9117133951118326,0.04667489628427124,0.13401708664542827,0.08174042200500917,0.17521558295685435,0.055068383642767144,0.6368486352357321,0.08014888337468984,0.1482393604023214,0.0972449009221358,-8.705795603461521,7.293847407886524,0.24158693550440047,PN00,PN00-1.edf,0,negative,
1885.0,512.0,29.0,2.0,14.82014496917539,3.920238599096241,14.82014496917539,3.920238599096241,2.2500395753480946,0.8499459126009683,235.00496758121872,122.18156376751455,0.2082178343045448,0.09020513187162184,6.919022544978067,2.393604604731067,107.43635641366122,51.92030007287278,4.01122834216862,1.9028433346362894,1.0,0.0,5.984060546760662,2.215104696238345,14.35344827586207,9.582112745168349,0.5885192607399906,0.07116295967330967,83.63026994635204,43.869276570829236,0.7569627698253926,0.07847085428015715,12.568283803555056,5.659736711372516,0.11918764965996095,0.017557709149801457,1.8993373193345324,0.9225544004483992,0.019761418676569796,0.01012305778043309,4.289871157122195,2.3159130954400684,0.05013058142916691,0.04172301388507264,1.7964249432403059,1.5850977301158862,0.023562867046102963,0.028462496394771233,0.6209139042430483,0.25741937557098116,69.0,8.0,68.0,8.0,73.73732024527693,16.09438849598027,0.8707071940104167,0.10209147135416663,0.1524993917264912,0.13192610105063968,0.1474544580425457,0.07767830753213745,0.5250391236306728,0.16118935837245696,0.18020500542728174,0.17264528906407317,5.942433934589618,2.074288796775461,0.035031947779084936,PN00,PN00-1.edf,0,negative,
1940.0,512.0,29.0,2.0,22.56652490630159,7.560251596903329,22.56652490630159,7.560251596903329,2.0739545371873542,0.6234793490602941,566.4054505552094,437.5563075559604,0.13034566943411915,0.05037552106799602,10.502010360878222,3.89002611692295,32.28152751751168,25.16361900897384,7.527227980720893,2.2757974476647593,1.0,0.0,10.038287810328773,1.9870960398096364,30.93103448275862,7.067072917375382,0.6987377906903085,0.10573356823913786,20.295401323900478,23.650767397452213,0.5541266409857878,0.124424490369306,3.9638987891073727,1.5040748572865366,0.1506538825793124,0.051272551234098476,1.6954617062118045,1.0921870498606976,0.060939325444048356,0.028758725560059387,3.3945298587387067,1.7076822245953867,0.12658408442209837,0.04400343302277353,2.2265388943504054,1.5072147858820377,0.08222990487334977,0.04409817209808729,0.6853550487531933,0.2492777050627554,66.0,4.0,65.0,4.0,68.0252387341448,7.841439839684583,0.9200627720771144,0.05700987251243783,0.14195222844354335,0.08051186600815237,0.19750192323241855,0.06125886204823816,0.5691593352883675,0.07380254154447707,0.155790458101921,0.09716017523607043,-2.3749935998151632,0.9749643171464708,0.4956025566628875,PN00,PN00-1.edf,0,negative,
1945.0,512.0,29.0,2.0,25.17798864595828,7.047100214402845,25.17798864595828,7.047100214402845,2.2536779812867547,0.6913251792409751,683.5927336878406,381.5537442786726,0.12688546914963666,0.053029470467679946,10.889907139617394,4.116858414956497,88.14506467230775,37.86209610401719,5.113103003177033,2.803307603824558,1.0344827586206897,0.14269780480385216,7.584063902860934,2.430828980526554,23.025862068965516,8.349412747154995,0.6077483231850209,0.09251458479163763,67.74978806030083,32.665627919585745,0.7345416961086076,0.12286926784175536,7.0957251191023945,2.697622060572256,0.08636173901433498,0.021931284207459132,2.30837382478542,1.016534290425585,0.029412542288452807,0.013040900071525183,6.564086701043271,2.881669675616058,0.08885045100142545,0.05458416828710812,2.7375307992211435,2.3866175164848205,0.041534623886453084,0.048610517111789674,0.7610891298004803,0.2208635230207916,64.5,3.0,63.5,3.0,66.76475334548988,5.86431330123883,0.9299603559243176,0.04393513492555834,0.13238401164544106,0.06740258960692398,0.18901969026911986,0.054323671757488395,0.5353483606557377,0.05430327868852458,0.14329047524739025,0.07924862119225991,0.3189427036872692,5.229248707149451,0.5080458004305013,PN00,PN00-1.edf,0,negative,
1960.0,512.0,29.0,2.0,13.45802872300252,3.111208808419049,13.45802872300252,3.111208808419049,2.384072017029188,0.7750953556753072,190.79815735874507,82.83640270113304,0.2422674907865461,0.09836157089382752,5.623602981134075,1.9233536967071057,94.6730312225379,43.27413570675545,4.848849793956289,3.101309018774817,1.0,0.0,7.134987433224663,2.6907485519805725,19.75,9.920372629263897,0.5995910067628787,0.08557212722608538,72.59506328741644,36.92146473170725,0.7410036891513735,0.12016792030606716,9.091748371044797,4.7676772936576155,0.09681397740724386,0.025215373661122475,1.7167015029244796,0.8152318396564514,0.01976736204504432,0.008505473046964817,5.451561896814569,3.013439832762854,0.06979638280499506,0.0546755944731911,3.0410267691903305,3.1836202917457816,0.043409743634721436,0.06283718938887851,0.6358918990740108,0.20984710616459776,64.0,2.0,63.0,2.0,66.06163467601513,4.106727829495682,0.937348396547379,0.029726089969758118,0.1336415966612786,0.04756481461346816,0.19904413858844677,0.033032786964380584,0.6046057767369243,0.02888368462138957,0.1430123600896204,0.05527935299952326,-5.835631607407709,8.87549866651041,0.4967704105346972,PN00,PN00-1.edf,0,negative,
2050.0,512.0,29.0,2.0,36.58339055719906,21.095093050405197,36.58339055719906,21.095093050405197,4.741700965301682,2.6230779301406257,1783.3474154658156,3307.03667847397,0.24010675006237786,0.13746699109438687,7.603951528882366,6.216529933492297,413.3128014803625,158.29897794669156,4.440715370687946,3.2277964835107293,1.1379310344827587,0.14059919336465593,6.505867157000978,2.942247341682686,16.07758620689655,12.224040659113983,0.5795005594227133,0.08708111678823698,333.6078978189385,145.4757254597761,0.7846339317732742,0.12145900681651908,39.59225643846003,14.70431302783429,0.09907421470964829,0.02376936944950277,4.071146390353198,1.9724295279035997,0.01060382192222605,0.0053498228152884944,16.770632486951246,15.104800208074815,0.0507755190714385,0.06866850142269224,13.005904804290754,13.818769607528228,0.03837859572433803,0.053459196172729345,0.6331686191713176,0.2586524069835647,71.0,8.0,69.5,7.0,74.82083483106291,14.416905822820425,0.8535537308011623,0.09024102324616023,0.15044955615701647,0.1037675411555079,0.18212275053576768,0.06428682002273078,0.48920940170940175,0.00619658119658123,0.17997872356607636,0.14059923939411012,-5.37478553696862,13.87554868201416,0.04526968238504614,PN00,PN00-1.edf,0,negative,
2100.0,512.0,29.0,2.0,15.737436388261496,3.781435923848989,15.737436388261496,3.781435923848989,2.5791203831567313,1.3317986745856352,261.9661617207527,126.00977160766756,0.22163569552623194,0.12602116950712042,6.565394537931409,2.2930461244326112,154.06681025713286,74.88548623877034,4.397218216842078,3.762857021296056,1.2155172413793103,0.10836038870669425,5.97366088374686,2.464300169510665,14.336206896551724,10.88839857570436,0.5834746384936921,0.08884827202364766,123.98907643308857,68.0399696470749,0.7759737657019028,0.13527071602135096,15.236450874818253,7.098421197551601,0.10012529184455278,0.023576369552487104,2.0384729859231157,0.8720648864697246,0.014887384184003682,0.007271649248413559,6.146105688747438,5.630859365170346,0.05530931698618796,0.08580676760083715,3.2834573221587338,4.399643551561876,0.030988610321991246,0.057262395793045644,0.6947582080257289,0.24992532611629945,65.5,3.0,64.5,3.0,68.50978659027655,6.98801107879585,0.9164503573683261,0.042595317009379574,0.1472463384827074,0.07518367681493529,0.19754009610307238,0.049178323475895486,0.6449131513647643,0.06401985111662534,0.16171086914881355,0.08955400790706028,-21.030348520620855,30.37472530149327,0.22330599268382814,PN00,PN00-1.edf,0,negative,
2190.0,512.0,29.0,2.0,11.129468745828836,2.211903029772585,11.129468745828836,2.211903029772585,2.446980821954719,0.9860971814382397,128.7575895774981,47.08167205847841,0.29010165546983707,0.11754841329329277,4.808536917222408,1.65438156894976,70.46615443916548,24.20469378181941,5.9128820308252195,3.400739667249942,1.0948275862068966,0.21186561599042253,8.016138761839256,2.441987856530632,24.387931034482758,9.163643071402953,0.673227279715898,0.07751450864797135,48.17340548644932,18.356444460175403,0.6753692104180794,0.11516931008383315,8.864512743813618,3.5109052307791604,0.125662027110026,0.024103338550146704,2.1222585914678236,0.8698603485415861,0.03011506508407378,0.0074854317501375405,5.948183138158087,4.035942341316972,0.09023833124643409,0.07228272348061798,3.2593461203100604,3.443657516604319,0.04893505018166469,0.05636076478702168,0.539620755579885,0.24379373853493538,67.0,6.0,65.5,5.0,69.58982342619453,10.990753800292936,0.911062602124183,0.07327410130718959,0.1521429875094355,0.10616920590588289,0.17388226491301242,0.07524798960196699,0.5708955223880596,0.14179104477611937,0.16961249189426764,0.13017481844100853,-0.40022990399969816,5.339036981757218,0.12821685353001752,PN00,PN00-1.edf,0,negative,
2355.0,512.0,29.0,2.0,20.75100378563891,6.992811291485719,20.75100378563891,6.992811291485719,2.4341247280247353,0.778119701601076,479.5035678699304,380.3462501955649,0.1627863445479135,0.06321616864272925,8.149324237032419,2.7433344415339764,245.07610045972072,113.14324849209291,3.123081127784603,1.3863406615555225,1.0258620689655173,0.07613586953730903,4.8492317765609,2.1525563259678924,9.836206896551724,8.18252865974441,0.5194789388224129,0.05276171699929665,207.82743056053178,99.97870380549286,0.8343600570521233,0.062452034071678784,21.641504512205582,10.929597797688585,0.09055551756228504,0.018762627803129133,2.972842660109483,1.5752163921754574,0.012604269619575708,0.0047844798017288425,5.924482664900988,3.2018633730196333,0.030173714528476805,0.029449366188191817,2.970897182039152,3.09903446379906,0.01696123753987508,0.025766139880279884,0.6399901670509088,0.2633588354446481,65.5,3.0,64.5,3.0,67.5147954463247,6.132241165541529,0.9167089420995671,0.04269818722943719,0.117073512220429,0.07894890719822478,0.14712898288235624,0.06029495420901872,0.4400744416873449,0.07369727047146407,0.1287833594937303,0.09212054046348751,-9.778478033464792,19.223141437147635,0.5446433690568719,PN00,PN00-1.edf,0,negative,
2360.0,512.0,29.0,2.0,23.26237479907672,6.561084456084853,23.26237479907672,6.561084456084853,2.4984094078180674,0.8211919173286696,584.1859105325979,322.74306099676136,0.15318733478647292,0.07364639407407092,8.98856248401824,3.3590022152327736,183.67271252463442,69.02975053667795,3.541546168339928,1.959880274113363,1.0689655172413792,0.11173690859323897,5.614934009514854,2.493385443595697,12.956896551724139,9.970229168828249,0.5339307121006901,0.0672774119580893,156.1422033793779,62.08286169112151,0.8343490387431829,0.08426251577498169,13.434335495326637,5.573857055034942,0.07424584952888909,0.01455978216152787,2.4671886579017004,1.1553047280527293,0.01417049544448175,0.006778332387208649,6.566498810736807,3.748436231842292,0.04263797229354539,0.040297721624884916,3.1622174406938077,3.270730666590627,0.02345718730447246,0.03469246944178858,0.727927542694912,0.2533376853096367,65.5,3.0,64.5,3.0,66.84082149234564,4.778455653559746,0.9221843152507215,0.03441361156204903,0.11607746809390883,0.06280145620150104,0.14754534251136736,0.04610770928157812,0.46389578163771716,0.0568238213399504,0.12655170429817786,0.07282335676840854,-10.000020346810576,17.203449411992217,0.5472587290592523,PN00,PN00-1.edf,0,negative,
2410.0,512.0,29.0,2.0,13.752431271367582,3.419308890884486,13.752431271367582,3.419308890884486,2.2640155674262887,0.7983478765690899,200.82103916497067,112.51338326742678,0.2193917627792337,0.08368825874727352,6.1930139200582595,1.9740412098344589,101.6193828932242,44.905697631137045,4.4863835554446165,2.3536920690602527,1.0775862068965518,0.16219730795023088,6.2370278360125715,2.5536024457040685,15.456896551724139,10.422966386765491,0.6172267763196322,0.07022236235325624,75.82648072011035,36.35636223748489,0.7201172030405102,0.09474779569588862,14.1099248582187,6.547757528612565,0.13890688573812093,0.0273491632265864,1.941650721705659,0.7401099796832904,0.021985600991038586,0.009949337035321429,4.104227600998394,2.57360295583607,0.05409939961669565,0.05698414464520272,1.9669316929034195,1.7897609725642198,0.028610317268533365,0.03796591456218563,0.6265769852817811,0.26697764727825324,66.5,5.0,65.5,5.0,70.10066623848223,10.99658810579865,0.9018518214577498,0.06875419438608776,0.13662537350882473,0.11633407649837302,0.13080130471169188,0.04248221178508925,0.3857727491574386,0.09412614347616755,0.15417681076481746,0.1407485973808293,-3.4145335038085878,2.3177954394377975,0.23547815653348014,PN00,PN00-1.edf,0,negative,
2415.0,512.0,29.0,2.0,13.210831749196023,2.3866145594730326,13.210831749196023,2.3866145594730326,2.2117777919987067,0.7420390955659065,180.22200456105426,59.754943834081516,0.21966978842354576,0.07671479728658834,6.063179233903266,1.8106017242445969,104.41805078399341,43.663975220548366,4.374739180908218,2.154778378763955,1.0258620689655173,0.07613586953730901,6.0276509407650085,2.489915367602695,15.077586206896552,9.987082917853721,0.624851499242524,0.06184711046017995,77.8161738118356,35.32986720991387,0.723171794126785,0.08270377956803583,14.534328389313586,5.990464628330628,0.14116067502654858,0.02421093771904603,1.9461808632136572,0.9291929117431497,0.020202014285065403,0.008136229262415168,4.366113696641682,2.4011822154482627,0.05321158531748311,0.050941434622424765,1.9129406624604508,1.9419386820186384,0.025133659999805314,0.03495512468095942,0.5927432172420056,0.2581866560470442,66.5,5.0,65.5,5.0,69.8005239425259,11.02042034736455,0.9066596365108543,0.06912120316876758,0.13935102834932203,0.11631666406122891,0.1347964943312312,0.041039402847315526,0.40876263842079924,0.10784785748675974,0.15636953352977517,0.1402126103760041,-11.900850075647455,12.94716809418243,0.1933227117580544,PN00,PN00-1.edf,0,negative,
2460.0,512.0,29.0,2.0,11.500931446082678,2.405321693604465,11.500931446082678,2.405321693604465,2.340857420967188,0.7629127843289982,138.05699657721766,57.35489597213514,0.2703924660957436,0.09606505288263498,4.993927408407814,1.6910859009469024,72.88074099360281,25.581645042688322,5.597216814548708,3.345376605975629,1.0603448275862069,0.10697994522405911,7.478257676003314,2.662965207022212,22.21551724137931,9.842011494085074,0.6492230760134655,0.09244523046947642,50.97287415205329,21.019788315389015,0.678769711114315,0.13273295650794448,9.103484034240877,3.6842040196775825,0.1264696918586276,0.026421856018986355,2.301858612509491,0.9450882211201224,0.033247841363037316,0.015787257983644977,5.494625986886831,3.263297721346023,0.08655359719892161,0.06986976275339336,2.616038100597941,3.042733008128582,0.04271752030706139,0.05491544035291826,0.5542877455568587,0.2497887902914088,60.5,1.0,59.5,1.0,62.01099140841936,2.16190964531485,0.9812767589159604,0.016524871998587543,0.08913816260268159,0.049337909368349045,0.1301973694803203,0.04668298763446055,0.5035067212156633,0.17942723553477496,0.09105709620148875,0.05181271824251575,-3.4682295070619045,5.805515093516325,0.07621850862694043,PN00,PN00-1.edf,0,negative,
2560.0,512.0,29.0,2.0,14.55728903999411,2.9403745212768038,14.55728903999411,2.9403745212768038,2.514779287441647,1.1764329645802134,220.56046651930643,85.26915196561568,0.23459996264402772,0.13172611664860168,6.097761911958759,2.2786215932678626,155.82546700660865,64.11260288288243,4.9113237173241675,3.7118227529338252,1.3620689655172413,0.22347381718647794,6.4332715691277205,2.8768630592305318,16.189655172413794,11.614433494507397,0.6204947467972721,0.09355778208268385,119.5311701391011,55.904407557796105,0.7339023739167392,0.14544569764452153,17.40905588059643,7.267380827746961,0.11349830943949095,0.024161819050616304,2.085700317341664,0.8092922244649152,0.015597838498128604,0.009406636181441769,7.084301575726956,5.622909154238245,0.06259655244310261,0.08352833994897044,3.840785803578313,4.352031895914667,0.036896024147620686,0.0585118279040716,0.6613164024056468,0.2505358727545284,67.0,4.0,65.5,5.0,71.0367266630361,10.683972884243047,0.9068479279732726,0.06570642579948649,0.17683140421626065,0.08954352510445218,0.1923572081186578,0.04214059450440277,0.5491092922484353,0.06596051998074148,0.19704286417128714,0.1130184061483149,-26.799515787022088,30.481449925731837,0.09173852345070353,PN00,PN00-1.edf,0,negative,
2605.0,512.0,29.0,2.0,12.858053376489105,1.9522994168058245,12.858053376489105,1.9522994168058245,2.268573468686637,0.9036931528149519,169.14100964550315,49.38539415310012,0.23295416271195632,0.10190727266095313,5.954948583020665,2.0262164440721446,93.70937619986712,32.92685745581404,5.041020815544606,2.949332634530872,1.0086206896551724,0.04561640191490674,7.00449283870818,2.7601794035297917,18.81896551724138,10.857798832248161,0.6322506489691645,0.07802277517535916,66.80174923168741,26.137294057097595,0.6960243780024273,0.10506194839147792,13.076956990258163,5.104293241974163,0.13800156089356036,0.024102391605708106,2.3264168755812213,0.7790058682949814,0.02680727339289573,0.010193317537149929,5.315018004462494,3.848138035979235,0.06586194847386037,0.06520423791720345,3.1721234843506316,3.3852176329215826,0.04096911584215775,0.05293243857337928,0.6692460754731069,0.19997075186226373,64.5,5.0,63.5,5.0,67.38155969368766,11.443915503028649,0.9420691773006706,0.07430170687406856,0.13733143692122401,0.13299818283733453,0.14055235108459674,0.07693820158465219,0.4461538461538462,0.09230769230769231,0.1487914530641896,0.15291195725247736,-12.162931351392482,21.013800321231397,0.3443940135575803,PN00,PN00-1.edf,0,negative,
70.0,512.0,29.0,2.0,21.11381146905387,6.853820115017311,21.11381146905387,6.853820115017311,3.3400036038827627,2.336256492924944,492.7678849197668,325.87268079350434,0.43316874269351363,0.24776578723596301,4.323593311033227,2.475128644011401,131.80741830803197,52.48827177829333,4.834373311723602,1.42397135819959,1.4224137931034482,0.3602169382030375,5.938598151357733,1.984685104783925,16.551724137931036,7.246396045486201,0.6524670247484781,0.049115432314184505,88.72661668445382,38.545370309176846,0.6659216555735008,0.07757145123924826,13.494717756970202,6.080299945175322,0.10485017317383327,0.027231080908299645,17.487124972971124,7.391871900967524,0.13521548224115765,0.03349817548298634,7.269209700961659,4.853015108860447,0.05650190541695302,0.028163645333946753,2.4846102560022256,4.568375352164791,0.018394321201208694,0.027272093806452267,0.4081696198149017,0.2511091633966489,66.0,10.0,64.0,8.0,69.61289566290247,17.46600271118588,0.9294529335171569,0.11895871629901955,0.1427471239967895,0.17840925604751642,0.16330929685104845,0.1612849449095213,0.28623830002529727,0.23349354920313686,0.1603805140158298,0.21247758653781365,15.123840338888773,27.440120403401487,0.007331455200927834,PN00,PN00-2.edf,0,negative,
95.0,512.0,29.0,2.0,124.25094457195911,164.13200375545978,124.25094457195911,164.13200375545978,12.57527568019077,9.343269981343983,42377.61188380631,119998.94073901324,0.33844728335235824,0.24656518157585736,10.551646180767465,13.724704012723178,1088.1414240820866,1571.6896909166933,9.590306847241402,4.706281599541152,1.1724137931034482,0.9123280382981346,11.523831261502023,3.8030003867403623,32.26724137931034,12.971276463003441,0.6770107600833328,0.17551013097523863,765.6763060855044,1442.4977378077808,0.5787936543689888,0.20301950760472667,88.72959308625377,267.74919383027225,0.07236953061931407,0.07258508666154467,46.20337982631904,146.00947376997962,0.04388005219153077,0.03858295088690107,92.5041889285415,121.74443295528246,0.13546976006626663,0.07882100204824155,80.95771620674638,62.718153604147226,0.15212016872278922,0.10336825213941461,0.3241268373671002,0.21675207584866188,72.5,7.0,70.0,4.0,77.17998021500998,9.374897886383096,0.8500362221711601,0.06015273948120914,0.194673969170697,0.05420453858344215,0.14709494296062958,0.0953161037125427,0.3522177843178474,0.19697288206853059,0.2304350477554248,0.08007404414433145,57.369839717146874,21.812008698426034,0.025565534723271336,PN00,PN00-2.edf,0,negative,
145.0,512.0,29.0,2.0,8.931967693250247,3.983639771191635,8.931967693250247,3.983639771191635,1.4578488861644583,0.5624345174765736,95.64943269988586,99.49944656354998,0.23292174382968867,0.09107869176457693,6.170397286137999,3.1738037428768267,15.540134868491066,6.870573494947346,10.779609958389003,1.826247065090568,1.2241379310344827,0.27342675046816733,10.730695863873951,0.6036778358402612,32.87068965517241,1.6116770683519717,0.8378459481566574,0.0625862787733038,5.515032617365337,2.448869229558399,0.36773193464627363,0.09908486968313411,2.570595819612232,1.12905279814792,0.1668875425393992,0.029585123535733678,1.9543132380231607,1.3561932245860178,0.1158765577502843,0.0382711787798159,3.747029204991107,2.009035876149733,0.23957740544700634,0.04842646677228156,1.336016898513448,0.9276954169619114,0.0839545479719717,0.026648562447441883,0.320187245212412,0.20694550764569203,66.0,10.0,59.5,19.0,86.81544284858822,21.079720725318538,0.8243684895833333,0.06350260416666664,0.3077845405034788,0.22570328232352233,0.23494976192325184,0.24080184490613565,0.43562424969987995,0.3124249699879952,0.3791931093646824,0.3029992477957097,-110.1071607328412,103.79404263674641,0.0004071317434347461,PN00,PN00-2.edf,0,negative,
155.0,512.0,29.0,2.0,13.43644285785531,7.8198904138504135,13.43644285785531,7.8198904138504135,1.4066771190493832,0.5187332919283025,241.6886827570406,337.2122853279425,0.16309916049336573,0.08960199187116305,9.659812297819489,6.2819117771334145,18.65426491837934,7.980252845873412,9.356944317781636,2.825892418515549,1.0517241379310345,0.19004661797455688,10.380397559797872,1.2583930291605498,31.086206896551722,2.6920027332479637,0.7666683423375446,0.1026949759966141,8.819663762786268,5.312975899890736,0.45968459652071536,0.13724226234576972,2.7297646359237744,1.4288501040445591,0.14363524384019405,0.035147998573490255,1.4534840117283354,0.7192103793067149,0.0785261992192867,0.024655165815331455,3.7687494926544396,1.7613176827274852,0.21427285473457494,0.07276671102417553,1.3308361331947918,0.895845506179576,0.07408891569038406,0.03531503203901638,0.460286710177712,0.23699935049012313,65.5,5.0,63.5,3.0,69.2565946343351,10.347299241462025,0.9257928815136476,0.04395355148883373,0.173208478417231,0.1505814180794101,0.13883212969973358,0.14345220548388266,0.3007172131147541,0.27356557377049184,0.1891291504448696,0.17163052244659727,-37.92741361901302,41.67048209194829,0.04474269165986964,PN00,PN00-2.edf,0,negative,
215.0,512.0,29.0,2.0,13.893045952460811,3.167447990178382,13.893045952460811,3.167447990178382,1.2548450330412053,0.4614226105243518,203.04945260767283,88.20667997785334,0.12037978955723497,0.04644039110590477,10.896353615254114,3.9997987256209475,25.35495755058052,13.948535379990549,7.295463885837301,1.7417144750634017,1.1120689655172413,0.3120165701871355,8.491370800023502,1.197728279161417,26.49137931034483,3.197845960511254,0.7448301075707329,0.06610195853490101,12.237061773922184,7.094194066876401,0.4742744673710886,0.0839225046865465,5.565713157910294,4.167343234385139,0.2081694627580358,0.042492727007198514,2.1865469090082987,1.0683294244270916,0.08869887781859291,0.019160021752692172,3.7005524138558465,1.5844695530176847,0.1634634284268025,0.05696493071564853,0.8026970805166398,0.5857852810259231,0.03474341431623611,0.014792945566373302,0.40714844372722425,0.2921012146687429,62.0,4.0,60.0,2.0,62.779177376069754,4.998480924619891,0.976518542477077,0.04160009724923597,0.09407032024878162,0.10472628739103446,0.12174452517847106,0.10485559814598087,0.30344827586206896,0.1931034482758621,0.09751875383946502,0.11139888522591376,0.6153583425831184,0.027981089234325296,0.08575670549312382,PN00,PN00-2.edf,0,negative,
325.0,512.0,29.0,2.0,18.4744305140973,4.971513569075301,18.4744305140973,4.971513569075301,1.143857232352763,0.3875763002257189,366.0205299877092,170.78474296259387,0.08381375701056593,0.03201564604137391,13.533785854189965,3.2602616259241795,42.82434648858795,22.37183969720804,5.543688610949108,0.9573036519041592,1.396551724137931,0.6711969537869561,6.490657752278346,0.8788654791723999,19.137931034482758,3.229435073166123,0.6963052845028392,0.053086488672698405,25.574612741756997,16.380972163818647,0.5777962004939459,0.08830363533394893,6.669666838961649,2.876676179085042,0.1665488017786177,0.04605434594197365,4.180558651230704,2.950920676575882,0.09362156553082338,0.02823861734931571,4.807385906241954,2.3101063143049916,0.12197822785974605,0.036577979289521105,0.48684928672350536,0.16422293171232866,0.013421146490210966,0.005297129289276188,0.6421593922620255,0.2638166851478183,63.5,5.0,62.5,5.0,66.09804540092485,11.602909811031886,0.9585799779647436,0.07665514823717956,0.12509102543289238,0.16932319827870082,0.1495058814159222,0.16401868109311263,0.2963453389830508,0.2198093220338983,0.13424214517635136,0.1873746103045323,6.643851136161099,11.699435294847044,0.059947514932533606,PN00,PN00-2.edf,0,negative,
400.0,512.0,29.0,2.0,22.463322996050866,5.4945302596713725,22.463322996050866,5.4945302596713725,2.0926879913237366,0.9753978676366339,534.7907427993521,233.1604478082666,0.19756337750533404,0.1625259693282496,9.316662162832994,4.25998341807342,219.20895854092709,116.79071736219369,3.750943781570985,0.991472551403667,1.1724137931034482,0.19808836712200098,5.288349230308304,1.5469210857212932,15.0,5.241166624541419,0.5766918464557247,0.058894410106432475,168.93283734052923,101.16583511634501,0.7412003895081037,0.06813107806852915,21.160795276400187,8.719380428326664,0.10666662815133603,0.032562296662167985,11.97335969768422,5.233451975191538,0.05953270137863993,0.018319230861273017,10.848804871804443,3.4879845354011128,0.05838087023386934,0.02272470602362463,2.1326648358485936,2.35275948978529,0.01242038216455301,0.016052912322968262,0.5911909489873786,0.266682975718343,64.0,6.0,62.5,5.0,65.3390246086606,9.84160272466302,0.955586438301282,0.07932191506410258,0.11868049213399351,0.15312143036390946,0.1380620040959901,0.16677265632959415,0.3099841101694915,0.348781779661017,0.12774183786470858,0.17084185274474845,1.4545409522615782,6.925357119536867,0.038681345741220764,PN00,PN00-2.edf,0,negative,
435.0,512.0,29.0,2.0,17.71220360165422,4.785348506195083,17.71220360165422,4.785348506195083,1.134641228418805,0.38700042288653347,336.6217167521962,167.15306434336532,0.08696540743034659,0.036981134049202724,13.085534125594087,3.1721410224299373,54.46141182589776,21.977391100360926,5.0604158552492,0.7725457323260778,1.1810344827586208,0.5206782369152241,5.535405915521043,0.4445312766579714,15.801724137931034,1.2770846891300764,0.6836938124466811,0.053107105486507815,29.664249113716913,13.278007439632022,0.5420814575400028,0.06630362424357912,11.226037864093769,5.247771865850436,0.20541360305025383,0.04130464215535133,6.6242250800997535,3.1370002152958762,0.11865464475007104,0.02227711274765688,4.771610187030089,1.9643237558700455,0.09066783806834498,0.031190466655902364,0.43258139405666796,0.14235348419835683,0.008322777279541812,0.0018829500099570146,0.6121224236822627,0.26613121660411376,63.5,5.0,61.5,3.0,64.28485739898254,8.155215632739157,0.9627689422123016,0.0694490947420634,0.0992903406935097,0.14121541854488073,0.1124521197969608,0.15058798450800717,0.259704756697649,0.38381629305631493,0.10591287131353028,0.15431633184774718,8.02008261649152,18.397421394989454,0.08644695498024565,PN00,PN00-2.edf,0,negative,
460.0,512.0,29.0,2.0,19.147420434270476,5.3871637957173375,19.147420434270476,5.3871637957173375,1.1629325501343877,0.3912460883277163,395.6452430486063,194.51685662340216,0.08302965649545364,0.031425399796857593,13.06686022097317,2.927657853405507,98.52124678663527,52.798821504141316,4.59314130741696,0.8404068660301166,1.3189655172413792,0.15942450007678385,5.408372855237154,0.6762775350391046,15.767241379310345,1.7870837283353167,0.6321968643592659,0.05343483635118337,70.14911300155224,42.83379736228818,0.6769438712643518,0.07748506240002889,8.85419348395792,3.845782537939697,0.10184099753690748,0.03050747646527042,9.99882432074623,5.039632084966751,0.10740053889494029,0.02738110799619675,7.354794429206902,2.702383124498333,0.08802802653982413,0.03249801105181394,0.5108499280765765,0.19086847028938142,0.006291960555752526,0.0028075148595458127,0.660138091703983,0.2480941422815962,64.0,6.0,62.0,4.0,65.4832737909892,9.72437343150515,0.9519399007161458,0.08179728190104163,0.1175393383746001,0.1334177618067205,0.13356031659382558,0.12097010436339713,0.33077750874361045,0.32257196663976323,0.12671813179447267,0.1510420568009789,2.7844565546677127,8.050553827061911,0.10853740545568541,PN00,PN00-2.edf,0,negative,
585.0,512.0,29.0,2.0,9.640340148456511,1.7805881495338391,9.640340148456511,1.7805881495338391,1.0703759152851782,0.36692928536493863,96.10665233620284,33.87503740257694,0.1421245831360561,0.0439117778366806,7.312483807890798,1.2926131605038886,51.111722577458835,19.31436430789991,5.8633344284939035,0.7974581154109369,1.103448275862069,0.1916044031973523,5.8253947263167625,0.42610741789105844,16.051724137931036,0.6834853325143034,0.7221820719207566,0.025344921200506684,24.351543192705673,10.054587005630164,0.47663381868603283,0.06668479036547129,12.23770758578479,6.004963632445995,0.23626784939649764,0.06163054086254603,4.313243443250809,2.125222188828379,0.08430057732036425,0.021549807615993774,7.534659365865858,3.7390646813818416,0.1516337060853856,0.06776095713098464,0.3901162152136642,0.16809003856846444,0.00790847501345409,0.002220654460624212,0.37314929531784746,0.24996179741314734,65.0,8.0,64.0,8.0,69.385372501005,16.778402161772767,0.9308986289828431,0.11639284620098045,0.14936186120831962,0.1668643486823694,0.19061291409471579,0.18074211468887696,0.42663799645838607,0.3109031115608399,0.16670370039620522,0.2000942541372593,-1.2410603771269701,9.29641128095296,0.1089883068488328,PN00,PN00-2.edf,0,negative,
590.0,512.0,29.0,2.0,8.638574895491267,1.7662534062112705,8.638574895491267,1.7662534062112705,1.0463663094219642,0.3707985289448629,77.74462731996486,31.281113400497638,0.15457683411392023,0.04511193724850027,6.8845686597437314,1.2301724400373428,32.0531895897694,14.080006820158767,7.34238753219166,1.1377390289769367,2.6724137931034484,4.122636965937359,6.778172184312828,0.4277554064063607,18.112068965517242,1.8841285908790555,0.7504208440070551,0.02207044005999301,13.659173556575661,8.050947708191577,0.4152264381408985,0.08996199710747319,6.2204822483279285,3.2186178599221558,0.1953278396371256,0.05627937876352261,3.4042289994583275,2.005285832321149,0.10304009857054497,0.03025328217850816,7.455589021672298,4.095884609559802,0.24372600227989527,0.09917701337704526,0.427799815364894,0.155486851787114,0.014385050362241381,0.003998154841265999,0.37825573840118454,0.24143176249435896,65.0,8.0,63.5,7.0,68.25957812968961,14.756874956496638,0.9397023670708955,0.10223589085820894,0.14434154313859104,0.1590011302873509,0.18652553369565425,0.1638605912935917,0.3998459167950693,0.2912172573189522,0.15867518472979347,0.18646694452997215,-3.7365471901652993,12.001010795431208,0.1117794248726238,PN00,PN00-2.edf,0,negative,
650.0,512.0,29.0,2.0,10.609996705727188,2.373183388706755,10.609996705727188,2.373183388706755,1.0512635482415071,0.350746681852319,118.20402949197536,46.736175687713406,0.12997299610933433,0.0454080636991693,8.104819337647058,1.4137223936922296,48.9000943803042,19.619973451460243,5.5160510756223005,0.6187648827085821,1.2672413793103448,0.3651348031818512,6.06796458736741,0.37834614432053126,16.42241379310345,1.276619067133329,0.6977500013938629,0.032633798383723864,27.266773071380985,11.605177032486873,0.5569152206915295,0.0553340946069797,7.892436355294813,4.058993277426126,0.15595478015781283,0.027945587098156935,5.084812693443456,2.4399874663308134,0.10547798089665342,0.032070843328889126,6.309397185371776,2.3942413347413103,0.13489329960262145,0.032033064903907726,0.4543560255242318,0.18186777782953598,0.009954682471199731,0.0031701025301594343,0.4025663187358479,0.24930531791551733,66.5,11.0,64.5,9.0,70.8996970854622,19.98849503287579,0.9223186990489131,0.12990687273550727,0.16048744176701008,0.23211235857989188,0.18776147998454384,0.2533215605445359,0.4009222333000997,0.46286141575274176,0.1837772997667315,0.2775464632087961,-16.28434262744311,27.214972559504208,0.16548710652658896,PN00,PN00-2.edf,0,negative,
660.0,512.0,29.0,2.0,13.848761093812884,3.855635234877956,13.848761093812884,3.855635234877956,1.0406657752389676,0.3493891507617736,206.65410689793782,100.92312099171491,0.10175905544791226,0.03857751402609112,10.918487670347723,2.760458814271419,69.6858983661501,27.27782803115176,4.618817839639303,1.0433556179165382,1.3103448275862069,0.7060550079118368,5.190193198175454,0.5418025928398492,15.0,1.4797483476638158,0.6337468808835581,0.08163716069377497,43.622482519683764,19.883534083759873,0.6108211312382853,0.09688330679553502,9.966191043496648,5.592826949303717,0.14648707350357024,0.06136046805507612,8.419714461717989,3.448555783605168,0.12854619084626728,0.046311986144291335,5.476145529262015,2.2650016033344547,0.08216542600687092,0.020791816490201162,0.4291587636805751,0.1364639763074301,0.006916629616392592,0.0027336913364517023,0.5552911412632905,0.25632072256410826,65.5,9.0,63.5,7.0,68.61368442596626,14.929486472796768,0.9296430445429105,0.10887797341417915,0.1349811493351369,0.16842571207637086,0.14914473389662758,0.16197518259717986,0.38867488443759635,0.40446841294298924,0.15101926049720657,0.19885953451812394,-6.652003277476847,10.791947849474091,0.15537703189143692,PN00,PN00-2.edf,0,negative,
765.0,512.0,29.0,2.0,8.96095126630048,1.6031110956824832,8.96095126630048,1.6031110956824832,1.0091747445284975,0.3501885691857497,82.86861278211248,28.39456800242269,0.14486169293216578,0.05021272111387008,7.485761077593489,1.2639679608851933,45.976409344168985,20.89929025589682,6.000286400919473,0.5914314001649947,1.25,0.3939192985791677,6.133396438839108,0.41025430049098455,15.931034482758621,0.6659726867526884,0.7209100600960228,0.02254548364351724,24.29131484658046,12.400527716840333,0.5169096593290354,0.045166925905189094,7.308969253441206,3.8644892303823806,0.15870508207846631,0.02742459219098796,4.92313576614092,2.6395322267593984,0.1055839022952165,0.029125548666702295,7.500666815741516,3.0499246314248483,0.17498466782683272,0.0548928409688404,0.3751190304040623,0.12924315178909593,0.008975298034454866,0.0025939973861615995,0.3619600241255297,0.24649401876830718,63.5,7.0,62.5,7.0,68.22466357699528,15.836660760010759,0.9441483492231638,0.10574461511299438,0.14717288784724214,0.2080253735413523,0.19743344391906176,0.26480557087108103,0.35636604774535807,0.33342175066313,0.162558043223481,0.23853773767739528,-9.45668467890279,16.416300503272566,0.12232993331235754,PN00,PN00-2.edf,0,negative,
830.0,512.0,29.0,2.0,9.875908416394143,2.363709156602897,9.875908416394143,2.363709156602897,1.0038160739907445,0.35760028238247105,103.12068802601306,48.31569610187616,0.13756923341052013,0.05662723181270417,8.212503819715836,2.0907758423078118,52.447180582503464,23.702109576392207,5.12127393497447,0.6169627281345471,1.3793103448275863,0.3512335997838511,5.432173587488896,0.44971339981355163,15.172413793103448,1.0588368868306386,0.6977999306635393,0.037464210001152375,28.57165242066567,12.135371750041726,0.5531796325751429,0.07484743666502046,11.005809683911846,7.599444372669644,0.19680777642969116,0.05950398579328604,6.5688018979147555,3.4371721785639053,0.12474339614680323,0.03870589634705846,4.262148041916351,1.6907729336899189,0.08542322586896113,0.021040327288450046,0.3981244580499389,0.152777774548809,0.008178476339096062,0.00238688783838403,0.32950528346951447,0.22495565310283713,64.5,9.0,62.0,6.0,67.33968982597513,14.146385755072146,0.944847773386571,0.10514025831160356,0.1275478022412273,0.1749741555537471,0.15340480491512543,0.17443262199625809,0.3135775862068966,0.2478448275862069,0.1405799569505088,0.20083104801192375,20.80195944830122,41.36093771664022,0.09991172863116803,PN00,PN00-2.edf,0,negative,
875.0,512.0,29.0,2.0,8.286862884213058,1.4275773468853639,8.286862884213058,1.427577346885364,1.0044214926137245,0.3507726813384662,70.71007354308819,22.71058692937225,0.15507936998517693,0.05132385635489305,6.9073580880401355,1.2891812372471618,35.67299200379454,13.572681275067646,6.4356646838868725,0.8842404980623977,1.3275862068965518,0.3661510445102638,6.31503087109224,0.46352075096312273,16.879310344827587,1.7513796158624502,0.7446352407557202,0.02581426816501425,16.28577391358178,6.196977671332569,0.4632790672546496,0.08237341919364605,7.656382383902261,5.3400029732903205,0.20296439777055889,0.05482110809949347,4.032631344852285,1.7354459168776162,0.11340491852256798,0.029457482634784145,5.8493982609551765,2.812710485869859,0.16766553132413556,0.06143422525152991,0.4449428549344531,0.1610312731409535,0.013412464010067996,0.005262691667287816,0.3196013032153009,0.22392585391431713,65.5,9.0,64.0,8.0,68.64635036543119,16.94727502223541,0.9302102481617647,0.13684512867647058,0.13345739098169945,0.1915898958370878,0.16609581119424688,0.20475432247271083,0.45648874272704276,0.37060460409815327,0.15186675847486925,0.22830550659051432,4.5473328602781775,8.568573345855482,0.08589342372024625,PN00,PN00-2.edf,0,negative,
910.0,512.0,29.0,2.0,10.509915323401618,2.4701500276173536,10.509915323401618,2.4701500276173536,0.9965906258630793,0.35292242511624444,116.55996126401016,51.05602146364982,0.12446790544434808,0.048460764144968915,8.923614257752314,1.7816478247702259,40.45542122544922,18.15716345753449,4.722815503797523,0.5433348036908746,1.2413793103448276,0.41253400393122064,5.786195411004568,0.5786799203717686,15.71551724137931,1.4996035940734163,0.6655794306216913,0.028514192265327556,26.041317138992962,11.728134798795486,0.6454173717915926,0.050715811994886555,6.15788205082665,3.866611960707987,0.14428984315158833,0.036896636061650466,3.3409025835963493,1.5580354116980848,0.08302836173137386,0.014982919148345134,3.3479211793460326,1.4430417580744033,0.08672986182461694,0.025969340594266945,0.4173665552841394,0.14800499242519596,0.011631865888654244,0.004117213294174047,0.39547520876341347,0.24535283236770666,62.5,3.0,61.0,2.0,66.07526788216236,10.68464361669649,0.9593272219422042,0.06526482694892477,0.15166019544911247,0.18736845713607148,0.18763563759843296,0.19847702482360757,0.49763823284245623,0.2834120589052515,0.16159901137775626,0.20630623641437923,-11.694844877080145,26.545336569238867,0.08924005215096611,PN00,PN00-2.edf,0,negative,
1220.0,512.0,29.0,2.0,26.012885841181507,7.2733266628068005,26.012885841181507,7.2733266628068005,1.2948658143090988,0.36552824776080023,729.5715105302374,373.47726862708885,0.07039804669142725,0.02662394348036912,14.045638123895907,3.2123087149620297,237.95326495835675,96.05717075109723,3.432101803359256,0.578546483784276,1.0517241379310345,0.10127017348681663,4.1362663406879046,0.4022389710495945,11.71551724137931,0.8923142565606333,0.550052104155575,0.056472882330696805,174.56402482904448,70.12172862537808,0.7303712632087479,0.04947851557449441,22.820072748582266,11.239533706116756,0.09436905566281738,0.015662236502325802,26.570525752724794,12.684919200260731,0.11432275916122889,0.03173918250987934,8.58489424621877,3.48598488533615,0.03809413671058033,0.011276707612273408,0.4577697148106592,0.1998909671525789,0.002102680374894993,0.0009247204933784663,0.4571312233173668,0.2833554368648714,63.0,6.0,61.0,4.0,65.29670584469405,9.770221758060735,0.953398500554883,0.08406634634786125,0.11590208762638025,0.1464145307044281,0.1240078920973136,0.10999759825845792,0.2700222469410456,0.2986651835372636,0.1251959553458477,0.1646103881604009,7.778647752716996,12.0455870627288,0.06752223626762516,PN00,PN00-2.edf,1,positive,2.0
1225.0,512.0,29.0,2.0,34.99586915208886,15.38770389214747,34.99586915208886,15.38770389214747,7.104772786980217,4.035961019879862,1461.4922887825348,1324.1413443432807,0.5294892890792664,0.22668176062958484,3.08519151393096,1.433658078288631,200.2546674181252,87.44929703806264,7.251598333983138,3.133373779327216,1.0344827586206897,0.12669774531637126,8.239753708522867,2.803337337966474,24.198275862068964,10.063672144269624,0.672023054390936,0.11502437003573175,104.66766660857472,54.203269009084416,0.5162163974445279,0.12492984841354803,18.09621768572854,9.325661934515049,0.09113095119560863,0.030459011604439715,37.44061732651477,24.23766000928631,0.18062909288724713,0.0526716527189305,24.598281634707547,12.606712609188865,0.1290054058718705,0.05451889482951503,9.94787071765689,11.7592836025395,0.05507199305172078,0.05928762448801974,0.33352282605369826,0.2535786617092868,62.5,3.0,60.5,1.0,67.46356450073982,12.781553353826176,0.9361005272370219,0.09882759135928953,0.1305731234765121,0.15847876427298302,0.11959420110183314,0.10027498647411759,0.2761299435028249,0.2810734463276836,0.1443567829868459,0.18453701542271367,29.756070283650715,50.05312434258208,0.057997782253219485,PN00,PN00-2.edf,1,positive,2.0
1230.0,512.0,29.0,2.0,42.22871588249093,34.31417546969072,42.22871588249093,34.31417546969072,15.17716957110427,9.906730040805655,2960.7270832488657,6033.683626655979,0.7204482983715944,0.18694203221528713,2.05960885418333,0.7853418557761989,296.0240560871259,331.63293110710225,18.054130424352824,6.063606208631665,3.2672413793103448,7.348155713511512,12.838293164251752,1.5130674421853971,40.4051724137931,2.895011905984279,0.8691075890138469,0.07574017777620501,69.52683898568226,153.00777990744444,0.24107473756398978,0.12796699480772514,9.375667357279656,5.636107657049973,0.05766729196280416,0.03911351470287384,20.904694008305725,18.166357097183138,0.12999650694230097,0.11754357974615715,94.85665481156029,111.3710509840481,0.2845491481882303,0.09267123860950886,96.24605418845898,114.26758989189224,0.2653071655879401,0.1331890033350096,0.30133866464798453,0.21622096589652892,59.0,4.0,55.0,10.0,70.80150382877498,17.940122896701666,0.9325032552083333,0.08414713541666674,0.20029749998280635,0.279179200792743,0.21630001218503364,0.29223273461622545,0.3331027326184711,0.3950190245589762,0.22200143938109,0.31941978144461564,56.68025462193448,97.63320747923632,0.03507498224541419,PN00,PN00-2.edf,1,positive,2.0
1235.0,512.0,29.0,2.0,37.897975551896,30.945993598876775,37.897975551896,30.945993598876775,13.958439148271149,9.109741112571365,2393.91107075383,5436.386830128507,0.7034530920860206,0.1980073135102623,2.1092233696865783,0.7429506076967926,346.070010121332,318.801223821262,14.196651245304219,6.690899606791071,1.6637931034482758,0.8048234494471591,12.149886825762113,2.443140565209767,37.60344827586207,6.293646646372323,0.8322436083740763,0.08157001616232847,127.28507834516977,162.65772205946004,0.40204467547212625,0.1782970176576642,24.85955195790698,25.76815096105647,0.09361398424223166,0.045921467145320374,19.036498428540646,12.96637871028891,0.07829255359621622,0.05204802638266043,89.88471036156734,113.61144475147763,0.21614289922705274,0.12219281673925092,77.35748862395594,94.6959199025891,0.1851827549508612,0.1288482118991426,0.3025831583138247,0.22691454831346852,54.5,15.0,49.0,24.0,77.76890811722353,30.871020674310927,0.8944516365750996,0.14648350963668577,0.24263336741486946,0.35045757487315066,0.29731312669110843,0.4462847273912344,0.425,0.4833333333333333,0.2892460576408263,0.4391823285707316,82.3958292993399,148.1713554500113,0.02613998418958957,PN00,PN00-2.edf,1,positive,2.0
1240.0,512.0,29.0,2.0,24.937948108406957,11.289474826429087,24.937948108406957,11.289474826429087,6.975023745208856,4.125325710662258,749.3534977141742,669.9434948772581,0.5838955312347984,0.23008478952496658,2.6580870757709776,1.0522221006786583,276.3327093252212,354.8402072536603,6.698726280922637,1.84619425369356,3.396551724137931,1.1151720939158904,7.160046642189067,2.343077050145748,21.413793103448278,8.782642526614485,0.7189864684568841,0.0675567906506545,117.10541710775227,167.15258418819545,0.4157144343237829,0.09902403633803702,87.60468195046748,137.3493079411821,0.27821024634489544,0.09208194978233607,25.118622304077793,20.088401371009372,0.11549794717360938,0.05460262698126433,18.68393438292756,15.050542631887046,0.08799931540690753,0.03424468211916127,7.003317530376005,8.971463122786723,0.03426941549147421,0.040413923586883053,0.3164258565876384,0.2258564363322074,50.5,23.0,45.0,32.0,81.79807419103393,38.98247711489921,0.8667149519502544,0.20285339527981905,0.23666106665855596,0.3379952506773286,0.3100753793961828,0.471732962676886,0.555952380952381,0.7452380952380953,0.29998154449957365,0.46018304472869337,1.399446280831502,9.077227313711788,0.0061361265752377225,PN00,PN00-2.edf,1,positive,2.0
1245.0,512.0,29.0,2.0,21.824667027628163,8.90201707085811,21.824667027628163,8.90201707085811,3.487297155290298,1.837559471738469,555.5619987966892,478.8607212702187,0.25185813274757174,0.12644093351819846,6.1359055360435555,2.092470846029898,375.48035804580104,434.3555152139482,5.02365176639623,0.8825469689960381,1.956896551724138,1.5551208034864639,5.5608661085656035,1.1749371102904624,15.810344827586206,4.443444984397781,0.6466307500675614,0.0516176103023887,139.27167182395357,120.05472950338559,0.4538544025401886,0.13637534549375913,163.67151855451172,269.01374809651975,0.32174796441412445,0.15658527667373412,26.455057695066596,20.3181383643185,0.08776089020419428,0.03305069908017661,24.053929558391022,18.69041729546556,0.07941284940510226,0.030555041540952066,3.5474020229265912,3.1218187999248763,0.012755918472369062,0.012426652181572144,0.4498282073096603,0.27026924688582565,49.5,25.0,45.5,31.0,83.17017968720552,41.745175452603355,0.8520219646516394,0.23255955430327868,0.23990277186965134,0.3442348553843059,0.33725206777516903,0.5260332305920243,0.557183908045977,0.7477011494252873,0.3150052890428931,0.4900018571446031,19.423431575442308,31.756343452426222,0.017163833247176543,PN00,PN00-2.edf,1,positive,2.0
1250.0,512.0,29.0,2.0,26.190115055204068,9.838910664481471,26.190115055204068,9.838910664481471,3.9412567109686023,2.063265277321502,782.7262896684737,582.5187578501954,0.24369334272958856,0.11706674473296352,6.3125153975887995,2.3152940127559,468.20385633652916,439.8340795776661,4.654935634387607,0.819539838803221,2.1551724137931036,1.7584939102375219,5.340789233098379,1.1007516515807136,14.75,3.7214429904318678,0.6372990131478756,0.038902235646220716,204.84101686389633,129.47047953233903,0.5248722693051998,0.1520065295608496,191.17107799653644,289.6348347999726,0.3077040675635522,0.17232327614752005,28.31979797553806,22.280088807290724,0.06707552725846073,0.023631732204548735,27.122341453768488,23.3257056365157,0.06013958687320486,0.0232615903075802,5.208650368683095,5.496240394366493,0.011551691025020369,0.008764374553349025,0.5057521980312217,0.26841360390920893,46.5,31.0,43.5,35.0,77.18151734596597,30.11219026526698,0.8778330164328498,0.18580425401954603,0.21453140361003162,0.2968654499947229,0.3371820946112356,0.5435281371964122,0.535,0.77,0.2652533796309286,0.3943240341196371,-10.088549288016443,24.76230169304532,0.0002840001779396451,PN00,PN00-2.edf,1,positive,2.0
1255.0,512.0,29.0,2.0,28.41215098749454,8.99715607116936,28.41215098749454,8.99715607116936,4.744670800466148,2.339982146646482,888.1991411051667,530.1204312838415,0.24912478405999453,0.09111962362308944,5.8968474789192955,2.054820380815256,544.2765433806891,403.0389317336869,4.71919993465952,0.7290443889187355,2.7586206896551726,1.7585784308648198,5.399878582260542,1.1426581199148687,14.724137931034482,4.460721696086917,0.6493882027709137,0.02715431194846757,288.9789635001161,144.54164837518212,0.5928653655518535,0.1192616135399748,161.5103884033967,193.49467956493788,0.24853860029844624,0.11303769664635076,37.894576781274566,40.170741742119375,0.06187885116859316,0.021107397081298728,30.24802661646637,27.86109759441763,0.05078538216666141,0.018514362260216882,7.264791897189804,7.521698994770089,0.013252783390849284,0.009980467894946032,0.5221374109956958,0.2698742540959069,48.0,28.0,45.0,32.0,73.71007491951644,22.991611663869683,0.9119807491873939,0.11437098113340871,0.23605346565533977,0.34285173214451853,0.348419193531634,0.5672581964571184,0.530952380952381,0.7952380952380953,0.27169093732863026,0.41001445649486534,32.316722257911216,65.48485542726668,0.00887336289024227,PN00,PN00-2.edf,1,positive,2.0
1260.0,512.0,29.0,2.0,31.361660060516982,8.681940402255542,31.361660060516982,8.681940402255542,5.67147072097864,2.347224435059314,1058.9298108997427,552.7538985640862,0.2814843684879986,0.10415053816351054,5.236025021002319,1.8909266919587544,583.2247607635095,356.799867716805,5.079143650818558,0.7144264212245762,2.7327586206896552,0.9259920925845598,5.7686478061270705,1.3231537788907504,16.655172413793103,5.356841336851832,0.6851691596896882,0.028285734752541154,322.3410211270871,156.00711154396282,0.5846046002488424,0.07509721373495067,148.93360627057112,124.0427763213477,0.23477726676813918,0.061422017905793984,45.82138098608366,45.89353493352232,0.06901881890273683,0.023572903992797174,35.24492876316854,28.377815469470242,0.05494609288113526,0.018287775511215108,9.08242099223112,7.630698257742587,0.016631858669480283,0.013012819891975622,0.5112246350932288,0.27511374455949184,49.0,26.0,46.0,30.0,72.79682153223789,21.09929479145036,0.9309150457760444,0.07541376090692753,0.249820947855376,0.37085630498125066,0.3207002937947674,0.5117997913971581,0.55,0.8333333333333334,0.2768830944235827,0.42080864654702704,40.325248314042966,85.70309926945538,0.016038026578427362,PN00,PN00-2.edf,1,positive,2.0
1265.0,512.0,29.0,2.0,33.21330423744627,9.866869896097235,33.21330423744627,9.866869896097235,6.126951822486881,2.612797985986134,1200.478699915676,685.7489276214482,0.2796803056639432,0.09943134222477244,5.158331726124138,1.7515155193892675,879.975674090547,565.5268697498524,4.656898957880923,0.7126648051055313,1.7844827586206897,1.166567574071536,5.198506601358771,1.1891020860787977,14.060344827586206,4.566394852622739,0.6796538426067184,0.03627653423431117,487.81407668737427,287.21595614311633,0.5799298702690897,0.09135742187469222,243.0587764864856,182.17738266271334,0.26402652309121954,0.07234181231518874,56.490608406694506,64.97526854648437,0.05595359561134678,0.027266920374946258,40.53648105410202,33.069290247389944,0.04352624193961294,0.01597936606409057,9.946651588317277,9.607846283110973,0.012286366753387377,0.009945811740098112,0.4977055636855711,0.27242859605391234,49.0,28.0,44.5,35.0,76.9216444019367,27.35316634782466,0.8747339829749103,0.16005824372759847,0.22995430171273004,0.31317926837310545,0.29316998425778285,0.45552671775943526,0.4968474148802018,0.6986128625472887,0.2816200312020937,0.4095586577617846,15.205534337116806,28.52072342023795,0.02386192222248604,PN00,PN00-2.edf,1,positive,2.0
1270.0,512.0,29.0,2.0,33.977797084529456,11.366268965661646,33.977797084529456,11.366268965661646,5.894501384295154,2.828192876676348,1283.6827649172214,825.2033930437615,0.23496143534693706,0.07906049106403558,5.902753794383412,1.728312584343888,938.2359395221976,655.0377713611882,4.931804760690299,0.9173625717031165,2.0344827586206895,0.6490182836109901,5.365083243715407,1.2084959563825861,15.163793103448276,4.310310344689654,0.691974871438225,0.04933797556258282,548.3749943568421,377.07770668596663,0.5957033836091113,0.10352133372155924,200.03343728007354,149.1338180951476,0.20886857835948797,0.051363475501601884,76.44606072476643,78.17449319901445,0.0799276905001849,0.040541697016511176,55.93741293648131,52.73266415891287,0.057433552333937765,0.02417528352832954,10.185979284519854,11.364804244183363,0.012298212955619559,0.010558737750532201,0.4999498773165053,0.26277304443151517,50.0,30.0,46.5,35.0,77.56516840585641,23.46814354461422,0.8552745950633082,0.13875500909213367,0.22405440641067065,0.23954448231004474,0.3013256089828598,0.46718358647329394,0.5416666666666667,0.7023809523809524,0.2751378284134789,0.3247158699628974,13.744468442490591,4.832755854233046,0.005014107360720026,PN00,PN00-2.edf,1,positive,2.0
1635.0,512.0,29.0,2.0,9.58105927651117,3.2569491043231786,9.58105927651117,3.2569491043231786,1.4379003846387026,0.5068538414974655,102.40441432817228,81.66751059069117,0.20709485183339857,0.07553572704032062,6.379825164265747,2.7095522615371337,39.82793347876016,21.001817550636144,6.007102387844115,1.4223940102077914,1.3103448275862069,0.3920281724448991,7.676242466474589,1.2148869878892234,24.086206896551722,5.0087319709876486,0.7051747080309616,0.07917811146178841,24.43178314777366,18.23681448714729,0.5862206612858714,0.12351307774567649,6.885649254753686,3.370211206369925,0.18741755140376962,0.06767480035003162,2.426828494784449,1.6715170082273085,0.060513742932829094,0.024960384022970836,4.056905166538544,2.2212606238021646,0.10908011218428597,0.03946148391216559,0.994255134066073,0.2485185519798432,0.030001820124549394,0.014090389644735333,0.3062580667938387,0.210260149742062,64.5,1.0,63.5,1.0,67.37992650761151,2.360504368887476,0.9270382835751488,0.014599028087797672,0.1632476430786824,0.023857929685712292,0.26359196543837393,0.018471996720987205,0.9519969278033794,0.0007680491551458335,0.17620814874158514,0.028510578113947943,-2.468247581388714,12.588675537071017,0.3525290589929646,PN00,PN00-2.edf,0,negative,
1660.0,512.0,29.0,2.0,8.883262840427564,2.395519170540777,8.883262840427564,2.395519170540777,1.380765370391577,0.510362576760325,84.65087078854955,51.60770022280466,0.20694007658601302,0.09309506792182724,6.0853122278526754,2.1730162538633744,40.535432833790466,20.107167953021165,5.677045651083084,1.5797393440610197,1.2155172413793103,0.2840906388497256,7.926827378827003,1.4174225233514746,25.78448275862069,5.850038364865002,0.6695280731481741,0.07819780934721916,26.55743300227421,16.38690838264767,0.6321662441287542,0.10361319427395232,6.721813420842786,3.5595663844793384,0.17103193353658752,0.0500978299314896,1.6209281991276299,0.8813885602166528,0.04182967202114309,0.014770390578006463,3.538939604062361,1.7201776272694902,0.0957528582476243,0.03080257532636007,1.142549860465529,0.37942568265897264,0.03476077525966232,0.022387736282037215,0.31743761955736455,0.2165970903509521,64.5,1.0,63.5,1.0,66.36413562286577,1.9274289845098025,0.9376966688368056,0.01479763454861116,0.1568670475271916,0.018720973362336885,0.25366429280577724,0.015151836417012898,0.8398617511520737,0.034562211981566726,0.1673789429169488,0.02260622917328925,0.6298973404233235,5.608416113478598,0.36293240226095586,PN00,PN00-2.edf,0,negative,
1665.0,512.0,29.0,2.0,9.172852718911999,2.433797856479081,9.172852718911999,2.433797856479081,1.5231204235741087,0.5651082406299489,90.06459900905344,52.13359687982359,0.2262620423242192,0.09194351836130206,5.89622324259475,2.0831733156097756,35.503733138070416,15.437233097359838,6.78462911180369,1.7817316921758577,1.3275862068965518,0.3602169382030376,8.380919403256483,1.3038182929208166,26.17241379310345,4.064726020518322,0.7115386061182313,0.08199733749543234,20.931724554614362,12.84553302943303,0.5671777828489831,0.11110616872045752,5.128655265139079,2.200597829324349,0.15038206257010162,0.039709159126024136,2.6571202650001347,1.880692347804086,0.07414916270812134,0.03333414516196846,4.7962873195738815,2.08976353574695,0.1471684177012618,0.056381410574001374,1.0159278260046842,0.2828050846003347,0.03343206184896424,0.018283720144143013,0.31724788527946257,0.2224945705384798,64.5,1.0,63.5,1.0,66.35497327138357,1.9248596478205116,0.9374503483847967,0.014732239738343256,0.1555327467536043,0.018954881805911455,0.2519584172101763,0.015395723979337833,0.7918586789554531,0.03533026113671278,0.16600007153838228,0.02282833932833822,-5.400214074162997,3.749295186772319,0.36202177558997095,PN00,PN00-2.edf,0,negative,
1675.0,512.0,29.0,2.0,11.097694776009826,4.032198979283717,11.097694776009826,4.032198979283717,1.4420322193855213,0.5162213148582239,139.41745795001248,119.61484907907726,0.18287841215722364,0.09167923390276118,7.601060339664604,3.390068452793295,45.02395407981787,33.02251132147796,5.719017190833653,1.750134653115157,1.2844827586206897,0.2149993778162056,7.545127493926514,1.7085032137535872,23.00862068965517,7.002303426010386,0.6650824028429896,0.1008821009254128,30.47742839701747,30.272453739290775,0.6049628407234767,0.12549684435604516,6.6615189328026645,3.3922937650741565,0.1726002560435606,0.052690739553732456,2.4255197436525426,1.6349538906842431,0.06258704008602652,0.02630045403825865,3.403694929508985,1.4254069153157634,0.10125976930144455,0.045365730109403445,0.93432777034684,0.3440137133485305,0.028800802310197767,0.017068289296646406,0.37900556930602064,0.2513441706762777,63.5,1.0,62.5,1.0,64.73695333030439,1.99012287090531,0.9542485719086022,0.015267977150537626,0.13815370801979968,0.024064438251967746,0.21605490085329018,0.019329420289862953,0.6746430460074035,0.037810682178741506,0.14488763033765117,0.02753640933284554,-6.586393841037143,0.20758525694374885,0.3582553432151557,PN00,PN00-2.edf,0,negative,
1695.0,512.0,29.0,2.0,10.083637859986926,3.8932663598098207,10.083637859986926,3.8932663598098207,1.4036256071026805,0.5126071109865188,116.83727543978856,112.58109729735645,0.19484691393625278,0.09102899438352556,7.071463198138253,3.40117717455796,34.338875440861486,14.589738150488005,5.820477248776893,1.3780236902518885,1.3017241379310345,0.16582227639371847,7.8976415317350925,1.2451039908452508,25.551724137931036,4.835830399015049,0.6813365918559111,0.05942642708930529,22.35676694941998,11.782347396893595,0.6285492900235402,0.08701182204483524,5.376890163806527,2.3797888156227316,0.16411748091930137,0.047781933226800015,1.6429490683827153,0.9012187169732494,0.047838669374729866,0.014720742042323178,3.1564796492461498,1.179970413972456,0.10131443426437571,0.0376085241729365,0.8995657191605809,0.27354838845485047,0.029838355546995873,0.012701633576422882,0.36268539841256175,0.2352873596665962,61.5,1.0,60.5,1.0,63.42415113711754,2.0729259912996696,0.967783043032787,0.0159964139344263,0.11817704702854939,0.031102231865150085,0.1772901422624216,0.02474857129735103,0.5124293785310734,0.041807909604519744,0.12225224494379122,0.034158306055961665,-5.453109019672167,8.77107167654004,0.35199197066882476,PN00,PN00-2.edf,0,negative,
1715.0,512.0,29.0,2.0,16.107145879110938,18.924546703629012,16.107145879110938,18.924546703629012,1.8242576675131859,0.8096442909480737,617.5786163087962,2272.3555508477343,0.19994266569272645,0.07868181845804502,8.684130025389768,9.441622933892125,36.41097999911315,24.225602026536496,5.836679529496985,1.4710842907569694,1.2241379310344827,0.25717989465821206,7.419982873567613,1.3245813931604162,22.448275862068964,5.4013006536839185,0.6964740038019915,0.07696662242819807,23.27784469691423,21.1429074957259,0.5982123067453192,0.10009663183104728,5.730652657997849,3.139721741467057,0.16919549687726157,0.04607778859548957,2.1775629737382487,1.7801626140072975,0.06265870709484048,0.03243230496866225,3.4904525413438816,1.808037009479089,0.11552631784666433,0.050515335614103096,0.7036495464880701,0.2523723668418702,0.023730364156028493,0.011137262498725582,0.3213946700386395,0.2282884096118548,69.5,7.0,66.5,3.0,73.53707448087597,10.335990060357773,0.8758439974547512,0.05660527432126694,0.18268404847785602,0.0746555052698151,0.14366250351740217,0.04521479775124056,0.4572061567164179,0.0706623134328358,0.21017728099382912,0.09882199132276454,35.33387903011064,28.271676147207412,0.38910257768232814,PN00,PN00-2.edf,0,negative,
1815.0,512.0,29.0,2.0,8.897151316264955,4.214877763344367,8.897151316264955,4.214877763344367,1.199725835460859,0.5297518238345621,96.92449610445006,131.66733469619197,0.1826227319115474,0.07260017361189648,6.520007886294555,2.4110176941599284,34.95202293010165,29.180239336305196,6.0338378916084645,1.494419884457295,1.206896551724138,0.39972493515067686,7.803153674878841,1.3811789459035462,25.103448275862068,6.48257519916598,0.6962433730447376,0.09898524881857935,21.587771588572622,23.945460127905772,0.5636169136566731,0.12360468186133584,6.728743521589893,3.9708473731696037,0.21568561364100847,0.06804654325819735,1.9574241343801861,1.3754294561852416,0.0611011400231561,0.02182691892459524,2.9240019156724726,1.5451070909474351,0.09880560834134818,0.03178947987796011,0.9228076198305672,0.33896137824158407,0.035079258207764336,0.017048733460516198,0.3309688121225453,0.23138575774353148,64.5,3.0,63.5,3.0,67.03944396793412,6.39329331359211,0.9356229644851117,0.04420265973945414,0.15633518027842622,0.06476726051053193,0.23299296989455603,0.04679330371293178,0.9601690573770492,0.014088114754098324,0.16800342113177547,0.07716084503078996,2.2864665260885317,4.942225771713154,0.5655532808395054,PN00,PN00-2.edf,0,negative,
1840.0,512.0,29.0,2.0,9.410998784508099,3.8262077450196905,9.410998784508099,3.8262077450196905,1.3857156570181408,0.49191513795965036,103.20676383006163,100.07944445512223,0.21309354518632004,0.06280325334684303,5.995798378073543,2.238280773766606,30.010615612393686,14.955007224873944,7.486651423208901,2.017814645589256,1.0689655172413792,0.11173690859323898,9.092618646372868,1.386477295859904,28.275862068965516,3.677954376384804,0.7397787638771353,0.07896521472725303,15.983305107843554,10.930001962937107,0.4994706206301634,0.11207174231399263,6.197641423952728,2.89886606208918,0.213718326318418,0.039264973105712746,2.020182182583065,1.400676173097624,0.06668733282326762,0.024762176637677845,3.86602898003618,1.5248411133885542,0.14543049408088074,0.04846290898305628,1.202563356990886,0.3950978099538219,0.048542385143358756,0.028207194851074445,0.33218179584374563,0.2304960221581673,65.0,4.0,63.5,3.0,68.73293775554386,8.142691400197435,0.9240379768920595,0.051621626861042214,0.17144158355501848,0.07378077252822449,0.25138737120185783,0.05744623347016392,0.9601690573770492,0.014088114754098324,0.18679611309235206,0.09028145364540135,2.663884052607421,2.7683726116920315,0.5742208736881282,PN00,PN00-2.edf,0,negative,
1870.0,512.0,29.0,2.0,9.993318991609964,4.531935456814916,9.993318991609964,4.531935456814916,1.398367137978188,0.5076926766213546,120.40486345280861,132.64142208548526,0.19339944516265534,0.07069557287561465,6.084946517139368,2.347705051552344,36.55635150254129,23.164827539971913,7.698553592569334,2.072063528988459,1.146551724137931,0.1916044031973523,8.895750111146407,1.5222769732131876,26.689655172413794,4.880757065893195,0.7373685532493123,0.10126786877066284,20.62423967487969,20.00225435609565,0.5079430549357231,0.13338601209547493,5.0461776099849285,2.9734896251001626,0.14941458037599326,0.0454920317002577,3.38188002448754,2.5956256220800484,0.0954450049147778,0.04321075138468434,5.3167010852949925,2.3241525014234177,0.17624208647813014,0.07008640576078062,1.069837211967766,0.3188087165571922,0.0380150176704731,0.020384232845888403,0.36454590259624065,0.2391595861754766,63.5,1.0,62.5,1.0,66.32046118820114,1.8076585127001579,0.9344035518273169,0.014950456829237124,0.1516737829439916,0.01851678665254272,0.2442746119842067,0.006798582868896924,0.9431517715494446,0.015335801163405605,0.16241115766076644,0.022415269733057686,-0.8762216319266654,6.510443885240803,0.5720993762613784,PN00,PN00-2.edf,0,negative,
2000.0,512.0,29.0,2.0,11.026359882261655,3.922372378543247,11.026359882261655,3.922372378543247,1.776357181831042,0.5140196913328405,136.9656173291083,114.58893989996542,0.22564815868703156,0.06659908942223154,6.015803483543353,1.9158718279186362,40.03395276552437,20.882615976668394,5.761312304674791,1.3531474519616382,1.1379310344827587,0.34482758620689663,7.673725417360523,1.4733347482541779,23.67241379310345,5.7171488283345395,0.6901977979728567,0.07012410509991475,23.787222521760402,15.331933405804968,0.5721370909925436,0.09203115923797014,8.298010277832628,5.068563356352757,0.20788380852793217,0.054865839339514395,2.3700713438667913,1.4008184701520354,0.06089719551915159,0.02116186028580631,3.339898111007204,1.2278802203495354,0.09537891727570669,0.03055542637869117,1.0166752034918967,0.3217578158303156,0.032477577288871504,0.01907227821361153,0.4063196631653652,0.23847782352486313,63.5,1.0,62.5,1.0,64.57267571190609,2.3639910766211827,0.9562799519169227,0.015300479230670794,0.13188038187832338,0.027711079842317507,0.2062751567778487,0.024952217848989572,0.7722104706504495,0.0362242199894236,0.13803455140122764,0.031186552190459224,-0.911935325732306,7.454357490251233,0.573011719616831,PN00,PN00-2.edf,0,negative,
2005.0,512.0,29.0,2.0,11.055210887305156,3.4859435429695944,11.055210887305156,3.4859435429695944,1.7938486436601977,0.5070273056240477,134.36949014756186,94.2922270103411,0.22385872392907716,0.060657350657385097,5.919816282245694,1.6907135450900737,38.08452156186413,19.19531777391286,6.57752534519476,1.60837733540383,1.2327586206896552,0.38802680810092754,8.207356044911013,1.4295877615816328,25.189655172413794,4.762304920619427,0.7285190660622214,0.06796291894128978,22.198608147117294,14.207742400633107,0.5482768151373304,0.10002735084610398,7.248455593585492,3.3771505051138884,0.2001079669629772,0.04746039831164035,2.5040603559634222,1.4945984526422054,0.0658347232061923,0.02127357763901333,4.0995104886574305,1.5095280461629024,0.12417171777631902,0.04609556346374235,1.0391740181709677,0.294244152373548,0.034535171927359005,0.020141382018276376,0.40558595804499564,0.239078020583667,63.0,2.0,62.0,2.0,64.69832622418767,2.627085788497503,0.9553080987347125,0.0187511181043456,0.13319112507927533,0.02896247130991908,0.20457408890984452,0.023407885762109615,0.7293010752688172,0.025268817204301075,0.13958438145483643,0.033057224757047116,0.15765344311079799,3.585757069262981,0.5779443829651765,PN00,PN00-2.edf,0,negative,
2015.0,512.0,29.0,2.0,11.94560667777172,5.651769003279047,11.94560667777172,5.651769003279047,1.8010993526483488,0.49623606980710927,174.64001176645013,215.76886499449273,0.2208204777219906,0.07492977972907543,6.272831359788382,2.6271758111015426,39.51278350125228,19.945153700773353,6.182583983702222,1.8254405913748222,1.0344827586206897,0.08620689655172414,8.310747655058046,1.542668604159034,25.887931034482758,5.422091706897106,0.6838014065724197,0.07713345273463355,24.461410775678058,16.904735822838088,0.5794050399889022,0.12207251245486116,6.68898406411959,3.0757696234773326,0.18246526462166407,0.05654070558860905,2.2509504310107458,1.4165505784463868,0.059299284824757305,0.02379418745885353,3.934414947396811,1.497316747150487,0.11458712288454753,0.04404141449820725,1.1755541864222212,0.265245115920091,0.03777950343965806,0.020311973419060533,0.41197930159055796,0.24459190900551445,63.0,2.0,62.0,2.0,64.30559098483084,2.9305827421202224,0.9604780607598231,0.021154534218058907,0.13009237182987532,0.03530604620964864,0.19889644298003104,0.030581838399506178,0.7373655913978494,0.04139784946236558,0.13566429425982307,0.03974683308699038,2.251068692793385,3.3836306581476543,0.5810852113505924,PN00,PN00-2.edf,0,negative,
2020.0,512.0,29.0,2.0,11.042436389950105,4.46032868940048,11.042436389950105,4.46032868940048,1.749837488464207,0.496989122482512,141.8299334435833,142.75633013222404,0.22315824906489087,0.06506067645380441,5.88025547046423,1.9767066098076709,41.183166408749585,19.9243636226523,6.789912603136672,1.563266310316048,1.1551724137931034,0.38514323971877035,8.19972819807733,1.2897455253841605,24.82758620689655,4.25537360503522,0.7183754034659624,0.09047332886585883,22.47250076883127,15.941018849385076,0.5175315006165652,0.11490259188970732,7.708525678568782,4.1320967635707415,0.19110720192497083,0.05274770568547514,2.8145475573147234,1.9144620153727783,0.06782725415418599,0.025001008464831196,5.856053307648592,2.027571677923886,0.1609988675015487,0.052484115130943254,0.9694870070894599,0.24182313840380365,0.028611924320199274,0.01336723276339912,0.4015043073743186,0.24025336085374058,62.5,1.0,61.5,1.0,64.3218557891801,2.401472060082547,0.9595082896780804,0.015601760807773757,0.12924962518047994,0.029038063803084754,0.20075537141761612,0.025727936293930637,0.7353825136612022,0.03743169398907098,0.1348359561037287,0.03245593860262615,-1.326807334459121,2.077809939293604,0.5784324272668413,PN00,PN00-2.edf,0,negative,
2045.0,512.0,29.0,2.0,8.719787117885113,2.2646094339756946,8.719787117885113,2.2646094339756946,1.7196524442408607,0.5105695026221878,81.16314326968687,44.102515379587366,0.26749510310296387,0.0752082869554955,4.850847935685864,1.2505066668716416,32.05608908364367,15.091180598366952,7.091859356473924,1.864949868060699,1.2327586206896552,0.7068965517241378,8.676235177928183,1.495205790355512,26.81896551724138,4.6866908734883,0.7226042617130635,0.08436870605952003,17.37412404132441,11.770821923477488,0.5038019410408532,0.11362849559893741,6.705272155165452,3.3533188524705113,0.21756175362448238,0.06698425519596911,1.7865765425235127,0.853769425955395,0.05794865195084409,0.015376153433314147,4.256347927005713,1.4484818136649715,0.15118694388574747,0.04976866835174683,1.052399323106769,0.3465372490085702,0.040007746387133114,0.02135896063823793,0.38245528863422906,0.2461675639094622,62.5,1.0,61.5,1.0,64.00827086406794,2.405841551848475,0.9615566953662084,0.015603310087255462,0.12273867264895891,0.03102749215280598,0.18012062577361618,0.008077413980705161,0.842896174863388,0.0191256830601092,0.1277851152903972,0.03434156622313525,-7.247636866307916,13.915234764909787,0.5842855717617291,PN00,PN00-2.edf,0,negative,
2075.0,512.0,29.0,2.0,11.923603644712278,6.536387367395998,11.923603644712278,6.5363873673959985,1.7783780506699178,0.5003527838747222,184.8966836928499,273.98731179002255,0.23026733420795928,0.0761385520096848,6.052464305496871,2.86590010698651,38.3953529666408,22.479516440903765,6.85264048188565,1.7198750670878196,1.1724137931034482,0.4157639845443963,7.983770819942067,1.4318664292591123,24.224137931034484,5.3608353165640015,0.7293874085089026,0.09576606463936492,20.57499188512349,19.761230519986313,0.49108380608433305,0.1385611166829506,8.41658871795843,4.766850690421387,0.23364438412842692,0.07687732256102446,3.017609160342712,2.336616113504402,0.07840707707374192,0.03518640865041967,4.627940289709405,1.6985247773015744,0.1422948032605389,0.051986257569475364,0.930881093078645,0.3284613411391731,0.031055320607908093,0.016902826121248507,0.4293509452082195,0.2434416902417531,63.0,2.0,62.0,2.0,63.69967621610114,4.018000647477265,0.9653184361176165,0.03151732858443923,0.1160950326359543,0.06085221354078928,0.16783128017673127,0.05040109289297931,0.6387096774193548,0.07741935483870965,0.12081279032531442,0.0669829846104761,4.72712043942084,11.181101606549205,0.5785101113136113,PN00,PN00-2.edf,0,negative,
2095.0,512.0,29.0,2.0,56.47238925721164,37.12370411709046,56.47238925721164,37.12370411709046,15.540047726185744,10.476190891568097,4567.300155791311,7478.208693505531,0.49333482889202357,0.26223264021320664,4.505287409808073,4.748453249984413,262.99020315188784,203.5127399035992,12.62128324643783,5.957832708017167,1.0,0.0,12.924266429480609,2.7825833630165095,37.66379310344828,6.973557155818662,0.7493995201740284,0.12154484251570657,113.14864063444992,88.33643271449579,0.48495949250405607,0.1826906711288891,9.364393283514415,4.950806640337493,0.05041017902515194,0.028291231262967308,13.945134902408483,12.90577323309394,0.06457364017591286,0.05202288614796419,52.10212538264489,53.926843671201205,0.17489139471849494,0.07565655500383507,69.00544465986965,88.08334994091227,0.20455287886205867,0.12952552821494612,0.3399859559092187,0.22397012893322563,74.5,13.0,70.0,6.0,81.67249658423736,18.72590402851472,0.829423822135044,0.09902315796871797,0.22163936532910056,0.0947613707339838,0.12583627371227607,0.02372038622416338,0.41666666666666663,0.16666666666666669,0.27159869353923166,0.14667523143386274,71.38782943694534,52.685176622988635,0.2427479658202034,PN00,PN00-2.edf,0,negative,
90.0,512.0,29.0,2.0,10.563324824824587,2.439207646689034,10.563324824824587,2.439207646689034,2.646571932826319,1.1378076204995937,117.53356529842164,52.51289097234679,0.3278756951057685,0.12065904684067633,4.199276693154193,1.2296353387719037,53.91676726494714,22.107269576860208,6.68238928145235,3.88980193231942,1.0,0.0,8.453062466960846,2.8353596279144053,25.67241379310345,9.244547192496368,0.6947636660883643,0.0942321631876169,33.54883537032219,14.293560050939826,0.6205391250295296,0.1368325833795946,7.829270574341533,3.4244267333302414,0.14730242153405707,0.03492581468882585,1.8352919597063333,1.0516669278948763,0.034557093909189304,0.011957700228438176,5.760822204952435,5.622670667381107,0.10943682349206697,0.0846371800907843,3.417060003374198,5.0446976963189005,0.06063736241954644,0.06590150586047794,0.4630369218649857,0.22114300006184506,60.5,1.0,57.0,6.0,66.31654370957418,10.702835253511836,0.9620804398148148,0.046412037037037,0.1615233133665517,0.25752264484136816,0.1806069487840457,0.31091622861759416,0.31595778701630955,0.4624240486088903,0.17121745034239066,0.2759324319483565,22.15434802756783,41.25800892950857,0.10810030125188484,PN00,PN00-3.edf,0,negative,
110.0,512.0,29.0,2.0,13.441543926161668,4.281128714120716,13.441543926161668,4.281128714120716,2.684507851075439,1.1877426771275537,199.0031661858024,148.3653659756589,0.2759009309539397,0.12391120170852145,5.264224416744334,2.2622301836293404,105.27495905596041,50.049096950702236,5.0890346065909595,2.8266341265249753,1.1724137931034482,0.19808836712200098,7.012265728730741,2.864061470262135,18.74137931034483,11.011647978434075,0.6434365914850441,0.07757220176776315,77.66951176851188,40.03310579868539,0.7233749674970134,0.10830919160157837,11.339589770922323,6.0577863949668815,0.10790857521496273,0.022913325019858835,2.9331105682347056,1.7450739409255183,0.02857170006944044,0.013221200242365514,6.241972928526891,5.691542317122988,0.06786408028272932,0.06387047203257396,3.7100409468743125,5.432829741977175,0.039320580261856815,0.049488074182713344,0.5247143357242077,0.22737888308822915,51.0,20.0,45.5,29.0,67.57364023238816,13.172006103568961,0.980430422547043,0.008995925739247346,0.22260434663575132,0.3795284974833852,0.26199794684975164,0.47381920393909266,0.38389830508474576,0.6322033898305084,0.2279403359733072,0.38919542176943334,9.98563036278967,24.720030666279825,0.2606482393575653,PN00,PN00-3.edf,0,negative,
130.0,512.0,29.0,2.0,9.355692126418724,2.0130809725670393,9.355692126418724,2.0130809725670393,2.5581100834618833,1.100367274955279,91.58147016644476,39.91728502456536,0.3587820865212734,0.12829803762308717,3.833809901397737,1.1981018248869615,53.83111056580753,23.186687016532662,6.444194519419111,3.45203524642345,1.043103448275862,0.11501434538039941,8.413418496480928,2.735268450147951,25.56896551724138,8.276706135117205,0.693808095797677,0.0842195377340208,35.45487332432056,15.707973205240686,0.6566396857745963,0.11910510393823653,6.395924416237699,2.38434047664726,0.12562858640383454,0.03189123902523821,1.7643674435160108,0.8811308936894658,0.03349176724511509,0.010532068468251547,5.67263276861616,5.14247570876943,0.10528029969135666,0.0702711164069265,3.3511124722144663,5.585491715506855,0.05660276121957019,0.06296956565691504,0.4203403380683114,0.21031902800895033,46.5,27.0,39.0,40.0,69.22640839281866,17.921776395684653,0.9822162828947368,0.027754934210526327,0.25358709086331427,0.4632008160399221,0.30094504819424295,0.5567884951799558,0.4425287356321839,0.7816091954022989,0.2615621420091193,0.4789784737602118,-145.87805817928603,288.7871552558213,0.23491394861735068,PN00,PN00-3.edf,0,negative,
160.0,512.0,29.0,2.0,25.52831606004189,57.020408948277854,25.52831606004189,57.020408948277854,2.8829226478770775,1.1696599527016829,3903.021957490239,18844.211779598612,0.2778844748734544,0.13195814555992388,9.408362382239291,20.517822244474157,73.48139540969309,26.99707689191758,5.769710672840312,2.3704611121547754,1.3189655172413792,0.2853956096077043,7.787395426927114,2.3176562597510393,23.905172413793103,7.841207956154,0.6803797766243961,0.061320943700780395,48.39968533824776,18.451009858369567,0.6555679418245278,0.09210756150140392,11.390229098406401,4.489113700011305,0.15519597883594954,0.020890803043138405,2.983772104117336,1.3977157689939952,0.04131338566027296,0.013345517936087164,6.270967541981682,4.7514856133991925,0.08699938623886444,0.051040015719752384,2.992240472564499,3.9063965508365452,0.04123387776640795,0.04327470340046035,0.4916489236407537,0.2364261549664652,53.0,16.0,46.5,27.0,76.05416898605132,29.34133717842392,0.9222819010416667,0.11539713541666663,0.24480347153933793,0.394192730257719,0.26581208673254236,0.4791522167321856,0.4017478813559322,0.6340042372881356,0.2798973775719131,0.462431373052486,51.08038329009653,91.23474191913108,0.17578750607459853,PN00,PN00-3.edf,0,negative,
180.0,512.0,29.0,2.0,20.49854794803131,14.532402435513408,20.49854794803131,14.532402435513408,2.537986439970091,0.9636037409871254,631.3811885254547,1541.0035921318126,0.1882776048287582,0.08933658709772055,8.120093393470135,5.091722624668198,220.69344095264805,92.22954474818138,3.497267853445232,1.1644542782102787,1.2155172413793103,0.08620689655172414,5.146797916743969,2.063422161850607,11.698275862068966,8.889256230849305,0.5674417149036524,0.04380174708131473,174.6659546619093,74.27640278386174,0.783702816289223,0.051144112160172055,27.908422549361706,12.575037103436316,0.12551380799470682,0.012599450638022093,3.01299293051849,1.5615145875950078,0.014623112458800663,0.006435981635992975,5.937329796458138,3.905737816201199,0.03214247028134813,0.026607675489915158,3.1060694581563797,3.9361981768546315,0.017253119302138027,0.021629765980238358,0.6204376406737752,0.27634735383828607,58.0,6.0,53.0,14.0,72.18871174860394,21.366803352085,0.9282007189764492,0.0995230412137681,0.19325760617829696,0.2926987753937619,0.19853796642129565,0.34624123557807934,0.32278719397363465,0.5099811676082862,0.21728399869270468,0.3386374663632677,-39.658588416931586,79.71310900660946,0.1285009183935238,PN00,PN00-3.edf,0,negative,
285.0,512.0,29.0,2.0,31.803672879978773,19.650477852774305,31.803672879978773,19.650477852774305,4.464472283783874,2.6454006368306637,1397.6148884990712,2001.4239439289265,0.2162517800650751,0.10915918132285754,7.184613965080787,3.3212453606721457,181.37024537210164,207.7939792582772,6.344576499716383,2.712900153595166,1.1637931034482758,0.15080048003910262,9.079894498602407,2.6866525227505327,27.879310344827587,9.641777962751291,0.6676863190111256,0.08566191135260472,130.6646409301425,177.17905380468088,0.6597076972644801,0.10613221584725976,18.278388584197884,19.63729888832941,0.11074635040776093,0.021888857917253184,5.8785293730523245,3.0788663599245734,0.046171427566157136,0.019403571788800027,11.46927165948871,9.70638082946811,0.08761067274390563,0.05794211566165651,9.523928572475233,10.495348704257305,0.06562128200508283,0.04851708131022349,0.40288780811159247,0.24282402564970612,60.5,25.0,57.5,27.0,96.03511074874365,42.39756542064437,0.7243939935779449,0.21219352692861715,0.22400990761722533,0.17150814569367276,0.24543629566214248,0.3359796282550398,0.4712624584717608,0.6853820598006645,0.3337350604762465,0.334520395508758,2.694863654786218,74.9692478223142,0.03478986201342625,PN00,PN00-3.edf,0,negative,
300.0,512.0,29.0,2.0,51.15995729872283,19.872089946450654,51.15995729872283,19.872089946450654,6.167037439963355,2.567142300811031,3012.241189646967,2519.096732285312,0.19365938186841802,0.06296073849800837,7.537470420717687,3.078365253125562,444.0639010503773,291.99236208571176,4.811475480706821,2.1770271012615634,1.1379310344827587,0.12432935432634448,7.51797239821264,2.824307547747631,19.689655172413794,12.29165247518612,0.6122533316603309,0.06821700072153145,345.16190281636784,261.01113485320946,0.7514027197937604,0.08200806193834917,43.0519189614939,20.99730002467391,0.10759554836830547,0.027596915130856957,7.257886570780791,4.441830833082081,0.01864877229362627,0.009861993577547756,19.530487220231763,15.83186360634741,0.05007098176849288,0.03764145279227776,17.710964436363113,19.564483945380456,0.044061239349442595,0.04139758137989788,0.44336344059392546,0.2540406846855103,61.0,32.0,56.0,38.0,98.66182018232544,39.94026711595227,0.7043232685810811,0.1546347128378378,0.23157759626612556,0.24192412663614934,0.2593895175121906,0.35278048910242066,0.463963963963964,0.7387387387387387,0.3518880158874749,0.4207417845515512,-17.18668792255417,79.6437339333169,0.003808198660852278,PN00,PN00-3.edf,0,negative,
310.0,512.0,29.0,2.0,41.924601599433664,15.752057261161916,41.924601599433664,15.752057261161916,6.12096752463776,1.7781132797415917,2005.79952723016,1605.5895615401773,0.22175743604347964,0.06474929708169799,6.634000129412984,2.9014805210166332,304.9992117836395,303.4469872585504,5.719043959921386,2.0888609503977844,1.0948275862068966,0.3243946159004617,8.549984462214876,2.602703534253775,26.051724137931036,10.216699335069542,0.6473099958132027,0.08875645711260598,227.9330926879678,273.2996993433918,0.6899818349124032,0.09184332329928799,33.346140499776084,22.41162518643714,0.12854079009461788,0.03610743582102513,8.855204662731039,4.69996441094264,0.03634156115037011,0.013738793419482089,15.880192292305722,10.412579696964402,0.06981262838997239,0.03758600488246994,13.166293374108916,10.721994787086567,0.056951890118350855,0.0387055543192767,0.4676109510560554,0.2473644824372897,60.5,39.0,54.5,47.0,102.8336814846163,44.191307878808686,0.6586502113058312,0.19456856777295284,0.18018643562161205,0.19256117340649254,0.21973020054722325,0.27837083063491597,0.49913419913419915,0.8683982683982684,0.30174302087408467,0.38149366158295317,1.5255903282900376,7.700222307417422,0.0274976070458028,PN00,PN00-3.edf,0,negative,
405.0,512.0,29.0,2.0,25.590713609721213,11.180107431385043,25.590713609721213,11.180107431385043,4.009512398030327,2.408895221146708,779.8794252320815,835.4056642360403,0.23358885818242892,0.09571090386572718,6.595711725494903,2.3635003563770303,87.29245675424039,75.79769709564052,6.471856922205918,3.0309198361991228,1.0517241379310345,0.15227173907461802,9.06212515249281,2.5172557354137237,28.129310344827587,8.752492425721188,0.6599393082920809,0.07825540621934407,56.04478428141366,58.0049989493931,0.6277053033256205,0.11097093215251896,11.202834904453123,9.83331898611078,0.13740812262638902,0.026568355639453294,3.6400797862282523,2.6605984975532824,0.04494789257651477,0.010378188757284853,8.163230637158737,10.515584317722471,0.09708745701335618,0.056104987431228395,6.312260141100631,11.116634883190605,0.06845055389037476,0.059747507142658786,0.43573103327304186,0.254323136796297,55.0,32.0,48.0,44.0,82.04543837102182,13.86008534449526,0.8462515024038462,0.010471754807692246,0.2858180386628442,0.2957818824576143,0.4188566239380055,0.5268223498498006,0.5904347826086956,0.6591304347826088,0.3366775981484754,0.34535392418256633,24.414914689983075,50.433151062554266,0.011577755691740708,PN00,PN00-3.edf,0,negative,
410.0,512.0,29.0,2.0,41.33426937455059,24.4602934922148,41.33426937455059,24.46029349221479,3.9054772281763,2.3125287407368202,2306.827782453196,3641.2283293204664,0.15816870528560692,0.0923894946303219,10.37021126716886,4.284332942194184,220.5777678980791,269.39831635575615,5.164394398922495,2.5519352376440043,1.043103448275862,0.09443492370778726,7.51705833897405,2.6381937072080968,21.92241379310345,9.735976530435407,0.6195567222817997,0.09007046936009351,168.51618146807422,233.9902788821377,0.702948890522194,0.11427715552139874,23.120578648414497,25.45556433193586,0.11872286394802734,0.02774794740986193,6.056065115913037,4.547149636901089,0.03867539245224682,0.022393963822398315,11.038494449722178,12.0302723379757,0.0742934326125586,0.050949697835621616,7.201051812160103,11.70753867308587,0.043448309021978535,0.04405792919383294,0.5021506370197331,0.2690678262556312,55.0,32.0,49.0,42.0,83.35838025881975,17.3697351731642,0.8462890625,0.00033482142857144126,0.2935884671855984,0.30996973113065385,0.43316952407249537,0.5553304494942953,0.6119162640901771,0.7020933977455717,0.34694899224320286,0.36640659891297855,41.19710738928525,94.47291528052202,0.017955856644846693,PN00,PN00-3.edf,0,negative,
420.0,512.0,29.0,2.0,38.39922917248503,19.77631046520197,38.39922917248503,19.77631046520197,5.656330203232043,2.6647307838413337,1865.6032566570827,2481.888707913119,0.26481494579125475,0.1486359193825645,6.226408819205473,2.8263018541638156,133.04720108110956,69.98190767428247,8.923787122398227,3.8517290755721474,1.146551724137931,0.7754788325534147,11.037143871943796,2.6262594596532485,34.060344827586206,6.842329953417824,0.7396003956174355,0.08335509436787872,74.42408758758677,46.051656637729316,0.5543728918327555,0.13658090151263422,14.74850278323591,11.658934698228007,0.11247004242467545,0.05346073930666822,7.116942945565838,4.3871141802310785,0.05766197562559801,0.0314924300631026,17.784386057149852,15.486022676573407,0.1337263150251398,0.06746695411574329,15.27172466569887,15.899687587350442,0.11165102231395263,0.07617702276185777,0.505933380225847,0.2607084690861296,55.5,31.0,50.5,39.0,89.19183110116413,25.80193960293296,0.7976670506912442,0.08714357718894006,0.288501463074854,0.26560659123430674,0.40773709213086906,0.4619348673310341,0.6021739130434782,0.5956521739130435,0.3718855207856835,0.3736070401329595,18.516751037027234,42.74188225722581,0.045118446556679445,PN00,PN00-3.edf,0,negative,
765.0,512.0,29.0,2.0,44.760717094230195,16.96049456889689,44.760717094230195,16.96049456889689,4.138722541444652,2.3703633508006567,2291.180170811291,2083.574899093716,0.12895780396959686,0.05973506065817455,12.141018728800963,5.267615780807951,328.35713205959735,239.5372094406958,3.613683486239514,1.2254193129916697,1.0775862068965518,0.30160096007820525,5.732385338275548,2.2218334818471237,13.181034482758621,10.135057063897872,0.5638452962989989,0.058328522757047196,273.08777714799294,221.06902463818926,0.8126223122101767,0.060866780607755376,27.246874663901405,12.850004023068927,0.09332422596777805,0.021938278631554366,4.416042837248265,3.0364919239626387,0.014429653257022754,0.006189105111035693,9.623144457258293,10.23417727652817,0.03189996338877729,0.02479922360154925,7.399239812126997,9.01873082125257,0.0235487608903036,0.020900676318668817,0.4974458316384227,0.272333767834156,61.0,28.0,54.5,39.0,85.25881299137717,18.45119887499297,0.8112146326013514,0.019758234797297214,0.27204729850104303,0.38857871634024166,0.3185753815956605,0.49118904578610206,0.43231265108783234,0.782433521353747,0.33249056268621574,0.47091025529186886,-99.01431219225742,171.22838928218692,0.10536522147993704,PN00,PN00-3.edf,1,positive,3.0
770.0,512.0,29.0,2.0,35.27130839329813,13.71400335289086,35.27130839329813,13.71400335289086,3.797189813473806,2.1312351848760063,1432.1390837382448,1199.5364384891047,0.15541849343198025,0.0833166741525051,10.729113474490019,5.385986921028761,257.1206590843025,264.0693628382849,4.073803036394013,1.4828001810414078,1.0689655172413792,0.15942450007678385,6.429989612422288,2.328683036539823,16.20689655172414,10.715777315344747,0.5774853205788434,0.06348478941270738,209.10811487879795,245.6435881996771,0.7797642755740924,0.07737508655586121,23.221145429307224,14.066691635353827,0.10697143236426158,0.026786126615008603,4.642710023859555,3.497671624697431,0.020610564503771488,0.008752013584072063,9.1717405894005,8.662194416801192,0.04376988983545528,0.029880380626000815,6.839973359943121,7.808138687851982,0.03071288804584698,0.026387490990684645,0.45769386860257344,0.2519391690608935,62.5,25.0,56.0,36.0,85.65642200658979,21.02947203541696,0.7815326891447368,0.04045024671052633,0.22201405514301134,0.34143306838695736,0.26888410672961477,0.5071534148717592,0.3918918918918919,0.7837837837837838,0.2899222798088923,0.451881925141971,21.57402763385009,40.13826401254877,0.11688911671132912,PN00,PN00-3.edf,1,positive,3.0
775.0,512.0,29.0,2.0,36.2860403821734,10.917973157193419,36.2860403821734,10.917973157193419,7.830316063886399,4.390070140322187,1435.878864477914,896.0676723390371,0.42008519224375224,0.2032139696270211,4.02286315424075,1.803500675489643,238.9893263498855,127.25004883273361,5.139993674965604,2.646566310489993,1.0862068965517242,0.22046054918180036,7.889824555433518,3.219611073984069,21.646551724137932,12.379160262273396,0.6019526256097251,0.07461395866151466,184.214528363061,104.32351429490369,0.760409246882878,0.09537026588467347,20.47795725969045,9.767846688633046,0.09015924588928699,0.01768712757749079,5.020360021142739,3.0559258581026367,0.021241481059080483,0.005599840477873823,13.376751354206595,13.251637710206301,0.05811503917382684,0.04137602592226156,12.383438832548135,14.223844581103291,0.0550936006893121,0.0568642862642828,0.5398620383711765,0.2502370443119679,63.0,24.0,57.0,34.0,85.19368183714154,18.322613770920412,0.7788679793074325,0.029415646114864913,0.20558414718121554,0.29254670805324845,0.2026496070796638,0.37332517989420083,0.41025641025641024,0.8205128205128205,0.2675943027151483,0.3857112827149505,25.892090776237374,37.666930960939254,0.09670722273263514,PN00,PN00-3.edf,1,positive,3.0
780.0,512.0,29.0,2.0,45.45813431487219,12.130340769768917,45.45813431487219,12.130340769768917,11.33656139062721,7.110133910692401,2213.5871425796786,1198.3675743767853,0.42400111834058113,0.2184365823835484,4.2230903665738895,2.1467523117426524,510.21408914107656,259.8110073085157,6.909803417602863,4.6872861581530465,1.0,0.0,9.392152287368956,4.276246044817727,25.42241379310345,14.408316481420558,0.633872043168254,0.09781385009171385,366.7878881149702,195.83131935655038,0.7317964925869296,0.15013422332475013,31.280580742758964,18.814759075689814,0.0634329128993539,0.01853689488087681,8.813221498751625,6.006765664033584,0.017579288196904855,0.00871794584917138,41.421489770752835,45.43596837139013,0.07654967975105197,0.06639008128124735,54.544195064084384,68.24039272491386,0.09607221251198919,0.1008501128881627,0.6083952451798431,0.2500488939738765,66.0,18.0,61.5,25.0,78.1783808762218,5.943947616207453,0.8586219749724214,0.11040273372862663,0.251437922732504,0.3667593692692479,0.2857979076933642,0.5246450703632255,0.4199486301369863,0.7851027397260274,0.28026649316447827,0.3911117954582287,16.24074665068425,22.113766506294027,0.08448317182098954,PN00,PN00-3.edf,1,positive,3.0
785.0,512.0,29.0,2.0,36.38937517686513,9.038614610852223,36.38937517686513,9.038614610852223,7.854390505958195,4.798680565125333,1405.8831798461592,668.577592921901,0.38477475251721144,0.20806177445225915,4.714118141834015,2.4756379546934952,461.5250300833027,269.16921517878876,4.19600365911351,1.7352299539362102,1.0,0.0,6.1107771843447845,2.8373382455701863,16.04310344827586,11.53033274139257,0.5959153459449181,0.051992787796891204,325.602769706014,172.6599745079054,0.7169086534518186,0.07708105902471694,81.49311622009715,78.87921999318114,0.1588220400424569,0.05161643332164074,17.579483539393213,15.042753091838168,0.036071707489807085,0.01781762639780105,15.414663157070784,11.837529533503822,0.036186807783247704,0.023110552369853623,11.411650240594575,14.182593556203162,0.0299716047466277,0.03867150191472542,0.6146196754776247,0.22884682384775856,64.5,17.0,60.0,24.0,77.23624358765247,6.599236964898353,0.8745930989583333,0.10921223958333337,0.2650352067747103,0.3590038227971323,0.29669865505501863,0.5454054618610954,0.4289781240635301,0.8016182199580462,0.29135969539447637,0.3740982844804852,6.9336260410686865,12.441669679727045,0.047616044875265766,PN00,PN00-3.edf,1,positive,3.0
790.0,512.0,29.0,2.0,22.52225524201288,7.429348213957731,22.52225524201288,7.429348213957731,4.685832362193585,2.986684262958119,562.4471960706136,367.06384320132804,0.2919933825910932,0.15504387651843876,5.680847023750704,2.2958326671082445,296.61490763210855,242.4615883756863,5.323815310771528,1.3956486961468992,2.3275862068965516,1.781252281639025,6.18480294657799,1.8580378309876586,17.612068965517242,7.797984434238316,0.6620944449953757,0.05427617093182564,120.69063265729756,56.56576619943288,0.5041554272753332,0.17060473428072537,124.41945197226715,172.62848017229197,0.3205928428771691,0.16478789084505013,22.069127522481104,18.117823309307326,0.07300010889475535,0.024422760054426444,17.931974350343797,14.263162870216917,0.06365113914466206,0.024823514954398267,6.758392667650506,9.377960819767356,0.022852363860805077,0.023369081923215254,0.5409024590013469,0.25871212493359896,64.0,16.0,60.5,21.0,76.48470840770474,7.6306212010501895,0.8839296324823944,0.09471886003521124,0.2736884511872861,0.35244896104159806,0.30910019751105117,0.5707614510623359,0.44285714285714284,0.8285714285714285,0.2998059749107068,0.3666034817231507,2.8764665761642183,12.95385368659264,0.048569527546522884,PN00,PN00-3.edf,1,positive,3.0
795.0,512.0,29.0,2.0,21.853496736855156,7.574842283084962,21.853496736855156,7.574842283084962,4.044192191362807,2.3563637227092573,534.9535552413505,361.1342807624589,0.25671581450670783,0.11592796122426244,5.952719322066114,2.1839425118501756,203.05614959510328,180.79125847250222,6.273800633055297,1.2205350297860353,2.6724137931034484,1.8582335979734455,6.871227366999528,1.4262645849951932,20.732758620689655,5.662920470223898,0.7199740256579045,0.03440347404720389,64.10418497306738,28.673562150330127,0.4216770338043156,0.14118011526604524,94.11152697366035,119.73619296620005,0.36342796417963347,0.13606848058470572,13.811198710360777,11.789953227582052,0.07144562365165927,0.01543496437572394,19.71630703659948,18.740947125578646,0.09157068645626448,0.02545034667890358,6.231692604143607,8.959741002640769,0.02627847123857875,0.020103448497293445,0.49186125001760467,0.2726505821589982,60.5,21.0,54.0,32.0,79.75810412932302,16.084156800043772,0.850328947368421,0.0014391447368421462,0.2628235871909529,0.31328971039678893,0.2882907184210098,0.5297276712711952,0.46043869956913436,0.8629063846455151,0.30892893722787695,0.3679106984548806,-8.742897218893354,0.11725766709253982,0.013682372611535631,PN00,PN00-3.edf,1,positive,3.0
800.0,512.0,29.0,2.0,21.232963958701134,7.963013540620129,21.232963958701134,7.963013540620129,3.999324692996342,2.269223150605511,514.2483431196008,422.18437298125366,0.2523467413760239,0.10060411946093203,5.629892412724669,1.8840946290484353,290.42450803380467,256.30697490263265,6.568166928885975,1.8059184713734207,2.4913793103448274,1.4658214694367093,6.565022625811463,1.4034548354403797,19.775862068965516,5.599547714026972,0.7434407003779292,0.05854416803205127,104.9326838533871,47.25312296366056,0.4589562749303758,0.15544405505037742,83.88296295519646,93.74428012239063,0.26866214157159135,0.06898043505676861,37.57953688708317,56.60352127629477,0.09940637718260405,0.04315192201755161,47.57969561542423,66.42341435147416,0.12206100455727405,0.0660156565591745,6.4960076145715195,8.835904383870645,0.01964754771654198,0.017840669847293246,0.4161706244374259,0.2692016570371856,59.5,21.0,51.5,35.0,82.81679257483256,23.49567257137501,0.8142687186967179,0.08958982709931795,0.24624825926480454,0.265867052493337,0.2402211192051536,0.4340774445882908,0.4692513368983957,0.8796791443850267,0.31234278213736844,0.36087569323683044,-17.10387783213624,3.8861396530857366,0.005921293183294341,PN00,PN00-3.edf,1,positive,3.0
805.0,512.0,29.0,2.0,26.61269323358094,9.870398036265666,26.61269323358094,9.870398036265666,4.1866811271059134,2.3242049429311593,805.6601985390022,658.2148541844474,0.20036729035812573,0.06840072249227092,6.459048870176295,1.8380211262115935,596.7559932632216,521.6572210018959,6.176614649617104,1.628881492314414,3.1982758620689653,0.6642967189416719,5.690348183095578,1.230801431158572,16.982758620689655,4.417310694225869,0.7288679731832196,0.06455848868989035,245.20958138594122,146.73759518606442,0.48701002602335197,0.16068680109076622,145.7379444327303,152.65809332976792,0.23298419431409448,0.04973453482426908,95.5072333170673,156.72650465347613,0.11789162553541746,0.07695639540454884,74.85648424889186,89.79039192104912,0.10316594108849446,0.06057826093625343,8.407745418131352,10.784732307367307,0.01261715830822978,0.01245344596876592,0.4327015664480791,0.26181525327010907,56.5,27.0,48.5,41.0,83.0432878896686,22.775232402049568,0.8236465612060042,0.05968151526915111,0.2734243107770839,0.30931675242474205,0.24077161573052,0.41818033478568345,0.4553376906318083,0.7930283224400871,0.33921628836922657,0.4001251386711822,18.252730614615565,64.83743731807495,0.014955969131945588,PN00,PN00-3.edf,1,positive,3.0
810.0,512.0,29.0,2.0,32.34653090478536,12.969621352010563,32.34653090478536,12.969621352010563,4.546586920936875,2.431900272654555,1214.5091395887628,1109.6770475884327,0.17952482186988136,0.059116970780837066,7.258299360318127,1.9779730284570776,1000.4395880932861,1056.017784601173,5.170810291344402,1.230565419743714,2.1982758620689653,0.37358532206931816,5.121332239552744,1.094490533079811,14.767241379310345,3.5917356255444237,0.6842504008676971,0.06994846729078143,542.8452140847324,473.26427585737156,0.6103803906694149,0.13840154851474137,180.04205993527387,212.76798533251306,0.17395600020329746,0.04725383754507789,148.4504291700457,252.56464760072743,0.10359978865922694,0.0672926556627211,86.19026152575574,106.48650717600395,0.0740467212874207,0.04324842042999359,8.553433759416444,10.73553281897902,0.008468761757115386,0.007703323013334734,0.45618731616598085,0.26182135716771454,56.0,34.0,51.0,42.0,84.60445430412355,21.518591610757497,0.8150960286458333,0.03435872395833328,0.2744882610853212,0.28740444134560333,0.2791776089770384,0.49644427522182955,0.4936862554638174,0.8746964545896065,0.3406228498806794,0.3669602075174868,-27.84158163881085,51.95942608213011,0.004741753765078993,PN00,PN00-3.edf,1,positive,3.0
815.0,512.0,29.0,2.0,34.66026116614619,11.787284758314774,34.66026116614619,11.787284758314774,4.577182033128776,2.478393309037466,1340.2737860790614,1075.6221972013964,0.16963272572257035,0.06922298728764394,8.352710408352252,2.9326588749916565,1100.3289219392454,1042.873798916332,4.451943513742643,1.1336705696221943,1.9913793103448276,0.39655172413793105,4.683889564258585,1.1854563747937161,13.327586206896552,4.128905386521255,0.6609501413292049,0.06374480792302537,650.6443940602747,547.8325783150063,0.6422322545204401,0.1299267899431623,221.11216285562136,213.75217714708478,0.19395905963320204,0.05700366429764085,122.20097312321133,194.0508907704848,0.08032208455653658,0.05004352642447069,65.41622047512826,74.47109845377378,0.05177754559424311,0.028622397813231927,7.836493434382687,10.596305966890794,0.007321347928922235,0.008474198518985728,0.4675459977018291,0.26707315945190824,55.5,37.0,50.0,46.0,81.27216536630876,10.012741315101607,0.8101787441336885,0.003893367897006561,0.23549204945250723,0.17801342650518262,0.23640394459761083,0.4125487161041207,0.5085470085470085,0.905982905982906,0.2909324341415451,0.22111927127392791,-26.2198894372194,76.02933738350022,0.004465609725132996,PN00,PN00-3.edf,1,positive,3.0
820.0,512.0,29.0,2.0,36.983652928905535,10.122521681914863,36.983652928905535,10.122521681914863,4.393629884608389,2.5282074097500127,1470.2560291665793,864.7139296808343,0.1520264574489615,0.0702823104929047,9.57512635897664,3.5422467195948877,1186.577127882214,752.4181507099659,3.6267232710826494,0.8284411205536906,1.7155172413793103,0.524092557019678,4.063655736385841,1.2274728357977391,10.844827586206897,4.380803438112344,0.6122186656778912,0.05924483962415856,828.2024527948287,454.6568758964661,0.7303758328419149,0.07917523657647905,195.8916825117536,156.73047928461963,0.15052608741477652,0.03613163144472401,68.95005631445615,78.38103655190426,0.0482664843359849,0.024985681742859374,43.63184343681522,39.520079080033575,0.033199809364398834,0.017388006624055676,7.4936172618721395,11.20816305920183,0.005783599445525684,0.007592760731021428,0.5006933758640585,0.26745262665129566,56.5,39.0,50.5,49.0,82.2279992870835,5.139335487661583,0.7987234575320513,0.028905248397435912,0.22889812020686118,0.1354621316140727,0.2586751894435921,0.4587460724057004,0.527027027027027,0.9459459459459459,0.2851388876259502,0.15927931005378157,-22.609729334721678,90.63025120621097,0.012421127122948588,PN00,PN00-3.edf,1,positive,3.0
825.0,512.0,29.0,2.0,40.13230572852528,10.213685808318658,40.13230572852528,10.213685808318658,4.404666354554702,2.5592060384985085,1714.921340878873,880.1227085074208,0.1426357431099772,0.0693160380972454,10.543272996515682,4.190429615367586,1436.0203245275595,847.3752141125348,3.175646047530136,0.7222010354478671,1.4137931034482758,0.5845565002815409,3.495272454807069,1.184950354879338,8.844827586206897,4.152488759925542,0.5776721616533211,0.05431732606243992,1063.7960872133938,551.8761959478979,0.769994197572971,0.07236106841258923,218.33037636587846,177.15957403128044,0.13622658789977898,0.039252285612897085,59.97735035830756,69.46450362853398,0.03369892295309447,0.019175131209741743,36.27988052926186,36.178935484123926,0.022575748892535878,0.013653990544403806,6.786779571348782,11.17673721834076,0.0045857885566503945,0.007244135870271135,0.5377171989782131,0.26409988891269826,56.5,45.0,50.5,55.0,83.45383053788623,1.213115303186143,0.8035470883848941,0.08601044279542913,0.2559565014966767,0.16458817570525128,0.2903734326487261,0.5236224306624725,0.525974025974026,0.948051948051948,0.3139514554781463,0.17122216481407254,-23.476884778191298,118.72409174016515,0.02493556528070816,PN00,PN00-3.edf,1,positive,3.0
1160.0,512.0,29.0,2.0,30.371971800139672,11.077732052057698,30.371971800139672,11.077732052057698,5.000792348990576,3.181008197780477,1045.172818445666,868.6899484651921,0.2320719982477932,0.10330058639698032,6.437985321845228,2.3996644505819424,391.0928885304356,377.06709326486566,4.028286870392424,1.7347649240443939,1.1551724137931034,0.23131737698273688,6.701846113380356,2.530264071986389,16.810344827586206,11.44715278039241,0.5553369766454191,0.071460173827978,318.4074752281289,338.2664408022852,0.7872594660452603,0.0780220333941324,30.20335207933022,22.629323332117398,0.09143505770560145,0.0283007505875965,5.5714621679350635,3.92036918122821,0.01660430042296157,0.0076664393054138415,15.167707711588779,17.88726912387446,0.04286146601362702,0.03032878023964625,12.77986786557234,19.60287411205002,0.03400441806703674,0.03180398435878118,0.5712229421318237,0.25364051840845847,51.0,38.0,46.0,46.0,74.30438885766955,7.565092380775738,0.9088117074275361,0.10883718297101452,0.25460518837593,0.3977431885640983,0.4008954037850673,0.6216910517077354,0.5942513368983957,0.6296791443850267,0.2680096451620392,0.4055557061636872,31.95418454148908,70.75897826700573,0.1316419234735183,PN00,PN00-3.edf,0,negative,
1265.0,512.0,29.0,2.0,30.996828857050026,13.447112133868817,30.996828857050026,13.447112133868817,8.02363237701329,4.96968757590083,1141.6282239340915,952.899844951165,0.42592722576114606,0.15382432117639866,3.537331883035665,1.427819502471684,470.38911045729145,413.3059937805033,5.800623014450817,3.2099684416801404,1.0603448275862069,0.1416523855616809,8.983393093084462,3.355182022022345,24.853448275862068,13.330273628322312,0.5872851636397938,0.10114882963107075,365.84667437742144,352.01972127133615,0.750073836768056,0.13006707614412444,21.665135418154343,15.907308158087826,0.06293165355870682,0.030538657538655818,8.542142346113788,6.474040320405404,0.02285026124105003,0.009920861176425877,33.51862535908747,38.661219247494714,0.07418795717475934,0.05698444009248494,34.50592820359764,42.032336156503476,0.07289840486525452,0.06097001814764811,0.39463106186323543,0.2574225482029072,60.5,25.0,56.5,31.0,78.48461850036739,10.907177637554312,0.8360013470740175,0.026549135120257472,0.19995745875038348,0.33725868034430745,0.24400904618704966,0.4587496569406828,0.45,0.9,0.236039818834195,0.39592283966859687,26.049906770216616,60.40383025630638,0.11834241348955458,PN00,PN00-3.edf,0,negative,
1270.0,512.0,29.0,2.0,31.868122570793915,12.494691069147223,31.868122570793915,12.494691069147223,7.471110837919583,4.521420862799075,1171.694541100572,891.6141845824596,0.37728388391930795,0.15687990902810442,4.146268624551701,1.7777956436706397,520.9313069270547,425.17944699279343,5.030078258149805,2.5863925507300425,1.1551724137931034,0.2659870451817502,8.009648133946937,3.0320312977014505,21.75,13.14868552496723,0.5889267150070343,0.08104609945561791,419.08383467067074,359.8652035894733,0.7778538313600672,0.10750302428752406,28.08825720164871,21.59435999680709,0.06673976133694687,0.025877053403309053,9.846677438250232,8.095659381927872,0.02091582598181682,0.009930059193126407,26.71211383138553,29.038591303591758,0.056820983116959496,0.048483699399309306,27.13322382717485,31.041766095285688,0.05387078273180818,0.046826955656498186,0.45089748423732096,0.2661452058034001,61.5,23.0,57.5,29.0,78.74905094569564,11.416672853054521,0.8308584918039406,0.016426184996769955,0.19713250623687256,0.33090563513706095,0.23826863964491982,0.4459721891842206,0.4166666666666667,0.8333333333333334,0.23531816864330543,0.39361727489330073,14.37960661680833,35.57703811245447,0.12521211066996005,PN00,PN00-3.edf,0,negative,
1280.0,512.0,29.0,2.0,25.235189959845908,8.31923189225221,25.235189959845908,8.31923189225221,4.82685111585641,2.9716657866435265,706.0244315865738,497.1458222077104,0.25716703318292194,0.11326795990523778,5.800428697259229,2.025200196693278,175.18087559639554,147.73112360124634,5.072137556773727,2.3928033910303705,1.0,0.0,8.176321274641202,2.5758556281161966,23.370689655172413,10.658617342897097,0.585077197754622,0.07229160378500173,125.75740597644118,112.60861818253193,0.7238991842902242,0.08418097632535071,15.845179980822236,14.444920456183844,0.09467512954374382,0.014945064178675716,4.949827359211053,3.7104472064383427,0.0301692835666346,0.007566403813671614,12.903535714428118,14.646909242596335,0.0696728842730202,0.04509457124425868,11.148275353540859,15.188551746996147,0.05366225616199079,0.047279275153160945,0.47955860128644917,0.2592248764649238,60.5,27.0,56.5,33.0,81.37664142078293,14.38398396039723,0.8077783872003426,0.006767711900684925,0.20463905341834757,0.3215349900900933,0.2575075049323146,0.4841677240821237,0.41025641025641024,0.8205128205128205,0.2541738292076075,0.4001780320704367,22.654731502284015,34.286322189150894,0.132665610336242,PN00,PN00-3.edf,0,negative,
1285.0,512.0,29.0,2.0,26.89749855025218,11.387247953300484,26.89749855025218,11.387247953300484,4.792820526638419,2.848570263369424,853.1448442107644,806.256882741618,0.2514106685686307,0.09307436374113244,5.710885739882047,1.6735290016572837,338.45545624438216,328.65995824376427,4.0482364589993605,1.4354595596230142,1.0948275862068966,0.1213038558575025,6.722811197617968,2.134616417126464,17.224137931034484,9.71386869102585,0.5727039437801309,0.04745458087247325,265.59800948390307,279.03525917046693,0.7583039137196186,0.05392977055824005,33.09155724945255,26.92766479131186,0.11392040050474915,0.029315639975854523,5.9235190094110735,3.940952014465866,0.021408083521617285,0.005863142465552701,13.289235127487952,15.652763267259816,0.04316827446529815,0.028495020287864565,10.988100452490809,16.077509164720098,0.032802925073835094,0.028913600733686925,0.4822622990007713,0.2645504718737257,59.5,29.0,54.0,38.0,82.8934786371513,17.15579318257022,0.7942403834393347,0.031114695450097818,0.19733033679481168,0.3059166728677272,0.2432422130897138,0.45479333880476164,0.4264705882352941,0.8529411764705882,0.25232075126585185,0.39505364212328564,23.905986752774393,35.562299323702526,0.1339635696533612,PN00,PN00-3.edf,0,negative,
1340.0,512.0,29.0,2.0,20.694340958227173,7.19393062061955,20.694340958227173,7.19393062061955,5.741178065489622,3.4742979745321314,480.00838546964627,311.04687850906663,0.457486199719908,0.19859384840643884,3.5303513491456395,1.669699703636689,200.63167959441415,149.9431533644624,5.92552819928538,3.884355682706328,1.0948275862068966,0.1904372589170217,8.913872120441376,3.2349799563533836,25.112068965517242,12.799950533123797,0.5837813296584419,0.13031377216428375,154.43101811092774,130.11890934213312,0.7516333735347361,0.15816284455384338,8.866693365995086,6.118397625886261,0.05496298528868378,0.02954891816997824,4.695433483363315,3.2252596336779,0.029107734730618624,0.017775643089949954,16.16050959963265,23.154139085444815,0.07982860459237111,0.06993535546675364,14.12668325100445,18.163485744427703,0.07044962868001736,0.06477607039107941,0.37883084807425593,0.2762194241974935,61.0,22.0,54.5,33.0,79.52577713200014,13.657322244237392,0.820693279744255,0.01145234896219427,0.19592323715973445,0.33136379097460505,0.24039446287538208,0.4383484844538399,0.4196911196911197,0.7822393822393823,0.24014919962208336,0.4071119767372601,24.997795770992823,43.793714655200674,0.21012243775781106,PN00,PN00-3.edf,0,negative,
1345.0,512.0,29.0,2.0,24.657446818684694,8.358404567109552,24.657446818684694,8.358404567109552,6.452052360711615,3.5687318649196316,677.8526105237419,437.92331723993937,0.43716139272652316,0.19150506105163062,3.6931066796522183,1.7233629494384581,267.09515886243696,199.6052171102471,7.139674094981191,4.17899473843589,1.3448275862068966,0.24925572922070624,9.973778148532393,3.430214436838678,28.603448275862068,12.621225492676208,0.6350035219223816,0.12283655609326433,196.4351460987284,167.47675040667912,0.7103953035446486,0.16240091198881237,13.199108820089641,7.320012083366227,0.06392843601890073,0.028955192174376566,6.65412142367838,4.6593061651125245,0.028174610996587197,0.012372529594153128,22.883521278354134,25.908231347117944,0.08870844844144173,0.07233097130502322,24.62202727338828,28.801182517334972,0.09567285595928295,0.07819870089856283,0.4288389334596338,0.2833722641144172,60.5,25.0,54.5,35.0,81.2935466644264,16.645558783744434,0.811817066089527,0.023338524070945943,0.20289076597712913,0.341116811459805,0.24365454372438475,0.4446137948316234,0.4446400625978091,0.8329420970266042,0.25299400600217115,0.42746245755866163,29.631415728887003,47.71100283551112,0.19239035921129477,PN00,PN00-3.edf,0,negative,
1380.0,512.0,29.0,2.0,46.415215194475984,24.19207240770183,46.415215194475984,24.19207240770183,17.617097560811313,11.28672611701213,2739.628568929002,2797.940282112153,0.6117306441871208,0.1538774690786751,2.1409044435301814,0.7415668515255376,1023.3063323372711,1044.8721753981552,14.726670994349808,6.0123610966927465,1.5862068965517242,0.49251230541674823,13.611671664256018,1.7940569097256103,40.672413793103445,3.435428653846827,0.830000393334486,0.100887927375691,298.7553145077101,268.6089236554684,0.4232161491394498,0.19012882804260645,63.463540808624764,55.96212670769101,0.08306248312024284,0.03473240078138062,55.707740004296234,71.9553137116702,0.041896907198586006,0.016114038694375513,272.60987565564676,341.8796767932368,0.1995215285596622,0.09097801103985831,308.62652327974547,371.26929612798835,0.2291833905381704,0.11298159824814143,0.31087396186169175,0.23611418778160942,61.0,30.0,55.0,40.0,80.53533963845601,7.007218412516451,0.8405822172619049,0.12095610119047617,0.2404200812541619,0.4189165729638304,0.296329197697859,0.5674491124930271,0.4117647058823529,0.8235294117647058,0.2694829878879449,0.4595873591879427,-2.7331460143172093,15.784552217085013,0.10418263156162637,PN00,PN00-3.edf,0,negative,
1405.0,512.0,29.0,2.0,35.57636185083744,18.73813142492473,35.57636185083744,18.73813142492473,10.02958046762905,6.068831673105394,1616.7950918394736,1703.3412551070653,0.5366808772506054,0.13961925980785242,2.408007098037683,0.7452689651502977,539.2526359285688,533.7461635864879,13.346920722553095,6.21257601356022,1.206896551724138,0.4155851997653085,12.869311232228677,2.4902536533113384,37.043103448275865,4.678485684454243,0.7763071257881538,0.10383253081171394,206.6555000065961,200.30566631919328,0.4582613944639129,0.19395398175592057,42.819118545171435,35.86226318940203,0.10064534475232921,0.03508595868927934,20.232928085447302,24.454384373272696,0.03385605441019808,0.01586067299610459,103.08230957432333,128.20332405094996,0.15566831980768048,0.09414635801364805,154.75178094408082,195.1491892207887,0.2311485448184325,0.16082851558493624,0.311433426222274,0.22456801936019796,61.0,34.0,55.5,43.0,81.9070732943334,7.218520382850727,0.8195358754297173,0.10518376384644756,0.22670402513218532,0.40856248096139064,0.2944078096273156,0.5647567307376296,0.3939393939393939,0.7878787878787878,0.2617066451408804,0.4649402209537848,-39.551809963929536,73.97914504983207,0.10729346420062737,PN00,PN00-3.edf,0,negative,
1420.0,512.0,29.0,2.0,44.2531582499168,25.25008524867884,44.2531582499168,25.25008524867884,16.65804541565904,10.946816789996562,2595.9088201577297,2923.5597963859504,0.6149483279597079,0.13623079290472143,2.089335325070695,0.5356225959450455,1103.0623129952305,1193.0363596665156,12.768233721166075,5.821651980501046,1.2844827586206897,0.4085515727956133,12.884624020105294,2.3468752531836596,38.93103448275862,5.063347226562877,0.7795443283555803,0.12421574115656006,418.0961678346558,406.0748908612334,0.4989978003213595,0.21057128149040982,46.42595287137366,46.270412440452844,0.051683081352691576,0.01577561243982646,55.015124832373964,69.88059424456742,0.04165779741422723,0.016796638567229474,294.40147636258547,383.4556295345184,0.2049421765563377,0.10873398902292782,271.4677743926399,348.5939544429873,0.18556672356151635,0.09894637089331852,0.3487584970066631,0.24555557382025475,61.5,31.0,57.5,37.0,81.4233951030823,8.758746193809344,0.8327343486420378,0.10656655912618085,0.2392131688361246,0.4320278782133513,0.34497253795070015,0.6634132308452545,0.42105263157894735,0.8421052631578947,0.27177683676745845,0.48402657645398595,-9.232812901697223,12.167878577892175,0.13093516643057002,PN00,PN00-3.edf,0,negative,
1430.0,512.0,29.0,2.0,34.94060738292399,16.0801279200311,34.94060738292399,16.0801279200311,12.396477625613842,7.626352360809511,1479.4165582122064,1371.7695519040203,0.5792091070994176,0.18340436453331574,2.4500444119964384,0.9034784969261574,611.8693811354722,526.3342794333967,10.775501321823654,5.612207556559058,1.25,0.3411441196105065,12.05759033251498,3.2636260939315327,35.439655172413794,9.265633380943768,0.7566160265429244,0.10853957116125199,295.93297682877284,235.15623245283538,0.5546748916284949,0.16987903228577483,37.457503871394,20.670456945424814,0.08245365847675669,0.03437332143517683,30.53036179902734,36.566674195965696,0.041176751569522926,0.019568865078324026,102.94619148779653,127.28649807096184,0.13153712531123382,0.0813578326747056,128.6516454865427,163.04589478641805,0.160176126059219,0.10683498061492458,0.33104131711460333,0.2505211271468438,60.5,31.0,55.5,39.0,75.71891948370218,1.3369233159977796,0.8771061197916666,0.18166015624999998,0.22185254448666247,0.3926841284106596,0.3218014034591221,0.6148117769639736,0.42857142857142855,0.8571428571428571,0.23224619396419383,0.39960301338440896,4.009465129780393,14.091983067079074,0.13866056000661883,PN00,PN00-3.edf,0,negative,
1485.0,512.0,29.0,2.0,37.96815458495668,17.017932640244936,37.96815458495668,17.017932640244936,11.417877784588857,6.659280766190794,1731.190793935081,1593.1804118153823,0.4849135322807864,0.1459387802076675,2.883249072349835,0.9366039969770242,551.0711643235045,486.4953151274959,8.710826618167292,3.374425966693378,1.3017241379310345,0.4422674254614021,11.614171622036487,2.6169722246388445,35.422413793103445,6.880790178747474,0.7182145150038736,0.07118372562186594,337.84792755610795,311.9191075012852,0.6210305450021674,0.10767751214535447,43.955640688758855,30.81132075291294,0.09777001843246223,0.029529508925744127,16.200541432350242,12.242981309447108,0.03167208813052819,0.008524201471896076,63.63544409919729,71.74677462852073,0.10357129026188992,0.05341640620719979,77.41299151440332,88.49699730015043,0.12196199095550865,0.06984967941661208,0.4297066510669426,0.2613295281515207,58.5,37.0,53.0,46.0,77.51595374470341,1.1844612798765155,0.8671815035635966,0.1720172012061404,0.2339372246638489,0.4067354901736036,0.3313735019000032,0.608453407526098,0.4510344827586207,0.8220689655172413,0.24895661486399323,0.4196476384326575,7.203858325023608,5.308876766776026,0.15645853492425638,PN00,PN00-3.edf,0,negative,
1575.0,512.0,29.0,2.0,29.301159767199263,14.016310860006493,29.301159767199263,14.016310860006493,4.876829728327865,1.814811068423383,1055.0149338272727,1071.423340232143,0.2510654256551185,0.07750136785669447,5.64596257383427,2.43305435747969,195.86191738838608,151.01993982280226,6.076329514983626,2.5841757510571406,1.1810344827586208,0.29284978881832807,9.335373673139832,2.352992530702679,28.49137931034483,8.80572960972411,0.619198276735117,0.10477009169620481,148.87892173261682,139.01313053667025,0.7187877485068739,0.10475260983011776,11.157009099874504,4.611796165539186,0.0703678272220398,0.025911638814259504,4.405398562067907,2.4554410460834033,0.0269326292997663,0.011891484178001708,15.473209531618293,9.68730868055171,0.09284987900851463,0.04450155596171226,12.454493346895317,11.229680991227738,0.06774642809219941,0.04731795169881929,0.43160773659373314,0.243285700213452,60.0,38.0,56.0,44.0,86.00416871681139,11.322939239830262,0.8202226503582202,0.1090951404600301,0.28531712527064934,0.3894115701551571,0.33425285849591746,0.47892881334985504,0.5303030303030303,0.8787878787878788,0.33354173944932314,0.43039994943625665,11.313879089414936,36.970083083523086,0.025993761248204454,PN00,PN00-3.edf,0,negative,
1675.0,512.0,29.0,2.0,16.040455339643422,5.095971277258461,16.040455339643422,5.095971277258461,3.15390179251066,1.1231749289266169,283.2651307617385,180.34818415517256,0.26992536120663974,0.08347132543433412,5.097372866317094,1.426102885252601,79.24148213274358,40.37314812116078,5.958845985423574,2.4511904574208594,1.1724137931034482,0.38898324733374057,8.690494483817282,2.33151126851294,26.913793103448278,7.875451782899824,0.6697178129083802,0.061843838706799915,52.95718307332268,25.38591560204055,0.6669141038752767,0.0905978702683011,10.86565459420932,5.179029324203337,0.14249418457318885,0.028299887653577535,2.1587197623168763,1.3694605725486464,0.026587062010851,0.007440701351101598,5.992742536030353,4.717249864021108,0.07860431457892238,0.049805590303931106,4.958178287672781,6.819429611469885,0.057468199516943916,0.04708623526633056,0.5726615886332007,0.25621439591188455,66.0,4.0,64.5,3.0,68.2669490946372,7.203514829619294,0.9141646656295094,0.04654666080447334,0.132087828514601,0.08225313057477845,0.1731176944053851,0.07661421327320025,0.5815136476426799,0.09851116625310175,0.14572997969247314,0.09739642961069254,-0.3566762902454863,5.043062702851376,0.04869030852185936,PN00,PN00-3.edf,0,negative,
1710.0,512.0,29.0,2.0,18.886399998522254,5.334231150056122,18.886399998522254,5.334231150056122,3.5933304592087625,1.1276937824576447,385.15012686641046,221.70134326732304,0.2625193317136785,0.08705588551563664,5.350491200332538,1.4457959395945226,116.22661676777243,48.29012949086195,5.141124702547798,2.555272745129573,1.0862068965517242,0.2882457499534567,7.683881133887778,2.378745411856285,22.517241379310345,9.762244970946513,0.6347486057503052,0.07345640928240131,86.7984401060138,38.05866002391023,0.730215185282087,0.10305643889687222,12.89033900037462,5.390118913264542,0.11248368982994854,0.015580949763488589,2.328330724008571,1.2493908228628288,0.02130143276160517,0.010419533543345393,7.202256032413541,4.083845405584924,0.0699231213027872,0.05434986139598557,4.503286884502482,3.8953943199481813,0.04339095874604286,0.041711656539806144,0.6271014007743856,0.26572360135169815,66.5,5.0,65.0,4.0,69.60447913100731,9.461593072469682,0.9020869425195451,0.05947938877043346,0.1289302688778955,0.10416782721702322,0.16443589992436616,0.10081408599534326,0.4425708699902248,0.1754643206256109,0.14498547549087742,0.12503392895232762,-6.902065667870071,10.891684714532115,0.08940675030844529,PN00,PN00-3.edf,0,negative,
1785.0,512.0,29.0,2.0,19.89653123601241,4.537048731094492,19.89653123601241,4.537048731094492,3.2037642050238793,0.884053646313885,416.45676641394357,171.30100865431086,0.22694445912265618,0.07752875658859006,6.147466182788437,1.8907062960717778,126.15714485840509,56.155085619156125,4.331058551228571,1.6383969522019026,1.0258620689655173,0.1368492057447202,6.530293058426943,2.01533197764091,17.603448275862068,8.33292111544866,0.6101075825114342,0.051841014829992677,94.89804307825503,45.92695610908887,0.7362963708627398,0.07205232467126306,17.362783713596748,8.094964027156506,0.13713554558933866,0.028636596172280405,2.4216844129514867,1.399029639109766,0.02066563533796264,0.010240613477059943,6.203198309940516,3.0163432475986953,0.05790210802472484,0.03896860750061642,2.8756641134522907,2.1519320185859816,0.0281332418058015,0.02902876064446703,0.5694811611097687,0.22408539819315373,63.5,3.0,62.0,2.0,64.19890510011912,4.680564950812105,0.958310717131798,0.03560704934296122,0.11139281917465021,0.07673438031967157,0.15730786090872972,0.08342533500514605,0.3768817204301075,0.020430107526881736,0.11702291313282637,0.08442065763804112,1.698179508986449,0.19926167593512667,0.12364336400992026,PN00,PN00-3.edf,0,negative,
1880.0,512.0,29.0,2.0,10.564473794110432,2.1415051336732778,10.564473794110432,2.1415051336732778,2.8860415221184095,0.6211176469399543,116.19415078399507,44.08800851553288,0.3617737643720767,0.09980037719878544,3.7658188200471248,0.9628464050920211,63.1585283675531,27.34095759492258,6.335000418152558,3.253285246745931,1.2241379310344827,0.23067393379758025,8.615048282569818,2.2843170609627914,27.00862068965517,7.379632606562999,0.6829887733667468,0.07776148596691655,44.71280650641228,21.78593026139935,0.6846547158632158,0.12241297010425636,6.504198315110371,3.1757458429355028,0.10364855134540957,0.02224606234508055,1.5749500523461593,0.7381119374032551,0.02676756519237201,0.01078482571207235,5.961913528483995,3.1122956541045466,0.10741367928104482,0.06930126823087254,2.885617360710184,2.639117162177194,0.05402098571561043,0.05648362621618445,0.588338026941596,0.20988655361965805,61.0,2.0,60.0,2.0,63.19486709424522,4.396149326194333,0.9726660183384274,0.03242220061128087,0.10378643033920207,0.07658487335181968,0.13809639404890317,0.0633679777039497,0.3295977011494253,0.10747126436781612,0.1073890220808233,0.08231670507616641,-5.888343521277106,11.00710979634096,0.06813523015255833,PN00,PN00-3.edf,0,negative,
1910.0,512.0,29.0,2.0,18.798624057009906,8.18631017559201,18.798624057009906,8.18631017559201,3.9094398151578633,1.4763062062161938,420.4039407277929,401.9998119764779,0.2873112103988026,0.06750830266537725,4.743587051311291,1.2769314513984495,100.93807290812988,58.600860752476294,5.752570697926992,2.766677381295194,1.1293103448275863,0.20363813467271924,8.658467612306838,2.3647281052909372,26.275862068965516,8.730235023593691,0.6433475197092458,0.07997299525768617,71.95951477274609,44.9829833081846,0.6966854827674399,0.10546598133794252,11.262783113076917,5.223229457250505,0.11927720740674189,0.030476021713272274,2.113639102283254,1.1089493212712427,0.022215552525960598,0.0063175419256189256,7.045481393305747,4.947098090487498,0.07895320219042083,0.062266457650894946,6.04062335973805,6.778607642951398,0.057995329338133964,0.04620961587360343,0.5351908601818589,0.26571739068734496,65.0,6.0,63.5,5.0,68.67505984909974,11.583532720141093,0.9232098294678341,0.07718433696597116,0.14440220658850958,0.12561301827172267,0.16407651788933508,0.09218783579737308,0.47692307692307695,0.15384615384615385,0.15953580518269533,0.1493990631540247,21.605120479758963,34.86070758385538,0.09079607497459573,PN00,PN00-3.edf,0,negative,
1930.0,512.0,29.0,2.0,20.313932981806428,8.2996472663888,20.313932981806428,8.2996472663888,4.425333106546941,2.1302402679283947,481.54001793579806,405.8277299024065,0.29780644545952506,0.09093315197256265,4.682248570606072,1.3225563014213213,124.60293687053765,72.8592283468731,6.330004761163981,3.3291805124092826,1.146551724137931,0.1542115846551579,8.997742410780571,2.6236388578965,27.612068965517242,8.673827608072118,0.660976735272043,0.0869870322540136,85.595916769976,48.794796796282725,0.6799436983194853,0.11970591697898518,13.778865876188707,6.3097554098881385,0.11680477302874481,0.02274026632001786,2.70761475938355,2.2003056708904585,0.021242658040743774,0.008398624120474896,10.350283172601715,9.897288306702858,0.08566279874527574,0.0637921522515503,8.790104639195329,12.801978039687805,0.06728398051814856,0.0615232233630556,0.6229766465820503,0.2419478307849123,67.0,6.0,65.5,5.0,69.76963583635663,10.8547024362815,0.9020234721492764,0.07306119062208216,0.1321178644864166,0.11462267675918061,0.16038834844471472,0.11275165512702044,0.477130476649013,0.1800674049109292,0.14928630018874078,0.13916457328480872,10.040848990694258,8.12931002255832,0.09530864002449131,PN00,PN00-3.edf,0,negative,
1965.0,512.0,29.0,2.0,10.253969267788362,1.6359849887739593,10.253969267788362,1.6359849887739593,2.6144266458292638,0.7340180333677545,107.8203326282419,32.63082126819663,0.3368996878453875,0.09704520948578564,4.2001496211780855,1.2446114824992218,61.28535931955636,25.397037888481826,6.024631641301396,3.083354358162904,1.1206896551724137,0.16893032708849504,8.328981728075995,2.208751984941041,25.448275862068964,7.885872163937803,0.6666798656561951,0.08208364551712154,42.49715793034652,19.636437967658193,0.6716754869228557,0.1233733963083718,7.11135988331375,3.1126720416993683,0.11997919364852869,0.03458919275792615,1.7036289423306574,0.8913848516403189,0.029783964251126185,0.014694387815372238,5.635499900644418,3.6321257553938273,0.10045763572409445,0.07208919188651174,2.7853273692875247,2.298725097814581,0.0527008395938726,0.04980495360934628,0.5791538334198216,0.23143864279130627,68.5,5.0,66.5,3.0,70.12561238906503,7.16266717999595,0.8829713571125566,0.047939497313348456,0.11017042256433786,0.08591101202471821,0.13212998347636945,0.058328543698845894,0.38013059701492535,0.13526119402985076,0.12618600883216702,0.10414868513609941,5.911773044875582,8.694691506134452,0.09377111475383344,PN00,PN00-3.edf,0,negative,
2100.0,512.0,29.0,2.0,9.636598908822343,2.0449106042863354,9.636598908822343,2.0449106042863354,2.648884143589467,0.7500788076866336,97.04569790903864,37.794255636710815,0.36609348692469906,0.1019842763715138,3.720606896879107,1.0054272045028834,46.15174178710263,20.826773016405884,7.531397576088272,3.5528316017310737,1.1982758620689655,0.2736984114894404,9.730157186918486,2.36693248085257,30.189655172413794,7.132567116697704,0.7163912402468287,0.08106269648183165,29.143840968882884,15.449936193033674,0.6078217810615175,0.12598900597961743,6.013509609240128,2.777104194918182,0.13222975732170827,0.024888218051715875,1.4402064474378362,0.8075603298021661,0.032046122441396825,0.00973605955898557,5.3152344207973075,2.7749257959335334,0.12926821927724239,0.0740559579640718,3.127733308475627,2.770761800679733,0.07420148064334824,0.0628393347353042,0.5204879001035879,0.227556568586402,61.0,0.0,60.0,0.0,60.99660936762409,0.0009431857263066945,0.9875325520833333,0.0,0.05768862878261445,8.293723831650363e-05,0.09051232957015425,5.786092104106966e-05,0.2542372881355932,0.0,0.05841693892612704,8.398430830612591e-05,0.1591895648836163,0.014719693190561461,0.3731597390223363,PN00,PN00-3.edf,0,negative,
2165.0,512.0,29.0,2.0,21.088982934333988,8.482151665564151,21.088982934333988,8.482151665564151,3.2920761732827666,1.182837832551558,516.6920980822629,487.50913229874686,0.22493565095466278,0.07991048602293756,6.312678346172404,2.0942904412557066,158.90534617336024,115.89421482954069,4.62948772928039,2.304946882281955,1.0689655172413792,0.15942450007678385,7.377868556843581,2.3982347579931753,20.28448275862069,9.972316019933729,0.5875637278212049,0.07956527549935222,126.85181276691529,98.61347909457083,0.7773293190466407,0.0945408334941902,11.192190263051055,7.692660580796007,0.07406228387258038,0.016133694105186655,3.0150632134944715,2.0476854595153484,0.020291765745445375,0.008037201255553673,7.966949147846958,4.971867295024885,0.06217271745511792,0.048833586250032694,5.720213612235789,5.644509051210604,0.040634952976034734,0.038139084577539645,0.5479664437757167,0.23430668167581498,65.5,3.0,64.0,2.0,66.95037550749507,5.050889138442415,0.9206556681166056,0.033378643925518925,0.11161201853591599,0.07538744967033395,0.13859381470229476,0.07902048677279297,0.3639112903225806,0.1471774193548387,0.12201329409247841,0.08630815050601783,-14.934374229357147,17.915509384621224,0.16698394221899124,PN00,PN00-3.edf,0,negative,
2185.0,512.0,29.0,2.0,56.597867614152,24.689630730397717,56.597867614152,24.689630730397717,4.192431340981199,2.0060950965341466,3812.896484072476,5039.351098725696,0.11673923228365818,0.061257159000401504,13.59621078399299,6.225858257929432,201.51929492482844,117.32957039472905,4.524107698126554,2.1075247809134114,1.0517241379310345,0.2736984114894404,7.319901581916347,2.5526379914435835,19.474137931034484,11.416175915458695,0.568470914478912,0.06779900420262899,159.6458283681732,104.0373705811156,0.7708243631303515,0.0800227777511431,16.08062803620197,6.542830305975629,0.08787349672028515,0.023209929981413628,2.799149915462454,1.4632225912114125,0.015409201939151315,0.0067755986898422734,9.58155056035811,6.789871810798386,0.05369371112788152,0.038647968048343674,7.689315037705127,7.7594665146416455,0.04227563353996848,0.03993484281358226,0.6784573886773574,0.2804602566454673,67.0,4.0,65.5,3.0,68.9613732972963,7.7762163655114875,0.9060295446595149,0.045851066930970186,0.13903738016157124,0.12033677476191601,0.16929466185369355,0.14572457761998486,0.3466810966810967,0.18542568542568544,0.15523764267104323,0.14067376396001452,21.411697226277333,26.92588778228476,0.1904653710002856,PN00,PN00-3.edf,0,negative,
2305.0,512.0,29.0,2.0,25.308124080518176,36.88747857985291,25.308124080518176,36.88747857985291,4.817726051020201,1.8776208728407373,2001.187220454011,8724.826485259639,0.3496780212502805,0.12187516575270319,4.8366864997267776,5.271231178642042,267.9423826407106,472.76812830570987,5.832209845731876,4.103395020948804,1.0258620689655173,0.07613586953730904,8.34358818139796,3.2681848452491917,24.120689655172413,12.364371208696571,0.6068699887962175,0.11500397449626074,222.26937076312163,467.17591224140637,0.735727109948937,0.15404242813058147,15.32610119509914,7.04909168703069,0.08178279910966194,0.020675040026044682,3.1113136301826705,1.6267148188229577,0.018796624442332453,0.01228034280092937,13.622472850991645,9.344166517888398,0.08415155897562657,0.07323676612011418,10.875736083885544,12.188563723024807,0.06489163714230983,0.07152976870251569,0.5498025026069374,0.2560962767157499,68.0,2.0,67.0,2.0,71.242575449957,8.728347513249702,0.881054774537656,0.039855413045900234,0.14742156689824815,0.17640436191942663,0.18873876708960435,0.19893091040834046,0.4677382319173364,0.2585533869115958,0.16967503713411197,0.20789494126980257,0.9324634324239948,1.636479587983904,0.14094249877287396,PN00,PN00-3.edf,0,negative,
2460.0,512.0,29.0,2.0,14.56406213592793,3.140137902268956,14.56406213592793,3.140137902268956,2.3615637483075225,0.7894584589521766,221.9723719444357,87.70308285303322,0.21976120152133063,0.0864996652795535,6.18058918295668,1.6988900928637618,114.90215816773542,46.67922063503481,4.345556976244274,2.6745555984405223,1.0258620689655173,0.07613586953730904,6.40282926434359,2.2662309164076944,16.448275862068964,9.503034749023152,0.5996492274483102,0.07125849698116982,89.69347616766389,38.01609282637254,0.7639326378222814,0.09865456791608541,12.75747277602539,5.654887795065229,0.11021020234018603,0.019170682630184354,2.0960981279618456,1.1850463361277241,0.019692444084579222,0.009572134235925919,5.5651014591779395,3.028965404836339,0.05614500903410743,0.04495633285255893,2.4265280978355306,2.2490410431667462,0.0294764927376208,0.05036068884220768,0.6431507358384599,0.23308837541836883,68.0,6.0,66.5,5.0,70.86566090171516,11.27975377332335,0.8959443465523098,0.07127048658288049,0.1494003053855734,0.09892585834366442,0.18309613041847267,0.04623307585654288,0.6171802054154996,0.05975723622782447,0.1692152865560013,0.12387590209242118,-18.789510107902082,40.24882867247028,0.22606460047411778,PN00,PN00-3.edf,0,negative,
2470.0,512.0,29.0,2.0,16.998291875906578,4.195960771319836,16.998291875906578,4.195960771319836,2.2624653926211344,0.7608287950869559,306.5480134929665,135.7899734352686,0.18819165493569648,0.09890312313282502,7.652583348526111,2.3910956584928518,191.94162950674792,90.49375889321863,3.6328843985537778,2.2567970099206565,1.0603448275862069,0.10697994522405911,4.7680104033934745,2.0414299960141573,9.793103448275861,7.499732456583563,0.5887783390977146,0.06298100079590906,153.86064636551845,74.70091893091028,0.7822619867876554,0.09041169927861267,22.584028346889088,10.703544202167043,0.1196266297034365,0.020681493178176066,2.818105955631595,1.5689469165619156,0.01625248832263762,0.009167620771082062,4.643982450075951,2.747348741839967,0.03386886841956657,0.05105699303634756,1.8021580195677265,1.5162589766457097,0.01604034912936804,0.03651937043401663,0.762849612529286,0.19718416515829693,67.0,6.0,65.5,5.0,70.15541603941998,10.912085560478715,0.9054735826622315,0.07025323150093365,0.1537979040303358,0.09503851579324611,0.204683587349355,0.07110110129911465,0.7130476649013,0.006740491092922407,0.17214851643550938,0.11831654442744337,-23.754698236209542,42.83837829858784,0.18210176436008296,PN00,PN00-3.edf,0,negative,
2480.0,512.0,29.0,2.0,11.877475295032824,2.746953301286389,11.877475295032824,2.746953301286389,2.0418547197391734,0.6936327255371549,148.62017182356323,67.91254766455796,0.2297051565726319,0.08222713841811533,5.8953866577323035,1.6720308171579166,59.07059608523737,23.20285502251692,5.2630077137530344,2.1338846467478803,1.1637931034482758,0.1357587564484795,7.232705392019452,1.7280181472667024,22.517241379310345,5.7121811140462855,0.6689137101863541,0.056978161949896494,39.7504582890813,16.79183483388956,0.6638770123614839,0.08092374769141708,8.813537163927403,3.4626551609776217,0.1488911441437172,0.019508928404738758,2.1064830996551107,1.032050450635544,0.03630824511224841,0.01128303777229454,4.888052723933159,2.5730340721458544,0.08869301086094547,0.04840393998148699,1.5628986971396055,1.437249614674328,0.02945220546738639,0.036525952791422185,0.581804004721668,0.231033328919812,65.5,5.0,64.0,4.0,68.14520267071039,8.422865175310903,0.9210955637524438,0.0624207676564027,0.14751219382341327,0.07949125329393247,0.18180271160203876,0.022782656577267968,0.6668348045397225,0.010592686002522056,0.16179650048802954,0.09726538546503462,-16.618215729109508,22.567805087748216,0.14750871957345796,PN00,PN00-3.edf,0,negative,
2500.0,512.0,29.0,2.0,18.223758547427817,6.2693462255027494,18.223758547427817,6.2693462255027494,2.564559181143947,0.6492060052020893,371.4100776901739,287.1527478992736,0.2258108108923771,0.0614196612457359,6.034495410878834,1.7979634735551497,100.86403269480348,46.04535112913174,4.4843015165241065,2.1945868521728205,1.25,0.16081688022566923,6.604082659841559,1.9126977916747527,18.629310344827587,7.043773445530595,0.6140186382036507,0.06622283676103442,78.91067381876378,37.99185834165413,0.7617807280522833,0.09647967712164927,9.790479189554677,5.408287271632772,0.10078192658750615,0.026572805377899147,2.1854196254692932,1.2786763477914664,0.023599529366907155,0.012482276120193979,5.808823373373866,3.1346128129892827,0.06613383654237336,0.04807448722352208,2.0384758357164436,1.578828262086843,0.02576363529395836,0.034903015472502776,0.5890113602106617,0.2553583118776398,63.5,3.0,62.0,2.0,65.00432296369863,3.860982569001628,0.9498237969197241,0.026197693045797554,0.12504524543695428,0.05251442558164024,0.16192808074539883,0.028525835887917628,0.6064516129032258,0.012903225806451646,0.13205734538432617,0.058930954943417185,-13.631356366335538,10.247396515083436,0.03238340572259434,PN00,PN00-3.edf,0,negative,
65.0,512.0,29.0,2.0,42.901293631408926,12.185971928535878,42.901293631408926,12.185971928535878,8.918692868353867,4.890524914281241,1989.0189070914323,1109.9310315241073,0.29941043899729736,0.13936666279612409,5.216955825828992,2.0237995461109395,297.3693564215771,128.51566387760752,7.635058146901808,5.204765241883491,1.2155172413793103,0.24321958585630832,9.956504496631185,3.2795369488931887,29.198275862068964,10.265732104825162,0.6429287062207303,0.12758386656771833,200.43327176977533,96.82063636129094,0.6834462760609623,0.18470094170017481,20.581979320452092,7.974359731092603,0.07271804910647246,0.016250534987123803,6.864185894272264,4.816614640078938,0.02374904121208526,0.013592942691613286,32.44772759397823,33.055458859729626,0.10607438884042199,0.09327732053017308,32.73278557533226,36.85184587397752,0.09969874654554398,0.09152320612040372,0.7024591489022649,0.21453114357976094,62.0,6.0,57.5,13.0,74.68290233091653,16.92429884915292,0.9009007472617954,0.06459254844515927,0.24826903762535205,0.2507213538072525,0.30005388415937456,0.29495876775770713,0.621904761904762,0.19619047619047614,0.2809280948958335,0.2984426599751582,-13.398287627824743,34.961448201467554,0.18754087250430646,PN00,PN00-4.edf,0,negative,
90.0,512.0,29.0,2.0,28.764905817699255,16.1926842576488,28.764905817699255,16.1926842576488,7.1838746455059255,5.110911954186712,1089.6228301690157,1569.8985662897778,0.36230819301700024,0.2047783082205853,4.976584083641424,3.66280397077213,202.4080469389239,160.42822354890964,8.057960049455783,5.8938051059715955,1.0948275862068966,0.1213038558575025,9.942114165821687,3.3348099240665983,29.198275862068964,11.586700779703552,0.6674393702058241,0.12986989964083517,139.55959210595853,134.99441786683823,0.6740907998983915,0.20275749594548856,12.768093479643117,8.913279060480622,0.07045354714325361,0.018797090362336823,3.10227682873978,2.0043803247419008,0.0184340352067569,0.00867411247127866,21.12027252696366,29.47526901170243,0.11033874813544425,0.10067337236981289,22.62967068278345,40.333071680036056,0.10952751484985745,0.1091318992072833,0.5888755511663077,0.2738900567708135,68.0,8.0,65.5,5.0,75.4311826070222,18.051295824977416,0.8770901264151494,0.10717887415382821,0.2120541814440906,0.17899977469494718,0.24248498681720793,0.18653392503973543,0.5870245546461241,0.10953298025999036,0.24893407898885347,0.23450298073716874,-45.71829095168712,56.392396520165846,0.18020094157254415,PN00,PN00-4.edf,0,negative,
130.0,512.0,29.0,2.0,23.070110370459613,22.625685207376645,23.070110370459613,22.625685207376645,4.1735842129726315,2.769824632151755,1044.1516236084906,3548.4261313122233,0.2811274204487915,0.15356803309785652,7.142021940977817,10.490746825987323,217.23996841393597,101.69907816107684,5.128911825303887,3.3365286468893043,1.103448275862069,0.12312807635418706,6.872681613036073,3.074965940307011,18.07758620689655,12.420280871712343,0.637748065513285,0.09211087158687128,161.25531333032202,80.11394339662986,0.7134743663783101,0.13819235773624886,26.5755990943254,11.961117689696673,0.12721337534708194,0.027850927061705943,5.528531821225175,2.9548831820901476,0.02878901017310806,0.01698620777734652,11.103512510470537,11.07592531615636,0.06383413741910225,0.07325727142509543,7.527265170951021,11.39152258631251,0.04100755059706514,0.0539024501155232,0.6165464743575901,0.2503388228523388,65.0,6.0,62.5,3.0,73.49644233950673,22.343524365191335,0.8972268026383197,0.14259813652663933,0.18336145640363624,0.2249289103816809,0.21907580038983904,0.2308472162896822,0.5091269841269841,0.2515873015873015,0.21568751161712868,0.284973149329134,26.005087344775006,50.51320505442837,0.07571363533440513,PN00,PN00-4.edf,0,negative,
140.0,512.0,29.0,2.0,17.120616178956993,7.199967275515175,17.120616178956993,7.199967275515175,3.6333268216448524,2.2158130672811613,344.9550271156533,393.93871565185395,0.2976191945489744,0.15691316643122905,5.485770455409071,3.2223540374615633,134.43769583826355,62.50114328750948,5.469992635174572,3.2960232021381843,1.456896551724138,0.16173847447667,7.598793864793633,3.108323495094595,19.92241379310345,12.284364790722142,0.6400036621009495,0.09363436664567204,99.78224687285055,48.62965764626206,0.716466026518794,0.12751884641675826,15.272253302413034,6.622496627219777,0.12050527388020543,0.03068480991965151,2.7340619724992425,1.410940257977709,0.023443557645901923,0.012667970146476415,7.4014610591869205,7.026093811067362,0.06554704125287342,0.057447552769996364,6.020392179373783,10.155633921531308,0.04985660315281078,0.0603228034046067,0.5474609406291971,0.258296089099406,61.5,1.0,57.0,8.0,74.52795937928603,24.886553452715866,0.9008355605281473,0.14210449369780387,0.2149763870935159,0.2932576893889707,0.24462076171726996,0.28815752664956246,0.5032051282051282,0.3397435897435898,0.25305362082044186,0.36545820400455764,12.851519953273135,29.487979325927082,0.06876612133956854,PN00,PN00-4.edf,0,negative,
215.0,512.0,29.0,2.0,23.14233244390403,6.104784601288883,23.14233244390403,6.104784601288883,7.209845336171531,4.206565302243846,572.835945972307,297.9566593110779,0.5455357528598443,0.24818563001588842,3.0800019038633994,1.502612443321365,260.13880813371463,109.43976460607269,7.951866863535098,6.14763312029588,1.25,0.2542738138578039,9.5127800213449,4.324861951419346,25.939655172413794,14.84672481768718,0.6698539013515229,0.12907915837571088,183.0182961437054,88.75194904618897,0.6827151479283863,0.20136277235217664,20.081475537458807,8.088536652295664,0.08028080572363995,0.01864397742772575,4.037617200834095,2.0124652568849037,0.01706212734765055,0.008569277207720808,20.813852897493692,25.02587685613982,0.08645525966779595,0.08143341804642071,26.13590469169631,35.064112126201316,0.11047617637569748,0.12608982976841285,0.49124335321668,0.2636541291315821,66.5,9.0,64.0,6.0,71.35146666619504,17.170865951755268,0.9092303435435527,0.1082811161915831,0.15980030951787183,0.1572699534676591,0.19262324405321557,0.15369612626616244,0.5348484848484849,0.203030303030303,0.18154689151081788,0.19459101291320657,-12.678524308089944,26.244765770387595,0.028433131142887067,PN00,PN00-4.edf,0,negative,
240.0,512.0,29.0,2.0,10.448801675455,2.780144810522958,10.448801675455,2.780144810522958,2.7227519518224876,1.1665154653399743,116.90666162046892,61.67825546685309,0.34784663465953164,0.13334733115650307,3.9854452090084296,1.256022653651018,75.46410686932933,33.796392959957174,5.679599803727736,3.013282218423164,1.2844827586206897,0.30600412671204913,7.916531827370559,2.643676719444261,23.086206896551722,9.168272658652814,0.6617645939285508,0.07823736674155876,54.33915556722097,26.16704872466746,0.7007012392522798,0.11487935754180545,8.3279034492439,3.706220415312641,0.11349427616679619,0.021536503272963668,1.889100111611437,0.9757083166899986,0.0265997449429985,0.010392547905250328,5.599841171486836,4.834722601087573,0.08387029008830664,0.0649395924582265,3.204290548589829,4.256355396210258,0.048070382863221545,0.05208565079660366,0.5306285992754259,0.22847646347196984,66.0,10.0,64.5,9.0,72.00108486670597,20.303119352831168,0.9110047271286232,0.1319618999094202,0.16342781149329316,0.17318738075372597,0.1730316574749165,0.10807746895487605,0.46697407776669986,0.1542871385842472,0.1872595847823801,0.21723104770445062,-4.467789878278472,10.320122975507253,0.09115143098539343,PN00,PN00-4.edf,0,negative,
245.0,512.0,29.0,2.0,11.188948995614718,2.5743049141824974,11.188948995614718,2.5743049141824974,2.771507938646422,1.2072072252297776,131.8196254176518,58.562747217023755,0.3252500382209571,0.12296699097290105,4.197305380922262,1.2237034104180664,70.4390003585435,30.09955445298036,6.0286799995677125,3.320374082273864,1.0,0.0,8.150714241494182,2.551799206827881,24.775862068965516,7.927294845480515,0.6766753838015169,0.07983091471513037,48.002465451944,21.910489144772672,0.6695025343166033,0.11727500290151226,8.776563432139753,4.032453141103732,0.12516905181491034,0.020527156006118024,2.1333505234613064,0.9514255908996591,0.03153100386984594,0.009880962454240808,6.280642527634923,5.134331916439258,0.09638586353418147,0.06878937441345614,3.496695436498268,5.118976646493824,0.052118348996498455,0.05924376647779337,0.5669888429886076,0.23885497493304,65.5,9.0,64.0,8.0,71.13282342535281,18.5703578608453,0.9174498314950981,0.11913679534313726,0.16055025484355628,0.16739646581477294,0.16195998870222636,0.09113549513658487,0.441183910953706,0.10270680495825951,0.18168550184277885,0.20605147853868383,-10.302064407523607,18.011377344726238,0.09577367474017799,PN00,PN00-4.edf,0,negative,
260.0,512.0,29.0,2.0,11.855372677085832,2.387087900911877,11.855372677085832,2.387087900911877,2.81117169975278,1.2057567160260056,146.24804995927317,56.1623458341347,0.308117885724379,0.11151016556756138,4.392509350650278,1.2485688340187902,71.89807196597909,30.43704311324887,5.97624917828524,3.237062084175962,1.4913793103448276,0.10344827586206895,8.239580441511478,2.7434396003728594,24.551724137931036,9.211681889548997,0.6563242907997979,0.09118823803139532,51.61307351746388,24.536874686138393,0.6956298629572488,0.1303411864474062,7.563555255461564,3.3998351255766486,0.10960761206025303,0.02904455667551038,1.6144899807502335,0.6897296813035286,0.025677394059971347,0.01330644872342087,5.601432110272009,4.4613381907711975,0.08825439192980854,0.06431837910360613,3.4758215737923304,4.773842518849026,0.05251733419485188,0.05605950988370826,0.5891357025238758,0.23397757833343544,66.0,10.0,64.0,8.0,70.17019458889816,17.37750549924121,0.9249846813725491,0.11318167892156861,0.15380716242454978,0.1683729437362862,0.14878913146947276,0.0880937525410091,0.4561092840880344,0.1325575512269162,0.17249467792618575,0.20313437051756927,-30.023366265372918,53.568321047886776,0.12305128216859067,PN00,PN00-4.edf,0,negative,
265.0,512.0,29.0,2.0,45.460999488943735,70.49421929875766,45.460999488943735,70.49421929875766,3.078348242854545,1.2966118056489249,7036.137429075076,30212.882461273177,0.12658079775286846,0.05811412851789319,14.957634507132425,23.791489217383287,194.0366601766959,366.900910434669,5.176709699741838,3.5428599689479867,1.2672413793103448,0.1848931947373036,7.1585545733055636,3.0112477820967523,18.982758620689655,11.59963046276779,0.6139967221623425,0.12606228934847033,164.6458115730971,360.06393944800527,0.7233708448801548,0.14576829197556923,13.8388732365496,6.194843478945633,0.12395753438036201,0.03969647881292809,2.4777504012170652,1.1326429255122383,0.02468022304029734,0.015579430689863233,6.730692476978789,5.511636030174326,0.06682390736291911,0.06202725068177362,4.427697137672224,5.469558164279752,0.044465998746752486,0.06067531877441624,0.8026956565041202,0.18701541276966427,67.0,12.0,64.5,9.0,72.55828920502456,22.421924886297212,0.9129451143568841,0.1407113337862319,0.16426121583573738,0.19510293880269036,0.16911311013216523,0.14054068929692123,0.450024925224327,0.18818544366899298,0.18928328655055157,0.24288124119362947,-15.404414744338121,22.95716543625338,0.12352361307102375,PN00,PN00-4.edf,0,negative,
355.0,512.0,29.0,2.0,20.2307135924401,5.749394556512755,20.2307135924401,5.749394556512755,3.431065637819886,1.2935083584153746,442.3373102257991,244.3958202611768,0.23752581814667378,0.10846185262458485,6.199147074209274,2.158580137608994,220.74516102867253,107.21387931944773,4.2099732735107755,2.6144560928855505,1.1206896551724137,0.2908125481626379,6.125583402970566,2.7430351642533664,14.491379310344827,11.448814642494332,0.5830462983898582,0.08919566511366118,179.4899963959684,92.98512993679168,0.7794695564167357,0.11241123218335741,20.845464605593023,9.546700482478892,0.10037657506624831,0.023552945341650408,3.0859793582731516,1.2339574493116814,0.01752330766760802,0.011495661976146826,8.271237514408556,6.680578387731083,0.05216335631409539,0.05963991641156119,4.701300162191006,6.831694041251008,0.0293172860823584,0.03995178944315412,0.7449440951337901,0.19185246358577096,64.5,7.0,62.5,5.0,68.2410640343173,13.632833175273113,0.9341258513621795,0.0976988181089744,0.14426025373116177,0.14218854814950288,0.15403137270653985,0.07010406892330812,0.564751059322034,0.2142478813559322,0.15884782413389678,0.16882927776443724,-16.299503557497165,34.95285722274395,0.14964425213765525,PN00,PN00-4.edf,0,negative,
505.0,512.0,29.0,2.0,10.32939585320475,1.8822055067075323,10.32939585320475,1.8822055067075323,2.690407104027592,0.6380753432950785,110.23911626168365,39.322117338241384,0.34741563420265814,0.07905945911704236,3.7707037787936835,0.7904036683475703,43.50515335661838,17.37352021353794,7.054181847576688,2.794904764339763,1.1206896551724137,0.2423011952164689,9.414130068516624,1.8647739756364166,30.232758620689655,4.697730116990636,0.7142062197945154,0.06352716057472697,27.390895723228528,12.51995297309017,0.6137780301686502,0.10386115368014742,5.72683313647593,2.5306983231191342,0.13255513852877202,0.022292235321536034,1.8249083336005052,1.0638159608863615,0.041438699450658166,0.013275996064050711,4.598838550763693,2.3731171135248887,0.11457701102553157,0.06017620582942262,2.6568893049614144,2.222264841345821,0.06674478859279072,0.04924004729513659,0.5276833821470669,0.21380355867132278,68.0,8.0,66.5,7.0,70.77357881630752,13.854288017447637,0.8974454365079365,0.09678819444444442,0.13940005746352463,0.1325688881880688,0.15427980211971126,0.09334502324938893,0.5252454417952315,0.3408134642356241,0.15977724080615782,0.16494979284203304,-19.2224243130518,30.359733466330646,0.0023337553482275343,PN00,PN00-4.edf,0,negative,
530.0,512.0,29.0,2.0,14.502215581998069,4.9414966162394105,14.502215581998069,4.9414966162394105,2.7203176469003236,0.7356912132333557,234.73264559505313,182.13143774228064,0.26550485460598394,0.09070738951195952,5.213183866390465,1.7345171146226717,99.23488568901158,40.935388578560705,5.225801298639251,2.7099018735848097,1.1896551724137931,0.22413793103448276,7.482386218432924,2.1267657170151493,22.29310344827586,7.85868423814163,0.6436224157935428,0.06996768197469448,74.77649270834364,34.57386076240083,0.7243678243202631,0.11340889593702114,10.176395183395227,3.7582627705569114,0.10750489907101625,0.023508753801849802,2.4108293436013226,1.2320904333833995,0.02593601753203726,0.013687745301980055,6.661333346422858,3.527548799568912,0.0805694272606457,0.06639559834448262,2.9383262134395833,2.514890064500984,0.037228228753558724,0.03923400887721701,0.6090496859595899,0.2799263370874538,64.0,4.0,62.5,3.0,65.54661850887736,6.3583043265178105,0.9449382844518442,0.04954453765368849,0.12205625338945769,0.08309850709981491,0.15228093394781034,0.0566154889753762,0.5587301587301587,0.18412698412698414,0.13041083452467594,0.09477830782708199,0.5009190352168338,2.2325232070228096,0.011315960196014295,PN00,PN00-4.edf,0,negative,
575.0,512.0,29.0,2.0,8.995247456718799,1.8966595019901495,8.995247456718799,1.8966595019901495,2.8209047092980173,0.8126378810719439,84.51179407409552,36.10882869014624,0.41835687482884104,0.09790557581914841,3.1783748700519525,0.7299114900333795,35.17448515831637,14.091007526731122,8.622815515163534,3.8392279785259866,1.4741379310344827,0.47499921772261766,10.454531185667634,1.856467641672799,33.26724137931034,4.529087520607461,0.7500865327928898,0.07449171791315713,20.21112843626463,9.215484037924732,0.5722570675755861,0.1312943722201706,4.312018596031826,2.1296920537454476,0.12276213315596538,0.03096580118414798,1.3681973520062125,0.6083815862146167,0.03981057946653581,0.012093917891092812,5.121810229005255,3.9967412565424745,0.14856708757587286,0.08612316346104722,3.203570871909308,3.2960988508667555,0.09035695331359858,0.06248948159570706,0.480896837983646,0.2234392269452043,61.5,1.0,60.5,1.0,62.60216792502433,2.076554358850572,0.9749845244193989,0.0165674094945355,0.10290039291220907,0.03890577306216243,0.15409094159141412,0.0361901126780477,0.5038135593220339,0.09237288135593225,0.1057176880422677,0.04170039654217644,-4.873139212636878,7.906709656747472,0.00634893470703738,PN00,PN00-4.edf,0,negative,
590.0,512.0,29.0,2.0,13.568538208479696,3.4965388665555204,13.568538208479696,3.4965388665555204,2.882158085833036,0.8194936305454894,196.33101316030687,99.06383574832353,0.29540309085955757,0.10419559065041338,4.693255228566776,1.4019829376643635,109.51453662682908,52.61701368594444,4.795265436859333,2.8205844208015347,1.0172413793103448,0.09123280382981348,7.096470038592212,2.3075309698997426,20.06896551724138,8.840759970776263,0.6061353817671516,0.0813966188020568,82.66396323967533,43.44792842612118,0.7309768551541515,0.11081995353336171,11.699372831976921,6.251288628204042,0.10939260958424649,0.027627880509787192,2.7257208771522805,1.4416196797236918,0.025384794874820933,0.008866192051221237,6.571908828535147,3.996587914563653,0.07214166238349352,0.06310302617152568,3.2706978535982567,3.378959952310677,0.03790659547423365,0.04482008008449068,0.6281350548491822,0.22065794223955887,61.0,0.0,60.0,0.0,61.68348370286735,0.02954333560982292,0.9819661458333333,0.0,0.08641781866572804,0.002706906962547509,0.13927919791899235,0.0022834874646587844,0.4406779661016949,0.03389830508474578,0.0880048859448109,0.0027566194354392143,-1.209911668027834,0.07564588587983612,0.008731547355905457,PN00,PN00-4.edf,0,negative,
605.0,512.0,29.0,2.0,14.715854828821588,3.425194145020006,14.715854828821588,3.425194145020006,2.886820398650059,0.7956876879864492,228.2883382740308,91.62306276290612,0.27399845388778993,0.10007163497843591,5.062575922152072,1.517355804547824,166.01169299564907,74.61868269804509,4.74962222519778,2.627417691164238,1.2586206896551724,0.04561640191490674,6.678610054978088,2.524463228684086,17.71551724137931,10.385609269796122,0.6236007695376358,0.08900375254515402,131.25045407512255,64.64184860034061,0.7496316143114419,0.12415330561562572,16.529927272611427,6.490886738618511,0.10800691250322936,0.02987587502438271,2.982955460758087,1.4718865083191117,0.021698457872937584,0.015294162885757377,8.570940826978891,4.7091102555118605,0.0696392191866596,0.06242050743713274,3.508778870463566,3.6031511960309235,0.030801474936877172,0.037243052347874964,0.6979260749794048,0.23268598699827103,62.5,1.0,61.5,1.0,63.12021972456648,2.962007117770021,0.9744655502214437,0.015400354475145428,0.10986913756958107,0.051865732121621405,0.15606680086419472,0.04016348770862829,0.4459016393442623,0.09180327868852456,0.11296544169803481,0.05501009240914764,8.997317567154475,16.328452724893644,0.004371672673639717,PN00,PN00-4.edf,0,negative,
610.0,512.0,29.0,2.0,14.800574187979475,3.4765475233222696,14.800574187979475,3.4765475233222696,2.9111743942445654,0.8076626725886191,231.14337897580245,93.59119244017604,0.2741843006929883,0.0993191125782205,5.053146427500757,1.4879165650377884,147.82356582583637,66.21544967551164,4.759517946408996,2.5650821277126994,1.3103448275862069,0.24260771171500498,6.742286786424148,2.52227688935574,17.70689655172414,10.729243989000594,0.6174426631167657,0.0798769412334457,117.36797609264562,57.343148760441075,0.7589184210575829,0.11817395842174998,14.814303408739308,6.357833529027352,0.10745922759159764,0.03336841996052258,2.583850484330008,1.234538307494714,0.0203185160440281,0.01256035587431735,6.967740960852871,4.1837572119602315,0.06270796251366136,0.06045253003764505,3.6421534700099785,3.848697812149517,0.0331246520930588,0.03835934022974163,0.7139796985654694,0.22972524954221757,61.5,1.0,60.5,1.0,62.961270585509496,3.067063594613394,0.976128650102459,0.016102074795081966,0.1062712526926739,0.05606805721668512,0.1504359446133649,0.046140403540227054,0.4533898305084746,0.09322033898305082,0.109114429705996,0.059239144265424634,9.128330139052919,13.800218836332991,0.004548173218134228,PN00,PN00-4.edf,0,negative,
625.0,512.0,29.0,2.0,16.9081677108896,6.540232457903748,16.9081677108896,6.540232457903748,2.8768634094751806,0.8118828069139948,328.6607759429874,345.6592211404591,0.24640973273521136,0.097637308064788,5.821974299608287,2.2905798375753896,178.35734007296924,83.40530623553607,4.143062422367207,2.467042524012304,1.2241379310344827,0.07613586953730901,6.289837818673148,2.57411525178215,15.094827586206897,10.619681994293833,0.5720798651722715,0.07315188168796224,145.35696317849485,72.80548120805352,0.7901791953609726,0.09070407472481418,16.91196719421353,7.658869637440389,0.09651755431624966,0.022060565941779988,2.363124048849831,1.3255931735252717,0.0147570635803358,0.008147475987032306,6.925498677675625,3.7055143662047567,0.050499985489375065,0.04645452508455328,3.560320902279283,3.752081607503448,0.02990532524027859,0.04324528700411414,0.6367812745165832,0.25083991324830257,61.5,1.0,60.5,1.0,62.94582305274561,3.0960786196172094,0.9757593707308743,0.01658021687158462,0.10391848411368262,0.05711688406882044,0.14441215911718427,0.04762983268455373,0.4532485875706215,0.12683615819209043,0.10675648180306968,0.060349847980916194,3.3941910966036852,5.22159741748249,0.012354984166002836,PN00,PN00-4.edf,0,negative,
645.0,512.0,29.0,2.0,15.155507944299092,12.450873259079357,15.155507944299092,12.450873259079357,3.2436763645916833,0.9608885201596693,384.7136659633703,1080.1865790694203,0.33984148872852665,0.12067005240142767,4.789296040386839,4.439704830078815,76.24529610024906,33.52995054639055,6.424172773961544,3.775931785360478,1.2327586206896552,0.3469760654741053,8.70197794407642,2.4640697318790323,26.474137931034484,8.033159947342995,0.6645555594886903,0.08915354049587157,54.414728581245875,27.193969132854637,0.6886475005441715,0.14106904275539606,6.1375082871379325,2.6063029183461426,0.08314889217756474,0.018110659339000534,2.0278631695394824,1.0785394196837275,0.02854643942245509,0.011901826664700804,7.373490504983794,5.100769242664334,0.10807018554041382,0.0776319680592403,4.1286351827860255,4.854511616823589,0.06155334079364953,0.0643345845249981,0.5451169065115484,0.24092727266830535,62.0,2.0,61.0,2.0,63.68370174885921,4.186617447946084,0.9654396631384409,0.031685777889784994,0.11120486052689066,0.06830250639455117,0.15098799984500486,0.054171526555533187,0.5148652403445402,0.216171158655182,0.11579738534801945,0.07454804207333034,8.065858965681016,17.432823721667233,0.009837429570505716,PN00,PN00-4.edf,0,negative,
655.0,512.0,29.0,2.0,15.56096526889833,6.771591298884925,15.56096526889833,6.771591298884925,3.1143037096415656,0.9966907472149014,287.998088818994,392.0359949362471,0.2854141086661409,0.1069812943467836,5.102036144241529,2.564772713671892,100.70962109355423,52.48336749514222,5.913441098150142,3.2834640221351488,1.3017241379310345,0.24895739789989052,8.219309119526923,2.5691352863976293,25.094827586206897,8.085591109557985,0.6484114445840418,0.09172822435236754,73.52880769413126,46.09449348060223,0.697118687270694,0.1261658168233874,10.31778717582132,4.004123904562318,0.10889578634630069,0.024238434137374535,2.5179893985375554,1.150082019530345,0.02689737957078099,0.009831834958475828,8.480158484356009,5.3628232137358465,0.09802444350764832,0.06947715655430267,3.9886726360834244,4.5288385316731965,0.04865112995701922,0.053126931266736274,0.6213584210479695,0.24066429196177458,63.0,2.0,62.0,2.0,63.86328712792489,4.063461205197996,0.962617960008457,0.03064266604865995,0.11164435306238898,0.06511959284684077,0.155271819075599,0.055652220073292485,0.49838709677419357,0.1967741935483871,0.11654780092669006,0.07135845272275987,4.348506923670504,8.851186697428744,0.008514572582632642,PN00,PN00-4.edf,0,negative,
695.0,512.0,29.0,2.0,19.927775003251906,7.917018732985858,19.927775003251906,7.917018732985858,2.936340947518036,0.8444276240430835,459.79540219868056,415.28931948444483,0.22024243491930068,0.097325561503561,6.761826454007455,3.0519944835640294,184.01214753732168,83.27987065342991,4.015079345403145,2.496514394309073,1.0517241379310345,0.10127017348681663,6.100623270638923,2.41596427468418,14.931034482758621,10.406790006538534,0.5696415786823658,0.07911327318630777,152.14374817237535,74.13199070888183,0.8016412424566461,0.10432101343141331,13.961368977275605,5.345514818022226,0.07983085251455153,0.0165947017413535,2.393755721870123,1.2932893124656224,0.013626793684562393,0.004854547306893535,7.885480835656915,5.148435086188646,0.05482561636569055,0.060094912995420344,3.718620858951511,3.997772276061146,0.02780149607421916,0.038611771092882,0.6431281575095217,0.25149550456236375,63.5,3.0,62.5,3.0,65.71548753374776,6.663303352628752,0.948576880283043,0.04546919025358609,0.12929475650024844,0.0823610007290783,0.17309687465077156,0.0739222397704434,0.5027777777777778,0.10555555555555557,0.1374233485752134,0.09341312333512665,6.828320680666323,8.165014807627053,0.01688368940163835,PN00,PN00-4.edf,0,negative,
700.0,512.0,29.0,2.0,181.07324214009324,26.88974768785168,181.07324214009324,26.88974768785168,6.70305605890159,2.166668066684016,33510.57754984115,9589.058541534012,0.0811802096130666,0.039818181882570955,18.41505660089123,5.201484217532487,215.60909176135038,86.29075464065977,5.96117193072726,2.6439193991937477,1.0344827586206897,0.10836038870669425,9.328237909918109,2.3284019922768393,29.129310344827587,7.372368229916299,0.6157827184550768,0.06891591276002544,154.92146117150705,63.28206356983324,0.7181313610914359,0.1086529540218063,18.189756402221608,8.041691488028533,0.08641849488110301,0.02865634716651691,4.109072267377478,2.483422336947331,0.019409104680650265,0.010538816062126123,17.84553094058442,12.835243045464294,0.08572704899386076,0.05867092332701048,16.68073523442536,19.036945822248974,0.07174570386015859,0.05237442749640262,0.9828951989762235,0.019738230311076348,64.0,4.0,63.0,4.0,66.10107089308286,7.311510137934597,0.9442539210277427,0.05245014974779316,0.13298916737355548,0.08814440206425089,0.17111878307188044,0.05742175552254955,0.5145833333333334,0.09583333333333333,0.14224648946758828,0.10124951520864783,13.609618923350338,25.378544401932626,0.010664626116467886,PN00,PN00-4.edf,0,negative,
1010.0,512.0,29.0,2.0,22.839802333165032,26.527177096901518,22.839802333165032,26.527177096901518,2.3321146371529995,0.8011105005790977,1225.3476953484274,4395.328445502427,0.18363677129426104,0.09006977012904277,9.268259199220028,8.05841954318285,172.3603096080455,77.59348289164069,3.749036495084311,1.4260275114211407,1.2327586206896552,0.06334887265818563,5.376101357318563,1.9759942427023316,12.672413793103448,8.241009586281832,0.5781322596660423,0.05828641111514427,134.6779153867302,61.94943721897872,0.7687072736979319,0.08338929721786568,22.67462309019106,13.041059149177649,0.13396437504460648,0.045609794850785236,3.1289312632544464,2.0376048562092213,0.01917732449507267,0.009737892446348654,5.61715672517177,4.0225170599382185,0.037786701924207536,0.029921193836322975,2.218299570581338,2.1164971876665724,0.016740336659034526,0.02123298506489031,0.5092715708544503,0.27071546310134137,67.0,10.0,63.5,5.0,70.54542749007776,15.414841688876344,0.9150135932842771,0.09440928884128164,0.1536551979767268,0.1469163187796929,0.16041342670723674,0.08290982474155131,0.5647435897435897,0.16282051282051285,0.17252746702951507,0.17836293957310928,27.920486708336053,43.66956410010561,0.1330758972583898,PN00,PN00-4.edf,1,positive,4.0
1015.0,512.0,29.0,2.0,23.189366460593906,24.747108371183668,23.189366460593906,24.747108371183668,2.513295632902439,0.9747216891737461,1150.166089578826,3820.9102855425767,0.20544194628081988,0.0966271430443659,9.389601407013382,10.271810559505562,162.47360380874392,79.26993993656875,3.696782195513407,1.0970730867987861,1.0086206896551724,0.04561640191490674,5.186722441590506,1.6746659222397382,11.844827586206897,7.031154131332164,0.5916840404803615,0.04734050869240443,121.7597399151769,59.25499625337915,0.7389454680570857,0.08648633993575354,24.975996822446817,15.25397675348831,0.15517084114050175,0.04658978049264582,3.174913789155228,1.9586980519728878,0.021684982905664386,0.0131864205549605,5.730684091896884,4.180343141843727,0.04059833125115728,0.027952760796281017,1.949913065708623,2.0135257609391353,0.013936540200851562,0.013660488851876049,0.5827139439550013,0.2554615362189099,68.0,10.0,65.0,6.0,71.56465959978487,16.587448873453567,0.9052451783384725,0.10098897800047435,0.15557439342198276,0.15013044729265682,0.1646562015868889,0.102638418096058,0.573525813555175,0.19623195497920243,0.17703508540508545,0.18559506712459317,25.434106728958454,35.51032394090913,0.11659532564156265,PN00,PN00-4.edf,1,positive,4.0
1020.0,512.0,29.0,2.0,37.544313854005665,18.43735085414654,37.544313854005665,18.43735085414654,11.050924210682313,6.63425346651655,1749.5114092869799,1701.2994096150067,0.5967476638504823,0.26116057998820824,3.1619619787850066,2.660271712371865,330.20951579839857,149.0994969806475,10.286684909865732,7.4390007369917805,2.0517241379310347,5.565201033618622,10.623188178781662,3.9397745887428592,29.50862068965517,13.313928854616087,0.7031798643809053,0.12662988115694862,183.05828069354737,86.33405179033079,0.5875751303823313,0.23080525897496465,23.948564283611994,10.159202354146657,0.07924416856009014,0.030258927036426922,7.716526031772534,5.67118050414545,0.02330917626526366,0.016673056720041792,47.43849136120015,52.97917103097509,0.12786950066508346,0.10542768843244649,60.62517456894021,74.72852816268554,0.15879434302911505,0.1529207471645965,0.3441197664872615,0.24883603986553762,67.5,9.0,65.0,6.0,71.28985707723399,15.077656844262812,0.9088614244841082,0.0838648526446869,0.17264980910373695,0.16462526515584489,0.20988093637892127,0.1634420664423119,0.5817225348666504,0.1798385123562516,0.19455539067676267,0.1990860426592403,21.71625123491976,22.90650002703278,0.1047521360948212,PN00,PN00-4.edf,1,positive,4.0
1025.0,512.0,29.0,2.0,50.75818609281077,46.3446923279049,50.75818609281077,46.34469232790491,12.595180396225016,8.217330872660312,4724.223962400577,10274.963376578695,0.5638624655344302,0.28702694658048955,4.362659996201216,5.534918767401134,637.2076871539838,1040.1011904287745,8.78618197230405,5.668164438970567,1.8448275862068966,0.6929876382917722,9.666350226432465,4.218163404471627,27.24137931034483,13.639364107975002,0.7166099001680182,0.11855900299982744,302.7598291620327,259.07569507413854,0.5851976524092622,0.1891349104574176,113.22593324533226,293.34882598231695,0.13229649453216707,0.05201771587946492,59.49445590869029,236.06845374293923,0.04036613156542608,0.03725171116352507,87.81246894273725,232.3106376323126,0.10260013365233601,0.08224931300225184,54.31550557539956,66.3590983004455,0.11205719739106196,0.11614620040946662,0.30379990209495095,0.23632684721398456,66.5,5.0,64.5,3.0,70.33097515308076,12.381417659460396,0.9206877649260461,0.05154361697330445,0.19007716140432904,0.18657375208294907,0.26595953545483314,0.22486598670079952,0.6357320099255583,0.17468982630272956,0.2094516136428001,0.2143719655564748,15.657371582559055,16.073733808538165,0.09191484591186702,PN00,PN00-4.edf,1,positive,4.0
1030.0,512.0,29.0,2.0,36.32566733493705,43.51047274028159,36.32566733493705,43.51047274028159,4.837857272770139,3.562751126361835,3212.7153454113004,11285.549912787159,0.2778187328288095,0.1715354574903871,8.704523522152796,9.941755919493048,370.8271803159031,289.6155908024506,4.681681949938619,1.098510863895884,3.189655172413793,1.3608680869428356,5.038162301603143,1.5906799979018131,13.982758620689655,6.126514954969111,0.6482118295089339,0.046134788714993484,177.6069595929875,96.39852801293675,0.5483147727018843,0.14990806162367099,138.24642359752968,177.63067353626394,0.2964276488856246,0.12791992823260773,20.43191728589645,13.802334551406712,0.061487344482520016,0.025757689096636133,17.22080666956326,13.969381881315595,0.04845111045306349,0.022365007083738456,4.952020432053285,9.888479206060056,0.01206500037250535,0.014926097388867871,0.44926760786177933,0.2685474145871664,65.5,3.0,63.5,1.0,70.76763203880552,13.384826067358006,0.934357416062128,0.02600242978050593,0.22692536668088895,0.2607401252074177,0.2887324780480902,0.27248277203949506,0.6392729134664619,0.1817716333845366,0.244856740031914,0.28587239829712063,11.264423708947698,13.174469268197758,0.08945882525767947,PN00,PN00-4.edf,1,positive,4.0
1035.0,512.0,29.0,2.0,28.04985398684487,12.201227392103192,28.04985398684487,12.201227392103194,3.947487723221804,2.530713979541418,935.6642585571265,930.5358671271696,0.21215760517126708,0.10989719508705455,7.733970676017466,4.123784970564508,494.9095957512313,443.97930149504276,4.7600639169252625,0.8519530288020237,2.5775862068965516,1.8301868289262895,4.86447701823436,1.0419185871032883,13.655172413793103,3.407277830123747,0.6247995481125107,0.0626562615936236,172.6966870639647,84.35627301212688,0.4583060529982727,0.18284776900519317,249.89642205472407,354.1757962842769,0.3806929979589197,0.19100748181189625,33.283309344109256,24.446598498038128,0.07691291181390257,0.02811029409082928,27.647862686620115,23.828022448201033,0.05742026039085932,0.020768513354547546,4.7673306549634535,7.396729998176709,0.009059963002272905,0.00831229151136659,0.4930841085956693,0.27356904412169225,63.0,2.0,60.0,6.0,71.60365580887375,14.557908891642896,0.9220977247807017,0.04382538377192979,0.2245526784680719,0.25318895186189344,0.32580053282350524,0.3430344324978737,0.675979262672811,0.2551843317972351,0.24692572207390495,0.2863151695312247,11.969275818456293,19.689642636639647,0.0767218998261564,PN00,PN00-4.edf,1,positive,4.0
1040.0,512.0,29.0,2.0,26.766044958989184,9.66104553307795,26.766044958989184,9.66104553307795,4.221591636297499,2.361407693083529,809.7569635388356,592.3783242981892,0.24120428841798802,0.1015446143701181,6.421686067845655,3.1383212877811104,471.98089812996113,401.68350035782265,4.756758978797461,0.9213586613564531,2.5258620689655173,1.6613569801393644,5.12108639644919,1.180070533949706,14.594827586206897,4.137931034482759,0.6697949377195926,0.03964849671299318,202.90709864237556,88.98305899088227,0.5367994990305998,0.17348243830867643,196.57761131944403,283.978190920479,0.30844712382914724,0.17273086166394105,30.56497564041084,25.46599843264664,0.06330512714625251,0.02281865657080482,26.244793512849803,23.389860146132108,0.05514759452304823,0.0226514380219689,5.242642576613697,7.114958887547763,0.010288583442315473,0.008912452392075653,0.46174049002577433,0.27670259692804755,61.0,6.0,58.5,9.0,70.9746123880978,13.414284237955385,0.9322658316798942,0.02497726521164023,0.23342047352631526,0.2721463238699064,0.3232077994905605,0.337558779710884,0.6637248934875228,0.29519172245891667,0.2523803020414678,0.2986810029350078,-4.928284760330769,5.784818355927699,0.06095046749981131,PN00,PN00-4.edf,1,positive,4.0
1045.0,512.0,29.0,2.0,24.639056035294413,7.78630046342912,24.639056035294413,7.78630046342912,4.121963644569589,2.2479282103408806,667.7095572171745,439.4828171654299,0.24075248081004777,0.08799642770002464,5.868297216357271,2.1726151236641136,360.0047285072359,254.13182782640843,6.069494079943811,1.178421989412118,2.2241379310344827,1.3218078457079265,6.241835229430249,1.2619996985423572,18.46551724137931,4.830187107253925,0.7327542872092824,0.04317994516051275,153.94201334436968,85.89463756998595,0.4723692764598944,0.09486637267700933,108.96853225682345,99.69453741117357,0.27572768671565284,0.061805775018783635,29.596436650690347,25.461066742427967,0.07486127734062176,0.018763284596952014,42.720615036462036,42.751322567639036,0.10419037697437088,0.049565125755345815,6.501314799870334,7.49459981916659,0.016255947412621295,0.013659300676942333,0.4369487747945976,0.27396813595759234,60.0,8.0,58.0,10.0,70.19724423282274,12.263225633458916,0.9536023135669363,0.01341742475292007,0.25248872292468505,0.31757478984671217,0.33952315461921956,0.38552700128428574,0.6715260545905707,0.31079404466501237,0.2636152112656648,0.32931731406059217,-13.209148729342516,17.249774457074587,0.06253432336106393,PN00,PN00-4.edf,1,positive,4.0
1050.0,512.0,29.0,2.0,27.972021930923788,8.664817372069392,27.972021930923788,8.664817372069392,4.137797993950866,2.260797624340039,857.5130709953966,547.5507525795624,0.1887025707599241,0.07198734237100601,6.8061437436555,1.855084302660605,655.3644536044912,432.5511257345879,5.9003888374427085,1.1197907301087793,3.0689655172413794,1.3421170739507975,5.32363533845564,0.9466253757520214,16.362068965517242,2.898116367229304,0.7162305605103213,0.04645966776893695,231.8473784720512,89.7208626410152,0.4235215895424946,0.12711463659684366,209.2249491590559,175.85282984414064,0.28767735366196234,0.06836910969635945,68.31758030218745,69.6792998215694,0.08963474688644057,0.03335579803729789,82.96642947960041,86.53170928541687,0.1027257660826244,0.0480280595544404,6.075154636394541,6.803683676625705,0.008436254217716058,0.008169315248238771,0.4323306066600832,0.27001916481540916,57.0,16.0,52.5,23.0,72.94346712052149,14.924558097906655,0.9224235720750762,0.013673363662347615,0.261222558602878,0.31196111401126225,0.31337882311764503,0.33603294028961805,0.691468253968254,0.3670634920634921,0.284460473435381,0.34241389213587947,4.444230793515119,12.240768291672984,0.048805997567450674,PN00,PN00-4.edf,1,positive,4.0
1055.0,512.0,29.0,2.0,59.4627273909943,140.4175569013481,59.4627273909943,140.4175569013481,4.525181709789763,2.3589326539016096,23252.90623491903,116630.96661502335,0.17323326146417453,0.07651865781171853,11.051466556205757,19.943778935748842,960.1458742878177,836.6407691140713,5.5056729325114055,1.2209524771236637,3.189655172413793,1.0820940196216005,5.080130076167714,1.0316975902297192,15.379310344827585,3.5077627520081434,0.6855825152834935,0.09722761462352536,454.54178009006705,633.4042333824152,0.46350595504420355,0.1534781414558595,230.01558983169426,183.84698071524892,0.25287760472393755,0.08078792567538241,106.47598520792685,137.33816169901002,0.10128578104509096,0.0540388721014155,82.73256788051991,80.53417009107325,0.0838115201239033,0.03591421078418889,6.9177284919534445,7.610728155756032,0.0075893897154849935,0.007051552969981099,0.40190411790677527,0.27070412785722453,58.0,18.0,53.5,25.0,74.03797712654907,11.251044639579149,0.8941007108046932,0.0118104155118256,0.2585865810571125,0.24505562370390627,0.3067569505639037,0.3333267735284907,0.6778846153846154,0.49423076923076925,0.29013191119868953,0.27791299025449623,37.83369587371122,43.233367156982595,0.03713426306042579,PN00,PN00-4.edf,1,positive,4.0
1060.0,512.0,29.0,2.0,76.22245113738968,210.47794752480354,76.22245113738968,210.47794752480354,4.671178537025685,2.4758977831381825,50110.82845164573,257583.19022038794,0.15818545236163117,0.07356103923104879,12.619778733749998,24.579051124374,1274.686071053399,1473.7917708038433,4.736291588771514,1.190181048860897,2.8793103448275863,0.8774490103447913,4.687191911392559,1.1142265973887462,14.008620689655173,3.9867683950079176,0.6695037841200625,0.08390255600555212,815.867457289873,1328.0761571412263,0.6090955041189696,0.1448125313820349,230.35475213573156,169.65666868254797,0.2098230053907347,0.08023106603132203,103.73441980910448,132.5884307358191,0.07795086700662936,0.0473625370905693,75.69770754411076,77.78709238186217,0.06223434987440408,0.03086147913220995,7.053993016684284,8.88746399632272,0.006087533380767288,0.0066295797394052,0.4336495562734926,0.28115965099554474,58.5,23.0,54.0,30.0,76.86276083784745,9.093516743713025,0.8557583437848384,0.0151024247491639,0.25069617123536886,0.176863336095765,0.3167974444546483,0.38181995049297,0.6443498452012384,0.5534055727554179,0.29388679224092173,0.21186090743620145,41.460348573667304,19.016514193951284,0.058485173705012806,PN00,PN00-4.edf,1,positive,4.0
1065.0,512.0,29.0,2.0,74.68236401191444,168.8389288425582,74.68236401191444,168.8389288425582,4.912045051902647,2.8010430958308423,34084.03938711053,170076.13422896882,0.1454256578177528,0.07658323665615926,14.878488241666163,30.832924839007397,1418.533643144182,875.2399469975235,4.130768059894947,1.0203652526024947,1.6724137931034482,0.64695389790668,4.6884568323399245,1.316447258797457,13.39655172413793,4.810422073289066,0.6361695199341075,0.06932866822262435,981.9287437034186,570.2049590848695,0.7154053391039114,0.10123216797807101,221.14766770257526,179.8293780443967,0.146064700424104,0.04808154405128289,79.53509012794832,77.8847820289594,0.052067142399341876,0.022606929210565282,85.15915302504844,92.71823334145311,0.05251463727461271,0.029985652881125095,10.122789370539389,14.899028780136486,0.007352820456191683,0.01021509116179479,0.524073951824913,0.26832021948467505,59.5,27.0,55.5,33.0,80.01552464384409,4.686716212085528,0.8282804570646367,0.02282610510149574,0.272429928084477,0.17285047275391083,0.3203538372170206,0.3968082557355513,0.6154558932542624,0.6111934766493698,0.32753466909068096,0.19965958457952362,52.62119083243436,10.664390211926374,0.07322811354207223,PN00,PN00-4.edf,1,positive,4.0
1070.0,512.0,29.0,2.0,55.28619551644438,48.00044230997899,55.28619551644438,48.00044230997899,4.781958356629461,2.7865064849553804,5360.605876636136,16168.14400118312,0.13782392639845492,0.07783362125221385,13.463632618988758,16.312406110945368,1511.0253304722241,846.6437302500395,3.682391289083903,0.7448237226784881,1.956896551724138,0.663289105574874,3.9632425820676356,1.2380869854112215,10.732758620689655,4.513834593207806,0.616764936348204,0.04618526545297482,1111.2706351643444,567.1102031562832,0.7461316633774391,0.0799171235793534,224.70378223587306,150.8564474419995,0.15073416603218673,0.050939189071706095,66.92373835210314,70.26123533740676,0.04003580094696085,0.020921219837664515,57.83100993251552,65.60140354388686,0.03238834636060088,0.021582820324026638,8.408736502523869,14.09807075591709,0.005302438381083935,0.008285943987072934,0.5000603134719273,0.2602360606348641,63.0,30.0,59.5,35.0,80.6240042689119,4.885020918405132,0.8396260315205628,0.12943469291125542,0.3100132745233417,0.2120838635388318,0.3684457305279838,0.5031817247076484,0.6015725288831836,0.6505134788189988,0.3616415758540442,0.1968434648517367,55.461819897528834,12.568773707644056,0.07846809966732407,PN00,PN00-4.edf,1,positive,4.0
1075.0,512.0,29.0,2.0,46.52324768115563,25.803747431592765,46.52324768115563,25.803747431592765,4.3921445460118145,2.5365830934930966,2830.245956315583,5176.5717501608315,0.13563297544159938,0.07419840281650932,12.18984469117004,9.117706790000963,1268.6304936059498,632.4732745781683,3.36933355004287,0.6694312717780316,1.5862068965517242,0.431895691375012,3.7554272799251134,1.2117652128515533,9.491379310344827,4.371480238639233,0.5934511546395815,0.042546504350384325,952.9077591702808,424.7947124123673,0.7637970250475412,0.06561627019976955,183.30411724631983,108.85175225384343,0.1432773868341638,0.03416771636136727,48.96673595359871,58.6831272778781,0.033932818274690364,0.022147084874319073,37.151842607341194,34.894656510628266,0.02636386736126138,0.014972727301372682,6.945874089983369,12.214095302017991,0.005190033684712469,0.008367485091060821,0.45143432330952604,0.2804960625140711,67.0,30.0,62.5,37.0,85.01675094576979,7.416456522357734,0.7969188411896746,0.13236970398428738,0.29977647689443226,0.178694281668625,0.34804279533217486,0.4734049279401933,0.5838662790697674,0.6927325581395349,0.3694060393826381,0.16287243678637586,64.7736036412811,16.617853728295955,0.08659089560754604,PN00,PN00-4.edf,1,positive,4.0
1080.0,512.0,29.0,2.0,51.44934629935771,40.027481908410536,51.44934629935771,40.027481908410536,4.157459363695765,2.3728967910513417,4249.234542559365,11020.967368945147,0.12402115854279583,0.06819289255308557,13.802260387400068,13.54550427598209,1396.4628483785796,879.7663233702664,3.1915907169075126,0.6150541372600293,1.8448275862068966,0.2817264592822102,3.4779776259706146,1.1383076175702125,8.620689655172415,3.5801299639619932,0.5753888930186011,0.04277720314036458,1085.349357191986,620.0169713086392,0.7911247470355762,0.06408710994309309,185.17327772577426,151.34469074781654,0.12714370419770718,0.03103228063028504,51.395133058079736,66.15197701195198,0.031509075081998406,0.019291877783634778,31.800298884369408,30.984156149842825,0.0211045357589602,0.013301699197977683,5.93353476753113,9.468483806601355,0.004325777686021444,0.006359618104047078,0.48047741181897846,0.2858631012362979,69.0,36.0,64.0,44.0,88.96695684037195,9.702983395269882,0.7610325607350499,0.13725407495847175,0.29303057032879387,0.16879036719099721,0.3175034572080332,0.4936898113823764,0.521377331420373,0.7133428981348637,0.3781180204524747,0.15359675012559648,43.38720852679783,75.33343725059011,0.08764895341006328,PN00,PN00-4.edf,1,positive,4.0
1425.0,512.0,29.0,2.0,14.412763291449696,9.726376260507287,14.412763291449696,9.726376260507287,3.2358808630457183,3.006501514206751,302.3301408563195,490.45317692437976,0.30777295645918085,0.16393381577265392,5.263595626249589,2.5962975092206446,52.23749691358359,54.39782819974332,6.481357459835601,2.941044476179106,1.1120689655172413,0.2905568887302193,8.994136864278728,2.549559958924562,27.396551724137932,9.444145523080302,0.669916722263209,0.09991668465087401,36.07129051246741,47.7775069480216,0.6202573036312996,0.1299135801103009,5.26868024554912,1.8568500282196687,0.1540450600135349,0.06785951439430427,1.5470672581348164,0.8960034941702667,0.04154160078045879,0.01830991376601534,4.272552802912559,5.724473472483936,0.08895823063568781,0.04402035465558224,4.089199423981267,8.187495697492713,0.0674916361531665,0.06238636817250111,0.37955149491711765,0.2214258374206478,63.0,2.0,62.0,2.0,66.07462446645037,4.285855974411099,0.9425174932507157,0.030372288088732824,0.14718457177852917,0.04899270337836867,0.21240828670391518,0.038708575053446104,0.6551075268817205,0.07688172043010755,0.1566205279464945,0.05702772368541206,-12.242426636945764,13.612346604660548,0.0049466427514133745,PN00,PN00-4.edf,0,negative,
1500.0,512.0,29.0,2.0,12.06674298411607,5.143779822255492,12.06674298411607,5.143779822255492,3.5872206990858944,3.5625674980965987,172.06475710455715,170.53952670846348,0.3396827704651208,0.19793112726570566,4.540207663808117,1.4960390294017063,54.18745061154727,22.57501234627377,6.455290030210182,3.902387811445417,1.0862068965517242,0.16447227610636997,8.461055518960212,2.6781945950504142,25.982758620689655,8.073458813767374,0.6836249047526815,0.07794479462609091,34.80152683637344,14.95762042737656,0.6466310964871271,0.11817412282636058,6.755211639144456,2.9747648030601566,0.13362387701042924,0.03962691115364976,2.0591046194793656,0.9500869305142703,0.038864036478905024,0.009797591521724193,5.3993396418110144,5.431788768551606,0.0974023259079063,0.0592300851635148,3.7090324950468023,6.989684517344706,0.05576624097646432,0.07866273238004207,0.444348635098619,0.2517266160273419,63.0,4.0,61.5,3.0,66.09431753576152,7.605162787243508,0.9512021019345238,0.050655691964285765,0.1427552286197039,0.08368128654056244,0.19039994370771265,0.05611721825041183,0.5453799890650628,0.006014215418261304,0.15135732376174577,0.09603468739586961,-4.305653099089711,11.874782674120999,0.006642563551683568,PN00,PN00-4.edf,0,negative,
1505.0,512.0,29.0,2.0,12.20873194017307,4.3153483985728744,12.20873194017307,4.3153483985728744,3.445872712208068,3.3661151323199907,167.67536738806754,130.94983374873556,0.329843522005457,0.21051110073126902,5.002573133428465,2.0254232947936055,70.97453870917268,31.063679191967182,5.352767587928772,3.962941021295383,1.1120689655172413,0.1684898300490695,7.308764011832825,2.986451988747419,19.663793103448278,11.059064752436035,0.6276820240681478,0.09511883831903509,52.66142885269287,25.71167964289097,0.7299122357046016,0.1345324137654267,6.645140499058193,2.7872212643418046,0.09897981400402674,0.02373718425610823,1.9550309097816638,0.9981887297308151,0.0300426759566378,0.014420600004902168,4.716280061319701,5.2017700909288385,0.06960744258765965,0.059997975297775855,3.493015225672798,6.499225514308471,0.04796709711224114,0.07434347183019296,0.4754859757649853,0.28047498556714767,62.5,3.0,61.0,2.0,64.81415797993947,5.091244698830636,0.9588609921034946,0.03572853662634401,0.13207736431746744,0.06411747522784811,0.17294549023622682,0.024741079715877523,0.5001389274798556,0.016671297582661837,0.13841496372969336,0.07202591397277766,-2.3238280590603413,3.467419967449936,0.004875847996558416,PN00,PN00-4.edf,0,negative,
1540.0,512.0,29.0,2.0,20.8738502412814,7.132662398810224,20.8738502412814,7.132662398810224,5.119355881738755,3.583505777919898,486.5924967908449,364.0685322349563,0.3377103615736545,0.21378665728346544,5.458063340610551,2.7816636688761553,159.6631245290444,89.8317657119322,4.143814251176171,1.894154142390904,1.043103448275862,0.132433547377045,6.42614807762811,2.6918976222177347,16.482758620689655,10.896047020175434,0.5791113173758892,0.06823119922940395,121.55360908316514,75.75711620106104,0.7400846940582378,0.06593176590724774,20.490915377116302,9.29789446183493,0.1364676567960141,0.029613720561062953,3.612907403670566,1.907417801153304,0.02345855913582647,0.005436492995134709,5.952015165712668,3.7067504999013674,0.04439413360582665,0.031201730288153613,4.15194968815546,4.665728065173337,0.031615291440669206,0.0401616114868831,0.5548181981491959,0.2743153916872063,70.5,9.0,67.0,4.0,73.65414333580881,10.38686316143891,0.861608138238573,0.07149526198439238,0.1683205059488729,0.06954801641421449,0.16464922411549276,0.07203260748579246,0.5133272058823529,0.12040441176470584,0.19737045411001553,0.0970964235665378,24.815511673633996,7.621906485656645,0.23633370353379662,PN00,PN00-4.edf,0,negative,
1545.0,512.0,29.0,2.0,16.659472291438014,6.21444357584085,16.659472291438014,6.21444357584085,3.6204968306040386,1.848371986090103,316.15732598650044,282.64416747513246,0.31510969042427656,0.15214640832166765,5.216409383975556,2.4196399470635965,112.99298980745395,50.590171866032264,3.772583633736559,1.098504309776933,1.0517241379310345,0.1900466179745569,5.820712644024412,1.9453195794514282,14.577586206896552,8.635607781726181,0.5787897523074451,0.05034178120645183,85.94635341237624,42.42481817688507,0.7477584666316659,0.04677467157909511,15.874619828717838,6.204392304430363,0.1454340432898124,0.026035801737687235,3.0037017825293364,1.5198766725206674,0.02705933612288047,0.0068180252308478705,3.6454360485636066,1.7251032204145138,0.03652491183489935,0.020131342122283617,2.176141640265353,1.9598789682709965,0.021651708304922017,0.021626166883290793,0.51258568431772,0.26252486343670234,71.5,9.0,68.0,4.0,73.85001525120353,10.228637487047237,0.8585840266504329,0.07023724972943723,0.1675610503910432,0.06798041431565727,0.1693775083576316,0.07023335681435786,0.5206243032329989,0.11817168338907469,0.1971088247207715,0.0953020246377824,13.75385553483878,3.051675181306038,0.2845741490048861,PN00,PN00-4.edf,0,negative,
1595.0,512.0,29.0,2.0,9.639291588679452,5.013106754870588,9.639291588679452,5.013106754870588,2.2928946251625115,0.8704561109883517,118.04718166731557,158.8959290994406,0.3434722606625548,0.13058251958902456,4.286360324165952,1.8326893090469258,29.922611546489172,25.326633670474738,7.16518150443715,1.792858474995654,1.1810344827586208,0.3467618165710132,9.028705916699748,1.7073306349638417,28.198275862068964,6.05306253006407,0.7410920703813366,0.06112050114217267,17.722630103536165,19.435979993624333,0.545380175425787,0.09747802416127883,5.172082803447595,3.8685583639925523,0.18122785369474925,0.0473774223406123,1.486854581472109,0.9786405500505868,0.05401641260173021,0.017182400150951353,3.1671017649853197,1.4453314385187297,0.1316866704183479,0.04572056206076265,1.2475203701346937,1.0070663398746043,0.04907425958260593,0.02736268147684162,0.356008693219491,0.2277775292733698,64.5,5.0,62.5,3.0,66.11998023594974,5.852251547424856,0.941526569303919,0.04388077532658807,0.13984441415734866,0.06112568236775895,0.1979956411300059,0.041669787686330756,0.7392857142857143,0.04523809523809519,0.14936698793119868,0.07188328382109668,-6.3083856778125,7.523933482913025,0.6411261785997076,PN00,PN00-4.edf,0,negative,
1660.0,512.0,29.0,2.0,39.684176965219415,9.912244596499221,39.684176965219415,9.912244596499221,2.8244117587621504,0.8154775875348188,1673.086494347679,699.8365026441481,0.11265727487753124,0.05856982301554413,13.364019819489199,5.064117970842314,174.982526500013,65.51898712501966,2.8198008406577406,1.9370401399073738,1.0,0.0,5.0202547806831,2.3905453579608587,9.474137931034482,8.772347036722794,0.4053018519335658,0.07131620521380251,152.2840043551081,59.792699694374065,0.8579289374903586,0.08462456679648525,11.275347188274475,4.967658569827203,0.06589582420030875,0.0174397592350087,1.943025656766123,1.1915769563197025,0.011454788594297553,0.005869273011164209,5.209283595493871,3.77674233051146,0.03388557885064739,0.03630151012082126,3.070399287181428,3.9025687978327666,0.02351442780341035,0.04194498777065399,0.8248899451831704,0.27489688264780754,63.0,2.0,62.0,2.0,64.9343772045826,3.9003376368525835,0.9544710451632838,0.024331475247202694,0.12877286631966822,0.04792977321705695,0.193751598305338,0.04253354745601398,0.6061827956989247,0.045698924731182755,0.13525742700716178,0.05366405425689948,-11.929363145708042,17.735865165867473,0.6481374796685685,PN00,PN00-4.edf,0,negative,
1685.0,512.0,29.0,2.0,14.954945136923262,4.57720781180567,14.954945136923262,4.57720781180567,2.3696430135196125,0.8094561815340485,244.60121540083964,163.30092316703906,0.22232735681859214,0.09374055998025584,6.464970034311992,2.4029851373276876,88.9818981688954,42.38703495490045,4.3724874612055125,2.543411736420098,1.2241379310344827,0.07613586953730901,7.007094653770858,2.3633572520538695,19.732758620689655,9.163724170110859,0.5379234553124321,0.08904975873988356,71.49845960902385,38.58503454113468,0.7758460753911544,0.10828767959984936,6.620872344459015,2.144046957966244,0.08270416807095618,0.025595713991820503,1.7805020500290036,0.8792213533738011,0.021824939121655142,0.007971050975375302,5.502416947825682,3.243934044729939,0.07078188378752569,0.050459925434473606,2.384031478483753,2.6457203735426997,0.03374067285272202,0.04493766697024895,0.6293799445290749,0.24161274482027126,63.0,2.0,62.0,2.0,65.92034128848078,4.995006718879168,0.944125022362087,0.030487147898777045,0.13143214164934824,0.05754780515539315,0.18783731804191575,0.03960543951441592,0.614516129032258,0.029032258064516148,0.1397390240843152,0.06546595841220916,8.570505632331287,14.28471181552084,0.6653013063997402,PN00,PN00-4.edf,0,negative,
1720.0,512.0,29.0,2.0,12.250256657045723,4.566707886086237,12.250256657045723,4.566707886086237,2.345556783046258,0.8014605062112121,170.92360908033518,155.134735498802,0.2680801014246814,0.10378674643028474,5.250853524213635,1.9831862280264168,68.52400859451625,30.139940837834168,5.063487094068563,2.160849325565976,1.4396551724137931,0.24260771171500498,7.315702899997985,2.4552084358716733,21.060344827586206,9.513523761669624,0.6387706114525616,0.07094313976520096,49.89750382839907,25.70300548568848,0.7123313201956428,0.0917820239711884,8.462462023306914,3.8203586538037415,0.1259610450682709,0.03574111469061621,2.230318951760662,1.0843577373393876,0.033760927857297125,0.012221960212749095,3.7839417283176346,2.409700400673855,0.06108996248844674,0.03824248228239118,2.3208745653271063,2.6927037420616116,0.037821639674851415,0.04002115770614472,0.5055249478354538,0.25454978459797045,64.0,4.0,62.5,3.0,66.84139910441178,7.448564722255135,0.9392527595895236,0.04970913246029718,0.14477759092660572,0.07984234523227259,0.20010195092735106,0.0517256776370241,0.6904761904761905,0.04761904761904767,0.1553747662823736,0.0932293135967567,-12.014246098508952,20.65915124118807,0.7108099529344928,PN00,PN00-4.edf,0,negative,
1770.0,512.0,29.0,2.0,48.23278011795636,13.235541161669639,48.23278011795636,13.235541161669639,8.319581040208556,4.719980314313985,2501.580627749377,1376.8523020669415,0.2941708026217618,0.19083831675359048,5.955988632906068,2.860771650219147,322.4463333534568,105.15503260812928,6.072690217367143,4.5434617706790865,1.0086206896551724,0.04561640191490674,8.650835977747201,3.4650669516148764,23.75,13.216532228157696,0.597178494292132,0.09877162983952761,230.46129902105943,91.35570858914176,0.7039344901843666,0.14464824575374347,32.08997112224768,12.287308902365623,0.1005191892763576,0.02594661308337341,7.598615573921359,3.411671651719953,0.02304445683668929,0.005459263198149871,21.494017701768396,19.201923213683717,0.07099994273412606,0.06434932066418428,24.14805686326448,29.502292530852056,0.08088141665510902,0.09732597196308727,0.6878623156089687,0.2900105733064237,66.0,8.0,64.0,6.0,69.91506031640728,13.505458346849778,0.9139573648152679,0.09447256545143135,0.15718923975337512,0.12365708112828704,0.16551368671372976,0.04296295420991608,0.6083333333333334,0.11666666666666659,0.1759538310594243,0.1534862525866646,28.610179850179545,48.14688326468964,0.5596446051823336,PN00,PN00-4.edf,0,negative,
1790.0,512.0,29.0,2.0,18.06491942621992,4.423155538113498,18.06491942621992,4.423155538113498,2.632612781321783,1.2740290968507366,345.90561879016195,176.91767471729477,0.20155680229544706,0.12087154920491626,7.307354875486572,2.7329404798738968,187.04889598983488,87.23203776955599,4.444331826167165,3.263795895721399,1.3706896551724137,0.21395989044811822,6.139792963284791,2.8838367046351205,14.724137931034482,11.08729951177173,0.5918971210335408,0.09267568722728568,150.14320633661038,79.2556808018465,0.7724202945311227,0.11857427697891035,19.020790719026255,8.446181126606872,0.10542512514999898,0.02614705864142833,3.4282722714685376,1.6003695741646693,0.019665959922786795,0.007684277714181046,6.632554102710345,4.614225823016454,0.04811823754327879,0.059550891821501035,4.306112581600579,5.080634468373186,0.034688359651970646,0.06072219208520622,0.678780246406308,0.24675824583399794,66.5,9.0,65.0,8.0,70.6482666483132,16.23636081157546,0.9101149508493704,0.11682184010453789,0.15659338125771702,0.14242793060724274,0.1677616690810606,0.0731349690410796,0.5818627450980393,0.13039215686274508,0.177813207827702,0.1793184438825642,4.385452822231514,13.85152559447246,0.3530691263924251,PN00,PN00-4.edf,0,negative,
1805.0,512.0,29.0,2.0,59.2992604326501,189.8618311443965,59.2992604326501,189.8618311443965,4.169342914497039,1.956980317124222,39563.91721336258,203245.26295883412,0.30623255990838094,0.14689552095219005,12.961363335883066,39.02377988777068,252.5533715232307,449.4546873587548,6.225648048001326,3.7909526138524217,1.0517241379310345,0.10127017348681663,8.598963607019435,2.9953670093706295,25.870689655172413,11.084048162215227,0.6501182887142977,0.12432822587061623,200.90298347783383,440.60728140216935,0.6641137845332904,0.13711797378027873,21.35711590168839,11.310314169045489,0.13116071075237629,0.03884464133554797,5.361207335313687,3.273919082763315,0.03387300064724815,0.01370057840073185,11.654945488620527,7.717891694171576,0.08145058726308405,0.06008707468690298,9.393276906410522,10.18707130937325,0.06483295438208782,0.07081339909703789,0.3700847649414934,0.24230757708970266,67.5,9.0,66.0,8.0,71.7180895053293,16.40325468777754,0.8990454889112903,0.1133253528225806,0.16025378475015012,0.13101596132504134,0.18172596134826025,0.09057577906996223,0.6255642670468045,0.16916132097885483,0.18357025892970497,0.16886701235755022,18.58479511189368,28.177318219340755,0.2314463113873418,PN00,PN00-4.edf,0,negative,
1845.0,512.0,29.0,2.0,10.824519092129561,4.30208856956611,10.824519092129561,4.30208856956611,2.370393261076045,0.9995412503182293,135.6781796362688,130.98269265303327,0.29507110023255656,0.10128516880594667,4.702411794196164,1.8464967385480835,62.9934077729031,44.96748142122583,6.296716845555543,3.824843280756826,1.4482758620689655,0.3735853220693181,8.481976402342092,2.5935832969472945,26.00862068965517,9.085438035912166,0.6581248241295156,0.10464002793273695,45.47449939044156,40.773574830097324,0.6786466995596704,0.1426027656659198,6.068680378698606,2.6356807426120517,0.11136455331169055,0.03487975554998999,1.6929171635577016,0.8643787134909158,0.030451721099989875,0.010334005826173576,5.066664947807156,4.8367293272776255,0.09316519376698353,0.07562455171850478,3.2856322345219238,4.313842801593034,0.05917165519669671,0.06472809102829663,0.44183846221497347,0.23291358863549172,65.5,7.0,64.0,6.0,69.24064099387712,13.577375569185463,0.9250218872339124,0.09129843864692933,0.15396952560594057,0.12958477539356292,0.15798454749082214,0.052474266304527145,0.49696969696969695,0.1272727272727272,0.17032102864875723,0.15689879491600917,-26.618373859844294,41.59013200105603,0.3934949426852966,PN00,PN00-4.edf,0,negative,
1860.0,512.0,29.0,2.0,28.890483958554594,6.760087084372811,28.890483958554594,6.760087084372811,2.7229397242187656,1.0973546248766464,880.3588407478046,366.3764469977248,0.1409891407121596,0.08326825271177384,10.550231692085447,3.8780625034719307,278.4675574516577,106.45120336588636,3.0575220317871223,2.1188549742950062,1.0,0.0,5.274649072771364,2.8630006372266927,10.35344827586207,11.117421332076553,0.4364689351420517,0.08585181032334022,247.76956543712961,103.1738955235176,0.8689334784773005,0.09529945619805134,13.224665527981513,5.579392848069259,0.049258565919378265,0.017749383176586288,2.3076584642181786,1.2703471722208048,0.009035532766283605,0.004751122396636086,7.571649736607717,5.635249758215208,0.03512512358491379,0.03947974901157124,5.186652601321918,6.2428534427963145,0.0271543413255882,0.043635865484649504,0.836233357582235,0.17144705081478886,64.0,4.0,62.5,3.0,65.28302380904644,6.083072046461702,0.952821325083248,0.04370417360399592,0.1320919409275149,0.08051123810531662,0.16140096534940734,0.036599689584230766,0.47063492063492063,0.07460317460317456,0.1396748397553087,0.09090435873958355,-16.711348397472463,29.83837515893989,0.5184955925953001,PN00,PN00-4.edf,0,negative,
1880.0,512.0,29.0,2.0,12.774169026916843,6.18232459610109,12.774169026916843,6.182324596101091,2.502568187482739,1.077255081066975,201.4005317397981,237.32109031058266,0.28224233249314756,0.12246715251071465,5.23561455907575,2.736514784908201,76.41816513933739,64.79186449174871,6.411477382946947,4.0765663603195,1.0862068965517242,0.1357587564484795,8.56656486068492,2.683030889428681,26.551724137931036,9.304100715856244,0.6560148786270286,0.10866830902568672,56.57080429645838,58.35113928877524,0.6880766039192868,0.14991205188941253,6.483768458748194,4.873692508341698,0.09707752952746254,0.031190183861651757,1.9606610739959767,1.6099824785807748,0.030157713891422123,0.012157287048487389,6.409927853576536,5.403747474209157,0.10578594012567398,0.08387166111336275,3.727042193777619,4.67826337108462,0.060622022063266605,0.06888322709413928,0.43063855951137153,0.2510458395577401,61.5,1.0,60.5,1.0,63.20152659895966,2.3226915728863773,0.9703335788080601,0.016038571550546443,0.11055794241308498,0.035578883156061905,0.1594635697741617,0.03417567824685622,0.5040960451977401,0.025141242937853137,0.1140973855009714,0.03855255868100725,5.763550886899761,4.978960555653153,0.5128430026133065,PN00,PN00-4.edf,0,negative,
1900.0,512.0,29.0,2.0,21.57412980295589,9.225695559514163,21.57412980295589,9.225695559514163,5.403837798330762,5.107197682113923,550.556535311629,619.9631492344602,0.33806421890796196,0.25451221603946234,6.278706641215762,4.228625018212513,268.19104584087347,123.52989440429724,4.427901518534447,2.9606255189182233,1.1896551724137931,0.10697994522405911,6.4550341769728705,3.4710117185191836,15.612068965517242,13.243994443627269,0.5718458844651194,0.09099161929656212,214.65396929453064,106.48361236708207,0.7733656671935185,0.1137080230373861,27.491985071069205,13.18312318139476,0.10595921081733348,0.03588069340077609,3.141388916659792,1.7618205289811375,0.013725311280740768,0.008605945645968704,10.17120715357113,8.91340808497936,0.04914178983253314,0.05089054380427218,7.941462681362677,13.788971949305655,0.03942696930101647,0.05848916353400203,0.5792474376373561,0.2543440323139311,67.5,9.0,65.0,6.0,70.97836022514268,15.300941646888191,0.9116076590666509,0.09739960122153701,0.16777285101356876,0.13240743427206805,0.17037642871916525,0.04357636309797702,0.5369464154636653,0.0902862735502814,0.18845813334436157,0.16538165273986724,29.046092683131867,49.45480552255792,0.2808823796485482,PN00,PN00-4.edf,0,negative,
1905.0,512.0,29.0,2.0,17.48045269324186,6.037990896555252,17.48045269324186,6.037990896555252,4.326585876821309,3.924121381407271,342.02356042755065,268.3585336948741,0.3231319874022843,0.23680512132018736,5.95153483432656,3.245025585874397,181.8522765778255,71.81709248576448,4.484001229766914,3.320007858315621,1.1896551724137931,0.10697994522405911,6.52427282844704,3.5217272124098393,15.517241379310345,12.642281793321015,0.5686565419084622,0.0976032435290411,148.98678896967655,65.37053332962871,0.8025237441606057,0.11966000054976349,13.474149958266937,5.467063433173168,0.07612073632362652,0.015601031018371696,2.968300606503633,1.6552880183552094,0.017584977679691215,0.008884126725607107,7.908922997402402,7.695779325427691,0.051005885505437734,0.051313803496172705,6.325400228644471,11.94994987948091,0.04035514416904615,0.06507668345908818,0.5562652252677377,0.2582220034726536,67.5,9.0,65.0,6.0,71.15061920591222,15.278786342528832,0.9088373347070683,0.09714387897296017,0.16675632761459624,0.1313952393791037,0.17117918679581423,0.04261473072187566,0.5451431367751407,0.07389283092733057,0.1878831222327753,0.16465755636522098,20.11420398478432,37.77964253891788,0.23980562712591535,PN00,PN00-4.edf,0,negative,
1965.0,512.0,29.0,2.0,12.0631442123063,3.038797544948373,12.0631442123063,3.038797544948373,2.076979104216206,0.8013534132844774,154.75373880608328,78.36766124843216,0.23283925456817806,0.0954590796135301,5.871936742688643,1.735537251615022,62.35633642952919,30.049314349722795,5.460775690561347,3.0272410561140055,1.1379310344827587,0.22347381718647794,7.3383232455515515,2.3393508440853803,20.75,9.315818952653636,0.6690264602108669,0.07827162746818048,43.006804289844005,24.377308902407886,0.6624736092639911,0.12151497616019649,9.22427004615055,4.117330784036288,0.15910461945217186,0.05073708462142704,2.2157041646049946,1.1656081462823051,0.03814283248000001,0.015606752303423349,3.6737176009688,3.2148805859036886,0.06674302647118434,0.06484485710590826,2.4422754938866924,3.235848967973909,0.04289023564775937,0.05255092045062676,0.5902478488684798,0.258052783037372,62.5,3.0,61.5,3.0,65.40878584377046,6.912715706981835,0.9570234995039683,0.04623945932539675,0.13643377182053978,0.0868129004602082,0.19607555863492418,0.08737959609726642,0.49412247129579007,0.1407873154729361,0.14374011235656697,0.09765629118552288,0.8232676647568333,1.2013521641185951,0.08467113021418235,PN00,PN00-4.edf,0,negative,
2020.0,512.0,29.0,2.0,19.22007183711537,5.918215248046214,19.22007183711537,5.918215248046214,2.9412331341654823,1.2035091056852307,404.4364331460821,303.8312793083196,0.2165264436140658,0.09585777816448174,6.4072225323972525,2.0270875729678566,197.84538935055775,88.50386230252795,4.691505361872914,3.5884618549243346,1.0086206896551724,0.04561640191490674,6.440641603563763,2.6181117911279377,16.767241379310345,10.560158337551092,0.6068797273716382,0.0869782270795609,154.40645140135427,76.02804756061299,0.7517353765997492,0.1341180891257456,21.89266817686687,9.517929926079066,0.11308934590610478,0.022711103818677025,3.3236934371065554,1.3899870757795614,0.01930522390825895,0.011585215922889346,9.734257263309885,6.437917211855496,0.06246746359081458,0.06775355412306724,5.12710944565818,7.181726169540423,0.035710478243415326,0.062301176135286684,0.6803093351819341,0.22714228697779998,64.0,6.0,63.0,6.0,68.13829518990464,12.379621634009915,0.9358442826704545,0.08866299715909098,0.15504266414407025,0.1245043769123609,0.18368586094952247,0.0805177201496351,0.5441981747066493,0.17314211212516295,0.16920220208255,0.14907004707752575,10.564053047664157,31.116128833116264,0.0686819395279603,PN00,PN00-4.edf,0,negative,
2035.0,512.0,29.0,2.0,15.390513691451867,3.4479181221064006,15.390513691451867,3.4479181221064006,2.376944244228736,1.0098247588202593,248.75605106351702,107.02765418199373,0.2099737029648254,0.10464019035704511,6.656199737697867,2.348266973903153,145.9432034698343,57.00189318653999,4.260054790214642,3.2531334667289347,1.206896551724138,0.09443492370778726,6.330413740418651,2.9256925752493412,14.827586206896552,11.533142543653206,0.5491081517413292,0.09887118469706799,122.0466987255616,52.63995487034505,0.8110710739733035,0.1271338934398749,8.929141816941497,3.657818545878381,0.06381766422134495,0.015565849369397953,2.306316259063016,1.3015985170296775,0.016587850593286036,0.007154608799847789,6.569038712486266,5.179684473403144,0.05637244547398978,0.06349778774080703,3.895847747171233,5.567032092351931,0.03657814689893302,0.05810239409658789,0.6829181538639884,0.23748282072364257,64.0,6.0,63.0,6.0,67.47799544473152,12.46848507052266,0.941598603219697,0.09011008522727282,0.14287026970006855,0.13862055245856308,0.16030934108883782,0.09086811343397015,0.48722294654498044,0.19478487614080836,0.15561005144290738,0.16211004023833359,-3.550793889599888,3.5841060329147174,0.06029745703906327,PN00,PN00-4.edf,0,negative,
2040.0,512.0,29.0,2.0,13.792286881065001,3.5003080121954593,13.792286881065001,3.5003080121954593,2.329979252413254,0.9612937194572613,202.47933358983747,109.75799040486534,0.2275730469727041,0.10252305910587847,6.0342039202656474,2.0644143541057565,78.41790092284155,34.539186324214214,5.4771308365816935,3.690173859093811,1.0258620689655173,0.10053365335940172,7.760160515477679,2.681115839824578,22.517241379310345,9.021509506137111,0.61232145936343,0.09878631510069054,57.75805304376826,29.806401862922364,0.7176536056511353,0.13593766418145098,6.873173921578895,3.0439016617261476,0.09129442989549943,0.024393382230961637,2.206045364183482,1.3793301120231583,0.027824133294733235,0.009986411635885869,6.488371305694775,5.101401284878891,0.09097055445291972,0.07138329646541364,3.478815934637667,4.857184144992504,0.05089717231291366,0.06780556086223244,0.6378827762484234,0.22731961179557372,64.5,7.0,63.5,7.0,68.25823908081347,14.662394305324355,0.9385674168221394,0.10346412468905475,0.14444190090184658,0.1582368754033029,0.15189204421661529,0.09108777126981996,0.48189522342064717,0.21802773497688754,0.15902555132740107,0.18612441870831636,-8.730339289783593,13.87405634279737,0.0645419548874343,PN00,PN00-4.edf,0,negative,
2045.0,512.0,29.0,2.0,9.548530340488613,2.922443872181785,9.548530340488613,2.9224438721817845,2.315142707021172,0.9227683334541792,99.71510984928443,69.87183711588675,0.3244975221020044,0.11639703043998113,4.171395040547402,1.4384602146377548,45.32959182366512,23.525036609865868,7.376313807501721,4.170275817706015,1.146551724137931,0.5705307623370448,9.22249433830439,2.289543226742264,28.50862068965517,7.482301749917156,0.6970224007007361,0.1073222216199109,26.915669622918738,19.874373377233034,0.5712606729784044,0.1466252107005081,6.148062630742531,3.228320833779921,0.14778673713950538,0.0586529781254936,1.589014185001767,0.8396874875678136,0.03713912549289615,0.011370073434675904,5.587753999297387,4.837972934230201,0.13047510741996576,0.07928636162939472,3.3461659627044202,4.880285602822804,0.07253467457100045,0.0796959452384593,0.4188885731976904,0.22403770759815772,64.0,6.0,63.0,6.0,67.7090655995292,12.74114522683248,0.9412923177083333,0.08961588541666665,0.14653884774454035,0.13790047971240207,0.15531938335901896,0.07913434282529228,0.4956975228161669,0.17783572359843547,0.1595267703968608,0.1616889988645773,-8.22456712924281,15.325298288810803,0.06195567235757791,PN00,PN00-4.edf,0,negative,
2060.0,512.0,29.0,2.0,35.32439280667327,3.890328132202194,35.32439280667327,3.890328132202194,2.627258320927444,0.9426338575968787,1262.9473801363542,285.53244165405596,0.10317308683774326,0.03277868089379278,10.868945460523172,2.0095798992856877,821.8866512205848,87.16993931192884,3.652246234170589,0.4032326191130641,1.0603448275862069,0.1416523855616809,4.065805028766951,0.8200870023599918,10.14655172413793,1.9832458172053569,0.6307647590295685,0.02612793728582661,542.2505911657837,78.31819339309818,0.65721102910672,0.030442940381299518,176.3986779475004,6.581532286314635,0.21638443960389667,0.017488130788258876,51.32200936123051,2.1156417626444757,0.06307433457360843,0.006538080923101756,18.056139453174374,5.793794992842019,0.02189780623390001,0.006515205476005625,4.67468043046779,4.710925912083361,0.005710838376850231,0.005939181404532284,0.7953568889986775,0.19016736431585596,64.0,6.0,63.0,6.0,67.95856460319538,12.61710237099053,0.9390092329545454,0.0894294507575758,0.15003915549664498,0.12948762195819158,0.1870178939749942,0.09790273657252355,0.44797913950456325,0.1501955671447197,0.16343843459178264,0.15346370018428596,8.410100801886669,7.80578251279017,0.03417776771581283,PN00,PN00-4.edf,0,negative,
2080.0,512.0,29.0,2.0,26.119430661498686,7.042856503416456,26.119430661498686,7.042856503416456,4.849035203535173,3.3263426016425566,731.8264858085533,388.38324416390896,0.2866605699248558,0.18784382226861207,6.244969755148702,2.9699459980018275,238.8476469501514,100.82503623218611,5.261116650423857,4.10727894987613,1.4396551724137931,0.15612732996788647,7.364277393307682,3.5213800948662057,18.0,13.777793227033731,0.5946165093646719,0.10776139455329622,196.0629927695733,91.60842638857395,0.7929595231354913,0.15529070342501672,13.412551955382657,5.540929394711524,0.05803491704869438,0.012736457681236178,3.138894382570322,1.6466874923558892,0.014665854687739262,0.008561769027432284,12.56425640939513,11.777906975476911,0.06505513351304566,0.07391747331645494,10.104242584586741,13.822276438326664,0.05381963416864676,0.07398715736671412,0.6752499222607944,0.24319282654626914,66.5,9.0,64.5,7.0,70.712904354548,15.962292165652833,0.9170218516453712,0.10851521064368364,0.16852931899515758,0.12979738571215732,0.22296628078726277,0.12604351856548532,0.5358208955223881,0.27164179104477615,0.18862662247903259,0.16386331810290028,26.040947686684756,40.5145957645769,0.045372654997759304,PN00,PN00-4.edf,0,negative,
90.0,512.0,29.0,2.0,19.213545858377742,4.672381463683819,19.213545858377742,4.672381463683819,1.2631828010589354,0.32366827354108946,390.9914929941604,174.94203163600343,0.08856538208780197,0.028571931035977733,11.964434036688507,2.8942816129243205,178.02803744311515,75.17565549987538,4.019584449966701,0.5714933120631651,1.1810344827586208,0.34676181657101324,4.749725209744833,0.5269730022047665,13.732758620689655,1.8533881305397648,0.6247458181969446,0.039985428340486115,122.42058966952044,53.442188616934125,0.6821037907044908,0.07369137908512056,22.330436657524896,10.080273024488475,0.12984813149321112,0.04483741602406375,16.681833048397877,9.822331105265379,0.08868259062113626,0.022135135805075458,10.3089384982,4.90386797388278,0.06192721096107083,0.02498590294096844,0.5138612291806947,0.224954411030369,0.0031178990798212004,0.0011434627483109469,0.5041289013659669,0.2819894520287038,62.0,2.0,58.5,1.0,68.583527477419,15.211866388867229,0.9453538797669492,0.08797338453389836,0.18712114790512752,0.2391139187038054,0.21947556667768828,0.23342610459702634,0.5405323653962493,0.32244404113732605,0.20426437188693722,0.27194445629372893,21.89815636281221,39.37348709777112,0.03385171778456262,PN00,PN00-5.edf,0,negative,
105.0,512.0,29.0,2.0,14.942069752949191,4.100478520680794,14.942069752949191,4.100478520680793,1.106279176293861,0.30771583975979444,240.07937260056363,121.10533534340391,0.09923001038859762,0.0320558489662302,11.958786975888751,2.9707873188967855,56.65491004267913,31.70985894850108,4.556940363338733,0.6129435459737588,1.3620689655172413,0.443274487316636,5.811418443329424,0.8209308062252588,17.18103448275862,3.238971042260805,0.6496603333181316,0.030636836550330938,36.61056064479068,21.18655521840451,0.6384687845331583,0.06771514651267477,10.394419496019633,8.088237023576161,0.17758941274639248,0.053754508316986784,3.7181801555496783,2.096613750048147,0.06584806142257991,0.010518443209586089,3.67323143858251,1.3430433608689154,0.07438408200121557,0.025708888576512132,0.5347834141375539,0.18532415737611513,0.011259463397790957,0.004732869296426337,0.5179770724352573,0.2855600607493112,64.5,5.0,61.5,5.0,68.65135678071465,14.181019398022777,0.9307238045385329,0.10332993329581563,0.15378976178043374,0.14677656306946388,0.17544796322170425,0.11164615474090868,0.5495347564313082,0.2025177887246853,0.17013804775174332,0.17659042929091356,-2.0898314717907156,7.17997681480852,0.03849490190025584,PN00,PN00-5.edf,0,negative,
120.0,512.0,29.0,2.0,21.262782483199594,6.1326347593872494,21.262782483199594,6.1326347593872494,1.1238076873850629,0.3059480919911979,489.7151280199042,241.81643902473448,0.0739648416087711,0.033151347238670595,16.40465962255425,4.84472669771194,120.6450304050492,59.35682833828479,3.341508648887352,0.5486121741205682,1.4741379310344827,0.31034482758620685,4.537090937875072,0.8085644157038634,12.060344827586206,2.8274022227779687,0.565421605537859,0.03547707563434577,97.17099828498218,49.09803554705134,0.7905070033148978,0.051223231167313685,11.175810916523869,6.081621023368052,0.09506871382897783,0.021892885577829403,4.786233832178609,2.194503098350671,0.04437321356870798,0.01765646091154295,4.432153070762314,1.7205300847561924,0.04211636883492147,0.014486033280722782,0.6525346886353474,0.22264412207911696,0.006936973770505626,0.005224835601806933,0.5829084961658498,0.29418383520158753,64.0,6.0,61.5,3.0,66.92527435443463,12.100039540268298,0.9461604042658731,0.08905939980158728,0.13573645115957617,0.1390379980126837,0.14669954506133182,0.07516220990338382,0.4937124111536359,0.17386550027337344,0.14724442913231078,0.16080941224061177,0.2635215767925747,0.14714041322222568,0.04645409549666603,PN00,PN00-5.edf,0,negative,
165.0,512.0,29.0,2.0,50.89823313984278,26.72944321303218,50.89823313984278,26.72944321303218,15.190898848778387,10.117167930105268,3305.093271236502,3531.1106969768525,0.48844385239927246,0.2570764010743867,3.800628673668593,2.428017299386759,394.97817247603604,353.1668211378719,11.102823088759248,6.036086383848176,1.043103448275862,0.14781403620243316,12.734407915251479,3.017472320113613,37.11206896551724,7.352745853179657,0.6711087390221678,0.1521339323274414,227.94428753106712,285.6546220021606,0.5550807925222591,0.19776223103054213,12.698898908723383,9.281821418090008,0.04800382646264651,0.03904442541078467,10.57666544005136,7.254258008370395,0.03298073471344923,0.018153589047239314,59.02444535131214,56.073986488632684,0.1523557010474857,0.07108501419094976,78.88936563966985,81.62015224176334,0.19429434410454202,0.12877646604309628,0.3141902021184106,0.221476789365843,54.0,30.0,51.0,34.0,88.85707209056471,37.42883963024899,0.7505313648897058,0.2580710018382353,0.18010611659331244,0.07712474288664353,0.17730999903697803,0.2198752874563874,0.46087743102668477,0.5933966530981456,0.2563832986391197,0.19091785410205972,82.05375163400035,98.4378071370706,0.0342053641833557,PN00,PN00-5.edf,0,negative,
245.0,512.0,29.0,2.0,11.66389918345341,6.196683894758509,11.66389918345341,6.196683894758509,2.413798997649056,2.2366219086395884,174.4454354533245,220.68705525452998,0.2737793222730442,0.17681165303251586,5.992227451097007,3.8979819553410127,30.038188587644957,17.549372931056723,9.760397749240731,2.746178734922814,1.0258620689655173,0.07613586953730904,10.347434063731756,1.4575207952538332,31.482758620689655,3.353415033963421,0.7966227332514674,0.07759933850391856,13.40043627485777,11.170929298703328,0.4089452976719487,0.10425383821220867,5.558250787541659,3.311840964693398,0.1864046476899165,0.025056946613115562,2.117496409426026,1.23180574525222,0.0736483615876192,0.02418012958742774,5.729226988167206,2.395603008607591,0.22108339694912002,0.07430556337359578,2.3164794835608773,2.3709625351466532,0.07887424135514064,0.0485992865535727,0.402690154079789,0.22984854101834012,62.0,2.0,61.0,2.0,62.4463647934401,3.380772636777145,0.9755565356182796,0.03156922043010757,0.09082682271363644,0.0657033287435965,0.12212462623035439,0.04986054732640226,0.3908030008335649,0.10363989997221451,0.09367195684413564,0.0703808307263438,-2.7662167321531763,0.547316257381802,0.16096035647526918,PN00,PN00-5.edf,0,negative,
285.0,512.0,29.0,2.0,11.72491064174206,3.380524597801865,11.72491064174206,3.380524597801865,2.289326949633212,1.9623856950538625,148.90147611317963,87.08899873643502,0.2611331874823913,0.200289038993917,6.130093992112274,2.642265019521035,46.67648947997145,26.311502243598806,8.243005106437504,2.210931514863765,1.0775862068965518,0.14831595288004532,8.710678273918331,1.6582439069567925,26.68103448275862,4.997368510855858,0.7770440097498917,0.07907723989407665,21.63981413137661,14.946619705339652,0.4449144820898887,0.1046916378886836,7.83218471022558,4.714686640380671,0.16841736596521287,0.031065009168057874,5.36081202516538,4.039008908122282,0.10947769612054613,0.03914058669232028,8.723036923204452,4.208696083679,0.21110210698238327,0.06892628255325127,1.8073030323729689,2.4226289120201123,0.03918914164186381,0.03892990239707573,0.36790061300628096,0.24105921922572046,60.5,1.0,59.5,1.0,61.847124063782076,2.2440332541218666,0.9840996866172316,0.016506664901129953,0.08333613567678438,0.0506709830009413,0.11486911621833805,0.04384819416821076,0.179281122150789,0.048217416715371136,0.08490450153037488,0.052913819468123055,8.269089556812837,12.332300979561998,0.17782966804113295,PN00,PN00-5.edf,0,negative,
305.0,512.0,29.0,2.0,11.264724590793474,5.391956821077517,11.264724590793474,5.391956821077517,1.930420643848812,1.5133179328206665,155.96721846679162,182.75331689158705,0.242989157173183,0.16106719360702865,6.658738983515735,3.9560765506793305,33.96860373304677,19.764006372810304,6.7155241985446725,1.9496362321934018,1.1637931034482758,0.4061799651513705,8.228339802658429,1.929964440182289,26.189655172413794,6.478630380352923,0.7419137219200491,0.05423295968143111,17.74634630510093,12.198500196163973,0.4992154986396558,0.09525431266975924,8.226787928871358,4.864357382249214,0.25009946786082327,0.05744651504208558,2.2772650679192417,1.1176601863814524,0.07266534746636452,0.015776068910588536,2.958947332321116,1.6532599390460119,0.09426840066940391,0.02986862709224937,1.516513295201426,1.7767824608737788,0.04713190029876276,0.03954225347564656,0.3745792461446875,0.24217918568457117,61.5,1.0,60.5,1.0,62.52949171092898,2.1950095789611552,0.9765323492998634,0.01614103056693994,0.09955468692777014,0.04006866457306556,0.14575238759474884,0.0333479245529362,0.3275423728813559,0.044915254237288094,0.10212367412768078,0.04271957395848505,3.269024213617981,3.2408519933575217,0.1721760637856233,PN00,PN00-5.edf,0,negative,
315.0,512.0,29.0,2.0,15.401100429538253,6.132154052802461,15.401100429538253,6.132154052802461,1.8635475678843525,1.3255896515083905,274.7972077680251,270.03224753322405,0.17548968032238974,0.13189250954743795,9.151542422695652,4.711078263718846,52.05368749658933,24.23855916458571,5.556985542300843,1.3460928136171146,1.1810344827586208,0.17241379310344826,7.494528418502767,1.5217252060652584,23.28448275862069,5.223753826780717,0.6789214547268144,0.04586337880125167,32.632635414781625,16.2513774315953,0.6143186546594328,0.07525731941045032,8.521482423698856,4.1869556930154035,0.16719794272574487,0.031870175444664146,2.7377434163480894,1.3727681951983002,0.053778896608317875,0.01391469401742991,4.687357003538182,2.0712131066115225,0.09759925038948415,0.03335110391890971,1.568977525389254,1.576019738380385,0.031126701894643387,0.024797614083562087,0.4494487512850196,0.27669778323505034,62.0,2.0,61.0,2.0,63.74236656649107,3.939772680836448,0.9648469002016129,0.03163432459677429,0.11624924405908184,0.05760637478082467,0.1624542639040791,0.03839372292891746,0.4328980272297861,0.05223673242567378,0.12100655986181821,0.06367262574092865,3.3643454783151845,6.384393354746689,0.17243544859984095,PN00,PN00-5.edf,0,negative,
320.0,512.0,29.0,2.0,16.140250643662725,6.098315670910799,16.140250643662725,6.0983156709108,1.5683095768974273,0.8811932354352133,297.6971448623312,278.28003815751117,0.13873046225784336,0.08647787359451789,10.627784696366067,5.292324144748999,42.80600375059112,21.03959978614462,5.218585367743058,0.9595206405588086,1.0086206896551724,0.04561640191490674,7.426145865263049,1.0949633281768443,23.189655172413794,4.736439432926763,0.6496900944595051,0.055664909585191734,26.305982368637885,12.031462009331335,0.6242630933212898,0.05790103901421625,8.052189381130354,5.899895136364597,0.17268881611348916,0.05130864935686308,2.451799681971996,1.6148866604574497,0.0548931699557078,0.013972299180208713,3.427051256677192,1.4500983007262471,0.08654499054799229,0.025232302585009414,1.3730669607984096,0.6842871773730208,0.034954981296332406,0.01658100347432606,0.4882133462581493,0.2751914122798507,62.5,3.0,61.5,3.0,64.10353819910041,4.081099762930556,0.9603035094246032,0.033950272817460325,0.1193326047345516,0.055097568730366364,0.1615912832813523,0.037221623511487334,0.40418261344997264,0.06260251503553854,0.1248116152674548,0.061787712465027636,3.4576519657419746,3.126207207734964,0.1755049085034467,PN00,PN00-5.edf,0,negative,
335.0,512.0,29.0,2.0,12.567590039036896,2.796374013733658,12.567590039036896,2.7963740137336583,1.547060141056645,0.8033585033602756,165.76402701398422,73.85638293181842,0.17145187372812468,0.10980033727851887,8.324875604733013,3.2537528015420487,46.51821366508029,22.312299322636537,6.420982367879204,1.6815917288340247,1.2327586206896552,0.3469760654741053,7.720274120678153,1.4378770572581612,24.017241379310345,4.670122863739848,0.7241369436344981,0.06057542495458994,24.620570491216245,12.108185633102261,0.5259911514096355,0.09515324283683084,10.290702359205875,7.123180535672704,0.20795557134635617,0.05998720807350368,2.9094912964481425,1.4457138159920815,0.06436348854154601,0.01689327430432716,5.624867645401497,2.3373193495489923,0.13427648228062425,0.051697112821804544,1.0699657951971824,0.7635715072786948,0.02631645806676988,0.018253503828870005,0.5145725011028305,0.2531930424061432,62.5,1.0,61.5,1.0,63.03616666934521,2.147625798756657,0.9706243699596775,0.01578251008064513,0.10881597792328132,0.034885128254968936,0.1643181929153967,0.028558576097165722,0.4709016393442623,0.04180327868852457,0.11226277966247564,0.03776632633713496,-5.399979051256009,9.597174098054431,0.17901129188880807,PN00,PN00-5.edf,0,negative,
360.0,512.0,29.0,2.0,13.420684131400309,6.374979785593605,13.420684131400309,6.374979785593605,1.319167604125267,0.5400941714465961,220.7551298215472,260.3275632675179,0.1452759172634213,0.07163985019472943,9.64446072210885,5.043652318944324,49.19024636281974,27.3270966380569,5.471498056480696,1.3271912078294597,1.206896551724138,0.29411589843503416,6.7177339131435385,1.2863943361791375,20.53448275862069,5.140577309727862,0.6989248684259112,0.06206713241785735,29.575139361413925,18.623757335887994,0.5712458276172654,0.09769563957892043,9.771773724931208,5.52467290405196,0.20913038659037253,0.05012087816592628,3.6967593240942893,2.0886697491749104,0.07879793592352334,0.021844886097109384,3.8446155307951746,1.613595015645161,0.09055747140259346,0.03498066736090699,0.7890040121928813,0.6232508801691199,0.01891480445364379,0.013604239177253865,0.4278174959008289,0.25405239790882267,62.0,2.0,61.0,2.0,63.05588137569356,3.757192310126179,0.9713641423051076,0.03181598622311832,0.10579742643232581,0.06351060467880448,0.1415889045772919,0.03992531971291134,0.4495693248124479,0.05168102250625173,0.10948108920105376,0.06896883525629906,-1.6140529666590417,1.3380388104080811,0.18422758133675463,PN00,PN00-5.edf,0,negative,
365.0,512.0,29.0,2.0,16.226419832156434,6.078120316307733,16.226419832156434,6.078120316307733,1.3761990488444003,0.568521519127,300.2402471489125,272.0173828665096,0.12267725148893308,0.06501480775214187,11.079722440338909,5.077277548272537,76.2599841411401,33.23177558022175,4.396062128492822,1.233508215859094,1.1724137931034482,0.18689209817826552,5.920913102360315,1.2218701478788523,17.663793103448278,4.561021069735714,0.6159903286942481,0.07272802589553,53.38965161039498,25.68266658480811,0.6863555432709398,0.08445213475034843,10.10758549722004,5.36445932475882,0.13387285523575268,0.03898250516290212,3.504745927860155,1.6450580025327148,0.047890202983102106,0.01637803002252172,5.878335879675302,2.409369696216119,0.08573712225459768,0.039712072245905984,0.7508472753523576,0.5934072738678282,0.01147093903252138,0.011294329618323213,0.49448689544893376,0.2581085250577025,62.0,2.0,61.0,2.0,63.12690852244485,4.246222144805763,0.9737661710349462,0.03189474126344094,0.10662109853691629,0.06854933573767169,0.1473776842549141,0.058662507122141105,0.46624062239510977,0.051125312586829674,0.11009950102386887,0.07400229436957494,8.626428524991702,19.844881895564228,0.1823579186544763,PN00,PN00-5.edf,0,negative,
385.0,512.0,29.0,2.0,17.590934704754606,4.674137664308276,17.590934704754606,4.674137664308276,1.3308608564442137,0.4559197650152694,331.2885466918452,167.1104810343303,0.10928985122747281,0.05262070175975703,11.48456530615637,3.9592574383373966,91.35247738173243,36.90182798540931,4.309175346799569,1.0488674188111151,1.146551724137931,0.2501485884232225,5.616608770752766,1.0684411202055075,16.870689655172413,3.9629864487960664,0.62933776073086,0.06242917996052439,65.39418050594232,29.725916651539464,0.6996120941210372,0.10641025641691085,10.984697309478793,4.946016749651246,0.12593480677446595,0.044845949646582436,4.689866304149127,2.9032875041071753,0.051378760607860195,0.02201375253841976,6.951758383736032,2.621572041904835,0.08264890810614021,0.033100482357243784,0.7426539719425445,0.5340421100866652,0.009345047316559723,0.007870708969628803,0.5131107450697288,0.264904022287313,62.5,3.0,61.5,3.0,64.00261286136654,6.098214900891492,0.9660861545138888,0.04718967013888886,0.11191856686365245,0.09000024033676514,0.14497198013056609,0.07044862082233024,0.40418261344997264,0.06260251503553854,0.11705484390359719,0.0988773303109808,6.585554779930786,11.538875018037936,0.16422279036027937,PN00,PN00-5.edf,0,negative,
390.0,512.0,29.0,2.0,16.99491470705922,5.148773080641344,16.99491470705922,5.148773080641344,1.3251872671790694,0.5059534313769003,315.3369901361548,201.60341926995721,0.11190846068355302,0.05679989561539436,11.632056219802465,4.30183153705918,53.45478240325829,28.858095159343012,5.442132724386088,1.257815616200123,1.1982758620689655,0.28146254685025013,6.631233329450757,1.2296459274407427,20.060344827586206,4.667687519280362,0.6937255903605597,0.05369297752356616,31.7613062673605,19.103802408902478,0.5771048218566882,0.09125013597128695,9.5736400611956,5.239493186012873,0.18379991134359347,0.042155015937136234,3.8369218454620255,2.933080947807536,0.06803194182915762,0.02409158206238028,4.9113687040616645,1.9103129777927232,0.10449037312645552,0.037214722312946806,0.7676783339118761,0.5561736399646987,0.01678813305045921,0.01308320856464144,0.49959012927188634,0.2733088501664922,62.0,2.0,61.0,2.0,64.08154413802998,5.875079804681334,0.9654438634072581,0.0439169606854839,0.11419543598038139,0.08624138276586638,0.1437842422064586,0.06911839774898411,0.3828841344818005,0.05390386218394,0.11936044023299985,0.09475779379250164,2.4037294262964863,7.297977527729772,0.15732710426418847,PN00,PN00-5.edf,0,negative,
415.0,512.0,29.0,2.0,16.271891327890465,3.7748355485068754,16.271891327890465,3.7748355485068754,1.3304861536803392,0.5601561987558544,279.02383080494815,119.19552064050589,0.11746743375342833,0.07328393669667324,11.635342023618122,4.1992589202999255,53.57161571448252,24.608132553131945,5.137754246207529,1.1825623445026532,1.0517241379310345,0.1900466179745569,6.442406416507075,1.0418363804204045,19.18103448275862,4.475939774045212,0.6498607373713227,0.07458100190003994,30.62984732854641,15.227052744735431,0.5685498410736581,0.09388396052159559,9.490556266410811,4.631347994217936,0.17700709572234466,0.03571283304412054,6.173358750561666,3.686942144383422,0.11301733868328617,0.04319778276465786,4.5894972191643895,2.0020756411564133,0.09041177271285897,0.03002679772039145,0.8645400269866105,0.8195957761931612,0.01681314785683144,0.010976233164222091,0.5097025985910615,0.2960361997246328,63.0,4.0,62.0,4.0,65.54909971945379,8.78754854424622,0.9545145670572917,0.0646687825520833,0.12470409263325058,0.11236565350835866,0.13994382102070546,0.0726840740833524,0.35942964756524076,0.07479149852031208,0.1327928931603036,0.12671698517236407,-6.074630865482192,4.27698620931363,0.13438311919392132,PN00,PN00-5.edf,0,negative,
440.0,512.0,29.0,2.0,19.496740205204564,4.8653679083793255,19.496740205204564,4.8653679083793255,1.2653173437699983,0.4798868509891813,403.79468351312755,174.51000856686008,0.09386215666404615,0.05207470111324186,14.149304118844785,4.915729593049511,201.79024306379375,109.96483685936117,2.6198839025529885,0.9679840245862296,1.2327586206896552,0.529032275605733,3.622747310940581,1.1668705261703993,7.879310344827586,4.229219322298134,0.4776776086112466,0.08741931377589532,178.43664198144083,100.16712580926841,0.8592638666469145,0.08766730476139704,12.500644385583431,7.18264860767213,0.07370247818336552,0.04472427387796999,3.7924776066902552,1.9015001658934065,0.02314555806919623,0.01744228669058111,3.9888655243846594,1.899434400840557,0.025737225795186308,0.02109646943705926,0.7848114023607596,0.6610515368106986,0.005643136108315766,0.005893484037410204,0.5725323742898583,0.287405585440646,64.5,7.0,62.5,5.0,67.11940001883934,12.820369336977656,0.9505346053685897,0.08532401842948711,0.13626460898308293,0.14949470935074566,0.1597516421978072,0.11690161684116862,0.323093220338983,0.1038135593220339,0.14718164468108216,0.1704859957740909,0.7439491680852228,2.8696680387622964,0.1302738701322439,PN00,PN00-5.edf,0,negative,
470.0,512.0,29.0,2.0,16.46148623975326,3.248351248746248,16.46148623975326,3.248351248746248,1.2936238220018725,0.5019706092588408,281.5323150568173,102.95841106834365,0.10840864169316293,0.054444851309491275,11.648442489582637,3.3139593827889393,71.81663316011021,26.305284782707353,4.409570393552896,1.1118337867298076,1.0948275862068966,0.2218048332804932,5.7568501362149735,1.1736399553263845,16.92241379310345,4.9056193360425535,0.630335108769384,0.07355683674663988,46.72112997476694,19.178957900528562,0.649978569694441,0.09716072595668579,12.23397702748753,6.070859229697755,0.16719556149088743,0.04486405823326219,4.863316827225434,2.7360814153520954,0.06901235208972939,0.03295640342783631,4.994991537768282,2.156943182440334,0.07319171323173432,0.02729612129784215,0.8018337434031404,0.8315228866661498,0.011747602878350966,0.010600789682984448,0.4857825526989471,0.27504190398048395,65.0,8.0,63.0,6.0,68.34002775232489,13.470068844222766,0.9339029947916666,0.09762369791666659,0.15107525678173306,0.13603607387864472,0.20945363841642042,0.1463840246736428,0.478748370273794,0.21173402868318125,0.16602783942771301,0.16301942104239103,-5.875305745069025,13.588228520189608,0.1214101258346996,PN00,PN00-5.edf,0,negative,
520.0,512.0,29.0,2.0,16.831841620024672,3.3726017328871776,16.831841620024672,3.3726017328871776,1.5706622050373527,0.532750661102372,294.68533477026847,111.5533983979683,0.14349442191902384,0.07109671861776413,9.677260387856261,2.9628998269028632,56.60909046008432,25.090854587689925,5.346777555287228,1.907768166609444,1.1982758620689655,0.2401446254686917,6.889643012871365,2.056473514566273,20.146551724137932,7.222306573894839,0.6747212719003223,0.07770544448401578,35.830562969180384,17.98386979964892,0.623152361430459,0.08085016495416056,9.908566881235114,5.726701223634107,0.16807774850634455,0.04291864149932027,3.1802490371412744,1.4499561476739842,0.05818828298614114,0.015000421213310406,4.65150628740582,2.126787462037845,0.0909598972346721,0.039522087017024414,1.1630890582891125,1.4236892062956426,0.025573028600948535,0.034466136998081195,0.4870731080878144,0.270402702892365,65.0,8.0,63.5,7.0,69.31070973052812,15.374641642719915,0.9292543629508707,0.10705116993159203,0.15671923348836175,0.14036912070392135,0.18841234814345761,0.0924076648254451,0.5639445300462249,0.14483821263482277,0.17357686604104772,0.17105190314299165,5.43174456522202,8.632154800643555,0.10979815505132293,PN00,PN00-5.edf,0,negative,
550.0,512.0,29.0,2.0,13.120141581408362,8.717733123505662,13.120141581408362,8.717733123505662,4.89408879024055,5.09594085934378,248.13698592886846,349.95329916539384,0.5140242483467905,0.2507161203996447,3.1908004235777323,1.2817100109536608,46.10114624052472,51.587469985256654,11.764235139605939,6.034756526369158,2.3620689655172415,6.171956253510208,11.49491295295623,2.044795014386197,35.80172413793103,5.221135474974582,0.8072257130430539,0.07633509075758436,14.576530535479584,12.472546495355303,0.40672508788778056,0.1481209920548189,5.723150329336429,3.4341244413657117,0.16334115282256406,0.055414488312904894,2.423453795197538,1.6705740261374527,0.06681283547591053,0.028762615825024908,10.75778985023836,19.01435815475576,0.18119569225911858,0.07601896403016847,11.4726007158464,23.82351740893713,0.15294508331826473,0.13018888270795856,0.28412970183665626,0.2089100080908897,65.5,9.0,63.5,7.0,69.6772036203744,16.52955706509762,0.9296321128731344,0.11182952425373138,0.15842937480649655,0.15346568185662574,0.1775313152639767,0.08930865433190557,0.4761171032357473,0.13867488443759624,0.17602299153824064,0.1862567427053753,-13.027777147869601,28.289104277878575,0.1135262231500973,PN00,PN00-5.edf,0,negative,
565.0,512.0,29.0,2.0,9.620582317117067,2.7112610365237737,9.620582317117067,2.7112610365237737,1.9985382382065464,1.3585271074037437,99.9065405285975,55.415376801405536,0.2725035740360708,0.17057827442804932,5.473428822139367,2.2851233416273353,32.97967121669716,20.543108014070587,9.192981823350912,2.457535205702696,1.1810344827586208,0.3209398356721773,9.741023729821372,1.4622688804885073,29.525862068965516,3.90255488131361,0.7981588921451078,0.055160670277507595,15.43808775435173,12.145643601016754,0.43913419685877964,0.08932314298868617,5.702989527071499,3.9856094747464184,0.17025598718141435,0.02658596883236259,2.54854412141121,1.7062316807597542,0.07635275441518029,0.019548347655736934,6.702076422999716,3.0259158832585578,0.23465878578356983,0.0721857469671607,1.7643632775112033,2.058794668632229,0.05512073630806276,0.041797106882706686,0.42295678146538795,0.23901845556404044,66.0,8.0,64.0,6.0,69.70940801038533,15.78182145196751,0.9257552051474187,0.10891479462319553,0.15797046217230604,0.14246578031812798,0.1917650989025236,0.11181501189781057,0.4477272727272727,0.19545454545454544,0.17577412197530043,0.17457118449299486,-10.051766157315093,14.98519506901119,0.11860086250650365,PN00,PN00-5.edf,0,negative,
905.0,512.0,29.0,2.0,21.84559540595848,4.703184426836513,21.84559540595848,4.703184426836514,1.2750175141966036,0.33302674403673466,499.34998239367167,191.2944884959655,0.07809693797536409,0.024480321828991458,12.784677833139684,2.6904623330959994,147.0173433482781,67.86733537116838,4.932870790332658,0.999462247895504,1.043103448275862,0.09443492370778725,5.261237109414724,0.7716993373292939,15.172413793103448,2.2515353461543,0.6623485634784406,0.06292088636048995,86.27160769148895,47.71186644512416,0.5687321519279167,0.08433008111660496,23.68071414594565,10.195532169978797,0.16327498573532867,0.024291136992473965,19.488042024381006,10.144755389919284,0.13768430654131852,0.048106914250875106,12.463937715803729,4.736234221173375,0.09520616701945948,0.03745822797847287,0.7094283479397137,0.9413691125081319,0.005111177835709216,0.005247075156422874,0.5042363316407534,0.2830110835938641,65.0,8.0,64.0,8.0,69.6797608655642,16.69902564291069,0.9279861749387255,0.11596775428921569,0.1551903584174804,0.15498299545365246,0.1826163003800102,0.1131731297484316,0.40728560586896023,0.17050341512775108,0.17312709323903214,0.18864521949883772,5.4744776761716505,8.795207446845819,0.10171568892598087,PN00,PN00-5.edf,1,positive,5.0
910.0,512.0,29.0,2.0,19.149319436052362,4.391309351454593,19.149319436052362,4.391309351454593,2.1991482037844134,1.2237800831553882,385.9800326841454,166.73263499657693,0.20157627628487162,0.1476511547001825,8.092375172796228,3.521024034408717,102.81373538604227,44.345085212688296,6.425927084530364,1.1536583545205996,1.3275862068965518,0.533787088979749,6.558931653050599,1.3127055081447698,19.517241379310345,5.131852456120615,0.7306709220526888,0.043861710852538156,45.67472925385957,18.24503204927068,0.463510998491866,0.09669179258044915,22.415692102311823,12.702544808572824,0.20359427383467418,0.04821481857347339,15.706226939302955,8.910889475217271,0.1518522080122077,0.05973964320071284,13.298988698867207,6.924275372687528,0.1308070941779142,0.04004750277875695,2.007947442899511,4.097314897260093,0.015766987459241218,0.021336149428959755,0.4405104712862788,0.2715447108973018,66.0,8.0,65.0,8.0,69.9426525013388,16.617813706327873,0.9254538730250654,0.11387196706462344,0.1582302096825573,0.1487348629164622,0.19018434697584993,0.10889181305993045,0.43235294117647055,0.16470588235294115,0.17658796600415855,0.18244375747587757,1.2165298095643713,0.19435457118961974,0.10410235238174669,PN00,PN00-5.edf,1,positive,5.0
915.0,512.0,29.0,2.0,22.096211510200945,13.050828299913189,22.096211510200945,13.050828299913189,7.531427036530572,5.62307914047952,658.5666824173517,734.1817729126715,0.7135620699021252,0.15613659781223466,1.974423044919369,0.4612057456152275,51.60508404413074,51.377842099374135,13.160571127109964,4.95718502856265,1.1120689655172413,0.2673803865391522,11.241692987132106,1.949123886002034,35.66379310344828,5.607597932973036,0.8614438848361381,0.04671730030690049,12.67082089794309,8.058157337929423,0.2942650155049259,0.08547927459116457,5.483484065539724,3.7262971896658215,0.13413866110124492,0.05471746178298218,6.025903316626277,4.224267019896496,0.13765706752587947,0.049726137207043435,14.799241165031283,20.07900423813374,0.2589701135724214,0.061166131333846394,11.060582625544187,23.991784164193646,0.14128417206197963,0.11798181104067418,0.29319462671979274,0.20891321945011468,66.0,8.0,65.0,8.0,69.83469119108219,16.255100402532072,0.92427452705512,0.11411744179139938,0.1566717197608007,0.14412040251437547,0.20143428574800343,0.12785867658051056,0.4931372549019608,0.21960784313725484,0.1749876554463146,0.1775333424169961,14.20715732841956,28.316317164218166,0.101371209276135,PN00,PN00-5.edf,1,positive,5.0
920.0,512.0,29.0,2.0,32.234054055222664,18.158041686955798,32.234054055222664,18.158041686955798,13.546642494829943,9.73701288222588,1368.7487187402414,1448.1448590785258,0.7562860274656664,0.16795062329692867,1.8643167813003187,0.4692059274109119,297.57408486793673,280.5819126140565,14.144576411848888,6.813815649266121,3.1293103448275863,5.499067589324753,12.452454815264248,3.028881359242145,37.26724137931034,8.415895017271545,0.8119659902134917,0.09575867270144481,111.37456690596235,129.93315583325793,0.3971709621184168,0.16721048026119625,32.2921881511584,34.05265767665807,0.1337330755412937,0.0634759995560614,16.208728445536117,11.812485266392786,0.06951510016339155,0.0433492511909185,51.44098936581788,64.57011525950728,0.14361449040803007,0.07868995179948507,78.78610961751211,93.78057638834895,0.22919766743618844,0.16518783327688547,0.30339689650431473,0.2223827402923048,66.0,10.0,64.5,9.0,70.48754296480155,18.357226053813406,0.9187967051630435,0.13441179800724634,0.1557625247450471,0.15742811418111735,0.18687734532716344,0.12175114512290416,0.48055832502492524,0.21535393818544368,0.1767408749710419,0.1971972384633196,31.863253001355055,63.00220370541166,0.09926280391892035,PN00,PN00-5.edf,1,positive,5.0
925.0,512.0,29.0,2.0,30.254312372101094,14.094921930680435,30.254312372101094,14.094921930680435,10.359206910024183,7.040480108938554,1113.9902413406455,1033.5957593868684,0.6577633236060763,0.2118816882231084,2.27809034836817,0.836605261436524,304.76820742839334,349.19218075432826,7.596023500198185,3.0647786866933844,2.6379310344827585,1.2535917481803343,8.60361947086096,3.147985333330422,26.28448275862069,11.274346096553678,0.7460668492727712,0.07696457535466324,143.1711415940307,183.11624591582358,0.4695608726838276,0.11729050374571443,78.51638708367464,111.72130809856058,0.23183321162067858,0.06865043101936812,25.56924220573105,21.930310560000564,0.09816626568293434,0.04581917290939754,23.88262344784797,27.840091351808987,0.08685543780995779,0.048363012257958735,18.25630431390548,27.289369155762383,0.06461632735566371,0.06144346901557887,0.29170125267448177,0.21930000192505256,65.5,9.0,64.5,9.0,69.94685185684297,16.437332091643903,0.9179715806159421,0.128119338768116,0.15883204947041327,0.1404610157285217,0.16797393879439404,0.048244037555933456,0.4901545363908275,0.16674975074775666,0.17923676800691252,0.17802807339508983,31.26810048314576,60.248471270736275,0.10375717253745609,PN00,PN00-5.edf,1,positive,5.0
930.0,512.0,29.0,2.0,23.78035797264258,9.658571165580137,23.78035797264258,9.658571165580137,5.169097042121642,3.216940101514569,658.7934222676013,574.3332291488605,0.3563523436494578,0.17079445184373404,4.5960150238001996,1.900081089965236,317.308130122543,402.0985303827869,6.944189687027093,1.0273185922119124,4.017241379310345,1.3341196155639792,6.530271400368378,1.3740806660794835,19.71551724137931,5.975785959680085,0.7325851250969726,0.06304597343514395,67.701072419621,75.06343609740702,0.2719912142732933,0.08390882239371027,184.19433109417577,285.0830668875403,0.4418386065349992,0.14958491580495858,28.97112784491299,23.15636706721043,0.13128102111796644,0.061182807095701466,23.322796769194767,18.772397712719624,0.10825270550304525,0.04869176295262348,5.886125642447469,8.146838468019459,0.022752923151882053,0.015625262462479056,0.4673029342987043,0.24961249495828475,67.0,12.0,66.0,12.0,72.09523395380702,21.35911175513266,0.9037055121527777,0.16472439236111114,0.16528378044321848,0.1624418848644411,0.16133483302999357,0.052371881392679814,0.48221532585342564,0.21866793984244448,0.1926872148052026,0.21487328186856863,39.08400198954212,75.83604845230721,0.10454087068030643,PN00,PN00-5.edf,1,positive,5.0
935.0,512.0,29.0,2.0,22.21268283208282,9.174820775213073,22.21268283208282,9.174820775213073,4.309101993250298,2.5047599613971916,577.5806148559882,507.5083574405835,0.3036597404201711,0.12676675067702048,5.076534212489854,1.9106487072127847,308.1254639721113,367.8309275607171,6.320979139475886,0.9052813569721986,3.103448275862069,2.232708693357371,6.502810168445689,1.2510577022845917,19.71551724137931,5.516716031022814,0.7120657898233729,0.04632649193986624,93.99208274959793,83.77725660560051,0.3843869980531964,0.10646332789513854,159.69017792453144,246.92906206931136,0.395182211810303,0.15237878893415144,20.487315948787675,16.895302805944624,0.08714145512874397,0.03934014701593844,21.429661090962608,16.68124378597275,0.08959745368355704,0.03486418959705694,5.976972583989433,9.392476906568966,0.020232427516595385,0.01439164493811314,0.4947903495600486,0.24754952622161908,67.0,12.0,65.5,11.0,71.99318358619257,21.022625758106727,0.9066754694835681,0.15644072769953044,0.1660305614534996,0.16523818295156534,0.1963697208789969,0.12296122571483348,0.49939467312348673,0.2869249394673124,0.19241359824949006,0.215445893106895,36.410100330465234,74.30850344163618,0.10256390630099291,PN00,PN00-5.edf,1,positive,5.0
940.0,512.0,29.0,2.0,24.47099658248806,7.753188476156476,24.47099658248806,7.753188476156476,3.6598785121016366,2.1538763619697487,658.9416052869476,412.5311504000474,0.2161583601759059,0.09155417773115522,6.886016486821157,2.5773608040516414,355.20064487324373,260.0156077800025,4.925197967044104,0.8751114515391035,2.189655172413793,1.30095318572144,5.57528353732343,0.987736250862042,15.655172413793103,2.8446969666982893,0.6689000370901046,0.036482709747076875,203.3956884926567,111.96528905603172,0.6232502678331101,0.09192404133454005,79.50547040526929,92.16645309835857,0.19182792819220829,0.07657093617576573,27.650283539250957,28.61396788824642,0.06701335854385297,0.020840281048345084,25.7879323159282,22.974913106262914,0.06575013660095522,0.024509715243463348,4.547169903296989,5.348906753299962,0.011372956622446988,0.007778786893053776,0.565784156974907,0.2616131211042496,64.0,6.0,63.0,6.0,67.03387335352521,11.081113709549783,0.9399562026515151,0.08948863636363635,0.14387305525120034,0.12105142863974915,0.18836782531380997,0.1070547553604295,0.45488917861799216,0.19791395045632337,0.1564833919057304,0.1436821349909433,17.297753497424093,39.24676672535298,0.10305661570906267,PN00,PN00-5.edf,1,positive,5.0
945.0,512.0,29.0,2.0,27.910018763410122,8.474373297424275,27.910018763410122,8.474373297424275,3.761625890024318,2.257430503936335,850.7841501580025,496.30896276633507,0.17457519698223245,0.06404180648299762,7.659500810081662,2.0289035998259517,576.3807502426882,328.37449822632243,5.379151187061795,1.1615964408500012,3.560344827586207,0.8191016220841176,4.885537839244479,0.8660862270086443,14.862068965517242,2.606016089227525,0.7012552484717531,0.05151672745284872,256.5956473660986,97.25865937263988,0.5029179383605002,0.12672082450549887,162.92971487917103,130.8971308295073,0.2526112137972,0.0679601273270696,61.082505410149096,67.2592372280607,0.08818438593853609,0.049754369366866044,50.46818532033869,48.6531884582276,0.07399230859475378,0.03515733607096542,4.3389495339122925,5.343936955167092,0.006220370909811943,0.004089377689815499,0.545118145693865,0.27371266129052063,64.0,6.0,62.0,4.0,65.90162064702244,8.769610507698573,0.9490946451822917,0.07043050130208328,0.13508298079800182,0.10360662377516565,0.17258528884127744,0.08757635431010233,0.41552327145547485,0.15308044121603442,0.14455246403064995,0.11989059980360613,14.155000640298589,35.83983746747782,0.11065804782042706,PN00,PN00-5.edf,1,positive,5.0
950.0,512.0,29.0,2.0,31.555857695149097,10.153393434540675,31.555857695149097,10.153393434540675,4.901443910785377,2.703512312517755,1098.863553113074,682.4666049986245,0.20627654443655297,0.06870951146375248,6.547217438163375,1.5478440107688216,853.1823890654997,547.2959995537145,5.447717825300518,1.1649392231668034,3.8706896551724137,1.2328490441879143,4.902567706260736,0.7889049307760456,15.0,2.7480400539167973,0.7018017851785303,0.05093037464008444,327.51967465151273,145.6450475460038,0.450526928878502,0.14819366114423604,307.80081640385185,266.12054594151505,0.32176855626367856,0.10517926130923334,96.39646578800826,137.7967411157534,0.08949566724167042,0.07227806450402391,69.04035589834987,65.19274201122379,0.07077145288409509,0.031292198839297916,6.453077568763454,7.77730628649539,0.0068368253632703066,0.004687964738401051,0.5032424729140073,0.27057122822789975,64.5,7.0,63.0,6.0,67.84957675000898,12.199982186261934,0.9336203835227272,0.09291548295454544,0.14711194994326676,0.12975079586492078,0.1588273096876004,0.060628782760989625,0.45645371577574967,0.13324641460234682,0.16142898670008296,0.15504165363319555,24.411444061446886,47.51681900466015,0.1100709500883861,PN00,PN00-5.edf,1,positive,5.0
955.0,512.0,29.0,2.0,36.67500531500686,11.206182279814948,36.67500531500686,11.206182279814948,5.487188533590208,3.153065010731295,1470.6345361442197,893.2866286608762,0.19616865500126576,0.07717211111206285,7.153065347971878,1.9110921945996895,1192.795324248095,794.8864266679047,4.448134649028278,0.8571469839974502,2.1810344827586206,0.7625291168102062,4.561634491789944,0.9282697692295033,13.198275862068966,2.953212241710672,0.6642052375165456,0.043649726129510694,691.500239344667,385.85955295491306,0.6172671854791901,0.10527145984486402,273.89875425138905,221.3251773684372,0.21421340283388585,0.05738650948857516,98.68703272080921,131.35417080832138,0.07029178150296478,0.04614050824791282,65.40469205636066,61.42722009184897,0.04935206649552217,0.019989324192421953,8.118575739074087,11.963897909680385,0.006168351295105065,0.005807495292080807,0.5295598805683788,0.2703605815674705,65.5,5.0,64.0,4.0,69.27645415616509,11.294088225175308,0.9251703018084066,0.06246181573802545,0.18028836907579315,0.15075122372886463,0.1934842629153447,0.15949423087936654,0.4095838587641866,0.19621689785624208,0.19784616851424572,0.17630165422760619,31.119985468311693,37.749396743658956,0.09495228290561401,PN00,PN00-5.edf,1,positive,5.0
960.0,512.0,29.0,2.0,37.65851385812494,10.77815910055002,37.65851385812494,10.77815910055002,5.012171524610815,2.7298167428575253,1534.3323795993579,859.522573460152,0.1752279954535367,0.06546692194075111,7.9102419446838805,2.123759682392147,1268.8448784524276,707.687267762656,3.826507137967259,0.797957684909589,2.0948275862068964,0.6067642880954405,4.003210925978966,0.8632551732741415,11.241379310344827,2.7476343732795145,0.6299168681497788,0.04833780759068641,890.2085120495937,468.32732422245715,0.7135293920924496,0.10394361693875748,199.84141423665915,147.31256085584738,0.15325379098202674,0.056324549384468625,79.14959031380127,69.05486415920026,0.06016452672361585,0.030618749567538642,50.804696762666694,49.260258240687534,0.03673521555960914,0.021815614586945045,5.600191294204401,6.936973739748048,0.004017263274715879,0.0032792308930284977,0.54114170519823,0.276151710699342,66.5,1.0,65.0,0.0,68.78567830846896,3.649949809745678,0.9160006009615385,0.004657451923076872,0.1849053089796218,0.10112200406312521,0.19900692349213744,0.1802053786694986,0.359375,0.21875,0.20200319158998345,0.11142222407837604,25.3390231992986,3.2901927755379106,0.09173812967007942,PN00,PN00-5.edf,1,positive,5.0
965.0,512.0,29.0,2.0,36.11298098977804,10.867778903509194,36.11298098977804,10.867778903509194,4.593735475005221,2.3121976295806337,1422.25601426363,837.1443742013269,0.16808501179345833,0.05107104478251574,7.986444583614681,1.9302935697511858,1087.4485954644833,615.4751730842399,3.8724074573386154,0.6042775627633095,1.8448275862068966,0.5923862945727407,4.007749533853227,0.7898471102963902,10.827586206896552,2.625392785289685,0.6343285992260531,0.037016415884387914,730.4003539793061,393.55363024749704,0.687372678707918,0.08273688926870458,214.99402845360908,157.1950273452857,0.18686150186105563,0.043116365500436175,60.718813039108184,45.950944125906624,0.055511788692641895,0.022538287962434456,43.08901300006741,42.635013931625664,0.035320701442919274,0.01920940421736273,5.1952188987902534,6.103795835102597,0.004333294338506257,0.0033143557219427093,0.5460239793543785,0.27187996287450483,68.0,2.0,66.5,3.0,71.50947016764835,0.8675968267633749,0.8950184265412896,0.035383819994343924,0.2199608846453615,0.1161291463554269,0.2225667777628424,0.24729195444129157,0.33138992537313433,0.27472014925373134,0.24457446068769645,0.12008151393996083,33.80650022348162,7.604509409316194,0.09654686437406537,PN00,PN00-5.edf,1,positive,5.0
970.0,512.0,29.0,2.0,36.40262018683556,10.034923956604217,36.40262018683556,10.034923956604217,4.5634317047375905,2.601783430209387,1425.8504552818374,764.1759140794599,0.16835972698296994,0.06675513107436207,8.50987993947186,2.6749386297231843,1092.1056508932659,691.7084161076873,3.557044228981908,0.45102879710575905,1.8103448275862069,0.35752485091944347,3.8047062807602994,0.7524012945325841,10.086206896551724,1.988410236228592,0.6201283344615086,0.03286865282909362,791.3408169194973,496.7587381690359,0.7230666116859735,0.06446683126006789,176.5371427913208,130.44561118707756,0.1653507968578736,0.041487803634118324,53.78952857373613,37.74028080750238,0.049696312958476783,0.013928770668243644,31.940719042042126,32.32192569342548,0.025940942574039016,0.012291071426570342,4.767128761179259,6.293439330810491,0.003929661603297355,0.0033979011244297465,0.5452811546304246,0.2717548177345629,69.5,5.0,68.0,6.0,75.02481701440453,0.481113130116384,0.8620907536565547,0.04889541576381362,0.23478046149864673,0.11181402283290495,0.22222778781237662,0.28149089724971554,0.3058035714285714,0.32589285714285715,0.2707170952058071,0.11434665954869633,43.57918441967314,12.899087294448947,0.0978969724398521,PN00,PN00-5.edf,1,positive,5.0
1275.0,512.0,29.0,2.0,15.085533257617374,7.37941877558693,15.085533257617374,7.37941877558693,1.6701588402907361,1.0986263906974172,282.02913513216475,358.4225783708689,0.15332427516175123,0.07388320235789242,8.981007421269169,2.8395592875239424,54.60847750131367,27.836581248932795,4.60927462602237,1.302154792684861,1.1293103448275863,0.2423011952164689,6.859411352017878,1.59545536899947,20.663793103448278,7.332108138202632,0.6194309991110345,0.07143864235792405,40.151242279274896,25.090865219411615,0.7111552235177258,0.0906962297401324,6.783547822978645,3.104577580807048,0.13481185259759837,0.04765236659066249,1.9029708374848373,1.2236086560003838,0.03600616577100692,0.015384760039366122,3.4193977552352037,1.4360568177524515,0.0703296651879051,0.02756841848173834,1.267644016557008,1.2792647567548454,0.02609993589642521,0.02259820420830253,0.4521674850903257,0.25506111990506036,66.5,7.0,65.5,7.0,71.92207686832751,15.893408069413965,0.9047155322288453,0.09379474199392246,0.17696972615382411,0.13429656568469758,0.17198500999306077,0.03251998764281852,0.6881629701060752,0.0648505303760849,0.19999286025395904,0.169174551514309,-37.01218121887103,50.13559779123117,0.16030767085512387,PN00,PN00-5.edf,0,negative,
1300.0,512.0,29.0,2.0,12.062542194911519,5.171285265371627,12.062542194911519,5.171285265371627,1.752975729365245,1.3387179658323136,172.24711549987052,168.47022798337662,0.18380834335163787,0.0892014414132054,7.606472040210755,2.591120306420988,66.03600901331302,53.83035034584518,4.3802974437762,1.2654188126839312,1.0775862068965518,0.20868480063638284,6.598993236480058,1.594245165953148,19.663793103448278,7.997649401992676,0.6057495845120375,0.08551050362622847,50.42106306099347,50.763265802713924,0.7081431186028484,0.10315761358164759,8.071526131533238,3.7741689044253204,0.15244781170821606,0.061651694766569724,1.618985915501925,0.9383616774047444,0.02944070886410603,0.011485454987133497,3.1077165938031572,1.6628403146151254,0.05945023130420896,0.024851649274998014,1.4713818934733327,1.6146850458345907,0.026003725579659066,0.020312638926202553,0.3452042372186848,0.2357311589836286,63.0,2.0,62.0,2.0,64.23400516948658,4.869306007531954,0.9643070599141296,0.031106679352068678,0.12510384842942673,0.06638339986931066,0.19581274152373931,0.05497259892494383,0.8688172043010753,0.004301075268817178,0.13032352105709458,0.07304450499111625,-1.1361418052327035,4.727853132668349,0.17901422202908066,PN00,PN00-5.edf,0,negative,
1345.0,512.0,29.0,2.0,12.84194667634951,4.996141342394201,12.84194667634951,4.996141342394201,1.3615443816478168,0.4580718773433222,189.87702275138477,177.41881470312674,0.15497840534097934,0.04175956350563034,8.503450479966995,2.5369920895179146,52.81923446272149,32.189509277337706,4.643864704312784,1.311126613626749,1.0948275862068966,0.330971617594008,6.796662248964702,1.4297623067586116,20.137931034482758,6.702928531007583,0.6225752679433826,0.07987946160380932,39.09378956211808,29.51342984373586,0.704194593945324,0.09161871839745928,6.152583995179383,2.6700729394694234,0.12990173713943737,0.036868847167544044,2.044663704408279,1.4319199995573528,0.041035427452350205,0.019740352913807272,3.4495861391942024,1.383640158155841,0.07898005860418658,0.03276065446015773,0.9327043383040359,0.31260337680512473,0.023004802225815073,0.015282223560852954,0.43099504272712075,0.24812637134022164,62.0,0.0,61.0,0.0,62.230248540268605,0.007374777573652125,0.9760662141393442,3.201844262301634e-05,0.10351472575580001,0.0006146587509982676,0.18577937005711698,0.0010239362794732532,0.8833333333333333,0.0,0.10605296981227272,0.0006262516735181939,-1.59297289739843,0.012910212372316376,0.1774035568675646,PN00,PN00-5.edf,0,negative,
1375.0,512.0,29.0,2.0,12.661741357719608,6.024125431681367,12.661741357719608,6.024125431681367,1.3027977245016873,0.4832227186764779,196.6097814264174,244.6316422807307,0.1444720422253684,0.052461953301927454,9.060279482376776,3.2868221345762074,40.98200043764601,27.10077854254884,5.270319258053791,1.4200205359543554,1.1379310344827587,0.3188490001535678,7.436164503818978,1.4783988074819463,23.46551724137931,6.456660600633404,0.6476353257844941,0.08531809662010043,27.36868656277177,24.367875400223728,0.6237447959702906,0.09898800939665736,6.823355472769679,2.925827807608384,0.18549920892019856,0.04635237518203312,1.5658372461874188,0.7852036241681698,0.04323805793703715,0.016404904404086953,2.9888919313698157,1.097581676069332,0.0879955634837088,0.034507568511813524,1.0033659092335319,0.552529094602418,0.0294921439933544,0.01537463006874632,0.4026364226208638,0.2542098290700381,62.0,0.0,61.0,0.0,61.92362894648995,0.005199867019499038,0.9797803534836065,3.201844262290532e-05,0.0991899996334637,0.0005613993334084438,0.17842635470410756,0.0010189196217812169,0.9333333333333333,0.0,0.10123697083816288,0.0005696765415654781,0.6413792708668515,0.009607687509577856,0.17388640544774187,PN00,PN00-5.edf,0,negative,
1385.0,512.0,29.0,2.0,13.480155575856974,6.387124638417399,13.480155575856974,6.387124638417399,1.190366686650814,0.3904372748667218,222.50995549598645,248.79234879279142,0.12676379244880515,0.040644924454887696,9.984026238725486,3.5491901801106898,49.59513786936534,34.01282620594182,4.699653462469598,1.3137656483784106,1.1120689655172413,0.15517241379310345,6.707979252526837,1.4616451329381337,20.24137931034483,7.133723564212901,0.6406953430811343,0.06748310410767787,35.3148724119508,30.753050336106643,0.6695045467431746,0.09901398465113828,7.319404986357496,3.536892462159922,0.16567724693685074,0.0480410118765947,2.050924421032248,1.1534687533090946,0.046036123685541865,0.014851451777493413,2.465720534587566,0.9791135188287112,0.06180966227762857,0.025394222817132536,0.990781764861538,0.32708380798642345,0.026972342278944465,0.01793405559243,0.42262554706582794,0.2534552523158098,62.0,0.0,61.0,0.0,62.97468292007542,1.8343072030130756,0.9703189036885247,0.013511782786885251,0.11109583266826345,0.02849798122304263,0.18134584555625627,0.012212674948228641,0.9333333333333333,0.0,0.11460194394788553,0.030965549246133484,4.438949059008289,11.56383511498294,0.16331127839228068,PN00,PN00-5.edf,0,negative,
1400.0,512.0,29.0,2.0,11.739798177661033,5.311025816394829,11.739798177661033,5.311025816394829,0.9667550235431221,0.21089164815443265,166.02985647462566,196.22296294294085,0.12171280611499642,0.04053962651627274,10.349300579831024,4.298593517413559,49.28899855536915,36.69401384214134,4.189952852904542,1.0755072577887392,1.0862068965517242,0.2566013114851244,6.12906813363697,1.483971690404133,17.31896551724138,6.971585356152594,0.6080080822087753,0.06919378845608169,36.98924725724934,34.114125112888814,0.7115843612234072,0.09577290188223812,6.199540336924631,3.2809089494201813,0.14229194958690622,0.04879490522178622,1.514108044222022,0.8342678596193274,0.036187833395767505,0.013402646475308184,2.03335679866924,0.9861055224014882,0.05029604735880221,0.019151512969435923,0.7840715153386419,0.23054385492266066,0.023015582649466106,0.016399223369699602,0.4274065777786522,0.25155716416875634,61.5,1.0,60.5,1.0,63.52150147076888,2.0014829680999924,0.9638442409494535,0.015931309767759583,0.11781837492266159,0.02668703875359653,0.19418422772616373,0.011268793086796985,0.9327683615819209,0.001129943502824915,0.12236075308383551,0.029710615676016905,2.6713322935335677,4.6628204299646505,0.1625838871201755,PN00,PN00-5.edf,0,negative,
1425.0,512.0,29.0,2.0,11.447601008359346,6.67601277332669,11.447601008359346,6.67601277332669,1.3792244579019342,0.39738690510824715,175.61671539621108,255.91584842476016,0.2032450703234774,0.06363410559906106,6.952445157248518,3.0960652752935944,53.12233801085662,51.4082848148575,5.271504721894473,1.8398610229315515,1.2413793103448276,0.16716137439366652,7.607346869970354,2.011653875970569,23.43103448275862,8.136999508345257,0.6335384711394503,0.09071647438829102,40.1359339186563,47.96903017447896,0.6681958882053072,0.11815217500542452,5.935635798826775,2.8554840226034286,0.14562208223078238,0.05222957636015321,1.7194002096952454,1.1962012082205429,0.0415924619630501,0.0198983170128696,2.811354804627088,1.1276029104296446,0.07817072540509502,0.03927385151483046,1.2344443439631136,0.45659460062221235,0.03782875397478333,0.025954082776815896,0.3611007695448224,0.24367437283752238,63.0,2.0,62.0,2.0,63.77840954373296,2.6271201234952386,0.9622797334439239,0.021905697046578188,0.12254475445088295,0.034226356178538975,0.20004098622577468,0.019597047016818192,0.9344086021505376,0.0021505376344085336,0.12756731652147188,0.038471980527750194,1.6631915479769321,1.5257891312312015,0.1592729821979374,PN00,PN00-5.edf,0,negative,
1475.0,512.0,29.0,2.0,11.344058855044509,5.5883424773418096,11.344058855044509,5.58834247734181,1.3975427918976633,0.27635096511500307,159.9172429507765,197.76586266927757,0.1993789926735325,0.06599268679219848,7.029550688160823,3.4114565887228334,43.96040630431118,34.48092205470076,6.807515233355572,2.4834704336066964,1.1724137931034482,0.20868480063638287,8.580987468065702,1.870180099407241,26.051724137931036,6.473546738239864,0.6975585592190503,0.10838644434589387,29.001873205849396,32.81766960189414,0.5729433472668102,0.14848742254419967,6.290674300617761,3.438202393782176,0.17234653012644133,0.06701810138921818,2.174535205482242,1.3271424820182918,0.059062839868220994,0.0226633103747577,4.512411878097432,1.7782676269137256,0.13470414409512654,0.0557636511045719,1.2824080975670311,0.6440763077535603,0.041537073995300135,0.03255050554901077,0.38315423698369633,0.25722691354650284,62.5,3.0,61.5,3.0,65.80868896614015,6.960530975539534,0.9509750124007936,0.04635726686507935,0.14286595114865247,0.08556272198464357,0.21248791251935972,0.068984346373825,0.7599781301257518,0.028430836522689962,0.1514174666700222,0.09735484180743212,15.5945102398463,32.628666035244684,0.16841759889632787,PN00,PN00-5.edf,0,negative,
1510.0,512.0,29.0,2.0,11.456056888841607,5.757806128297631,11.456056888841607,5.757806128297631,2.1700468504759143,0.36204409233175017,164.39357085143698,215.64059309271215,0.2969728694308251,0.10323972469453015,5.1112378926578055,2.760613549037389,38.63149495784243,22.259612601910103,6.7628251007515985,2.251294218938591,1.1637931034482758,0.32347694895334,8.898211875241884,2.155548817513655,27.20689655172414,7.6228640212094945,0.7109937012883324,0.086222780831681,24.481940588954146,20.183841189914393,0.5823172110761076,0.11166474094883044,5.9544316486529265,2.6721818195866174,0.16869174042500085,0.044544124323840764,2.137135402644098,1.1873614955168452,0.05726663284476407,0.01590023646185721,3.648025197756613,1.2873535570659849,0.11467556391087082,0.04646126667044857,1.5445752065131941,0.8400333129237106,0.05224321019666861,0.03702993681044459,0.3724491657747947,0.24820459378710646,63.5,5.0,62.5,5.0,66.66196798166013,10.05486496883887,0.9445738181089743,0.07556590544871788,0.14770513314221462,0.11090810358937898,0.20853271094176606,0.07486236797942439,0.9348516949152542,0.005296610169491567,0.15897493030843893,0.1301340200047782,-3.984625741472862,7.654580693628704,0.1621128597468825,PN00,PN00-5.edf,0,negative,
1620.0,512.0,29.0,2.0,13.512957366985107,5.07867782291956,13.512957366985107,5.07867782291956,1.9828360873284787,0.33397272803367645,208.392985230972,201.23186259346903,0.21297038835053597,0.0708945192708742,6.74052749928811,2.929261840919312,43.36893705603588,19.763111403359016,6.1284437860905765,1.9050056419678967,1.1724137931034482,0.2634604618954504,8.401367697690542,1.9493420743176926,26.060344827586206,6.845793816975661,0.6806983677426324,0.08010079615915597,25.94857905510458,14.608735723955423,0.5744329591749786,0.09351283205106202,8.669572904204797,4.640825205413832,0.20223549714150071,0.05458594932671812,1.8678778511561736,0.9775570197496745,0.04386857313288129,0.010556563920082033,3.908104959183133,1.6040927055545917,0.10192060471764419,0.03710290976538185,1.5055808300808398,0.8565219786015943,0.04479770675120548,0.031910154993644725,0.4360966047211791,0.2504708387215173,64.0,6.0,62.5,5.0,67.67058481953532,11.292398899402201,0.937471203926282,0.07902894631410251,0.15110304391788973,0.11361121490583909,0.22273516615974948,0.09782896075632438,0.8436175847457628,0.09401483050847459,0.1640270085506504,0.1350165168045038,2.3068966997772025,3.3240633781304805,0.15090923494495098,PN00,PN00-5.edf,0,negative,
1635.0,512.0,29.0,2.0,12.131078635379609,4.502748813636732,12.131078635379609,4.502748813636732,2.216106661457316,0.38100727420147407,167.43781573647053,147.53086591168343,0.2645166386933578,0.08969092735027685,5.47781683156282,2.179435162411925,43.65806516937791,25.595437903521827,6.97881720898779,2.2223224086627416,1.0689655172413792,0.15942450007678385,8.785955797442211,2.0433393548933894,26.862068965517242,7.0057200172973655,0.7249162982175421,0.08354718115606298,26.36280411137475,21.20684372516497,0.5523627295987591,0.11707632459593147,6.8459138285743295,3.4173440616443744,0.1721321688507155,0.05308921256581622,2.6347570813542838,1.9430649298037146,0.060859530815913734,0.024327923115356434,4.960386887620718,2.2783563763941674,0.13467581811214258,0.0541029164815199,1.564995017474216,1.0291550371512455,0.0471711049042566,0.03278318531040024,0.365281193090296,0.2520891517546456,64.5,7.0,63.0,6.0,68.40677624299796,13.373323569811106,0.9340568773674243,0.09301905776515151,0.15444957872837162,0.13243080138494345,0.2217224804651468,0.11926450193963667,0.7790091264667536,0.13428943937418514,0.1693031004613269,0.15864046382722205,-4.959104997456625,6.894460691944138,0.14898832906557807,PN00,PN00-5.edf,0,negative,
1740.0,512.0,29.0,2.0,15.538607998957552,5.532473061191843,15.538607998957552,5.532473061191843,1.8111565432364887,0.32212352758263246,272.0565967180811,232.6947373038897,0.17217906848003703,0.062110704002065295,8.299210807628103,3.3766761171125634,50.75796010072267,23.815371841380543,4.954100875665334,1.3939364031139816,1.0258620689655173,0.07613586953730901,7.1341228237389425,1.675147437304888,21.21551724137931,7.250066628091889,0.635935301177618,0.07192036751383798,32.263709901504555,17.97202905675904,0.6210250100943391,0.07597221096898009,9.211771729832689,3.979944787759592,0.1870751497211245,0.03342374043440054,2.514381813676073,1.4329389425932042,0.04975398219263107,0.01497872481867807,3.0789910725996967,1.536793768521247,0.06655906503574634,0.027175885135427666,1.3368066479191083,0.906819352394137,0.03208780843936121,0.021662727310865222,0.46375775052295654,0.27386463747576045,61.5,1.0,60.5,1.0,62.6021521843718,2.0123348172441524,0.9749180861509563,0.016114348531420797,0.10533899956083398,0.035514903371052786,0.15860338296280274,0.00903527368333748,0.6217514124293786,0.023163841807909535,0.10820699930549021,0.03821714788213658,5.511742121598504,11.55012988259034,0.18525508630029025,PN00,PN00-5.edf,0,negative,
1755.0,512.0,29.0,2.0,11.514915317676348,4.833899036445216,11.514915317676348,4.833899036445216,2.150500838660568,0.44423900034568486,155.9598546678033,159.79731984713948,0.2712613095566637,0.08202520939929558,5.185116174400662,2.2797548007830133,48.77184329076898,28.508427321161037,7.359147451857237,2.5432253911662412,1.0948275862068966,0.15275900988508062,8.84562556055076,1.950951349322145,26.20689655172414,6.58533800009577,0.7297294587949242,0.08544935191909823,28.221863396746766,24.358121207481396,0.5244965602484783,0.12550282060287046,8.164576920451669,4.332027862537198,0.1757340454477807,0.04815072670248078,3.1006189179594545,1.9571295596859282,0.06600976968214488,0.020976659759579117,6.37773165338385,2.1868147368700988,0.1624654762472963,0.07422147224681305,1.6885655463331417,1.3883444263946,0.04396777411029223,0.03639119098484508,0.3786530216091371,0.2405062776745706,63.0,4.0,62.0,4.0,64.87175714203497,6.72023773608656,0.9584431966145833,0.05140787760416665,0.1302537372504985,0.0892639738654397,0.182506317229707,0.07077280706871583,0.5976594027441485,0.042776432606941084,0.13724893500780674,0.10049594035185799,12.789733425018301,25.290774195950803,0.17944791125648826,PN00,PN00-5.edf,0,negative,
1785.0,512.0,29.0,2.0,13.743799956321356,4.956187745788694,13.743799956321356,4.956187745788694,2.0825221790355064,0.3909196710467498,213.45583421088497,184.94743935729466,0.2186596165841337,0.06385161975042027,6.477770659680525,2.5145879429233204,48.733761291535764,23.887392963390372,5.972965310458559,2.0293141805169106,1.1206896551724137,0.24230119521646887,8.08225113561181,2.0038085544240807,24.603448275862068,7.67623887602564,0.6727981099503072,0.07960603740468214,30.04245595346223,18.69884172408921,0.5895321103795459,0.10083338570478398,8.079015693309021,3.988527012669982,0.17143297620590334,0.03661011495593963,3.1006762477675798,2.2165030239676247,0.06218282469348665,0.02667640773412062,4.340352050149245,1.969564461208436,0.1026252833072136,0.04288208872662108,1.6747684167640722,1.3367212509012303,0.043086506532728726,0.03322136603989304,0.3853601377926698,0.25929153491938806,63.0,4.0,62.0,4.0,65.91647708770398,8.229650028213953,0.9495920817057292,0.06123250325520835,0.13778139317006088,0.09993613783292009,0.18696515960069737,0.08808652015549526,0.5314769975786925,0.07990314769975781,0.14694466312074392,0.11471654986857217,-0.6965159232152116,2.701607461027952,0.17817903817919362,PN00,PN00-5.edf,0,negative,
1800.0,512.0,29.0,2.0,15.49360457801716,5.540763793527587,15.49360457801716,5.540763793527587,1.7460348869323885,0.3305166999694836,270.7518462356206,236.13512661868933,0.167028001372021,0.057292702710842656,8.62171754298746,3.6001816769002972,40.62895968502092,17.94302070602001,5.693989619740177,1.9971565925455452,1.1982758620689655,0.17834621435842415,8.023953429351135,1.7694509314064049,24.78448275862069,6.80349939684029,0.6592371382203656,0.085544674927552,25.827034451076774,13.752020009196809,0.615161637128917,0.11348290419924797,7.4003320862493736,4.245327492895809,0.18192965863392807,0.061581294425154684,1.712378098062059,0.9459609308500125,0.04292358288118225,0.011560616328577784,3.2045724270173563,1.387391216622838,0.08969250347477348,0.04167969349051487,1.455014545823103,1.0404716977139559,0.04199814315842581,0.030090714613051777,0.4898054292707203,0.2807750019490878,62.5,3.0,61.5,3.0,64.67769819795437,6.428253572992254,0.961128162202381,0.04688430059523818,0.12868260285663427,0.08774293703162826,0.18763633573418112,0.07981099677110148,0.6026517222525971,0.05276107162383814,0.1350807077487881,0.0978809124922205,-5.327441153689504,15.11294356123853,0.17794474041170705,PN00,PN00-5.edf,0,negative,
1875.0,512.0,29.0,2.0,13.843327907026525,4.532361205156208,13.843327907026525,4.532361205156208,1.3439544024627659,0.25548097535579517,212.18002563546446,159.66604914157435,0.14145531667515313,0.04839214784993956,9.372384634301103,3.4672797821140473,56.1492142468,27.617477039310163,4.550967241212811,1.3352107804376467,1.043103448275862,0.14781403620243316,6.419734269467562,1.60312705784249,18.353448275862068,6.772318543469523,0.6227557661682689,0.0809818114607544,37.8335511435079,23.300030123581514,0.6559721183658453,0.11028912966582252,9.897766431206382,7.892117792008048,0.1750213304384206,0.07423693761817278,2.3683380272998305,1.281938592911474,0.04582817867924685,0.016945132959591318,3.5715518379539786,1.7147150215534135,0.07303375654906331,0.03451910641992931,0.989997862310026,0.8833920874080675,0.02191852330311703,0.017765060875427254,0.441439246336796,0.2785039928531727,61.5,1.0,60.5,1.0,62.84141647262492,2.5813908928950156,0.9754349171789618,0.01618745730874316,0.1094152315070308,0.04448684406067063,0.16825089217197334,0.037029478401284455,0.7646892655367232,0.003954802259887091,0.11236766501747852,0.04747194305381684,5.2079726676319815,6.512551433205314,0.17728888404237592,PN00,PN00-5.edf,0,negative,
1910.0,512.0,29.0,2.0,13.663291218787792,4.087704080496481,13.663291218787792,4.087704080496481,1.378863227596985,0.25879950328327744,203.3948515791112,134.93270791465284,0.14681087861536876,0.05552019664029543,9.188913510766179,3.08526051973511,43.64033002379685,17.520836555686852,5.012425767090725,1.2858207417668992,1.0344827586206897,0.14269780480385216,6.626528982032744,1.537670237439437,18.95689655172414,6.23535144237982,0.6693458125572289,0.060533440833352624,27.473093902577375,12.805162425575649,0.6214352391265712,0.07789483302277672,8.346100786651736,4.0368936864346585,0.1887670700935923,0.04035505151395933,2.654795148054193,1.3438134452547457,0.06265663670906368,0.01893785093010504,2.982446119062242,1.2272730123184556,0.0734961723310634,0.026324970804484975,0.8511828953054102,0.7318630519009415,0.023063064295019024,0.020389397733115863,0.44373690655968645,0.2773765157637411,62.5,3.0,61.5,3.0,64.5481885865369,5.490302418302207,0.9611963665674603,0.03815414186507937,0.1274116352121039,0.07212451882637166,0.19113979022578814,0.06141286917581015,0.7849917987971569,0.01066156369600868,0.13335241983463061,0.08032954415602728,-3.5197796044827534,4.649759174467482,0.1721595798598943,PN00,PN00-5.edf,0,negative,
1970.0,512.0,29.0,2.0,14.799312858231273,5.881617834680156,14.799312858231273,5.881617834680156,1.061293793911796,0.2863936264147652,253.6130894290373,243.47351874630243,0.10403558549123405,0.047229493753248475,12.13902376788905,5.344122161231456,59.66898037108387,25.029021140217075,4.508663603099844,1.2146113846123738,1.1551724137931034,0.19043725891702173,5.883088134355131,1.4784417907222829,17.04310344827586,5.72165764710523,0.6487040686144498,0.04979232747630169,40.4679072381883,17.158883641319342,0.6711295888122888,0.09058394979495946,10.377726645062017,6.728055131073839,0.16825705900413188,0.05704457345914117,2.8635715557684036,1.1896626275941926,0.05157211783628527,0.01838743844753516,3.542699278119095,1.4511236817732425,0.06731363318549262,0.03249658441711406,0.7413097136143986,0.8977053496457803,0.014695419744534297,0.016899753991072932,0.4622589461455457,0.26496498075588715,64.0,6.0,62.0,4.0,66.65588356142258,9.995547438823316,0.9461415608723958,0.06995646158854163,0.13928137393808113,0.10627344639380397,0.2079894147651758,0.10058406694980151,0.7617702448210923,0.032015065913371,0.14949043448327606,0.12337611310928448,0.9718585686263894,0.6616395886533142,0.14433963013435838,PN00,PN00-5.edf,0,negative,
1990.0,512.0,29.0,2.0,23.530768483191864,6.493553244700057,23.530768483191864,6.493553244700057,1.1019368343763263,0.27060551642017805,595.8632991513302,274.54822800790174,0.06620585452241809,0.028128850874319152,16.36889182279839,4.707833806191719,179.1854036172507,73.22170885324981,3.39373436334113,0.4725785151762136,1.6551724137931034,0.42250175016699465,4.259705362975739,0.7159625366952503,12.224137931034482,2.194570914374017,0.5748350324477898,0.03199374873922278,144.48765269813256,60.718759754985626,0.7964155659699508,0.04654671990068792,15.614314407804995,7.1723582931597285,0.09083489797938499,0.02502570649193794,7.195006397910515,3.088186834864849,0.0422176646707642,0.012032223014243356,7.360469133599308,2.7415850044218413,0.04463389608037458,0.014170015634168346,0.6634501253859649,0.7056186239604338,0.004280814229301844,0.0037860984202426925,0.5493298049418888,0.30674691731048553,64.5,5.0,63.0,4.0,66.10581169249478,8.870950170673474,0.9491241724464061,0.06435411412358139,0.1374092682381016,0.09818941951442872,0.2088651848148514,0.0881881518129749,0.8057291666666666,0.044791666666666674,0.1466970281404128,0.11339925789430319,-3.6322978278830385,8.07516640065744,0.14573579062704864,PN00,PN00-5.edf,0,negative,
1995.0,512.0,29.0,2.0,25.652570099858547,7.2756166894881025,25.652570099858547,7.2756166894881025,1.09473159493705,0.2799513846344607,710.9889509405144,352.5764177069068,0.06050357719893132,0.026282454067690524,18.54720471283581,5.73280723899887,95.58698565232962,33.12981605852481,3.6419858074234317,0.6787026546576564,1.2327586206896552,0.28565588837553263,5.022863162665851,0.9265602278698905,13.870689655172415,3.635683240853639,0.5907755474805089,0.041497021430760644,74.1508405884605,26.1315135823954,0.7720326464035465,0.04862884020806633,9.816244346405812,4.058377596253405,0.10385738550245764,0.026498306330235796,3.8972333659933533,1.8144277634975876,0.04089777165582976,0.012006094867314184,4.993549138080351,2.395496390804419,0.05390787868765146,0.020615832590617476,0.6969365687081724,0.753030998897816,0.007782869151532158,0.007076222611715957,0.5571374967684201,0.31738933752869486,64.5,5.0,63.5,5.0,67.10604588239666,10.812106555293518,0.9436155225409837,0.07473104508196726,0.14450880934759713,0.11080968495776315,0.2183398445869154,0.10452438146748089,0.8070512820512821,0.04743589743589749,0.15571293062546676,0.12976288760750224,-2.1203995217967173,2.1253336341463998,0.14020193003230877,PN00,PN00-5.edf,0,negative,
2085.0,512.0,29.0,2.0,14.489441384059933,4.410682246265397,14.489441384059933,4.410682246265397,0.9867633091053613,0.25184362892909,229.39802949962944,150.55631027537655,0.09433388867784089,0.036014049726858816,11.766287239853801,3.7909164950944243,71.48882143563073,38.43456718723798,4.361926735938077,0.827264141780919,1.3362068965517242,0.36124701447856833,5.33123870301814,1.0354698516411434,15.5,3.553774098733287,0.6521167988854293,0.046710722978456604,50.176849499510894,30.82243077107134,0.6737645276638097,0.07660813804132272,10.733119204988672,6.275566388074892,0.15603758484223593,0.04543035352322233,3.402002865030803,1.573143272020274,0.053342390644684955,0.016092494125843605,4.483352101904356,1.6140710502002062,0.07382876943382974,0.028380654879303788,0.5914765046271889,0.4907503664457695,0.010346165540377395,0.00767422650180333,0.40683076799139706,0.26747655671100484,63.5,5.0,62.5,5.0,65.85414825014139,9.467547138892805,0.94970703125,0.07597656249999996,0.13269320019396696,0.11320774962765387,0.17105400771483398,0.07443023509602029,0.7719809322033898,0.018538135593220373,0.14233192821727775,0.13058936723292727,4.1776549853339136,7.718804764398621,0.1589359052649408,PN00,PN00-5.edf,0,negative,
2090.0,512.0,29.0,2.0,17.550108518607917,4.373482195039343,17.550108518607917,4.373482195039343,1.000010946372877,0.2527580608465087,327.13365552524044,177.4006384619116,0.07619571714534522,0.02472116979022547,13.808084261278095,3.660237934656341,94.83402784973005,43.40103744134838,3.726916236107746,0.6469723792976148,1.1379310344827587,0.25919476514436046,4.694681560108706,0.7385918119976862,13.64655172413793,2.2490584633269415,0.6039244328507302,0.046637299956427326,70.64248822675731,35.443593706582355,0.7225741589005525,0.06980925423344837,11.755062963834234,4.974581317272247,0.13245807571981177,0.032615690320234224,4.5768733801618176,2.151181570598949,0.051716850804923865,0.018176802859239758,5.042913397441915,1.9712220060587191,0.05897449652203488,0.021143059593816224,0.5526028588889316,0.5492950568683963,0.006502772844066622,0.00446618656610455,0.4508003126541733,0.27356258558607277,63.5,5.0,62.5,5.0,65.94516275880076,9.911392515317303,0.9510303986378206,0.07651993189102557,0.13272720713805153,0.11991568224834179,0.1693694912927669,0.08219910465653987,0.7641684322033898,0.002913135593220373,0.14232813527022808,0.13754199829232927,5.050445805019376,9.482698465890339,0.15376266409937547,PN00,PN00-5.edf,0,negative,
