events,detected,overlap_detected,false_declarations,duplicate_declarations,total_declarations,active_alarm_s,raw_s,startup_s,uncertain_s,other_unavailable_s,evaluable_s,sensitivity,overlap_sensitivity,far_per_h,missed,matched_declarations,delay_n,delay_median_s,delay_q25_s,delay_q75_s,delay_min_s,delay_max_s,warning_fraction,longest_alarm_s,threshold,feasible,selected,inner_support_json,train_files_json,patient,model,test_file,calibration_status
3,2,3,47,0,49,5082,6547,180,0,410,5957,0.66666666666666663,1,28.403558838341446,1,2,2,47,46,48,45,49,0.85311398354876611,855,0.050000000000000003,False,False,"[{""validation_file"": ""PN00-2.edf"", ""train_files"": [""PN00-4.edf"", ""PN00-5.edf""]}, {""validation_file"": ""PN00-4.edf"", ""train_files"": [""PN00-2.edf"", ""PN00-5.edf""]}, {""validation_file"": ""PN00-5.edf"", ""train_files"": [""PN00-2.edf"", ""PN00-4.edf""]}]","[""PN00-2.edf"", ""PN00-4.edf"", ""PN00-5.edf""]",PN00,C0_LR,PN00-1.edf,nested
3,1,3,59,1,60,4432,6547,180,0,410,5957,0.33333333333333331,1,35.655531307705218,2,1,1,0,0,0,0,0,0.7439986570421353,855,0.10000000000000001,False,False,"[{""validation_file"": ""PN00-2.edf"", ""train_files"": [""PN00-4.edf"", ""PN00-5.edf""]}, {""validation_file"": ""PN00-4.edf"", ""train_files"": [""PN00-2.edf"", ""PN00-5.edf""]}, {""validation_file"": ""PN00-5.edf"", ""train_files"": [""PN00-2.edf"", ""PN00-4.edf""]}]","[""PN00-2.edf"", ""PN00-4.edf"", ""PN00-5.edf""]",PN00,C0_LR,PN00-1.edf,nested
3,1,3,71,1,72,3894,6547,180,0,410,5957,0.33333333333333331,1,42.907503777068996,2,1,1,0,0,0,0,0,0.65368474064126236,367,0.14999999999999999,False,False,"[{""validation_file"": ""PN00-2.edf"", ""train_files"": [""PN00-4.edf"", ""PN00-5.edf""]}, {""validation_file"": ""PN00-4.edf"", ""train_files"": [""PN00-2.edf"", ""PN00-5.edf""]}, {""validation_file"": ""PN00-5.edf"", ""train_files"": [""PN00-2.edf"", ""PN00-4.edf""]}]","[""PN00-2.edf"", ""PN00-4.edf"", ""PN00-5.edf""]",PN00,C0_LR,PN00-1.edf,nested
3,2,3,74,2,76,3159,6547,180,0,410,5957,0.66666666666666663,1,44.720496894409941,1,2,2,5.5,2.75,8.25,0,11,0.53030048682222597,255,0.20000000000000001,False,False,"[{""validation_file"": ""PN00-2.edf"", ""train_files"": [""PN00-4.edf"", ""PN00-5.edf""]}, {""validation_file"": ""PN00-4.edf"", ""train_files"": [""PN00-2.edf"", ""PN00-5.edf""]}, {""validation_file"": ""PN00-5.edf"", ""train_files"": [""PN00-2.edf"", ""PN00-4.edf""]}]","[""PN00-2.edf"", ""PN00-4.edf"", ""PN00-5.edf""]",PN00,C0_LR,PN00-1.edf,nested
3,2,3,74,2,76,2639,6547,180,0,410,5957,0.66666666666666663,1,44.720496894409941,1,2,2,8,6.5,9.5,5,11,0.44300822561692127,220,0.25,False,False,"[{""validation_file"": ""PN00-2.edf"", ""train_files"": [""PN00-4.edf"", ""PN00-5.edf""]}, {""validation_file"": ""PN00-4.edf"", ""train_files"": [""PN00-2.edf"", ""PN00-5.edf""]}, {""validation_file"": ""PN00-5.edf"", ""train_files"": [""PN00-2.edf"", ""PN00-4.edf""]}]","[""PN00-2.edf"", ""PN00-4.edf"", ""PN00-5.edf""]",PN00,C0_LR,PN00-1.edf,nested
3,2,3,73,2,75,2284,6547,180,0,410,5957,0.66666666666666663,1,44.116165855296288,1,2,2,8,6.5,9.5,5,11,0.38341447037099213,195,0.29999999999999999,False,False,"[{""validation_file"": ""PN00-2.edf"", ""train_files"": [""PN00-4.edf"", ""PN00-5.edf""]}, {""validation_file"": ""PN00-4.edf"", ""train_files"": [""PN00-2.edf"", ""PN00-5.edf""]}, {""validation_file"": ""PN00-5.edf"", ""train_files"": [""PN00-2.edf"", ""PN00-4.edf""]}]","[""PN00-2.edf"", ""PN00-4.edf"", ""PN00-5.edf""]",PN00,C0_LR,PN00-1.edf,nested
3,2,3,65,3,67,1925,6547,180,0,410,5957,0.66666666666666663,1,39.281517542387107,1,2,2,8,6.5,9.5,5,11,0.32314923619271446,195,0.34999999999999998,False,False,"[{""validation_file"": ""PN00-2.edf"", ""train_files"": [""PN00-4.edf"", ""PN00-5.edf""]}, {""validation_file"": ""PN00-4.edf"", ""train_files"": [""PN00-2.edf"", ""PN00-5.edf""]}, {""validation_file"": ""PN00-5.edf"", ""train_files"": [""PN00-2.edf"", ""PN00-4.edf""]}]","[""PN00-2.edf"", ""PN00-4.edf"", ""PN00-5.edf""]",PN00,C0_LR,PN00-1.edf,nested
3,2,3,63,3,65,1670,6547,180,0,410,5957,0.66666666666666663,1,38.072855464159815,1,2,2,8,6.5,9.5,5,11,0.28034245425549775,190,0.40000000000000002,False,False,"[{""validation_file"": ""PN00-2.edf"", ""train_files"": [""PN00-4.edf"", ""PN00-5.edf""]}, {""validation_file"": ""PN00-4.edf"", ""train_files"": [""PN00-2.edf"", ""PN00-5.edf""]}, {""validation_file"": ""PN00-5.edf"", ""train_files"": [""PN00-2.edf"", ""PN00-4.edf""]}]","[""PN00-2.edf"", ""PN00-4.edf"", ""PN00-5.edf""]",PN00,C0_LR,PN00-1.edf,nested
3,2,3,56,3,58,1455,6547,180,0,410,5957,0.66666666666666663,1,33.84253819036428,1,2,2,8,6.5,9.5,5,11,0.24425046164176598,110,0.45000000000000001,False,False,"[{""validation_file"": ""PN00-2.edf"", ""train_files"": [""PN00-4.edf"", ""PN00-5.edf""]}, {""validation_file"": ""PN00-4.edf"", ""train_files"": [""PN00-2.edf"", ""PN00-5.edf""]}, {""validation_file"": ""PN00-5.edf"", ""train_files"": [""PN00-2.edf"", ""PN00-4.edf""]}]","[""PN00-2.edf"", ""PN00-4.edf"", ""PN00-5.edf""]",PN00,C0_LR,PN00-1.edf,nested
3,2,3,55,3,57,1310,6547,180,0,410,5957,0.66666666666666663,1,33.238207151250627,1,2,2,8,6.5,9.5,5,11,0.21990935034413295,95,0.5,False,False,"[{""validation_file"": ""PN00-2.edf"", ""train_files"": [""PN00-4.edf"", ""PN00-5.edf""]}, {""validation_file"": ""PN00-4.edf"", ""train_files"": [""PN00-2.edf"", ""PN00-5.edf""]}, {""validation_file"": ""PN00-5.edf"", ""train_files"": [""PN00-2.edf"", ""PN00-4.edf""]}]","[""PN00-2.edf"", ""PN00-4.edf"", ""PN00-5.edf""]",PN00,C0_LR,PN00-1.edf,nested
3,2,3,50,2,52,1175,6547,180,0,410,5957,0.66666666666666663,1,30.216551955682391,1,2,2,8,6.5,9.5,5,11,0.19724693637737117,95,0.55000000000000004,False,False,"[{""validation_file"": ""PN00-2.edf"", ""train_files"": [""PN00-4.edf"", ""PN00-5.edf""]}, {""validation_file"": ""PN00-4.edf"", ""train_files"": [""PN00-2.edf"", ""PN00-5.edf""]}, {""validation_file"": ""PN00-5.edf"", ""train_files"": [""PN00-2.edf"", ""PN00-4.edf""]}]","[""PN00-2.edf"", ""PN00-4.edf"", ""PN00-5.edf""]",PN00,C0_LR,PN00-1.edf,nested
3,2,3,45,2,47,1040,6547,180,0,410,5957,0.66666666666666663,1,27.194896760114151,1,2,2,8,6.5,9.5,5,11,0.17458452241060937,90,0.59999999999999998,False,False,"[{""validation_file"": ""PN00-2.edf"", ""train_files"": [""PN00-4.edf"", ""PN00-5.edf""]}, {""validation_file"": ""PN00-4.edf"", ""train_files"": [""PN00-2.edf"", ""PN00-5.edf""]}, {""validation_file"": ""PN00-5.edf"", ""train_files"": [""PN00-2.edf"", ""PN00-4.edf""]}]","[""PN00-2.edf"", ""PN00-4.edf"", ""PN00-5.edf""]",PN00,C0_LR,PN00-1.edf,nested
3,2,3,45,2,47,955,6547,180,0,410,5957,0.66666666666666663,1,27.194896760114151,1,2,2,8,6.5,9.5,5,11,0.16031559509820378,90,0.65000000000000002,False,False,"[{""validation_file"": ""PN00-2.edf"", ""train_files"": [""PN00-4.edf"", ""PN00-5.edf""]}, {""validation_file"": ""PN00-4.edf"", ""train_files"": [""PN00-2.edf"", ""PN00-5.edf""]}, {""validation_file"": ""PN00-5.edf"", ""train_files"": [""PN00-2.edf"", ""PN00-4.edf""]}]","[""PN00-2.edf"", ""PN00-4.edf"", ""PN00-5.edf""]",PN00,C0_LR,PN00-1.edf,nested
3,2,2,42,2,44,850,6547,180,0,410,5957,0.66666666666666663,0.66666666666666663,25.381903642773207,1,2,2,8,6.5,9.5,5,11,0.14268927312405574,70,0.69999999999999996,False,False,"[{""validation_file"": ""PN00-2.edf"", ""train_files"": [""PN00-4.edf"", ""PN00-5.edf""]}, {""validation_file"": ""PN00-4.edf"", ""train_files"": [""PN00-2.edf"", ""PN00-5.edf""]}, {""validation_file"": ""PN00-5.edf"", ""train_files"": [""PN00-2.edf"", ""PN00-4.edf""]}]","[""PN00-2.edf"", ""PN00-4.edf"", ""PN00-5.edf""]",PN00,C0_LR,PN00-1.edf,nested
3,2,2,39,1,41,765,6547,180,0,410,5957,0.66666666666666663,0.66666666666666663,23.568910525432266,1,2,2,33,19,47,5,61,0.12842034581165016,70,0.75,False,False,"[{""validation_file"": ""PN00-2.edf"", ""train_files"": [""PN00-4.edf"", ""PN00-5.edf""]}, {""validation_file"": ""PN00-4.edf"", ""train_files"": [""PN00-2.edf"", ""PN00-5.edf""]}, {""validation_file"": ""PN00-5.edf"", ""train_files"": [""PN00-2.edf"", ""PN00-4.edf""]}]","[""PN00-2.edf"", ""PN00-4.edf"", ""PN00-5.edf""]",PN00,C0_LR,PN00-1.edf,nested
3,2,2,30,1,32,620,6547,180,0,410,5957,0.66666666666666663,0.66666666666666663,18.129931173409435,1,2,2,33,19,47,5,61,0.10407923451401713,70,0.80000000000000004,False,False,"[{""validation_file"": ""PN00-2.edf"", ""train_files"": [""PN00-4.edf"", ""PN00-5.edf""]}, {""validation_file"": ""PN00-4.edf"", ""train_files"": [""PN00-2.edf"", ""PN00-5.edf""]}, {""validation_file"": ""PN00-5.edf"", ""train_files"": [""PN00-2.edf"", ""PN00-4.edf""]}]","[""PN00-2.edf"", ""PN00-4.edf"", ""PN00-5.edf""]",PN00,C0_LR,PN00-1.edf,nested
3,2,2,24,1,26,515,6547,180,0,410,5957,0.66666666666666663,0.66666666666666663,14.503944938727548,1,2,2,33,19,47,5,61,0.086452912539869059,70,0.84999999999999998,False,False,"[{""validation_file"": ""PN00-2.edf"", ""train_files"": [""PN00-4.edf"", ""PN00-5.edf""]}, {""validation_file"": ""PN00-4.edf"", ""train_files"": [""PN00-2.edf"", ""PN00-5.edf""]}, {""validation_file"": ""PN00-5.edf"", ""train_files"": [""PN00-2.edf"", ""PN00-4.edf""]}]","[""PN00-2.edf"", ""PN00-4.edf"", ""PN00-5.edf""]",PN00,C0_LR,PN00-1.edf,nested
3,2,2,18,0,20,415,6547,180,0,410,5957,0.66666666666666663,0.66666666666666663,10.87795870404566,1,2,2,35.5,22.75,48.25,10,61,0.069665939231156618,60,0.90000000000000002,False,False,"[{""validation_file"": ""PN00-2.edf"", ""train_files"": [""PN00-4.edf"", ""PN00-5.edf""]}, {""validation_file"": ""PN00-4.edf"", ""train_files"": [""PN00-2.edf"", ""PN00-5.edf""]}, {""validation_file"": ""PN00-5.edf"", ""train_files"": [""PN00-2.edf"", ""PN00-4.edf""]}]","[""PN00-2.edf"", ""PN00-4.edf"", ""PN00-5.edf""]",PN00,C0_LR,PN00-1.edf,nested
3,2,2,14,0,16,270,6547,180,0,410,5957,0.66666666666666663,0.66666666666666663,8.46063454759107,1,2,2,35.5,22.75,48.25,10,61,0.045324827933523583,50,0.94999999999999996,False,False,"[{""validation_file"": ""PN00-2.edf"", ""train_files"": [""PN00-4.edf"", ""PN00-5.edf""]}, {""validation_file"": ""PN00-4.edf"", ""train_files"": [""PN00-2.edf"", ""PN00-5.edf""]}, {""validation_file"": ""PN00-5.edf"", ""train_files"": [""PN00-2.edf"", ""PN00-4.edf""]}]","[""PN00-2.edf"", ""PN00-4.edf"", ""PN00-5.edf""]",PN00,C0_LR,PN00-1.edf,nested
3,0,0,0,0,0,0,6547,180,0,410,5957,0,0,0,3,0,0,,,,,,0,0,1.01,True,True,"[{""validation_file"": ""PN00-2.edf"", ""train_files"": [""PN00-4.edf"", ""PN00-5.edf""]}, {""validation_file"": ""PN00-4.edf"", ""train_files"": [""PN00-2.edf"", ""PN00-5.edf""]}, {""validation_file"": ""PN00-5.edf"", ""train_files"": [""PN00-2.edf"", ""PN00-4.edf""]}]","[""PN00-2.edf"", ""PN00-4.edf"", ""PN00-5.edf""]",PN00,C0_LR,PN00-1.edf,nested
3,2,3,24,0,26,6175,6870,180,0,80,6610,0.66666666666666663,1,13.071104387291982,1,2,2,40.5,38.75,42.25,37,44,0.9341906202723147,2008,0.050000000000000003,False,False,"[{""validation_file"": ""PN00-1.edf"", ""train_files"": [""PN00-4.edf"", ""PN00-5.edf""]}, {""validation_file"": ""PN00-4.edf"", ""train_files"": [""PN00-1.edf"", ""PN00-5.edf""]}, {""validation_file"": ""PN00-5.edf"", ""train_files"": [""PN00-1.edf"", ""PN00-4.edf""]}]","[""PN00-1.edf"", ""PN00-4.edf"", ""PN00-5.edf""]",PN00,C0_LR,PN00-2.edf,nested
3,2,3,43,1,45,5980,6870,180,0,80,6610,0.66666666666666663,1,23.419062027231469,1,2,2,25.5,17.25,33.75,9,42,0.90468986384266259,910,0.10000000000000001,False,False,"[{""validation_file"": ""PN00-1.edf"", ""train_files"": [""PN00-4.edf"", ""PN00-5.edf""]}, {""validation_file"": ""PN00-4.edf"", ""train_files"": [""PN00-1.edf"", ""PN00-5.edf""]}, {""validation_file"": ""PN00-5.edf"", ""train_files"": [""PN00-1.edf"", ""PN00-4.edf""]}]","[""PN00-1.edf"", ""PN00-4.edf"", ""PN00-5.edf""]",PN00,C0_LR,PN00-2.edf,nested
3,3,3,50,3,53,4447,6870,180,0,80,6610,1,1,27.231467473524962,0,3,3,11,10,26.5,9,42,0.67276853252647506,405,0.14999999999999999,False,False,"[{""validation_file"": ""PN00-1.edf"", ""train_files"": [""PN00-4.edf"", ""PN00-5.edf""]}, {""validation_file"": ""PN00-4.edf"", ""train_files"": [""PN00-1.edf"", ""PN00-5.edf""]}, {""validation_file"": ""PN00-5.edf"", ""train_files"": [""PN00-1.edf"", ""PN00-4.edf""]}]","[""PN00-1.edf"", ""PN00-4.edf"", ""PN00-5.edf""]",PN00,C0_LR,PN00-2.edf,nested
3,3,3,40,0,43,4182,6870,180,0,80,6610,1,1,21.785173978819969,0,3,3,44,43,50,42,56,0.63267776096822992,400,0.20000000000000001,False,False,"[{""validation_file"": ""PN00-1.edf"", ""train_files"": [""PN00-4.edf"", ""PN00-5.edf""]}, {""validation_file"": ""PN00-4.edf"", ""train_files"": [""PN00-1.edf"", ""PN00-5.edf""]}, {""validation_file"": ""PN00-5.edf"", ""train_files"": [""PN00-1.edf"", ""PN00-4.edf""]}]","[""PN00-1.edf"", ""PN00-4.edf"", ""PN00-5.edf""]",PN00,C0_LR,PN00-2.edf,nested
3,3,3,49,0,52,4007,6870,180,0,80,6610,1,1,26.686838124054464,0,3,3,49,45.5,52.5,42,56,0.60620272314674739,380,0.25,False,False,"[{""validation_file"": ""PN00-1.edf"", ""train_files"": [""PN00-4.edf"", ""PN00-5.edf""]}, {""validation_file"": ""PN00-4.edf"", ""train_files"": [""PN00-1.edf"", ""PN00-5.edf""]}, {""validation_file"": ""PN00-5.edf"", ""train_files"": [""PN00-1.edf"", ""PN00-4.edf""]}]","[""PN00-1.edf"", ""PN00-4.edf"", ""PN00-5.edf""]",PN00,C0_LR,PN00-2.edf,nested
3,3,3,59,0,62,3692,6870,180,0,80,6610,1,1,32.133131618759457,0,3,3,49,45.5,55,42,61,0.55854765506807869,380,0.29999999999999999,False,False,"[{""validation_file"": ""PN00-1.edf"", ""train_files"": [""PN00-4.edf"", ""PN00-5.edf""]}, {""validation_file"": ""PN00-4.edf"", ""train_files"": [""PN00-1.edf"", ""PN00-5.edf""]}, {""validation_file"": ""PN00-5.edf"", ""train_files"": [""PN00-1.edf"", ""PN00-4.edf""]}]","[""PN00-1.edf"", ""PN00-4.edf"", ""PN00-5.edf""]",PN00,C0_LR,PN00-2.edf,nested
3,3,3,67,0,70,3307,6870,180,0,80,6610,1,1,36.490166414523451,0,3,3,49,45.5,55,42,61,0.50030257186081695,365,0.34999999999999998,False,False,"[{""validation_file"": ""PN00-1.edf"", ""train_files"": [""PN00-4.edf"", ""PN00-5.edf""]}, {""validation_file"": ""PN00-4.edf"", ""train_files"": [""PN00-1.edf"", ""PN00-5.edf""]}, {""validation_file"": ""PN00-5.edf"", ""train_files"": [""PN00-1.edf"", ""PN00-4.edf""]}]","[""PN00-1.edf"", ""PN00-4.edf"", ""PN00-5.edf""]",PN00,C0_LR,PN00-2.edf,nested
3,3,3,69,0,72,2907,6870,180,0,80,6610,1,1,37.579425113464445,0,3,3,49,45.5,55,42,61,0.43978819969742816,365,0.40000000000000002,False,False,"[{""validation_file"": ""PN00-1.edf"", ""train_files"": [""PN00-4.edf"", ""PN00-5.edf""]}, {""validation_file"": ""PN00-4.edf"", ""train_files"": [""PN00-1.edf"", ""PN00-5.edf""]}, {""validation_file"": ""PN00-5.edf"", ""train_files"": [""PN00-1.edf"", ""PN00-4.edf""]}]","[""PN00-1.edf"", ""PN00-4.edf"", ""PN00-5.edf""]",PN00,C0_LR,PN00-2.edf,nested
3,3,3,73,2,76,2592,6870,180,0,80,6610,1,1,39.757942511346442,0,3,3,49,25.5,55,2,61,0.39213313161875946,365,0.45000000000000001,False,False,"[{""validation_file"": ""PN00-1.edf"", ""train_files"": [""PN00-4.edf"", ""PN00-5.edf""]}, {""validation_file"": ""PN00-4.edf"", ""train_files"": [""PN00-1.edf"", ""PN00-5.edf""]}, {""validation_file"": ""PN00-5.edf"", ""train_files"": [""PN00-1.edf"", ""PN00-4.edf""]}]","[""PN00-1.edf"", ""PN00-4.edf"", ""PN00-5.edf""]",PN00,C0_LR,PN00-2.edf,nested
3,3,3,68,1,71,2282,6870,180,0,80,6610,1,1,37.034795763993948,0,3,3,49,33,55,17,61,0.34523449319213312,365,0.5,False,False,"[{""validation_file"": ""PN00-1.edf"", ""train_files"": [""PN00-4.edf"", ""PN00-5.edf""]}, {""validation_file"": ""PN00-4.edf"", ""train_files"": [""PN00-1.edf"", ""PN00-5.edf""]}, {""validation_file"": ""PN00-5.edf"", ""train_files"": [""PN00-1.edf"", ""PN00-4.edf""]}]","[""PN00-1.edf"", ""PN00-4.edf"", ""PN00-5.edf""]",PN00,C0_LR,PN00-2.edf,nested
3,3,3,58,1,61,1987,6870,180,0,80,6610,1,1,31.588502269288956,0,3,3,54,35.5,60,17,66,0.30060514372163388,365,0.55000000000000004,False,False,"[{""validation_file"": ""PN00-1.edf"", ""train_files"": [""PN00-4.edf"", ""PN00-5.edf""]}, {""validation_file"": ""PN00-4.edf"", ""train_files"": [""PN00-1.edf"", ""PN00-5.edf""]}, {""validation_file"": ""PN00-5.edf"", ""train_files"": [""PN00-1.edf"", ""PN00-4.edf""]}]","[""PN00-1.edf"", ""PN00-4.edf"", ""PN00-5.edf""]",PN00,C0_LR,PN00-2.edf,nested
3,3,3,50,1,53,1772,6870,180,0,80,6610,1,1,27.231467473524962,0,3,3,54,35.5,60,17,66,0.26807866868381242,175,0.59999999999999998,False,False,"[{""validation_file"": ""PN00-1.edf"", ""train_files"": [""PN00-4.edf"", ""PN00-5.edf""]}, {""validation_file"": ""PN00-4.edf"", ""train_files"": [""PN00-1.edf"", ""PN00-5.edf""]}, {""validation_file"": ""PN00-5.edf"", ""train_files"": [""PN00-1.edf"", ""PN00-4.edf""]}]","[""PN00-1.edf"", ""PN00-4.edf"", ""PN00-5.edf""]",PN00,C0_LR,PN00-2.edf,nested
3,3,3,48,1,51,1627,6870,180,0,80,6610,1,1,26.142208774583963,0,3,3,54,35.5,60,17,66,0.24614220877458395,175,0.65000000000000002,False,False,"[{""validation_file"": ""PN00-1.edf"", ""train_files"": [""PN00-4.edf"", ""PN00-5.edf""]}, {""validation_file"": ""PN00-4.edf"", ""train_files"": [""PN00-1.edf"", ""PN00-5.edf""]}, {""validation_file"": ""PN00-5.edf"", ""train_files"": [""PN00-1.edf"", ""PN00-4.edf""]}]","[""PN00-1.edf"", ""PN00-4.edf"", ""PN00-5.edf""]",PN00,C0_LR,PN00-2.edf,nested
3,3,3,44,1,47,1415,6870,180,0,80,6610,1,1,23.963691376701966,0,3,3,54,35.5,60,17,66,0.21406959152798791,150,0.69999999999999996,False,False,"[{""validation_file"": ""PN00-1.edf"", ""train_files"": [""PN00-4.edf"", ""PN00-5.edf""]}, {""validation_file"": ""PN00-4.edf"", ""train_files"": [""PN00-1.edf"", ""PN00-5.edf""]}, {""validation_file"": ""PN00-5.edf"", ""train_files"": [""PN00-1.edf"", ""PN00-4.edf""]}]","[""PN00-1.edf"", ""PN00-4.edf"", ""PN00-5.edf""]",PN00,C0_LR,PN00-2.edf,nested
3,3,3,42,1,45,1190,6870,180,0,80,6610,1,1,22.874432677760968,0,3,3,54,40.5,60,27,66,0.1800302571860817,145,0.75,False,False,"[{""validation_file"": ""PN00-1.edf"", ""train_files"": [""PN00-4.edf"", ""PN00-5.edf""]}, {""validation_file"": ""PN00-4.edf"", ""train_files"": [""PN00-1.edf"", ""PN00-5.edf""]}, {""validation_file"": ""PN00-5.edf"", ""train_files"": [""PN00-1.edf"", ""PN00-4.edf""]}]","[""PN00-1.edf"", ""PN00-4.edf"", ""PN00-5.edf""]",PN00,C0_LR,PN00-2.edf,nested
3,3,3,36,1,39,1065,6870,180,0,80,6610,1,1,19.606656580937972,0,3,3,54,40.5,60,27,66,0.16111951588502268,145,0.80000000000000004,False,False,"[{""validation_file"": ""PN00-1.edf"", ""train_files"": [""PN00-4.edf"", ""PN00-5.edf""]}, {""validation_file"": ""PN00-4.edf"", ""train_files"": [""PN00-1.edf"", ""PN00-5.edf""]}, {""validation_file"": ""PN00-5.edf"", ""train_files"": [""PN00-1.edf"", ""PN00-4.edf""]}]","[""PN00-1.edf"", ""PN00-4.edf"", ""PN00-5.edf""]",PN00,C0_LR,PN00-2.edf,nested
3,3,3,32,1,35,930,6870,180,0,80,6610,1,1,17.428139183055976,0,3,3,54,40.5,60,27,66,0.14069591527987896,145,0.84999999999999998,False,False,"[{""validation_file"": ""PN00-1.edf"", ""train_files"": [""PN00-4.edf"", ""PN00-5.edf""]}, {""validation_file"": ""PN00-4.edf"", ""train_files"": [""PN00-1.edf"", ""PN00-5.edf""]}, {""validation_file"": ""PN00-5.edf"", ""train_files"": [""PN00-1.edf"", ""PN00-4.edf""]}]","[""PN00-1.edf"", ""PN00-4.edf"", ""PN00-5.edf""]",PN00,C0_LR,PN00-2.edf,nested
3,3,3,24,1,27,705,6870,180,0,80,6610,1,1,13.071104387291982,0,3,3,54,40.5,60,27,66,0.10665658093797277,80,0.90000000000000002,False,False,"[{""validation_file"": ""PN00-1.edf"", ""train_files"": [""PN00-4.edf"", ""PN00-5.edf""]}, {""validation_file"": ""PN00-4.edf"", ""train_files"": [""PN00-1.edf"", ""PN00-5.edf""]}, {""validation_file"": ""PN00-5.edf"", ""train_files"": [""PN00-1.edf"", ""PN00-4.edf""]}]","[""PN00-1.edf"", ""PN00-4.edf"", ""PN00-5.edf""]",PN00,C0_LR,PN00-2.edf,nested
3,2,2,14,1,16,500,6870,180,0,80,6610,0.66666666666666663,0.66666666666666663,7.6248108925869893,1,2,2,43,35,51,27,59,0.07564296520423601,65,0.94999999999999996,False,False,"[{""validation_file"": ""PN00-1.edf"", ""train_files"": [""PN00-4.edf"", ""PN00-5.edf""]}, {""validation_file"": ""PN00-4.edf"", ""train_files"": [""PN00-1.edf"", ""PN00-5.edf""]}, {""validation_file"": ""PN00-5.edf"", ""train_files"": [""PN00-1.edf"", ""PN00-4.edf""]}]","[""PN00-1.edf"", ""PN00-4.edf"", ""PN00-5.edf""]",PN00,C0_LR,PN00-2.edf,nested
3,0,0,0,0,0,0,6870,180,0,80,6610,0,0,0,3,0,0,,,,,,0,0,1.01,True,True,"[{""validation_file"": ""PN00-1.edf"", ""train_files"": [""PN00-4.edf"", ""PN00-5.edf""]}, {""validation_file"": ""PN00-4.edf"", ""train_files"": [""PN00-1.edf"", ""PN00-5.edf""]}, {""validation_file"": ""PN00-5.edf"", ""train_files"": [""PN00-1.edf"", ""PN00-4.edf""]}]","[""PN00-1.edf"", ""PN00-4.edf"", ""PN00-5.edf""]",PN00,C0_LR,PN00-2.edf,nested
3,1,3,48,0,49,5030,7070,180,0,410,6480,0.33333333333333331,1,26.666666666666668,2,1,1,37,37,37,37,37,0.77623456790123457,905,0.050000000000000003,False,False,"[{""validation_file"": ""PN00-1.edf"", ""train_files"": [""PN00-2.edf"", ""PN00-5.edf""]}, {""validation_file"": ""PN00-2.edf"", ""train_files"": [""PN00-1.edf"", ""PN00-5.edf""]}, {""validation_file"": ""PN00-5.edf"", ""train_files"": [""PN00-1.edf"", ""PN00-2.edf""]}]","[""PN00-1.edf"", ""PN00-2.edf"", ""PN00-5.edf""]",PN00,C0_LR,PN00-4.edf,nested
3,2,3,65,0,67,4475,7070,180,0,410,6480,0.66666666666666663,1,36.111111111111114,1,2,2,21,13,29,5,37,0.69058641975308643,790,0.10000000000000001,False,False,"[{""validation_file"": ""PN00-1.edf"", ""train_files"": [""PN00-2.edf"", ""PN00-5.edf""]}, {""validation_file"": ""PN00-2.edf"", ""train_files"": [""PN00-1.edf"", ""PN00-5.edf""]}, {""validation_file"": ""PN00-5.edf"", ""train_files"": [""PN00-1.edf"", ""PN00-2.edf""]}]","[""PN00-1.edf"", ""PN00-2.edf"", ""PN00-5.edf""]",PN00,C0_LR,PN00-4.edf,nested
3,2,3,71,0,73,3790,7070,180,0,410,6480,0.66666666666666663,1,39.444444444444443,1,2,2,21,13,29,5,37,0.58487654320987659,790,0.14999999999999999,False,False,"[{""validation_file"": ""PN00-1.edf"", ""train_files"": [""PN00-2.edf"", ""PN00-5.edf""]}, {""validation_file"": ""PN00-2.edf"", ""train_files"": [""PN00-1.edf"", ""PN00-5.edf""]}, {""validation_file"": ""PN00-5.edf"", ""train_files"": [""PN00-1.edf"", ""PN00-2.edf""]}]","[""PN00-1.edf"", ""PN00-2.edf"", ""PN00-5.edf""]",PN00,C0_LR,PN00-4.edf,nested
3,2,3,69,1,71,3290,7070,180,0,410,6480,0.66666666666666663,1,38.333333333333336,1,2,2,21,13,29,5,37,0.50771604938271608,790,0.20000000000000001,False,False,"[{""validation_file"": ""PN00-1.edf"", ""train_files"": [""PN00-2.edf"", ""PN00-5.edf""]}, {""validation_file"": ""PN00-2.edf"", ""train_files"": [""PN00-1.edf"", ""PN00-5.edf""]}, {""validation_file"": ""PN00-5.edf"", ""train_files"": [""PN00-1.edf"", ""PN00-2.edf""]}]","[""PN00-1.edf"", ""PN00-2.edf"", ""PN00-5.edf""]",PN00,C0_LR,PN00-4.edf,nested
3,2,3,68,1,70,2792,7070,180,0,410,6480,0.66666666666666663,1,37.777777777777779,1,2,2,21,13,29,5,37,0.43086419753086419,455,0.25,False,False,"[{""validation_file"": ""PN00-1.edf"", ""train_files"": [""PN00-2.edf"", ""PN00-5.edf""]}, {""validation_file"": ""PN00-2.edf"", ""train_files"": [""PN00-1.edf"", ""PN00-5.edf""]}, {""validation_file"": ""PN00-5.edf"", ""train_files"": [""PN00-1.edf"", ""PN00-2.edf""]}]","[""PN00-1.edf"", ""PN00-2.edf"", ""PN00-5.edf""]",PN00,C0_LR,PN00-4.edf,nested
3,3,3,72,1,75,2417,7070,180,0,410,6480,1,1,40,0,3,3,31,18,34,5,37,0.37299382716049384,215,0.29999999999999999,False,False,"[{""validation_file"": ""PN00-1.edf"", ""train_files"": [""PN00-2.edf"", ""PN00-5.edf""]}, {""validation_file"": ""PN00-2.edf"", ""train_files"": [""PN00-1.edf"", ""PN00-5.edf""]}, {""validation_file"": ""PN00-5.edf"", ""train_files"": [""PN00-1.edf"", ""PN00-2.edf""]}]","[""PN00-1.edf"", ""PN00-2.edf"", ""PN00-5.edf""]",PN00,C0_LR,PN00-4.edf,nested
3,3,3,73,2,76,2042,7070,180,0,410,6480,1,1,40.555555555555557,0,3,3,11,8,26.5,5,42,0.31512345679012344,127,0.34999999999999998,False,False,"[{""validation_file"": ""PN00-1.edf"", ""train_files"": [""PN00-2.edf"", ""PN00-5.edf""]}, {""validation_file"": ""PN00-2.edf"", ""train_files"": [""PN00-1.edf"", ""PN00-5.edf""]}, {""validation_file"": ""PN00-5.edf"", ""train_files"": [""PN00-1.edf"", ""PN00-2.edf""]}]","[""PN00-1.edf"", ""PN00-2.edf"", ""PN00-5.edf""]",PN00,C0_LR,PN00-4.edf,nested
3,3,3,70,2,73,1690,7070,180,0,410,6480,1,1,38.888888888888886,0,3,3,11,8,26.5,5,42,0.26080246913580246,125,0.40000000000000002,False,False,"[{""validation_file"": ""PN00-1.edf"", ""train_files"": [""PN00-2.edf"", ""PN00-5.edf""]}, {""validation_file"": ""PN00-2.edf"", ""train_files"": [""PN00-1.edf"", ""PN00-5.edf""]}, {""validation_file"": ""PN00-5.edf"", ""train_files"": [""PN00-1.edf"", ""PN00-2.edf""]}]","[""PN00-1.edf"", ""PN00-2.edf"", ""PN00-5.edf""]",PN00,C0_LR,PN00-4.edf,nested
3,3,3,60,2,63,1420,7070,180,0,410,6480,1,1,33.333333333333336,0,3,3,11,8,26.5,5,42,0.2191358024691358,125,0.45000000000000001,False,False,"[{""validation_file"": ""PN00-1.edf"", ""train_files"": [""PN00-2.edf"", ""PN00-5.edf""]}, {""validation_file"": ""PN00-2.edf"", ""train_files"": [""PN00-1.edf"", ""PN00-5.edf""]}, {""validation_file"": ""PN00-5.edf"", ""train_files"": [""PN00-1.edf"", ""PN00-2.edf""]}]","[""PN00-1.edf"", ""PN00-2.edf"", ""PN00-5.edf""]",PN00,C0_LR,PN00-4.edf,nested
3,3,3,52,3,55,1225,7070,180,0,410,6480,1,1,28.888888888888889,0,3,3,11,8,26.5,5,42,0.18904320987654322,95,0.5,False,False,"[{""validation_file"": ""PN00-1.edf"", ""train_files"": [""PN00-2.edf"", ""PN00-5.edf""]}, {""validation_file"": ""PN00-2.edf"", ""train_files"": [""PN00-1.edf"", ""PN00-5.edf""]}, {""validation_file"": ""PN00-5.edf"", ""train_files"": [""PN00-1.edf"", ""PN00-2.edf""]}]","[""PN00-1.edf"", ""PN00-2.edf"", ""PN00-5.edf""]",PN00,C0_LR,PN00-4.edf,nested
3,3,3,44,3,47,1040,7070,180,0,410,6480,1,1,24.444444444444443,0,3,3,16,10.5,29,5,42,0.16049382716049382,95,0.55000000000000004,False,False,"[{""validation_file"": ""PN00-1.edf"", ""train_files"": [""PN00-2.edf"", ""PN00-5.edf""]}, {""validation_file"": ""PN00-2.edf"", ""train_files"": [""PN00-1.edf"", ""PN00-5.edf""]}, {""validation_file"": ""PN00-5.edf"", ""train_files"": [""PN00-1.edf"", ""PN00-2.edf""]}]","[""PN00-1.edf"", ""PN00-2.edf"", ""PN00-5.edf""]",PN00,C0_LR,PN00-4.edf,nested
3,3,3,39,3,42,925,7070,180,0,410,6480,1,1,21.666666666666668,0,3,3,16,10.5,29,5,42,0.14274691358024691,95,0.59999999999999998,False,False,"[{""validation_file"": ""PN00-1.edf"", ""train_files"": [""PN00-2.edf"", ""PN00-5.edf""]}, {""validation_file"": ""PN00-2.edf"", ""train_files"": [""PN00-1.edf"", ""PN00-5.edf""]}, {""validation_file"": ""PN00-5.edf"", ""train_files"": [""PN00-1.edf"", ""PN00-2.edf""]}]","[""PN00-1.edf"", ""PN00-2.edf"", ""PN00-5.edf""]",PN00,C0_LR,PN00-4.edf,nested
3,3,3,36,3,39,790,7070,180,0,410,6480,1,1,20,0,3,3,16,10.5,29,5,42,0.12191358024691358,90,0.65000000000000002,False,False,"[{""validation_file"": ""PN00-1.edf"", ""train_files"": [""PN00-2.edf"", ""PN00-5.edf""]}, {""validation_file"": ""PN00-2.edf"", ""train_files"": [""PN00-1.edf"", ""PN00-5.edf""]}, {""validation_file"": ""PN00-5.edf"", ""train_files"": [""PN00-1.edf"", ""PN00-2.edf""]}]","[""PN00-1.edf"", ""PN00-2.edf"", ""PN00-5.edf""]",PN00,C0_LR,PN00-4.edf,nested
3,3,3,28,1,31,640,7070,180,0,410,6480,1,1,15.555555555555555,0,3,3,42,23.5,51.5,5,61,0.098765432098765427,90,0.69999999999999996,False,False,"[{""validation_file"": ""PN00-1.edf"", ""train_files"": [""PN00-2.edf"", ""PN00-5.edf""]}, {""validation_file"": ""PN00-2.edf"", ""train_files"": [""PN00-1.edf"", ""PN00-5.edf""]}, {""validation_file"": ""PN00-5.edf"", ""train_files"": [""PN00-1.edf"", ""PN00-2.edf""]}]","[""PN00-1.edf"", ""PN00-2.edf"", ""PN00-5.edf""]",PN00,C0_LR,PN00-4.edf,nested
3,3,3,23,1,26,555,7070,180,0,410,6480,1,1,12.777777777777779,0,3,3,42,23.5,51.5,5,61,0.085648148148148154,90,0.75,False,False,"[{""validation_file"": ""PN00-1.edf"", ""train_files"": [""PN00-2.edf"", ""PN00-5.edf""]}, {""validation_file"": ""PN00-2.edf"", ""train_files"": [""PN00-1.edf"", ""PN00-5.edf""]}, {""validation_file"": ""PN00-5.edf"", ""train_files"": [""PN00-1.edf"", ""PN00-2.edf""]}]","[""PN00-1.edf"", ""PN00-2.edf"", ""PN00-5.edf""]",PN00,C0_LR,PN00-4.edf,nested
3,3,3,20,1,23,485,7070,180,0,410,6480,1,1,11.111111111111111,0,3,3,42,23.5,51.5,5,61,0.074845679012345678,90,0.80000000000000004,False,False,"[{""validation_file"": ""PN00-1.edf"", ""train_files"": [""PN00-2.edf"", ""PN00-5.edf""]}, {""validation_file"": ""PN00-2.edf"", ""train_files"": [""PN00-1.edf"", ""PN00-5.edf""]}, {""validation_file"": ""PN00-5.edf"", ""train_files"": [""PN00-1.edf"", ""PN00-2.edf""]}]","[""PN00-1.edf"", ""PN00-2.edf"", ""PN00-5.edf""]",PN00,C0_LR,PN00-4.edf,nested
3,2,2,17,1,19,410,7070,180,0,410,6480,0.66666666666666663,0.66666666666666663,9.4444444444444446,1,2,2,35.5,20.25,50.75,5,66,0.063271604938271608,85,0.84999999999999998,False,False,"[{""validation_file"": ""PN00-1.edf"", ""train_files"": [""PN00-2.edf"", ""PN00-5.edf""]}, {""validation_file"": ""PN00-2.edf"", ""train_files"": [""PN00-1.edf"", ""PN00-5.edf""]}, {""validation_file"": ""PN00-5.edf"", ""train_files"": [""PN00-1.edf"", ""PN00-2.edf""]}]","[""PN00-1.edf"", ""PN00-2.edf"", ""PN00-5.edf""]",PN00,C0_LR,PN00-4.edf,nested
3,2,2,11,1,13,345,7070,180,0,410,6480,0.66666666666666663,0.66666666666666663,6.1111111111111107,1,2,2,35.5,20.25,50.75,5,66,0.053240740740740741,85,0.90000000000000002,False,False,"[{""validation_file"": ""PN00-1.edf"", ""train_files"": [""PN00-2.edf"", ""PN00-5.edf""]}, {""validation_file"": ""PN00-2.edf"", ""train_files"": [""PN00-1.edf"", ""PN00-5.edf""]}, {""validation_file"": ""PN00-5.edf"", ""train_files"": [""PN00-1.edf"", ""PN00-2.edf""]}]","[""PN00-1.edf"", ""PN00-2.edf"", ""PN00-5.edf""]",PN00,C0_LR,PN00-4.edf,nested
3,2,2,7,0,9,275,7070,180,0,410,6480,0.66666666666666663,0.66666666666666663,3.8888888888888888,1,2,2,38,24,52,10,66,0.042438271604938273,80,0.94999999999999996,False,False,"[{""validation_file"": ""PN00-1.edf"", ""train_files"": [""PN00-2.edf"", ""PN00-5.edf""]}, {""validation_file"": ""PN00-2.edf"", ""train_files"": [""PN00-1.edf"", ""PN00-5.edf""]}, {""validation_file"": ""PN00-5.edf"", ""train_files"": [""PN00-1.edf"", ""PN00-2.edf""]}]","[""PN00-1.edf"", ""PN00-2.edf"", ""PN00-5.edf""]",PN00,C0_LR,PN00-4.edf,nested
3,0,0,0,0,0,0,7070,180,0,410,6480,0,0,0,3,0,0,,,,,,0,0,1.01,True,True,"[{""validation_file"": ""PN00-1.edf"", ""train_files"": [""PN00-2.edf"", ""PN00-5.edf""]}, {""validation_file"": ""PN00-2.edf"", ""train_files"": [""PN00-1.edf"", ""PN00-5.edf""]}, {""validation_file"": ""PN00-5.edf"", ""train_files"": [""PN00-1.edf"", ""PN00-2.edf""]}]","[""PN00-1.edf"", ""PN00-2.edf"", ""PN00-5.edf""]",PN00,C0_LR,PN00-4.edf,nested
3,3,3,37,1,40,5889,7029,180,0,375,6474,1,1,20.574606116774792,0,3,3,37,21,40.5,5,44,0.90963855421686746,1360,0.050000000000000003,False,False,"[{""validation_file"": ""PN00-1.edf"", ""train_files"": [""PN00-2.edf"", ""PN00-4.edf""]}, {""validation_file"": ""PN00-2.edf"", ""train_files"": [""PN00-1.edf"", ""PN00-4.edf""]}, {""validation_file"": ""PN00-4.edf"", ""train_files"": [""PN00-1.edf"", ""PN00-2.edf""]}]","[""PN00-1.edf"", ""PN00-2.edf"", ""PN00-4.edf""]",PN00,C0_LR,PN00-5.edf,nested
3,3,3,34,1,37,5549,7029,180,0,375,6474,1,1,18.906394810009267,0,3,3,37,21,40.5,5,44,0.85712079085573056,810,0.10000000000000001,False,False,"[{""validation_file"": ""PN00-1.edf"", ""train_files"": [""PN00-2.edf"", ""PN00-4.edf""]}, {""validation_file"": ""PN00-2.edf"", ""train_files"": [""PN00-1.edf"", ""PN00-4.edf""]}, {""validation_file"": ""PN00-4.edf"", ""train_files"": [""PN00-1.edf"", ""PN00-2.edf""]}]","[""PN00-1.edf"", ""PN00-2.edf"", ""PN00-4.edf""]",PN00,C0_LR,PN00-5.edf,nested
3,3,3,41,2,44,4832,7029,180,0,375,6474,1,1,22.798887859128822,0,3,3,9,7,23,5,37,0.74637009576768609,800,0.14999999999999999,False,False,"[{""validation_file"": ""PN00-1.edf"", ""train_files"": [""PN00-2.edf"", ""PN00-4.edf""]}, {""validation_file"": ""PN00-2.edf"", ""train_files"": [""PN00-1.edf"", ""PN00-4.edf""]}, {""validation_file"": ""PN00-4.edf"", ""train_files"": [""PN00-1.edf"", ""PN00-2.edf""]}]","[""PN00-1.edf"", ""PN00-2.edf"", ""PN00-4.edf""]",PN00,C0_LR,PN00-5.edf,nested
3,3,3,45,1,48,4352,7029,180,0,375,6474,1,1,25.023169601482856,0,3,3,37,23,43.5,9,50,0.6722273710225517,760,0.20000000000000001,False,False,"[{""validation_file"": ""PN00-1.edf"", ""train_files"": [""PN00-2.edf"", ""PN00-4.edf""]}, {""validation_file"": ""PN00-2.edf"", ""train_files"": [""PN00-1.edf"", ""PN00-4.edf""]}, {""validation_file"": ""PN00-4.edf"", ""train_files"": [""PN00-1.edf"", ""PN00-2.edf""]}]","[""PN00-1.edf"", ""PN00-2.edf"", ""PN00-4.edf""]",PN00,C0_LR,PN00-5.edf,nested
3,2,2,53,1,55,3897,7029,180,0,375,6474,0.66666666666666663,0.66666666666666663,29.471733086190916,1,2,2,23,16,30,9,37,0.60194624652455975,760,0.25,False,False,"[{""validation_file"": ""PN00-1.edf"", ""train_files"": [""PN00-2.edf"", ""PN00-4.edf""]}, {""validation_file"": ""PN00-2.edf"", ""train_files"": [""PN00-1.edf"", ""PN00-4.edf""]}, {""validation_file"": ""PN00-4.edf"", ""train_files"": [""PN00-1.edf"", ""PN00-2.edf""]}]","[""PN00-1.edf"", ""PN00-2.edf"", ""PN00-4.edf""]",PN00,C0_LR,PN00-5.edf,nested
3,2,2,58,1,60,3557,7029,180,0,375,6474,0.66666666666666663,0.66666666666666663,32.252085264133456,1,2,2,23,16,30,9,37,0.54942848316342296,695,0.29999999999999999,False,False,"[{""validation_file"": ""PN00-1.edf"", ""train_files"": [""PN00-2.edf"", ""PN00-4.edf""]}, {""validation_file"": ""PN00-2.edf"", ""train_files"": [""PN00-1.edf"", ""PN00-4.edf""]}, {""validation_file"": ""PN00-4.edf"", ""train_files"": [""PN00-1.edf"", ""PN00-2.edf""]}]","[""PN00-1.edf"", ""PN00-2.edf"", ""PN00-4.edf""]",PN00,C0_LR,PN00-5.edf,nested
3,2,2,61,0,63,3247,7029,180,0,375,6474,0.66666666666666663,0.66666666666666663,33.920296570898984,1,2,2,45.5,41.25,49.75,37,54,0.50154464009885702,530,0.34999999999999998,False,False,"[{""validation_file"": ""PN00-1.edf"", ""train_files"": [""PN00-2.edf"", ""PN00-4.edf""]}, {""validation_file"": ""PN00-2.edf"", ""train_files"": [""PN00-1.edf"", ""PN00-4.edf""]}, {""validation_file"": ""PN00-4.edf"", ""train_files"": [""PN00-1.edf"", ""PN00-2.edf""]}]","[""PN00-1.edf"", ""PN00-2.edf"", ""PN00-4.edf""]",PN00,C0_LR,PN00-5.edf,nested
3,2,2,65,0,67,2907,7029,180,0,375,6474,0.66666666666666663,0.66666666666666663,36.144578313253014,1,2,2,45.5,41.25,49.75,37,54,0.44902687673772013,460,0.40000000000000002,False,False,"[{""validation_file"": ""PN00-1.edf"", ""train_files"": [""PN00-2.edf"", ""PN00-4.edf""]}, {""validation_file"": ""PN00-2.edf"", ""train_files"": [""PN00-1.edf"", ""PN00-4.edf""]}, {""validation_file"": ""PN00-4.edf"", ""train_files"": [""PN00-1.edf"", ""PN00-2.edf""]}]","[""PN00-1.edf"", ""PN00-2.edf"", ""PN00-4.edf""]",PN00,C0_LR,PN00-5.edf,nested
3,2,2,66,0,68,2647,7029,180,0,375,6474,0.66666666666666663,0.66666666666666663,36.700648748841523,1,2,2,45.5,41.25,49.75,37,54,0.408866234167439,455,0.45000000000000001,False,False,"[{""validation_file"": ""PN00-1.edf"", ""train_files"": [""PN00-2.edf"", ""PN00-4.edf""]}, {""validation_file"": ""PN00-2.edf"", ""train_files"": [""PN00-1.edf"", ""PN00-4.edf""]}, {""validation_file"": ""PN00-4.edf"", ""train_files"": [""PN00-1.edf"", ""PN00-2.edf""]}]","[""PN00-1.edf"", ""PN00-2.edf"", ""PN00-4.edf""]",PN00,C0_LR,PN00-5.edf,nested
3,2,2,66,0,68,2372,7029,180,0,375,6474,0.66666666666666663,0.66666666666666663,36.700648748841523,1,2,2,45.5,41.25,49.75,37,54,0.3663886314488724,455,0.5,False,False,"[{""validation_file"": ""PN00-1.edf"", ""train_files"": [""PN00-2.edf"", ""PN00-4.edf""]}, {""validation_file"": ""PN00-2.edf"", ""train_files"": [""PN00-1.edf"", ""PN00-4.edf""]}, {""validation_file"": ""PN00-4.edf"", ""train_files"": [""PN00-1.edf"", ""PN00-2.edf""]}]","[""PN00-1.edf"", ""PN00-2.edf"", ""PN00-4.edf""]",PN00,C0_LR,PN00-5.edf,nested
3,2,2,58,0,60,2127,7029,180,0,375,6474,0.66666666666666663,0.66666666666666663,32.252085264133456,1,2,2,45.5,41.25,49.75,37,54,0.32854494902687675,450,0.55000000000000004,False,False,"[{""validation_file"": ""PN00-1.edf"", ""train_files"": [""PN00-2.edf"", ""PN00-4.edf""]}, {""validation_file"": ""PN00-2.edf"", ""train_files"": [""PN00-1.edf"", ""PN00-4.edf""]}, {""validation_file"": ""PN00-4.edf"", ""train_files"": [""PN00-1.edf"", ""PN00-2.edf""]}]","[""PN00-1.edf"", ""PN00-2.edf"", ""PN00-4.edf""]",PN00,C0_LR,PN00-5.edf,nested
3,2,2,54,0,56,1912,7029,180,0,375,6474,0.66666666666666663,0.66666666666666663,30.027803521779425,1,2,2,45.5,41.25,49.75,37,54,0.29533518690145194,430,0.59999999999999998,False,False,"[{""validation_file"": ""PN00-1.edf"", ""train_files"": [""PN00-2.edf"", ""PN00-4.edf""]}, {""validation_file"": ""PN00-2.edf"", ""train_files"": [""PN00-1.edf"", ""PN00-4.edf""]}, {""validation_file"": ""PN00-4.edf"", ""train_files"": [""PN00-1.edf"", ""PN00-2.edf""]}]","[""PN00-1.edf"", ""PN00-2.edf"", ""PN00-4.edf""]",PN00,C0_LR,PN00-5.edf,nested
3,2,2,48,0,50,1747,7029,180,0,375,6474,0.66666666666666663,0.66666666666666663,26.691380908248377,1,2,2,45.5,41.25,49.75,37,54,0.269848625270312,430,0.65000000000000002,False,False,"[{""validation_file"": ""PN00-1.edf"", ""train_files"": [""PN00-2.edf"", ""PN00-4.edf""]}, {""validation_file"": ""PN00-2.edf"", ""train_files"": [""PN00-1.edf"", ""PN00-4.edf""]}, {""validation_file"": ""PN00-4.edf"", ""train_files"": [""PN00-1.edf"", ""PN00-2.edf""]}]","[""PN00-1.edf"", ""PN00-2.edf"", ""PN00-4.edf""]",PN00,C0_LR,PN00-5.edf,nested
3,2,2,39,0,41,1515,7029,180,0,375,6474,0.66666666666666663,0.66666666666666663,21.686746987951807,1,2,2,48,45,51,42,54,0.23401297497683041,430,0.69999999999999996,False,False,"[{""validation_file"": ""PN00-1.edf"", ""train_files"": [""PN00-2.edf"", ""PN00-4.edf""]}, {""validation_file"": ""PN00-2.edf"", ""train_files"": [""PN00-1.edf"", ""PN00-4.edf""]}, {""validation_file"": ""PN00-4.edf"", ""train_files"": [""PN00-1.edf"", ""PN00-2.edf""]}]","[""PN00-1.edf"", ""PN00-2.edf"", ""PN00-4.edf""]",PN00,C0_LR,PN00-5.edf,nested
3,2,2,32,0,34,1335,7029,180,0,375,6474,0.66666666666666663,0.66666666666666663,17.794253938832252,1,2,2,48,45,51,42,54,0.206209453197405,425,0.75,False,False,"[{""validation_file"": ""PN00-1.edf"", ""train_files"": [""PN00-2.edf"", ""PN00-4.edf""]}, {""validation_file"": ""PN00-2.edf"", ""train_files"": [""PN00-1.edf"", ""PN00-4.edf""]}, {""validation_file"": ""PN00-4.edf"", ""train_files"": [""PN00-1.edf"", ""PN00-2.edf""]}]","[""PN00-1.edf"", ""PN00-2.edf"", ""PN00-4.edf""]",PN00,C0_LR,PN00-5.edf,nested
3,2,2,28,0,30,1195,7029,180,0,375,6474,0.66666666666666663,0.66666666666666663,15.56997219647822,1,2,2,48,45,51,42,54,0.18458449181340747,420,0.80000000000000004,False,False,"[{""validation_file"": ""PN00-1.edf"", ""train_files"": [""PN00-2.edf"", ""PN00-4.edf""]}, {""validation_file"": ""PN00-2.edf"", ""train_files"": [""PN00-1.edf"", ""PN00-4.edf""]}, {""validation_file"": ""PN00-4.edf"", ""train_files"": [""PN00-1.edf"", ""PN00-2.edf""]}]","[""PN00-1.edf"", ""PN00-2.edf"", ""PN00-4.edf""]",PN00,C0_LR,PN00-5.edf,nested
3,2,2,22,0,24,1045,7029,180,0,375,6474,0.66666666666666663,0.66666666666666663,12.233549582947173,1,2,2,50.5,46.25,54.75,42,59,0.16141489033055298,420,0.84999999999999998,False,False,"[{""validation_file"": ""PN00-1.edf"", ""train_files"": [""PN00-2.edf"", ""PN00-4.edf""]}, {""validation_file"": ""PN00-2.edf"", ""train_files"": [""PN00-1.edf"", ""PN00-4.edf""]}, {""validation_file"": ""PN00-4.edf"", ""train_files"": [""PN00-1.edf"", ""PN00-2.edf""]}]","[""PN00-1.edf"", ""PN00-2.edf"", ""PN00-4.edf""]",PN00,C0_LR,PN00-5.edf,nested
3,2,2,18,0,20,955,7029,180,0,375,6474,0.66666666666666663,0.66666666666666663,10.009267840593141,1,2,2,50.5,46.25,54.75,42,59,0.14751312944084027,420,0.90000000000000002,False,False,"[{""validation_file"": ""PN00-1.edf"", ""train_files"": [""PN00-2.edf"", ""PN00-4.edf""]}, {""validation_file"": ""PN00-2.edf"", ""train_files"": [""PN00-1.edf"", ""PN00-4.edf""]}, {""validation_file"": ""PN00-4.edf"", ""train_files"": [""PN00-1.edf"", ""PN00-2.edf""]}]","[""PN00-1.edf"", ""PN00-2.edf"", ""PN00-4.edf""]",PN00,C0_LR,PN00-5.edf,nested
3,2,2,16,0,18,835,7029,180,0,375,6474,0.66666666666666663,0.66666666666666663,8.8971269694161261,1,2,2,55.5,53.75,57.25,52,59,0.12897744825455668,345,0.94999999999999996,False,False,"[{""validation_file"": ""PN00-1.edf"", ""train_files"": [""PN00-2.edf"", ""PN00-4.edf""]}, {""validation_file"": ""PN00-2.edf"", ""train_files"": [""PN00-1.edf"", ""PN00-4.edf""]}, {""validation_file"": ""PN00-4.edf"", ""train_files"": [""PN00-1.edf"", ""PN00-2.edf""]}]","[""PN00-1.edf"", ""PN00-2.edf"", ""PN00-4.edf""]",PN00,C0_LR,PN00-5.edf,nested
3,0,0,0,0,0,0,7029,180,0,375,6474,0,0,0,3,0,0,,,,,,0,0,1.01,True,True,"[{""validation_file"": ""PN00-1.edf"", ""train_files"": [""PN00-2.edf"", ""PN00-4.edf""]}, {""validation_file"": ""PN00-2.edf"", ""train_files"": [""PN00-1.edf"", ""PN00-4.edf""]}, {""validation_file"": ""PN00-4.edf"", ""train_files"": [""PN00-1.edf"", ""PN00-2.edf""]}]","[""PN00-1.edf"", ""PN00-2.edf"", ""PN00-4.edf""]",PN00,C0_LR,PN00-5.edf,nested
3,2,3,102,2,104,3902,6547,180,0,410,5957,0.66666666666666663,1,61.641765989592074,1,2,2,8,6.5,9.5,5,11,0.65502769850595932,285,0.050000000000000003,False,False,"[{""validation_file"": ""PN00-2.edf"", ""train_files"": [""PN00-4.edf"", ""PN00-5.edf""]}, {""validation_file"": ""PN00-4.edf"", ""train_files"": [""PN00-2.edf"", ""PN00-5.edf""]}, {""validation_file"": ""PN00-5.edf"", ""train_files"": [""PN00-2.edf"", ""PN00-4.edf""]}]","[""PN00-2.edf"", ""PN00-4.edf"", ""PN00-5.edf""]",PN00,C1_RF,PN00-1.edf,nested
3,2,3,93,2,95,3192,6547,180,0,410,5957,0.66666666666666663,1,56.202786637569247,1,2,2,8,6.5,9.5,5,11,0.53584018801410105,245,0.10000000000000001,False,False,"[{""validation_file"": ""PN00-2.edf"", ""train_files"": [""PN00-4.edf"", ""PN00-5.edf""]}, {""validation_file"": ""PN00-4.edf"", ""train_files"": [""PN00-2.edf"", ""PN00-5.edf""]}, {""validation_file"": ""PN00-5.edf"", ""train_files"": [""PN00-2.edf"", ""PN00-4.edf""]}]","[""PN00-2.edf"", ""PN00-4.edf"", ""PN00-5.edf""]",PN00,C1_RF,PN00-1.edf,nested
3,3,3,85,2,88,2687,6547,180,0,410,5957,1,1,51.368138324660066,0,3,3,11,8,25,5,39,0.45106597280510324,200,0.14999999999999999,False,False,"[{""validation_file"": ""PN00-2.edf"", ""train_files"": [""PN00-4.edf"", ""PN00-5.edf""]}, {""validation_file"": ""PN00-4.edf"", ""train_files"": [""PN00-2.edf"", ""PN00-5.edf""]}, {""validation_file"": ""PN00-5.edf"", ""train_files"": [""PN00-2.edf"", ""PN00-4.edf""]}]","[""PN00-2.edf"", ""PN00-4.edf"", ""PN00-5.edf""]",PN00,C1_RF,PN00-1.edf,nested
3,3,3,90,2,93,2387,6547,180,0,410,5957,1,1,54.389793520228302,0,3,3,11,8,27.5,5,44,0.40070505287896591,200,0.20000000000000001,False,False,"[{""validation_file"": ""PN00-2.edf"", ""train_files"": [""PN00-4.edf"", ""PN00-5.edf""]}, {""validation_file"": ""PN00-4.edf"", ""train_files"": [""PN00-2.edf"", ""PN00-5.edf""]}, {""validation_file"": ""PN00-5.edf"", ""train_files"": [""PN00-2.edf"", ""PN00-4.edf""]}]","[""PN00-2.edf"", ""PN00-4.edf"", ""PN00-5.edf""]",PN00,C1_RF,PN00-1.edf,nested
3,3,3,80,2,83,1842,6547,180,0,410,5957,1,1,48.346483129091823,0,3,3,11,8,30,5,49,0.30921604834648314,90,0.25,False,False,"[{""validation_file"": ""PN00-2.edf"", ""train_files"": [""PN00-4.edf"", ""PN00-5.edf""]}, {""validation_file"": ""PN00-4.edf"", ""train_files"": [""PN00-2.edf"", ""PN00-5.edf""]}, {""validation_file"": ""PN00-5.edf"", ""train_files"": [""PN00-2.edf"", ""PN00-4.edf""]}]","[""PN00-2.edf"", ""PN00-4.edf"", ""PN00-5.edf""]",PN00,C1_RF,PN00-1.edf,nested
3,3,3,71,2,74,1452,6547,180,0,410,5957,1,1,42.907503777068996,0,3,3,11,8,30,5,49,0.24374685244250463,65,0.29999999999999999,False,False,"[{""validation_file"": ""PN00-2.edf"", ""train_files"": [""PN00-4.edf"", ""PN00-5.edf""]}, {""validation_file"": ""PN00-4.edf"", ""train_files"": [""PN00-2.edf"", ""PN00-5.edf""]}, {""validation_file"": ""PN00-5.edf"", ""train_files"": [""PN00-2.edf"", ""PN00-4.edf""]}]","[""PN00-2.edf"", ""PN00-4.edf"", ""PN00-5.edf""]",PN00,C1_RF,PN00-1.edf,nested
3,3,3,61,2,64,1217,6547,180,0,410,5957,1,1,36.864193385932516,0,3,3,11,8,32.5,5,54,0.20429746516703037,65,0.34999999999999998,False,False,"[{""validation_file"": ""PN00-2.edf"", ""train_files"": [""PN00-4.edf"", ""PN00-5.edf""]}, {""validation_file"": ""PN00-4.edf"", ""train_files"": [""PN00-2.edf"", ""PN00-5.edf""]}, {""validation_file"": ""PN00-5.edf"", ""train_files"": [""PN00-2.edf"", ""PN00-4.edf""]}]","[""PN00-2.edf"", ""PN00-4.edf"", ""PN00-5.edf""]",PN00,C1_RF,PN00-1.edf,nested
3,3,3,51,2,54,1007,6547,180,0,410,5957,1,1,30.820882994796037,0,3,3,11,8,32.5,5,54,0.16904482121873426,65,0.40000000000000002,False,False,"[{""validation_file"": ""PN00-2.edf"", ""train_files"": [""PN00-4.edf"", ""PN00-5.edf""]}, {""validation_file"": ""PN00-4.edf"", ""train_files"": [""PN00-2.edf"", ""PN00-5.edf""]}, {""validation_file"": ""PN00-5.edf"", ""train_files"": [""PN00-2.edf"", ""PN00-4.edf""]}]","[""PN00-2.edf"", ""PN00-4.edf"", ""PN00-5.edf""]",PN00,C1_RF,PN00-1.edf,nested
3,3,3,47,2,50,852,6547,180,0,410,5957,1,1,28.403558838341446,0,3,3,11,8,32.5,5,54,0.14302501259022998,55,0.45000000000000001,False,False,"[{""validation_file"": ""PN00-2.edf"", ""train_files"": [""PN00-4.edf"", ""PN00-5.edf""]}, {""validation_file"": ""PN00-4.edf"", ""train_files"": [""PN00-2.edf"", ""PN00-5.edf""]}, {""validation_file"": ""PN00-5.edf"", ""train_files"": [""PN00-2.edf"", ""PN00-4.edf""]}]","[""PN00-2.edf"", ""PN00-4.edf"", ""PN00-5.edf""]",PN00,C1_RF,PN00-1.edf,nested
3,3,3,40,2,43,712,6547,180,0,410,5957,1,1,24.173241564545911,0,3,3,11,10.5,32.5,10,54,0.11952324995803257,55,0.5,False,False,"[{""validation_file"": ""PN00-2.edf"", ""train_files"": [""PN00-4.edf"", ""PN00-5.edf""]}, {""validation_file"": ""PN00-4.edf"", ""train_files"": [""PN00-2.edf"", ""PN00-5.edf""]}, {""validation_file"": ""PN00-5.edf"", ""train_files"": [""PN00-2.edf"", ""PN00-4.edf""]}]","[""PN00-2.edf"", ""PN00-4.edf"", ""PN00-5.edf""]",PN00,C1_RF,PN00-1.edf,nested
3,3,3,34,1,37,577,6547,180,0,410,5957,1,1,20.547255329864026,0,3,3,54,32,55,10,56,0.09686083599127078,45,0.55000000000000004,False,False,"[{""validation_file"": ""PN00-2.edf"", ""train_files"": [""PN00-4.edf"", ""PN00-5.edf""]}, {""validation_file"": ""PN00-4.edf"", ""train_files"": [""PN00-2.edf"", ""PN00-5.edf""]}, {""validation_file"": ""PN00-5.edf"", ""train_files"": [""PN00-2.edf"", ""PN00-4.edf""]}]","[""PN00-2.edf"", ""PN00-4.edf"", ""PN00-5.edf""]",PN00,C1_RF,PN00-1.edf,nested
3,3,3,26,1,29,447,6547,180,0,410,5957,1,1,15.712607016954843,0,3,3,54,32,55,10,56,0.075037770689944605,45,0.59999999999999998,False,False,"[{""validation_file"": ""PN00-2.edf"", ""train_files"": [""PN00-4.edf"", ""PN00-5.edf""]}, {""validation_file"": ""PN00-4.edf"", ""train_files"": [""PN00-2.edf"", ""PN00-5.edf""]}, {""validation_file"": ""PN00-5.edf"", ""train_files"": [""PN00-2.edf"", ""PN00-4.edf""]}]","[""PN00-2.edf"", ""PN00-4.edf"", ""PN00-5.edf""]",PN00,C1_RF,PN00-1.edf,nested
3,3,3,22,0,25,360,6547,180,0,410,5957,1,1,13.295282860500253,0,3,3,54,32,57.5,10,61,0.060433103911364784,35,0.65000000000000002,False,False,"[{""validation_file"": ""PN00-2.edf"", ""train_files"": [""PN00-4.edf"", ""PN00-5.edf""]}, {""validation_file"": ""PN00-4.edf"", ""train_files"": [""PN00-2.edf"", ""PN00-5.edf""]}, {""validation_file"": ""PN00-5.edf"", ""train_files"": [""PN00-2.edf"", ""PN00-4.edf""]}]","[""PN00-2.edf"", ""PN00-4.edf"", ""PN00-5.edf""]",PN00,C1_RF,PN00-1.edf,nested
3,3,3,20,0,23,330,6547,180,0,410,5957,1,1,12.086620782272956,0,3,3,54,32,57.5,10,61,0.05539701191875105,30,0.69999999999999996,False,False,"[{""validation_file"": ""PN00-2.edf"", ""train_files"": [""PN00-4.edf"", ""PN00-5.edf""]}, {""validation_file"": ""PN00-4.edf"", ""train_files"": [""PN00-2.edf"", ""PN00-5.edf""]}, {""validation_file"": ""PN00-5.edf"", ""train_files"": [""PN00-2.edf"", ""PN00-4.edf""]}]","[""PN00-2.edf"", ""PN00-4.edf"", ""PN00-5.edf""]",PN00,C1_RF,PN00-1.edf,nested
3,3,3,18,0,21,280,6547,180,0,410,5957,1,1,10.87795870404566,0,3,3,54,32,57.5,10,61,0.04700352526439483,30,0.75,False,False,"[{""validation_file"": ""PN00-2.edf"", ""train_files"": [""PN00-4.edf"", ""PN00-5.edf""]}, {""validation_file"": ""PN00-4.edf"", ""train_files"": [""PN00-2.edf"", ""PN00-5.edf""]}, {""validation_file"": ""PN00-5.edf"", ""train_files"": [""PN00-2.edf"", ""PN00-4.edf""]}]","[""PN00-2.edf"", ""PN00-4.edf"", ""PN00-5.edf""]",PN00,C1_RF,PN00-1.edf,nested
3,1,2,16,0,17,210,6547,180,0,410,5957,0.33333333333333331,0.66666666666666663,9.6692966258183652,2,1,1,66,66,66,66,66,0.035252643948296122,30,0.80000000000000004,False,False,"[{""validation_file"": ""PN00-2.edf"", ""train_files"": [""PN00-4.edf"", ""PN00-5.edf""]}, {""validation_file"": ""PN00-4.edf"", ""train_files"": [""PN00-2.edf"", ""PN00-5.edf""]}, {""validation_file"": ""PN00-5.edf"", ""train_files"": [""PN00-2.edf"", ""PN00-4.edf""]}]","[""PN00-2.edf"", ""PN00-4.edf"", ""PN00-5.edf""]",PN00,C1_RF,PN00-1.edf,nested
3,0,1,11,0,11,140,6547,180,0,410,5957,0,0.33333333333333331,6.6476414302501263,3,0,0,,,,,,0.023501762632197415,30,0.84999999999999998,False,False,"[{""validation_file"": ""PN00-2.edf"", ""train_files"": [""PN00-4.edf"", ""PN00-5.edf""]}, {""validation_file"": ""PN00-4.edf"", ""train_files"": [""PN00-2.edf"", ""PN00-5.edf""]}, {""validation_file"": ""PN00-5.edf"", ""train_files"": [""PN00-2.edf"", ""PN00-4.edf""]}]","[""PN00-2.edf"", ""PN00-4.edf"", ""PN00-5.edf""]",PN00,C1_RF,PN00-1.edf,nested
3,0,0,5,0,5,80,6547,180,0,410,5957,0,0,3.0216551955682389,3,0,0,,,,,,0.013429578646969951,30,0.90000000000000002,False,False,"[{""validation_file"": ""PN00-2.edf"", ""train_files"": [""PN00-4.edf"", ""PN00-5.edf""]}, {""validation_file"": ""PN00-4.edf"", ""train_files"": [""PN00-2.edf"", ""PN00-5.edf""]}, {""validation_file"": ""PN00-5.edf"", ""train_files"": [""PN00-2.edf"", ""PN00-4.edf""]}]","[""PN00-2.edf"", ""PN00-4.edf"", ""PN00-5.edf""]",PN00,C1_RF,PN00-1.edf,nested
3,0,0,3,0,3,45,6547,180,0,410,5957,0,0,1.8129931173409435,3,0,0,,,,,,0.007554137988920598,25,0.94999999999999996,False,False,"[{""validation_file"": ""PN00-2.edf"", ""train_files"": [""PN00-4.edf"", ""PN00-5.edf""]}, {""validation_file"": ""PN00-4.edf"", ""train_files"": [""PN00-2.edf"", ""PN00-5.edf""]}, {""validation_file"": ""PN00-5.edf"", ""train_files"": [""PN00-2.edf"", ""PN00-4.edf""]}]","[""PN00-2.edf"", ""PN00-4.edf"", ""PN00-5.edf""]",PN00,C1_RF,PN00-1.edf,nested
3,0,0,0,0,0,0,6547,180,0,410,5957,0,0,0,3,0,0,,,,,,0,0,1.01,True,True,"[{""validation_file"": ""PN00-2.edf"", ""train_files"": [""PN00-4.edf"", ""PN00-5.edf""]}, {""validation_file"": ""PN00-4.edf"", ""train_files"": [""PN00-2.edf"", ""PN00-5.edf""]}, {""validation_file"": ""PN00-5.edf"", ""train_files"": [""PN00-2.edf"", ""PN00-4.edf""]}]","[""PN00-2.edf"", ""PN00-4.edf"", ""PN00-5.edf""]",PN00,C1_RF,PN00-1.edf,nested
3,3,3,61,1,64,4432,6870,180,0,80,6610,1,1,33.222390317700452,0,3,3,37,24,38,11,39,0.67049924357034796,700,0.050000000000000003,False,False,"[{""validation_file"": ""PN00-1.edf"", ""train_files"": [""PN00-4.edf"", ""PN00-5.edf""]}, {""validation_file"": ""PN00-4.edf"", ""train_files"": [""PN00-1.edf"", ""PN00-5.edf""]}, {""validation_file"": ""PN00-5.edf"", ""train_files"": [""PN00-1.edf"", ""PN00-4.edf""]}]","[""PN00-1.edf"", ""PN00-4.edf"", ""PN00-5.edf""]",PN00,C1_RF,PN00-2.edf,nested
3,3,3,71,0,74,3927,6870,180,0,80,6610,1,1,38.668683812405447,0,3,3,44,40.5,50,37,56,0.59409984871406962,285,0.10000000000000001,False,False,"[{""validation_file"": ""PN00-1.edf"", ""train_files"": [""PN00-4.edf"", ""PN00-5.edf""]}, {""validation_file"": ""PN00-4.edf"", ""train_files"": [""PN00-1.edf"", ""PN00-5.edf""]}, {""validation_file"": ""PN00-5.edf"", ""train_files"": [""PN00-1.edf"", ""PN00-4.edf""]}]","[""PN00-1.edf"", ""PN00-4.edf"", ""PN00-5.edf""]",PN00,C1_RF,PN00-2.edf,nested
3,3,3,81,0,84,3392,6870,180,0,80,6610,1,1,44.114977307110436,0,3,3,44,40.5,50,37,56,0.51316187594553708,235,0.14999999999999999,False,False,"[{""validation_file"": ""PN00-1.edf"", ""train_files"": [""PN00-4.edf"", ""PN00-5.edf""]}, {""validation_file"": ""PN00-4.edf"", ""train_files"": [""PN00-1.edf"", ""PN00-5.edf""]}, {""validation_file"": ""PN00-5.edf"", ""train_files"": [""PN00-1.edf"", ""PN00-4.edf""]}]","[""PN00-1.edf"", ""PN00-4.edf"", ""PN00-5.edf""]",PN00,C1_RF,PN00-2.edf,nested
3,3,3,82,1,85,2917,6870,180,0,80,6610,1,1,44.659606656580941,0,3,3,37,23,46.5,9,56,0.44130105900151284,230,0.20000000000000001,False,False,"[{""validation_file"": ""PN00-1.edf"", ""train_files"": [""PN00-4.edf"", ""PN00-5.edf""]}, {""validation_file"": ""PN00-4.edf"", ""train_files"": [""PN00-1.edf"", ""PN00-5.edf""]}, {""validation_file"": ""PN00-5.edf"", ""train_files"": [""PN00-1.edf"", ""PN00-4.edf""]}]","[""PN00-1.edf"", ""PN00-4.edf"", ""PN00-5.edf""]",PN00,C1_RF,PN00-2.edf,nested
3,3,3,89,2,92,2552,6870,180,0,80,6610,1,1,48.47201210287443,0,3,3,17,13,36.5,9,56,0.38608169440242057,180,0.25,False,False,"[{""validation_file"": ""PN00-1.edf"", ""train_files"": [""PN00-4.edf"", ""PN00-5.edf""]}, {""validation_file"": ""PN00-4.edf"", ""train_files"": [""PN00-1.edf"", ""PN00-5.edf""]}, {""validation_file"": ""PN00-5.edf"", ""train_files"": [""PN00-1.edf"", ""PN00-4.edf""]}]","[""PN00-1.edf"", ""PN00-4.edf"", ""PN00-5.edf""]",PN00,C1_RF,PN00-2.edf,nested
3,3,3,82,1,85,2172,6870,180,0,80,6610,1,1,44.659606656580941,0,3,3,49,33,52.5,17,56,0.3285930408472012,110,0.29999999999999999,False,False,"[{""validation_file"": ""PN00-1.edf"", ""train_files"": [""PN00-4.edf"", ""PN00-5.edf""]}, {""validation_file"": ""PN00-4.edf"", ""train_files"": [""PN00-1.edf"", ""PN00-5.edf""]}, {""validation_file"": ""PN00-5.edf"", ""train_files"": [""PN00-1.edf"", ""PN00-4.edf""]}]","[""PN00-1.edf"", ""PN00-4.edf"", ""PN00-5.edf""]",PN00,C1_RF,PN00-2.edf,nested
3,3,3,79,1,82,1817,6870,180,0,80,6610,1,1,43.025718608169441,0,3,3,49,33,52.5,17,56,0.27488653555219367,100,0.34999999999999998,False,False,"[{""validation_file"": ""PN00-1.edf"", ""train_files"": [""PN00-4.edf"", ""PN00-5.edf""]}, {""validation_file"": ""PN00-4.edf"", ""train_files"": [""PN00-1.edf"", ""PN00-5.edf""]}, {""validation_file"": ""PN00-5.edf"", ""train_files"": [""PN00-1.edf"", ""PN00-4.edf""]}]","[""PN00-1.edf"", ""PN00-4.edf"", ""PN00-5.edf""]",PN00,C1_RF,PN00-2.edf,nested
3,3,3,62,1,65,1427,6870,180,0,80,6610,1,1,33.767019667170956,0,3,3,54,40.5,60,27,66,0.21588502269288956,65,0.40000000000000002,False,False,"[{""validation_file"": ""PN00-1.edf"", ""train_files"": [""PN00-4.edf"", ""PN00-5.edf""]}, {""validation_file"": ""PN00-4.edf"", ""train_files"": [""PN00-1.edf"", ""PN00-5.edf""]}, {""validation_file"": ""PN00-5.edf"", ""train_files"": [""PN00-1.edf"", ""PN00-4.edf""]}]","[""PN00-1.edf"", ""PN00-4.edf"", ""PN00-5.edf""]",PN00,C1_RF,PN00-2.edf,nested
3,3,3,54,1,57,1187,6870,180,0,80,6610,1,1,29.409984871406959,0,3,3,54,40.5,60,27,66,0.17957639939485628,60,0.45000000000000001,False,False,"[{""validation_file"": ""PN00-1.edf"", ""train_files"": [""PN00-4.edf"", ""PN00-5.edf""]}, {""validation_file"": ""PN00-4.edf"", ""train_files"": [""PN00-1.edf"", ""PN00-5.edf""]}, {""validation_file"": ""PN00-5.edf"", ""train_files"": [""PN00-1.edf"", ""PN00-4.edf""]}]","[""PN00-1.edf"", ""PN00-4.edf"", ""PN00-5.edf""]",PN00,C1_RF,PN00-2.edf,nested
3,3,3,47,1,50,1025,6870,180,0,80,6610,1,1,25.597579425113466,0,3,3,54,40.5,60,27,66,0.1550680786686838,60,0.5,False,False,"[{""validation_file"": ""PN00-1.edf"", ""train_files"": [""PN00-4.edf"", ""PN00-5.edf""]}, {""validation_file"": ""PN00-4.edf"", ""train_files"": [""PN00-1.edf"", ""PN00-5.edf""]}, {""validation_file"": ""PN00-5.edf"", ""train_files"": [""PN00-1.edf"", ""PN00-4.edf""]}]","[""PN00-1.edf"", ""PN00-4.edf"", ""PN00-5.edf""]",PN00,C1_RF,PN00-2.edf,nested
3,3,3,40,1,43,920,6870,180,0,80,6610,1,1,21.785173978819969,0,3,3,54,40.5,60,27,66,0.13918305597579425,60,0.55000000000000004,False,False,"[{""validation_file"": ""PN00-1.edf"", ""train_files"": [""PN00-4.edf"", ""PN00-5.edf""]}, {""validation_file"": ""PN00-4.edf"", ""train_files"": [""PN00-1.edf"", ""PN00-5.edf""]}, {""validation_file"": ""PN00-5.edf"", ""train_files"": [""PN00-1.edf"", ""PN00-4.edf""]}]","[""PN00-1.edf"", ""PN00-4.edf"", ""PN00-5.edf""]",PN00,C1_RF,PN00-2.edf,nested
3,3,3,35,1,38,815,6870,180,0,80,6610,1,1,19.062027231467475,0,3,3,54,40.5,60,27,66,0.12329803328290469,60,0.59999999999999998,False,False,"[{""validation_file"": ""PN00-1.edf"", ""train_files"": [""PN00-4.edf"", ""PN00-5.edf""]}, {""validation_file"": ""PN00-4.edf"", ""train_files"": [""PN00-1.edf"", ""PN00-5.edf""]}, {""validation_file"": ""PN00-5.edf"", ""train_files"": [""PN00-1.edf"", ""PN00-4.edf""]}]","[""PN00-1.edf"", ""PN00-4.edf"", ""PN00-5.edf""]",PN00,C1_RF,PN00-2.edf,nested
3,3,3,31,1,34,720,6870,180,0,80,6610,1,1,16.883509833585478,0,3,3,59,43,62.5,27,66,0.10892586989409984,60,0.65000000000000002,False,False,"[{""validation_file"": ""PN00-1.edf"", ""train_files"": [""PN00-4.edf"", ""PN00-5.edf""]}, {""validation_file"": ""PN00-4.edf"", ""train_files"": [""PN00-1.edf"", ""PN00-5.edf""]}, {""validation_file"": ""PN00-5.edf"", ""train_files"": [""PN00-1.edf"", ""PN00-4.edf""]}]","[""PN00-1.edf"", ""PN00-4.edf"", ""PN00-5.edf""]",PN00,C1_RF,PN00-2.edf,nested
3,3,3,26,1,29,505,6870,180,0,80,6610,1,1,14.16036308623298,0,3,3,59,43,62.5,27,66,0.076399394856278363,50,0.69999999999999996,False,False,"[{""validation_file"": ""PN00-1.edf"", ""train_files"": [""PN00-4.edf"", ""PN00-5.edf""]}, {""validation_file"": ""PN00-4.edf"", ""train_files"": [""PN00-1.edf"", ""PN00-5.edf""]}, {""validation_file"": ""PN00-5.edf"", ""train_files"": [""PN00-1.edf"", ""PN00-4.edf""]}]","[""PN00-1.edf"", ""PN00-4.edf"", ""PN00-5.edf""]",PN00,C1_RF,PN00-2.edf,nested
3,3,3,19,0,22,360,6870,180,0,80,6610,1,1,10.347957639939485,0,3,3,59,55.5,62.5,52,66,0.054462934947049922,45,0.75,False,False,"[{""validation_file"": ""PN00-1.edf"", ""train_files"": [""PN00-4.edf"", ""PN00-5.edf""]}, {""validation_file"": ""PN00-4.edf"", ""train_files"": [""PN00-1.edf"", ""PN00-5.edf""]}, {""validation_file"": ""PN00-5.edf"", ""train_files"": [""PN00-1.edf"", ""PN00-4.edf""]}]","[""PN00-1.edf"", ""PN00-4.edf"", ""PN00-5.edf""]",PN00,C1_RF,PN00-2.edf,nested
3,3,3,8,0,11,210,6870,180,0,80,6610,1,1,4.3570347957639939,0,3,3,59,55.5,62.5,52,66,0.031770045385779121,45,0.80000000000000004,False,False,"[{""validation_file"": ""PN00-1.edf"", ""train_files"": [""PN00-4.edf"", ""PN00-5.edf""]}, {""validation_file"": ""PN00-4.edf"", ""train_files"": [""PN00-1.edf"", ""PN00-5.edf""]}, {""validation_file"": ""PN00-5.edf"", ""train_files"": [""PN00-1.edf"", ""PN00-4.edf""]}]","[""PN00-1.edf"", ""PN00-4.edf"", ""PN00-5.edf""]",PN00,C1_RF,PN00-2.edf,nested
3,3,3,4,0,7,165,6870,180,0,80,6610,1,1,2.1785173978819969,0,3,3,59,55.5,62.5,52,66,0.024962178517397883,45,0.84999999999999998,False,False,"[{""validation_file"": ""PN00-1.edf"", ""train_files"": [""PN00-4.edf"", ""PN00-5.edf""]}, {""validation_file"": ""PN00-4.edf"", ""train_files"": [""PN00-1.edf"", ""PN00-5.edf""]}, {""validation_file"": ""PN00-5.edf"", ""train_files"": [""PN00-1.edf"", ""PN00-4.edf""]}]","[""PN00-1.edf"", ""PN00-4.edf"", ""PN00-5.edf""]",PN00,C1_RF,PN00-2.edf,nested
3,3,3,2,0,5,120,6870,180,0,80,6610,1,1,1.0892586989409985,0,3,3,59,55.5,62.5,52,66,0.018154311649016642,45,0.90000000000000002,False,False,"[{""validation_file"": ""PN00-1.edf"", ""train_files"": [""PN00-4.edf"", ""PN00-5.edf""]}, {""validation_file"": ""PN00-4.edf"", ""train_files"": [""PN00-1.edf"", ""PN00-5.edf""]}, {""validation_file"": ""PN00-5.edf"", ""train_files"": [""PN00-1.edf"", ""PN00-4.edf""]}]","[""PN00-1.edf"", ""PN00-4.edf"", ""PN00-5.edf""]",PN00,C1_RF,PN00-2.edf,nested
3,3,3,1,0,4,100,6870,180,0,80,6610,1,1,0.54462934947049924,0,3,3,59,55.5,62.5,52,66,0.015128593040847202,40,0.94999999999999996,True,True,"[{""validation_file"": ""PN00-1.edf"", ""train_files"": [""PN00-4.edf"", ""PN00-5.edf""]}, {""validation_file"": ""PN00-4.edf"", ""train_files"": [""PN00-1.edf"", ""PN00-5.edf""]}, {""validation_file"": ""PN00-5.edf"", ""train_files"": [""PN00-1.edf"", ""PN00-4.edf""]}]","[""PN00-1.edf"", ""PN00-4.edf"", ""PN00-5.edf""]",PN00,C1_RF,PN00-2.edf,nested
3,0,0,0,0,0,0,6870,180,0,80,6610,0,0,0,3,0,0,,,,,,0,0,1.01,True,False,"[{""validation_file"": ""PN00-1.edf"", ""train_files"": [""PN00-4.edf"", ""PN00-5.edf""]}, {""validation_file"": ""PN00-4.edf"", ""train_files"": [""PN00-1.edf"", ""PN00-5.edf""]}, {""validation_file"": ""PN00-5.edf"", ""train_files"": [""PN00-1.edf"", ""PN00-4.edf""]}]","[""PN00-1.edf"", ""PN00-4.edf"", ""PN00-5.edf""]",PN00,C1_RF,PN00-2.edf,nested
3,2,3,72,1,74,4962,7070,180,0,410,6480,0.66666666666666663,1,40,1,2,2,24,17.5,30.5,11,37,0.76574074074074072,855,0.050000000000000003,False,False,"[{""validation_file"": ""PN00-1.edf"", ""train_files"": [""PN00-2.edf"", ""PN00-5.edf""]}, {""validation_file"": ""PN00-2.edf"", ""train_files"": [""PN00-1.edf"", ""PN00-5.edf""]}, {""validation_file"": ""PN00-5.edf"", ""train_files"": [""PN00-1.edf"", ""PN00-2.edf""]}]","[""PN00-1.edf"", ""PN00-2.edf"", ""PN00-5.edf""]",PN00,C1_RF,PN00-4.edf,nested
3,3,3,89,2,92,4060,7070,180,0,410,6480,1,1,49.444444444444443,0,3,3,11,8,24,5,37,0.62654320987654322,430,0.10000000000000001,False,False,"[{""validation_file"": ""PN00-1.edf"", ""train_files"": [""PN00-2.edf"", ""PN00-5.edf""]}, {""validation_file"": ""PN00-2.edf"", ""train_files"": [""PN00-1.edf"", ""PN00-5.edf""]}, {""validation_file"": ""PN00-5.edf"", ""train_files"": [""PN00-1.edf"", ""PN00-2.edf""]}]","[""PN00-1.edf"", ""PN00-2.edf"", ""PN00-5.edf""]",PN00,C1_RF,PN00-4.edf,nested
3,3,3,86,2,89,3455,7070,180,0,410,6480,1,1,47.777777777777779,0,3,3,11,8,24,5,37,0.53317901234567899,320,0.14999999999999999,False,False,"[{""validation_file"": ""PN00-1.edf"", ""train_files"": [""PN00-2.edf"", ""PN00-5.edf""]}, {""validation_file"": ""PN00-2.edf"", ""train_files"": [""PN00-1.edf"", ""PN00-5.edf""]}, {""validation_file"": ""PN00-5.edf"", ""train_files"": [""PN00-1.edf"", ""PN00-2.edf""]}]","[""PN00-1.edf"", ""PN00-2.edf"", ""PN00-5.edf""]",PN00,C1_RF,PN00-4.edf,nested
3,3,3,91,2,94,2970,7070,180,0,410,6480,1,1,50.555555555555557,0,3,3,11,8,26.5,5,42,0.45833333333333331,130,0.20000000000000001,False,False,"[{""validation_file"": ""PN00-1.edf"", ""train_files"": [""PN00-2.edf"", ""PN00-5.edf""]}, {""validation_file"": ""PN00-2.edf"", ""train_files"": [""PN00-1.edf"", ""PN00-5.edf""]}, {""validation_file"": ""PN00-5.edf"", ""train_files"": [""PN00-1.edf"", ""PN00-2.edf""]}]","[""PN00-1.edf"", ""PN00-2.edf"", ""PN00-5.edf""]",PN00,C1_RF,PN00-4.edf,nested
3,3,3,94,2,97,2545,7070,180,0,410,6480,1,1,52.222222222222221,0,3,3,11,8,26.5,5,42,0.39274691358024694,115,0.25,False,False,"[{""validation_file"": ""PN00-1.edf"", ""train_files"": [""PN00-2.edf"", ""PN00-5.edf""]}, {""validation_file"": ""PN00-2.edf"", ""train_files"": [""PN00-1.edf"", ""PN00-5.edf""]}, {""validation_file"": ""PN00-5.edf"", ""train_files"": [""PN00-1.edf"", ""PN00-2.edf""]}]","[""PN00-1.edf"", ""PN00-2.edf"", ""PN00-5.edf""]",PN00,C1_RF,PN00-4.edf,nested
3,3,3,87,2,90,2175,7070,180,0,410,6480,1,1,48.333333333333336,0,3,3,11,8,26.5,5,42,0.33564814814814814,115,0.29999999999999999,False,False,"[{""validation_file"": ""PN00-1.edf"", ""train_files"": [""PN00-2.edf"", ""PN00-5.edf""]}, {""validation_file"": ""PN00-2.edf"", ""train_files"": [""PN00-1.edf"", ""PN00-5.edf""]}, {""validation_file"": ""PN00-5.edf"", ""train_files"": [""PN00-1.edf"", ""PN00-2.edf""]}]","[""PN00-1.edf"", ""PN00-2.edf"", ""PN00-5.edf""]",PN00,C1_RF,PN00-4.edf,nested
3,3,3,81,3,84,1790,7070,180,0,410,6480,1,1,45,0,3,3,11,8,14,5,17,0.27623456790123457,85,0.34999999999999998,False,False,"[{""validation_file"": ""PN00-1.edf"", ""train_files"": [""PN00-2.edf"", ""PN00-5.edf""]}, {""validation_file"": ""PN00-2.edf"", ""train_files"": [""PN00-1.edf"", ""PN00-5.edf""]}, {""validation_file"": ""PN00-5.edf"", ""train_files"": [""PN00-1.edf"", ""PN00-2.edf""]}]","[""PN00-1.edf"", ""PN00-2.edf"", ""PN00-5.edf""]",PN00,C1_RF,PN00-4.edf,nested
3,3,3,72,3,75,1505,7070,180,0,410,6480,1,1,40,0,3,3,11,8,14,5,17,0.23225308641975309,85,0.40000000000000002,False,False,"[{""validation_file"": ""PN00-1.edf"", ""train_files"": [""PN00-2.edf"", ""PN00-5.edf""]}, {""validation_file"": ""PN00-2.edf"", ""train_files"": [""PN00-1.edf"", ""PN00-5.edf""]}, {""validation_file"": ""PN00-5.edf"", ""train_files"": [""PN00-1.edf"", ""PN00-2.edf""]}]","[""PN00-1.edf"", ""PN00-2.edf"", ""PN00-5.edf""]",PN00,C1_RF,PN00-4.edf,nested
3,3,3,62,3,65,1240,7070,180,0,410,6480,1,1,34.444444444444443,0,3,3,11,8,14,5,17,0.19135802469135801,85,0.45000000000000001,False,False,"[{""validation_file"": ""PN00-1.edf"", ""train_files"": [""PN00-2.edf"", ""PN00-5.edf""]}, {""validation_file"": ""PN00-2.edf"", ""train_files"": [""PN00-1.edf"", ""PN00-5.edf""]}, {""validation_file"": ""PN00-5.edf"", ""train_files"": [""PN00-1.edf"", ""PN00-2.edf""]}]","[""PN00-1.edf"", ""PN00-2.edf"", ""PN00-5.edf""]",PN00,C1_RF,PN00-4.edf,nested
3,3,3,52,3,55,1015,7070,180,0,410,6480,1,1,28.888888888888889,0,3,3,11,8,14,5,17,0.1566358024691358,85,0.5,False,False,"[{""validation_file"": ""PN00-1.edf"", ""train_files"": [""PN00-2.edf"", ""PN00-5.edf""]}, {""validation_file"": ""PN00-2.edf"", ""train_files"": [""PN00-1.edf"", ""PN00-5.edf""]}, {""validation_file"": ""PN00-5.edf"", ""train_files"": [""PN00-1.edf"", ""PN00-2.edf""]}]","[""PN00-1.edf"", ""PN00-2.edf"", ""PN00-5.edf""]",PN00,C1_RF,PN00-4.edf,nested
3,3,3,43,2,46,780,7070,180,0,410,6480,1,1,23.888888888888889,0,3,3,17,11,31.5,5,46,0.12037037037037036,85,0.55000000000000004,False,False,"[{""validation_file"": ""PN00-1.edf"", ""train_files"": [""PN00-2.edf"", ""PN00-5.edf""]}, {""validation_file"": ""PN00-2.edf"", ""train_files"": [""PN00-1.edf"", ""PN00-5.edf""]}, {""validation_file"": ""PN00-5.edf"", ""train_files"": [""PN00-1.edf"", ""PN00-2.edf""]}]","[""PN00-1.edf"", ""PN00-2.edf"", ""PN00-5.edf""]",PN00,C1_RF,PN00-4.edf,nested
3,3,3,33,2,36,635,7070,180,0,410,6480,1,1,18.333333333333332,0,3,3,17,11,31.5,5,46,0.097993827160493832,85,0.59999999999999998,False,False,"[{""validation_file"": ""PN00-1.edf"", ""train_files"": [""PN00-2.edf"", ""PN00-5.edf""]}, {""validation_file"": ""PN00-2.edf"", ""train_files"": [""PN00-1.edf"", ""PN00-5.edf""]}, {""validation_file"": ""PN00-5.edf"", ""train_files"": [""PN00-1.edf"", ""PN00-2.edf""]}]","[""PN00-1.edf"", ""PN00-2.edf"", ""PN00-5.edf""]",PN00,C1_RF,PN00-4.edf,nested
3,3,3,29,1,32,525,7070,180,0,410,6480,1,1,16.111111111111111,0,3,3,17,11,39,5,61,0.081018518518518517,85,0.65000000000000002,False,False,"[{""validation_file"": ""PN00-1.edf"", ""train_files"": [""PN00-2.edf"", ""PN00-5.edf""]}, {""validation_file"": ""PN00-2.edf"", ""train_files"": [""PN00-1.edf"", ""PN00-5.edf""]}, {""validation_file"": ""PN00-5.edf"", ""train_files"": [""PN00-1.edf"", ""PN00-2.edf""]}]","[""PN00-1.edf"", ""PN00-2.edf"", ""PN00-5.edf""]",PN00,C1_RF,PN00-4.edf,nested
3,3,3,17,1,20,290,7070,180,0,410,6480,1,1,9.4444444444444446,0,3,3,17,13.5,39,10,61,0.044753086419753084,45,0.69999999999999996,False,False,"[{""validation_file"": ""PN00-1.edf"", ""train_files"": [""PN00-2.edf"", ""PN00-5.edf""]}, {""validation_file"": ""PN00-2.edf"", ""train_files"": [""PN00-1.edf"", ""PN00-5.edf""]}, {""validation_file"": ""PN00-5.edf"", ""train_files"": [""PN00-1.edf"", ""PN00-2.edf""]}]","[""PN00-1.edf"", ""PN00-2.edf"", ""PN00-5.edf""]",PN00,C1_RF,PN00-4.edf,nested
3,3,3,8,0,11,180,7070,180,0,410,6480,1,1,4.4444444444444446,0,3,3,50,33.5,55.5,17,61,0.027777777777777776,45,0.75,False,False,"[{""validation_file"": ""PN00-1.edf"", ""train_files"": [""PN00-2.edf"", ""PN00-5.edf""]}, {""validation_file"": ""PN00-2.edf"", ""train_files"": [""PN00-1.edf"", ""PN00-5.edf""]}, {""validation_file"": ""PN00-5.edf"", ""train_files"": [""PN00-1.edf"", ""PN00-2.edf""]}]","[""PN00-1.edf"", ""PN00-2.edf"", ""PN00-5.edf""]",PN00,C1_RF,PN00-4.edf,nested
3,1,1,6,0,7,125,7070,180,0,410,6480,0.33333333333333331,0.33333333333333331,3.3333333333333335,2,1,1,66,66,66,66,66,0.019290123456790122,35,0.80000000000000004,False,False,"[{""validation_file"": ""PN00-1.edf"", ""train_files"": [""PN00-2.edf"", ""PN00-5.edf""]}, {""validation_file"": ""PN00-2.edf"", ""train_files"": [""PN00-1.edf"", ""PN00-5.edf""]}, {""validation_file"": ""PN00-5.edf"", ""train_files"": [""PN00-1.edf"", ""PN00-2.edf""]}]","[""PN00-1.edf"", ""PN00-2.edf"", ""PN00-5.edf""]",PN00,C1_RF,PN00-4.edf,nested
3,1,1,4,0,5,100,7070,180,0,410,6480,0.33333333333333331,0.33333333333333331,2.2222222222222223,2,1,1,66,66,66,66,66,0.015432098765432098,35,0.84999999999999998,False,False,"[{""validation_file"": ""PN00-1.edf"", ""train_files"": [""PN00-2.edf"", ""PN00-5.edf""]}, {""validation_file"": ""PN00-2.edf"", ""train_files"": [""PN00-1.edf"", ""PN00-5.edf""]}, {""validation_file"": ""PN00-5.edf"", ""train_files"": [""PN00-1.edf"", ""PN00-2.edf""]}]","[""PN00-1.edf"", ""PN00-2.edf"", ""PN00-5.edf""]",PN00,C1_RF,PN00-4.edf,nested
3,1,1,4,0,5,85,7070,180,0,410,6480,0.33333333333333331,0.33333333333333331,2.2222222222222223,2,1,1,66,66,66,66,66,0.013117283950617283,35,0.90000000000000002,False,False,"[{""validation_file"": ""PN00-1.edf"", ""train_files"": [""PN00-2.edf"", ""PN00-5.edf""]}, {""validation_file"": ""PN00-2.edf"", ""train_files"": [""PN00-1.edf"", ""PN00-5.edf""]}, {""validation_file"": ""PN00-5.edf"", ""train_files"": [""PN00-1.edf"", ""PN00-2.edf""]}]","[""PN00-1.edf"", ""PN00-2.edf"", ""PN00-5.edf""]",PN00,C1_RF,PN00-4.edf,nested
3,1,1,2,0,3,60,7070,180,0,410,6480,0.33333333333333331,0.33333333333333331,1.1111111111111112,2,1,1,66,66,66,66,66,0.0092592592592592587,35,0.94999999999999996,False,False,"[{""validation_file"": ""PN00-1.edf"", ""train_files"": [""PN00-2.edf"", ""PN00-5.edf""]}, {""validation_file"": ""PN00-2.edf"", ""train_files"": [""PN00-1.edf"", ""PN00-5.edf""]}, {""validation_file"": ""PN00-5.edf"", ""train_files"": [""PN00-1.edf"", ""PN00-2.edf""]}]","[""PN00-1.edf"", ""PN00-2.edf"", ""PN00-5.edf""]",PN00,C1_RF,PN00-4.edf,nested
3,0,0,0,0,0,0,7070,180,0,410,6480,0,0,0,3,0,0,,,,,,0,0,1.01,True,True,"[{""validation_file"": ""PN00-1.edf"", ""train_files"": [""PN00-2.edf"", ""PN00-5.edf""]}, {""validation_file"": ""PN00-2.edf"", ""train_files"": [""PN00-1.edf"", ""PN00-5.edf""]}, {""validation_file"": ""PN00-5.edf"", ""train_files"": [""PN00-1.edf"", ""PN00-2.edf""]}]","[""PN00-1.edf"", ""PN00-2.edf"", ""PN00-5.edf""]",PN00,C1_RF,PN00-4.edf,nested
3,3,3,75,2,78,4342,7029,180,0,375,6474,1,1,41.705282669138093,0,3,3,10,9.5,23.5,9,37,0.67068273092369479,875,0.050000000000000003,False,False,"[{""validation_file"": ""PN00-1.edf"", ""train_files"": [""PN00-2.edf"", ""PN00-4.edf""]}, {""validation_file"": ""PN00-2.edf"", ""train_files"": [""PN00-1.edf"", ""PN00-4.edf""]}, {""validation_file"": ""PN00-4.edf"", ""train_files"": [""PN00-1.edf"", ""PN00-2.edf""]}]","[""PN00-1.edf"", ""PN00-2.edf"", ""PN00-4.edf""]",PN00,C1_RF,PN00-5.edf,nested
3,3,3,86,2,89,3882,7029,180,0,375,6474,1,1,47.822057460611674,0,3,3,10,9.5,23.5,9,37,0.59962928637627433,475,0.10000000000000001,False,False,"[{""validation_file"": ""PN00-1.edf"", ""train_files"": [""PN00-2.edf"", ""PN00-4.edf""]}, {""validation_file"": ""PN00-2.edf"", ""train_files"": [""PN00-1.edf"", ""PN00-4.edf""]}, {""validation_file"": ""PN00-4.edf"", ""train_files"": [""PN00-1.edf"", ""PN00-2.edf""]}]","[""PN00-1.edf"", ""PN00-2.edf"", ""PN00-4.edf""]",PN00,C1_RF,PN00-5.edf,nested
3,3,3,79,1,82,3517,7029,180,0,375,6474,1,1,43.929564411492123,0,3,3,37,23,43.5,9,50,0.54324992276799511,465,0.14999999999999999,False,False,"[{""validation_file"": ""PN00-1.edf"", ""train_files"": [""PN00-2.edf"", ""PN00-4.edf""]}, {""validation_file"": ""PN00-2.edf"", ""train_files"": [""PN00-1.edf"", ""PN00-4.edf""]}, {""validation_file"": ""PN00-4.edf"", ""train_files"": [""PN00-1.edf"", ""PN00-2.edf""]}]","[""PN00-1.edf"", ""PN00-2.edf"", ""PN00-4.edf""]",PN00,C1_RF,PN00-5.edf,nested
3,3,3,73,0,76,3227,7029,180,0,375,6474,1,1,40.593141797961074,0,3,3,49,43,49.5,37,50,0.49845535990114304,455,0.20000000000000001,False,False,"[{""validation_file"": ""PN00-1.edf"", ""train_files"": [""PN00-2.edf"", ""PN00-4.edf""]}, {""validation_file"": ""PN00-2.edf"", ""train_files"": [""PN00-1.edf"", ""PN00-4.edf""]}, {""validation_file"": ""PN00-4.edf"", ""train_files"": [""PN00-1.edf"", ""PN00-2.edf""]}]","[""PN00-1.edf"", ""PN00-2.edf"", ""PN00-4.edf""]",PN00,C1_RF,PN00-5.edf,nested
3,3,3,72,0,75,2942,7029,180,0,375,6474,1,1,40.037071362372565,0,3,3,49,43,49.5,37,50,0.45443311708371947,285,0.25,False,False,"[{""validation_file"": ""PN00-1.edf"", ""train_files"": [""PN00-2.edf"", ""PN00-4.edf""]}, {""validation_file"": ""PN00-2.edf"", ""train_files"": [""PN00-1.edf"", ""PN00-4.edf""]}, {""validation_file"": ""PN00-4.edf"", ""train_files"": [""PN00-1.edf"", ""PN00-2.edf""]}]","[""PN00-1.edf"", ""PN00-2.edf"", ""PN00-4.edf""]",PN00,C1_RF,PN00-5.edf,nested
3,3,3,74,1,77,2722,7029,180,0,375,6474,1,1,41.149212233549584,0,3,3,49,30.5,49.5,12,50,0.42045103490886626,190,0.29999999999999999,False,False,"[{""validation_file"": ""PN00-1.edf"", ""train_files"": [""PN00-2.edf"", ""PN00-4.edf""]}, {""validation_file"": ""PN00-2.edf"", ""train_files"": [""PN00-1.edf"", ""PN00-4.edf""]}, {""validation_file"": ""PN00-4.edf"", ""train_files"": [""PN00-1.edf"", ""PN00-2.edf""]}]","[""PN00-1.edf"", ""PN00-2.edf"", ""PN00-4.edf""]",PN00,C1_RF,PN00-5.edf,nested
3,3,3,77,1,80,2432,7029,180,0,375,6474,1,1,42.817423540315104,0,3,3,49,33,49.5,17,50,0.37565647204201419,130,0.34999999999999998,False,False,"[{""validation_file"": ""PN00-1.edf"", ""train_files"": [""PN00-2.edf"", ""PN00-4.edf""]}, {""validation_file"": ""PN00-2.edf"", ""train_files"": [""PN00-1.edf"", ""PN00-4.edf""]}, {""validation_file"": ""PN00-4.edf"", ""train_files"": [""PN00-1.edf"", ""PN00-2.edf""]}]","[""PN00-1.edf"", ""PN00-2.edf"", ""PN00-4.edf""]",PN00,C1_RF,PN00-5.edf,nested
3,3,3,72,1,75,2085,7029,180,0,375,6474,1,1,40.037071362372565,0,3,3,49,33,49.5,17,50,0.3220574606116775,115,0.40000000000000002,False,False,"[{""validation_file"": ""PN00-1.edf"", ""train_files"": [""PN00-2.edf"", ""PN00-4.edf""]}, {""validation_file"": ""PN00-2.edf"", ""train_files"": [""PN00-1.edf"", ""PN00-4.edf""]}, {""validation_file"": ""PN00-4.edf"", ""train_files"": [""PN00-1.edf"", ""PN00-2.edf""]}]","[""PN00-1.edf"", ""PN00-2.edf"", ""PN00-4.edf""]",PN00,C1_RF,PN00-5.edf,nested
3,3,3,62,1,65,1780,7029,180,0,375,6474,1,1,34.476367006487486,0,3,3,50,33.5,52,17,54,0.27494593759654001,115,0.45000000000000001,False,False,"[{""validation_file"": ""PN00-1.edf"", ""train_files"": [""PN00-2.edf"", ""PN00-4.edf""]}, {""validation_file"": ""PN00-2.edf"", ""train_files"": [""PN00-1.edf"", ""PN00-4.edf""]}, {""validation_file"": ""PN00-4.edf"", ""train_files"": [""PN00-1.edf"", ""PN00-2.edf""]}]","[""PN00-1.edf"", ""PN00-2.edf"", ""PN00-4.edf""]",PN00,C1_RF,PN00-5.edf,nested
3,2,2,57,1,59,1500,7029,180,0,375,6474,0.66666666666666663,0.66666666666666663,31.69601482854495,1,2,2,35.5,26.25,44.75,17,54,0.23169601482854496,115,0.5,False,False,"[{""validation_file"": ""PN00-1.edf"", ""train_files"": [""PN00-2.edf"", ""PN00-4.edf""]}, {""validation_file"": ""PN00-2.edf"", ""train_files"": [""PN00-1.edf"", ""PN00-4.edf""]}, {""validation_file"": ""PN00-4.edf"", ""train_files"": [""PN00-1.edf"", ""PN00-2.edf""]}]","[""PN00-1.edf"", ""PN00-2.edf"", ""PN00-4.edf""]",PN00,C1_RF,PN00-5.edf,nested
3,2,2,49,0,51,1175,7029,180,0,375,6474,0.66666666666666663,0.66666666666666663,27.247451343836886,1,2,2,45.5,41.25,49.75,37,54,0.18149521161569354,70,0.55000000000000004,False,False,"[{""validation_file"": ""PN00-1.edf"", ""train_files"": [""PN00-2.edf"", ""PN00-4.edf""]}, {""validation_file"": ""PN00-2.edf"", ""train_files"": [""PN00-1.edf"", ""PN00-4.edf""]}, {""validation_file"": ""PN00-4.edf"", ""train_files"": [""PN00-1.edf"", ""PN00-2.edf""]}]","[""PN00-1.edf"", ""PN00-2.edf"", ""PN00-4.edf""]",PN00,C1_RF,PN00-5.edf,nested
3,2,2,37,0,39,865,7029,180,0,375,6474,0.66666666666666663,0.66666666666666663,20.574606116774792,1,2,2,45.5,41.25,49.75,37,54,0.1336113685511276,60,0.59999999999999998,False,False,"[{""validation_file"": ""PN00-1.edf"", ""train_files"": [""PN00-2.edf"", ""PN00-4.edf""]}, {""validation_file"": ""PN00-2.edf"", ""train_files"": [""PN00-1.edf"", ""PN00-4.edf""]}, {""validation_file"": ""PN00-4.edf"", ""train_files"": [""PN00-1.edf"", ""PN00-2.edf""]}]","[""PN00-1.edf"", ""PN00-2.edf"", ""PN00-4.edf""]",PN00,C1_RF,PN00-5.edf,nested
3,2,2,34,0,36,705,7029,180,0,375,6474,0.66666666666666663,0.66666666666666663,18.906394810009267,1,2,2,50.5,46.25,54.75,42,59,0.10889712696941613,55,0.65000000000000002,False,False,"[{""validation_file"": ""PN00-1.edf"", ""train_files"": [""PN00-2.edf"", ""PN00-4.edf""]}, {""validation_file"": ""PN00-2.edf"", ""train_files"": [""PN00-1.edf"", ""PN00-4.edf""]}, {""validation_file"": ""PN00-4.edf"", ""train_files"": [""PN00-1.edf"", ""PN00-2.edf""]}]","[""PN00-1.edf"", ""PN00-2.edf"", ""PN00-4.edf""]",PN00,C1_RF,PN00-5.edf,nested
3,2,2,26,0,28,530,7029,180,0,375,6474,0.66666666666666663,0.66666666666666663,14.457831325301205,1,2,2,50.5,46.25,54.75,42,59,0.081865925239419213,50,0.69999999999999996,False,False,"[{""validation_file"": ""PN00-1.edf"", ""train_files"": [""PN00-2.edf"", ""PN00-4.edf""]}, {""validation_file"": ""PN00-2.edf"", ""train_files"": [""PN00-1.edf"", ""PN00-4.edf""]}, {""validation_file"": ""PN00-4.edf"", ""train_files"": [""PN00-1.edf"", ""PN00-2.edf""]}]","[""PN00-1.edf"", ""PN00-2.edf"", ""PN00-4.edf""]",PN00,C1_RF,PN00-5.edf,nested
3,2,2,18,0,20,365,7029,180,0,375,6474,0.66666666666666663,0.66666666666666663,10.009267840593141,1,2,2,50.5,46.25,54.75,42,59,0.056379363608279269,50,0.75,False,False,"[{""validation_file"": ""PN00-1.edf"", ""train_files"": [""PN00-2.edf"", ""PN00-4.edf""]}, {""validation_file"": ""PN00-2.edf"", ""train_files"": [""PN00-1.edf"", ""PN00-4.edf""]}, {""validation_file"": ""PN00-4.edf"", ""train_files"": [""PN00-1.edf"", ""PN00-2.edf""]}]","[""PN00-1.edf"", ""PN00-2.edf"", ""PN00-4.edf""]",PN00,C1_RF,PN00-5.edf,nested
3,2,2,11,0,13,240,7029,180,0,375,6474,0.66666666666666663,0.66666666666666663,6.1167747914735866,1,2,2,55.5,53.75,57.25,52,59,0.037071362372567189,45,0.80000000000000004,False,False,"[{""validation_file"": ""PN00-1.edf"", ""train_files"": [""PN00-2.edf"", ""PN00-4.edf""]}, {""validation_file"": ""PN00-2.edf"", ""train_files"": [""PN00-1.edf"", ""PN00-4.edf""]}, {""validation_file"": ""PN00-4.edf"", ""train_files"": [""PN00-1.edf"", ""PN00-2.edf""]}]","[""PN00-1.edf"", ""PN00-2.edf"", ""PN00-4.edf""]",PN00,C1_RF,PN00-5.edf,nested
3,2,2,9,0,11,195,7029,180,0,375,6474,0.66666666666666663,0.66666666666666663,5.0046339202965706,1,2,2,58,57.5,58.5,57,59,0.030120481927710843,45,0.84999999999999998,False,False,"[{""validation_file"": ""PN00-1.edf"", ""train_files"": [""PN00-2.edf"", ""PN00-4.edf""]}, {""validation_file"": ""PN00-2.edf"", ""train_files"": [""PN00-1.edf"", ""PN00-4.edf""]}, {""validation_file"": ""PN00-4.edf"", ""train_files"": [""PN00-1.edf"", ""PN00-2.edf""]}]","[""PN00-1.edf"", ""PN00-2.edf"", ""PN00-4.edf""]",PN00,C1_RF,PN00-5.edf,nested
3,2,2,3,0,5,110,7029,180,0,375,6474,0.66666666666666663,0.66666666666666663,1.6682113067655235,1,2,2,58,57.5,58.5,57,59,0.01699104108742663,40,0.90000000000000002,False,False,"[{""validation_file"": ""PN00-1.edf"", ""train_files"": [""PN00-2.edf"", ""PN00-4.edf""]}, {""validation_file"": ""PN00-2.edf"", ""train_files"": [""PN00-1.edf"", ""PN00-4.edf""]}, {""validation_file"": ""PN00-4.edf"", ""train_files"": [""PN00-1.edf"", ""PN00-2.edf""]}]","[""PN00-1.edf"", ""PN00-2.edf"", ""PN00-4.edf""]",PN00,C1_RF,PN00-5.edf,nested
3,0,0,2,0,2,50,7029,180,0,375,6474,0,0,1.1121408711770158,3,0,0,,,,,,0.0077232004942848313,30,0.94999999999999996,False,False,"[{""validation_file"": ""PN00-1.edf"", ""train_files"": [""PN00-2.edf"", ""PN00-4.edf""]}, {""validation_file"": ""PN00-2.edf"", ""train_files"": [""PN00-1.edf"", ""PN00-4.edf""]}, {""validation_file"": ""PN00-4.edf"", ""train_files"": [""PN00-1.edf"", ""PN00-2.edf""]}]","[""PN00-1.edf"", ""PN00-2.edf"", ""PN00-4.edf""]",PN00,C1_RF,PN00-5.edf,nested
3,0,0,0,0,0,0,7029,180,0,375,6474,0,0,0,3,0,0,,,,,,0,0,1.01,True,True,"[{""validation_file"": ""PN00-1.edf"", ""train_files"": [""PN00-2.edf"", ""PN00-4.edf""]}, {""validation_file"": ""PN00-2.edf"", ""train_files"": [""PN00-1.edf"", ""PN00-4.edf""]}, {""validation_file"": ""PN00-4.edf"", ""train_files"": [""PN00-1.edf"", ""PN00-2.edf""]}]","[""PN00-1.edf"", ""PN00-2.edf"", ""PN00-4.edf""]",PN00,C1_RF,PN00-5.edf,nested
4,2,4,313,0,315,16710,33847,240,0,0,33607,0.5,1,33.52872913381141,2,2,2,8.5,4.25,12.75,0,17,0.49721784152111165,1055,0.050000000000000003,False,False,"[{""validation_file"": ""PN06-2.edf"", ""train_files"": [""PN06-3.edf"", ""PN06-4.edf"", ""PN06-5.edf""]}, {""validation_file"": ""PN06-3.edf"", ""train_files"": [""PN06-2.edf"", ""PN06-4.edf"", ""PN06-5.edf""]}, {""validation_file"": ""PN06-4.edf"", ""train_files"": [""PN06-2.edf"", ""PN06-3.edf"", ""PN06-5.edf""]}, {""validation_file"": ""PN06-5.edf"", ""train_files"": [""PN06-2.edf"", ""PN06-3.edf"", ""PN06-4.edf""]}]","[""PN06-2.edf"", ""PN06-3.edf"", ""PN06-4.edf"", ""PN06-5.edf""]",PN06,C0_LR,PN06-1.edf,nested
4,3,4,339,0,342,12820,33847,240,0,0,33607,0.75,1,36.31386318326539,1,3,3,5,2.5,11,0,17,0.38146814651709465,700,0.10000000000000001,False,False,"[{""validation_file"": ""PN06-2.edf"", ""train_files"": [""PN06-3.edf"", ""PN06-4.edf"", ""PN06-5.edf""]}, {""validation_file"": ""PN06-3.edf"", ""train_files"": [""PN06-2.edf"", ""PN06-4.edf"", ""PN06-5.edf""]}, {""validation_file"": ""PN06-4.edf"", ""train_files"": [""PN06-2.edf"", ""PN06-3.edf"", ""PN06-5.edf""]}, {""validation_file"": ""PN06-5.edf"", ""train_files"": [""PN06-2.edf"", ""PN06-3.edf"", ""PN06-4.edf""]}]","[""PN06-2.edf"", ""PN06-3.edf"", ""PN06-4.edf"", ""PN06-5.edf""]",PN06,C0_LR,PN06-1.edf,nested
4,3,4,298,0,301,10300,33847,240,0,0,33607,0.75,1,31.921921028357186,1,3,3,5,2.5,11,0,17,0.30648376826256435,375,0.14999999999999999,False,False,"[{""validation_file"": ""PN06-2.edf"", ""train_files"": [""PN06-3.edf"", ""PN06-4.edf"", ""PN06-5.edf""]}, {""validation_file"": ""PN06-3.edf"", ""train_files"": [""PN06-2.edf"", ""PN06-4.edf"", ""PN06-5.edf""]}, {""validation_file"": ""PN06-4.edf"", ""train_files"": [""PN06-2.edf"", ""PN06-3.edf"", ""PN06-5.edf""]}, {""validation_file"": ""PN06-5.edf"", ""train_files"": [""PN06-2.edf"", ""PN06-3.edf"", ""PN06-4.edf""]}]","[""PN06-2.edf"", ""PN06-3.edf"", ""PN06-4.edf"", ""PN06-5.edf""]",PN06,C0_LR,PN06-1.edf,nested
4,3,4,292,0,295,8790,33847,240,0,0,33607,0.75,1,31.279197786175498,1,3,3,10,10,16,10,22,0.2615526527211593,280,0.20000000000000001,False,False,"[{""validation_file"": ""PN06-2.edf"", ""train_files"": [""PN06-3.edf"", ""PN06-4.edf"", ""PN06-5.edf""]}, {""validation_file"": ""PN06-3.edf"", ""train_files"": [""PN06-2.edf"", ""PN06-4.edf"", ""PN06-5.edf""]}, {""validation_file"": ""PN06-4.edf"", ""train_files"": [""PN06-2.edf"", ""PN06-3.edf"", ""PN06-5.edf""]}, {""validation_file"": ""PN06-5.edf"", ""train_files"": [""PN06-2.edf"", ""PN06-3.edf"", ""PN06-4.edf""]}]","[""PN06-2.edf"", ""PN06-3.edf"", ""PN06-4.edf"", ""PN06-5.edf""]",PN06,C0_LR,PN06-1.edf,nested
4,3,4,270,0,273,7710,33847,240,0,0,33607,0.75,1,28.922545898175976,1,3,3,20,15,21,10,22,0.22941649061207486,280,0.25,False,False,"[{""validation_file"": ""PN06-2.edf"", ""train_files"": [""PN06-3.edf"", ""PN06-4.edf"", ""PN06-5.edf""]}, {""validation_file"": ""PN06-3.edf"", ""train_files"": [""PN06-2.edf"", ""PN06-4.edf"", ""PN06-5.edf""]}, {""validation_file"": ""PN06-4.edf"", ""train_files"": [""PN06-2.edf"", ""PN06-3.edf"", ""PN06-5.edf""]}, {""validation_file"": ""PN06-5.edf"", ""train_files"": [""PN06-2.edf"", ""PN06-3.edf"", ""PN06-4.edf""]}]","[""PN06-2.edf"", ""PN06-3.edf"", ""PN06-4.edf"", ""PN06-5.edf""]",PN06,C0_LR,PN06-1.edf,nested
4,3,4,259,0,262,6765,33847,240,0,0,33607,0.75,1,27.744219954176213,1,3,3,22,16,23.5,10,25,0.201297348766626,235,0.29999999999999999,False,False,"[{""validation_file"": ""PN06-2.edf"", ""train_files"": [""PN06-3.edf"", ""PN06-4.edf"", ""PN06-5.edf""]}, {""validation_file"": ""PN06-3.edf"", ""train_files"": [""PN06-2.edf"", ""PN06-4.edf"", ""PN06-5.edf""]}, {""validation_file"": ""PN06-4.edf"", ""train_files"": [""PN06-2.edf"", ""PN06-3.edf"", ""PN06-5.edf""]}, {""validation_file"": ""PN06-5.edf"", ""train_files"": [""PN06-2.edf"", ""PN06-3.edf"", ""PN06-4.edf""]}]","[""PN06-2.edf"", ""PN06-3.edf"", ""PN06-4.edf"", ""PN06-5.edf""]",PN06,C0_LR,PN06-1.edf,nested
4,3,4,245,0,248,6050,33847,240,0,0,33607,0.75,1,26.244532389085606,1,3,3,25,20,26,15,27,0.18002201922218586,145,0.34999999999999998,False,False,"[{""validation_file"": ""PN06-2.edf"", ""train_files"": [""PN06-3.edf"", ""PN06-4.edf"", ""PN06-5.edf""]}, {""validation_file"": ""PN06-3.edf"", ""train_files"": [""PN06-2.edf"", ""PN06-4.edf"", ""PN06-5.edf""]}, {""validation_file"": ""PN06-4.edf"", ""train_files"": [""PN06-2.edf"", ""PN06-3.edf"", ""PN06-5.edf""]}, {""validation_file"": ""PN06-5.edf"", ""train_files"": [""PN06-2.edf"", ""PN06-3.edf"", ""PN06-4.edf""]}]","[""PN06-2.edf"", ""PN06-3.edf"", ""PN06-4.edf"", ""PN06-5.edf""]",PN06,C0_LR,PN06-1.edf,nested
4,3,4,231,0,234,5480,33847,240,0,0,33607,0.75,1,24.744844823995003,1,3,3,25,20,26,15,27,0.16306126699794685,130,0.40000000000000002,False,False,"[{""validation_file"": ""PN06-2.edf"", ""train_files"": [""PN06-3.edf"", ""PN06-4.edf"", ""PN06-5.edf""]}, {""validation_file"": ""PN06-3.edf"", ""train_files"": [""PN06-2.edf"", ""PN06-4.edf"", ""PN06-5.edf""]}, {""validation_file"": ""PN06-4.edf"", ""train_files"": [""PN06-2.edf"", ""PN06-3.edf"", ""PN06-5.edf""]}, {""validation_file"": ""PN06-5.edf"", ""train_files"": [""PN06-2.edf"", ""PN06-3.edf"", ""PN06-4.edf""]}]","[""PN06-2.edf"", ""PN06-3.edf"", ""PN06-4.edf"", ""PN06-5.edf""]",PN06,C0_LR,PN06-1.edf,nested
4,3,4,214,0,217,4845,33847,240,0,0,33607,0.75,1,22.923795637813551,1,3,3,25,20,26,15,27,0.14416639390603148,100,0.45000000000000001,False,False,"[{""validation_file"": ""PN06-2.edf"", ""train_files"": [""PN06-3.edf"", ""PN06-4.edf"", ""PN06-5.edf""]}, {""validation_file"": ""PN06-3.edf"", ""train_files"": [""PN06-2.edf"", ""PN06-4.edf"", ""PN06-5.edf""]}, {""validation_file"": ""PN06-4.edf"", ""train_files"": [""PN06-2.edf"", ""PN06-3.edf"", ""PN06-5.edf""]}, {""validation_file"": ""PN06-5.edf"", ""train_files"": [""PN06-2.edf"", ""PN06-3.edf"", ""PN06-4.edf""]}]","[""PN06-2.edf"", ""PN06-3.edf"", ""PN06-4.edf"", ""PN06-5.edf""]",PN06,C0_LR,PN06-1.edf,nested
4,3,4,195,0,198,4330,33847,240,0,0,33607,0.75,1,20.88850537090487,1,3,3,25,20,26,15,27,0.12884220549290326,100,0.5,False,False,"[{""validation_file"": ""PN06-2.edf"", ""train_files"": [""PN06-3.edf"", ""PN06-4.edf"", ""PN06-5.edf""]}, {""validation_file"": ""PN06-3.edf"", ""train_files"": [""PN06-2.edf"", ""PN06-4.edf"", ""PN06-5.edf""]}, {""validation_file"": ""PN06-4.edf"", ""train_files"": [""PN06-2.edf"", ""PN06-3.edf"", ""PN06-5.edf""]}, {""validation_file"": ""PN06-5.edf"", ""train_files"": [""PN06-2.edf"", ""PN06-3.edf"", ""PN06-4.edf""]}]","[""PN06-2.edf"", ""PN06-3.edf"", ""PN06-4.edf"", ""PN06-5.edf""]",PN06,C0_LR,PN06-1.edf,nested
4,3,4,180,0,183,3865,33847,240,0,0,33607,0.75,1,19.281697265450649,1,3,3,27,26,28.5,25,30,0.11500580236260304,100,0.55000000000000004,False,False,"[{""validation_file"": ""PN06-2.edf"", ""train_files"": [""PN06-3.edf"", ""PN06-4.edf"", ""PN06-5.edf""]}, {""validation_file"": ""PN06-3.edf"", ""train_files"": [""PN06-2.edf"", ""PN06-4.edf"", ""PN06-5.edf""]}, {""validation_file"": ""PN06-4.edf"", ""train_files"": [""PN06-2.edf"", ""PN06-3.edf"", ""PN06-5.edf""]}, {""validation_file"": ""PN06-5.edf"", ""train_files"": [""PN06-2.edf"", ""PN06-3.edf"", ""PN06-4.edf""]}]","[""PN06-2.edf"", ""PN06-3.edf"", ""PN06-4.edf"", ""PN06-5.edf""]",PN06,C0_LR,PN06-1.edf,nested
4,4,4,166,0,170,3470,33847,240,0,0,33607,1,1,17.782009700360042,0,4,4,26,19,27.75,1,30,0.10325229862826196,75,0.59999999999999998,False,False,"[{""validation_file"": ""PN06-2.edf"", ""train_files"": [""PN06-3.edf"", ""PN06-4.edf"", ""PN06-5.edf""]}, {""validation_file"": ""PN06-3.edf"", ""train_files"": [""PN06-2.edf"", ""PN06-4.edf"", ""PN06-5.edf""]}, {""validation_file"": ""PN06-4.edf"", ""train_files"": [""PN06-2.edf"", ""PN06-3.edf"", ""PN06-5.edf""]}, {""validation_file"": ""PN06-5.edf"", ""train_files"": [""PN06-2.edf"", ""PN06-3.edf"", ""PN06-4.edf""]}]","[""PN06-2.edf"", ""PN06-3.edf"", ""PN06-4.edf"", ""PN06-5.edf""]",PN06,C0_LR,PN06-1.edf,nested
4,4,4,159,0,163,3110,33847,240,0,0,33607,1,1,17.032165917814741,0,4,4,26,19,27.75,1,30,0.092540244591900495,75,0.65000000000000002,False,False,"[{""validation_file"": ""PN06-2.edf"", ""train_files"": [""PN06-3.edf"", ""PN06-4.edf"", ""PN06-5.edf""]}, {""validation_file"": ""PN06-3.edf"", ""train_files"": [""PN06-2.edf"", ""PN06-4.edf"", ""PN06-5.edf""]}, {""validation_file"": ""PN06-4.edf"", ""train_files"": [""PN06-2.edf"", ""PN06-3.edf"", ""PN06-5.edf""]}, {""validation_file"": ""PN06-5.edf"", ""train_files"": [""PN06-2.edf"", ""PN06-3.edf"", ""PN06-4.edf""]}]","[""PN06-2.edf"", ""PN06-3.edf"", ""PN06-4.edf"", ""PN06-5.edf""]",PN06,C0_LR,PN06-1.edf,nested
4,4,4,142,0,146,2790,33847,240,0,0,33607,1,1,15.211116731633291,0,4,4,26,20.25,27.75,6,30,0.083018418781801412,70,0.69999999999999996,False,False,"[{""validation_file"": ""PN06-2.edf"", ""train_files"": [""PN06-3.edf"", ""PN06-4.edf"", ""PN06-5.edf""]}, {""validation_file"": ""PN06-3.edf"", ""train_files"": [""PN06-2.edf"", ""PN06-4.edf"", ""PN06-5.edf""]}, {""validation_file"": ""PN06-4.edf"", ""train_files"": [""PN06-2.edf"", ""PN06-3.edf"", ""PN06-5.edf""]}, {""validation_file"": ""PN06-5.edf"", ""train_files"": [""PN06-2.edf"", ""PN06-3.edf"", ""PN06-4.edf""]}]","[""PN06-2.edf"", ""PN06-3.edf"", ""PN06-4.edf"", ""PN06-5.edf""]",PN06,C0_LR,PN06-1.edf,nested
4,4,4,117,0,121,2360,33847,240,0,0,33607,1,1,12.533103222542923,0,4,4,26,20.25,27.75,6,30,0.070223465349480763,70,0.75,False,False,"[{""validation_file"": ""PN06-2.edf"", ""train_files"": [""PN06-3.edf"", ""PN06-4.edf"", ""PN06-5.edf""]}, {""validation_file"": ""PN06-3.edf"", ""train_files"": [""PN06-2.edf"", ""PN06-4.edf"", ""PN06-5.edf""]}, {""validation_file"": ""PN06-4.edf"", ""train_files"": [""PN06-2.edf"", ""PN06-3.edf"", ""PN06-5.edf""]}, {""validation_file"": ""PN06-5.edf"", ""train_files"": [""PN06-2.edf"", ""PN06-3.edf"", ""PN06-4.edf""]}]","[""PN06-2.edf"", ""PN06-3.edf"", ""PN06-4.edf"", ""PN06-5.edf""]",PN06,C0_LR,PN06-1.edf,nested
4,4,4,99,0,103,1940,33847,240,0,0,33607,1,1,10.604933495997857,0,4,4,28.5,20.25,32.75,6,35,0.05772606897372571,70,0.80000000000000004,False,False,"[{""validation_file"": ""PN06-2.edf"", ""train_files"": [""PN06-3.edf"", ""PN06-4.edf"", ""PN06-5.edf""]}, {""validation_file"": ""PN06-3.edf"", ""train_files"": [""PN06-2.edf"", ""PN06-4.edf"", ""PN06-5.edf""]}, {""validation_file"": ""PN06-4.edf"", ""train_files"": [""PN06-2.edf"", ""PN06-3.edf"", ""PN06-5.edf""]}, {""validation_file"": ""PN06-5.edf"", ""train_files"": [""PN06-2.edf"", ""PN06-3.edf"", ""PN06-4.edf""]}]","[""PN06-2.edf"", ""PN06-3.edf"", ""PN06-4.edf"", ""PN06-5.edf""]",PN06,C0_LR,PN06-1.edf,nested
4,4,4,86,0,90,1665,33847,240,0,0,33607,1,1,9.2123664712708671,0,4,4,28.5,20.25,32.75,6,35,0.049543249918171807,70,0.84999999999999998,False,False,"[{""validation_file"": ""PN06-2.edf"", ""train_files"": [""PN06-3.edf"", ""PN06-4.edf"", ""PN06-5.edf""]}, {""validation_file"": ""PN06-3.edf"", ""train_files"": [""PN06-2.edf"", ""PN06-4.edf"", ""PN06-5.edf""]}, {""validation_file"": ""PN06-4.edf"", ""train_files"": [""PN06-2.edf"", ""PN06-3.edf"", ""PN06-5.edf""]}, {""validation_file"": ""PN06-5.edf"", ""train_files"": [""PN06-2.edf"", ""PN06-3.edf"", ""PN06-4.edf""]}]","[""PN06-2.edf"", ""PN06-3.edf"", ""PN06-4.edf"", ""PN06-5.edf""]",PN06,C0_LR,PN06-1.edf,nested
4,4,4,68,0,72,1330,33847,240,0,0,33607,1,1,7.2841967447258016,0,4,4,28.5,21.5,32.75,11,35,0.039575088523224326,65,0.90000000000000002,False,False,"[{""validation_file"": ""PN06-2.edf"", ""train_files"": [""PN06-3.edf"", ""PN06-4.edf"", ""PN06-5.edf""]}, {""validation_file"": ""PN06-3.edf"", ""train_files"": [""PN06-2.edf"", ""PN06-4.edf"", ""PN06-5.edf""]}, {""validation_file"": ""PN06-4.edf"", ""train_files"": [""PN06-2.edf"", ""PN06-3.edf"", ""PN06-5.edf""]}, {""validation_file"": ""PN06-5.edf"", ""train_files"": [""PN06-2.edf"", ""PN06-3.edf"", ""PN06-4.edf""]}]","[""PN06-2.edf"", ""PN06-3.edf"", ""PN06-4.edf"", ""PN06-5.edf""]",PN06,C0_LR,PN06-1.edf,nested
4,3,3,50,1,53,865,33847,240,0,0,33607,0.75,0.75,5.3560270181807361,1,3,3,25,18,28.5,11,32,0.025738685392924093,40,0.94999999999999996,False,False,"[{""validation_file"": ""PN06-2.edf"", ""train_files"": [""PN06-3.edf"", ""PN06-4.edf"", ""PN06-5.edf""]}, {""validation_file"": ""PN06-3.edf"", ""train_files"": [""PN06-2.edf"", ""PN06-4.edf"", ""PN06-5.edf""]}, {""validation_file"": ""PN06-4.edf"", ""train_files"": [""PN06-2.edf"", ""PN06-3.edf"", ""PN06-5.edf""]}, {""validation_file"": ""PN06-5.edf"", ""train_files"": [""PN06-2.edf"", ""PN06-3.edf"", ""PN06-4.edf""]}]","[""PN06-2.edf"", ""PN06-3.edf"", ""PN06-4.edf"", ""PN06-5.edf""]",PN06,C0_LR,PN06-1.edf,nested
4,0,0,0,0,0,0,33847,240,0,0,33607,0,0,0,4,0,0,,,,,,0,0,1.01,True,True,"[{""validation_file"": ""PN06-2.edf"", ""train_files"": [""PN06-3.edf"", ""PN06-4.edf"", ""PN06-5.edf""]}, {""validation_file"": ""PN06-3.edf"", ""train_files"": [""PN06-2.edf"", ""PN06-4.edf"", ""PN06-5.edf""]}, {""validation_file"": ""PN06-4.edf"", ""train_files"": [""PN06-2.edf"", ""PN06-3.edf"", ""PN06-5.edf""]}, {""validation_file"": ""PN06-5.edf"", ""train_files"": [""PN06-2.edf"", ""PN06-3.edf"", ""PN06-4.edf""]}]","[""PN06-2.edf"", ""PN06-3.edf"", ""PN06-4.edf"", ""PN06-5.edf""]",PN06,C0_LR,PN06-1.edf,nested
4,1,4,280,1,281,16645,30842,240,0,0,30602,0.25,1,32.939023593229201,3,1,1,17,17,17,17,17,0.5439186981243056,795,0.050000000000000003,False,False,"[{""validation_file"": ""PN06-1.edf"", ""train_files"": [""PN06-3.edf"", ""PN06-4.edf"", ""PN06-5.edf""]}, {""validation_file"": ""PN06-3.edf"", ""train_files"": [""PN06-1.edf"", ""PN06-4.edf"", ""PN06-5.edf""]}, {""validation_file"": ""PN06-4.edf"", ""train_files"": [""PN06-1.edf"", ""PN06-3.edf"", ""PN06-5.edf""]}, {""validation_file"": ""PN06-5.edf"", ""train_files"": [""PN06-1.edf"", ""PN06-3.edf"", ""PN06-4.edf""]}]","[""PN06-1.edf"", ""PN06-3.edf"", ""PN06-4.edf"", ""PN06-5.edf""]",PN06,C0_LR,PN06-2.edf,nested
4,3,4,300,0,303,13275,30842,240,0,0,30602,0.75,1,35.291810992745575,1,3,3,17,8.5,24.5,0,32,0.43379517678583102,670,0.10000000000000001,False,False,"[{""validation_file"": ""PN06-1.edf"", ""train_files"": [""PN06-3.edf"", ""PN06-4.edf"", ""PN06-5.edf""]}, {""validation_file"": ""PN06-3.edf"", ""train_files"": [""PN06-1.edf"", ""PN06-4.edf"", ""PN06-5.edf""]}, {""validation_file"": ""PN06-4.edf"", ""train_files"": [""PN06-1.edf"", ""PN06-3.edf"", ""PN06-5.edf""]}, {""validation_file"": ""PN06-5.edf"", ""train_files"": [""PN06-1.edf"", ""PN06-3.edf"", ""PN06-4.edf""]}]","[""PN06-1.edf"", ""PN06-3.edf"", ""PN06-4.edf"", ""PN06-5.edf""]",PN06,C0_LR,PN06-2.edf,nested
4,3,4,300,0,303,10875,30842,240,0,0,30602,0.75,1,35.291810992745575,1,3,3,17,8.5,24.5,0,32,0.35536893013528525,645,0.14999999999999999,False,False,"[{""validation_file"": ""PN06-1.edf"", ""train_files"": [""PN06-3.edf"", ""PN06-4.edf"", ""PN06-5.edf""]}, {""validation_file"": ""PN06-3.edf"", ""train_files"": [""PN06-1.edf"", ""PN06-4.edf"", ""PN06-5.edf""]}, {""validation_file"": ""PN06-4.edf"", ""train_files"": [""PN06-1.edf"", ""PN06-3.edf"", ""PN06-5.edf""]}, {""validation_file"": ""PN06-5.edf"", ""train_files"": [""PN06-1.edf"", ""PN06-3.edf"", ""PN06-4.edf""]}]","[""PN06-1.edf"", ""PN06-3.edf"", ""PN06-4.edf"", ""PN06-5.edf""]",PN06,C0_LR,PN06-2.edf,nested
4,3,4,267,1,270,9080,30842,240,0,0,30602,0.75,1,31.40971178354356,1,3,3,17,8.5,24.5,0,32,0.29671263316123131,450,0.20000000000000001,False,False,"[{""validation_file"": ""PN06-1.edf"", ""train_files"": [""PN06-3.edf"", ""PN06-4.edf"", ""PN06-5.edf""]}, {""validation_file"": ""PN06-3.edf"", ""train_files"": [""PN06-1.edf"", ""PN06-4.edf"", ""PN06-5.edf""]}, {""validation_file"": ""PN06-4.edf"", ""train_files"": [""PN06-1.edf"", ""PN06-3.edf"", ""PN06-5.edf""]}, {""validation_file"": ""PN06-5.edf"", ""train_files"": [""PN06-1.edf"", ""PN06-3.edf"", ""PN06-4.edf""]}]","[""PN06-1.edf"", ""PN06-3.edf"", ""PN06-4.edf"", ""PN06-5.edf""]",PN06,C0_LR,PN06-2.edf,nested
4,4,4,248,1,252,7760,30842,240,0,0,30602,1,1,29.174563754003007,0,4,4,14,4.5,24.5,0,32,0.25357819750343114,180,0.25,False,False,"[{""validation_file"": ""PN06-1.edf"", ""train_files"": [""PN06-3.edf"", ""PN06-4.edf"", ""PN06-5.edf""]}, {""validation_file"": ""PN06-3.edf"", ""train_files"": [""PN06-1.edf"", ""PN06-4.edf"", ""PN06-5.edf""]}, {""validation_file"": ""PN06-4.edf"", ""train_files"": [""PN06-1.edf"", ""PN06-3.edf"", ""PN06-5.edf""]}, {""validation_file"": ""PN06-5.edf"", ""train_files"": [""PN06-1.edf"", ""PN06-3.edf"", ""PN06-4.edf""]}]","[""PN06-1.edf"", ""PN06-3.edf"", ""PN06-4.edf"", ""PN06-5.edf""]",PN06,C0_LR,PN06-2.edf,nested
4,4,4,240,0,244,6770,30842,240,0,0,30602,1,1,28.233448794196459,0,4,4,23.5,18,26.75,6,32,0.22122737076008103,180,0.29999999999999999,False,False,"[{""validation_file"": ""PN06-1.edf"", ""train_files"": [""PN06-3.edf"", ""PN06-4.edf"", ""PN06-5.edf""]}, {""validation_file"": ""PN06-3.edf"", ""train_files"": [""PN06-1.edf"", ""PN06-4.edf"", ""PN06-5.edf""]}, {""validation_file"": ""PN06-4.edf"", ""train_files"": [""PN06-1.edf"", ""PN06-3.edf"", ""PN06-5.edf""]}, {""validation_file"": ""PN06-5.edf"", ""train_files"": [""PN06-1.edf"", ""PN06-3.edf"", ""PN06-4.edf""]}]","[""PN06-1.edf"", ""PN06-3.edf"", ""PN06-4.edf"", ""PN06-5.edf""]",PN06,C0_LR,PN06-2.edf,nested
4,4,4,225,0,229,5910,30842,240,0,0,30602,1,1,26.468858244559179,0,4,4,26,20.25,28.25,6,32,0.19312463237696884,180,0.34999999999999998,False,False,"[{""validation_file"": ""PN06-1.edf"", ""train_files"": [""PN06-3.edf"", ""PN06-4.edf"", ""PN06-5.edf""]}, {""validation_file"": ""PN06-3.edf"", ""train_files"": [""PN06-1.edf"", ""PN06-4.edf"", ""PN06-5.edf""]}, {""validation_file"": ""PN06-4.edf"", ""train_files"": [""PN06-1.edf"", ""PN06-3.edf"", ""PN06-5.edf""]}, {""validation_file"": ""PN06-5.edf"", ""train_files"": [""PN06-1.edf"", ""PN06-3.edf"", ""PN06-4.edf""]}]","[""PN06-1.edf"", ""PN06-3.edf"", ""PN06-4.edf"", ""PN06-5.edf""]",PN06,C0_LR,PN06-2.edf,nested
4,4,4,202,0,206,5095,30842,240,0,0,30602,1,1,23.763152735115352,0,4,4,28.5,21.75,31.75,6,37,0.16649238611855435,180,0.40000000000000002,False,False,"[{""validation_file"": ""PN06-1.edf"", ""train_files"": [""PN06-3.edf"", ""PN06-4.edf"", ""PN06-5.edf""]}, {""validation_file"": ""PN06-3.edf"", ""train_files"": [""PN06-1.edf"", ""PN06-4.edf"", ""PN06-5.edf""]}, {""validation_file"": ""PN06-4.edf"", ""train_files"": [""PN06-1.edf"", ""PN06-3.edf"", ""PN06-5.edf""]}, {""validation_file"": ""PN06-5.edf"", ""train_files"": [""PN06-1.edf"", ""PN06-3.edf"", ""PN06-4.edf""]}]","[""PN06-1.edf"", ""PN06-3.edf"", ""PN06-4.edf"", ""PN06-5.edf""]",PN06,C0_LR,PN06-2.edf,nested
4,4,4,184,0,188,4535,30842,240,0,0,30602,1,1,21.645644075550617,0,4,4,28.5,23,31.75,11,37,0.14819292856676033,125,0.45000000000000001,False,False,"[{""validation_file"": ""PN06-1.edf"", ""train_files"": [""PN06-3.edf"", ""PN06-4.edf"", ""PN06-5.edf""]}, {""validation_file"": ""PN06-3.edf"", ""train_files"": [""PN06-1.edf"", ""PN06-4.edf"", ""PN06-5.edf""]}, {""validation_file"": ""PN06-4.edf"", ""train_files"": [""PN06-1.edf"", ""PN06-3.edf"", ""PN06-5.edf""]}, {""validation_file"": ""PN06-5.edf"", ""train_files"": [""PN06-1.edf"", ""PN06-3.edf"", ""PN06-4.edf""]}]","[""PN06-1.edf"", ""PN06-3.edf"", ""PN06-4.edf"", ""PN06-5.edf""]",PN06,C0_LR,PN06-2.edf,nested
4,4,4,182,0,186,4010,30842,240,0,0,30602,1,1,21.410365335598982,0,4,4,28.5,23,31.75,11,37,0.13103718711195347,115,0.5,False,False,"[{""validation_file"": ""PN06-1.edf"", ""train_files"": [""PN06-3.edf"", ""PN06-4.edf"", ""PN06-5.edf""]}, {""validation_file"": ""PN06-3.edf"", ""train_files"": [""PN06-1.edf"", ""PN06-4.edf"", ""PN06-5.edf""]}, {""validation_file"": ""PN06-4.edf"", ""train_files"": [""PN06-1.edf"", ""PN06-3.edf"", ""PN06-5.edf""]}, {""validation_file"": ""PN06-5.edf"", ""train_files"": [""PN06-1.edf"", ""PN06-3.edf"", ""PN06-4.edf""]}]","[""PN06-1.edf"", ""PN06-3.edf"", ""PN06-4.edf"", ""PN06-5.edf""]",PN06,C0_LR,PN06-2.edf,nested
4,4,4,175,0,179,3505,30842,240,0,0,30602,1,1,20.58688974576825,0,4,4,28.5,23,31.75,11,37,0.11453499771256781,115,0.55000000000000004,False,False,"[{""validation_file"": ""PN06-1.edf"", ""train_files"": [""PN06-3.edf"", ""PN06-4.edf"", ""PN06-5.edf""]}, {""validation_file"": ""PN06-3.edf"", ""train_files"": [""PN06-1.edf"", ""PN06-4.edf"", ""PN06-5.edf""]}, {""validation_file"": ""PN06-4.edf"", ""train_files"": [""PN06-1.edf"", ""PN06-3.edf"", ""PN06-5.edf""]}, {""validation_file"": ""PN06-5.edf"", ""train_files"": [""PN06-1.edf"", ""PN06-3.edf"", ""PN06-4.edf""]}]","[""PN06-1.edf"", ""PN06-3.edf"", ""PN06-4.edf"", ""PN06-5.edf""]",PN06,C0_LR,PN06-2.edf,nested
4,4,4,154,0,158,3080,30842,240,0,0,30602,1,1,18.116462976276061,0,4,4,31,23,35.5,11,37,0.100647016534867,115,0.59999999999999998,False,False,"[{""validation_file"": ""PN06-1.edf"", ""train_files"": [""PN06-3.edf"", ""PN06-4.edf"", ""PN06-5.edf""]}, {""validation_file"": ""PN06-3.edf"", ""train_files"": [""PN06-1.edf"", ""PN06-4.edf"", ""PN06-5.edf""]}, {""validation_file"": ""PN06-4.edf"", ""train_files"": [""PN06-1.edf"", ""PN06-3.edf"", ""PN06-5.edf""]}, {""validation_file"": ""PN06-5.edf"", ""train_files"": [""PN06-1.edf"", ""PN06-3.edf"", ""PN06-4.edf""]}]","[""PN06-1.edf"", ""PN06-3.edf"", ""PN06-4.edf"", ""PN06-5.edf""]",PN06,C0_LR,PN06-2.edf,nested
4,4,4,139,0,143,2650,30842,240,0,0,30602,1,1,16.351872426638781,0,4,4,31,23,35.5,11,37,0.086595647343310891,115,0.65000000000000002,False,False,"[{""validation_file"": ""PN06-1.edf"", ""train_files"": [""PN06-3.edf"", ""PN06-4.edf"", ""PN06-5.edf""]}, {""validation_file"": ""PN06-3.edf"", ""train_files"": [""PN06-1.edf"", ""PN06-4.edf"", ""PN06-5.edf""]}, {""validation_file"": ""PN06-4.edf"", ""train_files"": [""PN06-1.edf"", ""PN06-3.edf"", ""PN06-5.edf""]}, {""validation_file"": ""PN06-5.edf"", ""train_files"": [""PN06-1.edf"", ""PN06-3.edf"", ""PN06-4.edf""]}]","[""PN06-1.edf"", ""PN06-3.edf"", ""PN06-4.edf"", ""PN06-5.edf""]",PN06,C0_LR,PN06-2.edf,nested
4,4,4,112,0,116,2180,30842,240,0,0,30602,1,1,13.17560943729168,0,4,4,31,25.5,36.75,21,42,0.071237174040912357,115,0.69999999999999996,False,False,"[{""validation_file"": ""PN06-1.edf"", ""train_files"": [""PN06-3.edf"", ""PN06-4.edf"", ""PN06-5.edf""]}, {""validation_file"": ""PN06-3.edf"", ""train_files"": [""PN06-1.edf"", ""PN06-4.edf"", ""PN06-5.edf""]}, {""validation_file"": ""PN06-4.edf"", ""train_files"": [""PN06-1.edf"", ""PN06-3.edf"", ""PN06-5.edf""]}, {""validation_file"": ""PN06-5.edf"", ""train_files"": [""PN06-1.edf"", ""PN06-3.edf"", ""PN06-4.edf""]}]","[""PN06-1.edf"", ""PN06-3.edf"", ""PN06-4.edf"", ""PN06-5.edf""]",PN06,C0_LR,PN06-2.edf,nested
4,4,4,91,0,95,1815,30842,240,0,0,30602,1,1,10.705182667799491,0,4,4,31,25.5,36.75,21,42,0.059309849029475198,115,0.75,False,False,"[{""validation_file"": ""PN06-1.edf"", ""train_files"": [""PN06-3.edf"", ""PN06-4.edf"", ""PN06-5.edf""]}, {""validation_file"": ""PN06-3.edf"", ""train_files"": [""PN06-1.edf"", ""PN06-4.edf"", ""PN06-5.edf""]}, {""validation_file"": ""PN06-4.edf"", ""train_files"": [""PN06-1.edf"", ""PN06-3.edf"", ""PN06-5.edf""]}, {""validation_file"": ""PN06-5.edf"", ""train_files"": [""PN06-1.edf"", ""PN06-3.edf"", ""PN06-4.edf""]}]","[""PN06-1.edf"", ""PN06-3.edf"", ""PN06-4.edf"", ""PN06-5.edf""]",PN06,C0_LR,PN06-2.edf,nested
4,3,3,80,0,83,1515,30842,240,0,0,30602,0.75,0.75,9.4111495980654851,1,3,3,32,26.5,33.5,21,35,0.049506568198156985,100,0.80000000000000004,False,False,"[{""validation_file"": ""PN06-1.edf"", ""train_files"": [""PN06-3.edf"", ""PN06-4.edf"", ""PN06-5.edf""]}, {""validation_file"": ""PN06-3.edf"", ""train_files"": [""PN06-1.edf"", ""PN06-4.edf"", ""PN06-5.edf""]}, {""validation_file"": ""PN06-4.edf"", ""train_files"": [""PN06-1.edf"", ""PN06-3.edf"", ""PN06-5.edf""]}, {""validation_file"": ""PN06-5.edf"", ""train_files"": [""PN06-1.edf"", ""PN06-3.edf"", ""PN06-4.edf""]}]","[""PN06-1.edf"", ""PN06-3.edf"", ""PN06-4.edf"", ""PN06-5.edf""]",PN06,C0_LR,PN06-2.edf,nested
4,3,3,63,0,66,1230,30842,240,0,0,30602,0.75,0.75,7.4112803084765702,1,3,3,32,26.5,33.5,21,35,0.040193451408404676,95,0.84999999999999998,False,False,"[{""validation_file"": ""PN06-1.edf"", ""train_files"": [""PN06-3.edf"", ""PN06-4.edf"", ""PN06-5.edf""]}, {""validation_file"": ""PN06-3.edf"", ""train_files"": [""PN06-1.edf"", ""PN06-4.edf"", ""PN06-5.edf""]}, {""validation_file"": ""PN06-4.edf"", ""train_files"": [""PN06-1.edf"", ""PN06-3.edf"", ""PN06-5.edf""]}, {""validation_file"": ""PN06-5.edf"", ""train_files"": [""PN06-1.edf"", ""PN06-3.edf"", ""PN06-4.edf""]}]","[""PN06-1.edf"", ""PN06-3.edf"", ""PN06-4.edf"", ""PN06-5.edf""]",PN06,C0_LR,PN06-2.edf,nested
4,2,2,51,0,53,945,30842,240,0,0,30602,0.5,0.5,5.9996078687667476,2,2,2,26.5,23.75,29.25,21,32,0.030880334618652375,60,0.90000000000000002,False,False,"[{""validation_file"": ""PN06-1.edf"", ""train_files"": [""PN06-3.edf"", ""PN06-4.edf"", ""PN06-5.edf""]}, {""validation_file"": ""PN06-3.edf"", ""train_files"": [""PN06-1.edf"", ""PN06-4.edf"", ""PN06-5.edf""]}, {""validation_file"": ""PN06-4.edf"", ""train_files"": [""PN06-1.edf"", ""PN06-3.edf"", ""PN06-5.edf""]}, {""validation_file"": ""PN06-5.edf"", ""train_files"": [""PN06-1.edf"", ""PN06-3.edf"", ""PN06-4.edf""]}]","[""PN06-1.edf"", ""PN06-3.edf"", ""PN06-4.edf"", ""PN06-5.edf""]",PN06,C0_LR,PN06-2.edf,nested
4,2,2,28,0,30,585,30842,240,0,0,30602,0.5,0.5,3.29390235932292,2,2,2,31.5,31.25,31.75,31,32,0.019116397621070518,60,0.94999999999999996,False,False,"[{""validation_file"": ""PN06-1.edf"", ""train_files"": [""PN06-3.edf"", ""PN06-4.edf"", ""PN06-5.edf""]}, {""validation_file"": ""PN06-3.edf"", ""train_files"": [""PN06-1.edf"", ""PN06-4.edf"", ""PN06-5.edf""]}, {""validation_file"": ""PN06-4.edf"", ""train_files"": [""PN06-1.edf"", ""PN06-3.edf"", ""PN06-5.edf""]}, {""validation_file"": ""PN06-5.edf"", ""train_files"": [""PN06-1.edf"", ""PN06-3.edf"", ""PN06-4.edf""]}]","[""PN06-1.edf"", ""PN06-3.edf"", ""PN06-4.edf"", ""PN06-5.edf""]",PN06,C0_LR,PN06-2.edf,nested
4,0,0,0,0,0,0,30842,240,0,0,30602,0,0,0,4,0,0,,,,,,0,0,1.01,True,True,"[{""validation_file"": ""PN06-1.edf"", ""train_files"": [""PN06-3.edf"", ""PN06-4.edf"", ""PN06-5.edf""]}, {""validation_file"": ""PN06-3.edf"", ""train_files"": [""PN06-1.edf"", ""PN06-4.edf"", ""PN06-5.edf""]}, {""validation_file"": ""PN06-4.edf"", ""train_files"": [""PN06-1.edf"", ""PN06-3.edf"", ""PN06-5.edf""]}, {""validation_file"": ""PN06-5.edf"", ""train_files"": [""PN06-1.edf"", ""PN06-3.edf"", ""PN06-4.edf""]}]","[""PN06-1.edf"", ""PN06-3.edf"", ""PN06-4.edf"", ""PN06-5.edf""]",PN06,C0_LR,PN06-2.edf,nested
4,1,4,296,0,297,21170,35282,240,0,0,35042,0.25,1,30.409223217852862,3,1,1,12,12,12,12,12,0.60413218423605963,1570,0.050000000000000003,False,False,"[{""validation_file"": ""PN06-1.edf"", ""train_files"": [""PN06-2.edf"", ""PN06-4.edf"", ""PN06-5.edf""]}, {""validation_file"": ""PN06-2.edf"", ""train_files"": [""PN06-1.edf"", ""PN06-4.edf"", ""PN06-5.edf""]}, {""validation_file"": ""PN06-4.edf"", ""train_files"": [""PN06-1.edf"", ""PN06-2.edf"", ""PN06-5.edf""]}, {""validation_file"": ""PN06-5.edf"", ""train_files"": [""PN06-1.edf"", ""PN06-2.edf"", ""PN06-4.edf""]}]","[""PN06-1.edf"", ""PN06-2.edf"", ""PN06-4.edf"", ""PN06-5.edf""]",PN06,C0_LR,PN06-3.edf,nested
4,2,4,380,0,382,14915,35282,240,0,0,35042,0.5,1,39.038867644540836,2,2,2,14.5,13.25,15.75,12,17,0.42563209862450774,765,0.10000000000000001,False,False,"[{""validation_file"": ""PN06-1.edf"", ""train_files"": [""PN06-2.edf"", ""PN06-4.edf"", ""PN06-5.edf""]}, {""validation_file"": ""PN06-2.edf"", ""train_files"": [""PN06-1.edf"", ""PN06-4.edf"", ""PN06-5.edf""]}, {""validation_file"": ""PN06-4.edf"", ""train_files"": [""PN06-1.edf"", ""PN06-2.edf"", ""PN06-5.edf""]}, {""validation_file"": ""PN06-5.edf"", ""train_files"": [""PN06-1.edf"", ""PN06-2.edf"", ""PN06-4.edf""]}]","[""PN06-1.edf"", ""PN06-2.edf"", ""PN06-4.edf"", ""PN06-5.edf""]",PN06,C0_LR,PN06-3.edf,nested
4,3,4,331,0,334,11335,35282,240,0,0,35042,0.75,1,34.004908395639518,1,3,3,12,6,14.5,0,17,0.32346898008104558,585,0.14999999999999999,False,False,"[{""validation_file"": ""PN06-1.edf"", ""train_files"": [""PN06-2.edf"", ""PN06-4.edf"", ""PN06-5.edf""]}, {""validation_file"": ""PN06-2.edf"", ""train_files"": [""PN06-1.edf"", ""PN06-4.edf"", ""PN06-5.edf""]}, {""validation_file"": ""PN06-4.edf"", ""train_files"": [""PN06-1.edf"", ""PN06-2.edf"", ""PN06-5.edf""]}, {""validation_file"": ""PN06-5.edf"", ""train_files"": [""PN06-1.edf"", ""PN06-2.edf"", ""PN06-4.edf""]}]","[""PN06-1.edf"", ""PN06-2.edf"", ""PN06-4.edf"", ""PN06-5.edf""]",PN06,C0_LR,PN06-3.edf,nested
4,3,4,295,0,298,9330,35282,240,0,0,35042,0.75,1,30.306489355630386,1,3,3,12,8.5,19.5,5,27,0.26625192625991667,580,0.20000000000000001,False,False,"[{""validation_file"": ""PN06-1.edf"", ""train_files"": [""PN06-2.edf"", ""PN06-4.edf"", ""PN06-5.edf""]}, {""validation_file"": ""PN06-2.edf"", ""train_files"": [""PN06-1.edf"", ""PN06-4.edf"", ""PN06-5.edf""]}, {""validation_file"": ""PN06-4.edf"", ""train_files"": [""PN06-1.edf"", ""PN06-2.edf"", ""PN06-5.edf""]}, {""validation_file"": ""PN06-5.edf"", ""train_files"": [""PN06-1.edf"", ""PN06-2.edf"", ""PN06-4.edf""]}]","[""PN06-1.edf"", ""PN06-2.edf"", ""PN06-4.edf"", ""PN06-5.edf""]",PN06,C0_LR,PN06-3.edf,nested
4,3,4,254,0,257,7965,35282,240,0,0,35042,0.75,1,26.094401004508875,1,3,3,12,8.5,19.5,5,27,0.22729867016722791,580,0.25,False,False,"[{""validation_file"": ""PN06-1.edf"", ""train_files"": [""PN06-2.edf"", ""PN06-4.edf"", ""PN06-5.edf""]}, {""validation_file"": ""PN06-2.edf"", ""train_files"": [""PN06-1.edf"", ""PN06-4.edf"", ""PN06-5.edf""]}, {""validation_file"": ""PN06-4.edf"", ""train_files"": [""PN06-1.edf"", ""PN06-2.edf"", ""PN06-5.edf""]}, {""validation_file"": ""PN06-5.edf"", ""train_files"": [""PN06-1.edf"", ""PN06-2.edf"", ""PN06-4.edf""]}]","[""PN06-1.edf"", ""PN06-2.edf"", ""PN06-4.edf"", ""PN06-5.edf""]",PN06,C0_LR,PN06-3.edf,nested
4,3,4,240,0,243,7025,35282,240,0,0,35042,0.75,1,24.656126933394212,1,3,3,12,8.5,19.5,5,27,0.20047371725358143,550,0.29999999999999999,False,False,"[{""validation_file"": ""PN06-1.edf"", ""train_files"": [""PN06-2.edf"", ""PN06-4.edf"", ""PN06-5.edf""]}, {""validation_file"": ""PN06-2.edf"", ""train_files"": [""PN06-1.edf"", ""PN06-4.edf"", ""PN06-5.edf""]}, {""validation_file"": ""PN06-4.edf"", ""train_files"": [""PN06-1.edf"", ""PN06-2.edf"", ""PN06-5.edf""]}, {""validation_file"": ""PN06-5.edf"", ""train_files"": [""PN06-1.edf"", ""PN06-2.edf"", ""PN06-4.edf""]}]","[""PN06-1.edf"", ""PN06-2.edf"", ""PN06-4.edf"", ""PN06-5.edf""]",PN06,C0_LR,PN06-3.edf,nested
4,3,4,222,0,225,6135,35282,240,0,0,35042,0.75,1,22.806917413389648,1,3,3,12,11,19.5,10,27,0.17507562353746933,390,0.34999999999999998,False,False,"[{""validation_file"": ""PN06-1.edf"", ""train_files"": [""PN06-2.edf"", ""PN06-4.edf"", ""PN06-5.edf""]}, {""validation_file"": ""PN06-2.edf"", ""train_files"": [""PN06-1.edf"", ""PN06-4.edf"", ""PN06-5.edf""]}, {""validation_file"": ""PN06-4.edf"", ""train_files"": [""PN06-1.edf"", ""PN06-2.edf"", ""PN06-5.edf""]}, {""validation_file"": ""PN06-5.edf"", ""train_files"": [""PN06-1.edf"", ""PN06-2.edf"", ""PN06-4.edf""]}]","[""PN06-1.edf"", ""PN06-2.edf"", ""PN06-4.edf"", ""PN06-5.edf""]",PN06,C0_LR,PN06-3.edf,nested
4,3,4,211,0,214,5455,35282,240,0,0,35042,0.75,1,21.676844928942412,1,3,3,17,13.5,22,10,27,0.15567033845100164,390,0.40000000000000002,False,False,"[{""validation_file"": ""PN06-1.edf"", ""train_files"": [""PN06-2.edf"", ""PN06-4.edf"", ""PN06-5.edf""]}, {""validation_file"": ""PN06-2.edf"", ""train_files"": [""PN06-1.edf"", ""PN06-4.edf"", ""PN06-5.edf""]}, {""validation_file"": ""PN06-4.edf"", ""train_files"": [""PN06-1.edf"", ""PN06-2.edf"", ""PN06-5.edf""]}, {""validation_file"": ""PN06-5.edf"", ""train_files"": [""PN06-1.edf"", ""PN06-2.edf"", ""PN06-4.edf""]}]","[""PN06-1.edf"", ""PN06-2.edf"", ""PN06-4.edf"", ""PN06-5.edf""]",PN06,C0_LR,PN06-3.edf,nested
4,3,4,187,0,190,4875,35282,240,0,0,35042,0.75,1,19.211232235602992,1,3,3,17,13.5,24.5,10,32,0.13911877175960277,390,0.45000000000000001,False,False,"[{""validation_file"": ""PN06-1.edf"", ""train_files"": [""PN06-2.edf"", ""PN06-4.edf"", ""PN06-5.edf""]}, {""validation_file"": ""PN06-2.edf"", ""train_files"": [""PN06-1.edf"", ""PN06-4.edf"", ""PN06-5.edf""]}, {""validation_file"": ""PN06-4.edf"", ""train_files"": [""PN06-1.edf"", ""PN06-2.edf"", ""PN06-5.edf""]}, {""validation_file"": ""PN06-5.edf"", ""train_files"": [""PN06-1.edf"", ""PN06-2.edf"", ""PN06-4.edf""]}]","[""PN06-1.edf"", ""PN06-2.edf"", ""PN06-4.edf"", ""PN06-5.edf""]",PN06,C0_LR,PN06-3.edf,nested
4,4,4,173,0,177,4445,35282,240,0,0,35042,1,1,17.77295816448833,0,4,4,13.5,9,20.75,6,32,0.12684778266080704,385,0.5,False,False,"[{""validation_file"": ""PN06-1.edf"", ""train_files"": [""PN06-2.edf"", ""PN06-4.edf"", ""PN06-5.edf""]}, {""validation_file"": ""PN06-2.edf"", ""train_files"": [""PN06-1.edf"", ""PN06-4.edf"", ""PN06-5.edf""]}, {""validation_file"": ""PN06-4.edf"", ""train_files"": [""PN06-1.edf"", ""PN06-2.edf"", ""PN06-5.edf""]}, {""validation_file"": ""PN06-5.edf"", ""train_files"": [""PN06-1.edf"", ""PN06-2.edf"", ""PN06-4.edf""]}]","[""PN06-1.edf"", ""PN06-2.edf"", ""PN06-4.edf"", ""PN06-5.edf""]",PN06,C0_LR,PN06-3.edf,nested
4,4,4,154,0,158,4000,35282,240,0,0,35042,1,1,15.821014782261287,0,4,4,13.5,9,20.75,6,32,0.11414873580275098,380,0.55000000000000004,False,False,"[{""validation_file"": ""PN06-1.edf"", ""train_files"": [""PN06-2.edf"", ""PN06-4.edf"", ""PN06-5.edf""]}, {""validation_file"": ""PN06-2.edf"", ""train_files"": [""PN06-1.edf"", ""PN06-4.edf"", ""PN06-5.edf""]}, {""validation_file"": ""PN06-4.edf"", ""train_files"": [""PN06-1.edf"", ""PN06-2.edf"", ""PN06-5.edf""]}, {""validation_file"": ""PN06-5.edf"", ""train_files"": [""PN06-1.edf"", ""PN06-2.edf"", ""PN06-4.edf""]}]","[""PN06-1.edf"", ""PN06-2.edf"", ""PN06-4.edf"", ""PN06-5.edf""]",PN06,C0_LR,PN06-3.edf,nested
4,4,4,142,0,146,3635,35282,240,0,0,35042,1,1,14.588208435591575,0,4,4,13.5,9,20.75,6,32,0.10373266366074996,365,0.59999999999999998,False,False,"[{""validation_file"": ""PN06-1.edf"", ""train_files"": [""PN06-2.edf"", ""PN06-4.edf"", ""PN06-5.edf""]}, {""validation_file"": ""PN06-2.edf"", ""train_files"": [""PN06-1.edf"", ""PN06-4.edf"", ""PN06-5.edf""]}, {""validation_file"": ""PN06-4.edf"", ""train_files"": [""PN06-1.edf"", ""PN06-2.edf"", ""PN06-5.edf""]}, {""validation_file"": ""PN06-5.edf"", ""train_files"": [""PN06-1.edf"", ""PN06-2.edf"", ""PN06-4.edf""]}]","[""PN06-1.edf"", ""PN06-2.edf"", ""PN06-4.edf"", ""PN06-5.edf""]",PN06,C0_LR,PN06-3.edf,nested
4,4,4,128,0,132,3205,35282,240,0,0,35042,1,1,13.149934364476913,0,4,4,13.5,9,20.75,6,32,0.091461674561954226,180,0.65000000000000002,False,False,"[{""validation_file"": ""PN06-1.edf"", ""train_files"": [""PN06-2.edf"", ""PN06-4.edf"", ""PN06-5.edf""]}, {""validation_file"": ""PN06-2.edf"", ""train_files"": [""PN06-1.edf"", ""PN06-4.edf"", ""PN06-5.edf""]}, {""validation_file"": ""PN06-4.edf"", ""train_files"": [""PN06-1.edf"", ""PN06-2.edf"", ""PN06-5.edf""]}, {""validation_file"": ""PN06-5.edf"", ""train_files"": [""PN06-1.edf"", ""PN06-2.edf"", ""PN06-4.edf""]}]","[""PN06-1.edf"", ""PN06-2.edf"", ""PN06-4.edf"", ""PN06-5.edf""]",PN06,C0_LR,PN06-3.edf,nested
4,4,4,116,0,120,2945,35282,240,0,0,35042,1,1,11.917128017807203,0,4,4,21,12.75,28.25,6,32,0.08404200673477541,180,0.69999999999999996,False,False,"[{""validation_file"": ""PN06-1.edf"", ""train_files"": [""PN06-2.edf"", ""PN06-4.edf"", ""PN06-5.edf""]}, {""validation_file"": ""PN06-2.edf"", ""train_files"": [""PN06-1.edf"", ""PN06-4.edf"", ""PN06-5.edf""]}, {""validation_file"": ""PN06-4.edf"", ""train_files"": [""PN06-1.edf"", ""PN06-2.edf"", ""PN06-5.edf""]}, {""validation_file"": ""PN06-5.edf"", ""train_files"": [""PN06-1.edf"", ""PN06-2.edf"", ""PN06-4.edf""]}]","[""PN06-1.edf"", ""PN06-2.edf"", ""PN06-4.edf"", ""PN06-5.edf""]",PN06,C0_LR,PN06-3.edf,nested
4,4,4,100,0,104,2595,35282,240,0,0,35042,1,1,10.273386222247588,0,4,4,21,14,28.25,11,32,0.074053992352034706,180,0.75,False,False,"[{""validation_file"": ""PN06-1.edf"", ""train_files"": [""PN06-2.edf"", ""PN06-4.edf"", ""PN06-5.edf""]}, {""validation_file"": ""PN06-2.edf"", ""train_files"": [""PN06-1.edf"", ""PN06-4.edf"", ""PN06-5.edf""]}, {""validation_file"": ""PN06-4.edf"", ""train_files"": [""PN06-1.edf"", ""PN06-2.edf"", ""PN06-5.edf""]}, {""validation_file"": ""PN06-5.edf"", ""train_files"": [""PN06-1.edf"", ""PN06-2.edf"", ""PN06-4.edf""]}]","[""PN06-1.edf"", ""PN06-2.edf"", ""PN06-4.edf"", ""PN06-5.edf""]",PN06,C0_LR,PN06-3.edf,nested
4,4,4,84,0,88,2220,35282,240,0,0,35042,1,1,8.6296444266879746,0,4,4,21,14,28.25,11,32,0.063352548370526798,175,0.80000000000000004,False,False,"[{""validation_file"": ""PN06-1.edf"", ""train_files"": [""PN06-2.edf"", ""PN06-4.edf"", ""PN06-5.edf""]}, {""validation_file"": ""PN06-2.edf"", ""train_files"": [""PN06-1.edf"", ""PN06-4.edf"", ""PN06-5.edf""]}, {""validation_file"": ""PN06-4.edf"", ""train_files"": [""PN06-1.edf"", ""PN06-2.edf"", ""PN06-5.edf""]}, {""validation_file"": ""PN06-5.edf"", ""train_files"": [""PN06-1.edf"", ""PN06-2.edf"", ""PN06-4.edf""]}]","[""PN06-1.edf"", ""PN06-2.edf"", ""PN06-4.edf"", ""PN06-5.edf""]",PN06,C0_LR,PN06-3.edf,nested
4,4,4,71,0,75,1960,35282,240,0,0,35042,1,1,7.2941042177957875,0,4,4,21,14,28.25,11,32,0.055932880543347982,175,0.84999999999999998,False,False,"[{""validation_file"": ""PN06-1.edf"", ""train_files"": [""PN06-2.edf"", ""PN06-4.edf"", ""PN06-5.edf""]}, {""validation_file"": ""PN06-2.edf"", ""train_files"": [""PN06-1.edf"", ""PN06-4.edf"", ""PN06-5.edf""]}, {""validation_file"": ""PN06-4.edf"", ""train_files"": [""PN06-1.edf"", ""PN06-2.edf"", ""PN06-5.edf""]}, {""validation_file"": ""PN06-5.edf"", ""train_files"": [""PN06-1.edf"", ""PN06-2.edf"", ""PN06-4.edf""]}]","[""PN06-1.edf"", ""PN06-2.edf"", ""PN06-4.edf"", ""PN06-5.edf""]",PN06,C0_LR,PN06-3.edf,nested
4,4,4,61,0,65,1635,35282,240,0,0,35042,1,1,6.2667655955710293,0,4,4,26.5,20.75,33.25,20,37,0.046658295759374462,170,0.90000000000000002,False,False,"[{""validation_file"": ""PN06-1.edf"", ""train_files"": [""PN06-2.edf"", ""PN06-4.edf"", ""PN06-5.edf""]}, {""validation_file"": ""PN06-2.edf"", ""train_files"": [""PN06-1.edf"", ""PN06-4.edf"", ""PN06-5.edf""]}, {""validation_file"": ""PN06-4.edf"", ""train_files"": [""PN06-1.edf"", ""PN06-2.edf"", ""PN06-5.edf""]}, {""validation_file"": ""PN06-5.edf"", ""train_files"": [""PN06-1.edf"", ""PN06-2.edf"", ""PN06-4.edf""]}]","[""PN06-1.edf"", ""PN06-2.edf"", ""PN06-4.edf"", ""PN06-5.edf""]",PN06,C0_LR,PN06-3.edf,nested
4,4,4,47,0,51,1180,35282,240,0,0,35042,1,1,4.8284915244563669,0,4,4,28.5,24,33.25,21,37,0.03367387706181154,95,0.94999999999999996,False,False,"[{""validation_file"": ""PN06-1.edf"", ""train_files"": [""PN06-2.edf"", ""PN06-4.edf"", ""PN06-5.edf""]}, {""validation_file"": ""PN06-2.edf"", ""train_files"": [""PN06-1.edf"", ""PN06-4.edf"", ""PN06-5.edf""]}, {""validation_file"": ""PN06-4.edf"", ""train_files"": [""PN06-1.edf"", ""PN06-2.edf"", ""PN06-5.edf""]}, {""validation_file"": ""PN06-5.edf"", ""train_files"": [""PN06-1.edf"", ""PN06-2.edf"", ""PN06-4.edf""]}]","[""PN06-1.edf"", ""PN06-2.edf"", ""PN06-4.edf"", ""PN06-5.edf""]",PN06,C0_LR,PN06-3.edf,nested
4,0,0,0,0,0,0,35282,240,0,0,35042,0,0,0,4,0,0,,,,,,0,0,1.01,True,True,"[{""validation_file"": ""PN06-1.edf"", ""train_files"": [""PN06-2.edf"", ""PN06-4.edf"", ""PN06-5.edf""]}, {""validation_file"": ""PN06-2.edf"", ""train_files"": [""PN06-1.edf"", ""PN06-4.edf"", ""PN06-5.edf""]}, {""validation_file"": ""PN06-4.edf"", ""train_files"": [""PN06-1.edf"", ""PN06-2.edf"", ""PN06-5.edf""]}, {""validation_file"": ""PN06-5.edf"", ""train_files"": [""PN06-1.edf"", ""PN06-2.edf"", ""PN06-4.edf""]}]","[""PN06-1.edf"", ""PN06-2.edf"", ""PN06-4.edf"", ""PN06-5.edf""]",PN06,C0_LR,PN06-3.edf,nested
4,2,4,328,0,330,20080,36437,240,0,0,36197,0.5,1,32.621487968616186,2,2,2,17,14.5,19.5,12,22,0.55474210569936733,985,0.050000000000000003,False,False,"[{""validation_file"": ""PN06-1.edf"", ""train_files"": [""PN06-2.edf"", ""PN06-3.edf"", ""PN06-5.edf""]}, {""validation_file"": ""PN06-2.edf"", ""train_files"": [""PN06-1.edf"", ""PN06-3.edf"", ""PN06-5.edf""]}, {""validation_file"": ""PN06-3.edf"", ""train_files"": [""PN06-1.edf"", ""PN06-2.edf"", ""PN06-5.edf""]}, {""validation_file"": ""PN06-5.edf"", ""train_files"": [""PN06-1.edf"", ""PN06-2.edf"", ""PN06-3.edf""]}]","[""PN06-1.edf"", ""PN06-2.edf"", ""PN06-3.edf"", ""PN06-5.edf""]",PN06,C0_LR,PN06-4.edf,nested
4,3,4,381,0,384,16140,36437,240,0,0,36197,0.75,1,37.892643036715747,1,3,3,12,8.5,19.5,5,27,0.44589330607508909,325,0.10000000000000001,False,False,"[{""validation_file"": ""PN06-1.edf"", ""train_files"": [""PN06-2.edf"", ""PN06-3.edf"", ""PN06-5.edf""]}, {""validation_file"": ""PN06-2.edf"", ""train_files"": [""PN06-1.edf"", ""PN06-3.edf"", ""PN06-5.edf""]}, {""validation_file"": ""PN06-3.edf"", ""train_files"": [""PN06-1.edf"", ""PN06-2.edf"", ""PN06-5.edf""]}, {""validation_file"": ""PN06-5.edf"", ""train_files"": [""PN06-1.edf"", ""PN06-2.edf"", ""PN06-3.edf""]}]","[""PN06-1.edf"", ""PN06-2.edf"", ""PN06-3.edf"", ""PN06-5.edf""]",PN06,C0_LR,PN06-4.edf,nested
4,3,4,382,0,385,12985,36437,240,0,0,36197,0.75,1,37.992098792717627,1,3,3,12,8.5,19.5,5,27,0.35873138657899828,225,0.14999999999999999,False,False,"[{""validation_file"": ""PN06-1.edf"", ""train_files"": [""PN06-2.edf"", ""PN06-3.edf"", ""PN06-5.edf""]}, {""validation_file"": ""PN06-2.edf"", ""train_files"": [""PN06-1.edf"", ""PN06-3.edf"", ""PN06-5.edf""]}, {""validation_file"": ""PN06-3.edf"", ""train_files"": [""PN06-1.edf"", ""PN06-2.edf"", ""PN06-5.edf""]}, {""validation_file"": ""PN06-5.edf"", ""train_files"": [""PN06-1.edf"", ""PN06-2.edf"", ""PN06-3.edf""]}]","[""PN06-1.edf"", ""PN06-2.edf"", ""PN06-3.edf"", ""PN06-5.edf""]",PN06,C0_LR,PN06-4.edf,nested
4,3,4,376,0,379,10680,36437,240,0,0,36197,0.75,1,37.395364256706358,1,3,3,12,11,19.5,10,27,0.29505207613890655,220,0.20000000000000001,False,False,"[{""validation_file"": ""PN06-1.edf"", ""train_files"": [""PN06-2.edf"", ""PN06-3.edf"", ""PN06-5.edf""]}, {""validation_file"": ""PN06-2.edf"", ""train_files"": [""PN06-1.edf"", ""PN06-3.edf"", ""PN06-5.edf""]}, {""validation_file"": ""PN06-3.edf"", ""train_files"": [""PN06-1.edf"", ""PN06-2.edf"", ""PN06-5.edf""]}, {""validation_file"": ""PN06-5.edf"", ""train_files"": [""PN06-1.edf"", ""PN06-2.edf"", ""PN06-3.edf""]}]","[""PN06-1.edf"", ""PN06-2.edf"", ""PN06-3.edf"", ""PN06-5.edf""]",PN06,C0_LR,PN06-4.edf,nested
4,4,4,346,0,350,8690,36437,240,0,0,36197,1,1,34.41169157665,0,4,4,11,7.5,15.75,0,27,0.2400751443489792,125,0.25,False,False,"[{""validation_file"": ""PN06-1.edf"", ""train_files"": [""PN06-2.edf"", ""PN06-3.edf"", ""PN06-5.edf""]}, {""validation_file"": ""PN06-2.edf"", ""train_files"": [""PN06-1.edf"", ""PN06-3.edf"", ""PN06-5.edf""]}, {""validation_file"": ""PN06-3.edf"", ""train_files"": [""PN06-1.edf"", ""PN06-2.edf"", ""PN06-5.edf""]}, {""validation_file"": ""PN06-5.edf"", ""train_files"": [""PN06-1.edf"", ""PN06-2.edf"", ""PN06-3.edf""]}]","[""PN06-1.edf"", ""PN06-2.edf"", ""PN06-3.edf"", ""PN06-5.edf""]",PN06,C0_LR,PN06-4.edf,nested
4,4,4,312,0,316,7180,36437,240,0,0,36197,1,1,31.030195872586127,0,4,4,11,7.5,15.75,0,27,0.198358980025969,105,0.29999999999999999,False,False,"[{""validation_file"": ""PN06-1.edf"", ""train_files"": [""PN06-2.edf"", ""PN06-3.edf"", ""PN06-5.edf""]}, {""validation_file"": ""PN06-2.edf"", ""train_files"": [""PN06-1.edf"", ""PN06-3.edf"", ""PN06-5.edf""]}, {""validation_file"": ""PN06-3.edf"", ""train_files"": [""PN06-1.edf"", ""PN06-2.edf"", ""PN06-5.edf""]}, {""validation_file"": ""PN06-5.edf"", ""train_files"": [""PN06-1.edf"", ""PN06-2.edf"", ""PN06-3.edf""]}]","[""PN06-1.edf"", ""PN06-2.edf"", ""PN06-3.edf"", ""PN06-5.edf""]",PN06,C0_LR,PN06-4.edf,nested
4,4,4,283,1,287,5900,36437,240,0,0,36197,1,1,28.145978948531646,0,4,4,11,7.5,15.75,0,27,0.16299693344752328,100,0.34999999999999998,False,False,"[{""validation_file"": ""PN06-1.edf"", ""train_files"": [""PN06-2.edf"", ""PN06-3.edf"", ""PN06-5.edf""]}, {""validation_file"": ""PN06-2.edf"", ""train_files"": [""PN06-1.edf"", ""PN06-3.edf"", ""PN06-5.edf""]}, {""validation_file"": ""PN06-3.edf"", ""train_files"": [""PN06-1.edf"", ""PN06-2.edf"", ""PN06-5.edf""]}, {""validation_file"": ""PN06-5.edf"", ""train_files"": [""PN06-1.edf"", ""PN06-2.edf"", ""PN06-3.edf""]}]","[""PN06-1.edf"", ""PN06-2.edf"", ""PN06-3.edf"", ""PN06-5.edf""]",PN06,C0_LR,PN06-4.edf,nested
4,4,4,235,1,239,4945,36437,240,0,0,36197,1,1,23.372102660441474,0,4,4,11,7.5,15.75,0,27,0.13661353150813604,95,0.40000000000000002,False,False,"[{""validation_file"": ""PN06-1.edf"", ""train_files"": [""PN06-2.edf"", ""PN06-3.edf"", ""PN06-5.edf""]}, {""validation_file"": ""PN06-2.edf"", ""train_files"": [""PN06-1.edf"", ""PN06-3.edf"", ""PN06-5.edf""]}, {""validation_file"": ""PN06-3.edf"", ""train_files"": [""PN06-1.edf"", ""PN06-2.edf"", ""PN06-5.edf""]}, {""validation_file"": ""PN06-5.edf"", ""train_files"": [""PN06-1.edf"", ""PN06-2.edf"", ""PN06-3.edf""]}]","[""PN06-1.edf"", ""PN06-2.edf"", ""PN06-3.edf"", ""PN06-5.edf""]",PN06,C0_LR,PN06-4.edf,nested
4,4,4,210,1,214,4330,36437,240,0,0,36197,1,1,20.885708760394508,0,4,4,11,7.5,15.75,0,27,0.11962317319114844,95,0.45000000000000001,False,False,"[{""validation_file"": ""PN06-1.edf"", ""train_files"": [""PN06-2.edf"", ""PN06-3.edf"", ""PN06-5.edf""]}, {""validation_file"": ""PN06-2.edf"", ""train_files"": [""PN06-1.edf"", ""PN06-3.edf"", ""PN06-5.edf""]}, {""validation_file"": ""PN06-3.edf"", ""train_files"": [""PN06-1.edf"", ""PN06-2.edf"", ""PN06-5.edf""]}, {""validation_file"": ""PN06-5.edf"", ""train_files"": [""PN06-1.edf"", ""PN06-2.edf"", ""PN06-3.edf""]}]","[""PN06-1.edf"", ""PN06-2.edf"", ""PN06-3.edf"", ""PN06-5.edf""]",PN06,C0_LR,PN06-4.edf,nested
4,4,4,188,1,192,3835,36437,240,0,0,36197,1,1,18.697682128353179,0,4,4,13.5,9,18,0,27,0.10594800674089012,70,0.5,False,False,"[{""validation_file"": ""PN06-1.edf"", ""train_files"": [""PN06-2.edf"", ""PN06-3.edf"", ""PN06-5.edf""]}, {""validation_file"": ""PN06-2.edf"", ""train_files"": [""PN06-1.edf"", ""PN06-3.edf"", ""PN06-5.edf""]}, {""validation_file"": ""PN06-3.edf"", ""train_files"": [""PN06-1.edf"", ""PN06-2.edf"", ""PN06-5.edf""]}, {""validation_file"": ""PN06-5.edf"", ""train_files"": [""PN06-1.edf"", ""PN06-2.edf"", ""PN06-3.edf""]}]","[""PN06-1.edf"", ""PN06-2.edf"", ""PN06-3.edf"", ""PN06-5.edf""]",PN06,C0_LR,PN06-4.edf,nested
4,4,4,165,1,169,3380,36437,240,0,0,36197,1,1,16.41019974030997,0,4,4,13.5,9,18,0,27,0.093377904246208246,70,0.55000000000000004,False,False,"[{""validation_file"": ""PN06-1.edf"", ""train_files"": [""PN06-2.edf"", ""PN06-3.edf"", ""PN06-5.edf""]}, {""validation_file"": ""PN06-2.edf"", ""train_files"": [""PN06-1.edf"", ""PN06-3.edf"", ""PN06-5.edf""]}, {""validation_file"": ""PN06-3.edf"", ""train_files"": [""PN06-1.edf"", ""PN06-2.edf"", ""PN06-5.edf""]}, {""validation_file"": ""PN06-5.edf"", ""train_files"": [""PN06-1.edf"", ""PN06-2.edf"", ""PN06-3.edf""]}]","[""PN06-1.edf"", ""PN06-2.edf"", ""PN06-3.edf"", ""PN06-5.edf""]",PN06,C0_LR,PN06-4.edf,nested
4,4,4,153,0,157,3070,36437,240,0,0,36197,1,1,15.216730668287427,0,4,4,22.5,14.25,30.5,12,32,0.08481365859049092,70,0.59999999999999998,False,False,"[{""validation_file"": ""PN06-1.edf"", ""train_files"": [""PN06-2.edf"", ""PN06-3.edf"", ""PN06-5.edf""]}, {""validation_file"": ""PN06-2.edf"", ""train_files"": [""PN06-1.edf"", ""PN06-3.edf"", ""PN06-5.edf""]}, {""validation_file"": ""PN06-3.edf"", ""train_files"": [""PN06-1.edf"", ""PN06-2.edf"", ""PN06-5.edf""]}, {""validation_file"": ""PN06-5.edf"", ""train_files"": [""PN06-1.edf"", ""PN06-2.edf"", ""PN06-3.edf""]}]","[""PN06-1.edf"", ""PN06-2.edf"", ""PN06-3.edf"", ""PN06-5.edf""]",PN06,C0_LR,PN06-4.edf,nested
4,4,4,140,0,144,2800,36437,240,0,0,36197,1,1,13.923805840263006,0,4,4,22.5,14.25,30.5,12,32,0.077354476890350035,70,0.65000000000000002,False,False,"[{""validation_file"": ""PN06-1.edf"", ""train_files"": [""PN06-2.edf"", ""PN06-3.edf"", ""PN06-5.edf""]}, {""validation_file"": ""PN06-2.edf"", ""train_files"": [""PN06-1.edf"", ""PN06-3.edf"", ""PN06-5.edf""]}, {""validation_file"": ""PN06-3.edf"", ""train_files"": [""PN06-1.edf"", ""PN06-2.edf"", ""PN06-5.edf""]}, {""validation_file"": ""PN06-5.edf"", ""train_files"": [""PN06-1.edf"", ""PN06-2.edf"", ""PN06-3.edf""]}]","[""PN06-1.edf"", ""PN06-2.edf"", ""PN06-3.edf"", ""PN06-5.edf""]",PN06,C0_LR,PN06-4.edf,nested
4,4,4,129,0,133,2495,36437,240,0,0,36197,1,1,12.829792524242341,0,4,4,25,18,30.5,12,32,0.068928364229079761,65,0.69999999999999996,False,False,"[{""validation_file"": ""PN06-1.edf"", ""train_files"": [""PN06-2.edf"", ""PN06-3.edf"", ""PN06-5.edf""]}, {""validation_file"": ""PN06-2.edf"", ""train_files"": [""PN06-1.edf"", ""PN06-3.edf"", ""PN06-5.edf""]}, {""validation_file"": ""PN06-3.edf"", ""train_files"": [""PN06-1.edf"", ""PN06-2.edf"", ""PN06-5.edf""]}, {""validation_file"": ""PN06-5.edf"", ""train_files"": [""PN06-1.edf"", ""PN06-2.edf"", ""PN06-3.edf""]}]","[""PN06-1.edf"", ""PN06-2.edf"", ""PN06-3.edf"", ""PN06-5.edf""]",PN06,C0_LR,PN06-4.edf,nested
4,4,4,116,0,120,2195,36437,240,0,0,36197,1,1,11.536867696217918,0,4,4,26,18,32.75,12,35,0.060640384562256539,65,0.75,False,False,"[{""validation_file"": ""PN06-1.edf"", ""train_files"": [""PN06-2.edf"", ""PN06-3.edf"", ""PN06-5.edf""]}, {""validation_file"": ""PN06-2.edf"", ""train_files"": [""PN06-1.edf"", ""PN06-3.edf"", ""PN06-5.edf""]}, {""validation_file"": ""PN06-3.edf"", ""train_files"": [""PN06-1.edf"", ""PN06-2.edf"", ""PN06-5.edf""]}, {""validation_file"": ""PN06-5.edf"", ""train_files"": [""PN06-1.edf"", ""PN06-2.edf"", ""PN06-3.edf""]}]","[""PN06-1.edf"", ""PN06-2.edf"", ""PN06-3.edf"", ""PN06-5.edf""]",PN06,C0_LR,PN06-4.edf,nested
4,4,4,99,0,103,1830,36437,240,0,0,36197,1,1,9.8461198441859814,0,4,4,28.5,21.75,32.75,12,35,0.050556675967621624,65,0.80000000000000004,False,False,"[{""validation_file"": ""PN06-1.edf"", ""train_files"": [""PN06-2.edf"", ""PN06-3.edf"", ""PN06-5.edf""]}, {""validation_file"": ""PN06-2.edf"", ""train_files"": [""PN06-1.edf"", ""PN06-3.edf"", ""PN06-5.edf""]}, {""validation_file"": ""PN06-3.edf"", ""train_files"": [""PN06-1.edf"", ""PN06-2.edf"", ""PN06-5.edf""]}, {""validation_file"": ""PN06-5.edf"", ""train_files"": [""PN06-1.edf"", ""PN06-2.edf"", ""PN06-3.edf""]}]","[""PN06-1.edf"", ""PN06-2.edf"", ""PN06-3.edf"", ""PN06-5.edf""]",PN06,C0_LR,PN06-4.edf,nested
4,4,4,88,0,92,1575,36437,240,0,0,36197,1,1,8.7521065281653172,0,4,4,28.5,23,32.75,17,35,0.043511893250821894,65,0.84999999999999998,False,False,"[{""validation_file"": ""PN06-1.edf"", ""train_files"": [""PN06-2.edf"", ""PN06-3.edf"", ""PN06-5.edf""]}, {""validation_file"": ""PN06-2.edf"", ""train_files"": [""PN06-1.edf"", ""PN06-3.edf"", ""PN06-5.edf""]}, {""validation_file"": ""PN06-3.edf"", ""train_files"": [""PN06-1.edf"", ""PN06-2.edf"", ""PN06-5.edf""]}, {""validation_file"": ""PN06-5.edf"", ""train_files"": [""PN06-1.edf"", ""PN06-2.edf"", ""PN06-3.edf""]}]","[""PN06-1.edf"", ""PN06-2.edf"", ""PN06-3.edf"", ""PN06-5.edf""]",PN06,C0_LR,PN06-4.edf,nested
4,4,4,67,0,71,1190,36437,240,0,0,36197,1,1,6.6635356521258666,0,4,4,28.5,23,32.75,17,35,0.032875652678398759,65,0.90000000000000002,False,False,"[{""validation_file"": ""PN06-1.edf"", ""train_files"": [""PN06-2.edf"", ""PN06-3.edf"", ""PN06-5.edf""]}, {""validation_file"": ""PN06-2.edf"", ""train_files"": [""PN06-1.edf"", ""PN06-3.edf"", ""PN06-5.edf""]}, {""validation_file"": ""PN06-3.edf"", ""train_files"": [""PN06-1.edf"", ""PN06-2.edf"", ""PN06-5.edf""]}, {""validation_file"": ""PN06-5.edf"", ""train_files"": [""PN06-1.edf"", ""PN06-2.edf"", ""PN06-3.edf""]}]","[""PN06-1.edf"", ""PN06-2.edf"", ""PN06-3.edf"", ""PN06-5.edf""]",PN06,C0_LR,PN06-4.edf,nested
4,3,3,48,0,51,830,36437,240,0,0,36197,0.75,0.75,4.7738762880901735,1,3,3,32,32,36,32,40,0.022930077078210903,65,0.94999999999999996,False,False,"[{""validation_file"": ""PN06-1.edf"", ""train_files"": [""PN06-2.edf"", ""PN06-3.edf"", ""PN06-5.edf""]}, {""validation_file"": ""PN06-2.edf"", ""train_files"": [""PN06-1.edf"", ""PN06-3.edf"", ""PN06-5.edf""]}, {""validation_file"": ""PN06-3.edf"", ""train_files"": [""PN06-1.edf"", ""PN06-2.edf"", ""PN06-5.edf""]}, {""validation_file"": ""PN06-5.edf"", ""train_files"": [""PN06-1.edf"", ""PN06-2.edf"", ""PN06-3.edf""]}]","[""PN06-1.edf"", ""PN06-2.edf"", ""PN06-3.edf"", ""PN06-5.edf""]",PN06,C0_LR,PN06-4.edf,nested
4,0,0,0,0,0,0,36437,240,0,0,36197,0,0,0,4,0,0,,,,,,0,0,1.01,True,True,"[{""validation_file"": ""PN06-1.edf"", ""train_files"": [""PN06-2.edf"", ""PN06-3.edf"", ""PN06-5.edf""]}, {""validation_file"": ""PN06-2.edf"", ""train_files"": [""PN06-1.edf"", ""PN06-3.edf"", ""PN06-5.edf""]}, {""validation_file"": ""PN06-3.edf"", ""train_files"": [""PN06-1.edf"", ""PN06-2.edf"", ""PN06-5.edf""]}, {""validation_file"": ""PN06-5.edf"", ""train_files"": [""PN06-1.edf"", ""PN06-2.edf"", ""PN06-3.edf""]}]","[""PN06-1.edf"", ""PN06-2.edf"", ""PN06-3.edf"", ""PN06-5.edf""]",PN06,C0_LR,PN06-4.edf,nested
4,2,4,343,0,345,17755,37440,240,0,0,37200,0.5,1,33.193548387096776,2,2,2,16.5,16.25,16.75,16,17,0.47728494623655915,1935,0.050000000000000003,False,False,"[{""validation_file"": ""PN06-1.edf"", ""train_files"": [""PN06-2.edf"", ""PN06-3.edf"", ""PN06-4.edf""]}, {""validation_file"": ""PN06-2.edf"", ""train_files"": [""PN06-1.edf"", ""PN06-3.edf"", ""PN06-4.edf""]}, {""validation_file"": ""PN06-3.edf"", ""train_files"": [""PN06-1.edf"", ""PN06-2.edf"", ""PN06-4.edf""]}, {""validation_file"": ""PN06-4.edf"", ""train_files"": [""PN06-1.edf"", ""PN06-2.edf"", ""PN06-3.edf""]}]","[""PN06-1.edf"", ""PN06-2.edf"", ""PN06-3.edf"", ""PN06-4.edf""]",PN06,C0_LR,PN06-5.edf,nested
4,2,4,366,0,368,13960,37440,240,0,0,37200,0.5,1,35.41935483870968,2,2,2,19,18,20,17,21,0.37526881720430105,945,0.10000000000000001,False,False,"[{""validation_file"": ""PN06-1.edf"", ""train_files"": [""PN06-2.edf"", ""PN06-3.edf"", ""PN06-4.edf""]}, {""validation_file"": ""PN06-2.edf"", ""train_files"": [""PN06-1.edf"", ""PN06-3.edf"", ""PN06-4.edf""]}, {""validation_file"": ""PN06-3.edf"", ""train_files"": [""PN06-1.edf"", ""PN06-2.edf"", ""PN06-4.edf""]}, {""validation_file"": ""PN06-4.edf"", ""train_files"": [""PN06-1.edf"", ""PN06-2.edf"", ""PN06-3.edf""]}]","[""PN06-1.edf"", ""PN06-2.edf"", ""PN06-3.edf"", ""PN06-4.edf""]",PN06,C0_LR,PN06-5.edf,nested
4,3,4,366,0,369,11480,37440,240,0,0,37200,0.75,1,35.41935483870968,1,3,3,17,8.5,19,0,21,0.3086021505376344,820,0.14999999999999999,False,False,"[{""validation_file"": ""PN06-1.edf"", ""train_files"": [""PN06-2.edf"", ""PN06-3.edf"", ""PN06-4.edf""]}, {""validation_file"": ""PN06-2.edf"", ""train_files"": [""PN06-1.edf"", ""PN06-3.edf"", ""PN06-4.edf""]}, {""validation_file"": ""PN06-3.edf"", ""train_files"": [""PN06-1.edf"", ""PN06-2.edf"", ""PN06-4.edf""]}, {""validation_file"": ""PN06-4.edf"", ""train_files"": [""PN06-1.edf"", ""PN06-2.edf"", ""PN06-3.edf""]}]","[""PN06-1.edf"", ""PN06-2.edf"", ""PN06-3.edf"", ""PN06-4.edf""]",PN06,C0_LR,PN06-5.edf,nested
4,3,4,337,2,340,9455,37440,240,0,0,37200,0.75,1,32.612903225806448,1,3,3,21,10.5,24,0,27,0.25416666666666665,645,0.20000000000000001,False,False,"[{""validation_file"": ""PN06-1.edf"", ""train_files"": [""PN06-2.edf"", ""PN06-3.edf"", ""PN06-4.edf""]}, {""validation_file"": ""PN06-2.edf"", ""train_files"": [""PN06-1.edf"", ""PN06-3.edf"", ""PN06-4.edf""]}, {""validation_file"": ""PN06-3.edf"", ""train_files"": [""PN06-1.edf"", ""PN06-2.edf"", ""PN06-4.edf""]}, {""validation_file"": ""PN06-4.edf"", ""train_files"": [""PN06-1.edf"", ""PN06-2.edf"", ""PN06-3.edf""]}]","[""PN06-1.edf"", ""PN06-2.edf"", ""PN06-3.edf"", ""PN06-4.edf""]",PN06,C0_LR,PN06-5.edf,nested
4,3,4,291,2,294,7975,37440,240,0,0,37200,0.75,1,28.161290322580644,1,3,3,21,10.5,24,0,27,0.21438172043010753,560,0.25,False,False,"[{""validation_file"": ""PN06-1.edf"", ""train_files"": [""PN06-2.edf"", ""PN06-3.edf"", ""PN06-4.edf""]}, {""validation_file"": ""PN06-2.edf"", ""train_files"": [""PN06-1.edf"", ""PN06-3.edf"", ""PN06-4.edf""]}, {""validation_file"": ""PN06-3.edf"", ""train_files"": [""PN06-1.edf"", ""PN06-2.edf"", ""PN06-4.edf""]}, {""validation_file"": ""PN06-4.edf"", ""train_files"": [""PN06-1.edf"", ""PN06-2.edf"", ""PN06-3.edf""]}]","[""PN06-1.edf"", ""PN06-2.edf"", ""PN06-3.edf"", ""PN06-4.edf""]",PN06,C0_LR,PN06-5.edf,nested
4,3,4,262,2,265,6940,37440,240,0,0,37200,0.75,1,25.35483870967742,1,3,3,21,10.5,24,0,27,0.18655913978494623,395,0.29999999999999999,False,False,"[{""validation_file"": ""PN06-1.edf"", ""train_files"": [""PN06-2.edf"", ""PN06-3.edf"", ""PN06-4.edf""]}, {""validation_file"": ""PN06-2.edf"", ""train_files"": [""PN06-1.edf"", ""PN06-3.edf"", ""PN06-4.edf""]}, {""validation_file"": ""PN06-3.edf"", ""train_files"": [""PN06-1.edf"", ""PN06-2.edf"", ""PN06-4.edf""]}, {""validation_file"": ""PN06-4.edf"", ""train_files"": [""PN06-1.edf"", ""PN06-2.edf"", ""PN06-3.edf""]}]","[""PN06-1.edf"", ""PN06-2.edf"", ""PN06-3.edf"", ""PN06-4.edf""]",PN06,C0_LR,PN06-5.edf,nested
4,3,4,234,2,237,6200,37440,240,0,0,37200,0.75,1,22.64516129032258,1,3,3,21,10.5,26.5,0,32,0.16666666666666666,340,0.34999999999999998,False,False,"[{""validation_file"": ""PN06-1.edf"", ""train_files"": [""PN06-2.edf"", ""PN06-3.edf"", ""PN06-4.edf""]}, {""validation_file"": ""PN06-2.edf"", ""train_files"": [""PN06-1.edf"", ""PN06-3.edf"", ""PN06-4.edf""]}, {""validation_file"": ""PN06-3.edf"", ""train_files"": [""PN06-1.edf"", ""PN06-2.edf"", ""PN06-4.edf""]}, {""validation_file"": ""PN06-4.edf"", ""train_files"": [""PN06-1.edf"", ""PN06-2.edf"", ""PN06-3.edf""]}]","[""PN06-1.edf"", ""PN06-2.edf"", ""PN06-3.edf"", ""PN06-4.edf""]",PN06,C0_LR,PN06-5.edf,nested
4,3,4,208,2,211,5455,37440,240,0,0,37200,0.75,1,20.129032258064516,1,3,3,21,10.5,26.5,0,32,0.14663978494623656,340,0.40000000000000002,False,False,"[{""validation_file"": ""PN06-1.edf"", ""train_files"": [""PN06-2.edf"", ""PN06-3.edf"", ""PN06-4.edf""]}, {""validation_file"": ""PN06-2.edf"", ""train_files"": [""PN06-1.edf"", ""PN06-3.edf"", ""PN06-4.edf""]}, {""validation_file"": ""PN06-3.edf"", ""train_files"": [""PN06-1.edf"", ""PN06-2.edf"", ""PN06-4.edf""]}, {""validation_file"": ""PN06-4.edf"", ""train_files"": [""PN06-1.edf"", ""PN06-2.edf"", ""PN06-3.edf""]}]","[""PN06-1.edf"", ""PN06-2.edf"", ""PN06-3.edf"", ""PN06-4.edf""]",PN06,C0_LR,PN06-5.edf,nested
4,3,4,179,1,182,4870,37440,240,0,0,37200,0.75,1,17.322580645161292,1,3,3,30,25.5,31,21,32,0.13091397849462366,340,0.45000000000000001,False,False,"[{""validation_file"": ""PN06-1.edf"", ""train_files"": [""PN06-2.edf"", ""PN06-3.edf"", ""PN06-4.edf""]}, {""validation_file"": ""PN06-2.edf"", ""train_files"": [""PN06-1.edf"", ""PN06-3.edf"", ""PN06-4.edf""]}, {""validation_file"": ""PN06-3.edf"", ""train_files"": [""PN06-1.edf"", ""PN06-2.edf"", ""PN06-4.edf""]}, {""validation_file"": ""PN06-4.edf"", ""train_files"": [""PN06-1.edf"", ""PN06-2.edf"", ""PN06-3.edf""]}]","[""PN06-1.edf"", ""PN06-2.edf"", ""PN06-3.edf"", ""PN06-4.edf""]",PN06,C0_LR,PN06-5.edf,nested
4,3,4,157,1,160,4375,37440,240,0,0,37200,0.75,1,15.193548387096774,1,3,3,30,28,31,26,32,0.11760752688172044,340,0.5,False,False,"[{""validation_file"": ""PN06-1.edf"", ""train_files"": [""PN06-2.edf"", ""PN06-3.edf"", ""PN06-4.edf""]}, {""validation_file"": ""PN06-2.edf"", ""train_files"": [""PN06-1.edf"", ""PN06-3.edf"", ""PN06-4.edf""]}, {""validation_file"": ""PN06-3.edf"", ""train_files"": [""PN06-1.edf"", ""PN06-2.edf"", ""PN06-4.edf""]}, {""validation_file"": ""PN06-4.edf"", ""train_files"": [""PN06-1.edf"", ""PN06-2.edf"", ""PN06-3.edf""]}]","[""PN06-1.edf"", ""PN06-2.edf"", ""PN06-3.edf"", ""PN06-4.edf""]",PN06,C0_LR,PN06-5.edf,nested
4,3,4,152,1,155,3980,37440,240,0,0,37200,0.75,1,14.709677419354838,1,3,3,30,28,31,26,32,0.10698924731182796,335,0.55000000000000004,False,False,"[{""validation_file"": ""PN06-1.edf"", ""train_files"": [""PN06-2.edf"", ""PN06-3.edf"", ""PN06-4.edf""]}, {""validation_file"": ""PN06-2.edf"", ""train_files"": [""PN06-1.edf"", ""PN06-3.edf"", ""PN06-4.edf""]}, {""validation_file"": ""PN06-3.edf"", ""train_files"": [""PN06-1.edf"", ""PN06-2.edf"", ""PN06-4.edf""]}, {""validation_file"": ""PN06-4.edf"", ""train_files"": [""PN06-1.edf"", ""PN06-2.edf"", ""PN06-3.edf""]}]","[""PN06-1.edf"", ""PN06-2.edf"", ""PN06-3.edf"", ""PN06-4.edf""]",PN06,C0_LR,PN06-5.edf,nested
4,3,4,139,1,142,3530,37440,240,0,0,37200,0.75,1,13.451612903225806,1,3,3,30,28,31,26,32,0.094892473118279572,200,0.59999999999999998,False,False,"[{""validation_file"": ""PN06-1.edf"", ""train_files"": [""PN06-2.edf"", ""PN06-3.edf"", ""PN06-4.edf""]}, {""validation_file"": ""PN06-2.edf"", ""train_files"": [""PN06-1.edf"", ""PN06-3.edf"", ""PN06-4.edf""]}, {""validation_file"": ""PN06-3.edf"", ""train_files"": [""PN06-1.edf"", ""PN06-2.edf"", ""PN06-4.edf""]}, {""validation_file"": ""PN06-4.edf"", ""train_files"": [""PN06-1.edf"", ""PN06-2.edf"", ""PN06-3.edf""]}]","[""PN06-1.edf"", ""PN06-2.edf"", ""PN06-3.edf"", ""PN06-4.edf""]",PN06,C0_LR,PN06-5.edf,nested
4,4,4,126,1,130,3205,37440,240,0,0,37200,1,1,12.193548387096774,0,4,4,28,19.5,30.5,0,32,0.086155913978494619,200,0.65000000000000002,False,False,"[{""validation_file"": ""PN06-1.edf"", ""train_files"": [""PN06-2.edf"", ""PN06-3.edf"", ""PN06-4.edf""]}, {""validation_file"": ""PN06-2.edf"", ""train_files"": [""PN06-1.edf"", ""PN06-3.edf"", ""PN06-4.edf""]}, {""validation_file"": ""PN06-3.edf"", ""train_files"": [""PN06-1.edf"", ""PN06-2.edf"", ""PN06-4.edf""]}, {""validation_file"": ""PN06-4.edf"", ""train_files"": [""PN06-1.edf"", ""PN06-2.edf"", ""PN06-3.edf""]}]","[""PN06-1.edf"", ""PN06-2.edf"", ""PN06-3.edf"", ""PN06-4.edf""]",PN06,C0_LR,PN06-5.edf,nested
4,4,4,114,1,118,2755,37440,240,0,0,37200,1,1,11.03225806451613,0,4,4,29,19.5,32.75,0,35,0.074059139784946243,195,0.69999999999999996,False,False,"[{""validation_file"": ""PN06-1.edf"", ""train_files"": [""PN06-2.edf"", ""PN06-3.edf"", ""PN06-4.edf""]}, {""validation_file"": ""PN06-2.edf"", ""train_files"": [""PN06-1.edf"", ""PN06-3.edf"", ""PN06-4.edf""]}, {""validation_file"": ""PN06-3.edf"", ""train_files"": [""PN06-1.edf"", ""PN06-2.edf"", ""PN06-4.edf""]}, {""validation_file"": ""PN06-4.edf"", ""train_files"": [""PN06-1.edf"", ""PN06-2.edf"", ""PN06-3.edf""]}]","[""PN06-1.edf"", ""PN06-2.edf"", ""PN06-3.edf"", ""PN06-4.edf""]",PN06,C0_LR,PN06-5.edf,nested
4,4,4,103,1,107,2440,37440,240,0,0,37200,1,1,9.9677419354838701,0,4,4,29,20.75,32.75,5,35,0.065591397849462371,160,0.75,False,False,"[{""validation_file"": ""PN06-1.edf"", ""train_files"": [""PN06-2.edf"", ""PN06-3.edf"", ""PN06-4.edf""]}, {""validation_file"": ""PN06-2.edf"", ""train_files"": [""PN06-1.edf"", ""PN06-3.edf"", ""PN06-4.edf""]}, {""validation_file"": ""PN06-3.edf"", ""train_files"": [""PN06-1.edf"", ""PN06-2.edf"", ""PN06-4.edf""]}, {""validation_file"": ""PN06-4.edf"", ""train_files"": [""PN06-1.edf"", ""PN06-2.edf"", ""PN06-3.edf""]}]","[""PN06-1.edf"", ""PN06-2.edf"", ""PN06-3.edf"", ""PN06-4.edf""]",PN06,C0_LR,PN06-5.edf,nested
4,4,4,88,1,92,2080,37440,240,0,0,37200,1,1,8.5161290322580641,0,4,4,29,20.75,32.75,5,35,0.055913978494623658,160,0.80000000000000004,False,False,"[{""validation_file"": ""PN06-1.edf"", ""train_files"": [""PN06-2.edf"", ""PN06-3.edf"", ""PN06-4.edf""]}, {""validation_file"": ""PN06-2.edf"", ""train_files"": [""PN06-1.edf"", ""PN06-3.edf"", ""PN06-4.edf""]}, {""validation_file"": ""PN06-3.edf"", ""train_files"": [""PN06-1.edf"", ""PN06-2.edf"", ""PN06-4.edf""]}, {""validation_file"": ""PN06-4.edf"", ""train_files"": [""PN06-1.edf"", ""PN06-2.edf"", ""PN06-3.edf""]}]","[""PN06-1.edf"", ""PN06-2.edf"", ""PN06-3.edf"", ""PN06-4.edf""]",PN06,C0_LR,PN06-5.edf,nested
4,4,4,79,0,83,1770,37440,240,0,0,37200,1,1,7.645161290322581,0,4,4,33.5,25.25,36.5,5,41,0.047580645161290319,105,0.84999999999999998,False,False,"[{""validation_file"": ""PN06-1.edf"", ""train_files"": [""PN06-2.edf"", ""PN06-3.edf"", ""PN06-4.edf""]}, {""validation_file"": ""PN06-2.edf"", ""train_files"": [""PN06-1.edf"", ""PN06-3.edf"", ""PN06-4.edf""]}, {""validation_file"": ""PN06-3.edf"", ""train_files"": [""PN06-1.edf"", ""PN06-2.edf"", ""PN06-4.edf""]}, {""validation_file"": ""PN06-4.edf"", ""train_files"": [""PN06-1.edf"", ""PN06-2.edf"", ""PN06-3.edf""]}]","[""PN06-1.edf"", ""PN06-2.edf"", ""PN06-3.edf"", ""PN06-4.edf""]",PN06,C0_LR,PN06-5.edf,nested
4,4,4,60,0,64,1420,37440,240,0,0,37200,1,1,5.806451612903226,0,4,4,36,27.5,38,5,41,0.038172043010752686,105,0.90000000000000002,False,False,"[{""validation_file"": ""PN06-1.edf"", ""train_files"": [""PN06-2.edf"", ""PN06-3.edf"", ""PN06-4.edf""]}, {""validation_file"": ""PN06-2.edf"", ""train_files"": [""PN06-1.edf"", ""PN06-3.edf"", ""PN06-4.edf""]}, {""validation_file"": ""PN06-3.edf"", ""train_files"": [""PN06-1.edf"", ""PN06-2.edf"", ""PN06-4.edf""]}, {""validation_file"": ""PN06-4.edf"", ""train_files"": [""PN06-1.edf"", ""PN06-2.edf"", ""PN06-3.edf""]}]","[""PN06-1.edf"", ""PN06-2.edf"", ""PN06-3.edf"", ""PN06-4.edf""]",PN06,C0_LR,PN06-5.edf,nested
4,2,2,45,0,47,975,37440,240,0,0,37200,0.5,0.5,4.354838709677419,2,2,2,25.5,17.75,33.25,10,41,0.02620967741935484,95,0.94999999999999996,False,False,"[{""validation_file"": ""PN06-1.edf"", ""train_files"": [""PN06-2.edf"", ""PN06-3.edf"", ""PN06-4.edf""]}, {""validation_file"": ""PN06-2.edf"", ""train_files"": [""PN06-1.edf"", ""PN06-3.edf"", ""PN06-4.edf""]}, {""validation_file"": ""PN06-3.edf"", ""train_files"": [""PN06-1.edf"", ""PN06-2.edf"", ""PN06-4.edf""]}, {""validation_file"": ""PN06-4.edf"", ""train_files"": [""PN06-1.edf"", ""PN06-2.edf"", ""PN06-3.edf""]}]","[""PN06-1.edf"", ""PN06-2.edf"", ""PN06-3.edf"", ""PN06-4.edf""]",PN06,C0_LR,PN06-5.edf,nested
4,0,0,0,0,0,0,37440,240,0,0,37200,0,0,0,4,0,0,,,,,,0,0,1.01,True,True,"[{""validation_file"": ""PN06-1.edf"", ""train_files"": [""PN06-2.edf"", ""PN06-3.edf"", ""PN06-4.edf""]}, {""validation_file"": ""PN06-2.edf"", ""train_files"": [""PN06-1.edf"", ""PN06-3.edf"", ""PN06-4.edf""]}, {""validation_file"": ""PN06-3.edf"", ""train_files"": [""PN06-1.edf"", ""PN06-2.edf"", ""PN06-4.edf""]}, {""validation_file"": ""PN06-4.edf"", ""train_files"": [""PN06-1.edf"", ""PN06-2.edf"", ""PN06-3.edf""]}]","[""PN06-1.edf"", ""PN06-2.edf"", ""PN06-3.edf"", ""PN06-4.edf""]",PN06,C0_LR,PN06-5.edf,nested
4,4,4,226,0,230,8525,33847,240,0,0,33607,1,1,24.209242122176928,0,4,4,20.5,15.75,25.5,15,27,0.25366739072217098,260,0.050000000000000003,False,False,"[{""validation_file"": ""PN06-2.edf"", ""train_files"": [""PN06-3.edf"", ""PN06-4.edf"", ""PN06-5.edf""]}, {""validation_file"": ""PN06-3.edf"", ""train_files"": [""PN06-2.edf"", ""PN06-4.edf"", ""PN06-5.edf""]}, {""validation_file"": ""PN06-4.edf"", ""train_files"": [""PN06-2.edf"", ""PN06-3.edf"", ""PN06-5.edf""]}, {""validation_file"": ""PN06-5.edf"", ""train_files"": [""PN06-2.edf"", ""PN06-3.edf"", ""PN06-4.edf""]}]","[""PN06-2.edf"", ""PN06-3.edf"", ""PN06-4.edf"", ""PN06-5.edf""]",PN06,C1_RF,PN06-1.edf,nested
4,4,4,179,0,183,5555,33847,240,0,0,33607,1,1,19.174576725087036,0,4,4,23,20.75,25.5,20,27,0.16529294492218882,185,0.10000000000000001,False,False,"[{""validation_file"": ""PN06-2.edf"", ""train_files"": [""PN06-3.edf"", ""PN06-4.edf"", ""PN06-5.edf""]}, {""validation_file"": ""PN06-3.edf"", ""train_files"": [""PN06-2.edf"", ""PN06-4.edf"", ""PN06-5.edf""]}, {""validation_file"": ""PN06-4.edf"", ""train_files"": [""PN06-2.edf"", ""PN06-3.edf"", ""PN06-5.edf""]}, {""validation_file"": ""PN06-5.edf"", ""train_files"": [""PN06-2.edf"", ""PN06-3.edf"", ""PN06-4.edf""]}]","[""PN06-2.edf"", ""PN06-3.edf"", ""PN06-4.edf"", ""PN06-5.edf""]",PN06,C1_RF,PN06-1.edf,nested
4,4,4,149,0,153,4135,33847,240,0,0,33607,1,1,15.960960514178593,0,4,4,23,20.75,25.5,20,27,0.12303984288987413,95,0.14999999999999999,False,False,"[{""validation_file"": ""PN06-2.edf"", ""train_files"": [""PN06-3.edf"", ""PN06-4.edf"", ""PN06-5.edf""]}, {""validation_file"": ""PN06-3.edf"", ""train_files"": [""PN06-2.edf"", ""PN06-4.edf"", ""PN06-5.edf""]}, {""validation_file"": ""PN06-4.edf"", ""train_files"": [""PN06-2.edf"", ""PN06-3.edf"", ""PN06-5.edf""]}, {""validation_file"": ""PN06-5.edf"", ""train_files"": [""PN06-2.edf"", ""PN06-3.edf"", ""PN06-4.edf""]}]","[""PN06-2.edf"", ""PN06-3.edf"", ""PN06-4.edf"", ""PN06-5.edf""]",PN06,C1_RF,PN06-1.edf,nested
4,4,4,119,0,123,3105,33847,240,0,0,33607,1,1,12.747344303270152,0,4,4,23,20.75,25.5,20,27,0.0923914660636177,95,0.20000000000000001,False,False,"[{""validation_file"": ""PN06-2.edf"", ""train_files"": [""PN06-3.edf"", ""PN06-4.edf"", ""PN06-5.edf""]}, {""validation_file"": ""PN06-3.edf"", ""train_files"": [""PN06-2.edf"", ""PN06-4.edf"", ""PN06-5.edf""]}, {""validation_file"": ""PN06-4.edf"", ""train_files"": [""PN06-2.edf"", ""PN06-3.edf"", ""PN06-5.edf""]}, {""validation_file"": ""PN06-5.edf"", ""train_files"": [""PN06-2.edf"", ""PN06-3.edf"", ""PN06-4.edf""]}]","[""PN06-2.edf"", ""PN06-3.edf"", ""PN06-4.edf"", ""PN06-5.edf""]",PN06,C1_RF,PN06-1.edf,nested
4,3,3,102,0,105,2520,33847,240,0,0,33607,0.75,0.75,10.926295117088701,1,3,3,21,20.5,23,20,25,0.074984378254530304,95,0.25,False,False,"[{""validation_file"": ""PN06-2.edf"", ""train_files"": [""PN06-3.edf"", ""PN06-4.edf"", ""PN06-5.edf""]}, {""validation_file"": ""PN06-3.edf"", ""train_files"": [""PN06-2.edf"", ""PN06-4.edf"", ""PN06-5.edf""]}, {""validation_file"": ""PN06-4.edf"", ""train_files"": [""PN06-2.edf"", ""PN06-3.edf"", ""PN06-5.edf""]}, {""validation_file"": ""PN06-5.edf"", ""train_files"": [""PN06-2.edf"", ""PN06-3.edf"", ""PN06-4.edf""]}]","[""PN06-2.edf"", ""PN06-3.edf"", ""PN06-4.edf"", ""PN06-5.edf""]",PN06,C1_RF,PN06-1.edf,nested
4,3,3,83,0,86,1850,33847,240,0,0,33607,0.75,0.75,8.8910048501800212,1,3,3,25,22.5,25.5,20,26,0.055048055464635343,75,0.29999999999999999,False,False,"[{""validation_file"": ""PN06-2.edf"", ""train_files"": [""PN06-3.edf"", ""PN06-4.edf"", ""PN06-5.edf""]}, {""validation_file"": ""PN06-3.edf"", ""train_files"": [""PN06-2.edf"", ""PN06-4.edf"", ""PN06-5.edf""]}, {""validation_file"": ""PN06-4.edf"", ""train_files"": [""PN06-2.edf"", ""PN06-3.edf"", ""PN06-5.edf""]}, {""validation_file"": ""PN06-5.edf"", ""train_files"": [""PN06-2.edf"", ""PN06-3.edf"", ""PN06-4.edf""]}]","[""PN06-2.edf"", ""PN06-3.edf"", ""PN06-4.edf"", ""PN06-5.edf""]",PN06,C1_RF,PN06-1.edf,nested
4,3,3,67,0,70,1550,33847,240,0,0,33607,0.75,0.75,7.1770762043621863,1,3,3,25,22.5,25.5,20,26,0.046121343767667453,65,0.34999999999999998,False,False,"[{""validation_file"": ""PN06-2.edf"", ""train_files"": [""PN06-3.edf"", ""PN06-4.edf"", ""PN06-5.edf""]}, {""validation_file"": ""PN06-3.edf"", ""train_files"": [""PN06-2.edf"", ""PN06-4.edf"", ""PN06-5.edf""]}, {""validation_file"": ""PN06-4.edf"", ""train_files"": [""PN06-2.edf"", ""PN06-3.edf"", ""PN06-5.edf""]}, {""validation_file"": ""PN06-5.edf"", ""train_files"": [""PN06-2.edf"", ""PN06-3.edf"", ""PN06-4.edf""]}]","[""PN06-2.edf"", ""PN06-3.edf"", ""PN06-4.edf"", ""PN06-5.edf""]",PN06,C1_RF,PN06-1.edf,nested
4,2,2,59,1,61,1275,33847,240,0,0,33607,0.5,0.5,6.3201118814532684,2,2,2,23,21.5,24.5,20,26,0.03793852471211355,55,0.40000000000000002,False,False,"[{""validation_file"": ""PN06-2.edf"", ""train_files"": [""PN06-3.edf"", ""PN06-4.edf"", ""PN06-5.edf""]}, {""validation_file"": ""PN06-3.edf"", ""train_files"": [""PN06-2.edf"", ""PN06-4.edf"", ""PN06-5.edf""]}, {""validation_file"": ""PN06-4.edf"", ""train_files"": [""PN06-2.edf"", ""PN06-3.edf"", ""PN06-5.edf""]}, {""validation_file"": ""PN06-5.edf"", ""train_files"": [""PN06-2.edf"", ""PN06-3.edf"", ""PN06-4.edf""]}]","[""PN06-2.edf"", ""PN06-3.edf"", ""PN06-4.edf"", ""PN06-5.edf""]",PN06,C1_RF,PN06-1.edf,nested
4,2,2,54,1,56,1055,33847,240,0,0,33607,0.5,0.5,5.7845091796351946,2,2,2,23,21.5,24.5,20,26,0.031392269467670424,45,0.45000000000000001,False,False,"[{""validation_file"": ""PN06-2.edf"", ""train_files"": [""PN06-3.edf"", ""PN06-4.edf"", ""PN06-5.edf""]}, {""validation_file"": ""PN06-3.edf"", ""train_files"": [""PN06-2.edf"", ""PN06-4.edf"", ""PN06-5.edf""]}, {""validation_file"": ""PN06-4.edf"", ""train_files"": [""PN06-2.edf"", ""PN06-3.edf"", ""PN06-5.edf""]}, {""validation_file"": ""PN06-5.edf"", ""train_files"": [""PN06-2.edf"", ""PN06-3.edf"", ""PN06-4.edf""]}]","[""PN06-2.edf"", ""PN06-3.edf"", ""PN06-4.edf"", ""PN06-5.edf""]",PN06,C1_RF,PN06-1.edf,nested
4,2,2,42,1,44,800,33847,240,0,0,33607,0.5,0.5,4.4990626952718182,2,2,2,25.5,25.25,25.75,25,26,0.023804564525247717,45,0.5,False,False,"[{""validation_file"": ""PN06-2.edf"", ""train_files"": [""PN06-3.edf"", ""PN06-4.edf"", ""PN06-5.edf""]}, {""validation_file"": ""PN06-3.edf"", ""train_files"": [""PN06-2.edf"", ""PN06-4.edf"", ""PN06-5.edf""]}, {""validation_file"": ""PN06-4.edf"", ""train_files"": [""PN06-2.edf"", ""PN06-3.edf"", ""PN06-5.edf""]}, {""validation_file"": ""PN06-5.edf"", ""train_files"": [""PN06-2.edf"", ""PN06-3.edf"", ""PN06-4.edf""]}]","[""PN06-2.edf"", ""PN06-3.edf"", ""PN06-4.edf"", ""PN06-5.edf""]",PN06,C1_RF,PN06-1.edf,nested
4,2,2,32,1,34,590,33847,240,0,0,33607,0.5,0.5,3.4278572916356711,2,2,2,25.5,25.25,25.75,25,26,0.017555866337370191,40,0.55000000000000004,False,False,"[{""validation_file"": ""PN06-2.edf"", ""train_files"": [""PN06-3.edf"", ""PN06-4.edf"", ""PN06-5.edf""]}, {""validation_file"": ""PN06-3.edf"", ""train_files"": [""PN06-2.edf"", ""PN06-4.edf"", ""PN06-5.edf""]}, {""validation_file"": ""PN06-4.edf"", ""train_files"": [""PN06-2.edf"", ""PN06-3.edf"", ""PN06-5.edf""]}, {""validation_file"": ""PN06-5.edf"", ""train_files"": [""PN06-2.edf"", ""PN06-3.edf"", ""PN06-4.edf""]}]","[""PN06-2.edf"", ""PN06-3.edf"", ""PN06-4.edf"", ""PN06-5.edf""]",PN06,C1_RF,PN06-1.edf,nested
4,2,2,25,1,27,450,33847,240,0,0,33607,0.5,0.5,2.6780135090903681,2,2,2,30.5,28.25,32.75,26,35,0.01339006754545184,35,0.59999999999999998,False,False,"[{""validation_file"": ""PN06-2.edf"", ""train_files"": [""PN06-3.edf"", ""PN06-4.edf"", ""PN06-5.edf""]}, {""validation_file"": ""PN06-3.edf"", ""train_files"": [""PN06-2.edf"", ""PN06-4.edf"", ""PN06-5.edf""]}, {""validation_file"": ""PN06-4.edf"", ""train_files"": [""PN06-2.edf"", ""PN06-3.edf"", ""PN06-5.edf""]}, {""validation_file"": ""PN06-5.edf"", ""train_files"": [""PN06-2.edf"", ""PN06-3.edf"", ""PN06-4.edf""]}]","[""PN06-2.edf"", ""PN06-3.edf"", ""PN06-4.edf"", ""PN06-5.edf""]",PN06,C1_RF,PN06-1.edf,nested
4,2,2,20,1,22,380,33847,240,0,0,33607,0.5,0.5,2.1424108072722943,2,2,2,30.5,28.25,32.75,26,35,0.011307168149492666,35,0.65000000000000002,False,False,"[{""validation_file"": ""PN06-2.edf"", ""train_files"": [""PN06-3.edf"", ""PN06-4.edf"", ""PN06-5.edf""]}, {""validation_file"": ""PN06-3.edf"", ""train_files"": [""PN06-2.edf"", ""PN06-4.edf"", ""PN06-5.edf""]}, {""validation_file"": ""PN06-4.edf"", ""train_files"": [""PN06-2.edf"", ""PN06-3.edf"", ""PN06-5.edf""]}, {""validation_file"": ""PN06-5.edf"", ""train_files"": [""PN06-2.edf"", ""PN06-3.edf"", ""PN06-4.edf""]}]","[""PN06-2.edf"", ""PN06-3.edf"", ""PN06-4.edf"", ""PN06-5.edf""]",PN06,C1_RF,PN06-1.edf,nested
4,2,2,16,1,18,325,33847,240,0,0,33607,0.5,0.5,1.7139286458178355,2,2,2,30.5,28.25,32.75,26,35,0.0096706043383818843,35,0.69999999999999996,False,False,"[{""validation_file"": ""PN06-2.edf"", ""train_files"": [""PN06-3.edf"", ""PN06-4.edf"", ""PN06-5.edf""]}, {""validation_file"": ""PN06-3.edf"", ""train_files"": [""PN06-2.edf"", ""PN06-4.edf"", ""PN06-5.edf""]}, {""validation_file"": ""PN06-4.edf"", ""train_files"": [""PN06-2.edf"", ""PN06-3.edf"", ""PN06-5.edf""]}, {""validation_file"": ""PN06-5.edf"", ""train_files"": [""PN06-2.edf"", ""PN06-3.edf"", ""PN06-4.edf""]}]","[""PN06-2.edf"", ""PN06-3.edf"", ""PN06-4.edf"", ""PN06-5.edf""]",PN06,C1_RF,PN06-1.edf,nested
4,2,2,14,1,16,280,33847,240,0,0,33607,0.5,0.5,1.4996875650906061,2,2,2,30.5,28.25,32.75,26,35,0.0083315975838367008,30,0.75,False,False,"[{""validation_file"": ""PN06-2.edf"", ""train_files"": [""PN06-3.edf"", ""PN06-4.edf"", ""PN06-5.edf""]}, {""validation_file"": ""PN06-3.edf"", ""train_files"": [""PN06-2.edf"", ""PN06-4.edf"", ""PN06-5.edf""]}, {""validation_file"": ""PN06-4.edf"", ""train_files"": [""PN06-2.edf"", ""PN06-3.edf"", ""PN06-5.edf""]}, {""validation_file"": ""PN06-5.edf"", ""train_files"": [""PN06-2.edf"", ""PN06-3.edf"", ""PN06-4.edf""]}]","[""PN06-2.edf"", ""PN06-3.edf"", ""PN06-4.edf"", ""PN06-5.edf""]",PN06,C1_RF,PN06-1.edf,nested
4,2,2,10,1,12,230,33847,240,0,0,33607,0.5,0.5,1.0712054036361471,2,2,2,30.5,28.25,32.75,26,35,0.0068438123010087183,30,0.80000000000000004,False,False,"[{""validation_file"": ""PN06-2.edf"", ""train_files"": [""PN06-3.edf"", ""PN06-4.edf"", ""PN06-5.edf""]}, {""validation_file"": ""PN06-3.edf"", ""train_files"": [""PN06-2.edf"", ""PN06-4.edf"", ""PN06-5.edf""]}, {""validation_file"": ""PN06-4.edf"", ""train_files"": [""PN06-2.edf"", ""PN06-3.edf"", ""PN06-5.edf""]}, {""validation_file"": ""PN06-5.edf"", ""train_files"": [""PN06-2.edf"", ""PN06-3.edf"", ""PN06-4.edf""]}]","[""PN06-2.edf"", ""PN06-3.edf"", ""PN06-4.edf"", ""PN06-5.edf""]",PN06,C1_RF,PN06-1.edf,nested
4,2,2,8,0,10,190,33847,240,0,0,33607,0.5,0.5,0.85696432290891777,2,2,2,38,36.5,39.5,35,41,0.0056535840747463329,30,0.84999999999999998,True,True,"[{""validation_file"": ""PN06-2.edf"", ""train_files"": [""PN06-3.edf"", ""PN06-4.edf"", ""PN06-5.edf""]}, {""validation_file"": ""PN06-3.edf"", ""train_files"": [""PN06-2.edf"", ""PN06-4.edf"", ""PN06-5.edf""]}, {""validation_file"": ""PN06-4.edf"", ""train_files"": [""PN06-2.edf"", ""PN06-3.edf"", ""PN06-5.edf""]}, {""validation_file"": ""PN06-5.edf"", ""train_files"": [""PN06-2.edf"", ""PN06-3.edf"", ""PN06-4.edf""]}]","[""PN06-2.edf"", ""PN06-3.edf"", ""PN06-4.edf"", ""PN06-5.edf""]",PN06,C1_RF,PN06-1.edf,nested
4,1,1,6,0,7,125,33847,240,0,0,33607,0.25,0.25,0.6427232421816883,3,1,1,35,35,35,35,35,0.0037194632070699555,30,0.90000000000000002,True,False,"[{""validation_file"": ""PN06-2.edf"", ""train_files"": [""PN06-3.edf"", ""PN06-4.edf"", ""PN06-5.edf""]}, {""validation_file"": ""PN06-3.edf"", ""train_files"": [""PN06-2.edf"", ""PN06-4.edf"", ""PN06-5.edf""]}, {""validation_file"": ""PN06-4.edf"", ""train_files"": [""PN06-2.edf"", ""PN06-3.edf"", ""PN06-5.edf""]}, {""validation_file"": ""PN06-5.edf"", ""train_files"": [""PN06-2.edf"", ""PN06-3.edf"", ""PN06-4.edf""]}]","[""PN06-2.edf"", ""PN06-3.edf"", ""PN06-4.edf"", ""PN06-5.edf""]",PN06,C1_RF,PN06-1.edf,nested
4,1,1,2,0,3,55,33847,240,0,0,33607,0.25,0.25,0.21424108072722944,3,1,1,35,35,35,35,35,0.0016365638111107805,25,0.94999999999999996,True,False,"[{""validation_file"": ""PN06-2.edf"", ""train_files"": [""PN06-3.edf"", ""PN06-4.edf"", ""PN06-5.edf""]}, {""validation_file"": ""PN06-3.edf"", ""train_files"": [""PN06-2.edf"", ""PN06-4.edf"", ""PN06-5.edf""]}, {""validation_file"": ""PN06-4.edf"", ""train_files"": [""PN06-2.edf"", ""PN06-3.edf"", ""PN06-5.edf""]}, {""validation_file"": ""PN06-5.edf"", ""train_files"": [""PN06-2.edf"", ""PN06-3.edf"", ""PN06-4.edf""]}]","[""PN06-2.edf"", ""PN06-3.edf"", ""PN06-4.edf"", ""PN06-5.edf""]",PN06,C1_RF,PN06-1.edf,nested
4,0,0,0,0,0,0,33847,240,0,0,33607,0,0,0,4,0,0,,,,,,0,0,1.01,True,False,"[{""validation_file"": ""PN06-2.edf"", ""train_files"": [""PN06-3.edf"", ""PN06-4.edf"", ""PN06-5.edf""]}, {""validation_file"": ""PN06-3.edf"", ""train_files"": [""PN06-2.edf"", ""PN06-4.edf"", ""PN06-5.edf""]}, {""validation_file"": ""PN06-4.edf"", ""train_files"": [""PN06-2.edf"", ""PN06-3.edf"", ""PN06-5.edf""]}, {""validation_file"": ""PN06-5.edf"", ""train_files"": [""PN06-2.edf"", ""PN06-3.edf"", ""PN06-4.edf""]}]","[""PN06-2.edf"", ""PN06-3.edf"", ""PN06-4.edf"", ""PN06-5.edf""]",PN06,C1_RF,PN06-1.edf,nested
4,4,4,203,0,207,8420,30842,240,0,0,30602,1,1,23.880792105091171,0,4,4,23.5,19.25,26.75,11,32,0.27514541533233122,500,0.050000000000000003,False,False,"[{""validation_file"": ""PN06-1.edf"", ""train_files"": [""PN06-3.edf"", ""PN06-4.edf"", ""PN06-5.edf""]}, {""validation_file"": ""PN06-3.edf"", ""train_files"": [""PN06-1.edf"", ""PN06-4.edf"", ""PN06-5.edf""]}, {""validation_file"": ""PN06-4.edf"", ""train_files"": [""PN06-1.edf"", ""PN06-3.edf"", ""PN06-5.edf""]}, {""validation_file"": ""PN06-5.edf"", ""train_files"": [""PN06-1.edf"", ""PN06-3.edf"", ""PN06-4.edf""]}]","[""PN06-1.edf"", ""PN06-3.edf"", ""PN06-4.edf"", ""PN06-5.edf""]",PN06,C1_RF,PN06-2.edf,nested
4,4,4,163,0,167,5540,30842,240,0,0,30602,1,1,19.175217306058428,0,4,4,26,21.5,28.25,11,32,0.18103391935167637,260,0.10000000000000001,False,False,"[{""validation_file"": ""PN06-1.edf"", ""train_files"": [""PN06-3.edf"", ""PN06-4.edf"", ""PN06-5.edf""]}, {""validation_file"": ""PN06-3.edf"", ""train_files"": [""PN06-1.edf"", ""PN06-4.edf"", ""PN06-5.edf""]}, {""validation_file"": ""PN06-4.edf"", ""train_files"": [""PN06-1.edf"", ""PN06-3.edf"", ""PN06-5.edf""]}, {""validation_file"": ""PN06-5.edf"", ""train_files"": [""PN06-1.edf"", ""PN06-3.edf"", ""PN06-4.edf""]}]","[""PN06-1.edf"", ""PN06-3.edf"", ""PN06-4.edf"", ""PN06-5.edf""]",PN06,C1_RF,PN06-2.edf,nested
4,4,4,125,0,129,4080,30842,240,0,0,30602,1,1,14.704921246977321,0,4,4,26,22.75,28.25,16,32,0.13332461930592771,260,0.14999999999999999,False,False,"[{""validation_file"": ""PN06-1.edf"", ""train_files"": [""PN06-3.edf"", ""PN06-4.edf"", ""PN06-5.edf""]}, {""validation_file"": ""PN06-3.edf"", ""train_files"": [""PN06-1.edf"", ""PN06-4.edf"", ""PN06-5.edf""]}, {""validation_file"": ""PN06-4.edf"", ""train_files"": [""PN06-1.edf"", ""PN06-3.edf"", ""PN06-5.edf""]}, {""validation_file"": ""PN06-5.edf"", ""train_files"": [""PN06-1.edf"", ""PN06-3.edf"", ""PN06-4.edf""]}]","[""PN06-1.edf"", ""PN06-3.edf"", ""PN06-4.edf"", ""PN06-5.edf""]",PN06,C1_RF,PN06-2.edf,nested
4,4,4,104,0,108,3060,30842,240,0,0,30602,1,1,12.234494477485132,0,4,4,26,24,29.5,21,37,0.099993464479445793,245,0.20000000000000001,False,False,"[{""validation_file"": ""PN06-1.edf"", ""train_files"": [""PN06-3.edf"", ""PN06-4.edf"", ""PN06-5.edf""]}, {""validation_file"": ""PN06-3.edf"", ""train_files"": [""PN06-1.edf"", ""PN06-4.edf"", ""PN06-5.edf""]}, {""validation_file"": ""PN06-4.edf"", ""train_files"": [""PN06-1.edf"", ""PN06-3.edf"", ""PN06-5.edf""]}, {""validation_file"": ""PN06-5.edf"", ""train_files"": [""PN06-1.edf"", ""PN06-3.edf"", ""PN06-4.edf""]}]","[""PN06-1.edf"", ""PN06-3.edf"", ""PN06-4.edf"", ""PN06-5.edf""]",PN06,C1_RF,PN06-2.edf,nested
4,4,4,86,0,90,2485,30842,240,0,0,30602,1,1,10.116985817920398,0,4,4,26,24,29.5,21,37,0.081203842886085884,185,0.25,False,False,"[{""validation_file"": ""PN06-1.edf"", ""train_files"": [""PN06-3.edf"", ""PN06-4.edf"", ""PN06-5.edf""]}, {""validation_file"": ""PN06-3.edf"", ""train_files"": [""PN06-1.edf"", ""PN06-4.edf"", ""PN06-5.edf""]}, {""validation_file"": ""PN06-4.edf"", ""train_files"": [""PN06-1.edf"", ""PN06-3.edf"", ""PN06-5.edf""]}, {""validation_file"": ""PN06-5.edf"", ""train_files"": [""PN06-1.edf"", ""PN06-3.edf"", ""PN06-4.edf""]}]","[""PN06-1.edf"", ""PN06-3.edf"", ""PN06-4.edf"", ""PN06-5.edf""]",PN06,C1_RF,PN06-2.edf,nested
4,3,3,80,1,83,2000,30842,240,0,0,30602,0.75,0.75,9.4111495980654851,1,3,3,25,23,26,21,27,0.065355205542121431,90,0.29999999999999999,False,False,"[{""validation_file"": ""PN06-1.edf"", ""train_files"": [""PN06-3.edf"", ""PN06-4.edf"", ""PN06-5.edf""]}, {""validation_file"": ""PN06-3.edf"", ""train_files"": [""PN06-1.edf"", ""PN06-4.edf"", ""PN06-5.edf""]}, {""validation_file"": ""PN06-4.edf"", ""train_files"": [""PN06-1.edf"", ""PN06-3.edf"", ""PN06-5.edf""]}, {""validation_file"": ""PN06-5.edf"", ""train_files"": [""PN06-1.edf"", ""PN06-3.edf"", ""PN06-4.edf""]}]","[""PN06-1.edf"", ""PN06-3.edf"", ""PN06-4.edf"", ""PN06-5.edf""]",PN06,C1_RF,PN06-2.edf,nested
4,3,3,68,1,71,1630,30842,240,0,0,30602,0.75,0.75,7.9994771583556634,1,3,3,25,23,26,21,27,0.053264492516828965,85,0.34999999999999998,False,False,"[{""validation_file"": ""PN06-1.edf"", ""train_files"": [""PN06-3.edf"", ""PN06-4.edf"", ""PN06-5.edf""]}, {""validation_file"": ""PN06-3.edf"", ""train_files"": [""PN06-1.edf"", ""PN06-4.edf"", ""PN06-5.edf""]}, {""validation_file"": ""PN06-4.edf"", ""train_files"": [""PN06-1.edf"", ""PN06-3.edf"", ""PN06-5.edf""]}, {""validation_file"": ""PN06-5.edf"", ""train_files"": [""PN06-1.edf"", ""PN06-3.edf"", ""PN06-4.edf""]}]","[""PN06-1.edf"", ""PN06-3.edf"", ""PN06-4.edf"", ""PN06-5.edf""]",PN06,C1_RF,PN06-2.edf,nested
4,3,3,56,1,59,1310,30842,240,0,0,30602,0.75,0.75,6.5878047186458399,1,3,3,25,23,26,21,27,0.042807659630089534,85,0.40000000000000002,False,False,"[{""validation_file"": ""PN06-1.edf"", ""train_files"": [""PN06-3.edf"", ""PN06-4.edf"", ""PN06-5.edf""]}, {""validation_file"": ""PN06-3.edf"", ""train_files"": [""PN06-1.edf"", ""PN06-4.edf"", ""PN06-5.edf""]}, {""validation_file"": ""PN06-4.edf"", ""train_files"": [""PN06-1.edf"", ""PN06-3.edf"", ""PN06-5.edf""]}, {""validation_file"": ""PN06-5.edf"", ""train_files"": [""PN06-1.edf"", ""PN06-3.edf"", ""PN06-4.edf""]}]","[""PN06-1.edf"", ""PN06-3.edf"", ""PN06-4.edf"", ""PN06-5.edf""]",PN06,C1_RF,PN06-2.edf,nested
4,3,3,52,1,55,1145,30842,240,0,0,30602,0.75,0.75,6.117247238742566,1,3,3,25,23,26,21,27,0.037415855172864519,85,0.45000000000000001,False,False,"[{""validation_file"": ""PN06-1.edf"", ""train_files"": [""PN06-3.edf"", ""PN06-4.edf"", ""PN06-5.edf""]}, {""validation_file"": ""PN06-3.edf"", ""train_files"": [""PN06-1.edf"", ""PN06-4.edf"", ""PN06-5.edf""]}, {""validation_file"": ""PN06-4.edf"", ""train_files"": [""PN06-1.edf"", ""PN06-3.edf"", ""PN06-5.edf""]}, {""validation_file"": ""PN06-5.edf"", ""train_files"": [""PN06-1.edf"", ""PN06-3.edf"", ""PN06-4.edf""]}]","[""PN06-1.edf"", ""PN06-3.edf"", ""PN06-4.edf"", ""PN06-5.edf""]",PN06,C1_RF,PN06-2.edf,nested
4,3,3,47,1,50,1005,30842,240,0,0,30602,0.75,0.75,5.5290503888634728,1,3,3,25,23,26,21,27,0.032840990784916022,65,0.5,False,False,"[{""validation_file"": ""PN06-1.edf"", ""train_files"": [""PN06-3.edf"", ""PN06-4.edf"", ""PN06-5.edf""]}, {""validation_file"": ""PN06-3.edf"", ""train_files"": [""PN06-1.edf"", ""PN06-4.edf"", ""PN06-5.edf""]}, {""validation_file"": ""PN06-4.edf"", ""train_files"": [""PN06-1.edf"", ""PN06-3.edf"", ""PN06-5.edf""]}, {""validation_file"": ""PN06-5.edf"", ""train_files"": [""PN06-1.edf"", ""PN06-3.edf"", ""PN06-4.edf""]}]","[""PN06-1.edf"", ""PN06-3.edf"", ""PN06-4.edf"", ""PN06-5.edf""]",PN06,C1_RF,PN06-2.edf,nested
4,3,3,41,1,44,905,30842,240,0,0,30602,0.75,0.75,4.8232141690085619,1,3,3,25,23,26,21,27,0.029573230507809946,65,0.55000000000000004,False,False,"[{""validation_file"": ""PN06-1.edf"", ""train_files"": [""PN06-3.edf"", ""PN06-4.edf"", ""PN06-5.edf""]}, {""validation_file"": ""PN06-3.edf"", ""train_files"": [""PN06-1.edf"", ""PN06-4.edf"", ""PN06-5.edf""]}, {""validation_file"": ""PN06-4.edf"", ""train_files"": [""PN06-1.edf"", ""PN06-3.edf"", ""PN06-5.edf""]}, {""validation_file"": ""PN06-5.edf"", ""train_files"": [""PN06-1.edf"", ""PN06-3.edf"", ""PN06-4.edf""]}]","[""PN06-1.edf"", ""PN06-3.edf"", ""PN06-4.edf"", ""PN06-5.edf""]",PN06,C1_RF,PN06-2.edf,nested
4,3,3,33,1,36,765,30842,240,0,0,30602,0.75,0.75,3.8820992092020128,1,3,3,25,23,26,21,27,0.024998366119861448,65,0.59999999999999998,False,False,"[{""validation_file"": ""PN06-1.edf"", ""train_files"": [""PN06-3.edf"", ""PN06-4.edf"", ""PN06-5.edf""]}, {""validation_file"": ""PN06-3.edf"", ""train_files"": [""PN06-1.edf"", ""PN06-4.edf"", ""PN06-5.edf""]}, {""validation_file"": ""PN06-4.edf"", ""train_files"": [""PN06-1.edf"", ""PN06-3.edf"", ""PN06-5.edf""]}, {""validation_file"": ""PN06-5.edf"", ""train_files"": [""PN06-1.edf"", ""PN06-3.edf"", ""PN06-4.edf""]}]","[""PN06-1.edf"", ""PN06-3.edf"", ""PN06-4.edf"", ""PN06-5.edf""]",PN06,C1_RF,PN06-2.edf,nested
4,3,3,22,1,25,535,30842,240,0,0,30602,0.75,0.75,2.5880661394680087,1,3,3,25,23,26,21,27,0.017482517482517484,60,0.65000000000000002,False,False,"[{""validation_file"": ""PN06-1.edf"", ""train_files"": [""PN06-3.edf"", ""PN06-4.edf"", ""PN06-5.edf""]}, {""validation_file"": ""PN06-3.edf"", ""train_files"": [""PN06-1.edf"", ""PN06-4.edf"", ""PN06-5.edf""]}, {""validation_file"": ""PN06-4.edf"", ""train_files"": [""PN06-1.edf"", ""PN06-3.edf"", ""PN06-5.edf""]}, {""validation_file"": ""PN06-5.edf"", ""train_files"": [""PN06-1.edf"", ""PN06-3.edf"", ""PN06-4.edf""]}]","[""PN06-1.edf"", ""PN06-3.edf"", ""PN06-4.edf"", ""PN06-5.edf""]",PN06,C1_RF,PN06-2.edf,nested
4,3,3,18,1,21,465,30842,240,0,0,30602,0.75,0.75,2.1175086595647343,1,3,3,25,23,28.5,21,32,0.015195085288543233,55,0.69999999999999996,False,False,"[{""validation_file"": ""PN06-1.edf"", ""train_files"": [""PN06-3.edf"", ""PN06-4.edf"", ""PN06-5.edf""]}, {""validation_file"": ""PN06-3.edf"", ""train_files"": [""PN06-1.edf"", ""PN06-4.edf"", ""PN06-5.edf""]}, {""validation_file"": ""PN06-4.edf"", ""train_files"": [""PN06-1.edf"", ""PN06-3.edf"", ""PN06-5.edf""]}, {""validation_file"": ""PN06-5.edf"", ""train_files"": [""PN06-1.edf"", ""PN06-3.edf"", ""PN06-4.edf""]}]","[""PN06-1.edf"", ""PN06-3.edf"", ""PN06-4.edf"", ""PN06-5.edf""]",PN06,C1_RF,PN06-2.edf,nested
4,2,2,16,1,18,365,30842,240,0,0,30602,0.5,0.5,1.8822299196130972,2,2,2,31.5,28.75,34.25,26,37,0.011927325011437161,50,0.75,False,False,"[{""validation_file"": ""PN06-1.edf"", ""train_files"": [""PN06-3.edf"", ""PN06-4.edf"", ""PN06-5.edf""]}, {""validation_file"": ""PN06-3.edf"", ""train_files"": [""PN06-1.edf"", ""PN06-4.edf"", ""PN06-5.edf""]}, {""validation_file"": ""PN06-4.edf"", ""train_files"": [""PN06-1.edf"", ""PN06-3.edf"", ""PN06-5.edf""]}, {""validation_file"": ""PN06-5.edf"", ""train_files"": [""PN06-1.edf"", ""PN06-3.edf"", ""PN06-4.edf""]}]","[""PN06-1.edf"", ""PN06-3.edf"", ""PN06-4.edf"", ""PN06-5.edf""]",PN06,C1_RF,PN06-2.edf,nested
4,1,1,15,1,16,260,30842,240,0,0,30602,0.25,0.25,1.7645905496372787,3,1,1,26,26,26,26,26,0.0084961767204757861,40,0.80000000000000004,False,False,"[{""validation_file"": ""PN06-1.edf"", ""train_files"": [""PN06-3.edf"", ""PN06-4.edf"", ""PN06-5.edf""]}, {""validation_file"": ""PN06-3.edf"", ""train_files"": [""PN06-1.edf"", ""PN06-4.edf"", ""PN06-5.edf""]}, {""validation_file"": ""PN06-4.edf"", ""train_files"": [""PN06-1.edf"", ""PN06-3.edf"", ""PN06-5.edf""]}, {""validation_file"": ""PN06-5.edf"", ""train_files"": [""PN06-1.edf"", ""PN06-3.edf"", ""PN06-4.edf""]}]","[""PN06-1.edf"", ""PN06-3.edf"", ""PN06-4.edf"", ""PN06-5.edf""]",PN06,C1_RF,PN06-2.edf,nested
4,0,0,9,0,9,180,30842,240,0,0,30602,0,0,1.0587543297823672,4,0,0,,,,,,0.0058819684987909283,40,0.84999999999999998,False,False,"[{""validation_file"": ""PN06-1.edf"", ""train_files"": [""PN06-3.edf"", ""PN06-4.edf"", ""PN06-5.edf""]}, {""validation_file"": ""PN06-3.edf"", ""train_files"": [""PN06-1.edf"", ""PN06-4.edf"", ""PN06-5.edf""]}, {""validation_file"": ""PN06-4.edf"", ""train_files"": [""PN06-1.edf"", ""PN06-3.edf"", ""PN06-5.edf""]}, {""validation_file"": ""PN06-5.edf"", ""train_files"": [""PN06-1.edf"", ""PN06-3.edf"", ""PN06-4.edf""]}]","[""PN06-1.edf"", ""PN06-3.edf"", ""PN06-4.edf"", ""PN06-5.edf""]",PN06,C1_RF,PN06-2.edf,nested
4,0,0,6,0,6,125,30842,240,0,0,30602,0,0,0.70583621985491141,4,0,0,,,,,,0.0040847003463825894,30,0.90000000000000002,True,False,"[{""validation_file"": ""PN06-1.edf"", ""train_files"": [""PN06-3.edf"", ""PN06-4.edf"", ""PN06-5.edf""]}, {""validation_file"": ""PN06-3.edf"", ""train_files"": [""PN06-1.edf"", ""PN06-4.edf"", ""PN06-5.edf""]}, {""validation_file"": ""PN06-4.edf"", ""train_files"": [""PN06-1.edf"", ""PN06-3.edf"", ""PN06-5.edf""]}, {""validation_file"": ""PN06-5.edf"", ""train_files"": [""PN06-1.edf"", ""PN06-3.edf"", ""PN06-4.edf""]}]","[""PN06-1.edf"", ""PN06-3.edf"", ""PN06-4.edf"", ""PN06-5.edf""]",PN06,C1_RF,PN06-2.edf,nested
4,0,0,3,0,3,65,30842,240,0,0,30602,0,0,0.3529181099274557,4,0,0,,,,,,0.0021240441801189465,25,0.94999999999999996,True,False,"[{""validation_file"": ""PN06-1.edf"", ""train_files"": [""PN06-3.edf"", ""PN06-4.edf"", ""PN06-5.edf""]}, {""validation_file"": ""PN06-3.edf"", ""train_files"": [""PN06-1.edf"", ""PN06-4.edf"", ""PN06-5.edf""]}, {""validation_file"": ""PN06-4.edf"", ""train_files"": [""PN06-1.edf"", ""PN06-3.edf"", ""PN06-5.edf""]}, {""validation_file"": ""PN06-5.edf"", ""train_files"": [""PN06-1.edf"", ""PN06-3.edf"", ""PN06-4.edf""]}]","[""PN06-1.edf"", ""PN06-3.edf"", ""PN06-4.edf"", ""PN06-5.edf""]",PN06,C1_RF,PN06-2.edf,nested
4,0,0,0,0,0,0,30842,240,0,0,30602,0,0,0,4,0,0,,,,,,0,0,1.01,True,True,"[{""validation_file"": ""PN06-1.edf"", ""train_files"": [""PN06-3.edf"", ""PN06-4.edf"", ""PN06-5.edf""]}, {""validation_file"": ""PN06-3.edf"", ""train_files"": [""PN06-1.edf"", ""PN06-4.edf"", ""PN06-5.edf""]}, {""validation_file"": ""PN06-4.edf"", ""train_files"": [""PN06-1.edf"", ""PN06-3.edf"", ""PN06-5.edf""]}, {""validation_file"": ""PN06-5.edf"", ""train_files"": [""PN06-1.edf"", ""PN06-3.edf"", ""PN06-4.edf""]}]","[""PN06-1.edf"", ""PN06-3.edf"", ""PN06-4.edf"", ""PN06-5.edf""]",PN06,C1_RF,PN06-2.edf,nested
4,4,4,164,0,168,6805,35282,240,0,0,35042,1,1,16.848353404486044,0,4,4,21,19,24.5,16,32,0.19419553678443011,540,0.050000000000000003,False,False,"[{""validation_file"": ""PN06-1.edf"", ""train_files"": [""PN06-2.edf"", ""PN06-4.edf"", ""PN06-5.edf""]}, {""validation_file"": ""PN06-2.edf"", ""train_files"": [""PN06-1.edf"", ""PN06-4.edf"", ""PN06-5.edf""]}, {""validation_file"": ""PN06-4.edf"", ""train_files"": [""PN06-1.edf"", ""PN06-2.edf"", ""PN06-5.edf""]}, {""validation_file"": ""PN06-5.edf"", ""train_files"": [""PN06-1.edf"", ""PN06-2.edf"", ""PN06-4.edf""]}]","[""PN06-1.edf"", ""PN06-2.edf"", ""PN06-4.edf"", ""PN06-5.edf""]",PN06,C1_RF,PN06-3.edf,nested
4,4,4,105,0,109,4585,35282,240,0,0,35042,1,1,10.787055533359968,0,4,4,21,19,24.5,16,32,0.13084298841390332,460,0.10000000000000001,False,False,"[{""validation_file"": ""PN06-1.edf"", ""train_files"": [""PN06-2.edf"", ""PN06-4.edf"", ""PN06-5.edf""]}, {""validation_file"": ""PN06-2.edf"", ""train_files"": [""PN06-1.edf"", ""PN06-4.edf"", ""PN06-5.edf""]}, {""validation_file"": ""PN06-4.edf"", ""train_files"": [""PN06-1.edf"", ""PN06-2.edf"", ""PN06-5.edf""]}, {""validation_file"": ""PN06-5.edf"", ""train_files"": [""PN06-1.edf"", ""PN06-2.edf"", ""PN06-4.edf""]}]","[""PN06-1.edf"", ""PN06-2.edf"", ""PN06-4.edf"", ""PN06-5.edf""]",PN06,C1_RF,PN06-3.edf,nested
4,4,4,85,0,89,3755,35282,240,0,0,35042,1,1,8.73237828891045,0,4,4,26,19,32,16,32,0.10715712573483249,435,0.14999999999999999,False,False,"[{""validation_file"": ""PN06-1.edf"", ""train_files"": [""PN06-2.edf"", ""PN06-4.edf"", ""PN06-5.edf""]}, {""validation_file"": ""PN06-2.edf"", ""train_files"": [""PN06-1.edf"", ""PN06-4.edf"", ""PN06-5.edf""]}, {""validation_file"": ""PN06-4.edf"", ""train_files"": [""PN06-1.edf"", ""PN06-2.edf"", ""PN06-5.edf""]}, {""validation_file"": ""PN06-5.edf"", ""train_files"": [""PN06-1.edf"", ""PN06-2.edf"", ""PN06-4.edf""]}]","[""PN06-1.edf"", ""PN06-2.edf"", ""PN06-4.edf"", ""PN06-5.edf""]",PN06,C1_RF,PN06-3.edf,nested
4,4,4,80,0,84,2620,35282,240,0,0,35042,1,1,8.2187089777980713,0,4,4,31,26.5,33.25,16,37,0.074767421950801896,165,0.20000000000000001,False,False,"[{""validation_file"": ""PN06-1.edf"", ""train_files"": [""PN06-2.edf"", ""PN06-4.edf"", ""PN06-5.edf""]}, {""validation_file"": ""PN06-2.edf"", ""train_files"": [""PN06-1.edf"", ""PN06-4.edf"", ""PN06-5.edf""]}, {""validation_file"": ""PN06-4.edf"", ""train_files"": [""PN06-1.edf"", ""PN06-2.edf"", ""PN06-5.edf""]}, {""validation_file"": ""PN06-5.edf"", ""train_files"": [""PN06-1.edf"", ""PN06-2.edf"", ""PN06-4.edf""]}]","[""PN06-1.edf"", ""PN06-2.edf"", ""PN06-4.edf"", ""PN06-5.edf""]",PN06,C1_RF,PN06-3.edf,nested
4,4,4,67,0,71,2000,35282,240,0,0,35042,1,1,6.8831687689058842,0,4,4,33.5,28,35.5,16,37,0.057074367901375489,95,0.25,False,False,"[{""validation_file"": ""PN06-1.edf"", ""train_files"": [""PN06-2.edf"", ""PN06-4.edf"", ""PN06-5.edf""]}, {""validation_file"": ""PN06-2.edf"", ""train_files"": [""PN06-1.edf"", ""PN06-4.edf"", ""PN06-5.edf""]}, {""validation_file"": ""PN06-4.edf"", ""train_files"": [""PN06-1.edf"", ""PN06-2.edf"", ""PN06-5.edf""]}, {""validation_file"": ""PN06-5.edf"", ""train_files"": [""PN06-1.edf"", ""PN06-2.edf"", ""PN06-4.edf""]}]","[""PN06-1.edf"", ""PN06-2.edf"", ""PN06-4.edf"", ""PN06-5.edf""]",PN06,C1_RF,PN06-3.edf,nested
4,4,4,55,0,59,1545,35282,240,0,0,35042,1,1,5.6503624222361735,0,4,4,33.5,28,35.5,16,37,0.044089949203812567,80,0.29999999999999999,False,False,"[{""validation_file"": ""PN06-1.edf"", ""train_files"": [""PN06-2.edf"", ""PN06-4.edf"", ""PN06-5.edf""]}, {""validation_file"": ""PN06-2.edf"", ""train_files"": [""PN06-1.edf"", ""PN06-4.edf"", ""PN06-5.edf""]}, {""validation_file"": ""PN06-4.edf"", ""train_files"": [""PN06-1.edf"", ""PN06-2.edf"", ""PN06-5.edf""]}, {""validation_file"": ""PN06-5.edf"", ""train_files"": [""PN06-1.edf"", ""PN06-2.edf"", ""PN06-4.edf""]}]","[""PN06-1.edf"", ""PN06-2.edf"", ""PN06-4.edf"", ""PN06-5.edf""]",PN06,C1_RF,PN06-3.edf,nested
4,4,4,50,0,54,1365,35282,240,0,0,35042,1,1,5.1366931111237939,0,4,4,33.5,29.25,35.5,21,37,0.038953256092688772,75,0.34999999999999998,False,False,"[{""validation_file"": ""PN06-1.edf"", ""train_files"": [""PN06-2.edf"", ""PN06-4.edf"", ""PN06-5.edf""]}, {""validation_file"": ""PN06-2.edf"", ""train_files"": [""PN06-1.edf"", ""PN06-4.edf"", ""PN06-5.edf""]}, {""validation_file"": ""PN06-4.edf"", ""train_files"": [""PN06-1.edf"", ""PN06-2.edf"", ""PN06-5.edf""]}, {""validation_file"": ""PN06-5.edf"", ""train_files"": [""PN06-1.edf"", ""PN06-2.edf"", ""PN06-4.edf""]}]","[""PN06-1.edf"", ""PN06-2.edf"", ""PN06-4.edf"", ""PN06-5.edf""]",PN06,C1_RF,PN06-3.edf,nested
4,4,4,42,0,46,1150,35282,240,0,0,35042,1,1,4.3148222133439873,0,4,4,36,31.5,37,21,37,0.032817761543290906,70,0.40000000000000002,False,False,"[{""validation_file"": ""PN06-1.edf"", ""train_files"": [""PN06-2.edf"", ""PN06-4.edf"", ""PN06-5.edf""]}, {""validation_file"": ""PN06-2.edf"", ""train_files"": [""PN06-1.edf"", ""PN06-4.edf"", ""PN06-5.edf""]}, {""validation_file"": ""PN06-4.edf"", ""train_files"": [""PN06-1.edf"", ""PN06-2.edf"", ""PN06-5.edf""]}, {""validation_file"": ""PN06-5.edf"", ""train_files"": [""PN06-1.edf"", ""PN06-2.edf"", ""PN06-4.edf""]}]","[""PN06-1.edf"", ""PN06-2.edf"", ""PN06-4.edf"", ""PN06-5.edf""]",PN06,C1_RF,PN06-3.edf,nested
4,3,3,38,0,41,1040,35282,240,0,0,35042,0.75,0.75,3.9038867644540836,1,3,3,35,28,36,21,37,0.029678671308715255,70,0.45000000000000001,False,False,"[{""validation_file"": ""PN06-1.edf"", ""train_files"": [""PN06-2.edf"", ""PN06-4.edf"", ""PN06-5.edf""]}, {""validation_file"": ""PN06-2.edf"", ""train_files"": [""PN06-1.edf"", ""PN06-4.edf"", ""PN06-5.edf""]}, {""validation_file"": ""PN06-4.edf"", ""train_files"": [""PN06-1.edf"", ""PN06-2.edf"", ""PN06-5.edf""]}, {""validation_file"": ""PN06-5.edf"", ""train_files"": [""PN06-1.edf"", ""PN06-2.edf"", ""PN06-4.edf""]}]","[""PN06-1.edf"", ""PN06-2.edf"", ""PN06-4.edf"", ""PN06-5.edf""]",PN06,C1_RF,PN06-3.edf,nested
4,3,3,33,0,36,930,35282,240,0,0,35042,0.75,0.75,3.3902174533417044,1,3,3,35,28,36,21,37,0.026539581074139604,70,0.5,False,False,"[{""validation_file"": ""PN06-1.edf"", ""train_files"": [""PN06-2.edf"", ""PN06-4.edf"", ""PN06-5.edf""]}, {""validation_file"": ""PN06-2.edf"", ""train_files"": [""PN06-1.edf"", ""PN06-4.edf"", ""PN06-5.edf""]}, {""validation_file"": ""PN06-4.edf"", ""train_files"": [""PN06-1.edf"", ""PN06-2.edf"", ""PN06-5.edf""]}, {""validation_file"": ""PN06-5.edf"", ""train_files"": [""PN06-1.edf"", ""PN06-2.edf"", ""PN06-4.edf""]}]","[""PN06-1.edf"", ""PN06-2.edf"", ""PN06-4.edf"", ""PN06-5.edf""]",PN06,C1_RF,PN06-3.edf,nested
4,3,3,28,1,31,815,35282,240,0,0,35042,0.75,0.75,2.8765481422293249,1,3,3,35,28,36,21,37,0.023257804919810512,70,0.55000000000000004,False,False,"[{""validation_file"": ""PN06-1.edf"", ""train_files"": [""PN06-2.edf"", ""PN06-4.edf"", ""PN06-5.edf""]}, {""validation_file"": ""PN06-2.edf"", ""train_files"": [""PN06-1.edf"", ""PN06-4.edf"", ""PN06-5.edf""]}, {""validation_file"": ""PN06-4.edf"", ""train_files"": [""PN06-1.edf"", ""PN06-2.edf"", ""PN06-5.edf""]}, {""validation_file"": ""PN06-5.edf"", ""train_files"": [""PN06-1.edf"", ""PN06-2.edf"", ""PN06-4.edf""]}]","[""PN06-1.edf"", ""PN06-2.edf"", ""PN06-4.edf"", ""PN06-5.edf""]",PN06,C1_RF,PN06-3.edf,nested
4,3,3,24,1,27,690,35282,240,0,0,35042,0.75,0.75,2.4656126933394211,1,3,3,35,28,36,21,37,0.019690656925974544,70,0.59999999999999998,False,False,"[{""validation_file"": ""PN06-1.edf"", ""train_files"": [""PN06-2.edf"", ""PN06-4.edf"", ""PN06-5.edf""]}, {""validation_file"": ""PN06-2.edf"", ""train_files"": [""PN06-1.edf"", ""PN06-4.edf"", ""PN06-5.edf""]}, {""validation_file"": ""PN06-4.edf"", ""train_files"": [""PN06-1.edf"", ""PN06-2.edf"", ""PN06-5.edf""]}, {""validation_file"": ""PN06-5.edf"", ""train_files"": [""PN06-1.edf"", ""PN06-2.edf"", ""PN06-4.edf""]}]","[""PN06-1.edf"", ""PN06-2.edf"", ""PN06-4.edf"", ""PN06-5.edf""]",PN06,C1_RF,PN06-3.edf,nested
4,3,3,19,1,22,575,35282,240,0,0,35042,0.75,0.75,1.9519433822270418,1,3,3,35,28,38.5,21,42,0.016408880771645453,55,0.65000000000000002,False,False,"[{""validation_file"": ""PN06-1.edf"", ""train_files"": [""PN06-2.edf"", ""PN06-4.edf"", ""PN06-5.edf""]}, {""validation_file"": ""PN06-2.edf"", ""train_files"": [""PN06-1.edf"", ""PN06-4.edf"", ""PN06-5.edf""]}, {""validation_file"": ""PN06-4.edf"", ""train_files"": [""PN06-1.edf"", ""PN06-2.edf"", ""PN06-5.edf""]}, {""validation_file"": ""PN06-5.edf"", ""train_files"": [""PN06-1.edf"", ""PN06-2.edf"", ""PN06-4.edf""]}]","[""PN06-1.edf"", ""PN06-2.edf"", ""PN06-4.edf"", ""PN06-5.edf""]",PN06,C1_RF,PN06-3.edf,nested
4,3,3,18,1,21,550,35282,240,0,0,35042,0.75,0.75,1.849209520004566,1,3,3,35,28,38.5,21,42,0.015695451172878259,55,0.69999999999999996,False,False,"[{""validation_file"": ""PN06-1.edf"", ""train_files"": [""PN06-2.edf"", ""PN06-4.edf"", ""PN06-5.edf""]}, {""validation_file"": ""PN06-2.edf"", ""train_files"": [""PN06-1.edf"", ""PN06-4.edf"", ""PN06-5.edf""]}, {""validation_file"": ""PN06-4.edf"", ""train_files"": [""PN06-1.edf"", ""PN06-2.edf"", ""PN06-5.edf""]}, {""validation_file"": ""PN06-5.edf"", ""train_files"": [""PN06-1.edf"", ""PN06-2.edf"", ""PN06-4.edf""]}]","[""PN06-1.edf"", ""PN06-2.edf"", ""PN06-4.edf"", ""PN06-5.edf""]",PN06,C1_RF,PN06-3.edf,nested
4,2,2,16,1,18,480,35282,240,0,0,35042,0.5,0.5,1.6437417955596141,2,2,2,30.5,28.25,32.75,26,35,0.013697848296330119,55,0.75,False,False,"[{""validation_file"": ""PN06-1.edf"", ""train_files"": [""PN06-2.edf"", ""PN06-4.edf"", ""PN06-5.edf""]}, {""validation_file"": ""PN06-2.edf"", ""train_files"": [""PN06-1.edf"", ""PN06-4.edf"", ""PN06-5.edf""]}, {""validation_file"": ""PN06-4.edf"", ""train_files"": [""PN06-1.edf"", ""PN06-2.edf"", ""PN06-5.edf""]}, {""validation_file"": ""PN06-5.edf"", ""train_files"": [""PN06-1.edf"", ""PN06-2.edf"", ""PN06-4.edf""]}]","[""PN06-1.edf"", ""PN06-2.edf"", ""PN06-4.edf"", ""PN06-5.edf""]",PN06,C1_RF,PN06-3.edf,nested
4,2,2,10,1,12,350,35282,240,0,0,35042,0.5,0.5,1.0273386222247589,2,2,2,30.5,28.25,32.75,26,35,0.0099880143827407106,55,0.80000000000000004,False,False,"[{""validation_file"": ""PN06-1.edf"", ""train_files"": [""PN06-2.edf"", ""PN06-4.edf"", ""PN06-5.edf""]}, {""validation_file"": ""PN06-2.edf"", ""train_files"": [""PN06-1.edf"", ""PN06-4.edf"", ""PN06-5.edf""]}, {""validation_file"": ""PN06-4.edf"", ""train_files"": [""PN06-1.edf"", ""PN06-2.edf"", ""PN06-5.edf""]}, {""validation_file"": ""PN06-5.edf"", ""train_files"": [""PN06-1.edf"", ""PN06-2.edf"", ""PN06-4.edf""]}]","[""PN06-1.edf"", ""PN06-2.edf"", ""PN06-4.edf"", ""PN06-5.edf""]",PN06,C1_RF,PN06-3.edf,nested
4,2,2,7,0,9,290,35282,240,0,0,35042,0.5,0.5,0.71913703555733122,2,2,2,38,36.5,39.5,35,41,0.0082757833456994466,55,0.84999999999999998,True,True,"[{""validation_file"": ""PN06-1.edf"", ""train_files"": [""PN06-2.edf"", ""PN06-4.edf"", ""PN06-5.edf""]}, {""validation_file"": ""PN06-2.edf"", ""train_files"": [""PN06-1.edf"", ""PN06-4.edf"", ""PN06-5.edf""]}, {""validation_file"": ""PN06-4.edf"", ""train_files"": [""PN06-1.edf"", ""PN06-2.edf"", ""PN06-5.edf""]}, {""validation_file"": ""PN06-5.edf"", ""train_files"": [""PN06-1.edf"", ""PN06-2.edf"", ""PN06-4.edf""]}]","[""PN06-1.edf"", ""PN06-2.edf"", ""PN06-4.edf"", ""PN06-5.edf""]",PN06,C1_RF,PN06-3.edf,nested
4,1,1,4,0,5,150,35282,240,0,0,35042,0.25,0.25,0.41093544888990352,3,1,1,35,35,35,35,35,0.0042805775926031617,35,0.90000000000000002,True,False,"[{""validation_file"": ""PN06-1.edf"", ""train_files"": [""PN06-2.edf"", ""PN06-4.edf"", ""PN06-5.edf""]}, {""validation_file"": ""PN06-2.edf"", ""train_files"": [""PN06-1.edf"", ""PN06-4.edf"", ""PN06-5.edf""]}, {""validation_file"": ""PN06-4.edf"", ""train_files"": [""PN06-1.edf"", ""PN06-2.edf"", ""PN06-5.edf""]}, {""validation_file"": ""PN06-5.edf"", ""train_files"": [""PN06-1.edf"", ""PN06-2.edf"", ""PN06-4.edf""]}]","[""PN06-1.edf"", ""PN06-2.edf"", ""PN06-4.edf"", ""PN06-5.edf""]",PN06,C1_RF,PN06-3.edf,nested
4,1,1,4,0,5,120,35282,240,0,0,35042,0.25,0.25,0.41093544888990352,3,1,1,35,35,35,35,35,0.0034244620740825297,30,0.94999999999999996,True,False,"[{""validation_file"": ""PN06-1.edf"", ""train_files"": [""PN06-2.edf"", ""PN06-4.edf"", ""PN06-5.edf""]}, {""validation_file"": ""PN06-2.edf"", ""train_files"": [""PN06-1.edf"", ""PN06-4.edf"", ""PN06-5.edf""]}, {""validation_file"": ""PN06-4.edf"", ""train_files"": [""PN06-1.edf"", ""PN06-2.edf"", ""PN06-5.edf""]}, {""validation_file"": ""PN06-5.edf"", ""train_files"": [""PN06-1.edf"", ""PN06-2.edf"", ""PN06-4.edf""]}]","[""PN06-1.edf"", ""PN06-2.edf"", ""PN06-4.edf"", ""PN06-5.edf""]",PN06,C1_RF,PN06-3.edf,nested
4,0,0,0,0,0,0,35282,240,0,0,35042,0,0,0,4,0,0,,,,,,0,0,1.01,True,False,"[{""validation_file"": ""PN06-1.edf"", ""train_files"": [""PN06-2.edf"", ""PN06-4.edf"", ""PN06-5.edf""]}, {""validation_file"": ""PN06-2.edf"", ""train_files"": [""PN06-1.edf"", ""PN06-4.edf"", ""PN06-5.edf""]}, {""validation_file"": ""PN06-4.edf"", ""train_files"": [""PN06-1.edf"", ""PN06-2.edf"", ""PN06-5.edf""]}, {""validation_file"": ""PN06-5.edf"", ""train_files"": [""PN06-1.edf"", ""PN06-2.edf"", ""PN06-4.edf""]}]","[""PN06-1.edf"", ""PN06-2.edf"", ""PN06-4.edf"", ""PN06-5.edf""]",PN06,C1_RF,PN06-3.edf,nested
4,4,4,254,0,258,8160,36437,240,0,0,36197,1,1,25.261762024477168,0,4,4,21,16.25,23.25,5,27,0.2254330469375915,200,0.050000000000000003,False,False,"[{""validation_file"": ""PN06-1.edf"", ""train_files"": [""PN06-2.edf"", ""PN06-3.edf"", ""PN06-5.edf""]}, {""validation_file"": ""PN06-2.edf"", ""train_files"": [""PN06-1.edf"", ""PN06-3.edf"", ""PN06-5.edf""]}, {""validation_file"": ""PN06-3.edf"", ""train_files"": [""PN06-1.edf"", ""PN06-2.edf"", ""PN06-5.edf""]}, {""validation_file"": ""PN06-5.edf"", ""train_files"": [""PN06-1.edf"", ""PN06-2.edf"", ""PN06-3.edf""]}]","[""PN06-1.edf"", ""PN06-2.edf"", ""PN06-3.edf"", ""PN06-5.edf""]",PN06,C1_RF,PN06-4.edf,nested
4,4,4,185,0,189,5200,36437,240,0,0,36197,1,1,18.399314860347541,0,4,4,26,22.5,28.25,15,32,0.14365831422493577,130,0.10000000000000001,False,False,"[{""validation_file"": ""PN06-1.edf"", ""train_files"": [""PN06-2.edf"", ""PN06-3.edf"", ""PN06-5.edf""]}, {""validation_file"": ""PN06-2.edf"", ""train_files"": [""PN06-1.edf"", ""PN06-3.edf"", ""PN06-5.edf""]}, {""validation_file"": ""PN06-3.edf"", ""train_files"": [""PN06-1.edf"", ""PN06-2.edf"", ""PN06-5.edf""]}, {""validation_file"": ""PN06-5.edf"", ""train_files"": [""PN06-1.edf"", ""PN06-2.edf"", ""PN06-3.edf""]}]","[""PN06-1.edf"", ""PN06-2.edf"", ""PN06-3.edf"", ""PN06-5.edf""]",PN06,C1_RF,PN06-4.edf,nested
4,3,3,150,0,153,3680,36437,240,0,0,36197,0.75,0.75,14.918363400281791,1,3,3,25,22.5,26,20,27,0.10166588391303147,95,0.14999999999999999,False,False,"[{""validation_file"": ""PN06-1.edf"", ""train_files"": [""PN06-2.edf"", ""PN06-3.edf"", ""PN06-5.edf""]}, {""validation_file"": ""PN06-2.edf"", ""train_files"": [""PN06-1.edf"", ""PN06-3.edf"", ""PN06-5.edf""]}, {""validation_file"": ""PN06-3.edf"", ""train_files"": [""PN06-1.edf"", ""PN06-2.edf"", ""PN06-5.edf""]}, {""validation_file"": ""PN06-5.edf"", ""train_files"": [""PN06-1.edf"", ""PN06-2.edf"", ""PN06-3.edf""]}]","[""PN06-1.edf"", ""PN06-2.edf"", ""PN06-3.edf"", ""PN06-5.edf""]",PN06,C1_RF,PN06-4.edf,nested
4,3,3,105,0,108,2640,36437,240,0,0,36197,0.75,0.75,10.442854380197254,1,3,3,25,22.5,26,20,27,0.072934221068044314,95,0.20000000000000001,False,False,"[{""validation_file"": ""PN06-1.edf"", ""train_files"": [""PN06-2.edf"", ""PN06-3.edf"", ""PN06-5.edf""]}, {""validation_file"": ""PN06-2.edf"", ""train_files"": [""PN06-1.edf"", ""PN06-3.edf"", ""PN06-5.edf""]}, {""validation_file"": ""PN06-3.edf"", ""train_files"": [""PN06-1.edf"", ""PN06-2.edf"", ""PN06-5.edf""]}, {""validation_file"": ""PN06-5.edf"", ""train_files"": [""PN06-1.edf"", ""PN06-2.edf"", ""PN06-3.edf""]}]","[""PN06-1.edf"", ""PN06-2.edf"", ""PN06-3.edf"", ""PN06-5.edf""]",PN06,C1_RF,PN06-4.edf,nested
4,3,3,87,0,90,2090,36437,240,0,0,36197,0.75,0.75,8.6526507721634385,1,3,3,25,25,26,25,27,0.057739591678868413,90,0.25,False,False,"[{""validation_file"": ""PN06-1.edf"", ""train_files"": [""PN06-2.edf"", ""PN06-3.edf"", ""PN06-5.edf""]}, {""validation_file"": ""PN06-2.edf"", ""train_files"": [""PN06-1.edf"", ""PN06-3.edf"", ""PN06-5.edf""]}, {""validation_file"": ""PN06-3.edf"", ""train_files"": [""PN06-1.edf"", ""PN06-2.edf"", ""PN06-5.edf""]}, {""validation_file"": ""PN06-5.edf"", ""train_files"": [""PN06-1.edf"", ""PN06-2.edf"", ""PN06-3.edf""]}]","[""PN06-1.edf"", ""PN06-2.edf"", ""PN06-3.edf"", ""PN06-5.edf""]",PN06,C1_RF,PN06-4.edf,nested
4,3,3,74,0,77,1675,36437,240,0,0,36197,0.75,0.75,7.3597259441390168,1,3,3,25,25,26,25,27,0.046274553139762961,85,0.29999999999999999,False,False,"[{""validation_file"": ""PN06-1.edf"", ""train_files"": [""PN06-2.edf"", ""PN06-3.edf"", ""PN06-5.edf""]}, {""validation_file"": ""PN06-2.edf"", ""train_files"": [""PN06-1.edf"", ""PN06-3.edf"", ""PN06-5.edf""]}, {""validation_file"": ""PN06-3.edf"", ""train_files"": [""PN06-1.edf"", ""PN06-2.edf"", ""PN06-5.edf""]}, {""validation_file"": ""PN06-5.edf"", ""train_files"": [""PN06-1.edf"", ""PN06-2.edf"", ""PN06-3.edf""]}]","[""PN06-1.edf"", ""PN06-2.edf"", ""PN06-3.edf"", ""PN06-5.edf""]",PN06,C1_RF,PN06-4.edf,nested
4,3,3,59,0,62,1360,36437,240,0,0,36197,0.75,0.75,5.8678896041108377,1,3,3,27,26,28.5,25,30,0.037572174489598584,70,0.34999999999999998,False,False,"[{""validation_file"": ""PN06-1.edf"", ""train_files"": [""PN06-2.edf"", ""PN06-3.edf"", ""PN06-5.edf""]}, {""validation_file"": ""PN06-2.edf"", ""train_files"": [""PN06-1.edf"", ""PN06-3.edf"", ""PN06-5.edf""]}, {""validation_file"": ""PN06-3.edf"", ""train_files"": [""PN06-1.edf"", ""PN06-2.edf"", ""PN06-5.edf""]}, {""validation_file"": ""PN06-5.edf"", ""train_files"": [""PN06-1.edf"", ""PN06-2.edf"", ""PN06-3.edf""]}]","[""PN06-1.edf"", ""PN06-2.edf"", ""PN06-3.edf"", ""PN06-5.edf""]",PN06,C1_RF,PN06-4.edf,nested
4,3,3,48,0,51,1125,36437,240,0,0,36197,0.75,0.75,4.7738762880901735,1,3,3,27,26,28.5,25,30,0.031079923750587064,70,0.40000000000000002,False,False,"[{""validation_file"": ""PN06-1.edf"", ""train_files"": [""PN06-2.edf"", ""PN06-3.edf"", ""PN06-5.edf""]}, {""validation_file"": ""PN06-2.edf"", ""train_files"": [""PN06-1.edf"", ""PN06-3.edf"", ""PN06-5.edf""]}, {""validation_file"": ""PN06-3.edf"", ""train_files"": [""PN06-1.edf"", ""PN06-2.edf"", ""PN06-5.edf""]}, {""validation_file"": ""PN06-5.edf"", ""train_files"": [""PN06-1.edf"", ""PN06-2.edf"", ""PN06-3.edf""]}]","[""PN06-1.edf"", ""PN06-2.edf"", ""PN06-3.edf"", ""PN06-5.edf""]",PN06,C1_RF,PN06-4.edf,nested
4,3,3,41,0,44,935,36437,240,0,0,36197,0.75,0.75,4.0776859960770233,1,3,3,30,28.5,30,27,30,0.025830869961599029,50,0.45000000000000001,False,False,"[{""validation_file"": ""PN06-1.edf"", ""train_files"": [""PN06-2.edf"", ""PN06-3.edf"", ""PN06-5.edf""]}, {""validation_file"": ""PN06-2.edf"", ""train_files"": [""PN06-1.edf"", ""PN06-3.edf"", ""PN06-5.edf""]}, {""validation_file"": ""PN06-3.edf"", ""train_files"": [""PN06-1.edf"", ""PN06-2.edf"", ""PN06-5.edf""]}, {""validation_file"": ""PN06-5.edf"", ""train_files"": [""PN06-1.edf"", ""PN06-2.edf"", ""PN06-3.edf""]}]","[""PN06-1.edf"", ""PN06-2.edf"", ""PN06-3.edf"", ""PN06-5.edf""]",PN06,C1_RF,PN06-4.edf,nested
4,2,2,38,0,40,810,36437,240,0,0,36197,0.5,0.5,3.7793187280713871,2,2,2,28.5,27.75,29.25,27,30,0.022377545100422686,50,0.5,False,False,"[{""validation_file"": ""PN06-1.edf"", ""train_files"": [""PN06-2.edf"", ""PN06-3.edf"", ""PN06-5.edf""]}, {""validation_file"": ""PN06-2.edf"", ""train_files"": [""PN06-1.edf"", ""PN06-3.edf"", ""PN06-5.edf""]}, {""validation_file"": ""PN06-3.edf"", ""train_files"": [""PN06-1.edf"", ""PN06-2.edf"", ""PN06-5.edf""]}, {""validation_file"": ""PN06-5.edf"", ""train_files"": [""PN06-1.edf"", ""PN06-2.edf"", ""PN06-3.edf""]}]","[""PN06-1.edf"", ""PN06-2.edf"", ""PN06-3.edf"", ""PN06-5.edf""]",PN06,C1_RF,PN06-4.edf,nested
4,2,2,29,0,31,675,36437,240,0,0,36197,0.5,0.5,2.8842169240544795,2,2,2,31,30.5,31.5,30,32,0.01864795425035224,50,0.55000000000000004,False,False,"[{""validation_file"": ""PN06-1.edf"", ""train_files"": [""PN06-2.edf"", ""PN06-3.edf"", ""PN06-5.edf""]}, {""validation_file"": ""PN06-2.edf"", ""train_files"": [""PN06-1.edf"", ""PN06-3.edf"", ""PN06-5.edf""]}, {""validation_file"": ""PN06-3.edf"", ""train_files"": [""PN06-1.edf"", ""PN06-2.edf"", ""PN06-5.edf""]}, {""validation_file"": ""PN06-5.edf"", ""train_files"": [""PN06-1.edf"", ""PN06-2.edf"", ""PN06-3.edf""]}]","[""PN06-1.edf"", ""PN06-2.edf"", ""PN06-3.edf"", ""PN06-5.edf""]",PN06,C1_RF,PN06-4.edf,nested
4,2,2,25,0,27,575,36437,240,0,0,36197,0.5,0.5,2.486393900046965,2,2,2,31,30.5,31.5,30,32,0.015885294361411166,50,0.59999999999999998,False,False,"[{""validation_file"": ""PN06-1.edf"", ""train_files"": [""PN06-2.edf"", ""PN06-3.edf"", ""PN06-5.edf""]}, {""validation_file"": ""PN06-2.edf"", ""train_files"": [""PN06-1.edf"", ""PN06-3.edf"", ""PN06-5.edf""]}, {""validation_file"": ""PN06-3.edf"", ""train_files"": [""PN06-1.edf"", ""PN06-2.edf"", ""PN06-5.edf""]}, {""validation_file"": ""PN06-5.edf"", ""train_files"": [""PN06-1.edf"", ""PN06-2.edf"", ""PN06-3.edf""]}]","[""PN06-1.edf"", ""PN06-2.edf"", ""PN06-3.edf"", ""PN06-5.edf""]",PN06,C1_RF,PN06-4.edf,nested
4,1,1,22,0,23,495,36437,240,0,0,36197,0.25,0.25,2.1880266320413293,3,1,1,37,37,37,37,37,0.013675166450258309,45,0.65000000000000002,False,False,"[{""validation_file"": ""PN06-1.edf"", ""train_files"": [""PN06-2.edf"", ""PN06-3.edf"", ""PN06-5.edf""]}, {""validation_file"": ""PN06-2.edf"", ""train_files"": [""PN06-1.edf"", ""PN06-3.edf"", ""PN06-5.edf""]}, {""validation_file"": ""PN06-3.edf"", ""train_files"": [""PN06-1.edf"", ""PN06-2.edf"", ""PN06-5.edf""]}, {""validation_file"": ""PN06-5.edf"", ""train_files"": [""PN06-1.edf"", ""PN06-2.edf"", ""PN06-3.edf""]}]","[""PN06-1.edf"", ""PN06-2.edf"", ""PN06-3.edf"", ""PN06-5.edf""]",PN06,C1_RF,PN06-4.edf,nested
4,0,0,18,0,18,395,36437,240,0,0,36197,0,0,1.7902036080338151,4,0,0,,,,,,0.010912506561317236,45,0.69999999999999996,False,False,"[{""validation_file"": ""PN06-1.edf"", ""train_files"": [""PN06-2.edf"", ""PN06-3.edf"", ""PN06-5.edf""]}, {""validation_file"": ""PN06-2.edf"", ""train_files"": [""PN06-1.edf"", ""PN06-3.edf"", ""PN06-5.edf""]}, {""validation_file"": ""PN06-3.edf"", ""train_files"": [""PN06-1.edf"", ""PN06-2.edf"", ""PN06-5.edf""]}, {""validation_file"": ""PN06-5.edf"", ""train_files"": [""PN06-1.edf"", ""PN06-2.edf"", ""PN06-3.edf""]}]","[""PN06-1.edf"", ""PN06-2.edf"", ""PN06-3.edf"", ""PN06-5.edf""]",PN06,C1_RF,PN06-4.edf,nested
4,0,0,17,0,17,365,36437,240,0,0,36197,0,0,1.6907478520319363,4,0,0,,,,,,0.010083708594634914,45,0.75,False,False,"[{""validation_file"": ""PN06-1.edf"", ""train_files"": [""PN06-2.edf"", ""PN06-3.edf"", ""PN06-5.edf""]}, {""validation_file"": ""PN06-2.edf"", ""train_files"": [""PN06-1.edf"", ""PN06-3.edf"", ""PN06-5.edf""]}, {""validation_file"": ""PN06-3.edf"", ""train_files"": [""PN06-1.edf"", ""PN06-2.edf"", ""PN06-5.edf""]}, {""validation_file"": ""PN06-5.edf"", ""train_files"": [""PN06-1.edf"", ""PN06-2.edf"", ""PN06-3.edf""]}]","[""PN06-1.edf"", ""PN06-2.edf"", ""PN06-3.edf"", ""PN06-5.edf""]",PN06,C1_RF,PN06-4.edf,nested
4,0,0,12,0,12,245,36437,240,0,0,36197,0,0,1.1934690720225434,4,0,0,,,,,,0.0067685167279056277,45,0.80000000000000004,False,False,"[{""validation_file"": ""PN06-1.edf"", ""train_files"": [""PN06-2.edf"", ""PN06-3.edf"", ""PN06-5.edf""]}, {""validation_file"": ""PN06-2.edf"", ""train_files"": [""PN06-1.edf"", ""PN06-3.edf"", ""PN06-5.edf""]}, {""validation_file"": ""PN06-3.edf"", ""train_files"": [""PN06-1.edf"", ""PN06-2.edf"", ""PN06-5.edf""]}, {""validation_file"": ""PN06-5.edf"", ""train_files"": [""PN06-1.edf"", ""PN06-2.edf"", ""PN06-3.edf""]}]","[""PN06-1.edf"", ""PN06-2.edf"", ""PN06-3.edf"", ""PN06-5.edf""]",PN06,C1_RF,PN06-4.edf,nested
4,0,0,10,0,10,205,36437,240,0,0,36197,0,0,0.99455756001878604,4,0,0,,,,,,0.0056634527723291982,35,0.84999999999999998,True,False,"[{""validation_file"": ""PN06-1.edf"", ""train_files"": [""PN06-2.edf"", ""PN06-3.edf"", ""PN06-5.edf""]}, {""validation_file"": ""PN06-2.edf"", ""train_files"": [""PN06-1.edf"", ""PN06-3.edf"", ""PN06-5.edf""]}, {""validation_file"": ""PN06-3.edf"", ""train_files"": [""PN06-1.edf"", ""PN06-2.edf"", ""PN06-5.edf""]}, {""validation_file"": ""PN06-5.edf"", ""train_files"": [""PN06-1.edf"", ""PN06-2.edf"", ""PN06-3.edf""]}]","[""PN06-1.edf"", ""PN06-2.edf"", ""PN06-3.edf"", ""PN06-5.edf""]",PN06,C1_RF,PN06-4.edf,nested
4,0,0,6,0,6,125,36437,240,0,0,36197,0,0,0.59673453601127169,4,0,0,,,,,,0.0034533248611763405,35,0.90000000000000002,True,False,"[{""validation_file"": ""PN06-1.edf"", ""train_files"": [""PN06-2.edf"", ""PN06-3.edf"", ""PN06-5.edf""]}, {""validation_file"": ""PN06-2.edf"", ""train_files"": [""PN06-1.edf"", ""PN06-3.edf"", ""PN06-5.edf""]}, {""validation_file"": ""PN06-3.edf"", ""train_files"": [""PN06-1.edf"", ""PN06-2.edf"", ""PN06-5.edf""]}, {""validation_file"": ""PN06-5.edf"", ""train_files"": [""PN06-1.edf"", ""PN06-2.edf"", ""PN06-3.edf""]}]","[""PN06-1.edf"", ""PN06-2.edf"", ""PN06-3.edf"", ""PN06-5.edf""]",PN06,C1_RF,PN06-4.edf,nested
4,0,0,0,0,0,0,36437,240,0,0,36197,0,0,0,4,0,0,,,,,,0,0,0.94999999999999996,True,False,"[{""validation_file"": ""PN06-1.edf"", ""train_files"": [""PN06-2.edf"", ""PN06-3.edf"", ""PN06-5.edf""]}, {""validation_file"": ""PN06-2.edf"", ""train_files"": [""PN06-1.edf"", ""PN06-3.edf"", ""PN06-5.edf""]}, {""validation_file"": ""PN06-3.edf"", ""train_files"": [""PN06-1.edf"", ""PN06-2.edf"", ""PN06-5.edf""]}, {""validation_file"": ""PN06-5.edf"", ""train_files"": [""PN06-1.edf"", ""PN06-2.edf"", ""PN06-3.edf""]}]","[""PN06-1.edf"", ""PN06-2.edf"", ""PN06-3.edf"", ""PN06-5.edf""]",PN06,C1_RF,PN06-4.edf,nested
4,0,0,0,0,0,0,36437,240,0,0,36197,0,0,0,4,0,0,,,,,,0,0,1.01,True,True,"[{""validation_file"": ""PN06-1.edf"", ""train_files"": [""PN06-2.edf"", ""PN06-3.edf"", ""PN06-5.edf""]}, {""validation_file"": ""PN06-2.edf"", ""train_files"": [""PN06-1.edf"", ""PN06-3.edf"", ""PN06-5.edf""]}, {""validation_file"": ""PN06-3.edf"", ""train_files"": [""PN06-1.edf"", ""PN06-2.edf"", ""PN06-5.edf""]}, {""validation_file"": ""PN06-5.edf"", ""train_files"": [""PN06-1.edf"", ""PN06-2.edf"", ""PN06-3.edf""]}]","[""PN06-1.edf"", ""PN06-2.edf"", ""PN06-3.edf"", ""PN06-5.edf""]",PN06,C1_RF,PN06-4.edf,nested
4,3,3,268,0,271,9255,37440,240,0,0,37200,0.75,0.75,25.93548387096774,1,3,3,16,10.5,36.5,5,57,0.24879032258064515,255,0.050000000000000003,False,False,"[{""validation_file"": ""PN06-1.edf"", ""train_files"": [""PN06-2.edf"", ""PN06-3.edf"", ""PN06-4.edf""]}, {""validation_file"": ""PN06-2.edf"", ""train_files"": [""PN06-1.edf"", ""PN06-3.edf"", ""PN06-4.edf""]}, {""validation_file"": ""PN06-3.edf"", ""train_files"": [""PN06-1.edf"", ""PN06-2.edf"", ""PN06-4.edf""]}, {""validation_file"": ""PN06-4.edf"", ""train_files"": [""PN06-1.edf"", ""PN06-2.edf"", ""PN06-3.edf""]}]","[""PN06-1.edf"", ""PN06-2.edf"", ""PN06-3.edf"", ""PN06-4.edf""]",PN06,C1_RF,PN06-5.edf,nested
4,3,3,178,0,181,5245,37440,240,0,0,37200,0.75,0.75,17.225806451612904,1,3,3,16,15.5,36.5,15,57,0.14099462365591398,170,0.10000000000000001,False,False,"[{""validation_file"": ""PN06-1.edf"", ""train_files"": [""PN06-2.edf"", ""PN06-3.edf"", ""PN06-4.edf""]}, {""validation_file"": ""PN06-2.edf"", ""train_files"": [""PN06-1.edf"", ""PN06-3.edf"", ""PN06-4.edf""]}, {""validation_file"": ""PN06-3.edf"", ""train_files"": [""PN06-1.edf"", ""PN06-2.edf"", ""PN06-4.edf""]}, {""validation_file"": ""PN06-4.edf"", ""train_files"": [""PN06-1.edf"", ""PN06-2.edf"", ""PN06-3.edf""]}]","[""PN06-1.edf"", ""PN06-2.edf"", ""PN06-3.edf"", ""PN06-4.edf""]",PN06,C1_RF,PN06-5.edf,nested
4,2,2,139,0,141,3780,37440,240,0,0,37200,0.5,0.5,13.451612903225806,2,2,2,15.5,15.25,15.75,15,16,0.10161290322580645,150,0.14999999999999999,False,False,"[{""validation_file"": ""PN06-1.edf"", ""train_files"": [""PN06-2.edf"", ""PN06-3.edf"", ""PN06-4.edf""]}, {""validation_file"": ""PN06-2.edf"", ""train_files"": [""PN06-1.edf"", ""PN06-3.edf"", ""PN06-4.edf""]}, {""validation_file"": ""PN06-3.edf"", ""train_files"": [""PN06-1.edf"", ""PN06-2.edf"", ""PN06-4.edf""]}, {""validation_file"": ""PN06-4.edf"", ""train_files"": [""PN06-1.edf"", ""PN06-2.edf"", ""PN06-3.edf""]}]","[""PN06-1.edf"", ""PN06-2.edf"", ""PN06-3.edf"", ""PN06-4.edf""]",PN06,C1_RF,PN06-5.edf,nested
4,2,2,110,0,112,2940,37440,240,0,0,37200,0.5,0.5,10.64516129032258,2,2,2,15.5,15.25,15.75,15,16,0.079032258064516123,85,0.20000000000000001,False,False,"[{""validation_file"": ""PN06-1.edf"", ""train_files"": [""PN06-2.edf"", ""PN06-3.edf"", ""PN06-4.edf""]}, {""validation_file"": ""PN06-2.edf"", ""train_files"": [""PN06-1.edf"", ""PN06-3.edf"", ""PN06-4.edf""]}, {""validation_file"": ""PN06-3.edf"", ""train_files"": [""PN06-1.edf"", ""PN06-2.edf"", ""PN06-4.edf""]}, {""validation_file"": ""PN06-4.edf"", ""train_files"": [""PN06-1.edf"", ""PN06-2.edf"", ""PN06-3.edf""]}]","[""PN06-1.edf"", ""PN06-2.edf"", ""PN06-3.edf"", ""PN06-4.edf""]",PN06,C1_RF,PN06-5.edf,nested
4,2,2,94,0,96,2475,37440,240,0,0,37200,0.5,0.5,9.0967741935483879,2,2,2,18,16.5,19.5,15,21,0.066532258064516125,85,0.25,False,False,"[{""validation_file"": ""PN06-1.edf"", ""train_files"": [""PN06-2.edf"", ""PN06-3.edf"", ""PN06-4.edf""]}, {""validation_file"": ""PN06-2.edf"", ""train_files"": [""PN06-1.edf"", ""PN06-3.edf"", ""PN06-4.edf""]}, {""validation_file"": ""PN06-3.edf"", ""train_files"": [""PN06-1.edf"", ""PN06-2.edf"", ""PN06-4.edf""]}, {""validation_file"": ""PN06-4.edf"", ""train_files"": [""PN06-1.edf"", ""PN06-2.edf"", ""PN06-3.edf""]}]","[""PN06-1.edf"", ""PN06-2.edf"", ""PN06-3.edf"", ""PN06-4.edf""]",PN06,C1_RF,PN06-5.edf,nested
4,2,2,77,0,79,2050,37440,240,0,0,37200,0.5,0.5,7.4516129032258061,2,2,2,20.5,20.25,20.75,20,21,0.05510752688172043,85,0.29999999999999999,False,False,"[{""validation_file"": ""PN06-1.edf"", ""train_files"": [""PN06-2.edf"", ""PN06-3.edf"", ""PN06-4.edf""]}, {""validation_file"": ""PN06-2.edf"", ""train_files"": [""PN06-1.edf"", ""PN06-3.edf"", ""PN06-4.edf""]}, {""validation_file"": ""PN06-3.edf"", ""train_files"": [""PN06-1.edf"", ""PN06-2.edf"", ""PN06-4.edf""]}, {""validation_file"": ""PN06-4.edf"", ""train_files"": [""PN06-1.edf"", ""PN06-2.edf"", ""PN06-3.edf""]}]","[""PN06-1.edf"", ""PN06-2.edf"", ""PN06-3.edf"", ""PN06-4.edf""]",PN06,C1_RF,PN06-5.edf,nested
4,2,2,64,0,66,1735,37440,240,0,0,37200,0.5,0.5,6.193548387096774,2,2,2,20.5,20.25,20.75,20,21,0.046639784946236558,85,0.34999999999999998,False,False,"[{""validation_file"": ""PN06-1.edf"", ""train_files"": [""PN06-2.edf"", ""PN06-3.edf"", ""PN06-4.edf""]}, {""validation_file"": ""PN06-2.edf"", ""train_files"": [""PN06-1.edf"", ""PN06-3.edf"", ""PN06-4.edf""]}, {""validation_file"": ""PN06-3.edf"", ""train_files"": [""PN06-1.edf"", ""PN06-2.edf"", ""PN06-4.edf""]}, {""validation_file"": ""PN06-4.edf"", ""train_files"": [""PN06-1.edf"", ""PN06-2.edf"", ""PN06-3.edf""]}]","[""PN06-1.edf"", ""PN06-2.edf"", ""PN06-3.edf"", ""PN06-4.edf""]",PN06,C1_RF,PN06-5.edf,nested
4,2,2,57,0,59,1565,37440,240,0,0,37200,0.5,0.5,5.5161290322580649,2,2,2,20.5,20.25,20.75,20,21,0.042069892473118278,85,0.40000000000000002,False,False,"[{""validation_file"": ""PN06-1.edf"", ""train_files"": [""PN06-2.edf"", ""PN06-3.edf"", ""PN06-4.edf""]}, {""validation_file"": ""PN06-2.edf"", ""train_files"": [""PN06-1.edf"", ""PN06-3.edf"", ""PN06-4.edf""]}, {""validation_file"": ""PN06-3.edf"", ""train_files"": [""PN06-1.edf"", ""PN06-2.edf"", ""PN06-4.edf""]}, {""validation_file"": ""PN06-4.edf"", ""train_files"": [""PN06-1.edf"", ""PN06-2.edf"", ""PN06-3.edf""]}]","[""PN06-1.edf"", ""PN06-2.edf"", ""PN06-3.edf"", ""PN06-4.edf""]",PN06,C1_RF,PN06-5.edf,nested
4,2,2,52,1,54,1435,37440,240,0,0,37200,0.5,0.5,5.032258064516129,2,2,2,20.5,20.25,20.75,20,21,0.0385752688172043,85,0.45000000000000001,False,False,"[{""validation_file"": ""PN06-1.edf"", ""train_files"": [""PN06-2.edf"", ""PN06-3.edf"", ""PN06-4.edf""]}, {""validation_file"": ""PN06-2.edf"", ""train_files"": [""PN06-1.edf"", ""PN06-3.edf"", ""PN06-4.edf""]}, {""validation_file"": ""PN06-3.edf"", ""train_files"": [""PN06-1.edf"", ""PN06-2.edf"", ""PN06-4.edf""]}, {""validation_file"": ""PN06-4.edf"", ""train_files"": [""PN06-1.edf"", ""PN06-2.edf"", ""PN06-3.edf""]}]","[""PN06-1.edf"", ""PN06-2.edf"", ""PN06-3.edf"", ""PN06-4.edf""]",PN06,C1_RF,PN06-5.edf,nested
4,2,2,43,1,45,1220,37440,240,0,0,37200,0.5,0.5,4.161290322580645,2,2,2,20.5,20.25,20.75,20,21,0.032795698924731186,75,0.5,False,False,"[{""validation_file"": ""PN06-1.edf"", ""train_files"": [""PN06-2.edf"", ""PN06-3.edf"", ""PN06-4.edf""]}, {""validation_file"": ""PN06-2.edf"", ""train_files"": [""PN06-1.edf"", ""PN06-3.edf"", ""PN06-4.edf""]}, {""validation_file"": ""PN06-3.edf"", ""train_files"": [""PN06-1.edf"", ""PN06-2.edf"", ""PN06-4.edf""]}, {""validation_file"": ""PN06-4.edf"", ""train_files"": [""PN06-1.edf"", ""PN06-2.edf"", ""PN06-3.edf""]}]","[""PN06-1.edf"", ""PN06-2.edf"", ""PN06-3.edf"", ""PN06-4.edf""]",PN06,C1_RF,PN06-5.edf,nested
4,2,2,41,1,43,1020,37440,240,0,0,37200,0.5,0.5,3.967741935483871,2,2,2,23,21.5,24.5,20,26,0.027419354838709678,75,0.55000000000000004,False,False,"[{""validation_file"": ""PN06-1.edf"", ""train_files"": [""PN06-2.edf"", ""PN06-3.edf"", ""PN06-4.edf""]}, {""validation_file"": ""PN06-2.edf"", ""train_files"": [""PN06-1.edf"", ""PN06-3.edf"", ""PN06-4.edf""]}, {""validation_file"": ""PN06-3.edf"", ""train_files"": [""PN06-1.edf"", ""PN06-2.edf"", ""PN06-4.edf""]}, {""validation_file"": ""PN06-4.edf"", ""train_files"": [""PN06-1.edf"", ""PN06-2.edf"", ""PN06-3.edf""]}]","[""PN06-1.edf"", ""PN06-2.edf"", ""PN06-3.edf"", ""PN06-4.edf""]",PN06,C1_RF,PN06-5.edf,nested
4,2,2,30,1,32,715,37440,240,0,0,37200,0.5,0.5,2.903225806451613,2,2,2,23,21.5,24.5,20,26,0.019220430107526883,55,0.59999999999999998,False,False,"[{""validation_file"": ""PN06-1.edf"", ""train_files"": [""PN06-2.edf"", ""PN06-3.edf"", ""PN06-4.edf""]}, {""validation_file"": ""PN06-2.edf"", ""train_files"": [""PN06-1.edf"", ""PN06-3.edf"", ""PN06-4.edf""]}, {""validation_file"": ""PN06-3.edf"", ""train_files"": [""PN06-1.edf"", ""PN06-2.edf"", ""PN06-4.edf""]}, {""validation_file"": ""PN06-4.edf"", ""train_files"": [""PN06-1.edf"", ""PN06-2.edf"", ""PN06-3.edf""]}]","[""PN06-1.edf"", ""PN06-2.edf"", ""PN06-3.edf"", ""PN06-4.edf""]",PN06,C1_RF,PN06-5.edf,nested
4,2,2,27,1,29,605,37440,240,0,0,37200,0.5,0.5,2.6129032258064515,2,2,2,23,21.5,24.5,20,26,0.016263440860215053,55,0.65000000000000002,False,False,"[{""validation_file"": ""PN06-1.edf"", ""train_files"": [""PN06-2.edf"", ""PN06-3.edf"", ""PN06-4.edf""]}, {""validation_file"": ""PN06-2.edf"", ""train_files"": [""PN06-1.edf"", ""PN06-3.edf"", ""PN06-4.edf""]}, {""validation_file"": ""PN06-3.edf"", ""train_files"": [""PN06-1.edf"", ""PN06-2.edf"", ""PN06-4.edf""]}, {""validation_file"": ""PN06-4.edf"", ""train_files"": [""PN06-1.edf"", ""PN06-2.edf"", ""PN06-3.edf""]}]","[""PN06-1.edf"", ""PN06-2.edf"", ""PN06-3.edf"", ""PN06-4.edf""]",PN06,C1_RF,PN06-5.edf,nested
4,2,2,21,1,23,495,37440,240,0,0,37200,0.5,0.5,2.032258064516129,2,2,2,25.5,25.25,25.75,25,26,0.013306451612903225,55,0.69999999999999996,False,False,"[{""validation_file"": ""PN06-1.edf"", ""train_files"": [""PN06-2.edf"", ""PN06-3.edf"", ""PN06-4.edf""]}, {""validation_file"": ""PN06-2.edf"", ""train_files"": [""PN06-1.edf"", ""PN06-3.edf"", ""PN06-4.edf""]}, {""validation_file"": ""PN06-3.edf"", ""train_files"": [""PN06-1.edf"", ""PN06-2.edf"", ""PN06-4.edf""]}, {""validation_file"": ""PN06-4.edf"", ""train_files"": [""PN06-1.edf"", ""PN06-2.edf"", ""PN06-3.edf""]}]","[""PN06-1.edf"", ""PN06-2.edf"", ""PN06-3.edf"", ""PN06-4.edf""]",PN06,C1_RF,PN06-5.edf,nested
4,2,2,17,0,19,425,37440,240,0,0,37200,0.5,0.5,1.6451612903225807,2,2,2,33,29,37,25,41,0.011424731182795699,50,0.75,False,False,"[{""validation_file"": ""PN06-1.edf"", ""train_files"": [""PN06-2.edf"", ""PN06-3.edf"", ""PN06-4.edf""]}, {""validation_file"": ""PN06-2.edf"", ""train_files"": [""PN06-1.edf"", ""PN06-3.edf"", ""PN06-4.edf""]}, {""validation_file"": ""PN06-3.edf"", ""train_files"": [""PN06-1.edf"", ""PN06-2.edf"", ""PN06-4.edf""]}, {""validation_file"": ""PN06-4.edf"", ""train_files"": [""PN06-1.edf"", ""PN06-2.edf"", ""PN06-3.edf""]}]","[""PN06-1.edf"", ""PN06-2.edf"", ""PN06-3.edf"", ""PN06-4.edf""]",PN06,C1_RF,PN06-5.edf,nested
4,2,2,13,0,15,350,37440,240,0,0,37200,0.5,0.5,1.2580645161290323,2,2,2,33,29,37,25,41,0.0094086021505376347,50,0.80000000000000004,False,False,"[{""validation_file"": ""PN06-1.edf"", ""train_files"": [""PN06-2.edf"", ""PN06-3.edf"", ""PN06-4.edf""]}, {""validation_file"": ""PN06-2.edf"", ""train_files"": [""PN06-1.edf"", ""PN06-3.edf"", ""PN06-4.edf""]}, {""validation_file"": ""PN06-3.edf"", ""train_files"": [""PN06-1.edf"", ""PN06-2.edf"", ""PN06-4.edf""]}, {""validation_file"": ""PN06-4.edf"", ""train_files"": [""PN06-1.edf"", ""PN06-2.edf"", ""PN06-3.edf""]}]","[""PN06-1.edf"", ""PN06-2.edf"", ""PN06-3.edf"", ""PN06-4.edf""]",PN06,C1_RF,PN06-5.edf,nested
4,2,2,11,0,13,250,37440,240,0,0,37200,0.5,0.5,1.064516129032258,2,2,2,43,39,47,35,51,0.0067204301075268818,35,0.84999999999999998,False,False,"[{""validation_file"": ""PN06-1.edf"", ""train_files"": [""PN06-2.edf"", ""PN06-3.edf"", ""PN06-4.edf""]}, {""validation_file"": ""PN06-2.edf"", ""train_files"": [""PN06-1.edf"", ""PN06-3.edf"", ""PN06-4.edf""]}, {""validation_file"": ""PN06-3.edf"", ""train_files"": [""PN06-1.edf"", ""PN06-2.edf"", ""PN06-4.edf""]}, {""validation_file"": ""PN06-4.edf"", ""train_files"": [""PN06-1.edf"", ""PN06-2.edf"", ""PN06-3.edf""]}]","[""PN06-1.edf"", ""PN06-2.edf"", ""PN06-3.edf"", ""PN06-4.edf""]",PN06,C1_RF,PN06-5.edf,nested
4,1,1,8,0,9,170,37440,240,0,0,37200,0.25,0.25,0.77419354838709675,3,1,1,35,35,35,35,35,0.0045698924731182797,35,0.90000000000000002,True,False,"[{""validation_file"": ""PN06-1.edf"", ""train_files"": [""PN06-2.edf"", ""PN06-3.edf"", ""PN06-4.edf""]}, {""validation_file"": ""PN06-2.edf"", ""train_files"": [""PN06-1.edf"", ""PN06-3.edf"", ""PN06-4.edf""]}, {""validation_file"": ""PN06-3.edf"", ""train_files"": [""PN06-1.edf"", ""PN06-2.edf"", ""PN06-4.edf""]}, {""validation_file"": ""PN06-4.edf"", ""train_files"": [""PN06-1.edf"", ""PN06-2.edf"", ""PN06-3.edf""]}]","[""PN06-1.edf"", ""PN06-2.edf"", ""PN06-3.edf"", ""PN06-4.edf""]",PN06,C1_RF,PN06-5.edf,nested
4,1,1,3,0,4,100,37440,240,0,0,37200,0.25,0.25,0.29032258064516131,3,1,1,35,35,35,35,35,0.0026881720430107529,30,0.94999999999999996,True,True,"[{""validation_file"": ""PN06-1.edf"", ""train_files"": [""PN06-2.edf"", ""PN06-3.edf"", ""PN06-4.edf""]}, {""validation_file"": ""PN06-2.edf"", ""train_files"": [""PN06-1.edf"", ""PN06-3.edf"", ""PN06-4.edf""]}, {""validation_file"": ""PN06-3.edf"", ""train_files"": [""PN06-1.edf"", ""PN06-2.edf"", ""PN06-4.edf""]}, {""validation_file"": ""PN06-4.edf"", ""train_files"": [""PN06-1.edf"", ""PN06-2.edf"", ""PN06-3.edf""]}]","[""PN06-1.edf"", ""PN06-2.edf"", ""PN06-3.edf"", ""PN06-4.edf""]",PN06,C1_RF,PN06-5.edf,nested
4,0,0,0,0,0,0,37440,240,0,0,37200,0,0,0,4,0,0,,,,,,0,0,1.01,True,False,"[{""validation_file"": ""PN06-1.edf"", ""train_files"": [""PN06-2.edf"", ""PN06-3.edf"", ""PN06-4.edf""]}, {""validation_file"": ""PN06-2.edf"", ""train_files"": [""PN06-1.edf"", ""PN06-3.edf"", ""PN06-4.edf""]}, {""validation_file"": ""PN06-3.edf"", ""train_files"": [""PN06-1.edf"", ""PN06-2.edf"", ""PN06-4.edf""]}, {""validation_file"": ""PN06-4.edf"", ""train_files"": [""PN06-1.edf"", ""PN06-2.edf"", ""PN06-3.edf""]}]","[""PN06-1.edf"", ""PN06-2.edf"", ""PN06-3.edf"", ""PN06-4.edf""]",PN06,C1_RF,PN06-5.edf,nested
9,3,9,159,1,162,49388,57435,300,27,545,56563,0.33333333333333331,1,10.119689549705638,6,3,3,10,9,11,8,12,0.8731502925940986,6225,0.050000000000000003,False,False,"[{""validation_file"": ""PN10-10.edf"", ""train_files"": [""PN10-2.edf"", ""PN10-3.edf"", ""PN10-4.5.6.edf"", ""PN10-7.8.9.edf""]}, {""validation_file"": ""PN10-2.edf"", ""train_files"": [""PN10-10.edf"", ""PN10-3.edf"", ""PN10-4.5.6.edf"", ""PN10-7.8.9.edf""]}, {""validation_file"": ""PN10-3.edf"", ""train_files"": [""PN10-10.edf"", ""PN10-2.edf"", ""PN10-4.5.6.edf"", ""PN10-7.8.9.edf""]}, {""validation_file"": ""PN10-4.5.6.edf"", ""train_files"": [""PN10-10.edf"", ""PN10-2.edf"", ""PN10-3.edf"", ""PN10-7.8.9.edf""]}, {""validation_file"": ""PN10-7.8.9.edf"", ""train_files"": [""PN10-10.edf"", ""PN10-2.edf"", ""PN10-3.edf"", ""PN10-4.5.6.edf""]}]","[""PN10-10.edf"", ""PN10-2.edf"", ""PN10-3.edf"", ""PN10-4.5.6.edf"", ""PN10-7.8.9.edf""]",PN10,C0_LR,PN10-1.edf,nested
9,2,7,208,0,210,47248,57435,300,27,545,56563,0.22222222222222221,0.77777777777777779,13.238336014709262,7,2,2,26,18,34,10,42,0.83531637289394123,4035,0.10000000000000001,False,False,"[{""validation_file"": ""PN10-10.edf"", ""train_files"": [""PN10-2.edf"", ""PN10-3.edf"", ""PN10-4.5.6.edf"", ""PN10-7.8.9.edf""]}, {""validation_file"": ""PN10-2.edf"", ""train_files"": [""PN10-10.edf"", ""PN10-3.edf"", ""PN10-4.5.6.edf"", ""PN10-7.8.9.edf""]}, {""validation_file"": ""PN10-3.edf"", ""train_files"": [""PN10-10.edf"", ""PN10-2.edf"", ""PN10-4.5.6.edf"", ""PN10-7.8.9.edf""]}, {""validation_file"": ""PN10-4.5.6.edf"", ""train_files"": [""PN10-10.edf"", ""PN10-2.edf"", ""PN10-3.edf"", ""PN10-7.8.9.edf""]}, {""validation_file"": ""PN10-7.8.9.edf"", ""train_files"": [""PN10-10.edf"", ""PN10-2.edf"", ""PN10-3.edf"", ""PN10-4.5.6.edf""]}]","[""PN10-10.edf"", ""PN10-2.edf"", ""PN10-3.edf"", ""PN10-4.5.6.edf"", ""PN10-7.8.9.edf""]",PN10,C0_LR,PN10-1.edf,nested
9,2,7,241,0,243,45258,57435,300,27,545,56563,0.22222222222222221,0.77777777777777779,15.338648940119866,7,2,2,28.5,19.25,37.75,10,47,0.80013436345314071,2970,0.14999999999999999,False,False,"[{""validation_file"": ""PN10-10.edf"", ""train_files"": [""PN10-2.edf"", ""PN10-3.edf"", ""PN10-4.5.6.edf"", ""PN10-7.8.9.edf""]}, {""validation_file"": ""PN10-2.edf"", ""train_files"": [""PN10-10.edf"", ""PN10-3.edf"", ""PN10-4.5.6.edf"", ""PN10-7.8.9.edf""]}, {""validation_file"": ""PN10-3.edf"", ""train_files"": [""PN10-10.edf"", ""PN10-2.edf"", ""PN10-4.5.6.edf"", ""PN10-7.8.9.edf""]}, {""validation_file"": ""PN10-4.5.6.edf"", ""train_files"": [""PN10-10.edf"", ""PN10-2.edf"", ""PN10-3.edf"", ""PN10-7.8.9.edf""]}, {""validation_file"": ""PN10-7.8.9.edf"", ""train_files"": [""PN10-10.edf"", ""PN10-2.edf"", ""PN10-3.edf"", ""PN10-4.5.6.edf""]}]","[""PN10-10.edf"", ""PN10-2.edf"", ""PN10-3.edf"", ""PN10-4.5.6.edf"", ""PN10-7.8.9.edf""]",PN10,C0_LR,PN10-1.edf,nested
9,2,7,286,0,288,43580,57435,300,27,545,56563,0.22222222222222221,0.77777777777777779,18.202712020225235,7,2,2,28.5,19.25,37.75,10,47,0.77046832735180237,2965,0.20000000000000001,False,False,"[{""validation_file"": ""PN10-10.edf"", ""train_files"": [""PN10-2.edf"", ""PN10-3.edf"", ""PN10-4.5.6.edf"", ""PN10-7.8.9.edf""]}, {""validation_file"": ""PN10-2.edf"", ""train_files"": [""PN10-10.edf"", ""PN10-3.edf"", ""PN10-4.5.6.edf"", ""PN10-7.8.9.edf""]}, {""validation_file"": ""PN10-3.edf"", ""train_files"": [""PN10-10.edf"", ""PN10-2.edf"", ""PN10-4.5.6.edf"", ""PN10-7.8.9.edf""]}, {""validation_file"": ""PN10-4.5.6.edf"", ""train_files"": [""PN10-10.edf"", ""PN10-2.edf"", ""PN10-3.edf"", ""PN10-7.8.9.edf""]}, {""validation_file"": ""PN10-7.8.9.edf"", ""train_files"": [""PN10-10.edf"", ""PN10-2.edf"", ""PN10-3.edf"", ""PN10-4.5.6.edf""]}]","[""PN10-10.edf"", ""PN10-2.edf"", ""PN10-3.edf"", ""PN10-4.5.6.edf"", ""PN10-7.8.9.edf""]",PN10,C0_LR,PN10-1.edf,nested
9,2,7,361,0,363,41090,57435,300,27,545,56563,0.22222222222222221,0.77777777777777779,22.976150487067518,7,2,2,28.5,19.25,37.75,10,47,0.72644661704647917,1195,0.25,False,False,"[{""validation_file"": ""PN10-10.edf"", ""train_files"": [""PN10-2.edf"", ""PN10-3.edf"", ""PN10-4.5.6.edf"", ""PN10-7.8.9.edf""]}, {""validation_file"": ""PN10-2.edf"", ""train_files"": [""PN10-10.edf"", ""PN10-3.edf"", ""PN10-4.5.6.edf"", ""PN10-7.8.9.edf""]}, {""validation_file"": ""PN10-3.edf"", ""train_files"": [""PN10-10.edf"", ""PN10-2.edf"", ""PN10-4.5.6.edf"", ""PN10-7.8.9.edf""]}, {""validation_file"": ""PN10-4.5.6.edf"", ""train_files"": [""PN10-10.edf"", ""PN10-2.edf"", ""PN10-3.edf"", ""PN10-7.8.9.edf""]}, {""validation_file"": ""PN10-7.8.9.edf"", ""train_files"": [""PN10-10.edf"", ""PN10-2.edf"", ""PN10-3.edf"", ""PN10-4.5.6.edf""]}]","[""PN10-10.edf"", ""PN10-2.edf"", ""PN10-3.edf"", ""PN10-4.5.6.edf"", ""PN10-7.8.9.edf""]",PN10,C0_LR,PN10-1.edf,nested
9,3,6,413,0,416,37455,57435,300,27,545,56563,0.33333333333333331,0.66666666666666663,26.285734490744833,6,3,3,22,16,34.5,10,47,0.6621819917613988,1125,0.29999999999999999,False,False,"[{""validation_file"": ""PN10-10.edf"", ""train_files"": [""PN10-2.edf"", ""PN10-3.edf"", ""PN10-4.5.6.edf"", ""PN10-7.8.9.edf""]}, {""validation_file"": ""PN10-2.edf"", ""train_files"": [""PN10-10.edf"", ""PN10-3.edf"", ""PN10-4.5.6.edf"", ""PN10-7.8.9.edf""]}, {""validation_file"": ""PN10-3.edf"", ""train_files"": [""PN10-10.edf"", ""PN10-2.edf"", ""PN10-4.5.6.edf"", ""PN10-7.8.9.edf""]}, {""validation_file"": ""PN10-4.5.6.edf"", ""train_files"": [""PN10-10.edf"", ""PN10-2.edf"", ""PN10-3.edf"", ""PN10-7.8.9.edf""]}, {""validation_file"": ""PN10-7.8.9.edf"", ""train_files"": [""PN10-10.edf"", ""PN10-2.edf"", ""PN10-3.edf"", ""PN10-4.5.6.edf""]}]","[""PN10-10.edf"", ""PN10-2.edf"", ""PN10-3.edf"", ""PN10-4.5.6.edf"", ""PN10-7.8.9.edf""]",PN10,C0_LR,PN10-1.edf,nested
9,3,6,470,0,473,33387,57435,300,27,545,56563,0.33333333333333331,0.66666666666666663,29.913547725544969,6,3,3,20,15,33.5,10,47,0.59026218552764176,730,0.34999999999999998,False,False,"[{""validation_file"": ""PN10-10.edf"", ""train_files"": [""PN10-2.edf"", ""PN10-3.edf"", ""PN10-4.5.6.edf"", ""PN10-7.8.9.edf""]}, {""validation_file"": ""PN10-2.edf"", ""train_files"": [""PN10-10.edf"", ""PN10-3.edf"", ""PN10-4.5.6.edf"", ""PN10-7.8.9.edf""]}, {""validation_file"": ""PN10-3.edf"", ""train_files"": [""PN10-10.edf"", ""PN10-2.edf"", ""PN10-4.5.6.edf"", ""PN10-7.8.9.edf""]}, {""validation_file"": ""PN10-4.5.6.edf"", ""train_files"": [""PN10-10.edf"", ""PN10-2.edf"", ""PN10-3.edf"", ""PN10-7.8.9.edf""]}, {""validation_file"": ""PN10-7.8.9.edf"", ""train_files"": [""PN10-10.edf"", ""PN10-2.edf"", ""PN10-3.edf"", ""PN10-4.5.6.edf""]}]","[""PN10-10.edf"", ""PN10-2.edf"", ""PN10-3.edf"", ""PN10-4.5.6.edf"", ""PN10-7.8.9.edf""]",PN10,C0_LR,PN10-1.edf,nested
9,3,5,464,0,467,28818,57435,300,27,545,56563,0.33333333333333331,0.55555555555555558,29.531672648197585,6,3,3,25,17.5,36,10,47,0.50948499902763289,400,0.40000000000000002,False,False,"[{""validation_file"": ""PN10-10.edf"", ""train_files"": [""PN10-2.edf"", ""PN10-3.edf"", ""PN10-4.5.6.edf"", ""PN10-7.8.9.edf""]}, {""validation_file"": ""PN10-2.edf"", ""train_files"": [""PN10-10.edf"", ""PN10-3.edf"", ""PN10-4.5.6.edf"", ""PN10-7.8.9.edf""]}, {""validation_file"": ""PN10-3.edf"", ""train_files"": [""PN10-10.edf"", ""PN10-2.edf"", ""PN10-4.5.6.edf"", ""PN10-7.8.9.edf""]}, {""validation_file"": ""PN10-4.5.6.edf"", ""train_files"": [""PN10-10.edf"", ""PN10-2.edf"", ""PN10-3.edf"", ""PN10-7.8.9.edf""]}, {""validation_file"": ""PN10-7.8.9.edf"", ""train_files"": [""PN10-10.edf"", ""PN10-2.edf"", ""PN10-3.edf"", ""PN10-4.5.6.edf""]}]","[""PN10-10.edf"", ""PN10-2.edf"", ""PN10-3.edf"", ""PN10-4.5.6.edf"", ""PN10-7.8.9.edf""]",PN10,C0_LR,PN10-1.edf,nested
9,2,4,465,0,467,24818,57435,300,27,545,56563,0.22222222222222221,0.44444444444444442,29.595318494422148,7,2,2,32.5,21.25,43.75,10,55,0.43876739211145094,360,0.45000000000000001,False,False,"[{""validation_file"": ""PN10-10.edf"", ""train_files"": [""PN10-2.edf"", ""PN10-3.edf"", ""PN10-4.5.6.edf"", ""PN10-7.8.9.edf""]}, {""validation_file"": ""PN10-2.edf"", ""train_files"": [""PN10-10.edf"", ""PN10-3.edf"", ""PN10-4.5.6.edf"", ""PN10-7.8.9.edf""]}, {""validation_file"": ""PN10-3.edf"", ""train_files"": [""PN10-10.edf"", ""PN10-2.edf"", ""PN10-4.5.6.edf"", ""PN10-7.8.9.edf""]}, {""validation_file"": ""PN10-4.5.6.edf"", ""train_files"": [""PN10-10.edf"", ""PN10-2.edf"", ""PN10-3.edf"", ""PN10-7.8.9.edf""]}, {""validation_file"": ""PN10-7.8.9.edf"", ""train_files"": [""PN10-10.edf"", ""PN10-2.edf"", ""PN10-3.edf"", ""PN10-4.5.6.edf""]}]","[""PN10-10.edf"", ""PN10-2.edf"", ""PN10-3.edf"", ""PN10-4.5.6.edf"", ""PN10-7.8.9.edf""]",PN10,C0_LR,PN10-1.edf,nested
9,2,4,436,0,438,20718,57435,300,27,545,56563,0.22222222222222221,0.44444444444444442,27.7495889539098,7,2,2,32.5,21.25,43.75,10,55,0.36628184502236444,355,0.5,False,False,"[{""validation_file"": ""PN10-10.edf"", ""train_files"": [""PN10-2.edf"", ""PN10-3.edf"", ""PN10-4.5.6.edf"", ""PN10-7.8.9.edf""]}, {""validation_file"": ""PN10-2.edf"", ""train_files"": [""PN10-10.edf"", ""PN10-3.edf"", ""PN10-4.5.6.edf"", ""PN10-7.8.9.edf""]}, {""validation_file"": ""PN10-3.edf"", ""train_files"": [""PN10-10.edf"", ""PN10-2.edf"", ""PN10-4.5.6.edf"", ""PN10-7.8.9.edf""]}, {""validation_file"": ""PN10-4.5.6.edf"", ""train_files"": [""PN10-10.edf"", ""PN10-2.edf"", ""PN10-3.edf"", ""PN10-7.8.9.edf""]}, {""validation_file"": ""PN10-7.8.9.edf"", ""train_files"": [""PN10-10.edf"", ""PN10-2.edf"", ""PN10-3.edf"", ""PN10-4.5.6.edf""]}]","[""PN10-10.edf"", ""PN10-2.edf"", ""PN10-3.edf"", ""PN10-4.5.6.edf"", ""PN10-7.8.9.edf""]",PN10,C0_LR,PN10-1.edf,nested
9,1,3,405,0,406,16805,57435,300,27,545,56563,0.1111111111111111,0.33333333333333331,25.776567720948321,8,1,1,10,10,10,10,10,0.29710234605660946,355,0.55000000000000004,False,False,"[{""validation_file"": ""PN10-10.edf"", ""train_files"": [""PN10-2.edf"", ""PN10-3.edf"", ""PN10-4.5.6.edf"", ""PN10-7.8.9.edf""]}, {""validation_file"": ""PN10-2.edf"", ""train_files"": [""PN10-10.edf"", ""PN10-3.edf"", ""PN10-4.5.6.edf"", ""PN10-7.8.9.edf""]}, {""validation_file"": ""PN10-3.edf"", ""train_files"": [""PN10-10.edf"", ""PN10-2.edf"", ""PN10-4.5.6.edf"", ""PN10-7.8.9.edf""]}, {""validation_file"": ""PN10-4.5.6.edf"", ""train_files"": [""PN10-10.edf"", ""PN10-2.edf"", ""PN10-3.edf"", ""PN10-7.8.9.edf""]}, {""validation_file"": ""PN10-7.8.9.edf"", ""train_files"": [""PN10-10.edf"", ""PN10-2.edf"", ""PN10-3.edf"", ""PN10-4.5.6.edf""]}]","[""PN10-10.edf"", ""PN10-2.edf"", ""PN10-3.edf"", ""PN10-4.5.6.edf"", ""PN10-7.8.9.edf""]",PN10,C0_LR,PN10-1.edf,nested
9,1,3,357,0,358,13155,57435,300,27,545,56563,0.1111111111111111,0.33333333333333331,22.721567102169264,8,1,1,10,10,10,10,10,0.23257252974559342,345,0.59999999999999998,False,False,"[{""validation_file"": ""PN10-10.edf"", ""train_files"": [""PN10-2.edf"", ""PN10-3.edf"", ""PN10-4.5.6.edf"", ""PN10-7.8.9.edf""]}, {""validation_file"": ""PN10-2.edf"", ""train_files"": [""PN10-10.edf"", ""PN10-3.edf"", ""PN10-4.5.6.edf"", ""PN10-7.8.9.edf""]}, {""validation_file"": ""PN10-3.edf"", ""train_files"": [""PN10-10.edf"", ""PN10-2.edf"", ""PN10-4.5.6.edf"", ""PN10-7.8.9.edf""]}, {""validation_file"": ""PN10-4.5.6.edf"", ""train_files"": [""PN10-10.edf"", ""PN10-2.edf"", ""PN10-3.edf"", ""PN10-7.8.9.edf""]}, {""validation_file"": ""PN10-7.8.9.edf"", ""train_files"": [""PN10-10.edf"", ""PN10-2.edf"", ""PN10-3.edf"", ""PN10-4.5.6.edf""]}]","[""PN10-10.edf"", ""PN10-2.edf"", ""PN10-3.edf"", ""PN10-4.5.6.edf"", ""PN10-7.8.9.edf""]",PN10,C0_LR,PN10-1.edf,nested
9,1,3,307,0,308,9830,57435,300,27,545,56563,0.1111111111111111,0.33333333333333331,19.539274790941075,8,1,1,25,25,25,25,25,0.17378851899651715,345,0.65000000000000002,False,False,"[{""validation_file"": ""PN10-10.edf"", ""train_files"": [""PN10-2.edf"", ""PN10-3.edf"", ""PN10-4.5.6.edf"", ""PN10-7.8.9.edf""]}, {""validation_file"": ""PN10-2.edf"", ""train_files"": [""PN10-10.edf"", ""PN10-3.edf"", ""PN10-4.5.6.edf"", ""PN10-7.8.9.edf""]}, {""validation_file"": ""PN10-3.edf"", ""train_files"": [""PN10-10.edf"", ""PN10-2.edf"", ""PN10-4.5.6.edf"", ""PN10-7.8.9.edf""]}, {""validation_file"": ""PN10-4.5.6.edf"", ""train_files"": [""PN10-10.edf"", ""PN10-2.edf"", ""PN10-3.edf"", ""PN10-7.8.9.edf""]}, {""validation_file"": ""PN10-7.8.9.edf"", ""train_files"": [""PN10-10.edf"", ""PN10-2.edf"", ""PN10-3.edf"", ""PN10-4.5.6.edf""]}]","[""PN10-10.edf"", ""PN10-2.edf"", ""PN10-3.edf"", ""PN10-4.5.6.edf"", ""PN10-7.8.9.edf""]",PN10,C0_LR,PN10-1.edf,nested
9,2,3,236,1,238,6790,57435,300,27,545,56563,0.22222222222222221,0.33333333333333331,15.020419708997048,7,2,2,16,9,23,2,30,0.12004313774021887,335,0.69999999999999996,False,False,"[{""validation_file"": ""PN10-10.edf"", ""train_files"": [""PN10-2.edf"", ""PN10-3.edf"", ""PN10-4.5.6.edf"", ""PN10-7.8.9.edf""]}, {""validation_file"": ""PN10-2.edf"", ""train_files"": [""PN10-10.edf"", ""PN10-3.edf"", ""PN10-4.5.6.edf"", ""PN10-7.8.9.edf""]}, {""validation_file"": ""PN10-3.edf"", ""train_files"": [""PN10-10.edf"", ""PN10-2.edf"", ""PN10-4.5.6.edf"", ""PN10-7.8.9.edf""]}, {""validation_file"": ""PN10-4.5.6.edf"", ""train_files"": [""PN10-10.edf"", ""PN10-2.edf"", ""PN10-3.edf"", ""PN10-7.8.9.edf""]}, {""validation_file"": ""PN10-7.8.9.edf"", ""train_files"": [""PN10-10.edf"", ""PN10-2.edf"", ""PN10-3.edf"", ""PN10-4.5.6.edf""]}]","[""PN10-10.edf"", ""PN10-2.edf"", ""PN10-3.edf"", ""PN10-4.5.6.edf"", ""PN10-7.8.9.edf""]",PN10,C0_LR,PN10-1.edf,nested
9,2,3,161,0,163,4315,57435,300,27,545,56563,0.22222222222222221,0.33333333333333331,10.246981242154765,7,2,2,18.5,12.75,24.25,7,30,0.07628661846083129,270,0.75,False,False,"[{""validation_file"": ""PN10-10.edf"", ""train_files"": [""PN10-2.edf"", ""PN10-3.edf"", ""PN10-4.5.6.edf"", ""PN10-7.8.9.edf""]}, {""validation_file"": ""PN10-2.edf"", ""train_files"": [""PN10-10.edf"", ""PN10-3.edf"", ""PN10-4.5.6.edf"", ""PN10-7.8.9.edf""]}, {""validation_file"": ""PN10-3.edf"", ""train_files"": [""PN10-10.edf"", ""PN10-2.edf"", ""PN10-4.5.6.edf"", ""PN10-7.8.9.edf""]}, {""validation_file"": ""PN10-4.5.6.edf"", ""train_files"": [""PN10-10.edf"", ""PN10-2.edf"", ""PN10-3.edf"", ""PN10-7.8.9.edf""]}, {""validation_file"": ""PN10-7.8.9.edf"", ""train_files"": [""PN10-10.edf"", ""PN10-2.edf"", ""PN10-3.edf"", ""PN10-4.5.6.edf""]}]","[""PN10-10.edf"", ""PN10-2.edf"", ""PN10-3.edf"", ""PN10-4.5.6.edf"", ""PN10-7.8.9.edf""]",PN10,C0_LR,PN10-1.edf,nested
9,0,1,104,0,104,2755,57435,300,27,545,56563,0,0.1111111111111111,6.6191680073546308,9,0,0,,,,,,0.048706751763520323,270,0.80000000000000004,False,False,"[{""validation_file"": ""PN10-10.edf"", ""train_files"": [""PN10-2.edf"", ""PN10-3.edf"", ""PN10-4.5.6.edf"", ""PN10-7.8.9.edf""]}, {""validation_file"": ""PN10-2.edf"", ""train_files"": [""PN10-10.edf"", ""PN10-3.edf"", ""PN10-4.5.6.edf"", ""PN10-7.8.9.edf""]}, {""validation_file"": ""PN10-3.edf"", ""train_files"": [""PN10-10.edf"", ""PN10-2.edf"", ""PN10-4.5.6.edf"", ""PN10-7.8.9.edf""]}, {""validation_file"": ""PN10-4.5.6.edf"", ""train_files"": [""PN10-10.edf"", ""PN10-2.edf"", ""PN10-3.edf"", ""PN10-7.8.9.edf""]}, {""validation_file"": ""PN10-7.8.9.edf"", ""train_files"": [""PN10-10.edf"", ""PN10-2.edf"", ""PN10-3.edf"", ""PN10-4.5.6.edf""]}]","[""PN10-10.edf"", ""PN10-2.edf"", ""PN10-3.edf"", ""PN10-4.5.6.edf"", ""PN10-7.8.9.edf""]",PN10,C0_LR,PN10-1.edf,nested
9,0,1,63,0,63,1800,57435,300,27,545,56563,0,0.1111111111111111,4.0096883121475173,9,0,0,,,,,,0.031822923112281881,265,0.84999999999999998,False,False,"[{""validation_file"": ""PN10-10.edf"", ""train_files"": [""PN10-2.edf"", ""PN10-3.edf"", ""PN10-4.5.6.edf"", ""PN10-7.8.9.edf""]}, {""validation_file"": ""PN10-2.edf"", ""train_files"": [""PN10-10.edf"", ""PN10-3.edf"", ""PN10-4.5.6.edf"", ""PN10-7.8.9.edf""]}, {""validation_file"": ""PN10-3.edf"", ""train_files"": [""PN10-10.edf"", ""PN10-2.edf"", ""PN10-4.5.6.edf"", ""PN10-7.8.9.edf""]}, {""validation_file"": ""PN10-4.5.6.edf"", ""train_files"": [""PN10-10.edf"", ""PN10-2.edf"", ""PN10-3.edf"", ""PN10-7.8.9.edf""]}, {""validation_file"": ""PN10-7.8.9.edf"", ""train_files"": [""PN10-10.edf"", ""PN10-2.edf"", ""PN10-3.edf"", ""PN10-4.5.6.edf""]}]","[""PN10-10.edf"", ""PN10-2.edf"", ""PN10-3.edf"", ""PN10-4.5.6.edf"", ""PN10-7.8.9.edf""]",PN10,C0_LR,PN10-1.edf,nested
9,0,1,40,0,40,1135,57435,300,27,545,56563,0,0.1111111111111111,2.5458338489825505,9,0,0,,,,,,0.02006612096246663,245,0.90000000000000002,False,False,"[{""validation_file"": ""PN10-10.edf"", ""train_files"": [""PN10-2.edf"", ""PN10-3.edf"", ""PN10-4.5.6.edf"", ""PN10-7.8.9.edf""]}, {""validation_file"": ""PN10-2.edf"", ""train_files"": [""PN10-10.edf"", ""PN10-3.edf"", ""PN10-4.5.6.edf"", ""PN10-7.8.9.edf""]}, {""validation_file"": ""PN10-3.edf"", ""train_files"": [""PN10-10.edf"", ""PN10-2.edf"", ""PN10-4.5.6.edf"", ""PN10-7.8.9.edf""]}, {""validation_file"": ""PN10-4.5.6.edf"", ""train_files"": [""PN10-10.edf"", ""PN10-2.edf"", ""PN10-3.edf"", ""PN10-7.8.9.edf""]}, {""validation_file"": ""PN10-7.8.9.edf"", ""train_files"": [""PN10-10.edf"", ""PN10-2.edf"", ""PN10-3.edf"", ""PN10-4.5.6.edf""]}]","[""PN10-10.edf"", ""PN10-2.edf"", ""PN10-3.edf"", ""PN10-4.5.6.edf"", ""PN10-7.8.9.edf""]",PN10,C0_LR,PN10-1.edf,nested
9,0,1,24,0,24,750,57435,300,27,545,56563,0,0.1111111111111111,1.5275003093895303,9,0,0,,,,,,0.013259551296784116,230,0.94999999999999996,False,False,"[{""validation_file"": ""PN10-10.edf"", ""train_files"": [""PN10-2.edf"", ""PN10-3.edf"", ""PN10-4.5.6.edf"", ""PN10-7.8.9.edf""]}, {""validation_file"": ""PN10-2.edf"", ""train_files"": [""PN10-10.edf"", ""PN10-3.edf"", ""PN10-4.5.6.edf"", ""PN10-7.8.9.edf""]}, {""validation_file"": ""PN10-3.edf"", ""train_files"": [""PN10-10.edf"", ""PN10-2.edf"", ""PN10-4.5.6.edf"", ""PN10-7.8.9.edf""]}, {""validation_file"": ""PN10-4.5.6.edf"", ""train_files"": [""PN10-10.edf"", ""PN10-2.edf"", ""PN10-3.edf"", ""PN10-7.8.9.edf""]}, {""validation_file"": ""PN10-7.8.9.edf"", ""train_files"": [""PN10-10.edf"", ""PN10-2.edf"", ""PN10-3.edf"", ""PN10-4.5.6.edf""]}]","[""PN10-10.edf"", ""PN10-2.edf"", ""PN10-3.edf"", ""PN10-4.5.6.edf"", ""PN10-7.8.9.edf""]",PN10,C0_LR,PN10-1.edf,nested
9,0,0,0,0,0,0,57435,300,27,545,56563,0,0,0,9,0,0,,,,,,0,0,1.01,True,True,"[{""validation_file"": ""PN10-10.edf"", ""train_files"": [""PN10-2.edf"", ""PN10-3.edf"", ""PN10-4.5.6.edf"", ""PN10-7.8.9.edf""]}, {""validation_file"": ""PN10-2.edf"", ""train_files"": [""PN10-10.edf"", ""PN10-3.edf"", ""PN10-4.5.6.edf"", ""PN10-7.8.9.edf""]}, {""validation_file"": ""PN10-3.edf"", ""train_files"": [""PN10-10.edf"", ""PN10-2.edf"", ""PN10-4.5.6.edf"", ""PN10-7.8.9.edf""]}, {""validation_file"": ""PN10-4.5.6.edf"", ""train_files"": [""PN10-10.edf"", ""PN10-2.edf"", ""PN10-3.edf"", ""PN10-7.8.9.edf""]}, {""validation_file"": ""PN10-7.8.9.edf"", ""train_files"": [""PN10-10.edf"", ""PN10-2.edf"", ""PN10-3.edf"", ""PN10-4.5.6.edf""]}]","[""PN10-10.edf"", ""PN10-2.edf"", ""PN10-3.edf"", ""PN10-4.5.6.edf"", ""PN10-7.8.9.edf""]",PN10,C0_LR,PN10-1.edf,nested
9,3,8,160,0,163,43515,58852,300,27,9960,48565,0.33333333333333331,0.88888888888888884,11.860393287346854,6,3,3,10,5.5,21,1,32,0.89601564913003195,8175,0.050000000000000003,False,False,"[{""validation_file"": ""PN10-1.edf"", ""train_files"": [""PN10-2.edf"", ""PN10-3.edf"", ""PN10-4.5.6.edf"", ""PN10-7.8.9.edf""]}, {""validation_file"": ""PN10-2.edf"", ""train_files"": [""PN10-1.edf"", ""PN10-3.edf"", ""PN10-4.5.6.edf"", ""PN10-7.8.9.edf""]}, {""validation_file"": ""PN10-3.edf"", ""train_files"": [""PN10-1.edf"", ""PN10-2.edf"", ""PN10-4.5.6.edf"", ""PN10-7.8.9.edf""]}, {""validation_file"": ""PN10-4.5.6.edf"", ""train_files"": [""PN10-1.edf"", ""PN10-2.edf"", ""PN10-3.edf"", ""PN10-7.8.9.edf""]}, {""validation_file"": ""PN10-7.8.9.edf"", ""train_files"": [""PN10-1.edf"", ""PN10-2.edf"", ""PN10-3.edf"", ""PN10-4.5.6.edf""]}]","[""PN10-1.edf"", ""PN10-2.edf"", ""PN10-3.edf"", ""PN10-4.5.6.edf"", ""PN10-7.8.9.edf""]",PN10,C0_LR,PN10-10.edf,nested
9,2,7,197,0,199,41560,58852,300,27,9960,48565,0.22222222222222221,0.77777777777777779,14.603109235045816,7,2,2,26,18,34,10,42,0.85576032121898482,8170,0.10000000000000001,False,False,"[{""validation_file"": ""PN10-1.edf"", ""train_files"": [""PN10-2.edf"", ""PN10-3.edf"", ""PN10-4.5.6.edf"", ""PN10-7.8.9.edf""]}, {""validation_file"": ""PN10-2.edf"", ""train_files"": [""PN10-1.edf"", ""PN10-3.edf"", ""PN10-4.5.6.edf"", ""PN10-7.8.9.edf""]}, {""validation_file"": ""PN10-3.edf"", ""train_files"": [""PN10-1.edf"", ""PN10-2.edf"", ""PN10-4.5.6.edf"", ""PN10-7.8.9.edf""]}, {""validation_file"": ""PN10-4.5.6.edf"", ""train_files"": [""PN10-1.edf"", ""PN10-2.edf"", ""PN10-3.edf"", ""PN10-7.8.9.edf""]}, {""validation_file"": ""PN10-7.8.9.edf"", ""train_files"": [""PN10-1.edf"", ""PN10-2.edf"", ""PN10-3.edf"", ""PN10-4.5.6.edf""]}]","[""PN10-1.edf"", ""PN10-2.edf"", ""PN10-3.edf"", ""PN10-4.5.6.edf"", ""PN10-7.8.9.edf""]",PN10,C0_LR,PN10-10.edf,nested
9,2,7,232,0,234,39990,58852,300,27,9960,48565,0.22222222222222221,0.77777777777777779,17.197570266652939,7,2,2,26,18,34,10,42,0.82343251312673738,4035,0.14999999999999999,False,False,"[{""validation_file"": ""PN10-1.edf"", ""train_files"": [""PN10-2.edf"", ""PN10-3.edf"", ""PN10-4.5.6.edf"", ""PN10-7.8.9.edf""]}, {""validation_file"": ""PN10-2.edf"", ""train_files"": [""PN10-1.edf"", ""PN10-3.edf"", ""PN10-4.5.6.edf"", ""PN10-7.8.9.edf""]}, {""validation_file"": ""PN10-3.edf"", ""train_files"": [""PN10-1.edf"", ""PN10-2.edf"", ""PN10-4.5.6.edf"", ""PN10-7.8.9.edf""]}, {""validation_file"": ""PN10-4.5.6.edf"", ""train_files"": [""PN10-1.edf"", ""PN10-2.edf"", ""PN10-3.edf"", ""PN10-7.8.9.edf""]}, {""validation_file"": ""PN10-7.8.9.edf"", ""train_files"": [""PN10-1.edf"", ""PN10-2.edf"", ""PN10-3.edf"", ""PN10-4.5.6.edf""]}]","[""PN10-1.edf"", ""PN10-2.edf"", ""PN10-3.edf"", ""PN10-4.5.6.edf"", ""PN10-7.8.9.edf""]",PN10,C0_LR,PN10-10.edf,nested
9,2,7,271,0,273,38352,58852,300,27,9960,48565,0.22222222222222221,0.77777777777777779,20.088541130443737,7,2,2,28.5,19.25,37.75,10,47,0.78970451971584477,1980,0.20000000000000001,False,False,"[{""validation_file"": ""PN10-1.edf"", ""train_files"": [""PN10-2.edf"", ""PN10-3.edf"", ""PN10-4.5.6.edf"", ""PN10-7.8.9.edf""]}, {""validation_file"": ""PN10-2.edf"", ""train_files"": [""PN10-1.edf"", ""PN10-3.edf"", ""PN10-4.5.6.edf"", ""PN10-7.8.9.edf""]}, {""validation_file"": ""PN10-3.edf"", ""train_files"": [""PN10-1.edf"", ""PN10-2.edf"", ""PN10-4.5.6.edf"", ""PN10-7.8.9.edf""]}, {""validation_file"": ""PN10-4.5.6.edf"", ""train_files"": [""PN10-1.edf"", ""PN10-2.edf"", ""PN10-3.edf"", ""PN10-7.8.9.edf""]}, {""validation_file"": ""PN10-7.8.9.edf"", ""train_files"": [""PN10-1.edf"", ""PN10-2.edf"", ""PN10-3.edf"", ""PN10-4.5.6.edf""]}]","[""PN10-1.edf"", ""PN10-2.edf"", ""PN10-3.edf"", ""PN10-4.5.6.edf"", ""PN10-7.8.9.edf""]",PN10,C0_LR,PN10-10.edf,nested
9,2,6,313,0,315,36377,58852,300,27,9960,48565,0.22222222222222221,0.66666666666666663,23.201894368372283,7,2,2,28.5,19.25,37.75,10,47,0.74903737259343151,1680,0.25,False,False,"[{""validation_file"": ""PN10-1.edf"", ""train_files"": [""PN10-2.edf"", ""PN10-3.edf"", ""PN10-4.5.6.edf"", ""PN10-7.8.9.edf""]}, {""validation_file"": ""PN10-2.edf"", ""train_files"": [""PN10-1.edf"", ""PN10-3.edf"", ""PN10-4.5.6.edf"", ""PN10-7.8.9.edf""]}, {""validation_file"": ""PN10-3.edf"", ""train_files"": [""PN10-1.edf"", ""PN10-2.edf"", ""PN10-4.5.6.edf"", ""PN10-7.8.9.edf""]}, {""validation_file"": ""PN10-4.5.6.edf"", ""train_files"": [""PN10-1.edf"", ""PN10-2.edf"", ""PN10-3.edf"", ""PN10-7.8.9.edf""]}, {""validation_file"": ""PN10-7.8.9.edf"", ""train_files"": [""PN10-1.edf"", ""PN10-2.edf"", ""PN10-3.edf"", ""PN10-4.5.6.edf""]}]","[""PN10-1.edf"", ""PN10-2.edf"", ""PN10-3.edf"", ""PN10-4.5.6.edf"", ""PN10-7.8.9.edf""]",PN10,C0_LR,PN10-10.edf,nested
9,2,6,372,0,374,33407,58852,300,27,9960,48565,0.22222222222222221,0.66666666666666663,27.575414393081438,7,2,2,28.5,19.25,37.75,10,47,0.6878822197055493,1145,0.29999999999999999,False,False,"[{""validation_file"": ""PN10-1.edf"", ""train_files"": [""PN10-2.edf"", ""PN10-3.edf"", ""PN10-4.5.6.edf"", ""PN10-7.8.9.edf""]}, {""validation_file"": ""PN10-2.edf"", ""train_files"": [""PN10-1.edf"", ""PN10-3.edf"", ""PN10-4.5.6.edf"", ""PN10-7.8.9.edf""]}, {""validation_file"": ""PN10-3.edf"", ""train_files"": [""PN10-1.edf"", ""PN10-2.edf"", ""PN10-4.5.6.edf"", ""PN10-7.8.9.edf""]}, {""validation_file"": ""PN10-4.5.6.edf"", ""train_files"": [""PN10-1.edf"", ""PN10-2.edf"", ""PN10-3.edf"", ""PN10-7.8.9.edf""]}, {""validation_file"": ""PN10-7.8.9.edf"", ""train_files"": [""PN10-1.edf"", ""PN10-2.edf"", ""PN10-3.edf"", ""PN10-4.5.6.edf""]}]","[""PN10-1.edf"", ""PN10-2.edf"", ""PN10-3.edf"", ""PN10-4.5.6.edf"", ""PN10-7.8.9.edf""]",PN10,C0_LR,PN10-10.edf,nested
9,4,6,402,0,406,30187,58852,300,27,9960,48565,0.44444444444444442,0.66666666666666663,29.799238134458971,5,4,4,16,7.75,28.25,1,47,0.62157932667558946,730,0.34999999999999998,False,False,"[{""validation_file"": ""PN10-1.edf"", ""train_files"": [""PN10-2.edf"", ""PN10-3.edf"", ""PN10-4.5.6.edf"", ""PN10-7.8.9.edf""]}, {""validation_file"": ""PN10-2.edf"", ""train_files"": [""PN10-1.edf"", ""PN10-3.edf"", ""PN10-4.5.6.edf"", ""PN10-7.8.9.edf""]}, {""validation_file"": ""PN10-3.edf"", ""train_files"": [""PN10-1.edf"", ""PN10-2.edf"", ""PN10-4.5.6.edf"", ""PN10-7.8.9.edf""]}, {""validation_file"": ""PN10-4.5.6.edf"", ""train_files"": [""PN10-1.edf"", ""PN10-2.edf"", ""PN10-3.edf"", ""PN10-7.8.9.edf""]}, {""validation_file"": ""PN10-7.8.9.edf"", ""train_files"": [""PN10-1.edf"", ""PN10-2.edf"", ""PN10-3.edf"", ""PN10-4.5.6.edf""]}]","[""PN10-1.edf"", ""PN10-2.edf"", ""PN10-3.edf"", ""PN10-4.5.6.edf"", ""PN10-7.8.9.edf""]",PN10,C0_LR,PN10-10.edf,nested
9,3,5,430,0,433,26620,58852,300,27,9960,48565,0.33333333333333331,0.55555555555555558,31.874806959744671,6,3,3,10,5.5,28.5,1,47,0.54813137032842585,400,0.40000000000000002,False,False,"[{""validation_file"": ""PN10-1.edf"", ""train_files"": [""PN10-2.edf"", ""PN10-3.edf"", ""PN10-4.5.6.edf"", ""PN10-7.8.9.edf""]}, {""validation_file"": ""PN10-2.edf"", ""train_files"": [""PN10-1.edf"", ""PN10-3.edf"", ""PN10-4.5.6.edf"", ""PN10-7.8.9.edf""]}, {""validation_file"": ""PN10-3.edf"", ""train_files"": [""PN10-1.edf"", ""PN10-2.edf"", ""PN10-4.5.6.edf"", ""PN10-7.8.9.edf""]}, {""validation_file"": ""PN10-4.5.6.edf"", ""train_files"": [""PN10-1.edf"", ""PN10-2.edf"", ""PN10-3.edf"", ""PN10-7.8.9.edf""]}, {""validation_file"": ""PN10-7.8.9.edf"", ""train_files"": [""PN10-1.edf"", ""PN10-2.edf"", ""PN10-3.edf"", ""PN10-4.5.6.edf""]}]","[""PN10-1.edf"", ""PN10-2.edf"", ""PN10-3.edf"", ""PN10-4.5.6.edf"", ""PN10-7.8.9.edf""]",PN10,C0_LR,PN10-10.edf,nested
9,4,5,438,0,442,22650,58852,300,27,9960,48565,0.44444444444444442,0.55555555555555558,32.467826624112014,5,4,4,15,9,26.75,6,47,0.46638525687223309,390,0.45000000000000001,False,False,"[{""validation_file"": ""PN10-1.edf"", ""train_files"": [""PN10-2.edf"", ""PN10-3.edf"", ""PN10-4.5.6.edf"", ""PN10-7.8.9.edf""]}, {""validation_file"": ""PN10-2.edf"", ""train_files"": [""PN10-1.edf"", ""PN10-3.edf"", ""PN10-4.5.6.edf"", ""PN10-7.8.9.edf""]}, {""validation_file"": ""PN10-3.edf"", ""train_files"": [""PN10-1.edf"", ""PN10-2.edf"", ""PN10-4.5.6.edf"", ""PN10-7.8.9.edf""]}, {""validation_file"": ""PN10-4.5.6.edf"", ""train_files"": [""PN10-1.edf"", ""PN10-2.edf"", ""PN10-3.edf"", ""PN10-7.8.9.edf""]}, {""validation_file"": ""PN10-7.8.9.edf"", ""train_files"": [""PN10-1.edf"", ""PN10-2.edf"", ""PN10-3.edf"", ""PN10-4.5.6.edf""]}]","[""PN10-1.edf"", ""PN10-2.edf"", ""PN10-3.edf"", ""PN10-4.5.6.edf"", ""PN10-7.8.9.edf""]",PN10,C0_LR,PN10-10.edf,nested
9,4,5,418,0,422,18695,58852,300,27,9960,48565,0.44444444444444442,0.55555555555555558,30.985277463193658,5,4,4,27.5,9,45.5,6,47,0.38494800782456501,245,0.5,False,False,"[{""validation_file"": ""PN10-1.edf"", ""train_files"": [""PN10-2.edf"", ""PN10-3.edf"", ""PN10-4.5.6.edf"", ""PN10-7.8.9.edf""]}, {""validation_file"": ""PN10-2.edf"", ""train_files"": [""PN10-1.edf"", ""PN10-3.edf"", ""PN10-4.5.6.edf"", ""PN10-7.8.9.edf""]}, {""validation_file"": ""PN10-3.edf"", ""train_files"": [""PN10-1.edf"", ""PN10-2.edf"", ""PN10-4.5.6.edf"", ""PN10-7.8.9.edf""]}, {""validation_file"": ""PN10-4.5.6.edf"", ""train_files"": [""PN10-1.edf"", ""PN10-2.edf"", ""PN10-3.edf"", ""PN10-7.8.9.edf""]}, {""validation_file"": ""PN10-7.8.9.edf"", ""train_files"": [""PN10-1.edf"", ""PN10-2.edf"", ""PN10-3.edf"", ""PN10-4.5.6.edf""]}]","[""PN10-1.edf"", ""PN10-2.edf"", ""PN10-3.edf"", ""PN10-4.5.6.edf"", ""PN10-7.8.9.edf""]",PN10,C0_LR,PN10-10.edf,nested
9,2,4,385,0,387,14972,58852,300,27,9960,48565,0.22222222222222221,0.44444444444444442,28.53907134767837,7,2,2,8,7,9,6,10,0.308287861628745,235,0.55000000000000004,False,False,"[{""validation_file"": ""PN10-1.edf"", ""train_files"": [""PN10-2.edf"", ""PN10-3.edf"", ""PN10-4.5.6.edf"", ""PN10-7.8.9.edf""]}, {""validation_file"": ""PN10-2.edf"", ""train_files"": [""PN10-1.edf"", ""PN10-3.edf"", ""PN10-4.5.6.edf"", ""PN10-7.8.9.edf""]}, {""validation_file"": ""PN10-3.edf"", ""train_files"": [""PN10-1.edf"", ""PN10-2.edf"", ""PN10-4.5.6.edf"", ""PN10-7.8.9.edf""]}, {""validation_file"": ""PN10-4.5.6.edf"", ""train_files"": [""PN10-1.edf"", ""PN10-2.edf"", ""PN10-3.edf"", ""PN10-7.8.9.edf""]}, {""validation_file"": ""PN10-7.8.9.edf"", ""train_files"": [""PN10-1.edf"", ""PN10-2.edf"", ""PN10-3.edf"", ""PN10-4.5.6.edf""]}]","[""PN10-1.edf"", ""PN10-2.edf"", ""PN10-3.edf"", ""PN10-4.5.6.edf"", ""PN10-7.8.9.edf""]",PN10,C0_LR,PN10-10.edf,nested
9,2,3,334,0,336,11282,58852,300,27,9960,48565,0.22222222222222221,0.33333333333333331,24.758570987336558,7,2,2,10.5,10.25,10.75,10,11,0.23230721713167921,235,0.59999999999999998,False,False,"[{""validation_file"": ""PN10-1.edf"", ""train_files"": [""PN10-2.edf"", ""PN10-3.edf"", ""PN10-4.5.6.edf"", ""PN10-7.8.9.edf""]}, {""validation_file"": ""PN10-2.edf"", ""train_files"": [""PN10-1.edf"", ""PN10-3.edf"", ""PN10-4.5.6.edf"", ""PN10-7.8.9.edf""]}, {""validation_file"": ""PN10-3.edf"", ""train_files"": [""PN10-1.edf"", ""PN10-2.edf"", ""PN10-4.5.6.edf"", ""PN10-7.8.9.edf""]}, {""validation_file"": ""PN10-4.5.6.edf"", ""train_files"": [""PN10-1.edf"", ""PN10-2.edf"", ""PN10-3.edf"", ""PN10-7.8.9.edf""]}, {""validation_file"": ""PN10-7.8.9.edf"", ""train_files"": [""PN10-1.edf"", ""PN10-2.edf"", ""PN10-3.edf"", ""PN10-4.5.6.edf""]}]","[""PN10-1.edf"", ""PN10-2.edf"", ""PN10-3.edf"", ""PN10-4.5.6.edf"", ""PN10-7.8.9.edf""]",PN10,C0_LR,PN10-10.edf,nested
9,3,3,281,0,284,7787,58852,300,27,9960,48565,0.33333333333333331,0.33333333333333331,20.829815710902913,6,3,3,10,6,10.5,2,11,0.16034180994543396,100,0.65000000000000002,False,False,"[{""validation_file"": ""PN10-1.edf"", ""train_files"": [""PN10-2.edf"", ""PN10-3.edf"", ""PN10-4.5.6.edf"", ""PN10-7.8.9.edf""]}, {""validation_file"": ""PN10-2.edf"", ""train_files"": [""PN10-1.edf"", ""PN10-3.edf"", ""PN10-4.5.6.edf"", ""PN10-7.8.9.edf""]}, {""validation_file"": ""PN10-3.edf"", ""train_files"": [""PN10-1.edf"", ""PN10-2.edf"", ""PN10-4.5.6.edf"", ""PN10-7.8.9.edf""]}, {""validation_file"": ""PN10-4.5.6.edf"", ""train_files"": [""PN10-1.edf"", ""PN10-2.edf"", ""PN10-3.edf"", ""PN10-7.8.9.edf""]}, {""validation_file"": ""PN10-7.8.9.edf"", ""train_files"": [""PN10-1.edf"", ""PN10-2.edf"", ""PN10-3.edf"", ""PN10-4.5.6.edf""]}]","[""PN10-1.edf"", ""PN10-2.edf"", ""PN10-3.edf"", ""PN10-4.5.6.edf"", ""PN10-7.8.9.edf""]",PN10,C0_LR,PN10-10.edf,nested
9,3,3,191,0,194,4870,58852,300,27,9960,48565,0.33333333333333331,0.33333333333333331,14.158344486770307,6,3,3,11,6.5,13,2,15,0.1002779779676722,90,0.69999999999999996,False,False,"[{""validation_file"": ""PN10-1.edf"", ""train_files"": [""PN10-2.edf"", ""PN10-3.edf"", ""PN10-4.5.6.edf"", ""PN10-7.8.9.edf""]}, {""validation_file"": ""PN10-2.edf"", ""train_files"": [""PN10-1.edf"", ""PN10-3.edf"", ""PN10-4.5.6.edf"", ""PN10-7.8.9.edf""]}, {""validation_file"": ""PN10-3.edf"", ""train_files"": [""PN10-1.edf"", ""PN10-2.edf"", ""PN10-4.5.6.edf"", ""PN10-7.8.9.edf""]}, {""validation_file"": ""PN10-4.5.6.edf"", ""train_files"": [""PN10-1.edf"", ""PN10-2.edf"", ""PN10-3.edf"", ""PN10-7.8.9.edf""]}, {""validation_file"": ""PN10-7.8.9.edf"", ""train_files"": [""PN10-1.edf"", ""PN10-2.edf"", ""PN10-3.edf"", ""PN10-4.5.6.edf""]}]","[""PN10-1.edf"", ""PN10-2.edf"", ""PN10-3.edf"", ""PN10-4.5.6.edf"", ""PN10-7.8.9.edf""]",PN10,C0_LR,PN10-10.edf,nested
9,3,3,127,0,130,2895,58852,300,27,9960,48565,0.33333333333333331,0.33333333333333331,9.4141871718315659,6,3,3,11,9,15.5,7,20,0.059610830845258929,85,0.75,False,False,"[{""validation_file"": ""PN10-1.edf"", ""train_files"": [""PN10-2.edf"", ""PN10-3.edf"", ""PN10-4.5.6.edf"", ""PN10-7.8.9.edf""]}, {""validation_file"": ""PN10-2.edf"", ""train_files"": [""PN10-1.edf"", ""PN10-3.edf"", ""PN10-4.5.6.edf"", ""PN10-7.8.9.edf""]}, {""validation_file"": ""PN10-3.edf"", ""train_files"": [""PN10-1.edf"", ""PN10-2.edf"", ""PN10-4.5.6.edf"", ""PN10-7.8.9.edf""]}, {""validation_file"": ""PN10-4.5.6.edf"", ""train_files"": [""PN10-1.edf"", ""PN10-2.edf"", ""PN10-3.edf"", ""PN10-7.8.9.edf""]}, {""validation_file"": ""PN10-7.8.9.edf"", ""train_files"": [""PN10-1.edf"", ""PN10-2.edf"", ""PN10-3.edf"", ""PN10-4.5.6.edf""]}]","[""PN10-1.edf"", ""PN10-2.edf"", ""PN10-3.edf"", ""PN10-4.5.6.edf"", ""PN10-7.8.9.edf""]",PN10,C0_LR,PN10-10.edf,nested
9,1,1,86,0,87,1685,58852,300,27,9960,48565,0.1111111111111111,0.1111111111111111,6.3749613919489345,8,1,1,16,16,16,16,16,0.034695768557603215,85,0.80000000000000004,False,False,"[{""validation_file"": ""PN10-1.edf"", ""train_files"": [""PN10-2.edf"", ""PN10-3.edf"", ""PN10-4.5.6.edf"", ""PN10-7.8.9.edf""]}, {""validation_file"": ""PN10-2.edf"", ""train_files"": [""PN10-1.edf"", ""PN10-3.edf"", ""PN10-4.5.6.edf"", ""PN10-7.8.9.edf""]}, {""validation_file"": ""PN10-3.edf"", ""train_files"": [""PN10-1.edf"", ""PN10-2.edf"", ""PN10-4.5.6.edf"", ""PN10-7.8.9.edf""]}, {""validation_file"": ""PN10-4.5.6.edf"", ""train_files"": [""PN10-1.edf"", ""PN10-2.edf"", ""PN10-3.edf"", ""PN10-7.8.9.edf""]}, {""validation_file"": ""PN10-7.8.9.edf"", ""train_files"": [""PN10-1.edf"", ""PN10-2.edf"", ""PN10-3.edf"", ""PN10-4.5.6.edf""]}]","[""PN10-1.edf"", ""PN10-2.edf"", ""PN10-3.edf"", ""PN10-4.5.6.edf"", ""PN10-7.8.9.edf""]",PN10,C0_LR,PN10-10.edf,nested
9,1,1,44,0,45,880,58852,300,27,9960,48565,0.1111111111111111,0.1111111111111111,3.2616081540203852,8,1,1,16,16,16,16,16,0.018120045300113252,85,0.84999999999999998,False,False,"[{""validation_file"": ""PN10-1.edf"", ""train_files"": [""PN10-2.edf"", ""PN10-3.edf"", ""PN10-4.5.6.edf"", ""PN10-7.8.9.edf""]}, {""validation_file"": ""PN10-2.edf"", ""train_files"": [""PN10-1.edf"", ""PN10-3.edf"", ""PN10-4.5.6.edf"", ""PN10-7.8.9.edf""]}, {""validation_file"": ""PN10-3.edf"", ""train_files"": [""PN10-1.edf"", ""PN10-2.edf"", ""PN10-4.5.6.edf"", ""PN10-7.8.9.edf""]}, {""validation_file"": ""PN10-4.5.6.edf"", ""train_files"": [""PN10-1.edf"", ""PN10-2.edf"", ""PN10-3.edf"", ""PN10-7.8.9.edf""]}, {""validation_file"": ""PN10-7.8.9.edf"", ""train_files"": [""PN10-1.edf"", ""PN10-2.edf"", ""PN10-3.edf"", ""PN10-4.5.6.edf""]}]","[""PN10-1.edf"", ""PN10-2.edf"", ""PN10-3.edf"", ""PN10-4.5.6.edf"", ""PN10-7.8.9.edf""]",PN10,C0_LR,PN10-10.edf,nested
9,0,0,23,0,23,475,58852,300,27,9960,48565,0,0,1.7049315350561103,9,0,0,,,,,,0.0097807062699474933,80,0.90000000000000002,False,False,"[{""validation_file"": ""PN10-1.edf"", ""train_files"": [""PN10-2.edf"", ""PN10-3.edf"", ""PN10-4.5.6.edf"", ""PN10-7.8.9.edf""]}, {""validation_file"": ""PN10-2.edf"", ""train_files"": [""PN10-1.edf"", ""PN10-3.edf"", ""PN10-4.5.6.edf"", ""PN10-7.8.9.edf""]}, {""validation_file"": ""PN10-3.edf"", ""train_files"": [""PN10-1.edf"", ""PN10-2.edf"", ""PN10-4.5.6.edf"", ""PN10-7.8.9.edf""]}, {""validation_file"": ""PN10-4.5.6.edf"", ""train_files"": [""PN10-1.edf"", ""PN10-2.edf"", ""PN10-3.edf"", ""PN10-7.8.9.edf""]}, {""validation_file"": ""PN10-7.8.9.edf"", ""train_files"": [""PN10-1.edf"", ""PN10-2.edf"", ""PN10-3.edf"", ""PN10-4.5.6.edf""]}]","[""PN10-1.edf"", ""PN10-2.edf"", ""PN10-3.edf"", ""PN10-4.5.6.edf"", ""PN10-7.8.9.edf""]",PN10,C0_LR,PN10-10.edf,nested
9,0,0,12,0,12,245,58852,300,27,9960,48565,0,0,0.8895294965510141,9,0,0,,,,,,0.0050447853392360754,75,0.94999999999999996,True,False,"[{""validation_file"": ""PN10-1.edf"", ""train_files"": [""PN10-2.edf"", ""PN10-3.edf"", ""PN10-4.5.6.edf"", ""PN10-7.8.9.edf""]}, {""validation_file"": ""PN10-2.edf"", ""train_files"": [""PN10-1.edf"", ""PN10-3.edf"", ""PN10-4.5.6.edf"", ""PN10-7.8.9.edf""]}, {""validation_file"": ""PN10-3.edf"", ""train_files"": [""PN10-1.edf"", ""PN10-2.edf"", ""PN10-4.5.6.edf"", ""PN10-7.8.9.edf""]}, {""validation_file"": ""PN10-4.5.6.edf"", ""train_files"": [""PN10-1.edf"", ""PN10-2.edf"", ""PN10-3.edf"", ""PN10-7.8.9.edf""]}, {""validation_file"": ""PN10-7.8.9.edf"", ""train_files"": [""PN10-1.edf"", ""PN10-2.edf"", ""PN10-3.edf"", ""PN10-4.5.6.edf""]}]","[""PN10-1.edf"", ""PN10-2.edf"", ""PN10-3.edf"", ""PN10-4.5.6.edf"", ""PN10-7.8.9.edf""]",PN10,C0_LR,PN10-10.edf,nested
9,0,0,0,0,0,0,58852,300,27,9960,48565,0,0,0,9,0,0,,,,,,0,0,1.01,True,True,"[{""validation_file"": ""PN10-1.edf"", ""train_files"": [""PN10-2.edf"", ""PN10-3.edf"", ""PN10-4.5.6.edf"", ""PN10-7.8.9.edf""]}, {""validation_file"": ""PN10-2.edf"", ""train_files"": [""PN10-1.edf"", ""PN10-3.edf"", ""PN10-4.5.6.edf"", ""PN10-7.8.9.edf""]}, {""validation_file"": ""PN10-3.edf"", ""train_files"": [""PN10-1.edf"", ""PN10-2.edf"", ""PN10-4.5.6.edf"", ""PN10-7.8.9.edf""]}, {""validation_file"": ""PN10-4.5.6.edf"", ""train_files"": [""PN10-1.edf"", ""PN10-2.edf"", ""PN10-3.edf"", ""PN10-7.8.9.edf""]}, {""validation_file"": ""PN10-7.8.9.edf"", ""train_files"": [""PN10-1.edf"", ""PN10-2.edf"", ""PN10-3.edf"", ""PN10-4.5.6.edf""]}]","[""PN10-1.edf"", ""PN10-2.edf"", ""PN10-3.edf"", ""PN10-4.5.6.edf"", ""PN10-7.8.9.edf""]",PN10,C0_LR,PN10-10.edf,nested
9,3,8,171,0,174,42428,58863,300,6,9940,48617,0.33333333333333331,0.88888888888888884,12.662237488944196,6,3,3,10,6.5,11,3,12,0.87269885019643334,9060,0.050000000000000003,False,False,"[{""validation_file"": ""PN10-1.edf"", ""train_files"": [""PN10-10.edf"", ""PN10-3.edf"", ""PN10-4.5.6.edf"", ""PN10-7.8.9.edf""]}, {""validation_file"": ""PN10-10.edf"", ""train_files"": [""PN10-1.edf"", ""PN10-3.edf"", ""PN10-4.5.6.edf"", ""PN10-7.8.9.edf""]}, {""validation_file"": ""PN10-3.edf"", ""train_files"": [""PN10-1.edf"", ""PN10-10.edf"", ""PN10-4.5.6.edf"", ""PN10-7.8.9.edf""]}, {""validation_file"": ""PN10-4.5.6.edf"", ""train_files"": [""PN10-1.edf"", ""PN10-10.edf"", ""PN10-3.edf"", ""PN10-7.8.9.edf""]}, {""validation_file"": ""PN10-7.8.9.edf"", ""train_files"": [""PN10-1.edf"", ""PN10-10.edf"", ""PN10-3.edf"", ""PN10-4.5.6.edf""]}]","[""PN10-1.edf"", ""PN10-10.edf"", ""PN10-3.edf"", ""PN10-4.5.6.edf"", ""PN10-7.8.9.edf""]",PN10,C0_LR,PN10-2.edf,nested
9,2,6,196,0,198,39710,58863,300,6,9940,48617,0.22222222222222221,0.66666666666666663,14.513441800193348,7,2,2,21,15.5,26.5,10,32,0.81679247999670901,5305,0.10000000000000001,False,False,"[{""validation_file"": ""PN10-1.edf"", ""train_files"": [""PN10-10.edf"", ""PN10-3.edf"", ""PN10-4.5.6.edf"", ""PN10-7.8.9.edf""]}, {""validation_file"": ""PN10-10.edf"", ""train_files"": [""PN10-1.edf"", ""PN10-3.edf"", ""PN10-4.5.6.edf"", ""PN10-7.8.9.edf""]}, {""validation_file"": ""PN10-3.edf"", ""train_files"": [""PN10-1.edf"", ""PN10-10.edf"", ""PN10-4.5.6.edf"", ""PN10-7.8.9.edf""]}, {""validation_file"": ""PN10-4.5.6.edf"", ""train_files"": [""PN10-1.edf"", ""PN10-10.edf"", ""PN10-3.edf"", ""PN10-7.8.9.edf""]}, {""validation_file"": ""PN10-7.8.9.edf"", ""train_files"": [""PN10-1.edf"", ""PN10-10.edf"", ""PN10-3.edf"", ""PN10-4.5.6.edf""]}]","[""PN10-1.edf"", ""PN10-10.edf"", ""PN10-3.edf"", ""PN10-4.5.6.edf"", ""PN10-7.8.9.edf""]",PN10,C0_LR,PN10-2.edf,nested
9,2,6,250,0,252,37355,58863,300,6,9940,48617,0.22222222222222221,0.66666666666666663,18.512043112491515,7,2,2,21,15.5,26.5,10,32,0.76835263385235619,2090,0.14999999999999999,False,False,"[{""validation_file"": ""PN10-1.edf"", ""train_files"": [""PN10-10.edf"", ""PN10-3.edf"", ""PN10-4.5.6.edf"", ""PN10-7.8.9.edf""]}, {""validation_file"": ""PN10-10.edf"", ""train_files"": [""PN10-1.edf"", ""PN10-3.edf"", ""PN10-4.5.6.edf"", ""PN10-7.8.9.edf""]}, {""validation_file"": ""PN10-3.edf"", ""train_files"": [""PN10-1.edf"", ""PN10-10.edf"", ""PN10-4.5.6.edf"", ""PN10-7.8.9.edf""]}, {""validation_file"": ""PN10-4.5.6.edf"", ""train_files"": [""PN10-1.edf"", ""PN10-10.edf"", ""PN10-3.edf"", ""PN10-7.8.9.edf""]}, {""validation_file"": ""PN10-7.8.9.edf"", ""train_files"": [""PN10-1.edf"", ""PN10-10.edf"", ""PN10-3.edf"", ""PN10-4.5.6.edf""]}]","[""PN10-1.edf"", ""PN10-10.edf"", ""PN10-3.edf"", ""PN10-4.5.6.edf"", ""PN10-7.8.9.edf""]",PN10,C0_LR,PN10-2.edf,nested
9,2,6,297,0,299,34965,58863,300,6,9940,48617,0.22222222222222221,0.66666666666666663,21.992307217639919,7,2,2,21,15.5,26.5,10,32,0.71919287492029538,1770,0.20000000000000001,False,False,"[{""validation_file"": ""PN10-1.edf"", ""train_files"": [""PN10-10.edf"", ""PN10-3.edf"", ""PN10-4.5.6.edf"", ""PN10-7.8.9.edf""]}, {""validation_file"": ""PN10-10.edf"", ""train_files"": [""PN10-1.edf"", ""PN10-3.edf"", ""PN10-4.5.6.edf"", ""PN10-7.8.9.edf""]}, {""validation_file"": ""PN10-3.edf"", ""train_files"": [""PN10-1.edf"", ""PN10-10.edf"", ""PN10-4.5.6.edf"", ""PN10-7.8.9.edf""]}, {""validation_file"": ""PN10-4.5.6.edf"", ""train_files"": [""PN10-1.edf"", ""PN10-10.edf"", ""PN10-3.edf"", ""PN10-7.8.9.edf""]}, {""validation_file"": ""PN10-7.8.9.edf"", ""train_files"": [""PN10-1.edf"", ""PN10-10.edf"", ""PN10-3.edf"", ""PN10-4.5.6.edf""]}]","[""PN10-1.edf"", ""PN10-10.edf"", ""PN10-3.edf"", ""PN10-4.5.6.edf"", ""PN10-7.8.9.edf""]",PN10,C0_LR,PN10-2.edf,nested
9,2,6,331,0,333,32110,58863,300,6,9940,48617,0.22222222222222221,0.66666666666666663,24.509945080938767,7,2,2,26,18,34,10,42,0.66046856038011392,1230,0.25,False,False,"[{""validation_file"": ""PN10-1.edf"", ""train_files"": [""PN10-10.edf"", ""PN10-3.edf"", ""PN10-4.5.6.edf"", ""PN10-7.8.9.edf""]}, {""validation_file"": ""PN10-10.edf"", ""train_files"": [""PN10-1.edf"", ""PN10-3.edf"", ""PN10-4.5.6.edf"", ""PN10-7.8.9.edf""]}, {""validation_file"": ""PN10-3.edf"", ""train_files"": [""PN10-1.edf"", ""PN10-10.edf"", ""PN10-4.5.6.edf"", ""PN10-7.8.9.edf""]}, {""validation_file"": ""PN10-4.5.6.edf"", ""train_files"": [""PN10-1.edf"", ""PN10-10.edf"", ""PN10-3.edf"", ""PN10-7.8.9.edf""]}, {""validation_file"": ""PN10-7.8.9.edf"", ""train_files"": [""PN10-1.edf"", ""PN10-10.edf"", ""PN10-3.edf"", ""PN10-4.5.6.edf""]}]","[""PN10-1.edf"", ""PN10-10.edf"", ""PN10-3.edf"", ""PN10-4.5.6.edf"", ""PN10-7.8.9.edf""]",PN10,C0_LR,PN10-2.edf,nested
9,2,6,366,0,368,29155,58863,300,6,9940,48617,0.22222222222222221,0.66666666666666663,27.101631116687578,7,2,2,26,18,34,10,42,0.59968735216076685,510,0.29999999999999999,False,False,"[{""validation_file"": ""PN10-1.edf"", ""train_files"": [""PN10-10.edf"", ""PN10-3.edf"", ""PN10-4.5.6.edf"", ""PN10-7.8.9.edf""]}, {""validation_file"": ""PN10-10.edf"", ""train_files"": [""PN10-1.edf"", ""PN10-3.edf"", ""PN10-4.5.6.edf"", ""PN10-7.8.9.edf""]}, {""validation_file"": ""PN10-3.edf"", ""train_files"": [""PN10-1.edf"", ""PN10-10.edf"", ""PN10-4.5.6.edf"", ""PN10-7.8.9.edf""]}, {""validation_file"": ""PN10-4.5.6.edf"", ""train_files"": [""PN10-1.edf"", ""PN10-10.edf"", ""PN10-3.edf"", ""PN10-7.8.9.edf""]}, {""validation_file"": ""PN10-7.8.9.edf"", ""train_files"": [""PN10-1.edf"", ""PN10-10.edf"", ""PN10-3.edf"", ""PN10-4.5.6.edf""]}]","[""PN10-1.edf"", ""PN10-10.edf"", ""PN10-3.edf"", ""PN10-4.5.6.edf"", ""PN10-7.8.9.edf""]",PN10,C0_LR,PN10-2.edf,nested
9,3,5,403,0,406,25977,58863,300,6,9940,48617,0.33333333333333331,0.55555555555555558,29.841413497336323,6,3,3,20,15,33.5,10,47,0.53431927103688015,465,0.34999999999999998,False,False,"[{""validation_file"": ""PN10-1.edf"", ""train_files"": [""PN10-10.edf"", ""PN10-3.edf"", ""PN10-4.5.6.edf"", ""PN10-7.8.9.edf""]}, {""validation_file"": ""PN10-10.edf"", ""train_files"": [""PN10-1.edf"", ""PN10-3.edf"", ""PN10-4.5.6.edf"", ""PN10-7.8.9.edf""]}, {""validation_file"": ""PN10-3.edf"", ""train_files"": [""PN10-1.edf"", ""PN10-10.edf"", ""PN10-4.5.6.edf"", ""PN10-7.8.9.edf""]}, {""validation_file"": ""PN10-4.5.6.edf"", ""train_files"": [""PN10-1.edf"", ""PN10-10.edf"", ""PN10-3.edf"", ""PN10-7.8.9.edf""]}, {""validation_file"": ""PN10-7.8.9.edf"", ""train_files"": [""PN10-1.edf"", ""PN10-10.edf"", ""PN10-3.edf"", ""PN10-4.5.6.edf""]}]","[""PN10-1.edf"", ""PN10-10.edf"", ""PN10-3.edf"", ""PN10-4.5.6.edf"", ""PN10-7.8.9.edf""]",PN10,C0_LR,PN10-2.edf,nested
9,3,5,418,0,421,22617,58863,300,6,9940,48617,0.33333333333333331,0.55555555555555558,30.952136084085815,6,3,3,20,15,33.5,10,47,0.46520764341691179,375,0.40000000000000002,False,False,"[{""validation_file"": ""PN10-1.edf"", ""train_files"": [""PN10-10.edf"", ""PN10-3.edf"", ""PN10-4.5.6.edf"", ""PN10-7.8.9.edf""]}, {""validation_file"": ""PN10-10.edf"", ""train_files"": [""PN10-1.edf"", ""PN10-3.edf"", ""PN10-4.5.6.edf"", ""PN10-7.8.9.edf""]}, {""validation_file"": ""PN10-3.edf"", ""train_files"": [""PN10-1.edf"", ""PN10-10.edf"", ""PN10-4.5.6.edf"", ""PN10-7.8.9.edf""]}, {""validation_file"": ""PN10-4.5.6.edf"", ""train_files"": [""PN10-1.edf"", ""PN10-10.edf"", ""PN10-3.edf"", ""PN10-7.8.9.edf""]}, {""validation_file"": ""PN10-7.8.9.edf"", ""train_files"": [""PN10-1.edf"", ""PN10-10.edf"", ""PN10-3.edf"", ""PN10-4.5.6.edf""]}]","[""PN10-1.edf"", ""PN10-10.edf"", ""PN10-3.edf"", ""PN10-4.5.6.edf"", ""PN10-7.8.9.edf""]",PN10,C0_LR,PN10-2.edf,nested
9,3,5,405,0,408,19157,58863,300,6,9940,48617,0.33333333333333331,0.55555555555555558,29.989509842236256,6,3,3,47,28.5,48.5,10,50,0.39403912211777775,360,0.45000000000000001,False,False,"[{""validation_file"": ""PN10-1.edf"", ""train_files"": [""PN10-10.edf"", ""PN10-3.edf"", ""PN10-4.5.6.edf"", ""PN10-7.8.9.edf""]}, {""validation_file"": ""PN10-10.edf"", ""train_files"": [""PN10-1.edf"", ""PN10-3.edf"", ""PN10-4.5.6.edf"", ""PN10-7.8.9.edf""]}, {""validation_file"": ""PN10-3.edf"", ""train_files"": [""PN10-1.edf"", ""PN10-10.edf"", ""PN10-4.5.6.edf"", ""PN10-7.8.9.edf""]}, {""validation_file"": ""PN10-4.5.6.edf"", ""train_files"": [""PN10-1.edf"", ""PN10-10.edf"", ""PN10-3.edf"", ""PN10-7.8.9.edf""]}, {""validation_file"": ""PN10-7.8.9.edf"", ""train_files"": [""PN10-1.edf"", ""PN10-10.edf"", ""PN10-3.edf"", ""PN10-4.5.6.edf""]}]","[""PN10-1.edf"", ""PN10-10.edf"", ""PN10-3.edf"", ""PN10-4.5.6.edf"", ""PN10-7.8.9.edf""]",PN10,C0_LR,PN10-2.edf,nested
9,2,5,382,0,384,15702,58863,300,6,9940,48617,0.22222222222222221,0.55555555555555558,28.286401875887034,7,2,2,28.5,19.25,37.75,10,47,0.32297344550260199,350,0.5,False,False,"[{""validation_file"": ""PN10-1.edf"", ""train_files"": [""PN10-10.edf"", ""PN10-3.edf"", ""PN10-4.5.6.edf"", ""PN10-7.8.9.edf""]}, {""validation_file"": ""PN10-10.edf"", ""train_files"": [""PN10-1.edf"", ""PN10-3.edf"", ""PN10-4.5.6.edf"", ""PN10-7.8.9.edf""]}, {""validation_file"": ""PN10-3.edf"", ""train_files"": [""PN10-1.edf"", ""PN10-10.edf"", ""PN10-4.5.6.edf"", ""PN10-7.8.9.edf""]}, {""validation_file"": ""PN10-4.5.6.edf"", ""train_files"": [""PN10-1.edf"", ""PN10-10.edf"", ""PN10-3.edf"", ""PN10-7.8.9.edf""]}, {""validation_file"": ""PN10-7.8.9.edf"", ""train_files"": [""PN10-1.edf"", ""PN10-10.edf"", ""PN10-3.edf"", ""PN10-4.5.6.edf""]}]","[""PN10-1.edf"", ""PN10-10.edf"", ""PN10-3.edf"", ""PN10-4.5.6.edf"", ""PN10-7.8.9.edf""]",PN10,C0_LR,PN10-2.edf,nested
9,2,4,343,0,345,12672,58863,300,6,9940,48617,0.22222222222222221,0.44444444444444442,25.398523150338359,7,2,2,28.5,19.25,37.75,10,47,0.26064956702388054,345,0.55000000000000004,False,False,"[{""validation_file"": ""PN10-1.edf"", ""train_files"": [""PN10-10.edf"", ""PN10-3.edf"", ""PN10-4.5.6.edf"", ""PN10-7.8.9.edf""]}, {""validation_file"": ""PN10-10.edf"", ""train_files"": [""PN10-1.edf"", ""PN10-3.edf"", ""PN10-4.5.6.edf"", ""PN10-7.8.9.edf""]}, {""validation_file"": ""PN10-3.edf"", ""train_files"": [""PN10-1.edf"", ""PN10-10.edf"", ""PN10-4.5.6.edf"", ""PN10-7.8.9.edf""]}, {""validation_file"": ""PN10-4.5.6.edf"", ""train_files"": [""PN10-1.edf"", ""PN10-10.edf"", ""PN10-3.edf"", ""PN10-7.8.9.edf""]}, {""validation_file"": ""PN10-7.8.9.edf"", ""train_files"": [""PN10-1.edf"", ""PN10-10.edf"", ""PN10-3.edf"", ""PN10-4.5.6.edf""]}]","[""PN10-1.edf"", ""PN10-10.edf"", ""PN10-3.edf"", ""PN10-4.5.6.edf"", ""PN10-7.8.9.edf""]",PN10,C0_LR,PN10-2.edf,nested
9,2,4,304,0,306,9960,58863,300,6,9940,48617,0.22222222222222221,0.44444444444444442,22.510644424789682,7,2,2,28.5,19.25,37.75,10,47,0.20486661044490612,340,0.59999999999999998,False,False,"[{""validation_file"": ""PN10-1.edf"", ""train_files"": [""PN10-10.edf"", ""PN10-3.edf"", ""PN10-4.5.6.edf"", ""PN10-7.8.9.edf""]}, {""validation_file"": ""PN10-10.edf"", ""train_files"": [""PN10-1.edf"", ""PN10-3.edf"", ""PN10-4.5.6.edf"", ""PN10-7.8.9.edf""]}, {""validation_file"": ""PN10-3.edf"", ""train_files"": [""PN10-1.edf"", ""PN10-10.edf"", ""PN10-4.5.6.edf"", ""PN10-7.8.9.edf""]}, {""validation_file"": ""PN10-4.5.6.edf"", ""train_files"": [""PN10-1.edf"", ""PN10-10.edf"", ""PN10-3.edf"", ""PN10-7.8.9.edf""]}, {""validation_file"": ""PN10-7.8.9.edf"", ""train_files"": [""PN10-1.edf"", ""PN10-10.edf"", ""PN10-3.edf"", ""PN10-4.5.6.edf""]}]","[""PN10-1.edf"", ""PN10-10.edf"", ""PN10-3.edf"", ""PN10-4.5.6.edf"", ""PN10-7.8.9.edf""]",PN10,C0_LR,PN10-2.edf,nested
9,3,4,234,0,237,7410,58863,300,6,9940,48617,0.33333333333333331,0.44444444444444442,17.327272353292059,6,3,3,10,6,28.5,2,47,0.15241582162618014,335,0.65000000000000002,False,False,"[{""validation_file"": ""PN10-1.edf"", ""train_files"": [""PN10-10.edf"", ""PN10-3.edf"", ""PN10-4.5.6.edf"", ""PN10-7.8.9.edf""]}, {""validation_file"": ""PN10-10.edf"", ""train_files"": [""PN10-1.edf"", ""PN10-3.edf"", ""PN10-4.5.6.edf"", ""PN10-7.8.9.edf""]}, {""validation_file"": ""PN10-3.edf"", ""train_files"": [""PN10-1.edf"", ""PN10-10.edf"", ""PN10-4.5.6.edf"", ""PN10-7.8.9.edf""]}, {""validation_file"": ""PN10-4.5.6.edf"", ""train_files"": [""PN10-1.edf"", ""PN10-10.edf"", ""PN10-3.edf"", ""PN10-7.8.9.edf""]}, {""validation_file"": ""PN10-7.8.9.edf"", ""train_files"": [""PN10-1.edf"", ""PN10-10.edf"", ""PN10-3.edf"", ""PN10-4.5.6.edf""]}]","[""PN10-1.edf"", ""PN10-10.edf"", ""PN10-3.edf"", ""PN10-4.5.6.edf"", ""PN10-7.8.9.edf""]",PN10,C0_LR,PN10-2.edf,nested
9,1,2,194,0,195,5460,58863,300,6,9940,48617,0.1111111111111111,0.22222222222222221,14.365345455293415,8,1,1,10,10,10,10,10,0.11230639488244852,325,0.69999999999999996,False,False,"[{""validation_file"": ""PN10-1.edf"", ""train_files"": [""PN10-10.edf"", ""PN10-3.edf"", ""PN10-4.5.6.edf"", ""PN10-7.8.9.edf""]}, {""validation_file"": ""PN10-10.edf"", ""train_files"": [""PN10-1.edf"", ""PN10-3.edf"", ""PN10-4.5.6.edf"", ""PN10-7.8.9.edf""]}, {""validation_file"": ""PN10-3.edf"", ""train_files"": [""PN10-1.edf"", ""PN10-10.edf"", ""PN10-4.5.6.edf"", ""PN10-7.8.9.edf""]}, {""validation_file"": ""PN10-4.5.6.edf"", ""train_files"": [""PN10-1.edf"", ""PN10-10.edf"", ""PN10-3.edf"", ""PN10-7.8.9.edf""]}, {""validation_file"": ""PN10-7.8.9.edf"", ""train_files"": [""PN10-1.edf"", ""PN10-10.edf"", ""PN10-3.edf"", ""PN10-4.5.6.edf""]}]","[""PN10-1.edf"", ""PN10-10.edf"", ""PN10-3.edf"", ""PN10-4.5.6.edf"", ""PN10-7.8.9.edf""]",PN10,C0_LR,PN10-2.edf,nested
9,1,2,136,0,137,3710,58863,300,6,9940,48617,0.1111111111111111,0.22222222222222221,10.070551453195383,8,1,1,10,10,10,10,10,0.076310755497048355,270,0.75,False,False,"[{""validation_file"": ""PN10-1.edf"", ""train_files"": [""PN10-10.edf"", ""PN10-3.edf"", ""PN10-4.5.6.edf"", ""PN10-7.8.9.edf""]}, {""validation_file"": ""PN10-10.edf"", ""train_files"": [""PN10-1.edf"", ""PN10-3.edf"", ""PN10-4.5.6.edf"", ""PN10-7.8.9.edf""]}, {""validation_file"": ""PN10-3.edf"", ""train_files"": [""PN10-1.edf"", ""PN10-10.edf"", ""PN10-4.5.6.edf"", ""PN10-7.8.9.edf""]}, {""validation_file"": ""PN10-4.5.6.edf"", ""train_files"": [""PN10-1.edf"", ""PN10-10.edf"", ""PN10-3.edf"", ""PN10-7.8.9.edf""]}, {""validation_file"": ""PN10-7.8.9.edf"", ""train_files"": [""PN10-1.edf"", ""PN10-10.edf"", ""PN10-3.edf"", ""PN10-4.5.6.edf""]}]","[""PN10-1.edf"", ""PN10-10.edf"", ""PN10-3.edf"", ""PN10-4.5.6.edf"", ""PN10-7.8.9.edf""]",PN10,C0_LR,PN10-2.edf,nested
9,1,2,83,0,84,2430,58863,300,6,9940,48617,0.1111111111111111,0.22222222222222221,6.1459983133471834,8,1,1,15,15,15,15,15,0.049982516403727091,260,0.80000000000000004,False,False,"[{""validation_file"": ""PN10-1.edf"", ""train_files"": [""PN10-10.edf"", ""PN10-3.edf"", ""PN10-4.5.6.edf"", ""PN10-7.8.9.edf""]}, {""validation_file"": ""PN10-10.edf"", ""train_files"": [""PN10-1.edf"", ""PN10-3.edf"", ""PN10-4.5.6.edf"", ""PN10-7.8.9.edf""]}, {""validation_file"": ""PN10-3.edf"", ""train_files"": [""PN10-1.edf"", ""PN10-10.edf"", ""PN10-4.5.6.edf"", ""PN10-7.8.9.edf""]}, {""validation_file"": ""PN10-4.5.6.edf"", ""train_files"": [""PN10-1.edf"", ""PN10-10.edf"", ""PN10-3.edf"", ""PN10-7.8.9.edf""]}, {""validation_file"": ""PN10-7.8.9.edf"", ""train_files"": [""PN10-1.edf"", ""PN10-10.edf"", ""PN10-3.edf"", ""PN10-4.5.6.edf""]}]","[""PN10-1.edf"", ""PN10-10.edf"", ""PN10-3.edf"", ""PN10-4.5.6.edf"", ""PN10-7.8.9.edf""]",PN10,C0_LR,PN10-2.edf,nested
9,0,1,59,0,59,1680,58863,300,6,9940,48617,0,0.1111111111111111,4.3688421745479973,9,0,0,,,,,,0.034555813809984161,250,0.84999999999999998,False,False,"[{""validation_file"": ""PN10-1.edf"", ""train_files"": [""PN10-10.edf"", ""PN10-3.edf"", ""PN10-4.5.6.edf"", ""PN10-7.8.9.edf""]}, {""validation_file"": ""PN10-10.edf"", ""train_files"": [""PN10-1.edf"", ""PN10-3.edf"", ""PN10-4.5.6.edf"", ""PN10-7.8.9.edf""]}, {""validation_file"": ""PN10-3.edf"", ""train_files"": [""PN10-1.edf"", ""PN10-10.edf"", ""PN10-4.5.6.edf"", ""PN10-7.8.9.edf""]}, {""validation_file"": ""PN10-4.5.6.edf"", ""train_files"": [""PN10-1.edf"", ""PN10-10.edf"", ""PN10-3.edf"", ""PN10-7.8.9.edf""]}, {""validation_file"": ""PN10-7.8.9.edf"", ""train_files"": [""PN10-1.edf"", ""PN10-10.edf"", ""PN10-3.edf"", ""PN10-4.5.6.edf""]}]","[""PN10-1.edf"", ""PN10-10.edf"", ""PN10-3.edf"", ""PN10-4.5.6.edf"", ""PN10-7.8.9.edf""]",PN10,C0_LR,PN10-2.edf,nested
9,0,1,35,0,35,1155,58863,300,6,9940,48617,0,0.1111111111111111,2.5916860357488121,9,0,0,,,,,,0.023757121994364111,240,0.90000000000000002,False,False,"[{""validation_file"": ""PN10-1.edf"", ""train_files"": [""PN10-10.edf"", ""PN10-3.edf"", ""PN10-4.5.6.edf"", ""PN10-7.8.9.edf""]}, {""validation_file"": ""PN10-10.edf"", ""train_files"": [""PN10-1.edf"", ""PN10-3.edf"", ""PN10-4.5.6.edf"", ""PN10-7.8.9.edf""]}, {""validation_file"": ""PN10-3.edf"", ""train_files"": [""PN10-1.edf"", ""PN10-10.edf"", ""PN10-4.5.6.edf"", ""PN10-7.8.9.edf""]}, {""validation_file"": ""PN10-4.5.6.edf"", ""train_files"": [""PN10-1.edf"", ""PN10-10.edf"", ""PN10-3.edf"", ""PN10-7.8.9.edf""]}, {""validation_file"": ""PN10-7.8.9.edf"", ""train_files"": [""PN10-1.edf"", ""PN10-10.edf"", ""PN10-3.edf"", ""PN10-4.5.6.edf""]}]","[""PN10-1.edf"", ""PN10-10.edf"", ""PN10-3.edf"", ""PN10-4.5.6.edf"", ""PN10-7.8.9.edf""]",PN10,C0_LR,PN10-2.edf,nested
9,0,1,21,0,21,730,58863,300,6,9940,48617,0,0.1111111111111111,1.5550116214492873,9,0,0,,,,,,0.015015323857909785,210,0.94999999999999996,False,False,"[{""validation_file"": ""PN10-1.edf"", ""train_files"": [""PN10-10.edf"", ""PN10-3.edf"", ""PN10-4.5.6.edf"", ""PN10-7.8.9.edf""]}, {""validation_file"": ""PN10-10.edf"", ""train_files"": [""PN10-1.edf"", ""PN10-3.edf"", ""PN10-4.5.6.edf"", ""PN10-7.8.9.edf""]}, {""validation_file"": ""PN10-3.edf"", ""train_files"": [""PN10-1.edf"", ""PN10-10.edf"", ""PN10-4.5.6.edf"", ""PN10-7.8.9.edf""]}, {""validation_file"": ""PN10-4.5.6.edf"", ""train_files"": [""PN10-1.edf"", ""PN10-10.edf"", ""PN10-3.edf"", ""PN10-7.8.9.edf""]}, {""validation_file"": ""PN10-7.8.9.edf"", ""train_files"": [""PN10-1.edf"", ""PN10-10.edf"", ""PN10-3.edf"", ""PN10-4.5.6.edf""]}]","[""PN10-1.edf"", ""PN10-10.edf"", ""PN10-3.edf"", ""PN10-4.5.6.edf"", ""PN10-7.8.9.edf""]",PN10,C0_LR,PN10-2.edf,nested
9,0,0,0,0,0,0,58863,300,6,9940,48617,0,0,0,9,0,0,,,,,,0,0,1.01,True,True,"[{""validation_file"": ""PN10-1.edf"", ""train_files"": [""PN10-10.edf"", ""PN10-3.edf"", ""PN10-4.5.6.edf"", ""PN10-7.8.9.edf""]}, {""validation_file"": ""PN10-10.edf"", ""train_files"": [""PN10-1.edf"", ""PN10-3.edf"", ""PN10-4.5.6.edf"", ""PN10-7.8.9.edf""]}, {""validation_file"": ""PN10-3.edf"", ""train_files"": [""PN10-1.edf"", ""PN10-10.edf"", ""PN10-4.5.6.edf"", ""PN10-7.8.9.edf""]}, {""validation_file"": ""PN10-4.5.6.edf"", ""train_files"": [""PN10-1.edf"", ""PN10-10.edf"", ""PN10-3.edf"", ""PN10-7.8.9.edf""]}, {""validation_file"": ""PN10-7.8.9.edf"", ""train_files"": [""PN10-1.edf"", ""PN10-10.edf"", ""PN10-3.edf"", ""PN10-4.5.6.edf""]}]","[""PN10-1.edf"", ""PN10-10.edf"", ""PN10-3.edf"", ""PN10-4.5.6.edf"", ""PN10-7.8.9.edf""]",PN10,C0_LR,PN10-2.edf,nested
9,1,8,126,0,127,42652,58704,300,21,9695,48688,0.1111111111111111,0.88888888888888884,9.3164640157739065,8,1,1,12,12,12,12,12,0.87602694709168583,8185,0.050000000000000003,False,False,"[{""validation_file"": ""PN10-1.edf"", ""train_files"": [""PN10-10.edf"", ""PN10-2.edf"", ""PN10-4.5.6.edf"", ""PN10-7.8.9.edf""]}, {""validation_file"": ""PN10-10.edf"", ""train_files"": [""PN10-1.edf"", ""PN10-2.edf"", ""PN10-4.5.6.edf"", ""PN10-7.8.9.edf""]}, {""validation_file"": ""PN10-2.edf"", ""train_files"": [""PN10-1.edf"", ""PN10-10.edf"", ""PN10-4.5.6.edf"", ""PN10-7.8.9.edf""]}, {""validation_file"": ""PN10-4.5.6.edf"", ""train_files"": [""PN10-1.edf"", ""PN10-10.edf"", ""PN10-2.edf"", ""PN10-7.8.9.edf""]}, {""validation_file"": ""PN10-7.8.9.edf"", ""train_files"": [""PN10-1.edf"", ""PN10-10.edf"", ""PN10-2.edf"", ""PN10-4.5.6.edf""]}]","[""PN10-1.edf"", ""PN10-10.edf"", ""PN10-2.edf"", ""PN10-4.5.6.edf"", ""PN10-7.8.9.edf""]",PN10,C0_LR,PN10-3.edf,nested
9,1,7,138,0,139,40822,58704,300,21,9695,48688,0.1111111111111111,0.77777777777777779,10.203746302990471,8,1,1,42,42,42,42,42,0.83844068353598422,8170,0.10000000000000001,False,False,"[{""validation_file"": ""PN10-1.edf"", ""train_files"": [""PN10-10.edf"", ""PN10-2.edf"", ""PN10-4.5.6.edf"", ""PN10-7.8.9.edf""]}, {""validation_file"": ""PN10-10.edf"", ""train_files"": [""PN10-1.edf"", ""PN10-2.edf"", ""PN10-4.5.6.edf"", ""PN10-7.8.9.edf""]}, {""validation_file"": ""PN10-2.edf"", ""train_files"": [""PN10-1.edf"", ""PN10-10.edf"", ""PN10-4.5.6.edf"", ""PN10-7.8.9.edf""]}, {""validation_file"": ""PN10-4.5.6.edf"", ""train_files"": [""PN10-1.edf"", ""PN10-10.edf"", ""PN10-2.edf"", ""PN10-7.8.9.edf""]}, {""validation_file"": ""PN10-7.8.9.edf"", ""train_files"": [""PN10-1.edf"", ""PN10-10.edf"", ""PN10-2.edf"", ""PN10-4.5.6.edf""]}]","[""PN10-1.edf"", ""PN10-10.edf"", ""PN10-2.edf"", ""PN10-4.5.6.edf"", ""PN10-7.8.9.edf""]",PN10,C0_LR,PN10-3.edf,nested
9,1,7,167,0,168,39537,58704,300,21,9695,48688,0.1111111111111111,0.77777777777777779,12.348011830430496,8,1,1,47,47,47,47,47,0.81204814327965824,4040,0.14999999999999999,False,False,"[{""validation_file"": ""PN10-1.edf"", ""train_files"": [""PN10-10.edf"", ""PN10-2.edf"", ""PN10-4.5.6.edf"", ""PN10-7.8.9.edf""]}, {""validation_file"": ""PN10-10.edf"", ""train_files"": [""PN10-1.edf"", ""PN10-2.edf"", ""PN10-4.5.6.edf"", ""PN10-7.8.9.edf""]}, {""validation_file"": ""PN10-2.edf"", ""train_files"": [""PN10-1.edf"", ""PN10-10.edf"", ""PN10-4.5.6.edf"", ""PN10-7.8.9.edf""]}, {""validation_file"": ""PN10-4.5.6.edf"", ""train_files"": [""PN10-1.edf"", ""PN10-10.edf"", ""PN10-2.edf"", ""PN10-7.8.9.edf""]}, {""validation_file"": ""PN10-7.8.9.edf"", ""train_files"": [""PN10-1.edf"", ""PN10-10.edf"", ""PN10-2.edf"", ""PN10-4.5.6.edf""]}]","[""PN10-1.edf"", ""PN10-10.edf"", ""PN10-2.edf"", ""PN10-4.5.6.edf"", ""PN10-7.8.9.edf""]",PN10,C0_LR,PN10-3.edf,nested
9,1,7,192,0,193,38222,58704,300,21,9695,48688,0.1111111111111111,0.77777777777777779,14.196516595465001,8,1,1,47,47,47,47,47,0.78503943476832072,2910,0.20000000000000001,False,False,"[{""validation_file"": ""PN10-1.edf"", ""train_files"": [""PN10-10.edf"", ""PN10-2.edf"", ""PN10-4.5.6.edf"", ""PN10-7.8.9.edf""]}, {""validation_file"": ""PN10-10.edf"", ""train_files"": [""PN10-1.edf"", ""PN10-2.edf"", ""PN10-4.5.6.edf"", ""PN10-7.8.9.edf""]}, {""validation_file"": ""PN10-2.edf"", ""train_files"": [""PN10-1.edf"", ""PN10-10.edf"", ""PN10-4.5.6.edf"", ""PN10-7.8.9.edf""]}, {""validation_file"": ""PN10-4.5.6.edf"", ""train_files"": [""PN10-1.edf"", ""PN10-10.edf"", ""PN10-2.edf"", ""PN10-7.8.9.edf""]}, {""validation_file"": ""PN10-7.8.9.edf"", ""train_files"": [""PN10-1.edf"", ""PN10-10.edf"", ""PN10-2.edf"", ""PN10-4.5.6.edf""]}]","[""PN10-1.edf"", ""PN10-10.edf"", ""PN10-2.edf"", ""PN10-4.5.6.edf"", ""PN10-7.8.9.edf""]",PN10,C0_LR,PN10-3.edf,nested
9,2,7,198,0,200,37047,58704,300,21,9695,48688,0.22222222222222221,0.77777777777777779,14.640157739073283,7,2,2,24,12.5,35.5,1,47,0.76090617811370354,2910,0.25,False,False,"[{""validation_file"": ""PN10-1.edf"", ""train_files"": [""PN10-10.edf"", ""PN10-2.edf"", ""PN10-4.5.6.edf"", ""PN10-7.8.9.edf""]}, {""validation_file"": ""PN10-10.edf"", ""train_files"": [""PN10-1.edf"", ""PN10-2.edf"", ""PN10-4.5.6.edf"", ""PN10-7.8.9.edf""]}, {""validation_file"": ""PN10-2.edf"", ""train_files"": [""PN10-1.edf"", ""PN10-10.edf"", ""PN10-4.5.6.edf"", ""PN10-7.8.9.edf""]}, {""validation_file"": ""PN10-4.5.6.edf"", ""train_files"": [""PN10-1.edf"", ""PN10-10.edf"", ""PN10-2.edf"", ""PN10-7.8.9.edf""]}, {""validation_file"": ""PN10-7.8.9.edf"", ""train_files"": [""PN10-1.edf"", ""PN10-10.edf"", ""PN10-2.edf"", ""PN10-4.5.6.edf""]}]","[""PN10-1.edf"", ""PN10-10.edf"", ""PN10-2.edf"", ""PN10-4.5.6.edf"", ""PN10-7.8.9.edf""]",PN10,C0_LR,PN10-3.edf,nested
9,2,7,232,0,234,35667,58704,300,21,9695,48688,0.22222222222222221,0.77777777777777779,17.154124219520209,7,2,2,24,12.5,35.5,1,47,0.73256243838317447,2270,0.29999999999999999,False,False,"[{""validation_file"": ""PN10-1.edf"", ""train_files"": [""PN10-10.edf"", ""PN10-2.edf"", ""PN10-4.5.6.edf"", ""PN10-7.8.9.edf""]}, {""validation_file"": ""PN10-10.edf"", ""train_files"": [""PN10-1.edf"", ""PN10-2.edf"", ""PN10-4.5.6.edf"", ""PN10-7.8.9.edf""]}, {""validation_file"": ""PN10-2.edf"", ""train_files"": [""PN10-1.edf"", ""PN10-10.edf"", ""PN10-4.5.6.edf"", ""PN10-7.8.9.edf""]}, {""validation_file"": ""PN10-4.5.6.edf"", ""train_files"": [""PN10-1.edf"", ""PN10-10.edf"", ""PN10-2.edf"", ""PN10-7.8.9.edf""]}, {""validation_file"": ""PN10-7.8.9.edf"", ""train_files"": [""PN10-1.edf"", ""PN10-10.edf"", ""PN10-2.edf"", ""PN10-4.5.6.edf""]}]","[""PN10-1.edf"", ""PN10-10.edf"", ""PN10-2.edf"", ""PN10-4.5.6.edf"", ""PN10-7.8.9.edf""]",PN10,C0_LR,PN10-3.edf,nested
9,0,5,279,0,279,33877,58704,300,21,9695,48688,0,0.55555555555555558,20.629313177785079,9,0,0,,,,,,0.69579773250082155,1760,0.34999999999999998,False,False,"[{""validation_file"": ""PN10-1.edf"", ""train_files"": [""PN10-10.edf"", ""PN10-2.edf"", ""PN10-4.5.6.edf"", ""PN10-7.8.9.edf""]}, {""validation_file"": ""PN10-10.edf"", ""train_files"": [""PN10-1.edf"", ""PN10-2.edf"", ""PN10-4.5.6.edf"", ""PN10-7.8.9.edf""]}, {""validation_file"": ""PN10-2.edf"", ""train_files"": [""PN10-1.edf"", ""PN10-10.edf"", ""PN10-4.5.6.edf"", ""PN10-7.8.9.edf""]}, {""validation_file"": ""PN10-4.5.6.edf"", ""train_files"": [""PN10-1.edf"", ""PN10-10.edf"", ""PN10-2.edf"", ""PN10-7.8.9.edf""]}, {""validation_file"": ""PN10-7.8.9.edf"", ""train_files"": [""PN10-1.edf"", ""PN10-10.edf"", ""PN10-2.edf"", ""PN10-4.5.6.edf""]}]","[""PN10-1.edf"", ""PN10-10.edf"", ""PN10-2.edf"", ""PN10-4.5.6.edf"", ""PN10-7.8.9.edf""]",PN10,C0_LR,PN10-3.edf,nested
9,1,4,331,0,332,31597,58704,300,21,9695,48688,0.1111111111111111,0.44444444444444442,24.47420308905685,8,1,1,22,22,22,22,22,0.6489689451199474,1135,0.40000000000000002,False,False,"[{""validation_file"": ""PN10-1.edf"", ""train_files"": [""PN10-10.edf"", ""PN10-2.edf"", ""PN10-4.5.6.edf"", ""PN10-7.8.9.edf""]}, {""validation_file"": ""PN10-10.edf"", ""train_files"": [""PN10-1.edf"", ""PN10-2.edf"", ""PN10-4.5.6.edf"", ""PN10-7.8.9.edf""]}, {""validation_file"": ""PN10-2.edf"", ""train_files"": [""PN10-1.edf"", ""PN10-10.edf"", ""PN10-4.5.6.edf"", ""PN10-7.8.9.edf""]}, {""validation_file"": ""PN10-4.5.6.edf"", ""train_files"": [""PN10-1.edf"", ""PN10-10.edf"", ""PN10-2.edf"", ""PN10-7.8.9.edf""]}, {""validation_file"": ""PN10-7.8.9.edf"", ""train_files"": [""PN10-1.edf"", ""PN10-10.edf"", ""PN10-2.edf"", ""PN10-4.5.6.edf""]}]","[""PN10-1.edf"", ""PN10-10.edf"", ""PN10-2.edf"", ""PN10-4.5.6.edf"", ""PN10-7.8.9.edf""]",PN10,C0_LR,PN10-3.edf,nested
9,1,4,423,0,424,27992,58704,300,21,9695,48688,0.1111111111111111,0.44444444444444442,31.276700624383832,8,1,1,22,22,22,22,22,0.57492605980939859,650,0.45000000000000001,False,False,"[{""validation_file"": ""PN10-1.edf"", ""train_files"": [""PN10-10.edf"", ""PN10-2.edf"", ""PN10-4.5.6.edf"", ""PN10-7.8.9.edf""]}, {""validation_file"": ""PN10-10.edf"", ""train_files"": [""PN10-1.edf"", ""PN10-2.edf"", ""PN10-4.5.6.edf"", ""PN10-7.8.9.edf""]}, {""validation_file"": ""PN10-2.edf"", ""train_files"": [""PN10-1.edf"", ""PN10-10.edf"", ""PN10-4.5.6.edf"", ""PN10-7.8.9.edf""]}, {""validation_file"": ""PN10-4.5.6.edf"", ""train_files"": [""PN10-1.edf"", ""PN10-10.edf"", ""PN10-2.edf"", ""PN10-7.8.9.edf""]}, {""validation_file"": ""PN10-7.8.9.edf"", ""train_files"": [""PN10-1.edf"", ""PN10-10.edf"", ""PN10-2.edf"", ""PN10-4.5.6.edf""]}]","[""PN10-1.edf"", ""PN10-10.edf"", ""PN10-2.edf"", ""PN10-4.5.6.edf"", ""PN10-7.8.9.edf""]",PN10,C0_LR,PN10-3.edf,nested
9,2,4,459,0,461,23157,58704,300,21,9695,48688,0.22222222222222221,0.44444444444444442,33.938547486033521,7,2,2,23.5,22.75,24.25,22,25,0.47562027604337825,375,0.5,False,False,"[{""validation_file"": ""PN10-1.edf"", ""train_files"": [""PN10-10.edf"", ""PN10-2.edf"", ""PN10-4.5.6.edf"", ""PN10-7.8.9.edf""]}, {""validation_file"": ""PN10-10.edf"", ""train_files"": [""PN10-1.edf"", ""PN10-2.edf"", ""PN10-4.5.6.edf"", ""PN10-7.8.9.edf""]}, {""validation_file"": ""PN10-2.edf"", ""train_files"": [""PN10-1.edf"", ""PN10-10.edf"", ""PN10-4.5.6.edf"", ""PN10-7.8.9.edf""]}, {""validation_file"": ""PN10-4.5.6.edf"", ""train_files"": [""PN10-1.edf"", ""PN10-10.edf"", ""PN10-2.edf"", ""PN10-7.8.9.edf""]}, {""validation_file"": ""PN10-7.8.9.edf"", ""train_files"": [""PN10-1.edf"", ""PN10-10.edf"", ""PN10-2.edf"", ""PN10-4.5.6.edf""]}]","[""PN10-1.edf"", ""PN10-10.edf"", ""PN10-2.edf"", ""PN10-4.5.6.edf"", ""PN10-7.8.9.edf""]",PN10,C0_LR,PN10-3.edf,nested
9,1,3,492,0,493,17924,58704,300,21,9695,48688,0.1111111111111111,0.33333333333333331,36.378573775879069,8,1,1,55,55,55,55,55,0.36813999342753861,335,0.55000000000000004,False,False,"[{""validation_file"": ""PN10-1.edf"", ""train_files"": [""PN10-10.edf"", ""PN10-2.edf"", ""PN10-4.5.6.edf"", ""PN10-7.8.9.edf""]}, {""validation_file"": ""PN10-10.edf"", ""train_files"": [""PN10-1.edf"", ""PN10-2.edf"", ""PN10-4.5.6.edf"", ""PN10-7.8.9.edf""]}, {""validation_file"": ""PN10-2.edf"", ""train_files"": [""PN10-1.edf"", ""PN10-10.edf"", ""PN10-4.5.6.edf"", ""PN10-7.8.9.edf""]}, {""validation_file"": ""PN10-4.5.6.edf"", ""train_files"": [""PN10-1.edf"", ""PN10-10.edf"", ""PN10-2.edf"", ""PN10-7.8.9.edf""]}, {""validation_file"": ""PN10-7.8.9.edf"", ""train_files"": [""PN10-1.edf"", ""PN10-10.edf"", ""PN10-2.edf"", ""PN10-4.5.6.edf""]}]","[""PN10-1.edf"", ""PN10-10.edf"", ""PN10-2.edf"", ""PN10-4.5.6.edf"", ""PN10-7.8.9.edf""]",PN10,C0_LR,PN10-3.edf,nested
9,1,3,434,0,435,12560,58704,300,21,9695,48688,0.1111111111111111,0.33333333333333331,32.090042720999016,8,1,1,55,55,55,55,55,0.2579691094314821,275,0.59999999999999998,False,False,"[{""validation_file"": ""PN10-1.edf"", ""train_files"": [""PN10-10.edf"", ""PN10-2.edf"", ""PN10-4.5.6.edf"", ""PN10-7.8.9.edf""]}, {""validation_file"": ""PN10-10.edf"", ""train_files"": [""PN10-1.edf"", ""PN10-2.edf"", ""PN10-4.5.6.edf"", ""PN10-7.8.9.edf""]}, {""validation_file"": ""PN10-2.edf"", ""train_files"": [""PN10-1.edf"", ""PN10-10.edf"", ""PN10-4.5.6.edf"", ""PN10-7.8.9.edf""]}, {""validation_file"": ""PN10-4.5.6.edf"", ""train_files"": [""PN10-1.edf"", ""PN10-10.edf"", ""PN10-2.edf"", ""PN10-7.8.9.edf""]}, {""validation_file"": ""PN10-7.8.9.edf"", ""train_files"": [""PN10-1.edf"", ""PN10-10.edf"", ""PN10-2.edf"", ""PN10-4.5.6.edf""]}]","[""PN10-1.edf"", ""PN10-10.edf"", ""PN10-2.edf"", ""PN10-4.5.6.edf"", ""PN10-7.8.9.edf""]",PN10,C0_LR,PN10-3.edf,nested
9,1,2,307,0,308,7517,58704,300,21,9695,48688,0.1111111111111111,0.22222222222222221,22.699638514623725,8,1,1,2,2,2,2,2,0.15439122576404862,250,0.65000000000000002,False,False,"[{""validation_file"": ""PN10-1.edf"", ""train_files"": [""PN10-10.edf"", ""PN10-2.edf"", ""PN10-4.5.6.edf"", ""PN10-7.8.9.edf""]}, {""validation_file"": ""PN10-10.edf"", ""train_files"": [""PN10-1.edf"", ""PN10-2.edf"", ""PN10-4.5.6.edf"", ""PN10-7.8.9.edf""]}, {""validation_file"": ""PN10-2.edf"", ""train_files"": [""PN10-1.edf"", ""PN10-10.edf"", ""PN10-4.5.6.edf"", ""PN10-7.8.9.edf""]}, {""validation_file"": ""PN10-4.5.6.edf"", ""train_files"": [""PN10-1.edf"", ""PN10-10.edf"", ""PN10-2.edf"", ""PN10-7.8.9.edf""]}, {""validation_file"": ""PN10-7.8.9.edf"", ""train_files"": [""PN10-1.edf"", ""PN10-10.edf"", ""PN10-2.edf"", ""PN10-4.5.6.edf""]}]","[""PN10-1.edf"", ""PN10-10.edf"", ""PN10-2.edf"", ""PN10-4.5.6.edf"", ""PN10-7.8.9.edf""]",PN10,C0_LR,PN10-3.edf,nested
9,1,2,200,0,201,4372,58704,300,21,9695,48688,0.1111111111111111,0.22222222222222221,14.788038120276044,8,1,1,7,7,7,7,7,0.089796253697009526,230,0.69999999999999996,False,False,"[{""validation_file"": ""PN10-1.edf"", ""train_files"": [""PN10-10.edf"", ""PN10-2.edf"", ""PN10-4.5.6.edf"", ""PN10-7.8.9.edf""]}, {""validation_file"": ""PN10-10.edf"", ""train_files"": [""PN10-1.edf"", ""PN10-2.edf"", ""PN10-4.5.6.edf"", ""PN10-7.8.9.edf""]}, {""validation_file"": ""PN10-2.edf"", ""train_files"": [""PN10-1.edf"", ""PN10-10.edf"", ""PN10-4.5.6.edf"", ""PN10-7.8.9.edf""]}, {""validation_file"": ""PN10-4.5.6.edf"", ""train_files"": [""PN10-1.edf"", ""PN10-10.edf"", ""PN10-2.edf"", ""PN10-7.8.9.edf""]}, {""validation_file"": ""PN10-7.8.9.edf"", ""train_files"": [""PN10-1.edf"", ""PN10-10.edf"", ""PN10-2.edf"", ""PN10-4.5.6.edf""]}]","[""PN10-1.edf"", ""PN10-10.edf"", ""PN10-2.edf"", ""PN10-4.5.6.edf"", ""PN10-7.8.9.edf""]",PN10,C0_LR,PN10-3.edf,nested
9,0,1,110,0,110,2417,58704,300,21,9695,48688,0,0.1111111111111111,8.1334209661518244,9,0,0,,,,,,0.049642622412093329,220,0.75,False,False,"[{""validation_file"": ""PN10-1.edf"", ""train_files"": [""PN10-10.edf"", ""PN10-2.edf"", ""PN10-4.5.6.edf"", ""PN10-7.8.9.edf""]}, {""validation_file"": ""PN10-10.edf"", ""train_files"": [""PN10-1.edf"", ""PN10-2.edf"", ""PN10-4.5.6.edf"", ""PN10-7.8.9.edf""]}, {""validation_file"": ""PN10-2.edf"", ""train_files"": [""PN10-1.edf"", ""PN10-10.edf"", ""PN10-4.5.6.edf"", ""PN10-7.8.9.edf""]}, {""validation_file"": ""PN10-4.5.6.edf"", ""train_files"": [""PN10-1.edf"", ""PN10-10.edf"", ""PN10-2.edf"", ""PN10-7.8.9.edf""]}, {""validation_file"": ""PN10-7.8.9.edf"", ""train_files"": [""PN10-1.edf"", ""PN10-10.edf"", ""PN10-2.edf"", ""PN10-4.5.6.edf""]}]","[""PN10-1.edf"", ""PN10-10.edf"", ""PN10-2.edf"", ""PN10-4.5.6.edf"", ""PN10-7.8.9.edf""]",PN10,C0_LR,PN10-3.edf,nested
9,0,1,72,0,72,1465,58704,300,21,9695,48688,0,0.1111111111111111,5.3236937232993755,9,0,0,,,,,,0.030089549786395005,215,0.80000000000000004,False,False,"[{""validation_file"": ""PN10-1.edf"", ""train_files"": [""PN10-10.edf"", ""PN10-2.edf"", ""PN10-4.5.6.edf"", ""PN10-7.8.9.edf""]}, {""validation_file"": ""PN10-10.edf"", ""train_files"": [""PN10-1.edf"", ""PN10-2.edf"", ""PN10-4.5.6.edf"", ""PN10-7.8.9.edf""]}, {""validation_file"": ""PN10-2.edf"", ""train_files"": [""PN10-1.edf"", ""PN10-10.edf"", ""PN10-4.5.6.edf"", ""PN10-7.8.9.edf""]}, {""validation_file"": ""PN10-4.5.6.edf"", ""train_files"": [""PN10-1.edf"", ""PN10-10.edf"", ""PN10-2.edf"", ""PN10-7.8.9.edf""]}, {""validation_file"": ""PN10-7.8.9.edf"", ""train_files"": [""PN10-1.edf"", ""PN10-10.edf"", ""PN10-2.edf"", ""PN10-4.5.6.edf""]}]","[""PN10-1.edf"", ""PN10-10.edf"", ""PN10-2.edf"", ""PN10-4.5.6.edf"", ""PN10-7.8.9.edf""]",PN10,C0_LR,PN10-3.edf,nested
9,1,1,44,0,45,910,58704,300,21,9695,48688,0.1111111111111111,0.1111111111111111,3.2533683864607297,8,1,1,1,1,1,1,1,0.01869043706868222,140,0.84999999999999998,False,False,"[{""validation_file"": ""PN10-1.edf"", ""train_files"": [""PN10-10.edf"", ""PN10-2.edf"", ""PN10-4.5.6.edf"", ""PN10-7.8.9.edf""]}, {""validation_file"": ""PN10-10.edf"", ""train_files"": [""PN10-1.edf"", ""PN10-2.edf"", ""PN10-4.5.6.edf"", ""PN10-7.8.9.edf""]}, {""validation_file"": ""PN10-2.edf"", ""train_files"": [""PN10-1.edf"", ""PN10-10.edf"", ""PN10-4.5.6.edf"", ""PN10-7.8.9.edf""]}, {""validation_file"": ""PN10-4.5.6.edf"", ""train_files"": [""PN10-1.edf"", ""PN10-10.edf"", ""PN10-2.edf"", ""PN10-7.8.9.edf""]}, {""validation_file"": ""PN10-7.8.9.edf"", ""train_files"": [""PN10-1.edf"", ""PN10-10.edf"", ""PN10-2.edf"", ""PN10-4.5.6.edf""]}]","[""PN10-1.edf"", ""PN10-10.edf"", ""PN10-2.edf"", ""PN10-4.5.6.edf"", ""PN10-7.8.9.edf""]",PN10,C0_LR,PN10-3.edf,nested
9,1,1,29,0,30,545,58704,300,21,9695,48688,0.1111111111111111,0.1111111111111111,2.1442655274400262,8,1,1,11,11,11,11,11,0.011193723299375615,80,0.90000000000000002,False,False,"[{""validation_file"": ""PN10-1.edf"", ""train_files"": [""PN10-10.edf"", ""PN10-2.edf"", ""PN10-4.5.6.edf"", ""PN10-7.8.9.edf""]}, {""validation_file"": ""PN10-10.edf"", ""train_files"": [""PN10-1.edf"", ""PN10-2.edf"", ""PN10-4.5.6.edf"", ""PN10-7.8.9.edf""]}, {""validation_file"": ""PN10-2.edf"", ""train_files"": [""PN10-1.edf"", ""PN10-10.edf"", ""PN10-4.5.6.edf"", ""PN10-7.8.9.edf""]}, {""validation_file"": ""PN10-4.5.6.edf"", ""train_files"": [""PN10-1.edf"", ""PN10-10.edf"", ""PN10-2.edf"", ""PN10-7.8.9.edf""]}, {""validation_file"": ""PN10-7.8.9.edf"", ""train_files"": [""PN10-1.edf"", ""PN10-10.edf"", ""PN10-2.edf"", ""PN10-4.5.6.edf""]}]","[""PN10-1.edf"", ""PN10-10.edf"", ""PN10-2.edf"", ""PN10-4.5.6.edf"", ""PN10-7.8.9.edf""]",PN10,C0_LR,PN10-3.edf,nested
9,0,0,19,0,19,305,58704,300,21,9695,48688,0,0,1.4048636214262242,9,0,0,,,,,,0.0062643772592836013,40,0.94999999999999996,False,False,"[{""validation_file"": ""PN10-1.edf"", ""train_files"": [""PN10-10.edf"", ""PN10-2.edf"", ""PN10-4.5.6.edf"", ""PN10-7.8.9.edf""]}, {""validation_file"": ""PN10-10.edf"", ""train_files"": [""PN10-1.edf"", ""PN10-2.edf"", ""PN10-4.5.6.edf"", ""PN10-7.8.9.edf""]}, {""validation_file"": ""PN10-2.edf"", ""train_files"": [""PN10-1.edf"", ""PN10-10.edf"", ""PN10-4.5.6.edf"", ""PN10-7.8.9.edf""]}, {""validation_file"": ""PN10-4.5.6.edf"", ""train_files"": [""PN10-1.edf"", ""PN10-10.edf"", ""PN10-2.edf"", ""PN10-7.8.9.edf""]}, {""validation_file"": ""PN10-7.8.9.edf"", ""train_files"": [""PN10-1.edf"", ""PN10-10.edf"", ""PN10-2.edf"", ""PN10-4.5.6.edf""]}]","[""PN10-1.edf"", ""PN10-10.edf"", ""PN10-2.edf"", ""PN10-4.5.6.edf"", ""PN10-7.8.9.edf""]",PN10,C0_LR,PN10-3.edf,nested
9,0,0,0,0,0,0,58704,300,21,9695,48688,0,0,0,9,0,0,,,,,,0,0,1.01,True,True,"[{""validation_file"": ""PN10-1.edf"", ""train_files"": [""PN10-10.edf"", ""PN10-2.edf"", ""PN10-4.5.6.edf"", ""PN10-7.8.9.edf""]}, {""validation_file"": ""PN10-10.edf"", ""train_files"": [""PN10-1.edf"", ""PN10-2.edf"", ""PN10-4.5.6.edf"", ""PN10-7.8.9.edf""]}, {""validation_file"": ""PN10-2.edf"", ""train_files"": [""PN10-1.edf"", ""PN10-10.edf"", ""PN10-4.5.6.edf"", ""PN10-7.8.9.edf""]}, {""validation_file"": ""PN10-4.5.6.edf"", ""train_files"": [""PN10-1.edf"", ""PN10-10.edf"", ""PN10-2.edf"", ""PN10-7.8.9.edf""]}, {""validation_file"": ""PN10-7.8.9.edf"", ""train_files"": [""PN10-1.edf"", ""PN10-10.edf"", ""PN10-2.edf"", ""PN10-4.5.6.edf""]}]","[""PN10-1.edf"", ""PN10-10.edf"", ""PN10-2.edf"", ""PN10-4.5.6.edf"", ""PN10-7.8.9.edf""]",PN10,C0_LR,PN10-3.edf,nested
7,1,3,168,0,169,31822,50769,300,27,9875,40567,0.14285714285714285,0.42857142857142855,14.908669608302315,6,1,1,10,10,10,10,10,0.78443069489979544,4220,0.050000000000000003,False,False,"[{""validation_file"": ""PN10-1.edf"", ""train_files"": [""PN10-10.edf"", ""PN10-2.edf"", ""PN10-3.edf"", ""PN10-7.8.9.edf""]}, {""validation_file"": ""PN10-10.edf"", ""train_files"": [""PN10-1.edf"", ""PN10-2.edf"", ""PN10-3.edf"", ""PN10-7.8.9.edf""]}, {""validation_file"": ""PN10-2.edf"", ""train_files"": [""PN10-1.edf"", ""PN10-10.edf"", ""PN10-3.edf"", ""PN10-7.8.9.edf""]}, {""validation_file"": ""PN10-3.edf"", ""train_files"": [""PN10-1.edf"", ""PN10-10.edf"", ""PN10-2.edf"", ""PN10-7.8.9.edf""]}, {""validation_file"": ""PN10-7.8.9.edf"", ""train_files"": [""PN10-1.edf"", ""PN10-10.edf"", ""PN10-2.edf"", ""PN10-3.edf""]}]","[""PN10-1.edf"", ""PN10-10.edf"", ""PN10-2.edf"", ""PN10-3.edf"", ""PN10-7.8.9.edf""]",PN10,C0_LR,PN10-4.5.6.edf,nested
7,1,3,202,0,203,30197,50769,300,27,9875,40567,0.14285714285714285,0.42857142857142855,17.925900362363496,6,1,1,10,10,10,10,10,0.74437350555870541,3755,0.10000000000000001,False,False,"[{""validation_file"": ""PN10-1.edf"", ""train_files"": [""PN10-10.edf"", ""PN10-2.edf"", ""PN10-3.edf"", ""PN10-7.8.9.edf""]}, {""validation_file"": ""PN10-10.edf"", ""train_files"": [""PN10-1.edf"", ""PN10-2.edf"", ""PN10-3.edf"", ""PN10-7.8.9.edf""]}, {""validation_file"": ""PN10-2.edf"", ""train_files"": [""PN10-1.edf"", ""PN10-10.edf"", ""PN10-3.edf"", ""PN10-7.8.9.edf""]}, {""validation_file"": ""PN10-3.edf"", ""train_files"": [""PN10-1.edf"", ""PN10-10.edf"", ""PN10-2.edf"", ""PN10-7.8.9.edf""]}, {""validation_file"": ""PN10-7.8.9.edf"", ""train_files"": [""PN10-1.edf"", ""PN10-10.edf"", ""PN10-2.edf"", ""PN10-3.edf""]}]","[""PN10-1.edf"", ""PN10-10.edf"", ""PN10-2.edf"", ""PN10-3.edf"", ""PN10-7.8.9.edf""]",PN10,C0_LR,PN10-4.5.6.edf,nested
7,1,3,225,0,226,28922,50769,300,27,9875,40567,0.14285714285714285,0.42857142857142855,19.966968225404887,6,1,1,10,10,10,10,10,0.71294401853723466,3740,0.14999999999999999,False,False,"[{""validation_file"": ""PN10-1.edf"", ""train_files"": [""PN10-10.edf"", ""PN10-2.edf"", ""PN10-3.edf"", ""PN10-7.8.9.edf""]}, {""validation_file"": ""PN10-10.edf"", ""train_files"": [""PN10-1.edf"", ""PN10-2.edf"", ""PN10-3.edf"", ""PN10-7.8.9.edf""]}, {""validation_file"": ""PN10-2.edf"", ""train_files"": [""PN10-1.edf"", ""PN10-10.edf"", ""PN10-3.edf"", ""PN10-7.8.9.edf""]}, {""validation_file"": ""PN10-3.edf"", ""train_files"": [""PN10-1.edf"", ""PN10-10.edf"", ""PN10-2.edf"", ""PN10-7.8.9.edf""]}, {""validation_file"": ""PN10-7.8.9.edf"", ""train_files"": [""PN10-1.edf"", ""PN10-10.edf"", ""PN10-2.edf"", ""PN10-3.edf""]}]","[""PN10-1.edf"", ""PN10-10.edf"", ""PN10-2.edf"", ""PN10-3.edf"", ""PN10-7.8.9.edf""]",PN10,C0_LR,PN10-4.5.6.edf,nested
7,1,3,269,0,270,27247,50769,300,27,9875,40567,0.14285714285714285,0.42857142857142855,23.871619789484065,6,1,1,10,10,10,10,10,0.67165430029334183,1910,0.20000000000000001,False,False,"[{""validation_file"": ""PN10-1.edf"", ""train_files"": [""PN10-10.edf"", ""PN10-2.edf"", ""PN10-3.edf"", ""PN10-7.8.9.edf""]}, {""validation_file"": ""PN10-10.edf"", ""train_files"": [""PN10-1.edf"", ""PN10-2.edf"", ""PN10-3.edf"", ""PN10-7.8.9.edf""]}, {""validation_file"": ""PN10-2.edf"", ""train_files"": [""PN10-1.edf"", ""PN10-10.edf"", ""PN10-3.edf"", ""PN10-7.8.9.edf""]}, {""validation_file"": ""PN10-3.edf"", ""train_files"": [""PN10-1.edf"", ""PN10-10.edf"", ""PN10-2.edf"", ""PN10-7.8.9.edf""]}, {""validation_file"": ""PN10-7.8.9.edf"", ""train_files"": [""PN10-1.edf"", ""PN10-10.edf"", ""PN10-2.edf"", ""PN10-3.edf""]}]","[""PN10-1.edf"", ""PN10-10.edf"", ""PN10-2.edf"", ""PN10-3.edf"", ""PN10-7.8.9.edf""]",PN10,C0_LR,PN10-4.5.6.edf,nested
7,2,3,297,0,299,25317,50769,300,27,9875,40567,0.2857142857142857,0.42857142857142855,26.356398057534449,5,2,2,13.5,11.75,15.25,10,17,0.62407868464515492,1150,0.25,False,False,"[{""validation_file"": ""PN10-1.edf"", ""train_files"": [""PN10-10.edf"", ""PN10-2.edf"", ""PN10-3.edf"", ""PN10-7.8.9.edf""]}, {""validation_file"": ""PN10-10.edf"", ""train_files"": [""PN10-1.edf"", ""PN10-2.edf"", ""PN10-3.edf"", ""PN10-7.8.9.edf""]}, {""validation_file"": ""PN10-2.edf"", ""train_files"": [""PN10-1.edf"", ""PN10-10.edf"", ""PN10-3.edf"", ""PN10-7.8.9.edf""]}, {""validation_file"": ""PN10-3.edf"", ""train_files"": [""PN10-1.edf"", ""PN10-10.edf"", ""PN10-2.edf"", ""PN10-7.8.9.edf""]}, {""validation_file"": ""PN10-7.8.9.edf"", ""train_files"": [""PN10-1.edf"", ""PN10-10.edf"", ""PN10-2.edf"", ""PN10-3.edf""]}]","[""PN10-1.edf"", ""PN10-10.edf"", ""PN10-2.edf"", ""PN10-3.edf"", ""PN10-7.8.9.edf""]",PN10,C0_LR,PN10-4.5.6.edf,nested
7,1,3,317,0,318,23189,50769,300,27,9875,40567,0.14285714285714285,0.42857142857142855,28.131239677570438,6,1,1,10,10,10,10,10,0.57162225454186899,970,0.29999999999999999,False,False,"[{""validation_file"": ""PN10-1.edf"", ""train_files"": [""PN10-10.edf"", ""PN10-2.edf"", ""PN10-3.edf"", ""PN10-7.8.9.edf""]}, {""validation_file"": ""PN10-10.edf"", ""train_files"": [""PN10-1.edf"", ""PN10-2.edf"", ""PN10-3.edf"", ""PN10-7.8.9.edf""]}, {""validation_file"": ""PN10-2.edf"", ""train_files"": [""PN10-1.edf"", ""PN10-10.edf"", ""PN10-3.edf"", ""PN10-7.8.9.edf""]}, {""validation_file"": ""PN10-3.edf"", ""train_files"": [""PN10-1.edf"", ""PN10-10.edf"", ""PN10-2.edf"", ""PN10-7.8.9.edf""]}, {""validation_file"": ""PN10-7.8.9.edf"", ""train_files"": [""PN10-1.edf"", ""PN10-10.edf"", ""PN10-2.edf"", ""PN10-3.edf""]}]","[""PN10-1.edf"", ""PN10-10.edf"", ""PN10-2.edf"", ""PN10-3.edf"", ""PN10-7.8.9.edf""]",PN10,C0_LR,PN10-4.5.6.edf,nested
7,1,2,329,0,330,20919,50769,300,27,9875,40567,0.14285714285714285,0.2857142857142857,29.196144649592032,6,1,1,10,10,10,10,10,0.51566544235462319,560,0.34999999999999998,False,False,"[{""validation_file"": ""PN10-1.edf"", ""train_files"": [""PN10-10.edf"", ""PN10-2.edf"", ""PN10-3.edf"", ""PN10-7.8.9.edf""]}, {""validation_file"": ""PN10-10.edf"", ""train_files"": [""PN10-1.edf"", ""PN10-2.edf"", ""PN10-3.edf"", ""PN10-7.8.9.edf""]}, {""validation_file"": ""PN10-2.edf"", ""train_files"": [""PN10-1.edf"", ""PN10-10.edf"", ""PN10-3.edf"", ""PN10-7.8.9.edf""]}, {""validation_file"": ""PN10-3.edf"", ""train_files"": [""PN10-1.edf"", ""PN10-10.edf"", ""PN10-2.edf"", ""PN10-7.8.9.edf""]}, {""validation_file"": ""PN10-7.8.9.edf"", ""train_files"": [""PN10-1.edf"", ""PN10-10.edf"", ""PN10-2.edf"", ""PN10-3.edf""]}]","[""PN10-1.edf"", ""PN10-10.edf"", ""PN10-2.edf"", ""PN10-3.edf"", ""PN10-7.8.9.edf""]",PN10,C0_LR,PN10-4.5.6.edf,nested
7,1,2,338,0,339,18770,50769,300,27,9875,40567,0.14285714285714285,0.2857142857142857,29.994823378608228,6,1,1,10,10,10,10,10,0.46269135011216012,410,0.40000000000000002,False,False,"[{""validation_file"": ""PN10-1.edf"", ""train_files"": [""PN10-10.edf"", ""PN10-2.edf"", ""PN10-3.edf"", ""PN10-7.8.9.edf""]}, {""validation_file"": ""PN10-10.edf"", ""train_files"": [""PN10-1.edf"", ""PN10-2.edf"", ""PN10-3.edf"", ""PN10-7.8.9.edf""]}, {""validation_file"": ""PN10-2.edf"", ""train_files"": [""PN10-1.edf"", ""PN10-10.edf"", ""PN10-3.edf"", ""PN10-7.8.9.edf""]}, {""validation_file"": ""PN10-3.edf"", ""train_files"": [""PN10-1.edf"", ""PN10-10.edf"", ""PN10-2.edf"", ""PN10-7.8.9.edf""]}, {""validation_file"": ""PN10-7.8.9.edf"", ""train_files"": [""PN10-1.edf"", ""PN10-10.edf"", ""PN10-2.edf"", ""PN10-3.edf""]}]","[""PN10-1.edf"", ""PN10-10.edf"", ""PN10-2.edf"", ""PN10-3.edf"", ""PN10-7.8.9.edf""]",PN10,C0_LR,PN10-4.5.6.edf,nested
7,1,2,362,0,363,16237,50769,300,27,9875,40567,0.14285714285714285,0.2857142857142857,32.12463332265142,6,1,1,10,10,10,10,10,0.40025143589617179,350,0.45000000000000001,False,False,"[{""validation_file"": ""PN10-1.edf"", ""train_files"": [""PN10-10.edf"", ""PN10-2.edf"", ""PN10-3.edf"", ""PN10-7.8.9.edf""]}, {""validation_file"": ""PN10-10.edf"", ""train_files"": [""PN10-1.edf"", ""PN10-2.edf"", ""PN10-3.edf"", ""PN10-7.8.9.edf""]}, {""validation_file"": ""PN10-2.edf"", ""train_files"": [""PN10-1.edf"", ""PN10-10.edf"", ""PN10-3.edf"", ""PN10-7.8.9.edf""]}, {""validation_file"": ""PN10-3.edf"", ""train_files"": [""PN10-1.edf"", ""PN10-10.edf"", ""PN10-2.edf"", ""PN10-7.8.9.edf""]}, {""validation_file"": ""PN10-7.8.9.edf"", ""train_files"": [""PN10-1.edf"", ""PN10-10.edf"", ""PN10-2.edf"", ""PN10-3.edf""]}]","[""PN10-1.edf"", ""PN10-10.edf"", ""PN10-2.edf"", ""PN10-3.edf"", ""PN10-7.8.9.edf""]",PN10,C0_LR,PN10-4.5.6.edf,nested
7,1,2,351,0,352,13442,50769,300,27,9875,40567,0.14285714285714285,0.2857142857142857,31.148470431631623,6,1,1,10,10,10,10,10,0.33135307022949689,265,0.5,False,False,"[{""validation_file"": ""PN10-1.edf"", ""train_files"": [""PN10-10.edf"", ""PN10-2.edf"", ""PN10-3.edf"", ""PN10-7.8.9.edf""]}, {""validation_file"": ""PN10-10.edf"", ""train_files"": [""PN10-1.edf"", ""PN10-2.edf"", ""PN10-3.edf"", ""PN10-7.8.9.edf""]}, {""validation_file"": ""PN10-2.edf"", ""train_files"": [""PN10-1.edf"", ""PN10-10.edf"", ""PN10-3.edf"", ""PN10-7.8.9.edf""]}, {""validation_file"": ""PN10-3.edf"", ""train_files"": [""PN10-1.edf"", ""PN10-10.edf"", ""PN10-2.edf"", ""PN10-7.8.9.edf""]}, {""validation_file"": ""PN10-7.8.9.edf"", ""train_files"": [""PN10-1.edf"", ""PN10-10.edf"", ""PN10-2.edf"", ""PN10-3.edf""]}]","[""PN10-1.edf"", ""PN10-10.edf"", ""PN10-2.edf"", ""PN10-3.edf"", ""PN10-7.8.9.edf""]",PN10,C0_LR,PN10-4.5.6.edf,nested
7,1,1,340,0,341,11197,50769,300,27,9875,40567,0.14285714285714285,0.14285714285714285,30.172307540611829,6,1,1,10,10,10,10,10,0.27601252249365249,260,0.55000000000000004,False,False,"[{""validation_file"": ""PN10-1.edf"", ""train_files"": [""PN10-10.edf"", ""PN10-2.edf"", ""PN10-3.edf"", ""PN10-7.8.9.edf""]}, {""validation_file"": ""PN10-10.edf"", ""train_files"": [""PN10-1.edf"", ""PN10-2.edf"", ""PN10-3.edf"", ""PN10-7.8.9.edf""]}, {""validation_file"": ""PN10-2.edf"", ""train_files"": [""PN10-1.edf"", ""PN10-10.edf"", ""PN10-3.edf"", ""PN10-7.8.9.edf""]}, {""validation_file"": ""PN10-3.edf"", ""train_files"": [""PN10-1.edf"", ""PN10-10.edf"", ""PN10-2.edf"", ""PN10-7.8.9.edf""]}, {""validation_file"": ""PN10-7.8.9.edf"", ""train_files"": [""PN10-1.edf"", ""PN10-10.edf"", ""PN10-2.edf"", ""PN10-3.edf""]}]","[""PN10-1.edf"", ""PN10-10.edf"", ""PN10-2.edf"", ""PN10-3.edf"", ""PN10-7.8.9.edf""]",PN10,C0_LR,PN10-4.5.6.edf,nested
7,1,1,319,1,320,8497,50769,300,27,9875,40567,0.14285714285714285,0.14285714285714285,28.308723839574039,6,1,1,25,25,25,25,25,0.20945596174230285,245,0.59999999999999998,False,False,"[{""validation_file"": ""PN10-1.edf"", ""train_files"": [""PN10-10.edf"", ""PN10-2.edf"", ""PN10-3.edf"", ""PN10-7.8.9.edf""]}, {""validation_file"": ""PN10-10.edf"", ""train_files"": [""PN10-1.edf"", ""PN10-2.edf"", ""PN10-3.edf"", ""PN10-7.8.9.edf""]}, {""validation_file"": ""PN10-2.edf"", ""train_files"": [""PN10-1.edf"", ""PN10-10.edf"", ""PN10-3.edf"", ""PN10-7.8.9.edf""]}, {""validation_file"": ""PN10-3.edf"", ""train_files"": [""PN10-1.edf"", ""PN10-10.edf"", ""PN10-2.edf"", ""PN10-7.8.9.edf""]}, {""validation_file"": ""PN10-7.8.9.edf"", ""train_files"": [""PN10-1.edf"", ""PN10-10.edf"", ""PN10-2.edf"", ""PN10-3.edf""]}]","[""PN10-1.edf"", ""PN10-10.edf"", ""PN10-2.edf"", ""PN10-3.edf"", ""PN10-7.8.9.edf""]",PN10,C0_LR,PN10-4.5.6.edf,nested
7,1,1,253,1,254,6132,50769,300,27,9875,40567,0.14285714285714285,0.14285714285714285,22.451746493455271,6,1,1,30,30,30,30,30,0.15115734463973179,230,0.65000000000000002,False,False,"[{""validation_file"": ""PN10-1.edf"", ""train_files"": [""PN10-10.edf"", ""PN10-2.edf"", ""PN10-3.edf"", ""PN10-7.8.9.edf""]}, {""validation_file"": ""PN10-10.edf"", ""train_files"": [""PN10-1.edf"", ""PN10-2.edf"", ""PN10-3.edf"", ""PN10-7.8.9.edf""]}, {""validation_file"": ""PN10-2.edf"", ""train_files"": [""PN10-1.edf"", ""PN10-10.edf"", ""PN10-3.edf"", ""PN10-7.8.9.edf""]}, {""validation_file"": ""PN10-3.edf"", ""train_files"": [""PN10-1.edf"", ""PN10-10.edf"", ""PN10-2.edf"", ""PN10-7.8.9.edf""]}, {""validation_file"": ""PN10-7.8.9.edf"", ""train_files"": [""PN10-1.edf"", ""PN10-10.edf"", ""PN10-2.edf"", ""PN10-3.edf""]}]","[""PN10-1.edf"", ""PN10-10.edf"", ""PN10-2.edf"", ""PN10-3.edf"", ""PN10-7.8.9.edf""]",PN10,C0_LR,PN10-4.5.6.edf,nested
7,1,1,196,0,197,4492,50769,300,27,9875,40567,0.14285714285714285,0.14285714285714285,17.393447876352699,6,1,1,30,30,30,30,30,0.11073039662780092,220,0.69999999999999996,False,False,"[{""validation_file"": ""PN10-1.edf"", ""train_files"": [""PN10-10.edf"", ""PN10-2.edf"", ""PN10-3.edf"", ""PN10-7.8.9.edf""]}, {""validation_file"": ""PN10-10.edf"", ""train_files"": [""PN10-1.edf"", ""PN10-2.edf"", ""PN10-3.edf"", ""PN10-7.8.9.edf""]}, {""validation_file"": ""PN10-2.edf"", ""train_files"": [""PN10-1.edf"", ""PN10-10.edf"", ""PN10-3.edf"", ""PN10-7.8.9.edf""]}, {""validation_file"": ""PN10-3.edf"", ""train_files"": [""PN10-1.edf"", ""PN10-10.edf"", ""PN10-2.edf"", ""PN10-7.8.9.edf""]}, {""validation_file"": ""PN10-7.8.9.edf"", ""train_files"": [""PN10-1.edf"", ""PN10-10.edf"", ""PN10-2.edf"", ""PN10-3.edf""]}]","[""PN10-1.edf"", ""PN10-10.edf"", ""PN10-2.edf"", ""PN10-3.edf"", ""PN10-7.8.9.edf""]",PN10,C0_LR,PN10-4.5.6.edf,nested
7,0,0,150,0,150,3350,50769,300,27,9875,40567,0,0,13.311312150269924,7,0,0,,,,,,0.082579436487785637,185,0.75,False,False,"[{""validation_file"": ""PN10-1.edf"", ""train_files"": [""PN10-10.edf"", ""PN10-2.edf"", ""PN10-3.edf"", ""PN10-7.8.9.edf""]}, {""validation_file"": ""PN10-10.edf"", ""train_files"": [""PN10-1.edf"", ""PN10-2.edf"", ""PN10-3.edf"", ""PN10-7.8.9.edf""]}, {""validation_file"": ""PN10-2.edf"", ""train_files"": [""PN10-1.edf"", ""PN10-10.edf"", ""PN10-3.edf"", ""PN10-7.8.9.edf""]}, {""validation_file"": ""PN10-3.edf"", ""train_files"": [""PN10-1.edf"", ""PN10-10.edf"", ""PN10-2.edf"", ""PN10-7.8.9.edf""]}, {""validation_file"": ""PN10-7.8.9.edf"", ""train_files"": [""PN10-1.edf"", ""PN10-10.edf"", ""PN10-2.edf"", ""PN10-3.edf""]}]","[""PN10-1.edf"", ""PN10-10.edf"", ""PN10-2.edf"", ""PN10-3.edf"", ""PN10-7.8.9.edf""]",PN10,C0_LR,PN10-4.5.6.edf,nested
7,0,0,120,0,120,2435,50769,300,27,9875,40567,0,0,10.649049720215938,7,0,0,,,,,,0.060024157566494936,130,0.80000000000000004,False,False,"[{""validation_file"": ""PN10-1.edf"", ""train_files"": [""PN10-10.edf"", ""PN10-2.edf"", ""PN10-3.edf"", ""PN10-7.8.9.edf""]}, {""validation_file"": ""PN10-10.edf"", ""train_files"": [""PN10-1.edf"", ""PN10-2.edf"", ""PN10-3.edf"", ""PN10-7.8.9.edf""]}, {""validation_file"": ""PN10-2.edf"", ""train_files"": [""PN10-1.edf"", ""PN10-10.edf"", ""PN10-3.edf"", ""PN10-7.8.9.edf""]}, {""validation_file"": ""PN10-3.edf"", ""train_files"": [""PN10-1.edf"", ""PN10-10.edf"", ""PN10-2.edf"", ""PN10-7.8.9.edf""]}, {""validation_file"": ""PN10-7.8.9.edf"", ""train_files"": [""PN10-1.edf"", ""PN10-10.edf"", ""PN10-2.edf"", ""PN10-3.edf""]}]","[""PN10-1.edf"", ""PN10-10.edf"", ""PN10-2.edf"", ""PN10-3.edf"", ""PN10-7.8.9.edf""]",PN10,C0_LR,PN10-4.5.6.edf,nested
7,0,0,75,0,75,1545,50769,300,27,9875,40567,0,0,6.6556560751349618,7,0,0,,,,,,0.038085143096605614,120,0.84999999999999998,False,False,"[{""validation_file"": ""PN10-1.edf"", ""train_files"": [""PN10-10.edf"", ""PN10-2.edf"", ""PN10-3.edf"", ""PN10-7.8.9.edf""]}, {""validation_file"": ""PN10-10.edf"", ""train_files"": [""PN10-1.edf"", ""PN10-2.edf"", ""PN10-3.edf"", ""PN10-7.8.9.edf""]}, {""validation_file"": ""PN10-2.edf"", ""train_files"": [""PN10-1.edf"", ""PN10-10.edf"", ""PN10-3.edf"", ""PN10-7.8.9.edf""]}, {""validation_file"": ""PN10-3.edf"", ""train_files"": [""PN10-1.edf"", ""PN10-10.edf"", ""PN10-2.edf"", ""PN10-7.8.9.edf""]}, {""validation_file"": ""PN10-7.8.9.edf"", ""train_files"": [""PN10-1.edf"", ""PN10-10.edf"", ""PN10-2.edf"", ""PN10-3.edf""]}]","[""PN10-1.edf"", ""PN10-10.edf"", ""PN10-2.edf"", ""PN10-3.edf"", ""PN10-7.8.9.edf""]",PN10,C0_LR,PN10-4.5.6.edf,nested
7,0,0,59,0,59,1125,50769,300,27,9875,40567,0,0,5.2357827791061702,7,0,0,,,,,,0.02773190031306234,115,0.90000000000000002,False,False,"[{""validation_file"": ""PN10-1.edf"", ""train_files"": [""PN10-10.edf"", ""PN10-2.edf"", ""PN10-3.edf"", ""PN10-7.8.9.edf""]}, {""validation_file"": ""PN10-10.edf"", ""train_files"": [""PN10-1.edf"", ""PN10-2.edf"", ""PN10-3.edf"", ""PN10-7.8.9.edf""]}, {""validation_file"": ""PN10-2.edf"", ""train_files"": [""PN10-1.edf"", ""PN10-10.edf"", ""PN10-3.edf"", ""PN10-7.8.9.edf""]}, {""validation_file"": ""PN10-3.edf"", ""train_files"": [""PN10-1.edf"", ""PN10-10.edf"", ""PN10-2.edf"", ""PN10-7.8.9.edf""]}, {""validation_file"": ""PN10-7.8.9.edf"", ""train_files"": [""PN10-1.edf"", ""PN10-10.edf"", ""PN10-2.edf"", ""PN10-3.edf""]}]","[""PN10-1.edf"", ""PN10-10.edf"", ""PN10-2.edf"", ""PN10-3.edf"", ""PN10-7.8.9.edf""]",PN10,C0_LR,PN10-4.5.6.edf,nested
7,0,0,34,0,34,685,50769,300,27,9875,40567,0,0,3.0172307540611829,7,0,0,,,,,,0.01688564596839796,100,0.94999999999999996,False,False,"[{""validation_file"": ""PN10-1.edf"", ""train_files"": [""PN10-10.edf"", ""PN10-2.edf"", ""PN10-3.edf"", ""PN10-7.8.9.edf""]}, {""validation_file"": ""PN10-10.edf"", ""train_files"": [""PN10-1.edf"", ""PN10-2.edf"", ""PN10-3.edf"", ""PN10-7.8.9.edf""]}, {""validation_file"": ""PN10-2.edf"", ""train_files"": [""PN10-1.edf"", ""PN10-10.edf"", ""PN10-3.edf"", ""PN10-7.8.9.edf""]}, {""validation_file"": ""PN10-3.edf"", ""train_files"": [""PN10-1.edf"", ""PN10-10.edf"", ""PN10-2.edf"", ""PN10-7.8.9.edf""]}, {""validation_file"": ""PN10-7.8.9.edf"", ""train_files"": [""PN10-1.edf"", ""PN10-10.edf"", ""PN10-2.edf"", ""PN10-3.edf""]}]","[""PN10-1.edf"", ""PN10-10.edf"", ""PN10-2.edf"", ""PN10-3.edf"", ""PN10-7.8.9.edf""]",PN10,C0_LR,PN10-4.5.6.edf,nested
7,0,0,0,0,0,0,50769,300,27,9875,40567,0,0,0,7,0,0,,,,,,0,0,1.01,True,True,"[{""validation_file"": ""PN10-1.edf"", ""train_files"": [""PN10-10.edf"", ""PN10-2.edf"", ""PN10-3.edf"", ""PN10-7.8.9.edf""]}, {""validation_file"": ""PN10-10.edf"", ""train_files"": [""PN10-1.edf"", ""PN10-2.edf"", ""PN10-3.edf"", ""PN10-7.8.9.edf""]}, {""validation_file"": ""PN10-2.edf"", ""train_files"": [""PN10-1.edf"", ""PN10-10.edf"", ""PN10-3.edf"", ""PN10-7.8.9.edf""]}, {""validation_file"": ""PN10-3.edf"", ""train_files"": [""PN10-1.edf"", ""PN10-10.edf"", ""PN10-2.edf"", ""PN10-7.8.9.edf""]}, {""validation_file"": ""PN10-7.8.9.edf"", ""train_files"": [""PN10-1.edf"", ""PN10-10.edf"", ""PN10-2.edf"", ""PN10-3.edf""]}]","[""PN10-1.edf"", ""PN10-10.edf"", ""PN10-2.edf"", ""PN10-3.edf"", ""PN10-7.8.9.edf""]",PN10,C0_LR,PN10-4.5.6.edf,nested
7,2,5,285,0,287,29340,52462,300,27,9785,42350,0.2857142857142857,0.7142857142857143,24.22668240850059,5,2,2,6.5,4.75,8.25,3,10,0.69279811097992916,868,0.050000000000000003,False,False,"[{""validation_file"": ""PN10-1.edf"", ""train_files"": [""PN10-10.edf"", ""PN10-2.edf"", ""PN10-3.edf"", ""PN10-4.5.6.edf""]}, {""validation_file"": ""PN10-10.edf"", ""train_files"": [""PN10-1.edf"", ""PN10-2.edf"", ""PN10-3.edf"", ""PN10-4.5.6.edf""]}, {""validation_file"": ""PN10-2.edf"", ""train_files"": [""PN10-1.edf"", ""PN10-10.edf"", ""PN10-3.edf"", ""PN10-4.5.6.edf""]}, {""validation_file"": ""PN10-3.edf"", ""train_files"": [""PN10-1.edf"", ""PN10-10.edf"", ""PN10-2.edf"", ""PN10-4.5.6.edf""]}, {""validation_file"": ""PN10-4.5.6.edf"", ""train_files"": [""PN10-1.edf"", ""PN10-10.edf"", ""PN10-2.edf"", ""PN10-3.edf""]}]","[""PN10-1.edf"", ""PN10-10.edf"", ""PN10-2.edf"", ""PN10-3.edf"", ""PN10-4.5.6.edf""]",PN10,C0_LR,PN10-7.8.9.edf,nested
7,2,5,321,0,323,26503,52462,300,27,9785,42350,0.2857142857142857,0.7142857142857143,27.286894923258561,5,2,2,9,8.5,9.5,8,10,0.62580873671782766,868,0.10000000000000001,False,False,"[{""validation_file"": ""PN10-1.edf"", ""train_files"": [""PN10-10.edf"", ""PN10-2.edf"", ""PN10-3.edf"", ""PN10-4.5.6.edf""]}, {""validation_file"": ""PN10-10.edf"", ""train_files"": [""PN10-1.edf"", ""PN10-2.edf"", ""PN10-3.edf"", ""PN10-4.5.6.edf""]}, {""validation_file"": ""PN10-2.edf"", ""train_files"": [""PN10-1.edf"", ""PN10-10.edf"", ""PN10-3.edf"", ""PN10-4.5.6.edf""]}, {""validation_file"": ""PN10-3.edf"", ""train_files"": [""PN10-1.edf"", ""PN10-10.edf"", ""PN10-2.edf"", ""PN10-4.5.6.edf""]}, {""validation_file"": ""PN10-4.5.6.edf"", ""train_files"": [""PN10-1.edf"", ""PN10-10.edf"", ""PN10-2.edf"", ""PN10-3.edf""]}]","[""PN10-1.edf"", ""PN10-10.edf"", ""PN10-2.edf"", ""PN10-3.edf"", ""PN10-4.5.6.edf""]",PN10,C0_LR,PN10-7.8.9.edf,nested
7,2,4,338,0,340,24103,52462,300,27,9785,42350,0.2857142857142857,0.5714285714285714,28.731995277449823,5,2,2,25,17.5,32.5,10,40,0.56913813459268003,525,0.14999999999999999,False,False,"[{""validation_file"": ""PN10-1.edf"", ""train_files"": [""PN10-10.edf"", ""PN10-2.edf"", ""PN10-3.edf"", ""PN10-4.5.6.edf""]}, {""validation_file"": ""PN10-10.edf"", ""train_files"": [""PN10-1.edf"", ""PN10-2.edf"", ""PN10-3.edf"", ""PN10-4.5.6.edf""]}, {""validation_file"": ""PN10-2.edf"", ""train_files"": [""PN10-1.edf"", ""PN10-10.edf"", ""PN10-3.edf"", ""PN10-4.5.6.edf""]}, {""validation_file"": ""PN10-3.edf"", ""train_files"": [""PN10-1.edf"", ""PN10-10.edf"", ""PN10-2.edf"", ""PN10-4.5.6.edf""]}, {""validation_file"": ""PN10-4.5.6.edf"", ""train_files"": [""PN10-1.edf"", ""PN10-10.edf"", ""PN10-2.edf"", ""PN10-3.edf""]}]","[""PN10-1.edf"", ""PN10-10.edf"", ""PN10-2.edf"", ""PN10-3.edf"", ""PN10-4.5.6.edf""]",PN10,C0_LR,PN10-7.8.9.edf,nested
7,2,4,354,1,356,21681,52462,300,27,9785,42350,0.2857142857142857,0.5714285714285714,30.092089728453363,5,2,2,7.5,6.25,8.75,5,10,0.51194805194805193,520,0.20000000000000001,False,False,"[{""validation_file"": ""PN10-1.edf"", ""train_files"": [""PN10-10.edf"", ""PN10-2.edf"", ""PN10-3.edf"", ""PN10-4.5.6.edf""]}, {""validation_file"": ""PN10-10.edf"", ""train_files"": [""PN10-1.edf"", ""PN10-2.edf"", ""PN10-3.edf"", ""PN10-4.5.6.edf""]}, {""validation_file"": ""PN10-2.edf"", ""train_files"": [""PN10-1.edf"", ""PN10-10.edf"", ""PN10-3.edf"", ""PN10-4.5.6.edf""]}, {""validation_file"": ""PN10-3.edf"", ""train_files"": [""PN10-1.edf"", ""PN10-10.edf"", ""PN10-2.edf"", ""PN10-4.5.6.edf""]}, {""validation_file"": ""PN10-4.5.6.edf"", ""train_files"": [""PN10-1.edf"", ""PN10-10.edf"", ""PN10-2.edf"", ""PN10-3.edf""]}]","[""PN10-1.edf"", ""PN10-10.edf"", ""PN10-2.edf"", ""PN10-3.edf"", ""PN10-4.5.6.edf""]",PN10,C0_LR,PN10-7.8.9.edf,nested
7,3,4,361,0,364,19566,52462,300,27,9785,42350,0.42857142857142855,0.5714285714285714,30.687131050767416,4,3,3,10,6,17.5,2,25,0.46200708382526562,410,0.25,False,False,"[{""validation_file"": ""PN10-1.edf"", ""train_files"": [""PN10-10.edf"", ""PN10-2.edf"", ""PN10-3.edf"", ""PN10-4.5.6.edf""]}, {""validation_file"": ""PN10-10.edf"", ""train_files"": [""PN10-1.edf"", ""PN10-2.edf"", ""PN10-3.edf"", ""PN10-4.5.6.edf""]}, {""validation_file"": ""PN10-2.edf"", ""train_files"": [""PN10-1.edf"", ""PN10-10.edf"", ""PN10-3.edf"", ""PN10-4.5.6.edf""]}, {""validation_file"": ""PN10-3.edf"", ""train_files"": [""PN10-1.edf"", ""PN10-10.edf"", ""PN10-2.edf"", ""PN10-4.5.6.edf""]}, {""validation_file"": ""PN10-4.5.6.edf"", ""train_files"": [""PN10-1.edf"", ""PN10-10.edf"", ""PN10-2.edf"", ""PN10-3.edf""]}]","[""PN10-1.edf"", ""PN10-10.edf"", ""PN10-2.edf"", ""PN10-3.edf"", ""PN10-4.5.6.edf""]",PN10,C0_LR,PN10-7.8.9.edf,nested
7,1,2,373,0,374,17408,52462,300,27,9785,42350,0.14285714285714285,0.2857142857142857,31.70720188902007,6,1,1,10,10,10,10,10,0.41105076741440377,405,0.29999999999999999,False,False,"[{""validation_file"": ""PN10-1.edf"", ""train_files"": [""PN10-10.edf"", ""PN10-2.edf"", ""PN10-3.edf"", ""PN10-4.5.6.edf""]}, {""validation_file"": ""PN10-10.edf"", ""train_files"": [""PN10-1.edf"", ""PN10-2.edf"", ""PN10-3.edf"", ""PN10-4.5.6.edf""]}, {""validation_file"": ""PN10-2.edf"", ""train_files"": [""PN10-1.edf"", ""PN10-10.edf"", ""PN10-3.edf"", ""PN10-4.5.6.edf""]}, {""validation_file"": ""PN10-3.edf"", ""train_files"": [""PN10-1.edf"", ""PN10-10.edf"", ""PN10-2.edf"", ""PN10-4.5.6.edf""]}, {""validation_file"": ""PN10-4.5.6.edf"", ""train_files"": [""PN10-1.edf"", ""PN10-10.edf"", ""PN10-2.edf"", ""PN10-3.edf""]}]","[""PN10-1.edf"", ""PN10-10.edf"", ""PN10-2.edf"", ""PN10-3.edf"", ""PN10-4.5.6.edf""]",PN10,C0_LR,PN10-7.8.9.edf,nested
7,1,2,347,0,348,15433,52462,300,27,9785,42350,0.14285714285714285,0.2857142857142857,29.497048406139314,6,1,1,10,10,10,10,10,0.36441558441558441,400,0.34999999999999998,False,False,"[{""validation_file"": ""PN10-1.edf"", ""train_files"": [""PN10-10.edf"", ""PN10-2.edf"", ""PN10-3.edf"", ""PN10-4.5.6.edf""]}, {""validation_file"": ""PN10-10.edf"", ""train_files"": [""PN10-1.edf"", ""PN10-2.edf"", ""PN10-3.edf"", ""PN10-4.5.6.edf""]}, {""validation_file"": ""PN10-2.edf"", ""train_files"": [""PN10-1.edf"", ""PN10-10.edf"", ""PN10-3.edf"", ""PN10-4.5.6.edf""]}, {""validation_file"": ""PN10-3.edf"", ""train_files"": [""PN10-1.edf"", ""PN10-10.edf"", ""PN10-2.edf"", ""PN10-4.5.6.edf""]}, {""validation_file"": ""PN10-4.5.6.edf"", ""train_files"": [""PN10-1.edf"", ""PN10-10.edf"", ""PN10-2.edf"", ""PN10-3.edf""]}]","[""PN10-1.edf"", ""PN10-10.edf"", ""PN10-2.edf"", ""PN10-3.edf"", ""PN10-4.5.6.edf""]",PN10,C0_LR,PN10-7.8.9.edf,nested
7,1,2,316,0,317,13498,52462,300,27,9785,42350,0.14285714285714285,0.2857142857142857,26.861865407319954,6,1,1,10,10,10,10,10,0.31872491145218418,400,0.40000000000000002,False,False,"[{""validation_file"": ""PN10-1.edf"", ""train_files"": [""PN10-10.edf"", ""PN10-2.edf"", ""PN10-3.edf"", ""PN10-4.5.6.edf""]}, {""validation_file"": ""PN10-10.edf"", ""train_files"": [""PN10-1.edf"", ""PN10-2.edf"", ""PN10-3.edf"", ""PN10-4.5.6.edf""]}, {""validation_file"": ""PN10-2.edf"", ""train_files"": [""PN10-1.edf"", ""PN10-10.edf"", ""PN10-3.edf"", ""PN10-4.5.6.edf""]}, {""validation_file"": ""PN10-3.edf"", ""train_files"": [""PN10-1.edf"", ""PN10-10.edf"", ""PN10-2.edf"", ""PN10-4.5.6.edf""]}, {""validation_file"": ""PN10-4.5.6.edf"", ""train_files"": [""PN10-1.edf"", ""PN10-10.edf"", ""PN10-2.edf"", ""PN10-3.edf""]}]","[""PN10-1.edf"", ""PN10-10.edf"", ""PN10-2.edf"", ""PN10-3.edf"", ""PN10-4.5.6.edf""]",PN10,C0_LR,PN10-7.8.9.edf,nested
7,1,2,294,0,295,11643,52462,300,27,9785,42350,0.14285714285714285,0.2857142857142857,24.991735537190081,6,1,1,10,10,10,10,10,0.27492325855962219,350,0.45000000000000001,False,False,"[{""validation_file"": ""PN10-1.edf"", ""train_files"": [""PN10-10.edf"", ""PN10-2.edf"", ""PN10-3.edf"", ""PN10-4.5.6.edf""]}, {""validation_file"": ""PN10-10.edf"", ""train_files"": [""PN10-1.edf"", ""PN10-2.edf"", ""PN10-3.edf"", ""PN10-4.5.6.edf""]}, {""validation_file"": ""PN10-2.edf"", ""train_files"": [""PN10-1.edf"", ""PN10-10.edf"", ""PN10-3.edf"", ""PN10-4.5.6.edf""]}, {""validation_file"": ""PN10-3.edf"", ""train_files"": [""PN10-1.edf"", ""PN10-10.edf"", ""PN10-2.edf"", ""PN10-4.5.6.edf""]}, {""validation_file"": ""PN10-4.5.6.edf"", ""train_files"": [""PN10-1.edf"", ""PN10-10.edf"", ""PN10-2.edf"", ""PN10-3.edf""]}]","[""PN10-1.edf"", ""PN10-10.edf"", ""PN10-2.edf"", ""PN10-3.edf"", ""PN10-4.5.6.edf""]",PN10,C0_LR,PN10-7.8.9.edf,nested
7,1,2,268,0,269,9798,52462,300,27,9785,42350,0.14285714285714285,0.2857142857142857,22.781582054309329,6,1,1,10,10,10,10,10,0.23135773317591499,340,0.5,False,False,"[{""validation_file"": ""PN10-1.edf"", ""train_files"": [""PN10-10.edf"", ""PN10-2.edf"", ""PN10-3.edf"", ""PN10-4.5.6.edf""]}, {""validation_file"": ""PN10-10.edf"", ""train_files"": [""PN10-1.edf"", ""PN10-2.edf"", ""PN10-3.edf"", ""PN10-4.5.6.edf""]}, {""validation_file"": ""PN10-2.edf"", ""train_files"": [""PN10-1.edf"", ""PN10-10.edf"", ""PN10-3.edf"", ""PN10-4.5.6.edf""]}, {""validation_file"": ""PN10-3.edf"", ""train_files"": [""PN10-1.edf"", ""PN10-10.edf"", ""PN10-2.edf"", ""PN10-4.5.6.edf""]}, {""validation_file"": ""PN10-4.5.6.edf"", ""train_files"": [""PN10-1.edf"", ""PN10-10.edf"", ""PN10-2.edf"", ""PN10-3.edf""]}]","[""PN10-1.edf"", ""PN10-10.edf"", ""PN10-2.edf"", ""PN10-3.edf"", ""PN10-4.5.6.edf""]",PN10,C0_LR,PN10-7.8.9.edf,nested
7,1,2,244,0,245,7895,52462,300,27,9785,42350,0.14285714285714285,0.2857142857142857,20.741440377804015,6,1,1,10,10,10,10,10,0.18642266824085005,305,0.55000000000000004,False,False,"[{""validation_file"": ""PN10-1.edf"", ""train_files"": [""PN10-10.edf"", ""PN10-2.edf"", ""PN10-3.edf"", ""PN10-4.5.6.edf""]}, {""validation_file"": ""PN10-10.edf"", ""train_files"": [""PN10-1.edf"", ""PN10-2.edf"", ""PN10-3.edf"", ""PN10-4.5.6.edf""]}, {""validation_file"": ""PN10-2.edf"", ""train_files"": [""PN10-1.edf"", ""PN10-10.edf"", ""PN10-3.edf"", ""PN10-4.5.6.edf""]}, {""validation_file"": ""PN10-3.edf"", ""train_files"": [""PN10-1.edf"", ""PN10-10.edf"", ""PN10-2.edf"", ""PN10-4.5.6.edf""]}, {""validation_file"": ""PN10-4.5.6.edf"", ""train_files"": [""PN10-1.edf"", ""PN10-10.edf"", ""PN10-2.edf"", ""PN10-3.edf""]}]","[""PN10-1.edf"", ""PN10-10.edf"", ""PN10-2.edf"", ""PN10-3.edf"", ""PN10-4.5.6.edf""]",PN10,C0_LR,PN10-7.8.9.edf,nested
7,1,2,221,1,222,6210,52462,300,27,9785,42350,0.14285714285714285,0.2857142857142857,18.786304604486421,6,1,1,10,10,10,10,10,0.14663518299881936,300,0.59999999999999998,False,False,"[{""validation_file"": ""PN10-1.edf"", ""train_files"": [""PN10-10.edf"", ""PN10-2.edf"", ""PN10-3.edf"", ""PN10-4.5.6.edf""]}, {""validation_file"": ""PN10-10.edf"", ""train_files"": [""PN10-1.edf"", ""PN10-2.edf"", ""PN10-3.edf"", ""PN10-4.5.6.edf""]}, {""validation_file"": ""PN10-2.edf"", ""train_files"": [""PN10-1.edf"", ""PN10-10.edf"", ""PN10-3.edf"", ""PN10-4.5.6.edf""]}, {""validation_file"": ""PN10-3.edf"", ""train_files"": [""PN10-1.edf"", ""PN10-10.edf"", ""PN10-2.edf"", ""PN10-4.5.6.edf""]}, {""validation_file"": ""PN10-4.5.6.edf"", ""train_files"": [""PN10-1.edf"", ""PN10-10.edf"", ""PN10-2.edf"", ""PN10-3.edf""]}]","[""PN10-1.edf"", ""PN10-10.edf"", ""PN10-2.edf"", ""PN10-3.edf"", ""PN10-4.5.6.edf""]",PN10,C0_LR,PN10-7.8.9.edf,nested
7,1,2,173,1,174,4600,52462,300,27,9785,42350,0.14285714285714285,0.2857142857142857,14.706021251475796,6,1,1,10,10,10,10,10,0.10861865407319952,300,0.65000000000000002,False,False,"[{""validation_file"": ""PN10-1.edf"", ""train_files"": [""PN10-10.edf"", ""PN10-2.edf"", ""PN10-3.edf"", ""PN10-4.5.6.edf""]}, {""validation_file"": ""PN10-10.edf"", ""train_files"": [""PN10-1.edf"", ""PN10-2.edf"", ""PN10-3.edf"", ""PN10-4.5.6.edf""]}, {""validation_file"": ""PN10-2.edf"", ""train_files"": [""PN10-1.edf"", ""PN10-10.edf"", ""PN10-3.edf"", ""PN10-4.5.6.edf""]}, {""validation_file"": ""PN10-3.edf"", ""train_files"": [""PN10-1.edf"", ""PN10-10.edf"", ""PN10-2.edf"", ""PN10-4.5.6.edf""]}, {""validation_file"": ""PN10-4.5.6.edf"", ""train_files"": [""PN10-1.edf"", ""PN10-10.edf"", ""PN10-2.edf"", ""PN10-3.edf""]}]","[""PN10-1.edf"", ""PN10-10.edf"", ""PN10-2.edf"", ""PN10-3.edf"", ""PN10-4.5.6.edf""]",PN10,C0_LR,PN10-7.8.9.edf,nested
7,1,2,123,1,124,3375,52462,300,27,9785,42350,0.14285714285714285,0.2857142857142857,10.455726092089728,6,1,1,10,10,10,10,10,0.07969303423848878,300,0.69999999999999996,False,False,"[{""validation_file"": ""PN10-1.edf"", ""train_files"": [""PN10-10.edf"", ""PN10-2.edf"", ""PN10-3.edf"", ""PN10-4.5.6.edf""]}, {""validation_file"": ""PN10-10.edf"", ""train_files"": [""PN10-1.edf"", ""PN10-2.edf"", ""PN10-3.edf"", ""PN10-4.5.6.edf""]}, {""validation_file"": ""PN10-2.edf"", ""train_files"": [""PN10-1.edf"", ""PN10-10.edf"", ""PN10-3.edf"", ""PN10-4.5.6.edf""]}, {""validation_file"": ""PN10-3.edf"", ""train_files"": [""PN10-1.edf"", ""PN10-10.edf"", ""PN10-2.edf"", ""PN10-4.5.6.edf""]}, {""validation_file"": ""PN10-4.5.6.edf"", ""train_files"": [""PN10-1.edf"", ""PN10-10.edf"", ""PN10-2.edf"", ""PN10-3.edf""]}]","[""PN10-1.edf"", ""PN10-10.edf"", ""PN10-2.edf"", ""PN10-3.edf"", ""PN10-4.5.6.edf""]",PN10,C0_LR,PN10-7.8.9.edf,nested
7,1,2,83,1,84,2520,52462,300,27,9785,42350,0.14285714285714285,0.2857142857142857,7.0554899645808735,6,1,1,10,10,10,10,10,0.059504132231404959,300,0.75,False,False,"[{""validation_file"": ""PN10-1.edf"", ""train_files"": [""PN10-10.edf"", ""PN10-2.edf"", ""PN10-3.edf"", ""PN10-4.5.6.edf""]}, {""validation_file"": ""PN10-10.edf"", ""train_files"": [""PN10-1.edf"", ""PN10-2.edf"", ""PN10-3.edf"", ""PN10-4.5.6.edf""]}, {""validation_file"": ""PN10-2.edf"", ""train_files"": [""PN10-1.edf"", ""PN10-10.edf"", ""PN10-3.edf"", ""PN10-4.5.6.edf""]}, {""validation_file"": ""PN10-3.edf"", ""train_files"": [""PN10-1.edf"", ""PN10-10.edf"", ""PN10-2.edf"", ""PN10-4.5.6.edf""]}, {""validation_file"": ""PN10-4.5.6.edf"", ""train_files"": [""PN10-1.edf"", ""PN10-10.edf"", ""PN10-2.edf"", ""PN10-3.edf""]}]","[""PN10-1.edf"", ""PN10-10.edf"", ""PN10-2.edf"", ""PN10-3.edf"", ""PN10-4.5.6.edf""]",PN10,C0_LR,PN10-7.8.9.edf,nested
7,1,2,55,0,56,1815,52462,300,27,9785,42350,0.14285714285714285,0.2857142857142857,4.6753246753246751,6,1,1,15,15,15,15,15,0.042857142857142858,295,0.80000000000000004,False,False,"[{""validation_file"": ""PN10-1.edf"", ""train_files"": [""PN10-10.edf"", ""PN10-2.edf"", ""PN10-3.edf"", ""PN10-4.5.6.edf""]}, {""validation_file"": ""PN10-10.edf"", ""train_files"": [""PN10-1.edf"", ""PN10-2.edf"", ""PN10-3.edf"", ""PN10-4.5.6.edf""]}, {""validation_file"": ""PN10-2.edf"", ""train_files"": [""PN10-1.edf"", ""PN10-10.edf"", ""PN10-3.edf"", ""PN10-4.5.6.edf""]}, {""validation_file"": ""PN10-3.edf"", ""train_files"": [""PN10-1.edf"", ""PN10-10.edf"", ""PN10-2.edf"", ""PN10-4.5.6.edf""]}, {""validation_file"": ""PN10-4.5.6.edf"", ""train_files"": [""PN10-1.edf"", ""PN10-10.edf"", ""PN10-2.edf"", ""PN10-3.edf""]}]","[""PN10-1.edf"", ""PN10-10.edf"", ""PN10-2.edf"", ""PN10-3.edf"", ""PN10-4.5.6.edf""]",PN10,C0_LR,PN10-7.8.9.edf,nested
7,0,1,33,0,33,1365,52462,300,27,9785,42350,0,0.14285714285714285,2.8051948051948052,7,0,0,,,,,,0.032231404958677684,295,0.84999999999999998,False,False,"[{""validation_file"": ""PN10-1.edf"", ""train_files"": [""PN10-10.edf"", ""PN10-2.edf"", ""PN10-3.edf"", ""PN10-4.5.6.edf""]}, {""validation_file"": ""PN10-10.edf"", ""train_files"": [""PN10-1.edf"", ""PN10-2.edf"", ""PN10-3.edf"", ""PN10-4.5.6.edf""]}, {""validation_file"": ""PN10-2.edf"", ""train_files"": [""PN10-1.edf"", ""PN10-10.edf"", ""PN10-3.edf"", ""PN10-4.5.6.edf""]}, {""validation_file"": ""PN10-3.edf"", ""train_files"": [""PN10-1.edf"", ""PN10-10.edf"", ""PN10-2.edf"", ""PN10-4.5.6.edf""]}, {""validation_file"": ""PN10-4.5.6.edf"", ""train_files"": [""PN10-1.edf"", ""PN10-10.edf"", ""PN10-2.edf"", ""PN10-3.edf""]}]","[""PN10-1.edf"", ""PN10-10.edf"", ""PN10-2.edf"", ""PN10-3.edf"", ""PN10-4.5.6.edf""]",PN10,C0_LR,PN10-7.8.9.edf,nested
7,0,1,21,0,21,1045,52462,300,27,9785,42350,0,0.14285714285714285,1.7851239669421488,7,0,0,,,,,,0.024675324675324677,260,0.90000000000000002,False,False,"[{""validation_file"": ""PN10-1.edf"", ""train_files"": [""PN10-10.edf"", ""PN10-2.edf"", ""PN10-3.edf"", ""PN10-4.5.6.edf""]}, {""validation_file"": ""PN10-10.edf"", ""train_files"": [""PN10-1.edf"", ""PN10-2.edf"", ""PN10-3.edf"", ""PN10-4.5.6.edf""]}, {""validation_file"": ""PN10-2.edf"", ""train_files"": [""PN10-1.edf"", ""PN10-10.edf"", ""PN10-3.edf"", ""PN10-4.5.6.edf""]}, {""validation_file"": ""PN10-3.edf"", ""train_files"": [""PN10-1.edf"", ""PN10-10.edf"", ""PN10-2.edf"", ""PN10-4.5.6.edf""]}, {""validation_file"": ""PN10-4.5.6.edf"", ""train_files"": [""PN10-1.edf"", ""PN10-10.edf"", ""PN10-2.edf"", ""PN10-3.edf""]}]","[""PN10-1.edf"", ""PN10-10.edf"", ""PN10-2.edf"", ""PN10-3.edf"", ""PN10-4.5.6.edf""]",PN10,C0_LR,PN10-7.8.9.edf,nested
7,0,1,13,0,13,770,52462,300,27,9785,42350,0,0.14285714285714285,1.1050767414403777,7,0,0,,,,,,0.018181818181818181,260,0.94999999999999996,False,False,"[{""validation_file"": ""PN10-1.edf"", ""train_files"": [""PN10-10.edf"", ""PN10-2.edf"", ""PN10-3.edf"", ""PN10-4.5.6.edf""]}, {""validation_file"": ""PN10-10.edf"", ""train_files"": [""PN10-1.edf"", ""PN10-2.edf"", ""PN10-3.edf"", ""PN10-4.5.6.edf""]}, {""validation_file"": ""PN10-2.edf"", ""train_files"": [""PN10-1.edf"", ""PN10-10.edf"", ""PN10-3.edf"", ""PN10-4.5.6.edf""]}, {""validation_file"": ""PN10-3.edf"", ""train_files"": [""PN10-1.edf"", ""PN10-10.edf"", ""PN10-2.edf"", ""PN10-4.5.6.edf""]}, {""validation_file"": ""PN10-4.5.6.edf"", ""train_files"": [""PN10-1.edf"", ""PN10-10.edf"", ""PN10-2.edf"", ""PN10-3.edf""]}]","[""PN10-1.edf"", ""PN10-10.edf"", ""PN10-2.edf"", ""PN10-3.edf"", ""PN10-4.5.6.edf""]",PN10,C0_LR,PN10-7.8.9.edf,nested
7,0,0,0,0,0,0,52462,300,27,9785,42350,0,0,0,7,0,0,,,,,,0,0,1.01,True,True,"[{""validation_file"": ""PN10-1.edf"", ""train_files"": [""PN10-10.edf"", ""PN10-2.edf"", ""PN10-3.edf"", ""PN10-4.5.6.edf""]}, {""validation_file"": ""PN10-10.edf"", ""train_files"": [""PN10-1.edf"", ""PN10-2.edf"", ""PN10-3.edf"", ""PN10-4.5.6.edf""]}, {""validation_file"": ""PN10-2.edf"", ""train_files"": [""PN10-1.edf"", ""PN10-10.edf"", ""PN10-3.edf"", ""PN10-4.5.6.edf""]}, {""validation_file"": ""PN10-3.edf"", ""train_files"": [""PN10-1.edf"", ""PN10-10.edf"", ""PN10-2.edf"", ""PN10-4.5.6.edf""]}, {""validation_file"": ""PN10-4.5.6.edf"", ""train_files"": [""PN10-1.edf"", ""PN10-10.edf"", ""PN10-2.edf"", ""PN10-3.edf""]}]","[""PN10-1.edf"", ""PN10-10.edf"", ""PN10-2.edf"", ""PN10-3.edf"", ""PN10-4.5.6.edf""]",PN10,C0_LR,PN10-7.8.9.edf,nested
9,1,6,436,0,437,38122,57435,300,27,545,56563,0.1111111111111111,0.66666666666666663,27.7495889539098,8,1,1,10,10,10,10,10,0.67397415271467209,745,0.050000000000000003,False,False,"[{""validation_file"": ""PN10-10.edf"", ""train_files"": [""PN10-2.edf"", ""PN10-3.edf"", ""PN10-4.5.6.edf"", ""PN10-7.8.9.edf""]}, {""validation_file"": ""PN10-2.edf"", ""train_files"": [""PN10-10.edf"", ""PN10-3.edf"", ""PN10-4.5.6.edf"", ""PN10-7.8.9.edf""]}, {""validation_file"": ""PN10-3.edf"", ""train_files"": [""PN10-10.edf"", ""PN10-2.edf"", ""PN10-4.5.6.edf"", ""PN10-7.8.9.edf""]}, {""validation_file"": ""PN10-4.5.6.edf"", ""train_files"": [""PN10-10.edf"", ""PN10-2.edf"", ""PN10-3.edf"", ""PN10-7.8.9.edf""]}, {""validation_file"": ""PN10-7.8.9.edf"", ""train_files"": [""PN10-10.edf"", ""PN10-2.edf"", ""PN10-3.edf"", ""PN10-4.5.6.edf""]}]","[""PN10-10.edf"", ""PN10-2.edf"", ""PN10-3.edf"", ""PN10-4.5.6.edf"", ""PN10-7.8.9.edf""]",PN10,C1_RF,PN10-1.edf,nested
9,1,5,490,0,491,33413,57435,300,27,545,56563,0.1111111111111111,0.55555555555555558,31.186464650036243,8,1,1,10,10,10,10,10,0.59072184997259691,560,0.10000000000000001,False,False,"[{""validation_file"": ""PN10-10.edf"", ""train_files"": [""PN10-2.edf"", ""PN10-3.edf"", ""PN10-4.5.6.edf"", ""PN10-7.8.9.edf""]}, {""validation_file"": ""PN10-2.edf"", ""train_files"": [""PN10-10.edf"", ""PN10-3.edf"", ""PN10-4.5.6.edf"", ""PN10-7.8.9.edf""]}, {""validation_file"": ""PN10-3.edf"", ""train_files"": [""PN10-10.edf"", ""PN10-2.edf"", ""PN10-4.5.6.edf"", ""PN10-7.8.9.edf""]}, {""validation_file"": ""PN10-4.5.6.edf"", ""train_files"": [""PN10-10.edf"", ""PN10-2.edf"", ""PN10-3.edf"", ""PN10-7.8.9.edf""]}, {""validation_file"": ""PN10-7.8.9.edf"", ""train_files"": [""PN10-10.edf"", ""PN10-2.edf"", ""PN10-3.edf"", ""PN10-4.5.6.edf""]}]","[""PN10-10.edf"", ""PN10-2.edf"", ""PN10-3.edf"", ""PN10-4.5.6.edf"", ""PN10-7.8.9.edf""]",PN10,C1_RF,PN10-1.edf,nested
9,2,5,553,0,555,29873,57435,300,27,545,56563,0.22222222222222221,0.55555555555555558,35.19615296218376,7,2,2,5,2.5,7.5,0,10,0.52813676785177588,435,0.14999999999999999,False,False,"[{""validation_file"": ""PN10-10.edf"", ""train_files"": [""PN10-2.edf"", ""PN10-3.edf"", ""PN10-4.5.6.edf"", ""PN10-7.8.9.edf""]}, {""validation_file"": ""PN10-2.edf"", ""train_files"": [""PN10-10.edf"", ""PN10-3.edf"", ""PN10-4.5.6.edf"", ""PN10-7.8.9.edf""]}, {""validation_file"": ""PN10-3.edf"", ""train_files"": [""PN10-10.edf"", ""PN10-2.edf"", ""PN10-4.5.6.edf"", ""PN10-7.8.9.edf""]}, {""validation_file"": ""PN10-4.5.6.edf"", ""train_files"": [""PN10-10.edf"", ""PN10-2.edf"", ""PN10-3.edf"", ""PN10-7.8.9.edf""]}, {""validation_file"": ""PN10-7.8.9.edf"", ""train_files"": [""PN10-10.edf"", ""PN10-2.edf"", ""PN10-3.edf"", ""PN10-4.5.6.edf""]}]","[""PN10-10.edf"", ""PN10-2.edf"", ""PN10-3.edf"", ""PN10-4.5.6.edf"", ""PN10-7.8.9.edf""]",PN10,C1_RF,PN10-1.edf,nested
9,2,4,619,1,621,25358,57435,300,27,545,56563,0.22222222222222221,0.44444444444444442,39.396778813004971,7,2,2,7.5,3.75,11.25,0,15,0.44831426904513549,280,0.20000000000000001,False,False,"[{""validation_file"": ""PN10-10.edf"", ""train_files"": [""PN10-2.edf"", ""PN10-3.edf"", ""PN10-4.5.6.edf"", ""PN10-7.8.9.edf""]}, {""validation_file"": ""PN10-2.edf"", ""train_files"": [""PN10-10.edf"", ""PN10-3.edf"", ""PN10-4.5.6.edf"", ""PN10-7.8.9.edf""]}, {""validation_file"": ""PN10-3.edf"", ""train_files"": [""PN10-10.edf"", ""PN10-2.edf"", ""PN10-4.5.6.edf"", ""PN10-7.8.9.edf""]}, {""validation_file"": ""PN10-4.5.6.edf"", ""train_files"": [""PN10-10.edf"", ""PN10-2.edf"", ""PN10-3.edf"", ""PN10-7.8.9.edf""]}, {""validation_file"": ""PN10-7.8.9.edf"", ""train_files"": [""PN10-10.edf"", ""PN10-2.edf"", ""PN10-3.edf"", ""PN10-4.5.6.edf""]}]","[""PN10-10.edf"", ""PN10-2.edf"", ""PN10-3.edf"", ""PN10-4.5.6.edf"", ""PN10-7.8.9.edf""]",PN10,C1_RF,PN10-1.edf,nested
9,2,3,607,0,609,21198,57435,300,27,545,56563,0.22222222222222221,0.33333333333333331,38.633028658310202,7,2,2,7.5,3.75,11.25,0,15,0.37476795785230627,260,0.25,False,False,"[{""validation_file"": ""PN10-10.edf"", ""train_files"": [""PN10-2.edf"", ""PN10-3.edf"", ""PN10-4.5.6.edf"", ""PN10-7.8.9.edf""]}, {""validation_file"": ""PN10-2.edf"", ""train_files"": [""PN10-10.edf"", ""PN10-3.edf"", ""PN10-4.5.6.edf"", ""PN10-7.8.9.edf""]}, {""validation_file"": ""PN10-3.edf"", ""train_files"": [""PN10-10.edf"", ""PN10-2.edf"", ""PN10-4.5.6.edf"", ""PN10-7.8.9.edf""]}, {""validation_file"": ""PN10-4.5.6.edf"", ""train_files"": [""PN10-10.edf"", ""PN10-2.edf"", ""PN10-3.edf"", ""PN10-7.8.9.edf""]}, {""validation_file"": ""PN10-7.8.9.edf"", ""train_files"": [""PN10-10.edf"", ""PN10-2.edf"", ""PN10-3.edf"", ""PN10-4.5.6.edf""]}]","[""PN10-10.edf"", ""PN10-2.edf"", ""PN10-3.edf"", ""PN10-4.5.6.edf"", ""PN10-7.8.9.edf""]",PN10,C1_RF,PN10-1.edf,nested
9,2,3,568,0,570,17573,57435,300,27,545,56563,0.22222222222222221,0.33333333333333331,36.150840655552216,7,2,2,7.5,3.75,11.25,0,15,0.31068012658451638,240,0.29999999999999999,False,False,"[{""validation_file"": ""PN10-10.edf"", ""train_files"": [""PN10-2.edf"", ""PN10-3.edf"", ""PN10-4.5.6.edf"", ""PN10-7.8.9.edf""]}, {""validation_file"": ""PN10-2.edf"", ""train_files"": [""PN10-10.edf"", ""PN10-3.edf"", ""PN10-4.5.6.edf"", ""PN10-7.8.9.edf""]}, {""validation_file"": ""PN10-3.edf"", ""train_files"": [""PN10-10.edf"", ""PN10-2.edf"", ""PN10-4.5.6.edf"", ""PN10-7.8.9.edf""]}, {""validation_file"": ""PN10-4.5.6.edf"", ""train_files"": [""PN10-10.edf"", ""PN10-2.edf"", ""PN10-3.edf"", ""PN10-7.8.9.edf""]}, {""validation_file"": ""PN10-7.8.9.edf"", ""train_files"": [""PN10-10.edf"", ""PN10-2.edf"", ""PN10-3.edf"", ""PN10-4.5.6.edf""]}]","[""PN10-10.edf"", ""PN10-2.edf"", ""PN10-3.edf"", ""PN10-4.5.6.edf"", ""PN10-7.8.9.edf""]",PN10,C1_RF,PN10-1.edf,nested
9,2,3,492,0,494,13760,57435,300,27,545,56563,0.22222222222222221,0.33333333333333331,31.31375634248537,7,2,2,7.5,3.75,11.25,0,15,0.24326856779166592,150,0.34999999999999998,False,False,"[{""validation_file"": ""PN10-10.edf"", ""train_files"": [""PN10-2.edf"", ""PN10-3.edf"", ""PN10-4.5.6.edf"", ""PN10-7.8.9.edf""]}, {""validation_file"": ""PN10-2.edf"", ""train_files"": [""PN10-10.edf"", ""PN10-3.edf"", ""PN10-4.5.6.edf"", ""PN10-7.8.9.edf""]}, {""validation_file"": ""PN10-3.edf"", ""train_files"": [""PN10-10.edf"", ""PN10-2.edf"", ""PN10-4.5.6.edf"", ""PN10-7.8.9.edf""]}, {""validation_file"": ""PN10-4.5.6.edf"", ""train_files"": [""PN10-10.edf"", ""PN10-2.edf"", ""PN10-3.edf"", ""PN10-7.8.9.edf""]}, {""validation_file"": ""PN10-7.8.9.edf"", ""train_files"": [""PN10-10.edf"", ""PN10-2.edf"", ""PN10-3.edf"", ""PN10-4.5.6.edf""]}]","[""PN10-10.edf"", ""PN10-2.edf"", ""PN10-3.edf"", ""PN10-4.5.6.edf"", ""PN10-7.8.9.edf""]",PN10,C1_RF,PN10-1.edf,nested
9,2,3,412,0,414,11150,57435,300,27,545,56563,0.22222222222222221,0.33333333333333331,26.222088644520269,7,2,2,7.5,3.75,11.25,0,15,0.1971253292788572,150,0.40000000000000002,False,False,"[{""validation_file"": ""PN10-10.edf"", ""train_files"": [""PN10-2.edf"", ""PN10-3.edf"", ""PN10-4.5.6.edf"", ""PN10-7.8.9.edf""]}, {""validation_file"": ""PN10-2.edf"", ""train_files"": [""PN10-10.edf"", ""PN10-3.edf"", ""PN10-4.5.6.edf"", ""PN10-7.8.9.edf""]}, {""validation_file"": ""PN10-3.edf"", ""train_files"": [""PN10-10.edf"", ""PN10-2.edf"", ""PN10-4.5.6.edf"", ""PN10-7.8.9.edf""]}, {""validation_file"": ""PN10-4.5.6.edf"", ""train_files"": [""PN10-10.edf"", ""PN10-2.edf"", ""PN10-3.edf"", ""PN10-7.8.9.edf""]}, {""validation_file"": ""PN10-7.8.9.edf"", ""train_files"": [""PN10-10.edf"", ""PN10-2.edf"", ""PN10-3.edf"", ""PN10-4.5.6.edf""]}]","[""PN10-10.edf"", ""PN10-2.edf"", ""PN10-3.edf"", ""PN10-4.5.6.edf"", ""PN10-7.8.9.edf""]",PN10,C1_RF,PN10-1.edf,nested
9,1,2,347,0,348,8825,57435,300,27,545,56563,0.1111111111111111,0.22222222222222221,22.085108639923625,8,1,1,15,15,15,15,15,0.15602072025882643,145,0.45000000000000001,False,False,"[{""validation_file"": ""PN10-10.edf"", ""train_files"": [""PN10-2.edf"", ""PN10-3.edf"", ""PN10-4.5.6.edf"", ""PN10-7.8.9.edf""]}, {""validation_file"": ""PN10-2.edf"", ""train_files"": [""PN10-10.edf"", ""PN10-3.edf"", ""PN10-4.5.6.edf"", ""PN10-7.8.9.edf""]}, {""validation_file"": ""PN10-3.edf"", ""train_files"": [""PN10-10.edf"", ""PN10-2.edf"", ""PN10-4.5.6.edf"", ""PN10-7.8.9.edf""]}, {""validation_file"": ""PN10-4.5.6.edf"", ""train_files"": [""PN10-10.edf"", ""PN10-2.edf"", ""PN10-3.edf"", ""PN10-7.8.9.edf""]}, {""validation_file"": ""PN10-7.8.9.edf"", ""train_files"": [""PN10-10.edf"", ""PN10-2.edf"", ""PN10-3.edf"", ""PN10-4.5.6.edf""]}]","[""PN10-10.edf"", ""PN10-2.edf"", ""PN10-3.edf"", ""PN10-4.5.6.edf"", ""PN10-7.8.9.edf""]",PN10,C1_RF,PN10-1.edf,nested
9,1,2,290,0,291,6795,57435,300,27,545,56563,0.1111111111111111,0.22222222222222221,18.457295405123492,8,1,1,15,15,15,15,15,0.12013153474886409,135,0.5,False,False,"[{""validation_file"": ""PN10-10.edf"", ""train_files"": [""PN10-2.edf"", ""PN10-3.edf"", ""PN10-4.5.6.edf"", ""PN10-7.8.9.edf""]}, {""validation_file"": ""PN10-2.edf"", ""train_files"": [""PN10-10.edf"", ""PN10-3.edf"", ""PN10-4.5.6.edf"", ""PN10-7.8.9.edf""]}, {""validation_file"": ""PN10-3.edf"", ""train_files"": [""PN10-10.edf"", ""PN10-2.edf"", ""PN10-4.5.6.edf"", ""PN10-7.8.9.edf""]}, {""validation_file"": ""PN10-4.5.6.edf"", ""train_files"": [""PN10-10.edf"", ""PN10-2.edf"", ""PN10-3.edf"", ""PN10-7.8.9.edf""]}, {""validation_file"": ""PN10-7.8.9.edf"", ""train_files"": [""PN10-10.edf"", ""PN10-2.edf"", ""PN10-3.edf"", ""PN10-4.5.6.edf""]}]","[""PN10-10.edf"", ""PN10-2.edf"", ""PN10-3.edf"", ""PN10-4.5.6.edf"", ""PN10-7.8.9.edf""]",PN10,C1_RF,PN10-1.edf,nested
9,0,1,215,0,215,5130,57435,300,27,545,56563,0,0.1111111111111111,13.683856938281208,9,0,0,,,,,,0.090695330870003366,135,0.55000000000000004,False,False,"[{""validation_file"": ""PN10-10.edf"", ""train_files"": [""PN10-2.edf"", ""PN10-3.edf"", ""PN10-4.5.6.edf"", ""PN10-7.8.9.edf""]}, {""validation_file"": ""PN10-2.edf"", ""train_files"": [""PN10-10.edf"", ""PN10-3.edf"", ""PN10-4.5.6.edf"", ""PN10-7.8.9.edf""]}, {""validation_file"": ""PN10-3.edf"", ""train_files"": [""PN10-10.edf"", ""PN10-2.edf"", ""PN10-4.5.6.edf"", ""PN10-7.8.9.edf""]}, {""validation_file"": ""PN10-4.5.6.edf"", ""train_files"": [""PN10-10.edf"", ""PN10-2.edf"", ""PN10-3.edf"", ""PN10-7.8.9.edf""]}, {""validation_file"": ""PN10-7.8.9.edf"", ""train_files"": [""PN10-10.edf"", ""PN10-2.edf"", ""PN10-3.edf"", ""PN10-4.5.6.edf""]}]","[""PN10-10.edf"", ""PN10-2.edf"", ""PN10-3.edf"", ""PN10-4.5.6.edf"", ""PN10-7.8.9.edf""]",PN10,C1_RF,PN10-1.edf,nested
9,0,1,169,0,169,4060,57435,300,27,545,56563,0,0.1111111111111111,10.756148011951275,9,0,0,,,,,,0.07177837101992468,135,0.59999999999999998,False,False,"[{""validation_file"": ""PN10-10.edf"", ""train_files"": [""PN10-2.edf"", ""PN10-3.edf"", ""PN10-4.5.6.edf"", ""PN10-7.8.9.edf""]}, {""validation_file"": ""PN10-2.edf"", ""train_files"": [""PN10-10.edf"", ""PN10-3.edf"", ""PN10-4.5.6.edf"", ""PN10-7.8.9.edf""]}, {""validation_file"": ""PN10-3.edf"", ""train_files"": [""PN10-10.edf"", ""PN10-2.edf"", ""PN10-4.5.6.edf"", ""PN10-7.8.9.edf""]}, {""validation_file"": ""PN10-4.5.6.edf"", ""train_files"": [""PN10-10.edf"", ""PN10-2.edf"", ""PN10-3.edf"", ""PN10-7.8.9.edf""]}, {""validation_file"": ""PN10-7.8.9.edf"", ""train_files"": [""PN10-10.edf"", ""PN10-2.edf"", ""PN10-3.edf"", ""PN10-4.5.6.edf""]}]","[""PN10-10.edf"", ""PN10-2.edf"", ""PN10-3.edf"", ""PN10-4.5.6.edf"", ""PN10-7.8.9.edf""]",PN10,C1_RF,PN10-1.edf,nested
9,0,1,139,0,139,3240,57435,300,27,545,56563,0,0.1111111111111111,8.8467726252143635,9,0,0,,,,,,0.057281261602107385,120,0.65000000000000002,False,False,"[{""validation_file"": ""PN10-10.edf"", ""train_files"": [""PN10-2.edf"", ""PN10-3.edf"", ""PN10-4.5.6.edf"", ""PN10-7.8.9.edf""]}, {""validation_file"": ""PN10-2.edf"", ""train_files"": [""PN10-10.edf"", ""PN10-3.edf"", ""PN10-4.5.6.edf"", ""PN10-7.8.9.edf""]}, {""validation_file"": ""PN10-3.edf"", ""train_files"": [""PN10-10.edf"", ""PN10-2.edf"", ""PN10-4.5.6.edf"", ""PN10-7.8.9.edf""]}, {""validation_file"": ""PN10-4.5.6.edf"", ""train_files"": [""PN10-10.edf"", ""PN10-2.edf"", ""PN10-3.edf"", ""PN10-7.8.9.edf""]}, {""validation_file"": ""PN10-7.8.9.edf"", ""train_files"": [""PN10-10.edf"", ""PN10-2.edf"", ""PN10-3.edf"", ""PN10-4.5.6.edf""]}]","[""PN10-10.edf"", ""PN10-2.edf"", ""PN10-3.edf"", ""PN10-4.5.6.edf"", ""PN10-7.8.9.edf""]",PN10,C1_RF,PN10-1.edf,nested
9,0,1,111,0,111,2530,57435,300,27,545,56563,0,0.1111111111111111,7.064688930926577,9,0,0,,,,,,0.044728886374485084,85,0.69999999999999996,False,False,"[{""validation_file"": ""PN10-10.edf"", ""train_files"": [""PN10-2.edf"", ""PN10-3.edf"", ""PN10-4.5.6.edf"", ""PN10-7.8.9.edf""]}, {""validation_file"": ""PN10-2.edf"", ""train_files"": [""PN10-10.edf"", ""PN10-3.edf"", ""PN10-4.5.6.edf"", ""PN10-7.8.9.edf""]}, {""validation_file"": ""PN10-3.edf"", ""train_files"": [""PN10-10.edf"", ""PN10-2.edf"", ""PN10-4.5.6.edf"", ""PN10-7.8.9.edf""]}, {""validation_file"": ""PN10-4.5.6.edf"", ""train_files"": [""PN10-10.edf"", ""PN10-2.edf"", ""PN10-3.edf"", ""PN10-7.8.9.edf""]}, {""validation_file"": ""PN10-7.8.9.edf"", ""train_files"": [""PN10-10.edf"", ""PN10-2.edf"", ""PN10-3.edf"", ""PN10-4.5.6.edf""]}]","[""PN10-10.edf"", ""PN10-2.edf"", ""PN10-3.edf"", ""PN10-4.5.6.edf"", ""PN10-7.8.9.edf""]",PN10,C1_RF,PN10-1.edf,nested
9,0,1,91,0,91,1810,57435,300,27,545,56563,0,0.1111111111111111,5.791772006435302,9,0,0,,,,,,0.031999717129572336,60,0.75,False,False,"[{""validation_file"": ""PN10-10.edf"", ""train_files"": [""PN10-2.edf"", ""PN10-3.edf"", ""PN10-4.5.6.edf"", ""PN10-7.8.9.edf""]}, {""validation_file"": ""PN10-2.edf"", ""train_files"": [""PN10-10.edf"", ""PN10-3.edf"", ""PN10-4.5.6.edf"", ""PN10-7.8.9.edf""]}, {""validation_file"": ""PN10-3.edf"", ""train_files"": [""PN10-10.edf"", ""PN10-2.edf"", ""PN10-4.5.6.edf"", ""PN10-7.8.9.edf""]}, {""validation_file"": ""PN10-4.5.6.edf"", ""train_files"": [""PN10-10.edf"", ""PN10-2.edf"", ""PN10-3.edf"", ""PN10-7.8.9.edf""]}, {""validation_file"": ""PN10-7.8.9.edf"", ""train_files"": [""PN10-10.edf"", ""PN10-2.edf"", ""PN10-3.edf"", ""PN10-4.5.6.edf""]}]","[""PN10-10.edf"", ""PN10-2.edf"", ""PN10-3.edf"", ""PN10-4.5.6.edf"", ""PN10-7.8.9.edf""]",PN10,C1_RF,PN10-1.edf,nested
9,0,0,42,0,42,715,57435,300,27,545,56563,0,0,2.6731255414316779,9,0,0,,,,,,0.012640772236267524,45,0.80000000000000004,False,False,"[{""validation_file"": ""PN10-10.edf"", ""train_files"": [""PN10-2.edf"", ""PN10-3.edf"", ""PN10-4.5.6.edf"", ""PN10-7.8.9.edf""]}, {""validation_file"": ""PN10-2.edf"", ""train_files"": [""PN10-10.edf"", ""PN10-3.edf"", ""PN10-4.5.6.edf"", ""PN10-7.8.9.edf""]}, {""validation_file"": ""PN10-3.edf"", ""train_files"": [""PN10-10.edf"", ""PN10-2.edf"", ""PN10-4.5.6.edf"", ""PN10-7.8.9.edf""]}, {""validation_file"": ""PN10-4.5.6.edf"", ""train_files"": [""PN10-10.edf"", ""PN10-2.edf"", ""PN10-3.edf"", ""PN10-7.8.9.edf""]}, {""validation_file"": ""PN10-7.8.9.edf"", ""train_files"": [""PN10-10.edf"", ""PN10-2.edf"", ""PN10-3.edf"", ""PN10-4.5.6.edf""]}]","[""PN10-10.edf"", ""PN10-2.edf"", ""PN10-3.edf"", ""PN10-4.5.6.edf"", ""PN10-7.8.9.edf""]",PN10,C1_RF,PN10-1.edf,nested
9,0,0,3,0,3,40,57435,300,27,545,56563,0,0,0.19093753867369129,9,0,0,,,,,,0.00070717606916181962,20,0.84999999999999998,True,False,"[{""validation_file"": ""PN10-10.edf"", ""train_files"": [""PN10-2.edf"", ""PN10-3.edf"", ""PN10-4.5.6.edf"", ""PN10-7.8.9.edf""]}, {""validation_file"": ""PN10-2.edf"", ""train_files"": [""PN10-10.edf"", ""PN10-3.edf"", ""PN10-4.5.6.edf"", ""PN10-7.8.9.edf""]}, {""validation_file"": ""PN10-3.edf"", ""train_files"": [""PN10-10.edf"", ""PN10-2.edf"", ""PN10-4.5.6.edf"", ""PN10-7.8.9.edf""]}, {""validation_file"": ""PN10-4.5.6.edf"", ""train_files"": [""PN10-10.edf"", ""PN10-2.edf"", ""PN10-3.edf"", ""PN10-7.8.9.edf""]}, {""validation_file"": ""PN10-7.8.9.edf"", ""train_files"": [""PN10-10.edf"", ""PN10-2.edf"", ""PN10-3.edf"", ""PN10-4.5.6.edf""]}]","[""PN10-10.edf"", ""PN10-2.edf"", ""PN10-3.edf"", ""PN10-4.5.6.edf"", ""PN10-7.8.9.edf""]",PN10,C1_RF,PN10-1.edf,nested
9,0,0,2,0,2,25,57435,300,27,545,56563,0,0,0.12729169244912752,9,0,0,,,,,,0.00044198504322613723,15,0.90000000000000002,True,False,"[{""validation_file"": ""PN10-10.edf"", ""train_files"": [""PN10-2.edf"", ""PN10-3.edf"", ""PN10-4.5.6.edf"", ""PN10-7.8.9.edf""]}, {""validation_file"": ""PN10-2.edf"", ""train_files"": [""PN10-10.edf"", ""PN10-3.edf"", ""PN10-4.5.6.edf"", ""PN10-7.8.9.edf""]}, {""validation_file"": ""PN10-3.edf"", ""train_files"": [""PN10-10.edf"", ""PN10-2.edf"", ""PN10-4.5.6.edf"", ""PN10-7.8.9.edf""]}, {""validation_file"": ""PN10-4.5.6.edf"", ""train_files"": [""PN10-10.edf"", ""PN10-2.edf"", ""PN10-3.edf"", ""PN10-7.8.9.edf""]}, {""validation_file"": ""PN10-7.8.9.edf"", ""train_files"": [""PN10-10.edf"", ""PN10-2.edf"", ""PN10-3.edf"", ""PN10-4.5.6.edf""]}]","[""PN10-10.edf"", ""PN10-2.edf"", ""PN10-3.edf"", ""PN10-4.5.6.edf"", ""PN10-7.8.9.edf""]",PN10,C1_RF,PN10-1.edf,nested
9,0,0,1,0,1,10,57435,300,27,545,56563,0,0,0.063645846224563762,9,0,0,,,,,,0.0001767940172904549,10,0.94999999999999996,True,False,"[{""validation_file"": ""PN10-10.edf"", ""train_files"": [""PN10-2.edf"", ""PN10-3.edf"", ""PN10-4.5.6.edf"", ""PN10-7.8.9.edf""]}, {""validation_file"": ""PN10-2.edf"", ""train_files"": [""PN10-10.edf"", ""PN10-3.edf"", ""PN10-4.5.6.edf"", ""PN10-7.8.9.edf""]}, {""validation_file"": ""PN10-3.edf"", ""train_files"": [""PN10-10.edf"", ""PN10-2.edf"", ""PN10-4.5.6.edf"", ""PN10-7.8.9.edf""]}, {""validation_file"": ""PN10-4.5.6.edf"", ""train_files"": [""PN10-10.edf"", ""PN10-2.edf"", ""PN10-3.edf"", ""PN10-7.8.9.edf""]}, {""validation_file"": ""PN10-7.8.9.edf"", ""train_files"": [""PN10-10.edf"", ""PN10-2.edf"", ""PN10-3.edf"", ""PN10-4.5.6.edf""]}]","[""PN10-10.edf"", ""PN10-2.edf"", ""PN10-3.edf"", ""PN10-4.5.6.edf"", ""PN10-7.8.9.edf""]",PN10,C1_RF,PN10-1.edf,nested
9,0,0,0,0,0,0,57435,300,27,545,56563,0,0,0,9,0,0,,,,,,0,0,1.01,True,True,"[{""validation_file"": ""PN10-10.edf"", ""train_files"": [""PN10-2.edf"", ""PN10-3.edf"", ""PN10-4.5.6.edf"", ""PN10-7.8.9.edf""]}, {""validation_file"": ""PN10-2.edf"", ""train_files"": [""PN10-10.edf"", ""PN10-3.edf"", ""PN10-4.5.6.edf"", ""PN10-7.8.9.edf""]}, {""validation_file"": ""PN10-3.edf"", ""train_files"": [""PN10-10.edf"", ""PN10-2.edf"", ""PN10-4.5.6.edf"", ""PN10-7.8.9.edf""]}, {""validation_file"": ""PN10-4.5.6.edf"", ""train_files"": [""PN10-10.edf"", ""PN10-2.edf"", ""PN10-3.edf"", ""PN10-7.8.9.edf""]}, {""validation_file"": ""PN10-7.8.9.edf"", ""train_files"": [""PN10-10.edf"", ""PN10-2.edf"", ""PN10-3.edf"", ""PN10-4.5.6.edf""]}]","[""PN10-10.edf"", ""PN10-2.edf"", ""PN10-3.edf"", ""PN10-4.5.6.edf"", ""PN10-7.8.9.edf""]",PN10,C1_RF,PN10-1.edf,nested
9,1,5,430,0,431,33092,58852,300,27,9960,48565,0.1111111111111111,0.55555555555555558,31.874806959744671,8,1,1,10,10,10,10,10,0.68139606712653145,820,0.050000000000000003,False,False,"[{""validation_file"": ""PN10-1.edf"", ""train_files"": [""PN10-2.edf"", ""PN10-3.edf"", ""PN10-4.5.6.edf"", ""PN10-7.8.9.edf""]}, {""validation_file"": ""PN10-2.edf"", ""train_files"": [""PN10-1.edf"", ""PN10-3.edf"", ""PN10-4.5.6.edf"", ""PN10-7.8.9.edf""]}, {""validation_file"": ""PN10-3.edf"", ""train_files"": [""PN10-1.edf"", ""PN10-2.edf"", ""PN10-4.5.6.edf"", ""PN10-7.8.9.edf""]}, {""validation_file"": ""PN10-4.5.6.edf"", ""train_files"": [""PN10-1.edf"", ""PN10-2.edf"", ""PN10-3.edf"", ""PN10-7.8.9.edf""]}, {""validation_file"": ""PN10-7.8.9.edf"", ""train_files"": [""PN10-1.edf"", ""PN10-2.edf"", ""PN10-3.edf"", ""PN10-4.5.6.edf""]}]","[""PN10-1.edf"", ""PN10-2.edf"", ""PN10-3.edf"", ""PN10-4.5.6.edf"", ""PN10-7.8.9.edf""]",PN10,C1_RF,PN10-10.edf,nested
9,2,5,483,0,485,29232,58852,300,27,9960,48565,0.22222222222222221,0.55555555555555558,35.803562236178315,7,2,2,5,2.5,7.5,0,10,0.60191495933285288,820,0.10000000000000001,False,False,"[{""validation_file"": ""PN10-1.edf"", ""train_files"": [""PN10-2.edf"", ""PN10-3.edf"", ""PN10-4.5.6.edf"", ""PN10-7.8.9.edf""]}, {""validation_file"": ""PN10-2.edf"", ""train_files"": [""PN10-1.edf"", ""PN10-3.edf"", ""PN10-4.5.6.edf"", ""PN10-7.8.9.edf""]}, {""validation_file"": ""PN10-3.edf"", ""train_files"": [""PN10-1.edf"", ""PN10-2.edf"", ""PN10-4.5.6.edf"", ""PN10-7.8.9.edf""]}, {""validation_file"": ""PN10-4.5.6.edf"", ""train_files"": [""PN10-1.edf"", ""PN10-2.edf"", ""PN10-3.edf"", ""PN10-7.8.9.edf""]}, {""validation_file"": ""PN10-7.8.9.edf"", ""train_files"": [""PN10-1.edf"", ""PN10-2.edf"", ""PN10-3.edf"", ""PN10-4.5.6.edf""]}]","[""PN10-1.edf"", ""PN10-2.edf"", ""PN10-3.edf"", ""PN10-4.5.6.edf"", ""PN10-7.8.9.edf""]",PN10,C1_RF,PN10-10.edf,nested
9,2,5,485,1,487,26169,58852,300,27,9960,48565,0.22222222222222221,0.55555555555555558,35.951817152270152,7,2,2,5,2.5,7.5,0,10,0.53884484711211778,630,0.14999999999999999,False,False,"[{""validation_file"": ""PN10-1.edf"", ""train_files"": [""PN10-2.edf"", ""PN10-3.edf"", ""PN10-4.5.6.edf"", ""PN10-7.8.9.edf""]}, {""validation_file"": ""PN10-2.edf"", ""train_files"": [""PN10-1.edf"", ""PN10-3.edf"", ""PN10-4.5.6.edf"", ""PN10-7.8.9.edf""]}, {""validation_file"": ""PN10-3.edf"", ""train_files"": [""PN10-1.edf"", ""PN10-2.edf"", ""PN10-4.5.6.edf"", ""PN10-7.8.9.edf""]}, {""validation_file"": ""PN10-4.5.6.edf"", ""train_files"": [""PN10-1.edf"", ""PN10-2.edf"", ""PN10-3.edf"", ""PN10-7.8.9.edf""]}, {""validation_file"": ""PN10-7.8.9.edf"", ""train_files"": [""PN10-1.edf"", ""PN10-2.edf"", ""PN10-3.edf"", ""PN10-4.5.6.edf""]}]","[""PN10-1.edf"", ""PN10-2.edf"", ""PN10-3.edf"", ""PN10-4.5.6.edf"", ""PN10-7.8.9.edf""]",PN10,C1_RF,PN10-10.edf,nested
9,3,5,498,2,501,23445,58852,300,27,9960,48565,0.33333333333333331,0.55555555555555558,36.915474106867087,6,3,3,2,1,6,0,10,0.48275507052403993,405,0.20000000000000001,False,False,"[{""validation_file"": ""PN10-1.edf"", ""train_files"": [""PN10-2.edf"", ""PN10-3.edf"", ""PN10-4.5.6.edf"", ""PN10-7.8.9.edf""]}, {""validation_file"": ""PN10-2.edf"", ""train_files"": [""PN10-1.edf"", ""PN10-3.edf"", ""PN10-4.5.6.edf"", ""PN10-7.8.9.edf""]}, {""validation_file"": ""PN10-3.edf"", ""train_files"": [""PN10-1.edf"", ""PN10-2.edf"", ""PN10-4.5.6.edf"", ""PN10-7.8.9.edf""]}, {""validation_file"": ""PN10-4.5.6.edf"", ""train_files"": [""PN10-1.edf"", ""PN10-2.edf"", ""PN10-3.edf"", ""PN10-7.8.9.edf""]}, {""validation_file"": ""PN10-7.8.9.edf"", ""train_files"": [""PN10-1.edf"", ""PN10-2.edf"", ""PN10-3.edf"", ""PN10-4.5.6.edf""]}]","[""PN10-1.edf"", ""PN10-2.edf"", ""PN10-3.edf"", ""PN10-4.5.6.edf"", ""PN10-7.8.9.edf""]",PN10,C1_RF,PN10-10.edf,nested
9,2,3,472,0,474,19495,58852,300,27,9960,48565,0.22222222222222221,0.33333333333333331,34.988160197673224,7,2,2,17.5,16.25,18.75,15,20,0.40142077627921341,260,0.25,False,False,"[{""validation_file"": ""PN10-1.edf"", ""train_files"": [""PN10-2.edf"", ""PN10-3.edf"", ""PN10-4.5.6.edf"", ""PN10-7.8.9.edf""]}, {""validation_file"": ""PN10-2.edf"", ""train_files"": [""PN10-1.edf"", ""PN10-3.edf"", ""PN10-4.5.6.edf"", ""PN10-7.8.9.edf""]}, {""validation_file"": ""PN10-3.edf"", ""train_files"": [""PN10-1.edf"", ""PN10-2.edf"", ""PN10-4.5.6.edf"", ""PN10-7.8.9.edf""]}, {""validation_file"": ""PN10-4.5.6.edf"", ""train_files"": [""PN10-1.edf"", ""PN10-2.edf"", ""PN10-3.edf"", ""PN10-7.8.9.edf""]}, {""validation_file"": ""PN10-7.8.9.edf"", ""train_files"": [""PN10-1.edf"", ""PN10-2.edf"", ""PN10-3.edf"", ""PN10-4.5.6.edf""]}]","[""PN10-1.edf"", ""PN10-2.edf"", ""PN10-3.edf"", ""PN10-4.5.6.edf"", ""PN10-7.8.9.edf""]",PN10,C1_RF,PN10-10.edf,nested
9,1,2,477,0,478,16155,58852,300,27,9960,48565,0.1111111111111111,0.22222222222222221,35.358797487902812,8,1,1,15,15,15,15,15,0.33264696798105631,230,0.29999999999999999,False,False,"[{""validation_file"": ""PN10-1.edf"", ""train_files"": [""PN10-2.edf"", ""PN10-3.edf"", ""PN10-4.5.6.edf"", ""PN10-7.8.9.edf""]}, {""validation_file"": ""PN10-2.edf"", ""train_files"": [""PN10-1.edf"", ""PN10-3.edf"", ""PN10-4.5.6.edf"", ""PN10-7.8.9.edf""]}, {""validation_file"": ""PN10-3.edf"", ""train_files"": [""PN10-1.edf"", ""PN10-2.edf"", ""PN10-4.5.6.edf"", ""PN10-7.8.9.edf""]}, {""validation_file"": ""PN10-4.5.6.edf"", ""train_files"": [""PN10-1.edf"", ""PN10-2.edf"", ""PN10-3.edf"", ""PN10-7.8.9.edf""]}, {""validation_file"": ""PN10-7.8.9.edf"", ""train_files"": [""PN10-1.edf"", ""PN10-2.edf"", ""PN10-3.edf"", ""PN10-4.5.6.edf""]}]","[""PN10-1.edf"", ""PN10-2.edf"", ""PN10-3.edf"", ""PN10-4.5.6.edf"", ""PN10-7.8.9.edf""]",PN10,C1_RF,PN10-10.edf,nested
9,1,2,433,0,434,12365,58852,300,27,9960,48565,0.1111111111111111,0.22222222222222221,32.097189333882426,8,1,1,15,15,15,15,15,0.25460722742715947,150,0.34999999999999998,False,False,"[{""validation_file"": ""PN10-1.edf"", ""train_files"": [""PN10-2.edf"", ""PN10-3.edf"", ""PN10-4.5.6.edf"", ""PN10-7.8.9.edf""]}, {""validation_file"": ""PN10-2.edf"", ""train_files"": [""PN10-1.edf"", ""PN10-3.edf"", ""PN10-4.5.6.edf"", ""PN10-7.8.9.edf""]}, {""validation_file"": ""PN10-3.edf"", ""train_files"": [""PN10-1.edf"", ""PN10-2.edf"", ""PN10-4.5.6.edf"", ""PN10-7.8.9.edf""]}, {""validation_file"": ""PN10-4.5.6.edf"", ""train_files"": [""PN10-1.edf"", ""PN10-2.edf"", ""PN10-3.edf"", ""PN10-7.8.9.edf""]}, {""validation_file"": ""PN10-7.8.9.edf"", ""train_files"": [""PN10-1.edf"", ""PN10-2.edf"", ""PN10-3.edf"", ""PN10-4.5.6.edf""]}]","[""PN10-1.edf"", ""PN10-2.edf"", ""PN10-3.edf"", ""PN10-4.5.6.edf"", ""PN10-7.8.9.edf""]",PN10,C1_RF,PN10-10.edf,nested
9,1,2,363,0,364,9485,58852,300,27,9960,48565,0.1111111111111111,0.22222222222222221,26.908267270668176,8,1,1,15,15,15,15,15,0.19530526099042519,130,0.40000000000000002,False,False,"[{""validation_file"": ""PN10-1.edf"", ""train_files"": [""PN10-2.edf"", ""PN10-3.edf"", ""PN10-4.5.6.edf"", ""PN10-7.8.9.edf""]}, {""validation_file"": ""PN10-2.edf"", ""train_files"": [""PN10-1.edf"", ""PN10-3.edf"", ""PN10-4.5.6.edf"", ""PN10-7.8.9.edf""]}, {""validation_file"": ""PN10-3.edf"", ""train_files"": [""PN10-1.edf"", ""PN10-2.edf"", ""PN10-4.5.6.edf"", ""PN10-7.8.9.edf""]}, {""validation_file"": ""PN10-4.5.6.edf"", ""train_files"": [""PN10-1.edf"", ""PN10-2.edf"", ""PN10-3.edf"", ""PN10-7.8.9.edf""]}, {""validation_file"": ""PN10-7.8.9.edf"", ""train_files"": [""PN10-1.edf"", ""PN10-2.edf"", ""PN10-3.edf"", ""PN10-4.5.6.edf""]}]","[""PN10-1.edf"", ""PN10-2.edf"", ""PN10-3.edf"", ""PN10-4.5.6.edf"", ""PN10-7.8.9.edf""]",PN10,C1_RF,PN10-10.edf,nested
9,1,2,313,0,314,7335,58852,300,27,9960,48565,0.1111111111111111,0.22222222222222221,23.201894368372283,8,1,1,15,15,15,15,15,0.1510346957685576,110,0.45000000000000001,False,False,"[{""validation_file"": ""PN10-1.edf"", ""train_files"": [""PN10-2.edf"", ""PN10-3.edf"", ""PN10-4.5.6.edf"", ""PN10-7.8.9.edf""]}, {""validation_file"": ""PN10-2.edf"", ""train_files"": [""PN10-1.edf"", ""PN10-3.edf"", ""PN10-4.5.6.edf"", ""PN10-7.8.9.edf""]}, {""validation_file"": ""PN10-3.edf"", ""train_files"": [""PN10-1.edf"", ""PN10-2.edf"", ""PN10-4.5.6.edf"", ""PN10-7.8.9.edf""]}, {""validation_file"": ""PN10-4.5.6.edf"", ""train_files"": [""PN10-1.edf"", ""PN10-2.edf"", ""PN10-3.edf"", ""PN10-7.8.9.edf""]}, {""validation_file"": ""PN10-7.8.9.edf"", ""train_files"": [""PN10-1.edf"", ""PN10-2.edf"", ""PN10-3.edf"", ""PN10-4.5.6.edf""]}]","[""PN10-1.edf"", ""PN10-2.edf"", ""PN10-3.edf"", ""PN10-4.5.6.edf"", ""PN10-7.8.9.edf""]",PN10,C1_RF,PN10-10.edf,nested
9,1,2,242,0,243,5665,58852,300,27,9960,48565,0.1111111111111111,0.22222222222222221,17.938844847112119,8,1,1,15,15,15,15,15,0.11664779161947905,95,0.5,False,False,"[{""validation_file"": ""PN10-1.edf"", ""train_files"": [""PN10-2.edf"", ""PN10-3.edf"", ""PN10-4.5.6.edf"", ""PN10-7.8.9.edf""]}, {""validation_file"": ""PN10-2.edf"", ""train_files"": [""PN10-1.edf"", ""PN10-3.edf"", ""PN10-4.5.6.edf"", ""PN10-7.8.9.edf""]}, {""validation_file"": ""PN10-3.edf"", ""train_files"": [""PN10-1.edf"", ""PN10-2.edf"", ""PN10-4.5.6.edf"", ""PN10-7.8.9.edf""]}, {""validation_file"": ""PN10-4.5.6.edf"", ""train_files"": [""PN10-1.edf"", ""PN10-2.edf"", ""PN10-3.edf"", ""PN10-7.8.9.edf""]}, {""validation_file"": ""PN10-7.8.9.edf"", ""train_files"": [""PN10-1.edf"", ""PN10-2.edf"", ""PN10-3.edf"", ""PN10-4.5.6.edf""]}]","[""PN10-1.edf"", ""PN10-2.edf"", ""PN10-3.edf"", ""PN10-4.5.6.edf"", ""PN10-7.8.9.edf""]",PN10,C1_RF,PN10-10.edf,nested
9,1,1,195,0,196,4295,58852,300,27,9960,48565,0.1111111111111111,0.1111111111111111,14.454854318953979,8,1,1,15,15,15,15,15,0.088438175640893651,80,0.55000000000000004,False,False,"[{""validation_file"": ""PN10-1.edf"", ""train_files"": [""PN10-2.edf"", ""PN10-3.edf"", ""PN10-4.5.6.edf"", ""PN10-7.8.9.edf""]}, {""validation_file"": ""PN10-2.edf"", ""train_files"": [""PN10-1.edf"", ""PN10-3.edf"", ""PN10-4.5.6.edf"", ""PN10-7.8.9.edf""]}, {""validation_file"": ""PN10-3.edf"", ""train_files"": [""PN10-1.edf"", ""PN10-2.edf"", ""PN10-4.5.6.edf"", ""PN10-7.8.9.edf""]}, {""validation_file"": ""PN10-4.5.6.edf"", ""train_files"": [""PN10-1.edf"", ""PN10-2.edf"", ""PN10-3.edf"", ""PN10-7.8.9.edf""]}, {""validation_file"": ""PN10-7.8.9.edf"", ""train_files"": [""PN10-1.edf"", ""PN10-2.edf"", ""PN10-3.edf"", ""PN10-4.5.6.edf""]}]","[""PN10-1.edf"", ""PN10-2.edf"", ""PN10-3.edf"", ""PN10-4.5.6.edf"", ""PN10-7.8.9.edf""]",PN10,C1_RF,PN10-10.edf,nested
9,1,1,146,0,147,2760,58852,300,27,9960,48565,0.1111111111111111,0.1111111111111111,10.822608874704004,8,1,1,15,15,15,15,15,0.056831051168537011,55,0.59999999999999998,False,False,"[{""validation_file"": ""PN10-1.edf"", ""train_files"": [""PN10-2.edf"", ""PN10-3.edf"", ""PN10-4.5.6.edf"", ""PN10-7.8.9.edf""]}, {""validation_file"": ""PN10-2.edf"", ""train_files"": [""PN10-1.edf"", ""PN10-3.edf"", ""PN10-4.5.6.edf"", ""PN10-7.8.9.edf""]}, {""validation_file"": ""PN10-3.edf"", ""train_files"": [""PN10-1.edf"", ""PN10-2.edf"", ""PN10-4.5.6.edf"", ""PN10-7.8.9.edf""]}, {""validation_file"": ""PN10-4.5.6.edf"", ""train_files"": [""PN10-1.edf"", ""PN10-2.edf"", ""PN10-3.edf"", ""PN10-7.8.9.edf""]}, {""validation_file"": ""PN10-7.8.9.edf"", ""train_files"": [""PN10-1.edf"", ""PN10-2.edf"", ""PN10-3.edf"", ""PN10-4.5.6.edf""]}]","[""PN10-1.edf"", ""PN10-2.edf"", ""PN10-3.edf"", ""PN10-4.5.6.edf"", ""PN10-7.8.9.edf""]",PN10,C1_RF,PN10-10.edf,nested
9,0,0,102,0,102,1680,58852,300,27,9960,48565,0,0,7.5610007206836203,9,0,0,,,,,,0.034592813754761663,50,0.65000000000000002,False,False,"[{""validation_file"": ""PN10-1.edf"", ""train_files"": [""PN10-2.edf"", ""PN10-3.edf"", ""PN10-4.5.6.edf"", ""PN10-7.8.9.edf""]}, {""validation_file"": ""PN10-2.edf"", ""train_files"": [""PN10-1.edf"", ""PN10-3.edf"", ""PN10-4.5.6.edf"", ""PN10-7.8.9.edf""]}, {""validation_file"": ""PN10-3.edf"", ""train_files"": [""PN10-1.edf"", ""PN10-2.edf"", ""PN10-4.5.6.edf"", ""PN10-7.8.9.edf""]}, {""validation_file"": ""PN10-4.5.6.edf"", ""train_files"": [""PN10-1.edf"", ""PN10-2.edf"", ""PN10-3.edf"", ""PN10-7.8.9.edf""]}, {""validation_file"": ""PN10-7.8.9.edf"", ""train_files"": [""PN10-1.edf"", ""PN10-2.edf"", ""PN10-3.edf"", ""PN10-4.5.6.edf""]}]","[""PN10-1.edf"", ""PN10-2.edf"", ""PN10-3.edf"", ""PN10-4.5.6.edf"", ""PN10-7.8.9.edf""]",PN10,C1_RF,PN10-10.edf,nested
9,0,0,60,0,60,935,58852,300,27,9960,48565,0,0,4.4476474827550705,9,0,0,,,,,,0.019252548131370329,45,0.69999999999999996,False,False,"[{""validation_file"": ""PN10-1.edf"", ""train_files"": [""PN10-2.edf"", ""PN10-3.edf"", ""PN10-4.5.6.edf"", ""PN10-7.8.9.edf""]}, {""validation_file"": ""PN10-2.edf"", ""train_files"": [""PN10-1.edf"", ""PN10-3.edf"", ""PN10-4.5.6.edf"", ""PN10-7.8.9.edf""]}, {""validation_file"": ""PN10-3.edf"", ""train_files"": [""PN10-1.edf"", ""PN10-2.edf"", ""PN10-4.5.6.edf"", ""PN10-7.8.9.edf""]}, {""validation_file"": ""PN10-4.5.6.edf"", ""train_files"": [""PN10-1.edf"", ""PN10-2.edf"", ""PN10-3.edf"", ""PN10-7.8.9.edf""]}, {""validation_file"": ""PN10-7.8.9.edf"", ""train_files"": [""PN10-1.edf"", ""PN10-2.edf"", ""PN10-3.edf"", ""PN10-4.5.6.edf""]}]","[""PN10-1.edf"", ""PN10-2.edf"", ""PN10-3.edf"", ""PN10-4.5.6.edf"", ""PN10-7.8.9.edf""]",PN10,C1_RF,PN10-10.edf,nested
9,0,0,46,0,46,660,58852,300,27,9960,48565,0,0,3.4098630701122206,9,0,0,,,,,,0.013590033975084938,45,0.75,False,False,"[{""validation_file"": ""PN10-1.edf"", ""train_files"": [""PN10-2.edf"", ""PN10-3.edf"", ""PN10-4.5.6.edf"", ""PN10-7.8.9.edf""]}, {""validation_file"": ""PN10-2.edf"", ""train_files"": [""PN10-1.edf"", ""PN10-3.edf"", ""PN10-4.5.6.edf"", ""PN10-7.8.9.edf""]}, {""validation_file"": ""PN10-3.edf"", ""train_files"": [""PN10-1.edf"", ""PN10-2.edf"", ""PN10-4.5.6.edf"", ""PN10-7.8.9.edf""]}, {""validation_file"": ""PN10-4.5.6.edf"", ""train_files"": [""PN10-1.edf"", ""PN10-2.edf"", ""PN10-3.edf"", ""PN10-7.8.9.edf""]}, {""validation_file"": ""PN10-7.8.9.edf"", ""train_files"": [""PN10-1.edf"", ""PN10-2.edf"", ""PN10-3.edf"", ""PN10-4.5.6.edf""]}]","[""PN10-1.edf"", ""PN10-2.edf"", ""PN10-3.edf"", ""PN10-4.5.6.edf"", ""PN10-7.8.9.edf""]",PN10,C1_RF,PN10-10.edf,nested
9,0,0,29,0,29,370,58852,300,27,9960,48565,0,0,2.1496962833316173,9,0,0,,,,,,0.0076186554102748889,35,0.80000000000000004,False,False,"[{""validation_file"": ""PN10-1.edf"", ""train_files"": [""PN10-2.edf"", ""PN10-3.edf"", ""PN10-4.5.6.edf"", ""PN10-7.8.9.edf""]}, {""validation_file"": ""PN10-2.edf"", ""train_files"": [""PN10-1.edf"", ""PN10-3.edf"", ""PN10-4.5.6.edf"", ""PN10-7.8.9.edf""]}, {""validation_file"": ""PN10-3.edf"", ""train_files"": [""PN10-1.edf"", ""PN10-2.edf"", ""PN10-4.5.6.edf"", ""PN10-7.8.9.edf""]}, {""validation_file"": ""PN10-4.5.6.edf"", ""train_files"": [""PN10-1.edf"", ""PN10-2.edf"", ""PN10-3.edf"", ""PN10-7.8.9.edf""]}, {""validation_file"": ""PN10-7.8.9.edf"", ""train_files"": [""PN10-1.edf"", ""PN10-2.edf"", ""PN10-3.edf"", ""PN10-4.5.6.edf""]}]","[""PN10-1.edf"", ""PN10-2.edf"", ""PN10-3.edf"", ""PN10-4.5.6.edf"", ""PN10-7.8.9.edf""]",PN10,C1_RF,PN10-10.edf,nested
9,0,0,23,0,23,275,58852,300,27,9960,48565,0,0,1.7049315350561103,9,0,0,,,,,,0.0056625141562853904,30,0.84999999999999998,False,False,"[{""validation_file"": ""PN10-1.edf"", ""train_files"": [""PN10-2.edf"", ""PN10-3.edf"", ""PN10-4.5.6.edf"", ""PN10-7.8.9.edf""]}, {""validation_file"": ""PN10-2.edf"", ""train_files"": [""PN10-1.edf"", ""PN10-3.edf"", ""PN10-4.5.6.edf"", ""PN10-7.8.9.edf""]}, {""validation_file"": ""PN10-3.edf"", ""train_files"": [""PN10-1.edf"", ""PN10-2.edf"", ""PN10-4.5.6.edf"", ""PN10-7.8.9.edf""]}, {""validation_file"": ""PN10-4.5.6.edf"", ""train_files"": [""PN10-1.edf"", ""PN10-2.edf"", ""PN10-3.edf"", ""PN10-7.8.9.edf""]}, {""validation_file"": ""PN10-7.8.9.edf"", ""train_files"": [""PN10-1.edf"", ""PN10-2.edf"", ""PN10-3.edf"", ""PN10-4.5.6.edf""]}]","[""PN10-1.edf"", ""PN10-2.edf"", ""PN10-3.edf"", ""PN10-4.5.6.edf"", ""PN10-7.8.9.edf""]",PN10,C1_RF,PN10-10.edf,nested
9,0,0,2,0,2,20,58852,300,27,9960,48565,0,0,0.14825491609183569,9,0,0,,,,,,0.00041181921136621024,10,0.90000000000000002,True,False,"[{""validation_file"": ""PN10-1.edf"", ""train_files"": [""PN10-2.edf"", ""PN10-3.edf"", ""PN10-4.5.6.edf"", ""PN10-7.8.9.edf""]}, {""validation_file"": ""PN10-2.edf"", ""train_files"": [""PN10-1.edf"", ""PN10-3.edf"", ""PN10-4.5.6.edf"", ""PN10-7.8.9.edf""]}, {""validation_file"": ""PN10-3.edf"", ""train_files"": [""PN10-1.edf"", ""PN10-2.edf"", ""PN10-4.5.6.edf"", ""PN10-7.8.9.edf""]}, {""validation_file"": ""PN10-4.5.6.edf"", ""train_files"": [""PN10-1.edf"", ""PN10-2.edf"", ""PN10-3.edf"", ""PN10-7.8.9.edf""]}, {""validation_file"": ""PN10-7.8.9.edf"", ""train_files"": [""PN10-1.edf"", ""PN10-2.edf"", ""PN10-3.edf"", ""PN10-4.5.6.edf""]}]","[""PN10-1.edf"", ""PN10-2.edf"", ""PN10-3.edf"", ""PN10-4.5.6.edf"", ""PN10-7.8.9.edf""]",PN10,C1_RF,PN10-10.edf,nested
9,0,0,1,0,1,10,58852,300,27,9960,48565,0,0,0.074127458045917846,9,0,0,,,,,,0.00020590960568310512,10,0.94999999999999996,True,False,"[{""validation_file"": ""PN10-1.edf"", ""train_files"": [""PN10-2.edf"", ""PN10-3.edf"", ""PN10-4.5.6.edf"", ""PN10-7.8.9.edf""]}, {""validation_file"": ""PN10-2.edf"", ""train_files"": [""PN10-1.edf"", ""PN10-3.edf"", ""PN10-4.5.6.edf"", ""PN10-7.8.9.edf""]}, {""validation_file"": ""PN10-3.edf"", ""train_files"": [""PN10-1.edf"", ""PN10-2.edf"", ""PN10-4.5.6.edf"", ""PN10-7.8.9.edf""]}, {""validation_file"": ""PN10-4.5.6.edf"", ""train_files"": [""PN10-1.edf"", ""PN10-2.edf"", ""PN10-3.edf"", ""PN10-7.8.9.edf""]}, {""validation_file"": ""PN10-7.8.9.edf"", ""train_files"": [""PN10-1.edf"", ""PN10-2.edf"", ""PN10-3.edf"", ""PN10-4.5.6.edf""]}]","[""PN10-1.edf"", ""PN10-2.edf"", ""PN10-3.edf"", ""PN10-4.5.6.edf"", ""PN10-7.8.9.edf""]",PN10,C1_RF,PN10-10.edf,nested
9,0,0,0,0,0,0,58852,300,27,9960,48565,0,0,0,9,0,0,,,,,,0,0,1.01,True,True,"[{""validation_file"": ""PN10-1.edf"", ""train_files"": [""PN10-2.edf"", ""PN10-3.edf"", ""PN10-4.5.6.edf"", ""PN10-7.8.9.edf""]}, {""validation_file"": ""PN10-2.edf"", ""train_files"": [""PN10-1.edf"", ""PN10-3.edf"", ""PN10-4.5.6.edf"", ""PN10-7.8.9.edf""]}, {""validation_file"": ""PN10-3.edf"", ""train_files"": [""PN10-1.edf"", ""PN10-2.edf"", ""PN10-4.5.6.edf"", ""PN10-7.8.9.edf""]}, {""validation_file"": ""PN10-4.5.6.edf"", ""train_files"": [""PN10-1.edf"", ""PN10-2.edf"", ""PN10-3.edf"", ""PN10-7.8.9.edf""]}, {""validation_file"": ""PN10-7.8.9.edf"", ""train_files"": [""PN10-1.edf"", ""PN10-2.edf"", ""PN10-3.edf"", ""PN10-4.5.6.edf""]}]","[""PN10-1.edf"", ""PN10-2.edf"", ""PN10-3.edf"", ""PN10-4.5.6.edf"", ""PN10-7.8.9.edf""]",PN10,C1_RF,PN10-10.edf,nested
9,2,4,457,0,459,23852,58863,300,6,9940,48617,0.22222222222222221,0.44444444444444442,33.840014809634489,7,2,2,15,12.5,17.5,10,20,0.49061028035460846,430,0.050000000000000003,False,False,"[{""validation_file"": ""PN10-1.edf"", ""train_files"": [""PN10-10.edf"", ""PN10-3.edf"", ""PN10-4.5.6.edf"", ""PN10-7.8.9.edf""]}, {""validation_file"": ""PN10-10.edf"", ""train_files"": [""PN10-1.edf"", ""PN10-3.edf"", ""PN10-4.5.6.edf"", ""PN10-7.8.9.edf""]}, {""validation_file"": ""PN10-3.edf"", ""train_files"": [""PN10-1.edf"", ""PN10-10.edf"", ""PN10-4.5.6.edf"", ""PN10-7.8.9.edf""]}, {""validation_file"": ""PN10-4.5.6.edf"", ""train_files"": [""PN10-1.edf"", ""PN10-10.edf"", ""PN10-3.edf"", ""PN10-7.8.9.edf""]}, {""validation_file"": ""PN10-7.8.9.edf"", ""train_files"": [""PN10-1.edf"", ""PN10-10.edf"", ""PN10-3.edf"", ""PN10-4.5.6.edf""]}]","[""PN10-1.edf"", ""PN10-10.edf"", ""PN10-3.edf"", ""PN10-4.5.6.edf"", ""PN10-7.8.9.edf""]",PN10,C1_RF,PN10-2.edf,nested
9,1,3,445,0,446,20405,58863,300,6,9940,48617,0.1111111111111111,0.33333333333333331,32.951436740234897,8,1,1,10,10,10,10,10,0.41970915523376595,290,0.10000000000000001,False,False,"[{""validation_file"": ""PN10-1.edf"", ""train_files"": [""PN10-10.edf"", ""PN10-3.edf"", ""PN10-4.5.6.edf"", ""PN10-7.8.9.edf""]}, {""validation_file"": ""PN10-10.edf"", ""train_files"": [""PN10-1.edf"", ""PN10-3.edf"", ""PN10-4.5.6.edf"", ""PN10-7.8.9.edf""]}, {""validation_file"": ""PN10-3.edf"", ""train_files"": [""PN10-1.edf"", ""PN10-10.edf"", ""PN10-4.5.6.edf"", ""PN10-7.8.9.edf""]}, {""validation_file"": ""PN10-4.5.6.edf"", ""train_files"": [""PN10-1.edf"", ""PN10-10.edf"", ""PN10-3.edf"", ""PN10-7.8.9.edf""]}, {""validation_file"": ""PN10-7.8.9.edf"", ""train_files"": [""PN10-1.edf"", ""PN10-10.edf"", ""PN10-3.edf"", ""PN10-4.5.6.edf""]}]","[""PN10-1.edf"", ""PN10-10.edf"", ""PN10-3.edf"", ""PN10-4.5.6.edf"", ""PN10-7.8.9.edf""]",PN10,C1_RF,PN10-2.edf,nested
9,1,3,450,0,451,18300,58863,300,6,9940,48617,0.1111111111111111,0.33333333333333331,33.321677602484726,8,1,1,10,10,10,10,10,0.37641154328732745,260,0.14999999999999999,False,False,"[{""validation_file"": ""PN10-1.edf"", ""train_files"": [""PN10-10.edf"", ""PN10-3.edf"", ""PN10-4.5.6.edf"", ""PN10-7.8.9.edf""]}, {""validation_file"": ""PN10-10.edf"", ""train_files"": [""PN10-1.edf"", ""PN10-3.edf"", ""PN10-4.5.6.edf"", ""PN10-7.8.9.edf""]}, {""validation_file"": ""PN10-3.edf"", ""train_files"": [""PN10-1.edf"", ""PN10-10.edf"", ""PN10-4.5.6.edf"", ""PN10-7.8.9.edf""]}, {""validation_file"": ""PN10-4.5.6.edf"", ""train_files"": [""PN10-1.edf"", ""PN10-10.edf"", ""PN10-3.edf"", ""PN10-7.8.9.edf""]}, {""validation_file"": ""PN10-7.8.9.edf"", ""train_files"": [""PN10-1.edf"", ""PN10-10.edf"", ""PN10-3.edf"", ""PN10-4.5.6.edf""]}]","[""PN10-1.edf"", ""PN10-10.edf"", ""PN10-3.edf"", ""PN10-4.5.6.edf"", ""PN10-7.8.9.edf""]",PN10,C1_RF,PN10-2.edf,nested
9,1,2,448,0,449,15880,58863,300,6,9940,48617,0.1111111111111111,0.22222222222222221,33.173581257584793,8,1,1,15,15,15,15,15,0.32663471625151697,260,0.20000000000000001,False,False,"[{""validation_file"": ""PN10-1.edf"", ""train_files"": [""PN10-10.edf"", ""PN10-3.edf"", ""PN10-4.5.6.edf"", ""PN10-7.8.9.edf""]}, {""validation_file"": ""PN10-10.edf"", ""train_files"": [""PN10-1.edf"", ""PN10-3.edf"", ""PN10-4.5.6.edf"", ""PN10-7.8.9.edf""]}, {""validation_file"": ""PN10-3.edf"", ""train_files"": [""PN10-1.edf"", ""PN10-10.edf"", ""PN10-4.5.6.edf"", ""PN10-7.8.9.edf""]}, {""validation_file"": ""PN10-4.5.6.edf"", ""train_files"": [""PN10-1.edf"", ""PN10-10.edf"", ""PN10-3.edf"", ""PN10-7.8.9.edf""]}, {""validation_file"": ""PN10-7.8.9.edf"", ""train_files"": [""PN10-1.edf"", ""PN10-10.edf"", ""PN10-3.edf"", ""PN10-4.5.6.edf""]}]","[""PN10-1.edf"", ""PN10-10.edf"", ""PN10-3.edf"", ""PN10-4.5.6.edf"", ""PN10-7.8.9.edf""]",PN10,C1_RF,PN10-2.edf,nested
9,1,2,428,0,429,13415,58863,300,6,9940,48617,0.1111111111111111,0.22222222222222221,31.692617808585474,8,1,1,15,15,15,15,15,0.27593228706008188,170,0.25,False,False,"[{""validation_file"": ""PN10-1.edf"", ""train_files"": [""PN10-10.edf"", ""PN10-3.edf"", ""PN10-4.5.6.edf"", ""PN10-7.8.9.edf""]}, {""validation_file"": ""PN10-10.edf"", ""train_files"": [""PN10-1.edf"", ""PN10-3.edf"", ""PN10-4.5.6.edf"", ""PN10-7.8.9.edf""]}, {""validation_file"": ""PN10-3.edf"", ""train_files"": [""PN10-1.edf"", ""PN10-10.edf"", ""PN10-4.5.6.edf"", ""PN10-7.8.9.edf""]}, {""validation_file"": ""PN10-4.5.6.edf"", ""train_files"": [""PN10-1.edf"", ""PN10-10.edf"", ""PN10-3.edf"", ""PN10-7.8.9.edf""]}, {""validation_file"": ""PN10-7.8.9.edf"", ""train_files"": [""PN10-1.edf"", ""PN10-10.edf"", ""PN10-3.edf"", ""PN10-4.5.6.edf""]}]","[""PN10-1.edf"", ""PN10-10.edf"", ""PN10-3.edf"", ""PN10-4.5.6.edf"", ""PN10-7.8.9.edf""]",PN10,C1_RF,PN10-2.edf,nested
9,1,2,384,0,385,11010,58863,300,6,9940,48617,0.1111111111111111,0.22222222222222221,28.434498220786967,8,1,1,15,15,15,15,15,0.2264639940761462,150,0.29999999999999999,False,False,"[{""validation_file"": ""PN10-1.edf"", ""train_files"": [""PN10-10.edf"", ""PN10-3.edf"", ""PN10-4.5.6.edf"", ""PN10-7.8.9.edf""]}, {""validation_file"": ""PN10-10.edf"", ""train_files"": [""PN10-1.edf"", ""PN10-3.edf"", ""PN10-4.5.6.edf"", ""PN10-7.8.9.edf""]}, {""validation_file"": ""PN10-3.edf"", ""train_files"": [""PN10-1.edf"", ""PN10-10.edf"", ""PN10-4.5.6.edf"", ""PN10-7.8.9.edf""]}, {""validation_file"": ""PN10-4.5.6.edf"", ""train_files"": [""PN10-1.edf"", ""PN10-10.edf"", ""PN10-3.edf"", ""PN10-7.8.9.edf""]}, {""validation_file"": ""PN10-7.8.9.edf"", ""train_files"": [""PN10-1.edf"", ""PN10-10.edf"", ""PN10-3.edf"", ""PN10-4.5.6.edf""]}]","[""PN10-1.edf"", ""PN10-10.edf"", ""PN10-3.edf"", ""PN10-4.5.6.edf"", ""PN10-7.8.9.edf""]",PN10,C1_RF,PN10-2.edf,nested
9,1,2,321,0,322,8780,58863,300,6,9940,48617,0.1111111111111111,0.22222222222222221,23.769463356439104,8,1,1,15,15,15,15,15,0.18059526503075057,135,0.34999999999999998,False,False,"[{""validation_file"": ""PN10-1.edf"", ""train_files"": [""PN10-10.edf"", ""PN10-3.edf"", ""PN10-4.5.6.edf"", ""PN10-7.8.9.edf""]}, {""validation_file"": ""PN10-10.edf"", ""train_files"": [""PN10-1.edf"", ""PN10-3.edf"", ""PN10-4.5.6.edf"", ""PN10-7.8.9.edf""]}, {""validation_file"": ""PN10-3.edf"", ""train_files"": [""PN10-1.edf"", ""PN10-10.edf"", ""PN10-4.5.6.edf"", ""PN10-7.8.9.edf""]}, {""validation_file"": ""PN10-4.5.6.edf"", ""train_files"": [""PN10-1.edf"", ""PN10-10.edf"", ""PN10-3.edf"", ""PN10-7.8.9.edf""]}, {""validation_file"": ""PN10-7.8.9.edf"", ""train_files"": [""PN10-1.edf"", ""PN10-10.edf"", ""PN10-3.edf"", ""PN10-4.5.6.edf""]}]","[""PN10-1.edf"", ""PN10-10.edf"", ""PN10-3.edf"", ""PN10-4.5.6.edf"", ""PN10-7.8.9.edf""]",PN10,C1_RF,PN10-2.edf,nested
9,1,2,286,0,287,7530,58863,300,6,9940,48617,0.1111111111111111,0.22222222222222221,21.177777320690293,8,1,1,30,30,30,30,30,0.154884094041179,130,0.40000000000000002,False,False,"[{""validation_file"": ""PN10-1.edf"", ""train_files"": [""PN10-10.edf"", ""PN10-3.edf"", ""PN10-4.5.6.edf"", ""PN10-7.8.9.edf""]}, {""validation_file"": ""PN10-10.edf"", ""train_files"": [""PN10-1.edf"", ""PN10-3.edf"", ""PN10-4.5.6.edf"", ""PN10-7.8.9.edf""]}, {""validation_file"": ""PN10-3.edf"", ""train_files"": [""PN10-1.edf"", ""PN10-10.edf"", ""PN10-4.5.6.edf"", ""PN10-7.8.9.edf""]}, {""validation_file"": ""PN10-4.5.6.edf"", ""train_files"": [""PN10-1.edf"", ""PN10-10.edf"", ""PN10-3.edf"", ""PN10-7.8.9.edf""]}, {""validation_file"": ""PN10-7.8.9.edf"", ""train_files"": [""PN10-1.edf"", ""PN10-10.edf"", ""PN10-3.edf"", ""PN10-4.5.6.edf""]}]","[""PN10-1.edf"", ""PN10-10.edf"", ""PN10-3.edf"", ""PN10-4.5.6.edf"", ""PN10-7.8.9.edf""]",PN10,C1_RF,PN10-2.edf,nested
9,0,1,254,0,254,6285,58863,300,6,9940,48617,0,0.1111111111111111,18.808235802291378,9,0,0,,,,,,0.12927576773556576,120,0.45000000000000001,False,False,"[{""validation_file"": ""PN10-1.edf"", ""train_files"": [""PN10-10.edf"", ""PN10-3.edf"", ""PN10-4.5.6.edf"", ""PN10-7.8.9.edf""]}, {""validation_file"": ""PN10-10.edf"", ""train_files"": [""PN10-1.edf"", ""PN10-3.edf"", ""PN10-4.5.6.edf"", ""PN10-7.8.9.edf""]}, {""validation_file"": ""PN10-3.edf"", ""train_files"": [""PN10-1.edf"", ""PN10-10.edf"", ""PN10-4.5.6.edf"", ""PN10-7.8.9.edf""]}, {""validation_file"": ""PN10-4.5.6.edf"", ""train_files"": [""PN10-1.edf"", ""PN10-10.edf"", ""PN10-3.edf"", ""PN10-7.8.9.edf""]}, {""validation_file"": ""PN10-7.8.9.edf"", ""train_files"": [""PN10-1.edf"", ""PN10-10.edf"", ""PN10-3.edf"", ""PN10-4.5.6.edf""]}]","[""PN10-1.edf"", ""PN10-10.edf"", ""PN10-3.edf"", ""PN10-4.5.6.edf"", ""PN10-7.8.9.edf""]",PN10,C1_RF,PN10-2.edf,nested
9,0,1,219,0,219,5190,58863,300,6,9940,48617,0,0.1111111111111111,16.216549766542567,9,0,0,,,,,,0.10675278194870107,120,0.5,False,False,"[{""validation_file"": ""PN10-1.edf"", ""train_files"": [""PN10-10.edf"", ""PN10-3.edf"", ""PN10-4.5.6.edf"", ""PN10-7.8.9.edf""]}, {""validation_file"": ""PN10-10.edf"", ""train_files"": [""PN10-1.edf"", ""PN10-3.edf"", ""PN10-4.5.6.edf"", ""PN10-7.8.9.edf""]}, {""validation_file"": ""PN10-3.edf"", ""train_files"": [""PN10-1.edf"", ""PN10-10.edf"", ""PN10-4.5.6.edf"", ""PN10-7.8.9.edf""]}, {""validation_file"": ""PN10-4.5.6.edf"", ""train_files"": [""PN10-1.edf"", ""PN10-10.edf"", ""PN10-3.edf"", ""PN10-7.8.9.edf""]}, {""validation_file"": ""PN10-7.8.9.edf"", ""train_files"": [""PN10-1.edf"", ""PN10-10.edf"", ""PN10-3.edf"", ""PN10-4.5.6.edf""]}]","[""PN10-1.edf"", ""PN10-10.edf"", ""PN10-3.edf"", ""PN10-4.5.6.edf"", ""PN10-7.8.9.edf""]",PN10,C1_RF,PN10-2.edf,nested
9,0,1,183,0,183,4285,58863,300,6,9940,48617,0,0.1111111111111111,13.550815558343789,9,0,0,,,,,,0.088137894152251275,90,0.55000000000000004,False,False,"[{""validation_file"": ""PN10-1.edf"", ""train_files"": [""PN10-10.edf"", ""PN10-3.edf"", ""PN10-4.5.6.edf"", ""PN10-7.8.9.edf""]}, {""validation_file"": ""PN10-10.edf"", ""train_files"": [""PN10-1.edf"", ""PN10-3.edf"", ""PN10-4.5.6.edf"", ""PN10-7.8.9.edf""]}, {""validation_file"": ""PN10-3.edf"", ""train_files"": [""PN10-1.edf"", ""PN10-10.edf"", ""PN10-4.5.6.edf"", ""PN10-7.8.9.edf""]}, {""validation_file"": ""PN10-4.5.6.edf"", ""train_files"": [""PN10-1.edf"", ""PN10-10.edf"", ""PN10-3.edf"", ""PN10-7.8.9.edf""]}, {""validation_file"": ""PN10-7.8.9.edf"", ""train_files"": [""PN10-1.edf"", ""PN10-10.edf"", ""PN10-3.edf"", ""PN10-4.5.6.edf""]}]","[""PN10-1.edf"", ""PN10-10.edf"", ""PN10-3.edf"", ""PN10-4.5.6.edf"", ""PN10-7.8.9.edf""]",PN10,C1_RF,PN10-2.edf,nested
9,0,1,160,0,160,3620,58863,300,6,9940,48617,0,0.1111111111111111,11.84770759199457,9,0,0,,,,,,0.074459551185799208,70,0.59999999999999998,False,False,"[{""validation_file"": ""PN10-1.edf"", ""train_files"": [""PN10-10.edf"", ""PN10-3.edf"", ""PN10-4.5.6.edf"", ""PN10-7.8.9.edf""]}, {""validation_file"": ""PN10-10.edf"", ""train_files"": [""PN10-1.edf"", ""PN10-3.edf"", ""PN10-4.5.6.edf"", ""PN10-7.8.9.edf""]}, {""validation_file"": ""PN10-3.edf"", ""train_files"": [""PN10-1.edf"", ""PN10-10.edf"", ""PN10-4.5.6.edf"", ""PN10-7.8.9.edf""]}, {""validation_file"": ""PN10-4.5.6.edf"", ""train_files"": [""PN10-1.edf"", ""PN10-10.edf"", ""PN10-3.edf"", ""PN10-7.8.9.edf""]}, {""validation_file"": ""PN10-7.8.9.edf"", ""train_files"": [""PN10-1.edf"", ""PN10-10.edf"", ""PN10-3.edf"", ""PN10-4.5.6.edf""]}]","[""PN10-1.edf"", ""PN10-10.edf"", ""PN10-3.edf"", ""PN10-4.5.6.edf"", ""PN10-7.8.9.edf""]",PN10,C1_RF,PN10-2.edf,nested
9,0,1,129,0,129,2820,58863,300,6,9940,48617,0,0.1111111111111111,9.5522142460456223,9,0,0,,,,,,0.058004401752473414,65,0.65000000000000002,False,False,"[{""validation_file"": ""PN10-1.edf"", ""train_files"": [""PN10-10.edf"", ""PN10-3.edf"", ""PN10-4.5.6.edf"", ""PN10-7.8.9.edf""]}, {""validation_file"": ""PN10-10.edf"", ""train_files"": [""PN10-1.edf"", ""PN10-3.edf"", ""PN10-4.5.6.edf"", ""PN10-7.8.9.edf""]}, {""validation_file"": ""PN10-3.edf"", ""train_files"": [""PN10-1.edf"", ""PN10-10.edf"", ""PN10-4.5.6.edf"", ""PN10-7.8.9.edf""]}, {""validation_file"": ""PN10-4.5.6.edf"", ""train_files"": [""PN10-1.edf"", ""PN10-10.edf"", ""PN10-3.edf"", ""PN10-7.8.9.edf""]}, {""validation_file"": ""PN10-7.8.9.edf"", ""train_files"": [""PN10-1.edf"", ""PN10-10.edf"", ""PN10-3.edf"", ""PN10-4.5.6.edf""]}]","[""PN10-1.edf"", ""PN10-10.edf"", ""PN10-3.edf"", ""PN10-4.5.6.edf"", ""PN10-7.8.9.edf""]",PN10,C1_RF,PN10-2.edf,nested
9,0,1,103,0,103,2210,58863,300,6,9940,48617,0,0.1111111111111111,7.6269617623465047,9,0,0,,,,,,0.045457350309562501,65,0.69999999999999996,False,False,"[{""validation_file"": ""PN10-1.edf"", ""train_files"": [""PN10-10.edf"", ""PN10-3.edf"", ""PN10-4.5.6.edf"", ""PN10-7.8.9.edf""]}, {""validation_file"": ""PN10-10.edf"", ""train_files"": [""PN10-1.edf"", ""PN10-3.edf"", ""PN10-4.5.6.edf"", ""PN10-7.8.9.edf""]}, {""validation_file"": ""PN10-3.edf"", ""train_files"": [""PN10-1.edf"", ""PN10-10.edf"", ""PN10-4.5.6.edf"", ""PN10-7.8.9.edf""]}, {""validation_file"": ""PN10-4.5.6.edf"", ""train_files"": [""PN10-1.edf"", ""PN10-10.edf"", ""PN10-3.edf"", ""PN10-7.8.9.edf""]}, {""validation_file"": ""PN10-7.8.9.edf"", ""train_files"": [""PN10-1.edf"", ""PN10-10.edf"", ""PN10-3.edf"", ""PN10-4.5.6.edf""]}]","[""PN10-1.edf"", ""PN10-10.edf"", ""PN10-3.edf"", ""PN10-4.5.6.edf"", ""PN10-7.8.9.edf""]",PN10,C1_RF,PN10-2.edf,nested
9,0,1,77,0,77,1385,58863,300,6,9940,48617,0,0.1111111111111111,5.7017092786473871,9,0,0,,,,,,0.028487977456445275,60,0.75,False,False,"[{""validation_file"": ""PN10-1.edf"", ""train_files"": [""PN10-10.edf"", ""PN10-3.edf"", ""PN10-4.5.6.edf"", ""PN10-7.8.9.edf""]}, {""validation_file"": ""PN10-10.edf"", ""train_files"": [""PN10-1.edf"", ""PN10-3.edf"", ""PN10-4.5.6.edf"", ""PN10-7.8.9.edf""]}, {""validation_file"": ""PN10-3.edf"", ""train_files"": [""PN10-1.edf"", ""PN10-10.edf"", ""PN10-4.5.6.edf"", ""PN10-7.8.9.edf""]}, {""validation_file"": ""PN10-4.5.6.edf"", ""train_files"": [""PN10-1.edf"", ""PN10-10.edf"", ""PN10-3.edf"", ""PN10-7.8.9.edf""]}, {""validation_file"": ""PN10-7.8.9.edf"", ""train_files"": [""PN10-1.edf"", ""PN10-10.edf"", ""PN10-3.edf"", ""PN10-4.5.6.edf""]}]","[""PN10-1.edf"", ""PN10-10.edf"", ""PN10-3.edf"", ""PN10-4.5.6.edf"", ""PN10-7.8.9.edf""]",PN10,C1_RF,PN10-2.edf,nested
9,0,1,52,0,52,720,58863,300,6,9940,48617,0,0.1111111111111111,3.8505049673982352,9,0,0,,,,,,0.014809634489993213,40,0.80000000000000004,False,False,"[{""validation_file"": ""PN10-1.edf"", ""train_files"": [""PN10-10.edf"", ""PN10-3.edf"", ""PN10-4.5.6.edf"", ""PN10-7.8.9.edf""]}, {""validation_file"": ""PN10-10.edf"", ""train_files"": [""PN10-1.edf"", ""PN10-3.edf"", ""PN10-4.5.6.edf"", ""PN10-7.8.9.edf""]}, {""validation_file"": ""PN10-3.edf"", ""train_files"": [""PN10-1.edf"", ""PN10-10.edf"", ""PN10-4.5.6.edf"", ""PN10-7.8.9.edf""]}, {""validation_file"": ""PN10-4.5.6.edf"", ""train_files"": [""PN10-1.edf"", ""PN10-10.edf"", ""PN10-3.edf"", ""PN10-7.8.9.edf""]}, {""validation_file"": ""PN10-7.8.9.edf"", ""train_files"": [""PN10-1.edf"", ""PN10-10.edf"", ""PN10-3.edf"", ""PN10-4.5.6.edf""]}]","[""PN10-1.edf"", ""PN10-10.edf"", ""PN10-3.edf"", ""PN10-4.5.6.edf"", ""PN10-7.8.9.edf""]",PN10,C1_RF,PN10-2.edf,nested
9,0,0,21,0,21,265,58863,300,6,9940,48617,0,0,1.5550116214492873,9,0,0,,,,,,0.0054507682497891684,20,0.84999999999999998,False,False,"[{""validation_file"": ""PN10-1.edf"", ""train_files"": [""PN10-10.edf"", ""PN10-3.edf"", ""PN10-4.5.6.edf"", ""PN10-7.8.9.edf""]}, {""validation_file"": ""PN10-10.edf"", ""train_files"": [""PN10-1.edf"", ""PN10-3.edf"", ""PN10-4.5.6.edf"", ""PN10-7.8.9.edf""]}, {""validation_file"": ""PN10-3.edf"", ""train_files"": [""PN10-1.edf"", ""PN10-10.edf"", ""PN10-4.5.6.edf"", ""PN10-7.8.9.edf""]}, {""validation_file"": ""PN10-4.5.6.edf"", ""train_files"": [""PN10-1.edf"", ""PN10-10.edf"", ""PN10-3.edf"", ""PN10-7.8.9.edf""]}, {""validation_file"": ""PN10-7.8.9.edf"", ""train_files"": [""PN10-1.edf"", ""PN10-10.edf"", ""PN10-3.edf"", ""PN10-4.5.6.edf""]}]","[""PN10-1.edf"", ""PN10-10.edf"", ""PN10-3.edf"", ""PN10-4.5.6.edf"", ""PN10-7.8.9.edf""]",PN10,C1_RF,PN10-2.edf,nested
9,0,0,2,0,2,30,58863,300,6,9940,48617,0,0,0.14809634489993212,9,0,0,,,,,,0.00061706810374971717,20,0.90000000000000002,True,False,"[{""validation_file"": ""PN10-1.edf"", ""train_files"": [""PN10-10.edf"", ""PN10-3.edf"", ""PN10-4.5.6.edf"", ""PN10-7.8.9.edf""]}, {""validation_file"": ""PN10-10.edf"", ""train_files"": [""PN10-1.edf"", ""PN10-3.edf"", ""PN10-4.5.6.edf"", ""PN10-7.8.9.edf""]}, {""validation_file"": ""PN10-3.edf"", ""train_files"": [""PN10-1.edf"", ""PN10-10.edf"", ""PN10-4.5.6.edf"", ""PN10-7.8.9.edf""]}, {""validation_file"": ""PN10-4.5.6.edf"", ""train_files"": [""PN10-1.edf"", ""PN10-10.edf"", ""PN10-3.edf"", ""PN10-7.8.9.edf""]}, {""validation_file"": ""PN10-7.8.9.edf"", ""train_files"": [""PN10-1.edf"", ""PN10-10.edf"", ""PN10-3.edf"", ""PN10-4.5.6.edf""]}]","[""PN10-1.edf"", ""PN10-10.edf"", ""PN10-3.edf"", ""PN10-4.5.6.edf"", ""PN10-7.8.9.edf""]",PN10,C1_RF,PN10-2.edf,nested
9,0,0,0,0,0,0,58863,300,6,9940,48617,0,0,0,9,0,0,,,,,,0,0,0.94999999999999996,True,False,"[{""validation_file"": ""PN10-1.edf"", ""train_files"": [""PN10-10.edf"", ""PN10-3.edf"", ""PN10-4.5.6.edf"", ""PN10-7.8.9.edf""]}, {""validation_file"": ""PN10-10.edf"", ""train_files"": [""PN10-1.edf"", ""PN10-3.edf"", ""PN10-4.5.6.edf"", ""PN10-7.8.9.edf""]}, {""validation_file"": ""PN10-3.edf"", ""train_files"": [""PN10-1.edf"", ""PN10-10.edf"", ""PN10-4.5.6.edf"", ""PN10-7.8.9.edf""]}, {""validation_file"": ""PN10-4.5.6.edf"", ""train_files"": [""PN10-1.edf"", ""PN10-10.edf"", ""PN10-3.edf"", ""PN10-7.8.9.edf""]}, {""validation_file"": ""PN10-7.8.9.edf"", ""train_files"": [""PN10-1.edf"", ""PN10-10.edf"", ""PN10-3.edf"", ""PN10-4.5.6.edf""]}]","[""PN10-1.edf"", ""PN10-10.edf"", ""PN10-3.edf"", ""PN10-4.5.6.edf"", ""PN10-7.8.9.edf""]",PN10,C1_RF,PN10-2.edf,nested
9,0,0,0,0,0,0,58863,300,6,9940,48617,0,0,0,9,0,0,,,,,,0,0,1.01,True,True,"[{""validation_file"": ""PN10-1.edf"", ""train_files"": [""PN10-10.edf"", ""PN10-3.edf"", ""PN10-4.5.6.edf"", ""PN10-7.8.9.edf""]}, {""validation_file"": ""PN10-10.edf"", ""train_files"": [""PN10-1.edf"", ""PN10-3.edf"", ""PN10-4.5.6.edf"", ""PN10-7.8.9.edf""]}, {""validation_file"": ""PN10-3.edf"", ""train_files"": [""PN10-1.edf"", ""PN10-10.edf"", ""PN10-4.5.6.edf"", ""PN10-7.8.9.edf""]}, {""validation_file"": ""PN10-4.5.6.edf"", ""train_files"": [""PN10-1.edf"", ""PN10-10.edf"", ""PN10-3.edf"", ""PN10-7.8.9.edf""]}, {""validation_file"": ""PN10-7.8.9.edf"", ""train_files"": [""PN10-1.edf"", ""PN10-10.edf"", ""PN10-3.edf"", ""PN10-4.5.6.edf""]}]","[""PN10-1.edf"", ""PN10-10.edf"", ""PN10-3.edf"", ""PN10-4.5.6.edf"", ""PN10-7.8.9.edf""]",PN10,C1_RF,PN10-2.edf,nested
9,1,5,439,0,440,27870,58704,300,21,9695,48688,0.1111111111111111,0.55555555555555558,32.459743674005914,8,1,1,55,55,55,55,55,0.57242030890568518,435,0.050000000000000003,False,False,"[{""validation_file"": ""PN10-1.edf"", ""train_files"": [""PN10-10.edf"", ""PN10-2.edf"", ""PN10-4.5.6.edf"", ""PN10-7.8.9.edf""]}, {""validation_file"": ""PN10-10.edf"", ""train_files"": [""PN10-1.edf"", ""PN10-2.edf"", ""PN10-4.5.6.edf"", ""PN10-7.8.9.edf""]}, {""validation_file"": ""PN10-2.edf"", ""train_files"": [""PN10-1.edf"", ""PN10-10.edf"", ""PN10-4.5.6.edf"", ""PN10-7.8.9.edf""]}, {""validation_file"": ""PN10-4.5.6.edf"", ""train_files"": [""PN10-1.edf"", ""PN10-10.edf"", ""PN10-2.edf"", ""PN10-7.8.9.edf""]}, {""validation_file"": ""PN10-7.8.9.edf"", ""train_files"": [""PN10-1.edf"", ""PN10-10.edf"", ""PN10-2.edf"", ""PN10-4.5.6.edf""]}]","[""PN10-1.edf"", ""PN10-10.edf"", ""PN10-2.edf"", ""PN10-4.5.6.edf"", ""PN10-7.8.9.edf""]",PN10,C1_RF,PN10-3.edf,nested
9,1,5,491,0,492,23270,58704,300,21,9695,48688,0.1111111111111111,0.55555555555555558,36.304633585277685,8,1,1,0,0,0,0,0,0.47794117647058826,420,0.10000000000000001,False,False,"[{""validation_file"": ""PN10-1.edf"", ""train_files"": [""PN10-10.edf"", ""PN10-2.edf"", ""PN10-4.5.6.edf"", ""PN10-7.8.9.edf""]}, {""validation_file"": ""PN10-10.edf"", ""train_files"": [""PN10-1.edf"", ""PN10-2.edf"", ""PN10-4.5.6.edf"", ""PN10-7.8.9.edf""]}, {""validation_file"": ""PN10-2.edf"", ""train_files"": [""PN10-1.edf"", ""PN10-10.edf"", ""PN10-4.5.6.edf"", ""PN10-7.8.9.edf""]}, {""validation_file"": ""PN10-4.5.6.edf"", ""train_files"": [""PN10-1.edf"", ""PN10-10.edf"", ""PN10-2.edf"", ""PN10-7.8.9.edf""]}, {""validation_file"": ""PN10-7.8.9.edf"", ""train_files"": [""PN10-1.edf"", ""PN10-10.edf"", ""PN10-2.edf"", ""PN10-4.5.6.edf""]}]","[""PN10-1.edf"", ""PN10-10.edf"", ""PN10-2.edf"", ""PN10-4.5.6.edf"", ""PN10-7.8.9.edf""]",PN10,C1_RF,PN10-3.edf,nested
9,1,5,506,0,507,20155,58704,300,21,9695,48688,0.1111111111111111,0.55555555555555558,37.413736444298387,8,1,1,0,0,0,0,0,0.41396237265856062,370,0.14999999999999999,False,False,"[{""validation_file"": ""PN10-1.edf"", ""train_files"": [""PN10-10.edf"", ""PN10-2.edf"", ""PN10-4.5.6.edf"", ""PN10-7.8.9.edf""]}, {""validation_file"": ""PN10-10.edf"", ""train_files"": [""PN10-1.edf"", ""PN10-2.edf"", ""PN10-4.5.6.edf"", ""PN10-7.8.9.edf""]}, {""validation_file"": ""PN10-2.edf"", ""train_files"": [""PN10-1.edf"", ""PN10-10.edf"", ""PN10-4.5.6.edf"", ""PN10-7.8.9.edf""]}, {""validation_file"": ""PN10-4.5.6.edf"", ""train_files"": [""PN10-1.edf"", ""PN10-10.edf"", ""PN10-2.edf"", ""PN10-7.8.9.edf""]}, {""validation_file"": ""PN10-7.8.9.edf"", ""train_files"": [""PN10-1.edf"", ""PN10-10.edf"", ""PN10-2.edf"", ""PN10-4.5.6.edf""]}]","[""PN10-1.edf"", ""PN10-10.edf"", ""PN10-2.edf"", ""PN10-4.5.6.edf"", ""PN10-7.8.9.edf""]",PN10,C1_RF,PN10-3.edf,nested
9,1,4,483,0,484,17525,58704,300,21,9695,48688,0.1111111111111111,0.44444444444444442,35.713112060466642,8,1,1,0,0,0,0,0,0.35994495563588563,240,0.20000000000000001,False,False,"[{""validation_file"": ""PN10-1.edf"", ""train_files"": [""PN10-10.edf"", ""PN10-2.edf"", ""PN10-4.5.6.edf"", ""PN10-7.8.9.edf""]}, {""validation_file"": ""PN10-10.edf"", ""train_files"": [""PN10-1.edf"", ""PN10-2.edf"", ""PN10-4.5.6.edf"", ""PN10-7.8.9.edf""]}, {""validation_file"": ""PN10-2.edf"", ""train_files"": [""PN10-1.edf"", ""PN10-10.edf"", ""PN10-4.5.6.edf"", ""PN10-7.8.9.edf""]}, {""validation_file"": ""PN10-4.5.6.edf"", ""train_files"": [""PN10-1.edf"", ""PN10-10.edf"", ""PN10-2.edf"", ""PN10-7.8.9.edf""]}, {""validation_file"": ""PN10-7.8.9.edf"", ""train_files"": [""PN10-1.edf"", ""PN10-10.edf"", ""PN10-2.edf"", ""PN10-4.5.6.edf""]}]","[""PN10-1.edf"", ""PN10-10.edf"", ""PN10-2.edf"", ""PN10-4.5.6.edf"", ""PN10-7.8.9.edf""]",PN10,C1_RF,PN10-3.edf,nested
9,1,3,439,0,440,15277,58704,300,21,9695,48688,0.1111111111111111,0.33333333333333331,32.459743674005914,8,1,1,0,0,0,0,0,0.31377341439369044,240,0.25,False,False,"[{""validation_file"": ""PN10-1.edf"", ""train_files"": [""PN10-10.edf"", ""PN10-2.edf"", ""PN10-4.5.6.edf"", ""PN10-7.8.9.edf""]}, {""validation_file"": ""PN10-10.edf"", ""train_files"": [""PN10-1.edf"", ""PN10-2.edf"", ""PN10-4.5.6.edf"", ""PN10-7.8.9.edf""]}, {""validation_file"": ""PN10-2.edf"", ""train_files"": [""PN10-1.edf"", ""PN10-10.edf"", ""PN10-4.5.6.edf"", ""PN10-7.8.9.edf""]}, {""validation_file"": ""PN10-4.5.6.edf"", ""train_files"": [""PN10-1.edf"", ""PN10-10.edf"", ""PN10-2.edf"", ""PN10-7.8.9.edf""]}, {""validation_file"": ""PN10-7.8.9.edf"", ""train_files"": [""PN10-1.edf"", ""PN10-10.edf"", ""PN10-2.edf"", ""PN10-4.5.6.edf""]}]","[""PN10-1.edf"", ""PN10-10.edf"", ""PN10-2.edf"", ""PN10-4.5.6.edf"", ""PN10-7.8.9.edf""]",PN10,C1_RF,PN10-3.edf,nested
9,1,3,412,0,413,13635,58704,300,21,9695,48688,0.1111111111111111,0.33333333333333331,30.463358527768648,8,1,1,0,0,0,0,0,0.28004847190272758,195,0.29999999999999999,False,False,"[{""validation_file"": ""PN10-1.edf"", ""train_files"": [""PN10-10.edf"", ""PN10-2.edf"", ""PN10-4.5.6.edf"", ""PN10-7.8.9.edf""]}, {""validation_file"": ""PN10-10.edf"", ""train_files"": [""PN10-1.edf"", ""PN10-2.edf"", ""PN10-4.5.6.edf"", ""PN10-7.8.9.edf""]}, {""validation_file"": ""PN10-2.edf"", ""train_files"": [""PN10-1.edf"", ""PN10-10.edf"", ""PN10-4.5.6.edf"", ""PN10-7.8.9.edf""]}, {""validation_file"": ""PN10-4.5.6.edf"", ""train_files"": [""PN10-1.edf"", ""PN10-10.edf"", ""PN10-2.edf"", ""PN10-7.8.9.edf""]}, {""validation_file"": ""PN10-7.8.9.edf"", ""train_files"": [""PN10-1.edf"", ""PN10-10.edf"", ""PN10-2.edf"", ""PN10-4.5.6.edf""]}]","[""PN10-1.edf"", ""PN10-10.edf"", ""PN10-2.edf"", ""PN10-4.5.6.edf"", ""PN10-7.8.9.edf""]",PN10,C1_RF,PN10-3.edf,nested
9,1,2,400,0,401,11875,58704,300,21,9695,48688,0.1111111111111111,0.22222222222222221,29.576076240552087,8,1,1,2,2,2,2,2,0.24389993427538614,170,0.34999999999999998,False,False,"[{""validation_file"": ""PN10-1.edf"", ""train_files"": [""PN10-10.edf"", ""PN10-2.edf"", ""PN10-4.5.6.edf"", ""PN10-7.8.9.edf""]}, {""validation_file"": ""PN10-10.edf"", ""train_files"": [""PN10-1.edf"", ""PN10-2.edf"", ""PN10-4.5.6.edf"", ""PN10-7.8.9.edf""]}, {""validation_file"": ""PN10-2.edf"", ""train_files"": [""PN10-1.edf"", ""PN10-10.edf"", ""PN10-4.5.6.edf"", ""PN10-7.8.9.edf""]}, {""validation_file"": ""PN10-4.5.6.edf"", ""train_files"": [""PN10-1.edf"", ""PN10-10.edf"", ""PN10-2.edf"", ""PN10-7.8.9.edf""]}, {""validation_file"": ""PN10-7.8.9.edf"", ""train_files"": [""PN10-1.edf"", ""PN10-10.edf"", ""PN10-2.edf"", ""PN10-4.5.6.edf""]}]","[""PN10-1.edf"", ""PN10-10.edf"", ""PN10-2.edf"", ""PN10-4.5.6.edf"", ""PN10-7.8.9.edf""]",PN10,C1_RF,PN10-3.edf,nested
9,0,1,375,0,375,10340,58704,300,21,9695,48688,0,0.1111111111111111,27.727571475517582,9,0,0,,,,,,0.21237265856063095,170,0.40000000000000002,False,False,"[{""validation_file"": ""PN10-1.edf"", ""train_files"": [""PN10-10.edf"", ""PN10-2.edf"", ""PN10-4.5.6.edf"", ""PN10-7.8.9.edf""]}, {""validation_file"": ""PN10-10.edf"", ""train_files"": [""PN10-1.edf"", ""PN10-2.edf"", ""PN10-4.5.6.edf"", ""PN10-7.8.9.edf""]}, {""validation_file"": ""PN10-2.edf"", ""train_files"": [""PN10-1.edf"", ""PN10-10.edf"", ""PN10-4.5.6.edf"", ""PN10-7.8.9.edf""]}, {""validation_file"": ""PN10-4.5.6.edf"", ""train_files"": [""PN10-1.edf"", ""PN10-10.edf"", ""PN10-2.edf"", ""PN10-7.8.9.edf""]}, {""validation_file"": ""PN10-7.8.9.edf"", ""train_files"": [""PN10-1.edf"", ""PN10-10.edf"", ""PN10-2.edf"", ""PN10-4.5.6.edf""]}]","[""PN10-1.edf"", ""PN10-10.edf"", ""PN10-2.edf"", ""PN10-4.5.6.edf"", ""PN10-7.8.9.edf""]",PN10,C1_RF,PN10-3.edf,nested
9,0,1,326,0,326,8555,58704,300,21,9695,48688,0,0.1111111111111111,24.104502136049952,9,0,0,,,,,,0.1757106473874466,150,0.45000000000000001,False,False,"[{""validation_file"": ""PN10-1.edf"", ""train_files"": [""PN10-10.edf"", ""PN10-2.edf"", ""PN10-4.5.6.edf"", ""PN10-7.8.9.edf""]}, {""validation_file"": ""PN10-10.edf"", ""train_files"": [""PN10-1.edf"", ""PN10-2.edf"", ""PN10-4.5.6.edf"", ""PN10-7.8.9.edf""]}, {""validation_file"": ""PN10-2.edf"", ""train_files"": [""PN10-1.edf"", ""PN10-10.edf"", ""PN10-4.5.6.edf"", ""PN10-7.8.9.edf""]}, {""validation_file"": ""PN10-4.5.6.edf"", ""train_files"": [""PN10-1.edf"", ""PN10-10.edf"", ""PN10-2.edf"", ""PN10-7.8.9.edf""]}, {""validation_file"": ""PN10-7.8.9.edf"", ""train_files"": [""PN10-1.edf"", ""PN10-10.edf"", ""PN10-2.edf"", ""PN10-4.5.6.edf""]}]","[""PN10-1.edf"", ""PN10-10.edf"", ""PN10-2.edf"", ""PN10-4.5.6.edf"", ""PN10-7.8.9.edf""]",PN10,C1_RF,PN10-3.edf,nested
9,0,1,293,0,293,7400,58704,300,21,9695,48688,0,0.1111111111111111,21.664475846204404,9,0,0,,,,,,0.15198816956950378,120,0.5,False,False,"[{""validation_file"": ""PN10-1.edf"", ""train_files"": [""PN10-10.edf"", ""PN10-2.edf"", ""PN10-4.5.6.edf"", ""PN10-7.8.9.edf""]}, {""validation_file"": ""PN10-10.edf"", ""train_files"": [""PN10-1.edf"", ""PN10-2.edf"", ""PN10-4.5.6.edf"", ""PN10-7.8.9.edf""]}, {""validation_file"": ""PN10-2.edf"", ""train_files"": [""PN10-1.edf"", ""PN10-10.edf"", ""PN10-4.5.6.edf"", ""PN10-7.8.9.edf""]}, {""validation_file"": ""PN10-4.5.6.edf"", ""train_files"": [""PN10-1.edf"", ""PN10-10.edf"", ""PN10-2.edf"", ""PN10-7.8.9.edf""]}, {""validation_file"": ""PN10-7.8.9.edf"", ""train_files"": [""PN10-1.edf"", ""PN10-10.edf"", ""PN10-2.edf"", ""PN10-4.5.6.edf""]}]","[""PN10-1.edf"", ""PN10-10.edf"", ""PN10-2.edf"", ""PN10-4.5.6.edf"", ""PN10-7.8.9.edf""]",PN10,C1_RF,PN10-3.edf,nested
9,0,1,259,0,259,6550,58704,300,21,9695,48688,0,0.1111111111111111,19.150509365757475,9,0,0,,,,,,0.13453006901084455,120,0.55000000000000004,False,False,"[{""validation_file"": ""PN10-1.edf"", ""train_files"": [""PN10-10.edf"", ""PN10-2.edf"", ""PN10-4.5.6.edf"", ""PN10-7.8.9.edf""]}, {""validation_file"": ""PN10-10.edf"", ""train_files"": [""PN10-1.edf"", ""PN10-2.edf"", ""PN10-4.5.6.edf"", ""PN10-7.8.9.edf""]}, {""validation_file"": ""PN10-2.edf"", ""train_files"": [""PN10-1.edf"", ""PN10-10.edf"", ""PN10-4.5.6.edf"", ""PN10-7.8.9.edf""]}, {""validation_file"": ""PN10-4.5.6.edf"", ""train_files"": [""PN10-1.edf"", ""PN10-10.edf"", ""PN10-2.edf"", ""PN10-7.8.9.edf""]}, {""validation_file"": ""PN10-7.8.9.edf"", ""train_files"": [""PN10-1.edf"", ""PN10-10.edf"", ""PN10-2.edf"", ""PN10-4.5.6.edf""]}]","[""PN10-1.edf"", ""PN10-10.edf"", ""PN10-2.edf"", ""PN10-4.5.6.edf"", ""PN10-7.8.9.edf""]",PN10,C1_RF,PN10-3.edf,nested
9,0,1,230,0,230,5540,58704,300,21,9695,48688,0,0.1111111111111111,17.006243838317449,9,0,0,,,,,,0.11378573775879067,120,0.59999999999999998,False,False,"[{""validation_file"": ""PN10-1.edf"", ""train_files"": [""PN10-10.edf"", ""PN10-2.edf"", ""PN10-4.5.6.edf"", ""PN10-7.8.9.edf""]}, {""validation_file"": ""PN10-10.edf"", ""train_files"": [""PN10-1.edf"", ""PN10-2.edf"", ""PN10-4.5.6.edf"", ""PN10-7.8.9.edf""]}, {""validation_file"": ""PN10-2.edf"", ""train_files"": [""PN10-1.edf"", ""PN10-10.edf"", ""PN10-4.5.6.edf"", ""PN10-7.8.9.edf""]}, {""validation_file"": ""PN10-4.5.6.edf"", ""train_files"": [""PN10-1.edf"", ""PN10-10.edf"", ""PN10-2.edf"", ""PN10-7.8.9.edf""]}, {""validation_file"": ""PN10-7.8.9.edf"", ""train_files"": [""PN10-1.edf"", ""PN10-10.edf"", ""PN10-2.edf"", ""PN10-4.5.6.edf""]}]","[""PN10-1.edf"", ""PN10-10.edf"", ""PN10-2.edf"", ""PN10-4.5.6.edf"", ""PN10-7.8.9.edf""]",PN10,C1_RF,PN10-3.edf,nested
9,0,1,191,0,191,4440,58704,300,21,9695,48688,0,0.1111111111111111,14.122576404863622,9,0,0,,,,,,0.091192901741702262,120,0.65000000000000002,False,False,"[{""validation_file"": ""PN10-1.edf"", ""train_files"": [""PN10-10.edf"", ""PN10-2.edf"", ""PN10-4.5.6.edf"", ""PN10-7.8.9.edf""]}, {""validation_file"": ""PN10-10.edf"", ""train_files"": [""PN10-1.edf"", ""PN10-2.edf"", ""PN10-4.5.6.edf"", ""PN10-7.8.9.edf""]}, {""validation_file"": ""PN10-2.edf"", ""train_files"": [""PN10-1.edf"", ""PN10-10.edf"", ""PN10-4.5.6.edf"", ""PN10-7.8.9.edf""]}, {""validation_file"": ""PN10-4.5.6.edf"", ""train_files"": [""PN10-1.edf"", ""PN10-10.edf"", ""PN10-2.edf"", ""PN10-7.8.9.edf""]}, {""validation_file"": ""PN10-7.8.9.edf"", ""train_files"": [""PN10-1.edf"", ""PN10-10.edf"", ""PN10-2.edf"", ""PN10-4.5.6.edf""]}]","[""PN10-1.edf"", ""PN10-10.edf"", ""PN10-2.edf"", ""PN10-4.5.6.edf"", ""PN10-7.8.9.edf""]",PN10,C1_RF,PN10-3.edf,nested
9,0,1,149,0,149,3560,58704,300,21,9695,48688,0,0.1111111111111111,11.017088399605653,9,0,0,,,,,,0.073118632928031543,120,0.69999999999999996,False,False,"[{""validation_file"": ""PN10-1.edf"", ""train_files"": [""PN10-10.edf"", ""PN10-2.edf"", ""PN10-4.5.6.edf"", ""PN10-7.8.9.edf""]}, {""validation_file"": ""PN10-10.edf"", ""train_files"": [""PN10-1.edf"", ""PN10-2.edf"", ""PN10-4.5.6.edf"", ""PN10-7.8.9.edf""]}, {""validation_file"": ""PN10-2.edf"", ""train_files"": [""PN10-1.edf"", ""PN10-10.edf"", ""PN10-4.5.6.edf"", ""PN10-7.8.9.edf""]}, {""validation_file"": ""PN10-4.5.6.edf"", ""train_files"": [""PN10-1.edf"", ""PN10-10.edf"", ""PN10-2.edf"", ""PN10-7.8.9.edf""]}, {""validation_file"": ""PN10-7.8.9.edf"", ""train_files"": [""PN10-1.edf"", ""PN10-10.edf"", ""PN10-2.edf"", ""PN10-4.5.6.edf""]}]","[""PN10-1.edf"", ""PN10-10.edf"", ""PN10-2.edf"", ""PN10-4.5.6.edf"", ""PN10-7.8.9.edf""]",PN10,C1_RF,PN10-3.edf,nested
9,0,1,118,0,118,3055,58704,300,21,9695,48688,0,0.1111111111111111,8.7249424909628654,9,0,0,,,,,,0.062746467302004602,120,0.75,False,False,"[{""validation_file"": ""PN10-1.edf"", ""train_files"": [""PN10-10.edf"", ""PN10-2.edf"", ""PN10-4.5.6.edf"", ""PN10-7.8.9.edf""]}, {""validation_file"": ""PN10-10.edf"", ""train_files"": [""PN10-1.edf"", ""PN10-2.edf"", ""PN10-4.5.6.edf"", ""PN10-7.8.9.edf""]}, {""validation_file"": ""PN10-2.edf"", ""train_files"": [""PN10-1.edf"", ""PN10-10.edf"", ""PN10-4.5.6.edf"", ""PN10-7.8.9.edf""]}, {""validation_file"": ""PN10-4.5.6.edf"", ""train_files"": [""PN10-1.edf"", ""PN10-10.edf"", ""PN10-2.edf"", ""PN10-7.8.9.edf""]}, {""validation_file"": ""PN10-7.8.9.edf"", ""train_files"": [""PN10-1.edf"", ""PN10-10.edf"", ""PN10-2.edf"", ""PN10-4.5.6.edf""]}]","[""PN10-1.edf"", ""PN10-10.edf"", ""PN10-2.edf"", ""PN10-4.5.6.edf"", ""PN10-7.8.9.edf""]",PN10,C1_RF,PN10-3.edf,nested
9,0,1,88,0,88,2125,58704,300,21,9695,48688,0,0.1111111111111111,6.5067367729214594,9,0,0,,,,,,0.043645251396648044,110,0.80000000000000004,False,False,"[{""validation_file"": ""PN10-1.edf"", ""train_files"": [""PN10-10.edf"", ""PN10-2.edf"", ""PN10-4.5.6.edf"", ""PN10-7.8.9.edf""]}, {""validation_file"": ""PN10-10.edf"", ""train_files"": [""PN10-1.edf"", ""PN10-2.edf"", ""PN10-4.5.6.edf"", ""PN10-7.8.9.edf""]}, {""validation_file"": ""PN10-2.edf"", ""train_files"": [""PN10-1.edf"", ""PN10-10.edf"", ""PN10-4.5.6.edf"", ""PN10-7.8.9.edf""]}, {""validation_file"": ""PN10-4.5.6.edf"", ""train_files"": [""PN10-1.edf"", ""PN10-10.edf"", ""PN10-2.edf"", ""PN10-7.8.9.edf""]}, {""validation_file"": ""PN10-7.8.9.edf"", ""train_files"": [""PN10-1.edf"", ""PN10-10.edf"", ""PN10-2.edf"", ""PN10-4.5.6.edf""]}]","[""PN10-1.edf"", ""PN10-10.edf"", ""PN10-2.edf"", ""PN10-4.5.6.edf"", ""PN10-7.8.9.edf""]",PN10,C1_RF,PN10-3.edf,nested
9,1,1,44,0,45,760,58704,300,21,9695,48688,0.1111111111111111,0.1111111111111111,3.2533683864607297,8,1,1,12,12,12,12,12,0.015609595793624713,50,0.84999999999999998,False,False,"[{""validation_file"": ""PN10-1.edf"", ""train_files"": [""PN10-10.edf"", ""PN10-2.edf"", ""PN10-4.5.6.edf"", ""PN10-7.8.9.edf""]}, {""validation_file"": ""PN10-10.edf"", ""train_files"": [""PN10-1.edf"", ""PN10-2.edf"", ""PN10-4.5.6.edf"", ""PN10-7.8.9.edf""]}, {""validation_file"": ""PN10-2.edf"", ""train_files"": [""PN10-1.edf"", ""PN10-10.edf"", ""PN10-4.5.6.edf"", ""PN10-7.8.9.edf""]}, {""validation_file"": ""PN10-4.5.6.edf"", ""train_files"": [""PN10-1.edf"", ""PN10-10.edf"", ""PN10-2.edf"", ""PN10-7.8.9.edf""]}, {""validation_file"": ""PN10-7.8.9.edf"", ""train_files"": [""PN10-1.edf"", ""PN10-10.edf"", ""PN10-2.edf"", ""PN10-4.5.6.edf""]}]","[""PN10-1.edf"", ""PN10-10.edf"", ""PN10-2.edf"", ""PN10-4.5.6.edf"", ""PN10-7.8.9.edf""]",PN10,C1_RF,PN10-3.edf,nested
9,0,0,0,0,0,0,58704,300,21,9695,48688,0,0,0,9,0,0,,,,,,0,0,0.90000000000000002,True,False,"[{""validation_file"": ""PN10-1.edf"", ""train_files"": [""PN10-10.edf"", ""PN10-2.edf"", ""PN10-4.5.6.edf"", ""PN10-7.8.9.edf""]}, {""validation_file"": ""PN10-10.edf"", ""train_files"": [""PN10-1.edf"", ""PN10-2.edf"", ""PN10-4.5.6.edf"", ""PN10-7.8.9.edf""]}, {""validation_file"": ""PN10-2.edf"", ""train_files"": [""PN10-1.edf"", ""PN10-10.edf"", ""PN10-4.5.6.edf"", ""PN10-7.8.9.edf""]}, {""validation_file"": ""PN10-4.5.6.edf"", ""train_files"": [""PN10-1.edf"", ""PN10-10.edf"", ""PN10-2.edf"", ""PN10-7.8.9.edf""]}, {""validation_file"": ""PN10-7.8.9.edf"", ""train_files"": [""PN10-1.edf"", ""PN10-10.edf"", ""PN10-2.edf"", ""PN10-4.5.6.edf""]}]","[""PN10-1.edf"", ""PN10-10.edf"", ""PN10-2.edf"", ""PN10-4.5.6.edf"", ""PN10-7.8.9.edf""]",PN10,C1_RF,PN10-3.edf,nested
9,0,0,0,0,0,0,58704,300,21,9695,48688,0,0,0,9,0,0,,,,,,0,0,0.94999999999999996,True,False,"[{""validation_file"": ""PN10-1.edf"", ""train_files"": [""PN10-10.edf"", ""PN10-2.edf"", ""PN10-4.5.6.edf"", ""PN10-7.8.9.edf""]}, {""validation_file"": ""PN10-10.edf"", ""train_files"": [""PN10-1.edf"", ""PN10-2.edf"", ""PN10-4.5.6.edf"", ""PN10-7.8.9.edf""]}, {""validation_file"": ""PN10-2.edf"", ""train_files"": [""PN10-1.edf"", ""PN10-10.edf"", ""PN10-4.5.6.edf"", ""PN10-7.8.9.edf""]}, {""validation_file"": ""PN10-4.5.6.edf"", ""train_files"": [""PN10-1.edf"", ""PN10-10.edf"", ""PN10-2.edf"", ""PN10-7.8.9.edf""]}, {""validation_file"": ""PN10-7.8.9.edf"", ""train_files"": [""PN10-1.edf"", ""PN10-10.edf"", ""PN10-2.edf"", ""PN10-4.5.6.edf""]}]","[""PN10-1.edf"", ""PN10-10.edf"", ""PN10-2.edf"", ""PN10-4.5.6.edf"", ""PN10-7.8.9.edf""]",PN10,C1_RF,PN10-3.edf,nested
9,0,0,0,0,0,0,58704,300,21,9695,48688,0,0,0,9,0,0,,,,,,0,0,1.01,True,True,"[{""validation_file"": ""PN10-1.edf"", ""train_files"": [""PN10-10.edf"", ""PN10-2.edf"", ""PN10-4.5.6.edf"", ""PN10-7.8.9.edf""]}, {""validation_file"": ""PN10-10.edf"", ""train_files"": [""PN10-1.edf"", ""PN10-2.edf"", ""PN10-4.5.6.edf"", ""PN10-7.8.9.edf""]}, {""validation_file"": ""PN10-2.edf"", ""train_files"": [""PN10-1.edf"", ""PN10-10.edf"", ""PN10-4.5.6.edf"", ""PN10-7.8.9.edf""]}, {""validation_file"": ""PN10-4.5.6.edf"", ""train_files"": [""PN10-1.edf"", ""PN10-10.edf"", ""PN10-2.edf"", ""PN10-7.8.9.edf""]}, {""validation_file"": ""PN10-7.8.9.edf"", ""train_files"": [""PN10-1.edf"", ""PN10-10.edf"", ""PN10-2.edf"", ""PN10-4.5.6.edf""]}]","[""PN10-1.edf"", ""PN10-10.edf"", ""PN10-2.edf"", ""PN10-4.5.6.edf"", ""PN10-7.8.9.edf""]",PN10,C1_RF,PN10-3.edf,nested
7,1,2,418,0,419,21647,50769,300,27,9875,40567,0.14285714285714285,0.2857142857142857,37.094189858752188,6,1,1,15,15,15,15,15,0.53361106317943152,340,0.050000000000000003,False,False,"[{""validation_file"": ""PN10-1.edf"", ""train_files"": [""PN10-10.edf"", ""PN10-2.edf"", ""PN10-3.edf"", ""PN10-7.8.9.edf""]}, {""validation_file"": ""PN10-10.edf"", ""train_files"": [""PN10-1.edf"", ""PN10-2.edf"", ""PN10-3.edf"", ""PN10-7.8.9.edf""]}, {""validation_file"": ""PN10-2.edf"", ""train_files"": [""PN10-1.edf"", ""PN10-10.edf"", ""PN10-3.edf"", ""PN10-7.8.9.edf""]}, {""validation_file"": ""PN10-3.edf"", ""train_files"": [""PN10-1.edf"", ""PN10-10.edf"", ""PN10-2.edf"", ""PN10-7.8.9.edf""]}, {""validation_file"": ""PN10-7.8.9.edf"", ""train_files"": [""PN10-1.edf"", ""PN10-10.edf"", ""PN10-2.edf"", ""PN10-3.edf""]}]","[""PN10-1.edf"", ""PN10-10.edf"", ""PN10-2.edf"", ""PN10-3.edf"", ""PN10-7.8.9.edf""]",PN10,C1_RF,PN10-4.5.6.edf,nested
7,1,2,396,0,397,17277,50769,300,27,9875,40567,0.14285714285714285,0.2857142857142857,35.141864076712601,6,1,1,15,15,15,15,15,0.42588803707446937,340,0.10000000000000001,False,False,"[{""validation_file"": ""PN10-1.edf"", ""train_files"": [""PN10-10.edf"", ""PN10-2.edf"", ""PN10-3.edf"", ""PN10-7.8.9.edf""]}, {""validation_file"": ""PN10-10.edf"", ""train_files"": [""PN10-1.edf"", ""PN10-2.edf"", ""PN10-3.edf"", ""PN10-7.8.9.edf""]}, {""validation_file"": ""PN10-2.edf"", ""train_files"": [""PN10-1.edf"", ""PN10-10.edf"", ""PN10-3.edf"", ""PN10-7.8.9.edf""]}, {""validation_file"": ""PN10-3.edf"", ""train_files"": [""PN10-1.edf"", ""PN10-10.edf"", ""PN10-2.edf"", ""PN10-7.8.9.edf""]}, {""validation_file"": ""PN10-7.8.9.edf"", ""train_files"": [""PN10-1.edf"", ""PN10-10.edf"", ""PN10-2.edf"", ""PN10-3.edf""]}]","[""PN10-1.edf"", ""PN10-10.edf"", ""PN10-2.edf"", ""PN10-3.edf"", ""PN10-7.8.9.edf""]",PN10,C1_RF,PN10-4.5.6.edf,nested
7,1,1,386,0,387,13912,50769,300,27,9875,40567,0.14285714285714285,0.14285714285714285,34.254443266694601,6,1,1,15,15,15,15,15,0.34293884191584295,290,0.14999999999999999,False,False,"[{""validation_file"": ""PN10-1.edf"", ""train_files"": [""PN10-10.edf"", ""PN10-2.edf"", ""PN10-3.edf"", ""PN10-7.8.9.edf""]}, {""validation_file"": ""PN10-10.edf"", ""train_files"": [""PN10-1.edf"", ""PN10-2.edf"", ""PN10-3.edf"", ""PN10-7.8.9.edf""]}, {""validation_file"": ""PN10-2.edf"", ""train_files"": [""PN10-1.edf"", ""PN10-10.edf"", ""PN10-3.edf"", ""PN10-7.8.9.edf""]}, {""validation_file"": ""PN10-3.edf"", ""train_files"": [""PN10-1.edf"", ""PN10-10.edf"", ""PN10-2.edf"", ""PN10-7.8.9.edf""]}, {""validation_file"": ""PN10-7.8.9.edf"", ""train_files"": [""PN10-1.edf"", ""PN10-10.edf"", ""PN10-2.edf"", ""PN10-3.edf""]}]","[""PN10-1.edf"", ""PN10-10.edf"", ""PN10-2.edf"", ""PN10-3.edf"", ""PN10-7.8.9.edf""]",PN10,C1_RF,PN10-4.5.6.edf,nested
7,1,1,336,0,337,11127,50769,300,27,9875,40567,0.14285714285714285,0.14285714285714285,29.81733921660463,6,1,1,20,20,20,20,20,0.27428698202972862,290,0.20000000000000001,False,False,"[{""validation_file"": ""PN10-1.edf"", ""train_files"": [""PN10-10.edf"", ""PN10-2.edf"", ""PN10-3.edf"", ""PN10-7.8.9.edf""]}, {""validation_file"": ""PN10-10.edf"", ""train_files"": [""PN10-1.edf"", ""PN10-2.edf"", ""PN10-3.edf"", ""PN10-7.8.9.edf""]}, {""validation_file"": ""PN10-2.edf"", ""train_files"": [""PN10-1.edf"", ""PN10-10.edf"", ""PN10-3.edf"", ""PN10-7.8.9.edf""]}, {""validation_file"": ""PN10-3.edf"", ""train_files"": [""PN10-1.edf"", ""PN10-10.edf"", ""PN10-2.edf"", ""PN10-7.8.9.edf""]}, {""validation_file"": ""PN10-7.8.9.edf"", ""train_files"": [""PN10-1.edf"", ""PN10-10.edf"", ""PN10-2.edf"", ""PN10-3.edf""]}]","[""PN10-1.edf"", ""PN10-10.edf"", ""PN10-2.edf"", ""PN10-3.edf"", ""PN10-7.8.9.edf""]",PN10,C1_RF,PN10-4.5.6.edf,nested
7,1,1,323,0,324,8692,50769,300,27,9875,40567,0.14285714285714285,0.14285714285714285,28.663692163581235,6,1,1,25,25,25,25,25,0.21426282446323366,190,0.25,False,False,"[{""validation_file"": ""PN10-1.edf"", ""train_files"": [""PN10-10.edf"", ""PN10-2.edf"", ""PN10-3.edf"", ""PN10-7.8.9.edf""]}, {""validation_file"": ""PN10-10.edf"", ""train_files"": [""PN10-1.edf"", ""PN10-2.edf"", ""PN10-3.edf"", ""PN10-7.8.9.edf""]}, {""validation_file"": ""PN10-2.edf"", ""train_files"": [""PN10-1.edf"", ""PN10-10.edf"", ""PN10-3.edf"", ""PN10-7.8.9.edf""]}, {""validation_file"": ""PN10-3.edf"", ""train_files"": [""PN10-1.edf"", ""PN10-10.edf"", ""PN10-2.edf"", ""PN10-7.8.9.edf""]}, {""validation_file"": ""PN10-7.8.9.edf"", ""train_files"": [""PN10-1.edf"", ""PN10-10.edf"", ""PN10-2.edf"", ""PN10-3.edf""]}]","[""PN10-1.edf"", ""PN10-10.edf"", ""PN10-2.edf"", ""PN10-3.edf"", ""PN10-7.8.9.edf""]",PN10,C1_RF,PN10-4.5.6.edf,nested
7,1,1,257,0,258,6532,50769,300,27,9875,40567,0.14285714285714285,0.14285714285714285,22.806714817462471,6,1,1,25,25,25,25,25,0.16101757586215396,160,0.29999999999999999,False,False,"[{""validation_file"": ""PN10-1.edf"", ""train_files"": [""PN10-10.edf"", ""PN10-2.edf"", ""PN10-3.edf"", ""PN10-7.8.9.edf""]}, {""validation_file"": ""PN10-10.edf"", ""train_files"": [""PN10-1.edf"", ""PN10-2.edf"", ""PN10-3.edf"", ""PN10-7.8.9.edf""]}, {""validation_file"": ""PN10-2.edf"", ""train_files"": [""PN10-1.edf"", ""PN10-10.edf"", ""PN10-3.edf"", ""PN10-7.8.9.edf""]}, {""validation_file"": ""PN10-3.edf"", ""train_files"": [""PN10-1.edf"", ""PN10-10.edf"", ""PN10-2.edf"", ""PN10-7.8.9.edf""]}, {""validation_file"": ""PN10-7.8.9.edf"", ""train_files"": [""PN10-1.edf"", ""PN10-10.edf"", ""PN10-2.edf"", ""PN10-3.edf""]}]","[""PN10-1.edf"", ""PN10-10.edf"", ""PN10-2.edf"", ""PN10-3.edf"", ""PN10-7.8.9.edf""]",PN10,C1_RF,PN10-4.5.6.edf,nested
7,1,1,202,0,203,4932,50769,300,27,9875,40567,0.14285714285714285,0.14285714285714285,17.925900362363496,6,1,1,25,25,25,25,25,0.12157665097246531,110,0.34999999999999998,False,False,"[{""validation_file"": ""PN10-1.edf"", ""train_files"": [""PN10-10.edf"", ""PN10-2.edf"", ""PN10-3.edf"", ""PN10-7.8.9.edf""]}, {""validation_file"": ""PN10-10.edf"", ""train_files"": [""PN10-1.edf"", ""PN10-2.edf"", ""PN10-3.edf"", ""PN10-7.8.9.edf""]}, {""validation_file"": ""PN10-2.edf"", ""train_files"": [""PN10-1.edf"", ""PN10-10.edf"", ""PN10-3.edf"", ""PN10-7.8.9.edf""]}, {""validation_file"": ""PN10-3.edf"", ""train_files"": [""PN10-1.edf"", ""PN10-10.edf"", ""PN10-2.edf"", ""PN10-7.8.9.edf""]}, {""validation_file"": ""PN10-7.8.9.edf"", ""train_files"": [""PN10-1.edf"", ""PN10-10.edf"", ""PN10-2.edf"", ""PN10-3.edf""]}]","[""PN10-1.edf"", ""PN10-10.edf"", ""PN10-2.edf"", ""PN10-3.edf"", ""PN10-7.8.9.edf""]",PN10,C1_RF,PN10-4.5.6.edf,nested
7,1,1,168,0,169,3897,50769,300,27,9875,40567,0.14285714285714285,0.14285714285714285,14.908669608302315,6,1,1,25,25,25,25,25,0.096063302684447946,110,0.40000000000000002,False,False,"[{""validation_file"": ""PN10-1.edf"", ""train_files"": [""PN10-10.edf"", ""PN10-2.edf"", ""PN10-3.edf"", ""PN10-7.8.9.edf""]}, {""validation_file"": ""PN10-10.edf"", ""train_files"": [""PN10-1.edf"", ""PN10-2.edf"", ""PN10-3.edf"", ""PN10-7.8.9.edf""]}, {""validation_file"": ""PN10-2.edf"", ""train_files"": [""PN10-1.edf"", ""PN10-10.edf"", ""PN10-3.edf"", ""PN10-7.8.9.edf""]}, {""validation_file"": ""PN10-3.edf"", ""train_files"": [""PN10-1.edf"", ""PN10-10.edf"", ""PN10-2.edf"", ""PN10-7.8.9.edf""]}, {""validation_file"": ""PN10-7.8.9.edf"", ""train_files"": [""PN10-1.edf"", ""PN10-10.edf"", ""PN10-2.edf"", ""PN10-3.edf""]}]","[""PN10-1.edf"", ""PN10-10.edf"", ""PN10-2.edf"", ""PN10-3.edf"", ""PN10-7.8.9.edf""]",PN10,C1_RF,PN10-4.5.6.edf,nested
7,1,1,142,0,143,3270,50769,300,27,9875,40567,0.14285714285714285,0.14285714285714285,12.601375502255529,6,1,1,25,25,25,25,25,0.0806073902433012,90,0.45000000000000001,False,False,"[{""validation_file"": ""PN10-1.edf"", ""train_files"": [""PN10-10.edf"", ""PN10-2.edf"", ""PN10-3.edf"", ""PN10-7.8.9.edf""]}, {""validation_file"": ""PN10-10.edf"", ""train_files"": [""PN10-1.edf"", ""PN10-2.edf"", ""PN10-3.edf"", ""PN10-7.8.9.edf""]}, {""validation_file"": ""PN10-2.edf"", ""train_files"": [""PN10-1.edf"", ""PN10-10.edf"", ""PN10-3.edf"", ""PN10-7.8.9.edf""]}, {""validation_file"": ""PN10-3.edf"", ""train_files"": [""PN10-1.edf"", ""PN10-10.edf"", ""PN10-2.edf"", ""PN10-7.8.9.edf""]}, {""validation_file"": ""PN10-7.8.9.edf"", ""train_files"": [""PN10-1.edf"", ""PN10-10.edf"", ""PN10-2.edf"", ""PN10-3.edf""]}]","[""PN10-1.edf"", ""PN10-10.edf"", ""PN10-2.edf"", ""PN10-3.edf"", ""PN10-7.8.9.edf""]",PN10,C1_RF,PN10-4.5.6.edf,nested
7,1,1,129,0,130,2845,50769,300,27,9875,40567,0.14285714285714285,0.14285714285714285,11.447728449232134,6,1,1,35,35,35,35,35,0.070130894569477659,85,0.5,False,False,"[{""validation_file"": ""PN10-1.edf"", ""train_files"": [""PN10-10.edf"", ""PN10-2.edf"", ""PN10-3.edf"", ""PN10-7.8.9.edf""]}, {""validation_file"": ""PN10-10.edf"", ""train_files"": [""PN10-1.edf"", ""PN10-2.edf"", ""PN10-3.edf"", ""PN10-7.8.9.edf""]}, {""validation_file"": ""PN10-2.edf"", ""train_files"": [""PN10-1.edf"", ""PN10-10.edf"", ""PN10-3.edf"", ""PN10-7.8.9.edf""]}, {""validation_file"": ""PN10-3.edf"", ""train_files"": [""PN10-1.edf"", ""PN10-10.edf"", ""PN10-2.edf"", ""PN10-7.8.9.edf""]}, {""validation_file"": ""PN10-7.8.9.edf"", ""train_files"": [""PN10-1.edf"", ""PN10-10.edf"", ""PN10-2.edf"", ""PN10-3.edf""]}]","[""PN10-1.edf"", ""PN10-10.edf"", ""PN10-2.edf"", ""PN10-3.edf"", ""PN10-7.8.9.edf""]",PN10,C1_RF,PN10-4.5.6.edf,nested
7,1,1,112,0,113,2475,50769,300,27,9875,40567,0.14285714285714285,0.14285714285714285,9.9391130722015433,6,1,1,35,35,35,35,35,0.061010180688737148,85,0.55000000000000004,False,False,"[{""validation_file"": ""PN10-1.edf"", ""train_files"": [""PN10-10.edf"", ""PN10-2.edf"", ""PN10-3.edf"", ""PN10-7.8.9.edf""]}, {""validation_file"": ""PN10-10.edf"", ""train_files"": [""PN10-1.edf"", ""PN10-2.edf"", ""PN10-3.edf"", ""PN10-7.8.9.edf""]}, {""validation_file"": ""PN10-2.edf"", ""train_files"": [""PN10-1.edf"", ""PN10-10.edf"", ""PN10-3.edf"", ""PN10-7.8.9.edf""]}, {""validation_file"": ""PN10-3.edf"", ""train_files"": [""PN10-1.edf"", ""PN10-10.edf"", ""PN10-2.edf"", ""PN10-7.8.9.edf""]}, {""validation_file"": ""PN10-7.8.9.edf"", ""train_files"": [""PN10-1.edf"", ""PN10-10.edf"", ""PN10-2.edf"", ""PN10-3.edf""]}]","[""PN10-1.edf"", ""PN10-10.edf"", ""PN10-2.edf"", ""PN10-3.edf"", ""PN10-7.8.9.edf""]",PN10,C1_RF,PN10-4.5.6.edf,nested
7,1,1,102,1,103,2035,50769,300,27,9875,40567,0.14285714285714285,0.14285714285714285,9.0516922621835487,6,1,1,35,35,35,35,35,0.050163926344072768,85,0.59999999999999998,False,False,"[{""validation_file"": ""PN10-1.edf"", ""train_files"": [""PN10-10.edf"", ""PN10-2.edf"", ""PN10-3.edf"", ""PN10-7.8.9.edf""]}, {""validation_file"": ""PN10-10.edf"", ""train_files"": [""PN10-1.edf"", ""PN10-2.edf"", ""PN10-3.edf"", ""PN10-7.8.9.edf""]}, {""validation_file"": ""PN10-2.edf"", ""train_files"": [""PN10-1.edf"", ""PN10-10.edf"", ""PN10-3.edf"", ""PN10-7.8.9.edf""]}, {""validation_file"": ""PN10-3.edf"", ""train_files"": [""PN10-1.edf"", ""PN10-10.edf"", ""PN10-2.edf"", ""PN10-7.8.9.edf""]}, {""validation_file"": ""PN10-7.8.9.edf"", ""train_files"": [""PN10-1.edf"", ""PN10-10.edf"", ""PN10-2.edf"", ""PN10-3.edf""]}]","[""PN10-1.edf"", ""PN10-10.edf"", ""PN10-2.edf"", ""PN10-3.edf"", ""PN10-7.8.9.edf""]",PN10,C1_RF,PN10-4.5.6.edf,nested
7,0,0,70,0,70,1305,50769,300,27,9875,40567,0,0,6.2119456701259645,7,0,0,,,,,,0.032169004363152315,70,0.65000000000000002,False,False,"[{""validation_file"": ""PN10-1.edf"", ""train_files"": [""PN10-10.edf"", ""PN10-2.edf"", ""PN10-3.edf"", ""PN10-7.8.9.edf""]}, {""validation_file"": ""PN10-10.edf"", ""train_files"": [""PN10-1.edf"", ""PN10-2.edf"", ""PN10-3.edf"", ""PN10-7.8.9.edf""]}, {""validation_file"": ""PN10-2.edf"", ""train_files"": [""PN10-1.edf"", ""PN10-10.edf"", ""PN10-3.edf"", ""PN10-7.8.9.edf""]}, {""validation_file"": ""PN10-3.edf"", ""train_files"": [""PN10-1.edf"", ""PN10-10.edf"", ""PN10-2.edf"", ""PN10-7.8.9.edf""]}, {""validation_file"": ""PN10-7.8.9.edf"", ""train_files"": [""PN10-1.edf"", ""PN10-10.edf"", ""PN10-2.edf"", ""PN10-3.edf""]}]","[""PN10-1.edf"", ""PN10-10.edf"", ""PN10-2.edf"", ""PN10-3.edf"", ""PN10-7.8.9.edf""]",PN10,C1_RF,PN10-4.5.6.edf,nested
7,0,0,44,0,44,765,50769,300,27,9875,40567,0,0,3.9046515640791775,7,0,0,,,,,,0.018857692212882391,65,0.69999999999999996,False,False,"[{""validation_file"": ""PN10-1.edf"", ""train_files"": [""PN10-10.edf"", ""PN10-2.edf"", ""PN10-3.edf"", ""PN10-7.8.9.edf""]}, {""validation_file"": ""PN10-10.edf"", ""train_files"": [""PN10-1.edf"", ""PN10-2.edf"", ""PN10-3.edf"", ""PN10-7.8.9.edf""]}, {""validation_file"": ""PN10-2.edf"", ""train_files"": [""PN10-1.edf"", ""PN10-10.edf"", ""PN10-3.edf"", ""PN10-7.8.9.edf""]}, {""validation_file"": ""PN10-3.edf"", ""train_files"": [""PN10-1.edf"", ""PN10-10.edf"", ""PN10-2.edf"", ""PN10-7.8.9.edf""]}, {""validation_file"": ""PN10-7.8.9.edf"", ""train_files"": [""PN10-1.edf"", ""PN10-10.edf"", ""PN10-2.edf"", ""PN10-3.edf""]}]","[""PN10-1.edf"", ""PN10-10.edf"", ""PN10-2.edf"", ""PN10-3.edf"", ""PN10-7.8.9.edf""]",PN10,C1_RF,PN10-4.5.6.edf,nested
7,0,0,23,0,23,325,50769,300,27,9875,40567,0,0,2.0410678630413885,7,0,0,,,,,,0.0080114378682180094,45,0.75,False,False,"[{""validation_file"": ""PN10-1.edf"", ""train_files"": [""PN10-10.edf"", ""PN10-2.edf"", ""PN10-3.edf"", ""PN10-7.8.9.edf""]}, {""validation_file"": ""PN10-10.edf"", ""train_files"": [""PN10-1.edf"", ""PN10-2.edf"", ""PN10-3.edf"", ""PN10-7.8.9.edf""]}, {""validation_file"": ""PN10-2.edf"", ""train_files"": [""PN10-1.edf"", ""PN10-10.edf"", ""PN10-3.edf"", ""PN10-7.8.9.edf""]}, {""validation_file"": ""PN10-3.edf"", ""train_files"": [""PN10-1.edf"", ""PN10-10.edf"", ""PN10-2.edf"", ""PN10-7.8.9.edf""]}, {""validation_file"": ""PN10-7.8.9.edf"", ""train_files"": [""PN10-1.edf"", ""PN10-10.edf"", ""PN10-2.edf"", ""PN10-3.edf""]}]","[""PN10-1.edf"", ""PN10-10.edf"", ""PN10-2.edf"", ""PN10-3.edf"", ""PN10-7.8.9.edf""]",PN10,C1_RF,PN10-4.5.6.edf,nested
7,0,0,13,0,13,175,50769,300,27,9875,40567,0,0,1.1536470530233933,7,0,0,,,,,,0.0043138511598096972,20,0.80000000000000004,False,False,"[{""validation_file"": ""PN10-1.edf"", ""train_files"": [""PN10-10.edf"", ""PN10-2.edf"", ""PN10-3.edf"", ""PN10-7.8.9.edf""]}, {""validation_file"": ""PN10-10.edf"", ""train_files"": [""PN10-1.edf"", ""PN10-2.edf"", ""PN10-3.edf"", ""PN10-7.8.9.edf""]}, {""validation_file"": ""PN10-2.edf"", ""train_files"": [""PN10-1.edf"", ""PN10-10.edf"", ""PN10-3.edf"", ""PN10-7.8.9.edf""]}, {""validation_file"": ""PN10-3.edf"", ""train_files"": [""PN10-1.edf"", ""PN10-10.edf"", ""PN10-2.edf"", ""PN10-7.8.9.edf""]}, {""validation_file"": ""PN10-7.8.9.edf"", ""train_files"": [""PN10-1.edf"", ""PN10-10.edf"", ""PN10-2.edf"", ""PN10-3.edf""]}]","[""PN10-1.edf"", ""PN10-10.edf"", ""PN10-2.edf"", ""PN10-3.edf"", ""PN10-7.8.9.edf""]",PN10,C1_RF,PN10-4.5.6.edf,nested
7,0,0,5,0,5,65,50769,300,27,9875,40567,0,0,0.44371040500899744,7,0,0,,,,,,0.001602287573643602,20,0.84999999999999998,True,False,"[{""validation_file"": ""PN10-1.edf"", ""train_files"": [""PN10-10.edf"", ""PN10-2.edf"", ""PN10-3.edf"", ""PN10-7.8.9.edf""]}, {""validation_file"": ""PN10-10.edf"", ""train_files"": [""PN10-1.edf"", ""PN10-2.edf"", ""PN10-3.edf"", ""PN10-7.8.9.edf""]}, {""validation_file"": ""PN10-2.edf"", ""train_files"": [""PN10-1.edf"", ""PN10-10.edf"", ""PN10-3.edf"", ""PN10-7.8.9.edf""]}, {""validation_file"": ""PN10-3.edf"", ""train_files"": [""PN10-1.edf"", ""PN10-10.edf"", ""PN10-2.edf"", ""PN10-7.8.9.edf""]}, {""validation_file"": ""PN10-7.8.9.edf"", ""train_files"": [""PN10-1.edf"", ""PN10-10.edf"", ""PN10-2.edf"", ""PN10-3.edf""]}]","[""PN10-1.edf"", ""PN10-10.edf"", ""PN10-2.edf"", ""PN10-3.edf"", ""PN10-7.8.9.edf""]",PN10,C1_RF,PN10-4.5.6.edf,nested
7,0,0,0,0,0,0,50769,300,27,9875,40567,0,0,0,7,0,0,,,,,,0,0,0.90000000000000002,True,False,"[{""validation_file"": ""PN10-1.edf"", ""train_files"": [""PN10-10.edf"", ""PN10-2.edf"", ""PN10-3.edf"", ""PN10-7.8.9.edf""]}, {""validation_file"": ""PN10-10.edf"", ""train_files"": [""PN10-1.edf"", ""PN10-2.edf"", ""PN10-3.edf"", ""PN10-7.8.9.edf""]}, {""validation_file"": ""PN10-2.edf"", ""train_files"": [""PN10-1.edf"", ""PN10-10.edf"", ""PN10-3.edf"", ""PN10-7.8.9.edf""]}, {""validation_file"": ""PN10-3.edf"", ""train_files"": [""PN10-1.edf"", ""PN10-10.edf"", ""PN10-2.edf"", ""PN10-7.8.9.edf""]}, {""validation_file"": ""PN10-7.8.9.edf"", ""train_files"": [""PN10-1.edf"", ""PN10-10.edf"", ""PN10-2.edf"", ""PN10-3.edf""]}]","[""PN10-1.edf"", ""PN10-10.edf"", ""PN10-2.edf"", ""PN10-3.edf"", ""PN10-7.8.9.edf""]",PN10,C1_RF,PN10-4.5.6.edf,nested
7,0,0,0,0,0,0,50769,300,27,9875,40567,0,0,0,7,0,0,,,,,,0,0,0.94999999999999996,True,False,"[{""validation_file"": ""PN10-1.edf"", ""train_files"": [""PN10-10.edf"", ""PN10-2.edf"", ""PN10-3.edf"", ""PN10-7.8.9.edf""]}, {""validation_file"": ""PN10-10.edf"", ""train_files"": [""PN10-1.edf"", ""PN10-2.edf"", ""PN10-3.edf"", ""PN10-7.8.9.edf""]}, {""validation_file"": ""PN10-2.edf"", ""train_files"": [""PN10-1.edf"", ""PN10-10.edf"", ""PN10-3.edf"", ""PN10-7.8.9.edf""]}, {""validation_file"": ""PN10-3.edf"", ""train_files"": [""PN10-1.edf"", ""PN10-10.edf"", ""PN10-2.edf"", ""PN10-7.8.9.edf""]}, {""validation_file"": ""PN10-7.8.9.edf"", ""train_files"": [""PN10-1.edf"", ""PN10-10.edf"", ""PN10-2.edf"", ""PN10-3.edf""]}]","[""PN10-1.edf"", ""PN10-10.edf"", ""PN10-2.edf"", ""PN10-3.edf"", ""PN10-7.8.9.edf""]",PN10,C1_RF,PN10-4.5.6.edf,nested
7,0,0,0,0,0,0,50769,300,27,9875,40567,0,0,0,7,0,0,,,,,,0,0,1.01,True,True,"[{""validation_file"": ""PN10-1.edf"", ""train_files"": [""PN10-10.edf"", ""PN10-2.edf"", ""PN10-3.edf"", ""PN10-7.8.9.edf""]}, {""validation_file"": ""PN10-10.edf"", ""train_files"": [""PN10-1.edf"", ""PN10-2.edf"", ""PN10-3.edf"", ""PN10-7.8.9.edf""]}, {""validation_file"": ""PN10-2.edf"", ""train_files"": [""PN10-1.edf"", ""PN10-10.edf"", ""PN10-3.edf"", ""PN10-7.8.9.edf""]}, {""validation_file"": ""PN10-3.edf"", ""train_files"": [""PN10-1.edf"", ""PN10-10.edf"", ""PN10-2.edf"", ""PN10-7.8.9.edf""]}, {""validation_file"": ""PN10-7.8.9.edf"", ""train_files"": [""PN10-1.edf"", ""PN10-10.edf"", ""PN10-2.edf"", ""PN10-3.edf""]}]","[""PN10-1.edf"", ""PN10-10.edf"", ""PN10-2.edf"", ""PN10-3.edf"", ""PN10-7.8.9.edf""]",PN10,C1_RF,PN10-4.5.6.edf,nested
7,1,4,394,1,395,14588,52462,300,27,9785,42350,0.14285714285714285,0.5714285714285714,33.492325855962221,6,1,1,10,10,10,10,10,0.34446280991735539,320,0.050000000000000003,False,False,"[{""validation_file"": ""PN10-1.edf"", ""train_files"": [""PN10-10.edf"", ""PN10-2.edf"", ""PN10-3.edf"", ""PN10-4.5.6.edf""]}, {""validation_file"": ""PN10-10.edf"", ""train_files"": [""PN10-1.edf"", ""PN10-2.edf"", ""PN10-3.edf"", ""PN10-4.5.6.edf""]}, {""validation_file"": ""PN10-2.edf"", ""train_files"": [""PN10-1.edf"", ""PN10-10.edf"", ""PN10-3.edf"", ""PN10-4.5.6.edf""]}, {""validation_file"": ""PN10-3.edf"", ""train_files"": [""PN10-1.edf"", ""PN10-10.edf"", ""PN10-2.edf"", ""PN10-4.5.6.edf""]}, {""validation_file"": ""PN10-4.5.6.edf"", ""train_files"": [""PN10-1.edf"", ""PN10-10.edf"", ""PN10-2.edf"", ""PN10-3.edf""]}]","[""PN10-1.edf"", ""PN10-10.edf"", ""PN10-2.edf"", ""PN10-3.edf"", ""PN10-4.5.6.edf""]",PN10,C1_RF,PN10-7.8.9.edf,nested
7,2,4,339,1,341,10748,52462,300,27,9785,42350,0.2857142857142857,0.5714285714285714,28.817001180637543,5,2,2,5,2.5,7.5,0,10,0.25378984651711922,285,0.10000000000000001,False,False,"[{""validation_file"": ""PN10-1.edf"", ""train_files"": [""PN10-10.edf"", ""PN10-2.edf"", ""PN10-3.edf"", ""PN10-4.5.6.edf""]}, {""validation_file"": ""PN10-10.edf"", ""train_files"": [""PN10-1.edf"", ""PN10-2.edf"", ""PN10-3.edf"", ""PN10-4.5.6.edf""]}, {""validation_file"": ""PN10-2.edf"", ""train_files"": [""PN10-1.edf"", ""PN10-10.edf"", ""PN10-3.edf"", ""PN10-4.5.6.edf""]}, {""validation_file"": ""PN10-3.edf"", ""train_files"": [""PN10-1.edf"", ""PN10-10.edf"", ""PN10-2.edf"", ""PN10-4.5.6.edf""]}, {""validation_file"": ""PN10-4.5.6.edf"", ""train_files"": [""PN10-1.edf"", ""PN10-10.edf"", ""PN10-2.edf"", ""PN10-3.edf""]}]","[""PN10-1.edf"", ""PN10-10.edf"", ""PN10-2.edf"", ""PN10-3.edf"", ""PN10-4.5.6.edf""]",PN10,C1_RF,PN10-7.8.9.edf,nested
7,2,4,244,2,246,7113,52462,300,27,9785,42350,0.2857142857142857,0.5714285714285714,20.741440377804015,5,2,2,7.5,3.75,11.25,0,15,0.16795749704840615,275,0.14999999999999999,False,False,"[{""validation_file"": ""PN10-1.edf"", ""train_files"": [""PN10-10.edf"", ""PN10-2.edf"", ""PN10-3.edf"", ""PN10-4.5.6.edf""]}, {""validation_file"": ""PN10-10.edf"", ""train_files"": [""PN10-1.edf"", ""PN10-2.edf"", ""PN10-3.edf"", ""PN10-4.5.6.edf""]}, {""validation_file"": ""PN10-2.edf"", ""train_files"": [""PN10-1.edf"", ""PN10-10.edf"", ""PN10-3.edf"", ""PN10-4.5.6.edf""]}, {""validation_file"": ""PN10-3.edf"", ""train_files"": [""PN10-1.edf"", ""PN10-10.edf"", ""PN10-2.edf"", ""PN10-4.5.6.edf""]}, {""validation_file"": ""PN10-4.5.6.edf"", ""train_files"": [""PN10-1.edf"", ""PN10-10.edf"", ""PN10-2.edf"", ""PN10-3.edf""]}]","[""PN10-1.edf"", ""PN10-10.edf"", ""PN10-2.edf"", ""PN10-3.edf"", ""PN10-4.5.6.edf""]",PN10,C1_RF,PN10-7.8.9.edf,nested
7,2,4,222,1,224,6083,52462,300,27,9785,42350,0.2857142857142857,0.5714285714285714,18.871310507674146,5,2,2,7.5,3.75,11.25,0,15,0.14363636363636365,245,0.20000000000000001,False,False,"[{""validation_file"": ""PN10-1.edf"", ""train_files"": [""PN10-10.edf"", ""PN10-2.edf"", ""PN10-3.edf"", ""PN10-4.5.6.edf""]}, {""validation_file"": ""PN10-10.edf"", ""train_files"": [""PN10-1.edf"", ""PN10-2.edf"", ""PN10-3.edf"", ""PN10-4.5.6.edf""]}, {""validation_file"": ""PN10-2.edf"", ""train_files"": [""PN10-1.edf"", ""PN10-10.edf"", ""PN10-3.edf"", ""PN10-4.5.6.edf""]}, {""validation_file"": ""PN10-3.edf"", ""train_files"": [""PN10-1.edf"", ""PN10-10.edf"", ""PN10-2.edf"", ""PN10-4.5.6.edf""]}, {""validation_file"": ""PN10-4.5.6.edf"", ""train_files"": [""PN10-1.edf"", ""PN10-10.edf"", ""PN10-2.edf"", ""PN10-3.edf""]}]","[""PN10-1.edf"", ""PN10-10.edf"", ""PN10-2.edf"", ""PN10-3.edf"", ""PN10-4.5.6.edf""]",PN10,C1_RF,PN10-7.8.9.edf,nested
7,2,4,183,1,185,4458,52462,300,27,9785,42350,0.2857142857142857,0.5714285714285714,15.55608028335301,5,2,2,7.5,3.75,11.25,0,15,0.10526564344746163,175,0.25,False,False,"[{""validation_file"": ""PN10-1.edf"", ""train_files"": [""PN10-10.edf"", ""PN10-2.edf"", ""PN10-3.edf"", ""PN10-4.5.6.edf""]}, {""validation_file"": ""PN10-10.edf"", ""train_files"": [""PN10-1.edf"", ""PN10-2.edf"", ""PN10-3.edf"", ""PN10-4.5.6.edf""]}, {""validation_file"": ""PN10-2.edf"", ""train_files"": [""PN10-1.edf"", ""PN10-10.edf"", ""PN10-3.edf"", ""PN10-4.5.6.edf""]}, {""validation_file"": ""PN10-3.edf"", ""train_files"": [""PN10-1.edf"", ""PN10-10.edf"", ""PN10-2.edf"", ""PN10-4.5.6.edf""]}, {""validation_file"": ""PN10-4.5.6.edf"", ""train_files"": [""PN10-1.edf"", ""PN10-10.edf"", ""PN10-2.edf"", ""PN10-3.edf""]}]","[""PN10-1.edf"", ""PN10-10.edf"", ""PN10-2.edf"", ""PN10-3.edf"", ""PN10-4.5.6.edf""]",PN10,C1_RF,PN10-7.8.9.edf,nested
7,0,1,137,0,137,3365,52462,300,27,9785,42350,0,0.14285714285714285,11.645808736717827,7,0,0,,,,,,0.079456906729634,175,0.29999999999999999,False,False,"[{""validation_file"": ""PN10-1.edf"", ""train_files"": [""PN10-10.edf"", ""PN10-2.edf"", ""PN10-3.edf"", ""PN10-4.5.6.edf""]}, {""validation_file"": ""PN10-10.edf"", ""train_files"": [""PN10-1.edf"", ""PN10-2.edf"", ""PN10-3.edf"", ""PN10-4.5.6.edf""]}, {""validation_file"": ""PN10-2.edf"", ""train_files"": [""PN10-1.edf"", ""PN10-10.edf"", ""PN10-3.edf"", ""PN10-4.5.6.edf""]}, {""validation_file"": ""PN10-3.edf"", ""train_files"": [""PN10-1.edf"", ""PN10-10.edf"", ""PN10-2.edf"", ""PN10-4.5.6.edf""]}, {""validation_file"": ""PN10-4.5.6.edf"", ""train_files"": [""PN10-1.edf"", ""PN10-10.edf"", ""PN10-2.edf"", ""PN10-3.edf""]}]","[""PN10-1.edf"", ""PN10-10.edf"", ""PN10-2.edf"", ""PN10-3.edf"", ""PN10-4.5.6.edf""]",PN10,C1_RF,PN10-7.8.9.edf,nested
7,0,1,121,0,121,2815,52462,300,27,9785,42350,0,0.14285714285714285,10.285714285714286,7,0,0,,,,,,0.066469893742621008,130,0.34999999999999998,False,False,"[{""validation_file"": ""PN10-1.edf"", ""train_files"": [""PN10-10.edf"", ""PN10-2.edf"", ""PN10-3.edf"", ""PN10-4.5.6.edf""]}, {""validation_file"": ""PN10-10.edf"", ""train_files"": [""PN10-1.edf"", ""PN10-2.edf"", ""PN10-3.edf"", ""PN10-4.5.6.edf""]}, {""validation_file"": ""PN10-2.edf"", ""train_files"": [""PN10-1.edf"", ""PN10-10.edf"", ""PN10-3.edf"", ""PN10-4.5.6.edf""]}, {""validation_file"": ""PN10-3.edf"", ""train_files"": [""PN10-1.edf"", ""PN10-10.edf"", ""PN10-2.edf"", ""PN10-4.5.6.edf""]}, {""validation_file"": ""PN10-4.5.6.edf"", ""train_files"": [""PN10-1.edf"", ""PN10-10.edf"", ""PN10-2.edf"", ""PN10-3.edf""]}]","[""PN10-1.edf"", ""PN10-10.edf"", ""PN10-2.edf"", ""PN10-3.edf"", ""PN10-4.5.6.edf""]",PN10,C1_RF,PN10-7.8.9.edf,nested
7,0,1,107,0,107,2400,52462,300,27,9785,42350,0,0.14285714285714285,9.0956316410861859,7,0,0,,,,,,0.05667060212514758,130,0.40000000000000002,False,False,"[{""validation_file"": ""PN10-1.edf"", ""train_files"": [""PN10-10.edf"", ""PN10-2.edf"", ""PN10-3.edf"", ""PN10-4.5.6.edf""]}, {""validation_file"": ""PN10-10.edf"", ""train_files"": [""PN10-1.edf"", ""PN10-2.edf"", ""PN10-3.edf"", ""PN10-4.5.6.edf""]}, {""validation_file"": ""PN10-2.edf"", ""train_files"": [""PN10-1.edf"", ""PN10-10.edf"", ""PN10-3.edf"", ""PN10-4.5.6.edf""]}, {""validation_file"": ""PN10-3.edf"", ""train_files"": [""PN10-1.edf"", ""PN10-10.edf"", ""PN10-2.edf"", ""PN10-4.5.6.edf""]}, {""validation_file"": ""PN10-4.5.6.edf"", ""train_files"": [""PN10-1.edf"", ""PN10-10.edf"", ""PN10-2.edf"", ""PN10-3.edf""]}]","[""PN10-1.edf"", ""PN10-10.edf"", ""PN10-2.edf"", ""PN10-3.edf"", ""PN10-4.5.6.edf""]",PN10,C1_RF,PN10-7.8.9.edf,nested
7,0,1,92,0,92,2000,52462,300,27,9785,42350,0,0.14285714285714285,7.8205430932703663,7,0,0,,,,,,0.047225501770956316,130,0.45000000000000001,False,False,"[{""validation_file"": ""PN10-1.edf"", ""train_files"": [""PN10-10.edf"", ""PN10-2.edf"", ""PN10-3.edf"", ""PN10-4.5.6.edf""]}, {""validation_file"": ""PN10-10.edf"", ""train_files"": [""PN10-1.edf"", ""PN10-2.edf"", ""PN10-3.edf"", ""PN10-4.5.6.edf""]}, {""validation_file"": ""PN10-2.edf"", ""train_files"": [""PN10-1.edf"", ""PN10-10.edf"", ""PN10-3.edf"", ""PN10-4.5.6.edf""]}, {""validation_file"": ""PN10-3.edf"", ""train_files"": [""PN10-1.edf"", ""PN10-10.edf"", ""PN10-2.edf"", ""PN10-4.5.6.edf""]}, {""validation_file"": ""PN10-4.5.6.edf"", ""train_files"": [""PN10-1.edf"", ""PN10-10.edf"", ""PN10-2.edf"", ""PN10-3.edf""]}]","[""PN10-1.edf"", ""PN10-10.edf"", ""PN10-2.edf"", ""PN10-3.edf"", ""PN10-4.5.6.edf""]",PN10,C1_RF,PN10-7.8.9.edf,nested
7,0,1,80,0,80,1645,52462,300,27,9785,42350,0,0.14285714285714285,6.8004722550177092,7,0,0,,,,,,0.03884297520661157,130,0.5,False,False,"[{""validation_file"": ""PN10-1.edf"", ""train_files"": [""PN10-10.edf"", ""PN10-2.edf"", ""PN10-3.edf"", ""PN10-4.5.6.edf""]}, {""validation_file"": ""PN10-10.edf"", ""train_files"": [""PN10-1.edf"", ""PN10-2.edf"", ""PN10-3.edf"", ""PN10-4.5.6.edf""]}, {""validation_file"": ""PN10-2.edf"", ""train_files"": [""PN10-1.edf"", ""PN10-10.edf"", ""PN10-3.edf"", ""PN10-4.5.6.edf""]}, {""validation_file"": ""PN10-3.edf"", ""train_files"": [""PN10-1.edf"", ""PN10-10.edf"", ""PN10-2.edf"", ""PN10-4.5.6.edf""]}, {""validation_file"": ""PN10-4.5.6.edf"", ""train_files"": [""PN10-1.edf"", ""PN10-10.edf"", ""PN10-2.edf"", ""PN10-3.edf""]}]","[""PN10-1.edf"", ""PN10-10.edf"", ""PN10-2.edf"", ""PN10-3.edf"", ""PN10-4.5.6.edf""]",PN10,C1_RF,PN10-7.8.9.edf,nested
7,0,1,69,0,69,1445,52462,300,27,9785,42350,0,0.14285714285714285,5.8654073199527748,7,0,0,,,,,,0.034120425029515941,65,0.55000000000000004,False,False,"[{""validation_file"": ""PN10-1.edf"", ""train_files"": [""PN10-10.edf"", ""PN10-2.edf"", ""PN10-3.edf"", ""PN10-4.5.6.edf""]}, {""validation_file"": ""PN10-10.edf"", ""train_files"": [""PN10-1.edf"", ""PN10-2.edf"", ""PN10-3.edf"", ""PN10-4.5.6.edf""]}, {""validation_file"": ""PN10-2.edf"", ""train_files"": [""PN10-1.edf"", ""PN10-10.edf"", ""PN10-3.edf"", ""PN10-4.5.6.edf""]}, {""validation_file"": ""PN10-3.edf"", ""train_files"": [""PN10-1.edf"", ""PN10-10.edf"", ""PN10-2.edf"", ""PN10-4.5.6.edf""]}, {""validation_file"": ""PN10-4.5.6.edf"", ""train_files"": [""PN10-1.edf"", ""PN10-10.edf"", ""PN10-2.edf"", ""PN10-3.edf""]}]","[""PN10-1.edf"", ""PN10-10.edf"", ""PN10-2.edf"", ""PN10-3.edf"", ""PN10-4.5.6.edf""]",PN10,C1_RF,PN10-7.8.9.edf,nested
7,0,1,64,0,64,1325,52462,300,27,9785,42350,0,0.14285714285714285,5.4403778040141679,7,0,0,,,,,,0.031286894923258562,65,0.59999999999999998,False,False,"[{""validation_file"": ""PN10-1.edf"", ""train_files"": [""PN10-10.edf"", ""PN10-2.edf"", ""PN10-3.edf"", ""PN10-4.5.6.edf""]}, {""validation_file"": ""PN10-10.edf"", ""train_files"": [""PN10-1.edf"", ""PN10-2.edf"", ""PN10-3.edf"", ""PN10-4.5.6.edf""]}, {""validation_file"": ""PN10-2.edf"", ""train_files"": [""PN10-1.edf"", ""PN10-10.edf"", ""PN10-3.edf"", ""PN10-4.5.6.edf""]}, {""validation_file"": ""PN10-3.edf"", ""train_files"": [""PN10-1.edf"", ""PN10-10.edf"", ""PN10-2.edf"", ""PN10-4.5.6.edf""]}, {""validation_file"": ""PN10-4.5.6.edf"", ""train_files"": [""PN10-1.edf"", ""PN10-10.edf"", ""PN10-2.edf"", ""PN10-3.edf""]}]","[""PN10-1.edf"", ""PN10-10.edf"", ""PN10-2.edf"", ""PN10-3.edf"", ""PN10-4.5.6.edf""]",PN10,C1_RF,PN10-7.8.9.edf,nested
7,0,1,56,0,56,1160,52462,300,27,9785,42350,0,0.14285714285714285,4.7603305785123968,7,0,0,,,,,,0.027390791027154665,65,0.65000000000000002,False,False,"[{""validation_file"": ""PN10-1.edf"", ""train_files"": [""PN10-10.edf"", ""PN10-2.edf"", ""PN10-3.edf"", ""PN10-4.5.6.edf""]}, {""validation_file"": ""PN10-10.edf"", ""train_files"": [""PN10-1.edf"", ""PN10-2.edf"", ""PN10-3.edf"", ""PN10-4.5.6.edf""]}, {""validation_file"": ""PN10-2.edf"", ""train_files"": [""PN10-1.edf"", ""PN10-10.edf"", ""PN10-3.edf"", ""PN10-4.5.6.edf""]}, {""validation_file"": ""PN10-3.edf"", ""train_files"": [""PN10-1.edf"", ""PN10-10.edf"", ""PN10-2.edf"", ""PN10-4.5.6.edf""]}, {""validation_file"": ""PN10-4.5.6.edf"", ""train_files"": [""PN10-1.edf"", ""PN10-10.edf"", ""PN10-2.edf"", ""PN10-3.edf""]}]","[""PN10-1.edf"", ""PN10-10.edf"", ""PN10-2.edf"", ""PN10-3.edf"", ""PN10-4.5.6.edf""]",PN10,C1_RF,PN10-7.8.9.edf,nested
7,0,1,42,0,42,785,52462,300,27,9785,42350,0,0.14285714285714285,3.5702479338842976,7,0,0,,,,,,0.018536009445100355,50,0.69999999999999996,False,False,"[{""validation_file"": ""PN10-1.edf"", ""train_files"": [""PN10-10.edf"", ""PN10-2.edf"", ""PN10-3.edf"", ""PN10-4.5.6.edf""]}, {""validation_file"": ""PN10-10.edf"", ""train_files"": [""PN10-1.edf"", ""PN10-2.edf"", ""PN10-3.edf"", ""PN10-4.5.6.edf""]}, {""validation_file"": ""PN10-2.edf"", ""train_files"": [""PN10-1.edf"", ""PN10-10.edf"", ""PN10-3.edf"", ""PN10-4.5.6.edf""]}, {""validation_file"": ""PN10-3.edf"", ""train_files"": [""PN10-1.edf"", ""PN10-10.edf"", ""PN10-2.edf"", ""PN10-4.5.6.edf""]}, {""validation_file"": ""PN10-4.5.6.edf"", ""train_files"": [""PN10-1.edf"", ""PN10-10.edf"", ""PN10-2.edf"", ""PN10-3.edf""]}]","[""PN10-1.edf"", ""PN10-10.edf"", ""PN10-2.edf"", ""PN10-3.edf"", ""PN10-4.5.6.edf""]",PN10,C1_RF,PN10-7.8.9.edf,nested
7,0,0,31,0,31,470,52462,300,27,9785,42350,0,0,2.6351829988193622,7,0,0,,,,,,0.011097992916174734,50,0.75,False,False,"[{""validation_file"": ""PN10-1.edf"", ""train_files"": [""PN10-10.edf"", ""PN10-2.edf"", ""PN10-3.edf"", ""PN10-4.5.6.edf""]}, {""validation_file"": ""PN10-10.edf"", ""train_files"": [""PN10-1.edf"", ""PN10-2.edf"", ""PN10-3.edf"", ""PN10-4.5.6.edf""]}, {""validation_file"": ""PN10-2.edf"", ""train_files"": [""PN10-1.edf"", ""PN10-10.edf"", ""PN10-3.edf"", ""PN10-4.5.6.edf""]}, {""validation_file"": ""PN10-3.edf"", ""train_files"": [""PN10-1.edf"", ""PN10-10.edf"", ""PN10-2.edf"", ""PN10-4.5.6.edf""]}, {""validation_file"": ""PN10-4.5.6.edf"", ""train_files"": [""PN10-1.edf"", ""PN10-10.edf"", ""PN10-2.edf"", ""PN10-3.edf""]}]","[""PN10-1.edf"", ""PN10-10.edf"", ""PN10-2.edf"", ""PN10-3.edf"", ""PN10-4.5.6.edf""]",PN10,C1_RF,PN10-7.8.9.edf,nested
7,0,0,25,0,25,345,52462,300,27,9785,42350,0,0,2.1251475796930341,7,0,0,,,,,,0.0081463990554899654,35,0.80000000000000004,False,False,"[{""validation_file"": ""PN10-1.edf"", ""train_files"": [""PN10-10.edf"", ""PN10-2.edf"", ""PN10-3.edf"", ""PN10-4.5.6.edf""]}, {""validation_file"": ""PN10-10.edf"", ""train_files"": [""PN10-1.edf"", ""PN10-2.edf"", ""PN10-3.edf"", ""PN10-4.5.6.edf""]}, {""validation_file"": ""PN10-2.edf"", ""train_files"": [""PN10-1.edf"", ""PN10-10.edf"", ""PN10-3.edf"", ""PN10-4.5.6.edf""]}, {""validation_file"": ""PN10-3.edf"", ""train_files"": [""PN10-1.edf"", ""PN10-10.edf"", ""PN10-2.edf"", ""PN10-4.5.6.edf""]}, {""validation_file"": ""PN10-4.5.6.edf"", ""train_files"": [""PN10-1.edf"", ""PN10-10.edf"", ""PN10-2.edf"", ""PN10-3.edf""]}]","[""PN10-1.edf"", ""PN10-10.edf"", ""PN10-2.edf"", ""PN10-3.edf"", ""PN10-4.5.6.edf""]",PN10,C1_RF,PN10-7.8.9.edf,nested
7,0,0,13,0,13,165,52462,300,27,9785,42350,0,0,1.1050767414403777,7,0,0,,,,,,0.0038961038961038961,30,0.84999999999999998,False,False,"[{""validation_file"": ""PN10-1.edf"", ""train_files"": [""PN10-10.edf"", ""PN10-2.edf"", ""PN10-3.edf"", ""PN10-4.5.6.edf""]}, {""validation_file"": ""PN10-10.edf"", ""train_files"": [""PN10-1.edf"", ""PN10-2.edf"", ""PN10-3.edf"", ""PN10-4.5.6.edf""]}, {""validation_file"": ""PN10-2.edf"", ""train_files"": [""PN10-1.edf"", ""PN10-10.edf"", ""PN10-3.edf"", ""PN10-4.5.6.edf""]}, {""validation_file"": ""PN10-3.edf"", ""train_files"": [""PN10-1.edf"", ""PN10-10.edf"", ""PN10-2.edf"", ""PN10-4.5.6.edf""]}, {""validation_file"": ""PN10-4.5.6.edf"", ""train_files"": [""PN10-1.edf"", ""PN10-10.edf"", ""PN10-2.edf"", ""PN10-3.edf""]}]","[""PN10-1.edf"", ""PN10-10.edf"", ""PN10-2.edf"", ""PN10-3.edf"", ""PN10-4.5.6.edf""]",PN10,C1_RF,PN10-7.8.9.edf,nested
7,0,0,1,0,1,10,52462,300,27,9785,42350,0,0,0.085005903187721374,7,0,0,,,,,,0.00023612750885478159,10,0.90000000000000002,True,False,"[{""validation_file"": ""PN10-1.edf"", ""train_files"": [""PN10-10.edf"", ""PN10-2.edf"", ""PN10-3.edf"", ""PN10-4.5.6.edf""]}, {""validation_file"": ""PN10-10.edf"", ""train_files"": [""PN10-1.edf"", ""PN10-2.edf"", ""PN10-3.edf"", ""PN10-4.5.6.edf""]}, {""validation_file"": ""PN10-2.edf"", ""train_files"": [""PN10-1.edf"", ""PN10-10.edf"", ""PN10-3.edf"", ""PN10-4.5.6.edf""]}, {""validation_file"": ""PN10-3.edf"", ""train_files"": [""PN10-1.edf"", ""PN10-10.edf"", ""PN10-2.edf"", ""PN10-4.5.6.edf""]}, {""validation_file"": ""PN10-4.5.6.edf"", ""train_files"": [""PN10-1.edf"", ""PN10-10.edf"", ""PN10-2.edf"", ""PN10-3.edf""]}]","[""PN10-1.edf"", ""PN10-10.edf"", ""PN10-2.edf"", ""PN10-3.edf"", ""PN10-4.5.6.edf""]",PN10,C1_RF,PN10-7.8.9.edf,nested
7,0,0,0,0,0,0,52462,300,27,9785,42350,0,0,0,7,0,0,,,,,,0,0,0.94999999999999996,True,False,"[{""validation_file"": ""PN10-1.edf"", ""train_files"": [""PN10-10.edf"", ""PN10-2.edf"", ""PN10-3.edf"", ""PN10-4.5.6.edf""]}, {""validation_file"": ""PN10-10.edf"", ""train_files"": [""PN10-1.edf"", ""PN10-2.edf"", ""PN10-3.edf"", ""PN10-4.5.6.edf""]}, {""validation_file"": ""PN10-2.edf"", ""train_files"": [""PN10-1.edf"", ""PN10-10.edf"", ""PN10-3.edf"", ""PN10-4.5.6.edf""]}, {""validation_file"": ""PN10-3.edf"", ""train_files"": [""PN10-1.edf"", ""PN10-10.edf"", ""PN10-2.edf"", ""PN10-4.5.6.edf""]}, {""validation_file"": ""PN10-4.5.6.edf"", ""train_files"": [""PN10-1.edf"", ""PN10-10.edf"", ""PN10-2.edf"", ""PN10-3.edf""]}]","[""PN10-1.edf"", ""PN10-10.edf"", ""PN10-2.edf"", ""PN10-3.edf"", ""PN10-4.5.6.edf""]",PN10,C1_RF,PN10-7.8.9.edf,nested
7,0,0,0,0,0,0,52462,300,27,9785,42350,0,0,0,7,0,0,,,,,,0,0,1.01,True,True,"[{""validation_file"": ""PN10-1.edf"", ""train_files"": [""PN10-10.edf"", ""PN10-2.edf"", ""PN10-3.edf"", ""PN10-4.5.6.edf""]}, {""validation_file"": ""PN10-10.edf"", ""train_files"": [""PN10-1.edf"", ""PN10-2.edf"", ""PN10-3.edf"", ""PN10-4.5.6.edf""]}, {""validation_file"": ""PN10-2.edf"", ""train_files"": [""PN10-1.edf"", ""PN10-10.edf"", ""PN10-3.edf"", ""PN10-4.5.6.edf""]}, {""validation_file"": ""PN10-3.edf"", ""train_files"": [""PN10-1.edf"", ""PN10-10.edf"", ""PN10-2.edf"", ""PN10-4.5.6.edf""]}, {""validation_file"": ""PN10-4.5.6.edf"", ""train_files"": [""PN10-1.edf"", ""PN10-10.edf"", ""PN10-2.edf"", ""PN10-3.edf""]}]","[""PN10-1.edf"", ""PN10-10.edf"", ""PN10-2.edf"", ""PN10-3.edf"", ""PN10-4.5.6.edf""]",PN10,C1_RF,PN10-7.8.9.edf,nested
2,2,2,27,0,29,10854,12183,120,0,190,11873,1,1,8.1866419607512846,0,2,2,25.5,21.75,29.25,18,33,0.91417501895056008,5275,0.050000000000000003,False,False,"[{""validation_file"": ""PN12-3.edf"", ""train_files"": [""PN12-4.edf""]}, {""validation_file"": ""PN12-4.edf"", ""train_files"": [""PN12-3.edf""]}]","[""PN12-3.edf"", ""PN12-4.edf""]",PN12,C0_LR,PN12-1.2.edf,nested
2,2,2,29,0,31,10604,12183,120,0,190,11873,1,1,8.7930598837698977,0,2,2,35.5,34.25,36.75,33,38,0.89311884106796935,4340,0.10000000000000001,False,False,"[{""validation_file"": ""PN12-3.edf"", ""train_files"": [""PN12-4.edf""]}, {""validation_file"": ""PN12-4.edf"", ""train_files"": [""PN12-3.edf""]}]","[""PN12-3.edf"", ""PN12-4.edf""]",PN12,C0_LR,PN12-1.2.edf,nested
2,2,2,31,0,33,10464,12183,120,0,190,11873,1,1,9.3994778067885125,0,2,2,35.5,34.25,36.75,33,38,0.88132738145371847,4340,0.14999999999999999,False,False,"[{""validation_file"": ""PN12-3.edf"", ""train_files"": [""PN12-4.edf""]}, {""validation_file"": ""PN12-4.edf"", ""train_files"": [""PN12-3.edf""]}]","[""PN12-3.edf"", ""PN12-4.edf""]",PN12,C0_LR,PN12-1.2.edf,nested
2,2,2,30,0,32,10354,12183,120,0,190,11873,1,1,9.0962688452792051,0,2,2,38,38,38,38,38,0.87206266318537862,4340,0.20000000000000001,False,False,"[{""validation_file"": ""PN12-3.edf"", ""train_files"": [""PN12-4.edf""]}, {""validation_file"": ""PN12-4.edf"", ""train_files"": [""PN12-3.edf""]}]","[""PN12-3.edf"", ""PN12-4.edf""]",PN12,C0_LR,PN12-1.2.edf,nested
2,2,2,30,0,32,10324,12183,120,0,190,11873,1,1,9.0962688452792051,0,2,2,38,38,38,38,38,0.86953592183946771,4340,0.25,False,False,"[{""validation_file"": ""PN12-3.edf"", ""train_files"": [""PN12-4.edf""]}, {""validation_file"": ""PN12-4.edf"", ""train_files"": [""PN12-3.edf""]}]","[""PN12-3.edf"", ""PN12-4.edf""]",PN12,C0_LR,PN12-1.2.edf,nested
2,2,2,31,0,33,10224,12183,120,0,190,11873,1,1,9.3994778067885125,0,2,2,38,38,38,38,38,0.86111345068643141,4340,0.29999999999999999,False,False,"[{""validation_file"": ""PN12-3.edf"", ""train_files"": [""PN12-4.edf""]}, {""validation_file"": ""PN12-4.edf"", ""train_files"": [""PN12-3.edf""]}]","[""PN12-3.edf"", ""PN12-4.edf""]",PN12,C0_LR,PN12-1.2.edf,nested
2,2,2,32,0,34,10164,12183,120,0,190,11873,1,1,9.7026867682978182,0,2,2,38,38,38,38,38,0.85605996799460959,4340,0.34999999999999998,False,False,"[{""validation_file"": ""PN12-3.edf"", ""train_files"": [""PN12-4.edf""]}, {""validation_file"": ""PN12-4.edf"", ""train_files"": [""PN12-3.edf""]}]","[""PN12-3.edf"", ""PN12-4.edf""]",PN12,C0_LR,PN12-1.2.edf,nested
2,2,2,35,0,37,10074,12183,120,0,190,11873,1,1,10.612313652825739,0,2,2,38,38,38,38,38,0.84847974395687698,2410,0.40000000000000002,False,False,"[{""validation_file"": ""PN12-3.edf"", ""train_files"": [""PN12-4.edf""]}, {""validation_file"": ""PN12-4.edf"", ""train_files"": [""PN12-3.edf""]}]","[""PN12-3.edf"", ""PN12-4.edf""]",PN12,C0_LR,PN12-1.2.edf,nested
2,2,2,37,0,39,10009,12183,120,0,190,11873,1,1,11.218731575844354,0,2,2,38,38,38,38,38,0.84300513770740337,2410,0.45000000000000001,False,False,"[{""validation_file"": ""PN12-3.edf"", ""train_files"": [""PN12-4.edf""]}, {""validation_file"": ""PN12-4.edf"", ""train_files"": [""PN12-3.edf""]}]","[""PN12-3.edf"", ""PN12-4.edf""]",PN12,C0_LR,PN12-1.2.edf,nested
2,2,2,40,0,42,9924,12183,120,0,190,11873,1,1,12.128358460372274,0,2,2,40.5,39.25,41.75,38,43,0.83584603722732254,2410,0.5,False,False,"[{""validation_file"": ""PN12-3.edf"", ""train_files"": [""PN12-4.edf""]}, {""validation_file"": ""PN12-4.edf"", ""train_files"": [""PN12-3.edf""]}]","[""PN12-3.edf"", ""PN12-4.edf""]",PN12,C0_LR,PN12-1.2.edf,nested
2,2,2,41,0,43,9869,12183,120,0,190,11873,1,1,12.43156742188158,0,2,2,40.5,39.25,41.75,38,43,0.8312136780931525,2400,0.55000000000000004,False,False,"[{""validation_file"": ""PN12-3.edf"", ""train_files"": [""PN12-4.edf""]}, {""validation_file"": ""PN12-4.edf"", ""train_files"": [""PN12-3.edf""]}]","[""PN12-3.edf"", ""PN12-4.edf""]",PN12,C0_LR,PN12-1.2.edf,nested
2,2,2,42,0,44,9804,12183,120,0,190,11873,1,1,12.734776383390887,0,2,2,40.5,39.25,41.75,38,43,0.8257390718436789,2400,0.59999999999999998,False,False,"[{""validation_file"": ""PN12-3.edf"", ""train_files"": [""PN12-4.edf""]}, {""validation_file"": ""PN12-4.edf"", ""train_files"": [""PN12-3.edf""]}]","[""PN12-3.edf"", ""PN12-4.edf""]",PN12,C0_LR,PN12-1.2.edf,nested
2,2,2,43,0,45,9729,12183,120,0,190,11873,1,1,13.037985344900195,0,2,2,40.5,39.25,41.75,38,43,0.81942221847890173,2400,0.65000000000000002,False,False,"[{""validation_file"": ""PN12-3.edf"", ""train_files"": [""PN12-4.edf""]}, {""validation_file"": ""PN12-4.edf"", ""train_files"": [""PN12-3.edf""]}]","[""PN12-3.edf"", ""PN12-4.edf""]",PN12,C0_LR,PN12-1.2.edf,nested
2,2,2,51,0,53,9529,12183,120,0,190,11873,1,1,15.463657036974649,0,2,2,40.5,39.25,41.75,38,43,0.80257727617282915,2400,0.69999999999999996,False,False,"[{""validation_file"": ""PN12-3.edf"", ""train_files"": [""PN12-4.edf""]}, {""validation_file"": ""PN12-4.edf"", ""train_files"": [""PN12-3.edf""]}]","[""PN12-3.edf"", ""PN12-4.edf""]",PN12,C0_LR,PN12-1.2.edf,nested
2,2,2,53,0,55,9339,12183,120,0,190,11873,1,1,16.070074959993264,0,2,2,43,43,43,43,43,0.78657458098206012,2400,0.75,False,False,"[{""validation_file"": ""PN12-3.edf"", ""train_files"": [""PN12-4.edf""]}, {""validation_file"": ""PN12-4.edf"", ""train_files"": [""PN12-3.edf""]}]","[""PN12-3.edf"", ""PN12-4.edf""]",PN12,C0_LR,PN12-1.2.edf,nested
2,2,2,56,0,58,9199,12183,120,0,190,11873,1,1,16.979701844521184,0,2,2,43,43,43,43,43,0.77478312136780936,2400,0.80000000000000004,False,False,"[{""validation_file"": ""PN12-3.edf"", ""train_files"": [""PN12-4.edf""]}, {""validation_file"": ""PN12-4.edf"", ""train_files"": [""PN12-3.edf""]}]","[""PN12-3.edf"", ""PN12-4.edf""]",PN12,C0_LR,PN12-1.2.edf,nested
2,2,2,49,0,51,8880,12183,120,0,190,11873,1,1,14.857239113956036,0,2,2,45.5,44.25,46.75,43,48,0.74791543838962349,2395,0.84999999999999998,False,False,"[{""validation_file"": ""PN12-3.edf"", ""train_files"": [""PN12-4.edf""]}, {""validation_file"": ""PN12-4.edf"", ""train_files"": [""PN12-3.edf""]}]","[""PN12-3.edf"", ""PN12-4.edf""]",PN12,C0_LR,PN12-1.2.edf,nested
2,2,2,50,0,52,8390,12183,120,0,190,11873,1,1,15.160448075465341,0,2,2,48,48,48,48,48,0.70664532973974559,2135,0.90000000000000002,False,False,"[{""validation_file"": ""PN12-3.edf"", ""train_files"": [""PN12-4.edf""]}, {""validation_file"": ""PN12-4.edf"", ""train_files"": [""PN12-3.edf""]}]","[""PN12-3.edf"", ""PN12-4.edf""]",PN12,C0_LR,PN12-1.2.edf,nested
2,2,2,63,0,65,7565,12183,120,0,190,11873,1,1,19.102164575086331,0,2,2,48,48,48,48,48,0.63715994272719612,955,0.94999999999999996,False,False,"[{""validation_file"": ""PN12-3.edf"", ""train_files"": [""PN12-4.edf""]}, {""validation_file"": ""PN12-4.edf"", ""train_files"": [""PN12-3.edf""]}]","[""PN12-3.edf"", ""PN12-4.edf""]",PN12,C0_LR,PN12-1.2.edf,nested
2,0,0,0,0,0,0,12183,120,0,190,11873,0,0,0,2,0,0,,,,,,0,0,1.01,True,True,"[{""validation_file"": ""PN12-3.edf"", ""train_files"": [""PN12-4.edf""]}, {""validation_file"": ""PN12-4.edf"", ""train_files"": [""PN12-3.edf""]}]","[""PN12-3.edf"", ""PN12-4.edf""]",PN12,C0_LR,PN12-1.2.edf,nested
3,2,2,103,0,105,9590,19968,120,0,1029,18819,0.66666666666666663,0.66666666666666663,19.703491152558584,1,2,2,24,23.5,24.5,23,25,0.50959137042350811,1075,0.050000000000000003,False,False,"[{""validation_file"": ""PN12-1.2.edf"", ""train_files"": [""PN12-4.edf""]}, {""validation_file"": ""PN12-4.edf"", ""train_files"": [""PN12-1.2.edf""]}]","[""PN12-1.2.edf"", ""PN12-4.edf""]",PN12,C0_LR,PN12-3.edf,nested
3,2,2,117,1,119,7975,19968,120,0,1029,18819,0.66666666666666663,0.66666666666666663,22.381635581061694,1,2,2,19,17,21,15,23,0.42377384558159309,1075,0.10000000000000001,False,False,"[{""validation_file"": ""PN12-1.2.edf"", ""train_files"": [""PN12-4.edf""]}, {""validation_file"": ""PN12-4.edf"", ""train_files"": [""PN12-1.2.edf""]}]","[""PN12-1.2.edf"", ""PN12-4.edf""]",PN12,C0_LR,PN12-3.edf,nested
3,2,2,112,1,114,6985,19968,120,0,1029,18819,0.66666666666666663,0.66666666666666663,21.425155428024869,1,2,2,19,17,21,15,23,0.37116743716456774,1075,0.14999999999999999,False,False,"[{""validation_file"": ""PN12-1.2.edf"", ""train_files"": [""PN12-4.edf""]}, {""validation_file"": ""PN12-4.edf"", ""train_files"": [""PN12-1.2.edf""]}]","[""PN12-1.2.edf"", ""PN12-4.edf""]",PN12,C0_LR,PN12-3.edf,nested
3,2,2,103,1,105,6145,19968,120,0,1029,18819,0.66666666666666663,0.66666666666666663,19.703491152558584,1,2,2,19,17,21,15,23,0.32653169668951593,1075,0.20000000000000001,False,False,"[{""validation_file"": ""PN12-1.2.edf"", ""train_files"": [""PN12-4.edf""]}, {""validation_file"": ""PN12-4.edf"", ""train_files"": [""PN12-1.2.edf""]}]","[""PN12-1.2.edf"", ""PN12-4.edf""]",PN12,C0_LR,PN12-3.edf,nested
3,2,2,95,1,97,5520,19968,120,0,1029,18819,0.66666666666666663,0.66666666666666663,18.173122907699664,1,2,2,21.5,18.25,24.75,15,28,0.29332058026462615,1075,0.25,False,False,"[{""validation_file"": ""PN12-1.2.edf"", ""train_files"": [""PN12-4.edf""]}, {""validation_file"": ""PN12-4.edf"", ""train_files"": [""PN12-1.2.edf""]}]","[""PN12-1.2.edf"", ""PN12-4.edf""]",PN12,C0_LR,PN12-3.edf,nested
3,2,2,92,1,94,4990,19968,120,0,1029,18819,0.66666666666666663,0.66666666666666663,17.599234815877569,1,2,2,21.5,18.25,24.75,15,28,0.2651575535363197,1075,0.29999999999999999,False,False,"[{""validation_file"": ""PN12-1.2.edf"", ""train_files"": [""PN12-4.edf""]}, {""validation_file"": ""PN12-4.edf"", ""train_files"": [""PN12-1.2.edf""]}]","[""PN12-1.2.edf"", ""PN12-4.edf""]",PN12,C0_LR,PN12-3.edf,nested
3,2,2,85,1,87,4660,19968,120,0,1029,18819,0.66666666666666663,0.66666666666666663,16.260162601626018,1,2,2,21.5,18.25,24.75,15,28,0.2476220840639779,1075,0.34999999999999998,False,False,"[{""validation_file"": ""PN12-1.2.edf"", ""train_files"": [""PN12-4.edf""]}, {""validation_file"": ""PN12-4.edf"", ""train_files"": [""PN12-1.2.edf""]}]","[""PN12-1.2.edf"", ""PN12-4.edf""]",PN12,C0_LR,PN12-3.edf,nested
3,2,2,82,1,84,4330,19968,120,0,1029,18819,0.66666666666666663,0.66666666666666663,15.686274509803921,1,2,2,21.5,18.25,24.75,15,28,0.23008661459163612,1075,0.40000000000000002,False,False,"[{""validation_file"": ""PN12-1.2.edf"", ""train_files"": [""PN12-4.edf""]}, {""validation_file"": ""PN12-4.edf"", ""train_files"": [""PN12-1.2.edf""]}]","[""PN12-1.2.edf"", ""PN12-4.edf""]",PN12,C0_LR,PN12-3.edf,nested
3,2,2,80,1,82,4050,19968,120,0,1029,18819,0.66666666666666663,0.66666666666666663,15.303682448589191,1,2,2,21.5,18.25,24.75,15,28,0.21520803443328551,1075,0.45000000000000001,False,False,"[{""validation_file"": ""PN12-1.2.edf"", ""train_files"": [""PN12-4.edf""]}, {""validation_file"": ""PN12-4.edf"", ""train_files"": [""PN12-1.2.edf""]}]","[""PN12-1.2.edf"", ""PN12-4.edf""]",PN12,C0_LR,PN12-3.edf,nested
3,2,2,76,1,78,3790,19968,120,0,1029,18819,0.66666666666666663,0.66666666666666663,14.538498326159733,1,2,2,21.5,18.25,24.75,15,28,0.20139221000053137,1075,0.5,False,False,"[{""validation_file"": ""PN12-1.2.edf"", ""train_files"": [""PN12-4.edf""]}, {""validation_file"": ""PN12-4.edf"", ""train_files"": [""PN12-1.2.edf""]}]","[""PN12-1.2.edf"", ""PN12-4.edf""]",PN12,C0_LR,PN12-3.edf,nested
3,2,2,66,1,68,3580,19968,120,0,1029,18819,0.66666666666666663,0.66666666666666663,12.625538020086083,1,2,2,21.5,18.25,24.75,15,28,0.19023327488176842,1075,0.55000000000000004,False,False,"[{""validation_file"": ""PN12-1.2.edf"", ""train_files"": [""PN12-4.edf""]}, {""validation_file"": ""PN12-4.edf"", ""train_files"": [""PN12-1.2.edf""]}]","[""PN12-1.2.edf"", ""PN12-4.edf""]",PN12,C0_LR,PN12-3.edf,nested
3,2,2,59,1,61,3305,19968,120,0,1029,18819,0.66666666666666663,0.66666666666666663,11.28646580583453,1,2,2,21.5,18.25,24.75,15,28,0.17562038365481694,1075,0.59999999999999998,False,False,"[{""validation_file"": ""PN12-1.2.edf"", ""train_files"": [""PN12-4.edf""]}, {""validation_file"": ""PN12-4.edf"", ""train_files"": [""PN12-1.2.edf""]}]","[""PN12-1.2.edf"", ""PN12-4.edf""]",PN12,C0_LR,PN12-3.edf,nested
3,2,2,49,1,51,3005,19968,120,0,1029,18819,0.66666666666666663,0.66666666666666663,9.3735054997608795,1,2,2,21.5,18.25,24.75,15,28,0.15967904777086986,1075,0.65000000000000002,False,False,"[{""validation_file"": ""PN12-1.2.edf"", ""train_files"": [""PN12-4.edf""]}, {""validation_file"": ""PN12-4.edf"", ""train_files"": [""PN12-1.2.edf""]}]","[""PN12-1.2.edf"", ""PN12-4.edf""]",PN12,C0_LR,PN12-3.edf,nested
3,2,2,42,1,44,2805,19968,120,0,1029,18819,0.66666666666666663,0.66666666666666663,8.0344332855093263,1,2,2,21.5,18.25,24.75,15,28,0.14905149051490515,1075,0.69999999999999996,False,False,"[{""validation_file"": ""PN12-1.2.edf"", ""train_files"": [""PN12-4.edf""]}, {""validation_file"": ""PN12-4.edf"", ""train_files"": [""PN12-1.2.edf""]}]","[""PN12-1.2.edf"", ""PN12-4.edf""]",PN12,C0_LR,PN12-3.edf,nested
3,2,2,41,1,43,2635,19968,120,0,1029,18819,0.66666666666666663,0.66666666666666663,7.8431372549019605,1,2,2,21.5,18.25,24.75,15,28,0.14001806684733514,1075,0.75,False,False,"[{""validation_file"": ""PN12-1.2.edf"", ""train_files"": [""PN12-4.edf""]}, {""validation_file"": ""PN12-4.edf"", ""train_files"": [""PN12-1.2.edf""]}]","[""PN12-1.2.edf"", ""PN12-4.edf""]",PN12,C0_LR,PN12-3.edf,nested
3,2,2,34,0,36,2430,19968,120,0,1029,18819,0.66666666666666663,0.66666666666666663,6.5040650406504064,1,2,2,34,33.5,34.5,33,35,0.1291248206599713,1075,0.80000000000000004,False,False,"[{""validation_file"": ""PN12-1.2.edf"", ""train_files"": [""PN12-4.edf""]}, {""validation_file"": ""PN12-4.edf"", ""train_files"": [""PN12-1.2.edf""]}]","[""PN12-1.2.edf"", ""PN12-4.edf""]",PN12,C0_LR,PN12-3.edf,nested
3,2,2,23,0,25,2225,19968,120,0,1029,18819,0.66666666666666663,0.66666666666666663,4.3998087039693923,1,2,2,34,33.5,34.5,33,35,0.11823157447260747,1075,0.84999999999999998,False,False,"[{""validation_file"": ""PN12-1.2.edf"", ""train_files"": [""PN12-4.edf""]}, {""validation_file"": ""PN12-4.edf"", ""train_files"": [""PN12-1.2.edf""]}]","[""PN12-1.2.edf"", ""PN12-4.edf""]",PN12,C0_LR,PN12-3.edf,nested
3,2,2,21,0,23,2120,19968,120,0,1029,18819,0.66666666666666663,0.66666666666666663,4.0172166427546632,1,2,2,34,33.5,34.5,33,35,0.112652106913226,1075,0.90000000000000002,False,False,"[{""validation_file"": ""PN12-1.2.edf"", ""train_files"": [""PN12-4.edf""]}, {""validation_file"": ""PN12-4.edf"", ""train_files"": [""PN12-1.2.edf""]}]","[""PN12-1.2.edf"", ""PN12-4.edf""]",PN12,C0_LR,PN12-3.edf,nested
3,2,2,15,0,17,1960,19968,120,0,1029,18819,0.66666666666666663,0.66666666666666663,2.8694404591104736,1,2,2,34,33.5,34.5,33,35,0.10415006110845422,1075,0.94999999999999996,False,False,"[{""validation_file"": ""PN12-1.2.edf"", ""train_files"": [""PN12-4.edf""]}, {""validation_file"": ""PN12-4.edf"", ""train_files"": [""PN12-1.2.edf""]}]","[""PN12-1.2.edf"", ""PN12-4.edf""]",PN12,C0_LR,PN12-3.edf,nested
3,0,0,0,0,0,0,19968,120,0,1029,18819,0,0,0,3,0,0,,,,,,0,0,1.01,True,True,"[{""validation_file"": ""PN12-1.2.edf"", ""train_files"": [""PN12-4.edf""]}, {""validation_file"": ""PN12-4.edf"", ""train_files"": [""PN12-1.2.edf""]}]","[""PN12-1.2.edf"", ""PN12-4.edf""]",PN12,C0_LR,PN12-3.edf,nested
3,2,3,103,0,105,7335,11763,120,0,1219,10424,0.66666666666666663,1,35.57175748273216,1,2,2,21.5,19.75,23.25,18,25,0.70366462010744435,1180,0.050000000000000003,False,False,"[{""validation_file"": ""PN12-1.2.edf"", ""train_files"": [""PN12-3.edf""]}, {""validation_file"": ""PN12-3.edf"", ""train_files"": [""PN12-1.2.edf""]}]","[""PN12-1.2.edf"", ""PN12-3.edf""]",PN12,C0_LR,PN12-4.edf,nested
3,2,3,103,1,105,6545,11763,120,0,1219,10424,0.66666666666666663,1,35.57175748273216,1,2,2,14,9.5,18.5,5,23,0.6278779739063699,1180,0.10000000000000001,False,False,"[{""validation_file"": ""PN12-1.2.edf"", ""train_files"": [""PN12-3.edf""]}, {""validation_file"": ""PN12-3.edf"", ""train_files"": [""PN12-1.2.edf""]}]","[""PN12-1.2.edf"", ""PN12-3.edf""]",PN12,C0_LR,PN12-4.edf,nested
3,2,3,100,1,102,6160,11763,120,0,1219,10424,0.66666666666666663,1,34.535686876438987,1,2,2,16.5,13.25,19.75,10,23,0.59094397544128929,1180,0.14999999999999999,False,False,"[{""validation_file"": ""PN12-1.2.edf"", ""train_files"": [""PN12-3.edf""]}, {""validation_file"": ""PN12-3.edf"", ""train_files"": [""PN12-1.2.edf""]}]","[""PN12-1.2.edf"", ""PN12-3.edf""]",PN12,C0_LR,PN12-4.edf,nested
3,2,3,101,0,103,5850,11763,120,0,1219,10424,0.66666666666666663,1,34.881043745203378,1,2,2,24,23.5,24.5,23,25,0.56120491174213349,1180,0.20000000000000001,False,False,"[{""validation_file"": ""PN12-1.2.edf"", ""train_files"": [""PN12-3.edf""]}, {""validation_file"": ""PN12-3.edf"", ""train_files"": [""PN12-1.2.edf""]}]","[""PN12-1.2.edf"", ""PN12-3.edf""]",PN12,C0_LR,PN12-4.edf,nested
3,2,3,105,0,107,5515,11763,120,0,1219,10424,0.66666666666666663,1,36.262471220260935,1,2,2,24,23.5,24.5,23,25,0.52906753645433613,1180,0.25,False,False,"[{""validation_file"": ""PN12-1.2.edf"", ""train_files"": [""PN12-3.edf""]}, {""validation_file"": ""PN12-3.edf"", ""train_files"": [""PN12-1.2.edf""]}]","[""PN12-1.2.edf"", ""PN12-3.edf""]",PN12,C0_LR,PN12-4.edf,nested
3,2,3,98,0,100,5185,11763,120,0,1219,10424,0.66666666666666663,1,33.844973138910206,1,2,2,24,23.5,24.5,23,25,0.4974098234842671,1180,0.29999999999999999,False,False,"[{""validation_file"": ""PN12-1.2.edf"", ""train_files"": [""PN12-3.edf""]}, {""validation_file"": ""PN12-3.edf"", ""train_files"": [""PN12-1.2.edf""]}]","[""PN12-1.2.edf"", ""PN12-3.edf""]",PN12,C0_LR,PN12-4.edf,nested
3,2,3,89,0,91,4920,11763,120,0,1219,10424,0.66666666666666663,1,30.736761320030698,1,2,2,24,23.5,24.5,23,25,0.47198772064466615,1180,0.34999999999999998,False,False,"[{""validation_file"": ""PN12-1.2.edf"", ""train_files"": [""PN12-3.edf""]}, {""validation_file"": ""PN12-3.edf"", ""train_files"": [""PN12-1.2.edf""]}]","[""PN12-1.2.edf"", ""PN12-3.edf""]",PN12,C0_LR,PN12-4.edf,nested
3,2,3,84,0,86,4705,11763,120,0,1219,10424,0.66666666666666663,1,29.009976976208748,1,2,2,24,23.5,24.5,23,25,0.45136224098234845,750,0.40000000000000002,False,False,"[{""validation_file"": ""PN12-1.2.edf"", ""train_files"": [""PN12-3.edf""]}, {""validation_file"": ""PN12-3.edf"", ""train_files"": [""PN12-1.2.edf""]}]","[""PN12-1.2.edf"", ""PN12-3.edf""]",PN12,C0_LR,PN12-4.edf,nested
3,2,3,79,0,81,4550,11763,120,0,1219,10424,0.66666666666666663,1,27.2831926323868,1,2,2,29,28.5,29.5,28,30,0.43649270913277055,750,0.45000000000000001,False,False,"[{""validation_file"": ""PN12-1.2.edf"", ""train_files"": [""PN12-3.edf""]}, {""validation_file"": ""PN12-3.edf"", ""train_files"": [""PN12-1.2.edf""]}]","[""PN12-1.2.edf"", ""PN12-3.edf""]",PN12,C0_LR,PN12-4.edf,nested
3,2,3,79,0,81,4420,11763,120,0,1219,10424,0.66666666666666663,1,27.2831926323868,1,2,2,29,28.5,29.5,28,30,0.42402148887183422,750,0.5,False,False,"[{""validation_file"": ""PN12-1.2.edf"", ""train_files"": [""PN12-3.edf""]}, {""validation_file"": ""PN12-3.edf"", ""train_files"": [""PN12-1.2.edf""]}]","[""PN12-1.2.edf"", ""PN12-3.edf""]",PN12,C0_LR,PN12-4.edf,nested
3,2,3,79,0,81,4280,11763,120,0,1219,10424,0.66666666666666663,1,27.2831926323868,1,2,2,29,28.5,29.5,28,30,0.41059094397544127,750,0.55000000000000004,False,False,"[{""validation_file"": ""PN12-1.2.edf"", ""train_files"": [""PN12-3.edf""]}, {""validation_file"": ""PN12-3.edf"", ""train_files"": [""PN12-1.2.edf""]}]","[""PN12-1.2.edf"", ""PN12-3.edf""]",PN12,C0_LR,PN12-4.edf,nested
3,2,3,79,0,81,4115,11763,120,0,1219,10424,0.66666666666666663,1,27.2831926323868,1,2,2,29,28.5,29.5,28,30,0.39476208749040675,750,0.59999999999999998,False,False,"[{""validation_file"": ""PN12-1.2.edf"", ""train_files"": [""PN12-3.edf""]}, {""validation_file"": ""PN12-3.edf"", ""train_files"": [""PN12-1.2.edf""]}]","[""PN12-1.2.edf"", ""PN12-3.edf""]",PN12,C0_LR,PN12-4.edf,nested
3,2,3,76,0,78,3930,11763,120,0,1219,10424,0.66666666666666663,1,26.247122026093631,1,2,2,29,28.5,29.5,28,30,0.37701458173445895,750,0.65000000000000002,False,False,"[{""validation_file"": ""PN12-1.2.edf"", ""train_files"": [""PN12-3.edf""]}, {""validation_file"": ""PN12-3.edf"", ""train_files"": [""PN12-1.2.edf""]}]","[""PN12-1.2.edf"", ""PN12-3.edf""]",PN12,C0_LR,PN12-4.edf,nested
3,2,3,71,0,73,3770,11763,120,0,1219,10424,0.66666666666666663,1,24.520337682271681,1,2,2,29,28.5,29.5,28,30,0.36166538756715272,750,0.69999999999999996,False,False,"[{""validation_file"": ""PN12-1.2.edf"", ""train_files"": [""PN12-3.edf""]}, {""validation_file"": ""PN12-3.edf"", ""train_files"": [""PN12-1.2.edf""]}]","[""PN12-1.2.edf"", ""PN12-3.edf""]",PN12,C0_LR,PN12-4.edf,nested
3,2,3,63,0,65,3530,11763,120,0,1219,10424,0.66666666666666663,1,21.757482732156561,1,2,2,29,28.5,29.5,28,30,0.33864159631619339,750,0.75,False,False,"[{""validation_file"": ""PN12-1.2.edf"", ""train_files"": [""PN12-3.edf""]}, {""validation_file"": ""PN12-3.edf"", ""train_files"": [""PN12-1.2.edf""]}]","[""PN12-1.2.edf"", ""PN12-3.edf""]",PN12,C0_LR,PN12-4.edf,nested
3,2,3,62,0,64,3285,11763,120,0,1219,10424,0.66666666666666663,1,21.412125863392173,1,2,2,31.5,30.75,32.25,30,33,0.31513814274750573,750,0.80000000000000004,False,False,"[{""validation_file"": ""PN12-1.2.edf"", ""train_files"": [""PN12-3.edf""]}, {""validation_file"": ""PN12-3.edf"", ""train_files"": [""PN12-1.2.edf""]}]","[""PN12-1.2.edf"", ""PN12-3.edf""]",PN12,C0_LR,PN12-4.edf,nested
3,2,3,55,0,57,3015,11763,120,0,1219,10424,0.66666666666666663,1,18.994627782041444,1,2,2,31.5,30.75,32.25,30,33,0.28923637759017651,750,0.84999999999999998,False,False,"[{""validation_file"": ""PN12-1.2.edf"", ""train_files"": [""PN12-3.edf""]}, {""validation_file"": ""PN12-3.edf"", ""train_files"": [""PN12-1.2.edf""]}]","[""PN12-1.2.edf"", ""PN12-3.edf""]",PN12,C0_LR,PN12-4.edf,nested
3,2,3,48,0,50,2785,11763,120,0,1219,10424,0.66666666666666663,1,16.577129700690715,1,2,2,31.5,30.75,32.25,30,33,0.26717191097467385,750,0.90000000000000002,False,False,"[{""validation_file"": ""PN12-1.2.edf"", ""train_files"": [""PN12-3.edf""]}, {""validation_file"": ""PN12-3.edf"", ""train_files"": [""PN12-1.2.edf""]}]","[""PN12-1.2.edf"", ""PN12-3.edf""]",PN12,C0_LR,PN12-4.edf,nested
3,1,2,38,0,39,2340,11763,120,0,1219,10424,0.33333333333333331,0.66666666666666663,13.123561013046816,2,1,1,33,33,33,33,33,0.22448196469685341,750,0.94999999999999996,False,False,"[{""validation_file"": ""PN12-1.2.edf"", ""train_files"": [""PN12-3.edf""]}, {""validation_file"": ""PN12-3.edf"", ""train_files"": [""PN12-1.2.edf""]}]","[""PN12-1.2.edf"", ""PN12-3.edf""]",PN12,C0_LR,PN12-4.edf,nested
3,0,0,0,0,0,0,11763,120,0,1219,10424,0,0,0,3,0,0,,,,,,0,0,1.01,True,True,"[{""validation_file"": ""PN12-1.2.edf"", ""train_files"": [""PN12-3.edf""]}, {""validation_file"": ""PN12-3.edf"", ""train_files"": [""PN12-1.2.edf""]}]","[""PN12-1.2.edf"", ""PN12-3.edf""]",PN12,C0_LR,PN12-4.edf,nested
2,1,2,22,0,23,10705,12183,120,0,190,11873,0.5,1,6.6705971532047501,1,1,1,38,38,38,38,38,0.901625536932536,5420,0.050000000000000003,False,False,"[{""validation_file"": ""PN12-3.edf"", ""train_files"": [""PN12-4.edf""]}, {""validation_file"": ""PN12-4.edf"", ""train_files"": [""PN12-3.edf""]}]","[""PN12-3.edf"", ""PN12-4.edf""]",PN12,C1_RF,PN12-1.2.edf,nested
2,2,2,23,0,25,10390,12183,120,0,190,11873,1,1,6.9738061147140575,0,2,2,20.5,11.75,29.25,3,38,0.87509475280047166,5370,0.10000000000000001,False,False,"[{""validation_file"": ""PN12-3.edf"", ""train_files"": [""PN12-4.edf""]}, {""validation_file"": ""PN12-4.edf"", ""train_files"": [""PN12-3.edf""]}]","[""PN12-3.edf"", ""PN12-4.edf""]",PN12,C1_RF,PN12-1.2.edf,nested
2,2,2,28,0,30,10190,12183,120,0,190,11873,1,1,8.489850922260592,0,2,2,33,30.5,35.5,28,38,0.85824981049439908,2935,0.14999999999999999,False,False,"[{""validation_file"": ""PN12-3.edf"", ""train_files"": [""PN12-4.edf""]}, {""validation_file"": ""PN12-4.edf"", ""train_files"": [""PN12-3.edf""]}]","[""PN12-3.edf"", ""PN12-4.edf""]",PN12,C1_RF,PN12-1.2.edf,nested
2,2,2,29,0,31,10070,12183,120,0,190,11873,1,1,8.7930598837698977,0,2,2,35.5,31.75,39.25,28,43,0.84814284511075555,2395,0.20000000000000001,False,False,"[{""validation_file"": ""PN12-3.edf"", ""train_files"": [""PN12-4.edf""]}, {""validation_file"": ""PN12-4.edf"", ""train_files"": [""PN12-3.edf""]}]","[""PN12-3.edf"", ""PN12-4.edf""]",PN12,C1_RF,PN12-1.2.edf,nested
2,2,2,37,0,39,9830,12183,120,0,190,11873,1,1,11.218731575844354,0,2,2,35.5,31.75,39.25,28,43,0.82792891434346838,2280,0.25,False,False,"[{""validation_file"": ""PN12-3.edf"", ""train_files"": [""PN12-4.edf""]}, {""validation_file"": ""PN12-4.edf"", ""train_files"": [""PN12-3.edf""]}]","[""PN12-3.edf"", ""PN12-4.edf""]",PN12,C1_RF,PN12-1.2.edf,nested
2,2,2,42,0,44,9415,12183,120,0,190,11873,1,1,12.734776383390887,0,2,2,35.5,31.75,39.25,28,43,0.79297565905836775,1475,0.29999999999999999,False,False,"[{""validation_file"": ""PN12-3.edf"", ""train_files"": [""PN12-4.edf""]}, {""validation_file"": ""PN12-4.edf"", ""train_files"": [""PN12-3.edf""]}]","[""PN12-3.edf"", ""PN12-4.edf""]",PN12,C1_RF,PN12-1.2.edf,nested
2,2,2,49,0,51,8790,12183,120,0,190,11873,1,1,14.857239113956036,0,2,2,38,35.5,40.5,33,43,0.74033521435189087,1440,0.34999999999999998,False,False,"[{""validation_file"": ""PN12-3.edf"", ""train_files"": [""PN12-4.edf""]}, {""validation_file"": ""PN12-4.edf"", ""train_files"": [""PN12-3.edf""]}]","[""PN12-3.edf"", ""PN12-4.edf""]",PN12,C1_RF,PN12-1.2.edf,nested
2,2,2,52,0,54,8415,12183,120,0,190,11873,1,1,15.766865998483954,0,2,2,38,35.5,40.5,33,43,0.70875094752800472,1435,0.40000000000000002,False,False,"[{""validation_file"": ""PN12-3.edf"", ""train_files"": [""PN12-4.edf""]}, {""validation_file"": ""PN12-4.edf"", ""train_files"": [""PN12-3.edf""]}]","[""PN12-3.edf"", ""PN12-4.edf""]",PN12,C1_RF,PN12-1.2.edf,nested
2,2,2,54,0,56,8105,12183,120,0,190,11873,1,1,16.373283921502569,0,2,2,38,35.5,40.5,33,43,0.68264128695359216,1430,0.45000000000000001,False,False,"[{""validation_file"": ""PN12-3.edf"", ""train_files"": [""PN12-4.edf""]}, {""validation_file"": ""PN12-4.edf"", ""train_files"": [""PN12-3.edf""]}]","[""PN12-3.edf"", ""PN12-4.edf""]",PN12,C1_RF,PN12-1.2.edf,nested
2,2,2,59,0,61,7710,12183,120,0,190,11873,1,1,17.889328729049105,0,2,2,38,35.5,40.5,33,43,0.64937252589909877,570,0.5,False,False,"[{""validation_file"": ""PN12-3.edf"", ""train_files"": [""PN12-4.edf""]}, {""validation_file"": ""PN12-4.edf"", ""train_files"": [""PN12-3.edf""]}]","[""PN12-3.edf"", ""PN12-4.edf""]",PN12,C1_RF,PN12-1.2.edf,nested
2,2,2,59,0,61,7155,12183,120,0,190,11873,1,1,17.889328729049105,0,2,2,38,35.5,40.5,33,43,0.60262781099974727,565,0.55000000000000004,False,False,"[{""validation_file"": ""PN12-3.edf"", ""train_files"": [""PN12-4.edf""]}, {""validation_file"": ""PN12-4.edf"", ""train_files"": [""PN12-3.edf""]}]","[""PN12-3.edf"", ""PN12-4.edf""]",PN12,C1_RF,PN12-1.2.edf,nested
2,2,2,67,0,69,6475,12183,120,0,190,11873,1,1,20.315000421123557,0,2,2,40.5,36.75,44.25,33,48,0.54535500715910046,560,0.59999999999999998,False,False,"[{""validation_file"": ""PN12-3.edf"", ""train_files"": [""PN12-4.edf""]}, {""validation_file"": ""PN12-4.edf"", ""train_files"": [""PN12-3.edf""]}]","[""PN12-3.edf"", ""PN12-4.edf""]",PN12,C1_RF,PN12-1.2.edf,nested
2,2,2,70,0,72,5395,12183,120,0,190,11873,1,1,21.224627305651477,0,2,2,43,40.5,45.5,38,48,0.45439231870630842,545,0.65000000000000002,False,False,"[{""validation_file"": ""PN12-3.edf"", ""train_files"": [""PN12-4.edf""]}, {""validation_file"": ""PN12-4.edf"", ""train_files"": [""PN12-3.edf""]}]","[""PN12-3.edf"", ""PN12-4.edf""]",PN12,C1_RF,PN12-1.2.edf,nested
2,1,1,58,0,59,4540,12183,120,0,190,11873,0.5,0.5,17.586119767539795,1,1,1,38,38,38,38,38,0.38238019034784804,535,0.69999999999999996,False,False,"[{""validation_file"": ""PN12-3.edf"", ""train_files"": [""PN12-4.edf""]}, {""validation_file"": ""PN12-4.edf"", ""train_files"": [""PN12-3.edf""]}]","[""PN12-3.edf"", ""PN12-4.edf""]",PN12,C1_RF,PN12-1.2.edf,nested
2,1,1,75,0,76,3305,12183,120,0,190,11873,0.5,0.5,22.740672113198013,1,1,1,38,38,38,38,38,0.27836267160784972,175,0.75,False,False,"[{""validation_file"": ""PN12-3.edf"", ""train_files"": [""PN12-4.edf""]}, {""validation_file"": ""PN12-4.edf"", ""train_files"": [""PN12-3.edf""]}]","[""PN12-3.edf"", ""PN12-4.edf""]",PN12,C1_RF,PN12-1.2.edf,nested
2,1,1,88,0,89,1970,12183,120,0,190,11873,0.5,0.5,26.682388612819,1,1,1,38,38,38,38,38,0.16592268171481514,60,0.80000000000000004,False,False,"[{""validation_file"": ""PN12-3.edf"", ""train_files"": [""PN12-4.edf""]}, {""validation_file"": ""PN12-4.edf"", ""train_files"": [""PN12-3.edf""]}]","[""PN12-3.edf"", ""PN12-4.edf""]",PN12,C1_RF,PN12-1.2.edf,nested
2,1,1,14,0,15,170,12183,120,0,190,11873,0.5,0.5,4.244925461130296,1,1,1,43,43,43,43,43,0.014318200960161712,20,0.84999999999999998,False,False,"[{""validation_file"": ""PN12-3.edf"", ""train_files"": [""PN12-4.edf""]}, {""validation_file"": ""PN12-4.edf"", ""train_files"": [""PN12-3.edf""]}]","[""PN12-3.edf"", ""PN12-4.edf""]",PN12,C1_RF,PN12-1.2.edf,nested
2,1,1,3,0,4,45,12183,120,0,190,11873,0.5,0.5,0.90962688452792051,1,1,1,48,48,48,48,48,0.0037901120188663356,15,0.90000000000000002,True,True,"[{""validation_file"": ""PN12-3.edf"", ""train_files"": [""PN12-4.edf""]}, {""validation_file"": ""PN12-4.edf"", ""train_files"": [""PN12-3.edf""]}]","[""PN12-3.edf"", ""PN12-4.edf""]",PN12,C1_RF,PN12-1.2.edf,nested
2,0,0,0,0,0,0,12183,120,0,190,11873,0,0,0,2,0,0,,,,,,0,0,0.94999999999999996,True,False,"[{""validation_file"": ""PN12-3.edf"", ""train_files"": [""PN12-4.edf""]}, {""validation_file"": ""PN12-4.edf"", ""train_files"": [""PN12-3.edf""]}]","[""PN12-3.edf"", ""PN12-4.edf""]",PN12,C1_RF,PN12-1.2.edf,nested
2,0,0,0,0,0,0,12183,120,0,190,11873,0,0,0,2,0,0,,,,,,0,0,1.01,True,False,"[{""validation_file"": ""PN12-3.edf"", ""train_files"": [""PN12-4.edf""]}, {""validation_file"": ""PN12-4.edf"", ""train_files"": [""PN12-3.edf""]}]","[""PN12-3.edf"", ""PN12-4.edf""]",PN12,C1_RF,PN12-1.2.edf,nested
3,3,3,96,1,99,4225,19968,120,0,1029,18819,1,1,18.364418938307029,0,3,3,23,14,25.5,5,28,0.22450714703225463,1075,0.050000000000000003,False,False,"[{""validation_file"": ""PN12-1.2.edf"", ""train_files"": [""PN12-4.edf""]}, {""validation_file"": ""PN12-4.edf"", ""train_files"": [""PN12-1.2.edf""]}]","[""PN12-1.2.edf"", ""PN12-4.edf""]",PN12,C1_RF,PN12-3.edf,nested
3,3,3,46,0,49,3175,19968,120,0,1029,18819,1,1,8.7996174079387846,0,3,3,28,26.5,30.5,25,33,0.16871247143843987,1075,0.10000000000000001,False,False,"[{""validation_file"": ""PN12-1.2.edf"", ""train_files"": [""PN12-4.edf""]}, {""validation_file"": ""PN12-4.edf"", ""train_files"": [""PN12-1.2.edf""]}]","[""PN12-1.2.edf"", ""PN12-4.edf""]",PN12,C1_RF,PN12-3.edf,nested
3,3,3,37,0,40,2860,19968,120,0,1029,18819,1,1,7.0779531324725014,0,3,3,28,26.5,30.5,25,33,0.15197406876029546,1075,0.14999999999999999,False,False,"[{""validation_file"": ""PN12-1.2.edf"", ""train_files"": [""PN12-4.edf""]}, {""validation_file"": ""PN12-4.edf"", ""train_files"": [""PN12-1.2.edf""]}]","[""PN12-1.2.edf"", ""PN12-4.edf""]",PN12,C1_RF,PN12-3.edf,nested
3,3,3,36,0,39,2550,19968,120,0,1029,18819,1,1,6.8866571018651364,0,3,3,28,26.5,30.5,25,33,0.13550135501355012,1075,0.20000000000000001,False,False,"[{""validation_file"": ""PN12-1.2.edf"", ""train_files"": [""PN12-4.edf""]}, {""validation_file"": ""PN12-4.edf"", ""train_files"": [""PN12-1.2.edf""]}]","[""PN12-1.2.edf"", ""PN12-4.edf""]",PN12,C1_RF,PN12-3.edf,nested
3,3,3,31,0,34,2320,19968,120,0,1029,18819,1,1,5.9301769488283123,0,3,3,33,29,33,25,33,0.12327966416919071,565,0.25,False,False,"[{""validation_file"": ""PN12-1.2.edf"", ""train_files"": [""PN12-4.edf""]}, {""validation_file"": ""PN12-4.edf"", ""train_files"": [""PN12-1.2.edf""]}]","[""PN12-1.2.edf"", ""PN12-4.edf""]",PN12,C1_RF,PN12-3.edf,nested
3,3,3,29,0,32,2085,19968,120,0,1029,18819,1,1,5.5475848876135823,0,3,3,33,29,33,25,33,0.11079228439343217,565,0.29999999999999999,False,False,"[{""validation_file"": ""PN12-1.2.edf"", ""train_files"": [""PN12-4.edf""]}, {""validation_file"": ""PN12-4.edf"", ""train_files"": [""PN12-1.2.edf""]}]","[""PN12-1.2.edf"", ""PN12-4.edf""]",PN12,C1_RF,PN12-3.edf,nested
3,3,3,27,0,30,1940,19968,120,0,1029,18819,1,1,5.1649928263988523,0,3,3,33,29,35.5,25,38,0.10308730538285775,450,0.34999999999999998,False,False,"[{""validation_file"": ""PN12-1.2.edf"", ""train_files"": [""PN12-4.edf""]}, {""validation_file"": ""PN12-4.edf"", ""train_files"": [""PN12-1.2.edf""]}]","[""PN12-1.2.edf"", ""PN12-4.edf""]",PN12,C1_RF,PN12-3.edf,nested
3,3,3,36,0,39,1715,19968,120,0,1029,18819,1,1,6.8866571018651364,0,3,3,33,29,38,25,43,0.091131303469897437,395,0.40000000000000002,False,False,"[{""validation_file"": ""PN12-1.2.edf"", ""train_files"": [""PN12-4.edf""]}, {""validation_file"": ""PN12-4.edf"", ""train_files"": [""PN12-1.2.edf""]}]","[""PN12-1.2.edf"", ""PN12-4.edf""]",PN12,C1_RF,PN12-3.edf,nested
3,2,2,42,0,44,1595,19968,120,0,1029,18819,0.66666666666666663,0.66666666666666663,8.0344332855093263,1,2,2,29,27,31,25,33,0.084754769116318615,395,0.45000000000000001,False,False,"[{""validation_file"": ""PN12-1.2.edf"", ""train_files"": [""PN12-4.edf""]}, {""validation_file"": ""PN12-4.edf"", ""train_files"": [""PN12-1.2.edf""]}]","[""PN12-1.2.edf"", ""PN12-4.edf""]",PN12,C1_RF,PN12-3.edf,nested
3,2,2,45,0,47,1505,19968,120,0,1029,18819,0.66666666666666663,0.66666666666666663,8.6083213773314196,1,2,2,29,27,31,25,33,0.079972368351134498,195,0.5,False,False,"[{""validation_file"": ""PN12-1.2.edf"", ""train_files"": [""PN12-4.edf""]}, {""validation_file"": ""PN12-4.edf"", ""train_files"": [""PN12-1.2.edf""]}]","[""PN12-1.2.edf"", ""PN12-4.edf""]",PN12,C1_RF,PN12-3.edf,nested
3,2,2,40,0,42,1355,19968,120,0,1029,18819,0.66666666666666663,0.66666666666666663,7.6518412242945955,1,2,2,29,27,31,25,33,0.072001700409160957,170,0.55000000000000004,False,False,"[{""validation_file"": ""PN12-1.2.edf"", ""train_files"": [""PN12-4.edf""]}, {""validation_file"": ""PN12-4.edf"", ""train_files"": [""PN12-1.2.edf""]}]","[""PN12-1.2.edf"", ""PN12-4.edf""]",PN12,C1_RF,PN12-3.edf,nested
3,2,2,46,0,48,1125,19968,120,0,1029,18819,0.66666666666666663,0.66666666666666663,8.7996174079387846,1,2,2,29,27,31,25,33,0.059780009564801527,110,0.59999999999999998,False,False,"[{""validation_file"": ""PN12-1.2.edf"", ""train_files"": [""PN12-4.edf""]}, {""validation_file"": ""PN12-4.edf"", ""train_files"": [""PN12-1.2.edf""]}]","[""PN12-1.2.edf"", ""PN12-4.edf""]",PN12,C1_RF,PN12-3.edf,nested
3,2,2,35,0,37,725,19968,120,0,1029,18819,0.66666666666666663,0.66666666666666663,6.6953610712577714,1,2,2,34,33.5,34.5,33,35,0.038524895052872099,45,0.65000000000000002,False,False,"[{""validation_file"": ""PN12-1.2.edf"", ""train_files"": [""PN12-4.edf""]}, {""validation_file"": ""PN12-4.edf"", ""train_files"": [""PN12-1.2.edf""]}]","[""PN12-1.2.edf"", ""PN12-4.edf""]",PN12,C1_RF,PN12-3.edf,nested
3,2,2,29,0,31,595,19968,120,0,1029,18819,0.66666666666666663,0.66666666666666663,5.5475848876135823,1,2,2,34,33.5,34.5,33,35,0.031616982836495035,40,0.69999999999999996,False,False,"[{""validation_file"": ""PN12-1.2.edf"", ""train_files"": [""PN12-4.edf""]}, {""validation_file"": ""PN12-4.edf"", ""train_files"": [""PN12-1.2.edf""]}]","[""PN12-1.2.edf"", ""PN12-4.edf""]",PN12,C1_RF,PN12-3.edf,nested
3,2,2,24,0,26,470,19968,120,0,1029,18819,0.66666666666666663,0.66666666666666663,4.5911047345767573,1,2,2,34,33.5,34.5,33,35,0.024974759551517085,40,0.75,False,False,"[{""validation_file"": ""PN12-1.2.edf"", ""train_files"": [""PN12-4.edf""]}, {""validation_file"": ""PN12-4.edf"", ""train_files"": [""PN12-1.2.edf""]}]","[""PN12-1.2.edf"", ""PN12-4.edf""]",PN12,C1_RF,PN12-3.edf,nested
3,2,2,17,0,19,325,19968,120,0,1029,18819,0.66666666666666663,0.66666666666666663,3.2520325203252032,1,2,2,34,33.5,34.5,33,35,0.017269780540942664,40,0.80000000000000004,False,False,"[{""validation_file"": ""PN12-1.2.edf"", ""train_files"": [""PN12-4.edf""]}, {""validation_file"": ""PN12-4.edf"", ""train_files"": [""PN12-1.2.edf""]}]","[""PN12-1.2.edf"", ""PN12-4.edf""]",PN12,C1_RF,PN12-3.edf,nested
3,2,2,11,0,13,235,19968,120,0,1029,18819,0.66666666666666663,0.66666666666666663,2.1042563366810141,1,2,2,36.5,35.75,37.25,35,38,0.012487379775758542,30,0.84999999999999998,False,False,"[{""validation_file"": ""PN12-1.2.edf"", ""train_files"": [""PN12-4.edf""]}, {""validation_file"": ""PN12-4.edf"", ""train_files"": [""PN12-1.2.edf""]}]","[""PN12-1.2.edf"", ""PN12-4.edf""]",PN12,C1_RF,PN12-3.edf,nested
3,2,2,6,0,8,135,19968,120,0,1029,18819,0.66666666666666663,0.66666666666666663,1.1477761836441893,1,2,2,36.5,35.75,37.25,35,38,0.0071736011477761836,25,0.90000000000000002,False,False,"[{""validation_file"": ""PN12-1.2.edf"", ""train_files"": [""PN12-4.edf""]}, {""validation_file"": ""PN12-4.edf"", ""train_files"": [""PN12-1.2.edf""]}]","[""PN12-1.2.edf"", ""PN12-4.edf""]",PN12,C1_RF,PN12-3.edf,nested
3,2,2,1,0,3,45,19968,120,0,1029,18819,0.66666666666666663,0.66666666666666663,0.19129603060736489,1,2,2,39,38.5,39.5,38,40,0.0023912003825920613,25,0.94999999999999996,True,True,"[{""validation_file"": ""PN12-1.2.edf"", ""train_files"": [""PN12-4.edf""]}, {""validation_file"": ""PN12-4.edf"", ""train_files"": [""PN12-1.2.edf""]}]","[""PN12-1.2.edf"", ""PN12-4.edf""]",PN12,C1_RF,PN12-3.edf,nested
3,0,0,0,0,0,0,19968,120,0,1029,18819,0,0,0,3,0,0,,,,,,0,0,1.01,True,False,"[{""validation_file"": ""PN12-1.2.edf"", ""train_files"": [""PN12-4.edf""]}, {""validation_file"": ""PN12-4.edf"", ""train_files"": [""PN12-1.2.edf""]}]","[""PN12-1.2.edf"", ""PN12-4.edf""]",PN12,C1_RF,PN12-3.edf,nested
3,2,3,111,0,113,7580,11763,120,0,1219,10424,0.66666666666666663,1,38.334612432847273,1,2,2,21.5,19.75,23.25,18,25,0.72716807367613201,1180,0.050000000000000003,False,False,"[{""validation_file"": ""PN12-1.2.edf"", ""train_files"": [""PN12-3.edf""]}, {""validation_file"": ""PN12-3.edf"", ""train_files"": [""PN12-1.2.edf""]}]","[""PN12-1.2.edf"", ""PN12-3.edf""]",PN12,C1_RF,PN12-4.edf,nested
3,2,3,108,0,110,6265,11763,120,0,1219,10424,0.66666666666666663,1,37.298541826554107,1,2,2,26.5,25.75,27.25,25,28,0.601016884113584,1180,0.10000000000000001,False,False,"[{""validation_file"": ""PN12-1.2.edf"", ""train_files"": [""PN12-3.edf""]}, {""validation_file"": ""PN12-3.edf"", ""train_files"": [""PN12-1.2.edf""]}]","[""PN12-1.2.edf"", ""PN12-3.edf""]",PN12,C1_RF,PN12-4.edf,nested
3,2,3,90,0,92,5275,11763,120,0,1219,10424,0.66666666666666663,1,31.082118188795089,1,2,2,29,27,31,25,33,0.5060437452033768,1180,0.14999999999999999,False,False,"[{""validation_file"": ""PN12-1.2.edf"", ""train_files"": [""PN12-3.edf""]}, {""validation_file"": ""PN12-3.edf"", ""train_files"": [""PN12-1.2.edf""]}]","[""PN12-1.2.edf"", ""PN12-3.edf""]",PN12,C1_RF,PN12-4.edf,nested
3,2,3,79,0,81,4610,11763,120,0,1219,10424,0.66666666666666663,1,27.2831926323868,1,2,2,29,27,31,25,33,0.44224865694551035,1180,0.20000000000000001,False,False,"[{""validation_file"": ""PN12-1.2.edf"", ""train_files"": [""PN12-3.edf""]}, {""validation_file"": ""PN12-3.edf"", ""train_files"": [""PN12-1.2.edf""]}]","[""PN12-1.2.edf"", ""PN12-3.edf""]",PN12,C1_RF,PN12-4.edf,nested
3,2,3,71,0,73,4200,11763,120,0,1219,10424,0.66666666666666663,1,24.520337682271681,1,2,2,29,27,31,25,33,0.40291634689178818,1180,0.25,False,False,"[{""validation_file"": ""PN12-1.2.edf"", ""train_files"": [""PN12-3.edf""]}, {""validation_file"": ""PN12-3.edf"", ""train_files"": [""PN12-1.2.edf""]}]","[""PN12-1.2.edf"", ""PN12-3.edf""]",PN12,C1_RF,PN12-4.edf,nested
3,2,3,70,0,72,3865,11763,120,0,1219,10424,0.66666666666666663,1,24.17498081350729,1,2,2,31.5,30.75,32.25,30,33,0.37077897160399081,770,0.29999999999999999,False,False,"[{""validation_file"": ""PN12-1.2.edf"", ""train_files"": [""PN12-3.edf""]}, {""validation_file"": ""PN12-3.edf"", ""train_files"": [""PN12-1.2.edf""]}]","[""PN12-1.2.edf"", ""PN12-3.edf""]",PN12,C1_RF,PN12-4.edf,nested
3,2,3,59,0,61,3505,11763,120,0,1219,10424,0.66666666666666663,1,20.376055257099001,1,2,2,31.5,30.75,32.25,30,33,0.33624328472755183,755,0.34999999999999998,False,False,"[{""validation_file"": ""PN12-1.2.edf"", ""train_files"": [""PN12-3.edf""]}, {""validation_file"": ""PN12-3.edf"", ""train_files"": [""PN12-1.2.edf""]}]","[""PN12-1.2.edf"", ""PN12-3.edf""]",PN12,C1_RF,PN12-4.edf,nested
3,2,3,49,0,51,3175,11763,120,0,1219,10424,0.66666666666666663,1,16.922486569455103,1,2,2,31.5,30.75,32.25,30,33,0.30458557175748274,755,0.40000000000000002,False,False,"[{""validation_file"": ""PN12-1.2.edf"", ""train_files"": [""PN12-3.edf""]}, {""validation_file"": ""PN12-3.edf"", ""train_files"": [""PN12-1.2.edf""]}]","[""PN12-1.2.edf"", ""PN12-3.edf""]",PN12,C1_RF,PN12-4.edf,nested
3,2,3,48,0,50,3005,11763,120,0,1219,10424,0.66666666666666663,1,16.577129700690715,1,2,2,31.5,30.75,32.25,30,33,0.28827705295471989,750,0.45000000000000001,False,False,"[{""validation_file"": ""PN12-1.2.edf"", ""train_files"": [""PN12-3.edf""]}, {""validation_file"": ""PN12-3.edf"", ""train_files"": [""PN12-1.2.edf""]}]","[""PN12-1.2.edf"", ""PN12-3.edf""]",PN12,C1_RF,PN12-4.edf,nested
3,3,3,47,0,50,2805,11763,120,0,1219,10424,1,1,16.231772831926325,0,3,3,30,21.5,31.5,13,33,0.26909056024558708,460,0.5,False,False,"[{""validation_file"": ""PN12-1.2.edf"", ""train_files"": [""PN12-3.edf""]}, {""validation_file"": ""PN12-3.edf"", ""train_files"": [""PN12-1.2.edf""]}]","[""PN12-1.2.edf"", ""PN12-3.edf""]",PN12,C1_RF,PN12-4.edf,nested
3,3,3,49,0,52,2625,11763,120,0,1219,10424,1,1,16.922486569455103,0,3,3,30,21.5,31.5,13,33,0.25182271680736762,320,0.55000000000000004,False,False,"[{""validation_file"": ""PN12-1.2.edf"", ""train_files"": [""PN12-3.edf""]}, {""validation_file"": ""PN12-3.edf"", ""train_files"": [""PN12-1.2.edf""]}]","[""PN12-1.2.edf"", ""PN12-3.edf""]",PN12,C1_RF,PN12-4.edf,nested
3,3,3,47,0,50,2325,11763,120,0,1219,10424,1,1,16.231772831926325,0,3,3,30,21.5,31.5,13,33,0.22304297774366846,320,0.59999999999999998,False,False,"[{""validation_file"": ""PN12-1.2.edf"", ""train_files"": [""PN12-3.edf""]}, {""validation_file"": ""PN12-3.edf"", ""train_files"": [""PN12-1.2.edf""]}]","[""PN12-1.2.edf"", ""PN12-3.edf""]",PN12,C1_RF,PN12-4.edf,nested
3,3,3,46,0,49,1995,11763,120,0,1219,10424,1,1,15.886415963161934,0,3,3,30,21.5,31.5,13,33,0.19138526477359938,315,0.65000000000000002,False,False,"[{""validation_file"": ""PN12-1.2.edf"", ""train_files"": [""PN12-3.edf""]}, {""validation_file"": ""PN12-3.edf"", ""train_files"": [""PN12-1.2.edf""]}]","[""PN12-1.2.edf"", ""PN12-3.edf""]",PN12,C1_RF,PN12-4.edf,nested
3,3,3,41,0,44,1740,11763,120,0,1219,10424,1,1,14.159631619339985,0,3,3,30,24,31.5,18,33,0.1669224865694551,315,0.69999999999999996,False,False,"[{""validation_file"": ""PN12-1.2.edf"", ""train_files"": [""PN12-3.edf""]}, {""validation_file"": ""PN12-3.edf"", ""train_files"": [""PN12-1.2.edf""]}]","[""PN12-1.2.edf"", ""PN12-3.edf""]",PN12,C1_RF,PN12-4.edf,nested
3,3,3,40,0,43,1400,11763,120,0,1219,10424,1,1,13.814274750575596,0,3,3,30,24,34,18,38,0.1343054489639294,175,0.75,False,False,"[{""validation_file"": ""PN12-1.2.edf"", ""train_files"": [""PN12-3.edf""]}, {""validation_file"": ""PN12-3.edf"", ""train_files"": [""PN12-1.2.edf""]}]","[""PN12-1.2.edf"", ""PN12-3.edf""]",PN12,C1_RF,PN12-4.edf,nested
3,3,3,35,0,38,1040,11763,120,0,1219,10424,1,1,12.087490406753645,0,3,3,30,26.5,34,23,38,0.099769762087490402,135,0.80000000000000004,False,False,"[{""validation_file"": ""PN12-1.2.edf"", ""train_files"": [""PN12-3.edf""]}, {""validation_file"": ""PN12-3.edf"", ""train_files"": [""PN12-1.2.edf""]}]","[""PN12-1.2.edf"", ""PN12-3.edf""]",PN12,C1_RF,PN12-4.edf,nested
3,3,3,11,0,14,185,11763,120,0,1219,10424,1,1,3.7989255564082884,0,3,3,38,30.5,39,23,40,0.017747505755947812,25,0.84999999999999998,False,False,"[{""validation_file"": ""PN12-1.2.edf"", ""train_files"": [""PN12-3.edf""]}, {""validation_file"": ""PN12-3.edf"", ""train_files"": [""PN12-1.2.edf""]}]","[""PN12-1.2.edf"", ""PN12-3.edf""]",PN12,C1_RF,PN12-4.edf,nested
3,2,2,0,0,2,30,11763,120,0,1219,10424,0.66666666666666663,0.66666666666666663,0,1,2,2,41.5,39.75,43.25,38,45,0.0028779739063699156,20,0.90000000000000002,True,True,"[{""validation_file"": ""PN12-1.2.edf"", ""train_files"": [""PN12-3.edf""]}, {""validation_file"": ""PN12-3.edf"", ""train_files"": [""PN12-1.2.edf""]}]","[""PN12-1.2.edf"", ""PN12-3.edf""]",PN12,C1_RF,PN12-4.edf,nested
3,1,1,0,0,1,20,11763,120,0,1219,10424,0.33333333333333331,0.33333333333333331,0,2,1,1,38,38,38,38,38,0.001918649270913277,20,0.94999999999999996,True,False,"[{""validation_file"": ""PN12-1.2.edf"", ""train_files"": [""PN12-3.edf""]}, {""validation_file"": ""PN12-3.edf"", ""train_files"": [""PN12-1.2.edf""]}]","[""PN12-1.2.edf"", ""PN12-3.edf""]",PN12,C1_RF,PN12-4.edf,nested
3,0,0,0,0,0,0,11763,120,0,1219,10424,0,0,0,3,0,0,,,,,,0,0,1.01,True,False,"[{""validation_file"": ""PN12-1.2.edf"", ""train_files"": [""PN12-3.edf""]}, {""validation_file"": ""PN12-3.edf"", ""train_files"": [""PN12-1.2.edf""]}]","[""PN12-1.2.edf"", ""PN12-3.edf""]",PN12,C1_RF,PN12-4.edf,nested
3,1,2,253,1,254,37467,65802,180,0,505,65117,0.33333333333333331,0.66666666666666663,13.987130856765514,2,1,1,2,2,2,2,2,0.57537970115330861,7010,0.050000000000000003,False,False,"[{""validation_file"": ""PN14-2.edf"", ""train_files"": [""PN14-3.edf"", ""PN14-4.edf""]}, {""validation_file"": ""PN14-3.edf"", ""train_files"": [""PN14-2.edf"", ""PN14-4.edf""]}, {""validation_file"": ""PN14-4.edf"", ""train_files"": [""PN14-2.edf"", ""PN14-3.edf""]}]","[""PN14-2.edf"", ""PN14-3.edf"", ""PN14-4.edf""]",PN14,C0_LR,PN14-1.edf,nested
3,1,2,258,1,259,34387,65802,180,0,505,65117,0.33333333333333331,0.66666666666666663,14.263556367768786,2,1,1,7,7,7,7,7,0.5280802248260823,7005,0.10000000000000001,False,False,"[{""validation_file"": ""PN14-2.edf"", ""train_files"": [""PN14-3.edf"", ""PN14-4.edf""]}, {""validation_file"": ""PN14-3.edf"", ""train_files"": [""PN14-2.edf"", ""PN14-4.edf""]}, {""validation_file"": ""PN14-4.edf"", ""train_files"": [""PN14-2.edf"", ""PN14-3.edf""]}]","[""PN14-2.edf"", ""PN14-3.edf"", ""PN14-4.edf""]",PN14,C0_LR,PN14-1.edf,nested
3,1,2,278,1,279,32687,65802,180,0,505,65117,0.33333333333333331,0.66666666666666663,15.369258411781869,2,1,1,7,7,7,7,7,0.50197337100910666,4915,0.14999999999999999,False,False,"[{""validation_file"": ""PN14-2.edf"", ""train_files"": [""PN14-3.edf"", ""PN14-4.edf""]}, {""validation_file"": ""PN14-3.edf"", ""train_files"": [""PN14-2.edf"", ""PN14-4.edf""]}, {""validation_file"": ""PN14-4.edf"", ""train_files"": [""PN14-2.edf"", ""PN14-3.edf""]}]","[""PN14-2.edf"", ""PN14-3.edf"", ""PN14-4.edf""]",PN14,C0_LR,PN14-1.edf,nested
3,1,2,290,1,291,31117,65802,180,0,505,65117,0.33333333333333331,0.66666666666666663,16.03267963818972,2,1,1,7,7,7,7,7,0.47786292366048805,4915,0.20000000000000001,False,False,"[{""validation_file"": ""PN14-2.edf"", ""train_files"": [""PN14-3.edf"", ""PN14-4.edf""]}, {""validation_file"": ""PN14-3.edf"", ""train_files"": [""PN14-2.edf"", ""PN14-4.edf""]}, {""validation_file"": ""PN14-4.edf"", ""train_files"": [""PN14-2.edf"", ""PN14-3.edf""]}]","[""PN14-2.edf"", ""PN14-3.edf"", ""PN14-4.edf""]",PN14,C0_LR,PN14-1.edf,nested
3,2,2,291,2,293,29452,65802,180,0,505,65117,0.66666666666666663,0.66666666666666663,16.087964740390372,1,2,2,6.5,6.25,6.75,6,7,0.45229356389268549,4910,0.25,False,False,"[{""validation_file"": ""PN14-2.edf"", ""train_files"": [""PN14-3.edf"", ""PN14-4.edf""]}, {""validation_file"": ""PN14-3.edf"", ""train_files"": [""PN14-2.edf"", ""PN14-4.edf""]}, {""validation_file"": ""PN14-4.edf"", ""train_files"": [""PN14-2.edf"", ""PN14-3.edf""]}]","[""PN14-2.edf"", ""PN14-3.edf"", ""PN14-4.edf""]",PN14,C0_LR,PN14-1.edf,nested
3,2,2,290,2,292,28177,65802,180,0,505,65117,0.66666666666666663,0.66666666666666663,16.03267963818972,1,2,2,6.5,6.25,6.75,6,7,0.43271342352995379,4910,0.29999999999999999,False,False,"[{""validation_file"": ""PN14-2.edf"", ""train_files"": [""PN14-3.edf"", ""PN14-4.edf""]}, {""validation_file"": ""PN14-3.edf"", ""train_files"": [""PN14-2.edf"", ""PN14-4.edf""]}, {""validation_file"": ""PN14-4.edf"", ""train_files"": [""PN14-2.edf"", ""PN14-3.edf""]}]","[""PN14-2.edf"", ""PN14-3.edf"", ""PN14-4.edf""]",PN14,C0_LR,PN14-1.edf,nested
3,2,2,298,2,300,26832,65802,180,0,505,65117,0.66666666666666663,0.66666666666666663,16.474960455794953,1,2,2,6.5,6.25,6.75,6,7,0.41205829506887603,2715,0.34999999999999998,False,False,"[{""validation_file"": ""PN14-2.edf"", ""train_files"": [""PN14-3.edf"", ""PN14-4.edf""]}, {""validation_file"": ""PN14-3.edf"", ""train_files"": [""PN14-2.edf"", ""PN14-4.edf""]}, {""validation_file"": ""PN14-4.edf"", ""train_files"": [""PN14-2.edf"", ""PN14-3.edf""]}]","[""PN14-2.edf"", ""PN14-3.edf"", ""PN14-4.edf""]",PN14,C0_LR,PN14-1.edf,nested
3,2,2,294,2,296,25612,65802,180,0,505,65117,0.66666666666666663,0.66666666666666663,16.253820046992338,1,2,2,6.5,6.25,6.75,6,7,0.39332278821198763,2575,0.40000000000000002,False,False,"[{""validation_file"": ""PN14-2.edf"", ""train_files"": [""PN14-3.edf"", ""PN14-4.edf""]}, {""validation_file"": ""PN14-3.edf"", ""train_files"": [""PN14-2.edf"", ""PN14-4.edf""]}, {""validation_file"": ""PN14-4.edf"", ""train_files"": [""PN14-2.edf"", ""PN14-3.edf""]}]","[""PN14-2.edf"", ""PN14-3.edf"", ""PN14-4.edf""]",PN14,C0_LR,PN14-1.edf,nested
3,2,2,288,1,290,24532,65802,180,0,505,65117,0.66666666666666663,0.66666666666666663,15.922109433788412,1,2,2,6.5,6.25,6.75,6,7,0.37673725755179138,2575,0.45000000000000001,False,False,"[{""validation_file"": ""PN14-2.edf"", ""train_files"": [""PN14-3.edf"", ""PN14-4.edf""]}, {""validation_file"": ""PN14-3.edf"", ""train_files"": [""PN14-2.edf"", ""PN14-4.edf""]}, {""validation_file"": ""PN14-4.edf"", ""train_files"": [""PN14-2.edf"", ""PN14-3.edf""]}]","[""PN14-2.edf"", ""PN14-3.edf"", ""PN14-4.edf""]",PN14,C0_LR,PN14-1.edf,nested
3,2,2,288,1,290,23512,65802,180,0,505,65117,0.66666666666666663,0.66666666666666663,15.922109433788412,1,2,2,6.5,6.25,6.75,6,7,0.36107314526160605,2575,0.5,False,False,"[{""validation_file"": ""PN14-2.edf"", ""train_files"": [""PN14-3.edf"", ""PN14-4.edf""]}, {""validation_file"": ""PN14-3.edf"", ""train_files"": [""PN14-2.edf"", ""PN14-4.edf""]}, {""validation_file"": ""PN14-4.edf"", ""train_files"": [""PN14-2.edf"", ""PN14-3.edf""]}]","[""PN14-2.edf"", ""PN14-3.edf"", ""PN14-4.edf""]",PN14,C0_LR,PN14-1.edf,nested
3,2,2,269,1,271,22532,65802,180,0,505,65117,0.66666666666666663,0.66666666666666663,14.871692491975981,1,2,2,6.5,6.25,6.75,6,7,0.34602331188476126,2110,0.55000000000000004,False,False,"[{""validation_file"": ""PN14-2.edf"", ""train_files"": [""PN14-3.edf"", ""PN14-4.edf""]}, {""validation_file"": ""PN14-3.edf"", ""train_files"": [""PN14-2.edf"", ""PN14-4.edf""]}, {""validation_file"": ""PN14-4.edf"", ""train_files"": [""PN14-2.edf"", ""PN14-3.edf""]}]","[""PN14-2.edf"", ""PN14-3.edf"", ""PN14-4.edf""]",PN14,C0_LR,PN14-1.edf,nested
3,2,2,252,1,254,21662,65802,180,0,505,65117,0.66666666666666663,0.66666666666666663,13.93184575456486,1,2,2,11.5,8.75,14.25,6,17,0.33266274551960318,2110,0.59999999999999998,False,False,"[{""validation_file"": ""PN14-2.edf"", ""train_files"": [""PN14-3.edf"", ""PN14-4.edf""]}, {""validation_file"": ""PN14-3.edf"", ""train_files"": [""PN14-2.edf"", ""PN14-4.edf""]}, {""validation_file"": ""PN14-4.edf"", ""train_files"": [""PN14-2.edf"", ""PN14-3.edf""]}]","[""PN14-2.edf"", ""PN14-3.edf"", ""PN14-4.edf""]",PN14,C0_LR,PN14-1.edf,nested
3,2,2,235,0,237,21032,65802,180,0,505,65117,0.66666666666666663,0.66666666666666663,12.991999017153738,1,2,2,29,17.5,40.5,6,52,0.3229878526344887,2110,0.65000000000000002,False,False,"[{""validation_file"": ""PN14-2.edf"", ""train_files"": [""PN14-3.edf"", ""PN14-4.edf""]}, {""validation_file"": ""PN14-3.edf"", ""train_files"": [""PN14-2.edf"", ""PN14-4.edf""]}, {""validation_file"": ""PN14-4.edf"", ""train_files"": [""PN14-2.edf"", ""PN14-3.edf""]}]","[""PN14-2.edf"", ""PN14-3.edf"", ""PN14-4.edf""]",PN14,C0_LR,PN14-1.edf,nested
3,2,2,219,0,221,20307,65802,180,0,505,65117,0.66666666666666663,0.66666666666666663,12.107437381943271,1,2,2,29,17.5,40.5,6,52,0.31185404733019029,2110,0.69999999999999996,False,False,"[{""validation_file"": ""PN14-2.edf"", ""train_files"": [""PN14-3.edf"", ""PN14-4.edf""]}, {""validation_file"": ""PN14-3.edf"", ""train_files"": [""PN14-2.edf"", ""PN14-4.edf""]}, {""validation_file"": ""PN14-4.edf"", ""train_files"": [""PN14-2.edf"", ""PN14-3.edf""]}]","[""PN14-2.edf"", ""PN14-3.edf"", ""PN14-4.edf""]",PN14,C0_LR,PN14-1.edf,nested
3,2,2,202,0,204,19622,65802,180,0,505,65117,0.66666666666666663,0.66666666666666663,11.167590644532149,1,2,2,29,17.5,40.5,6,52,0.30133452093923246,2110,0.75,False,False,"[{""validation_file"": ""PN14-2.edf"", ""train_files"": [""PN14-3.edf"", ""PN14-4.edf""]}, {""validation_file"": ""PN14-3.edf"", ""train_files"": [""PN14-2.edf"", ""PN14-4.edf""]}, {""validation_file"": ""PN14-4.edf"", ""train_files"": [""PN14-2.edf"", ""PN14-3.edf""]}]","[""PN14-2.edf"", ""PN14-3.edf"", ""PN14-4.edf""]",PN14,C0_LR,PN14-1.edf,nested
3,2,2,189,0,191,18857,65802,180,0,505,65117,0.66666666666666663,0.66666666666666663,10.448884315923646,1,2,2,29,17.5,40.5,6,52,0.28958643672159345,1540,0.80000000000000004,False,False,"[{""validation_file"": ""PN14-2.edf"", ""train_files"": [""PN14-3.edf"", ""PN14-4.edf""]}, {""validation_file"": ""PN14-3.edf"", ""train_files"": [""PN14-2.edf"", ""PN14-4.edf""]}, {""validation_file"": ""PN14-4.edf"", ""train_files"": [""PN14-2.edf"", ""PN14-3.edf""]}]","[""PN14-2.edf"", ""PN14-3.edf"", ""PN14-4.edf""]",PN14,C0_LR,PN14-1.edf,nested
3,2,2,163,0,165,18162,65802,180,0,505,65117,0.66666666666666663,0.66666666666666663,9.0114716587066361,1,2,2,29,17.5,40.5,6,52,0.2789133406023005,1535,0.84999999999999998,False,False,"[{""validation_file"": ""PN14-2.edf"", ""train_files"": [""PN14-3.edf"", ""PN14-4.edf""]}, {""validation_file"": ""PN14-3.edf"", ""train_files"": [""PN14-2.edf"", ""PN14-4.edf""]}, {""validation_file"": ""PN14-4.edf"", ""train_files"": [""PN14-2.edf"", ""PN14-3.edf""]}]","[""PN14-2.edf"", ""PN14-3.edf"", ""PN14-4.edf""]",PN14,C0_LR,PN14-1.edf,nested
3,2,2,149,0,151,17237,65802,180,0,505,65117,0.66666666666666663,0.66666666666666663,8.2374802278974766,1,2,2,29,17.5,40.5,6,52,0.26470814073129906,1440,0.90000000000000002,False,False,"[{""validation_file"": ""PN14-2.edf"", ""train_files"": [""PN14-3.edf"", ""PN14-4.edf""]}, {""validation_file"": ""PN14-3.edf"", ""train_files"": [""PN14-2.edf"", ""PN14-4.edf""]}, {""validation_file"": ""PN14-4.edf"", ""train_files"": [""PN14-2.edf"", ""PN14-3.edf""]}]","[""PN14-2.edf"", ""PN14-3.edf"", ""PN14-4.edf""]",PN14,C0_LR,PN14-1.edf,nested
3,1,1,138,0,139,16170,65802,180,0,505,65117,0.33333333333333331,0.33333333333333331,7.6293441036902809,2,1,1,6,6,6,6,6,0.24832225071793848,1440,0.94999999999999996,False,False,"[{""validation_file"": ""PN14-2.edf"", ""train_files"": [""PN14-3.edf"", ""PN14-4.edf""]}, {""validation_file"": ""PN14-3.edf"", ""train_files"": [""PN14-2.edf"", ""PN14-4.edf""]}, {""validation_file"": ""PN14-4.edf"", ""train_files"": [""PN14-2.edf"", ""PN14-3.edf""]}]","[""PN14-2.edf"", ""PN14-3.edf"", ""PN14-4.edf""]",PN14,C0_LR,PN14-1.edf,nested
3,0,0,0,0,0,0,65802,180,0,505,65117,0,0,0,3,0,0,,,,,,0,0,1.01,True,True,"[{""validation_file"": ""PN14-2.edf"", ""train_files"": [""PN14-3.edf"", ""PN14-4.edf""]}, {""validation_file"": ""PN14-3.edf"", ""train_files"": [""PN14-2.edf"", ""PN14-4.edf""]}, {""validation_file"": ""PN14-4.edf"", ""train_files"": [""PN14-2.edf"", ""PN14-3.edf""]}]","[""PN14-2.edf"", ""PN14-3.edf"", ""PN14-4.edf""]",PN14,C0_LR,PN14-1.edf,nested
3,2,2,186,0,188,47665,64505,180,0,505,63820,0.66666666666666663,0.66666666666666663,10.492008774678784,1,2,2,24,16,32,8,40,0.74686618614854272,10045,0.050000000000000003,False,False,"[{""validation_file"": ""PN14-1.edf"", ""train_files"": [""PN14-3.edf"", ""PN14-4.edf""]}, {""validation_file"": ""PN14-3.edf"", ""train_files"": [""PN14-1.edf"", ""PN14-4.edf""]}, {""validation_file"": ""PN14-4.edf"", ""train_files"": [""PN14-1.edf"", ""PN14-3.edf""]}]","[""PN14-1.edf"", ""PN14-3.edf"", ""PN14-4.edf""]",PN14,C0_LR,PN14-2.edf,nested
3,2,2,256,0,258,40992,64505,180,0,505,63820,0.66666666666666663,0.66666666666666663,14.440614227514885,1,2,2,24,16,32,8,40,0.64230648699467252,4967,0.10000000000000001,False,False,"[{""validation_file"": ""PN14-1.edf"", ""train_files"": [""PN14-3.edf"", ""PN14-4.edf""]}, {""validation_file"": ""PN14-3.edf"", ""train_files"": [""PN14-1.edf"", ""PN14-4.edf""]}, {""validation_file"": ""PN14-4.edf"", ""train_files"": [""PN14-1.edf"", ""PN14-3.edf""]}]","[""PN14-1.edf"", ""PN14-3.edf"", ""PN14-4.edf""]",PN14,C0_LR,PN14-2.edf,nested
3,0,0,273,0,273,37307,64505,180,0,505,63820,0,0,15.399561266060797,3,0,0,,,,,,0.58456596678157313,3477,0.14999999999999999,False,False,"[{""validation_file"": ""PN14-1.edf"", ""train_files"": [""PN14-3.edf"", ""PN14-4.edf""]}, {""validation_file"": ""PN14-3.edf"", ""train_files"": [""PN14-1.edf"", ""PN14-4.edf""]}, {""validation_file"": ""PN14-4.edf"", ""train_files"": [""PN14-1.edf"", ""PN14-3.edf""]}]","[""PN14-1.edf"", ""PN14-3.edf"", ""PN14-4.edf""]",PN14,C0_LR,PN14-2.edf,nested
3,0,0,311,0,311,34152,64505,180,0,505,63820,0,0,17.543089940457538,3,0,0,,,,,,0.53513005327483543,3457,0.20000000000000001,False,False,"[{""validation_file"": ""PN14-1.edf"", ""train_files"": [""PN14-3.edf"", ""PN14-4.edf""]}, {""validation_file"": ""PN14-3.edf"", ""train_files"": [""PN14-1.edf"", ""PN14-4.edf""]}, {""validation_file"": ""PN14-4.edf"", ""train_files"": [""PN14-1.edf"", ""PN14-3.edf""]}]","[""PN14-1.edf"", ""PN14-3.edf"", ""PN14-4.edf""]",PN14,C0_LR,PN14-2.edf,nested
3,0,0,326,0,326,31102,64505,180,0,505,63820,0,0,18.389219680350987,3,0,0,,,,,,0.48733939204011284,2772,0.25,False,False,"[{""validation_file"": ""PN14-1.edf"", ""train_files"": [""PN14-3.edf"", ""PN14-4.edf""]}, {""validation_file"": ""PN14-3.edf"", ""train_files"": [""PN14-1.edf"", ""PN14-4.edf""]}, {""validation_file"": ""PN14-4.edf"", ""train_files"": [""PN14-1.edf"", ""PN14-3.edf""]}]","[""PN14-1.edf"", ""PN14-3.edf"", ""PN14-4.edf""]",PN14,C0_LR,PN14-2.edf,nested
3,0,0,322,0,322,27962,64505,180,0,505,63820,0,0,18.163585083046065,3,0,0,,,,,,0.43813851457223441,2415,0.29999999999999999,False,False,"[{""validation_file"": ""PN14-1.edf"", ""train_files"": [""PN14-3.edf"", ""PN14-4.edf""]}, {""validation_file"": ""PN14-3.edf"", ""train_files"": [""PN14-1.edf"", ""PN14-4.edf""]}, {""validation_file"": ""PN14-4.edf"", ""train_files"": [""PN14-1.edf"", ""PN14-3.edf""]}]","[""PN14-1.edf"", ""PN14-3.edf"", ""PN14-4.edf""]",PN14,C0_LR,PN14-2.edf,nested
3,0,0,352,0,352,25332,64505,180,0,505,63820,0,0,19.855844562832967,3,0,0,,,,,,0.3969288624255719,2390,0.34999999999999998,False,False,"[{""validation_file"": ""PN14-1.edf"", ""train_files"": [""PN14-3.edf"", ""PN14-4.edf""]}, {""validation_file"": ""PN14-3.edf"", ""train_files"": [""PN14-1.edf"", ""PN14-4.edf""]}, {""validation_file"": ""PN14-4.edf"", ""train_files"": [""PN14-1.edf"", ""PN14-3.edf""]}]","[""PN14-1.edf"", ""PN14-3.edf"", ""PN14-4.edf""]",PN14,C0_LR,PN14-2.edf,nested
3,0,0,346,0,346,22622,64505,180,0,505,63820,0,0,19.517392666875587,3,0,0,,,,,,0.35446568473832657,1735,0.40000000000000002,False,False,"[{""validation_file"": ""PN14-1.edf"", ""train_files"": [""PN14-3.edf"", ""PN14-4.edf""]}, {""validation_file"": ""PN14-3.edf"", ""train_files"": [""PN14-1.edf"", ""PN14-4.edf""]}, {""validation_file"": ""PN14-4.edf"", ""train_files"": [""PN14-1.edf"", ""PN14-3.edf""]}]","[""PN14-1.edf"", ""PN14-3.edf"", ""PN14-4.edf""]",PN14,C0_LR,PN14-2.edf,nested
3,0,0,345,0,345,20277,64505,180,0,505,63820,0,0,19.460984017549357,3,0,0,,,,,,0.31772171732999061,980,0.45000000000000001,False,False,"[{""validation_file"": ""PN14-1.edf"", ""train_files"": [""PN14-3.edf"", ""PN14-4.edf""]}, {""validation_file"": ""PN14-3.edf"", ""train_files"": [""PN14-1.edf"", ""PN14-4.edf""]}, {""validation_file"": ""PN14-4.edf"", ""train_files"": [""PN14-1.edf"", ""PN14-3.edf""]}]","[""PN14-1.edf"", ""PN14-3.edf"", ""PN14-4.edf""]",PN14,C0_LR,PN14-2.edf,nested
3,0,0,339,0,339,17812,64505,180,0,505,63820,0,0,19.122532121591977,3,0,0,,,,,,0.27909746161078031,980,0.5,False,False,"[{""validation_file"": ""PN14-1.edf"", ""train_files"": [""PN14-3.edf"", ""PN14-4.edf""]}, {""validation_file"": ""PN14-3.edf"", ""train_files"": [""PN14-1.edf"", ""PN14-4.edf""]}, {""validation_file"": ""PN14-4.edf"", ""train_files"": [""PN14-1.edf"", ""PN14-3.edf""]}]","[""PN14-1.edf"", ""PN14-3.edf"", ""PN14-4.edf""]",PN14,C0_LR,PN14-2.edf,nested
3,0,0,323,0,323,15362,64505,180,0,505,63820,0,0,18.219993732372298,3,0,0,,,,,,0.24070824193042933,630,0.55000000000000004,False,False,"[{""validation_file"": ""PN14-1.edf"", ""train_files"": [""PN14-3.edf"", ""PN14-4.edf""]}, {""validation_file"": ""PN14-3.edf"", ""train_files"": [""PN14-1.edf"", ""PN14-4.edf""]}, {""validation_file"": ""PN14-4.edf"", ""train_files"": [""PN14-1.edf"", ""PN14-3.edf""]}]","[""PN14-1.edf"", ""PN14-3.edf"", ""PN14-4.edf""]",PN14,C0_LR,PN14-2.edf,nested
3,0,0,312,0,312,13392,64505,180,0,505,63820,0,0,17.599498589783767,3,0,0,,,,,,0.20984017549357567,615,0.59999999999999998,False,False,"[{""validation_file"": ""PN14-1.edf"", ""train_files"": [""PN14-3.edf"", ""PN14-4.edf""]}, {""validation_file"": ""PN14-3.edf"", ""train_files"": [""PN14-1.edf"", ""PN14-4.edf""]}, {""validation_file"": ""PN14-4.edf"", ""train_files"": [""PN14-1.edf"", ""PN14-3.edf""]}]","[""PN14-1.edf"", ""PN14-3.edf"", ""PN14-4.edf""]",PN14,C0_LR,PN14-2.edf,nested
3,0,0,305,0,305,11347,64505,180,0,505,63820,0,0,17.204638044500157,3,0,0,,,,,,0.17779692886242557,615,0.65000000000000002,False,False,"[{""validation_file"": ""PN14-1.edf"", ""train_files"": [""PN14-3.edf"", ""PN14-4.edf""]}, {""validation_file"": ""PN14-3.edf"", ""train_files"": [""PN14-1.edf"", ""PN14-4.edf""]}, {""validation_file"": ""PN14-4.edf"", ""train_files"": [""PN14-1.edf"", ""PN14-3.edf""]}]","[""PN14-1.edf"", ""PN14-3.edf"", ""PN14-4.edf""]",PN14,C0_LR,PN14-2.edf,nested
3,0,0,284,0,284,9437,64505,180,0,505,63820,0,0,16.020056408649328,3,0,0,,,,,,0.1478690065810091,485,0.69999999999999996,False,False,"[{""validation_file"": ""PN14-1.edf"", ""train_files"": [""PN14-3.edf"", ""PN14-4.edf""]}, {""validation_file"": ""PN14-3.edf"", ""train_files"": [""PN14-1.edf"", ""PN14-4.edf""]}, {""validation_file"": ""PN14-4.edf"", ""train_files"": [""PN14-1.edf"", ""PN14-3.edf""]}]","[""PN14-1.edf"", ""PN14-3.edf"", ""PN14-4.edf""]",PN14,C0_LR,PN14-2.edf,nested
3,0,0,255,0,255,7640,64505,180,0,505,63820,0,0,14.384205578188656,3,0,0,,,,,,0.11971168912566593,230,0.75,False,False,"[{""validation_file"": ""PN14-1.edf"", ""train_files"": [""PN14-3.edf"", ""PN14-4.edf""]}, {""validation_file"": ""PN14-3.edf"", ""train_files"": [""PN14-1.edf"", ""PN14-4.edf""]}, {""validation_file"": ""PN14-4.edf"", ""train_files"": [""PN14-1.edf"", ""PN14-3.edf""]}]","[""PN14-1.edf"", ""PN14-3.edf"", ""PN14-4.edf""]",PN14,C0_LR,PN14-2.edf,nested
3,0,0,219,0,219,5905,64505,180,0,505,63820,0,0,12.353494202444375,3,0,0,,,,,,0.092525853964274526,175,0.80000000000000004,False,False,"[{""validation_file"": ""PN14-1.edf"", ""train_files"": [""PN14-3.edf"", ""PN14-4.edf""]}, {""validation_file"": ""PN14-3.edf"", ""train_files"": [""PN14-1.edf"", ""PN14-4.edf""]}, {""validation_file"": ""PN14-4.edf"", ""train_files"": [""PN14-1.edf"", ""PN14-3.edf""]}]","[""PN14-1.edf"", ""PN14-3.edf"", ""PN14-4.edf""]",PN14,C0_LR,PN14-2.edf,nested
3,0,0,178,0,178,4390,64505,180,0,505,63820,0,0,10.040739580068944,3,0,0,,,,,,0.068787214039486053,70,0.84999999999999998,False,False,"[{""validation_file"": ""PN14-1.edf"", ""train_files"": [""PN14-3.edf"", ""PN14-4.edf""]}, {""validation_file"": ""PN14-3.edf"", ""train_files"": [""PN14-1.edf"", ""PN14-4.edf""]}, {""validation_file"": ""PN14-4.edf"", ""train_files"": [""PN14-1.edf"", ""PN14-3.edf""]}]","[""PN14-1.edf"", ""PN14-3.edf"", ""PN14-4.edf""]",PN14,C0_LR,PN14-2.edf,nested
3,0,0,133,0,133,2710,64505,180,0,505,63820,0,0,7.5023503603885926,3,0,0,,,,,,0.042463177687245376,55,0.90000000000000002,False,False,"[{""validation_file"": ""PN14-1.edf"", ""train_files"": [""PN14-3.edf"", ""PN14-4.edf""]}, {""validation_file"": ""PN14-3.edf"", ""train_files"": [""PN14-1.edf"", ""PN14-4.edf""]}, {""validation_file"": ""PN14-4.edf"", ""train_files"": [""PN14-1.edf"", ""PN14-3.edf""]}]","[""PN14-1.edf"", ""PN14-3.edf"", ""PN14-4.edf""]",PN14,C0_LR,PN14-2.edf,nested
3,0,0,78,0,78,1405,64505,180,0,505,63820,0,0,4.3998746474459418,3,0,0,,,,,,0.022015042306486994,55,0.94999999999999996,False,False,"[{""validation_file"": ""PN14-1.edf"", ""train_files"": [""PN14-3.edf"", ""PN14-4.edf""]}, {""validation_file"": ""PN14-3.edf"", ""train_files"": [""PN14-1.edf"", ""PN14-4.edf""]}, {""validation_file"": ""PN14-4.edf"", ""train_files"": [""PN14-1.edf"", ""PN14-3.edf""]}]","[""PN14-1.edf"", ""PN14-3.edf"", ""PN14-4.edf""]",PN14,C0_LR,PN14-2.edf,nested
3,0,0,0,0,0,0,64505,180,0,505,63820,0,0,0,3,0,0,,,,,,0,0,1.01,True,True,"[{""validation_file"": ""PN14-1.edf"", ""train_files"": [""PN14-3.edf"", ""PN14-4.edf""]}, {""validation_file"": ""PN14-3.edf"", ""train_files"": [""PN14-1.edf"", ""PN14-4.edf""]}, {""validation_file"": ""PN14-4.edf"", ""train_files"": [""PN14-1.edf"", ""PN14-3.edf""]}]","[""PN14-1.edf"", ""PN14-3.edf"", ""PN14-4.edf""]",PN14,C0_LR,PN14-2.edf,nested
3,0,2,83,0,83,18385,31675,180,0,175,31320,0,0.66666666666666663,9.5402298850574709,3,0,0,,,,,,0.58700510855683274,3455,0.050000000000000003,False,False,"[{""validation_file"": ""PN14-1.edf"", ""train_files"": [""PN14-2.edf"", ""PN14-4.edf""]}, {""validation_file"": ""PN14-2.edf"", ""train_files"": [""PN14-1.edf"", ""PN14-4.edf""]}, {""validation_file"": ""PN14-4.edf"", ""train_files"": [""PN14-1.edf"", ""PN14-2.edf""]}]","[""PN14-1.edf"", ""PN14-2.edf"", ""PN14-4.edf""]",PN14,C0_LR,PN14-3.edf,nested
3,0,2,130,0,130,15680,31675,180,0,175,31320,0,0.66666666666666663,14.942528735632184,3,0,0,,,,,,0.50063856960408681,1425,0.10000000000000001,False,False,"[{""validation_file"": ""PN14-1.edf"", ""train_files"": [""PN14-2.edf"", ""PN14-4.edf""]}, {""validation_file"": ""PN14-2.edf"", ""train_files"": [""PN14-1.edf"", ""PN14-4.edf""]}, {""validation_file"": ""PN14-4.edf"", ""train_files"": [""PN14-1.edf"", ""PN14-2.edf""]}]","[""PN14-1.edf"", ""PN14-2.edf"", ""PN14-4.edf""]",PN14,C0_LR,PN14-3.edf,nested
3,1,2,157,0,158,14280,31675,180,0,175,31320,0.33333333333333331,0.66666666666666663,18.045977011494251,2,1,1,2,2,2,2,2,0.45593869731800768,1375,0.14999999999999999,False,False,"[{""validation_file"": ""PN14-1.edf"", ""train_files"": [""PN14-2.edf"", ""PN14-4.edf""]}, {""validation_file"": ""PN14-2.edf"", ""train_files"": [""PN14-1.edf"", ""PN14-4.edf""]}, {""validation_file"": ""PN14-4.edf"", ""train_files"": [""PN14-1.edf"", ""PN14-2.edf""]}]","[""PN14-1.edf"", ""PN14-2.edf"", ""PN14-4.edf""]",PN14,C0_LR,PN14-3.edf,nested
3,1,2,191,0,192,13150,31675,180,0,175,31320,0.33333333333333331,0.66666666666666663,21.954022988505749,2,1,1,2,2,2,2,2,0.41985951468710092,750,0.20000000000000001,False,False,"[{""validation_file"": ""PN14-1.edf"", ""train_files"": [""PN14-2.edf"", ""PN14-4.edf""]}, {""validation_file"": ""PN14-2.edf"", ""train_files"": [""PN14-1.edf"", ""PN14-4.edf""]}, {""validation_file"": ""PN14-4.edf"", ""train_files"": [""PN14-1.edf"", ""PN14-2.edf""]}]","[""PN14-1.edf"", ""PN14-2.edf"", ""PN14-4.edf""]",PN14,C0_LR,PN14-3.edf,nested
3,1,2,217,0,218,11470,31675,180,0,175,31320,0.33333333333333331,0.66666666666666663,24.942528735632184,2,1,1,2,2,2,2,2,0.36621966794380589,730,0.25,False,False,"[{""validation_file"": ""PN14-1.edf"", ""train_files"": [""PN14-2.edf"", ""PN14-4.edf""]}, {""validation_file"": ""PN14-2.edf"", ""train_files"": [""PN14-1.edf"", ""PN14-4.edf""]}, {""validation_file"": ""PN14-4.edf"", ""train_files"": [""PN14-1.edf"", ""PN14-2.edf""]}]","[""PN14-1.edf"", ""PN14-2.edf"", ""PN14-4.edf""]",PN14,C0_LR,PN14-3.edf,nested
3,2,2,216,0,218,9880,31675,180,0,175,31320,0.66666666666666663,0.66666666666666663,24.827586206896552,1,2,2,4,3,5,2,6,0.31545338441890164,725,0.29999999999999999,False,False,"[{""validation_file"": ""PN14-1.edf"", ""train_files"": [""PN14-2.edf"", ""PN14-4.edf""]}, {""validation_file"": ""PN14-2.edf"", ""train_files"": [""PN14-1.edf"", ""PN14-4.edf""]}, {""validation_file"": ""PN14-4.edf"", ""train_files"": [""PN14-1.edf"", ""PN14-2.edf""]}]","[""PN14-1.edf"", ""PN14-2.edf"", ""PN14-4.edf""]",PN14,C0_LR,PN14-3.edf,nested
3,2,2,201,0,203,8720,31675,180,0,175,31320,0.66666666666666663,0.66666666666666663,23.103448275862068,1,2,2,6.5,6.25,6.75,6,7,0.2784163473818646,710,0.34999999999999998,False,False,"[{""validation_file"": ""PN14-1.edf"", ""train_files"": [""PN14-2.edf"", ""PN14-4.edf""]}, {""validation_file"": ""PN14-2.edf"", ""train_files"": [""PN14-1.edf"", ""PN14-4.edf""]}, {""validation_file"": ""PN14-4.edf"", ""train_files"": [""PN14-1.edf"", ""PN14-2.edf""]}]","[""PN14-1.edf"", ""PN14-2.edf"", ""PN14-4.edf""]",PN14,C0_LR,PN14-3.edf,nested
3,2,2,181,0,183,7620,31675,180,0,175,31320,0.66666666666666663,0.66666666666666663,20.804597701149426,1,2,2,6.5,6.25,6.75,6,7,0.24329501915708812,710,0.40000000000000002,False,False,"[{""validation_file"": ""PN14-1.edf"", ""train_files"": [""PN14-2.edf"", ""PN14-4.edf""]}, {""validation_file"": ""PN14-2.edf"", ""train_files"": [""PN14-1.edf"", ""PN14-4.edf""]}, {""validation_file"": ""PN14-4.edf"", ""train_files"": [""PN14-1.edf"", ""PN14-2.edf""]}]","[""PN14-1.edf"", ""PN14-2.edf"", ""PN14-4.edf""]",PN14,C0_LR,PN14-3.edf,nested
3,2,2,165,0,167,6825,31675,180,0,175,31320,0.66666666666666663,0.66666666666666663,18.96551724137931,1,2,2,6.5,6.25,6.75,6,7,0.21791187739463602,710,0.45000000000000001,False,False,"[{""validation_file"": ""PN14-1.edf"", ""train_files"": [""PN14-2.edf"", ""PN14-4.edf""]}, {""validation_file"": ""PN14-2.edf"", ""train_files"": [""PN14-1.edf"", ""PN14-4.edf""]}, {""validation_file"": ""PN14-4.edf"", ""train_files"": [""PN14-1.edf"", ""PN14-2.edf""]}]","[""PN14-1.edf"", ""PN14-2.edf"", ""PN14-4.edf""]",PN14,C0_LR,PN14-3.edf,nested
3,2,2,135,0,137,6000,31675,180,0,175,31320,0.66666666666666663,0.66666666666666663,15.517241379310345,1,2,2,6.5,6.25,6.75,6,7,0.19157088122605365,710,0.5,False,False,"[{""validation_file"": ""PN14-1.edf"", ""train_files"": [""PN14-2.edf"", ""PN14-4.edf""]}, {""validation_file"": ""PN14-2.edf"", ""train_files"": [""PN14-1.edf"", ""PN14-4.edf""]}, {""validation_file"": ""PN14-4.edf"", ""train_files"": [""PN14-1.edf"", ""PN14-2.edf""]}]","[""PN14-1.edf"", ""PN14-2.edf"", ""PN14-4.edf""]",PN14,C0_LR,PN14-3.edf,nested
3,2,2,132,0,134,5505,31675,180,0,175,31320,0.66666666666666663,0.66666666666666663,15.172413793103448,1,2,2,11.5,8.75,14.25,6,17,0.17576628352490423,710,0.55000000000000004,False,False,"[{""validation_file"": ""PN14-1.edf"", ""train_files"": [""PN14-2.edf"", ""PN14-4.edf""]}, {""validation_file"": ""PN14-2.edf"", ""train_files"": [""PN14-1.edf"", ""PN14-4.edf""]}, {""validation_file"": ""PN14-4.edf"", ""train_files"": [""PN14-1.edf"", ""PN14-2.edf""]}]","[""PN14-1.edf"", ""PN14-2.edf"", ""PN14-4.edf""]",PN14,C0_LR,PN14-3.edf,nested
3,1,1,126,0,127,5110,31675,180,0,175,31320,0.33333333333333331,0.33333333333333331,14.482758620689655,2,1,1,6,6,6,6,6,0.16315453384418901,695,0.59999999999999998,False,False,"[{""validation_file"": ""PN14-1.edf"", ""train_files"": [""PN14-2.edf"", ""PN14-4.edf""]}, {""validation_file"": ""PN14-2.edf"", ""train_files"": [""PN14-1.edf"", ""PN14-4.edf""]}, {""validation_file"": ""PN14-4.edf"", ""train_files"": [""PN14-1.edf"", ""PN14-2.edf""]}]","[""PN14-1.edf"", ""PN14-2.edf"", ""PN14-4.edf""]",PN14,C0_LR,PN14-3.edf,nested
3,1,1,125,0,126,4600,31675,180,0,175,31320,0.33333333333333331,0.33333333333333331,14.367816091954023,2,1,1,6,6,6,6,6,0.14687100893997446,695,0.65000000000000002,False,False,"[{""validation_file"": ""PN14-1.edf"", ""train_files"": [""PN14-2.edf"", ""PN14-4.edf""]}, {""validation_file"": ""PN14-2.edf"", ""train_files"": [""PN14-1.edf"", ""PN14-4.edf""]}, {""validation_file"": ""PN14-4.edf"", ""train_files"": [""PN14-1.edf"", ""PN14-2.edf""]}]","[""PN14-1.edf"", ""PN14-2.edf"", ""PN14-4.edf""]",PN14,C0_LR,PN14-3.edf,nested
3,1,1,104,0,105,4065,31675,180,0,175,31320,0.33333333333333331,0.33333333333333331,11.954022988505747,2,1,1,6,6,6,6,6,0.12978927203065135,695,0.69999999999999996,False,False,"[{""validation_file"": ""PN14-1.edf"", ""train_files"": [""PN14-2.edf"", ""PN14-4.edf""]}, {""validation_file"": ""PN14-2.edf"", ""train_files"": [""PN14-1.edf"", ""PN14-4.edf""]}, {""validation_file"": ""PN14-4.edf"", ""train_files"": [""PN14-1.edf"", ""PN14-2.edf""]}]","[""PN14-1.edf"", ""PN14-2.edf"", ""PN14-4.edf""]",PN14,C0_LR,PN14-3.edf,nested
3,1,1,92,0,93,3680,31675,180,0,175,31320,0.33333333333333331,0.33333333333333331,10.574712643678161,2,1,1,6,6,6,6,6,0.11749680715197956,695,0.75,False,False,"[{""validation_file"": ""PN14-1.edf"", ""train_files"": [""PN14-2.edf"", ""PN14-4.edf""]}, {""validation_file"": ""PN14-2.edf"", ""train_files"": [""PN14-1.edf"", ""PN14-4.edf""]}, {""validation_file"": ""PN14-4.edf"", ""train_files"": [""PN14-1.edf"", ""PN14-2.edf""]}]","[""PN14-1.edf"", ""PN14-2.edf"", ""PN14-4.edf""]",PN14,C0_LR,PN14-3.edf,nested
3,1,1,89,0,90,3350,31675,180,0,175,31320,0.33333333333333331,0.33333333333333331,10.229885057471265,2,1,1,11,11,11,11,11,0.10696040868454662,695,0.80000000000000004,False,False,"[{""validation_file"": ""PN14-1.edf"", ""train_files"": [""PN14-2.edf"", ""PN14-4.edf""]}, {""validation_file"": ""PN14-2.edf"", ""train_files"": [""PN14-1.edf"", ""PN14-4.edf""]}, {""validation_file"": ""PN14-4.edf"", ""train_files"": [""PN14-1.edf"", ""PN14-2.edf""]}]","[""PN14-1.edf"", ""PN14-2.edf"", ""PN14-4.edf""]",PN14,C0_LR,PN14-3.edf,nested
3,1,1,76,0,77,2875,31675,180,0,175,31320,0.33333333333333331,0.33333333333333331,8.7356321839080469,2,1,1,11,11,11,11,11,0.091794380587484042,545,0.84999999999999998,False,False,"[{""validation_file"": ""PN14-1.edf"", ""train_files"": [""PN14-2.edf"", ""PN14-4.edf""]}, {""validation_file"": ""PN14-2.edf"", ""train_files"": [""PN14-1.edf"", ""PN14-4.edf""]}, {""validation_file"": ""PN14-4.edf"", ""train_files"": [""PN14-1.edf"", ""PN14-2.edf""]}]","[""PN14-1.edf"", ""PN14-2.edf"", ""PN14-4.edf""]",PN14,C0_LR,PN14-3.edf,nested
3,1,1,61,0,62,2325,31675,180,0,175,31320,0.33333333333333331,0.33333333333333331,7.0114942528735629,2,1,1,11,11,11,11,11,0.074233716475095787,540,0.90000000000000002,False,False,"[{""validation_file"": ""PN14-1.edf"", ""train_files"": [""PN14-2.edf"", ""PN14-4.edf""]}, {""validation_file"": ""PN14-2.edf"", ""train_files"": [""PN14-1.edf"", ""PN14-4.edf""]}, {""validation_file"": ""PN14-4.edf"", ""train_files"": [""PN14-1.edf"", ""PN14-2.edf""]}]","[""PN14-1.edf"", ""PN14-2.edf"", ""PN14-4.edf""]",PN14,C0_LR,PN14-3.edf,nested
3,0,0,43,0,43,1925,31675,180,0,175,31320,0,0,4.9425287356321839,3,0,0,,,,,,0.061462324393358879,515,0.94999999999999996,False,False,"[{""validation_file"": ""PN14-1.edf"", ""train_files"": [""PN14-2.edf"", ""PN14-4.edf""]}, {""validation_file"": ""PN14-2.edf"", ""train_files"": [""PN14-1.edf"", ""PN14-4.edf""]}, {""validation_file"": ""PN14-4.edf"", ""train_files"": [""PN14-1.edf"", ""PN14-2.edf""]}]","[""PN14-1.edf"", ""PN14-2.edf"", ""PN14-4.edf""]",PN14,C0_LR,PN14-3.edf,nested
3,0,0,0,0,0,0,31675,180,0,175,31320,0,0,0,3,0,0,,,,,,0,0,1.01,True,True,"[{""validation_file"": ""PN14-1.edf"", ""train_files"": [""PN14-2.edf"", ""PN14-4.edf""]}, {""validation_file"": ""PN14-2.edf"", ""train_files"": [""PN14-1.edf"", ""PN14-4.edf""]}, {""validation_file"": ""PN14-4.edf"", ""train_files"": [""PN14-1.edf"", ""PN14-2.edf""]}]","[""PN14-1.edf"", ""PN14-2.edf"", ""PN14-4.edf""]",PN14,C0_LR,PN14-3.edf,nested
3,0,1,343,0,343,39403,59028,180,0,330,58518,0,0.33333333333333331,21.101199630882807,3,0,0,,,,,,0.67334837144126591,3070,0.050000000000000003,False,False,"[{""validation_file"": ""PN14-1.edf"", ""train_files"": [""PN14-2.edf"", ""PN14-3.edf""]}, {""validation_file"": ""PN14-2.edf"", ""train_files"": [""PN14-1.edf"", ""PN14-3.edf""]}, {""validation_file"": ""PN14-3.edf"", ""train_files"": [""PN14-1.edf"", ""PN14-2.edf""]}]","[""PN14-1.edf"", ""PN14-2.edf"", ""PN14-3.edf""]",PN14,C0_LR,PN14-4.edf,nested
3,1,1,356,0,357,29920,59028,180,0,330,58518,0.33333333333333331,0.33333333333333331,21.900953552752998,2,1,1,6,6,6,6,6,0.51129566970846574,3060,0.10000000000000001,False,False,"[{""validation_file"": ""PN14-1.edf"", ""train_files"": [""PN14-2.edf"", ""PN14-3.edf""]}, {""validation_file"": ""PN14-2.edf"", ""train_files"": [""PN14-1.edf"", ""PN14-3.edf""]}, {""validation_file"": ""PN14-3.edf"", ""train_files"": [""PN14-1.edf"", ""PN14-2.edf""]}]","[""PN14-1.edf"", ""PN14-2.edf"", ""PN14-3.edf""]",PN14,C0_LR,PN14-4.edf,nested
3,0,0,353,0,353,24685,59028,180,0,330,58518,0,0,21.716394955398339,3,0,0,,,,,,0.42183601626849859,2855,0.14999999999999999,False,False,"[{""validation_file"": ""PN14-1.edf"", ""train_files"": [""PN14-2.edf"", ""PN14-3.edf""]}, {""validation_file"": ""PN14-2.edf"", ""train_files"": [""PN14-1.edf"", ""PN14-3.edf""]}, {""validation_file"": ""PN14-3.edf"", ""train_files"": [""PN14-1.edf"", ""PN14-2.edf""]}]","[""PN14-1.edf"", ""PN14-2.edf"", ""PN14-3.edf""]",PN14,C0_LR,PN14-4.edf,nested
3,0,0,344,0,344,20360,59028,180,0,330,58518,0,0,21.162719163334359,3,0,0,,,,,,0.34792713353156296,1440,0.20000000000000001,False,False,"[{""validation_file"": ""PN14-1.edf"", ""train_files"": [""PN14-2.edf"", ""PN14-3.edf""]}, {""validation_file"": ""PN14-2.edf"", ""train_files"": [""PN14-1.edf"", ""PN14-3.edf""]}, {""validation_file"": ""PN14-3.edf"", ""train_files"": [""PN14-1.edf"", ""PN14-2.edf""]}]","[""PN14-1.edf"", ""PN14-2.edf"", ""PN14-3.edf""]",PN14,C0_LR,PN14-4.edf,nested
3,0,0,348,0,348,16215,59028,180,0,330,58518,0,0,21.408797293140573,3,0,0,,,,,,0.27709422741720496,535,0.25,False,False,"[{""validation_file"": ""PN14-1.edf"", ""train_files"": [""PN14-2.edf"", ""PN14-3.edf""]}, {""validation_file"": ""PN14-2.edf"", ""train_files"": [""PN14-1.edf"", ""PN14-3.edf""]}, {""validation_file"": ""PN14-3.edf"", ""train_files"": [""PN14-1.edf"", ""PN14-2.edf""]}]","[""PN14-1.edf"", ""PN14-2.edf"", ""PN14-3.edf""]",PN14,C0_LR,PN14-4.edf,nested
3,0,0,342,0,342,12605,59028,180,0,330,58518,0,0,21.039680098431251,3,0,0,,,,,,0.21540380737550838,325,0.29999999999999999,False,False,"[{""validation_file"": ""PN14-1.edf"", ""train_files"": [""PN14-2.edf"", ""PN14-3.edf""]}, {""validation_file"": ""PN14-2.edf"", ""train_files"": [""PN14-1.edf"", ""PN14-3.edf""]}, {""validation_file"": ""PN14-3.edf"", ""train_files"": [""PN14-1.edf"", ""PN14-2.edf""]}]","[""PN14-1.edf"", ""PN14-2.edf"", ""PN14-3.edf""]",PN14,C0_LR,PN14-4.edf,nested
3,0,0,313,0,313,9810,59028,180,0,330,58518,0,0,19.255613657336205,3,0,0,,,,,,0.16764072593048293,175,0.34999999999999998,False,False,"[{""validation_file"": ""PN14-1.edf"", ""train_files"": [""PN14-2.edf"", ""PN14-3.edf""]}, {""validation_file"": ""PN14-2.edf"", ""train_files"": [""PN14-1.edf"", ""PN14-3.edf""]}, {""validation_file"": ""PN14-3.edf"", ""train_files"": [""PN14-1.edf"", ""PN14-2.edf""]}]","[""PN14-1.edf"", ""PN14-2.edf"", ""PN14-3.edf""]",PN14,C0_LR,PN14-4.edf,nested
3,0,0,259,0,259,7590,59028,180,0,330,58518,0,0,15.933558904952323,3,0,0,,,,,,0.12970368091869169,135,0.40000000000000002,False,False,"[{""validation_file"": ""PN14-1.edf"", ""train_files"": [""PN14-2.edf"", ""PN14-3.edf""]}, {""validation_file"": ""PN14-2.edf"", ""train_files"": [""PN14-1.edf"", ""PN14-3.edf""]}, {""validation_file"": ""PN14-3.edf"", ""train_files"": [""PN14-1.edf"", ""PN14-2.edf""]}]","[""PN14-1.edf"", ""PN14-2.edf"", ""PN14-3.edf""]",PN14,C0_LR,PN14-4.edf,nested
3,0,0,213,0,213,5775,59028,180,0,330,58518,0,0,13.103660412180867,3,0,0,,,,,,0.098687583307700194,110,0.45000000000000001,False,False,"[{""validation_file"": ""PN14-1.edf"", ""train_files"": [""PN14-2.edf"", ""PN14-3.edf""]}, {""validation_file"": ""PN14-2.edf"", ""train_files"": [""PN14-1.edf"", ""PN14-3.edf""]}, {""validation_file"": ""PN14-3.edf"", ""train_files"": [""PN14-1.edf"", ""PN14-2.edf""]}]","[""PN14-1.edf"", ""PN14-2.edf"", ""PN14-3.edf""]",PN14,C0_LR,PN14-4.edf,nested
3,0,0,178,0,178,4515,59028,180,0,330,58518,0,0,10.950476776376499,3,0,0,,,,,,0.077155746949656517,110,0.5,False,False,"[{""validation_file"": ""PN14-1.edf"", ""train_files"": [""PN14-2.edf"", ""PN14-3.edf""]}, {""validation_file"": ""PN14-2.edf"", ""train_files"": [""PN14-1.edf"", ""PN14-3.edf""]}, {""validation_file"": ""PN14-3.edf"", ""train_files"": [""PN14-1.edf"", ""PN14-2.edf""]}]","[""PN14-1.edf"", ""PN14-2.edf"", ""PN14-3.edf""]",PN14,C0_LR,PN14-4.edf,nested
3,0,0,155,0,155,3580,59028,180,0,330,58518,0,0,9.5355275299907714,3,0,0,,,,,,0.06117775727126696,105,0.55000000000000004,False,False,"[{""validation_file"": ""PN14-1.edf"", ""train_files"": [""PN14-2.edf"", ""PN14-3.edf""]}, {""validation_file"": ""PN14-2.edf"", ""train_files"": [""PN14-1.edf"", ""PN14-3.edf""]}, {""validation_file"": ""PN14-3.edf"", ""train_files"": [""PN14-1.edf"", ""PN14-2.edf""]}]","[""PN14-1.edf"", ""PN14-2.edf"", ""PN14-3.edf""]",PN14,C0_LR,PN14-4.edf,nested
3,0,0,128,0,128,2945,59028,180,0,330,58518,0,0,7.8745001537988308,3,0,0,,,,,,0.050326395297173518,85,0.59999999999999998,False,False,"[{""validation_file"": ""PN14-1.edf"", ""train_files"": [""PN14-2.edf"", ""PN14-3.edf""]}, {""validation_file"": ""PN14-2.edf"", ""train_files"": [""PN14-1.edf"", ""PN14-3.edf""]}, {""validation_file"": ""PN14-3.edf"", ""train_files"": [""PN14-1.edf"", ""PN14-2.edf""]}]","[""PN14-1.edf"", ""PN14-2.edf"", ""PN14-3.edf""]",PN14,C0_LR,PN14-4.edf,nested
3,0,0,113,0,113,2425,59028,180,0,330,58518,0,0,6.951707167025531,3,0,0,,,,,,0.041440240609726925,75,0.65000000000000002,False,False,"[{""validation_file"": ""PN14-1.edf"", ""train_files"": [""PN14-2.edf"", ""PN14-3.edf""]}, {""validation_file"": ""PN14-2.edf"", ""train_files"": [""PN14-1.edf"", ""PN14-3.edf""]}, {""validation_file"": ""PN14-3.edf"", ""train_files"": [""PN14-1.edf"", ""PN14-2.edf""]}]","[""PN14-1.edf"", ""PN14-2.edf"", ""PN14-3.edf""]",PN14,C0_LR,PN14-4.edf,nested
3,0,0,93,0,93,1870,59028,180,0,330,58518,0,0,5.7213165179944632,3,0,0,,,,,,0.031955979356779109,60,0.69999999999999996,False,False,"[{""validation_file"": ""PN14-1.edf"", ""train_files"": [""PN14-2.edf"", ""PN14-3.edf""]}, {""validation_file"": ""PN14-2.edf"", ""train_files"": [""PN14-1.edf"", ""PN14-3.edf""]}, {""validation_file"": ""PN14-3.edf"", ""train_files"": [""PN14-1.edf"", ""PN14-2.edf""]}]","[""PN14-1.edf"", ""PN14-2.edf"", ""PN14-3.edf""]",PN14,C0_LR,PN14-4.edf,nested
3,0,0,70,0,70,1385,59028,180,0,330,58518,0,0,4.3063672716087353,3,0,0,,,,,,0.023667931234833725,60,0.75,False,False,"[{""validation_file"": ""PN14-1.edf"", ""train_files"": [""PN14-2.edf"", ""PN14-3.edf""]}, {""validation_file"": ""PN14-2.edf"", ""train_files"": [""PN14-1.edf"", ""PN14-3.edf""]}, {""validation_file"": ""PN14-3.edf"", ""train_files"": [""PN14-1.edf"", ""PN14-2.edf""]}]","[""PN14-1.edf"", ""PN14-2.edf"", ""PN14-3.edf""]",PN14,C0_LR,PN14-4.edf,nested
3,0,0,54,0,54,1055,59028,180,0,330,58518,0,0,3.3220547523838819,3,0,0,,,,,,0.018028640760107999,60,0.80000000000000004,False,False,"[{""validation_file"": ""PN14-1.edf"", ""train_files"": [""PN14-2.edf"", ""PN14-3.edf""]}, {""validation_file"": ""PN14-2.edf"", ""train_files"": [""PN14-1.edf"", ""PN14-3.edf""]}, {""validation_file"": ""PN14-3.edf"", ""train_files"": [""PN14-1.edf"", ""PN14-2.edf""]}]","[""PN14-1.edf"", ""PN14-2.edf"", ""PN14-3.edf""]",PN14,C0_LR,PN14-4.edf,nested
3,0,0,37,0,37,735,59028,180,0,330,58518,0,0,2.2762227007074745,3,0,0,,,,,,0.012560237875525479,55,0.84999999999999998,False,False,"[{""validation_file"": ""PN14-1.edf"", ""train_files"": [""PN14-2.edf"", ""PN14-3.edf""]}, {""validation_file"": ""PN14-2.edf"", ""train_files"": [""PN14-1.edf"", ""PN14-3.edf""]}, {""validation_file"": ""PN14-3.edf"", ""train_files"": [""PN14-1.edf"", ""PN14-2.edf""]}]","[""PN14-1.edf"", ""PN14-2.edf"", ""PN14-3.edf""]",PN14,C0_LR,PN14-4.edf,nested
3,0,0,27,0,27,545,59028,180,0,330,58518,0,0,1.661027376191941,3,0,0,,,,,,0.0093133736628046079,55,0.90000000000000002,False,False,"[{""validation_file"": ""PN14-1.edf"", ""train_files"": [""PN14-2.edf"", ""PN14-3.edf""]}, {""validation_file"": ""PN14-2.edf"", ""train_files"": [""PN14-1.edf"", ""PN14-3.edf""]}, {""validation_file"": ""PN14-3.edf"", ""train_files"": [""PN14-1.edf"", ""PN14-2.edf""]}]","[""PN14-1.edf"", ""PN14-2.edf"", ""PN14-3.edf""]",PN14,C0_LR,PN14-4.edf,nested
3,0,0,17,0,17,245,59028,180,0,330,58518,0,0,1.0458320516764072,3,0,0,,,,,,0.0041867459585084935,45,0.94999999999999996,False,False,"[{""validation_file"": ""PN14-1.edf"", ""train_files"": [""PN14-2.edf"", ""PN14-3.edf""]}, {""validation_file"": ""PN14-2.edf"", ""train_files"": [""PN14-1.edf"", ""PN14-3.edf""]}, {""validation_file"": ""PN14-3.edf"", ""train_files"": [""PN14-1.edf"", ""PN14-2.edf""]}]","[""PN14-1.edf"", ""PN14-2.edf"", ""PN14-3.edf""]",PN14,C0_LR,PN14-4.edf,nested
3,0,0,0,0,0,0,59028,180,0,330,58518,0,0,0,3,0,0,,,,,,0,0,1.01,True,True,"[{""validation_file"": ""PN14-1.edf"", ""train_files"": [""PN14-2.edf"", ""PN14-3.edf""]}, {""validation_file"": ""PN14-2.edf"", ""train_files"": [""PN14-1.edf"", ""PN14-3.edf""]}, {""validation_file"": ""PN14-3.edf"", ""train_files"": [""PN14-1.edf"", ""PN14-2.edf""]}]","[""PN14-1.edf"", ""PN14-2.edf"", ""PN14-3.edf""]",PN14,C0_LR,PN14-4.edf,nested
3,2,2,437,0,439,18927,65802,180,0,505,65117,0.66666666666666663,0.66666666666666663,24.159589661685889,1,2,2,14,10,18,6,22,0.29066142481993951,340,0.050000000000000003,False,False,"[{""validation_file"": ""PN14-2.edf"", ""train_files"": [""PN14-3.edf"", ""PN14-4.edf""]}, {""validation_file"": ""PN14-3.edf"", ""train_files"": [""PN14-2.edf"", ""PN14-4.edf""]}, {""validation_file"": ""PN14-4.edf"", ""train_files"": [""PN14-2.edf"", ""PN14-3.edf""]}]","[""PN14-2.edf"", ""PN14-3.edf"", ""PN14-4.edf""]",PN14,C1_RF,PN14-1.edf,nested
3,1,1,409,0,410,13712,65802,180,0,505,65117,0.33333333333333331,0.33333333333333331,22.61160680006757,2,1,1,6,6,6,6,6,0.21057481149315846,235,0.10000000000000001,False,False,"[{""validation_file"": ""PN14-2.edf"", ""train_files"": [""PN14-3.edf"", ""PN14-4.edf""]}, {""validation_file"": ""PN14-3.edf"", ""train_files"": [""PN14-2.edf"", ""PN14-4.edf""]}, {""validation_file"": ""PN14-4.edf"", ""train_files"": [""PN14-2.edf"", ""PN14-3.edf""]}]","[""PN14-2.edf"", ""PN14-3.edf"", ""PN14-4.edf""]",PN14,C1_RF,PN14-1.edf,nested
3,1,1,389,0,390,10662,65802,180,0,505,65117,0.33333333333333331,0.33333333333333331,21.505904756054488,2,1,1,6,6,6,6,6,0.16373604435093755,165,0.14999999999999999,False,False,"[{""validation_file"": ""PN14-2.edf"", ""train_files"": [""PN14-3.edf"", ""PN14-4.edf""]}, {""validation_file"": ""PN14-3.edf"", ""train_files"": [""PN14-2.edf"", ""PN14-4.edf""]}, {""validation_file"": ""PN14-4.edf"", ""train_files"": [""PN14-2.edf"", ""PN14-3.edf""]}]","[""PN14-2.edf"", ""PN14-3.edf"", ""PN14-4.edf""]",PN14,C1_RF,PN14-1.edf,nested
3,1,1,352,0,353,8137,65802,180,0,505,65117,0.33333333333333331,0.33333333333333331,19.460355974630282,2,1,1,6,6,6,6,6,0.12495968794631203,120,0.20000000000000001,False,False,"[{""validation_file"": ""PN14-2.edf"", ""train_files"": [""PN14-3.edf"", ""PN14-4.edf""]}, {""validation_file"": ""PN14-3.edf"", ""train_files"": [""PN14-2.edf"", ""PN14-4.edf""]}, {""validation_file"": ""PN14-4.edf"", ""train_files"": [""PN14-2.edf"", ""PN14-3.edf""]}]","[""PN14-2.edf"", ""PN14-3.edf"", ""PN14-4.edf""]",PN14,C1_RF,PN14-1.edf,nested
3,1,1,314,0,315,7162,65802,180,0,505,65117,0.33333333333333331,0.33333333333333331,17.35952209100542,2,1,1,6,6,6,6,6,0.10998663943363485,120,0.25,False,False,"[{""validation_file"": ""PN14-2.edf"", ""train_files"": [""PN14-3.edf"", ""PN14-4.edf""]}, {""validation_file"": ""PN14-3.edf"", ""train_files"": [""PN14-2.edf"", ""PN14-4.edf""]}, {""validation_file"": ""PN14-4.edf"", ""train_files"": [""PN14-2.edf"", ""PN14-3.edf""]}]","[""PN14-2.edf"", ""PN14-3.edf"", ""PN14-4.edf""]",PN14,C1_RF,PN14-1.edf,nested
3,1,1,278,0,279,6132,65802,180,0,505,65117,0.33333333333333331,0.33333333333333331,15.369258411781869,2,1,1,6,6,6,6,6,0.094168957415114329,120,0.29999999999999999,False,False,"[{""validation_file"": ""PN14-2.edf"", ""train_files"": [""PN14-3.edf"", ""PN14-4.edf""]}, {""validation_file"": ""PN14-3.edf"", ""train_files"": [""PN14-2.edf"", ""PN14-4.edf""]}, {""validation_file"": ""PN14-4.edf"", ""train_files"": [""PN14-2.edf"", ""PN14-3.edf""]}]","[""PN14-2.edf"", ""PN14-3.edf"", ""PN14-4.edf""]",PN14,C1_RF,PN14-1.edf,nested
3,1,1,256,0,257,5527,65802,180,0,505,65117,0.33333333333333331,0.33333333333333331,14.152986163367476,2,1,1,6,6,6,6,6,0.084877988850837721,115,0.34999999999999998,False,False,"[{""validation_file"": ""PN14-2.edf"", ""train_files"": [""PN14-3.edf"", ""PN14-4.edf""]}, {""validation_file"": ""PN14-3.edf"", ""train_files"": [""PN14-2.edf"", ""PN14-4.edf""]}, {""validation_file"": ""PN14-4.edf"", ""train_files"": [""PN14-2.edf"", ""PN14-3.edf""]}]","[""PN14-2.edf"", ""PN14-3.edf"", ""PN14-4.edf""]",PN14,C1_RF,PN14-1.edf,nested
3,1,1,234,0,235,4892,65802,180,0,505,65117,0.33333333333333331,0.33333333333333331,12.936713914953085,2,1,1,6,6,6,6,6,0.075126311101555668,90,0.40000000000000002,False,False,"[{""validation_file"": ""PN14-2.edf"", ""train_files"": [""PN14-3.edf"", ""PN14-4.edf""]}, {""validation_file"": ""PN14-3.edf"", ""train_files"": [""PN14-2.edf"", ""PN14-4.edf""]}, {""validation_file"": ""PN14-4.edf"", ""train_files"": [""PN14-2.edf"", ""PN14-3.edf""]}]","[""PN14-2.edf"", ""PN14-3.edf"", ""PN14-4.edf""]",PN14,C1_RF,PN14-1.edf,nested
3,0,0,215,0,215,4447,65802,180,0,505,65117,0,0,11.886296973140654,3,0,0,,,,,,0.068292458190641461,90,0.45000000000000001,False,False,"[{""validation_file"": ""PN14-2.edf"", ""train_files"": [""PN14-3.edf"", ""PN14-4.edf""]}, {""validation_file"": ""PN14-3.edf"", ""train_files"": [""PN14-2.edf"", ""PN14-4.edf""]}, {""validation_file"": ""PN14-4.edf"", ""train_files"": [""PN14-2.edf"", ""PN14-3.edf""]}]","[""PN14-2.edf"", ""PN14-3.edf"", ""PN14-4.edf""]",PN14,C1_RF,PN14-1.edf,nested
3,0,0,195,0,195,3992,65802,180,0,505,65117,0,0,10.78059492912757,3,0,0,,,,,,0.061305035551392106,90,0.5,False,False,"[{""validation_file"": ""PN14-2.edf"", ""train_files"": [""PN14-3.edf"", ""PN14-4.edf""]}, {""validation_file"": ""PN14-3.edf"", ""train_files"": [""PN14-2.edf"", ""PN14-4.edf""]}, {""validation_file"": ""PN14-4.edf"", ""train_files"": [""PN14-2.edf"", ""PN14-3.edf""]}]","[""PN14-2.edf"", ""PN14-3.edf"", ""PN14-4.edf""]",PN14,C1_RF,PN14-1.edf,nested
3,0,0,181,0,181,3667,65802,180,0,505,65117,0,0,10.006603498318411,3,0,0,,,,,,0.056314019380499715,90,0.55000000000000004,False,False,"[{""validation_file"": ""PN14-2.edf"", ""train_files"": [""PN14-3.edf"", ""PN14-4.edf""]}, {""validation_file"": ""PN14-3.edf"", ""train_files"": [""PN14-2.edf"", ""PN14-4.edf""]}, {""validation_file"": ""PN14-4.edf"", ""train_files"": [""PN14-2.edf"", ""PN14-3.edf""]}]","[""PN14-2.edf"", ""PN14-3.edf"", ""PN14-4.edf""]",PN14,C1_RF,PN14-1.edf,nested
3,0,0,171,0,171,3405,65802,180,0,505,65117,0,0,9.4537524763118697,3,0,0,,,,,,0.052290492498118769,85,0.59999999999999998,False,False,"[{""validation_file"": ""PN14-2.edf"", ""train_files"": [""PN14-3.edf"", ""PN14-4.edf""]}, {""validation_file"": ""PN14-3.edf"", ""train_files"": [""PN14-2.edf"", ""PN14-4.edf""]}, {""validation_file"": ""PN14-4.edf"", ""train_files"": [""PN14-2.edf"", ""PN14-3.edf""]}]","[""PN14-2.edf"", ""PN14-3.edf"", ""PN14-4.edf""]",PN14,C1_RF,PN14-1.edf,nested
3,0,0,160,0,160,3015,65802,180,0,505,65117,0,0,8.845616352104674,3,0,0,,,,,,0.0463012730930479,55,0.65000000000000002,False,False,"[{""validation_file"": ""PN14-2.edf"", ""train_files"": [""PN14-3.edf"", ""PN14-4.edf""]}, {""validation_file"": ""PN14-3.edf"", ""train_files"": [""PN14-2.edf"", ""PN14-4.edf""]}, {""validation_file"": ""PN14-4.edf"", ""train_files"": [""PN14-2.edf"", ""PN14-3.edf""]}]","[""PN14-2.edf"", ""PN14-3.edf"", ""PN14-4.edf""]",PN14,C1_RF,PN14-1.edf,nested
3,0,0,137,0,137,2465,65802,180,0,505,65117,0,0,7.5740590014896263,3,0,0,,,,,,0.037854938034614614,55,0.69999999999999996,False,False,"[{""validation_file"": ""PN14-2.edf"", ""train_files"": [""PN14-3.edf"", ""PN14-4.edf""]}, {""validation_file"": ""PN14-3.edf"", ""train_files"": [""PN14-2.edf"", ""PN14-4.edf""]}, {""validation_file"": ""PN14-4.edf"", ""train_files"": [""PN14-2.edf"", ""PN14-3.edf""]}]","[""PN14-2.edf"", ""PN14-3.edf"", ""PN14-4.edf""]",PN14,C1_RF,PN14-1.edf,nested
3,0,0,97,0,97,1750,65802,180,0,505,65117,0,0,5.3626549134634578,3,0,0,,,,,,0.02687470245865135,55,0.75,False,False,"[{""validation_file"": ""PN14-2.edf"", ""train_files"": [""PN14-3.edf"", ""PN14-4.edf""]}, {""validation_file"": ""PN14-3.edf"", ""train_files"": [""PN14-2.edf"", ""PN14-4.edf""]}, {""validation_file"": ""PN14-4.edf"", ""train_files"": [""PN14-2.edf"", ""PN14-3.edf""]}]","[""PN14-2.edf"", ""PN14-3.edf"", ""PN14-4.edf""]",PN14,C1_RF,PN14-1.edf,nested
3,0,0,64,0,64,1080,65802,180,0,505,65117,0,0,3.5382465408418691,3,0,0,,,,,,0.016585530660196263,30,0.80000000000000004,False,False,"[{""validation_file"": ""PN14-2.edf"", ""train_files"": [""PN14-3.edf"", ""PN14-4.edf""]}, {""validation_file"": ""PN14-3.edf"", ""train_files"": [""PN14-2.edf"", ""PN14-4.edf""]}, {""validation_file"": ""PN14-4.edf"", ""train_files"": [""PN14-2.edf"", ""PN14-3.edf""]}]","[""PN14-2.edf"", ""PN14-3.edf"", ""PN14-4.edf""]",PN14,C1_RF,PN14-1.edf,nested
3,0,0,38,0,38,645,65802,180,0,505,65117,0,0,2.1008338836248597,3,0,0,,,,,,0.0099052474776172121,30,0.84999999999999998,False,False,"[{""validation_file"": ""PN14-2.edf"", ""train_files"": [""PN14-3.edf"", ""PN14-4.edf""]}, {""validation_file"": ""PN14-3.edf"", ""train_files"": [""PN14-2.edf"", ""PN14-4.edf""]}, {""validation_file"": ""PN14-4.edf"", ""train_files"": [""PN14-2.edf"", ""PN14-3.edf""]}]","[""PN14-2.edf"", ""PN14-3.edf"", ""PN14-4.edf""]",PN14,C1_RF,PN14-1.edf,nested
3,0,0,24,0,24,370,65802,180,0,505,65117,0,0,1.326842452815701,3,0,0,,,,,,0.0056820799484005712,30,0.90000000000000002,False,False,"[{""validation_file"": ""PN14-2.edf"", ""train_files"": [""PN14-3.edf"", ""PN14-4.edf""]}, {""validation_file"": ""PN14-3.edf"", ""train_files"": [""PN14-2.edf"", ""PN14-4.edf""]}, {""validation_file"": ""PN14-4.edf"", ""train_files"": [""PN14-2.edf"", ""PN14-3.edf""]}]","[""PN14-2.edf"", ""PN14-3.edf"", ""PN14-4.edf""]",PN14,C1_RF,PN14-1.edf,nested
3,0,0,8,0,8,105,65802,180,0,505,65117,0,0,0.44228081760523363,3,0,0,,,,,,0.0016124821475190811,20,0.94999999999999996,True,False,"[{""validation_file"": ""PN14-2.edf"", ""train_files"": [""PN14-3.edf"", ""PN14-4.edf""]}, {""validation_file"": ""PN14-3.edf"", ""train_files"": [""PN14-2.edf"", ""PN14-4.edf""]}, {""validation_file"": ""PN14-4.edf"", ""train_files"": [""PN14-2.edf"", ""PN14-3.edf""]}]","[""PN14-2.edf"", ""PN14-3.edf"", ""PN14-4.edf""]",PN14,C1_RF,PN14-1.edf,nested
3,0,0,0,0,0,0,65802,180,0,505,65117,0,0,0,3,0,0,,,,,,0,0,1.01,True,True,"[{""validation_file"": ""PN14-2.edf"", ""train_files"": [""PN14-3.edf"", ""PN14-4.edf""]}, {""validation_file"": ""PN14-3.edf"", ""train_files"": [""PN14-2.edf"", ""PN14-4.edf""]}, {""validation_file"": ""PN14-4.edf"", ""train_files"": [""PN14-2.edf"", ""PN14-3.edf""]}]","[""PN14-2.edf"", ""PN14-3.edf"", ""PN14-4.edf""]",PN14,C1_RF,PN14-1.edf,nested
3,0,0,434,0,434,19377,64505,180,0,505,63820,0,0,24.48135380758383,3,0,0,,,,,,0.30361955499843307,745,0.050000000000000003,False,False,"[{""validation_file"": ""PN14-1.edf"", ""train_files"": [""PN14-3.edf"", ""PN14-4.edf""]}, {""validation_file"": ""PN14-3.edf"", ""train_files"": [""PN14-1.edf"", ""PN14-4.edf""]}, {""validation_file"": ""PN14-4.edf"", ""train_files"": [""PN14-1.edf"", ""PN14-3.edf""]}]","[""PN14-1.edf"", ""PN14-3.edf"", ""PN14-4.edf""]",PN14,C1_RF,PN14-2.edf,nested
3,0,0,331,0,331,14342,64505,180,0,505,63820,0,0,18.671262926982138,3,0,0,,,,,,0.2247257912879975,715,0.10000000000000001,False,False,"[{""validation_file"": ""PN14-1.edf"", ""train_files"": [""PN14-3.edf"", ""PN14-4.edf""]}, {""validation_file"": ""PN14-3.edf"", ""train_files"": [""PN14-1.edf"", ""PN14-4.edf""]}, {""validation_file"": ""PN14-4.edf"", ""train_files"": [""PN14-1.edf"", ""PN14-3.edf""]}]","[""PN14-1.edf"", ""PN14-3.edf"", ""PN14-4.edf""]",PN14,C1_RF,PN14-2.edf,nested
3,0,0,261,0,261,11877,64505,180,0,505,63820,0,0,14.722657474146036,3,0,0,,,,,,0.18610153556878722,715,0.14999999999999999,False,False,"[{""validation_file"": ""PN14-1.edf"", ""train_files"": [""PN14-3.edf"", ""PN14-4.edf""]}, {""validation_file"": ""PN14-3.edf"", ""train_files"": [""PN14-1.edf"", ""PN14-4.edf""]}, {""validation_file"": ""PN14-4.edf"", ""train_files"": [""PN14-1.edf"", ""PN14-3.edf""]}]","[""PN14-1.edf"", ""PN14-3.edf"", ""PN14-4.edf""]",PN14,C1_RF,PN14-2.edf,nested
3,0,0,237,0,237,11082,64505,180,0,505,63820,0,0,13.368849890316515,3,0,0,,,,,,0.17364462550924475,715,0.20000000000000001,False,False,"[{""validation_file"": ""PN14-1.edf"", ""train_files"": [""PN14-3.edf"", ""PN14-4.edf""]}, {""validation_file"": ""PN14-3.edf"", ""train_files"": [""PN14-1.edf"", ""PN14-4.edf""]}, {""validation_file"": ""PN14-4.edf"", ""train_files"": [""PN14-1.edf"", ""PN14-3.edf""]}]","[""PN14-1.edf"", ""PN14-3.edf"", ""PN14-4.edf""]",PN14,C1_RF,PN14-2.edf,nested
3,0,0,222,0,222,10317,64505,180,0,505,63820,0,0,12.522720150423066,3,0,0,,,,,,0.16165778752742088,615,0.25,False,False,"[{""validation_file"": ""PN14-1.edf"", ""train_files"": [""PN14-3.edf"", ""PN14-4.edf""]}, {""validation_file"": ""PN14-3.edf"", ""train_files"": [""PN14-1.edf"", ""PN14-4.edf""]}, {""validation_file"": ""PN14-4.edf"", ""train_files"": [""PN14-1.edf"", ""PN14-3.edf""]}]","[""PN14-1.edf"", ""PN14-3.edf"", ""PN14-4.edf""]",PN14,C1_RF,PN14-2.edf,nested
3,0,0,217,0,217,9432,64505,180,0,505,63820,0,0,12.240676903791915,3,0,0,,,,,,0.14779066123472265,450,0.29999999999999999,False,False,"[{""validation_file"": ""PN14-1.edf"", ""train_files"": [""PN14-3.edf"", ""PN14-4.edf""]}, {""validation_file"": ""PN14-3.edf"", ""train_files"": [""PN14-1.edf"", ""PN14-4.edf""]}, {""validation_file"": ""PN14-4.edf"", ""train_files"": [""PN14-1.edf"", ""PN14-3.edf""]}]","[""PN14-1.edf"", ""PN14-3.edf"", ""PN14-4.edf""]",PN14,C1_RF,PN14-2.edf,nested
3,0,0,218,0,218,8817,64505,180,0,505,63820,0,0,12.297085553118144,3,0,0,,,,,,0.13815418364149171,450,0.34999999999999998,False,False,"[{""validation_file"": ""PN14-1.edf"", ""train_files"": [""PN14-3.edf"", ""PN14-4.edf""]}, {""validation_file"": ""PN14-3.edf"", ""train_files"": [""PN14-1.edf"", ""PN14-4.edf""]}, {""validation_file"": ""PN14-4.edf"", ""train_files"": [""PN14-1.edf"", ""PN14-3.edf""]}]","[""PN14-1.edf"", ""PN14-3.edf"", ""PN14-4.edf""]",PN14,C1_RF,PN14-2.edf,nested
3,0,0,234,0,234,7732,64505,180,0,505,63820,0,0,13.199623942337825,3,0,0,,,,,,0.12115324349733626,265,0.40000000000000002,False,False,"[{""validation_file"": ""PN14-1.edf"", ""train_files"": [""PN14-3.edf"", ""PN14-4.edf""]}, {""validation_file"": ""PN14-3.edf"", ""train_files"": [""PN14-1.edf"", ""PN14-4.edf""]}, {""validation_file"": ""PN14-4.edf"", ""train_files"": [""PN14-1.edf"", ""PN14-3.edf""]}]","[""PN14-1.edf"", ""PN14-3.edf"", ""PN14-4.edf""]",PN14,C1_RF,PN14-2.edf,nested
3,0,0,221,0,221,5732,64505,180,0,505,63820,0,0,12.466311501096834,3,0,0,,,,,,0.08981510498276403,265,0.45000000000000001,False,False,"[{""validation_file"": ""PN14-1.edf"", ""train_files"": [""PN14-3.edf"", ""PN14-4.edf""]}, {""validation_file"": ""PN14-3.edf"", ""train_files"": [""PN14-1.edf"", ""PN14-4.edf""]}, {""validation_file"": ""PN14-4.edf"", ""train_files"": [""PN14-1.edf"", ""PN14-3.edf""]}]","[""PN14-1.edf"", ""PN14-3.edf"", ""PN14-4.edf""]",PN14,C1_RF,PN14-2.edf,nested
3,0,0,189,0,189,4167,64505,180,0,505,63820,0,0,10.661234722657474,3,0,0,,,,,,0.06529301159511125,120,0.5,False,False,"[{""validation_file"": ""PN14-1.edf"", ""train_files"": [""PN14-3.edf"", ""PN14-4.edf""]}, {""validation_file"": ""PN14-3.edf"", ""train_files"": [""PN14-1.edf"", ""PN14-4.edf""]}, {""validation_file"": ""PN14-4.edf"", ""train_files"": [""PN14-1.edf"", ""PN14-3.edf""]}]","[""PN14-1.edf"", ""PN14-3.edf"", ""PN14-4.edf""]",PN14,C1_RF,PN14-2.edf,nested
3,0,0,156,0,156,2965,64505,180,0,505,63820,0,0,8.7997492948918836,3,0,0,,,,,,0.046458790347853336,105,0.55000000000000004,False,False,"[{""validation_file"": ""PN14-1.edf"", ""train_files"": [""PN14-3.edf"", ""PN14-4.edf""]}, {""validation_file"": ""PN14-3.edf"", ""train_files"": [""PN14-1.edf"", ""PN14-4.edf""]}, {""validation_file"": ""PN14-4.edf"", ""train_files"": [""PN14-1.edf"", ""PN14-3.edf""]}]","[""PN14-1.edf"", ""PN14-3.edf"", ""PN14-4.edf""]",PN14,C1_RF,PN14-2.edf,nested
3,0,0,126,0,126,2195,64505,180,0,505,63820,0,0,7.1074898151049828,3,0,0,,,,,,0.034393607019743026,70,0.59999999999999998,False,False,"[{""validation_file"": ""PN14-1.edf"", ""train_files"": [""PN14-3.edf"", ""PN14-4.edf""]}, {""validation_file"": ""PN14-3.edf"", ""train_files"": [""PN14-1.edf"", ""PN14-4.edf""]}, {""validation_file"": ""PN14-4.edf"", ""train_files"": [""PN14-1.edf"", ""PN14-3.edf""]}]","[""PN14-1.edf"", ""PN14-3.edf"", ""PN14-4.edf""]",PN14,C1_RF,PN14-2.edf,nested
3,0,0,85,0,85,1455,64505,180,0,505,63820,0,0,4.7947351927295516,3,0,0,,,,,,0.0227984957693513,70,0.65000000000000002,False,False,"[{""validation_file"": ""PN14-1.edf"", ""train_files"": [""PN14-3.edf"", ""PN14-4.edf""]}, {""validation_file"": ""PN14-3.edf"", ""train_files"": [""PN14-1.edf"", ""PN14-4.edf""]}, {""validation_file"": ""PN14-4.edf"", ""train_files"": [""PN14-1.edf"", ""PN14-3.edf""]}]","[""PN14-1.edf"", ""PN14-3.edf"", ""PN14-4.edf""]",PN14,C1_RF,PN14-2.edf,nested
3,0,0,55,0,55,1000,64505,180,0,505,63820,0,0,3.1024757129426512,3,0,0,,,,,,0.015669069257286117,70,0.69999999999999996,False,False,"[{""validation_file"": ""PN14-1.edf"", ""train_files"": [""PN14-3.edf"", ""PN14-4.edf""]}, {""validation_file"": ""PN14-3.edf"", ""train_files"": [""PN14-1.edf"", ""PN14-4.edf""]}, {""validation_file"": ""PN14-4.edf"", ""train_files"": [""PN14-1.edf"", ""PN14-3.edf""]}]","[""PN14-1.edf"", ""PN14-3.edf"", ""PN14-4.edf""]",PN14,C1_RF,PN14-2.edf,nested
3,0,0,42,0,42,780,64505,180,0,505,63820,0,0,2.3691632717016611,3,0,0,,,,,,0.012221874020683171,70,0.75,False,False,"[{""validation_file"": ""PN14-1.edf"", ""train_files"": [""PN14-3.edf"", ""PN14-4.edf""]}, {""validation_file"": ""PN14-3.edf"", ""train_files"": [""PN14-1.edf"", ""PN14-4.edf""]}, {""validation_file"": ""PN14-4.edf"", ""train_files"": [""PN14-1.edf"", ""PN14-3.edf""]}]","[""PN14-1.edf"", ""PN14-3.edf"", ""PN14-4.edf""]",PN14,C1_RF,PN14-2.edf,nested
3,0,0,22,0,22,380,64505,180,0,505,63820,0,0,1.2409902851770604,3,0,0,,,,,,0.0059542463177687244,35,0.80000000000000004,False,False,"[{""validation_file"": ""PN14-1.edf"", ""train_files"": [""PN14-3.edf"", ""PN14-4.edf""]}, {""validation_file"": ""PN14-3.edf"", ""train_files"": [""PN14-1.edf"", ""PN14-4.edf""]}, {""validation_file"": ""PN14-4.edf"", ""train_files"": [""PN14-1.edf"", ""PN14-3.edf""]}]","[""PN14-1.edf"", ""PN14-3.edf"", ""PN14-4.edf""]",PN14,C1_RF,PN14-2.edf,nested
3,0,0,18,0,18,320,64505,180,0,505,63820,0,0,1.0153556878721404,3,0,0,,,,,,0.0050141021623315574,35,0.84999999999999998,False,False,"[{""validation_file"": ""PN14-1.edf"", ""train_files"": [""PN14-3.edf"", ""PN14-4.edf""]}, {""validation_file"": ""PN14-3.edf"", ""train_files"": [""PN14-1.edf"", ""PN14-4.edf""]}, {""validation_file"": ""PN14-4.edf"", ""train_files"": [""PN14-1.edf"", ""PN14-3.edf""]}]","[""PN14-1.edf"", ""PN14-3.edf"", ""PN14-4.edf""]",PN14,C1_RF,PN14-2.edf,nested
3,0,0,15,0,15,240,64505,180,0,505,63820,0,0,0.84612973989345031,3,0,0,,,,,,0.003760576621748668,35,0.90000000000000002,True,False,"[{""validation_file"": ""PN14-1.edf"", ""train_files"": [""PN14-3.edf"", ""PN14-4.edf""]}, {""validation_file"": ""PN14-3.edf"", ""train_files"": [""PN14-1.edf"", ""PN14-4.edf""]}, {""validation_file"": ""PN14-4.edf"", ""train_files"": [""PN14-1.edf"", ""PN14-3.edf""]}]","[""PN14-1.edf"", ""PN14-3.edf"", ""PN14-4.edf""]",PN14,C1_RF,PN14-2.edf,nested
3,0,0,1,0,1,10,64505,180,0,505,63820,0,0,0.05640864932623002,3,0,0,,,,,,0.00015669069257286117,10,0.94999999999999996,True,False,"[{""validation_file"": ""PN14-1.edf"", ""train_files"": [""PN14-3.edf"", ""PN14-4.edf""]}, {""validation_file"": ""PN14-3.edf"", ""train_files"": [""PN14-1.edf"", ""PN14-4.edf""]}, {""validation_file"": ""PN14-4.edf"", ""train_files"": [""PN14-1.edf"", ""PN14-3.edf""]}]","[""PN14-1.edf"", ""PN14-3.edf"", ""PN14-4.edf""]",PN14,C1_RF,PN14-2.edf,nested
3,0,0,0,0,0,0,64505,180,0,505,63820,0,0,0,3,0,0,,,,,,0,0,1.01,True,True,"[{""validation_file"": ""PN14-1.edf"", ""train_files"": [""PN14-3.edf"", ""PN14-4.edf""]}, {""validation_file"": ""PN14-3.edf"", ""train_files"": [""PN14-1.edf"", ""PN14-4.edf""]}, {""validation_file"": ""PN14-4.edf"", ""train_files"": [""PN14-1.edf"", ""PN14-3.edf""]}]","[""PN14-1.edf"", ""PN14-3.edf"", ""PN14-4.edf""]",PN14,C1_RF,PN14-2.edf,nested
3,1,1,298,0,299,8080,31675,180,0,175,31320,0.33333333333333331,0.33333333333333331,34.252873563218394,2,1,1,6,6,6,6,6,0.25798212005108556,180,0.050000000000000003,False,False,"[{""validation_file"": ""PN14-1.edf"", ""train_files"": [""PN14-2.edf"", ""PN14-4.edf""]}, {""validation_file"": ""PN14-2.edf"", ""train_files"": [""PN14-1.edf"", ""PN14-4.edf""]}, {""validation_file"": ""PN14-4.edf"", ""train_files"": [""PN14-1.edf"", ""PN14-2.edf""]}]","[""PN14-1.edf"", ""PN14-2.edf"", ""PN14-4.edf""]",PN14,C1_RF,PN14-3.edf,nested
3,1,1,214,0,215,5500,31675,180,0,175,31320,0.33333333333333331,0.33333333333333331,24.597701149425287,2,1,1,6,6,6,6,6,0.1756066411238825,135,0.10000000000000001,False,False,"[{""validation_file"": ""PN14-1.edf"", ""train_files"": [""PN14-2.edf"", ""PN14-4.edf""]}, {""validation_file"": ""PN14-2.edf"", ""train_files"": [""PN14-1.edf"", ""PN14-4.edf""]}, {""validation_file"": ""PN14-4.edf"", ""train_files"": [""PN14-1.edf"", ""PN14-2.edf""]}]","[""PN14-1.edf"", ""PN14-2.edf"", ""PN14-4.edf""]",PN14,C1_RF,PN14-3.edf,nested
3,1,1,168,0,169,4090,31675,180,0,175,31320,0.33333333333333331,0.33333333333333331,19.310344827586206,2,1,1,11,11,11,11,11,0.1305874840357599,125,0.14999999999999999,False,False,"[{""validation_file"": ""PN14-1.edf"", ""train_files"": [""PN14-2.edf"", ""PN14-4.edf""]}, {""validation_file"": ""PN14-2.edf"", ""train_files"": [""PN14-1.edf"", ""PN14-4.edf""]}, {""validation_file"": ""PN14-4.edf"", ""train_files"": [""PN14-1.edf"", ""PN14-2.edf""]}]","[""PN14-1.edf"", ""PN14-2.edf"", ""PN14-4.edf""]",PN14,C1_RF,PN14-3.edf,nested
3,1,1,155,0,156,3645,31675,180,0,175,31320,0.33333333333333331,0.33333333333333331,17.816091954022987,2,1,1,11,11,11,11,11,0.11637931034482758,125,0.20000000000000001,False,False,"[{""validation_file"": ""PN14-1.edf"", ""train_files"": [""PN14-2.edf"", ""PN14-4.edf""]}, {""validation_file"": ""PN14-2.edf"", ""train_files"": [""PN14-1.edf"", ""PN14-4.edf""]}, {""validation_file"": ""PN14-4.edf"", ""train_files"": [""PN14-1.edf"", ""PN14-2.edf""]}]","[""PN14-1.edf"", ""PN14-2.edf"", ""PN14-4.edf""]",PN14,C1_RF,PN14-3.edf,nested
3,1,1,140,0,141,3285,31675,180,0,175,31320,0.33333333333333331,0.33333333333333331,16.091954022988507,2,1,1,11,11,11,11,11,0.10488505747126436,125,0.25,False,False,"[{""validation_file"": ""PN14-1.edf"", ""train_files"": [""PN14-2.edf"", ""PN14-4.edf""]}, {""validation_file"": ""PN14-2.edf"", ""train_files"": [""PN14-1.edf"", ""PN14-4.edf""]}, {""validation_file"": ""PN14-4.edf"", ""train_files"": [""PN14-1.edf"", ""PN14-2.edf""]}]","[""PN14-1.edf"", ""PN14-2.edf"", ""PN14-4.edf""]",PN14,C1_RF,PN14-3.edf,nested
3,1,1,136,0,137,2975,31675,180,0,175,31320,0.33333333333333331,0.33333333333333331,15.632183908045977,2,1,1,11,11,11,11,11,0.094987228607918264,125,0.29999999999999999,False,False,"[{""validation_file"": ""PN14-1.edf"", ""train_files"": [""PN14-2.edf"", ""PN14-4.edf""]}, {""validation_file"": ""PN14-2.edf"", ""train_files"": [""PN14-1.edf"", ""PN14-4.edf""]}, {""validation_file"": ""PN14-4.edf"", ""train_files"": [""PN14-1.edf"", ""PN14-2.edf""]}]","[""PN14-1.edf"", ""PN14-2.edf"", ""PN14-4.edf""]",PN14,C1_RF,PN14-3.edf,nested
3,1,1,126,0,127,2600,31675,180,0,175,31320,0.33333333333333331,0.33333333333333331,14.482758620689655,2,1,1,11,11,11,11,11,0.083014048531289908,125,0.34999999999999998,False,False,"[{""validation_file"": ""PN14-1.edf"", ""train_files"": [""PN14-2.edf"", ""PN14-4.edf""]}, {""validation_file"": ""PN14-2.edf"", ""train_files"": [""PN14-1.edf"", ""PN14-4.edf""]}, {""validation_file"": ""PN14-4.edf"", ""train_files"": [""PN14-1.edf"", ""PN14-2.edf""]}]","[""PN14-1.edf"", ""PN14-2.edf"", ""PN14-4.edf""]",PN14,C1_RF,PN14-3.edf,nested
3,1,1,106,0,107,2200,31675,180,0,175,31320,0.33333333333333331,0.33333333333333331,12.183908045977011,2,1,1,11,11,11,11,11,0.070242656449553006,125,0.40000000000000002,False,False,"[{""validation_file"": ""PN14-1.edf"", ""train_files"": [""PN14-2.edf"", ""PN14-4.edf""]}, {""validation_file"": ""PN14-2.edf"", ""train_files"": [""PN14-1.edf"", ""PN14-4.edf""]}, {""validation_file"": ""PN14-4.edf"", ""train_files"": [""PN14-1.edf"", ""PN14-2.edf""]}]","[""PN14-1.edf"", ""PN14-2.edf"", ""PN14-4.edf""]",PN14,C1_RF,PN14-3.edf,nested
3,1,1,92,0,93,1875,31675,180,0,175,31320,0.33333333333333331,0.33333333333333331,10.574712643678161,2,1,1,11,11,11,11,11,0.059865900383141761,110,0.45000000000000001,False,False,"[{""validation_file"": ""PN14-1.edf"", ""train_files"": [""PN14-2.edf"", ""PN14-4.edf""]}, {""validation_file"": ""PN14-2.edf"", ""train_files"": [""PN14-1.edf"", ""PN14-4.edf""]}, {""validation_file"": ""PN14-4.edf"", ""train_files"": [""PN14-1.edf"", ""PN14-2.edf""]}]","[""PN14-1.edf"", ""PN14-2.edf"", ""PN14-4.edf""]",PN14,C1_RF,PN14-3.edf,nested
3,1,1,73,0,74,1465,31675,180,0,175,31320,0.33333333333333331,0.33333333333333331,8.3908045977011501,2,1,1,11,11,11,11,11,0.046775223499361432,80,0.5,False,False,"[{""validation_file"": ""PN14-1.edf"", ""train_files"": [""PN14-2.edf"", ""PN14-4.edf""]}, {""validation_file"": ""PN14-2.edf"", ""train_files"": [""PN14-1.edf"", ""PN14-4.edf""]}, {""validation_file"": ""PN14-4.edf"", ""train_files"": [""PN14-1.edf"", ""PN14-2.edf""]}]","[""PN14-1.edf"", ""PN14-2.edf"", ""PN14-4.edf""]",PN14,C1_RF,PN14-3.edf,nested
3,0,0,69,0,69,1220,31675,180,0,175,31320,0,0,7.931034482758621,3,0,0,,,,,,0.038952745849297574,70,0.55000000000000004,False,False,"[{""validation_file"": ""PN14-1.edf"", ""train_files"": [""PN14-2.edf"", ""PN14-4.edf""]}, {""validation_file"": ""PN14-2.edf"", ""train_files"": [""PN14-1.edf"", ""PN14-4.edf""]}, {""validation_file"": ""PN14-4.edf"", ""train_files"": [""PN14-1.edf"", ""PN14-2.edf""]}]","[""PN14-1.edf"", ""PN14-2.edf"", ""PN14-4.edf""]",PN14,C1_RF,PN14-3.edf,nested
3,0,0,55,0,55,1000,31675,180,0,175,31320,0,0,6.3218390804597702,3,0,0,,,,,,0.031928480204342274,70,0.59999999999999998,False,False,"[{""validation_file"": ""PN14-1.edf"", ""train_files"": [""PN14-2.edf"", ""PN14-4.edf""]}, {""validation_file"": ""PN14-2.edf"", ""train_files"": [""PN14-1.edf"", ""PN14-4.edf""]}, {""validation_file"": ""PN14-4.edf"", ""train_files"": [""PN14-1.edf"", ""PN14-2.edf""]}]","[""PN14-1.edf"", ""PN14-2.edf"", ""PN14-4.edf""]",PN14,C1_RF,PN14-3.edf,nested
3,0,0,39,0,39,635,31675,180,0,175,31320,0,0,4.4827586206896548,3,0,0,,,,,,0.020274584929757342,50,0.65000000000000002,False,False,"[{""validation_file"": ""PN14-1.edf"", ""train_files"": [""PN14-2.edf"", ""PN14-4.edf""]}, {""validation_file"": ""PN14-2.edf"", ""train_files"": [""PN14-1.edf"", ""PN14-4.edf""]}, {""validation_file"": ""PN14-4.edf"", ""train_files"": [""PN14-1.edf"", ""PN14-2.edf""]}]","[""PN14-1.edf"", ""PN14-2.edf"", ""PN14-4.edf""]",PN14,C1_RF,PN14-3.edf,nested
3,0,0,29,0,29,465,31675,180,0,175,31320,0,0,3.3333333333333335,3,0,0,,,,,,0.014846743295019157,50,0.69999999999999996,False,False,"[{""validation_file"": ""PN14-1.edf"", ""train_files"": [""PN14-2.edf"", ""PN14-4.edf""]}, {""validation_file"": ""PN14-2.edf"", ""train_files"": [""PN14-1.edf"", ""PN14-4.edf""]}, {""validation_file"": ""PN14-4.edf"", ""train_files"": [""PN14-1.edf"", ""PN14-2.edf""]}]","[""PN14-1.edf"", ""PN14-2.edf"", ""PN14-4.edf""]",PN14,C1_RF,PN14-3.edf,nested
3,0,0,18,0,18,270,31675,180,0,175,31320,0,0,2.0689655172413794,3,0,0,,,,,,0.0086206896551724137,40,0.75,False,False,"[{""validation_file"": ""PN14-1.edf"", ""train_files"": [""PN14-2.edf"", ""PN14-4.edf""]}, {""validation_file"": ""PN14-2.edf"", ""train_files"": [""PN14-1.edf"", ""PN14-4.edf""]}, {""validation_file"": ""PN14-4.edf"", ""train_files"": [""PN14-1.edf"", ""PN14-2.edf""]}]","[""PN14-1.edf"", ""PN14-2.edf"", ""PN14-4.edf""]",PN14,C1_RF,PN14-3.edf,nested
3,0,0,12,0,12,170,31675,180,0,175,31320,0,0,1.3793103448275863,3,0,0,,,,,,0.0054278416347381866,30,0.80000000000000004,False,False,"[{""validation_file"": ""PN14-1.edf"", ""train_files"": [""PN14-2.edf"", ""PN14-4.edf""]}, {""validation_file"": ""PN14-2.edf"", ""train_files"": [""PN14-1.edf"", ""PN14-4.edf""]}, {""validation_file"": ""PN14-4.edf"", ""train_files"": [""PN14-1.edf"", ""PN14-2.edf""]}]","[""PN14-1.edf"", ""PN14-2.edf"", ""PN14-4.edf""]",PN14,C1_RF,PN14-3.edf,nested
3,0,0,8,0,8,125,31675,180,0,175,31320,0,0,0.91954022988505746,3,0,0,,,,,,0.0039910600255427843,25,0.84999999999999998,True,False,"[{""validation_file"": ""PN14-1.edf"", ""train_files"": [""PN14-2.edf"", ""PN14-4.edf""]}, {""validation_file"": ""PN14-2.edf"", ""train_files"": [""PN14-1.edf"", ""PN14-4.edf""]}, {""validation_file"": ""PN14-4.edf"", ""train_files"": [""PN14-1.edf"", ""PN14-2.edf""]}]","[""PN14-1.edf"", ""PN14-2.edf"", ""PN14-4.edf""]",PN14,C1_RF,PN14-3.edf,nested
3,0,0,5,0,5,75,31675,180,0,175,31320,0,0,0.57471264367816088,3,0,0,,,,,,0.0023946360153256703,20,0.90000000000000002,True,False,"[{""validation_file"": ""PN14-1.edf"", ""train_files"": [""PN14-2.edf"", ""PN14-4.edf""]}, {""validation_file"": ""PN14-2.edf"", ""train_files"": [""PN14-1.edf"", ""PN14-4.edf""]}, {""validation_file"": ""PN14-4.edf"", ""train_files"": [""PN14-1.edf"", ""PN14-2.edf""]}]","[""PN14-1.edf"", ""PN14-2.edf"", ""PN14-4.edf""]",PN14,C1_RF,PN14-3.edf,nested
3,0,0,2,0,2,25,31675,180,0,175,31320,0,0,0.22988505747126436,3,0,0,,,,,,0.00079821200510855688,15,0.94999999999999996,True,False,"[{""validation_file"": ""PN14-1.edf"", ""train_files"": [""PN14-2.edf"", ""PN14-4.edf""]}, {""validation_file"": ""PN14-2.edf"", ""train_files"": [""PN14-1.edf"", ""PN14-4.edf""]}, {""validation_file"": ""PN14-4.edf"", ""train_files"": [""PN14-1.edf"", ""PN14-2.edf""]}]","[""PN14-1.edf"", ""PN14-2.edf"", ""PN14-4.edf""]",PN14,C1_RF,PN14-3.edf,nested
3,0,0,0,0,0,0,31675,180,0,175,31320,0,0,0,3,0,0,,,,,,0,0,1.01,True,True,"[{""validation_file"": ""PN14-1.edf"", ""train_files"": [""PN14-2.edf"", ""PN14-4.edf""]}, {""validation_file"": ""PN14-2.edf"", ""train_files"": [""PN14-1.edf"", ""PN14-4.edf""]}, {""validation_file"": ""PN14-4.edf"", ""train_files"": [""PN14-1.edf"", ""PN14-2.edf""]}]","[""PN14-1.edf"", ""PN14-2.edf"", ""PN14-4.edf""]",PN14,C1_RF,PN14-3.edf,nested
3,0,0,302,0,302,7940,59028,180,0,330,58518,0,0,18.578898800369117,3,0,0,,,,,,0.13568474657370383,315,0.050000000000000003,False,False,"[{""validation_file"": ""PN14-1.edf"", ""train_files"": [""PN14-2.edf"", ""PN14-3.edf""]}, {""validation_file"": ""PN14-2.edf"", ""train_files"": [""PN14-1.edf"", ""PN14-3.edf""]}, {""validation_file"": ""PN14-3.edf"", ""train_files"": [""PN14-1.edf"", ""PN14-2.edf""]}]","[""PN14-1.edf"", ""PN14-2.edf"", ""PN14-3.edf""]",PN14,C1_RF,PN14-4.edf,nested
3,0,0,193,0,193,4920,59028,180,0,330,58518,0,0,11.8732697631498,3,0,0,,,,,,0.084076694350456269,135,0.10000000000000001,False,False,"[{""validation_file"": ""PN14-1.edf"", ""train_files"": [""PN14-2.edf"", ""PN14-3.edf""]}, {""validation_file"": ""PN14-2.edf"", ""train_files"": [""PN14-1.edf"", ""PN14-3.edf""]}, {""validation_file"": ""PN14-3.edf"", ""train_files"": [""PN14-1.edf"", ""PN14-2.edf""]}]","[""PN14-1.edf"", ""PN14-2.edf"", ""PN14-3.edf""]",PN14,C1_RF,PN14-4.edf,nested
3,0,0,150,0,150,3430,59028,180,0,330,58518,0,0,9.2279298677330051,3,0,0,,,,,,0.058614443419118901,95,0.14999999999999999,False,False,"[{""validation_file"": ""PN14-1.edf"", ""train_files"": [""PN14-2.edf"", ""PN14-3.edf""]}, {""validation_file"": ""PN14-2.edf"", ""train_files"": [""PN14-1.edf"", ""PN14-3.edf""]}, {""validation_file"": ""PN14-3.edf"", ""train_files"": [""PN14-1.edf"", ""PN14-2.edf""]}]","[""PN14-1.edf"", ""PN14-2.edf"", ""PN14-3.edf""]",PN14,C1_RF,PN14-4.edf,nested
3,0,0,133,0,133,3055,59028,180,0,330,58518,0,0,8.1820978160565971,3,0,0,,,,,,0.052206158788748763,90,0.20000000000000001,False,False,"[{""validation_file"": ""PN14-1.edf"", ""train_files"": [""PN14-2.edf"", ""PN14-3.edf""]}, {""validation_file"": ""PN14-2.edf"", ""train_files"": [""PN14-1.edf"", ""PN14-3.edf""]}, {""validation_file"": ""PN14-3.edf"", ""train_files"": [""PN14-1.edf"", ""PN14-2.edf""]}]","[""PN14-1.edf"", ""PN14-2.edf"", ""PN14-3.edf""]",PN14,C1_RF,PN14-4.edf,nested
3,0,0,122,0,122,2800,59028,180,0,330,58518,0,0,7.5053829590895109,3,0,0,,,,,,0.047848525240097063,90,0.25,False,False,"[{""validation_file"": ""PN14-1.edf"", ""train_files"": [""PN14-2.edf"", ""PN14-3.edf""]}, {""validation_file"": ""PN14-2.edf"", ""train_files"": [""PN14-1.edf"", ""PN14-3.edf""]}, {""validation_file"": ""PN14-3.edf"", ""train_files"": [""PN14-1.edf"", ""PN14-2.edf""]}]","[""PN14-1.edf"", ""PN14-2.edf"", ""PN14-3.edf""]",PN14,C1_RF,PN14-4.edf,nested
3,0,0,115,0,115,2630,59028,180,0,330,58518,0,0,7.0747462319286374,3,0,0,,,,,,0.044943436207662599,85,0.29999999999999999,False,False,"[{""validation_file"": ""PN14-1.edf"", ""train_files"": [""PN14-2.edf"", ""PN14-3.edf""]}, {""validation_file"": ""PN14-2.edf"", ""train_files"": [""PN14-1.edf"", ""PN14-3.edf""]}, {""validation_file"": ""PN14-3.edf"", ""train_files"": [""PN14-1.edf"", ""PN14-2.edf""]}]","[""PN14-1.edf"", ""PN14-2.edf"", ""PN14-3.edf""]",PN14,C1_RF,PN14-4.edf,nested
3,0,0,106,0,106,2440,59028,180,0,330,58518,0,0,6.5210704398646566,3,0,0,,,,,,0.041696571994941728,85,0.34999999999999998,False,False,"[{""validation_file"": ""PN14-1.edf"", ""train_files"": [""PN14-2.edf"", ""PN14-3.edf""]}, {""validation_file"": ""PN14-2.edf"", ""train_files"": [""PN14-1.edf"", ""PN14-3.edf""]}, {""validation_file"": ""PN14-3.edf"", ""train_files"": [""PN14-1.edf"", ""PN14-2.edf""]}]","[""PN14-1.edf"", ""PN14-2.edf"", ""PN14-3.edf""]",PN14,C1_RF,PN14-4.edf,nested
3,0,0,97,0,97,2060,59028,180,0,330,58518,0,0,5.9673946478006767,3,0,0,,,,,,0.035202843569499979,85,0.40000000000000002,False,False,"[{""validation_file"": ""PN14-1.edf"", ""train_files"": [""PN14-2.edf"", ""PN14-3.edf""]}, {""validation_file"": ""PN14-2.edf"", ""train_files"": [""PN14-1.edf"", ""PN14-3.edf""]}, {""validation_file"": ""PN14-3.edf"", ""train_files"": [""PN14-1.edf"", ""PN14-2.edf""]}]","[""PN14-1.edf"", ""PN14-2.edf"", ""PN14-3.edf""]",PN14,C1_RF,PN14-4.edf,nested
3,0,0,91,0,91,1765,59028,180,0,330,58518,0,0,5.5982774530913568,3,0,0,,,,,,0.03016165966027547,50,0.45000000000000001,False,False,"[{""validation_file"": ""PN14-1.edf"", ""train_files"": [""PN14-2.edf"", ""PN14-3.edf""]}, {""validation_file"": ""PN14-2.edf"", ""train_files"": [""PN14-1.edf"", ""PN14-3.edf""]}, {""validation_file"": ""PN14-3.edf"", ""train_files"": [""PN14-1.edf"", ""PN14-2.edf""]}]","[""PN14-1.edf"", ""PN14-2.edf"", ""PN14-3.edf""]",PN14,C1_RF,PN14-4.edf,nested
3,0,0,62,0,62,885,59028,180,0,330,58518,0,0,3.8142110119963086,3,0,0,,,,,,0.015123551727673537,30,0.5,False,False,"[{""validation_file"": ""PN14-1.edf"", ""train_files"": [""PN14-2.edf"", ""PN14-3.edf""]}, {""validation_file"": ""PN14-2.edf"", ""train_files"": [""PN14-1.edf"", ""PN14-3.edf""]}, {""validation_file"": ""PN14-3.edf"", ""train_files"": [""PN14-1.edf"", ""PN14-2.edf""]}]","[""PN14-1.edf"", ""PN14-2.edf"", ""PN14-3.edf""]",PN14,C1_RF,PN14-4.edf,nested
3,0,0,41,0,41,555,59028,180,0,330,58518,0,0,2.522300830513688,3,0,0,,,,,,0.009484261252947811,30,0.55000000000000004,False,False,"[{""validation_file"": ""PN14-1.edf"", ""train_files"": [""PN14-2.edf"", ""PN14-3.edf""]}, {""validation_file"": ""PN14-2.edf"", ""train_files"": [""PN14-1.edf"", ""PN14-3.edf""]}, {""validation_file"": ""PN14-3.edf"", ""train_files"": [""PN14-1.edf"", ""PN14-2.edf""]}]","[""PN14-1.edf"", ""PN14-2.edf"", ""PN14-3.edf""]",PN14,C1_RF,PN14-4.edf,nested
3,0,0,32,0,32,450,59028,180,0,330,58518,0,0,1.9686250384497077,3,0,0,,,,,,0.0076899415564441707,30,0.59999999999999998,False,False,"[{""validation_file"": ""PN14-1.edf"", ""train_files"": [""PN14-2.edf"", ""PN14-3.edf""]}, {""validation_file"": ""PN14-2.edf"", ""train_files"": [""PN14-1.edf"", ""PN14-3.edf""]}, {""validation_file"": ""PN14-3.edf"", ""train_files"": [""PN14-1.edf"", ""PN14-2.edf""]}]","[""PN14-1.edf"", ""PN14-2.edf"", ""PN14-3.edf""]",PN14,C1_RF,PN14-4.edf,nested
3,0,0,24,0,24,305,59028,180,0,330,58518,0,0,1.4764687788372808,3,0,0,,,,,,0.005212071499367716,30,0.65000000000000002,False,False,"[{""validation_file"": ""PN14-1.edf"", ""train_files"": [""PN14-2.edf"", ""PN14-3.edf""]}, {""validation_file"": ""PN14-2.edf"", ""train_files"": [""PN14-1.edf"", ""PN14-3.edf""]}, {""validation_file"": ""PN14-3.edf"", ""train_files"": [""PN14-1.edf"", ""PN14-2.edf""]}]","[""PN14-1.edf"", ""PN14-2.edf"", ""PN14-3.edf""]",PN14,C1_RF,PN14-4.edf,nested
3,0,0,16,0,16,195,59028,180,0,330,58518,0,0,0.98431251922485385,3,0,0,,,,,,0.0033323080077924741,30,0.69999999999999996,True,False,"[{""validation_file"": ""PN14-1.edf"", ""train_files"": [""PN14-2.edf"", ""PN14-3.edf""]}, {""validation_file"": ""PN14-2.edf"", ""train_files"": [""PN14-1.edf"", ""PN14-3.edf""]}, {""validation_file"": ""PN14-3.edf"", ""train_files"": [""PN14-1.edf"", ""PN14-2.edf""]}]","[""PN14-1.edf"", ""PN14-2.edf"", ""PN14-3.edf""]",PN14,C1_RF,PN14-4.edf,nested
3,0,0,4,0,4,40,59028,180,0,330,58518,0,0,0.24607812980621346,3,0,0,,,,,,0.0006835503605728152,10,0.75,True,False,"[{""validation_file"": ""PN14-1.edf"", ""train_files"": [""PN14-2.edf"", ""PN14-3.edf""]}, {""validation_file"": ""PN14-2.edf"", ""train_files"": [""PN14-1.edf"", ""PN14-3.edf""]}, {""validation_file"": ""PN14-3.edf"", ""train_files"": [""PN14-1.edf"", ""PN14-2.edf""]}]","[""PN14-1.edf"", ""PN14-2.edf"", ""PN14-3.edf""]",PN14,C1_RF,PN14-4.edf,nested
3,0,0,1,0,1,10,59028,180,0,330,58518,0,0,0.061519532451553366,3,0,0,,,,,,0.0001708875901432038,10,0.80000000000000004,True,False,"[{""validation_file"": ""PN14-1.edf"", ""train_files"": [""PN14-2.edf"", ""PN14-3.edf""]}, {""validation_file"": ""PN14-2.edf"", ""train_files"": [""PN14-1.edf"", ""PN14-3.edf""]}, {""validation_file"": ""PN14-3.edf"", ""train_files"": [""PN14-1.edf"", ""PN14-2.edf""]}]","[""PN14-1.edf"", ""PN14-2.edf"", ""PN14-3.edf""]",PN14,C1_RF,PN14-4.edf,nested
3,0,0,0,0,0,0,59028,180,0,330,58518,0,0,0,3,0,0,,,,,,0,0,0.84999999999999998,True,False,"[{""validation_file"": ""PN14-1.edf"", ""train_files"": [""PN14-2.edf"", ""PN14-3.edf""]}, {""validation_file"": ""PN14-2.edf"", ""train_files"": [""PN14-1.edf"", ""PN14-3.edf""]}, {""validation_file"": ""PN14-3.edf"", ""train_files"": [""PN14-1.edf"", ""PN14-2.edf""]}]","[""PN14-1.edf"", ""PN14-2.edf"", ""PN14-3.edf""]",PN14,C1_RF,PN14-4.edf,nested
3,0,0,0,0,0,0,59028,180,0,330,58518,0,0,0,3,0,0,,,,,,0,0,0.90000000000000002,True,False,"[{""validation_file"": ""PN14-1.edf"", ""train_files"": [""PN14-2.edf"", ""PN14-3.edf""]}, {""validation_file"": ""PN14-2.edf"", ""train_files"": [""PN14-1.edf"", ""PN14-3.edf""]}, {""validation_file"": ""PN14-3.edf"", ""train_files"": [""PN14-1.edf"", ""PN14-2.edf""]}]","[""PN14-1.edf"", ""PN14-2.edf"", ""PN14-3.edf""]",PN14,C1_RF,PN14-4.edf,nested
3,0,0,0,0,0,0,59028,180,0,330,58518,0,0,0,3,0,0,,,,,,0,0,0.94999999999999996,True,False,"[{""validation_file"": ""PN14-1.edf"", ""train_files"": [""PN14-2.edf"", ""PN14-3.edf""]}, {""validation_file"": ""PN14-2.edf"", ""train_files"": [""PN14-1.edf"", ""PN14-3.edf""]}, {""validation_file"": ""PN14-3.edf"", ""train_files"": [""PN14-1.edf"", ""PN14-2.edf""]}]","[""PN14-1.edf"", ""PN14-2.edf"", ""PN14-3.edf""]",PN14,C1_RF,PN14-4.edf,nested
3,0,0,0,0,0,0,59028,180,0,330,58518,0,0,0,3,0,0,,,,,,0,0,1.01,True,True,"[{""validation_file"": ""PN14-1.edf"", ""train_files"": [""PN14-2.edf"", ""PN14-3.edf""]}, {""validation_file"": ""PN14-2.edf"", ""train_files"": [""PN14-1.edf"", ""PN14-3.edf""]}, {""validation_file"": ""PN14-3.edf"", ""train_files"": [""PN14-1.edf"", ""PN14-2.edf""]}]","[""PN14-1.edf"", ""PN14-2.edf"", ""PN14-3.edf""]",PN14,C1_RF,PN14-4.edf,nested
