patient,file_name,anchor_s,eeg_start_s,eeg_end_s,ecg_start_s,ecg_end_s,eeg_available,ecg_history_available,annotation_uncertain,training_eligible,evaluation_label,recording_duration_s,label,status,seizure_numbers,unavailable_reason,score,threshold,model,seed,model_available,calibration_status,train_files_json
PN00,PN00-1.edf,10,0,10,,10,True,False,False,True,0,2625,0,negative,,,0.19386189313366894,0.80000000000000004,E1_RF,20260922,True,nested,"[""PN00-2.edf"", ""PN00-4.edf"", ""PN00-5.edf""]"
PN00,PN00-1.edf,15,5,15,,15,True,False,False,True,0,2625,0,negative,,,0.21561806821856114,0.80000000000000004,E1_RF,20260922,True,nested,"[""PN00-2.edf"", ""PN00-4.edf"", ""PN00-5.edf""]"
PN00,PN00-1.edf,20,10,20,,20,True,False,False,True,0,2625,0,negative,,,0.22883507860506744,0.80000000000000004,E1_RF,20260922,True,nested,"[""PN00-2.edf"", ""PN00-4.edf"", ""PN00-5.edf""]"
PN00,PN00-1.edf,25,15,25,,25,True,False,False,True,0,2625,0,negative,,,0.21513430713401868,0.80000000000000004,E1_RF,20260922,True,nested,"[""PN00-2.edf"", ""PN00-4.edf"", ""PN00-5.edf""]"
PN00,PN00-1.edf,30,20,30,,30,True,False,False,True,0,2625,0,negative,,,0.38400147547977231,0.80000000000000004,E1_RF,20260922,True,nested,"[""PN00-2.edf"", ""PN00-4.edf"", ""PN00-5.edf""]"
PN00,PN00-1.edf,35,25,35,,35,True,False,False,True,0,2625,0,negative,,,0.29639130942283176,0.80000000000000004,E1_RF,20260922,True,nested,"[""PN00-2.edf"", ""PN00-4.edf"", ""PN00-5.edf""]"
PN00,PN00-1.edf,40,30,40,,40,True,False,False,True,0,2625,0,negative,,,0.10212567457114038,0.80000000000000004,E1_RF,20260922,True,nested,"[""PN00-2.edf"", ""PN00-4.edf"", ""PN00-5.edf""]"
PN00,PN00-1.edf,45,35,45,,45,True,False,False,True,0,2625,0,negative,,,0.1965689290548191,0.80000000000000004,E1_RF,20260922,True,nested,"[""PN00-2.edf"", ""PN00-4.edf"", ""PN00-5.edf""]"
PN00,PN00-1.edf,50,40,50,,50,True,False,False,True,0,2625,0,negative,,,0.1478057072544765,0.80000000000000004,E1_RF,20260922,True,nested,"[""PN00-2.edf"", ""PN00-4.edf"", ""PN00-5.edf""]"
PN00,PN00-1.edf,55,45,55,,55,True,False,False,True,0,2625,0,negative,,,0.13138316412313553,0.80000000000000004,E1_RF,20260922,True,nested,"[""PN00-2.edf"", ""PN00-4.edf"", ""PN00-5.edf""]"
PN00,PN00-1.edf,60,50,60,0,60,True,True,False,True,0,2625,0,negative,,,0.15850881154853158,0.80000000000000004,E1_RF,20260922,True,nested,"[""PN00-2.edf"", ""PN00-4.edf"", ""PN00-5.edf""]"
PN00,PN00-1.edf,65,55,65,5,65,True,True,False,True,0,2625,0,negative,,,0.10181293875578483,0.80000000000000004,E1_RF,20260922,True,nested,"[""PN00-2.edf"", ""PN00-4.edf"", ""PN00-5.edf""]"
PN00,PN00-1.edf,70,60,70,10,70,True,True,False,True,0,2625,0,negative,,,0.13481126784804323,0.80000000000000004,E1_RF,20260922,True,nested,"[""PN00-2.edf"", ""PN00-4.edf"", ""PN00-5.edf""]"
PN00,PN00-1.edf,75,65,75,15,75,True,True,False,True,0,2625,0,negative,,,0.20970841838896664,0.80000000000000004,E1_RF,20260922,True,nested,"[""PN00-2.edf"", ""PN00-4.edf"", ""PN00-5.edf""]"
PN00,PN00-1.edf,80,70,80,20,80,True,True,False,True,0,2625,0,negative,,,0.24345040331454745,0.80000000000000004,E1_RF,20260922,True,nested,"[""PN00-2.edf"", ""PN00-4.edf"", ""PN00-5.edf""]"
PN00,PN00-1.edf,85,75,85,25,85,True,True,False,True,0,2625,0,negative,,,0.070982299869201237,0.80000000000000004,E1_RF,20260922,True,nested,"[""PN00-2.edf"", ""PN00-4.edf"", ""PN00-5.edf""]"
PN00,PN00-1.edf,90,80,90,30,90,True,True,False,True,0,2625,0,negative,,,0.10306569026633128,0.80000000000000004,E1_RF,20260922,True,nested,"[""PN00-2.edf"", ""PN00-4.edf"", ""PN00-5.edf""]"
PN00,PN00-1.edf,95,85,95,35,95,True,True,False,True,0,2625,0,negative,,,0.12537002464941813,0.80000000000000004,E1_RF,20260922,True,nested,"[""PN00-2.edf"", ""PN00-4.edf"", ""PN00-5.edf""]"
PN00,PN00-1.edf,100,90,100,40,100,True,True,False,True,0,2625,0,negative,,,0.20510812608597526,0.80000000000000004,E1_RF,20260922,True,nested,"[""PN00-2.edf"", ""PN00-4.edf"", ""PN00-5.edf""]"
PN00,PN00-1.edf,105,95,105,45,105,True,True,False,True,0,2625,0,negative,,,0.11870849524504005,0.80000000000000004,E1_RF,20260922,True,nested,"[""PN00-2.edf"", ""PN00-4.edf"", ""PN00-5.edf""]"
PN00,PN00-1.edf,110,100,110,50,110,True,True,False,True,0,2625,0,negative,,,0.16601687652049579,0.80000000000000004,E1_RF,20260922,True,nested,"[""PN00-2.edf"", ""PN00-4.edf"", ""PN00-5.edf""]"
PN00,PN00-1.edf,115,105,115,55,115,True,True,False,True,0,2625,0,negative,,,0,0.80000000000000004,E1_RF,20260922,True,nested,"[""PN00-2.edf"", ""PN00-4.edf"", ""PN00-5.edf""]"
PN00,PN00-1.edf,120,110,120,60,120,True,True,False,True,0,2625,0,negative,,,0.025340854866150331,0.80000000000000004,E1_RF,20260922,True,nested,"[""PN00-2.edf"", ""PN00-4.edf"", ""PN00-5.edf""]"
PN00,PN00-1.edf,125,115,125,65,125,True,True,False,True,0,2625,0,negative,,,0.10205712241608828,0.80000000000000004,E1_RF,20260922,True,nested,"[""PN00-2.edf"", ""PN00-4.edf"", ""PN00-5.edf""]"
PN00,PN00-1.edf,130,120,130,70,130,True,True,False,True,0,2625,0,negative,,,0.0078132832080200498,0.80000000000000004,E1_RF,20260922,True,nested,"[""PN00-2.edf"", ""PN00-4.edf"", ""PN00-5.edf""]"
PN00,PN00-1.edf,135,125,135,75,135,True,True,False,True,0,2625,0,negative,,,0.010570175438596492,0.80000000000000004,E1_RF,20260922,True,nested,"[""PN00-2.edf"", ""PN00-4.edf"", ""PN00-5.edf""]"
PN00,PN00-1.edf,140,130,140,80,140,True,True,False,True,0,2625,0,negative,,,0.12224330604553006,0.80000000000000004,E1_RF,20260922,True,nested,"[""PN00-2.edf"", ""PN00-4.edf"", ""PN00-5.edf""]"
PN00,PN00-1.edf,145,135,145,85,145,True,True,False,True,0,2625,0,negative,,,0.055618985967306987,0.80000000000000004,E1_RF,20260922,True,nested,"[""PN00-2.edf"", ""PN00-4.edf"", ""PN00-5.edf""]"
PN00,PN00-1.edf,150,140,150,90,150,True,True,False,True,0,2625,0,negative,,,0.0084182221437123401,0.80000000000000004,E1_RF,20260922,True,nested,"[""PN00-2.edf"", ""PN00-4.edf"", ""PN00-5.edf""]"
PN00,PN00-1.edf,155,145,155,95,155,True,True,False,True,0,2625,0,negative,,,0.0049561403508771931,0.80000000000000004,E1_RF,20260922,True,nested,"[""PN00-2.edf"", ""PN00-4.edf"", ""PN00-5.edf""]"
PN00,PN00-1.edf,160,150,160,100,160,True,True,False,True,0,2625,0,negative,,,0.0087336601307189538,0.80000000000000004,E1_RF,20260922,True,nested,"[""PN00-2.edf"", ""PN00-4.edf"", ""PN00-5.edf""]"
PN00,PN00-1.edf,165,155,165,105,165,True,True,False,True,0,2625,0,negative,,,0.0341809278425916,0.80000000000000004,E1_RF,20260922,True,nested,"[""PN00-2.edf"", ""PN00-4.edf"", ""PN00-5.edf""]"
PN00,PN00-1.edf,170,160,170,110,170,True,True,False,True,0,2625,0,negative,,,0.051248224780395951,0.80000000000000004,E1_RF,20260922,True,nested,"[""PN00-2.edf"", ""PN00-4.edf"", ""PN00-5.edf""]"
PN00,PN00-1.edf,175,165,175,115,175,True,True,False,True,0,2625,0,negative,,,0.19247948210300256,0.80000000000000004,E1_RF,20260922,True,nested,"[""PN00-2.edf"", ""PN00-4.edf"", ""PN00-5.edf""]"
PN00,PN00-1.edf,180,170,180,120,180,True,True,False,True,0,2625,0,negative,,,0,0.80000000000000004,E1_RF,20260922,True,nested,"[""PN00-2.edf"", ""PN00-4.edf"", ""PN00-5.edf""]"
PN00,PN00-1.edf,185,175,185,125,185,True,True,False,True,0,2625,0,negative,,,0,0.80000000000000004,E1_RF,20260922,True,nested,"[""PN00-2.edf"", ""PN00-4.edf"", ""PN00-5.edf""]"
PN00,PN00-1.edf,190,180,190,130,190,True,True,False,True,0,2625,0,negative,,,0.099279361706927596,0.80000000000000004,E1_RF,20260922,True,nested,"[""PN00-2.edf"", ""PN00-4.edf"", ""PN00-5.edf""]"
PN00,PN00-1.edf,195,185,195,135,195,True,True,False,True,0,2625,0,negative,,,0.11953884741408134,0.80000000000000004,E1_RF,20260922,True,nested,"[""PN00-2.edf"", ""PN00-4.edf"", ""PN00-5.edf""]"
PN00,PN00-1.edf,200,190,200,140,200,True,True,False,True,0,2625,0,negative,,,0.028165312824654589,0.80000000000000004,E1_RF,20260922,True,nested,"[""PN00-2.edf"", ""PN00-4.edf"", ""PN00-5.edf""]"
PN00,PN00-1.edf,205,195,205,145,205,True,True,False,True,0,2625,0,negative,,,0,0.80000000000000004,E1_RF,20260922,True,nested,"[""PN00-2.edf"", ""PN00-4.edf"", ""PN00-5.edf""]"
PN00,PN00-1.edf,210,200,210,150,210,True,True,False,True,0,2625,0,negative,,,0.0026190476190476189,0.80000000000000004,E1_RF,20260922,True,nested,"[""PN00-2.edf"", ""PN00-4.edf"", ""PN00-5.edf""]"
PN00,PN00-1.edf,215,205,215,155,215,True,True,False,True,0,2625,0,negative,,,0.011468253968253968,0.80000000000000004,E1_RF,20260922,True,nested,"[""PN00-2.edf"", ""PN00-4.edf"", ""PN00-5.edf""]"
PN00,PN00-1.edf,220,210,220,160,220,True,True,False,True,0,2625,0,negative,,,0.023411926308985132,0.80000000000000004,E1_RF,20260922,True,nested,"[""PN00-2.edf"", ""PN00-4.edf"", ""PN00-5.edf""]"
PN00,PN00-1.edf,225,215,225,165,225,True,True,False,True,0,2625,0,negative,,,0,0.80000000000000004,E1_RF,20260922,True,nested,"[""PN00-2.edf"", ""PN00-4.edf"", ""PN00-5.edf""]"
PN00,PN00-1.edf,230,220,230,170,230,True,True,False,True,0,2625,0,negative,,,0.01165032679738562,0.80000000000000004,E1_RF,20260922,True,nested,"[""PN00-2.edf"", ""PN00-4.edf"", ""PN00-5.edf""]"
PN00,PN00-1.edf,235,225,235,175,235,True,True,False,True,0,2625,0,negative,,,0.041746866684846236,0.80000000000000004,E1_RF,20260922,True,nested,"[""PN00-2.edf"", ""PN00-4.edf"", ""PN00-5.edf""]"
PN00,PN00-1.edf,240,230,240,180,240,True,True,False,True,0,2625,0,negative,,,0.1616805975379221,0.80000000000000004,E1_RF,20260922,True,nested,"[""PN00-2.edf"", ""PN00-4.edf"", ""PN00-5.edf""]"
PN00,PN00-1.edf,245,235,245,185,245,True,True,False,True,0,2625,0,negative,,,0.26193341466389591,0.80000000000000004,E1_RF,20260922,True,nested,"[""PN00-2.edf"", ""PN00-4.edf"", ""PN00-5.edf""]"
PN00,PN00-1.edf,250,240,250,190,250,True,True,False,True,0,2625,0,negative,,,0.20495228419691591,0.80000000000000004,E1_RF,20260922,True,nested,"[""PN00-2.edf"", ""PN00-4.edf"", ""PN00-5.edf""]"
PN00,PN00-1.edf,255,245,255,195,255,True,True,False,True,0,2625,0,negative,,,0.011749533146591969,0.80000000000000004,E1_RF,20260922,True,nested,"[""PN00-2.edf"", ""PN00-4.edf"", ""PN00-5.edf""]"
PN00,PN00-1.edf,260,250,260,200,260,True,True,False,True,0,2625,0,negative,,,0.029988577044203647,0.80000000000000004,E1_RF,20260922,True,nested,"[""PN00-2.edf"", ""PN00-4.edf"", ""PN00-5.edf""]"
PN00,PN00-1.edf,265,255,265,205,265,True,True,False,True,0,2625,0,negative,,,0.023325904803608789,0.80000000000000004,E1_RF,20260922,True,nested,"[""PN00-2.edf"", ""PN00-4.edf"", ""PN00-5.edf""]"
PN00,PN00-1.edf,270,260,270,210,270,True,True,False,True,0,2625,0,negative,,,0.075053510935964546,0.80000000000000004,E1_RF,20260922,True,nested,"[""PN00-2.edf"", ""PN00-4.edf"", ""PN00-5.edf""]"
PN00,PN00-1.edf,275,265,275,215,275,True,True,False,True,0,2625,0,negative,,,0.022115849794592024,0.80000000000000004,E1_RF,20260922,True,nested,"[""PN00-2.edf"", ""PN00-4.edf"", ""PN00-5.edf""]"
PN00,PN00-1.edf,280,270,280,220,280,True,True,False,True,0,2625,0,negative,,,0,0.80000000000000004,E1_RF,20260922,True,nested,"[""PN00-2.edf"", ""PN00-4.edf"", ""PN00-5.edf""]"
PN00,PN00-1.edf,285,275,285,225,285,True,True,False,True,0,2625,0,negative,,,0,0.80000000000000004,E1_RF,20260922,True,nested,"[""PN00-2.edf"", ""PN00-4.edf"", ""PN00-5.edf""]"
PN00,PN00-1.edf,290,280,290,230,290,True,True,False,True,0,2625,0,negative,,,0,0.80000000000000004,E1_RF,20260922,True,nested,"[""PN00-2.edf"", ""PN00-4.edf"", ""PN00-5.edf""]"
PN00,PN00-1.edf,295,285,295,235,295,True,True,False,True,0,2625,0,negative,,,0,0.80000000000000004,E1_RF,20260922,True,nested,"[""PN00-2.edf"", ""PN00-4.edf"", ""PN00-5.edf""]"
PN00,PN00-1.edf,300,290,300,240,300,True,True,False,True,0,2625,0,negative,,,0,0.80000000000000004,E1_RF,20260922,True,nested,"[""PN00-2.edf"", ""PN00-4.edf"", ""PN00-5.edf""]"
PN00,PN00-1.edf,305,295,305,245,305,True,True,False,True,0,2625,0,negative,,,0,0.80000000000000004,E1_RF,20260922,True,nested,"[""PN00-2.edf"", ""PN00-4.edf"", ""PN00-5.edf""]"
PN00,PN00-1.edf,310,300,310,250,310,True,True,False,True,0,2625,0,negative,,,0,0.80000000000000004,E1_RF,20260922,True,nested,"[""PN00-2.edf"", ""PN00-4.edf"", ""PN00-5.edf""]"
PN00,PN00-1.edf,315,305,315,255,315,True,True,False,True,0,2625,0,negative,,,0,0.80000000000000004,E1_RF,20260922,True,nested,"[""PN00-2.edf"", ""PN00-4.edf"", ""PN00-5.edf""]"
PN00,PN00-1.edf,320,310,320,260,320,True,True,False,True,0,2625,0,negative,,,0,0.80000000000000004,E1_RF,20260922,True,nested,"[""PN00-2.edf"", ""PN00-4.edf"", ""PN00-5.edf""]"
PN00,PN00-1.edf,325,315,325,265,325,True,True,False,True,0,2625,0,negative,,,0,0.80000000000000004,E1_RF,20260922,True,nested,"[""PN00-2.edf"", ""PN00-4.edf"", ""PN00-5.edf""]"
PN00,PN00-1.edf,330,320,330,270,330,True,True,False,True,0,2625,0,negative,,,0,0.80000000000000004,E1_RF,20260922,True,nested,"[""PN00-2.edf"", ""PN00-4.edf"", ""PN00-5.edf""]"
PN00,PN00-1.edf,335,325,335,275,335,True,True,False,True,0,2625,0,negative,,,0.044613256318765643,0.80000000000000004,E1_RF,20260922,True,nested,"[""PN00-2.edf"", ""PN00-4.edf"", ""PN00-5.edf""]"
PN00,PN00-1.edf,340,330,340,280,340,True,True,False,True,0,2625,0,negative,,,0.045286280858833523,0.80000000000000004,E1_RF,20260922,True,nested,"[""PN00-2.edf"", ""PN00-4.edf"", ""PN00-5.edf""]"
PN00,PN00-1.edf,345,335,345,285,345,True,True,False,True,0,2625,0,negative,,,0.061501393564677577,0.80000000000000004,E1_RF,20260922,True,nested,"[""PN00-2.edf"", ""PN00-4.edf"", ""PN00-5.edf""]"
PN00,PN00-1.edf,350,340,350,290,350,True,True,False,True,0,2625,0,negative,,,0.20328503816987653,0.80000000000000004,E1_RF,20260922,True,nested,"[""PN00-2.edf"", ""PN00-4.edf"", ""PN00-5.edf""]"
PN00,PN00-1.edf,355,345,355,295,355,True,True,False,True,0,2625,0,negative,,,0.1429101868007577,0.80000000000000004,E1_RF,20260922,True,nested,"[""PN00-2.edf"", ""PN00-4.edf"", ""PN00-5.edf""]"
PN00,PN00-1.edf,360,350,360,300,360,True,True,False,True,0,2625,0,negative,,,0,0.80000000000000004,E1_RF,20260922,True,nested,"[""PN00-2.edf"", ""PN00-4.edf"", ""PN00-5.edf""]"
PN00,PN00-1.edf,365,355,365,305,365,True,True,False,True,0,2625,0,negative,,,0.0026984126984126986,0.80000000000000004,E1_RF,20260922,True,nested,"[""PN00-2.edf"", ""PN00-4.edf"", ""PN00-5.edf""]"
PN00,PN00-1.edf,370,360,370,310,370,True,True,False,True,0,2625,0,negative,,,0,0.80000000000000004,E1_RF,20260922,True,nested,"[""PN00-2.edf"", ""PN00-4.edf"", ""PN00-5.edf""]"
PN00,PN00-1.edf,375,365,375,315,375,True,True,False,True,0,2625,0,negative,,,0,0.80000000000000004,E1_RF,20260922,True,nested,"[""PN00-2.edf"", ""PN00-4.edf"", ""PN00-5.edf""]"
PN00,PN00-1.edf,380,370,380,320,380,True,True,False,True,0,2625,0,negative,,,0,0.80000000000000004,E1_RF,20260922,True,nested,"[""PN00-2.edf"", ""PN00-4.edf"", ""PN00-5.edf""]"
PN00,PN00-1.edf,385,375,385,325,385,True,True,False,True,0,2625,0,negative,,,0,0.80000000000000004,E1_RF,20260922,True,nested,"[""PN00-2.edf"", ""PN00-4.edf"", ""PN00-5.edf""]"
PN00,PN00-1.edf,390,380,390,330,390,True,True,False,True,0,2625,0,negative,,,0,0.80000000000000004,E1_RF,20260922,True,nested,"[""PN00-2.edf"", ""PN00-4.edf"", ""PN00-5.edf""]"
PN00,PN00-1.edf,395,385,395,335,395,True,True,False,True,0,2625,0,negative,,,0,0.80000000000000004,E1_RF,20260922,True,nested,"[""PN00-2.edf"", ""PN00-4.edf"", ""PN00-5.edf""]"
PN00,PN00-1.edf,400,390,400,340,400,True,True,False,True,0,2625,0,negative,,,0,0.80000000000000004,E1_RF,20260922,True,nested,"[""PN00-2.edf"", ""PN00-4.edf"", ""PN00-5.edf""]"
PN00,PN00-1.edf,405,395,405,345,405,True,True,False,True,0,2625,0,negative,,,0,0.80000000000000004,E1_RF,20260922,True,nested,"[""PN00-2.edf"", ""PN00-4.edf"", ""PN00-5.edf""]"
PN00,PN00-1.edf,410,400,410,350,410,True,True,False,True,0,2625,0,negative,,,0.0088193603211050645,0.80000000000000004,E1_RF,20260922,True,nested,"[""PN00-2.edf"", ""PN00-4.edf"", ""PN00-5.edf""]"
PN00,PN00-1.edf,415,405,415,355,415,True,True,False,True,0,2625,0,negative,,,0.016450845152577422,0.80000000000000004,E1_RF,20260922,True,nested,"[""PN00-2.edf"", ""PN00-4.edf"", ""PN00-5.edf""]"
PN00,PN00-1.edf,420,410,420,360,420,True,True,False,True,0,2625,0,negative,,,0.0058212560386473426,0.80000000000000004,E1_RF,20260922,True,nested,"[""PN00-2.edf"", ""PN00-4.edf"", ""PN00-5.edf""]"
PN00,PN00-1.edf,425,415,425,365,425,True,True,False,True,0,2625,0,negative,,,0.055097580884078935,0.80000000000000004,E1_RF,20260922,True,nested,"[""PN00-2.edf"", ""PN00-4.edf"", ""PN00-5.edf""]"
PN00,PN00-1.edf,430,420,430,370,430,True,True,False,True,0,2625,0,negative,,,0,0.80000000000000004,E1_RF,20260922,True,nested,"[""PN00-2.edf"", ""PN00-4.edf"", ""PN00-5.edf""]"
PN00,PN00-1.edf,435,425,435,375,435,True,True,False,True,0,2625,0,negative,,,0,0.80000000000000004,E1_RF,20260922,True,nested,"[""PN00-2.edf"", ""PN00-4.edf"", ""PN00-5.edf""]"
PN00,PN00-1.edf,440,430,440,380,440,True,True,False,True,0,2625,0,negative,,,0.19510228431747764,0.80000000000000004,E1_RF,20260922,True,nested,"[""PN00-2.edf"", ""PN00-4.edf"", ""PN00-5.edf""]"
PN00,PN00-1.edf,445,435,445,385,445,True,True,False,True,0,2625,0,negative,,,0.14613475971443352,0.80000000000000004,E1_RF,20260922,True,nested,"[""PN00-2.edf"", ""PN00-4.edf"", ""PN00-5.edf""]"
PN00,PN00-1.edf,450,440,450,390,450,True,True,False,True,0,2625,0,negative,,,0.11093091352640758,0.80000000000000004,E1_RF,20260922,True,nested,"[""PN00-2.edf"", ""PN00-4.edf"", ""PN00-5.edf""]"
PN00,PN00-1.edf,455,445,455,395,455,True,True,False,True,0,2625,0,negative,,,0,0.80000000000000004,E1_RF,20260922,True,nested,"[""PN00-2.edf"", ""PN00-4.edf"", ""PN00-5.edf""]"
PN00,PN00-1.edf,460,450,460,400,460,True,True,False,True,0,2625,0,negative,,,0,0.80000000000000004,E1_RF,20260922,True,nested,"[""PN00-2.edf"", ""PN00-4.edf"", ""PN00-5.edf""]"
PN00,PN00-1.edf,465,455,465,405,465,True,True,False,True,0,2625,0,negative,,,0,0.80000000000000004,E1_RF,20260922,True,nested,"[""PN00-2.edf"", ""PN00-4.edf"", ""PN00-5.edf""]"
PN00,PN00-1.edf,470,460,470,410,470,True,True,False,True,0,2625,0,negative,,,0,0.80000000000000004,E1_RF,20260922,True,nested,"[""PN00-2.edf"", ""PN00-4.edf"", ""PN00-5.edf""]"
PN00,PN00-1.edf,475,465,475,415,475,True,True,False,True,0,2625,0,negative,,,0,0.80000000000000004,E1_RF,20260922,True,nested,"[""PN00-2.edf"", ""PN00-4.edf"", ""PN00-5.edf""]"
PN00,PN00-1.edf,480,470,480,420,480,True,True,False,True,0,2625,0,negative,,,0,0.80000000000000004,E1_RF,20260922,True,nested,"[""PN00-2.edf"", ""PN00-4.edf"", ""PN00-5.edf""]"
PN00,PN00-1.edf,485,475,485,425,485,True,True,False,True,0,2625,0,negative,,,0.012433166248955723,0.80000000000000004,E1_RF,20260922,True,nested,"[""PN00-2.edf"", ""PN00-4.edf"", ""PN00-5.edf""]"
PN00,PN00-1.edf,490,480,490,430,490,True,True,False,True,0,2625,0,negative,,,0,0.80000000000000004,E1_RF,20260922,True,nested,"[""PN00-2.edf"", ""PN00-4.edf"", ""PN00-5.edf""]"
PN00,PN00-1.edf,495,485,495,435,495,True,True,False,True,0,2625,0,negative,,,0.020643037518037519,0.80000000000000004,E1_RF,20260922,True,nested,"[""PN00-2.edf"", ""PN00-4.edf"", ""PN00-5.edf""]"
PN00,PN00-1.edf,500,490,500,440,500,True,True,False,True,0,2625,0,negative,,,0.051099892412189665,0.80000000000000004,E1_RF,20260922,True,nested,"[""PN00-2.edf"", ""PN00-4.edf"", ""PN00-5.edf""]"
PN00,PN00-1.edf,505,495,505,445,505,True,True,False,True,0,2625,0,negative,,,0,0.80000000000000004,E1_RF,20260922,True,nested,"[""PN00-2.edf"", ""PN00-4.edf"", ""PN00-5.edf""]"
PN00,PN00-1.edf,510,500,510,450,510,True,True,False,True,0,2625,0,negative,,,0,0.80000000000000004,E1_RF,20260922,True,nested,"[""PN00-2.edf"", ""PN00-4.edf"", ""PN00-5.edf""]"
PN00,PN00-1.edf,515,505,515,455,515,True,True,False,True,0,2625,0,negative,,,0,0.80000000000000004,E1_RF,20260922,True,nested,"[""PN00-2.edf"", ""PN00-4.edf"", ""PN00-5.edf""]"
PN00,PN00-1.edf,520,510,520,460,520,True,True,False,True,0,2625,0,negative,,,0,0.80000000000000004,E1_RF,20260922,True,nested,"[""PN00-2.edf"", ""PN00-4.edf"", ""PN00-5.edf""]"
PN00,PN00-1.edf,525,515,525,465,525,True,True,False,True,0,2625,0,negative,,,0,0.80000000000000004,E1_RF,20260922,True,nested,"[""PN00-2.edf"", ""PN00-4.edf"", ""PN00-5.edf""]"
PN00,PN00-1.edf,530,520,530,470,530,True,True,False,True,0,2625,0,negative,,,0,0.80000000000000004,E1_RF,20260922,True,nested,"[""PN00-2.edf"", ""PN00-4.edf"", ""PN00-5.edf""]"
PN00,PN00-1.edf,535,525,535,475,535,True,True,False,True,0,2625,0,negative,,,0,0.80000000000000004,E1_RF,20260922,True,nested,"[""PN00-2.edf"", ""PN00-4.edf"", ""PN00-5.edf""]"
PN00,PN00-1.edf,540,530,540,480,540,True,True,False,True,0,2625,0,negative,,,0,0.80000000000000004,E1_RF,20260922,True,nested,"[""PN00-2.edf"", ""PN00-4.edf"", ""PN00-5.edf""]"
PN00,PN00-1.edf,545,535,545,485,545,True,True,False,True,0,2625,0,negative,,,0.002121212121212121,0.80000000000000004,E1_RF,20260922,True,nested,"[""PN00-2.edf"", ""PN00-4.edf"", ""PN00-5.edf""]"
PN00,PN00-1.edf,550,540,550,490,550,True,True,False,True,0,2625,0,negative,,,0.033221714640786618,0.80000000000000004,E1_RF,20260922,True,nested,"[""PN00-2.edf"", ""PN00-4.edf"", ""PN00-5.edf""]"
PN00,PN00-1.edf,555,545,555,495,555,True,True,False,True,0,2625,0,negative,,,0.014630744189567719,0.80000000000000004,E1_RF,20260922,True,nested,"[""PN00-2.edf"", ""PN00-4.edf"", ""PN00-5.edf""]"
PN00,PN00-1.edf,560,550,560,500,560,True,True,False,True,0,2625,0,negative,,,0,0.80000000000000004,E1_RF,20260922,True,nested,"[""PN00-2.edf"", ""PN00-4.edf"", ""PN00-5.edf""]"
PN00,PN00-1.edf,565,555,565,505,565,True,True,False,True,0,2625,0,negative,,,0,0.80000000000000004,E1_RF,20260922,True,nested,"[""PN00-2.edf"", ""PN00-4.edf"", ""PN00-5.edf""]"
PN00,PN00-1.edf,570,560,570,510,570,True,True,False,True,0,2625,0,negative,,,0,0.80000000000000004,E1_RF,20260922,True,nested,"[""PN00-2.edf"", ""PN00-4.edf"", ""PN00-5.edf""]"
PN00,PN00-1.edf,575,565,575,515,575,True,True,False,True,0,2625,0,negative,,,0.0025806451612903226,0.80000000000000004,E1_RF,20260922,True,nested,"[""PN00-2.edf"", ""PN00-4.edf"", ""PN00-5.edf""]"
PN00,PN00-1.edf,580,570,580,520,580,True,True,False,True,0,2625,0,negative,,,0.041939582409389012,0.80000000000000004,E1_RF,20260922,True,nested,"[""PN00-2.edf"", ""PN00-4.edf"", ""PN00-5.edf""]"
PN00,PN00-1.edf,585,575,585,525,585,True,True,False,True,0,2625,0,negative,,,0.52785159646145252,0.80000000000000004,E1_RF,20260922,True,nested,"[""PN00-2.edf"", ""PN00-4.edf"", ""PN00-5.edf""]"
PN00,PN00-1.edf,590,580,590,530,590,True,True,False,True,0,2625,0,negative,,,0.70321595334505949,0.80000000000000004,E1_RF,20260922,True,nested,"[""PN00-2.edf"", ""PN00-4.edf"", ""PN00-5.edf""]"
PN00,PN00-1.edf,595,585,595,535,595,True,True,False,True,0,2625,0,negative,,,0.07157154111478839,0.80000000000000004,E1_RF,20260922,True,nested,"[""PN00-2.edf"", ""PN00-4.edf"", ""PN00-5.edf""]"
PN00,PN00-1.edf,600,590,600,540,600,True,True,False,True,0,2625,0,negative,,,0,0.80000000000000004,E1_RF,20260922,True,nested,"[""PN00-2.edf"", ""PN00-4.edf"", ""PN00-5.edf""]"
PN00,PN00-1.edf,605,595,605,545,605,True,True,False,True,0,2625,0,negative,,,0.0027160493827160493,0.80000000000000004,E1_RF,20260922,True,nested,"[""PN00-2.edf"", ""PN00-4.edf"", ""PN00-5.edf""]"
PN00,PN00-1.edf,610,600,610,550,610,True,True,False,True,0,2625,0,negative,,,0.0051985922574157859,0.80000000000000004,E1_RF,20260922,True,nested,"[""PN00-2.edf"", ""PN00-4.edf"", ""PN00-5.edf""]"
PN00,PN00-1.edf,615,605,615,555,615,True,True,False,True,0,2625,0,negative,,,0,0.80000000000000004,E1_RF,20260922,True,nested,"[""PN00-2.edf"", ""PN00-4.edf"", ""PN00-5.edf""]"
PN00,PN00-1.edf,620,610,620,560,620,True,True,False,True,0,2625,0,negative,,,0,0.80000000000000004,E1_RF,20260922,True,nested,"[""PN00-2.edf"", ""PN00-4.edf"", ""PN00-5.edf""]"
PN00,PN00-1.edf,625,615,625,565,625,True,True,False,True,0,2625,0,negative,,,0,0.80000000000000004,E1_RF,20260922,True,nested,"[""PN00-2.edf"", ""PN00-4.edf"", ""PN00-5.edf""]"
PN00,PN00-1.edf,630,620,630,570,630,True,True,False,True,0,2625,0,negative,,,0,0.80000000000000004,E1_RF,20260922,True,nested,"[""PN00-2.edf"", ""PN00-4.edf"", ""PN00-5.edf""]"
PN00,PN00-1.edf,635,625,635,575,635,True,True,False,True,0,2625,0,negative,,,0,0.80000000000000004,E1_RF,20260922,True,nested,"[""PN00-2.edf"", ""PN00-4.edf"", ""PN00-5.edf""]"
PN00,PN00-1.edf,640,630,640,580,640,True,True,False,True,0,2625,0,negative,,,0.0031481481481481482,0.80000000000000004,E1_RF,20260922,True,nested,"[""PN00-2.edf"", ""PN00-4.edf"", ""PN00-5.edf""]"
PN00,PN00-1.edf,645,635,645,585,645,True,True,False,True,0,2625,0,negative,,,0.021810373722138426,0.80000000000000004,E1_RF,20260922,True,nested,"[""PN00-2.edf"", ""PN00-4.edf"", ""PN00-5.edf""]"
PN00,PN00-1.edf,650,640,650,590,650,True,True,False,True,0,2625,0,negative,,,0,0.80000000000000004,E1_RF,20260922,True,nested,"[""PN00-2.edf"", ""PN00-4.edf"", ""PN00-5.edf""]"
PN00,PN00-1.edf,655,645,655,595,655,True,True,False,True,0,2625,0,negative,,,0,0.80000000000000004,E1_RF,20260922,True,nested,"[""PN00-2.edf"", ""PN00-4.edf"", ""PN00-5.edf""]"
PN00,PN00-1.edf,660,650,660,600,660,True,True,False,True,0,2625,0,negative,,,0,0.80000000000000004,E1_RF,20260922,True,nested,"[""PN00-2.edf"", ""PN00-4.edf"", ""PN00-5.edf""]"
PN00,PN00-1.edf,665,655,665,605,665,True,True,False,True,0,2625,0,negative,,,0.0081228070175438597,0.80000000000000004,E1_RF,20260922,True,nested,"[""PN00-2.edf"", ""PN00-4.edf"", ""PN00-5.edf""]"
PN00,PN00-1.edf,670,660,670,610,670,True,True,False,True,0,2625,0,negative,,,0.13162853382176828,0.80000000000000004,E1_RF,20260922,True,nested,"[""PN00-2.edf"", ""PN00-4.edf"", ""PN00-5.edf""]"
PN00,PN00-1.edf,675,665,675,615,675,True,True,False,True,0,2625,0,negative,,,0,0.80000000000000004,E1_RF,20260922,True,nested,"[""PN00-2.edf"", ""PN00-4.edf"", ""PN00-5.edf""]"
PN00,PN00-1.edf,680,670,680,620,680,True,True,False,True,0,2625,0,negative,,,0,0.80000000000000004,E1_RF,20260922,True,nested,"[""PN00-2.edf"", ""PN00-4.edf"", ""PN00-5.edf""]"
PN00,PN00-1.edf,685,675,685,625,685,True,True,False,True,0,2625,0,negative,,,0,0.80000000000000004,E1_RF,20260922,True,nested,"[""PN00-2.edf"", ""PN00-4.edf"", ""PN00-5.edf""]"
PN00,PN00-1.edf,690,680,690,630,690,True,True,False,True,0,2625,0,negative,,,0,0.80000000000000004,E1_RF,20260922,True,nested,"[""PN00-2.edf"", ""PN00-4.edf"", ""PN00-5.edf""]"
PN00,PN00-1.edf,695,685,695,635,695,True,True,False,True,0,2625,0,negative,,,0,0.80000000000000004,E1_RF,20260922,True,nested,"[""PN00-2.edf"", ""PN00-4.edf"", ""PN00-5.edf""]"
PN00,PN00-1.edf,700,690,700,640,700,True,True,False,True,0,2625,0,negative,,,0,0.80000000000000004,E1_RF,20260922,True,nested,"[""PN00-2.edf"", ""PN00-4.edf"", ""PN00-5.edf""]"
PN00,PN00-1.edf,705,695,705,645,705,True,True,False,True,0,2625,0,negative,,,0,0.80000000000000004,E1_RF,20260922,True,nested,"[""PN00-2.edf"", ""PN00-4.edf"", ""PN00-5.edf""]"
PN00,PN00-1.edf,710,700,710,650,710,True,True,False,True,0,2625,0,negative,,,0,0.80000000000000004,E1_RF,20260922,True,nested,"[""PN00-2.edf"", ""PN00-4.edf"", ""PN00-5.edf""]"
PN00,PN00-1.edf,715,705,715,655,715,True,True,False,True,0,2625,0,negative,,,0.16139330001756749,0.80000000000000004,E1_RF,20260922,True,nested,"[""PN00-2.edf"", ""PN00-4.edf"", ""PN00-5.edf""]"
PN00,PN00-1.edf,720,710,720,660,720,True,True,False,True,0,2625,0,negative,,,0.39004606829859484,0.80000000000000004,E1_RF,20260922,True,nested,"[""PN00-2.edf"", ""PN00-4.edf"", ""PN00-5.edf""]"
PN00,PN00-1.edf,725,715,725,665,725,True,True,False,True,0,2625,0,negative,,,0,0.80000000000000004,E1_RF,20260922,True,nested,"[""PN00-2.edf"", ""PN00-4.edf"", ""PN00-5.edf""]"
PN00,PN00-1.edf,730,720,730,670,730,True,True,False,True,0,2625,0,negative,,,0,0.80000000000000004,E1_RF,20260922,True,nested,"[""PN00-2.edf"", ""PN00-4.edf"", ""PN00-5.edf""]"
PN00,PN00-1.edf,735,725,735,675,735,True,True,False,True,0,2625,0,negative,,,0,0.80000000000000004,E1_RF,20260922,True,nested,"[""PN00-2.edf"", ""PN00-4.edf"", ""PN00-5.edf""]"
PN00,PN00-1.edf,740,730,740,680,740,True,True,False,True,0,2625,0,negative,,,0,0.80000000000000004,E1_RF,20260922,True,nested,"[""PN00-2.edf"", ""PN00-4.edf"", ""PN00-5.edf""]"
PN00,PN00-1.edf,745,735,745,685,745,True,True,False,True,0,2625,0,negative,,,0,0.80000000000000004,E1_RF,20260922,True,nested,"[""PN00-2.edf"", ""PN00-4.edf"", ""PN00-5.edf""]"
PN00,PN00-1.edf,750,740,750,690,750,True,True,False,True,0,2625,0,negative,,,0,0.80000000000000004,E1_RF,20260922,True,nested,"[""PN00-2.edf"", ""PN00-4.edf"", ""PN00-5.edf""]"
PN00,PN00-1.edf,755,745,755,695,755,True,True,False,True,0,2625,0,negative,,,0,0.80000000000000004,E1_RF,20260922,True,nested,"[""PN00-2.edf"", ""PN00-4.edf"", ""PN00-5.edf""]"
PN00,PN00-1.edf,760,750,760,700,760,True,True,False,True,0,2625,0,negative,,,0,0.80000000000000004,E1_RF,20260922,True,nested,"[""PN00-2.edf"", ""PN00-4.edf"", ""PN00-5.edf""]"
PN00,PN00-1.edf,765,755,765,705,765,True,True,False,True,0,2625,0,negative,,,0,0.80000000000000004,E1_RF,20260922,True,nested,"[""PN00-2.edf"", ""PN00-4.edf"", ""PN00-5.edf""]"
PN00,PN00-1.edf,770,760,770,710,770,True,True,False,True,0,2625,0,negative,,,0,0.80000000000000004,E1_RF,20260922,True,nested,"[""PN00-2.edf"", ""PN00-4.edf"", ""PN00-5.edf""]"
PN00,PN00-1.edf,775,765,775,715,775,True,True,False,True,0,2625,0,negative,,,0,0.80000000000000004,E1_RF,20260922,True,nested,"[""PN00-2.edf"", ""PN00-4.edf"", ""PN00-5.edf""]"
PN00,PN00-1.edf,780,770,780,720,780,True,True,False,True,0,2625,0,negative,,,0,0.80000000000000004,E1_RF,20260922,True,nested,"[""PN00-2.edf"", ""PN00-4.edf"", ""PN00-5.edf""]"
PN00,PN00-1.edf,785,775,785,725,785,True,True,False,True,0,2625,0,negative,,,0,0.80000000000000004,E1_RF,20260922,True,nested,"[""PN00-2.edf"", ""PN00-4.edf"", ""PN00-5.edf""]"
PN00,PN00-1.edf,790,780,790,730,790,True,True,False,True,0,2625,0,negative,,,0,0.80000000000000004,E1_RF,20260922,True,nested,"[""PN00-2.edf"", ""PN00-4.edf"", ""PN00-5.edf""]"
PN00,PN00-1.edf,795,785,795,735,795,True,True,False,True,0,2625,0,negative,,,0,0.80000000000000004,E1_RF,20260922,True,nested,"[""PN00-2.edf"", ""PN00-4.edf"", ""PN00-5.edf""]"
PN00,PN00-1.edf,800,790,800,740,800,True,True,False,True,0,2625,0,negative,,,0.16062725368789324,0.80000000000000004,E1_RF,20260922,True,nested,"[""PN00-2.edf"", ""PN00-4.edf"", ""PN00-5.edf""]"
PN00,PN00-1.edf,805,795,805,745,805,True,True,False,True,0,2625,0,negative,,,0,0.80000000000000004,E1_RF,20260922,True,nested,"[""PN00-2.edf"", ""PN00-4.edf"", ""PN00-5.edf""]"
PN00,PN00-1.edf,810,800,810,750,810,True,True,False,True,0,2625,0,negative,,,0,0.80000000000000004,E1_RF,20260922,True,nested,"[""PN00-2.edf"", ""PN00-4.edf"", ""PN00-5.edf""]"
PN00,PN00-1.edf,815,805,815,755,815,True,True,False,True,0,2625,0,negative,,,0,0.80000000000000004,E1_RF,20260922,True,nested,"[""PN00-2.edf"", ""PN00-4.edf"", ""PN00-5.edf""]"
PN00,PN00-1.edf,820,810,820,760,820,True,True,False,True,0,2625,0,negative,,,0,0.80000000000000004,E1_RF,20260922,True,nested,"[""PN00-2.edf"", ""PN00-4.edf"", ""PN00-5.edf""]"
PN00,PN00-1.edf,825,815,825,765,825,True,True,False,True,0,2625,0,negative,,,0,0.80000000000000004,E1_RF,20260922,True,nested,"[""PN00-2.edf"", ""PN00-4.edf"", ""PN00-5.edf""]"
PN00,PN00-1.edf,830,820,830,770,830,True,True,False,True,0,2625,0,negative,,,0,0.80000000000000004,E1_RF,20260922,True,nested,"[""PN00-2.edf"", ""PN00-4.edf"", ""PN00-5.edf""]"
PN00,PN00-1.edf,835,825,835,775,835,True,True,False,True,0,2625,0,negative,,,0,0.80000000000000004,E1_RF,20260922,True,nested,"[""PN00-2.edf"", ""PN00-4.edf"", ""PN00-5.edf""]"
PN00,PN00-1.edf,840,830,840,780,840,True,True,False,True,0,2625,0,negative,,,0.026838553413237841,0.80000000000000004,E1_RF,20260922,True,nested,"[""PN00-2.edf"", ""PN00-4.edf"", ""PN00-5.edf""]"
PN00,PN00-1.edf,845,835,845,785,845,True,True,False,False,0,2625,-1,ignore,,,0.35731564222025036,0.80000000000000004,E1_RF,20260922,True,nested,"[""PN00-2.edf"", ""PN00-4.edf"", ""PN00-5.edf""]"
PN00,PN00-1.edf,850,840,850,790,850,True,True,False,False,0,2625,-1,ignore,,,0.39086156924384896,0.80000000000000004,E1_RF,20260922,True,nested,"[""PN00-2.edf"", ""PN00-4.edf"", ""PN00-5.edf""]"
PN00,PN00-1.edf,855,845,855,795,855,True,True,False,False,0,2625,-1,ignore,,,0,0.80000000000000004,E1_RF,20260922,True,nested,"[""PN00-2.edf"", ""PN00-4.edf"", ""PN00-5.edf""]"
PN00,PN00-1.edf,860,850,860,800,860,True,True,False,False,0,2625,-1,ignore,,,0,0.80000000000000004,E1_RF,20260922,True,nested,"[""PN00-2.edf"", ""PN00-4.edf"", ""PN00-5.edf""]"
PN00,PN00-1.edf,865,855,865,805,865,True,True,False,False,0,2625,-1,ignore,,,0.070480194677853228,0.80000000000000004,E1_RF,20260922,True,nested,"[""PN00-2.edf"", ""PN00-4.edf"", ""PN00-5.edf""]"
PN00,PN00-1.edf,870,860,870,810,870,True,True,False,False,0,2625,-1,ignore,,,0.041227272893119275,0.80000000000000004,E1_RF,20260922,True,nested,"[""PN00-2.edf"", ""PN00-4.edf"", ""PN00-5.edf""]"
PN00,PN00-1.edf,875,865,875,815,875,True,True,False,False,0,2625,-1,ignore,,,0.36056449807263541,0.80000000000000004,E1_RF,20260922,True,nested,"[""PN00-2.edf"", ""PN00-4.edf"", ""PN00-5.edf""]"
PN00,PN00-1.edf,880,870,880,820,880,True,True,False,False,0,2625,-1,ignore,,,0,0.80000000000000004,E1_RF,20260922,True,nested,"[""PN00-2.edf"", ""PN00-4.edf"", ""PN00-5.edf""]"
PN00,PN00-1.edf,885,875,885,825,885,True,True,False,False,0,2625,-1,ignore,,,0,0.80000000000000004,E1_RF,20260922,True,nested,"[""PN00-2.edf"", ""PN00-4.edf"", ""PN00-5.edf""]"
PN00,PN00-1.edf,890,880,890,830,890,True,True,False,False,0,2625,-1,ignore,,,0,0.80000000000000004,E1_RF,20260922,True,nested,"[""PN00-2.edf"", ""PN00-4.edf"", ""PN00-5.edf""]"
PN00,PN00-1.edf,895,885,895,835,895,True,True,False,False,0,2625,-1,ignore,,,0,0.80000000000000004,E1_RF,20260922,True,nested,"[""PN00-2.edf"", ""PN00-4.edf"", ""PN00-5.edf""]"
PN00,PN00-1.edf,900,890,900,840,900,True,True,False,False,0,2625,-1,ignore,,,0.023709555758788494,0.80000000000000004,E1_RF,20260922,True,nested,"[""PN00-2.edf"", ""PN00-4.edf"", ""PN00-5.edf""]"
PN00,PN00-1.edf,905,895,905,845,905,True,True,False,False,0,2625,-1,ignore,,,0.0076985922574157864,0.80000000000000004,E1_RF,20260922,True,nested,"[""PN00-2.edf"", ""PN00-4.edf"", ""PN00-5.edf""]"
PN00,PN00-1.edf,910,900,910,850,910,True,True,False,False,0,2625,-1,ignore,,,0,0.80000000000000004,E1_RF,20260922,True,nested,"[""PN00-2.edf"", ""PN00-4.edf"", ""PN00-5.edf""]"
PN00,PN00-1.edf,915,905,915,855,915,True,True,False,False,0,2625,-1,ignore,,,0,0.80000000000000004,E1_RF,20260922,True,nested,"[""PN00-2.edf"", ""PN00-4.edf"", ""PN00-5.edf""]"
PN00,PN00-1.edf,920,910,920,860,920,True,True,False,False,0,2625,-1,ignore,,,0.0026984126984126986,0.80000000000000004,E1_RF,20260922,True,nested,"[""PN00-2.edf"", ""PN00-4.edf"", ""PN00-5.edf""]"
PN00,PN00-1.edf,925,915,925,865,925,True,True,False,False,0,2625,-1,ignore,,,0,0.80000000000000004,E1_RF,20260922,True,nested,"[""PN00-2.edf"", ""PN00-4.edf"", ""PN00-5.edf""]"
PN00,PN00-1.edf,930,920,930,870,930,True,True,False,False,0,2625,-1,ignore,,,0,0.80000000000000004,E1_RF,20260922,True,nested,"[""PN00-2.edf"", ""PN00-4.edf"", ""PN00-5.edf""]"
PN00,PN00-1.edf,935,925,935,875,935,True,True,False,False,0,2625,-1,ignore,,,0,0.80000000000000004,E1_RF,20260922,True,nested,"[""PN00-2.edf"", ""PN00-4.edf"", ""PN00-5.edf""]"
PN00,PN00-1.edf,940,930,940,880,940,True,True,False,False,0,2625,-1,ignore,,,0,0.80000000000000004,E1_RF,20260922,True,nested,"[""PN00-2.edf"", ""PN00-4.edf"", ""PN00-5.edf""]"
PN00,PN00-1.edf,945,935,945,885,945,True,True,False,False,0,2625,-1,ignore,,,0,0.80000000000000004,E1_RF,20260922,True,nested,"[""PN00-2.edf"", ""PN00-4.edf"", ""PN00-5.edf""]"
PN00,PN00-1.edf,950,940,950,890,950,True,True,False,False,0,2625,-1,ignore,,,0,0.80000000000000004,E1_RF,20260922,True,nested,"[""PN00-2.edf"", ""PN00-4.edf"", ""PN00-5.edf""]"
PN00,PN00-1.edf,955,945,955,895,955,True,True,False,False,0,2625,-1,ignore,,,0,0.80000000000000004,E1_RF,20260922,True,nested,"[""PN00-2.edf"", ""PN00-4.edf"", ""PN00-5.edf""]"
PN00,PN00-1.edf,960,950,960,900,960,True,True,False,False,0,2625,-1,ignore,,,0,0.80000000000000004,E1_RF,20260922,True,nested,"[""PN00-2.edf"", ""PN00-4.edf"", ""PN00-5.edf""]"
PN00,PN00-1.edf,965,955,965,905,965,True,True,False,False,0,2625,-1,ignore,,,0,0.80000000000000004,E1_RF,20260922,True,nested,"[""PN00-2.edf"", ""PN00-4.edf"", ""PN00-5.edf""]"
PN00,PN00-1.edf,970,960,970,910,970,True,True,False,False,0,2625,-1,ignore,,,0,0.80000000000000004,E1_RF,20260922,True,nested,"[""PN00-2.edf"", ""PN00-4.edf"", ""PN00-5.edf""]"
PN00,PN00-1.edf,975,965,975,915,975,True,True,False,False,0,2625,-1,ignore,,,0,0.80000000000000004,E1_RF,20260922,True,nested,"[""PN00-2.edf"", ""PN00-4.edf"", ""PN00-5.edf""]"
PN00,PN00-1.edf,980,970,980,920,980,True,True,False,False,0,2625,-1,ignore,,,0,0.80000000000000004,E1_RF,20260922,True,nested,"[""PN00-2.edf"", ""PN00-4.edf"", ""PN00-5.edf""]"
PN00,PN00-1.edf,985,975,985,925,985,True,True,False,False,0,2625,-1,ignore,,,0,0.80000000000000004,E1_RF,20260922,True,nested,"[""PN00-2.edf"", ""PN00-4.edf"", ""PN00-5.edf""]"
PN00,PN00-1.edf,990,980,990,930,990,True,True,False,False,0,2625,-1,ignore,,,0,0.80000000000000004,E1_RF,20260922,True,nested,"[""PN00-2.edf"", ""PN00-4.edf"", ""PN00-5.edf""]"
PN00,PN00-1.edf,995,985,995,935,995,True,True,False,False,0,2625,-1,ignore,,,0,0.80000000000000004,E1_RF,20260922,True,nested,"[""PN00-2.edf"", ""PN00-4.edf"", ""PN00-5.edf""]"
PN00,PN00-1.edf,1000,990,1000,940,1000,True,True,False,False,0,2625,-1,ignore,,,0,0.80000000000000004,E1_RF,20260922,True,nested,"[""PN00-2.edf"", ""PN00-4.edf"", ""PN00-5.edf""]"
PN00,PN00-1.edf,1005,995,1005,945,1005,True,True,False,False,0,2625,-1,ignore,,,0,0.80000000000000004,E1_RF,20260922,True,nested,"[""PN00-2.edf"", ""PN00-4.edf"", ""PN00-5.edf""]"
PN00,PN00-1.edf,1010,1000,1010,950,1010,True,True,False,False,0,2625,-1,ignore,,,0.38035891787004233,0.80000000000000004,E1_RF,20260922,True,nested,"[""PN00-2.edf"", ""PN00-4.edf"", ""PN00-5.edf""]"
PN00,PN00-1.edf,1015,1005,1015,955,1015,True,True,False,False,0,2625,-1,ignore,,,0.020784457083140487,0.80000000000000004,E1_RF,20260922,True,nested,"[""PN00-2.edf"", ""PN00-4.edf"", ""PN00-5.edf""]"
PN00,PN00-1.edf,1020,1010,1020,960,1020,True,True,False,False,0,2625,-1,ignore,,,0,0.80000000000000004,E1_RF,20260922,True,nested,"[""PN00-2.edf"", ""PN00-4.edf"", ""PN00-5.edf""]"
PN00,PN00-1.edf,1025,1015,1025,965,1025,True,True,False,False,0,2625,-1,ignore,,,0,0.80000000000000004,E1_RF,20260922,True,nested,"[""PN00-2.edf"", ""PN00-4.edf"", ""PN00-5.edf""]"
PN00,PN00-1.edf,1030,1020,1030,970,1030,True,True,False,False,0,2625,-1,ignore,,,0,0.80000000000000004,E1_RF,20260922,True,nested,"[""PN00-2.edf"", ""PN00-4.edf"", ""PN00-5.edf""]"
PN00,PN00-1.edf,1035,1025,1035,975,1035,True,True,False,False,0,2625,-1,ignore,,,0,0.80000000000000004,E1_RF,20260922,True,nested,"[""PN00-2.edf"", ""PN00-4.edf"", ""PN00-5.edf""]"
PN00,PN00-1.edf,1040,1030,1040,980,1040,True,True,False,False,0,2625,-1,ignore,,,0,0.80000000000000004,E1_RF,20260922,True,nested,"[""PN00-2.edf"", ""PN00-4.edf"", ""PN00-5.edf""]"
PN00,PN00-1.edf,1045,1035,1045,985,1045,True,True,False,False,0,2625,-1,ignore,,,0,0.80000000000000004,E1_RF,20260922,True,nested,"[""PN00-2.edf"", ""PN00-4.edf"", ""PN00-5.edf""]"
PN00,PN00-1.edf,1050,1040,1050,990,1050,True,True,False,False,0,2625,-1,ignore,,,0,0.80000000000000004,E1_RF,20260922,True,nested,"[""PN00-2.edf"", ""PN00-4.edf"", ""PN00-5.edf""]"
PN00,PN00-1.edf,1055,1045,1055,995,1055,True,True,False,False,0,2625,-1,ignore,,,0,0.80000000000000004,E1_RF,20260922,True,nested,"[""PN00-2.edf"", ""PN00-4.edf"", ""PN00-5.edf""]"
PN00,PN00-1.edf,1060,1050,1060,1000,1060,True,True,False,False,0,2625,-1,ignore,,,0,0.80000000000000004,E1_RF,20260922,True,nested,"[""PN00-2.edf"", ""PN00-4.edf"", ""PN00-5.edf""]"
PN00,PN00-1.edf,1065,1055,1065,1005,1065,True,True,False,False,0,2625,-1,ignore,,,0,0.80000000000000004,E1_RF,20260922,True,nested,"[""PN00-2.edf"", ""PN00-4.edf"", ""PN00-5.edf""]"
PN00,PN00-1.edf,1070,1060,1070,1010,1070,True,True,False,False,0,2625,-1,ignore,,,0,0.80000000000000004,E1_RF,20260922,True,nested,"[""PN00-2.edf"", ""PN00-4.edf"", ""PN00-5.edf""]"
PN00,PN00-1.edf,1075,1065,1075,1015,1075,True,True,False,False,0,2625,-1,ignore,,,0.10518706481655941,0.80000000000000004,E1_RF,20260922,True,nested,"[""PN00-2.edf"", ""PN00-4.edf"", ""PN00-5.edf""]"
PN00,PN00-1.edf,1080,1070,1080,1020,1080,True,True,False,False,0,2625,-1,ignore,,,0.12471514679802742,0.80000000000000004,E1_RF,20260922,True,nested,"[""PN00-2.edf"", ""PN00-4.edf"", ""PN00-5.edf""]"
PN00,PN00-1.edf,1085,1075,1085,1025,1085,True,True,False,False,0,2625,-1,ignore,,,0.0096980676328502421,0.80000000000000004,E1_RF,20260922,True,nested,"[""PN00-2.edf"", ""PN00-4.edf"", ""PN00-5.edf""]"
PN00,PN00-1.edf,1090,1080,1090,1030,1090,True,True,False,False,0,2625,-1,ignore,,,0.030175108967184703,0.80000000000000004,E1_RF,20260922,True,nested,"[""PN00-2.edf"", ""PN00-4.edf"", ""PN00-5.edf""]"
PN00,PN00-1.edf,1095,1085,1095,1035,1095,True,True,False,False,0,2625,-1,ignore,,,0.10342448403433005,0.80000000000000004,E1_RF,20260922,True,nested,"[""PN00-2.edf"", ""PN00-4.edf"", ""PN00-5.edf""]"
PN00,PN00-1.edf,1100,1090,1100,1040,1100,True,True,False,False,0,2625,-1,ignore,,,0.083955168500806962,0.80000000000000004,E1_RF,20260922,True,nested,"[""PN00-2.edf"", ""PN00-4.edf"", ""PN00-5.edf""]"
PN00,PN00-1.edf,1105,1095,1105,1045,1105,True,True,False,False,0,2625,-1,ignore,,,0.072201858705732841,0.80000000000000004,E1_RF,20260922,True,nested,"[""PN00-2.edf"", ""PN00-4.edf"", ""PN00-5.edf""]"
PN00,PN00-1.edf,1110,1100,1110,1050,1110,True,True,False,False,0,2625,-1,ignore,,,0,0.80000000000000004,E1_RF,20260922,True,nested,"[""PN00-2.edf"", ""PN00-4.edf"", ""PN00-5.edf""]"
PN00,PN00-1.edf,1115,1105,1115,1055,1115,True,True,False,False,0,2625,-1,ignore,,,0,0.80000000000000004,E1_RF,20260922,True,nested,"[""PN00-2.edf"", ""PN00-4.edf"", ""PN00-5.edf""]"
PN00,PN00-1.edf,1120,1110,1120,1060,1120,True,True,False,False,0,2625,-1,ignore,,,0.043010477382096846,0.80000000000000004,E1_RF,20260922,True,nested,"[""PN00-2.edf"", ""PN00-4.edf"", ""PN00-5.edf""]"
PN00,PN00-1.edf,1125,1115,1125,1065,1125,True,True,False,False,0,2625,-1,ignore,,,0.049985299746567471,0.80000000000000004,E1_RF,20260922,True,nested,"[""PN00-2.edf"", ""PN00-4.edf"", ""PN00-5.edf""]"
PN00,PN00-1.edf,1130,1120,1130,1070,1130,True,True,False,False,0,2625,-1,ignore,,,0.0052540650406504063,0.80000000000000004,E1_RF,20260922,True,nested,"[""PN00-2.edf"", ""PN00-4.edf"", ""PN00-5.edf""]"
PN00,PN00-1.edf,1135,1125,1135,1075,1135,True,True,False,False,0,2625,-1,ignore,,,0.002666666666666667,0.80000000000000004,E1_RF,20260922,True,nested,"[""PN00-2.edf"", ""PN00-4.edf"", ""PN00-5.edf""]"
PN00,PN00-1.edf,1140,1130,1140,1080,1140,True,True,False,False,0,2625,-1,ignore,,,0.02528255764066157,0.80000000000000004,E1_RF,20260922,True,nested,"[""PN00-2.edf"", ""PN00-4.edf"", ""PN00-5.edf""]"
PN00,PN00-1.edf,1145,1135,1145,1085,1145,True,True,False,True,1,2625,1,positive,1,,0.042885747158579769,0.80000000000000004,E1_RF,20260922,True,nested,"[""PN00-2.edf"", ""PN00-4.edf"", ""PN00-5.edf""]"
PN00,PN00-1.edf,1150,1140,1150,1090,1150,True,True,False,True,1,2625,1,positive,1,,0,0.80000000000000004,E1_RF,20260922,True,nested,"[""PN00-2.edf"", ""PN00-4.edf"", ""PN00-5.edf""]"
PN00,PN00-1.edf,1155,1145,1155,1095,1155,True,True,False,True,1,2625,1,positive,1,,0.56299133708476867,0.80000000000000004,E1_RF,20260922,True,nested,"[""PN00-2.edf"", ""PN00-4.edf"", ""PN00-5.edf""]"
PN00,PN00-1.edf,1160,1150,1160,1100,1160,True,True,False,True,1,2625,1,positive,1,,0.63858453959149664,0.80000000000000004,E1_RF,20260922,True,nested,"[""PN00-2.edf"", ""PN00-4.edf"", ""PN00-5.edf""]"
PN00,PN00-1.edf,1165,1155,1165,1105,1165,True,True,False,True,1,2625,1,positive,1,,0.91004486138913521,0.80000000000000004,E1_RF,20260922,True,nested,"[""PN00-2.edf"", ""PN00-4.edf"", ""PN00-5.edf""]"
PN00,PN00-1.edf,1170,1160,1170,1110,1170,True,True,False,True,1,2625,1,positive,1,,0.81196484490324516,0.80000000000000004,E1_RF,20260922,True,nested,"[""PN00-2.edf"", ""PN00-4.edf"", ""PN00-5.edf""]"
PN00,PN00-1.edf,1175,1165,1175,1115,1175,True,True,False,True,1,2625,1,positive,1,,0.80961789188426903,0.80000000000000004,E1_RF,20260922,True,nested,"[""PN00-2.edf"", ""PN00-4.edf"", ""PN00-5.edf""]"
PN00,PN00-1.edf,1180,1170,1180,1120,1180,True,True,False,True,1,2625,1,positive,1,,0.98414302105262241,0.80000000000000004,E1_RF,20260922,True,nested,"[""PN00-2.edf"", ""PN00-4.edf"", ""PN00-5.edf""]"
PN00,PN00-1.edf,1185,1175,1185,1125,1185,True,True,False,True,1,2625,1,positive,1,,0.99706046234608758,0.80000000000000004,E1_RF,20260922,True,nested,"[""PN00-2.edf"", ""PN00-4.edf"", ""PN00-5.edf""]"
PN00,PN00-1.edf,1190,1180,1190,1130,1190,True,True,False,True,1,2625,1,positive,1,,0.99892543008053769,0.80000000000000004,E1_RF,20260922,True,nested,"[""PN00-2.edf"", ""PN00-4.edf"", ""PN00-5.edf""]"
PN00,PN00-1.edf,1195,1185,1195,1135,1195,True,True,False,True,1,2625,1,positive,1,,0.98281751609410695,0.80000000000000004,E1_RF,20260922,True,nested,"[""PN00-2.edf"", ""PN00-4.edf"", ""PN00-5.edf""]"
PN00,PN00-1.edf,1200,1190,1200,1140,1200,True,True,False,True,1,2625,1,positive,1,,0.99557712078809857,0.80000000000000004,E1_RF,20260922,True,nested,"[""PN00-2.edf"", ""PN00-4.edf"", ""PN00-5.edf""]"
PN00,PN00-1.edf,1205,1195,1205,1145,1205,True,True,False,True,1,2625,1,positive,1,,0.93242606751133239,0.80000000000000004,E1_RF,20260922,True,nested,"[""PN00-2.edf"", ""PN00-4.edf"", ""PN00-5.edf""]"
PN00,PN00-1.edf,1210,1200,1210,1150,1210,True,True,False,True,1,2625,1,positive,1,,0.95194515532031498,0.80000000000000004,E1_RF,20260922,True,nested,"[""PN00-2.edf"", ""PN00-4.edf"", ""PN00-5.edf""]"
PN00,PN00-1.edf,1215,1205,1215,1155,1215,True,True,False,False,0,2625,-1,ignore,,,0.87911902511480755,0.80000000000000004,E1_RF,20260922,True,nested,"[""PN00-2.edf"", ""PN00-4.edf"", ""PN00-5.edf""]"
PN00,PN00-1.edf,1220,1210,1220,1160,1220,True,True,False,False,0,2625,-1,ignore,,,0.33965534578837675,0.80000000000000004,E1_RF,20260922,True,nested,"[""PN00-2.edf"", ""PN00-4.edf"", ""PN00-5.edf""]"
PN00,PN00-1.edf,1225,1215,1225,1165,1225,True,True,False,False,0,2625,-1,ignore,,,0.28457796206594971,0.80000000000000004,E1_RF,20260922,True,nested,"[""PN00-2.edf"", ""PN00-4.edf"", ""PN00-5.edf""]"
PN00,PN00-1.edf,1230,1220,1230,1170,1230,True,True,False,False,0,2625,-1,ignore,,,0.2314081121817558,0.80000000000000004,E1_RF,20260922,True,nested,"[""PN00-2.edf"", ""PN00-4.edf"", ""PN00-5.edf""]"
PN00,PN00-1.edf,1235,1225,1235,1175,1235,True,True,False,False,0,2625,-1,ignore,,,0.28679705889532436,0.80000000000000004,E1_RF,20260922,True,nested,"[""PN00-2.edf"", ""PN00-4.edf"", ""PN00-5.edf""]"
PN00,PN00-1.edf,1240,1230,1240,1180,1240,True,True,False,False,0,2625,-1,ignore,,,0.23740400386514277,0.80000000000000004,E1_RF,20260922,True,nested,"[""PN00-2.edf"", ""PN00-4.edf"", ""PN00-5.edf""]"
PN00,PN00-1.edf,1245,1235,1245,1185,1245,True,True,False,False,0,2625,-1,ignore,,,0.28983568933621107,0.80000000000000004,E1_RF,20260922,True,nested,"[""PN00-2.edf"", ""PN00-4.edf"", ""PN00-5.edf""]"
PN00,PN00-1.edf,1250,1240,1250,1190,1250,True,True,False,False,0,2625,-1,ignore,,,0.28344497524876922,0.80000000000000004,E1_RF,20260922,True,nested,"[""PN00-2.edf"", ""PN00-4.edf"", ""PN00-5.edf""]"
PN00,PN00-1.edf,1255,1245,1255,1195,1255,True,True,False,False,0,2625,-1,ignore,,,0.32049302971027227,0.80000000000000004,E1_RF,20260922,True,nested,"[""PN00-2.edf"", ""PN00-4.edf"", ""PN00-5.edf""]"
PN00,PN00-1.edf,1260,1250,1260,1200,1260,True,True,False,False,0,2625,-1,ignore,,,0.42554422522491092,0.80000000000000004,E1_RF,20260922,True,nested,"[""PN00-2.edf"", ""PN00-4.edf"", ""PN00-5.edf""]"
PN00,PN00-1.edf,1265,1255,1265,1205,1265,True,True,False,False,0,2625,-1,ignore,,,0.33407479483977282,0.80000000000000004,E1_RF,20260922,True,nested,"[""PN00-2.edf"", ""PN00-4.edf"", ""PN00-5.edf""]"
PN00,PN00-1.edf,1270,1260,1270,1210,1270,True,True,False,False,0,2625,-1,ignore,,,0.32196738380923784,0.80000000000000004,E1_RF,20260922,True,nested,"[""PN00-2.edf"", ""PN00-4.edf"", ""PN00-5.edf""]"
PN00,PN00-1.edf,1275,1265,1275,1215,1275,True,True,False,False,0,2625,-1,ignore,,,0.31865770136909027,0.80000000000000004,E1_RF,20260922,True,nested,"[""PN00-2.edf"", ""PN00-4.edf"", ""PN00-5.edf""]"
PN00,PN00-1.edf,1280,1270,1280,1220,1280,True,True,False,False,0,2625,-1,ignore,,,0.45881813002763699,0.80000000000000004,E1_RF,20260922,True,nested,"[""PN00-2.edf"", ""PN00-4.edf"", ""PN00-5.edf""]"
PN00,PN00-1.edf,1285,1275,1285,1225,1285,True,True,False,False,0,2625,-1,ignore,,,0.49786878035904392,0.80000000000000004,E1_RF,20260922,True,nested,"[""PN00-2.edf"", ""PN00-4.edf"", ""PN00-5.edf""]"
PN00,PN00-1.edf,1290,1280,1290,1230,1290,True,True,False,False,0,2625,-1,ignore,,,0.5535431338628235,0.80000000000000004,E1_RF,20260922,True,nested,"[""PN00-2.edf"", ""PN00-4.edf"", ""PN00-5.edf""]"
PN00,PN00-1.edf,1295,1285,1295,1235,1295,True,True,False,False,0,2625,-1,ignore,,,0.64378460412317617,0.80000000000000004,E1_RF,20260922,True,nested,"[""PN00-2.edf"", ""PN00-4.edf"", ""PN00-5.edf""]"
PN00,PN00-1.edf,1300,1290,1300,1240,1300,True,True,False,False,0,2625,-1,ignore,,,0.43450626111720331,0.80000000000000004,E1_RF,20260922,True,nested,"[""PN00-2.edf"", ""PN00-4.edf"", ""PN00-5.edf""]"
PN00,PN00-1.edf,1305,1295,1305,1245,1305,True,True,False,False,0,2625,-1,ignore,,,0.64433579789595452,0.80000000000000004,E1_RF,20260922,True,nested,"[""PN00-2.edf"", ""PN00-4.edf"", ""PN00-5.edf""]"
PN00,PN00-1.edf,1310,1300,1310,1250,1310,True,True,False,False,0,2625,-1,ignore,,,0.55071473642537927,0.80000000000000004,E1_RF,20260922,True,nested,"[""PN00-2.edf"", ""PN00-4.edf"", ""PN00-5.edf""]"
PN00,PN00-1.edf,1315,1305,1315,1255,1315,True,True,False,False,0,2625,-1,ignore,,,0.76686380158767287,0.80000000000000004,E1_RF,20260922,True,nested,"[""PN00-2.edf"", ""PN00-4.edf"", ""PN00-5.edf""]"
PN00,PN00-1.edf,1320,1310,1320,1260,1320,True,True,False,False,0,2625,-1,ignore,,,0.80265797866232835,0.80000000000000004,E1_RF,20260922,True,nested,"[""PN00-2.edf"", ""PN00-4.edf"", ""PN00-5.edf""]"
PN00,PN00-1.edf,1325,1315,1325,1265,1325,True,True,False,False,0,2625,-1,ignore,,,0.59583292921975439,0.80000000000000004,E1_RF,20260922,True,nested,"[""PN00-2.edf"", ""PN00-4.edf"", ""PN00-5.edf""]"
PN00,PN00-1.edf,1330,1320,1330,1270,1330,True,True,False,False,0,2625,-1,ignore,,,0.6559854617503621,0.80000000000000004,E1_RF,20260922,True,nested,"[""PN00-2.edf"", ""PN00-4.edf"", ""PN00-5.edf""]"
PN00,PN00-1.edf,1335,1325,1335,1275,1335,True,True,False,False,0,2625,-1,ignore,,,0.73800266814139925,0.80000000000000004,E1_RF,20260922,True,nested,"[""PN00-2.edf"", ""PN00-4.edf"", ""PN00-5.edf""]"
PN00,PN00-1.edf,1340,1330,1340,1280,1340,True,True,False,False,0,2625,-1,ignore,,,0.54621003556108816,0.80000000000000004,E1_RF,20260922,True,nested,"[""PN00-2.edf"", ""PN00-4.edf"", ""PN00-5.edf""]"
PN00,PN00-1.edf,1345,1335,1345,1285,1345,True,True,False,False,0,2625,-1,ignore,,,0.54078262857386172,0.80000000000000004,E1_RF,20260922,True,nested,"[""PN00-2.edf"", ""PN00-4.edf"", ""PN00-5.edf""]"
PN00,PN00-1.edf,1350,1340,1350,1290,1350,True,True,False,False,0,2625,-1,ignore,,,0.41933520600292262,0.80000000000000004,E1_RF,20260922,True,nested,"[""PN00-2.edf"", ""PN00-4.edf"", ""PN00-5.edf""]"
PN00,PN00-1.edf,1355,1345,1355,1295,1355,True,True,False,False,0,2625,-1,ignore,,,0.36005348748622679,0.80000000000000004,E1_RF,20260922,True,nested,"[""PN00-2.edf"", ""PN00-4.edf"", ""PN00-5.edf""]"
PN00,PN00-1.edf,1360,1350,1360,1300,1360,True,True,False,False,0,2625,-1,ignore,,,0.34634165994370564,0.80000000000000004,E1_RF,20260922,True,nested,"[""PN00-2.edf"", ""PN00-4.edf"", ""PN00-5.edf""]"
PN00,PN00-1.edf,1365,1355,1365,1305,1365,True,True,False,False,0,2625,-1,ignore,,,0.50532223109752195,0.80000000000000004,E1_RF,20260922,True,nested,"[""PN00-2.edf"", ""PN00-4.edf"", ""PN00-5.edf""]"
PN00,PN00-1.edf,1370,1360,1370,1310,1370,True,True,False,False,0,2625,-1,ignore,,,0.25884762439841769,0.80000000000000004,E1_RF,20260922,True,nested,"[""PN00-2.edf"", ""PN00-4.edf"", ""PN00-5.edf""]"
PN00,PN00-1.edf,1375,1365,1375,1315,1375,True,True,False,False,0,2625,-1,ignore,,,0.30596107340292722,0.80000000000000004,E1_RF,20260922,True,nested,"[""PN00-2.edf"", ""PN00-4.edf"", ""PN00-5.edf""]"
PN00,PN00-1.edf,1380,1370,1380,1320,1380,True,True,False,False,0,2625,-1,ignore,,,0.37320748829443268,0.80000000000000004,E1_RF,20260922,True,nested,"[""PN00-2.edf"", ""PN00-4.edf"", ""PN00-5.edf""]"
PN00,PN00-1.edf,1385,1375,1385,1325,1385,True,True,False,False,0,2625,-1,ignore,,,0.20279017897300258,0.80000000000000004,E1_RF,20260922,True,nested,"[""PN00-2.edf"", ""PN00-4.edf"", ""PN00-5.edf""]"
PN00,PN00-1.edf,1390,1380,1390,1330,1390,True,True,False,False,0,2625,-1,ignore,,,0.15019509130082059,0.80000000000000004,E1_RF,20260922,True,nested,"[""PN00-2.edf"", ""PN00-4.edf"", ""PN00-5.edf""]"
PN00,PN00-1.edf,1395,1385,1395,1335,1395,True,True,False,False,0,2625,-1,ignore,,,0.19506322879620694,0.80000000000000004,E1_RF,20260922,True,nested,"[""PN00-2.edf"", ""PN00-4.edf"", ""PN00-5.edf""]"
PN00,PN00-1.edf,1400,1390,1400,1340,1400,True,True,False,False,0,2625,-1,ignore,,,0.33060765389559449,0.80000000000000004,E1_RF,20260922,True,nested,"[""PN00-2.edf"", ""PN00-4.edf"", ""PN00-5.edf""]"
PN00,PN00-1.edf,1405,1395,1405,1345,1405,True,True,False,False,0,2625,-1,ignore,,,0.30677892284157771,0.80000000000000004,E1_RF,20260922,True,nested,"[""PN00-2.edf"", ""PN00-4.edf"", ""PN00-5.edf""]"
PN00,PN00-1.edf,1410,1400,1410,1350,1410,True,True,False,False,0,2625,-1,ignore,,,0.41061252005933419,0.80000000000000004,E1_RF,20260922,True,nested,"[""PN00-2.edf"", ""PN00-4.edf"", ""PN00-5.edf""]"
PN00,PN00-1.edf,1415,1405,1415,1355,1415,True,True,False,False,0,2625,-1,ignore,,,0.46852752328455693,0.80000000000000004,E1_RF,20260922,True,nested,"[""PN00-2.edf"", ""PN00-4.edf"", ""PN00-5.edf""]"
PN00,PN00-1.edf,1420,1410,1420,1360,1420,True,True,False,False,0,2625,-1,ignore,,,0.42320854384753098,0.80000000000000004,E1_RF,20260922,True,nested,"[""PN00-2.edf"", ""PN00-4.edf"", ""PN00-5.edf""]"
PN00,PN00-1.edf,1425,1415,1425,1365,1425,True,True,False,False,0,2625,-1,ignore,,,0.5205311807349563,0.80000000000000004,E1_RF,20260922,True,nested,"[""PN00-2.edf"", ""PN00-4.edf"", ""PN00-5.edf""]"
PN00,PN00-1.edf,1430,1420,1430,1370,1430,True,True,False,False,0,2625,-1,ignore,,,0.54208938771157755,0.80000000000000004,E1_RF,20260922,True,nested,"[""PN00-2.edf"", ""PN00-4.edf"", ""PN00-5.edf""]"
PN00,PN00-1.edf,1435,1425,1435,1375,1435,True,True,False,False,0,2625,-1,ignore,,,0.1837592119743604,0.80000000000000004,E1_RF,20260922,True,nested,"[""PN00-2.edf"", ""PN00-4.edf"", ""PN00-5.edf""]"
PN00,PN00-1.edf,1440,1430,1440,1380,1440,True,True,False,False,0,2625,-1,ignore,,,0.12862501154553438,0.80000000000000004,E1_RF,20260922,True,nested,"[""PN00-2.edf"", ""PN00-4.edf"", ""PN00-5.edf""]"
PN00,PN00-1.edf,1445,1435,1445,1385,1445,True,True,False,False,0,2625,-1,ignore,,,0.061175308710129314,0.80000000000000004,E1_RF,20260922,True,nested,"[""PN00-2.edf"", ""PN00-4.edf"", ""PN00-5.edf""]"
PN00,PN00-1.edf,1450,1440,1450,1390,1450,True,True,False,False,0,2625,-1,ignore,,,0.12371947615944687,0.80000000000000004,E1_RF,20260922,True,nested,"[""PN00-2.edf"", ""PN00-4.edf"", ""PN00-5.edf""]"
PN00,PN00-1.edf,1455,1445,1455,1395,1455,True,True,False,False,0,2625,-1,ignore,,,0.044966251384567099,0.80000000000000004,E1_RF,20260922,True,nested,"[""PN00-2.edf"", ""PN00-4.edf"", ""PN00-5.edf""]"
PN00,PN00-1.edf,1460,1450,1460,1400,1460,True,True,False,False,0,2625,-1,ignore,,,0.046683541140897775,0.80000000000000004,E1_RF,20260922,True,nested,"[""PN00-2.edf"", ""PN00-4.edf"", ""PN00-5.edf""]"
PN00,PN00-1.edf,1465,1455,1465,1405,1465,True,True,False,False,0,2625,-1,ignore,,,0.0022807017543859651,0.80000000000000004,E1_RF,20260922,True,nested,"[""PN00-2.edf"", ""PN00-4.edf"", ""PN00-5.edf""]"
PN00,PN00-1.edf,1470,1460,1470,1410,1470,True,True,False,False,0,2625,-1,ignore,,,0.0022807017543859651,0.80000000000000004,E1_RF,20260922,True,nested,"[""PN00-2.edf"", ""PN00-4.edf"", ""PN00-5.edf""]"
PN00,PN00-1.edf,1475,1465,1475,1415,1475,True,True,False,False,0,2625,-1,ignore,,,0.0022807017543859651,0.80000000000000004,E1_RF,20260922,True,nested,"[""PN00-2.edf"", ""PN00-4.edf"", ""PN00-5.edf""]"
PN00,PN00-1.edf,1480,1470,1480,1420,1480,True,True,False,False,0,2625,-1,ignore,,,0.0022807017543859651,0.80000000000000004,E1_RF,20260922,True,nested,"[""PN00-2.edf"", ""PN00-4.edf"", ""PN00-5.edf""]"
PN00,PN00-1.edf,1485,1475,1485,1425,1485,True,True,False,False,0,2625,-1,ignore,,,0.0042251461988304095,0.80000000000000004,E1_RF,20260922,True,nested,"[""PN00-2.edf"", ""PN00-4.edf"", ""PN00-5.edf""]"
PN00,PN00-1.edf,1490,1480,1490,1430,1490,True,True,False,False,0,2625,-1,ignore,,,0,0.80000000000000004,E1_RF,20260922,True,nested,"[""PN00-2.edf"", ""PN00-4.edf"", ""PN00-5.edf""]"
PN00,PN00-1.edf,1495,1485,1495,1435,1495,True,True,False,False,0,2625,-1,ignore,,,0,0.80000000000000004,E1_RF,20260922,True,nested,"[""PN00-2.edf"", ""PN00-4.edf"", ""PN00-5.edf""]"
PN00,PN00-1.edf,1500,1490,1500,1440,1500,True,True,False,False,0,2625,-1,ignore,,,0.0019444444444444446,0.80000000000000004,E1_RF,20260922,True,nested,"[""PN00-2.edf"", ""PN00-4.edf"", ""PN00-5.edf""]"
PN00,PN00-1.edf,1505,1495,1505,1445,1505,True,True,False,False,0,2625,-1,ignore,,,0.010400326797385621,0.80000000000000004,E1_RF,20260922,True,nested,"[""PN00-2.edf"", ""PN00-4.edf"", ""PN00-5.edf""]"
PN00,PN00-1.edf,1510,1500,1510,1450,1510,True,True,False,False,0,2625,-1,ignore,,,0.0030630630630630634,0.80000000000000004,E1_RF,20260922,True,nested,"[""PN00-2.edf"", ""PN00-4.edf"", ""PN00-5.edf""]"
PN00,PN00-1.edf,1515,1505,1515,1455,1515,True,True,False,True,0,2625,0,negative,,,0.012034818431877255,0.80000000000000004,E1_RF,20260922,True,nested,"[""PN00-2.edf"", ""PN00-4.edf"", ""PN00-5.edf""]"
PN00,PN00-1.edf,1520,1510,1520,1460,1520,True,True,False,True,0,2625,0,negative,,,0,0.80000000000000004,E1_RF,20260922,True,nested,"[""PN00-2.edf"", ""PN00-4.edf"", ""PN00-5.edf""]"
PN00,PN00-1.edf,1525,1515,1525,1465,1525,True,True,False,True,0,2625,0,negative,,,0,0.80000000000000004,E1_RF,20260922,True,nested,"[""PN00-2.edf"", ""PN00-4.edf"", ""PN00-5.edf""]"
PN00,PN00-1.edf,1530,1520,1530,1470,1530,True,True,False,True,0,2625,0,negative,,,0.0019444444444444446,0.80000000000000004,E1_RF,20260922,True,nested,"[""PN00-2.edf"", ""PN00-4.edf"", ""PN00-5.edf""]"
PN00,PN00-1.edf,1535,1525,1535,1475,1535,True,True,False,True,0,2625,0,negative,,,0,0.80000000000000004,E1_RF,20260922,True,nested,"[""PN00-2.edf"", ""PN00-4.edf"", ""PN00-5.edf""]"
PN00,PN00-1.edf,1540,1530,1540,1480,1540,True,True,False,True,0,2625,0,negative,,,0,0.80000000000000004,E1_RF,20260922,True,nested,"[""PN00-2.edf"", ""PN00-4.edf"", ""PN00-5.edf""]"
PN00,PN00-1.edf,1545,1535,1545,1485,1545,True,True,False,True,0,2625,0,negative,,,0,0.80000000000000004,E1_RF,20260922,True,nested,"[""PN00-2.edf"", ""PN00-4.edf"", ""PN00-5.edf""]"
PN00,PN00-1.edf,1550,1540,1550,1490,1550,True,True,False,True,0,2625,0,negative,,,0,0.80000000000000004,E1_RF,20260922,True,nested,"[""PN00-2.edf"", ""PN00-4.edf"", ""PN00-5.edf""]"
PN00,PN00-1.edf,1555,1545,1555,1495,1555,True,True,False,True,0,2625,0,negative,,,0,0.80000000000000004,E1_RF,20260922,True,nested,"[""PN00-2.edf"", ""PN00-4.edf"", ""PN00-5.edf""]"
PN00,PN00-1.edf,1560,1550,1560,1500,1560,True,True,False,True,0,2625,0,negative,,,0,0.80000000000000004,E1_RF,20260922,True,nested,"[""PN00-2.edf"", ""PN00-4.edf"", ""PN00-5.edf""]"
PN00,PN00-1.edf,1565,1555,1565,1505,1565,True,True,False,True,0,2625,0,negative,,,0.0024074074074074072,0.80000000000000004,E1_RF,20260922,True,nested,"[""PN00-2.edf"", ""PN00-4.edf"", ""PN00-5.edf""]"
PN00,PN00-1.edf,1570,1560,1570,1510,1570,True,True,False,True,0,2625,0,negative,,,0,0.80000000000000004,E1_RF,20260922,True,nested,"[""PN00-2.edf"", ""PN00-4.edf"", ""PN00-5.edf""]"
PN00,PN00-1.edf,1575,1565,1575,1515,1575,True,True,False,True,0,2625,0,negative,,,0.017332437479496299,0.80000000000000004,E1_RF,20260922,True,nested,"[""PN00-2.edf"", ""PN00-4.edf"", ""PN00-5.edf""]"
PN00,PN00-1.edf,1580,1570,1580,1520,1580,True,True,False,True,0,2625,0,negative,,,0.012356676003734827,0.80000000000000004,E1_RF,20260922,True,nested,"[""PN00-2.edf"", ""PN00-4.edf"", ""PN00-5.edf""]"
PN00,PN00-1.edf,1585,1575,1585,1525,1585,True,True,False,True,0,2625,0,negative,,,0.071658431026163122,0.80000000000000004,E1_RF,20260922,True,nested,"[""PN00-2.edf"", ""PN00-4.edf"", ""PN00-5.edf""]"
PN00,PN00-1.edf,1590,1580,1590,1530,1590,True,True,False,True,0,2625,0,negative,,,0.3391955963610287,0.80000000000000004,E1_RF,20260922,True,nested,"[""PN00-2.edf"", ""PN00-4.edf"", ""PN00-5.edf""]"
PN00,PN00-1.edf,1595,1585,1595,1535,1595,True,True,False,True,0,2625,0,negative,,,0.020867928367928369,0.80000000000000004,E1_RF,20260922,True,nested,"[""PN00-2.edf"", ""PN00-4.edf"", ""PN00-5.edf""]"
PN00,PN00-1.edf,1600,1590,1600,1540,1600,True,True,False,True,0,2625,0,negative,,,0.002666666666666667,0.80000000000000004,E1_RF,20260922,True,nested,"[""PN00-2.edf"", ""PN00-4.edf"", ""PN00-5.edf""]"
PN00,PN00-1.edf,1605,1595,1605,1545,1605,True,True,False,True,0,2625,0,negative,,,0.002666666666666667,0.80000000000000004,E1_RF,20260922,True,nested,"[""PN00-2.edf"", ""PN00-4.edf"", ""PN00-5.edf""]"
PN00,PN00-1.edf,1610,1600,1610,1550,1610,True,True,False,True,0,2625,0,negative,,,0.011054241884905502,0.80000000000000004,E1_RF,20260922,True,nested,"[""PN00-2.edf"", ""PN00-4.edf"", ""PN00-5.edf""]"
PN00,PN00-1.edf,1615,1605,1615,1555,1615,True,True,False,True,0,2625,0,negative,,,0.05286050536140182,0.80000000000000004,E1_RF,20260922,True,nested,"[""PN00-2.edf"", ""PN00-4.edf"", ""PN00-5.edf""]"
PN00,PN00-1.edf,1620,1610,1620,1560,1620,True,True,False,True,0,2625,0,negative,,,0.020756676314456633,0.80000000000000004,E1_RF,20260922,True,nested,"[""PN00-2.edf"", ""PN00-4.edf"", ""PN00-5.edf""]"
PN00,PN00-1.edf,1625,1615,1625,1565,1625,True,True,False,True,0,2625,0,negative,,,0.015943548590607415,0.80000000000000004,E1_RF,20260922,True,nested,"[""PN00-2.edf"", ""PN00-4.edf"", ""PN00-5.edf""]"
PN00,PN00-1.edf,1630,1620,1630,1570,1630,True,True,False,True,0,2625,0,negative,,,0,0.80000000000000004,E1_RF,20260922,True,nested,"[""PN00-2.edf"", ""PN00-4.edf"", ""PN00-5.edf""]"
PN00,PN00-1.edf,1635,1625,1635,1575,1635,True,True,False,True,0,2625,0,negative,,,0.0065190691661279904,0.80000000000000004,E1_RF,20260922,True,nested,"[""PN00-2.edf"", ""PN00-4.edf"", ""PN00-5.edf""]"
PN00,PN00-1.edf,1640,1630,1640,1580,1640,True,True,False,True,0,2625,0,negative,,,0.041858941948869806,0.80000000000000004,E1_RF,20260922,True,nested,"[""PN00-2.edf"", ""PN00-4.edf"", ""PN00-5.edf""]"
PN00,PN00-1.edf,1645,1635,1645,1585,1645,True,True,False,True,0,2625,0,negative,,,0.016717481864540688,0.80000000000000004,E1_RF,20260922,True,nested,"[""PN00-2.edf"", ""PN00-4.edf"", ""PN00-5.edf""]"
PN00,PN00-1.edf,1650,1640,1650,1590,1650,True,True,False,True,0,2625,0,negative,,,0.0024444444444444444,0.80000000000000004,E1_RF,20260922,True,nested,"[""PN00-2.edf"", ""PN00-4.edf"", ""PN00-5.edf""]"
PN00,PN00-1.edf,1655,1645,1655,1595,1655,True,True,False,True,0,2625,0,negative,,,0,0.80000000000000004,E1_RF,20260922,True,nested,"[""PN00-2.edf"", ""PN00-4.edf"", ""PN00-5.edf""]"
PN00,PN00-1.edf,1660,1650,1660,1600,1660,True,True,False,True,0,2625,0,negative,,,0.0031007751937984496,0.80000000000000004,E1_RF,20260922,True,nested,"[""PN00-2.edf"", ""PN00-4.edf"", ""PN00-5.edf""]"
PN00,PN00-1.edf,1665,1655,1665,1605,1665,True,True,False,True,0,2625,0,negative,,,0.064439257757066409,0.80000000000000004,E1_RF,20260922,True,nested,"[""PN00-2.edf"", ""PN00-4.edf"", ""PN00-5.edf""]"
PN00,PN00-1.edf,1670,1660,1670,1610,1670,True,True,False,True,0,2625,0,negative,,,0.040574262690186269,0.80000000000000004,E1_RF,20260922,True,nested,"[""PN00-2.edf"", ""PN00-4.edf"", ""PN00-5.edf""]"
PN00,PN00-1.edf,1675,1665,1675,1615,1675,True,True,False,True,0,2625,0,negative,,,0.044082885205748705,0.80000000000000004,E1_RF,20260922,True,nested,"[""PN00-2.edf"", ""PN00-4.edf"", ""PN00-5.edf""]"
PN00,PN00-1.edf,1680,1670,1680,1620,1680,True,True,False,True,0,2625,0,negative,,,0.18550943894987562,0.80000000000000004,E1_RF,20260922,True,nested,"[""PN00-2.edf"", ""PN00-4.edf"", ""PN00-5.edf""]"
PN00,PN00-1.edf,1685,1675,1685,1625,1685,True,True,False,True,0,2625,0,negative,,,0.0058373983739837395,0.80000000000000004,E1_RF,20260922,True,nested,"[""PN00-2.edf"", ""PN00-4.edf"", ""PN00-5.edf""]"
PN00,PN00-1.edf,1690,1680,1690,1630,1690,True,True,False,True,0,2625,0,negative,,,0.0031060606060606057,0.80000000000000004,E1_RF,20260922,True,nested,"[""PN00-2.edf"", ""PN00-4.edf"", ""PN00-5.edf""]"
PN00,PN00-1.edf,1695,1685,1695,1635,1695,True,True,False,True,0,2625,0,negative,,,0.011511437908496732,0.80000000000000004,E1_RF,20260922,True,nested,"[""PN00-2.edf"", ""PN00-4.edf"", ""PN00-5.edf""]"
PN00,PN00-1.edf,1700,1690,1700,1640,1700,True,True,False,True,0,2625,0,negative,,,0.0055882352941176465,0.80000000000000004,E1_RF,20260922,True,nested,"[""PN00-2.edf"", ""PN00-4.edf"", ""PN00-5.edf""]"
PN00,PN00-1.edf,1705,1695,1705,1645,1705,True,True,False,True,0,2625,0,negative,,,0,0.80000000000000004,E1_RF,20260922,True,nested,"[""PN00-2.edf"", ""PN00-4.edf"", ""PN00-5.edf""]"
PN00,PN00-1.edf,1710,1700,1710,1650,1710,True,True,False,True,0,2625,0,negative,,,0,0.80000000000000004,E1_RF,20260922,True,nested,"[""PN00-2.edf"", ""PN00-4.edf"", ""PN00-5.edf""]"
PN00,PN00-1.edf,1715,1705,1715,1655,1715,True,True,False,True,0,2625,0,negative,,,0,0.80000000000000004,E1_RF,20260922,True,nested,"[""PN00-2.edf"", ""PN00-4.edf"", ""PN00-5.edf""]"
PN00,PN00-1.edf,1720,1710,1720,1660,1720,True,True,False,True,0,2625,0,negative,,,0.011014361885104918,0.80000000000000004,E1_RF,20260922,True,nested,"[""PN00-2.edf"", ""PN00-4.edf"", ""PN00-5.edf""]"
PN00,PN00-1.edf,1725,1715,1725,1665,1725,True,True,False,True,0,2625,0,negative,,,0.0054545454545454541,0.80000000000000004,E1_RF,20260922,True,nested,"[""PN00-2.edf"", ""PN00-4.edf"", ""PN00-5.edf""]"
PN00,PN00-1.edf,1730,1720,1730,1670,1730,True,True,False,True,0,2625,0,negative,,,0.036550655736139609,0.80000000000000004,E1_RF,20260922,True,nested,"[""PN00-2.edf"", ""PN00-4.edf"", ""PN00-5.edf""]"
PN00,PN00-1.edf,1735,1725,1735,1675,1735,True,True,False,True,0,2625,0,negative,,,0.10131467695134062,0.80000000000000004,E1_RF,20260922,True,nested,"[""PN00-2.edf"", ""PN00-4.edf"", ""PN00-5.edf""]"
PN00,PN00-1.edf,1740,1730,1740,1680,1740,True,True,False,True,0,2625,0,negative,,,0.0020370370370370373,0.80000000000000004,E1_RF,20260922,True,nested,"[""PN00-2.edf"", ""PN00-4.edf"", ""PN00-5.edf""]"
PN00,PN00-1.edf,1745,1735,1745,1685,1745,True,True,False,True,0,2625,0,negative,,,0.0058373983739837395,0.80000000000000004,E1_RF,20260922,True,nested,"[""PN00-2.edf"", ""PN00-4.edf"", ""PN00-5.edf""]"
PN00,PN00-1.edf,1750,1740,1750,1690,1750,True,True,False,True,0,2625,0,negative,,,0.005751376868607396,0.80000000000000004,E1_RF,20260922,True,nested,"[""PN00-2.edf"", ""PN00-4.edf"", ""PN00-5.edf""]"
PN00,PN00-1.edf,1755,1745,1755,1695,1755,True,True,False,True,0,2625,0,negative,,,0.0089877251713693599,0.80000000000000004,E1_RF,20260922,True,nested,"[""PN00-2.edf"", ""PN00-4.edf"", ""PN00-5.edf""]"
PN00,PN00-1.edf,1760,1750,1760,1700,1760,True,True,False,True,0,2625,0,negative,,,0.14072989073727127,0.80000000000000004,E1_RF,20260922,True,nested,"[""PN00-2.edf"", ""PN00-4.edf"", ""PN00-5.edf""]"
PN00,PN00-1.edf,1765,1755,1765,1705,1765,True,True,False,True,0,2625,0,negative,,,0.1579063808298927,0.80000000000000004,E1_RF,20260922,True,nested,"[""PN00-2.edf"", ""PN00-4.edf"", ""PN00-5.edf""]"
PN00,PN00-1.edf,1770,1760,1770,1710,1770,True,True,False,True,0,2625,0,negative,,,0.025120841287190721,0.80000000000000004,E1_RF,20260922,True,nested,"[""PN00-2.edf"", ""PN00-4.edf"", ""PN00-5.edf""]"
PN00,PN00-1.edf,1775,1765,1775,1715,1775,True,True,False,True,0,2625,0,negative,,,0.011940476190476191,0.80000000000000004,E1_RF,20260922,True,nested,"[""PN00-2.edf"", ""PN00-4.edf"", ""PN00-5.edf""]"
PN00,PN00-1.edf,1780,1770,1780,1720,1780,True,True,False,True,0,2625,0,negative,,,0.0064624183006535942,0.80000000000000004,E1_RF,20260922,True,nested,"[""PN00-2.edf"", ""PN00-4.edf"", ""PN00-5.edf""]"
PN00,PN00-1.edf,1785,1775,1785,1725,1785,True,True,False,True,0,2625,0,negative,,,0.0029487179487179484,0.80000000000000004,E1_RF,20260922,True,nested,"[""PN00-2.edf"", ""PN00-4.edf"", ""PN00-5.edf""]"
PN00,PN00-1.edf,1790,1780,1790,1730,1790,True,True,False,True,0,2625,0,negative,,,0.022635109217262903,0.80000000000000004,E1_RF,20260922,True,nested,"[""PN00-2.edf"", ""PN00-4.edf"", ""PN00-5.edf""]"
PN00,PN00-1.edf,1795,1785,1795,1735,1795,True,True,False,True,0,2625,0,negative,,,0.010132008943928449,0.80000000000000004,E1_RF,20260922,True,nested,"[""PN00-2.edf"", ""PN00-4.edf"", ""PN00-5.edf""]"
PN00,PN00-1.edf,1800,1790,1800,1740,1800,True,True,False,True,0,2625,0,negative,,,0,0.80000000000000004,E1_RF,20260922,True,nested,"[""PN00-2.edf"", ""PN00-4.edf"", ""PN00-5.edf""]"
PN00,PN00-1.edf,1805,1795,1805,1745,1805,True,True,False,True,0,2625,0,negative,,,0,0.80000000000000004,E1_RF,20260922,True,nested,"[""PN00-2.edf"", ""PN00-4.edf"", ""PN00-5.edf""]"
PN00,PN00-1.edf,1810,1800,1810,1750,1810,True,True,False,True,0,2625,0,negative,,,0,0.80000000000000004,E1_RF,20260922,True,nested,"[""PN00-2.edf"", ""PN00-4.edf"", ""PN00-5.edf""]"
PN00,PN00-1.edf,1815,1805,1815,1755,1815,True,True,False,True,0,2625,0,negative,,,0,0.80000000000000004,E1_RF,20260922,True,nested,"[""PN00-2.edf"", ""PN00-4.edf"", ""PN00-5.edf""]"
PN00,PN00-1.edf,1820,1810,1820,1760,1820,True,True,False,True,0,2625,0,negative,,,0,0.80000000000000004,E1_RF,20260922,True,nested,"[""PN00-2.edf"", ""PN00-4.edf"", ""PN00-5.edf""]"
PN00,PN00-1.edf,1825,1815,1825,1765,1825,True,True,False,True,0,2625,0,negative,,,0,0.80000000000000004,E1_RF,20260922,True,nested,"[""PN00-2.edf"", ""PN00-4.edf"", ""PN00-5.edf""]"
PN00,PN00-1.edf,1830,1820,1830,1770,1830,True,True,False,True,0,2625,0,negative,,,0,0.80000000000000004,E1_RF,20260922,True,nested,"[""PN00-2.edf"", ""PN00-4.edf"", ""PN00-5.edf""]"
PN00,PN00-1.edf,1835,1825,1835,1775,1835,True,True,False,True,0,2625,0,negative,,,0.0096980676328502421,0.80000000000000004,E1_RF,20260922,True,nested,"[""PN00-2.edf"", ""PN00-4.edf"", ""PN00-5.edf""]"
PN00,PN00-1.edf,1840,1830,1840,1780,1840,True,True,False,True,0,2625,0,negative,,,0,0.80000000000000004,E1_RF,20260922,True,nested,"[""PN00-2.edf"", ""PN00-4.edf"", ""PN00-5.edf""]"
PN00,PN00-1.edf,1845,1835,1845,1785,1845,True,True,False,True,0,2625,0,negative,,,0,0.80000000000000004,E1_RF,20260922,True,nested,"[""PN00-2.edf"", ""PN00-4.edf"", ""PN00-5.edf""]"
PN00,PN00-1.edf,1850,1840,1850,1790,1850,True,True,False,True,0,2625,0,negative,,,0.0089993606138107415,0.80000000000000004,E1_RF,20260922,True,nested,"[""PN00-2.edf"", ""PN00-4.edf"", ""PN00-5.edf""]"
PN00,PN00-1.edf,1855,1845,1855,1795,1855,True,True,False,True,0,2625,0,negative,,,0.0058212560386473426,0.80000000000000004,E1_RF,20260922,True,nested,"[""PN00-2.edf"", ""PN00-4.edf"", ""PN00-5.edf""]"
PN00,PN00-1.edf,1860,1850,1860,1800,1860,True,True,False,True,0,2625,0,negative,,,0.002666666666666667,0.80000000000000004,E1_RF,20260922,True,nested,"[""PN00-2.edf"", ""PN00-4.edf"", ""PN00-5.edf""]"
PN00,PN00-1.edf,1865,1855,1865,1805,1865,True,True,False,True,0,2625,0,negative,,,0.053425651226176464,0.80000000000000004,E1_RF,20260922,True,nested,"[""PN00-2.edf"", ""PN00-4.edf"", ""PN00-5.edf""]"
PN00,PN00-1.edf,1870,1860,1870,1810,1870,True,True,False,True,0,2625,0,negative,,,0.075525837128162895,0.80000000000000004,E1_RF,20260922,True,nested,"[""PN00-2.edf"", ""PN00-4.edf"", ""PN00-5.edf""]"
PN00,PN00-1.edf,1875,1865,1875,1815,1875,True,True,False,True,0,2625,0,negative,,,0.1646682094665087,0.80000000000000004,E1_RF,20260922,True,nested,"[""PN00-2.edf"", ""PN00-4.edf"", ""PN00-5.edf""]"
PN00,PN00-1.edf,1880,1870,1880,1820,1880,True,True,False,True,0,2625,0,negative,,,0.042405367323999299,0.80000000000000004,E1_RF,20260922,True,nested,"[""PN00-2.edf"", ""PN00-4.edf"", ""PN00-5.edf""]"
PN00,PN00-1.edf,1885,1875,1885,1825,1885,True,True,False,True,0,2625,0,negative,,,0,0.80000000000000004,E1_RF,20260922,True,nested,"[""PN00-2.edf"", ""PN00-4.edf"", ""PN00-5.edf""]"
PN00,PN00-1.edf,1890,1880,1890,1830,1890,True,True,False,True,0,2625,0,negative,,,0.011271636859872154,0.80000000000000004,E1_RF,20260922,True,nested,"[""PN00-2.edf"", ""PN00-4.edf"", ""PN00-5.edf""]"
PN00,PN00-1.edf,1895,1885,1895,1835,1895,True,True,False,True,0,2625,0,negative,,,0.011271636859872154,0.80000000000000004,E1_RF,20260922,True,nested,"[""PN00-2.edf"", ""PN00-4.edf"", ""PN00-5.edf""]"
PN00,PN00-1.edf,1900,1890,1900,1840,1900,True,True,False,True,0,2625,0,negative,,,0,0.80000000000000004,E1_RF,20260922,True,nested,"[""PN00-2.edf"", ""PN00-4.edf"", ""PN00-5.edf""]"
PN00,PN00-1.edf,1905,1895,1905,1845,1905,True,True,False,True,0,2625,0,negative,,,0,0.80000000000000004,E1_RF,20260922,True,nested,"[""PN00-2.edf"", ""PN00-4.edf"", ""PN00-5.edf""]"
PN00,PN00-1.edf,1910,1900,1910,1850,1910,True,True,False,True,0,2625,0,negative,,,0.025084178301569605,0.80000000000000004,E1_RF,20260922,True,nested,"[""PN00-2.edf"", ""PN00-4.edf"", ""PN00-5.edf""]"
PN00,PN00-1.edf,1915,1905,1915,1855,1915,True,True,False,True,0,2625,0,negative,,,0.052810541149920613,0.80000000000000004,E1_RF,20260922,True,nested,"[""PN00-2.edf"", ""PN00-4.edf"", ""PN00-5.edf""]"
PN00,PN00-1.edf,1920,1910,1920,1860,1920,True,True,False,True,0,2625,0,negative,,,0.10563888761944511,0.80000000000000004,E1_RF,20260922,True,nested,"[""PN00-2.edf"", ""PN00-4.edf"", ""PN00-5.edf""]"
PN00,PN00-1.edf,1925,1915,1925,1865,1925,True,True,False,True,0,2625,0,negative,,,0.0062878787878787876,0.80000000000000004,E1_RF,20260922,True,nested,"[""PN00-2.edf"", ""PN00-4.edf"", ""PN00-5.edf""]"
PN00,PN00-1.edf,1930,1920,1930,1870,1930,True,True,False,True,0,2625,0,negative,,,0.01071013321013321,0.80000000000000004,E1_RF,20260922,True,nested,"[""PN00-2.edf"", ""PN00-4.edf"", ""PN00-5.edf""]"
PN00,PN00-1.edf,1935,1925,1935,1875,1935,True,True,False,True,0,2625,0,negative,,,0.027676972494309955,0.80000000000000004,E1_RF,20260922,True,nested,"[""PN00-2.edf"", ""PN00-4.edf"", ""PN00-5.edf""]"
PN00,PN00-1.edf,1940,1930,1940,1880,1940,True,True,False,True,0,2625,0,negative,,,0.077897408164534956,0.80000000000000004,E1_RF,20260922,True,nested,"[""PN00-2.edf"", ""PN00-4.edf"", ""PN00-5.edf""]"
PN00,PN00-1.edf,1945,1935,1945,1885,1945,True,True,False,True,0,2625,0,negative,,,0.0095977633477633464,0.80000000000000004,E1_RF,20260922,True,nested,"[""PN00-2.edf"", ""PN00-4.edf"", ""PN00-5.edf""]"
PN00,PN00-1.edf,1950,1940,1950,1890,1950,True,True,False,True,0,2625,0,negative,,,0.0024444444444444444,0.80000000000000004,E1_RF,20260922,True,nested,"[""PN00-2.edf"", ""PN00-4.edf"", ""PN00-5.edf""]"
PN00,PN00-1.edf,1955,1945,1955,1895,1955,True,True,False,True,0,2625,0,negative,,,0,0.80000000000000004,E1_RF,20260922,True,nested,"[""PN00-2.edf"", ""PN00-4.edf"", ""PN00-5.edf""]"
PN00,PN00-1.edf,1960,1950,1960,1900,1960,True,True,False,True,0,2625,0,negative,,,0,0.80000000000000004,E1_RF,20260922,True,nested,"[""PN00-2.edf"", ""PN00-4.edf"", ""PN00-5.edf""]"
PN00,PN00-1.edf,1965,1955,1965,1905,1965,True,True,False,True,0,2625,0,negative,,,0.0027777777777777779,0.80000000000000004,E1_RF,20260922,True,nested,"[""PN00-2.edf"", ""PN00-4.edf"", ""PN00-5.edf""]"
PN00,PN00-1.edf,1970,1960,1970,1910,1970,True,True,False,True,0,2625,0,negative,,,0.0027777777777777779,0.80000000000000004,E1_RF,20260922,True,nested,"[""PN00-2.edf"", ""PN00-4.edf"", ""PN00-5.edf""]"
PN00,PN00-1.edf,1975,1965,1975,1915,1975,True,True,False,True,0,2625,0,negative,,,0,0.80000000000000004,E1_RF,20260922,True,nested,"[""PN00-2.edf"", ""PN00-4.edf"", ""PN00-5.edf""]"
PN00,PN00-1.edf,1980,1970,1980,1920,1980,True,True,False,True,0,2625,0,negative,,,0,0.80000000000000004,E1_RF,20260922,True,nested,"[""PN00-2.edf"", ""PN00-4.edf"", ""PN00-5.edf""]"
PN00,PN00-1.edf,1985,1975,1985,1925,1985,True,True,False,True,0,2625,0,negative,,,0,0.80000000000000004,E1_RF,20260922,True,nested,"[""PN00-2.edf"", ""PN00-4.edf"", ""PN00-5.edf""]"
PN00,PN00-1.edf,1990,1980,1990,1930,1990,True,True,False,True,0,2625,0,negative,,,0.0028571428571428571,0.80000000000000004,E1_RF,20260922,True,nested,"[""PN00-2.edf"", ""PN00-4.edf"", ""PN00-5.edf""]"
PN00,PN00-1.edf,1995,1985,1995,1935,1995,True,True,False,True,0,2625,0,negative,,,0,0.80000000000000004,E1_RF,20260922,True,nested,"[""PN00-2.edf"", ""PN00-4.edf"", ""PN00-5.edf""]"
PN00,PN00-1.edf,2000,1990,2000,1940,2000,True,True,False,True,0,2625,0,negative,,,0.067182390641674694,0.80000000000000004,E1_RF,20260922,True,nested,"[""PN00-2.edf"", ""PN00-4.edf"", ""PN00-5.edf""]"
PN00,PN00-1.edf,2005,1995,2005,1945,2005,True,True,False,True,0,2625,0,negative,,,0.16486157312071006,0.80000000000000004,E1_RF,20260922,True,nested,"[""PN00-2.edf"", ""PN00-4.edf"", ""PN00-5.edf""]"
PN00,PN00-1.edf,2010,2000,2010,1950,2010,True,True,False,True,0,2625,0,negative,,,0.084240570998183315,0.80000000000000004,E1_RF,20260922,True,nested,"[""PN00-2.edf"", ""PN00-4.edf"", ""PN00-5.edf""]"
PN00,PN00-1.edf,2015,2005,2015,1955,2015,True,True,False,True,0,2625,0,negative,,,0.034100806928873018,0.80000000000000004,E1_RF,20260922,True,nested,"[""PN00-2.edf"", ""PN00-4.edf"", ""PN00-5.edf""]"
PN00,PN00-1.edf,2020,2010,2020,1960,2020,True,True,False,True,0,2625,0,negative,,,0.0444005828135767,0.80000000000000004,E1_RF,20260922,True,nested,"[""PN00-2.edf"", ""PN00-4.edf"", ""PN00-5.edf""]"
PN00,PN00-1.edf,2025,2015,2025,1965,2025,True,True,False,True,0,2625,0,negative,,,0.081063120554659904,0.80000000000000004,E1_RF,20260922,True,nested,"[""PN00-2.edf"", ""PN00-4.edf"", ""PN00-5.edf""]"
PN00,PN00-1.edf,2030,2020,2030,1970,2030,True,True,False,True,0,2625,0,negative,,,0.18703926487249631,0.80000000000000004,E1_RF,20260922,True,nested,"[""PN00-2.edf"", ""PN00-4.edf"", ""PN00-5.edf""]"
PN00,PN00-1.edf,2035,2025,2035,1975,2035,True,True,False,True,0,2625,0,negative,,,0.029403142870534176,0.80000000000000004,E1_RF,20260922,True,nested,"[""PN00-2.edf"", ""PN00-4.edf"", ""PN00-5.edf""]"
PN00,PN00-1.edf,2040,2030,2040,1980,2040,True,True,False,True,0,2625,0,negative,,,0.16098131301706894,0.80000000000000004,E1_RF,20260922,True,nested,"[""PN00-2.edf"", ""PN00-4.edf"", ""PN00-5.edf""]"
PN00,PN00-1.edf,2045,2035,2045,1985,2045,True,True,False,True,0,2625,0,negative,,,0.042235892503934731,0.80000000000000004,E1_RF,20260922,True,nested,"[""PN00-2.edf"", ""PN00-4.edf"", ""PN00-5.edf""]"
PN00,PN00-1.edf,2050,2040,2050,1990,2050,True,True,False,True,0,2625,0,negative,,,0.12509170550431864,0.80000000000000004,E1_RF,20260922,True,nested,"[""PN00-2.edf"", ""PN00-4.edf"", ""PN00-5.edf""]"
PN00,PN00-1.edf,2055,2045,2055,1995,2055,True,True,False,True,0,2625,0,negative,,,0.28606841705221808,0.80000000000000004,E1_RF,20260922,True,nested,"[""PN00-2.edf"", ""PN00-4.edf"", ""PN00-5.edf""]"
PN00,PN00-1.edf,2060,2050,2060,2000,2060,True,True,False,True,0,2625,0,negative,,,0.15428783850870387,0.80000000000000004,E1_RF,20260922,True,nested,"[""PN00-2.edf"", ""PN00-4.edf"", ""PN00-5.edf""]"
PN00,PN00-1.edf,2065,2055,2065,2005,2065,True,True,False,True,0,2625,0,negative,,,0.14250538840906216,0.80000000000000004,E1_RF,20260922,True,nested,"[""PN00-2.edf"", ""PN00-4.edf"", ""PN00-5.edf""]"
PN00,PN00-1.edf,2070,2060,2070,2010,2070,True,True,False,True,0,2625,0,negative,,,0.12583766723898007,0.80000000000000004,E1_RF,20260922,True,nested,"[""PN00-2.edf"", ""PN00-4.edf"", ""PN00-5.edf""]"
PN00,PN00-1.edf,2075,2065,2075,2015,2075,True,True,False,True,0,2625,0,negative,,,0.01125,0.80000000000000004,E1_RF,20260922,True,nested,"[""PN00-2.edf"", ""PN00-4.edf"", ""PN00-5.edf""]"
PN00,PN00-1.edf,2080,2070,2080,2020,2080,True,True,False,True,0,2625,0,negative,,,0.016664079881471186,0.80000000000000004,E1_RF,20260922,True,nested,"[""PN00-2.edf"", ""PN00-4.edf"", ""PN00-5.edf""]"
PN00,PN00-1.edf,2085,2075,2085,2025,2085,True,True,False,True,0,2625,0,negative,,,0.011561434781249023,0.80000000000000004,E1_RF,20260922,True,nested,"[""PN00-2.edf"", ""PN00-4.edf"", ""PN00-5.edf""]"
PN00,PN00-1.edf,2090,2080,2090,2030,2090,True,True,False,True,0,2625,0,negative,,,0.012031862745098038,0.80000000000000004,E1_RF,20260922,True,nested,"[""PN00-2.edf"", ""PN00-4.edf"", ""PN00-5.edf""]"
PN00,PN00-1.edf,2095,2085,2095,2035,2095,True,True,False,True,0,2625,0,negative,,,0.002549019607843137,0.80000000000000004,E1_RF,20260922,True,nested,"[""PN00-2.edf"", ""PN00-4.edf"", ""PN00-5.edf""]"
PN00,PN00-1.edf,2100,2090,2100,2040,2100,True,True,False,True,0,2625,0,negative,,,0.0030434782608695652,0.80000000000000004,E1_RF,20260922,True,nested,"[""PN00-2.edf"", ""PN00-4.edf"", ""PN00-5.edf""]"
PN00,PN00-1.edf,2105,2095,2105,2045,2105,True,True,False,True,0,2625,0,negative,,,0.003170731707317073,0.80000000000000004,E1_RF,20260922,True,nested,"[""PN00-2.edf"", ""PN00-4.edf"", ""PN00-5.edf""]"
PN00,PN00-1.edf,2110,2100,2110,2050,2110,True,True,False,True,0,2625,0,negative,,,0.0016666666666666668,0.80000000000000004,E1_RF,20260922,True,nested,"[""PN00-2.edf"", ""PN00-4.edf"", ""PN00-5.edf""]"
PN00,PN00-1.edf,2115,2105,2115,2055,2115,True,True,False,True,0,2625,0,negative,,,0.0033333333333333335,0.80000000000000004,E1_RF,20260922,True,nested,"[""PN00-2.edf"", ""PN00-4.edf"", ""PN00-5.edf""]"
PN00,PN00-1.edf,2120,2110,2120,2060,2120,True,True,False,True,0,2625,0,negative,,,0.0097934782608695651,0.80000000000000004,E1_RF,20260922,True,nested,"[""PN00-2.edf"", ""PN00-4.edf"", ""PN00-5.edf""]"
PN00,PN00-1.edf,2125,2115,2125,2065,2125,True,True,False,True,0,2625,0,negative,,,0,0.80000000000000004,E1_RF,20260922,True,nested,"[""PN00-2.edf"", ""PN00-4.edf"", ""PN00-5.edf""]"
PN00,PN00-1.edf,2130,2120,2130,2070,2130,True,True,False,True,0,2625,0,negative,,,0.0058212560386473426,0.80000000000000004,E1_RF,20260922,True,nested,"[""PN00-2.edf"", ""PN00-4.edf"", ""PN00-5.edf""]"
PN00,PN00-1.edf,2135,2125,2135,2075,2135,True,True,False,True,0,2625,0,negative,,,0.0042499999999999994,0.80000000000000004,E1_RF,20260922,True,nested,"[""PN00-2.edf"", ""PN00-4.edf"", ""PN00-5.edf""]"
PN00,PN00-1.edf,2140,2130,2140,2080,2140,True,True,False,True,0,2625,0,negative,,,0.0042499999999999994,0.80000000000000004,E1_RF,20260922,True,nested,"[""PN00-2.edf"", ""PN00-4.edf"", ""PN00-5.edf""]"
PN00,PN00-1.edf,2145,2135,2145,2085,2145,True,True,False,True,0,2625,0,negative,,,0.14185639639250053,0.80000000000000004,E1_RF,20260922,True,nested,"[""PN00-2.edf"", ""PN00-4.edf"", ""PN00-5.edf""]"
PN00,PN00-1.edf,2150,2140,2150,2090,2150,True,True,False,True,0,2625,0,negative,,,0.17712682901044244,0.80000000000000004,E1_RF,20260922,True,nested,"[""PN00-2.edf"", ""PN00-4.edf"", ""PN00-5.edf""]"
PN00,PN00-1.edf,2155,2145,2155,2095,2155,True,True,False,True,0,2625,0,negative,,,0.075917171628739732,0.80000000000000004,E1_RF,20260922,True,nested,"[""PN00-2.edf"", ""PN00-4.edf"", ""PN00-5.edf""]"
PN00,PN00-1.edf,2160,2150,2160,2100,2160,True,True,False,True,0,2625,0,negative,,,0.091327668999179504,0.80000000000000004,E1_RF,20260922,True,nested,"[""PN00-2.edf"", ""PN00-4.edf"", ""PN00-5.edf""]"
PN00,PN00-1.edf,2165,2155,2165,2105,2165,True,True,False,True,0,2625,0,negative,,,0.10153495342266473,0.80000000000000004,E1_RF,20260922,True,nested,"[""PN00-2.edf"", ""PN00-4.edf"", ""PN00-5.edf""]"
PN00,PN00-1.edf,2170,2160,2170,2110,2170,True,True,False,True,0,2625,0,negative,,,0.049499737571969654,0.80000000000000004,E1_RF,20260922,True,nested,"[""PN00-2.edf"", ""PN00-4.edf"", ""PN00-5.edf""]"
PN00,PN00-1.edf,2175,2165,2175,2115,2175,True,True,False,True,0,2625,0,negative,,,0.0080250896057347653,0.80000000000000004,E1_RF,20260922,True,nested,"[""PN00-2.edf"", ""PN00-4.edf"", ""PN00-5.edf""]"
PN00,PN00-1.edf,2180,2170,2180,2120,2180,True,True,False,True,0,2625,0,negative,,,0,0.80000000000000004,E1_RF,20260922,True,nested,"[""PN00-2.edf"", ""PN00-4.edf"", ""PN00-5.edf""]"
PN00,PN00-1.edf,2185,2175,2185,2125,2185,True,True,False,True,0,2625,0,negative,,,0,0.80000000000000004,E1_RF,20260922,True,nested,"[""PN00-2.edf"", ""PN00-4.edf"", ""PN00-5.edf""]"
PN00,PN00-1.edf,2190,2180,2190,2130,2190,True,True,False,True,0,2625,0,negative,,,0,0.80000000000000004,E1_RF,20260922,True,nested,"[""PN00-2.edf"", ""PN00-4.edf"", ""PN00-5.edf""]"
PN00,PN00-1.edf,2195,2185,2195,2135,2195,True,True,False,True,0,2625,0,negative,,,0,0.80000000000000004,E1_RF,20260922,True,nested,"[""PN00-2.edf"", ""PN00-4.edf"", ""PN00-5.edf""]"
PN00,PN00-1.edf,2200,2190,2200,2140,2200,True,True,False,True,0,2625,0,negative,,,0,0.80000000000000004,E1_RF,20260922,True,nested,"[""PN00-2.edf"", ""PN00-4.edf"", ""PN00-5.edf""]"
PN00,PN00-1.edf,2205,2195,2205,2145,2205,True,True,False,True,0,2625,0,negative,,,0,0.80000000000000004,E1_RF,20260922,True,nested,"[""PN00-2.edf"", ""PN00-4.edf"", ""PN00-5.edf""]"
PN00,PN00-1.edf,2210,2200,2210,2150,2210,True,True,False,True,0,2625,0,negative,,,0,0.80000000000000004,E1_RF,20260922,True,nested,"[""PN00-2.edf"", ""PN00-4.edf"", ""PN00-5.edf""]"
PN00,PN00-1.edf,2215,2205,2215,2155,2215,True,True,False,True,0,2625,0,negative,,,0.005386904761904762,0.80000000000000004,E1_RF,20260922,True,nested,"[""PN00-2.edf"", ""PN00-4.edf"", ""PN00-5.edf""]"
PN00,PN00-1.edf,2220,2210,2220,2160,2220,True,True,False,True,0,2625,0,negative,,,0.062643538179022004,0.80000000000000004,E1_RF,20260922,True,nested,"[""PN00-2.edf"", ""PN00-4.edf"", ""PN00-5.edf""]"
PN00,PN00-1.edf,2225,2215,2225,2165,2225,True,True,False,True,0,2625,0,negative,,,0.033272768897768902,0.80000000000000004,E1_RF,20260922,True,nested,"[""PN00-2.edf"", ""PN00-4.edf"", ""PN00-5.edf""]"
PN00,PN00-1.edf,2230,2220,2230,2170,2230,True,True,False,True,0,2625,0,negative,,,0,0.80000000000000004,E1_RF,20260922,True,nested,"[""PN00-2.edf"", ""PN00-4.edf"", ""PN00-5.edf""]"
PN00,PN00-1.edf,2235,2225,2235,2175,2235,True,True,False,True,0,2625,0,negative,,,0.01028186274509804,0.80000000000000004,E1_RF,20260922,True,nested,"[""PN00-2.edf"", ""PN00-4.edf"", ""PN00-5.edf""]"
PN00,PN00-1.edf,2240,2230,2240,2180,2240,True,True,False,True,0,2625,0,negative,,,0.0031250000000000002,0.80000000000000004,E1_RF,20260922,True,nested,"[""PN00-2.edf"", ""PN00-4.edf"", ""PN00-5.edf""]"
PN00,PN00-1.edf,2245,2235,2245,2185,2245,True,True,False,True,0,2625,0,negative,,,0.0058212560386473426,0.80000000000000004,E1_RF,20260922,True,nested,"[""PN00-2.edf"", ""PN00-4.edf"", ""PN00-5.edf""]"
PN00,PN00-1.edf,2250,2240,2250,2190,2250,True,True,False,True,0,2625,0,negative,,,0,0.80000000000000004,E1_RF,20260922,True,nested,"[""PN00-2.edf"", ""PN00-4.edf"", ""PN00-5.edf""]"
PN00,PN00-1.edf,2255,2245,2255,2195,2255,True,True,False,True,0,2625,0,negative,,,0.0054444444444444445,0.80000000000000004,E1_RF,20260922,True,nested,"[""PN00-2.edf"", ""PN00-4.edf"", ""PN00-5.edf""]"
PN00,PN00-1.edf,2260,2250,2260,2200,2260,True,True,False,True,0,2625,0,negative,,,0.0058212560386473426,0.80000000000000004,E1_RF,20260922,True,nested,"[""PN00-2.edf"", ""PN00-4.edf"", ""PN00-5.edf""]"
PN00,PN00-1.edf,2265,2255,2265,2205,2265,True,True,False,True,0,2625,0,negative,,,0,0.80000000000000004,E1_RF,20260922,True,nested,"[""PN00-2.edf"", ""PN00-4.edf"", ""PN00-5.edf""]"
PN00,PN00-1.edf,2270,2260,2270,2210,2270,True,True,False,True,0,2625,0,negative,,,0,0.80000000000000004,E1_RF,20260922,True,nested,"[""PN00-2.edf"", ""PN00-4.edf"", ""PN00-5.edf""]"
PN00,PN00-1.edf,2275,2265,2275,2215,2275,True,True,False,True,0,2625,0,negative,,,0,0.80000000000000004,E1_RF,20260922,True,nested,"[""PN00-2.edf"", ""PN00-4.edf"", ""PN00-5.edf""]"
PN00,PN00-1.edf,2280,2270,2280,2220,2280,True,True,False,True,0,2625,0,negative,,,0.0093222506393861905,0.80000000000000004,E1_RF,20260922,True,nested,"[""PN00-2.edf"", ""PN00-4.edf"", ""PN00-5.edf""]"
PN00,PN00-1.edf,2285,2275,2285,2225,2285,True,True,False,True,0,2625,0,negative,,,0.0198560168753673,0.80000000000000004,E1_RF,20260922,True,nested,"[""PN00-2.edf"", ""PN00-4.edf"", ""PN00-5.edf""]"
PN00,PN00-1.edf,2290,2280,2290,2230,2290,True,True,False,True,0,2625,0,negative,,,0,0.80000000000000004,E1_RF,20260922,True,nested,"[""PN00-2.edf"", ""PN00-4.edf"", ""PN00-5.edf""]"
PN00,PN00-1.edf,2295,2285,2295,2235,2295,True,True,False,True,0,2625,0,negative,,,0,0.80000000000000004,E1_RF,20260922,True,nested,"[""PN00-2.edf"", ""PN00-4.edf"", ""PN00-5.edf""]"
PN00,PN00-1.edf,2300,2290,2300,2240,2300,True,True,False,True,0,2625,0,negative,,,0,0.80000000000000004,E1_RF,20260922,True,nested,"[""PN00-2.edf"", ""PN00-4.edf"", ""PN00-5.edf""]"
PN00,PN00-1.edf,2305,2295,2305,2245,2305,True,True,False,True,0,2625,0,negative,,,0.018859107076498381,0.80000000000000004,E1_RF,20260922,True,nested,"[""PN00-2.edf"", ""PN00-4.edf"", ""PN00-5.edf""]"
PN00,PN00-1.edf,2310,2300,2310,2250,2310,True,True,False,True,0,2625,0,negative,,,0.013802127019518324,0.80000000000000004,E1_RF,20260922,True,nested,"[""PN00-2.edf"", ""PN00-4.edf"", ""PN00-5.edf""]"
PN00,PN00-1.edf,2315,2305,2315,2255,2315,True,True,False,True,0,2625,0,negative,,,0,0.80000000000000004,E1_RF,20260922,True,nested,"[""PN00-2.edf"", ""PN00-4.edf"", ""PN00-5.edf""]"
PN00,PN00-1.edf,2320,2310,2320,2260,2320,True,True,False,True,0,2625,0,negative,,,0,0.80000000000000004,E1_RF,20260922,True,nested,"[""PN00-2.edf"", ""PN00-4.edf"", ""PN00-5.edf""]"
PN00,PN00-1.edf,2325,2315,2325,2265,2325,True,True,False,True,0,2625,0,negative,,,0.024569048361124095,0.80000000000000004,E1_RF,20260922,True,nested,"[""PN00-2.edf"", ""PN00-4.edf"", ""PN00-5.edf""]"
PN00,PN00-1.edf,2330,2320,2330,2270,2330,True,True,False,True,0,2625,0,negative,,,0.023829766812585886,0.80000000000000004,E1_RF,20260922,True,nested,"[""PN00-2.edf"", ""PN00-4.edf"", ""PN00-5.edf""]"
PN00,PN00-1.edf,2335,2325,2335,2275,2335,True,True,False,True,0,2625,0,negative,,,0,0.80000000000000004,E1_RF,20260922,True,nested,"[""PN00-2.edf"", ""PN00-4.edf"", ""PN00-5.edf""]"
PN00,PN00-1.edf,2340,2330,2340,2280,2340,True,True,False,True,0,2625,0,negative,,,0,0.80000000000000004,E1_RF,20260922,True,nested,"[""PN00-2.edf"", ""PN00-4.edf"", ""PN00-5.edf""]"
PN00,PN00-1.edf,2345,2335,2345,2285,2345,True,True,False,True,0,2625,0,negative,,,0,0.80000000000000004,E1_RF,20260922,True,nested,"[""PN00-2.edf"", ""PN00-4.edf"", ""PN00-5.edf""]"
PN00,PN00-1.edf,2350,2340,2350,2290,2350,True,True,False,True,0,2625,0,negative,,,0.12580964097204272,0.80000000000000004,E1_RF,20260922,True,nested,"[""PN00-2.edf"", ""PN00-4.edf"", ""PN00-5.edf""]"
PN00,PN00-1.edf,2355,2345,2355,2295,2355,True,True,False,True,0,2625,0,negative,,,0.095658821329333482,0.80000000000000004,E1_RF,20260922,True,nested,"[""PN00-2.edf"", ""PN00-4.edf"", ""PN00-5.edf""]"
PN00,PN00-1.edf,2360,2350,2360,2300,2360,True,True,False,True,0,2625,0,negative,,,0.02362676355787869,0.80000000000000004,E1_RF,20260922,True,nested,"[""PN00-2.edf"", ""PN00-4.edf"", ""PN00-5.edf""]"
PN00,PN00-1.edf,2365,2355,2365,2305,2365,True,True,False,True,0,2625,0,negative,,,0.013331486912132071,0.80000000000000004,E1_RF,20260922,True,nested,"[""PN00-2.edf"", ""PN00-4.edf"", ""PN00-5.edf""]"
PN00,PN00-1.edf,2370,2360,2370,2310,2370,True,True,False,True,0,2625,0,negative,,,0.016830857007102889,0.80000000000000004,E1_RF,20260922,True,nested,"[""PN00-2.edf"", ""PN00-4.edf"", ""PN00-5.edf""]"
PN00,PN00-1.edf,2375,2365,2375,2315,2375,True,True,False,True,0,2625,0,negative,,,0,0.80000000000000004,E1_RF,20260922,True,nested,"[""PN00-2.edf"", ""PN00-4.edf"", ""PN00-5.edf""]"
PN00,PN00-1.edf,2380,2370,2380,2320,2380,True,True,False,True,0,2625,0,negative,,,0.37492563494356718,0.80000000000000004,E1_RF,20260922,True,nested,"[""PN00-2.edf"", ""PN00-4.edf"", ""PN00-5.edf""]"
PN00,PN00-1.edf,2385,2375,2385,2325,2385,True,True,False,True,0,2625,0,negative,,,0.4616979059089879,0.80000000000000004,E1_RF,20260922,True,nested,"[""PN00-2.edf"", ""PN00-4.edf"", ""PN00-5.edf""]"
PN00,PN00-1.edf,2390,2380,2390,2330,2390,True,True,False,True,0,2625,0,negative,,,0.29935442973855575,0.80000000000000004,E1_RF,20260922,True,nested,"[""PN00-2.edf"", ""PN00-4.edf"", ""PN00-5.edf""]"
PN00,PN00-1.edf,2395,2385,2395,2335,2395,True,True,False,True,0,2625,0,negative,,,0.15145900958284514,0.80000000000000004,E1_RF,20260922,True,nested,"[""PN00-2.edf"", ""PN00-4.edf"", ""PN00-5.edf""]"
PN00,PN00-1.edf,2400,2390,2400,2340,2400,True,True,False,True,0,2625,0,negative,,,0.049243384556422888,0.80000000000000004,E1_RF,20260922,True,nested,"[""PN00-2.edf"", ""PN00-4.edf"", ""PN00-5.edf""]"
PN00,PN00-1.edf,2405,2395,2405,2345,2405,True,True,False,True,0,2625,0,negative,,,0.0058212560386473426,0.80000000000000004,E1_RF,20260922,True,nested,"[""PN00-2.edf"", ""PN00-4.edf"", ""PN00-5.edf""]"
PN00,PN00-1.edf,2410,2400,2410,2350,2410,True,True,False,True,0,2625,0,negative,,,0,0.80000000000000004,E1_RF,20260922,True,nested,"[""PN00-2.edf"", ""PN00-4.edf"", ""PN00-5.edf""]"
PN00,PN00-1.edf,2415,2405,2415,2355,2415,True,True,False,True,0,2625,0,negative,,,0,0.80000000000000004,E1_RF,20260922,True,nested,"[""PN00-2.edf"", ""PN00-4.edf"", ""PN00-5.edf""]"
PN00,PN00-1.edf,2420,2410,2420,2360,2420,True,True,False,True,0,2625,0,negative,,,0,0.80000000000000004,E1_RF,20260922,True,nested,"[""PN00-2.edf"", ""PN00-4.edf"", ""PN00-5.edf""]"
PN00,PN00-1.edf,2425,2415,2425,2365,2425,True,True,False,True,0,2625,0,negative,,,0,0.80000000000000004,E1_RF,20260922,True,nested,"[""PN00-2.edf"", ""PN00-4.edf"", ""PN00-5.edf""]"
PN00,PN00-1.edf,2430,2420,2430,2370,2430,True,True,False,True,0,2625,0,negative,,,0,0.80000000000000004,E1_RF,20260922,True,nested,"[""PN00-2.edf"", ""PN00-4.edf"", ""PN00-5.edf""]"
PN00,PN00-1.edf,2435,2425,2435,2375,2435,True,True,False,True,0,2625,0,negative,,,0,0.80000000000000004,E1_RF,20260922,True,nested,"[""PN00-2.edf"", ""PN00-4.edf"", ""PN00-5.edf""]"
PN00,PN00-1.edf,2440,2430,2440,2380,2440,True,True,False,True,0,2625,0,negative,,,0,0.80000000000000004,E1_RF,20260922,True,nested,"[""PN00-2.edf"", ""PN00-4.edf"", ""PN00-5.edf""]"
PN00,PN00-1.edf,2445,2435,2445,2385,2445,True,True,False,True,0,2625,0,negative,,,0,0.80000000000000004,E1_RF,20260922,True,nested,"[""PN00-2.edf"", ""PN00-4.edf"", ""PN00-5.edf""]"
PN00,PN00-1.edf,2450,2440,2450,2390,2450,True,True,False,True,0,2625,0,negative,,,0,0.80000000000000004,E1_RF,20260922,True,nested,"[""PN00-2.edf"", ""PN00-4.edf"", ""PN00-5.edf""]"
PN00,PN00-1.edf,2455,2445,2455,2395,2455,True,True,False,True,0,2625,0,negative,,,0,0.80000000000000004,E1_RF,20260922,True,nested,"[""PN00-2.edf"", ""PN00-4.edf"", ""PN00-5.edf""]"
PN00,PN00-1.edf,2460,2450,2460,2400,2460,True,True,False,True,0,2625,0,negative,,,0,0.80000000000000004,E1_RF,20260922,True,nested,"[""PN00-2.edf"", ""PN00-4.edf"", ""PN00-5.edf""]"
PN00,PN00-1.edf,2465,2455,2465,2405,2465,True,True,False,True,0,2625,0,negative,,,0,0.80000000000000004,E1_RF,20260922,True,nested,"[""PN00-2.edf"", ""PN00-4.edf"", ""PN00-5.edf""]"
PN00,PN00-1.edf,2470,2460,2470,2410,2470,True,True,False,True,0,2625,0,negative,,,0,0.80000000000000004,E1_RF,20260922,True,nested,"[""PN00-2.edf"", ""PN00-4.edf"", ""PN00-5.edf""]"
PN00,PN00-1.edf,2475,2465,2475,2415,2475,True,True,False,True,0,2625,0,negative,,,0.0058212560386473426,0.80000000000000004,E1_RF,20260922,True,nested,"[""PN00-2.edf"", ""PN00-4.edf"", ""PN00-5.edf""]"
PN00,PN00-1.edf,2480,2470,2480,2420,2480,True,True,False,True,0,2625,0,negative,,,0.0023076923076923075,0.80000000000000004,E1_RF,20260922,True,nested,"[""PN00-2.edf"", ""PN00-4.edf"", ""PN00-5.edf""]"
PN00,PN00-1.edf,2485,2475,2485,2425,2485,True,True,False,True,0,2625,0,negative,,,0,0.80000000000000004,E1_RF,20260922,True,nested,"[""PN00-2.edf"", ""PN00-4.edf"", ""PN00-5.edf""]"
PN00,PN00-1.edf,2490,2480,2490,2430,2490,True,True,False,True,0,2625,0,negative,,,0,0.80000000000000004,E1_RF,20260922,True,nested,"[""PN00-2.edf"", ""PN00-4.edf"", ""PN00-5.edf""]"
PN00,PN00-1.edf,2495,2485,2495,2435,2495,True,True,False,True,0,2625,0,negative,,,0.43440427852782754,0.80000000000000004,E1_RF,20260922,True,nested,"[""PN00-2.edf"", ""PN00-4.edf"", ""PN00-5.edf""]"
PN00,PN00-1.edf,2500,2490,2500,2440,2500,True,True,False,True,0,2625,0,negative,,,0.32481928710123598,0.80000000000000004,E1_RF,20260922,True,nested,"[""PN00-2.edf"", ""PN00-4.edf"", ""PN00-5.edf""]"
PN00,PN00-1.edf,2505,2495,2505,2445,2505,True,True,False,True,0,2625,0,negative,,,0,0.80000000000000004,E1_RF,20260922,True,nested,"[""PN00-2.edf"", ""PN00-4.edf"", ""PN00-5.edf""]"
PN00,PN00-1.edf,2510,2500,2510,2450,2510,True,True,False,True,0,2625,0,negative,,,0.16383213809816541,0.80000000000000004,E1_RF,20260922,True,nested,"[""PN00-2.edf"", ""PN00-4.edf"", ""PN00-5.edf""]"
PN00,PN00-1.edf,2515,2505,2515,2455,2515,True,True,False,True,0,2625,0,negative,,,0.44536545900051788,0.80000000000000004,E1_RF,20260922,True,nested,"[""PN00-2.edf"", ""PN00-4.edf"", ""PN00-5.edf""]"
PN00,PN00-1.edf,2520,2510,2520,2460,2520,True,True,False,True,0,2625,0,negative,,,0.52217675103806893,0.80000000000000004,E1_RF,20260922,True,nested,"[""PN00-2.edf"", ""PN00-4.edf"", ""PN00-5.edf""]"
PN00,PN00-1.edf,2525,2515,2525,2465,2525,True,True,False,True,0,2625,0,negative,,,0.32772991095671056,0.80000000000000004,E1_RF,20260922,True,nested,"[""PN00-2.edf"", ""PN00-4.edf"", ""PN00-5.edf""]"
PN00,PN00-1.edf,2530,2520,2530,2470,2530,True,True,False,True,0,2625,0,negative,,,0.18981726738309285,0.80000000000000004,E1_RF,20260922,True,nested,"[""PN00-2.edf"", ""PN00-4.edf"", ""PN00-5.edf""]"
PN00,PN00-1.edf,2535,2525,2535,2475,2535,True,True,False,True,0,2625,0,negative,,,0.13117815771154928,0.80000000000000004,E1_RF,20260922,True,nested,"[""PN00-2.edf"", ""PN00-4.edf"", ""PN00-5.edf""]"
PN00,PN00-1.edf,2540,2530,2540,2480,2540,True,True,False,True,0,2625,0,negative,,,0.12448696086152805,0.80000000000000004,E1_RF,20260922,True,nested,"[""PN00-2.edf"", ""PN00-4.edf"", ""PN00-5.edf""]"
PN00,PN00-1.edf,2545,2535,2545,2485,2545,True,True,False,True,0,2625,0,negative,,,0.11620664987123884,0.80000000000000004,E1_RF,20260922,True,nested,"[""PN00-2.edf"", ""PN00-4.edf"", ""PN00-5.edf""]"
PN00,PN00-1.edf,2550,2540,2550,2490,2550,True,True,False,True,0,2625,0,negative,,,0.082352859402903184,0.80000000000000004,E1_RF,20260922,True,nested,"[""PN00-2.edf"", ""PN00-4.edf"", ""PN00-5.edf""]"
PN00,PN00-1.edf,2555,2545,2555,2495,2555,True,True,False,True,0,2625,0,negative,,,0,0.80000000000000004,E1_RF,20260922,True,nested,"[""PN00-2.edf"", ""PN00-4.edf"", ""PN00-5.edf""]"
PN00,PN00-1.edf,2560,2550,2560,2500,2560,True,True,False,True,0,2625,0,negative,,,0.0030434782608695652,0.80000000000000004,E1_RF,20260922,True,nested,"[""PN00-2.edf"", ""PN00-4.edf"", ""PN00-5.edf""]"
PN00,PN00-1.edf,2565,2555,2565,2505,2565,True,True,False,True,0,2625,0,negative,,,0,0.80000000000000004,E1_RF,20260922,True,nested,"[""PN00-2.edf"", ""PN00-4.edf"", ""PN00-5.edf""]"
PN00,PN00-1.edf,2570,2560,2570,2510,2570,True,True,False,True,0,2625,0,negative,,,0.026109795019000553,0.80000000000000004,E1_RF,20260922,True,nested,"[""PN00-2.edf"", ""PN00-4.edf"", ""PN00-5.edf""]"
PN00,PN00-1.edf,2575,2565,2575,2515,2575,True,True,False,True,0,2625,0,negative,,,0.083191573360852408,0.80000000000000004,E1_RF,20260922,True,nested,"[""PN00-2.edf"", ""PN00-4.edf"", ""PN00-5.edf""]"
PN00,PN00-1.edf,2580,2570,2580,2520,2580,True,True,False,True,0,2625,0,negative,,,0.0056140350877192978,0.80000000000000004,E1_RF,20260922,True,nested,"[""PN00-2.edf"", ""PN00-4.edf"", ""PN00-5.edf""]"
PN00,PN00-1.edf,2585,2575,2585,2525,2585,True,True,False,True,0,2625,0,negative,,,0,0.80000000000000004,E1_RF,20260922,True,nested,"[""PN00-2.edf"", ""PN00-4.edf"", ""PN00-5.edf""]"
PN00,PN00-1.edf,2590,2580,2590,2530,2590,True,True,False,True,0,2625,0,negative,,,0,0.80000000000000004,E1_RF,20260922,True,nested,"[""PN00-2.edf"", ""PN00-4.edf"", ""PN00-5.edf""]"
PN00,PN00-1.edf,2595,2585,2595,2535,2595,True,True,False,True,0,2625,0,negative,,,0,0.80000000000000004,E1_RF,20260922,True,nested,"[""PN00-2.edf"", ""PN00-4.edf"", ""PN00-5.edf""]"
PN00,PN00-1.edf,2600,2590,2600,2540,2600,True,True,False,True,0,2625,0,negative,,,0,0.80000000000000004,E1_RF,20260922,True,nested,"[""PN00-2.edf"", ""PN00-4.edf"", ""PN00-5.edf""]"
PN00,PN00-1.edf,2605,2595,2605,2545,2605,True,True,False,True,0,2625,0,negative,,,0,0.80000000000000004,E1_RF,20260922,True,nested,"[""PN00-2.edf"", ""PN00-4.edf"", ""PN00-5.edf""]"
PN00,PN00-1.edf,2610,2600,2610,2550,2610,True,True,False,True,0,2625,0,negative,,,0,0.80000000000000004,E1_RF,20260922,True,nested,"[""PN00-2.edf"", ""PN00-4.edf"", ""PN00-5.edf""]"
PN00,PN00-1.edf,2615,2605,2615,2555,2615,True,True,False,True,0,2625,0,negative,,,0,0.80000000000000004,E1_RF,20260922,True,nested,"[""PN00-2.edf"", ""PN00-4.edf"", ""PN00-5.edf""]"
PN00,PN00-1.edf,2620,2610,2620,2560,2620,True,True,False,True,0,2625,0,negative,,,0,0.80000000000000004,E1_RF,20260922,True,nested,"[""PN00-2.edf"", ""PN00-4.edf"", ""PN00-5.edf""]"
PN00,PN00-2.edf,10,0,10,,10,True,False,False,True,0,2302,0,negative,,,0.27579164863899785,0.90000000000000002,E1_RF,20260922,True,nested,"[""PN00-1.edf"", ""PN00-4.edf"", ""PN00-5.edf""]"
PN00,PN00-2.edf,15,5,15,,15,True,False,False,True,0,2302,0,negative,,,0.11342967771946676,0.90000000000000002,E1_RF,20260922,True,nested,"[""PN00-1.edf"", ""PN00-4.edf"", ""PN00-5.edf""]"
PN00,PN00-2.edf,20,10,20,,20,True,False,False,True,0,2302,0,negative,,,0.027906902302473183,0.90000000000000002,E1_RF,20260922,True,nested,"[""PN00-1.edf"", ""PN00-4.edf"", ""PN00-5.edf""]"
PN00,PN00-2.edf,25,15,25,,25,True,False,False,True,0,2302,0,negative,,,0.034958052870227165,0.90000000000000002,E1_RF,20260922,True,nested,"[""PN00-1.edf"", ""PN00-4.edf"", ""PN00-5.edf""]"
PN00,PN00-2.edf,30,20,30,,30,True,False,False,True,0,2302,0,negative,,,0.098033763304186644,0.90000000000000002,E1_RF,20260922,True,nested,"[""PN00-1.edf"", ""PN00-4.edf"", ""PN00-5.edf""]"
PN00,PN00-2.edf,35,25,35,,35,True,False,False,True,0,2302,0,negative,,,0.18639382257820394,0.90000000000000002,E1_RF,20260922,True,nested,"[""PN00-1.edf"", ""PN00-4.edf"", ""PN00-5.edf""]"
PN00,PN00-2.edf,40,30,40,,40,True,False,False,True,0,2302,0,negative,,,0.14293283272270019,0.90000000000000002,E1_RF,20260922,True,nested,"[""PN00-1.edf"", ""PN00-4.edf"", ""PN00-5.edf""]"
PN00,PN00-2.edf,45,35,45,,45,True,False,False,True,0,2302,0,negative,,,0.096794926232998291,0.90000000000000002,E1_RF,20260922,True,nested,"[""PN00-1.edf"", ""PN00-4.edf"", ""PN00-5.edf""]"
PN00,PN00-2.edf,50,40,50,,50,True,False,False,True,0,2302,0,negative,,,0.1551762414137941,0.90000000000000002,E1_RF,20260922,True,nested,"[""PN00-1.edf"", ""PN00-4.edf"", ""PN00-5.edf""]"
PN00,PN00-2.edf,55,45,55,,55,True,False,False,True,0,2302,0,negative,,,0.090673313568736924,0.90000000000000002,E1_RF,20260922,True,nested,"[""PN00-1.edf"", ""PN00-4.edf"", ""PN00-5.edf""]"
PN00,PN00-2.edf,60,50,60,0,60,True,True,False,True,0,2302,0,negative,,,0.11385936323563771,0.90000000000000002,E1_RF,20260922,True,nested,"[""PN00-1.edf"", ""PN00-4.edf"", ""PN00-5.edf""]"
PN00,PN00-2.edf,65,55,65,5,65,True,True,False,True,0,2302,0,negative,,,0.16909373428344091,0.90000000000000002,E1_RF,20260922,True,nested,"[""PN00-1.edf"", ""PN00-4.edf"", ""PN00-5.edf""]"
PN00,PN00-2.edf,70,60,70,10,70,True,True,False,True,0,2302,0,negative,,,0.52142167481803692,0.90000000000000002,E1_RF,20260922,True,nested,"[""PN00-1.edf"", ""PN00-4.edf"", ""PN00-5.edf""]"
PN00,PN00-2.edf,75,65,75,15,75,True,True,False,True,0,2302,0,negative,,,0.53792181362512892,0.90000000000000002,E1_RF,20260922,True,nested,"[""PN00-1.edf"", ""PN00-4.edf"", ""PN00-5.edf""]"
PN00,PN00-2.edf,80,70,80,20,80,True,True,False,True,0,2302,0,negative,,,0.6158643718350405,0.90000000000000002,E1_RF,20260922,True,nested,"[""PN00-1.edf"", ""PN00-4.edf"", ""PN00-5.edf""]"
PN00,PN00-2.edf,85,75,85,25,85,True,True,False,True,0,2302,0,negative,,,0.60812923813476671,0.90000000000000002,E1_RF,20260922,True,nested,"[""PN00-1.edf"", ""PN00-4.edf"", ""PN00-5.edf""]"
PN00,PN00-2.edf,90,80,90,30,90,True,True,False,True,0,2302,0,negative,,,0.75788195465033004,0.90000000000000002,E1_RF,20260922,True,nested,"[""PN00-1.edf"", ""PN00-4.edf"", ""PN00-5.edf""]"
PN00,PN00-2.edf,95,85,95,35,95,True,True,False,True,0,2302,0,negative,,,0.7520533765469013,0.90000000000000002,E1_RF,20260922,True,nested,"[""PN00-1.edf"", ""PN00-4.edf"", ""PN00-5.edf""]"
PN00,PN00-2.edf,100,90,100,40,100,True,True,False,True,0,2302,0,negative,,,0.60746829682276759,0.90000000000000002,E1_RF,20260922,True,nested,"[""PN00-1.edf"", ""PN00-4.edf"", ""PN00-5.edf""]"
PN00,PN00-2.edf,105,95,105,45,105,True,True,False,True,0,2302,0,negative,,,0.16154380385438194,0.90000000000000002,E1_RF,20260922,True,nested,"[""PN00-1.edf"", ""PN00-4.edf"", ""PN00-5.edf""]"
PN00,PN00-2.edf,110,100,110,50,110,True,True,False,True,0,2302,0,negative,,,0.053212163545948363,0.90000000000000002,E1_RF,20260922,True,nested,"[""PN00-1.edf"", ""PN00-4.edf"", ""PN00-5.edf""]"
PN00,PN00-2.edf,115,105,115,55,115,True,True,False,True,0,2302,0,negative,,,0.056651388873760651,0.90000000000000002,E1_RF,20260922,True,nested,"[""PN00-1.edf"", ""PN00-4.edf"", ""PN00-5.edf""]"
PN00,PN00-2.edf,120,110,120,60,120,True,True,False,True,0,2302,0,negative,,,0.14978673663086264,0.90000000000000002,E1_RF,20260922,True,nested,"[""PN00-1.edf"", ""PN00-4.edf"", ""PN00-5.edf""]"
PN00,PN00-2.edf,125,115,125,65,125,True,True,False,True,0,2302,0,negative,,,0.050126191013176294,0.90000000000000002,E1_RF,20260922,True,nested,"[""PN00-1.edf"", ""PN00-4.edf"", ""PN00-5.edf""]"
PN00,PN00-2.edf,130,120,130,70,130,True,True,False,True,0,2302,0,negative,,,0.050797499589657277,0.90000000000000002,E1_RF,20260922,True,nested,"[""PN00-1.edf"", ""PN00-4.edf"", ""PN00-5.edf""]"
PN00,PN00-2.edf,135,125,135,75,135,True,True,False,True,0,2302,0,negative,,,0.052151335568493259,0.90000000000000002,E1_RF,20260922,True,nested,"[""PN00-1.edf"", ""PN00-4.edf"", ""PN00-5.edf""]"
PN00,PN00-2.edf,140,130,140,80,140,True,True,False,True,0,2302,0,negative,,,0.067371259163416852,0.90000000000000002,E1_RF,20260922,True,nested,"[""PN00-1.edf"", ""PN00-4.edf"", ""PN00-5.edf""]"
PN00,PN00-2.edf,145,135,145,85,145,True,True,False,True,0,2302,0,negative,,,0.071139877527623449,0.90000000000000002,E1_RF,20260922,True,nested,"[""PN00-1.edf"", ""PN00-4.edf"", ""PN00-5.edf""]"
PN00,PN00-2.edf,150,140,150,90,150,True,True,False,True,0,2302,0,negative,,,0.079205523590043708,0.90000000000000002,E1_RF,20260922,True,nested,"[""PN00-1.edf"", ""PN00-4.edf"", ""PN00-5.edf""]"
PN00,PN00-2.edf,155,145,155,95,155,True,True,False,True,0,2302,0,negative,,,0.038164541893763754,0.90000000000000002,E1_RF,20260922,True,nested,"[""PN00-1.edf"", ""PN00-4.edf"", ""PN00-5.edf""]"
PN00,PN00-2.edf,160,150,160,100,160,True,True,False,True,0,2302,0,negative,,,0.040959570957555501,0.90000000000000002,E1_RF,20260922,True,nested,"[""PN00-1.edf"", ""PN00-4.edf"", ""PN00-5.edf""]"
PN00,PN00-2.edf,165,155,165,105,165,True,True,False,True,0,2302,0,negative,,,0.044538087625190251,0.90000000000000002,E1_RF,20260922,True,nested,"[""PN00-1.edf"", ""PN00-4.edf"", ""PN00-5.edf""]"
PN00,PN00-2.edf,170,160,170,110,170,True,True,False,True,0,2302,0,negative,,,0.10711806137665138,0.90000000000000002,E1_RF,20260922,True,nested,"[""PN00-1.edf"", ""PN00-4.edf"", ""PN00-5.edf""]"
PN00,PN00-2.edf,175,165,175,115,175,True,True,False,True,0,2302,0,negative,,,0.12565956397724642,0.90000000000000002,E1_RF,20260922,True,nested,"[""PN00-1.edf"", ""PN00-4.edf"", ""PN00-5.edf""]"
PN00,PN00-2.edf,180,170,180,120,180,True,True,False,True,0,2302,0,negative,,,0.2389892404169407,0.90000000000000002,E1_RF,20260922,True,nested,"[""PN00-1.edf"", ""PN00-4.edf"", ""PN00-5.edf""]"
PN00,PN00-2.edf,185,175,185,125,185,True,True,False,True,0,2302,0,negative,,,0.23287049941115517,0.90000000000000002,E1_RF,20260922,True,nested,"[""PN00-1.edf"", ""PN00-4.edf"", ""PN00-5.edf""]"
PN00,PN00-2.edf,190,180,190,130,190,True,True,False,True,0,2302,0,negative,,,0.22264550683899695,0.90000000000000002,E1_RF,20260922,True,nested,"[""PN00-1.edf"", ""PN00-4.edf"", ""PN00-5.edf""]"
PN00,PN00-2.edf,195,185,195,135,195,True,True,False,True,0,2302,0,negative,,,0.048637955430113122,0.90000000000000002,E1_RF,20260922,True,nested,"[""PN00-1.edf"", ""PN00-4.edf"", ""PN00-5.edf""]"
PN00,PN00-2.edf,200,190,200,140,200,True,True,False,True,0,2302,0,negative,,,0.067758958754427834,0.90000000000000002,E1_RF,20260922,True,nested,"[""PN00-1.edf"", ""PN00-4.edf"", ""PN00-5.edf""]"
PN00,PN00-2.edf,205,195,205,145,205,True,True,False,True,0,2302,0,negative,,,0.05382672213140173,0.90000000000000002,E1_RF,20260922,True,nested,"[""PN00-1.edf"", ""PN00-4.edf"", ""PN00-5.edf""]"
PN00,PN00-2.edf,210,200,210,150,210,True,True,False,True,0,2302,0,negative,,,0.0079730299199325741,0.90000000000000002,E1_RF,20260922,True,nested,"[""PN00-1.edf"", ""PN00-4.edf"", ""PN00-5.edf""]"
PN00,PN00-2.edf,215,205,215,155,215,True,True,False,True,0,2302,0,negative,,,0.0052077834704755983,0.90000000000000002,E1_RF,20260922,True,nested,"[""PN00-1.edf"", ""PN00-4.edf"", ""PN00-5.edf""]"
PN00,PN00-2.edf,220,210,220,160,220,True,True,False,True,0,2302,0,negative,,,0.051070961669428656,0.90000000000000002,E1_RF,20260922,True,nested,"[""PN00-1.edf"", ""PN00-4.edf"", ""PN00-5.edf""]"
PN00,PN00-2.edf,225,215,225,165,225,True,True,False,True,0,2302,0,negative,,,0.052989671717550466,0.90000000000000002,E1_RF,20260922,True,nested,"[""PN00-1.edf"", ""PN00-4.edf"", ""PN00-5.edf""]"
PN00,PN00-2.edf,230,220,230,170,230,True,True,False,True,0,2302,0,negative,,,0.063632791711159556,0.90000000000000002,E1_RF,20260922,True,nested,"[""PN00-1.edf"", ""PN00-4.edf"", ""PN00-5.edf""]"
PN00,PN00-2.edf,235,225,235,175,235,True,True,False,True,0,2302,0,negative,,,0.094494338451417234,0.90000000000000002,E1_RF,20260922,True,nested,"[""PN00-1.edf"", ""PN00-4.edf"", ""PN00-5.edf""]"
PN00,PN00-2.edf,240,230,240,180,240,True,True,False,True,0,2302,0,negative,,,0.096942951481234899,0.90000000000000002,E1_RF,20260922,True,nested,"[""PN00-1.edf"", ""PN00-4.edf"", ""PN00-5.edf""]"
PN00,PN00-2.edf,245,235,245,185,245,True,True,False,True,0,2302,0,negative,,,0.073536083742749322,0.90000000000000002,E1_RF,20260922,True,nested,"[""PN00-1.edf"", ""PN00-4.edf"", ""PN00-5.edf""]"
PN00,PN00-2.edf,250,240,250,190,250,True,True,False,True,0,2302,0,negative,,,0.012652227914920043,0.90000000000000002,E1_RF,20260922,True,nested,"[""PN00-1.edf"", ""PN00-4.edf"", ""PN00-5.edf""]"
PN00,PN00-2.edf,255,245,255,195,255,True,True,False,True,0,2302,0,negative,,,0.011054198751101406,0.90000000000000002,E1_RF,20260922,True,nested,"[""PN00-1.edf"", ""PN00-4.edf"", ""PN00-5.edf""]"
PN00,PN00-2.edf,260,250,260,200,260,True,True,False,True,0,2302,0,negative,,,0.010730966427869084,0.90000000000000002,E1_RF,20260922,True,nested,"[""PN00-1.edf"", ""PN00-4.edf"", ""PN00-5.edf""]"
PN00,PN00-2.edf,265,255,265,205,265,True,True,False,True,0,2302,0,negative,,,0.011145100721937586,0.90000000000000002,E1_RF,20260922,True,nested,"[""PN00-1.edf"", ""PN00-4.edf"", ""PN00-5.edf""]"
PN00,PN00-2.edf,270,260,270,210,270,True,True,False,True,0,2302,0,negative,,,0.051984240952869236,0.90000000000000002,E1_RF,20260922,True,nested,"[""PN00-1.edf"", ""PN00-4.edf"", ""PN00-5.edf""]"
PN00,PN00-2.edf,275,265,275,215,275,True,True,False,True,0,2302,0,negative,,,0.013723710970384792,0.90000000000000002,E1_RF,20260922,True,nested,"[""PN00-1.edf"", ""PN00-4.edf"", ""PN00-5.edf""]"
PN00,PN00-2.edf,280,270,280,220,280,True,True,False,True,0,2302,0,negative,,,0.042789796019718246,0.90000000000000002,E1_RF,20260922,True,nested,"[""PN00-1.edf"", ""PN00-4.edf"", ""PN00-5.edf""]"
PN00,PN00-2.edf,285,275,285,225,285,True,True,False,True,0,2302,0,negative,,,0.016038186089927454,0.90000000000000002,E1_RF,20260922,True,nested,"[""PN00-1.edf"", ""PN00-4.edf"", ""PN00-5.edf""]"
PN00,PN00-2.edf,290,280,290,230,290,True,True,False,True,0,2302,0,negative,,,0.043961828777231253,0.90000000000000002,E1_RF,20260922,True,nested,"[""PN00-1.edf"", ""PN00-4.edf"", ""PN00-5.edf""]"
PN00,PN00-2.edf,295,285,295,235,295,True,True,False,True,0,2302,0,negative,,,0.033028856446347336,0.90000000000000002,E1_RF,20260922,True,nested,"[""PN00-1.edf"", ""PN00-4.edf"", ""PN00-5.edf""]"
PN00,PN00-2.edf,300,290,300,240,300,True,True,False,True,0,2302,0,negative,,,0.017271846220646408,0.90000000000000002,E1_RF,20260922,True,nested,"[""PN00-1.edf"", ""PN00-4.edf"", ""PN00-5.edf""]"
PN00,PN00-2.edf,305,295,305,245,305,True,True,False,True,0,2302,0,negative,,,0.045281324664453594,0.90000000000000002,E1_RF,20260922,True,nested,"[""PN00-1.edf"", ""PN00-4.edf"", ""PN00-5.edf""]"
PN00,PN00-2.edf,310,300,310,250,310,True,True,False,True,0,2302,0,negative,,,0.035138337058052298,0.90000000000000002,E1_RF,20260922,True,nested,"[""PN00-1.edf"", ""PN00-4.edf"", ""PN00-5.edf""]"
PN00,PN00-2.edf,315,305,315,255,315,True,True,False,True,0,2302,0,negative,,,0.019974833056646199,0.90000000000000002,E1_RF,20260922,True,nested,"[""PN00-1.edf"", ""PN00-4.edf"", ""PN00-5.edf""]"
PN00,PN00-2.edf,320,310,320,260,320,True,True,False,True,0,2302,0,negative,,,0.11437443774893465,0.90000000000000002,E1_RF,20260922,True,nested,"[""PN00-1.edf"", ""PN00-4.edf"", ""PN00-5.edf""]"
PN00,PN00-2.edf,325,315,325,265,325,True,True,False,True,0,2302,0,negative,,,0.05671048891175965,0.90000000000000002,E1_RF,20260922,True,nested,"[""PN00-1.edf"", ""PN00-4.edf"", ""PN00-5.edf""]"
PN00,PN00-2.edf,330,320,330,270,330,True,True,False,True,0,2302,0,negative,,,0.025609773348552432,0.90000000000000002,E1_RF,20260922,True,nested,"[""PN00-1.edf"", ""PN00-4.edf"", ""PN00-5.edf""]"
PN00,PN00-2.edf,335,325,335,275,335,True,True,False,True,0,2302,0,negative,,,0.011153202573789439,0.90000000000000002,E1_RF,20260922,True,nested,"[""PN00-1.edf"", ""PN00-4.edf"", ""PN00-5.edf""]"
PN00,PN00-2.edf,340,330,340,280,340,True,True,False,True,0,2302,0,negative,,,0.053355980970210291,0.90000000000000002,E1_RF,20260922,True,nested,"[""PN00-1.edf"", ""PN00-4.edf"", ""PN00-5.edf""]"
PN00,PN00-2.edf,345,335,345,285,345,True,True,False,True,0,2302,0,negative,,,0.080002697678013143,0.90000000000000002,E1_RF,20260922,True,nested,"[""PN00-1.edf"", ""PN00-4.edf"", ""PN00-5.edf""]"
PN00,PN00-2.edf,350,340,350,290,350,True,True,False,True,0,2302,0,negative,,,0.05211978553687268,0.90000000000000002,E1_RF,20260922,True,nested,"[""PN00-1.edf"", ""PN00-4.edf"", ""PN00-5.edf""]"
PN00,PN00-2.edf,355,345,355,295,355,True,True,False,True,0,2302,0,negative,,,0.002187315634218289,0.90000000000000002,E1_RF,20260922,True,nested,"[""PN00-1.edf"", ""PN00-4.edf"", ""PN00-5.edf""]"
PN00,PN00-2.edf,360,350,360,300,360,True,True,False,True,0,2302,0,negative,,,0.029549039405852545,0.90000000000000002,E1_RF,20260922,True,nested,"[""PN00-1.edf"", ""PN00-4.edf"", ""PN00-5.edf""]"
PN00,PN00-2.edf,365,355,365,305,365,True,True,False,True,0,2302,0,negative,,,0.051479755314308262,0.90000000000000002,E1_RF,20260922,True,nested,"[""PN00-1.edf"", ""PN00-4.edf"", ""PN00-5.edf""]"
PN00,PN00-2.edf,370,360,370,310,370,True,True,False,True,0,2302,0,negative,,,0.10933707721817827,0.90000000000000002,E1_RF,20260922,True,nested,"[""PN00-1.edf"", ""PN00-4.edf"", ""PN00-5.edf""]"
PN00,PN00-2.edf,375,365,375,315,375,True,True,False,True,0,2302,0,negative,,,0.16167130381351619,0.90000000000000002,E1_RF,20260922,True,nested,"[""PN00-1.edf"", ""PN00-4.edf"", ""PN00-5.edf""]"
PN00,PN00-2.edf,380,370,380,320,380,True,True,False,True,0,2302,0,negative,,,0.15548502603604594,0.90000000000000002,E1_RF,20260922,True,nested,"[""PN00-1.edf"", ""PN00-4.edf"", ""PN00-5.edf""]"
PN00,PN00-2.edf,385,375,385,325,385,True,True,False,True,0,2302,0,negative,,,0.041367928976394963,0.90000000000000002,E1_RF,20260922,True,nested,"[""PN00-1.edf"", ""PN00-4.edf"", ""PN00-5.edf""]"
PN00,PN00-2.edf,390,380,390,330,390,True,True,False,True,0,2302,0,negative,,,0.039136959044998088,0.90000000000000002,E1_RF,20260922,True,nested,"[""PN00-1.edf"", ""PN00-4.edf"", ""PN00-5.edf""]"
PN00,PN00-2.edf,395,385,395,335,395,True,True,False,True,0,2302,0,negative,,,0.020413506110408767,0.90000000000000002,E1_RF,20260922,True,nested,"[""PN00-1.edf"", ""PN00-4.edf"", ""PN00-5.edf""]"
PN00,PN00-2.edf,400,390,400,340,400,True,True,False,True,0,2302,0,negative,,,0.19826793187566011,0.90000000000000002,E1_RF,20260922,True,nested,"[""PN00-1.edf"", ""PN00-4.edf"", ""PN00-5.edf""]"
PN00,PN00-2.edf,405,395,405,345,405,True,True,False,True,0,2302,0,negative,,,0.28619007848156819,0.90000000000000002,E1_RF,20260922,True,nested,"[""PN00-1.edf"", ""PN00-4.edf"", ""PN00-5.edf""]"
PN00,PN00-2.edf,410,400,410,350,410,True,True,False,True,0,2302,0,negative,,,0.072994012607188866,0.90000000000000002,E1_RF,20260922,True,nested,"[""PN00-1.edf"", ""PN00-4.edf"", ""PN00-5.edf""]"
PN00,PN00-2.edf,415,405,415,355,415,True,True,False,True,0,2302,0,negative,,,0.040305773511887022,0.90000000000000002,E1_RF,20260922,True,nested,"[""PN00-1.edf"", ""PN00-4.edf"", ""PN00-5.edf""]"
PN00,PN00-2.edf,420,410,420,360,420,True,True,False,True,0,2302,0,negative,,,0.045674742394477864,0.90000000000000002,E1_RF,20260922,True,nested,"[""PN00-1.edf"", ""PN00-4.edf"", ""PN00-5.edf""]"
PN00,PN00-2.edf,425,415,425,365,425,True,True,False,True,0,2302,0,negative,,,0.048110380257982872,0.90000000000000002,E1_RF,20260922,True,nested,"[""PN00-1.edf"", ""PN00-4.edf"", ""PN00-5.edf""]"
PN00,PN00-2.edf,430,420,430,370,430,True,True,False,True,0,2302,0,negative,,,0.020581142395692111,0.90000000000000002,E1_RF,20260922,True,nested,"[""PN00-1.edf"", ""PN00-4.edf"", ""PN00-5.edf""]"
PN00,PN00-2.edf,435,425,435,375,435,True,True,False,True,0,2302,0,negative,,,0.08683812219744895,0.90000000000000002,E1_RF,20260922,True,nested,"[""PN00-1.edf"", ""PN00-4.edf"", ""PN00-5.edf""]"
PN00,PN00-2.edf,440,430,440,380,440,True,True,False,True,0,2302,0,negative,,,0.036769830605015992,0.90000000000000002,E1_RF,20260922,True,nested,"[""PN00-1.edf"", ""PN00-4.edf"", ""PN00-5.edf""]"
PN00,PN00-2.edf,445,435,445,385,445,True,True,False,True,0,2302,0,negative,,,0.024863945935461595,0.90000000000000002,E1_RF,20260922,True,nested,"[""PN00-1.edf"", ""PN00-4.edf"", ""PN00-5.edf""]"
PN00,PN00-2.edf,450,440,450,390,450,True,True,False,True,0,2302,0,negative,,,0.033981052427181087,0.90000000000000002,E1_RF,20260922,True,nested,"[""PN00-1.edf"", ""PN00-4.edf"", ""PN00-5.edf""]"
PN00,PN00-2.edf,455,445,455,395,455,True,True,False,True,0,2302,0,negative,,,0.12621320771235461,0.90000000000000002,E1_RF,20260922,True,nested,"[""PN00-1.edf"", ""PN00-4.edf"", ""PN00-5.edf""]"
PN00,PN00-2.edf,460,450,460,400,460,True,True,False,True,0,2302,0,negative,,,0.13978006728031647,0.90000000000000002,E1_RF,20260922,True,nested,"[""PN00-1.edf"", ""PN00-4.edf"", ""PN00-5.edf""]"
PN00,PN00-2.edf,465,455,465,405,465,True,True,False,True,0,2302,0,negative,,,0.042281007095223609,0.90000000000000002,E1_RF,20260922,True,nested,"[""PN00-1.edf"", ""PN00-4.edf"", ""PN00-5.edf""]"
PN00,PN00-2.edf,470,460,470,410,470,True,True,False,True,0,2302,0,negative,,,0.13912740843873847,0.90000000000000002,E1_RF,20260922,True,nested,"[""PN00-1.edf"", ""PN00-4.edf"", ""PN00-5.edf""]"
PN00,PN00-2.edf,475,465,475,415,475,True,True,False,True,0,2302,0,negative,,,0.079981429246918354,0.90000000000000002,E1_RF,20260922,True,nested,"[""PN00-1.edf"", ""PN00-4.edf"", ""PN00-5.edf""]"
PN00,PN00-2.edf,480,470,480,420,480,True,True,False,True,0,2302,0,negative,,,0.067320232617456344,0.90000000000000002,E1_RF,20260922,True,nested,"[""PN00-1.edf"", ""PN00-4.edf"", ""PN00-5.edf""]"
PN00,PN00-2.edf,485,475,485,425,485,True,True,False,True,0,2302,0,negative,,,0.11432265959308291,0.90000000000000002,E1_RF,20260922,True,nested,"[""PN00-1.edf"", ""PN00-4.edf"", ""PN00-5.edf""]"
PN00,PN00-2.edf,490,480,490,430,490,True,True,False,True,0,2302,0,negative,,,0.039793778790440125,0.90000000000000002,E1_RF,20260922,True,nested,"[""PN00-1.edf"", ""PN00-4.edf"", ""PN00-5.edf""]"
PN00,PN00-2.edf,495,485,495,435,495,True,True,False,True,0,2302,0,negative,,,0.068434554499041664,0.90000000000000002,E1_RF,20260922,True,nested,"[""PN00-1.edf"", ""PN00-4.edf"", ""PN00-5.edf""]"
PN00,PN00-2.edf,500,490,500,440,500,True,True,False,True,0,2302,0,negative,,,0.057648356960807778,0.90000000000000002,E1_RF,20260922,True,nested,"[""PN00-1.edf"", ""PN00-4.edf"", ""PN00-5.edf""]"
PN00,PN00-2.edf,505,495,505,445,505,True,True,False,True,0,2302,0,negative,,,0.072223960461223757,0.90000000000000002,E1_RF,20260922,True,nested,"[""PN00-1.edf"", ""PN00-4.edf"", ""PN00-5.edf""]"
PN00,PN00-2.edf,510,500,510,450,510,True,True,False,True,0,2302,0,negative,,,0.06360190084030104,0.90000000000000002,E1_RF,20260922,True,nested,"[""PN00-1.edf"", ""PN00-4.edf"", ""PN00-5.edf""]"
PN00,PN00-2.edf,515,505,515,455,515,True,True,False,True,0,2302,0,negative,,,0.16633942126554363,0.90000000000000002,E1_RF,20260922,True,nested,"[""PN00-1.edf"", ""PN00-4.edf"", ""PN00-5.edf""]"
PN00,PN00-2.edf,520,510,520,460,520,True,True,False,True,0,2302,0,negative,,,0.15636942044053792,0.90000000000000002,E1_RF,20260922,True,nested,"[""PN00-1.edf"", ""PN00-4.edf"", ""PN00-5.edf""]"
PN00,PN00-2.edf,525,515,525,465,525,True,True,False,True,0,2302,0,negative,,,0.18655281639979554,0.90000000000000002,E1_RF,20260922,True,nested,"[""PN00-1.edf"", ""PN00-4.edf"", ""PN00-5.edf""]"
PN00,PN00-2.edf,530,520,530,470,530,True,True,False,True,0,2302,0,negative,,,0.042893691967492147,0.90000000000000002,E1_RF,20260922,True,nested,"[""PN00-1.edf"", ""PN00-4.edf"", ""PN00-5.edf""]"
PN00,PN00-2.edf,535,525,535,475,535,True,True,False,True,0,2302,0,negative,,,0.019974833056646199,0.90000000000000002,E1_RF,20260922,True,nested,"[""PN00-1.edf"", ""PN00-4.edf"", ""PN00-5.edf""]"
PN00,PN00-2.edf,540,530,540,480,540,True,True,False,True,0,2302,0,negative,,,0.094577075824231735,0.90000000000000002,E1_RF,20260922,True,nested,"[""PN00-1.edf"", ""PN00-4.edf"", ""PN00-5.edf""]"
PN00,PN00-2.edf,545,535,545,485,545,True,True,False,True,0,2302,0,negative,,,0.057177031154383967,0.90000000000000002,E1_RF,20260922,True,nested,"[""PN00-1.edf"", ""PN00-4.edf"", ""PN00-5.edf""]"
PN00,PN00-2.edf,550,540,550,490,550,True,True,False,True,0,2302,0,negative,,,0.10035140086661891,0.90000000000000002,E1_RF,20260922,True,nested,"[""PN00-1.edf"", ""PN00-4.edf"", ""PN00-5.edf""]"
PN00,PN00-2.edf,555,545,555,495,555,True,True,False,True,0,2302,0,negative,,,0.090314445383781763,0.90000000000000002,E1_RF,20260922,True,nested,"[""PN00-1.edf"", ""PN00-4.edf"", ""PN00-5.edf""]"
PN00,PN00-2.edf,560,550,560,500,560,True,True,False,True,0,2302,0,negative,,,0.077615009781507344,0.90000000000000002,E1_RF,20260922,True,nested,"[""PN00-1.edf"", ""PN00-4.edf"", ""PN00-5.edf""]"
PN00,PN00-2.edf,565,555,565,505,565,True,True,False,True,0,2302,0,negative,,,0.098531332985966849,0.90000000000000002,E1_RF,20260922,True,nested,"[""PN00-1.edf"", ""PN00-4.edf"", ""PN00-5.edf""]"
PN00,PN00-2.edf,570,560,570,510,570,True,True,False,True,0,2302,0,negative,,,0.083922715654304494,0.90000000000000002,E1_RF,20260922,True,nested,"[""PN00-1.edf"", ""PN00-4.edf"", ""PN00-5.edf""]"
PN00,PN00-2.edf,575,565,575,515,575,True,True,False,True,0,2302,0,negative,,,0.060205531128141858,0.90000000000000002,E1_RF,20260922,True,nested,"[""PN00-1.edf"", ""PN00-4.edf"", ""PN00-5.edf""]"
PN00,PN00-2.edf,580,570,580,520,580,True,True,False,True,0,2302,0,negative,,,0.083285124505735358,0.90000000000000002,E1_RF,20260922,True,nested,"[""PN00-1.edf"", ""PN00-4.edf"", ""PN00-5.edf""]"
PN00,PN00-2.edf,585,575,585,525,585,True,True,False,True,0,2302,0,negative,,,0.076127560802403335,0.90000000000000002,E1_RF,20260922,True,nested,"[""PN00-1.edf"", ""PN00-4.edf"", ""PN00-5.edf""]"
PN00,PN00-2.edf,590,580,590,530,590,True,True,False,True,0,2302,0,negative,,,0.099879506461364981,0.90000000000000002,E1_RF,20260922,True,nested,"[""PN00-1.edf"", ""PN00-4.edf"", ""PN00-5.edf""]"
PN00,PN00-2.edf,595,585,595,535,595,True,True,False,True,0,2302,0,negative,,,0.115614567618786,0.90000000000000002,E1_RF,20260922,True,nested,"[""PN00-1.edf"", ""PN00-4.edf"", ""PN00-5.edf""]"
PN00,PN00-2.edf,600,590,600,540,600,True,True,False,True,0,2302,0,negative,,,0.020167345560212647,0.90000000000000002,E1_RF,20260922,True,nested,"[""PN00-1.edf"", ""PN00-4.edf"", ""PN00-5.edf""]"
PN00,PN00-2.edf,605,595,605,545,605,True,True,False,True,0,2302,0,negative,,,0.2510169867122386,0.90000000000000002,E1_RF,20260922,True,nested,"[""PN00-1.edf"", ""PN00-4.edf"", ""PN00-5.edf""]"
PN00,PN00-2.edf,610,600,610,550,610,True,True,False,True,0,2302,0,negative,,,0.35112976693282261,0.90000000000000002,E1_RF,20260922,True,nested,"[""PN00-1.edf"", ""PN00-4.edf"", ""PN00-5.edf""]"
PN00,PN00-2.edf,615,605,615,555,615,True,True,False,True,0,2302,0,negative,,,0.15736961648363315,0.90000000000000002,E1_RF,20260922,True,nested,"[""PN00-1.edf"", ""PN00-4.edf"", ""PN00-5.edf""]"
PN00,PN00-2.edf,620,610,620,560,620,True,True,False,True,0,2302,0,negative,,,0.0941461455178456,0.90000000000000002,E1_RF,20260922,True,nested,"[""PN00-1.edf"", ""PN00-4.edf"", ""PN00-5.edf""]"
PN00,PN00-2.edf,625,615,625,565,625,True,True,False,True,0,2302,0,negative,,,0.081111392491971107,0.90000000000000002,E1_RF,20260922,True,nested,"[""PN00-1.edf"", ""PN00-4.edf"", ""PN00-5.edf""]"
PN00,PN00-2.edf,630,620,630,570,630,True,True,False,True,0,2302,0,negative,,,0.096038113669450309,0.90000000000000002,E1_RF,20260922,True,nested,"[""PN00-1.edf"", ""PN00-4.edf"", ""PN00-5.edf""]"
PN00,PN00-2.edf,635,625,635,575,635,True,True,False,True,0,2302,0,negative,,,0.053777741386207382,0.90000000000000002,E1_RF,20260922,True,nested,"[""PN00-1.edf"", ""PN00-4.edf"", ""PN00-5.edf""]"
PN00,PN00-2.edf,640,630,640,580,640,True,True,False,True,0,2302,0,negative,,,0.049596732519343247,0.90000000000000002,E1_RF,20260922,True,nested,"[""PN00-1.edf"", ""PN00-4.edf"", ""PN00-5.edf""]"
PN00,PN00-2.edf,645,635,645,585,645,True,True,False,True,0,2302,0,negative,,,0.17108334431859512,0.90000000000000002,E1_RF,20260922,True,nested,"[""PN00-1.edf"", ""PN00-4.edf"", ""PN00-5.edf""]"
PN00,PN00-2.edf,650,640,650,590,650,True,True,False,True,0,2302,0,negative,,,0.082732900552623903,0.90000000000000002,E1_RF,20260922,True,nested,"[""PN00-1.edf"", ""PN00-4.edf"", ""PN00-5.edf""]"
PN00,PN00-2.edf,655,645,655,595,655,True,True,False,True,0,2302,0,negative,,,0.14239453116299983,0.90000000000000002,E1_RF,20260922,True,nested,"[""PN00-1.edf"", ""PN00-4.edf"", ""PN00-5.edf""]"
PN00,PN00-2.edf,660,650,660,600,660,True,True,False,True,0,2302,0,negative,,,0.13753741605588474,0.90000000000000002,E1_RF,20260922,True,nested,"[""PN00-1.edf"", ""PN00-4.edf"", ""PN00-5.edf""]"
PN00,PN00-2.edf,665,655,665,605,665,True,True,False,True,0,2302,0,negative,,,0.029562666891148493,0.90000000000000002,E1_RF,20260922,True,nested,"[""PN00-1.edf"", ""PN00-4.edf"", ""PN00-5.edf""]"
PN00,PN00-2.edf,670,660,670,610,670,True,True,False,True,0,2302,0,negative,,,0.21572659649474574,0.90000000000000002,E1_RF,20260922,True,nested,"[""PN00-1.edf"", ""PN00-4.edf"", ""PN00-5.edf""]"
PN00,PN00-2.edf,675,665,675,615,675,True,True,False,True,0,2302,0,negative,,,0.17181601862617377,0.90000000000000002,E1_RF,20260922,True,nested,"[""PN00-1.edf"", ""PN00-4.edf"", ""PN00-5.edf""]"
PN00,PN00-2.edf,680,670,680,620,680,True,True,False,True,0,2302,0,negative,,,0.06949717853946806,0.90000000000000002,E1_RF,20260922,True,nested,"[""PN00-1.edf"", ""PN00-4.edf"", ""PN00-5.edf""]"
PN00,PN00-2.edf,685,675,685,625,685,True,True,False,True,0,2302,0,negative,,,0.059287343904211802,0.90000000000000002,E1_RF,20260922,True,nested,"[""PN00-1.edf"", ""PN00-4.edf"", ""PN00-5.edf""]"
PN00,PN00-2.edf,690,680,690,630,690,True,True,False,True,0,2302,0,negative,,,0.076720021279894524,0.90000000000000002,E1_RF,20260922,True,nested,"[""PN00-1.edf"", ""PN00-4.edf"", ""PN00-5.edf""]"
PN00,PN00-2.edf,695,685,695,635,695,True,True,False,True,0,2302,0,negative,,,0.087982569234314412,0.90000000000000002,E1_RF,20260922,True,nested,"[""PN00-1.edf"", ""PN00-4.edf"", ""PN00-5.edf""]"
PN00,PN00-2.edf,700,690,700,640,700,True,True,False,True,0,2302,0,negative,,,0.17206391161786025,0.90000000000000002,E1_RF,20260922,True,nested,"[""PN00-1.edf"", ""PN00-4.edf"", ""PN00-5.edf""]"
PN00,PN00-2.edf,705,695,705,645,705,True,True,False,True,0,2302,0,negative,,,0.18957763823074514,0.90000000000000002,E1_RF,20260922,True,nested,"[""PN00-1.edf"", ""PN00-4.edf"", ""PN00-5.edf""]"
PN00,PN00-2.edf,710,700,710,650,710,True,True,False,True,0,2302,0,negative,,,0.074851795546518912,0.90000000000000002,E1_RF,20260922,True,nested,"[""PN00-1.edf"", ""PN00-4.edf"", ""PN00-5.edf""]"
PN00,PN00-2.edf,715,705,715,655,715,True,True,False,True,0,2302,0,negative,,,0.019717480115469727,0.90000000000000002,E1_RF,20260922,True,nested,"[""PN00-1.edf"", ""PN00-4.edf"", ""PN00-5.edf""]"
PN00,PN00-2.edf,720,710,720,660,720,True,True,False,True,0,2302,0,negative,,,0.052750314854851578,0.90000000000000002,E1_RF,20260922,True,nested,"[""PN00-1.edf"", ""PN00-4.edf"", ""PN00-5.edf""]"
PN00,PN00-2.edf,725,715,725,665,725,True,True,False,True,0,2302,0,negative,,,0.099611022598710103,0.90000000000000002,E1_RF,20260922,True,nested,"[""PN00-1.edf"", ""PN00-4.edf"", ""PN00-5.edf""]"
PN00,PN00-2.edf,730,720,730,670,730,True,True,False,True,0,2302,0,negative,,,0.095641845164893338,0.90000000000000002,E1_RF,20260922,True,nested,"[""PN00-1.edf"", ""PN00-4.edf"", ""PN00-5.edf""]"
PN00,PN00-2.edf,735,725,735,675,735,True,True,False,True,0,2302,0,negative,,,0.069228604204874783,0.90000000000000002,E1_RF,20260922,True,nested,"[""PN00-1.edf"", ""PN00-4.edf"", ""PN00-5.edf""]"
PN00,PN00-2.edf,740,730,740,680,740,True,True,False,True,0,2302,0,negative,,,0.016572130095119708,0.90000000000000002,E1_RF,20260922,True,nested,"[""PN00-1.edf"", ""PN00-4.edf"", ""PN00-5.edf""]"
PN00,PN00-2.edf,745,735,745,685,745,True,True,False,True,0,2302,0,negative,,,0.25352452317910218,0.90000000000000002,E1_RF,20260922,True,nested,"[""PN00-1.edf"", ""PN00-4.edf"", ""PN00-5.edf""]"
PN00,PN00-2.edf,750,740,750,690,750,True,True,False,True,0,2302,0,negative,,,0.09434686224228557,0.90000000000000002,E1_RF,20260922,True,nested,"[""PN00-1.edf"", ""PN00-4.edf"", ""PN00-5.edf""]"
PN00,PN00-2.edf,755,745,755,695,755,True,True,False,True,0,2302,0,negative,,,0.075428560346268589,0.90000000000000002,E1_RF,20260922,True,nested,"[""PN00-1.edf"", ""PN00-4.edf"", ""PN00-5.edf""]"
PN00,PN00-2.edf,760,750,760,700,760,True,True,False,True,0,2302,0,negative,,,0.029932180418556758,0.90000000000000002,E1_RF,20260922,True,nested,"[""PN00-1.edf"", ""PN00-4.edf"", ""PN00-5.edf""]"
PN00,PN00-2.edf,765,755,765,705,765,True,True,False,True,0,2302,0,negative,,,0.084620544499091399,0.90000000000000002,E1_RF,20260922,True,nested,"[""PN00-1.edf"", ""PN00-4.edf"", ""PN00-5.edf""]"
PN00,PN00-2.edf,770,760,770,710,770,True,True,False,True,0,2302,0,negative,,,0.0850532368067837,0.90000000000000002,E1_RF,20260922,True,nested,"[""PN00-1.edf"", ""PN00-4.edf"", ""PN00-5.edf""]"
PN00,PN00-2.edf,775,765,775,715,775,True,True,False,True,0,2302,0,negative,,,0.069299576731710957,0.90000000000000002,E1_RF,20260922,True,nested,"[""PN00-1.edf"", ""PN00-4.edf"", ""PN00-5.edf""]"
PN00,PN00-2.edf,780,770,780,720,780,True,True,False,True,0,2302,0,negative,,,0.030593187635864154,0.90000000000000002,E1_RF,20260922,True,nested,"[""PN00-1.edf"", ""PN00-4.edf"", ""PN00-5.edf""]"
PN00,PN00-2.edf,785,775,785,725,785,True,True,False,True,0,2302,0,negative,,,0.10976166131579471,0.90000000000000002,E1_RF,20260922,True,nested,"[""PN00-1.edf"", ""PN00-4.edf"", ""PN00-5.edf""]"
PN00,PN00-2.edf,790,780,790,730,790,True,True,False,True,0,2302,0,negative,,,0.117010166823222,0.90000000000000002,E1_RF,20260922,True,nested,"[""PN00-1.edf"", ""PN00-4.edf"", ""PN00-5.edf""]"
PN00,PN00-2.edf,795,785,795,735,795,True,True,False,True,0,2302,0,negative,,,0.041734117917543952,0.90000000000000002,E1_RF,20260922,True,nested,"[""PN00-1.edf"", ""PN00-4.edf"", ""PN00-5.edf""]"
PN00,PN00-2.edf,800,790,800,740,800,True,True,False,True,0,2302,0,negative,,,0.060064622791122846,0.90000000000000002,E1_RF,20260922,True,nested,"[""PN00-1.edf"", ""PN00-4.edf"", ""PN00-5.edf""]"
PN00,PN00-2.edf,805,795,805,745,805,True,True,False,True,0,2302,0,negative,,,0.11383497417519996,0.90000000000000002,E1_RF,20260922,True,nested,"[""PN00-1.edf"", ""PN00-4.edf"", ""PN00-5.edf""]"
PN00,PN00-2.edf,810,800,810,750,810,True,True,False,True,0,2302,0,negative,,,0.090798056152671405,0.90000000000000002,E1_RF,20260922,True,nested,"[""PN00-1.edf"", ""PN00-4.edf"", ""PN00-5.edf""]"
PN00,PN00-2.edf,815,805,815,755,815,True,True,False,True,0,2302,0,negative,,,0.019365119013634573,0.90000000000000002,E1_RF,20260922,True,nested,"[""PN00-1.edf"", ""PN00-4.edf"", ""PN00-5.edf""]"
PN00,PN00-2.edf,820,810,820,760,820,True,True,False,True,0,2302,0,negative,,,0.081028295199417039,0.90000000000000002,E1_RF,20260922,True,nested,"[""PN00-1.edf"", ""PN00-4.edf"", ""PN00-5.edf""]"
PN00,PN00-2.edf,825,815,825,765,825,True,True,False,True,0,2302,0,negative,,,0.033014288730519821,0.90000000000000002,E1_RF,20260922,True,nested,"[""PN00-1.edf"", ""PN00-4.edf"", ""PN00-5.edf""]"
PN00,PN00-2.edf,830,820,830,770,830,True,True,False,True,0,2302,0,negative,,,0.14648395932161759,0.90000000000000002,E1_RF,20260922,True,nested,"[""PN00-1.edf"", ""PN00-4.edf"", ""PN00-5.edf""]"
PN00,PN00-2.edf,835,825,835,775,835,True,True,False,True,0,2302,0,negative,,,0.20690369437214634,0.90000000000000002,E1_RF,20260922,True,nested,"[""PN00-1.edf"", ""PN00-4.edf"", ""PN00-5.edf""]"
PN00,PN00-2.edf,840,830,840,780,840,True,True,False,True,0,2302,0,negative,,,0.30505503126569111,0.90000000000000002,E1_RF,20260922,True,nested,"[""PN00-1.edf"", ""PN00-4.edf"", ""PN00-5.edf""]"
PN00,PN00-2.edf,845,835,845,785,845,True,True,False,True,0,2302,0,negative,,,0.10815330837254097,0.90000000000000002,E1_RF,20260922,True,nested,"[""PN00-1.edf"", ""PN00-4.edf"", ""PN00-5.edf""]"
PN00,PN00-2.edf,850,840,850,790,850,True,True,False,True,0,2302,0,negative,,,0.071712222926223618,0.90000000000000002,E1_RF,20260922,True,nested,"[""PN00-1.edf"", ""PN00-4.edf"", ""PN00-5.edf""]"
PN00,PN00-2.edf,855,845,855,795,855,True,True,False,True,0,2302,0,negative,,,0.053882290572164732,0.90000000000000002,E1_RF,20260922,True,nested,"[""PN00-1.edf"", ""PN00-4.edf"", ""PN00-5.edf""]"
PN00,PN00-2.edf,860,850,860,800,860,True,True,False,True,0,2302,0,negative,,,0.2585471452072936,0.90000000000000002,E1_RF,20260922,True,nested,"[""PN00-1.edf"", ""PN00-4.edf"", ""PN00-5.edf""]"
PN00,PN00-2.edf,865,855,865,805,865,True,True,False,True,0,2302,0,negative,,,0.24569937756823579,0.90000000000000002,E1_RF,20260922,True,nested,"[""PN00-1.edf"", ""PN00-4.edf"", ""PN00-5.edf""]"
PN00,PN00-2.edf,870,860,870,810,870,True,True,False,True,0,2302,0,negative,,,0.19657709473838325,0.90000000000000002,E1_RF,20260922,True,nested,"[""PN00-1.edf"", ""PN00-4.edf"", ""PN00-5.edf""]"
PN00,PN00-2.edf,875,865,875,815,875,True,True,False,True,0,2302,0,negative,,,0.074231840671242819,0.90000000000000002,E1_RF,20260922,True,nested,"[""PN00-1.edf"", ""PN00-4.edf"", ""PN00-5.edf""]"
PN00,PN00-2.edf,880,870,880,820,880,True,True,False,True,0,2302,0,negative,,,0.12117478641434673,0.90000000000000002,E1_RF,20260922,True,nested,"[""PN00-1.edf"", ""PN00-4.edf"", ""PN00-5.edf""]"
PN00,PN00-2.edf,885,875,885,825,885,True,True,False,True,0,2302,0,negative,,,0.12895749081583635,0.90000000000000002,E1_RF,20260922,True,nested,"[""PN00-1.edf"", ""PN00-4.edf"", ""PN00-5.edf""]"
PN00,PN00-2.edf,890,880,890,830,890,True,True,False,True,0,2302,0,negative,,,0.081882374444744874,0.90000000000000002,E1_RF,20260922,True,nested,"[""PN00-1.edf"", ""PN00-4.edf"", ""PN00-5.edf""]"
PN00,PN00-2.edf,895,885,895,835,895,True,True,False,True,0,2302,0,negative,,,0.05327532966530632,0.90000000000000002,E1_RF,20260922,True,nested,"[""PN00-1.edf"", ""PN00-4.edf"", ""PN00-5.edf""]"
PN00,PN00-2.edf,900,890,900,840,900,True,True,False,True,0,2302,0,negative,,,0.1104027772588783,0.90000000000000002,E1_RF,20260922,True,nested,"[""PN00-1.edf"", ""PN00-4.edf"", ""PN00-5.edf""]"
PN00,PN00-2.edf,905,895,905,845,905,True,True,False,True,0,2302,0,negative,,,0.1090752783320801,0.90000000000000002,E1_RF,20260922,True,nested,"[""PN00-1.edf"", ""PN00-4.edf"", ""PN00-5.edf""]"
PN00,PN00-2.edf,910,900,910,850,910,True,True,False,True,0,2302,0,negative,,,0.012675410872313527,0.90000000000000002,E1_RF,20260922,True,nested,"[""PN00-1.edf"", ""PN00-4.edf"", ""PN00-5.edf""]"
PN00,PN00-2.edf,915,905,915,855,915,True,True,False,True,0,2302,0,negative,,,0.089192409502076936,0.90000000000000002,E1_RF,20260922,True,nested,"[""PN00-1.edf"", ""PN00-4.edf"", ""PN00-5.edf""]"
PN00,PN00-2.edf,920,910,920,860,920,True,True,False,False,0,2302,-1,ignore,,,0.12536980636151476,0.90000000000000002,E1_RF,20260922,True,nested,"[""PN00-1.edf"", ""PN00-4.edf"", ""PN00-5.edf""]"
PN00,PN00-2.edf,925,915,925,865,925,True,True,False,False,0,2302,-1,ignore,,,0.11429525329829346,0.90000000000000002,E1_RF,20260922,True,nested,"[""PN00-1.edf"", ""PN00-4.edf"", ""PN00-5.edf""]"
PN00,PN00-2.edf,930,920,930,870,930,True,True,False,False,0,2302,-1,ignore,,,0.072481981639885965,0.90000000000000002,E1_RF,20260922,True,nested,"[""PN00-1.edf"", ""PN00-4.edf"", ""PN00-5.edf""]"
PN00,PN00-2.edf,935,925,935,875,935,True,True,False,False,0,2302,-1,ignore,,,0.066837064479452507,0.90000000000000002,E1_RF,20260922,True,nested,"[""PN00-1.edf"", ""PN00-4.edf"", ""PN00-5.edf""]"
PN00,PN00-2.edf,940,930,940,880,940,True,True,False,False,0,2302,-1,ignore,,,0.082228428366724837,0.90000000000000002,E1_RF,20260922,True,nested,"[""PN00-1.edf"", ""PN00-4.edf"", ""PN00-5.edf""]"
PN00,PN00-2.edf,945,935,945,885,945,True,True,False,False,0,2302,-1,ignore,,,0.05340714404413751,0.90000000000000002,E1_RF,20260922,True,nested,"[""PN00-1.edf"", ""PN00-4.edf"", ""PN00-5.edf""]"
PN00,PN00-2.edf,950,940,950,890,950,True,True,False,False,0,2302,-1,ignore,,,0.083511147009737607,0.90000000000000002,E1_RF,20260922,True,nested,"[""PN00-1.edf"", ""PN00-4.edf"", ""PN00-5.edf""]"
PN00,PN00-2.edf,955,945,955,895,955,True,True,False,False,0,2302,-1,ignore,,,0.021216927239032131,0.90000000000000002,E1_RF,20260922,True,nested,"[""PN00-1.edf"", ""PN00-4.edf"", ""PN00-5.edf""]"
PN00,PN00-2.edf,960,950,960,900,960,True,True,False,False,0,2302,-1,ignore,,,0.030144586425312005,0.90000000000000002,E1_RF,20260922,True,nested,"[""PN00-1.edf"", ""PN00-4.edf"", ""PN00-5.edf""]"
PN00,PN00-2.edf,965,955,965,905,965,True,True,False,False,0,2302,-1,ignore,,,0.13725279810930541,0.90000000000000002,E1_RF,20260922,True,nested,"[""PN00-1.edf"", ""PN00-4.edf"", ""PN00-5.edf""]"
PN00,PN00-2.edf,970,960,970,910,970,True,True,False,False,0,2302,-1,ignore,,,0.10312536250204488,0.90000000000000002,E1_RF,20260922,True,nested,"[""PN00-1.edf"", ""PN00-4.edf"", ""PN00-5.edf""]"
PN00,PN00-2.edf,975,965,975,915,975,True,True,False,False,0,2302,-1,ignore,,,0.15488631002097591,0.90000000000000002,E1_RF,20260922,True,nested,"[""PN00-1.edf"", ""PN00-4.edf"", ""PN00-5.edf""]"
PN00,PN00-2.edf,980,970,980,920,980,True,True,False,False,0,2302,-1,ignore,,,0.13688981288727792,0.90000000000000002,E1_RF,20260922,True,nested,"[""PN00-1.edf"", ""PN00-4.edf"", ""PN00-5.edf""]"
PN00,PN00-2.edf,985,975,985,925,985,True,True,False,False,0,2302,-1,ignore,,,0.28646536503046671,0.90000000000000002,E1_RF,20260922,True,nested,"[""PN00-1.edf"", ""PN00-4.edf"", ""PN00-5.edf""]"
PN00,PN00-2.edf,990,980,990,930,990,True,True,False,False,0,2302,-1,ignore,,,0.16152536608140292,0.90000000000000002,E1_RF,20260922,True,nested,"[""PN00-1.edf"", ""PN00-4.edf"", ""PN00-5.edf""]"
PN00,PN00-2.edf,995,985,995,935,995,True,True,False,False,0,2302,-1,ignore,,,0.083190661090769696,0.90000000000000002,E1_RF,20260922,True,nested,"[""PN00-1.edf"", ""PN00-4.edf"", ""PN00-5.edf""]"
PN00,PN00-2.edf,1000,990,1000,940,1000,True,True,False,False,0,2302,-1,ignore,,,0.063627777725808479,0.90000000000000002,E1_RF,20260922,True,nested,"[""PN00-1.edf"", ""PN00-4.edf"", ""PN00-5.edf""]"
PN00,PN00-2.edf,1005,995,1005,945,1005,True,True,False,False,0,2302,-1,ignore,,,0.096492938082460455,0.90000000000000002,E1_RF,20260922,True,nested,"[""PN00-1.edf"", ""PN00-4.edf"", ""PN00-5.edf""]"
PN00,PN00-2.edf,1010,1000,1010,950,1010,True,True,False,False,0,2302,-1,ignore,,,0.05628156331812665,0.90000000000000002,E1_RF,20260922,True,nested,"[""PN00-1.edf"", ""PN00-4.edf"", ""PN00-5.edf""]"
PN00,PN00-2.edf,1015,1005,1015,955,1015,True,True,False,False,0,2302,-1,ignore,,,0.21585350548969434,0.90000000000000002,E1_RF,20260922,True,nested,"[""PN00-1.edf"", ""PN00-4.edf"", ""PN00-5.edf""]"
PN00,PN00-2.edf,1020,1010,1020,960,1020,True,True,False,False,0,2302,-1,ignore,,,0.32642475168351559,0.90000000000000002,E1_RF,20260922,True,nested,"[""PN00-1.edf"", ""PN00-4.edf"", ""PN00-5.edf""]"
PN00,PN00-2.edf,1025,1015,1025,965,1025,True,True,False,False,0,2302,-1,ignore,,,0.070363678318210554,0.90000000000000002,E1_RF,20260922,True,nested,"[""PN00-1.edf"", ""PN00-4.edf"", ""PN00-5.edf""]"
PN00,PN00-2.edf,1030,1020,1030,970,1030,True,True,False,False,0,2302,-1,ignore,,,0.12258270744378426,0.90000000000000002,E1_RF,20260922,True,nested,"[""PN00-1.edf"", ""PN00-4.edf"", ""PN00-5.edf""]"
PN00,PN00-2.edf,1035,1025,1035,975,1035,True,True,False,False,0,2302,-1,ignore,,,0.16892576667835577,0.90000000000000002,E1_RF,20260922,True,nested,"[""PN00-1.edf"", ""PN00-4.edf"", ""PN00-5.edf""]"
PN00,PN00-2.edf,1040,1030,1040,980,1040,True,True,False,False,0,2302,-1,ignore,,,0.025167822866350907,0.90000000000000002,E1_RF,20260922,True,nested,"[""PN00-1.edf"", ""PN00-4.edf"", ""PN00-5.edf""]"
PN00,PN00-2.edf,1045,1035,1045,985,1045,True,True,False,False,0,2302,-1,ignore,,,0.025167822866350907,0.90000000000000002,E1_RF,20260922,True,nested,"[""PN00-1.edf"", ""PN00-4.edf"", ""PN00-5.edf""]"
PN00,PN00-2.edf,1050,1040,1050,990,1050,True,True,False,False,0,2302,-1,ignore,,,0.036796678676215396,0.90000000000000002,E1_RF,20260922,True,nested,"[""PN00-1.edf"", ""PN00-4.edf"", ""PN00-5.edf""]"
PN00,PN00-2.edf,1055,1045,1055,995,1055,True,True,False,False,0,2302,-1,ignore,,,0.13294362330200038,0.90000000000000002,E1_RF,20260922,True,nested,"[""PN00-1.edf"", ""PN00-4.edf"", ""PN00-5.edf""]"
PN00,PN00-2.edf,1060,1050,1060,1000,1060,True,True,False,False,0,2302,-1,ignore,,,0.2557338579292423,0.90000000000000002,E1_RF,20260922,True,nested,"[""PN00-1.edf"", ""PN00-4.edf"", ""PN00-5.edf""]"
PN00,PN00-2.edf,1065,1055,1065,1005,1065,True,True,False,False,0,2302,-1,ignore,,,0.044285953071873753,0.90000000000000002,E1_RF,20260922,True,nested,"[""PN00-1.edf"", ""PN00-4.edf"", ""PN00-5.edf""]"
PN00,PN00-2.edf,1070,1060,1070,1010,1070,True,True,False,False,0,2302,-1,ignore,,,0.13961012228516101,0.90000000000000002,E1_RF,20260922,True,nested,"[""PN00-1.edf"", ""PN00-4.edf"", ""PN00-5.edf""]"
PN00,PN00-2.edf,1075,1065,1075,1015,1075,True,True,False,False,0,2302,-1,ignore,,,0.17488045920952239,0.90000000000000002,E1_RF,20260922,True,nested,"[""PN00-1.edf"", ""PN00-4.edf"", ""PN00-5.edf""]"
PN00,PN00-2.edf,1080,1070,1080,1020,1080,True,True,False,False,0,2302,-1,ignore,,,0.089575652756643726,0.90000000000000002,E1_RF,20260922,True,nested,"[""PN00-1.edf"", ""PN00-4.edf"", ""PN00-5.edf""]"
PN00,PN00-2.edf,1085,1075,1085,1025,1085,True,True,False,False,0,2302,-1,ignore,,,0.023722598978325161,0.90000000000000002,E1_RF,20260922,True,nested,"[""PN00-1.edf"", ""PN00-4.edf"", ""PN00-5.edf""]"
PN00,PN00-2.edf,1090,1080,1090,1030,1090,True,True,False,False,0,2302,-1,ignore,,,0.092631100467365057,0.90000000000000002,E1_RF,20260922,True,nested,"[""PN00-1.edf"", ""PN00-4.edf"", ""PN00-5.edf""]"
PN00,PN00-2.edf,1095,1085,1095,1035,1095,True,True,False,False,0,2302,-1,ignore,,,0.045361910671638236,0.90000000000000002,E1_RF,20260922,True,nested,"[""PN00-1.edf"", ""PN00-4.edf"", ""PN00-5.edf""]"
PN00,PN00-2.edf,1100,1090,1100,1040,1100,True,True,False,False,0,2302,-1,ignore,,,0.029144538552625415,0.90000000000000002,E1_RF,20260922,True,nested,"[""PN00-1.edf"", ""PN00-4.edf"", ""PN00-5.edf""]"
PN00,PN00-2.edf,1105,1095,1105,1045,1105,True,True,False,False,0,2302,-1,ignore,,,0.068133350499856971,0.90000000000000002,E1_RF,20260922,True,nested,"[""PN00-1.edf"", ""PN00-4.edf"", ""PN00-5.edf""]"
PN00,PN00-2.edf,1110,1100,1110,1050,1110,True,True,False,False,0,2302,-1,ignore,,,0.092619888461431238,0.90000000000000002,E1_RF,20260922,True,nested,"[""PN00-1.edf"", ""PN00-4.edf"", ""PN00-5.edf""]"
PN00,PN00-2.edf,1115,1105,1115,1055,1115,True,True,False,False,0,2302,-1,ignore,,,0.04644127811397205,0.90000000000000002,E1_RF,20260922,True,nested,"[""PN00-1.edf"", ""PN00-4.edf"", ""PN00-5.edf""]"
PN00,PN00-2.edf,1120,1110,1120,1060,1120,True,True,False,False,0,2302,-1,ignore,,,0.14084875538766306,0.90000000000000002,E1_RF,20260922,True,nested,"[""PN00-1.edf"", ""PN00-4.edf"", ""PN00-5.edf""]"
PN00,PN00-2.edf,1125,1115,1125,1065,1125,True,True,False,False,0,2302,-1,ignore,,,0.18548633700024325,0.90000000000000002,E1_RF,20260922,True,nested,"[""PN00-1.edf"", ""PN00-4.edf"", ""PN00-5.edf""]"
PN00,PN00-2.edf,1130,1120,1130,1070,1130,True,True,False,False,0,2302,-1,ignore,,,0.19452736347198729,0.90000000000000002,E1_RF,20260922,True,nested,"[""PN00-1.edf"", ""PN00-4.edf"", ""PN00-5.edf""]"
PN00,PN00-2.edf,1135,1125,1135,1075,1135,True,True,False,False,0,2302,-1,ignore,,,0.16679597082075767,0.90000000000000002,E1_RF,20260922,True,nested,"[""PN00-1.edf"", ""PN00-4.edf"", ""PN00-5.edf""]"
PN00,PN00-2.edf,1140,1130,1140,1080,1140,True,True,False,False,0,2302,-1,ignore,,,0.066743489264249917,0.90000000000000002,E1_RF,20260922,True,nested,"[""PN00-1.edf"", ""PN00-4.edf"", ""PN00-5.edf""]"
PN00,PN00-2.edf,1145,1135,1145,1085,1145,True,True,False,False,0,2302,-1,ignore,,,0.082367546297403435,0.90000000000000002,E1_RF,20260922,True,nested,"[""PN00-1.edf"", ""PN00-4.edf"", ""PN00-5.edf""]"
PN00,PN00-2.edf,1150,1140,1150,1090,1150,True,True,False,False,0,2302,-1,ignore,,,0.053199194818100343,0.90000000000000002,E1_RF,20260922,True,nested,"[""PN00-1.edf"", ""PN00-4.edf"", ""PN00-5.edf""]"
PN00,PN00-2.edf,1155,1145,1155,1095,1155,True,True,False,False,0,2302,-1,ignore,,,0.018138442646181217,0.90000000000000002,E1_RF,20260922,True,nested,"[""PN00-1.edf"", ""PN00-4.edf"", ""PN00-5.edf""]"
PN00,PN00-2.edf,1160,1150,1160,1100,1160,True,True,False,False,0,2302,-1,ignore,,,0.053605393933013529,0.90000000000000002,E1_RF,20260922,True,nested,"[""PN00-1.edf"", ""PN00-4.edf"", ""PN00-5.edf""]"
PN00,PN00-2.edf,1165,1155,1165,1105,1165,True,True,False,False,0,2302,-1,ignore,,,0.13017247021631853,0.90000000000000002,E1_RF,20260922,True,nested,"[""PN00-1.edf"", ""PN00-4.edf"", ""PN00-5.edf""]"
PN00,PN00-2.edf,1170,1160,1170,1110,1170,True,True,False,False,0,2302,-1,ignore,,,0.057693096309615666,0.90000000000000002,E1_RF,20260922,True,nested,"[""PN00-1.edf"", ""PN00-4.edf"", ""PN00-5.edf""]"
PN00,PN00-2.edf,1175,1165,1175,1115,1175,True,True,False,False,0,2302,-1,ignore,,,0.10763357667144426,0.90000000000000002,E1_RF,20260922,True,nested,"[""PN00-1.edf"", ""PN00-4.edf"", ""PN00-5.edf""]"
PN00,PN00-2.edf,1180,1170,1180,1120,1180,True,True,False,False,0,2302,-1,ignore,,,0.19952554554002563,0.90000000000000002,E1_RF,20260922,True,nested,"[""PN00-1.edf"", ""PN00-4.edf"", ""PN00-5.edf""]"
PN00,PN00-2.edf,1185,1175,1185,1125,1185,True,True,False,False,0,2302,-1,ignore,,,0.020661938483612308,0.90000000000000002,E1_RF,20260922,True,nested,"[""PN00-1.edf"", ""PN00-4.edf"", ""PN00-5.edf""]"
PN00,PN00-2.edf,1190,1180,1190,1130,1190,True,True,False,False,0,2302,-1,ignore,,,0.030548439232841885,0.90000000000000002,E1_RF,20260922,True,nested,"[""PN00-1.edf"", ""PN00-4.edf"", ""PN00-5.edf""]"
PN00,PN00-2.edf,1195,1185,1195,1135,1195,True,True,False,False,0,2302,-1,ignore,,,0.046652826910319897,0.90000000000000002,E1_RF,20260922,True,nested,"[""PN00-1.edf"", ""PN00-4.edf"", ""PN00-5.edf""]"
PN00,PN00-2.edf,1200,1190,1200,1140,1200,True,True,False,False,0,2302,-1,ignore,,,0.004166618466462298,0.90000000000000002,E1_RF,20260922,True,nested,"[""PN00-1.edf"", ""PN00-4.edf"", ""PN00-5.edf""]"
PN00,PN00-2.edf,1205,1195,1205,1145,1205,True,True,False,False,0,2302,-1,ignore,,,0.03790444392198225,0.90000000000000002,E1_RF,20260922,True,nested,"[""PN00-1.edf"", ""PN00-4.edf"", ""PN00-5.edf""]"
PN00,PN00-2.edf,1210,1200,1210,1150,1210,True,True,False,False,0,2302,-1,ignore,,,0.11094507547289441,0.90000000000000002,E1_RF,20260922,True,nested,"[""PN00-1.edf"", ""PN00-4.edf"", ""PN00-5.edf""]"
PN00,PN00-2.edf,1215,1205,1215,1155,1215,True,True,False,False,0,2302,-1,ignore,,,0.18233284508281961,0.90000000000000002,E1_RF,20260922,True,nested,"[""PN00-1.edf"", ""PN00-4.edf"", ""PN00-5.edf""]"
PN00,PN00-2.edf,1220,1210,1220,1160,1220,True,True,False,True,1,2302,1,positive,2,,0.36418972895640739,0.90000000000000002,E1_RF,20260922,True,nested,"[""PN00-1.edf"", ""PN00-4.edf"", ""PN00-5.edf""]"
PN00,PN00-2.edf,1225,1215,1225,1165,1225,True,True,False,True,1,2302,1,positive,2,,0.54617894423330959,0.90000000000000002,E1_RF,20260922,True,nested,"[""PN00-1.edf"", ""PN00-4.edf"", ""PN00-5.edf""]"
PN00,PN00-2.edf,1230,1220,1230,1170,1230,True,True,False,True,1,2302,1,positive,2,,0.73519681349656796,0.90000000000000002,E1_RF,20260922,True,nested,"[""PN00-1.edf"", ""PN00-4.edf"", ""PN00-5.edf""]"
PN00,PN00-2.edf,1235,1225,1235,1175,1235,True,True,False,True,1,2302,1,positive,2,,0.90454593645090275,0.90000000000000002,E1_RF,20260922,True,nested,"[""PN00-1.edf"", ""PN00-4.edf"", ""PN00-5.edf""]"
PN00,PN00-2.edf,1240,1230,1240,1180,1240,True,True,False,True,1,2302,1,positive,2,,0.99039686071295663,0.90000000000000002,E1_RF,20260922,True,nested,"[""PN00-1.edf"", ""PN00-4.edf"", ""PN00-5.edf""]"
PN00,PN00-2.edf,1245,1235,1245,1185,1245,True,True,False,True,1,2302,1,positive,2,,0.98452270663001629,0.90000000000000002,E1_RF,20260922,True,nested,"[""PN00-1.edf"", ""PN00-4.edf"", ""PN00-5.edf""]"
PN00,PN00-2.edf,1250,1240,1250,1190,1250,True,True,False,True,1,2302,1,positive,2,,0.99956324152089682,0.90000000000000002,E1_RF,20260922,True,nested,"[""PN00-1.edf"", ""PN00-4.edf"", ""PN00-5.edf""]"
PN00,PN00-2.edf,1255,1245,1255,1195,1255,True,True,False,True,1,2302,1,positive,2,,0.99936339577541822,0.90000000000000002,E1_RF,20260922,True,nested,"[""PN00-1.edf"", ""PN00-4.edf"", ""PN00-5.edf""]"
PN00,PN00-2.edf,1260,1250,1260,1200,1260,True,True,False,True,1,2302,1,positive,2,,0.99556038397240643,0.90000000000000002,E1_RF,20260922,True,nested,"[""PN00-1.edf"", ""PN00-4.edf"", ""PN00-5.edf""]"
PN00,PN00-2.edf,1265,1255,1265,1205,1265,True,True,False,True,1,2302,1,positive,2,,0.99410042015573541,0.90000000000000002,E1_RF,20260922,True,nested,"[""PN00-1.edf"", ""PN00-4.edf"", ""PN00-5.edf""]"
PN00,PN00-2.edf,1270,1260,1270,1210,1270,True,True,False,True,1,2302,1,positive,2,,0.99510253118341363,0.90000000000000002,E1_RF,20260922,True,nested,"[""PN00-1.edf"", ""PN00-4.edf"", ""PN00-5.edf""]"
PN00,PN00-2.edf,1275,1265,1275,1215,1275,True,True,False,False,0,2302,-1,ignore,,,0.94596442883484688,0.90000000000000002,E1_RF,20260922,True,nested,"[""PN00-1.edf"", ""PN00-4.edf"", ""PN00-5.edf""]"
PN00,PN00-2.edf,1280,1270,1280,1220,1280,True,True,False,False,0,2302,-1,ignore,,,0.87052818880030336,0.90000000000000002,E1_RF,20260922,True,nested,"[""PN00-1.edf"", ""PN00-4.edf"", ""PN00-5.edf""]"
PN00,PN00-2.edf,1285,1275,1285,1225,1285,True,True,False,False,0,2302,-1,ignore,,,0.76102350309411237,0.90000000000000002,E1_RF,20260922,True,nested,"[""PN00-1.edf"", ""PN00-4.edf"", ""PN00-5.edf""]"
PN00,PN00-2.edf,1290,1280,1290,1230,1290,True,True,False,False,0,2302,-1,ignore,,,0.33697424661003694,0.90000000000000002,E1_RF,20260922,True,nested,"[""PN00-1.edf"", ""PN00-4.edf"", ""PN00-5.edf""]"
PN00,PN00-2.edf,1295,1285,1295,1235,1295,True,True,False,False,0,2302,-1,ignore,,,0.050845922595922584,0.90000000000000002,E1_RF,20260922,True,nested,"[""PN00-1.edf"", ""PN00-4.edf"", ""PN00-5.edf""]"
PN00,PN00-2.edf,1300,1290,1300,1240,1300,True,True,False,False,0,2302,-1,ignore,,,0.039476465226465224,0.90000000000000002,E1_RF,20260922,True,nested,"[""PN00-1.edf"", ""PN00-4.edf"", ""PN00-5.edf""]"
PN00,PN00-2.edf,1305,1295,1305,1245,1305,True,True,False,False,0,2302,-1,ignore,,,0.33963695644956449,0.90000000000000002,E1_RF,20260922,True,nested,"[""PN00-1.edf"", ""PN00-4.edf"", ""PN00-5.edf""]"
PN00,PN00-2.edf,1310,1300,1310,1250,1310,True,True,False,False,0,2302,-1,ignore,,,0.36480145493962801,0.90000000000000002,E1_RF,20260922,True,nested,"[""PN00-1.edf"", ""PN00-4.edf"", ""PN00-5.edf""]"
PN00,PN00-2.edf,1315,1305,1315,1255,1315,True,True,False,False,0,2302,-1,ignore,,,0.22255577114641889,0.90000000000000002,E1_RF,20260922,True,nested,"[""PN00-1.edf"", ""PN00-4.edf"", ""PN00-5.edf""]"
PN00,PN00-2.edf,1320,1310,1320,1260,1320,True,True,False,False,0,2302,-1,ignore,,,0.2230708082835556,0.90000000000000002,E1_RF,20260922,True,nested,"[""PN00-1.edf"", ""PN00-4.edf"", ""PN00-5.edf""]"
PN00,PN00-2.edf,1325,1315,1325,1265,1325,True,True,False,False,0,2302,-1,ignore,,,0.1358219549356047,0.90000000000000002,E1_RF,20260922,True,nested,"[""PN00-1.edf"", ""PN00-4.edf"", ""PN00-5.edf""]"
PN00,PN00-2.edf,1330,1320,1330,1270,1330,True,True,False,False,0,2302,-1,ignore,,,0.19683348360434064,0.90000000000000002,E1_RF,20260922,True,nested,"[""PN00-1.edf"", ""PN00-4.edf"", ""PN00-5.edf""]"
PN00,PN00-2.edf,1335,1325,1335,1275,1335,True,True,False,False,0,2302,-1,ignore,,,0.20670078411886428,0.90000000000000002,E1_RF,20260922,True,nested,"[""PN00-1.edf"", ""PN00-4.edf"", ""PN00-5.edf""]"
PN00,PN00-2.edf,1340,1330,1340,1280,1340,True,True,False,False,0,2302,-1,ignore,,,0.13471408922260555,0.90000000000000002,E1_RF,20260922,True,nested,"[""PN00-1.edf"", ""PN00-4.edf"", ""PN00-5.edf""]"
PN00,PN00-2.edf,1345,1335,1345,1285,1345,True,True,False,False,0,2302,-1,ignore,,,0.2613537807549684,0.90000000000000002,E1_RF,20260922,True,nested,"[""PN00-1.edf"", ""PN00-4.edf"", ""PN00-5.edf""]"
PN00,PN00-2.edf,1350,1340,1350,1290,1350,True,True,False,False,0,2302,-1,ignore,,,0.19978214161717128,0.90000000000000002,E1_RF,20260922,True,nested,"[""PN00-1.edf"", ""PN00-4.edf"", ""PN00-5.edf""]"
PN00,PN00-2.edf,1355,1345,1355,1295,1355,True,True,False,False,0,2302,-1,ignore,,,0.28514670817770194,0.90000000000000002,E1_RF,20260922,True,nested,"[""PN00-1.edf"", ""PN00-4.edf"", ""PN00-5.edf""]"
PN00,PN00-2.edf,1360,1350,1360,1300,1360,True,True,False,False,0,2302,-1,ignore,,,0.28416605889309227,0.90000000000000002,E1_RF,20260922,True,nested,"[""PN00-1.edf"", ""PN00-4.edf"", ""PN00-5.edf""]"
PN00,PN00-2.edf,1365,1355,1365,1305,1365,True,True,False,False,0,2302,-1,ignore,,,0.31129283272102243,0.90000000000000002,E1_RF,20260922,True,nested,"[""PN00-1.edf"", ""PN00-4.edf"", ""PN00-5.edf""]"
PN00,PN00-2.edf,1370,1360,1370,1310,1370,True,True,False,False,0,2302,-1,ignore,,,0.11391380639725544,0.90000000000000002,E1_RF,20260922,True,nested,"[""PN00-1.edf"", ""PN00-4.edf"", ""PN00-5.edf""]"
PN00,PN00-2.edf,1375,1365,1375,1315,1375,True,True,False,False,0,2302,-1,ignore,,,0.32834211519193385,0.90000000000000002,E1_RF,20260922,True,nested,"[""PN00-1.edf"", ""PN00-4.edf"", ""PN00-5.edf""]"
PN00,PN00-2.edf,1380,1370,1380,1320,1380,True,True,False,False,0,2302,-1,ignore,,,0.27425770823118528,0.90000000000000002,E1_RF,20260922,True,nested,"[""PN00-1.edf"", ""PN00-4.edf"", ""PN00-5.edf""]"
PN00,PN00-2.edf,1385,1375,1385,1325,1385,True,True,False,False,0,2302,-1,ignore,,,0.33028083110473416,0.90000000000000002,E1_RF,20260922,True,nested,"[""PN00-1.edf"", ""PN00-4.edf"", ""PN00-5.edf""]"
PN00,PN00-2.edf,1390,1380,1390,1330,1390,True,True,False,False,0,2302,-1,ignore,,,0.4124806879525168,0.90000000000000002,E1_RF,20260922,True,nested,"[""PN00-1.edf"", ""PN00-4.edf"", ""PN00-5.edf""]"
PN00,PN00-2.edf,1395,1385,1395,1335,1395,True,True,False,False,0,2302,-1,ignore,,,0.33909627672283876,0.90000000000000002,E1_RF,20260922,True,nested,"[""PN00-1.edf"", ""PN00-4.edf"", ""PN00-5.edf""]"
PN00,PN00-2.edf,1400,1390,1400,1340,1400,True,True,False,False,0,2302,-1,ignore,,,0.24899308428072256,0.90000000000000002,E1_RF,20260922,True,nested,"[""PN00-1.edf"", ""PN00-4.edf"", ""PN00-5.edf""]"
PN00,PN00-2.edf,1405,1395,1405,1345,1405,True,True,False,False,0,2302,-1,ignore,,,0.29226922618554474,0.90000000000000002,E1_RF,20260922,True,nested,"[""PN00-1.edf"", ""PN00-4.edf"", ""PN00-5.edf""]"
PN00,PN00-2.edf,1410,1400,1410,1350,1410,True,True,False,False,0,2302,-1,ignore,,,0.24621171010886631,0.90000000000000002,E1_RF,20260922,True,nested,"[""PN00-1.edf"", ""PN00-4.edf"", ""PN00-5.edf""]"
PN00,PN00-2.edf,1415,1405,1415,1355,1415,True,True,False,False,0,2302,-1,ignore,,,0.30034417790215462,0.90000000000000002,E1_RF,20260922,True,nested,"[""PN00-1.edf"", ""PN00-4.edf"", ""PN00-5.edf""]"
PN00,PN00-2.edf,1420,1410,1420,1360,1420,True,True,False,False,0,2302,-1,ignore,,,0.33499239853858259,0.90000000000000002,E1_RF,20260922,True,nested,"[""PN00-1.edf"", ""PN00-4.edf"", ""PN00-5.edf""]"
PN00,PN00-2.edf,1425,1415,1425,1365,1425,True,True,False,False,0,2302,-1,ignore,,,0.36447480172205071,0.90000000000000002,E1_RF,20260922,True,nested,"[""PN00-1.edf"", ""PN00-4.edf"", ""PN00-5.edf""]"
PN00,PN00-2.edf,1430,1420,1430,1370,1430,True,True,False,False,0,2302,-1,ignore,,,0.37390368717923184,0.90000000000000002,E1_RF,20260922,True,nested,"[""PN00-1.edf"", ""PN00-4.edf"", ""PN00-5.edf""]"
PN00,PN00-2.edf,1435,1425,1435,1375,1435,True,True,False,False,0,2302,-1,ignore,,,0.043253185302166354,0.90000000000000002,E1_RF,20260922,True,nested,"[""PN00-1.edf"", ""PN00-4.edf"", ""PN00-5.edf""]"
PN00,PN00-2.edf,1440,1430,1440,1380,1440,True,True,False,False,0,2302,-1,ignore,,,0.12578277065888385,0.90000000000000002,E1_RF,20260922,True,nested,"[""PN00-1.edf"", ""PN00-4.edf"", ""PN00-5.edf""]"
PN00,PN00-2.edf,1445,1435,1445,1385,1445,True,True,False,False,0,2302,-1,ignore,,,0.17682279314163479,0.90000000000000002,E1_RF,20260922,True,nested,"[""PN00-1.edf"", ""PN00-4.edf"", ""PN00-5.edf""]"
PN00,PN00-2.edf,1450,1440,1450,1390,1450,True,True,False,False,0,2302,-1,ignore,,,0.29297348492321723,0.90000000000000002,E1_RF,20260922,True,nested,"[""PN00-1.edf"", ""PN00-4.edf"", ""PN00-5.edf""]"
PN00,PN00-2.edf,1455,1445,1455,1395,1455,True,True,False,False,0,2302,-1,ignore,,,0.24334661521917941,0.90000000000000002,E1_RF,20260922,True,nested,"[""PN00-1.edf"", ""PN00-4.edf"", ""PN00-5.edf""]"
PN00,PN00-2.edf,1460,1450,1460,1400,1460,True,True,False,False,0,2302,-1,ignore,,,0.14805381901480782,0.90000000000000002,E1_RF,20260922,True,nested,"[""PN00-1.edf"", ""PN00-4.edf"", ""PN00-5.edf""]"
PN00,PN00-2.edf,1465,1455,1465,1405,1465,True,True,False,False,0,2302,-1,ignore,,,0.076150376129068248,0.90000000000000002,E1_RF,20260922,True,nested,"[""PN00-1.edf"", ""PN00-4.edf"", ""PN00-5.edf""]"
PN00,PN00-2.edf,1470,1460,1470,1410,1470,True,True,False,False,0,2302,-1,ignore,,,0.10485941650282189,0.90000000000000002,E1_RF,20260922,True,nested,"[""PN00-1.edf"", ""PN00-4.edf"", ""PN00-5.edf""]"
PN00,PN00-2.edf,1475,1465,1475,1415,1475,True,True,False,False,0,2302,-1,ignore,,,0.10129368105588396,0.90000000000000002,E1_RF,20260922,True,nested,"[""PN00-1.edf"", ""PN00-4.edf"", ""PN00-5.edf""]"
PN00,PN00-2.edf,1480,1470,1480,1420,1480,True,True,False,False,0,2302,-1,ignore,,,0.017436606095429623,0.90000000000000002,E1_RF,20260922,True,nested,"[""PN00-1.edf"", ""PN00-4.edf"", ""PN00-5.edf""]"
PN00,PN00-2.edf,1485,1475,1485,1425,1485,True,True,False,False,0,2302,-1,ignore,,,0.048873129897805824,0.90000000000000002,E1_RF,20260922,True,nested,"[""PN00-1.edf"", ""PN00-4.edf"", ""PN00-5.edf""]"
PN00,PN00-2.edf,1490,1480,1490,1430,1490,True,True,False,False,0,2302,-1,ignore,,,0.0025333333333333332,0.90000000000000002,E1_RF,20260922,True,nested,"[""PN00-1.edf"", ""PN00-4.edf"", ""PN00-5.edf""]"
PN00,PN00-2.edf,1495,1485,1495,1435,1495,True,True,False,False,0,2302,-1,ignore,,,0.014397944896115629,0.90000000000000002,E1_RF,20260922,True,nested,"[""PN00-1.edf"", ""PN00-4.edf"", ""PN00-5.edf""]"
PN00,PN00-2.edf,1500,1490,1500,1440,1500,True,True,False,False,0,2302,-1,ignore,,,0.11400189761776879,0.90000000000000002,E1_RF,20260922,True,nested,"[""PN00-1.edf"", ""PN00-4.edf"", ""PN00-5.edf""]"
PN00,PN00-2.edf,1505,1495,1505,1445,1505,True,True,False,False,0,2302,-1,ignore,,,0.12959173201616198,0.90000000000000002,E1_RF,20260922,True,nested,"[""PN00-1.edf"", ""PN00-4.edf"", ""PN00-5.edf""]"
PN00,PN00-2.edf,1510,1500,1510,1450,1510,True,True,False,False,0,2302,-1,ignore,,,0.011741069295101554,0.90000000000000002,E1_RF,20260922,True,nested,"[""PN00-1.edf"", ""PN00-4.edf"", ""PN00-5.edf""]"
PN00,PN00-2.edf,1515,1505,1515,1455,1515,True,True,False,False,0,2302,-1,ignore,,,0.038058253528287213,0.90000000000000002,E1_RF,20260922,True,nested,"[""PN00-1.edf"", ""PN00-4.edf"", ""PN00-5.edf""]"
PN00,PN00-2.edf,1520,1510,1520,1460,1520,True,True,False,False,0,2302,-1,ignore,,,0.012509095860566448,0.90000000000000002,E1_RF,20260922,True,nested,"[""PN00-1.edf"", ""PN00-4.edf"", ""PN00-5.edf""]"
PN00,PN00-2.edf,1525,1515,1525,1465,1525,True,True,False,False,0,2302,-1,ignore,,,0.0020833333333333333,0.90000000000000002,E1_RF,20260922,True,nested,"[""PN00-1.edf"", ""PN00-4.edf"", ""PN00-5.edf""]"
PN00,PN00-2.edf,1530,1520,1530,1470,1530,True,True,False,False,0,2302,-1,ignore,,,0.0020833333333333333,0.90000000000000002,E1_RF,20260922,True,nested,"[""PN00-1.edf"", ""PN00-4.edf"", ""PN00-5.edf""]"
PN00,PN00-2.edf,1535,1525,1535,1475,1535,True,True,False,False,0,2302,-1,ignore,,,0.098401663716736976,0.90000000000000002,E1_RF,20260922,True,nested,"[""PN00-1.edf"", ""PN00-4.edf"", ""PN00-5.edf""]"
PN00,PN00-2.edf,1540,1530,1540,1480,1540,True,True,False,False,0,2302,-1,ignore,,,0.21975356664553672,0.90000000000000002,E1_RF,20260922,True,nested,"[""PN00-1.edf"", ""PN00-4.edf"", ""PN00-5.edf""]"
PN00,PN00-2.edf,1545,1535,1545,1485,1545,True,True,False,False,0,2302,-1,ignore,,,0.0056444444444444441,0.90000000000000002,E1_RF,20260922,True,nested,"[""PN00-1.edf"", ""PN00-4.edf"", ""PN00-5.edf""]"
PN00,PN00-2.edf,1550,1540,1550,1490,1550,True,True,False,False,0,2302,-1,ignore,,,0.0025333333333333332,0.90000000000000002,E1_RF,20260922,True,nested,"[""PN00-1.edf"", ""PN00-4.edf"", ""PN00-5.edf""]"
PN00,PN00-2.edf,1555,1545,1555,1495,1555,True,True,False,False,0,2302,-1,ignore,,,0.048242162045434141,0.90000000000000002,E1_RF,20260922,True,nested,"[""PN00-1.edf"", ""PN00-4.edf"", ""PN00-5.edf""]"
PN00,PN00-2.edf,1560,1550,1560,1500,1560,True,True,False,False,0,2302,-1,ignore,,,0.056523570004261468,0.90000000000000002,E1_RF,20260922,True,nested,"[""PN00-1.edf"", ""PN00-4.edf"", ""PN00-5.edf""]"
PN00,PN00-2.edf,1565,1555,1565,1505,1565,True,True,False,False,0,2302,-1,ignore,,,0.015931318082788668,0.90000000000000002,E1_RF,20260922,True,nested,"[""PN00-1.edf"", ""PN00-4.edf"", ""PN00-5.edf""]"
PN00,PN00-2.edf,1570,1560,1570,1510,1570,True,True,False,False,0,2302,-1,ignore,,,0.047753832013842479,0.90000000000000002,E1_RF,20260922,True,nested,"[""PN00-1.edf"", ""PN00-4.edf"", ""PN00-5.edf""]"
PN00,PN00-2.edf,1575,1565,1575,1515,1575,True,True,False,True,0,2302,0,negative,,,0.0025333333333333332,0.90000000000000002,E1_RF,20260922,True,nested,"[""PN00-1.edf"", ""PN00-4.edf"", ""PN00-5.edf""]"
PN00,PN00-2.edf,1580,1570,1580,1520,1580,True,True,False,True,0,2302,0,negative,,,0.067596087412755579,0.90000000000000002,E1_RF,20260922,True,nested,"[""PN00-1.edf"", ""PN00-4.edf"", ""PN00-5.edf""]"
PN00,PN00-2.edf,1585,1575,1585,1525,1585,True,True,False,True,0,2302,0,negative,,,0.0025333333333333332,0.90000000000000002,E1_RF,20260922,True,nested,"[""PN00-1.edf"", ""PN00-4.edf"", ""PN00-5.edf""]"
PN00,PN00-2.edf,1590,1580,1590,1530,1590,True,True,False,True,0,2302,0,negative,,,0.0025333333333333332,0.90000000000000002,E1_RF,20260922,True,nested,"[""PN00-1.edf"", ""PN00-4.edf"", ""PN00-5.edf""]"
PN00,PN00-2.edf,1595,1585,1595,1535,1595,True,True,False,True,0,2302,0,negative,,,0.002549019607843137,0.90000000000000002,E1_RF,20260922,True,nested,"[""PN00-1.edf"", ""PN00-4.edf"", ""PN00-5.edf""]"
PN00,PN00-2.edf,1600,1590,1600,1540,1600,True,True,False,True,0,2302,0,negative,,,0.0078642171640609954,0.90000000000000002,E1_RF,20260922,True,nested,"[""PN00-1.edf"", ""PN00-4.edf"", ""PN00-5.edf""]"
PN00,PN00-2.edf,1605,1595,1605,1545,1605,True,True,False,True,0,2302,0,negative,,,0.031350243801605657,0.90000000000000002,E1_RF,20260922,True,nested,"[""PN00-1.edf"", ""PN00-4.edf"", ""PN00-5.edf""]"
PN00,PN00-2.edf,1610,1600,1610,1550,1610,True,True,False,True,0,2302,0,negative,,,0.0046166666666666665,0.90000000000000002,E1_RF,20260922,True,nested,"[""PN00-1.edf"", ""PN00-4.edf"", ""PN00-5.edf""]"
PN00,PN00-2.edf,1615,1605,1615,1555,1615,True,True,False,True,0,2302,0,negative,,,0.0025333333333333332,0.90000000000000002,E1_RF,20260922,True,nested,"[""PN00-1.edf"", ""PN00-4.edf"", ""PN00-5.edf""]"
PN00,PN00-2.edf,1620,1610,1620,1560,1620,True,True,False,True,0,2302,0,negative,,,0.0048250000000000003,0.90000000000000002,E1_RF,20260922,True,nested,"[""PN00-1.edf"", ""PN00-4.edf"", ""PN00-5.edf""]"
PN00,PN00-2.edf,1625,1615,1625,1565,1625,True,True,False,True,0,2302,0,negative,,,0.0051463963963963959,0.90000000000000002,E1_RF,20260922,True,nested,"[""PN00-1.edf"", ""PN00-4.edf"", ""PN00-5.edf""]"
PN00,PN00-2.edf,1630,1620,1630,1570,1630,True,True,False,True,0,2302,0,negative,,,0.0082111251580278127,0.90000000000000002,E1_RF,20260922,True,nested,"[""PN00-1.edf"", ""PN00-4.edf"", ""PN00-5.edf""]"
PN00,PN00-2.edf,1635,1625,1635,1575,1635,True,True,False,True,0,2302,0,negative,,,0.0059034328503355053,0.90000000000000002,E1_RF,20260922,True,nested,"[""PN00-1.edf"", ""PN00-4.edf"", ""PN00-5.edf""]"
PN00,PN00-2.edf,1640,1630,1640,1580,1640,True,True,False,True,0,2302,0,negative,,,0.00035398230088495576,0.90000000000000002,E1_RF,20260922,True,nested,"[""PN00-1.edf"", ""PN00-4.edf"", ""PN00-5.edf""]"
PN00,PN00-2.edf,1645,1635,1645,1585,1645,True,True,False,True,0,2302,0,negative,,,0.0023147666146104461,0.90000000000000002,E1_RF,20260922,True,nested,"[""PN00-1.edf"", ""PN00-4.edf"", ""PN00-5.edf""]"
PN00,PN00-2.edf,1650,1640,1650,1590,1650,True,True,False,True,0,2302,0,negative,,,0.00035398230088495576,0.90000000000000002,E1_RF,20260922,True,nested,"[""PN00-1.edf"", ""PN00-4.edf"", ""PN00-5.edf""]"
PN00,PN00-2.edf,1655,1645,1655,1595,1655,True,True,False,True,0,2302,0,negative,,,0.0023076923076923075,0.90000000000000002,E1_RF,20260922,True,nested,"[""PN00-1.edf"", ""PN00-4.edf"", ""PN00-5.edf""]"
PN00,PN00-2.edf,1660,1650,1660,1600,1660,True,True,False,True,0,2302,0,negative,,,0.0064505494505494509,0.90000000000000002,E1_RF,20260922,True,nested,"[""PN00-1.edf"", ""PN00-4.edf"", ""PN00-5.edf""]"
PN00,PN00-2.edf,1665,1655,1665,1605,1665,True,True,False,True,0,2302,0,negative,,,0.010119119124845311,0.90000000000000002,E1_RF,20260922,True,nested,"[""PN00-1.edf"", ""PN00-4.edf"", ""PN00-5.edf""]"
PN00,PN00-2.edf,1670,1660,1670,1610,1670,True,True,False,True,0,2302,0,negative,,,0.056262753799099091,0.90000000000000002,E1_RF,20260922,True,nested,"[""PN00-1.edf"", ""PN00-4.edf"", ""PN00-5.edf""]"
PN00,PN00-2.edf,1675,1665,1675,1615,1675,True,True,False,True,0,2302,0,negative,,,0.010149931449775282,0.90000000000000002,E1_RF,20260922,True,nested,"[""PN00-1.edf"", ""PN00-4.edf"", ""PN00-5.edf""]"
PN00,PN00-2.edf,1680,1670,1680,1620,1680,True,True,False,True,0,2302,0,negative,,,0.013653470703314538,0.90000000000000002,E1_RF,20260922,True,nested,"[""PN00-1.edf"", ""PN00-4.edf"", ""PN00-5.edf""]"
PN00,PN00-2.edf,1685,1675,1685,1625,1685,True,True,False,True,0,2302,0,negative,,,0.0030462899931926481,0.90000000000000002,E1_RF,20260922,True,nested,"[""PN00-1.edf"", ""PN00-4.edf"", ""PN00-5.edf""]"
PN00,PN00-2.edf,1690,1680,1690,1630,1690,True,True,False,True,0,2302,0,negative,,,0.00035398230088495576,0.90000000000000002,E1_RF,20260922,True,nested,"[""PN00-1.edf"", ""PN00-4.edf"", ""PN00-5.edf""]"
PN00,PN00-2.edf,1695,1685,1695,1635,1695,True,True,False,True,0,2302,0,negative,,,0.0074301727770754323,0.90000000000000002,E1_RF,20260922,True,nested,"[""PN00-1.edf"", ""PN00-4.edf"", ""PN00-5.edf""]"
PN00,PN00-2.edf,1700,1690,1700,1640,1700,True,True,False,True,0,2302,0,negative,,,0.72851825467467846,0.90000000000000002,E1_RF,20260922,True,nested,"[""PN00-1.edf"", ""PN00-4.edf"", ""PN00-5.edf""]"
PN00,PN00-2.edf,1705,1695,1705,1645,1705,True,True,False,True,0,2302,0,negative,,,0.63496797672610583,0.90000000000000002,E1_RF,20260922,True,nested,"[""PN00-1.edf"", ""PN00-4.edf"", ""PN00-5.edf""]"
PN00,PN00-2.edf,1710,1700,1710,1650,1710,True,True,False,True,0,2302,0,negative,,,0.62891307568192101,0.90000000000000002,E1_RF,20260922,True,nested,"[""PN00-1.edf"", ""PN00-4.edf"", ""PN00-5.edf""]"
PN00,PN00-2.edf,1715,1705,1715,1655,1715,True,True,False,True,0,2302,0,negative,,,0.31432263335994698,0.90000000000000002,E1_RF,20260922,True,nested,"[""PN00-1.edf"", ""PN00-4.edf"", ""PN00-5.edf""]"
PN00,PN00-2.edf,1720,1710,1720,1660,1720,True,True,False,True,0,2302,0,negative,,,0.076467667799924408,0.90000000000000002,E1_RF,20260922,True,nested,"[""PN00-1.edf"", ""PN00-4.edf"", ""PN00-5.edf""]"
PN00,PN00-2.edf,1725,1715,1725,1665,1725,True,True,False,True,0,2302,0,negative,,,0.00035398230088495576,0.90000000000000002,E1_RF,20260922,True,nested,"[""PN00-1.edf"", ""PN00-4.edf"", ""PN00-5.edf""]"
PN00,PN00-2.edf,1730,1720,1730,1670,1730,True,True,False,True,0,2302,0,negative,,,0.021317167018618407,0.90000000000000002,E1_RF,20260922,True,nested,"[""PN00-1.edf"", ""PN00-4.edf"", ""PN00-5.edf""]"
PN00,PN00-2.edf,1735,1725,1735,1675,1735,True,True,False,True,0,2302,0,negative,,,0.002020648967551622,0.90000000000000002,E1_RF,20260922,True,nested,"[""PN00-1.edf"", ""PN00-4.edf"", ""PN00-5.edf""]"
PN00,PN00-2.edf,1740,1730,1740,1680,1740,True,True,False,True,0,2302,0,negative,,,0.0025333333333333332,0.90000000000000002,E1_RF,20260922,True,nested,"[""PN00-1.edf"", ""PN00-4.edf"", ""PN00-5.edf""]"
PN00,PN00-2.edf,1745,1735,1745,1685,1745,True,True,False,True,0,2302,0,negative,,,0.0022222222222222222,0.90000000000000002,E1_RF,20260922,True,nested,"[""PN00-1.edf"", ""PN00-4.edf"", ""PN00-5.edf""]"
PN00,PN00-2.edf,1750,1740,1750,1690,1750,True,True,False,True,0,2302,0,negative,,,0.0059034328503355053,0.90000000000000002,E1_RF,20260922,True,nested,"[""PN00-1.edf"", ""PN00-4.edf"", ""PN00-5.edf""]"
PN00,PN00-2.edf,1755,1745,1755,1695,1755,True,True,False,True,0,2302,0,negative,,,0.026079071780523166,0.90000000000000002,E1_RF,20260922,True,nested,"[""PN00-1.edf"", ""PN00-4.edf"", ""PN00-5.edf""]"
PN00,PN00-2.edf,1760,1750,1760,1700,1760,True,True,False,True,0,2302,0,negative,,,0.016465852271349623,0.90000000000000002,E1_RF,20260922,True,nested,"[""PN00-1.edf"", ""PN00-4.edf"", ""PN00-5.edf""]"
PN00,PN00-2.edf,1765,1755,1765,1705,1765,True,True,False,True,0,2302,0,negative,,,0.00035398230088495576,0.90000000000000002,E1_RF,20260922,True,nested,"[""PN00-1.edf"", ""PN00-4.edf"", ""PN00-5.edf""]"
PN00,PN00-2.edf,1770,1760,1770,1710,1770,True,True,False,True,0,2302,0,negative,,,0.021317167018618407,0.90000000000000002,E1_RF,20260922,True,nested,"[""PN00-1.edf"", ""PN00-4.edf"", ""PN00-5.edf""]"
PN00,PN00-2.edf,1775,1765,1775,1715,1775,True,True,False,True,0,2302,0,negative,,,0.02421571774325609,0.90000000000000002,E1_RF,20260922,True,nested,"[""PN00-1.edf"", ""PN00-4.edf"", ""PN00-5.edf""]"
PN00,PN00-2.edf,1780,1770,1780,1720,1780,True,True,False,True,0,2302,0,negative,,,0.0034309053778080328,0.90000000000000002,E1_RF,20260922,True,nested,"[""PN00-1.edf"", ""PN00-4.edf"", ""PN00-5.edf""]"
PN00,PN00-2.edf,1785,1775,1785,1725,1785,True,True,False,True,0,2302,0,negative,,,0,0.90000000000000002,E1_RF,20260922,True,nested,"[""PN00-1.edf"", ""PN00-4.edf"", ""PN00-5.edf""]"
PN00,PN00-2.edf,1790,1780,1790,1730,1790,True,True,False,True,0,2302,0,negative,,,0,0.90000000000000002,E1_RF,20260922,True,nested,"[""PN00-1.edf"", ""PN00-4.edf"", ""PN00-5.edf""]"
PN00,PN00-2.edf,1795,1785,1795,1735,1795,True,True,False,True,0,2302,0,negative,,,0.00035398230088495576,0.90000000000000002,E1_RF,20260922,True,nested,"[""PN00-1.edf"", ""PN00-4.edf"", ""PN00-5.edf""]"
PN00,PN00-2.edf,1800,1790,1800,1740,1800,True,True,False,True,0,2302,0,negative,,,0.00035398230088495576,0.90000000000000002,E1_RF,20260922,True,nested,"[""PN00-1.edf"", ""PN00-4.edf"", ""PN00-5.edf""]"
PN00,PN00-2.edf,1805,1795,1805,1745,1805,True,True,False,True,0,2302,0,negative,,,0.00035398230088495576,0.90000000000000002,E1_RF,20260922,True,nested,"[""PN00-1.edf"", ""PN00-4.edf"", ""PN00-5.edf""]"
PN00,PN00-2.edf,1810,1800,1810,1750,1810,True,True,False,True,0,2302,0,negative,,,0.0031317600786627338,0.90000000000000002,E1_RF,20260922,True,nested,"[""PN00-1.edf"", ""PN00-4.edf"", ""PN00-5.edf""]"
PN00,PN00-2.edf,1815,1805,1815,1755,1815,True,True,False,True,0,2302,0,negative,,,0.0057508076977103532,0.90000000000000002,E1_RF,20260922,True,nested,"[""PN00-1.edf"", ""PN00-4.edf"", ""PN00-5.edf""]"
PN00,PN00-2.edf,1820,1810,1820,1760,1820,True,True,False,True,0,2302,0,negative,,,0.00035398230088495576,0.90000000000000002,E1_RF,20260922,True,nested,"[""PN00-1.edf"", ""PN00-4.edf"", ""PN00-5.edf""]"
PN00,PN00-2.edf,1825,1815,1825,1765,1825,True,True,False,True,0,2302,0,negative,,,0.0030462899931926481,0.90000000000000002,E1_RF,20260922,True,nested,"[""PN00-1.edf"", ""PN00-4.edf"", ""PN00-5.edf""]"
PN00,PN00-2.edf,1830,1820,1830,1770,1830,True,True,False,True,0,2302,0,negative,,,0.019619252417525077,0.90000000000000002,E1_RF,20260922,True,nested,"[""PN00-1.edf"", ""PN00-4.edf"", ""PN00-5.edf""]"
PN00,PN00-2.edf,1835,1825,1835,1775,1835,True,True,False,True,0,2302,0,negative,,,0.0029030019087280924,0.90000000000000002,E1_RF,20260922,True,nested,"[""PN00-1.edf"", ""PN00-4.edf"", ""PN00-5.edf""]"
PN00,PN00-2.edf,1840,1830,1840,1780,1840,True,True,False,True,0,2302,0,negative,,,0.0059650934119960669,0.90000000000000002,E1_RF,20260922,True,nested,"[""PN00-1.edf"", ""PN00-4.edf"", ""PN00-5.edf""]"
PN00,PN00-2.edf,1845,1835,1845,1785,1845,True,True,False,True,0,2302,0,negative,,,0.017424263256076395,0.90000000000000002,E1_RF,20260922,True,nested,"[""PN00-1.edf"", ""PN00-4.edf"", ""PN00-5.edf""]"
PN00,PN00-2.edf,1850,1840,1850,1790,1850,True,True,False,True,0,2302,0,negative,,,0.013352661168596874,0.90000000000000002,E1_RF,20260922,True,nested,"[""PN00-1.edf"", ""PN00-4.edf"", ""PN00-5.edf""]"
PN00,PN00-2.edf,1855,1845,1855,1795,1855,True,True,False,True,0,2302,0,negative,,,0.010507456277888346,0.90000000000000002,E1_RF,20260922,True,nested,"[""PN00-1.edf"", ""PN00-4.edf"", ""PN00-5.edf""]"
PN00,PN00-2.edf,1860,1850,1860,1800,1860,True,True,False,True,0,2302,0,negative,,,0.00035398230088495576,0.90000000000000002,E1_RF,20260922,True,nested,"[""PN00-1.edf"", ""PN00-4.edf"", ""PN00-5.edf""]"
PN00,PN00-2.edf,1865,1855,1865,1805,1865,True,True,False,True,0,2302,0,negative,,,0.20634681045958356,0.90000000000000002,E1_RF,20260922,True,nested,"[""PN00-1.edf"", ""PN00-4.edf"", ""PN00-5.edf""]"
PN00,PN00-2.edf,1870,1860,1870,1810,1870,True,True,False,True,0,2302,0,negative,,,0.078712009675248065,0.90000000000000002,E1_RF,20260922,True,nested,"[""PN00-1.edf"", ""PN00-4.edf"", ""PN00-5.edf""]"
PN00,PN00-2.edf,1875,1865,1875,1815,1875,True,True,False,True,0,2302,0,negative,,,0.00035398230088495576,0.90000000000000002,E1_RF,20260922,True,nested,"[""PN00-1.edf"", ""PN00-4.edf"", ""PN00-5.edf""]"
PN00,PN00-2.edf,1880,1870,1880,1820,1880,True,True,False,True,0,2302,0,negative,,,0.0022587442056468602,0.90000000000000002,E1_RF,20260922,True,nested,"[""PN00-1.edf"", ""PN00-4.edf"", ""PN00-5.edf""]"
PN00,PN00-2.edf,1885,1875,1885,1825,1885,True,True,False,True,0,2302,0,negative,,,0.00035398230088495576,0.90000000000000002,E1_RF,20260922,True,nested,"[""PN00-1.edf"", ""PN00-4.edf"", ""PN00-5.edf""]"
PN00,PN00-2.edf,1890,1880,1890,1830,1890,True,True,False,True,0,2302,0,negative,,,0.059562819908779235,0.90000000000000002,E1_RF,20260922,True,nested,"[""PN00-1.edf"", ""PN00-4.edf"", ""PN00-5.edf""]"
PN00,PN00-2.edf,1895,1885,1895,1835,1895,True,True,False,True,0,2302,0,negative,,,0.030247725474546988,0.90000000000000002,E1_RF,20260922,True,nested,"[""PN00-1.edf"", ""PN00-4.edf"", ""PN00-5.edf""]"
PN00,PN00-2.edf,1900,1890,1900,1840,1900,True,True,False,True,0,2302,0,negative,,,0.24705145112537508,0.90000000000000002,E1_RF,20260922,True,nested,"[""PN00-1.edf"", ""PN00-4.edf"", ""PN00-5.edf""]"
PN00,PN00-2.edf,1905,1895,1905,1845,1905,True,True,False,True,0,2302,0,negative,,,0.23248392092422107,0.90000000000000002,E1_RF,20260922,True,nested,"[""PN00-1.edf"", ""PN00-4.edf"", ""PN00-5.edf""]"
PN00,PN00-2.edf,1910,1900,1910,1850,1910,True,True,False,True,0,2302,0,negative,,,0.074377651676655124,0.90000000000000002,E1_RF,20260922,True,nested,"[""PN00-1.edf"", ""PN00-4.edf"", ""PN00-5.edf""]"
PN00,PN00-2.edf,1915,1905,1915,1855,1915,True,True,False,True,0,2302,0,negative,,,0.14264564776562158,0.90000000000000002,E1_RF,20260922,True,nested,"[""PN00-1.edf"", ""PN00-4.edf"", ""PN00-5.edf""]"
PN00,PN00-2.edf,1920,1910,1920,1860,1920,True,True,False,True,0,2302,0,negative,,,0.015426811432537617,0.90000000000000002,E1_RF,20260922,True,nested,"[""PN00-1.edf"", ""PN00-4.edf"", ""PN00-5.edf""]"
PN00,PN00-2.edf,1925,1915,1925,1865,1925,True,True,False,True,0,2302,0,negative,,,0.00035398230088495576,0.90000000000000002,E1_RF,20260922,True,nested,"[""PN00-1.edf"", ""PN00-4.edf"", ""PN00-5.edf""]"
PN00,PN00-2.edf,1930,1920,1930,1870,1930,True,True,False,True,0,2302,0,negative,,,0.00035398230088495576,0.90000000000000002,E1_RF,20260922,True,nested,"[""PN00-1.edf"", ""PN00-4.edf"", ""PN00-5.edf""]"
PN00,PN00-2.edf,1935,1925,1935,1875,1935,True,True,False,True,0,2302,0,negative,,,0.012323734155547295,0.90000000000000002,E1_RF,20260922,True,nested,"[""PN00-1.edf"", ""PN00-4.edf"", ""PN00-5.edf""]"
PN00,PN00-2.edf,1940,1930,1940,1880,1940,True,True,False,True,0,2302,0,negative,,,0.00035398230088495576,0.90000000000000002,E1_RF,20260922,True,nested,"[""PN00-1.edf"", ""PN00-4.edf"", ""PN00-5.edf""]"
PN00,PN00-2.edf,1945,1935,1945,1885,1945,True,True,False,True,0,2302,0,negative,,,0.00035398230088495576,0.90000000000000002,E1_RF,20260922,True,nested,"[""PN00-1.edf"", ""PN00-4.edf"", ""PN00-5.edf""]"
PN00,PN00-2.edf,1950,1940,1950,1890,1950,True,True,False,True,0,2302,0,negative,,,0.00035398230088495576,0.90000000000000002,E1_RF,20260922,True,nested,"[""PN00-1.edf"", ""PN00-4.edf"", ""PN00-5.edf""]"
PN00,PN00-2.edf,1955,1945,1955,1895,1955,True,True,False,True,0,2302,0,negative,,,0.0095177760235022075,0.90000000000000002,E1_RF,20260922,True,nested,"[""PN00-1.edf"", ""PN00-4.edf"", ""PN00-5.edf""]"
PN00,PN00-2.edf,1960,1950,1960,1900,1960,True,True,False,True,0,2302,0,negative,,,0.0055762045231071778,0.90000000000000002,E1_RF,20260922,True,nested,"[""PN00-1.edf"", ""PN00-4.edf"", ""PN00-5.edf""]"
PN00,PN00-2.edf,1965,1955,1965,1905,1965,True,True,False,True,0,2302,0,negative,,,0.0050365219834246381,0.90000000000000002,E1_RF,20260922,True,nested,"[""PN00-1.edf"", ""PN00-4.edf"", ""PN00-5.edf""]"
PN00,PN00-2.edf,1970,1960,1970,1910,1970,True,True,False,True,0,2302,0,negative,,,0.00035398230088495576,0.90000000000000002,E1_RF,20260922,True,nested,"[""PN00-1.edf"", ""PN00-4.edf"", ""PN00-5.edf""]"
PN00,PN00-2.edf,1975,1965,1975,1915,1975,True,True,False,True,0,2302,0,negative,,,0.00035398230088495576,0.90000000000000002,E1_RF,20260922,True,nested,"[""PN00-1.edf"", ""PN00-4.edf"", ""PN00-5.edf""]"
PN00,PN00-2.edf,1980,1970,1980,1920,1980,True,True,False,True,0,2302,0,negative,,,0.0023147666146104461,0.90000000000000002,E1_RF,20260922,True,nested,"[""PN00-1.edf"", ""PN00-4.edf"", ""PN00-5.edf""]"
PN00,PN00-2.edf,1985,1975,1985,1925,1985,True,True,False,True,0,2302,0,negative,,,0.00035398230088495576,0.90000000000000002,E1_RF,20260922,True,nested,"[""PN00-1.edf"", ""PN00-4.edf"", ""PN00-5.edf""]"
PN00,PN00-2.edf,1990,1980,1990,1930,1990,True,True,False,True,0,2302,0,negative,,,0.0084286429343691186,0.90000000000000002,E1_RF,20260922,True,nested,"[""PN00-1.edf"", ""PN00-4.edf"", ""PN00-5.edf""]"
PN00,PN00-2.edf,1995,1985,1995,1935,1995,True,True,False,True,0,2302,0,negative,,,0.0053268083878414774,0.90000000000000002,E1_RF,20260922,True,nested,"[""PN00-1.edf"", ""PN00-4.edf"", ""PN00-5.edf""]"
PN00,PN00-2.edf,2000,1990,2000,1940,2000,True,True,False,True,0,2302,0,negative,,,0.00035398230088495576,0.90000000000000002,E1_RF,20260922,True,nested,"[""PN00-1.edf"", ""PN00-4.edf"", ""PN00-5.edf""]"
PN00,PN00-2.edf,2005,1995,2005,1945,2005,True,True,False,True,0,2302,0,negative,,,0.00035398230088495576,0.90000000000000002,E1_RF,20260922,True,nested,"[""PN00-1.edf"", ""PN00-4.edf"", ""PN00-5.edf""]"
PN00,PN00-2.edf,2010,2000,2010,1950,2010,True,True,False,True,0,2302,0,negative,,,0.0029030019087280924,0.90000000000000002,E1_RF,20260922,True,nested,"[""PN00-1.edf"", ""PN00-4.edf"", ""PN00-5.edf""]"
PN00,PN00-2.edf,2015,2005,2015,1955,2015,True,True,False,True,0,2302,0,negative,,,0.0030462899931926481,0.90000000000000002,E1_RF,20260922,True,nested,"[""PN00-1.edf"", ""PN00-4.edf"", ""PN00-5.edf""]"
PN00,PN00-2.edf,2020,2010,2020,1960,2020,True,True,False,True,0,2302,0,negative,,,0.0029030019087280924,0.90000000000000002,E1_RF,20260922,True,nested,"[""PN00-1.edf"", ""PN00-4.edf"", ""PN00-5.edf""]"
PN00,PN00-2.edf,2025,2015,2025,1965,2025,True,True,False,True,0,2302,0,negative,,,0.0022984267453294003,0.90000000000000002,E1_RF,20260922,True,nested,"[""PN00-1.edf"", ""PN00-4.edf"", ""PN00-5.edf""]"
PN00,PN00-2.edf,2030,2020,2030,1970,2030,True,True,False,True,0,2302,0,negative,,,0.00035398230088495576,0.90000000000000002,E1_RF,20260922,True,nested,"[""PN00-1.edf"", ""PN00-4.edf"", ""PN00-5.edf""]"
PN00,PN00-2.edf,2035,2025,2035,1975,2035,True,True,False,True,0,2302,0,negative,,,0.0031317600786627338,0.90000000000000002,E1_RF,20260922,True,nested,"[""PN00-1.edf"", ""PN00-4.edf"", ""PN00-5.edf""]"
PN00,PN00-2.edf,2040,2030,2040,1980,2040,True,True,False,True,0,2302,0,negative,,,0.0029730299199325749,0.90000000000000002,E1_RF,20260922,True,nested,"[""PN00-1.edf"", ""PN00-4.edf"", ""PN00-5.edf""]"
PN00,PN00-2.edf,2045,2035,2045,1985,2045,True,True,False,True,0,2302,0,negative,,,0.0047031886500913051,0.90000000000000002,E1_RF,20260922,True,nested,"[""PN00-1.edf"", ""PN00-4.edf"", ""PN00-5.edf""]"
PN00,PN00-2.edf,2050,2040,2050,1990,2050,True,True,False,True,0,2302,0,negative,,,0.008037718210707822,0.90000000000000002,E1_RF,20260922,True,nested,"[""PN00-1.edf"", ""PN00-4.edf"", ""PN00-5.edf""]"
PN00,PN00-2.edf,2055,2045,2055,1995,2055,True,True,False,True,0,2302,0,negative,,,0.0074809664278690817,0.90000000000000002,E1_RF,20260922,True,nested,"[""PN00-1.edf"", ""PN00-4.edf"", ""PN00-5.edf""]"
PN00,PN00-2.edf,2060,2050,2060,2000,2060,True,True,False,True,0,2302,0,negative,,,0.0080617320674582511,0.90000000000000002,E1_RF,20260922,True,nested,"[""PN00-1.edf"", ""PN00-4.edf"", ""PN00-5.edf""]"
PN00,PN00-2.edf,2065,2055,2065,2005,2065,True,True,False,True,0,2302,0,negative,,,0.00035398230088495576,0.90000000000000002,E1_RF,20260922,True,nested,"[""PN00-1.edf"", ""PN00-4.edf"", ""PN00-5.edf""]"
PN00,PN00-2.edf,2070,2060,2070,2010,2070,True,True,False,True,0,2302,0,negative,,,0.029788383173064373,0.90000000000000002,E1_RF,20260922,True,nested,"[""PN00-1.edf"", ""PN00-4.edf"", ""PN00-5.edf""]"
PN00,PN00-2.edf,2075,2065,2075,2015,2075,True,True,False,True,0,2302,0,negative,,,0.037227055611736809,0.90000000000000002,E1_RF,20260922,True,nested,"[""PN00-1.edf"", ""PN00-4.edf"", ""PN00-5.edf""]"
PN00,PN00-2.edf,2080,2070,2080,2020,2080,True,True,False,True,0,2302,0,negative,,,0.15420170586812398,0.90000000000000002,E1_RF,20260922,True,nested,"[""PN00-1.edf"", ""PN00-4.edf"", ""PN00-5.edf""]"
PN00,PN00-2.edf,2085,2075,2085,2025,2085,True,True,False,True,0,2302,0,negative,,,0.18314443798975621,0.90000000000000002,E1_RF,20260922,True,nested,"[""PN00-1.edf"", ""PN00-4.edf"", ""PN00-5.edf""]"
PN00,PN00-2.edf,2090,2080,2090,2030,2090,True,True,False,True,0,2302,0,negative,,,0.5643489742893596,0.90000000000000002,E1_RF,20260922,True,nested,"[""PN00-1.edf"", ""PN00-4.edf"", ""PN00-5.edf""]"
PN00,PN00-2.edf,2095,2085,2095,2035,2095,True,True,False,True,0,2302,0,negative,,,0.41538836304520277,0.90000000000000002,E1_RF,20260922,True,nested,"[""PN00-1.edf"", ""PN00-4.edf"", ""PN00-5.edf""]"
PN00,PN00-2.edf,2100,2090,2100,2040,2100,True,True,False,True,0,2302,0,negative,,,0.70924662433598984,0.90000000000000002,E1_RF,20260922,True,nested,"[""PN00-1.edf"", ""PN00-4.edf"", ""PN00-5.edf""]"
PN00,PN00-2.edf,2105,2095,2105,2045,2105,True,True,False,True,0,2302,0,negative,,,0.46770750298999209,0.90000000000000002,E1_RF,20260922,True,nested,"[""PN00-1.edf"", ""PN00-4.edf"", ""PN00-5.edf""]"
PN00,PN00-2.edf,2110,2100,2110,2050,2110,True,True,False,True,0,2302,0,negative,,,0.016912768694230175,0.90000000000000002,E1_RF,20260922,True,nested,"[""PN00-1.edf"", ""PN00-4.edf"", ""PN00-5.edf""]"
PN00,PN00-2.edf,2115,2105,2115,2055,2115,True,True,False,True,0,2302,0,negative,,,0.7149896393435573,0.90000000000000002,E1_RF,20260922,True,nested,"[""PN00-1.edf"", ""PN00-4.edf"", ""PN00-5.edf""]"
PN00,PN00-2.edf,2120,2110,2120,2060,2120,True,True,False,True,0,2302,0,negative,,,0.4808480075713763,0.90000000000000002,E1_RF,20260922,True,nested,"[""PN00-1.edf"", ""PN00-4.edf"", ""PN00-5.edf""]"
PN00,PN00-2.edf,2125,2115,2125,2065,2125,True,True,False,True,0,2302,0,negative,,,0.026059294553991325,0.90000000000000002,E1_RF,20260922,True,nested,"[""PN00-1.edf"", ""PN00-4.edf"", ""PN00-5.edf""]"
PN00,PN00-2.edf,2130,2120,2130,2070,2130,True,True,False,True,0,2302,0,negative,,,0.021931573337299521,0.90000000000000002,E1_RF,20260922,True,nested,"[""PN00-1.edf"", ""PN00-4.edf"", ""PN00-5.edf""]"
PN00,PN00-2.edf,2135,2125,2135,2075,2135,True,True,False,True,0,2302,0,negative,,,0.014903001908728092,0.90000000000000002,E1_RF,20260922,True,nested,"[""PN00-1.edf"", ""PN00-4.edf"", ""PN00-5.edf""]"
PN00,PN00-2.edf,2140,2130,2140,2080,2140,True,True,False,True,0,2302,0,negative,,,0.0025762045231071781,0.90000000000000002,E1_RF,20260922,True,nested,"[""PN00-1.edf"", ""PN00-4.edf"", ""PN00-5.edf""]"
PN00,PN00-2.edf,2145,2135,2145,2085,2145,True,True,False,True,0,2302,0,negative,,,0.005353982300884956,0.90000000000000002,E1_RF,20260922,True,nested,"[""PN00-1.edf"", ""PN00-4.edf"", ""PN00-5.edf""]"
PN00,PN00-2.edf,2150,2140,2150,2090,2150,True,True,False,True,0,2302,0,negative,,,0.0082279458166395168,0.90000000000000002,E1_RF,20260922,True,nested,"[""PN00-1.edf"", ""PN00-4.edf"", ""PN00-5.edf""]"
PN00,PN00-2.edf,2155,2145,2155,2095,2155,True,True,False,True,0,2302,0,negative,,,0.0025762045231071781,0.90000000000000002,E1_RF,20260922,True,nested,"[""PN00-1.edf"", ""PN00-4.edf"", ""PN00-5.edf""]"
PN00,PN00-2.edf,2160,2150,2160,2100,2160,True,True,False,True,0,2302,0,negative,,,0.0047984267453294004,0.90000000000000002,E1_RF,20260922,True,nested,"[""PN00-1.edf"", ""PN00-4.edf"", ""PN00-5.edf""]"
PN00,PN00-2.edf,2165,2155,2165,2105,2165,True,True,False,True,0,2302,0,negative,,,0.00035398230088495576,0.90000000000000002,E1_RF,20260922,True,nested,"[""PN00-1.edf"", ""PN00-4.edf"", ""PN00-5.edf""]"
PN00,PN00-2.edf,2170,2160,2170,2110,2170,True,True,False,True,0,2302,0,negative,,,0.0031317600786627338,0.90000000000000002,E1_RF,20260922,True,nested,"[""PN00-1.edf"", ""PN00-4.edf"", ""PN00-5.edf""]"
PN00,PN00-2.edf,2175,2165,2175,2115,2175,True,True,False,True,0,2302,0,negative,,,0.5977237439216786,0.90000000000000002,E1_RF,20260922,True,nested,"[""PN00-1.edf"", ""PN00-4.edf"", ""PN00-5.edf""]"
PN00,PN00-2.edf,2180,2170,2180,2120,2180,True,True,False,True,0,2302,0,negative,,,0.52444755083241368,0.90000000000000002,E1_RF,20260922,True,nested,"[""PN00-1.edf"", ""PN00-4.edf"", ""PN00-5.edf""]"
PN00,PN00-2.edf,2185,2175,2185,2125,2185,True,True,False,True,0,2302,0,negative,,,0.00035398230088495576,0.90000000000000002,E1_RF,20260922,True,nested,"[""PN00-1.edf"", ""PN00-4.edf"", ""PN00-5.edf""]"
PN00,PN00-2.edf,2190,2180,2190,2130,2190,True,True,False,True,0,2302,0,negative,,,0.0029730299199325749,0.90000000000000002,E1_RF,20260922,True,nested,"[""PN00-1.edf"", ""PN00-4.edf"", ""PN00-5.edf""]"
PN00,PN00-2.edf,2195,2185,2195,2135,2195,True,True,False,True,0,2302,0,negative,,,0.0048777918246944788,0.90000000000000002,E1_RF,20260922,True,nested,"[""PN00-1.edf"", ""PN00-4.edf"", ""PN00-5.edf""]"
PN00,PN00-2.edf,2200,2190,2200,2140,2200,True,True,False,True,0,2302,0,negative,,,0.0022587442056468602,0.90000000000000002,E1_RF,20260922,True,nested,"[""PN00-1.edf"", ""PN00-4.edf"", ""PN00-5.edf""]"
PN00,PN00-2.edf,2205,2195,2205,2145,2205,True,True,False,True,0,2302,0,negative,,,0.0076555696024722571,0.90000000000000002,E1_RF,20260922,True,nested,"[""PN00-1.edf"", ""PN00-4.edf"", ""PN00-5.edf""]"
PN00,PN00-2.edf,2210,2200,2210,2150,2210,True,True,False,True,0,2302,0,negative,,,0.0082050201519228063,0.90000000000000002,E1_RF,20260922,True,nested,"[""PN00-1.edf"", ""PN00-4.edf"", ""PN00-5.edf""]"
PN00,PN00-2.edf,2215,2205,2215,2155,2215,True,True,False,True,0,2302,0,negative,,,0.0030462899931926481,0.90000000000000002,E1_RF,20260922,True,nested,"[""PN00-1.edf"", ""PN00-4.edf"", ""PN00-5.edf""]"
PN00,PN00-2.edf,2220,2210,2220,2160,2220,True,True,False,True,0,2302,0,negative,,,0.00035398230088495576,0.90000000000000002,E1_RF,20260922,True,nested,"[""PN00-1.edf"", ""PN00-4.edf"", ""PN00-5.edf""]"
PN00,PN00-2.edf,2225,2215,2225,2165,2225,True,True,False,True,0,2302,0,negative,,,0.024870766912795359,0.90000000000000002,E1_RF,20260922,True,nested,"[""PN00-1.edf"", ""PN00-4.edf"", ""PN00-5.edf""]"
PN00,PN00-2.edf,2230,2220,2230,2170,2230,True,True,False,True,0,2302,0,negative,,,0.0373504889433992,0.90000000000000002,E1_RF,20260922,True,nested,"[""PN00-1.edf"", ""PN00-4.edf"", ""PN00-5.edf""]"
PN00,PN00-2.edf,2235,2225,2235,2175,2235,True,True,False,True,0,2302,0,negative,,,0.0086079505548532099,0.90000000000000002,E1_RF,20260922,True,nested,"[""PN00-1.edf"", ""PN00-4.edf"", ""PN00-5.edf""]"
PN00,PN00-2.edf,2240,2230,2240,2180,2240,True,True,False,True,0,2302,0,negative,,,0.010731162274186301,0.90000000000000002,E1_RF,20260922,True,nested,"[""PN00-1.edf"", ""PN00-4.edf"", ""PN00-5.edf""]"
PN00,PN00-2.edf,2245,2235,2245,2185,2245,True,True,False,True,0,2302,0,negative,,,0.0070086441656308533,0.90000000000000002,E1_RF,20260922,True,nested,"[""PN00-1.edf"", ""PN00-4.edf"", ""PN00-5.edf""]"
PN00,PN00-2.edf,2250,2240,2250,2190,2250,True,True,False,True,0,2302,0,negative,,,0.00035398230088495576,0.90000000000000002,E1_RF,20260922,True,nested,"[""PN00-1.edf"", ""PN00-4.edf"", ""PN00-5.edf""]"
PN00,PN00-2.edf,2255,2245,2255,2195,2255,True,True,False,True,0,2302,0,negative,,,0.028952925990223127,0.90000000000000002,E1_RF,20260922,True,nested,"[""PN00-1.edf"", ""PN00-4.edf"", ""PN00-5.edf""]"
PN00,PN00-2.edf,2260,2250,2260,2200,2260,True,True,False,True,0,2302,0,negative,,,0.0098077834704755982,0.90000000000000002,E1_RF,20260922,True,nested,"[""PN00-1.edf"", ""PN00-4.edf"", ""PN00-5.edf""]"
PN00,PN00-2.edf,2265,2255,2265,2205,2265,True,True,False,True,0,2302,0,negative,,,0.00035398230088495576,0.90000000000000002,E1_RF,20260922,True,nested,"[""PN00-1.edf"", ""PN00-4.edf"", ""PN00-5.edf""]"
PN00,PN00-2.edf,2270,2260,2270,2210,2270,True,True,False,True,0,2302,0,negative,,,0.0029730299199325749,0.90000000000000002,E1_RF,20260922,True,nested,"[""PN00-1.edf"", ""PN00-4.edf"", ""PN00-5.edf""]"
PN00,PN00-2.edf,2275,2265,2275,2215,2275,True,True,False,True,0,2302,0,negative,,,0.00035398230088495576,0.90000000000000002,E1_RF,20260922,True,nested,"[""PN00-1.edf"", ""PN00-4.edf"", ""PN00-5.edf""]"
PN00,PN00-2.edf,2280,2270,2280,2220,2280,True,True,False,True,0,2302,0,negative,,,0.00035398230088495576,0.90000000000000002,E1_RF,20260922,True,nested,"[""PN00-1.edf"", ""PN00-4.edf"", ""PN00-5.edf""]"
PN00,PN00-2.edf,2285,2275,2285,2225,2285,True,True,False,True,0,2302,0,negative,,,0.0029030019087280924,0.90000000000000002,E1_RF,20260922,True,nested,"[""PN00-1.edf"", ""PN00-4.edf"", ""PN00-5.edf""]"
PN00,PN00-2.edf,2290,2280,2290,2230,2290,True,True,False,True,0,2302,0,negative,,,0.00035398230088495576,0.90000000000000002,E1_RF,20260922,True,nested,"[""PN00-1.edf"", ""PN00-4.edf"", ""PN00-5.edf""]"
PN00,PN00-2.edf,2295,2285,2295,2235,2295,True,True,False,True,0,2302,0,negative,,,0.015936195186039018,0.90000000000000002,E1_RF,20260922,True,nested,"[""PN00-1.edf"", ""PN00-4.edf"", ""PN00-5.edf""]"
PN00,PN00-2.edf,2300,2290,2300,2240,2300,True,True,False,True,0,2302,0,negative,,,0.011442077538980194,0.90000000000000002,E1_RF,20260922,True,nested,"[""PN00-1.edf"", ""PN00-4.edf"", ""PN00-5.edf""]"
PN00,PN00-4.edf,10,0,10,,10,True,False,False,True,0,2102,0,negative,,,0.034380768294732182,0.84999999999999998,E1_RF,20260922,True,nested,"[""PN00-1.edf"", ""PN00-2.edf"", ""PN00-5.edf""]"
PN00,PN00-4.edf,15,5,15,,15,True,False,False,True,0,2102,0,negative,,,0.035493073575506781,0.84999999999999998,E1_RF,20260922,True,nested,"[""PN00-1.edf"", ""PN00-2.edf"", ""PN00-5.edf""]"
PN00,PN00-4.edf,20,10,20,,20,True,False,False,True,0,2102,0,negative,,,0.094736207117069468,0.84999999999999998,E1_RF,20260922,True,nested,"[""PN00-1.edf"", ""PN00-2.edf"", ""PN00-5.edf""]"
PN00,PN00-4.edf,25,15,25,,25,True,False,False,True,0,2102,0,negative,,,0.008012535612535612,0.84999999999999998,E1_RF,20260922,True,nested,"[""PN00-1.edf"", ""PN00-2.edf"", ""PN00-5.edf""]"
PN00,PN00-4.edf,30,20,30,,30,True,False,False,True,0,2102,0,negative,,,0.036530156984017202,0.84999999999999998,E1_RF,20260922,True,nested,"[""PN00-1.edf"", ""PN00-2.edf"", ""PN00-5.edf""]"
PN00,PN00-4.edf,35,25,35,,35,True,False,False,True,0,2102,0,negative,,,0.24221748538612731,0.84999999999999998,E1_RF,20260922,True,nested,"[""PN00-1.edf"", ""PN00-2.edf"", ""PN00-5.edf""]"
PN00,PN00-4.edf,40,30,40,,40,True,False,False,True,0,2102,0,negative,,,0.60231648000364535,0.84999999999999998,E1_RF,20260922,True,nested,"[""PN00-1.edf"", ""PN00-2.edf"", ""PN00-5.edf""]"
PN00,PN00-4.edf,45,35,45,,45,True,False,False,True,0,2102,0,negative,,,0.31338310710386486,0.84999999999999998,E1_RF,20260922,True,nested,"[""PN00-1.edf"", ""PN00-2.edf"", ""PN00-5.edf""]"
PN00,PN00-4.edf,50,40,50,,50,True,False,False,True,0,2102,0,negative,,,0.18438498260258565,0.84999999999999998,E1_RF,20260922,True,nested,"[""PN00-1.edf"", ""PN00-2.edf"", ""PN00-5.edf""]"
PN00,PN00-4.edf,55,45,55,,55,True,False,False,True,0,2102,0,negative,,,0.099750723720836654,0.84999999999999998,E1_RF,20260922,True,nested,"[""PN00-1.edf"", ""PN00-2.edf"", ""PN00-5.edf""]"
PN00,PN00-4.edf,60,50,60,0,60,True,True,False,True,0,2102,0,negative,,,0.081147788828828712,0.84999999999999998,E1_RF,20260922,True,nested,"[""PN00-1.edf"", ""PN00-2.edf"", ""PN00-5.edf""]"
PN00,PN00-4.edf,65,55,65,5,65,True,True,False,True,0,2102,0,negative,,,0.24254380286903696,0.84999999999999998,E1_RF,20260922,True,nested,"[""PN00-1.edf"", ""PN00-2.edf"", ""PN00-5.edf""]"
PN00,PN00-4.edf,70,60,70,10,70,True,True,False,True,0,2102,0,negative,,,0.23871935823587032,0.84999999999999998,E1_RF,20260922,True,nested,"[""PN00-1.edf"", ""PN00-2.edf"", ""PN00-5.edf""]"
PN00,PN00-4.edf,75,65,75,15,75,True,True,False,True,0,2102,0,negative,,,0.42098339464675305,0.84999999999999998,E1_RF,20260922,True,nested,"[""PN00-1.edf"", ""PN00-2.edf"", ""PN00-5.edf""]"
PN00,PN00-4.edf,80,70,80,20,80,True,True,False,True,0,2102,0,negative,,,0.25810172895332573,0.84999999999999998,E1_RF,20260922,True,nested,"[""PN00-1.edf"", ""PN00-2.edf"", ""PN00-5.edf""]"
PN00,PN00-4.edf,85,75,85,25,85,True,True,False,True,0,2102,0,negative,,,0.13986218422792099,0.84999999999999998,E1_RF,20260922,True,nested,"[""PN00-1.edf"", ""PN00-2.edf"", ""PN00-5.edf""]"
PN00,PN00-4.edf,90,80,90,30,90,True,True,False,True,0,2102,0,negative,,,0.078839936519102177,0.84999999999999998,E1_RF,20260922,True,nested,"[""PN00-1.edf"", ""PN00-2.edf"", ""PN00-5.edf""]"
PN00,PN00-4.edf,95,85,95,35,95,True,True,False,True,0,2102,0,negative,,,0.10775543945616092,0.84999999999999998,E1_RF,20260922,True,nested,"[""PN00-1.edf"", ""PN00-2.edf"", ""PN00-5.edf""]"
PN00,PN00-4.edf,100,90,100,40,100,True,True,False,True,0,2102,0,negative,,,0.16335608393739937,0.84999999999999998,E1_RF,20260922,True,nested,"[""PN00-1.edf"", ""PN00-2.edf"", ""PN00-5.edf""]"
PN00,PN00-4.edf,105,95,105,45,105,True,True,False,True,0,2102,0,negative,,,0.17409888905858203,0.84999999999999998,E1_RF,20260922,True,nested,"[""PN00-1.edf"", ""PN00-2.edf"", ""PN00-5.edf""]"
PN00,PN00-4.edf,110,100,110,50,110,True,True,False,True,0,2102,0,negative,,,0.30937996199926066,0.84999999999999998,E1_RF,20260922,True,nested,"[""PN00-1.edf"", ""PN00-2.edf"", ""PN00-5.edf""]"
PN00,PN00-4.edf,115,105,115,55,115,True,True,False,True,0,2102,0,negative,,,0.28096368980210573,0.84999999999999998,E1_RF,20260922,True,nested,"[""PN00-1.edf"", ""PN00-2.edf"", ""PN00-5.edf""]"
PN00,PN00-4.edf,120,110,120,60,120,True,True,False,True,0,2102,0,negative,,,0.067290045924008959,0.84999999999999998,E1_RF,20260922,True,nested,"[""PN00-1.edf"", ""PN00-2.edf"", ""PN00-5.edf""]"
PN00,PN00-4.edf,125,115,125,65,125,True,True,False,True,0,2102,0,negative,,,0.26885078702415377,0.84999999999999998,E1_RF,20260922,True,nested,"[""PN00-1.edf"", ""PN00-2.edf"", ""PN00-5.edf""]"
PN00,PN00-4.edf,130,120,130,70,130,True,True,False,True,0,2102,0,negative,,,0.18034048996430671,0.84999999999999998,E1_RF,20260922,True,nested,"[""PN00-1.edf"", ""PN00-2.edf"", ""PN00-5.edf""]"
PN00,PN00-4.edf,135,125,135,75,135,True,True,False,True,0,2102,0,negative,,,0.072456378392167189,0.84999999999999998,E1_RF,20260922,True,nested,"[""PN00-1.edf"", ""PN00-2.edf"", ""PN00-5.edf""]"
PN00,PN00-4.edf,140,130,140,80,140,True,True,False,True,0,2102,0,negative,,,0.040220394824633091,0.84999999999999998,E1_RF,20260922,True,nested,"[""PN00-1.edf"", ""PN00-2.edf"", ""PN00-5.edf""]"
PN00,PN00-4.edf,145,135,145,85,145,True,True,False,True,0,2102,0,negative,,,0.051833641655085763,0.84999999999999998,E1_RF,20260922,True,nested,"[""PN00-1.edf"", ""PN00-2.edf"", ""PN00-5.edf""]"
PN00,PN00-4.edf,150,140,150,90,150,True,True,False,True,0,2102,0,negative,,,0.023240176232436294,0.84999999999999998,E1_RF,20260922,True,nested,"[""PN00-1.edf"", ""PN00-2.edf"", ""PN00-5.edf""]"
PN00,PN00-4.edf,155,145,155,95,155,True,True,False,True,0,2102,0,negative,,,0.088028271195605523,0.84999999999999998,E1_RF,20260922,True,nested,"[""PN00-1.edf"", ""PN00-2.edf"", ""PN00-5.edf""]"
PN00,PN00-4.edf,160,150,160,100,160,True,True,False,True,0,2102,0,negative,,,0.067749452507621266,0.84999999999999998,E1_RF,20260922,True,nested,"[""PN00-1.edf"", ""PN00-2.edf"", ""PN00-5.edf""]"
PN00,PN00-4.edf,165,155,165,105,165,True,True,False,True,0,2102,0,negative,,,0.13237510562535218,0.84999999999999998,E1_RF,20260922,True,nested,"[""PN00-1.edf"", ""PN00-2.edf"", ""PN00-5.edf""]"
PN00,PN00-4.edf,170,160,170,110,170,True,True,False,True,0,2102,0,negative,,,0.065415913258794228,0.84999999999999998,E1_RF,20260922,True,nested,"[""PN00-1.edf"", ""PN00-2.edf"", ""PN00-5.edf""]"
PN00,PN00-4.edf,175,165,175,115,175,True,True,False,True,0,2102,0,negative,,,0.097077407666262383,0.84999999999999998,E1_RF,20260922,True,nested,"[""PN00-1.edf"", ""PN00-2.edf"", ""PN00-5.edf""]"
PN00,PN00-4.edf,180,170,180,120,180,True,True,False,True,0,2102,0,negative,,,0.079407953947272847,0.84999999999999998,E1_RF,20260922,True,nested,"[""PN00-1.edf"", ""PN00-2.edf"", ""PN00-5.edf""]"
PN00,PN00-4.edf,185,175,185,125,185,True,True,False,True,0,2102,0,negative,,,0.038964687948108832,0.84999999999999998,E1_RF,20260922,True,nested,"[""PN00-1.edf"", ""PN00-2.edf"", ""PN00-5.edf""]"
PN00,PN00-4.edf,190,180,190,130,190,True,True,False,True,0,2102,0,negative,,,0.034866629356328553,0.84999999999999998,E1_RF,20260922,True,nested,"[""PN00-1.edf"", ""PN00-2.edf"", ""PN00-5.edf""]"
PN00,PN00-4.edf,195,185,195,135,195,True,True,False,True,0,2102,0,negative,,,0.035331846328169852,0.84999999999999998,E1_RF,20260922,True,nested,"[""PN00-1.edf"", ""PN00-2.edf"", ""PN00-5.edf""]"
PN00,PN00-4.edf,200,190,200,140,200,True,True,False,True,0,2102,0,negative,,,0.058489062751586759,0.84999999999999998,E1_RF,20260922,True,nested,"[""PN00-1.edf"", ""PN00-2.edf"", ""PN00-5.edf""]"
PN00,PN00-4.edf,205,195,205,145,205,True,True,False,True,0,2102,0,negative,,,0.059625027247309864,0.84999999999999998,E1_RF,20260922,True,nested,"[""PN00-1.edf"", ""PN00-2.edf"", ""PN00-5.edf""]"
PN00,PN00-4.edf,210,200,210,150,210,True,True,False,True,0,2102,0,negative,,,0.16779747531176409,0.84999999999999998,E1_RF,20260922,True,nested,"[""PN00-1.edf"", ""PN00-2.edf"", ""PN00-5.edf""]"
PN00,PN00-4.edf,215,205,215,155,215,True,True,False,True,0,2102,0,negative,,,0.24530379058586027,0.84999999999999998,E1_RF,20260922,True,nested,"[""PN00-1.edf"", ""PN00-2.edf"", ""PN00-5.edf""]"
PN00,PN00-4.edf,220,210,220,160,220,True,True,False,True,0,2102,0,negative,,,0.28850444999094821,0.84999999999999998,E1_RF,20260922,True,nested,"[""PN00-1.edf"", ""PN00-2.edf"", ""PN00-5.edf""]"
PN00,PN00-4.edf,225,215,225,165,225,True,True,False,True,0,2102,0,negative,,,0.0082222222222222228,0.84999999999999998,E1_RF,20260922,True,nested,"[""PN00-1.edf"", ""PN00-2.edf"", ""PN00-5.edf""]"
PN00,PN00-4.edf,230,220,230,170,230,True,True,False,True,0,2102,0,negative,,,0.078421593555978497,0.84999999999999998,E1_RF,20260922,True,nested,"[""PN00-1.edf"", ""PN00-2.edf"", ""PN00-5.edf""]"
PN00,PN00-4.edf,235,225,235,175,235,True,True,False,True,0,2102,0,negative,,,0.13112164040201796,0.84999999999999998,E1_RF,20260922,True,nested,"[""PN00-1.edf"", ""PN00-2.edf"", ""PN00-5.edf""]"
PN00,PN00-4.edf,240,230,240,180,240,True,True,False,True,0,2102,0,negative,,,0.10977768013515023,0.84999999999999998,E1_RF,20260922,True,nested,"[""PN00-1.edf"", ""PN00-2.edf"", ""PN00-5.edf""]"
PN00,PN00-4.edf,245,235,245,185,245,True,True,False,True,0,2102,0,negative,,,0.045340643837192274,0.84999999999999998,E1_RF,20260922,True,nested,"[""PN00-1.edf"", ""PN00-2.edf"", ""PN00-5.edf""]"
PN00,PN00-4.edf,250,240,250,190,250,True,True,False,True,0,2102,0,negative,,,0.041323331699046797,0.84999999999999998,E1_RF,20260922,True,nested,"[""PN00-1.edf"", ""PN00-2.edf"", ""PN00-5.edf""]"
PN00,PN00-4.edf,255,245,255,195,255,True,True,False,True,0,2102,0,negative,,,0.10727968739781019,0.84999999999999998,E1_RF,20260922,True,nested,"[""PN00-1.edf"", ""PN00-2.edf"", ""PN00-5.edf""]"
PN00,PN00-4.edf,260,250,260,200,260,True,True,False,True,0,2102,0,negative,,,0.023477666958645223,0.84999999999999998,E1_RF,20260922,True,nested,"[""PN00-1.edf"", ""PN00-2.edf"", ""PN00-5.edf""]"
PN00,PN00-4.edf,265,255,265,205,265,True,True,False,True,0,2102,0,negative,,,0.098236234196657057,0.84999999999999998,E1_RF,20260922,True,nested,"[""PN00-1.edf"", ""PN00-2.edf"", ""PN00-5.edf""]"
PN00,PN00-4.edf,270,260,270,210,270,True,True,False,True,0,2102,0,negative,,,0.091563526045279009,0.84999999999999998,E1_RF,20260922,True,nested,"[""PN00-1.edf"", ""PN00-2.edf"", ""PN00-5.edf""]"
PN00,PN00-4.edf,275,265,275,215,275,True,True,False,True,0,2102,0,negative,,,0.11026269420379532,0.84999999999999998,E1_RF,20260922,True,nested,"[""PN00-1.edf"", ""PN00-2.edf"", ""PN00-5.edf""]"
PN00,PN00-4.edf,280,270,280,220,280,True,True,False,True,0,2102,0,negative,,,0.057931728666989882,0.84999999999999998,E1_RF,20260922,True,nested,"[""PN00-1.edf"", ""PN00-2.edf"", ""PN00-5.edf""]"
PN00,PN00-4.edf,285,275,285,225,285,True,True,False,True,0,2102,0,negative,,,0.070976668396446452,0.84999999999999998,E1_RF,20260922,True,nested,"[""PN00-1.edf"", ""PN00-2.edf"", ""PN00-5.edf""]"
PN00,PN00-4.edf,290,280,290,230,290,True,True,False,True,0,2102,0,negative,,,0.12305161874003297,0.84999999999999998,E1_RF,20260922,True,nested,"[""PN00-1.edf"", ""PN00-2.edf"", ""PN00-5.edf""]"
PN00,PN00-4.edf,295,285,295,235,295,True,True,False,True,0,2102,0,negative,,,0.14225803521394362,0.84999999999999998,E1_RF,20260922,True,nested,"[""PN00-1.edf"", ""PN00-2.edf"", ""PN00-5.edf""]"
PN00,PN00-4.edf,300,290,300,240,300,True,True,False,True,0,2102,0,negative,,,0.16198017198971157,0.84999999999999998,E1_RF,20260922,True,nested,"[""PN00-1.edf"", ""PN00-2.edf"", ""PN00-5.edf""]"
PN00,PN00-4.edf,305,295,305,245,305,True,True,False,True,0,2102,0,negative,,,0.08901007123612871,0.84999999999999998,E1_RF,20260922,True,nested,"[""PN00-1.edf"", ""PN00-2.edf"", ""PN00-5.edf""]"
PN00,PN00-4.edf,310,300,310,250,310,True,True,False,True,0,2102,0,negative,,,0.055618476066486539,0.84999999999999998,E1_RF,20260922,True,nested,"[""PN00-1.edf"", ""PN00-2.edf"", ""PN00-5.edf""]"
PN00,PN00-4.edf,315,305,315,255,315,True,True,False,True,0,2102,0,negative,,,0.052141439386833563,0.84999999999999998,E1_RF,20260922,True,nested,"[""PN00-1.edf"", ""PN00-2.edf"", ""PN00-5.edf""]"
PN00,PN00-4.edf,320,310,320,260,320,True,True,False,True,0,2102,0,negative,,,0.1390286453953381,0.84999999999999998,E1_RF,20260922,True,nested,"[""PN00-1.edf"", ""PN00-2.edf"", ""PN00-5.edf""]"
PN00,PN00-4.edf,325,315,325,265,325,True,True,False,True,0,2102,0,negative,,,0.12794627544789355,0.84999999999999998,E1_RF,20260922,True,nested,"[""PN00-1.edf"", ""PN00-2.edf"", ""PN00-5.edf""]"
PN00,PN00-4.edf,330,320,330,270,330,True,True,False,True,0,2102,0,negative,,,0.058548610823229076,0.84999999999999998,E1_RF,20260922,True,nested,"[""PN00-1.edf"", ""PN00-2.edf"", ""PN00-5.edf""]"
PN00,PN00-4.edf,335,325,335,275,335,True,True,False,True,0,2102,0,negative,,,0.14323242951050005,0.84999999999999998,E1_RF,20260922,True,nested,"[""PN00-1.edf"", ""PN00-2.edf"", ""PN00-5.edf""]"
PN00,PN00-4.edf,340,330,340,280,340,True,True,False,True,0,2102,0,negative,,,0.20646428255532795,0.84999999999999998,E1_RF,20260922,True,nested,"[""PN00-1.edf"", ""PN00-2.edf"", ""PN00-5.edf""]"
PN00,PN00-4.edf,345,335,345,285,345,True,True,False,True,0,2102,0,negative,,,0.14194015764296428,0.84999999999999998,E1_RF,20260922,True,nested,"[""PN00-1.edf"", ""PN00-2.edf"", ""PN00-5.edf""]"
PN00,PN00-4.edf,350,340,350,290,350,True,True,False,True,0,2102,0,negative,,,0.063706805478998915,0.84999999999999998,E1_RF,20260922,True,nested,"[""PN00-1.edf"", ""PN00-2.edf"", ""PN00-5.edf""]"
PN00,PN00-4.edf,355,345,355,295,355,True,True,False,True,0,2102,0,negative,,,0.023911203008519476,0.84999999999999998,E1_RF,20260922,True,nested,"[""PN00-1.edf"", ""PN00-2.edf"", ""PN00-5.edf""]"
PN00,PN00-4.edf,360,350,360,300,360,True,True,False,True,0,2102,0,negative,,,0.01302861044670171,0.84999999999999998,E1_RF,20260922,True,nested,"[""PN00-1.edf"", ""PN00-2.edf"", ""PN00-5.edf""]"
PN00,PN00-4.edf,365,355,365,305,365,True,True,False,True,0,2102,0,negative,,,0.056450010393408509,0.84999999999999998,E1_RF,20260922,True,nested,"[""PN00-1.edf"", ""PN00-2.edf"", ""PN00-5.edf""]"
PN00,PN00-4.edf,370,360,370,310,370,True,True,False,True,0,2102,0,negative,,,0.23706691319606341,0.84999999999999998,E1_RF,20260922,True,nested,"[""PN00-1.edf"", ""PN00-2.edf"", ""PN00-5.edf""]"
PN00,PN00-4.edf,375,365,375,315,375,True,True,False,True,0,2102,0,negative,,,0.25271776213901359,0.84999999999999998,E1_RF,20260922,True,nested,"[""PN00-1.edf"", ""PN00-2.edf"", ""PN00-5.edf""]"
PN00,PN00-4.edf,380,370,380,320,380,True,True,False,True,0,2102,0,negative,,,0.31046173271081229,0.84999999999999998,E1_RF,20260922,True,nested,"[""PN00-1.edf"", ""PN00-2.edf"", ""PN00-5.edf""]"
PN00,PN00-4.edf,385,375,385,325,385,True,True,False,True,0,2102,0,negative,,,0.29663021687001573,0.84999999999999998,E1_RF,20260922,True,nested,"[""PN00-1.edf"", ""PN00-2.edf"", ""PN00-5.edf""]"
PN00,PN00-4.edf,390,380,390,330,390,True,True,False,True,0,2102,0,negative,,,0.31423758209308239,0.84999999999999998,E1_RF,20260922,True,nested,"[""PN00-1.edf"", ""PN00-2.edf"", ""PN00-5.edf""]"
PN00,PN00-4.edf,395,385,395,335,395,True,True,False,True,0,2102,0,negative,,,0.13675060558933744,0.84999999999999998,E1_RF,20260922,True,nested,"[""PN00-1.edf"", ""PN00-2.edf"", ""PN00-5.edf""]"
PN00,PN00-4.edf,400,390,400,340,400,True,True,False,True,0,2102,0,negative,,,0.07612736598238877,0.84999999999999998,E1_RF,20260922,True,nested,"[""PN00-1.edf"", ""PN00-2.edf"", ""PN00-5.edf""]"
PN00,PN00-4.edf,405,395,405,345,405,True,True,False,True,0,2102,0,negative,,,0.081034090857349861,0.84999999999999998,E1_RF,20260922,True,nested,"[""PN00-1.edf"", ""PN00-2.edf"", ""PN00-5.edf""]"
PN00,PN00-4.edf,410,400,410,350,410,True,True,False,True,0,2102,0,negative,,,0.093673846920573359,0.84999999999999998,E1_RF,20260922,True,nested,"[""PN00-1.edf"", ""PN00-2.edf"", ""PN00-5.edf""]"
PN00,PN00-4.edf,415,405,415,355,415,True,True,False,True,0,2102,0,negative,,,0.14586749144897052,0.84999999999999998,E1_RF,20260922,True,nested,"[""PN00-1.edf"", ""PN00-2.edf"", ""PN00-5.edf""]"
PN00,PN00-4.edf,420,410,420,360,420,True,True,False,True,0,2102,0,negative,,,0.090170520750311886,0.84999999999999998,E1_RF,20260922,True,nested,"[""PN00-1.edf"", ""PN00-2.edf"", ""PN00-5.edf""]"
PN00,PN00-4.edf,425,415,425,365,425,True,True,False,True,0,2102,0,negative,,,0.027973190047803052,0.84999999999999998,E1_RF,20260922,True,nested,"[""PN00-1.edf"", ""PN00-2.edf"", ""PN00-5.edf""]"
PN00,PN00-4.edf,430,420,430,370,430,True,True,False,True,0,2102,0,negative,,,0.022519287033605919,0.84999999999999998,E1_RF,20260922,True,nested,"[""PN00-1.edf"", ""PN00-2.edf"", ""PN00-5.edf""]"
PN00,PN00-4.edf,435,425,435,375,435,True,True,False,True,0,2102,0,negative,,,0.092323354778350228,0.84999999999999998,E1_RF,20260922,True,nested,"[""PN00-1.edf"", ""PN00-2.edf"", ""PN00-5.edf""]"
PN00,PN00-4.edf,440,430,440,380,440,True,True,False,True,0,2102,0,negative,,,0.052466475455953628,0.84999999999999998,E1_RF,20260922,True,nested,"[""PN00-1.edf"", ""PN00-2.edf"", ""PN00-5.edf""]"
PN00,PN00-4.edf,445,435,445,385,445,True,True,False,True,0,2102,0,negative,,,0.018687875533850765,0.84999999999999998,E1_RF,20260922,True,nested,"[""PN00-1.edf"", ""PN00-2.edf"", ""PN00-5.edf""]"
PN00,PN00-4.edf,450,440,450,390,450,True,True,False,True,0,2102,0,negative,,,0.056815178858522518,0.84999999999999998,E1_RF,20260922,True,nested,"[""PN00-1.edf"", ""PN00-2.edf"", ""PN00-5.edf""]"
PN00,PN00-4.edf,455,445,455,395,455,True,True,False,True,0,2102,0,negative,,,0.12208673237083806,0.84999999999999998,E1_RF,20260922,True,nested,"[""PN00-1.edf"", ""PN00-2.edf"", ""PN00-5.edf""]"
PN00,PN00-4.edf,460,450,460,400,460,True,True,False,True,0,2102,0,negative,,,0.13912019052767477,0.84999999999999998,E1_RF,20260922,True,nested,"[""PN00-1.edf"", ""PN00-2.edf"", ""PN00-5.edf""]"
PN00,PN00-4.edf,465,455,465,405,465,True,True,False,True,0,2102,0,negative,,,0.14063512886532761,0.84999999999999998,E1_RF,20260922,True,nested,"[""PN00-1.edf"", ""PN00-2.edf"", ""PN00-5.edf""]"
PN00,PN00-4.edf,470,460,470,410,470,True,True,False,True,0,2102,0,negative,,,0.13686216737692841,0.84999999999999998,E1_RF,20260922,True,nested,"[""PN00-1.edf"", ""PN00-2.edf"", ""PN00-5.edf""]"
PN00,PN00-4.edf,475,465,475,415,475,True,True,False,True,0,2102,0,negative,,,0.024179928186507132,0.84999999999999998,E1_RF,20260922,True,nested,"[""PN00-1.edf"", ""PN00-2.edf"", ""PN00-5.edf""]"
PN00,PN00-4.edf,480,470,480,420,480,True,True,False,True,0,2102,0,negative,,,0.013346629662419136,0.84999999999999998,E1_RF,20260922,True,nested,"[""PN00-1.edf"", ""PN00-2.edf"", ""PN00-5.edf""]"
PN00,PN00-4.edf,485,475,485,425,485,True,True,False,True,0,2102,0,negative,,,0.013346629662419136,0.84999999999999998,E1_RF,20260922,True,nested,"[""PN00-1.edf"", ""PN00-2.edf"", ""PN00-5.edf""]"
PN00,PN00-4.edf,490,480,490,430,490,True,True,False,True,0,2102,0,negative,,,0.007226927661710271,0.84999999999999998,E1_RF,20260922,True,nested,"[""PN00-1.edf"", ""PN00-2.edf"", ""PN00-5.edf""]"
PN00,PN00-4.edf,495,485,495,435,495,True,True,False,True,0,2102,0,negative,,,0.0069702032859927602,0.84999999999999998,E1_RF,20260922,True,nested,"[""PN00-1.edf"", ""PN00-2.edf"", ""PN00-5.edf""]"
PN00,PN00-4.edf,500,490,500,440,500,True,True,False,True,0,2102,0,negative,,,0.010715050715050713,0.84999999999999998,E1_RF,20260922,True,nested,"[""PN00-1.edf"", ""PN00-2.edf"", ""PN00-5.edf""]"
PN00,PN00-4.edf,505,495,505,445,505,True,True,False,True,0,2102,0,negative,,,0.10182902428997208,0.84999999999999998,E1_RF,20260922,True,nested,"[""PN00-1.edf"", ""PN00-2.edf"", ""PN00-5.edf""]"
PN00,PN00-4.edf,510,500,510,450,510,True,True,False,True,0,2102,0,negative,,,0.16022167509314877,0.84999999999999998,E1_RF,20260922,True,nested,"[""PN00-1.edf"", ""PN00-2.edf"", ""PN00-5.edf""]"
PN00,PN00-4.edf,515,505,515,455,515,True,True,False,True,0,2102,0,negative,,,0.098537596514848641,0.84999999999999998,E1_RF,20260922,True,nested,"[""PN00-1.edf"", ""PN00-2.edf"", ""PN00-5.edf""]"
PN00,PN00-4.edf,520,510,520,460,520,True,True,False,True,0,2102,0,negative,,,0.025955830161696496,0.84999999999999998,E1_RF,20260922,True,nested,"[""PN00-1.edf"", ""PN00-2.edf"", ""PN00-5.edf""]"
PN00,PN00-4.edf,525,515,525,465,525,True,True,False,True,0,2102,0,negative,,,0.0048834498834498833,0.84999999999999998,E1_RF,20260922,True,nested,"[""PN00-1.edf"", ""PN00-2.edf"", ""PN00-5.edf""]"
PN00,PN00-4.edf,530,520,530,470,530,True,True,False,True,0,2102,0,negative,,,0,0.84999999999999998,E1_RF,20260922,True,nested,"[""PN00-1.edf"", ""PN00-2.edf"", ""PN00-5.edf""]"
PN00,PN00-4.edf,535,525,535,475,535,True,True,False,True,0,2102,0,negative,,,0.031442672748596696,0.84999999999999998,E1_RF,20260922,True,nested,"[""PN00-1.edf"", ""PN00-2.edf"", ""PN00-5.edf""]"
PN00,PN00-4.edf,540,530,540,480,540,True,True,False,True,0,2102,0,negative,,,0.0020833333333333333,0.84999999999999998,E1_RF,20260922,True,nested,"[""PN00-1.edf"", ""PN00-2.edf"", ""PN00-5.edf""]"
PN00,PN00-4.edf,545,535,545,485,545,True,True,False,True,0,2102,0,negative,,,0.080888897761901279,0.84999999999999998,E1_RF,20260922,True,nested,"[""PN00-1.edf"", ""PN00-2.edf"", ""PN00-5.edf""]"
PN00,PN00-4.edf,550,540,550,490,550,True,True,False,True,0,2102,0,negative,,,0.010715050715050713,0.84999999999999998,E1_RF,20260922,True,nested,"[""PN00-1.edf"", ""PN00-2.edf"", ""PN00-5.edf""]"
PN00,PN00-4.edf,555,545,555,495,555,True,True,False,True,0,2102,0,negative,,,0.015298384048384047,0.84999999999999998,E1_RF,20260922,True,nested,"[""PN00-1.edf"", ""PN00-2.edf"", ""PN00-5.edf""]"
PN00,PN00-4.edf,560,550,560,500,560,True,True,False,True,0,2102,0,negative,,,0.0025925925925925925,0.84999999999999998,E1_RF,20260922,True,nested,"[""PN00-1.edf"", ""PN00-2.edf"", ""PN00-5.edf""]"
PN00,PN00-4.edf,565,555,565,505,565,True,True,False,True,0,2102,0,negative,,,0.035693894858925081,0.84999999999999998,E1_RF,20260922,True,nested,"[""PN00-1.edf"", ""PN00-2.edf"", ""PN00-5.edf""]"
PN00,PN00-4.edf,570,560,570,510,570,True,True,False,True,0,2102,0,negative,,,0.084475357495362169,0.84999999999999998,E1_RF,20260922,True,nested,"[""PN00-1.edf"", ""PN00-2.edf"", ""PN00-5.edf""]"
PN00,PN00-4.edf,575,565,575,515,575,True,True,False,True,0,2102,0,negative,,,0.14805527837614391,0.84999999999999998,E1_RF,20260922,True,nested,"[""PN00-1.edf"", ""PN00-2.edf"", ""PN00-5.edf""]"
PN00,PN00-4.edf,580,570,580,520,580,True,True,False,True,0,2102,0,negative,,,0.1618926692152908,0.84999999999999998,E1_RF,20260922,True,nested,"[""PN00-1.edf"", ""PN00-2.edf"", ""PN00-5.edf""]"
PN00,PN00-4.edf,585,575,585,525,585,True,True,False,True,0,2102,0,negative,,,0.081755643634343955,0.84999999999999998,E1_RF,20260922,True,nested,"[""PN00-1.edf"", ""PN00-2.edf"", ""PN00-5.edf""]"
PN00,PN00-4.edf,590,580,590,530,590,True,True,False,True,0,2102,0,negative,,,0.012881717381717381,0.84999999999999998,E1_RF,20260922,True,nested,"[""PN00-1.edf"", ""PN00-2.edf"", ""PN00-5.edf""]"
PN00,PN00-4.edf,595,585,595,535,595,True,True,False,True,0,2102,0,negative,,,0.0021666666666666666,0.84999999999999998,E1_RF,20260922,True,nested,"[""PN00-1.edf"", ""PN00-2.edf"", ""PN00-5.edf""]"
PN00,PN00-4.edf,600,590,600,540,600,True,True,False,True,0,2102,0,negative,,,0.0092263986013986013,0.84999999999999998,E1_RF,20260922,True,nested,"[""PN00-1.edf"", ""PN00-2.edf"", ""PN00-5.edf""]"
PN00,PN00-4.edf,605,595,605,545,605,True,True,False,True,0,2102,0,negative,,,0.026642485024211925,0.84999999999999998,E1_RF,20260922,True,nested,"[""PN00-1.edf"", ""PN00-2.edf"", ""PN00-5.edf""]"
PN00,PN00-4.edf,610,600,610,550,610,True,True,False,True,0,2102,0,negative,,,0.018710752016942143,0.84999999999999998,E1_RF,20260922,True,nested,"[""PN00-1.edf"", ""PN00-2.edf"", ""PN00-5.edf""]"
PN00,PN00-4.edf,615,605,615,555,615,True,True,False,True,0,2102,0,negative,,,0.0065829882677708763,0.84999999999999998,E1_RF,20260922,True,nested,"[""PN00-1.edf"", ""PN00-2.edf"", ""PN00-5.edf""]"
PN00,PN00-4.edf,620,610,620,560,620,True,True,False,True,0,2102,0,negative,,,0.016590770120064924,0.84999999999999998,E1_RF,20260922,True,nested,"[""PN00-1.edf"", ""PN00-2.edf"", ""PN00-5.edf""]"
PN00,PN00-4.edf,625,615,625,565,625,True,True,False,True,0,2102,0,negative,,,0,0.84999999999999998,E1_RF,20260922,True,nested,"[""PN00-1.edf"", ""PN00-2.edf"", ""PN00-5.edf""]"
PN00,PN00-4.edf,630,620,630,570,630,True,True,False,True,0,2102,0,negative,,,0.091337979419298498,0.84999999999999998,E1_RF,20260922,True,nested,"[""PN00-1.edf"", ""PN00-2.edf"", ""PN00-5.edf""]"
PN00,PN00-4.edf,635,625,635,575,635,True,True,False,True,0,2102,0,negative,,,0.067865740031227501,0.84999999999999998,E1_RF,20260922,True,nested,"[""PN00-1.edf"", ""PN00-2.edf"", ""PN00-5.edf""]"
PN00,PN00-4.edf,640,630,640,580,640,True,True,False,True,0,2102,0,negative,,,0.11586312151520001,0.84999999999999998,E1_RF,20260922,True,nested,"[""PN00-1.edf"", ""PN00-2.edf"", ""PN00-5.edf""]"
PN00,PN00-4.edf,645,635,645,585,645,True,True,False,True,0,2102,0,negative,,,0.09853860344127871,0.84999999999999998,E1_RF,20260922,True,nested,"[""PN00-1.edf"", ""PN00-2.edf"", ""PN00-5.edf""]"
PN00,PN00-4.edf,650,640,650,590,650,True,True,False,True,0,2102,0,negative,,,0.030139430687106561,0.84999999999999998,E1_RF,20260922,True,nested,"[""PN00-1.edf"", ""PN00-2.edf"", ""PN00-5.edf""]"
PN00,PN00-4.edf,655,645,655,595,655,True,True,False,True,0,2102,0,negative,,,0.036745908277510286,0.84999999999999998,E1_RF,20260922,True,nested,"[""PN00-1.edf"", ""PN00-2.edf"", ""PN00-5.edf""]"
PN00,PN00-4.edf,660,650,660,600,660,True,True,False,True,0,2102,0,negative,,,0.01144141969141969,0.84999999999999998,E1_RF,20260922,True,nested,"[""PN00-1.edf"", ""PN00-2.edf"", ""PN00-5.edf""]"
PN00,PN00-4.edf,665,655,665,605,665,True,True,False,True,0,2102,0,negative,,,0.15946853553607523,0.84999999999999998,E1_RF,20260922,True,nested,"[""PN00-1.edf"", ""PN00-2.edf"", ""PN00-5.edf""]"
PN00,PN00-4.edf,670,660,670,610,670,True,True,False,True,0,2102,0,negative,,,0.12375678194152485,0.84999999999999998,E1_RF,20260922,True,nested,"[""PN00-1.edf"", ""PN00-2.edf"", ""PN00-5.edf""]"
PN00,PN00-4.edf,675,665,675,615,675,True,True,False,True,0,2102,0,negative,,,0.01315602453102453,0.84999999999999998,E1_RF,20260922,True,nested,"[""PN00-1.edf"", ""PN00-2.edf"", ""PN00-5.edf""]"
PN00,PN00-4.edf,680,670,680,620,680,True,True,False,True,0,2102,0,negative,,,0.0075892857142857151,0.84999999999999998,E1_RF,20260922,True,nested,"[""PN00-1.edf"", ""PN00-2.edf"", ""PN00-5.edf""]"
PN00,PN00-4.edf,685,675,685,625,685,True,True,False,True,0,2102,0,negative,,,0.018550341477540668,0.84999999999999998,E1_RF,20260922,True,nested,"[""PN00-1.edf"", ""PN00-2.edf"", ""PN00-5.edf""]"
PN00,PN00-4.edf,690,680,690,630,690,True,True,False,True,0,2102,0,negative,,,0.011470767794297206,0.84999999999999998,E1_RF,20260922,True,nested,"[""PN00-1.edf"", ""PN00-2.edf"", ""PN00-5.edf""]"
PN00,PN00-4.edf,695,685,695,635,695,True,True,False,True,0,2102,0,negative,,,0.016527377240625876,0.84999999999999998,E1_RF,20260922,True,nested,"[""PN00-1.edf"", ""PN00-2.edf"", ""PN00-5.edf""]"
PN00,PN00-4.edf,700,690,700,640,700,True,True,False,True,0,2102,0,negative,,,0.094867497344467741,0.84999999999999998,E1_RF,20260922,True,nested,"[""PN00-1.edf"", ""PN00-2.edf"", ""PN00-5.edf""]"
PN00,PN00-4.edf,705,695,705,645,705,True,True,False,True,0,2102,0,negative,,,0.093619247574187547,0.84999999999999998,E1_RF,20260922,True,nested,"[""PN00-1.edf"", ""PN00-2.edf"", ""PN00-5.edf""]"
PN00,PN00-4.edf,710,700,710,650,710,True,True,False,False,0,2102,-1,ignore,,,0.052687567594969259,0.84999999999999998,E1_RF,20260922,True,nested,"[""PN00-1.edf"", ""PN00-2.edf"", ""PN00-5.edf""]"
PN00,PN00-4.edf,715,705,715,655,715,True,True,False,False,0,2102,-1,ignore,,,0.048167041135783212,0.84999999999999998,E1_RF,20260922,True,nested,"[""PN00-1.edf"", ""PN00-2.edf"", ""PN00-5.edf""]"
PN00,PN00-4.edf,720,710,720,660,720,True,True,False,False,0,2102,-1,ignore,,,0.046257335959984519,0.84999999999999998,E1_RF,20260922,True,nested,"[""PN00-1.edf"", ""PN00-2.edf"", ""PN00-5.edf""]"
PN00,PN00-4.edf,725,715,725,665,725,True,True,False,False,0,2102,-1,ignore,,,0.061657911658246016,0.84999999999999998,E1_RF,20260922,True,nested,"[""PN00-1.edf"", ""PN00-2.edf"", ""PN00-5.edf""]"
PN00,PN00-4.edf,730,720,730,670,730,True,True,False,False,0,2102,-1,ignore,,,0.079370468244715719,0.84999999999999998,E1_RF,20260922,True,nested,"[""PN00-1.edf"", ""PN00-2.edf"", ""PN00-5.edf""]"
PN00,PN00-4.edf,735,725,735,675,735,True,True,False,False,0,2102,-1,ignore,,,0.095287777493744466,0.84999999999999998,E1_RF,20260922,True,nested,"[""PN00-1.edf"", ""PN00-2.edf"", ""PN00-5.edf""]"
PN00,PN00-4.edf,740,730,740,680,740,True,True,False,False,0,2102,-1,ignore,,,0.15662788071845216,0.84999999999999998,E1_RF,20260922,True,nested,"[""PN00-1.edf"", ""PN00-2.edf"", ""PN00-5.edf""]"
PN00,PN00-4.edf,745,735,745,685,745,True,True,False,False,0,2102,-1,ignore,,,0.14958425205809073,0.84999999999999998,E1_RF,20260922,True,nested,"[""PN00-1.edf"", ""PN00-2.edf"", ""PN00-5.edf""]"
PN00,PN00-4.edf,750,740,750,690,750,True,True,False,False,0,2102,-1,ignore,,,0.14370739488175277,0.84999999999999998,E1_RF,20260922,True,nested,"[""PN00-1.edf"", ""PN00-2.edf"", ""PN00-5.edf""]"
PN00,PN00-4.edf,755,745,755,695,755,True,True,False,False,0,2102,-1,ignore,,,0.17907419211770167,0.84999999999999998,E1_RF,20260922,True,nested,"[""PN00-1.edf"", ""PN00-2.edf"", ""PN00-5.edf""]"
PN00,PN00-4.edf,760,750,760,700,760,True,True,False,False,0,2102,-1,ignore,,,0.22283659033138969,0.84999999999999998,E1_RF,20260922,True,nested,"[""PN00-1.edf"", ""PN00-2.edf"", ""PN00-5.edf""]"
PN00,PN00-4.edf,765,755,765,705,765,True,True,False,False,0,2102,-1,ignore,,,0.098685148989873711,0.84999999999999998,E1_RF,20260922,True,nested,"[""PN00-1.edf"", ""PN00-2.edf"", ""PN00-5.edf""]"
PN00,PN00-4.edf,770,760,770,710,770,True,True,False,False,0,2102,-1,ignore,,,0.15360468583794637,0.84999999999999998,E1_RF,20260922,True,nested,"[""PN00-1.edf"", ""PN00-2.edf"", ""PN00-5.edf""]"
PN00,PN00-4.edf,775,765,775,715,775,True,True,False,False,0,2102,-1,ignore,,,0.32322858646033398,0.84999999999999998,E1_RF,20260922,True,nested,"[""PN00-1.edf"", ""PN00-2.edf"", ""PN00-5.edf""]"
PN00,PN00-4.edf,780,770,780,720,780,True,True,False,False,0,2102,-1,ignore,,,0.34238553125868054,0.84999999999999998,E1_RF,20260922,True,nested,"[""PN00-1.edf"", ""PN00-2.edf"", ""PN00-5.edf""]"
PN00,PN00-4.edf,785,775,785,725,785,True,True,False,False,0,2102,-1,ignore,,,0.29101840452777583,0.84999999999999998,E1_RF,20260922,True,nested,"[""PN00-1.edf"", ""PN00-2.edf"", ""PN00-5.edf""]"
PN00,PN00-4.edf,790,780,790,730,790,True,True,False,False,0,2102,-1,ignore,,,0.14567725525727493,0.84999999999999998,E1_RF,20260922,True,nested,"[""PN00-1.edf"", ""PN00-2.edf"", ""PN00-5.edf""]"
PN00,PN00-4.edf,795,785,795,735,795,True,True,False,False,0,2102,-1,ignore,,,0.11953657342579729,0.84999999999999998,E1_RF,20260922,True,nested,"[""PN00-1.edf"", ""PN00-2.edf"", ""PN00-5.edf""]"
PN00,PN00-4.edf,800,790,800,740,800,True,True,False,False,0,2102,-1,ignore,,,0.20680806366460872,0.84999999999999998,E1_RF,20260922,True,nested,"[""PN00-1.edf"", ""PN00-2.edf"", ""PN00-5.edf""]"
PN00,PN00-4.edf,805,795,805,745,805,True,True,False,False,0,2102,-1,ignore,,,0.18913046320343688,0.84999999999999998,E1_RF,20260922,True,nested,"[""PN00-1.edf"", ""PN00-2.edf"", ""PN00-5.edf""]"
PN00,PN00-4.edf,810,800,810,750,810,True,True,False,False,0,2102,-1,ignore,,,0.10364482180600375,0.84999999999999998,E1_RF,20260922,True,nested,"[""PN00-1.edf"", ""PN00-2.edf"", ""PN00-5.edf""]"
PN00,PN00-4.edf,815,805,815,755,815,True,True,False,False,0,2102,-1,ignore,,,0.065663121334053901,0.84999999999999998,E1_RF,20260922,True,nested,"[""PN00-1.edf"", ""PN00-2.edf"", ""PN00-5.edf""]"
PN00,PN00-4.edf,820,810,820,760,820,True,True,False,False,0,2102,-1,ignore,,,0.073432569840169742,0.84999999999999998,E1_RF,20260922,True,nested,"[""PN00-1.edf"", ""PN00-2.edf"", ""PN00-5.edf""]"
PN00,PN00-4.edf,825,815,825,765,825,True,True,False,False,0,2102,-1,ignore,,,0.043244074139578113,0.84999999999999998,E1_RF,20260922,True,nested,"[""PN00-1.edf"", ""PN00-2.edf"", ""PN00-5.edf""]"
PN00,PN00-4.edf,830,820,830,770,830,True,True,False,False,0,2102,-1,ignore,,,0.1057896063588091,0.84999999999999998,E1_RF,20260922,True,nested,"[""PN00-1.edf"", ""PN00-2.edf"", ""PN00-5.edf""]"
PN00,PN00-4.edf,835,825,835,775,835,True,True,False,False,0,2102,-1,ignore,,,0.057404322285523827,0.84999999999999998,E1_RF,20260922,True,nested,"[""PN00-1.edf"", ""PN00-2.edf"", ""PN00-5.edf""]"
PN00,PN00-4.edf,840,830,840,780,840,True,True,False,False,0,2102,-1,ignore,,,0.10725344029641794,0.84999999999999998,E1_RF,20260922,True,nested,"[""PN00-1.edf"", ""PN00-2.edf"", ""PN00-5.edf""]"
PN00,PN00-4.edf,845,835,845,785,845,True,True,False,False,0,2102,-1,ignore,,,0.056737543750912244,0.84999999999999998,E1_RF,20260922,True,nested,"[""PN00-1.edf"", ""PN00-2.edf"", ""PN00-5.edf""]"
PN00,PN00-4.edf,850,840,850,790,850,True,True,False,False,0,2102,-1,ignore,,,0.032761148911159957,0.84999999999999998,E1_RF,20260922,True,nested,"[""PN00-1.edf"", ""PN00-2.edf"", ""PN00-5.edf""]"
PN00,PN00-4.edf,855,845,855,795,855,True,True,False,False,0,2102,-1,ignore,,,0.10516374516546674,0.84999999999999998,E1_RF,20260922,True,nested,"[""PN00-1.edf"", ""PN00-2.edf"", ""PN00-5.edf""]"
PN00,PN00-4.edf,860,850,860,800,860,True,True,False,False,0,2102,-1,ignore,,,0.21664557350093788,0.84999999999999998,E1_RF,20260922,True,nested,"[""PN00-1.edf"", ""PN00-2.edf"", ""PN00-5.edf""]"
PN00,PN00-4.edf,865,855,865,805,865,True,True,False,False,0,2102,-1,ignore,,,0.16931964598340457,0.84999999999999998,E1_RF,20260922,True,nested,"[""PN00-1.edf"", ""PN00-2.edf"", ""PN00-5.edf""]"
PN00,PN00-4.edf,870,860,870,810,870,True,True,False,False,0,2102,-1,ignore,,,0.17867697432148494,0.84999999999999998,E1_RF,20260922,True,nested,"[""PN00-1.edf"", ""PN00-2.edf"", ""PN00-5.edf""]"
PN00,PN00-4.edf,875,865,875,815,875,True,True,False,False,0,2102,-1,ignore,,,0.21697735012149097,0.84999999999999998,E1_RF,20260922,True,nested,"[""PN00-1.edf"", ""PN00-2.edf"", ""PN00-5.edf""]"
PN00,PN00-4.edf,880,870,880,820,880,True,True,False,False,0,2102,-1,ignore,,,0.13223082515978857,0.84999999999999998,E1_RF,20260922,True,nested,"[""PN00-1.edf"", ""PN00-2.edf"", ""PN00-5.edf""]"
PN00,PN00-4.edf,885,875,885,825,885,True,True,False,False,0,2102,-1,ignore,,,0.059935987138440228,0.84999999999999998,E1_RF,20260922,True,nested,"[""PN00-1.edf"", ""PN00-2.edf"", ""PN00-5.edf""]"
PN00,PN00-4.edf,890,880,890,830,890,True,True,False,False,0,2102,-1,ignore,,,0.07164745353567957,0.84999999999999998,E1_RF,20260922,True,nested,"[""PN00-1.edf"", ""PN00-2.edf"", ""PN00-5.edf""]"
PN00,PN00-4.edf,895,885,895,835,895,True,True,False,False,0,2102,-1,ignore,,,0.10795297719114011,0.84999999999999998,E1_RF,20260922,True,nested,"[""PN00-1.edf"", ""PN00-2.edf"", ""PN00-5.edf""]"
PN00,PN00-4.edf,900,890,900,840,900,True,True,False,False,0,2102,-1,ignore,,,0.090582002708906456,0.84999999999999998,E1_RF,20260922,True,nested,"[""PN00-1.edf"", ""PN00-2.edf"", ""PN00-5.edf""]"
PN00,PN00-4.edf,905,895,905,845,905,True,True,False,False,0,2102,-1,ignore,,,0.088397857469698207,0.84999999999999998,E1_RF,20260922,True,nested,"[""PN00-1.edf"", ""PN00-2.edf"", ""PN00-5.edf""]"
PN00,PN00-4.edf,910,900,910,850,910,True,True,False,False,0,2102,-1,ignore,,,0.1458559876036454,0.84999999999999998,E1_RF,20260922,True,nested,"[""PN00-1.edf"", ""PN00-2.edf"", ""PN00-5.edf""]"
PN00,PN00-4.edf,915,905,915,855,915,True,True,False,False,0,2102,-1,ignore,,,0.10461322416745585,0.84999999999999998,E1_RF,20260922,True,nested,"[""PN00-1.edf"", ""PN00-2.edf"", ""PN00-5.edf""]"
PN00,PN00-4.edf,920,910,920,860,920,True,True,False,False,0,2102,-1,ignore,,,0.076708546501726996,0.84999999999999998,E1_RF,20260922,True,nested,"[""PN00-1.edf"", ""PN00-2.edf"", ""PN00-5.edf""]"
PN00,PN00-4.edf,925,915,925,865,925,True,True,False,False,0,2102,-1,ignore,,,0.088992064220410255,0.84999999999999998,E1_RF,20260922,True,nested,"[""PN00-1.edf"", ""PN00-2.edf"", ""PN00-5.edf""]"
PN00,PN00-4.edf,930,920,930,870,930,True,True,False,False,0,2102,-1,ignore,,,0.045401816921983744,0.84999999999999998,E1_RF,20260922,True,nested,"[""PN00-1.edf"", ""PN00-2.edf"", ""PN00-5.edf""]"
PN00,PN00-4.edf,935,925,935,875,935,True,True,False,False,0,2102,-1,ignore,,,0.29512008844019982,0.84999999999999998,E1_RF,20260922,True,nested,"[""PN00-1.edf"", ""PN00-2.edf"", ""PN00-5.edf""]"
PN00,PN00-4.edf,940,930,940,880,940,True,True,False,False,0,2102,-1,ignore,,,0.17797553048182629,0.84999999999999998,E1_RF,20260922,True,nested,"[""PN00-1.edf"", ""PN00-2.edf"", ""PN00-5.edf""]"
PN00,PN00-4.edf,945,935,945,885,945,True,True,False,False,0,2102,-1,ignore,,,0.13008210608461734,0.84999999999999998,E1_RF,20260922,True,nested,"[""PN00-1.edf"", ""PN00-2.edf"", ""PN00-5.edf""]"
PN00,PN00-4.edf,950,940,950,890,950,True,True,False,False,0,2102,-1,ignore,,,0.034004729732283905,0.84999999999999998,E1_RF,20260922,True,nested,"[""PN00-1.edf"", ""PN00-2.edf"", ""PN00-5.edf""]"
PN00,PN00-4.edf,955,945,955,895,955,True,True,False,False,0,2102,-1,ignore,,,0.031322965378674204,0.84999999999999998,E1_RF,20260922,True,nested,"[""PN00-1.edf"", ""PN00-2.edf"", ""PN00-5.edf""]"
PN00,PN00-4.edf,960,950,960,900,960,True,True,False,False,0,2102,-1,ignore,,,0.0047354497354497359,0.84999999999999998,E1_RF,20260922,True,nested,"[""PN00-1.edf"", ""PN00-2.edf"", ""PN00-5.edf""]"
PN00,PN00-4.edf,965,955,965,905,965,True,True,False,False,0,2102,-1,ignore,,,0.022895931885851241,0.84999999999999998,E1_RF,20260922,True,nested,"[""PN00-1.edf"", ""PN00-2.edf"", ""PN00-5.edf""]"
PN00,PN00-4.edf,970,960,970,910,970,True,True,False,False,0,2102,-1,ignore,,,0.13651211719054218,0.84999999999999998,E1_RF,20260922,True,nested,"[""PN00-1.edf"", ""PN00-2.edf"", ""PN00-5.edf""]"
PN00,PN00-4.edf,975,965,975,915,975,True,True,False,False,0,2102,-1,ignore,,,0.13403966994313612,0.84999999999999998,E1_RF,20260922,True,nested,"[""PN00-1.edf"", ""PN00-2.edf"", ""PN00-5.edf""]"
PN00,PN00-4.edf,980,970,980,920,980,True,True,False,False,0,2102,-1,ignore,,,0.0022727272727272726,0.84999999999999998,E1_RF,20260922,True,nested,"[""PN00-1.edf"", ""PN00-2.edf"", ""PN00-5.edf""]"
PN00,PN00-4.edf,985,975,985,925,985,True,True,False,False,0,2102,-1,ignore,,,0.033330640498330261,0.84999999999999998,E1_RF,20260922,True,nested,"[""PN00-1.edf"", ""PN00-2.edf"", ""PN00-5.edf""]"
PN00,PN00-4.edf,990,980,990,930,990,True,True,False,False,0,2102,-1,ignore,,,0.0038888888888888892,0.84999999999999998,E1_RF,20260922,True,nested,"[""PN00-1.edf"", ""PN00-2.edf"", ""PN00-5.edf""]"
PN00,PN00-4.edf,995,985,995,935,995,True,True,False,False,0,2102,-1,ignore,,,0.13758585270075924,0.84999999999999998,E1_RF,20260922,True,nested,"[""PN00-1.edf"", ""PN00-2.edf"", ""PN00-5.edf""]"
PN00,PN00-4.edf,1000,990,1000,940,1000,True,True,False,False,0,2102,-1,ignore,,,0.11798102693553626,0.84999999999999998,E1_RF,20260922,True,nested,"[""PN00-1.edf"", ""PN00-2.edf"", ""PN00-5.edf""]"
PN00,PN00-4.edf,1005,995,1005,945,1005,True,True,False,False,0,2102,-1,ignore,,,0.076756869308757192,0.84999999999999998,E1_RF,20260922,True,nested,"[""PN00-1.edf"", ""PN00-2.edf"", ""PN00-5.edf""]"
PN00,PN00-4.edf,1010,1000,1010,950,1010,True,True,False,True,1,2102,1,positive,4,,0.15914938101051046,0.84999999999999998,E1_RF,20260922,True,nested,"[""PN00-1.edf"", ""PN00-2.edf"", ""PN00-5.edf""]"
PN00,PN00-4.edf,1015,1005,1015,955,1015,True,True,False,True,1,2102,1,positive,4,,0.12951883725695043,0.84999999999999998,E1_RF,20260922,True,nested,"[""PN00-1.edf"", ""PN00-2.edf"", ""PN00-5.edf""]"
PN00,PN00-4.edf,1020,1010,1020,960,1020,True,True,False,True,1,2102,1,positive,4,,0.4526114742217342,0.84999999999999998,E1_RF,20260922,True,nested,"[""PN00-1.edf"", ""PN00-2.edf"", ""PN00-5.edf""]"
PN00,PN00-4.edf,1025,1015,1025,965,1025,True,True,False,True,1,2102,1,positive,4,,0.53052040264250022,0.84999999999999998,E1_RF,20260922,True,nested,"[""PN00-1.edf"", ""PN00-2.edf"", ""PN00-5.edf""]"
PN00,PN00-4.edf,1030,1020,1030,970,1030,True,True,False,True,1,2102,1,positive,4,,0.7729721137085358,0.84999999999999998,E1_RF,20260922,True,nested,"[""PN00-1.edf"", ""PN00-2.edf"", ""PN00-5.edf""]"
PN00,PN00-4.edf,1035,1025,1035,975,1035,True,True,False,True,1,2102,1,positive,4,,0.86964723445845649,0.84999999999999998,E1_RF,20260922,True,nested,"[""PN00-1.edf"", ""PN00-2.edf"", ""PN00-5.edf""]"
PN00,PN00-4.edf,1040,1030,1040,980,1040,True,True,False,True,1,2102,1,positive,4,,0.99786637347632512,0.84999999999999998,E1_RF,20260922,True,nested,"[""PN00-1.edf"", ""PN00-2.edf"", ""PN00-5.edf""]"
PN00,PN00-4.edf,1045,1035,1045,985,1045,True,True,False,True,1,2102,1,positive,4,,0.99879235449801285,0.84999999999999998,E1_RF,20260922,True,nested,"[""PN00-1.edf"", ""PN00-2.edf"", ""PN00-5.edf""]"
PN00,PN00-4.edf,1050,1040,1050,990,1050,True,True,False,True,1,2102,1,positive,4,,0.99987866197125719,0.84999999999999998,E1_RF,20260922,True,nested,"[""PN00-1.edf"", ""PN00-2.edf"", ""PN00-5.edf""]"
PN00,PN00-4.edf,1055,1045,1055,995,1055,True,True,False,True,1,2102,1,positive,4,,0.62831290317968869,0.84999999999999998,E1_RF,20260922,True,nested,"[""PN00-1.edf"", ""PN00-2.edf"", ""PN00-5.edf""]"
PN00,PN00-4.edf,1060,1050,1060,1000,1060,True,True,False,True,1,2102,1,positive,4,,0.63271291110505146,0.84999999999999998,E1_RF,20260922,True,nested,"[""PN00-1.edf"", ""PN00-2.edf"", ""PN00-5.edf""]"
PN00,PN00-4.edf,1065,1055,1065,1005,1065,True,True,False,True,1,2102,1,positive,4,,0.6331746197593543,0.84999999999999998,E1_RF,20260922,True,nested,"[""PN00-1.edf"", ""PN00-2.edf"", ""PN00-5.edf""]"
PN00,PN00-4.edf,1070,1060,1070,1010,1070,True,True,False,True,1,2102,1,positive,4,,0.62898767580288351,0.84999999999999998,E1_RF,20260922,True,nested,"[""PN00-1.edf"", ""PN00-2.edf"", ""PN00-5.edf""]"
PN00,PN00-4.edf,1075,1065,1075,1015,1075,True,True,False,True,1,2102,1,positive,4,,0.7302384105721379,0.84999999999999998,E1_RF,20260922,True,nested,"[""PN00-1.edf"", ""PN00-2.edf"", ""PN00-5.edf""]"
PN00,PN00-4.edf,1080,1070,1080,1020,1080,True,True,False,False,0,2102,-1,ignore,,,0.5740620023950459,0.84999999999999998,E1_RF,20260922,True,nested,"[""PN00-1.edf"", ""PN00-2.edf"", ""PN00-5.edf""]"
PN00,PN00-4.edf,1085,1075,1085,1025,1085,True,True,False,False,0,2102,-1,ignore,,,0.47532806530097599,0.84999999999999998,E1_RF,20260922,True,nested,"[""PN00-1.edf"", ""PN00-2.edf"", ""PN00-5.edf""]"
PN00,PN00-4.edf,1090,1080,1090,1030,1090,True,True,False,False,0,2102,-1,ignore,,,0.50830656139986963,0.84999999999999998,E1_RF,20260922,True,nested,"[""PN00-1.edf"", ""PN00-2.edf"", ""PN00-5.edf""]"
PN00,PN00-4.edf,1095,1085,1095,1035,1095,True,True,False,False,0,2102,-1,ignore,,,0.38646224857570977,0.84999999999999998,E1_RF,20260922,True,nested,"[""PN00-1.edf"", ""PN00-2.edf"", ""PN00-5.edf""]"
PN00,PN00-4.edf,1100,1090,1100,1040,1100,True,True,False,False,0,2102,-1,ignore,,,0.26319054978545708,0.84999999999999998,E1_RF,20260922,True,nested,"[""PN00-1.edf"", ""PN00-2.edf"", ""PN00-5.edf""]"
PN00,PN00-4.edf,1105,1095,1105,1045,1105,True,True,False,False,0,2102,-1,ignore,,,0.25117443978813508,0.84999999999999998,E1_RF,20260922,True,nested,"[""PN00-1.edf"", ""PN00-2.edf"", ""PN00-5.edf""]"
PN00,PN00-4.edf,1110,1100,1110,1050,1110,True,True,False,False,0,2102,-1,ignore,,,0.25005924671819491,0.84999999999999998,E1_RF,20260922,True,nested,"[""PN00-1.edf"", ""PN00-2.edf"", ""PN00-5.edf""]"
PN00,PN00-4.edf,1115,1105,1115,1055,1115,True,True,False,False,0,2102,-1,ignore,,,0.19006402943278247,0.84999999999999998,E1_RF,20260922,True,nested,"[""PN00-1.edf"", ""PN00-2.edf"", ""PN00-5.edf""]"
PN00,PN00-4.edf,1120,1110,1120,1060,1120,True,True,False,False,0,2102,-1,ignore,,,0.1267556329117194,0.84999999999999998,E1_RF,20260922,True,nested,"[""PN00-1.edf"", ""PN00-2.edf"", ""PN00-5.edf""]"
PN00,PN00-4.edf,1125,1115,1125,1065,1125,True,True,False,False,0,2102,-1,ignore,,,0.19843839717292339,0.84999999999999998,E1_RF,20260922,True,nested,"[""PN00-1.edf"", ""PN00-2.edf"", ""PN00-5.edf""]"
PN00,PN00-4.edf,1130,1120,1130,1070,1130,True,True,False,False,0,2102,-1,ignore,,,0.32095538449902022,0.84999999999999998,E1_RF,20260922,True,nested,"[""PN00-1.edf"", ""PN00-2.edf"", ""PN00-5.edf""]"
PN00,PN00-4.edf,1135,1125,1135,1075,1135,True,True,False,False,0,2102,-1,ignore,,,0.29468532591068441,0.84999999999999998,E1_RF,20260922,True,nested,"[""PN00-1.edf"", ""PN00-2.edf"", ""PN00-5.edf""]"
PN00,PN00-4.edf,1140,1130,1140,1080,1140,True,True,False,False,0,2102,-1,ignore,,,0.15128682052454934,0.84999999999999998,E1_RF,20260922,True,nested,"[""PN00-1.edf"", ""PN00-2.edf"", ""PN00-5.edf""]"
PN00,PN00-4.edf,1145,1135,1145,1085,1145,True,True,False,False,0,2102,-1,ignore,,,0.16832823694586532,0.84999999999999998,E1_RF,20260922,True,nested,"[""PN00-1.edf"", ""PN00-2.edf"", ""PN00-5.edf""]"
PN00,PN00-4.edf,1150,1140,1150,1090,1150,True,True,False,False,0,2102,-1,ignore,,,0.18610087018869381,0.84999999999999998,E1_RF,20260922,True,nested,"[""PN00-1.edf"", ""PN00-2.edf"", ""PN00-5.edf""]"
PN00,PN00-4.edf,1155,1145,1155,1095,1155,True,True,False,False,0,2102,-1,ignore,,,0.22770153887321343,0.84999999999999998,E1_RF,20260922,True,nested,"[""PN00-1.edf"", ""PN00-2.edf"", ""PN00-5.edf""]"
PN00,PN00-4.edf,1160,1150,1160,1100,1160,True,True,False,False,0,2102,-1,ignore,,,0.17565308595538329,0.84999999999999998,E1_RF,20260922,True,nested,"[""PN00-1.edf"", ""PN00-2.edf"", ""PN00-5.edf""]"
PN00,PN00-4.edf,1165,1155,1165,1105,1165,True,True,False,False,0,2102,-1,ignore,,,0.17374035554393846,0.84999999999999998,E1_RF,20260922,True,nested,"[""PN00-1.edf"", ""PN00-2.edf"", ""PN00-5.edf""]"
PN00,PN00-4.edf,1170,1160,1170,1110,1170,True,True,False,False,0,2102,-1,ignore,,,0.27389249131966553,0.84999999999999998,E1_RF,20260922,True,nested,"[""PN00-1.edf"", ""PN00-2.edf"", ""PN00-5.edf""]"
PN00,PN00-4.edf,1175,1165,1175,1115,1175,True,True,False,False,0,2102,-1,ignore,,,0.38203034917889772,0.84999999999999998,E1_RF,20260922,True,nested,"[""PN00-1.edf"", ""PN00-2.edf"", ""PN00-5.edf""]"
PN00,PN00-4.edf,1180,1170,1180,1120,1180,True,True,False,False,0,2102,-1,ignore,,,0.13147636702828422,0.84999999999999998,E1_RF,20260922,True,nested,"[""PN00-1.edf"", ""PN00-2.edf"", ""PN00-5.edf""]"
PN00,PN00-4.edf,1185,1175,1185,1125,1185,True,True,False,False,0,2102,-1,ignore,,,0.055451598487156334,0.84999999999999998,E1_RF,20260922,True,nested,"[""PN00-1.edf"", ""PN00-2.edf"", ""PN00-5.edf""]"
PN00,PN00-4.edf,1190,1180,1190,1130,1190,True,True,False,False,0,2102,-1,ignore,,,0.027471464342880687,0.84999999999999998,E1_RF,20260922,True,nested,"[""PN00-1.edf"", ""PN00-2.edf"", ""PN00-5.edf""]"
PN00,PN00-4.edf,1195,1185,1195,1135,1195,True,True,False,False,0,2102,-1,ignore,,,0.083936953878826687,0.84999999999999998,E1_RF,20260922,True,nested,"[""PN00-1.edf"", ""PN00-2.edf"", ""PN00-5.edf""]"
PN00,PN00-4.edf,1200,1190,1200,1140,1200,True,True,False,False,0,2102,-1,ignore,,,0.024408808979500415,0.84999999999999998,E1_RF,20260922,True,nested,"[""PN00-1.edf"", ""PN00-2.edf"", ""PN00-5.edf""]"
PN00,PN00-4.edf,1205,1195,1205,1145,1205,True,True,False,False,0,2102,-1,ignore,,,0.024973283779482734,0.84999999999999998,E1_RF,20260922,True,nested,"[""PN00-1.edf"", ""PN00-2.edf"", ""PN00-5.edf""]"
PN00,PN00-4.edf,1210,1200,1210,1150,1210,True,True,False,False,0,2102,-1,ignore,,,0.023364840163085779,0.84999999999999998,E1_RF,20260922,True,nested,"[""PN00-1.edf"", ""PN00-2.edf"", ""PN00-5.edf""]"
PN00,PN00-4.edf,1215,1205,1215,1155,1215,True,True,False,False,0,2102,-1,ignore,,,0.03085064767845256,0.84999999999999998,E1_RF,20260922,True,nested,"[""PN00-1.edf"", ""PN00-2.edf"", ""PN00-5.edf""]"
PN00,PN00-4.edf,1220,1210,1220,1160,1220,True,True,False,False,0,2102,-1,ignore,,,0.017160741928350286,0.84999999999999998,E1_RF,20260922,True,nested,"[""PN00-1.edf"", ""PN00-2.edf"", ""PN00-5.edf""]"
PN00,PN00-4.edf,1225,1215,1225,1165,1225,True,True,False,False,0,2102,-1,ignore,,,0.020807330164735304,0.84999999999999998,E1_RF,20260922,True,nested,"[""PN00-1.edf"", ""PN00-2.edf"", ""PN00-5.edf""]"
PN00,PN00-4.edf,1230,1220,1230,1170,1230,True,True,False,False,0,2102,-1,ignore,,,0.028058884343210969,0.84999999999999998,E1_RF,20260922,True,nested,"[""PN00-1.edf"", ""PN00-2.edf"", ""PN00-5.edf""]"
PN00,PN00-4.edf,1235,1225,1235,1175,1235,True,True,False,False,0,2102,-1,ignore,,,0.030282015542077462,0.84999999999999998,E1_RF,20260922,True,nested,"[""PN00-1.edf"", ""PN00-2.edf"", ""PN00-5.edf""]"
PN00,PN00-4.edf,1240,1230,1240,1180,1240,True,True,False,False,0,2102,-1,ignore,,,0.017855957977733004,0.84999999999999998,E1_RF,20260922,True,nested,"[""PN00-1.edf"", ""PN00-2.edf"", ""PN00-5.edf""]"
PN00,PN00-4.edf,1245,1235,1245,1185,1245,True,True,False,False,0,2102,-1,ignore,,,0.023212103820362269,0.84999999999999998,E1_RF,20260922,True,nested,"[""PN00-1.edf"", ""PN00-2.edf"", ""PN00-5.edf""]"
PN00,PN00-4.edf,1250,1240,1250,1190,1250,True,True,False,False,0,2102,-1,ignore,,,0.037717039016744842,0.84999999999999998,E1_RF,20260922,True,nested,"[""PN00-1.edf"", ""PN00-2.edf"", ""PN00-5.edf""]"
PN00,PN00-4.edf,1255,1245,1255,1195,1255,True,True,False,False,0,2102,-1,ignore,,,0.036872729201566083,0.84999999999999998,E1_RF,20260922,True,nested,"[""PN00-1.edf"", ""PN00-2.edf"", ""PN00-5.edf""]"
PN00,PN00-4.edf,1260,1250,1260,1200,1260,True,True,False,False,0,2102,-1,ignore,,,0.029575145702609589,0.84999999999999998,E1_RF,20260922,True,nested,"[""PN00-1.edf"", ""PN00-2.edf"", ""PN00-5.edf""]"
PN00,PN00-4.edf,1265,1255,1265,1205,1265,True,True,False,False,0,2102,-1,ignore,,,0.038220004145665967,0.84999999999999998,E1_RF,20260922,True,nested,"[""PN00-1.edf"", ""PN00-2.edf"", ""PN00-5.edf""]"
PN00,PN00-4.edf,1270,1260,1270,1210,1270,True,True,False,False,0,2102,-1,ignore,,,0.017825061042299792,0.84999999999999998,E1_RF,20260922,True,nested,"[""PN00-1.edf"", ""PN00-2.edf"", ""PN00-5.edf""]"
PN00,PN00-4.edf,1275,1265,1275,1215,1275,True,True,False,False,0,2102,-1,ignore,,,0.012420457461737132,0.84999999999999998,E1_RF,20260922,True,nested,"[""PN00-1.edf"", ""PN00-2.edf"", ""PN00-5.edf""]"
PN00,PN00-4.edf,1280,1270,1280,1220,1280,True,True,False,False,0,2102,-1,ignore,,,0.33902640605129808,0.84999999999999998,E1_RF,20260922,True,nested,"[""PN00-1.edf"", ""PN00-2.edf"", ""PN00-5.edf""]"
PN00,PN00-4.edf,1285,1275,1285,1225,1285,True,True,False,False,0,2102,-1,ignore,,,0.33231221940581562,0.84999999999999998,E1_RF,20260922,True,nested,"[""PN00-1.edf"", ""PN00-2.edf"", ""PN00-5.edf""]"
PN00,PN00-4.edf,1290,1280,1290,1230,1290,True,True,False,False,0,2102,-1,ignore,,,0.23386798095136166,0.84999999999999998,E1_RF,20260922,True,nested,"[""PN00-1.edf"", ""PN00-2.edf"", ""PN00-5.edf""]"
PN00,PN00-4.edf,1295,1285,1295,1235,1295,True,True,False,False,0,2102,-1,ignore,,,0.12175586713488289,0.84999999999999998,E1_RF,20260922,True,nested,"[""PN00-1.edf"", ""PN00-2.edf"", ""PN00-5.edf""]"
PN00,PN00-4.edf,1300,1290,1300,1240,1300,True,True,False,False,0,2102,-1,ignore,,,0.10490197391373987,0.84999999999999998,E1_RF,20260922,True,nested,"[""PN00-1.edf"", ""PN00-2.edf"", ""PN00-5.edf""]"
PN00,PN00-4.edf,1305,1295,1305,1245,1305,True,True,False,False,0,2102,-1,ignore,,,0.054195113174202232,0.84999999999999998,E1_RF,20260922,True,nested,"[""PN00-1.edf"", ""PN00-2.edf"", ""PN00-5.edf""]"
PN00,PN00-4.edf,1310,1300,1310,1250,1310,True,True,False,False,0,2102,-1,ignore,,,0.09850364677588036,0.84999999999999998,E1_RF,20260922,True,nested,"[""PN00-1.edf"", ""PN00-2.edf"", ""PN00-5.edf""]"
PN00,PN00-4.edf,1315,1305,1315,1255,1315,True,True,False,False,0,2102,-1,ignore,,,0.070354020828444275,0.84999999999999998,E1_RF,20260922,True,nested,"[""PN00-1.edf"", ""PN00-2.edf"", ""PN00-5.edf""]"
PN00,PN00-4.edf,1320,1310,1320,1260,1320,True,True,False,False,0,2102,-1,ignore,,,0.15139860449946765,0.84999999999999998,E1_RF,20260922,True,nested,"[""PN00-1.edf"", ""PN00-2.edf"", ""PN00-5.edf""]"
PN00,PN00-4.edf,1325,1315,1325,1265,1325,True,True,False,False,0,2102,-1,ignore,,,0.27515092136153135,0.84999999999999998,E1_RF,20260922,True,nested,"[""PN00-1.edf"", ""PN00-2.edf"", ""PN00-5.edf""]"
PN00,PN00-4.edf,1330,1320,1330,1270,1330,True,True,False,False,0,2102,-1,ignore,,,0.096043503301566649,0.84999999999999998,E1_RF,20260922,True,nested,"[""PN00-1.edf"", ""PN00-2.edf"", ""PN00-5.edf""]"
PN00,PN00-4.edf,1335,1325,1335,1275,1335,True,True,False,False,0,2102,-1,ignore,,,0.092996018690404567,0.84999999999999998,E1_RF,20260922,True,nested,"[""PN00-1.edf"", ""PN00-2.edf"", ""PN00-5.edf""]"
PN00,PN00-4.edf,1340,1330,1340,1280,1340,True,True,False,False,0,2102,-1,ignore,,,0.054565652314137625,0.84999999999999998,E1_RF,20260922,True,nested,"[""PN00-1.edf"", ""PN00-2.edf"", ""PN00-5.edf""]"
PN00,PN00-4.edf,1345,1335,1345,1285,1345,True,True,False,False,0,2102,-1,ignore,,,0.022789985558625908,0.84999999999999998,E1_RF,20260922,True,nested,"[""PN00-1.edf"", ""PN00-2.edf"", ""PN00-5.edf""]"
PN00,PN00-4.edf,1350,1340,1350,1290,1350,True,True,False,False,0,2102,-1,ignore,,,0.043839714164372365,0.84999999999999998,E1_RF,20260922,True,nested,"[""PN00-1.edf"", ""PN00-2.edf"", ""PN00-5.edf""]"
PN00,PN00-4.edf,1355,1345,1355,1295,1355,True,True,False,False,0,2102,-1,ignore,,,0.081135406633103466,0.84999999999999998,E1_RF,20260922,True,nested,"[""PN00-1.edf"", ""PN00-2.edf"", ""PN00-5.edf""]"
PN00,PN00-4.edf,1360,1350,1360,1300,1360,True,True,False,False,0,2102,-1,ignore,,,0.04291334289918531,0.84999999999999998,E1_RF,20260922,True,nested,"[""PN00-1.edf"", ""PN00-2.edf"", ""PN00-5.edf""]"
PN00,PN00-4.edf,1365,1355,1365,1305,1365,True,True,False,False,0,2102,-1,ignore,,,0.067391454540934106,0.84999999999999998,E1_RF,20260922,True,nested,"[""PN00-1.edf"", ""PN00-2.edf"", ""PN00-5.edf""]"
PN00,PN00-4.edf,1370,1360,1370,1310,1370,True,True,False,False,0,2102,-1,ignore,,,0.081543154491841394,0.84999999999999998,E1_RF,20260922,True,nested,"[""PN00-1.edf"", ""PN00-2.edf"", ""PN00-5.edf""]"
PN00,PN00-4.edf,1375,1365,1375,1315,1375,True,True,False,False,0,2102,-1,ignore,,,0.062468921200313152,0.84999999999999998,E1_RF,20260922,True,nested,"[""PN00-1.edf"", ""PN00-2.edf"", ""PN00-5.edf""]"
PN00,PN00-4.edf,1380,1370,1380,1320,1380,True,True,False,True,0,2102,0,negative,,,0.062419901592470017,0.84999999999999998,E1_RF,20260922,True,nested,"[""PN00-1.edf"", ""PN00-2.edf"", ""PN00-5.edf""]"
PN00,PN00-4.edf,1385,1375,1385,1325,1385,True,True,False,True,0,2102,0,negative,,,0.055089135952880841,0.84999999999999998,E1_RF,20260922,True,nested,"[""PN00-1.edf"", ""PN00-2.edf"", ""PN00-5.edf""]"
PN00,PN00-4.edf,1390,1380,1390,1330,1390,True,True,False,True,0,2102,0,negative,,,0.031018862390288327,0.84999999999999998,E1_RF,20260922,True,nested,"[""PN00-1.edf"", ""PN00-2.edf"", ""PN00-5.edf""]"
PN00,PN00-4.edf,1395,1385,1395,1335,1395,True,True,False,True,0,2102,0,negative,,,0.21600610479899535,0.84999999999999998,E1_RF,20260922,True,nested,"[""PN00-1.edf"", ""PN00-2.edf"", ""PN00-5.edf""]"
PN00,PN00-4.edf,1400,1390,1400,1340,1400,True,True,False,True,0,2102,0,negative,,,0.045082278313342154,0.84999999999999998,E1_RF,20260922,True,nested,"[""PN00-1.edf"", ""PN00-2.edf"", ""PN00-5.edf""]"
PN00,PN00-4.edf,1405,1395,1405,1345,1405,True,True,False,True,0,2102,0,negative,,,0.037676466508446874,0.84999999999999998,E1_RF,20260922,True,nested,"[""PN00-1.edf"", ""PN00-2.edf"", ""PN00-5.edf""]"
PN00,PN00-4.edf,1410,1400,1410,1350,1410,True,True,False,True,0,2102,0,negative,,,0.036600613988906738,0.84999999999999998,E1_RF,20260922,True,nested,"[""PN00-1.edf"", ""PN00-2.edf"", ""PN00-5.edf""]"
PN00,PN00-4.edf,1415,1405,1415,1355,1415,True,True,False,True,0,2102,0,negative,,,0.16031864522336178,0.84999999999999998,E1_RF,20260922,True,nested,"[""PN00-1.edf"", ""PN00-2.edf"", ""PN00-5.edf""]"
PN00,PN00-4.edf,1420,1410,1420,1360,1420,True,True,False,True,0,2102,0,negative,,,0.17343499045104829,0.84999999999999998,E1_RF,20260922,True,nested,"[""PN00-1.edf"", ""PN00-2.edf"", ""PN00-5.edf""]"
PN00,PN00-4.edf,1425,1415,1425,1365,1425,True,True,False,True,0,2102,0,negative,,,0.13430881290357802,0.84999999999999998,E1_RF,20260922,True,nested,"[""PN00-1.edf"", ""PN00-2.edf"", ""PN00-5.edf""]"
PN00,PN00-4.edf,1430,1420,1430,1370,1430,True,True,False,True,0,2102,0,negative,,,0.17870188415905189,0.84999999999999998,E1_RF,20260922,True,nested,"[""PN00-1.edf"", ""PN00-2.edf"", ""PN00-5.edf""]"
PN00,PN00-4.edf,1435,1425,1435,1375,1435,True,True,False,True,0,2102,0,negative,,,0.13945238977872637,0.84999999999999998,E1_RF,20260922,True,nested,"[""PN00-1.edf"", ""PN00-2.edf"", ""PN00-5.edf""]"
PN00,PN00-4.edf,1440,1430,1440,1380,1440,True,True,False,True,0,2102,0,negative,,,0.14783011666881432,0.84999999999999998,E1_RF,20260922,True,nested,"[""PN00-1.edf"", ""PN00-2.edf"", ""PN00-5.edf""]"
PN00,PN00-4.edf,1445,1435,1445,1385,1445,True,True,False,True,0,2102,0,negative,,,0.33531330586249952,0.84999999999999998,E1_RF,20260922,True,nested,"[""PN00-1.edf"", ""PN00-2.edf"", ""PN00-5.edf""]"
PN00,PN00-4.edf,1450,1440,1450,1390,1450,True,True,False,True,0,2102,0,negative,,,0.29315156314138568,0.84999999999999998,E1_RF,20260922,True,nested,"[""PN00-1.edf"", ""PN00-2.edf"", ""PN00-5.edf""]"
PN00,PN00-4.edf,1455,1445,1455,1395,1455,True,True,False,True,0,2102,0,negative,,,0.28206432514252439,0.84999999999999998,E1_RF,20260922,True,nested,"[""PN00-1.edf"", ""PN00-2.edf"", ""PN00-5.edf""]"
PN00,PN00-4.edf,1460,1450,1460,1400,1460,True,True,False,True,0,2102,0,negative,,,0.18124193656954848,0.84999999999999998,E1_RF,20260922,True,nested,"[""PN00-1.edf"", ""PN00-2.edf"", ""PN00-5.edf""]"
PN00,PN00-4.edf,1465,1455,1465,1405,1465,True,True,False,True,0,2102,0,negative,,,0.074277882906436526,0.84999999999999998,E1_RF,20260922,True,nested,"[""PN00-1.edf"", ""PN00-2.edf"", ""PN00-5.edf""]"
PN00,PN00-4.edf,1470,1460,1470,1410,1470,True,True,False,True,0,2102,0,negative,,,0.2521511722651425,0.84999999999999998,E1_RF,20260922,True,nested,"[""PN00-1.edf"", ""PN00-2.edf"", ""PN00-5.edf""]"
PN00,PN00-4.edf,1475,1465,1475,1415,1475,True,True,False,True,0,2102,0,negative,,,0.11537351694228633,0.84999999999999998,E1_RF,20260922,True,nested,"[""PN00-1.edf"", ""PN00-2.edf"", ""PN00-5.edf""]"
PN00,PN00-4.edf,1480,1470,1480,1420,1480,True,True,False,True,0,2102,0,negative,,,0.022648914938334139,0.84999999999999998,E1_RF,20260922,True,nested,"[""PN00-1.edf"", ""PN00-2.edf"", ""PN00-5.edf""]"
PN00,PN00-4.edf,1485,1475,1485,1425,1485,True,True,False,True,0,2102,0,negative,,,0.047340055590423882,0.84999999999999998,E1_RF,20260922,True,nested,"[""PN00-1.edf"", ""PN00-2.edf"", ""PN00-5.edf""]"
PN00,PN00-4.edf,1490,1480,1490,1430,1490,True,True,False,True,0,2102,0,negative,,,0.032665424998322458,0.84999999999999998,E1_RF,20260922,True,nested,"[""PN00-1.edf"", ""PN00-2.edf"", ""PN00-5.edf""]"
PN00,PN00-4.edf,1495,1485,1495,1435,1495,True,True,False,True,0,2102,0,negative,,,0.036861439651294618,0.84999999999999998,E1_RF,20260922,True,nested,"[""PN00-1.edf"", ""PN00-2.edf"", ""PN00-5.edf""]"
PN00,PN00-4.edf,1500,1490,1500,1440,1500,True,True,False,True,0,2102,0,negative,,,0.12104445188190144,0.84999999999999998,E1_RF,20260922,True,nested,"[""PN00-1.edf"", ""PN00-2.edf"", ""PN00-5.edf""]"
PN00,PN00-4.edf,1505,1495,1505,1445,1505,True,True,False,True,0,2102,0,negative,,,0.074910090274350277,0.84999999999999998,E1_RF,20260922,True,nested,"[""PN00-1.edf"", ""PN00-2.edf"", ""PN00-5.edf""]"
PN00,PN00-4.edf,1510,1500,1510,1450,1510,True,True,False,True,0,2102,0,negative,,,0.08365948490146087,0.84999999999999998,E1_RF,20260922,True,nested,"[""PN00-1.edf"", ""PN00-2.edf"", ""PN00-5.edf""]"
PN00,PN00-4.edf,1515,1505,1515,1455,1515,True,True,False,True,0,2102,0,negative,,,0.084743825366582037,0.84999999999999998,E1_RF,20260922,True,nested,"[""PN00-1.edf"", ""PN00-2.edf"", ""PN00-5.edf""]"
PN00,PN00-4.edf,1520,1510,1520,1460,1520,True,True,False,True,0,2102,0,negative,,,0.083320463509007667,0.84999999999999998,E1_RF,20260922,True,nested,"[""PN00-1.edf"", ""PN00-2.edf"", ""PN00-5.edf""]"
PN00,PN00-4.edf,1525,1515,1525,1465,1525,True,True,False,True,0,2102,0,negative,,,0.41009264966582892,0.84999999999999998,E1_RF,20260922,True,nested,"[""PN00-1.edf"", ""PN00-2.edf"", ""PN00-5.edf""]"
PN00,PN00-4.edf,1530,1520,1530,1470,1530,True,True,False,True,0,2102,0,negative,,,0.44955939543178686,0.84999999999999998,E1_RF,20260922,True,nested,"[""PN00-1.edf"", ""PN00-2.edf"", ""PN00-5.edf""]"
PN00,PN00-4.edf,1535,1525,1535,1475,1535,True,True,False,True,0,2102,0,negative,,,0.33811480905111302,0.84999999999999998,E1_RF,20260922,True,nested,"[""PN00-1.edf"", ""PN00-2.edf"", ""PN00-5.edf""]"
PN00,PN00-4.edf,1540,1530,1540,1480,1540,True,True,False,True,0,2102,0,negative,,,0.089319434506354031,0.84999999999999998,E1_RF,20260922,True,nested,"[""PN00-1.edf"", ""PN00-2.edf"", ""PN00-5.edf""]"
PN00,PN00-4.edf,1545,1535,1545,1485,1545,True,True,False,True,0,2102,0,negative,,,0.072164487525064033,0.84999999999999998,E1_RF,20260922,True,nested,"[""PN00-1.edf"", ""PN00-2.edf"", ""PN00-5.edf""]"
PN00,PN00-4.edf,1550,1540,1550,1490,1550,True,True,False,True,0,2102,0,negative,,,0.027035110572023385,0.84999999999999998,E1_RF,20260922,True,nested,"[""PN00-1.edf"", ""PN00-2.edf"", ""PN00-5.edf""]"
PN00,PN00-4.edf,1555,1545,1555,1495,1555,True,True,False,True,0,2102,0,negative,,,0.02624522416682672,0.84999999999999998,E1_RF,20260922,True,nested,"[""PN00-1.edf"", ""PN00-2.edf"", ""PN00-5.edf""]"
PN00,PN00-4.edf,1560,1550,1560,1500,1560,True,True,False,True,0,2102,0,negative,,,0.0051577152600170498,0.84999999999999998,E1_RF,20260922,True,nested,"[""PN00-1.edf"", ""PN00-2.edf"", ""PN00-5.edf""]"
PN00,PN00-4.edf,1565,1555,1565,1505,1565,True,True,False,True,0,2102,0,negative,,,0.0051577152600170498,0.84999999999999998,E1_RF,20260922,True,nested,"[""PN00-1.edf"", ""PN00-2.edf"", ""PN00-5.edf""]"
PN00,PN00-4.edf,1570,1560,1570,1510,1570,True,True,False,True,0,2102,0,negative,,,0.0081658453413178626,0.84999999999999998,E1_RF,20260922,True,nested,"[""PN00-1.edf"", ""PN00-2.edf"", ""PN00-5.edf""]"
PN00,PN00-4.edf,1575,1565,1575,1515,1575,True,True,False,True,0,2102,0,negative,,,0.27857912407977131,0.84999999999999998,E1_RF,20260922,True,nested,"[""PN00-1.edf"", ""PN00-2.edf"", ""PN00-5.edf""]"
PN00,PN00-4.edf,1580,1570,1580,1520,1580,True,True,False,True,0,2102,0,negative,,,0.29504212643536498,0.84999999999999998,E1_RF,20260922,True,nested,"[""PN00-1.edf"", ""PN00-2.edf"", ""PN00-5.edf""]"
PN00,PN00-4.edf,1585,1575,1585,1525,1585,True,True,False,True,0,2102,0,negative,,,0.0083571004159239456,0.84999999999999998,E1_RF,20260922,True,nested,"[""PN00-1.edf"", ""PN00-2.edf"", ""PN00-5.edf""]"
PN00,PN00-4.edf,1590,1580,1590,1530,1590,True,True,False,True,0,2102,0,negative,,,0.002121212121212121,0.84999999999999998,E1_RF,20260922,True,nested,"[""PN00-1.edf"", ""PN00-2.edf"", ""PN00-5.edf""]"
PN00,PN00-4.edf,1595,1585,1595,1535,1595,True,True,False,True,0,2102,0,negative,,,0.002121212121212121,0.84999999999999998,E1_RF,20260922,True,nested,"[""PN00-1.edf"", ""PN00-2.edf"", ""PN00-5.edf""]"
PN00,PN00-4.edf,1600,1590,1600,1540,1600,True,True,False,True,0,2102,0,negative,,,0.002666666666666667,0.84999999999999998,E1_RF,20260922,True,nested,"[""PN00-1.edf"", ""PN00-2.edf"", ""PN00-5.edf""]"
PN00,PN00-4.edf,1605,1595,1605,1545,1605,True,True,False,True,0,2102,0,negative,,,0,0.84999999999999998,E1_RF,20260922,True,nested,"[""PN00-1.edf"", ""PN00-2.edf"", ""PN00-5.edf""]"
PN00,PN00-4.edf,1610,1600,1610,1550,1610,True,True,False,True,0,2102,0,negative,,,0.030011197454076714,0.84999999999999998,E1_RF,20260922,True,nested,"[""PN00-1.edf"", ""PN00-2.edf"", ""PN00-5.edf""]"
PN00,PN00-4.edf,1615,1605,1615,1555,1615,True,True,False,True,0,2102,0,negative,,,0.022427217032480188,0.84999999999999998,E1_RF,20260922,True,nested,"[""PN00-1.edf"", ""PN00-2.edf"", ""PN00-5.edf""]"
PN00,PN00-4.edf,1620,1610,1620,1560,1620,True,True,False,True,0,2102,0,negative,,,0.034150376197000905,0.84999999999999998,E1_RF,20260922,True,nested,"[""PN00-1.edf"", ""PN00-2.edf"", ""PN00-5.edf""]"
PN00,PN00-4.edf,1625,1615,1625,1565,1625,True,True,False,True,0,2102,0,negative,,,0.0052349582784365399,0.84999999999999998,E1_RF,20260922,True,nested,"[""PN00-1.edf"", ""PN00-2.edf"", ""PN00-5.edf""]"
PN00,PN00-4.edf,1630,1620,1630,1570,1630,True,True,False,True,0,2102,0,negative,,,0.032745020501784537,0.84999999999999998,E1_RF,20260922,True,nested,"[""PN00-1.edf"", ""PN00-2.edf"", ""PN00-5.edf""]"
PN00,PN00-4.edf,1635,1625,1635,1575,1635,True,True,False,True,0,2102,0,negative,,,0.078522125150912697,0.84999999999999998,E1_RF,20260922,True,nested,"[""PN00-1.edf"", ""PN00-2.edf"", ""PN00-5.edf""]"
PN00,PN00-4.edf,1640,1630,1640,1580,1640,True,True,False,True,0,2102,0,negative,,,0.09284801938294357,0.84999999999999998,E1_RF,20260922,True,nested,"[""PN00-1.edf"", ""PN00-2.edf"", ""PN00-5.edf""]"
PN00,PN00-4.edf,1645,1635,1645,1585,1645,True,True,False,True,0,2102,0,negative,,,0.0052349582784365399,0.84999999999999998,E1_RF,20260922,True,nested,"[""PN00-1.edf"", ""PN00-2.edf"", ""PN00-5.edf""]"
PN00,PN00-4.edf,1650,1640,1650,1590,1650,True,True,False,True,0,2102,0,negative,,,0,0.84999999999999998,E1_RF,20260922,True,nested,"[""PN00-1.edf"", ""PN00-2.edf"", ""PN00-5.edf""]"
PN00,PN00-4.edf,1655,1645,1655,1595,1655,True,True,False,True,0,2102,0,negative,,,0,0.84999999999999998,E1_RF,20260922,True,nested,"[""PN00-1.edf"", ""PN00-2.edf"", ""PN00-5.edf""]"
PN00,PN00-4.edf,1660,1650,1660,1600,1660,True,True,False,True,0,2102,0,negative,,,0.053542852815454678,0.84999999999999998,E1_RF,20260922,True,nested,"[""PN00-1.edf"", ""PN00-2.edf"", ""PN00-5.edf""]"
PN00,PN00-4.edf,1665,1655,1665,1605,1665,True,True,False,True,0,2102,0,negative,,,0.048130064160029275,0.84999999999999998,E1_RF,20260922,True,nested,"[""PN00-1.edf"", ""PN00-2.edf"", ""PN00-5.edf""]"
PN00,PN00-4.edf,1670,1660,1670,1610,1670,True,True,False,True,0,2102,0,negative,,,0.064727738397269738,0.84999999999999998,E1_RF,20260922,True,nested,"[""PN00-1.edf"", ""PN00-2.edf"", ""PN00-5.edf""]"
PN00,PN00-4.edf,1675,1665,1675,1615,1675,True,True,False,True,0,2102,0,negative,,,0.0645307265893513,0.84999999999999998,E1_RF,20260922,True,nested,"[""PN00-1.edf"", ""PN00-2.edf"", ""PN00-5.edf""]"
PN00,PN00-4.edf,1680,1670,1680,1620,1680,True,True,False,True,0,2102,0,negative,,,0.14420622932513072,0.84999999999999998,E1_RF,20260922,True,nested,"[""PN00-1.edf"", ""PN00-2.edf"", ""PN00-5.edf""]"
PN00,PN00-4.edf,1685,1675,1685,1625,1685,True,True,False,True,0,2102,0,negative,,,0,0.84999999999999998,E1_RF,20260922,True,nested,"[""PN00-1.edf"", ""PN00-2.edf"", ""PN00-5.edf""]"
PN00,PN00-4.edf,1690,1680,1690,1630,1690,True,True,False,True,0,2102,0,negative,,,0,0.84999999999999998,E1_RF,20260922,True,nested,"[""PN00-1.edf"", ""PN00-2.edf"", ""PN00-5.edf""]"
PN00,PN00-4.edf,1695,1685,1695,1635,1695,True,True,False,True,0,2102,0,negative,,,0.0028571428571428571,0.84999999999999998,E1_RF,20260922,True,nested,"[""PN00-1.edf"", ""PN00-2.edf"", ""PN00-5.edf""]"
PN00,PN00-4.edf,1700,1690,1700,1640,1700,True,True,False,True,0,2102,0,negative,,,0.012119769119769121,0.84999999999999998,E1_RF,20260922,True,nested,"[""PN00-1.edf"", ""PN00-2.edf"", ""PN00-5.edf""]"
PN00,PN00-4.edf,1705,1695,1705,1645,1705,True,True,False,True,0,2102,0,negative,,,0.056198260145054357,0.84999999999999998,E1_RF,20260922,True,nested,"[""PN00-1.edf"", ""PN00-2.edf"", ""PN00-5.edf""]"
PN00,PN00-4.edf,1710,1700,1710,1650,1710,True,True,False,True,0,2102,0,negative,,,0.042478011688535884,0.84999999999999998,E1_RF,20260922,True,nested,"[""PN00-1.edf"", ""PN00-2.edf"", ""PN00-5.edf""]"
PN00,PN00-4.edf,1715,1705,1715,1655,1715,True,True,False,True,0,2102,0,negative,,,0,0.84999999999999998,E1_RF,20260922,True,nested,"[""PN00-1.edf"", ""PN00-2.edf"", ""PN00-5.edf""]"
PN00,PN00-4.edf,1720,1710,1720,1660,1720,True,True,False,True,0,2102,0,negative,,,0.011080955334987595,0.84999999999999998,E1_RF,20260922,True,nested,"[""PN00-1.edf"", ""PN00-2.edf"", ""PN00-5.edf""]"
PN00,PN00-4.edf,1725,1715,1725,1665,1725,True,True,False,True,0,2102,0,negative,,,0,0.84999999999999998,E1_RF,20260922,True,nested,"[""PN00-1.edf"", ""PN00-2.edf"", ""PN00-5.edf""]"
PN00,PN00-4.edf,1730,1720,1730,1670,1730,True,True,False,True,0,2102,0,negative,,,0.002666666666666667,0.84999999999999998,E1_RF,20260922,True,nested,"[""PN00-1.edf"", ""PN00-2.edf"", ""PN00-5.edf""]"
PN00,PN00-4.edf,1735,1725,1735,1675,1735,True,True,False,True,0,2102,0,negative,,,0.0022916666666666667,0.84999999999999998,E1_RF,20260922,True,nested,"[""PN00-1.edf"", ""PN00-2.edf"", ""PN00-5.edf""]"
PN00,PN00-4.edf,1740,1730,1740,1680,1740,True,True,False,True,0,2102,0,negative,,,0.0026086956521739132,0.84999999999999998,E1_RF,20260922,True,nested,"[""PN00-1.edf"", ""PN00-2.edf"", ""PN00-5.edf""]"
PN00,PN00-4.edf,1745,1735,1745,1685,1745,True,True,False,True,0,2102,0,negative,,,0.0044345238095238092,0.84999999999999998,E1_RF,20260922,True,nested,"[""PN00-1.edf"", ""PN00-2.edf"", ""PN00-5.edf""]"
PN00,PN00-4.edf,1750,1740,1750,1690,1750,True,True,False,True,0,2102,0,negative,,,0.0025000000000000001,0.84999999999999998,E1_RF,20260922,True,nested,"[""PN00-1.edf"", ""PN00-2.edf"", ""PN00-5.edf""]"
PN00,PN00-4.edf,1755,1745,1755,1695,1755,True,True,False,True,0,2102,0,negative,,,0.0052906976744186048,0.84999999999999998,E1_RF,20260922,True,nested,"[""PN00-1.edf"", ""PN00-2.edf"", ""PN00-5.edf""]"
PN00,PN00-4.edf,1760,1750,1760,1700,1760,True,True,False,True,0,2102,0,negative,,,0.2191386455825951,0.84999999999999998,E1_RF,20260922,True,nested,"[""PN00-1.edf"", ""PN00-2.edf"", ""PN00-5.edf""]"
PN00,PN00-4.edf,1765,1755,1765,1705,1765,True,True,False,True,0,2102,0,negative,,,0.38673852629607897,0.84999999999999998,E1_RF,20260922,True,nested,"[""PN00-1.edf"", ""PN00-2.edf"", ""PN00-5.edf""]"
PN00,PN00-4.edf,1770,1760,1770,1710,1770,True,True,False,True,0,2102,0,negative,,,0.19624030746594937,0.84999999999999998,E1_RF,20260922,True,nested,"[""PN00-1.edf"", ""PN00-2.edf"", ""PN00-5.edf""]"
PN00,PN00-4.edf,1775,1765,1775,1715,1775,True,True,False,True,0,2102,0,negative,,,0.088316955152605903,0.84999999999999998,E1_RF,20260922,True,nested,"[""PN00-1.edf"", ""PN00-2.edf"", ""PN00-5.edf""]"
PN00,PN00-4.edf,1780,1770,1780,1720,1780,True,True,False,True,0,2102,0,negative,,,0.066866135709850352,0.84999999999999998,E1_RF,20260922,True,nested,"[""PN00-1.edf"", ""PN00-2.edf"", ""PN00-5.edf""]"
PN00,PN00-4.edf,1785,1775,1785,1725,1785,True,True,False,True,0,2102,0,negative,,,0.0090460102960102963,0.84999999999999998,E1_RF,20260922,True,nested,"[""PN00-1.edf"", ""PN00-2.edf"", ""PN00-5.edf""]"
PN00,PN00-4.edf,1790,1780,1790,1730,1790,True,True,False,True,0,2102,0,negative,,,0.019656900948567615,0.84999999999999998,E1_RF,20260922,True,nested,"[""PN00-1.edf"", ""PN00-2.edf"", ""PN00-5.edf""]"
PN00,PN00-4.edf,1795,1785,1795,1735,1795,True,True,False,True,0,2102,0,negative,,,0.026559300261119148,0.84999999999999998,E1_RF,20260922,True,nested,"[""PN00-1.edf"", ""PN00-2.edf"", ""PN00-5.edf""]"
PN00,PN00-4.edf,1800,1790,1800,1740,1800,True,True,False,True,0,2102,0,negative,,,0.12474924171619631,0.84999999999999998,E1_RF,20260922,True,nested,"[""PN00-1.edf"", ""PN00-2.edf"", ""PN00-5.edf""]"
PN00,PN00-4.edf,1805,1795,1805,1745,1805,True,True,False,True,0,2102,0,negative,,,0.23488380688288241,0.84999999999999998,E1_RF,20260922,True,nested,"[""PN00-1.edf"", ""PN00-2.edf"", ""PN00-5.edf""]"
PN00,PN00-4.edf,1810,1800,1810,1750,1810,True,True,False,True,0,2102,0,negative,,,0.12196469530714879,0.84999999999999998,E1_RF,20260922,True,nested,"[""PN00-1.edf"", ""PN00-2.edf"", ""PN00-5.edf""]"
PN00,PN00-4.edf,1815,1805,1815,1755,1815,True,True,False,True,0,2102,0,negative,,,0.18448135096076743,0.84999999999999998,E1_RF,20260922,True,nested,"[""PN00-1.edf"", ""PN00-2.edf"", ""PN00-5.edf""]"
PN00,PN00-4.edf,1820,1810,1820,1760,1820,True,True,False,True,0,2102,0,negative,,,0.057317297621574968,0.84999999999999998,E1_RF,20260922,True,nested,"[""PN00-1.edf"", ""PN00-2.edf"", ""PN00-5.edf""]"
PN00,PN00-4.edf,1825,1815,1825,1765,1825,True,True,False,True,0,2102,0,negative,,,0.024308339370839371,0.84999999999999998,E1_RF,20260922,True,nested,"[""PN00-1.edf"", ""PN00-2.edf"", ""PN00-5.edf""]"
PN00,PN00-4.edf,1830,1820,1830,1770,1830,True,True,False,True,0,2102,0,negative,,,0.025623204613123968,0.84999999999999998,E1_RF,20260922,True,nested,"[""PN00-1.edf"", ""PN00-2.edf"", ""PN00-5.edf""]"
PN00,PN00-4.edf,1835,1825,1835,1775,1835,True,True,False,True,0,2102,0,negative,,,0.041121284490236096,0.84999999999999998,E1_RF,20260922,True,nested,"[""PN00-1.edf"", ""PN00-2.edf"", ""PN00-5.edf""]"
PN00,PN00-4.edf,1840,1830,1840,1780,1840,True,True,False,True,0,2102,0,negative,,,0.016582148894648895,0.84999999999999998,E1_RF,20260922,True,nested,"[""PN00-1.edf"", ""PN00-2.edf"", ""PN00-5.edf""]"
PN00,PN00-4.edf,1845,1835,1845,1785,1845,True,True,False,True,0,2102,0,negative,,,0.056078899536136387,0.84999999999999998,E1_RF,20260922,True,nested,"[""PN00-1.edf"", ""PN00-2.edf"", ""PN00-5.edf""]"
PN00,PN00-4.edf,1850,1840,1850,1790,1850,True,True,False,True,0,2102,0,negative,,,0.015737956487956489,0.84999999999999998,E1_RF,20260922,True,nested,"[""PN00-1.edf"", ""PN00-2.edf"", ""PN00-5.edf""]"
PN00,PN00-4.edf,1855,1845,1855,1795,1855,True,True,False,True,0,2102,0,negative,,,0.0024358974358974356,0.84999999999999998,E1_RF,20260922,True,nested,"[""PN00-1.edf"", ""PN00-2.edf"", ""PN00-5.edf""]"
PN00,PN00-4.edf,1860,1850,1860,1800,1860,True,True,False,True,0,2102,0,negative,,,0.017941765131420304,0.84999999999999998,E1_RF,20260922,True,nested,"[""PN00-1.edf"", ""PN00-2.edf"", ""PN00-5.edf""]"
PN00,PN00-4.edf,1865,1855,1865,1805,1865,True,True,False,True,0,2102,0,negative,,,0.0032222222222222218,0.84999999999999998,E1_RF,20260922,True,nested,"[""PN00-1.edf"", ""PN00-2.edf"", ""PN00-5.edf""]"
PN00,PN00-4.edf,1870,1860,1870,1810,1870,True,True,False,True,0,2102,0,negative,,,0.021519047619047622,0.84999999999999998,E1_RF,20260922,True,nested,"[""PN00-1.edf"", ""PN00-2.edf"", ""PN00-5.edf""]"
PN00,PN00-4.edf,1875,1865,1875,1815,1875,True,True,False,True,0,2102,0,negative,,,0.01953158976861212,0.84999999999999998,E1_RF,20260922,True,nested,"[""PN00-1.edf"", ""PN00-2.edf"", ""PN00-5.edf""]"
PN00,PN00-4.edf,1880,1870,1880,1820,1880,True,True,False,True,0,2102,0,negative,,,0.044839190293137661,0.84999999999999998,E1_RF,20260922,True,nested,"[""PN00-1.edf"", ""PN00-2.edf"", ""PN00-5.edf""]"
PN00,PN00-4.edf,1885,1875,1885,1825,1885,True,True,False,True,0,2102,0,negative,,,0.39623139797962881,0.84999999999999998,E1_RF,20260922,True,nested,"[""PN00-1.edf"", ""PN00-2.edf"", ""PN00-5.edf""]"
PN00,PN00-4.edf,1890,1880,1890,1830,1890,True,True,False,True,0,2102,0,negative,,,0.45498014573399803,0.84999999999999998,E1_RF,20260922,True,nested,"[""PN00-1.edf"", ""PN00-2.edf"", ""PN00-5.edf""]"
PN00,PN00-4.edf,1895,1885,1895,1835,1895,True,True,False,True,0,2102,0,negative,,,0.2532717963091648,0.84999999999999998,E1_RF,20260922,True,nested,"[""PN00-1.edf"", ""PN00-2.edf"", ""PN00-5.edf""]"
PN00,PN00-4.edf,1900,1890,1900,1840,1900,True,True,False,True,0,2102,0,negative,,,0.059657310935242049,0.84999999999999998,E1_RF,20260922,True,nested,"[""PN00-1.edf"", ""PN00-2.edf"", ""PN00-5.edf""]"
PN00,PN00-4.edf,1905,1895,1905,1845,1905,True,True,False,True,0,2102,0,negative,,,0.018784391301553769,0.84999999999999998,E1_RF,20260922,True,nested,"[""PN00-1.edf"", ""PN00-2.edf"", ""PN00-5.edf""]"
PN00,PN00-4.edf,1910,1900,1910,1850,1910,True,True,False,True,0,2102,0,negative,,,0.067179964361594915,0.84999999999999998,E1_RF,20260922,True,nested,"[""PN00-1.edf"", ""PN00-2.edf"", ""PN00-5.edf""]"
PN00,PN00-4.edf,1915,1905,1915,1855,1915,True,True,False,True,0,2102,0,negative,,,0.0027777777777777779,0.84999999999999998,E1_RF,20260922,True,nested,"[""PN00-1.edf"", ""PN00-2.edf"", ""PN00-5.edf""]"
PN00,PN00-4.edf,1920,1910,1920,1860,1920,True,True,False,True,0,2102,0,negative,,,0,0.84999999999999998,E1_RF,20260922,True,nested,"[""PN00-1.edf"", ""PN00-2.edf"", ""PN00-5.edf""]"
PN00,PN00-4.edf,1925,1915,1925,1865,1925,True,True,False,True,0,2102,0,negative,,,0,0.84999999999999998,E1_RF,20260922,True,nested,"[""PN00-1.edf"", ""PN00-2.edf"", ""PN00-5.edf""]"
PN00,PN00-4.edf,1930,1920,1930,1870,1930,True,True,False,True,0,2102,0,negative,,,0.019187233832542758,0.84999999999999998,E1_RF,20260922,True,nested,"[""PN00-1.edf"", ""PN00-2.edf"", ""PN00-5.edf""]"
PN00,PN00-4.edf,1935,1925,1935,1875,1935,True,True,False,True,0,2102,0,negative,,,0.020303914422907559,0.84999999999999998,E1_RF,20260922,True,nested,"[""PN00-1.edf"", ""PN00-2.edf"", ""PN00-5.edf""]"
PN00,PN00-4.edf,1940,1930,1940,1880,1940,True,True,False,True,0,2102,0,negative,,,0.0022916666666666667,0.84999999999999998,E1_RF,20260922,True,nested,"[""PN00-1.edf"", ""PN00-2.edf"", ""PN00-5.edf""]"
PN00,PN00-4.edf,1945,1935,1945,1885,1945,True,True,False,True,0,2102,0,negative,,,0.012645920408673598,0.84999999999999998,E1_RF,20260922,True,nested,"[""PN00-1.edf"", ""PN00-2.edf"", ""PN00-5.edf""]"
PN00,PN00-4.edf,1950,1940,1950,1890,1950,True,True,False,True,0,2102,0,negative,,,0.034611391849951489,0.84999999999999998,E1_RF,20260922,True,nested,"[""PN00-1.edf"", ""PN00-2.edf"", ""PN00-5.edf""]"
PN00,PN00-4.edf,1955,1945,1955,1895,1955,True,True,False,True,0,2102,0,negative,,,0,0.84999999999999998,E1_RF,20260922,True,nested,"[""PN00-1.edf"", ""PN00-2.edf"", ""PN00-5.edf""]"
PN00,PN00-4.edf,1960,1950,1960,1900,1960,True,True,False,True,0,2102,0,negative,,,0.0022916666666666667,0.84999999999999998,E1_RF,20260922,True,nested,"[""PN00-1.edf"", ""PN00-2.edf"", ""PN00-5.edf""]"
PN00,PN00-4.edf,1965,1955,1965,1905,1965,True,True,False,True,0,2102,0,negative,,,0.015063556067588326,0.84999999999999998,E1_RF,20260922,True,nested,"[""PN00-1.edf"", ""PN00-2.edf"", ""PN00-5.edf""]"
PN00,PN00-4.edf,1970,1960,1970,1910,1970,True,True,False,True,0,2102,0,negative,,,0.03139955788947725,0.84999999999999998,E1_RF,20260922,True,nested,"[""PN00-1.edf"", ""PN00-2.edf"", ""PN00-5.edf""]"
PN00,PN00-4.edf,1975,1965,1975,1915,1975,True,True,False,True,0,2102,0,negative,,,0.04019588468580404,0.84999999999999998,E1_RF,20260922,True,nested,"[""PN00-1.edf"", ""PN00-2.edf"", ""PN00-5.edf""]"
PN00,PN00-4.edf,1980,1970,1980,1920,1980,True,True,False,True,0,2102,0,negative,,,0.0070823643410852719,0.84999999999999998,E1_RF,20260922,True,nested,"[""PN00-1.edf"", ""PN00-2.edf"", ""PN00-5.edf""]"
PN00,PN00-4.edf,1985,1975,1985,1925,1985,True,True,False,True,0,2102,0,negative,,,0,0.84999999999999998,E1_RF,20260922,True,nested,"[""PN00-1.edf"", ""PN00-2.edf"", ""PN00-5.edf""]"
PN00,PN00-4.edf,1990,1980,1990,1930,1990,True,True,False,True,0,2102,0,negative,,,0.0027906976744186047,0.84999999999999998,E1_RF,20260922,True,nested,"[""PN00-1.edf"", ""PN00-2.edf"", ""PN00-5.edf""]"
PN00,PN00-4.edf,1995,1985,1995,1935,1995,True,True,False,True,0,2102,0,negative,,,0,0.84999999999999998,E1_RF,20260922,True,nested,"[""PN00-1.edf"", ""PN00-2.edf"", ""PN00-5.edf""]"
PN00,PN00-4.edf,2000,1990,2000,1940,2000,True,True,False,True,0,2102,0,negative,,,0.0028985507246376812,0.84999999999999998,E1_RF,20260922,True,nested,"[""PN00-1.edf"", ""PN00-2.edf"", ""PN00-5.edf""]"
PN00,PN00-4.edf,2005,1995,2005,1945,2005,True,True,False,True,0,2102,0,negative,,,0.052251388013411608,0.84999999999999998,E1_RF,20260922,True,nested,"[""PN00-1.edf"", ""PN00-2.edf"", ""PN00-5.edf""]"
PN00,PN00-4.edf,2010,2000,2010,1950,2010,True,True,False,True,0,2102,0,negative,,,0.076486332584412633,0.84999999999999998,E1_RF,20260922,True,nested,"[""PN00-1.edf"", ""PN00-2.edf"", ""PN00-5.edf""]"
PN00,PN00-4.edf,2015,2005,2015,1955,2015,True,True,False,True,0,2102,0,negative,,,0.16764273726736284,0.84999999999999998,E1_RF,20260922,True,nested,"[""PN00-1.edf"", ""PN00-2.edf"", ""PN00-5.edf""]"
PN00,PN00-4.edf,2020,2010,2020,1960,2020,True,True,False,True,0,2102,0,negative,,,0.027369759116461233,0.84999999999999998,E1_RF,20260922,True,nested,"[""PN00-1.edf"", ""PN00-2.edf"", ""PN00-5.edf""]"
PN00,PN00-4.edf,2025,2015,2025,1965,2025,True,True,False,True,0,2102,0,negative,,,0.004743589743589743,0.84999999999999998,E1_RF,20260922,True,nested,"[""PN00-1.edf"", ""PN00-2.edf"", ""PN00-5.edf""]"
PN00,PN00-4.edf,2030,2020,2030,1970,2030,True,True,False,True,0,2102,0,negative,,,0.010437008811621814,0.84999999999999998,E1_RF,20260922,True,nested,"[""PN00-1.edf"", ""PN00-2.edf"", ""PN00-5.edf""]"
PN00,PN00-4.edf,2035,2025,2035,1975,2035,True,True,False,True,0,2102,0,negative,,,0.004743589743589743,0.84999999999999998,E1_RF,20260922,True,nested,"[""PN00-1.edf"", ""PN00-2.edf"", ""PN00-5.edf""]"
PN00,PN00-4.edf,2040,2030,2040,1980,2040,True,True,False,True,0,2102,0,negative,,,0.021142229992229991,0.84999999999999998,E1_RF,20260922,True,nested,"[""PN00-1.edf"", ""PN00-2.edf"", ""PN00-5.edf""]"
PN00,PN00-4.edf,2045,2035,2045,1985,2045,True,True,False,True,0,2102,0,negative,,,0.096383740193170628,0.84999999999999998,E1_RF,20260922,True,nested,"[""PN00-1.edf"", ""PN00-2.edf"", ""PN00-5.edf""]"
PN00,PN00-4.edf,2050,2040,2050,1990,2050,True,True,False,True,0,2102,0,negative,,,0.050579630286867128,0.84999999999999998,E1_RF,20260922,True,nested,"[""PN00-1.edf"", ""PN00-2.edf"", ""PN00-5.edf""]"
PN00,PN00-4.edf,2055,2045,2055,1995,2055,True,True,False,True,0,2102,0,negative,,,0.013726656638555953,0.84999999999999998,E1_RF,20260922,True,nested,"[""PN00-1.edf"", ""PN00-2.edf"", ""PN00-5.edf""]"
PN00,PN00-4.edf,2060,2050,2060,2000,2060,True,True,False,True,0,2102,0,negative,,,0.43092065151417508,0.84999999999999998,E1_RF,20260922,True,nested,"[""PN00-1.edf"", ""PN00-2.edf"", ""PN00-5.edf""]"
PN00,PN00-4.edf,2065,2055,2065,2005,2065,True,True,False,True,0,2102,0,negative,,,0.096360728554675687,0.84999999999999998,E1_RF,20260922,True,nested,"[""PN00-1.edf"", ""PN00-2.edf"", ""PN00-5.edf""]"
PN00,PN00-4.edf,2070,2060,2070,2010,2070,True,True,False,True,0,2102,0,negative,,,0.026285232685429129,0.84999999999999998,E1_RF,20260922,True,nested,"[""PN00-1.edf"", ""PN00-2.edf"", ""PN00-5.edf""]"
PN00,PN00-4.edf,2075,2065,2075,2015,2075,True,True,False,True,0,2102,0,negative,,,0.0030593607305936074,0.84999999999999998,E1_RF,20260922,True,nested,"[""PN00-1.edf"", ""PN00-2.edf"", ""PN00-5.edf""]"
PN00,PN00-4.edf,2080,2070,2080,2020,2080,True,True,False,True,0,2102,0,negative,,,0.043429203741776383,0.84999999999999998,E1_RF,20260922,True,nested,"[""PN00-1.edf"", ""PN00-2.edf"", ""PN00-5.edf""]"
PN00,PN00-4.edf,2085,2075,2085,2025,2085,True,True,False,True,0,2102,0,negative,,,0.082556202635073947,0.84999999999999998,E1_RF,20260922,True,nested,"[""PN00-1.edf"", ""PN00-2.edf"", ""PN00-5.edf""]"
PN00,PN00-4.edf,2090,2080,2090,2030,2090,True,True,False,True,0,2102,0,negative,,,0.067091535179489931,0.84999999999999998,E1_RF,20260922,True,nested,"[""PN00-1.edf"", ""PN00-2.edf"", ""PN00-5.edf""]"
PN00,PN00-4.edf,2095,2085,2095,2035,2095,True,True,False,True,0,2102,0,negative,,,0.04298244959210433,0.84999999999999998,E1_RF,20260922,True,nested,"[""PN00-1.edf"", ""PN00-2.edf"", ""PN00-5.edf""]"
PN00,PN00-4.edf,2100,2090,2100,2040,2100,True,True,False,True,0,2102,0,negative,,,0.077455474208923125,0.84999999999999998,E1_RF,20260922,True,nested,"[""PN00-1.edf"", ""PN00-2.edf"", ""PN00-5.edf""]"
PN00,PN00-5.edf,10,0,10,,10,True,False,False,True,0,2143,0,negative,,,0.020263178850135372,0.90000000000000002,E1_RF,20260922,True,nested,"[""PN00-1.edf"", ""PN00-2.edf"", ""PN00-4.edf""]"
PN00,PN00-5.edf,15,5,15,,15,True,False,False,True,0,2143,0,negative,,,0.20943350826236284,0.90000000000000002,E1_RF,20260922,True,nested,"[""PN00-1.edf"", ""PN00-2.edf"", ""PN00-4.edf""]"
PN00,PN00-5.edf,20,10,20,,20,True,False,False,True,0,2143,0,negative,,,0.4656989267538495,0.90000000000000002,E1_RF,20260922,True,nested,"[""PN00-1.edf"", ""PN00-2.edf"", ""PN00-4.edf""]"
PN00,PN00-5.edf,25,15,25,,25,True,False,False,True,0,2143,0,negative,,,0.24663115959539902,0.90000000000000002,E1_RF,20260922,True,nested,"[""PN00-1.edf"", ""PN00-2.edf"", ""PN00-4.edf""]"
PN00,PN00-5.edf,30,20,30,,30,True,False,False,True,0,2143,0,negative,,,0.0051587301587301586,0.90000000000000002,E1_RF,20260922,True,nested,"[""PN00-1.edf"", ""PN00-2.edf"", ""PN00-4.edf""]"
PN00,PN00-5.edf,35,25,35,,35,True,False,False,True,0,2143,0,negative,,,0.067830323903457848,0.90000000000000002,E1_RF,20260922,True,nested,"[""PN00-1.edf"", ""PN00-2.edf"", ""PN00-4.edf""]"
PN00,PN00-5.edf,40,30,40,,40,True,False,False,True,0,2143,0,negative,,,0.048364370475065123,0.90000000000000002,E1_RF,20260922,True,nested,"[""PN00-1.edf"", ""PN00-2.edf"", ""PN00-4.edf""]"
PN00,PN00-5.edf,45,35,45,,45,True,False,False,True,0,2143,0,negative,,,0,0.90000000000000002,E1_RF,20260922,True,nested,"[""PN00-1.edf"", ""PN00-2.edf"", ""PN00-4.edf""]"
PN00,PN00-5.edf,50,40,50,,50,True,False,False,True,0,2143,0,negative,,,0.0023529411764705885,0.90000000000000002,E1_RF,20260922,True,nested,"[""PN00-1.edf"", ""PN00-2.edf"", ""PN00-4.edf""]"
PN00,PN00-5.edf,55,45,55,,55,True,False,False,True,0,2143,0,negative,,,0.20860868494023757,0.90000000000000002,E1_RF,20260922,True,nested,"[""PN00-1.edf"", ""PN00-2.edf"", ""PN00-4.edf""]"
PN00,PN00-5.edf,60,50,60,0,60,True,True,False,True,0,2143,0,negative,,,0.18299484366811575,0.90000000000000002,E1_RF,20260922,True,nested,"[""PN00-1.edf"", ""PN00-2.edf"", ""PN00-4.edf""]"
PN00,PN00-5.edf,65,55,65,5,65,True,True,False,True,0,2143,0,negative,,,0.069177034273723834,0.90000000000000002,E1_RF,20260922,True,nested,"[""PN00-1.edf"", ""PN00-2.edf"", ""PN00-4.edf""]"
PN00,PN00-5.edf,70,60,70,10,70,True,True,False,True,0,2143,0,negative,,,0.23499182852101869,0.90000000000000002,E1_RF,20260922,True,nested,"[""PN00-1.edf"", ""PN00-2.edf"", ""PN00-4.edf""]"
PN00,PN00-5.edf,75,65,75,15,75,True,True,False,True,0,2143,0,negative,,,0.22422626863844569,0.90000000000000002,E1_RF,20260922,True,nested,"[""PN00-1.edf"", ""PN00-2.edf"", ""PN00-4.edf""]"
PN00,PN00-5.edf,80,70,80,20,80,True,True,False,True,0,2143,0,negative,,,0.037967695998672571,0.90000000000000002,E1_RF,20260922,True,nested,"[""PN00-1.edf"", ""PN00-2.edf"", ""PN00-4.edf""]"
PN00,PN00-5.edf,85,75,85,25,85,True,True,False,True,0,2143,0,negative,,,0.041342738686847312,0.90000000000000002,E1_RF,20260922,True,nested,"[""PN00-1.edf"", ""PN00-2.edf"", ""PN00-4.edf""]"
PN00,PN00-5.edf,90,80,90,30,90,True,True,False,True,0,2143,0,negative,,,0.41281586962451439,0.90000000000000002,E1_RF,20260922,True,nested,"[""PN00-1.edf"", ""PN00-2.edf"", ""PN00-4.edf""]"
PN00,PN00-5.edf,95,85,95,35,95,True,True,False,True,0,2143,0,negative,,,0.35176928256485085,0.90000000000000002,E1_RF,20260922,True,nested,"[""PN00-1.edf"", ""PN00-2.edf"", ""PN00-4.edf""]"
PN00,PN00-5.edf,100,90,100,40,100,True,True,False,True,0,2143,0,negative,,,0.021478873656219196,0.90000000000000002,E1_RF,20260922,True,nested,"[""PN00-1.edf"", ""PN00-2.edf"", ""PN00-4.edf""]"
PN00,PN00-5.edf,105,95,105,45,105,True,True,False,True,0,2143,0,negative,,,0.015068964851573548,0.90000000000000002,E1_RF,20260922,True,nested,"[""PN00-1.edf"", ""PN00-2.edf"", ""PN00-4.edf""]"
PN00,PN00-5.edf,110,100,110,50,110,True,True,False,True,0,2143,0,negative,,,0.061731978822808294,0.90000000000000002,E1_RF,20260922,True,nested,"[""PN00-1.edf"", ""PN00-2.edf"", ""PN00-4.edf""]"
PN00,PN00-5.edf,115,105,115,55,115,True,True,False,True,0,2143,0,negative,,,0.064351020406337361,0.90000000000000002,E1_RF,20260922,True,nested,"[""PN00-1.edf"", ""PN00-2.edf"", ""PN00-4.edf""]"
PN00,PN00-5.edf,120,110,120,60,120,True,True,False,True,0,2143,0,negative,,,0.081289342781714596,0.90000000000000002,E1_RF,20260922,True,nested,"[""PN00-1.edf"", ""PN00-2.edf"", ""PN00-4.edf""]"
PN00,PN00-5.edf,125,115,125,65,125,True,True,False,True,0,2143,0,negative,,,0.17769516213259964,0.90000000000000002,E1_RF,20260922,True,nested,"[""PN00-1.edf"", ""PN00-2.edf"", ""PN00-4.edf""]"
PN00,PN00-5.edf,130,120,130,70,130,True,True,False,True,0,2143,0,negative,,,0.10031945047047196,0.90000000000000002,E1_RF,20260922,True,nested,"[""PN00-1.edf"", ""PN00-2.edf"", ""PN00-4.edf""]"
PN00,PN00-5.edf,135,125,135,75,135,True,True,False,True,0,2143,0,negative,,,0.085241822138573606,0.90000000000000002,E1_RF,20260922,True,nested,"[""PN00-1.edf"", ""PN00-2.edf"", ""PN00-4.edf""]"
PN00,PN00-5.edf,140,130,140,80,140,True,True,False,True,0,2143,0,negative,,,0.022509303067998719,0.90000000000000002,E1_RF,20260922,True,nested,"[""PN00-1.edf"", ""PN00-2.edf"", ""PN00-4.edf""]"
PN00,PN00-5.edf,145,135,145,85,145,True,True,False,True,0,2143,0,negative,,,0.55529090373353918,0.90000000000000002,E1_RF,20260922,True,nested,"[""PN00-1.edf"", ""PN00-2.edf"", ""PN00-4.edf""]"
PN00,PN00-5.edf,150,140,150,90,150,True,True,False,True,0,2143,0,negative,,,0.40432402705803239,0.90000000000000002,E1_RF,20260922,True,nested,"[""PN00-1.edf"", ""PN00-2.edf"", ""PN00-4.edf""]"
PN00,PN00-5.edf,155,145,155,95,155,True,True,False,True,0,2143,0,negative,,,0.27787104339087976,0.90000000000000002,E1_RF,20260922,True,nested,"[""PN00-1.edf"", ""PN00-2.edf"", ""PN00-4.edf""]"
PN00,PN00-5.edf,160,150,160,100,160,True,True,False,True,0,2143,0,negative,,,0.64875688772423012,0.90000000000000002,E1_RF,20260922,True,nested,"[""PN00-1.edf"", ""PN00-2.edf"", ""PN00-4.edf""]"
PN00,PN00-5.edf,165,155,165,105,165,True,True,False,True,0,2143,0,negative,,,0.50108725501821383,0.90000000000000002,E1_RF,20260922,True,nested,"[""PN00-1.edf"", ""PN00-2.edf"", ""PN00-4.edf""]"
PN00,PN00-5.edf,170,160,170,110,170,True,True,False,True,0,2143,0,negative,,,0.28871329568246129,0.90000000000000002,E1_RF,20260922,True,nested,"[""PN00-1.edf"", ""PN00-2.edf"", ""PN00-4.edf""]"
PN00,PN00-5.edf,175,165,175,115,175,True,True,False,True,0,2143,0,negative,,,0.16656696669220938,0.90000000000000002,E1_RF,20260922,True,nested,"[""PN00-1.edf"", ""PN00-2.edf"", ""PN00-4.edf""]"
PN00,PN00-5.edf,180,170,180,120,180,True,True,False,True,0,2143,0,negative,,,0.086809315256740918,0.90000000000000002,E1_RF,20260922,True,nested,"[""PN00-1.edf"", ""PN00-2.edf"", ""PN00-4.edf""]"
PN00,PN00-5.edf,185,175,185,125,185,True,True,False,True,0,2143,0,negative,,,0.15417454556426388,0.90000000000000002,E1_RF,20260922,True,nested,"[""PN00-1.edf"", ""PN00-2.edf"", ""PN00-4.edf""]"
PN00,PN00-5.edf,190,180,190,130,190,True,True,False,True,0,2143,0,negative,,,0.15431903986985662,0.90000000000000002,E1_RF,20260922,True,nested,"[""PN00-1.edf"", ""PN00-2.edf"", ""PN00-4.edf""]"
PN00,PN00-5.edf,195,185,195,135,195,True,True,False,True,0,2143,0,negative,,,0.094336817017679209,0.90000000000000002,E1_RF,20260922,True,nested,"[""PN00-1.edf"", ""PN00-2.edf"", ""PN00-4.edf""]"
PN00,PN00-5.edf,200,190,200,140,200,True,True,False,True,0,2143,0,negative,,,0.082658004980043651,0.90000000000000002,E1_RF,20260922,True,nested,"[""PN00-1.edf"", ""PN00-2.edf"", ""PN00-4.edf""]"
PN00,PN00-5.edf,205,195,205,145,205,True,True,False,True,0,2143,0,negative,,,0.0057523809523809515,0.90000000000000002,E1_RF,20260922,True,nested,"[""PN00-1.edf"", ""PN00-2.edf"", ""PN00-4.edf""]"
PN00,PN00-5.edf,210,200,210,150,210,True,True,False,True,0,2143,0,negative,,,0.0079746031746031742,0.90000000000000002,E1_RF,20260922,True,nested,"[""PN00-1.edf"", ""PN00-2.edf"", ""PN00-4.edf""]"
PN00,PN00-5.edf,215,205,215,155,215,True,True,False,True,0,2143,0,negative,,,0.27097890273671632,0.90000000000000002,E1_RF,20260922,True,nested,"[""PN00-1.edf"", ""PN00-2.edf"", ""PN00-4.edf""]"
PN00,PN00-5.edf,220,210,220,160,220,True,True,False,True,0,2143,0,negative,,,0.21184010087244809,0.90000000000000002,E1_RF,20260922,True,nested,"[""PN00-1.edf"", ""PN00-2.edf"", ""PN00-4.edf""]"
PN00,PN00-5.edf,225,215,225,165,225,True,True,False,True,0,2143,0,negative,,,0.20832817558933867,0.90000000000000002,E1_RF,20260922,True,nested,"[""PN00-1.edf"", ""PN00-2.edf"", ""PN00-4.edf""]"
PN00,PN00-5.edf,230,220,230,170,230,True,True,False,True,0,2143,0,negative,,,0.070790151387277539,0.90000000000000002,E1_RF,20260922,True,nested,"[""PN00-1.edf"", ""PN00-2.edf"", ""PN00-4.edf""]"
PN00,PN00-5.edf,235,225,235,175,235,True,True,False,True,0,2143,0,negative,,,0.078464703727918861,0.90000000000000002,E1_RF,20260922,True,nested,"[""PN00-1.edf"", ""PN00-2.edf"", ""PN00-4.edf""]"
PN00,PN00-5.edf,240,230,240,180,240,True,True,False,True,0,2143,0,negative,,,0.057462312833365461,0.90000000000000002,E1_RF,20260922,True,nested,"[""PN00-1.edf"", ""PN00-2.edf"", ""PN00-4.edf""]"
PN00,PN00-5.edf,245,235,245,185,245,True,True,False,True,0,2143,0,negative,,,0.063287709658762292,0.90000000000000002,E1_RF,20260922,True,nested,"[""PN00-1.edf"", ""PN00-2.edf"", ""PN00-4.edf""]"
PN00,PN00-5.edf,250,240,250,190,250,True,True,False,True,0,2143,0,negative,,,0.064430212172588347,0.90000000000000002,E1_RF,20260922,True,nested,"[""PN00-1.edf"", ""PN00-2.edf"", ""PN00-4.edf""]"
PN00,PN00-5.edf,255,245,255,195,255,True,True,False,True,0,2143,0,negative,,,0.03199213474863629,0.90000000000000002,E1_RF,20260922,True,nested,"[""PN00-1.edf"", ""PN00-2.edf"", ""PN00-4.edf""]"
PN00,PN00-5.edf,260,250,260,200,260,True,True,False,True,0,2143,0,negative,,,0.059271919927559993,0.90000000000000002,E1_RF,20260922,True,nested,"[""PN00-1.edf"", ""PN00-2.edf"", ""PN00-4.edf""]"
PN00,PN00-5.edf,265,255,265,205,265,True,True,False,True,0,2143,0,negative,,,0.069821135748496452,0.90000000000000002,E1_RF,20260922,True,nested,"[""PN00-1.edf"", ""PN00-2.edf"", ""PN00-4.edf""]"
PN00,PN00-5.edf,270,260,270,210,270,True,True,False,True,0,2143,0,negative,,,0.070767996682527604,0.90000000000000002,E1_RF,20260922,True,nested,"[""PN00-1.edf"", ""PN00-2.edf"", ""PN00-4.edf""]"
PN00,PN00-5.edf,275,265,275,215,275,True,True,False,True,0,2143,0,negative,,,0.07710629033332124,0.90000000000000002,E1_RF,20260922,True,nested,"[""PN00-1.edf"", ""PN00-2.edf"", ""PN00-4.edf""]"
PN00,PN00-5.edf,280,270,280,220,280,True,True,False,True,0,2143,0,negative,,,0.077037837952368862,0.90000000000000002,E1_RF,20260922,True,nested,"[""PN00-1.edf"", ""PN00-2.edf"", ""PN00-4.edf""]"
PN00,PN00-5.edf,285,275,285,225,285,True,True,False,True,0,2143,0,negative,,,0.14268105167149867,0.90000000000000002,E1_RF,20260922,True,nested,"[""PN00-1.edf"", ""PN00-2.edf"", ""PN00-4.edf""]"
PN00,PN00-5.edf,290,280,290,230,290,True,True,False,True,0,2143,0,negative,,,0.17059892645315869,0.90000000000000002,E1_RF,20260922,True,nested,"[""PN00-1.edf"", ""PN00-2.edf"", ""PN00-4.edf""]"
PN00,PN00-5.edf,295,285,295,235,295,True,True,False,True,0,2143,0,negative,,,0.092734675020529483,0.90000000000000002,E1_RF,20260922,True,nested,"[""PN00-1.edf"", ""PN00-2.edf"", ""PN00-4.edf""]"
PN00,PN00-5.edf,300,290,300,240,300,True,True,False,True,0,2143,0,negative,,,0.085163433190464127,0.90000000000000002,E1_RF,20260922,True,nested,"[""PN00-1.edf"", ""PN00-2.edf"", ""PN00-4.edf""]"
PN00,PN00-5.edf,305,295,305,245,305,True,True,False,True,0,2143,0,negative,,,0.030069809754565437,0.90000000000000002,E1_RF,20260922,True,nested,"[""PN00-1.edf"", ""PN00-2.edf"", ""PN00-4.edf""]"
PN00,PN00-5.edf,310,300,310,250,310,True,True,False,True,0,2143,0,negative,,,0.073960568670855334,0.90000000000000002,E1_RF,20260922,True,nested,"[""PN00-1.edf"", ""PN00-2.edf"", ""PN00-4.edf""]"
PN00,PN00-5.edf,315,305,315,255,315,True,True,False,True,0,2143,0,negative,,,0.014627976190476193,0.90000000000000002,E1_RF,20260922,True,nested,"[""PN00-1.edf"", ""PN00-2.edf"", ""PN00-4.edf""]"
PN00,PN00-5.edf,320,310,320,260,320,True,True,False,True,0,2143,0,negative,,,0.0054106280193236718,0.90000000000000002,E1_RF,20260922,True,nested,"[""PN00-1.edf"", ""PN00-2.edf"", ""PN00-4.edf""]"
PN00,PN00-5.edf,325,315,325,265,325,True,True,False,True,0,2143,0,negative,,,0.055180849194806786,0.90000000000000002,E1_RF,20260922,True,nested,"[""PN00-1.edf"", ""PN00-2.edf"", ""PN00-4.edf""]"
PN00,PN00-5.edf,330,320,330,270,330,True,True,False,True,0,2143,0,negative,,,0.0030208333333333333,0.90000000000000002,E1_RF,20260922,True,nested,"[""PN00-1.edf"", ""PN00-2.edf"", ""PN00-4.edf""]"
PN00,PN00-5.edf,335,325,335,275,335,True,True,False,True,0,2143,0,negative,,,0,0.90000000000000002,E1_RF,20260922,True,nested,"[""PN00-1.edf"", ""PN00-2.edf"", ""PN00-4.edf""]"
PN00,PN00-5.edf,340,330,340,280,340,True,True,False,True,0,2143,0,negative,,,0.0045751633986928107,0.90000000000000002,E1_RF,20260922,True,nested,"[""PN00-1.edf"", ""PN00-2.edf"", ""PN00-4.edf""]"
PN00,PN00-5.edf,345,335,345,285,345,True,True,False,True,0,2143,0,negative,,,0.014453297653473246,0.90000000000000002,E1_RF,20260922,True,nested,"[""PN00-1.edf"", ""PN00-2.edf"", ""PN00-4.edf""]"
PN00,PN00-5.edf,350,340,350,290,350,True,True,False,True,0,2143,0,negative,,,0.031964922065812799,0.90000000000000002,E1_RF,20260922,True,nested,"[""PN00-1.edf"", ""PN00-2.edf"", ""PN00-4.edf""]"
PN00,PN00-5.edf,355,345,355,295,355,True,True,False,True,0,2143,0,negative,,,0.0070443548387096773,0.90000000000000002,E1_RF,20260922,True,nested,"[""PN00-1.edf"", ""PN00-2.edf"", ""PN00-4.edf""]"
PN00,PN00-5.edf,360,350,360,300,360,True,True,False,True,0,2143,0,negative,,,0.015129113433991485,0.90000000000000002,E1_RF,20260922,True,nested,"[""PN00-1.edf"", ""PN00-2.edf"", ""PN00-4.edf""]"
PN00,PN00-5.edf,365,355,365,305,365,True,True,False,True,0,2143,0,negative,,,0.0056884057971014496,0.90000000000000002,E1_RF,20260922,True,nested,"[""PN00-1.edf"", ""PN00-2.edf"", ""PN00-4.edf""]"
PN00,PN00-5.edf,370,360,370,310,370,True,True,False,True,0,2143,0,negative,,,0.0092695176676870061,0.90000000000000002,E1_RF,20260922,True,nested,"[""PN00-1.edf"", ""PN00-2.edf"", ""PN00-4.edf""]"
PN00,PN00-5.edf,375,365,375,315,375,True,True,False,True,0,2143,0,negative,,,0.0028985507246376812,0.90000000000000002,E1_RF,20260922,True,nested,"[""PN00-1.edf"", ""PN00-2.edf"", ""PN00-4.edf""]"
PN00,PN00-5.edf,380,370,380,320,380,True,True,False,True,0,2143,0,negative,,,0.01962182144133098,0.90000000000000002,E1_RF,20260922,True,nested,"[""PN00-1.edf"", ""PN00-2.edf"", ""PN00-4.edf""]"
PN00,PN00-5.edf,385,375,385,325,385,True,True,False,True,0,2143,0,negative,,,0.024577189551714507,0.90000000000000002,E1_RF,20260922,True,nested,"[""PN00-1.edf"", ""PN00-2.edf"", ""PN00-4.edf""]"
PN00,PN00-5.edf,390,380,390,330,390,True,True,False,True,0,2143,0,negative,,,0.018631127877444625,0.90000000000000002,E1_RF,20260922,True,nested,"[""PN00-1.edf"", ""PN00-2.edf"", ""PN00-4.edf""]"
PN00,PN00-5.edf,395,385,395,335,395,True,True,False,True,0,2143,0,negative,,,0.039980635709569314,0.90000000000000002,E1_RF,20260922,True,nested,"[""PN00-1.edf"", ""PN00-2.edf"", ""PN00-4.edf""]"
PN00,PN00-5.edf,400,390,400,340,400,True,True,False,True,0,2143,0,negative,,,0.074591435968083777,0.90000000000000002,E1_RF,20260922,True,nested,"[""PN00-1.edf"", ""PN00-2.edf"", ""PN00-4.edf""]"
PN00,PN00-5.edf,405,395,405,345,405,True,True,False,True,0,2143,0,negative,,,0.12813803759561823,0.90000000000000002,E1_RF,20260922,True,nested,"[""PN00-1.edf"", ""PN00-2.edf"", ""PN00-4.edf""]"
PN00,PN00-5.edf,410,400,410,350,410,True,True,False,True,0,2143,0,negative,,,0.0035281385281385282,0.90000000000000002,E1_RF,20260922,True,nested,"[""PN00-1.edf"", ""PN00-2.edf"", ""PN00-4.edf""]"
PN00,PN00-5.edf,415,405,415,355,415,True,True,False,True,0,2143,0,negative,,,0.025349502624995569,0.90000000000000002,E1_RF,20260922,True,nested,"[""PN00-1.edf"", ""PN00-2.edf"", ""PN00-4.edf""]"
PN00,PN00-5.edf,420,410,420,360,420,True,True,False,True,0,2143,0,negative,,,0.029433907184782136,0.90000000000000002,E1_RF,20260922,True,nested,"[""PN00-1.edf"", ""PN00-2.edf"", ""PN00-4.edf""]"
PN00,PN00-5.edf,425,415,425,365,425,True,True,False,True,0,2143,0,negative,,,0.0020833333333333333,0.90000000000000002,E1_RF,20260922,True,nested,"[""PN00-1.edf"", ""PN00-2.edf"", ""PN00-4.edf""]"
PN00,PN00-5.edf,430,420,430,370,430,True,True,False,True,0,2143,0,negative,,,0.12952902857122126,0.90000000000000002,E1_RF,20260922,True,nested,"[""PN00-1.edf"", ""PN00-2.edf"", ""PN00-4.edf""]"
PN00,PN00-5.edf,435,425,435,375,435,True,True,False,True,0,2143,0,negative,,,0.13107005012650325,0.90000000000000002,E1_RF,20260922,True,nested,"[""PN00-1.edf"", ""PN00-2.edf"", ""PN00-4.edf""]"
PN00,PN00-5.edf,440,430,440,380,440,True,True,False,True,0,2143,0,negative,,,0.055744236447178547,0.90000000000000002,E1_RF,20260922,True,nested,"[""PN00-1.edf"", ""PN00-2.edf"", ""PN00-4.edf""]"
PN00,PN00-5.edf,445,435,445,385,445,True,True,False,True,0,2143,0,negative,,,0.07025408608713464,0.90000000000000002,E1_RF,20260922,True,nested,"[""PN00-1.edf"", ""PN00-2.edf"", ""PN00-4.edf""]"
PN00,PN00-5.edf,450,440,450,390,450,True,True,False,True,0,2143,0,negative,,,0.017541508047819409,0.90000000000000002,E1_RF,20260922,True,nested,"[""PN00-1.edf"", ""PN00-2.edf"", ""PN00-4.edf""]"
PN00,PN00-5.edf,455,445,455,395,455,True,True,False,True,0,2143,0,negative,,,0.14615006448338067,0.90000000000000002,E1_RF,20260922,True,nested,"[""PN00-1.edf"", ""PN00-2.edf"", ""PN00-4.edf""]"
PN00,PN00-5.edf,460,450,460,400,460,True,True,False,True,0,2143,0,negative,,,0.03215226406453587,0.90000000000000002,E1_RF,20260922,True,nested,"[""PN00-1.edf"", ""PN00-2.edf"", ""PN00-4.edf""]"
PN00,PN00-5.edf,465,455,465,405,465,True,True,False,True,0,2143,0,negative,,,0.0022222222222222222,0.90000000000000002,E1_RF,20260922,True,nested,"[""PN00-1.edf"", ""PN00-2.edf"", ""PN00-4.edf""]"
PN00,PN00-5.edf,470,460,470,410,470,True,True,False,True,0,2143,0,negative,,,0.020658765113247202,0.90000000000000002,E1_RF,20260922,True,nested,"[""PN00-1.edf"", ""PN00-2.edf"", ""PN00-4.edf""]"
PN00,PN00-5.edf,475,465,475,415,475,True,True,False,True,0,2143,0,negative,,,0.0087327606358111268,0.90000000000000002,E1_RF,20260922,True,nested,"[""PN00-1.edf"", ""PN00-2.edf"", ""PN00-4.edf""]"
PN00,PN00-5.edf,480,470,480,420,480,True,True,False,True,0,2143,0,negative,,,0,0.90000000000000002,E1_RF,20260922,True,nested,"[""PN00-1.edf"", ""PN00-2.edf"", ""PN00-4.edf""]"
PN00,PN00-5.edf,485,475,485,425,485,True,True,False,True,0,2143,0,negative,,,0.0023529411764705885,0.90000000000000002,E1_RF,20260922,True,nested,"[""PN00-1.edf"", ""PN00-2.edf"", ""PN00-4.edf""]"
PN00,PN00-5.edf,490,480,490,430,490,True,True,False,True,0,2143,0,negative,,,0.16902004836367748,0.90000000000000002,E1_RF,20260922,True,nested,"[""PN00-1.edf"", ""PN00-2.edf"", ""PN00-4.edf""]"
PN00,PN00-5.edf,495,485,495,435,495,True,True,False,True,0,2143,0,negative,,,0.31355313332157281,0.90000000000000002,E1_RF,20260922,True,nested,"[""PN00-1.edf"", ""PN00-2.edf"", ""PN00-4.edf""]"
PN00,PN00-5.edf,500,490,500,440,500,True,True,False,True,0,2143,0,negative,,,0.2070010292869757,0.90000000000000002,E1_RF,20260922,True,nested,"[""PN00-1.edf"", ""PN00-2.edf"", ""PN00-4.edf""]"
PN00,PN00-5.edf,505,495,505,445,505,True,True,False,True,0,2143,0,negative,,,0.0096070633419345266,0.90000000000000002,E1_RF,20260922,True,nested,"[""PN00-1.edf"", ""PN00-2.edf"", ""PN00-4.edf""]"
PN00,PN00-5.edf,510,500,510,450,510,True,True,False,True,0,2143,0,negative,,,0.041926586096444035,0.90000000000000002,E1_RF,20260922,True,nested,"[""PN00-1.edf"", ""PN00-2.edf"", ""PN00-4.edf""]"
PN00,PN00-5.edf,515,505,515,455,515,True,True,False,True,0,2143,0,negative,,,0.27619834231499102,0.90000000000000002,E1_RF,20260922,True,nested,"[""PN00-1.edf"", ""PN00-2.edf"", ""PN00-4.edf""]"
PN00,PN00-5.edf,520,510,520,460,520,True,True,False,True,0,2143,0,negative,,,0.018049428243204348,0.90000000000000002,E1_RF,20260922,True,nested,"[""PN00-1.edf"", ""PN00-2.edf"", ""PN00-4.edf""]"
PN00,PN00-5.edf,525,515,525,465,525,True,True,False,True,0,2143,0,negative,,,0.0098374183006535946,0.90000000000000002,E1_RF,20260922,True,nested,"[""PN00-1.edf"", ""PN00-2.edf"", ""PN00-4.edf""]"
PN00,PN00-5.edf,530,520,530,470,530,True,True,False,True,0,2143,0,negative,,,0.067812667456765605,0.90000000000000002,E1_RF,20260922,True,nested,"[""PN00-1.edf"", ""PN00-2.edf"", ""PN00-4.edf""]"
PN00,PN00-5.edf,535,525,535,475,535,True,True,False,True,0,2143,0,negative,,,0.10407971150159222,0.90000000000000002,E1_RF,20260922,True,nested,"[""PN00-1.edf"", ""PN00-2.edf"", ""PN00-4.edf""]"
PN00,PN00-5.edf,540,530,540,480,540,True,True,False,True,0,2143,0,negative,,,0.079788461524578427,0.90000000000000002,E1_RF,20260922,True,nested,"[""PN00-1.edf"", ""PN00-2.edf"", ""PN00-4.edf""]"
PN00,PN00-5.edf,545,535,545,485,545,True,True,False,True,0,2143,0,negative,,,0.12900616318856778,0.90000000000000002,E1_RF,20260922,True,nested,"[""PN00-1.edf"", ""PN00-2.edf"", ""PN00-4.edf""]"
PN00,PN00-5.edf,550,540,550,490,550,True,True,False,True,0,2143,0,negative,,,0.1439804889772355,0.90000000000000002,E1_RF,20260922,True,nested,"[""PN00-1.edf"", ""PN00-2.edf"", ""PN00-4.edf""]"
PN00,PN00-5.edf,555,545,555,495,555,True,True,False,True,0,2143,0,negative,,,0.12026661001571037,0.90000000000000002,E1_RF,20260922,True,nested,"[""PN00-1.edf"", ""PN00-2.edf"", ""PN00-4.edf""]"
PN00,PN00-5.edf,560,550,560,500,560,True,True,False,True,0,2143,0,negative,,,0.076830267744798675,0.90000000000000002,E1_RF,20260922,True,nested,"[""PN00-1.edf"", ""PN00-2.edf"", ""PN00-4.edf""]"
PN00,PN00-5.edf,565,555,565,505,565,True,True,False,True,0,2143,0,negative,,,0.041096583042847669,0.90000000000000002,E1_RF,20260922,True,nested,"[""PN00-1.edf"", ""PN00-2.edf"", ""PN00-4.edf""]"
PN00,PN00-5.edf,570,560,570,510,570,True,True,False,True,0,2143,0,negative,,,0.066618408439673094,0.90000000000000002,E1_RF,20260922,True,nested,"[""PN00-1.edf"", ""PN00-2.edf"", ""PN00-4.edf""]"
PN00,PN00-5.edf,575,565,575,515,575,True,True,False,True,0,2143,0,negative,,,0.1789287555967094,0.90000000000000002,E1_RF,20260922,True,nested,"[""PN00-1.edf"", ""PN00-2.edf"", ""PN00-4.edf""]"
PN00,PN00-5.edf,580,570,580,520,580,True,True,False,True,0,2143,0,negative,,,0.18100505761770766,0.90000000000000002,E1_RF,20260922,True,nested,"[""PN00-1.edf"", ""PN00-2.edf"", ""PN00-4.edf""]"
PN00,PN00-5.edf,585,575,585,525,585,True,True,False,True,0,2143,0,negative,,,0.10766541588923237,0.90000000000000002,E1_RF,20260922,True,nested,"[""PN00-1.edf"", ""PN00-2.edf"", ""PN00-4.edf""]"
PN00,PN00-5.edf,590,580,590,530,590,True,True,False,True,0,2143,0,negative,,,0.10395341417144827,0.90000000000000002,E1_RF,20260922,True,nested,"[""PN00-1.edf"", ""PN00-2.edf"", ""PN00-4.edf""]"
PN00,PN00-5.edf,595,585,595,535,595,True,True,False,True,0,2143,0,negative,,,0.01552333611807296,0.90000000000000002,E1_RF,20260922,True,nested,"[""PN00-1.edf"", ""PN00-2.edf"", ""PN00-4.edf""]"
PN00,PN00-5.edf,600,590,600,540,600,True,True,False,True,0,2143,0,negative,,,0.0057523809523809515,0.90000000000000002,E1_RF,20260922,True,nested,"[""PN00-1.edf"", ""PN00-2.edf"", ""PN00-4.edf""]"
PN00,PN00-5.edf,605,595,605,545,605,True,True,False,False,0,2143,-1,ignore,,,0.021331647932963726,0.90000000000000002,E1_RF,20260922,True,nested,"[""PN00-1.edf"", ""PN00-2.edf"", ""PN00-4.edf""]"
PN00,PN00-5.edf,610,600,610,550,610,True,True,False,False,0,2143,-1,ignore,,,0.174376569401095,0.90000000000000002,E1_RF,20260922,True,nested,"[""PN00-1.edf"", ""PN00-2.edf"", ""PN00-4.edf""]"
PN00,PN00-5.edf,615,605,615,555,615,True,True,False,False,0,2143,-1,ignore,,,0.026044609071698858,0.90000000000000002,E1_RF,20260922,True,nested,"[""PN00-1.edf"", ""PN00-2.edf"", ""PN00-4.edf""]"
PN00,PN00-5.edf,620,610,620,560,620,True,True,False,False,0,2143,-1,ignore,,,0.0029523809523809524,0.90000000000000002,E1_RF,20260922,True,nested,"[""PN00-1.edf"", ""PN00-2.edf"", ""PN00-4.edf""]"
PN00,PN00-5.edf,625,615,625,565,625,True,True,False,False,0,2143,-1,ignore,,,0.0057523809523809515,0.90000000000000002,E1_RF,20260922,True,nested,"[""PN00-1.edf"", ""PN00-2.edf"", ""PN00-4.edf""]"
PN00,PN00-5.edf,630,620,630,570,630,True,True,False,False,0,2143,-1,ignore,,,0.0048822055137844609,0.90000000000000002,E1_RF,20260922,True,nested,"[""PN00-1.edf"", ""PN00-2.edf"", ""PN00-4.edf""]"
PN00,PN00-5.edf,635,625,635,575,635,True,True,False,False,0,2143,-1,ignore,,,0.104058828222118,0.90000000000000002,E1_RF,20260922,True,nested,"[""PN00-1.edf"", ""PN00-2.edf"", ""PN00-4.edf""]"
PN00,PN00-5.edf,640,630,640,580,640,True,True,False,False,0,2143,-1,ignore,,,0.067064783429354471,0.90000000000000002,E1_RF,20260922,True,nested,"[""PN00-1.edf"", ""PN00-2.edf"", ""PN00-4.edf""]"
PN00,PN00-5.edf,645,635,645,585,645,True,True,False,False,0,2143,-1,ignore,,,0.011671765010351966,0.90000000000000002,E1_RF,20260922,True,nested,"[""PN00-1.edf"", ""PN00-2.edf"", ""PN00-4.edf""]"
PN00,PN00-5.edf,650,640,650,590,650,True,True,False,False,0,2143,-1,ignore,,,0.0059732142857142857,0.90000000000000002,E1_RF,20260922,True,nested,"[""PN00-1.edf"", ""PN00-2.edf"", ""PN00-4.edf""]"
PN00,PN00-5.edf,655,645,655,595,655,True,True,False,False,0,2143,-1,ignore,,,0.19681522728148407,0.90000000000000002,E1_RF,20260922,True,nested,"[""PN00-1.edf"", ""PN00-2.edf"", ""PN00-4.edf""]"
PN00,PN00-5.edf,660,650,660,600,660,True,True,False,False,0,2143,-1,ignore,,,0.26033681021782523,0.90000000000000002,E1_RF,20260922,True,nested,"[""PN00-1.edf"", ""PN00-2.edf"", ""PN00-4.edf""]"
PN00,PN00-5.edf,665,655,665,605,665,True,True,False,False,0,2143,-1,ignore,,,0.066645199771148037,0.90000000000000002,E1_RF,20260922,True,nested,"[""PN00-1.edf"", ""PN00-2.edf"", ""PN00-4.edf""]"
PN00,PN00-5.edf,670,660,670,610,670,True,True,False,False,0,2143,-1,ignore,,,0.01724649662602561,0.90000000000000002,E1_RF,20260922,True,nested,"[""PN00-1.edf"", ""PN00-2.edf"", ""PN00-4.edf""]"
PN00,PN00-5.edf,675,665,675,615,675,True,True,False,False,0,2143,-1,ignore,,,0.10490703033077863,0.90000000000000002,E1_RF,20260922,True,nested,"[""PN00-1.edf"", ""PN00-2.edf"", ""PN00-4.edf""]"
PN00,PN00-5.edf,680,670,680,620,680,True,True,False,False,0,2143,-1,ignore,,,0.11201168569075513,0.90000000000000002,E1_RF,20260922,True,nested,"[""PN00-1.edf"", ""PN00-2.edf"", ""PN00-4.edf""]"
PN00,PN00-5.edf,685,675,685,625,685,True,True,False,False,0,2143,-1,ignore,,,0.015732900432900432,0.90000000000000002,E1_RF,20260922,True,nested,"[""PN00-1.edf"", ""PN00-2.edf"", ""PN00-4.edf""]"
PN00,PN00-5.edf,690,680,690,630,690,True,True,False,False,0,2143,-1,ignore,,,0.012549766573295984,0.90000000000000002,E1_RF,20260922,True,nested,"[""PN00-1.edf"", ""PN00-2.edf"", ""PN00-4.edf""]"
PN00,PN00-5.edf,695,685,695,635,695,True,True,False,False,0,2143,-1,ignore,,,0.0045055821371610847,0.90000000000000002,E1_RF,20260922,True,nested,"[""PN00-1.edf"", ""PN00-2.edf"", ""PN00-4.edf""]"
PN00,PN00-5.edf,700,690,700,640,700,True,True,False,False,0,2143,-1,ignore,,,0.34878801280504257,0.90000000000000002,E1_RF,20260922,True,nested,"[""PN00-1.edf"", ""PN00-2.edf"", ""PN00-4.edf""]"
PN00,PN00-5.edf,705,695,705,645,705,True,True,False,False,0,2143,-1,ignore,,,0.21119571332757661,0.90000000000000002,E1_RF,20260922,True,nested,"[""PN00-1.edf"", ""PN00-2.edf"", ""PN00-4.edf""]"
PN00,PN00-5.edf,710,700,710,650,710,True,True,False,False,0,2143,-1,ignore,,,0.02237710295237948,0.90000000000000002,E1_RF,20260922,True,nested,"[""PN00-1.edf"", ""PN00-2.edf"", ""PN00-4.edf""]"
PN00,PN00-5.edf,715,705,715,655,715,True,True,False,False,0,2143,-1,ignore,,,0.028599676028908217,0.90000000000000002,E1_RF,20260922,True,nested,"[""PN00-1.edf"", ""PN00-2.edf"", ""PN00-4.edf""]"
PN00,PN00-5.edf,720,710,720,660,720,True,True,False,False,0,2143,-1,ignore,,,0.26076982615228095,0.90000000000000002,E1_RF,20260922,True,nested,"[""PN00-1.edf"", ""PN00-2.edf"", ""PN00-4.edf""]"
PN00,PN00-5.edf,725,715,725,665,725,True,True,False,False,0,2143,-1,ignore,,,0.084807623523264125,0.90000000000000002,E1_RF,20260922,True,nested,"[""PN00-1.edf"", ""PN00-2.edf"", ""PN00-4.edf""]"
PN00,PN00-5.edf,730,720,730,670,730,True,True,False,False,0,2143,-1,ignore,,,0.007354166666666666,0.90000000000000002,E1_RF,20260922,True,nested,"[""PN00-1.edf"", ""PN00-2.edf"", ""PN00-4.edf""]"
PN00,PN00-5.edf,735,725,735,675,735,True,True,False,False,0,2143,-1,ignore,,,0,0.90000000000000002,E1_RF,20260922,True,nested,"[""PN00-1.edf"", ""PN00-2.edf"", ""PN00-4.edf""]"
PN00,PN00-5.edf,740,730,740,680,740,True,True,False,False,0,2143,-1,ignore,,,0.073747206219333533,0.90000000000000002,E1_RF,20260922,True,nested,"[""PN00-1.edf"", ""PN00-2.edf"", ""PN00-4.edf""]"
PN00,PN00-5.edf,745,735,745,685,745,True,True,False,False,0,2143,-1,ignore,,,0.12452798308264379,0.90000000000000002,E1_RF,20260922,True,nested,"[""PN00-1.edf"", ""PN00-2.edf"", ""PN00-4.edf""]"
PN00,PN00-5.edf,750,740,750,690,750,True,True,False,False,0,2143,-1,ignore,,,0,0.90000000000000002,E1_RF,20260922,True,nested,"[""PN00-1.edf"", ""PN00-2.edf"", ""PN00-4.edf""]"
PN00,PN00-5.edf,755,745,755,695,755,True,True,False,False,0,2143,-1,ignore,,,0.10664388057306448,0.90000000000000002,E1_RF,20260922,True,nested,"[""PN00-1.edf"", ""PN00-2.edf"", ""PN00-4.edf""]"
PN00,PN00-5.edf,760,750,760,700,760,True,True,False,False,0,2143,-1,ignore,,,0.1234004489199117,0.90000000000000002,E1_RF,20260922,True,nested,"[""PN00-1.edf"", ""PN00-2.edf"", ""PN00-4.edf""]"
PN00,PN00-5.edf,765,755,765,705,765,True,True,False,False,0,2143,-1,ignore,,,0.0030208333333333333,0.90000000000000002,E1_RF,20260922,True,nested,"[""PN00-1.edf"", ""PN00-2.edf"", ""PN00-4.edf""]"
PN00,PN00-5.edf,770,760,770,710,770,True,True,False,False,0,2143,-1,ignore,,,0.0067973856209150325,0.90000000000000002,E1_RF,20260922,True,nested,"[""PN00-1.edf"", ""PN00-2.edf"", ""PN00-4.edf""]"
PN00,PN00-5.edf,775,765,775,715,775,True,True,False,False,0,2143,-1,ignore,,,0.008084541062801931,0.90000000000000002,E1_RF,20260922,True,nested,"[""PN00-1.edf"", ""PN00-2.edf"", ""PN00-4.edf""]"
PN00,PN00-5.edf,780,770,780,720,780,True,True,False,False,0,2143,-1,ignore,,,0.034622048502181098,0.90000000000000002,E1_RF,20260922,True,nested,"[""PN00-1.edf"", ""PN00-2.edf"", ""PN00-4.edf""]"
PN00,PN00-5.edf,785,775,785,725,785,True,True,False,False,0,2143,-1,ignore,,,0.11186602546368014,0.90000000000000002,E1_RF,20260922,True,nested,"[""PN00-1.edf"", ""PN00-2.edf"", ""PN00-4.edf""]"
PN00,PN00-5.edf,790,780,790,730,790,True,True,False,False,0,2143,-1,ignore,,,0.0038421190663519536,0.90000000000000002,E1_RF,20260922,True,nested,"[""PN00-1.edf"", ""PN00-2.edf"", ""PN00-4.edf""]"
PN00,PN00-5.edf,795,785,795,735,795,True,True,False,False,0,2143,-1,ignore,,,0.0055443548387096777,0.90000000000000002,E1_RF,20260922,True,nested,"[""PN00-1.edf"", ""PN00-2.edf"", ""PN00-4.edf""]"
PN00,PN00-5.edf,800,790,800,740,800,True,True,False,False,0,2143,-1,ignore,,,0.057990320825156136,0.90000000000000002,E1_RF,20260922,True,nested,"[""PN00-1.edf"", ""PN00-2.edf"", ""PN00-4.edf""]"
PN00,PN00-5.edf,805,795,805,745,805,True,True,False,False,0,2143,-1,ignore,,,0.013303379416282643,0.90000000000000002,E1_RF,20260922,True,nested,"[""PN00-1.edf"", ""PN00-2.edf"", ""PN00-4.edf""]"
PN00,PN00-5.edf,810,800,810,750,810,True,True,False,False,0,2143,-1,ignore,,,0.0090105384135889047,0.90000000000000002,E1_RF,20260922,True,nested,"[""PN00-1.edf"", ""PN00-2.edf"", ""PN00-4.edf""]"
PN00,PN00-5.edf,815,805,815,755,815,True,True,False,False,0,2143,-1,ignore,,,0.029296673665860348,0.90000000000000002,E1_RF,20260922,True,nested,"[""PN00-1.edf"", ""PN00-2.edf"", ""PN00-4.edf""]"
PN00,PN00-5.edf,820,810,820,760,820,True,True,False,False,0,2143,-1,ignore,,,0.059899455251196145,0.90000000000000002,E1_RF,20260922,True,nested,"[""PN00-1.edf"", ""PN00-2.edf"", ""PN00-4.edf""]"
PN00,PN00-5.edf,825,815,825,765,825,True,True,False,False,0,2143,-1,ignore,,,0,0.90000000000000002,E1_RF,20260922,True,nested,"[""PN00-1.edf"", ""PN00-2.edf"", ""PN00-4.edf""]"
PN00,PN00-5.edf,830,820,830,770,830,True,True,False,False,0,2143,-1,ignore,,,0.038011989125842388,0.90000000000000002,E1_RF,20260922,True,nested,"[""PN00-1.edf"", ""PN00-2.edf"", ""PN00-4.edf""]"
PN00,PN00-5.edf,835,825,835,775,835,True,True,False,False,0,2143,-1,ignore,,,0.13627834697050489,0.90000000000000002,E1_RF,20260922,True,nested,"[""PN00-1.edf"", ""PN00-2.edf"", ""PN00-4.edf""]"
PN00,PN00-5.edf,840,830,840,780,840,True,True,False,False,0,2143,-1,ignore,,,0,0.90000000000000002,E1_RF,20260922,True,nested,"[""PN00-1.edf"", ""PN00-2.edf"", ""PN00-4.edf""]"
PN00,PN00-5.edf,845,835,845,785,845,True,True,False,False,0,2143,-1,ignore,,,0.091870558004917946,0.90000000000000002,E1_RF,20260922,True,nested,"[""PN00-1.edf"", ""PN00-2.edf"", ""PN00-4.edf""]"
PN00,PN00-5.edf,850,840,850,790,850,True,True,False,False,0,2143,-1,ignore,,,0.22771019875236856,0.90000000000000002,E1_RF,20260922,True,nested,"[""PN00-1.edf"", ""PN00-2.edf"", ""PN00-4.edf""]"
PN00,PN00-5.edf,855,845,855,795,855,True,True,False,False,0,2143,-1,ignore,,,0.066506026801469775,0.90000000000000002,E1_RF,20260922,True,nested,"[""PN00-1.edf"", ""PN00-2.edf"", ""PN00-4.edf""]"
PN00,PN00-5.edf,860,850,860,800,860,True,True,False,False,0,2143,-1,ignore,,,0.01440141142946192,0.90000000000000002,E1_RF,20260922,True,nested,"[""PN00-1.edf"", ""PN00-2.edf"", ""PN00-4.edf""]"
PN00,PN00-5.edf,865,855,865,805,865,True,True,False,False,0,2143,-1,ignore,,,0.066433678342036978,0.90000000000000002,E1_RF,20260922,True,nested,"[""PN00-1.edf"", ""PN00-2.edf"", ""PN00-4.edf""]"
PN00,PN00-5.edf,870,860,870,810,870,True,True,False,False,0,2143,-1,ignore,,,0.0077850399419026866,0.90000000000000002,E1_RF,20260922,True,nested,"[""PN00-1.edf"", ""PN00-2.edf"", ""PN00-4.edf""]"
PN00,PN00-5.edf,875,865,875,815,875,True,True,False,False,0,2143,-1,ignore,,,0.091488021239973211,0.90000000000000002,E1_RF,20260922,True,nested,"[""PN00-1.edf"", ""PN00-2.edf"", ""PN00-4.edf""]"
PN00,PN00-5.edf,880,870,880,820,880,True,True,False,False,0,2143,-1,ignore,,,0.099097951294745593,0.90000000000000002,E1_RF,20260922,True,nested,"[""PN00-1.edf"", ""PN00-2.edf"", ""PN00-4.edf""]"
PN00,PN00-5.edf,885,875,885,825,885,True,True,False,False,0,2143,-1,ignore,,,0,0.90000000000000002,E1_RF,20260922,True,nested,"[""PN00-1.edf"", ""PN00-2.edf"", ""PN00-4.edf""]"
PN00,PN00-5.edf,890,880,890,830,890,True,True,False,False,0,2143,-1,ignore,,,0.012392327577797287,0.90000000000000002,E1_RF,20260922,True,nested,"[""PN00-1.edf"", ""PN00-2.edf"", ""PN00-4.edf""]"
PN00,PN00-5.edf,895,885,895,835,895,True,True,False,False,0,2143,-1,ignore,,,0.059260457973152623,0.90000000000000002,E1_RF,20260922,True,nested,"[""PN00-1.edf"", ""PN00-2.edf"", ""PN00-4.edf""]"
PN00,PN00-5.edf,900,890,900,840,900,True,True,False,False,0,2143,-1,ignore,,,0.024377904230845408,0.90000000000000002,E1_RF,20260922,True,nested,"[""PN00-1.edf"", ""PN00-2.edf"", ""PN00-4.edf""]"
PN00,PN00-5.edf,905,895,905,845,905,True,True,False,True,1,2143,1,positive,5,,0.51911571142567525,0.90000000000000002,E1_RF,20260922,True,nested,"[""PN00-1.edf"", ""PN00-2.edf"", ""PN00-4.edf""]"
PN00,PN00-5.edf,910,900,910,850,910,True,True,False,True,1,2143,1,positive,5,,0.38163369461514657,0.90000000000000002,E1_RF,20260922,True,nested,"[""PN00-1.edf"", ""PN00-2.edf"", ""PN00-4.edf""]"
PN00,PN00-5.edf,915,905,915,855,915,True,True,False,True,1,2143,1,positive,5,,0.30683912758667797,0.90000000000000002,E1_RF,20260922,True,nested,"[""PN00-1.edf"", ""PN00-2.edf"", ""PN00-4.edf""]"
PN00,PN00-5.edf,920,910,920,860,920,True,True,False,True,1,2143,1,positive,5,,0.94056090342693,0.90000000000000002,E1_RF,20260922,True,nested,"[""PN00-1.edf"", ""PN00-2.edf"", ""PN00-4.edf""]"
PN00,PN00-5.edf,925,915,925,865,925,True,True,False,True,1,2143,1,positive,5,,0.96152438521138117,0.90000000000000002,E1_RF,20260922,True,nested,"[""PN00-1.edf"", ""PN00-2.edf"", ""PN00-4.edf""]"
PN00,PN00-5.edf,930,920,930,870,930,True,True,False,True,1,2143,1,positive,5,,0.9936160992834111,0.90000000000000002,E1_RF,20260922,True,nested,"[""PN00-1.edf"", ""PN00-2.edf"", ""PN00-4.edf""]"
PN00,PN00-5.edf,935,925,935,875,935,True,True,False,True,1,2143,1,positive,5,,0.99332909965634997,0.90000000000000002,E1_RF,20260922,True,nested,"[""PN00-1.edf"", ""PN00-2.edf"", ""PN00-4.edf""]"
PN00,PN00-5.edf,940,930,940,880,940,True,True,False,True,1,2143,1,positive,5,,0.93743263667422827,0.90000000000000002,E1_RF,20260922,True,nested,"[""PN00-1.edf"", ""PN00-2.edf"", ""PN00-4.edf""]"
PN00,PN00-5.edf,945,935,945,885,945,True,True,False,True,1,2143,1,positive,5,,0.93368587316900609,0.90000000000000002,E1_RF,20260922,True,nested,"[""PN00-1.edf"", ""PN00-2.edf"", ""PN00-4.edf""]"
PN00,PN00-5.edf,950,940,950,890,950,True,True,False,True,1,2143,1,positive,5,,0.9998552889872917,0.90000000000000002,E1_RF,20260922,True,nested,"[""PN00-1.edf"", ""PN00-2.edf"", ""PN00-4.edf""]"
PN00,PN00-5.edf,955,945,955,895,955,True,True,False,True,1,2143,1,positive,5,,0.98203003144054568,0.90000000000000002,E1_RF,20260922,True,nested,"[""PN00-1.edf"", ""PN00-2.edf"", ""PN00-4.edf""]"
PN00,PN00-5.edf,960,950,960,900,960,True,True,False,True,1,2143,1,positive,5,,0.94403219594270993,0.90000000000000002,E1_RF,20260922,True,nested,"[""PN00-1.edf"", ""PN00-2.edf"", ""PN00-4.edf""]"
PN00,PN00-5.edf,965,955,965,905,965,True,True,False,True,1,2143,1,positive,5,,0.94204774189507423,0.90000000000000002,E1_RF,20260922,True,nested,"[""PN00-1.edf"", ""PN00-2.edf"", ""PN00-4.edf""]"
PN00,PN00-5.edf,970,960,970,910,970,True,True,False,True,1,2143,1,positive,5,,0.92604832688584948,0.90000000000000002,E1_RF,20260922,True,nested,"[""PN00-1.edf"", ""PN00-2.edf"", ""PN00-4.edf""]"
PN00,PN00-5.edf,975,965,975,915,975,True,True,False,False,0,2143,-1,ignore,,,0.8686926508473346,0.90000000000000002,E1_RF,20260922,True,nested,"[""PN00-1.edf"", ""PN00-2.edf"", ""PN00-4.edf""]"
PN00,PN00-5.edf,980,970,980,920,980,True,True,False,False,0,2143,-1,ignore,,,0.18043696435893189,0.90000000000000002,E1_RF,20260922,True,nested,"[""PN00-1.edf"", ""PN00-2.edf"", ""PN00-4.edf""]"
PN00,PN00-5.edf,985,975,985,925,985,True,True,False,False,0,2143,-1,ignore,,,0.083420238999021151,0.90000000000000002,E1_RF,20260922,True,nested,"[""PN00-1.edf"", ""PN00-2.edf"", ""PN00-4.edf""]"
PN00,PN00-5.edf,990,980,990,930,990,True,True,False,False,0,2143,-1,ignore,,,0.18306703480749281,0.90000000000000002,E1_RF,20260922,True,nested,"[""PN00-1.edf"", ""PN00-2.edf"", ""PN00-4.edf""]"
PN00,PN00-5.edf,995,985,995,935,995,True,True,False,False,0,2143,-1,ignore,,,0.30073201533850352,0.90000000000000002,E1_RF,20260922,True,nested,"[""PN00-1.edf"", ""PN00-2.edf"", ""PN00-4.edf""]"
PN00,PN00-5.edf,1000,990,1000,940,1000,True,True,False,False,0,2143,-1,ignore,,,0.10916481708365609,0.90000000000000002,E1_RF,20260922,True,nested,"[""PN00-1.edf"", ""PN00-2.edf"", ""PN00-4.edf""]"
PN00,PN00-5.edf,1005,995,1005,945,1005,True,True,False,False,0,2143,-1,ignore,,,0.11485121514648902,0.90000000000000002,E1_RF,20260922,True,nested,"[""PN00-1.edf"", ""PN00-2.edf"", ""PN00-4.edf""]"
PN00,PN00-5.edf,1010,1000,1010,950,1010,True,True,False,False,0,2143,-1,ignore,,,0.43549105394809196,0.90000000000000002,E1_RF,20260922,True,nested,"[""PN00-1.edf"", ""PN00-2.edf"", ""PN00-4.edf""]"
PN00,PN00-5.edf,1015,1005,1015,955,1015,True,True,False,False,0,2143,-1,ignore,,,0.41205228192865351,0.90000000000000002,E1_RF,20260922,True,nested,"[""PN00-1.edf"", ""PN00-2.edf"", ""PN00-4.edf""]"
PN00,PN00-5.edf,1020,1010,1020,960,1020,True,True,False,False,0,2143,-1,ignore,,,0.48916801753915595,0.90000000000000002,E1_RF,20260922,True,nested,"[""PN00-1.edf"", ""PN00-2.edf"", ""PN00-4.edf""]"
PN00,PN00-5.edf,1025,1015,1025,965,1025,True,True,False,False,0,2143,-1,ignore,,,0.48044577020480111,0.90000000000000002,E1_RF,20260922,True,nested,"[""PN00-1.edf"", ""PN00-2.edf"", ""PN00-4.edf""]"
PN00,PN00-5.edf,1030,1020,1030,970,1030,True,True,False,False,0,2143,-1,ignore,,,0.40899399212641008,0.90000000000000002,E1_RF,20260922,True,nested,"[""PN00-1.edf"", ""PN00-2.edf"", ""PN00-4.edf""]"
PN00,PN00-5.edf,1035,1025,1035,975,1035,True,True,False,False,0,2143,-1,ignore,,,0.4840094670979434,0.90000000000000002,E1_RF,20260922,True,nested,"[""PN00-1.edf"", ""PN00-2.edf"", ""PN00-4.edf""]"
PN00,PN00-5.edf,1040,1030,1040,980,1040,True,True,False,False,0,2143,-1,ignore,,,0.32230421409883847,0.90000000000000002,E1_RF,20260922,True,nested,"[""PN00-1.edf"", ""PN00-2.edf"", ""PN00-4.edf""]"
PN00,PN00-5.edf,1045,1035,1045,985,1045,True,True,False,False,0,2143,-1,ignore,,,0.29704380436012467,0.90000000000000002,E1_RF,20260922,True,nested,"[""PN00-1.edf"", ""PN00-2.edf"", ""PN00-4.edf""]"
PN00,PN00-5.edf,1050,1040,1050,990,1050,True,True,False,False,0,2143,-1,ignore,,,0.34253134469980245,0.90000000000000002,E1_RF,20260922,True,nested,"[""PN00-1.edf"", ""PN00-2.edf"", ""PN00-4.edf""]"
PN00,PN00-5.edf,1055,1045,1055,995,1055,True,True,False,False,0,2143,-1,ignore,,,0.2251058200658296,0.90000000000000002,E1_RF,20260922,True,nested,"[""PN00-1.edf"", ""PN00-2.edf"", ""PN00-4.edf""]"
PN00,PN00-5.edf,1060,1050,1060,1000,1060,True,True,False,False,0,2143,-1,ignore,,,0.29367793465539943,0.90000000000000002,E1_RF,20260922,True,nested,"[""PN00-1.edf"", ""PN00-2.edf"", ""PN00-4.edf""]"
PN00,PN00-5.edf,1065,1055,1065,1005,1065,True,True,False,False,0,2143,-1,ignore,,,0.32509117042244851,0.90000000000000002,E1_RF,20260922,True,nested,"[""PN00-1.edf"", ""PN00-2.edf"", ""PN00-4.edf""]"
PN00,PN00-5.edf,1070,1060,1070,1010,1070,True,True,False,False,0,2143,-1,ignore,,,0.33386392297699585,0.90000000000000002,E1_RF,20260922,True,nested,"[""PN00-1.edf"", ""PN00-2.edf"", ""PN00-4.edf""]"
PN00,PN00-5.edf,1075,1065,1075,1015,1075,True,True,False,False,0,2143,-1,ignore,,,0.29177762138151914,0.90000000000000002,E1_RF,20260922,True,nested,"[""PN00-1.edf"", ""PN00-2.edf"", ""PN00-4.edf""]"
PN00,PN00-5.edf,1080,1070,1080,1020,1080,True,True,False,False,0,2143,-1,ignore,,,0.16758898542655673,0.90000000000000002,E1_RF,20260922,True,nested,"[""PN00-1.edf"", ""PN00-2.edf"", ""PN00-4.edf""]"
PN00,PN00-5.edf,1085,1075,1085,1025,1085,True,True,False,False,0,2143,-1,ignore,,,0.016803817541509357,0.90000000000000002,E1_RF,20260922,True,nested,"[""PN00-1.edf"", ""PN00-2.edf"", ""PN00-4.edf""]"
PN00,PN00-5.edf,1090,1080,1090,1030,1090,True,True,False,False,0,2143,-1,ignore,,,0.024685358208696214,0.90000000000000002,E1_RF,20260922,True,nested,"[""PN00-1.edf"", ""PN00-2.edf"", ""PN00-4.edf""]"
PN00,PN00-5.edf,1095,1085,1095,1035,1095,True,True,False,False,0,2143,-1,ignore,,,0.043048622641090065,0.90000000000000002,E1_RF,20260922,True,nested,"[""PN00-1.edf"", ""PN00-2.edf"", ""PN00-4.edf""]"
PN00,PN00-5.edf,1100,1090,1100,1040,1100,True,True,False,False,0,2143,-1,ignore,,,0.06558050889746217,0.90000000000000002,E1_RF,20260922,True,nested,"[""PN00-1.edf"", ""PN00-2.edf"", ""PN00-4.edf""]"
PN00,PN00-5.edf,1105,1095,1105,1045,1105,True,True,False,False,0,2143,-1,ignore,,,0.077611384257191121,0.90000000000000002,E1_RF,20260922,True,nested,"[""PN00-1.edf"", ""PN00-2.edf"", ""PN00-4.edf""]"
PN00,PN00-5.edf,1110,1100,1110,1050,1110,True,True,False,False,0,2143,-1,ignore,,,0.13166749649775494,0.90000000000000002,E1_RF,20260922,True,nested,"[""PN00-1.edf"", ""PN00-2.edf"", ""PN00-4.edf""]"
PN00,PN00-5.edf,1115,1105,1115,1055,1115,True,True,False,False,0,2143,-1,ignore,,,0.078444299690793043,0.90000000000000002,E1_RF,20260922,True,nested,"[""PN00-1.edf"", ""PN00-2.edf"", ""PN00-4.edf""]"
PN00,PN00-5.edf,1120,1110,1120,1060,1120,True,True,False,False,0,2143,-1,ignore,,,0.033304957923741142,0.90000000000000002,E1_RF,20260922,True,nested,"[""PN00-1.edf"", ""PN00-2.edf"", ""PN00-4.edf""]"
PN00,PN00-5.edf,1125,1115,1125,1065,1125,True,True,False,False,0,2143,-1,ignore,,,0.018325017352292628,0.90000000000000002,E1_RF,20260922,True,nested,"[""PN00-1.edf"", ""PN00-2.edf"", ""PN00-4.edf""]"
PN00,PN00-5.edf,1130,1120,1130,1070,1130,True,True,False,False,0,2143,-1,ignore,,,0.027745694714146462,0.90000000000000002,E1_RF,20260922,True,nested,"[""PN00-1.edf"", ""PN00-2.edf"", ""PN00-4.edf""]"
PN00,PN00-5.edf,1135,1125,1135,1075,1135,True,True,False,False,0,2143,-1,ignore,,,0.045812283172891786,0.90000000000000002,E1_RF,20260922,True,nested,"[""PN00-1.edf"", ""PN00-2.edf"", ""PN00-4.edf""]"
PN00,PN00-5.edf,1140,1130,1140,1080,1140,True,True,False,False,0,2143,-1,ignore,,,0.039439177112285728,0.90000000000000002,E1_RF,20260922,True,nested,"[""PN00-1.edf"", ""PN00-2.edf"", ""PN00-4.edf""]"
PN00,PN00-5.edf,1145,1135,1145,1085,1145,True,True,False,False,0,2143,-1,ignore,,,0.012030732201347358,0.90000000000000002,E1_RF,20260922,True,nested,"[""PN00-1.edf"", ""PN00-2.edf"", ""PN00-4.edf""]"
PN00,PN00-5.edf,1150,1140,1150,1090,1150,True,True,False,False,0,2143,-1,ignore,,,0.025908749409708897,0.90000000000000002,E1_RF,20260922,True,nested,"[""PN00-1.edf"", ""PN00-2.edf"", ""PN00-4.edf""]"
PN00,PN00-5.edf,1155,1145,1155,1095,1155,True,True,False,False,0,2143,-1,ignore,,,0.048092984927277753,0.90000000000000002,E1_RF,20260922,True,nested,"[""PN00-1.edf"", ""PN00-2.edf"", ""PN00-4.edf""]"
PN00,PN00-5.edf,1160,1150,1160,1100,1160,True,True,False,False,0,2143,-1,ignore,,,0.032204144760831811,0.90000000000000002,E1_RF,20260922,True,nested,"[""PN00-1.edf"", ""PN00-2.edf"", ""PN00-4.edf""]"
PN00,PN00-5.edf,1165,1155,1165,1105,1165,True,True,False,False,0,2143,-1,ignore,,,0.024670722300938756,0.90000000000000002,E1_RF,20260922,True,nested,"[""PN00-1.edf"", ""PN00-2.edf"", ""PN00-4.edf""]"
PN00,PN00-5.edf,1170,1160,1170,1110,1170,True,True,False,False,0,2143,-1,ignore,,,0.023273993575778657,0.90000000000000002,E1_RF,20260922,True,nested,"[""PN00-1.edf"", ""PN00-2.edf"", ""PN00-4.edf""]"
PN00,PN00-5.edf,1175,1165,1175,1115,1175,True,True,False,False,0,2143,-1,ignore,,,0.018056699498835458,0.90000000000000002,E1_RF,20260922,True,nested,"[""PN00-1.edf"", ""PN00-2.edf"", ""PN00-4.edf""]"
PN00,PN00-5.edf,1180,1170,1180,1120,1180,True,True,False,False,0,2143,-1,ignore,,,0.010663343140459846,0.90000000000000002,E1_RF,20260922,True,nested,"[""PN00-1.edf"", ""PN00-2.edf"", ""PN00-4.edf""]"
PN00,PN00-5.edf,1185,1175,1185,1125,1185,True,True,False,False,0,2143,-1,ignore,,,0.0081487232574189092,0.90000000000000002,E1_RF,20260922,True,nested,"[""PN00-1.edf"", ""PN00-2.edf"", ""PN00-4.edf""]"
PN00,PN00-5.edf,1190,1180,1190,1130,1190,True,True,False,False,0,2143,-1,ignore,,,0.018970442188893939,0.90000000000000002,E1_RF,20260922,True,nested,"[""PN00-1.edf"", ""PN00-2.edf"", ""PN00-4.edf""]"
PN00,PN00-5.edf,1195,1185,1195,1135,1195,True,True,False,False,0,2143,-1,ignore,,,0.018800689102474184,0.90000000000000002,E1_RF,20260922,True,nested,"[""PN00-1.edf"", ""PN00-2.edf"", ""PN00-4.edf""]"
PN00,PN00-5.edf,1200,1190,1200,1140,1200,True,True,False,False,0,2143,-1,ignore,,,0.0075931677018633544,0.90000000000000002,E1_RF,20260922,True,nested,"[""PN00-1.edf"", ""PN00-2.edf"", ""PN00-4.edf""]"
PN00,PN00-5.edf,1205,1195,1205,1145,1205,True,True,False,False,0,2143,-1,ignore,,,0.01581230259248835,0.90000000000000002,E1_RF,20260922,True,nested,"[""PN00-1.edf"", ""PN00-2.edf"", ""PN00-4.edf""]"
PN00,PN00-5.edf,1210,1200,1210,1150,1210,True,True,False,False,0,2143,-1,ignore,,,0.0022222222222222222,0.90000000000000002,E1_RF,20260922,True,nested,"[""PN00-1.edf"", ""PN00-2.edf"", ""PN00-4.edf""]"
PN00,PN00-5.edf,1215,1205,1215,1155,1215,True,True,False,False,0,2143,-1,ignore,,,0.71315271382400158,0.90000000000000002,E1_RF,20260922,True,nested,"[""PN00-1.edf"", ""PN00-2.edf"", ""PN00-4.edf""]"
PN00,PN00-5.edf,1220,1210,1220,1160,1220,True,True,False,False,0,2143,-1,ignore,,,0.82072671992411195,0.90000000000000002,E1_RF,20260922,True,nested,"[""PN00-1.edf"", ""PN00-2.edf"", ""PN00-4.edf""]"
PN00,PN00-5.edf,1225,1215,1225,1165,1225,True,True,False,False,0,2143,-1,ignore,,,0.60668287452084135,0.90000000000000002,E1_RF,20260922,True,nested,"[""PN00-1.edf"", ""PN00-2.edf"", ""PN00-4.edf""]"
PN00,PN00-5.edf,1230,1220,1230,1170,1230,True,True,False,False,0,2143,-1,ignore,,,0.07505592437222984,0.90000000000000002,E1_RF,20260922,True,nested,"[""PN00-1.edf"", ""PN00-2.edf"", ""PN00-4.edf""]"
PN00,PN00-5.edf,1235,1225,1235,1175,1235,True,True,False,False,0,2143,-1,ignore,,,0.070496700555111286,0.90000000000000002,E1_RF,20260922,True,nested,"[""PN00-1.edf"", ""PN00-2.edf"", ""PN00-4.edf""]"
PN00,PN00-5.edf,1240,1230,1240,1180,1240,True,True,False,False,0,2143,-1,ignore,,,0.080572064027017595,0.90000000000000002,E1_RF,20260922,True,nested,"[""PN00-1.edf"", ""PN00-2.edf"", ""PN00-4.edf""]"
PN00,PN00-5.edf,1245,1235,1245,1185,1245,True,True,False,False,0,2143,-1,ignore,,,0.065118215421479567,0.90000000000000002,E1_RF,20260922,True,nested,"[""PN00-1.edf"", ""PN00-2.edf"", ""PN00-4.edf""]"
PN00,PN00-5.edf,1250,1240,1250,1190,1250,True,True,False,False,0,2143,-1,ignore,,,0.041334675175009494,0.90000000000000002,E1_RF,20260922,True,nested,"[""PN00-1.edf"", ""PN00-2.edf"", ""PN00-4.edf""]"
PN00,PN00-5.edf,1255,1245,1255,1195,1255,True,True,False,False,0,2143,-1,ignore,,,0.086924193125724247,0.90000000000000002,E1_RF,20260922,True,nested,"[""PN00-1.edf"", ""PN00-2.edf"", ""PN00-4.edf""]"
PN00,PN00-5.edf,1260,1250,1260,1200,1260,True,True,False,False,0,2143,-1,ignore,,,0.065598175008239043,0.90000000000000002,E1_RF,20260922,True,nested,"[""PN00-1.edf"", ""PN00-2.edf"", ""PN00-4.edf""]"
PN00,PN00-5.edf,1265,1255,1265,1205,1265,True,True,False,False,0,2143,-1,ignore,,,0.028510225318197455,0.90000000000000002,E1_RF,20260922,True,nested,"[""PN00-1.edf"", ""PN00-2.edf"", ""PN00-4.edf""]"
PN00,PN00-5.edf,1270,1260,1270,1210,1270,True,True,False,False,0,2143,-1,ignore,,,0.031209746793454222,0.90000000000000002,E1_RF,20260922,True,nested,"[""PN00-1.edf"", ""PN00-2.edf"", ""PN00-4.edf""]"
PN00,PN00-5.edf,1275,1265,1275,1215,1275,True,True,False,True,0,2143,0,negative,,,0.030015695706222482,0.90000000000000002,E1_RF,20260922,True,nested,"[""PN00-1.edf"", ""PN00-2.edf"", ""PN00-4.edf""]"
PN00,PN00-5.edf,1280,1270,1280,1220,1280,True,True,False,True,0,2143,0,negative,,,0,0.90000000000000002,E1_RF,20260922,True,nested,"[""PN00-1.edf"", ""PN00-2.edf"", ""PN00-4.edf""]"
PN00,PN00-5.edf,1285,1275,1285,1225,1285,True,True,False,True,0,2143,0,negative,,,0.0050457516339869283,0.90000000000000002,E1_RF,20260922,True,nested,"[""PN00-1.edf"", ""PN00-2.edf"", ""PN00-4.edf""]"
PN00,PN00-5.edf,1290,1280,1290,1230,1290,True,True,False,True,0,2143,0,negative,,,0.014774793425528721,0.90000000000000002,E1_RF,20260922,True,nested,"[""PN00-1.edf"", ""PN00-2.edf"", ""PN00-4.edf""]"
PN00,PN00-5.edf,1295,1285,1295,1235,1295,True,True,False,True,0,2143,0,negative,,,0.016011093073593073,0.90000000000000002,E1_RF,20260922,True,nested,"[""PN00-1.edf"", ""PN00-2.edf"", ""PN00-4.edf""]"
PN00,PN00-5.edf,1300,1290,1300,1240,1300,True,True,False,True,0,2143,0,negative,,,0.010227696078431372,0.90000000000000002,E1_RF,20260922,True,nested,"[""PN00-1.edf"", ""PN00-2.edf"", ""PN00-4.edf""]"
PN00,PN00-5.edf,1305,1295,1305,1245,1305,True,True,False,True,0,2143,0,negative,,,0.014859326625386995,0.90000000000000002,E1_RF,20260922,True,nested,"[""PN00-1.edf"", ""PN00-2.edf"", ""PN00-4.edf""]"
PN00,PN00-5.edf,1310,1300,1310,1250,1310,True,True,False,True,0,2143,0,negative,,,0.016300849977672227,0.90000000000000002,E1_RF,20260922,True,nested,"[""PN00-1.edf"", ""PN00-2.edf"", ""PN00-4.edf""]"
PN00,PN00-5.edf,1315,1305,1315,1255,1315,True,True,False,True,0,2143,0,negative,,,0.014020282750781472,0.90000000000000002,E1_RF,20260922,True,nested,"[""PN00-1.edf"", ""PN00-2.edf"", ""PN00-4.edf""]"
PN00,PN00-5.edf,1320,1310,1320,1260,1320,True,True,False,True,0,2143,0,negative,,,0.0029411764705882353,0.90000000000000002,E1_RF,20260922,True,nested,"[""PN00-1.edf"", ""PN00-2.edf"", ""PN00-4.edf""]"
PN00,PN00-5.edf,1325,1315,1325,1265,1325,True,True,False,True,0,2143,0,negative,,,0.005830065359477124,0.90000000000000002,E1_RF,20260922,True,nested,"[""PN00-1.edf"", ""PN00-2.edf"", ""PN00-4.edf""]"
PN00,PN00-5.edf,1330,1320,1330,1270,1330,True,True,False,True,0,2143,0,negative,,,0.00494017094017094,0.90000000000000002,E1_RF,20260922,True,nested,"[""PN00-1.edf"", ""PN00-2.edf"", ""PN00-4.edf""]"
PN00,PN00-5.edf,1335,1325,1335,1275,1335,True,True,False,True,0,2143,0,negative,,,0.005190217391304347,0.90000000000000002,E1_RF,20260922,True,nested,"[""PN00-1.edf"", ""PN00-2.edf"", ""PN00-4.edf""]"
PN00,PN00-5.edf,1340,1330,1340,1280,1340,True,True,False,True,0,2143,0,negative,,,0.0022222222222222222,0.90000000000000002,E1_RF,20260922,True,nested,"[""PN00-1.edf"", ""PN00-2.edf"", ""PN00-4.edf""]"
PN00,PN00-5.edf,1345,1335,1345,1285,1345,True,True,False,True,0,2143,0,negative,,,0.0022916666666666667,0.90000000000000002,E1_RF,20260922,True,nested,"[""PN00-1.edf"", ""PN00-2.edf"", ""PN00-4.edf""]"
PN00,PN00-5.edf,1350,1340,1350,1290,1350,True,True,False,True,0,2143,0,negative,,,0,0.90000000000000002,E1_RF,20260922,True,nested,"[""PN00-1.edf"", ""PN00-2.edf"", ""PN00-4.edf""]"
PN00,PN00-5.edf,1355,1345,1355,1295,1355,True,True,False,True,0,2143,0,negative,,,0.0043125996810207332,0.90000000000000002,E1_RF,20260922,True,nested,"[""PN00-1.edf"", ""PN00-2.edf"", ""PN00-4.edf""]"
PN00,PN00-5.edf,1360,1350,1360,1300,1360,True,True,False,True,0,2143,0,negative,,,0,0.90000000000000002,E1_RF,20260922,True,nested,"[""PN00-1.edf"", ""PN00-2.edf"", ""PN00-4.edf""]"
PN00,PN00-5.edf,1365,1355,1365,1305,1365,True,True,False,True,0,2143,0,negative,,,0,0.90000000000000002,E1_RF,20260922,True,nested,"[""PN00-1.edf"", ""PN00-2.edf"", ""PN00-4.edf""]"
PN00,PN00-5.edf,1370,1360,1370,1310,1370,True,True,False,True,0,2143,0,negative,,,0,0.90000000000000002,E1_RF,20260922,True,nested,"[""PN00-1.edf"", ""PN00-2.edf"", ""PN00-4.edf""]"
PN00,PN00-5.edf,1375,1365,1375,1315,1375,True,True,False,True,0,2143,0,negative,,,0,0.90000000000000002,E1_RF,20260922,True,nested,"[""PN00-1.edf"", ""PN00-2.edf"", ""PN00-4.edf""]"
PN00,PN00-5.edf,1380,1370,1380,1320,1380,True,True,False,True,0,2143,0,negative,,,0,0.90000000000000002,E1_RF,20260922,True,nested,"[""PN00-1.edf"", ""PN00-2.edf"", ""PN00-4.edf""]"
PN00,PN00-5.edf,1385,1375,1385,1325,1385,True,True,False,True,0,2143,0,negative,,,0.0028985507246376812,0.90000000000000002,E1_RF,20260922,True,nested,"[""PN00-1.edf"", ""PN00-2.edf"", ""PN00-4.edf""]"
PN00,PN00-5.edf,1390,1380,1390,1330,1390,True,True,False,True,0,2143,0,negative,,,0.0028985507246376812,0.90000000000000002,E1_RF,20260922,True,nested,"[""PN00-1.edf"", ""PN00-2.edf"", ""PN00-4.edf""]"
PN00,PN00-5.edf,1395,1385,1395,1335,1395,True,True,False,True,0,2143,0,negative,,,0.0028985507246376812,0.90000000000000002,E1_RF,20260922,True,nested,"[""PN00-1.edf"", ""PN00-2.edf"", ""PN00-4.edf""]"
PN00,PN00-5.edf,1400,1390,1400,1340,1400,True,True,False,True,0,2143,0,negative,,,0.0046130030959752322,0.90000000000000002,E1_RF,20260922,True,nested,"[""PN00-1.edf"", ""PN00-2.edf"", ""PN00-4.edf""]"
PN00,PN00-5.edf,1405,1395,1405,1345,1405,True,True,False,True,0,2143,0,negative,,,0.0046130030959752322,0.90000000000000002,E1_RF,20260922,True,nested,"[""PN00-1.edf"", ""PN00-2.edf"", ""PN00-4.edf""]"
PN00,PN00-5.edf,1410,1400,1410,1350,1410,True,True,False,True,0,2143,0,negative,,,0,0.90000000000000002,E1_RF,20260922,True,nested,"[""PN00-1.edf"", ""PN00-2.edf"", ""PN00-4.edf""]"
PN00,PN00-5.edf,1415,1405,1415,1355,1415,True,True,False,True,0,2143,0,negative,,,0,0.90000000000000002,E1_RF,20260922,True,nested,"[""PN00-1.edf"", ""PN00-2.edf"", ""PN00-4.edf""]"
PN00,PN00-5.edf,1420,1410,1420,1360,1420,True,True,False,True,0,2143,0,negative,,,0.0021568627450980395,0.90000000000000002,E1_RF,20260922,True,nested,"[""PN00-1.edf"", ""PN00-2.edf"", ""PN00-4.edf""]"
PN00,PN00-5.edf,1425,1415,1425,1365,1425,True,True,False,True,0,2143,0,negative,,,0,0.90000000000000002,E1_RF,20260922,True,nested,"[""PN00-1.edf"", ""PN00-2.edf"", ""PN00-4.edf""]"
PN00,PN00-5.edf,1430,1420,1430,1370,1430,True,True,False,True,0,2143,0,negative,,,0.0028985507246376812,0.90000000000000002,E1_RF,20260922,True,nested,"[""PN00-1.edf"", ""PN00-2.edf"", ""PN00-4.edf""]"
PN00,PN00-5.edf,1435,1425,1435,1375,1435,True,True,False,True,0,2143,0,negative,,,0.0025925925925925925,0.90000000000000002,E1_RF,20260922,True,nested,"[""PN00-1.edf"", ""PN00-2.edf"", ""PN00-4.edf""]"
PN00,PN00-5.edf,1440,1430,1440,1380,1440,True,True,False,True,0,2143,0,negative,,,0,0.90000000000000002,E1_RF,20260922,True,nested,"[""PN00-1.edf"", ""PN00-2.edf"", ""PN00-4.edf""]"
PN00,PN00-5.edf,1445,1435,1445,1385,1445,True,True,False,True,0,2143,0,negative,,,0.00095238095238095238,0.90000000000000002,E1_RF,20260922,True,nested,"[""PN00-1.edf"", ""PN00-2.edf"", ""PN00-4.edf""]"
PN00,PN00-5.edf,1450,1440,1450,1390,1450,True,True,False,True,0,2143,0,negative,,,0,0.90000000000000002,E1_RF,20260922,True,nested,"[""PN00-1.edf"", ""PN00-2.edf"", ""PN00-4.edf""]"
PN00,PN00-5.edf,1455,1445,1455,1395,1455,True,True,False,True,0,2143,0,negative,,,0.00095238095238095238,0.90000000000000002,E1_RF,20260922,True,nested,"[""PN00-1.edf"", ""PN00-2.edf"", ""PN00-4.edf""]"
PN00,PN00-5.edf,1460,1450,1460,1400,1460,True,True,False,True,0,2143,0,negative,,,0,0.90000000000000002,E1_RF,20260922,True,nested,"[""PN00-1.edf"", ""PN00-2.edf"", ""PN00-4.edf""]"
PN00,PN00-5.edf,1465,1455,1465,1405,1465,True,True,False,True,0,2143,0,negative,,,0,0.90000000000000002,E1_RF,20260922,True,nested,"[""PN00-1.edf"", ""PN00-2.edf"", ""PN00-4.edf""]"
PN00,PN00-5.edf,1470,1460,1470,1410,1470,True,True,False,True,0,2143,0,negative,,,0.0022222222222222222,0.90000000000000002,E1_RF,20260922,True,nested,"[""PN00-1.edf"", ""PN00-2.edf"", ""PN00-4.edf""]"
PN00,PN00-5.edf,1475,1465,1475,1415,1475,True,True,False,True,0,2143,0,negative,,,0.0063360215053763439,0.90000000000000002,E1_RF,20260922,True,nested,"[""PN00-1.edf"", ""PN00-2.edf"", ""PN00-4.edf""]"
PN00,PN00-5.edf,1480,1470,1480,1420,1480,True,True,False,True,0,2143,0,negative,,,0.0048888888888888897,0.90000000000000002,E1_RF,20260922,True,nested,"[""PN00-1.edf"", ""PN00-2.edf"", ""PN00-4.edf""]"
PN00,PN00-5.edf,1485,1475,1485,1425,1485,True,True,False,True,0,2143,0,negative,,,0.0034193548387096775,0.90000000000000002,E1_RF,20260922,True,nested,"[""PN00-1.edf"", ""PN00-2.edf"", ""PN00-4.edf""]"
PN00,PN00-5.edf,1490,1480,1490,1430,1490,True,True,False,True,0,2143,0,negative,,,0.00095238095238095238,0.90000000000000002,E1_RF,20260922,True,nested,"[""PN00-1.edf"", ""PN00-2.edf"", ""PN00-4.edf""]"
PN00,PN00-5.edf,1495,1485,1495,1435,1495,True,True,False,True,0,2143,0,negative,,,0,0.90000000000000002,E1_RF,20260922,True,nested,"[""PN00-1.edf"", ""PN00-2.edf"", ""PN00-4.edf""]"
PN00,PN00-5.edf,1500,1490,1500,1440,1500,True,True,False,True,0,2143,0,negative,,,0.013142548311903151,0.90000000000000002,E1_RF,20260922,True,nested,"[""PN00-1.edf"", ""PN00-2.edf"", ""PN00-4.edf""]"
PN00,PN00-5.edf,1505,1495,1505,1445,1505,True,True,False,True,0,2143,0,negative,,,0.0047712418300653592,0.90000000000000002,E1_RF,20260922,True,nested,"[""PN00-1.edf"", ""PN00-2.edf"", ""PN00-4.edf""]"
PN00,PN00-5.edf,1510,1500,1510,1450,1510,True,True,False,True,0,2143,0,negative,,,0,0.90000000000000002,E1_RF,20260922,True,nested,"[""PN00-1.edf"", ""PN00-2.edf"", ""PN00-4.edf""]"
PN00,PN00-5.edf,1515,1505,1515,1455,1515,True,True,False,True,0,2143,0,negative,,,0.0025925925925925925,0.90000000000000002,E1_RF,20260922,True,nested,"[""PN00-1.edf"", ""PN00-2.edf"", ""PN00-4.edf""]"
PN00,PN00-5.edf,1520,1510,1520,1460,1520,True,True,False,True,0,2143,0,negative,,,0.011912706603109082,0.90000000000000002,E1_RF,20260922,True,nested,"[""PN00-1.edf"", ""PN00-2.edf"", ""PN00-4.edf""]"
PN00,PN00-5.edf,1525,1515,1525,1465,1525,True,True,False,True,0,2143,0,negative,,,0.017643920371949971,0.90000000000000002,E1_RF,20260922,True,nested,"[""PN00-1.edf"", ""PN00-2.edf"", ""PN00-4.edf""]"
PN00,PN00-5.edf,1530,1520,1530,1470,1530,True,True,False,True,0,2143,0,negative,,,0.023347926249528084,0.90000000000000002,E1_RF,20260922,True,nested,"[""PN00-1.edf"", ""PN00-2.edf"", ""PN00-4.edf""]"
PN00,PN00-5.edf,1535,1525,1535,1475,1535,True,True,False,True,0,2143,0,negative,,,0.002549019607843137,0.90000000000000002,E1_RF,20260922,True,nested,"[""PN00-1.edf"", ""PN00-2.edf"", ""PN00-4.edf""]"
PN00,PN00-5.edf,1540,1530,1540,1480,1540,True,True,False,True,0,2143,0,negative,,,0.0080297888386123683,0.90000000000000002,E1_RF,20260922,True,nested,"[""PN00-1.edf"", ""PN00-2.edf"", ""PN00-4.edf""]"
PN00,PN00-5.edf,1545,1535,1545,1485,1545,True,True,False,True,0,2143,0,negative,,,0.0029166666666666668,0.90000000000000002,E1_RF,20260922,True,nested,"[""PN00-1.edf"", ""PN00-2.edf"", ""PN00-4.edf""]"
PN00,PN00-5.edf,1550,1540,1550,1490,1550,True,True,False,True,0,2143,0,negative,,,0.010772556390977442,0.90000000000000002,E1_RF,20260922,True,nested,"[""PN00-1.edf"", ""PN00-2.edf"", ""PN00-4.edf""]"
PN00,PN00-5.edf,1555,1545,1555,1495,1555,True,True,False,True,0,2143,0,negative,,,0.0096102187286397807,0.90000000000000002,E1_RF,20260922,True,nested,"[""PN00-1.edf"", ""PN00-2.edf"", ""PN00-4.edf""]"
PN00,PN00-5.edf,1560,1550,1560,1500,1560,True,True,False,True,0,2143,0,negative,,,0.011281076450431289,0.90000000000000002,E1_RF,20260922,True,nested,"[""PN00-1.edf"", ""PN00-2.edf"", ""PN00-4.edf""]"
PN00,PN00-5.edf,1565,1555,1565,1505,1565,True,True,False,True,0,2143,0,negative,,,0.0067142857142857143,0.90000000000000002,E1_RF,20260922,True,nested,"[""PN00-1.edf"", ""PN00-2.edf"", ""PN00-4.edf""]"
PN00,PN00-5.edf,1570,1560,1570,1510,1570,True,True,False,True,0,2143,0,negative,,,0,0.90000000000000002,E1_RF,20260922,True,nested,"[""PN00-1.edf"", ""PN00-2.edf"", ""PN00-4.edf""]"
PN00,PN00-5.edf,1575,1565,1575,1515,1575,True,True,False,True,0,2143,0,negative,,,0.0060503072196620581,0.90000000000000002,E1_RF,20260922,True,nested,"[""PN00-1.edf"", ""PN00-2.edf"", ""PN00-4.edf""]"
PN00,PN00-5.edf,1580,1570,1580,1520,1580,True,True,False,True,0,2143,0,negative,,,0.0047712418300653592,0.90000000000000002,E1_RF,20260922,True,nested,"[""PN00-1.edf"", ""PN00-2.edf"", ""PN00-4.edf""]"
PN00,PN00-5.edf,1585,1575,1585,1525,1585,True,True,False,True,0,2143,0,negative,,,0.0067142857142857143,0.90000000000000002,E1_RF,20260922,True,nested,"[""PN00-1.edf"", ""PN00-2.edf"", ""PN00-4.edf""]"
PN00,PN00-5.edf,1590,1580,1590,1530,1590,True,True,False,True,0,2143,0,negative,,,0,0.90000000000000002,E1_RF,20260922,True,nested,"[""PN00-1.edf"", ""PN00-2.edf"", ""PN00-4.edf""]"
PN00,PN00-5.edf,1595,1585,1595,1535,1595,True,True,False,True,0,2143,0,negative,,,0.0065158730158730149,0.90000000000000002,E1_RF,20260922,True,nested,"[""PN00-1.edf"", ""PN00-2.edf"", ""PN00-4.edf""]"
PN00,PN00-5.edf,1600,1590,1600,1540,1600,True,True,False,True,0,2143,0,negative,,,0.01038364055299539,0.90000000000000002,E1_RF,20260922,True,nested,"[""PN00-1.edf"", ""PN00-2.edf"", ""PN00-4.edf""]"
PN00,PN00-5.edf,1605,1595,1605,1545,1605,True,True,False,True,0,2143,0,negative,,,0.006869195046439628,0.90000000000000002,E1_RF,20260922,True,nested,"[""PN00-1.edf"", ""PN00-2.edf"", ""PN00-4.edf""]"
PN00,PN00-5.edf,1610,1600,1610,1550,1610,True,True,False,True,0,2143,0,negative,,,0.0049934640522875818,0.90000000000000002,E1_RF,20260922,True,nested,"[""PN00-1.edf"", ""PN00-2.edf"", ""PN00-4.edf""]"
PN00,PN00-5.edf,1615,1605,1615,1555,1615,True,True,False,True,0,2143,0,negative,,,0,0.90000000000000002,E1_RF,20260922,True,nested,"[""PN00-1.edf"", ""PN00-2.edf"", ""PN00-4.edf""]"
PN00,PN00-5.edf,1620,1610,1620,1560,1620,True,True,False,True,0,2143,0,negative,,,0,0.90000000000000002,E1_RF,20260922,True,nested,"[""PN00-1.edf"", ""PN00-2.edf"", ""PN00-4.edf""]"
PN00,PN00-5.edf,1625,1615,1625,1565,1625,True,True,False,True,0,2143,0,negative,,,0,0.90000000000000002,E1_RF,20260922,True,nested,"[""PN00-1.edf"", ""PN00-2.edf"", ""PN00-4.edf""]"
PN00,PN00-5.edf,1630,1620,1630,1570,1630,True,True,False,True,0,2143,0,negative,,,0.017127278303498132,0.90000000000000002,E1_RF,20260922,True,nested,"[""PN00-1.edf"", ""PN00-2.edf"", ""PN00-4.edf""]"
PN00,PN00-5.edf,1635,1625,1635,1575,1635,True,True,False,True,0,2143,0,negative,,,0.011281076450431289,0.90000000000000002,E1_RF,20260922,True,nested,"[""PN00-1.edf"", ""PN00-2.edf"", ""PN00-4.edf""]"
PN00,PN00-5.edf,1640,1630,1640,1580,1640,True,True,False,True,0,2143,0,negative,,,0.0054924242424242422,0.90000000000000002,E1_RF,20260922,True,nested,"[""PN00-1.edf"", ""PN00-2.edf"", ""PN00-4.edf""]"
PN00,PN00-5.edf,1645,1635,1645,1585,1645,True,True,False,True,0,2143,0,negative,,,0.0029166666666666668,0.90000000000000002,E1_RF,20260922,True,nested,"[""PN00-1.edf"", ""PN00-2.edf"", ""PN00-4.edf""]"
PN00,PN00-5.edf,1650,1640,1650,1590,1650,True,True,False,True,0,2143,0,negative,,,0,0.90000000000000002,E1_RF,20260922,True,nested,"[""PN00-1.edf"", ""PN00-2.edf"", ""PN00-4.edf""]"
PN00,PN00-5.edf,1655,1645,1655,1595,1655,True,True,False,True,0,2143,0,negative,,,0.012745943669856713,0.90000000000000002,E1_RF,20260922,True,nested,"[""PN00-1.edf"", ""PN00-2.edf"", ""PN00-4.edf""]"
PN00,PN00-5.edf,1660,1650,1660,1600,1660,True,True,False,True,0,2143,0,negative,,,0.0047979797979797985,0.90000000000000002,E1_RF,20260922,True,nested,"[""PN00-1.edf"", ""PN00-2.edf"", ""PN00-4.edf""]"
PN00,PN00-5.edf,1665,1655,1665,1605,1665,True,True,False,True,0,2143,0,negative,,,0.0029166666666666668,0.90000000000000002,E1_RF,20260922,True,nested,"[""PN00-1.edf"", ""PN00-2.edf"", ""PN00-4.edf""]"
PN00,PN00-5.edf,1670,1660,1670,1610,1670,True,True,False,True,0,2143,0,negative,,,0.015460611636831463,0.90000000000000002,E1_RF,20260922,True,nested,"[""PN00-1.edf"", ""PN00-2.edf"", ""PN00-4.edf""]"
PN00,PN00-5.edf,1675,1665,1675,1615,1675,True,True,False,True,0,2143,0,negative,,,0.01038364055299539,0.90000000000000002,E1_RF,20260922,True,nested,"[""PN00-1.edf"", ""PN00-2.edf"", ""PN00-4.edf""]"
PN00,PN00-5.edf,1680,1670,1680,1620,1680,True,True,False,True,0,2143,0,negative,,,0,0.90000000000000002,E1_RF,20260922,True,nested,"[""PN00-1.edf"", ""PN00-2.edf"", ""PN00-4.edf""]"
PN00,PN00-5.edf,1685,1675,1685,1625,1685,True,True,False,True,0,2143,0,negative,,,0,0.90000000000000002,E1_RF,20260922,True,nested,"[""PN00-1.edf"", ""PN00-2.edf"", ""PN00-4.edf""]"
PN00,PN00-5.edf,1690,1680,1690,1630,1690,True,True,False,True,0,2143,0,negative,,,0,0.90000000000000002,E1_RF,20260922,True,nested,"[""PN00-1.edf"", ""PN00-2.edf"", ""PN00-4.edf""]"
PN00,PN00-5.edf,1695,1685,1695,1635,1695,True,True,False,True,0,2143,0,negative,,,0,0.90000000000000002,E1_RF,20260922,True,nested,"[""PN00-1.edf"", ""PN00-2.edf"", ""PN00-4.edf""]"
PN00,PN00-5.edf,1700,1690,1700,1640,1700,True,True,False,True,0,2143,0,negative,,,0,0.90000000000000002,E1_RF,20260922,True,nested,"[""PN00-1.edf"", ""PN00-2.edf"", ""PN00-4.edf""]"
PN00,PN00-5.edf,1705,1695,1705,1645,1705,True,True,False,True,0,2143,0,negative,,,0.018224035452213818,0.90000000000000002,E1_RF,20260922,True,nested,"[""PN00-1.edf"", ""PN00-2.edf"", ""PN00-4.edf""]"
PN00,PN00-5.edf,1710,1700,1710,1650,1710,True,True,False,True,0,2143,0,negative,,,0.015521415528280519,0.90000000000000002,E1_RF,20260922,True,nested,"[""PN00-1.edf"", ""PN00-2.edf"", ""PN00-4.edf""]"
PN00,PN00-5.edf,1715,1705,1715,1655,1715,True,True,False,True,0,2143,0,negative,,,0.0022222222222222222,0.90000000000000002,E1_RF,20260922,True,nested,"[""PN00-1.edf"", ""PN00-2.edf"", ""PN00-4.edf""]"
PN00,PN00-5.edf,1720,1710,1720,1660,1720,True,True,False,True,0,2143,0,negative,,,0,0.90000000000000002,E1_RF,20260922,True,nested,"[""PN00-1.edf"", ""PN00-2.edf"", ""PN00-4.edf""]"
PN00,PN00-5.edf,1725,1715,1725,1665,1725,True,True,False,True,0,2143,0,negative,,,0.0025757575757575759,0.90000000000000002,E1_RF,20260922,True,nested,"[""PN00-1.edf"", ""PN00-2.edf"", ""PN00-4.edf""]"
PN00,PN00-5.edf,1730,1720,1730,1670,1730,True,True,False,True,0,2143,0,negative,,,0.0082793209876543209,0.90000000000000002,E1_RF,20260922,True,nested,"[""PN00-1.edf"", ""PN00-2.edf"", ""PN00-4.edf""]"
PN00,PN00-5.edf,1735,1725,1735,1675,1735,True,True,False,True,0,2143,0,negative,,,0.011281076450431289,0.90000000000000002,E1_RF,20260922,True,nested,"[""PN00-1.edf"", ""PN00-2.edf"", ""PN00-4.edf""]"
PN00,PN00-5.edf,1740,1730,1740,1680,1740,True,True,False,True,0,2143,0,negative,,,0.013765222700005306,0.90000000000000002,E1_RF,20260922,True,nested,"[""PN00-1.edf"", ""PN00-2.edf"", ""PN00-4.edf""]"
PN00,PN00-5.edf,1745,1735,1745,1685,1745,True,True,False,True,0,2143,0,negative,,,0.020167515891748783,0.90000000000000002,E1_RF,20260922,True,nested,"[""PN00-1.edf"", ""PN00-2.edf"", ""PN00-4.edf""]"
PN00,PN00-5.edf,1750,1740,1750,1690,1750,True,True,False,True,0,2143,0,negative,,,0.025462985297547779,0.90000000000000002,E1_RF,20260922,True,nested,"[""PN00-1.edf"", ""PN00-2.edf"", ""PN00-4.edf""]"
PN00,PN00-5.edf,1755,1745,1755,1695,1755,True,True,False,True,0,2143,0,negative,,,0.0027777777777777779,0.90000000000000002,E1_RF,20260922,True,nested,"[""PN00-1.edf"", ""PN00-2.edf"", ""PN00-4.edf""]"
PN00,PN00-5.edf,1760,1750,1760,1700,1760,True,True,False,True,0,2143,0,negative,,,0.009278388278388278,0.90000000000000002,E1_RF,20260922,True,nested,"[""PN00-1.edf"", ""PN00-2.edf"", ""PN00-4.edf""]"
PN00,PN00-5.edf,1765,1755,1765,1705,1765,True,True,False,True,0,2143,0,negative,,,0.0022222222222222222,0.90000000000000002,E1_RF,20260922,True,nested,"[""PN00-1.edf"", ""PN00-2.edf"", ""PN00-4.edf""]"
PN00,PN00-5.edf,1770,1760,1770,1710,1770,True,True,False,True,0,2143,0,negative,,,0.0041520467836257307,0.90000000000000002,E1_RF,20260922,True,nested,"[""PN00-1.edf"", ""PN00-2.edf"", ""PN00-4.edf""]"
PN00,PN00-5.edf,1775,1765,1775,1715,1775,True,True,False,True,0,2143,0,negative,,,0,0.90000000000000002,E1_RF,20260922,True,nested,"[""PN00-1.edf"", ""PN00-2.edf"", ""PN00-4.edf""]"
PN00,PN00-5.edf,1780,1770,1780,1720,1780,True,True,False,True,0,2143,0,negative,,,0,0.90000000000000002,E1_RF,20260922,True,nested,"[""PN00-1.edf"", ""PN00-2.edf"", ""PN00-4.edf""]"
PN00,PN00-5.edf,1785,1775,1785,1725,1785,True,True,False,True,0,2143,0,negative,,,0.02936855131762061,0.90000000000000002,E1_RF,20260922,True,nested,"[""PN00-1.edf"", ""PN00-2.edf"", ""PN00-4.edf""]"
PN00,PN00-5.edf,1790,1780,1790,1730,1790,True,True,False,True,0,2143,0,negative,,,0.029329368892704034,0.90000000000000002,E1_RF,20260922,True,nested,"[""PN00-1.edf"", ""PN00-2.edf"", ""PN00-4.edf""]"
PN00,PN00-5.edf,1795,1785,1795,1735,1795,True,True,False,True,0,2143,0,negative,,,0.019597399555200068,0.90000000000000002,E1_RF,20260922,True,nested,"[""PN00-1.edf"", ""PN00-2.edf"", ""PN00-4.edf""]"
PN00,PN00-5.edf,1800,1790,1800,1740,1800,True,True,False,True,0,2143,0,negative,,,0.005764163372859025,0.90000000000000002,E1_RF,20260922,True,nested,"[""PN00-1.edf"", ""PN00-2.edf"", ""PN00-4.edf""]"
PN00,PN00-5.edf,1805,1795,1805,1745,1805,True,True,False,True,0,2143,0,negative,,,0.010972252669183613,0.90000000000000002,E1_RF,20260922,True,nested,"[""PN00-1.edf"", ""PN00-2.edf"", ""PN00-4.edf""]"
PN00,PN00-5.edf,1810,1800,1810,1750,1810,True,True,False,True,0,2143,0,negative,,,0.0053678929765886294,0.90000000000000002,E1_RF,20260922,True,nested,"[""PN00-1.edf"", ""PN00-2.edf"", ""PN00-4.edf""]"
PN00,PN00-5.edf,1815,1805,1815,1755,1815,True,True,False,True,0,2143,0,negative,,,0.051662806180366408,0.90000000000000002,E1_RF,20260922,True,nested,"[""PN00-1.edf"", ""PN00-2.edf"", ""PN00-4.edf""]"
PN00,PN00-5.edf,1820,1810,1820,1760,1820,True,True,False,True,0,2143,0,negative,,,0.12758189378916679,0.90000000000000002,E1_RF,20260922,True,nested,"[""PN00-1.edf"", ""PN00-2.edf"", ""PN00-4.edf""]"
PN00,PN00-5.edf,1825,1815,1825,1765,1825,True,True,False,True,0,2143,0,negative,,,0.013802258610954264,0.90000000000000002,E1_RF,20260922,True,nested,"[""PN00-1.edf"", ""PN00-2.edf"", ""PN00-4.edf""]"
PN00,PN00-5.edf,1830,1820,1830,1770,1830,True,True,False,True,0,2143,0,negative,,,0.018331535614144311,0.90000000000000002,E1_RF,20260922,True,nested,"[""PN00-1.edf"", ""PN00-2.edf"", ""PN00-4.edf""]"
PN00,PN00-5.edf,1835,1825,1835,1775,1835,True,True,False,True,0,2143,0,negative,,,0.067284045049846183,0.90000000000000002,E1_RF,20260922,True,nested,"[""PN00-1.edf"", ""PN00-2.edf"", ""PN00-4.edf""]"
PN00,PN00-5.edf,1840,1830,1840,1780,1840,True,True,False,True,0,2143,0,negative,,,0.0370407960007757,0.90000000000000002,E1_RF,20260922,True,nested,"[""PN00-1.edf"", ""PN00-2.edf"", ""PN00-4.edf""]"
PN00,PN00-5.edf,1845,1835,1845,1785,1845,True,True,False,True,0,2143,0,negative,,,0,0.90000000000000002,E1_RF,20260922,True,nested,"[""PN00-1.edf"", ""PN00-2.edf"", ""PN00-4.edf""]"
PN00,PN00-5.edf,1850,1840,1850,1790,1850,True,True,False,True,0,2143,0,negative,,,0.0059265010351966874,0.90000000000000002,E1_RF,20260922,True,nested,"[""PN00-1.edf"", ""PN00-2.edf"", ""PN00-4.edf""]"
PN00,PN00-5.edf,1855,1845,1855,1795,1855,True,True,False,True,0,2143,0,negative,,,0.0079957356076759047,0.90000000000000002,E1_RF,20260922,True,nested,"[""PN00-1.edf"", ""PN00-2.edf"", ""PN00-4.edf""]"
PN00,PN00-5.edf,1860,1850,1860,1800,1860,True,True,False,True,0,2143,0,negative,,,0.04663558746168122,0.90000000000000002,E1_RF,20260922,True,nested,"[""PN00-1.edf"", ""PN00-2.edf"", ""PN00-4.edf""]"
PN00,PN00-5.edf,1865,1855,1865,1805,1865,True,True,False,True,0,2143,0,negative,,,0.03818656035813231,0.90000000000000002,E1_RF,20260922,True,nested,"[""PN00-1.edf"", ""PN00-2.edf"", ""PN00-4.edf""]"
PN00,PN00-5.edf,1870,1860,1870,1810,1870,True,True,False,True,0,2143,0,negative,,,0.0027380952380952378,0.90000000000000002,E1_RF,20260922,True,nested,"[""PN00-1.edf"", ""PN00-2.edf"", ""PN00-4.edf""]"
PN00,PN00-5.edf,1875,1865,1875,1815,1875,True,True,False,True,0,2143,0,negative,,,0.0045751633986928107,0.90000000000000002,E1_RF,20260922,True,nested,"[""PN00-1.edf"", ""PN00-2.edf"", ""PN00-4.edf""]"
PN00,PN00-5.edf,1880,1870,1880,1820,1880,True,True,False,True,0,2143,0,negative,,,0.013017682800291495,0.90000000000000002,E1_RF,20260922,True,nested,"[""PN00-1.edf"", ""PN00-2.edf"", ""PN00-4.edf""]"
PN00,PN00-5.edf,1885,1875,1885,1825,1885,True,True,False,True,0,2143,0,negative,,,0.05344885650805678,0.90000000000000002,E1_RF,20260922,True,nested,"[""PN00-1.edf"", ""PN00-2.edf"", ""PN00-4.edf""]"
PN00,PN00-5.edf,1890,1880,1890,1830,1890,True,True,False,True,0,2143,0,negative,,,0.063017190852769356,0.90000000000000002,E1_RF,20260922,True,nested,"[""PN00-1.edf"", ""PN00-2.edf"", ""PN00-4.edf""]"
PN00,PN00-5.edf,1895,1885,1895,1835,1895,True,True,False,True,0,2143,0,negative,,,0.016543888028678799,0.90000000000000002,E1_RF,20260922,True,nested,"[""PN00-1.edf"", ""PN00-2.edf"", ""PN00-4.edf""]"
PN00,PN00-5.edf,1900,1890,1900,1840,1900,True,True,False,True,0,2143,0,negative,,,0.0082793209876543209,0.90000000000000002,E1_RF,20260922,True,nested,"[""PN00-1.edf"", ""PN00-2.edf"", ""PN00-4.edf""]"
PN00,PN00-5.edf,1905,1895,1905,1845,1905,True,True,False,True,0,2143,0,negative,,,0,0.90000000000000002,E1_RF,20260922,True,nested,"[""PN00-1.edf"", ""PN00-2.edf"", ""PN00-4.edf""]"
PN00,PN00-5.edf,1910,1900,1910,1850,1910,True,True,False,True,0,2143,0,negative,,,0,0.90000000000000002,E1_RF,20260922,True,nested,"[""PN00-1.edf"", ""PN00-2.edf"", ""PN00-4.edf""]"
PN00,PN00-5.edf,1915,1905,1915,1855,1915,True,True,False,True,0,2143,0,negative,,,0.0045751633986928107,0.90000000000000002,E1_RF,20260922,True,nested,"[""PN00-1.edf"", ""PN00-2.edf"", ""PN00-4.edf""]"
PN00,PN00-5.edf,1920,1910,1920,1860,1920,True,True,False,True,0,2143,0,negative,,,0.22996248899298641,0.90000000000000002,E1_RF,20260922,True,nested,"[""PN00-1.edf"", ""PN00-2.edf"", ""PN00-4.edf""]"
PN00,PN00-5.edf,1925,1915,1925,1865,1925,True,True,False,True,0,2143,0,negative,,,0.26564108723114072,0.90000000000000002,E1_RF,20260922,True,nested,"[""PN00-1.edf"", ""PN00-2.edf"", ""PN00-4.edf""]"
PN00,PN00-5.edf,1930,1920,1930,1870,1930,True,True,False,True,0,2143,0,negative,,,0.13136159156472829,0.90000000000000002,E1_RF,20260922,True,nested,"[""PN00-1.edf"", ""PN00-2.edf"", ""PN00-4.edf""]"
PN00,PN00-5.edf,1935,1925,1935,1875,1935,True,True,False,True,0,2143,0,negative,,,0.080331925799275034,0.90000000000000002,E1_RF,20260922,True,nested,"[""PN00-1.edf"", ""PN00-2.edf"", ""PN00-4.edf""]"
PN00,PN00-5.edf,1940,1930,1940,1880,1940,True,True,False,True,0,2143,0,negative,,,0.010123376623376623,0.90000000000000002,E1_RF,20260922,True,nested,"[""PN00-1.edf"", ""PN00-2.edf"", ""PN00-4.edf""]"
PN00,PN00-5.edf,1945,1935,1945,1885,1945,True,True,False,True,0,2143,0,negative,,,0.21594262037876541,0.90000000000000002,E1_RF,20260922,True,nested,"[""PN00-1.edf"", ""PN00-2.edf"", ""PN00-4.edf""]"
PN00,PN00-5.edf,1950,1940,1950,1890,1950,True,True,False,True,0,2143,0,negative,,,0.29187503566291501,0.90000000000000002,E1_RF,20260922,True,nested,"[""PN00-1.edf"", ""PN00-2.edf"", ""PN00-4.edf""]"
PN00,PN00-5.edf,1955,1945,1955,1895,1955,True,True,False,True,0,2143,0,negative,,,0.10376061327124633,0.90000000000000002,E1_RF,20260922,True,nested,"[""PN00-1.edf"", ""PN00-2.edf"", ""PN00-4.edf""]"
PN00,PN00-5.edf,1960,1950,1960,1900,1960,True,True,False,True,0,2143,0,negative,,,0.054936747691195283,0.90000000000000002,E1_RF,20260922,True,nested,"[""PN00-1.edf"", ""PN00-2.edf"", ""PN00-4.edf""]"
PN00,PN00-5.edf,1965,1955,1965,1905,1965,True,True,False,True,0,2143,0,negative,,,0.049985221742205835,0.90000000000000002,E1_RF,20260922,True,nested,"[""PN00-1.edf"", ""PN00-2.edf"", ""PN00-4.edf""]"
PN00,PN00-5.edf,1970,1960,1970,1910,1970,True,True,False,True,0,2143,0,negative,,,0.010908385093167701,0.90000000000000002,E1_RF,20260922,True,nested,"[""PN00-1.edf"", ""PN00-2.edf"", ""PN00-4.edf""]"
PN00,PN00-5.edf,1975,1965,1975,1915,1975,True,True,False,True,0,2143,0,negative,,,0.0083760647954196354,0.90000000000000002,E1_RF,20260922,True,nested,"[""PN00-1.edf"", ""PN00-2.edf"", ""PN00-4.edf""]"
PN00,PN00-5.edf,1980,1970,1980,1920,1980,True,True,False,True,0,2143,0,negative,,,0.0063421190663519537,0.90000000000000002,E1_RF,20260922,True,nested,"[""PN00-1.edf"", ""PN00-2.edf"", ""PN00-4.edf""]"
PN00,PN00-5.edf,1985,1975,1985,1925,1985,True,True,False,True,0,2143,0,negative,,,0.017500927378426071,0.90000000000000002,E1_RF,20260922,True,nested,"[""PN00-1.edf"", ""PN00-2.edf"", ""PN00-4.edf""]"
PN00,PN00-5.edf,1990,1980,1990,1930,1990,True,True,False,True,0,2143,0,negative,,,0.19812687224350392,0.90000000000000002,E1_RF,20260922,True,nested,"[""PN00-1.edf"", ""PN00-2.edf"", ""PN00-4.edf""]"
PN00,PN00-5.edf,1995,1985,1995,1935,1995,True,True,False,True,0,2143,0,negative,,,0.20023747809742753,0.90000000000000002,E1_RF,20260922,True,nested,"[""PN00-1.edf"", ""PN00-2.edf"", ""PN00-4.edf""]"
PN00,PN00-5.edf,2000,1990,2000,1940,2000,True,True,False,True,0,2143,0,negative,,,0.096525045439949095,0.90000000000000002,E1_RF,20260922,True,nested,"[""PN00-1.edf"", ""PN00-2.edf"", ""PN00-4.edf""]"
PN00,PN00-5.edf,2005,1995,2005,1945,2005,True,True,False,True,0,2143,0,negative,,,0.069782620276240784,0.90000000000000002,E1_RF,20260922,True,nested,"[""PN00-1.edf"", ""PN00-2.edf"", ""PN00-4.edf""]"
PN00,PN00-5.edf,2010,2000,2010,1950,2010,True,True,False,True,0,2143,0,negative,,,0.10806006162702846,0.90000000000000002,E1_RF,20260922,True,nested,"[""PN00-1.edf"", ""PN00-2.edf"", ""PN00-4.edf""]"
PN00,PN00-5.edf,2015,2005,2015,1955,2015,True,True,False,True,0,2143,0,negative,,,0.056570797330951689,0.90000000000000002,E1_RF,20260922,True,nested,"[""PN00-1.edf"", ""PN00-2.edf"", ""PN00-4.edf""]"
PN00,PN00-5.edf,2020,2010,2020,1960,2020,True,True,False,True,0,2143,0,negative,,,0.069199393367606082,0.90000000000000002,E1_RF,20260922,True,nested,"[""PN00-1.edf"", ""PN00-2.edf"", ""PN00-4.edf""]"
PN00,PN00-5.edf,2025,2015,2025,1965,2025,True,True,False,True,0,2143,0,negative,,,0.097935932843640452,0.90000000000000002,E1_RF,20260922,True,nested,"[""PN00-1.edf"", ""PN00-2.edf"", ""PN00-4.edf""]"
PN00,PN00-5.edf,2030,2020,2030,1970,2030,True,True,False,True,0,2143,0,negative,,,0.059260808648310029,0.90000000000000002,E1_RF,20260922,True,nested,"[""PN00-1.edf"", ""PN00-2.edf"", ""PN00-4.edf""]"
PN00,PN00-5.edf,2035,2025,2035,1975,2035,True,True,False,True,0,2143,0,negative,,,0.011085231193926848,0.90000000000000002,E1_RF,20260922,True,nested,"[""PN00-1.edf"", ""PN00-2.edf"", ""PN00-4.edf""]"
PN00,PN00-5.edf,2040,2030,2040,1980,2040,True,True,False,True,0,2143,0,negative,,,0.017298179473730222,0.90000000000000002,E1_RF,20260922,True,nested,"[""PN00-1.edf"", ""PN00-2.edf"", ""PN00-4.edf""]"
PN00,PN00-5.edf,2045,2035,2045,1985,2045,True,True,False,True,0,2143,0,negative,,,0.0058284457478005869,0.90000000000000002,E1_RF,20260922,True,nested,"[""PN00-1.edf"", ""PN00-2.edf"", ""PN00-4.edf""]"
PN00,PN00-5.edf,2050,2040,2050,1990,2050,True,True,False,True,0,2143,0,negative,,,0.034226238230889681,0.90000000000000002,E1_RF,20260922,True,nested,"[""PN00-1.edf"", ""PN00-2.edf"", ""PN00-4.edf""]"
PN00,PN00-5.edf,2055,2045,2055,1995,2055,True,True,False,True,0,2143,0,negative,,,0.27694582745454654,0.90000000000000002,E1_RF,20260922,True,nested,"[""PN00-1.edf"", ""PN00-2.edf"", ""PN00-4.edf""]"
PN00,PN00-5.edf,2060,2050,2060,2000,2060,True,True,False,True,0,2143,0,negative,,,0.25188512427286663,0.90000000000000002,E1_RF,20260922,True,nested,"[""PN00-1.edf"", ""PN00-2.edf"", ""PN00-4.edf""]"
PN00,PN00-5.edf,2065,2055,2065,2005,2065,True,True,False,True,0,2143,0,negative,,,0.061112115707882469,0.90000000000000002,E1_RF,20260922,True,nested,"[""PN00-1.edf"", ""PN00-2.edf"", ""PN00-4.edf""]"
PN00,PN00-5.edf,2070,2060,2070,2010,2070,True,True,False,True,0,2143,0,negative,,,0.11247551610763583,0.90000000000000002,E1_RF,20260922,True,nested,"[""PN00-1.edf"", ""PN00-2.edf"", ""PN00-4.edf""]"
PN00,PN00-5.edf,2075,2065,2075,2015,2075,True,True,False,True,0,2143,0,negative,,,0.089625588925730373,0.90000000000000002,E1_RF,20260922,True,nested,"[""PN00-1.edf"", ""PN00-2.edf"", ""PN00-4.edf""]"
PN00,PN00-5.edf,2080,2070,2080,2020,2080,True,True,False,True,0,2143,0,negative,,,0.019260509895014918,0.90000000000000002,E1_RF,20260922,True,nested,"[""PN00-1.edf"", ""PN00-2.edf"", ""PN00-4.edf""]"
PN00,PN00-5.edf,2085,2075,2085,2025,2085,True,True,False,True,0,2143,0,negative,,,0.010091036414565827,0.90000000000000002,E1_RF,20260922,True,nested,"[""PN00-1.edf"", ""PN00-2.edf"", ""PN00-4.edf""]"
PN00,PN00-5.edf,2090,2080,2090,2030,2090,True,True,False,True,0,2143,0,negative,,,0.074831241614117985,0.90000000000000002,E1_RF,20260922,True,nested,"[""PN00-1.edf"", ""PN00-2.edf"", ""PN00-4.edf""]"
PN00,PN00-5.edf,2095,2085,2095,2035,2095,True,True,False,True,0,2143,0,negative,,,0.093560781999549522,0.90000000000000002,E1_RF,20260922,True,nested,"[""PN00-1.edf"", ""PN00-2.edf"", ""PN00-4.edf""]"
PN00,PN00-5.edf,2100,2090,2100,2040,2100,True,True,False,True,0,2143,0,negative,,,0.020995136103831753,0.90000000000000002,E1_RF,20260922,True,nested,"[""PN00-1.edf"", ""PN00-2.edf"", ""PN00-4.edf""]"
PN00,PN00-5.edf,2105,2095,2105,2045,2105,True,True,False,True,0,2143,0,negative,,,0.0027777777777777779,0.90000000000000002,E1_RF,20260922,True,nested,"[""PN00-1.edf"", ""PN00-2.edf"", ""PN00-4.edf""]"
PN00,PN00-5.edf,2110,2100,2110,2050,2110,True,True,False,True,0,2143,0,negative,,,0.015631214143835236,0.90000000000000002,E1_RF,20260922,True,nested,"[""PN00-1.edf"", ""PN00-2.edf"", ""PN00-4.edf""]"
PN00,PN00-5.edf,2115,2105,2115,2055,2115,True,True,False,True,0,2143,0,negative,,,0.091069487082286696,0.90000000000000002,E1_RF,20260922,True,nested,"[""PN00-1.edf"", ""PN00-2.edf"", ""PN00-4.edf""]"
PN00,PN00-5.edf,2120,2110,2120,2060,2120,True,True,False,True,0,2143,0,negative,,,0.13738617138112458,0.90000000000000002,E1_RF,20260922,True,nested,"[""PN00-1.edf"", ""PN00-2.edf"", ""PN00-4.edf""]"
PN00,PN00-5.edf,2125,2115,2125,2065,2125,True,True,False,True,0,2143,0,negative,,,0,0.90000000000000002,E1_RF,20260922,True,nested,"[""PN00-1.edf"", ""PN00-2.edf"", ""PN00-4.edf""]"
PN00,PN00-5.edf,2130,2120,2130,2070,2130,True,True,False,True,0,2143,0,negative,,,0.22166742382286989,0.90000000000000002,E1_RF,20260922,True,nested,"[""PN00-1.edf"", ""PN00-2.edf"", ""PN00-4.edf""]"
PN00,PN00-5.edf,2135,2125,2135,2075,2135,True,True,False,True,0,2143,0,negative,,,0.24117071871785645,0.90000000000000002,E1_RF,20260922,True,nested,"[""PN00-1.edf"", ""PN00-2.edf"", ""PN00-4.edf""]"
PN00,PN00-5.edf,2140,2130,2140,2080,2140,True,True,False,True,0,2143,0,negative,,,0.057754338723848969,0.90000000000000002,E1_RF,20260922,True,nested,"[""PN00-1.edf"", ""PN00-2.edf"", ""PN00-4.edf""]"
