patient,file_name,anchor_s,eeg_start_s,eeg_end_s,ecg_start_s,ecg_end_s,eeg_available,ecg_history_available,annotation_uncertain,training_eligible,evaluation_label,recording_duration_s,label,status,seizure_numbers,unavailable_reason,score,threshold,model,seed,model_available,calibration_status,train_files_json
PN00,PN00-1.edf,10,0,10,,10,True,False,False,True,0,2625,0,negative,,,0.15488115612895945,1.01,E0_LR,20260922,True,nested,"[""PN00-2.edf"", ""PN00-4.edf"", ""PN00-5.edf""]"
PN00,PN00-1.edf,15,5,15,,15,True,False,False,True,0,2625,0,negative,,,0.17842460329701465,1.01,E0_LR,20260922,True,nested,"[""PN00-2.edf"", ""PN00-4.edf"", ""PN00-5.edf""]"
PN00,PN00-1.edf,20,10,20,,20,True,False,False,True,0,2625,0,negative,,,0.13838453953493834,1.01,E0_LR,20260922,True,nested,"[""PN00-2.edf"", ""PN00-4.edf"", ""PN00-5.edf""]"
PN00,PN00-1.edf,25,15,25,,25,True,False,False,True,0,2625,0,negative,,,0.13932257869294706,1.01,E0_LR,20260922,True,nested,"[""PN00-2.edf"", ""PN00-4.edf"", ""PN00-5.edf""]"
PN00,PN00-1.edf,30,20,30,,30,True,False,False,True,0,2625,0,negative,,,0.15898632577295277,1.01,E0_LR,20260922,True,nested,"[""PN00-2.edf"", ""PN00-4.edf"", ""PN00-5.edf""]"
PN00,PN00-1.edf,35,25,35,,35,True,False,False,True,0,2625,0,negative,,,0.087612430082292123,1.01,E0_LR,20260922,True,nested,"[""PN00-2.edf"", ""PN00-4.edf"", ""PN00-5.edf""]"
PN00,PN00-1.edf,40,30,40,,40,True,False,False,True,0,2625,0,negative,,,0.0090599286189376425,1.01,E0_LR,20260922,True,nested,"[""PN00-2.edf"", ""PN00-4.edf"", ""PN00-5.edf""]"
PN00,PN00-1.edf,45,35,45,,45,True,False,False,True,0,2625,0,negative,,,0.032538676623513271,1.01,E0_LR,20260922,True,nested,"[""PN00-2.edf"", ""PN00-4.edf"", ""PN00-5.edf""]"
PN00,PN00-1.edf,50,40,50,,50,True,False,False,True,0,2625,0,negative,,,0.018237860864076538,1.01,E0_LR,20260922,True,nested,"[""PN00-2.edf"", ""PN00-4.edf"", ""PN00-5.edf""]"
PN00,PN00-1.edf,55,45,55,,55,True,False,False,True,0,2625,0,negative,,,0.0050870426099701542,1.01,E0_LR,20260922,True,nested,"[""PN00-2.edf"", ""PN00-4.edf"", ""PN00-5.edf""]"
PN00,PN00-1.edf,60,50,60,0,60,True,True,False,True,0,2625,0,negative,,,0.0042637770743526471,1.01,E0_LR,20260922,True,nested,"[""PN00-2.edf"", ""PN00-4.edf"", ""PN00-5.edf""]"
PN00,PN00-1.edf,65,55,65,5,65,True,True,False,True,0,2625,0,negative,,,0.0085583891021199961,1.01,E0_LR,20260922,True,nested,"[""PN00-2.edf"", ""PN00-4.edf"", ""PN00-5.edf""]"
PN00,PN00-1.edf,70,60,70,10,70,True,True,False,True,0,2625,0,negative,,,0.0079937586879381146,1.01,E0_LR,20260922,True,nested,"[""PN00-2.edf"", ""PN00-4.edf"", ""PN00-5.edf""]"
PN00,PN00-1.edf,75,65,75,15,75,True,True,False,True,0,2625,0,negative,,,0.0017011102040424787,1.01,E0_LR,20260922,True,nested,"[""PN00-2.edf"", ""PN00-4.edf"", ""PN00-5.edf""]"
PN00,PN00-1.edf,80,70,80,20,80,True,True,False,True,0,2625,0,negative,,,0.0016367406752671723,1.01,E0_LR,20260922,True,nested,"[""PN00-2.edf"", ""PN00-4.edf"", ""PN00-5.edf""]"
PN00,PN00-1.edf,85,75,85,25,85,True,True,False,True,0,2625,0,negative,,,0.013844957254906448,1.01,E0_LR,20260922,True,nested,"[""PN00-2.edf"", ""PN00-4.edf"", ""PN00-5.edf""]"
PN00,PN00-1.edf,90,80,90,30,90,True,True,False,True,0,2625,0,negative,,,1.6488685725345163e-10,1.01,E0_LR,20260922,True,nested,"[""PN00-2.edf"", ""PN00-4.edf"", ""PN00-5.edf""]"
PN00,PN00-1.edf,95,85,95,35,95,True,True,False,True,0,2625,0,negative,,,3.4144673690040146e-08,1.01,E0_LR,20260922,True,nested,"[""PN00-2.edf"", ""PN00-4.edf"", ""PN00-5.edf""]"
PN00,PN00-1.edf,100,90,100,40,100,True,True,False,True,0,2625,0,negative,,,0.0015821138859651532,1.01,E0_LR,20260922,True,nested,"[""PN00-2.edf"", ""PN00-4.edf"", ""PN00-5.edf""]"
PN00,PN00-1.edf,105,95,105,45,105,True,True,False,True,0,2625,0,negative,,,0.0026312946342917608,1.01,E0_LR,20260922,True,nested,"[""PN00-2.edf"", ""PN00-4.edf"", ""PN00-5.edf""]"
PN00,PN00-1.edf,110,100,110,50,110,True,True,False,True,0,2625,0,negative,,,0.002744393001916352,1.01,E0_LR,20260922,True,nested,"[""PN00-2.edf"", ""PN00-4.edf"", ""PN00-5.edf""]"
PN00,PN00-1.edf,115,105,115,55,115,True,True,False,True,0,2625,0,negative,,,0.00010548843694520874,1.01,E0_LR,20260922,True,nested,"[""PN00-2.edf"", ""PN00-4.edf"", ""PN00-5.edf""]"
PN00,PN00-1.edf,120,110,120,60,120,True,True,False,True,0,2625,0,negative,,,0.067018484718442517,1.01,E0_LR,20260922,True,nested,"[""PN00-2.edf"", ""PN00-4.edf"", ""PN00-5.edf""]"
PN00,PN00-1.edf,125,115,125,65,125,True,True,False,True,0,2625,0,negative,,,0.012718311345485737,1.01,E0_LR,20260922,True,nested,"[""PN00-2.edf"", ""PN00-4.edf"", ""PN00-5.edf""]"
PN00,PN00-1.edf,130,120,130,70,130,True,True,False,True,0,2625,0,negative,,,0.014136441293322958,1.01,E0_LR,20260922,True,nested,"[""PN00-2.edf"", ""PN00-4.edf"", ""PN00-5.edf""]"
PN00,PN00-1.edf,135,125,135,75,135,True,True,False,True,0,2625,0,negative,,,0.002944896856388989,1.01,E0_LR,20260922,True,nested,"[""PN00-2.edf"", ""PN00-4.edf"", ""PN00-5.edf""]"
PN00,PN00-1.edf,140,130,140,80,140,True,True,False,True,0,2625,0,negative,,,0.066828724149066751,1.01,E0_LR,20260922,True,nested,"[""PN00-2.edf"", ""PN00-4.edf"", ""PN00-5.edf""]"
PN00,PN00-1.edf,145,135,145,85,145,True,True,False,True,0,2625,0,negative,,,0.020204667254100538,1.01,E0_LR,20260922,True,nested,"[""PN00-2.edf"", ""PN00-4.edf"", ""PN00-5.edf""]"
PN00,PN00-1.edf,150,140,150,90,150,True,True,False,True,0,2625,0,negative,,,0.0094932335771057211,1.01,E0_LR,20260922,True,nested,"[""PN00-2.edf"", ""PN00-4.edf"", ""PN00-5.edf""]"
PN00,PN00-1.edf,155,145,155,95,155,True,True,False,True,0,2625,0,negative,,,0.0098834358446442689,1.01,E0_LR,20260922,True,nested,"[""PN00-2.edf"", ""PN00-4.edf"", ""PN00-5.edf""]"
PN00,PN00-1.edf,160,150,160,100,160,True,True,False,True,0,2625,0,negative,,,0.013565249482341779,1.01,E0_LR,20260922,True,nested,"[""PN00-2.edf"", ""PN00-4.edf"", ""PN00-5.edf""]"
PN00,PN00-1.edf,165,155,165,105,165,True,True,False,True,0,2625,0,negative,,,0.0078449489548710078,1.01,E0_LR,20260922,True,nested,"[""PN00-2.edf"", ""PN00-4.edf"", ""PN00-5.edf""]"
PN00,PN00-1.edf,170,160,170,110,170,True,True,False,True,0,2625,0,negative,,,0.0026932084495713275,1.01,E0_LR,20260922,True,nested,"[""PN00-2.edf"", ""PN00-4.edf"", ""PN00-5.edf""]"
PN00,PN00-1.edf,175,165,175,115,175,True,True,False,True,0,2625,0,negative,,,0.0074186344250811104,1.01,E0_LR,20260922,True,nested,"[""PN00-2.edf"", ""PN00-4.edf"", ""PN00-5.edf""]"
PN00,PN00-1.edf,180,170,180,120,180,True,True,False,True,0,2625,0,negative,,,0.0011079302790861717,1.01,E0_LR,20260922,True,nested,"[""PN00-2.edf"", ""PN00-4.edf"", ""PN00-5.edf""]"
PN00,PN00-1.edf,185,175,185,125,185,True,True,False,True,0,2625,0,negative,,,0.0011311085186752313,1.01,E0_LR,20260922,True,nested,"[""PN00-2.edf"", ""PN00-4.edf"", ""PN00-5.edf""]"
PN00,PN00-1.edf,190,180,190,130,190,True,True,False,True,0,2625,0,negative,,,0.030354074739201268,1.01,E0_LR,20260922,True,nested,"[""PN00-2.edf"", ""PN00-4.edf"", ""PN00-5.edf""]"
PN00,PN00-1.edf,195,185,195,135,195,True,True,False,True,0,2625,0,negative,,,0.051560413278968716,1.01,E0_LR,20260922,True,nested,"[""PN00-2.edf"", ""PN00-4.edf"", ""PN00-5.edf""]"
PN00,PN00-1.edf,200,190,200,140,200,True,True,False,True,0,2625,0,negative,,,0.006462605827256775,1.01,E0_LR,20260922,True,nested,"[""PN00-2.edf"", ""PN00-4.edf"", ""PN00-5.edf""]"
PN00,PN00-1.edf,205,195,205,145,205,True,True,False,True,0,2625,0,negative,,,0.029341024292630146,1.01,E0_LR,20260922,True,nested,"[""PN00-2.edf"", ""PN00-4.edf"", ""PN00-5.edf""]"
PN00,PN00-1.edf,210,200,210,150,210,True,True,False,True,0,2625,0,negative,,,0.0065972219190032211,1.01,E0_LR,20260922,True,nested,"[""PN00-2.edf"", ""PN00-4.edf"", ""PN00-5.edf""]"
PN00,PN00-1.edf,215,205,215,155,215,True,True,False,True,0,2625,0,negative,,,0.013970899259018553,1.01,E0_LR,20260922,True,nested,"[""PN00-2.edf"", ""PN00-4.edf"", ""PN00-5.edf""]"
PN00,PN00-1.edf,220,210,220,160,220,True,True,False,True,0,2625,0,negative,,,0.010050490965093846,1.01,E0_LR,20260922,True,nested,"[""PN00-2.edf"", ""PN00-4.edf"", ""PN00-5.edf""]"
PN00,PN00-1.edf,225,215,225,165,225,True,True,False,True,0,2625,0,negative,,,0.0055296062817711458,1.01,E0_LR,20260922,True,nested,"[""PN00-2.edf"", ""PN00-4.edf"", ""PN00-5.edf""]"
PN00,PN00-1.edf,230,220,230,170,230,True,True,False,True,0,2625,0,negative,,,0.011740554192861279,1.01,E0_LR,20260922,True,nested,"[""PN00-2.edf"", ""PN00-4.edf"", ""PN00-5.edf""]"
PN00,PN00-1.edf,235,225,235,175,235,True,True,False,True,0,2625,0,negative,,,0.011700529716835811,1.01,E0_LR,20260922,True,nested,"[""PN00-2.edf"", ""PN00-4.edf"", ""PN00-5.edf""]"
PN00,PN00-1.edf,240,230,240,180,240,True,True,False,True,0,2625,0,negative,,,0.0067057613030031471,1.01,E0_LR,20260922,True,nested,"[""PN00-2.edf"", ""PN00-4.edf"", ""PN00-5.edf""]"
PN00,PN00-1.edf,245,235,245,185,245,True,True,False,True,0,2625,0,negative,,,0.0028831363127967565,1.01,E0_LR,20260922,True,nested,"[""PN00-2.edf"", ""PN00-4.edf"", ""PN00-5.edf""]"
PN00,PN00-1.edf,250,240,250,190,250,True,True,False,True,0,2625,0,negative,,,0.0096398038371047611,1.01,E0_LR,20260922,True,nested,"[""PN00-2.edf"", ""PN00-4.edf"", ""PN00-5.edf""]"
PN00,PN00-1.edf,255,245,255,195,255,True,True,False,True,0,2625,0,negative,,,0.026287315369734495,1.01,E0_LR,20260922,True,nested,"[""PN00-2.edf"", ""PN00-4.edf"", ""PN00-5.edf""]"
PN00,PN00-1.edf,260,250,260,200,260,True,True,False,True,0,2625,0,negative,,,0.0036037673977320022,1.01,E0_LR,20260922,True,nested,"[""PN00-2.edf"", ""PN00-4.edf"", ""PN00-5.edf""]"
PN00,PN00-1.edf,265,255,265,205,265,True,True,False,True,0,2625,0,negative,,,0.0056103104446863904,1.01,E0_LR,20260922,True,nested,"[""PN00-2.edf"", ""PN00-4.edf"", ""PN00-5.edf""]"
PN00,PN00-1.edf,270,260,270,210,270,True,True,False,True,0,2625,0,negative,,,0.01086441035416905,1.01,E0_LR,20260922,True,nested,"[""PN00-2.edf"", ""PN00-4.edf"", ""PN00-5.edf""]"
PN00,PN00-1.edf,275,265,275,215,275,True,True,False,True,0,2625,0,negative,,,0.0045131048433820209,1.01,E0_LR,20260922,True,nested,"[""PN00-2.edf"", ""PN00-4.edf"", ""PN00-5.edf""]"
PN00,PN00-1.edf,280,270,280,220,280,True,True,False,True,0,2625,0,negative,,,0.00043417897087448363,1.01,E0_LR,20260922,True,nested,"[""PN00-2.edf"", ""PN00-4.edf"", ""PN00-5.edf""]"
PN00,PN00-1.edf,285,275,285,225,285,True,True,False,True,0,2625,0,negative,,,0.00032846073054008598,1.01,E0_LR,20260922,True,nested,"[""PN00-2.edf"", ""PN00-4.edf"", ""PN00-5.edf""]"
PN00,PN00-1.edf,290,280,290,230,290,True,True,False,True,0,2625,0,negative,,,0.00017569406489131501,1.01,E0_LR,20260922,True,nested,"[""PN00-2.edf"", ""PN00-4.edf"", ""PN00-5.edf""]"
PN00,PN00-1.edf,295,285,295,235,295,True,True,False,True,0,2625,0,negative,,,0.00038334976956209098,1.01,E0_LR,20260922,True,nested,"[""PN00-2.edf"", ""PN00-4.edf"", ""PN00-5.edf""]"
PN00,PN00-1.edf,300,290,300,240,300,True,True,False,True,0,2625,0,negative,,,0.003065007835552325,1.01,E0_LR,20260922,True,nested,"[""PN00-2.edf"", ""PN00-4.edf"", ""PN00-5.edf""]"
PN00,PN00-1.edf,305,295,305,245,305,True,True,False,True,0,2625,0,negative,,,0.0004143638521071361,1.01,E0_LR,20260922,True,nested,"[""PN00-2.edf"", ""PN00-4.edf"", ""PN00-5.edf""]"
PN00,PN00-1.edf,310,300,310,250,310,True,True,False,True,0,2625,0,negative,,,0.0016032359348711386,1.01,E0_LR,20260922,True,nested,"[""PN00-2.edf"", ""PN00-4.edf"", ""PN00-5.edf""]"
PN00,PN00-1.edf,315,305,315,255,315,True,True,False,True,0,2625,0,negative,,,0.0001261894497710508,1.01,E0_LR,20260922,True,nested,"[""PN00-2.edf"", ""PN00-4.edf"", ""PN00-5.edf""]"
PN00,PN00-1.edf,320,310,320,260,320,True,True,False,True,0,2625,0,negative,,,3.9718353071841662e-05,1.01,E0_LR,20260922,True,nested,"[""PN00-2.edf"", ""PN00-4.edf"", ""PN00-5.edf""]"
PN00,PN00-1.edf,325,315,325,265,325,True,True,False,True,0,2625,0,negative,,,6.7204121994759512e-05,1.01,E0_LR,20260922,True,nested,"[""PN00-2.edf"", ""PN00-4.edf"", ""PN00-5.edf""]"
PN00,PN00-1.edf,330,320,330,270,330,True,True,False,True,0,2625,0,negative,,,0.0023478244068447143,1.01,E0_LR,20260922,True,nested,"[""PN00-2.edf"", ""PN00-4.edf"", ""PN00-5.edf""]"
PN00,PN00-1.edf,335,325,335,275,335,True,True,False,True,0,2625,0,negative,,,0.0022435873015544459,1.01,E0_LR,20260922,True,nested,"[""PN00-2.edf"", ""PN00-4.edf"", ""PN00-5.edf""]"
PN00,PN00-1.edf,340,330,340,280,340,True,True,False,True,0,2625,0,negative,,,0.95834016294297586,1.01,E0_LR,20260922,True,nested,"[""PN00-2.edf"", ""PN00-4.edf"", ""PN00-5.edf""]"
PN00,PN00-1.edf,345,335,345,285,345,True,True,False,True,0,2625,0,negative,,,0.97496314392182848,1.01,E0_LR,20260922,True,nested,"[""PN00-2.edf"", ""PN00-4.edf"", ""PN00-5.edf""]"
PN00,PN00-1.edf,350,340,350,290,350,True,True,False,True,0,2625,0,negative,,,0.19631672066371939,1.01,E0_LR,20260922,True,nested,"[""PN00-2.edf"", ""PN00-4.edf"", ""PN00-5.edf""]"
PN00,PN00-1.edf,355,345,355,295,355,True,True,False,True,0,2625,0,negative,,,0.07171329299864844,1.01,E0_LR,20260922,True,nested,"[""PN00-2.edf"", ""PN00-4.edf"", ""PN00-5.edf""]"
PN00,PN00-1.edf,360,350,360,300,360,True,True,False,True,0,2625,0,negative,,,0.00034648477084867632,1.01,E0_LR,20260922,True,nested,"[""PN00-2.edf"", ""PN00-4.edf"", ""PN00-5.edf""]"
PN00,PN00-1.edf,365,355,365,305,365,True,True,False,True,0,2625,0,negative,,,7.7545315272749954e-05,1.01,E0_LR,20260922,True,nested,"[""PN00-2.edf"", ""PN00-4.edf"", ""PN00-5.edf""]"
PN00,PN00-1.edf,370,360,370,310,370,True,True,False,True,0,2625,0,negative,,,3.6949596853615801e-05,1.01,E0_LR,20260922,True,nested,"[""PN00-2.edf"", ""PN00-4.edf"", ""PN00-5.edf""]"
PN00,PN00-1.edf,375,365,375,315,375,True,True,False,True,0,2625,0,negative,,,5.781661248171969e-05,1.01,E0_LR,20260922,True,nested,"[""PN00-2.edf"", ""PN00-4.edf"", ""PN00-5.edf""]"
PN00,PN00-1.edf,380,370,380,320,380,True,True,False,True,0,2625,0,negative,,,0.0010208978982049104,1.01,E0_LR,20260922,True,nested,"[""PN00-2.edf"", ""PN00-4.edf"", ""PN00-5.edf""]"
PN00,PN00-1.edf,385,375,385,325,385,True,True,False,True,0,2625,0,negative,,,0.00041527694786633421,1.01,E0_LR,20260922,True,nested,"[""PN00-2.edf"", ""PN00-4.edf"", ""PN00-5.edf""]"
PN00,PN00-1.edf,390,380,390,330,390,True,True,False,True,0,2625,0,negative,,,0.00043083539454015214,1.01,E0_LR,20260922,True,nested,"[""PN00-2.edf"", ""PN00-4.edf"", ""PN00-5.edf""]"
PN00,PN00-1.edf,395,385,395,335,395,True,True,False,True,0,2625,0,negative,,,0.0024027547581785061,1.01,E0_LR,20260922,True,nested,"[""PN00-2.edf"", ""PN00-4.edf"", ""PN00-5.edf""]"
PN00,PN00-1.edf,400,390,400,340,400,True,True,False,True,0,2625,0,negative,,,0.00019691177251982743,1.01,E0_LR,20260922,True,nested,"[""PN00-2.edf"", ""PN00-4.edf"", ""PN00-5.edf""]"
PN00,PN00-1.edf,405,395,405,345,405,True,True,False,True,0,2625,0,negative,,,0.0050665299156919218,1.01,E0_LR,20260922,True,nested,"[""PN00-2.edf"", ""PN00-4.edf"", ""PN00-5.edf""]"
PN00,PN00-1.edf,410,400,410,350,410,True,True,False,True,0,2625,0,negative,,,0.031469020528989373,1.01,E0_LR,20260922,True,nested,"[""PN00-2.edf"", ""PN00-4.edf"", ""PN00-5.edf""]"
PN00,PN00-1.edf,415,405,415,355,415,True,True,False,True,0,2625,0,negative,,,0.017061612126614709,1.01,E0_LR,20260922,True,nested,"[""PN00-2.edf"", ""PN00-4.edf"", ""PN00-5.edf""]"
PN00,PN00-1.edf,420,410,420,360,420,True,True,False,True,0,2625,0,negative,,,0.0044843892554481341,1.01,E0_LR,20260922,True,nested,"[""PN00-2.edf"", ""PN00-4.edf"", ""PN00-5.edf""]"
PN00,PN00-1.edf,425,415,425,365,425,True,True,False,True,0,2625,0,negative,,,0.0076226108574927219,1.01,E0_LR,20260922,True,nested,"[""PN00-2.edf"", ""PN00-4.edf"", ""PN00-5.edf""]"
PN00,PN00-1.edf,430,420,430,370,430,True,True,False,True,0,2625,0,negative,,,0.0032026760690663236,1.01,E0_LR,20260922,True,nested,"[""PN00-2.edf"", ""PN00-4.edf"", ""PN00-5.edf""]"
PN00,PN00-1.edf,435,425,435,375,435,True,True,False,True,0,2625,0,negative,,,0.0011532451700195121,1.01,E0_LR,20260922,True,nested,"[""PN00-2.edf"", ""PN00-4.edf"", ""PN00-5.edf""]"
PN00,PN00-1.edf,440,430,440,380,440,True,True,False,True,0,2625,0,negative,,,0.011180117079665965,1.01,E0_LR,20260922,True,nested,"[""PN00-2.edf"", ""PN00-4.edf"", ""PN00-5.edf""]"
PN00,PN00-1.edf,445,435,445,385,445,True,True,False,True,0,2625,0,negative,,,0.0020076839674396034,1.01,E0_LR,20260922,True,nested,"[""PN00-2.edf"", ""PN00-4.edf"", ""PN00-5.edf""]"
PN00,PN00-1.edf,450,440,450,390,450,True,True,False,True,0,2625,0,negative,,,0.0014699085355788025,1.01,E0_LR,20260922,True,nested,"[""PN00-2.edf"", ""PN00-4.edf"", ""PN00-5.edf""]"
PN00,PN00-1.edf,455,445,455,395,455,True,True,False,True,0,2625,0,negative,,,0.00085919073013364323,1.01,E0_LR,20260922,True,nested,"[""PN00-2.edf"", ""PN00-4.edf"", ""PN00-5.edf""]"
PN00,PN00-1.edf,460,450,460,400,460,True,True,False,True,0,2625,0,negative,,,8.5400012273633352e-05,1.01,E0_LR,20260922,True,nested,"[""PN00-2.edf"", ""PN00-4.edf"", ""PN00-5.edf""]"
PN00,PN00-1.edf,465,455,465,405,465,True,True,False,True,0,2625,0,negative,,,0.00070143452368252228,1.01,E0_LR,20260922,True,nested,"[""PN00-2.edf"", ""PN00-4.edf"", ""PN00-5.edf""]"
PN00,PN00-1.edf,470,460,470,410,470,True,True,False,True,0,2625,0,negative,,,4.4944426527093804e-05,1.01,E0_LR,20260922,True,nested,"[""PN00-2.edf"", ""PN00-4.edf"", ""PN00-5.edf""]"
PN00,PN00-1.edf,475,465,475,415,475,True,True,False,True,0,2625,0,negative,,,1.1173304413452631e-05,1.01,E0_LR,20260922,True,nested,"[""PN00-2.edf"", ""PN00-4.edf"", ""PN00-5.edf""]"
PN00,PN00-1.edf,480,470,480,420,480,True,True,False,True,0,2625,0,negative,,,2.8535173138349978e-05,1.01,E0_LR,20260922,True,nested,"[""PN00-2.edf"", ""PN00-4.edf"", ""PN00-5.edf""]"
PN00,PN00-1.edf,485,475,485,425,485,True,True,False,True,0,2625,0,negative,,,2.076995696235577e-06,1.01,E0_LR,20260922,True,nested,"[""PN00-2.edf"", ""PN00-4.edf"", ""PN00-5.edf""]"
PN00,PN00-1.edf,490,480,490,430,490,True,True,False,True,0,2625,0,negative,,,1.3459792891153517e-05,1.01,E0_LR,20260922,True,nested,"[""PN00-2.edf"", ""PN00-4.edf"", ""PN00-5.edf""]"
PN00,PN00-1.edf,495,485,495,435,495,True,True,False,True,0,2625,0,negative,,,0.0030881276766482222,1.01,E0_LR,20260922,True,nested,"[""PN00-2.edf"", ""PN00-4.edf"", ""PN00-5.edf""]"
PN00,PN00-1.edf,500,490,500,440,500,True,True,False,True,0,2625,0,negative,,,0.10689650957758975,1.01,E0_LR,20260922,True,nested,"[""PN00-2.edf"", ""PN00-4.edf"", ""PN00-5.edf""]"
PN00,PN00-1.edf,505,495,505,445,505,True,True,False,True,0,2625,0,negative,,,0.00018008293029010266,1.01,E0_LR,20260922,True,nested,"[""PN00-2.edf"", ""PN00-4.edf"", ""PN00-5.edf""]"
PN00,PN00-1.edf,510,500,510,450,510,True,True,False,True,0,2625,0,negative,,,3.1555027659452094e-06,1.01,E0_LR,20260922,True,nested,"[""PN00-2.edf"", ""PN00-4.edf"", ""PN00-5.edf""]"
PN00,PN00-1.edf,515,505,515,455,515,True,True,False,True,0,2625,0,negative,,,3.0032716176056369e-05,1.01,E0_LR,20260922,True,nested,"[""PN00-2.edf"", ""PN00-4.edf"", ""PN00-5.edf""]"
PN00,PN00-1.edf,520,510,520,460,520,True,True,False,True,0,2625,0,negative,,,7.4638988088394104e-05,1.01,E0_LR,20260922,True,nested,"[""PN00-2.edf"", ""PN00-4.edf"", ""PN00-5.edf""]"
PN00,PN00-1.edf,525,515,525,465,525,True,True,False,True,0,2625,0,negative,,,0.00055308483991076726,1.01,E0_LR,20260922,True,nested,"[""PN00-2.edf"", ""PN00-4.edf"", ""PN00-5.edf""]"
PN00,PN00-1.edf,530,520,530,470,530,True,True,False,True,0,2625,0,negative,,,4.5728173049252452e-05,1.01,E0_LR,20260922,True,nested,"[""PN00-2.edf"", ""PN00-4.edf"", ""PN00-5.edf""]"
PN00,PN00-1.edf,535,525,535,475,535,True,True,False,True,0,2625,0,negative,,,0.00032753301166761118,1.01,E0_LR,20260922,True,nested,"[""PN00-2.edf"", ""PN00-4.edf"", ""PN00-5.edf""]"
PN00,PN00-1.edf,540,530,540,480,540,True,True,False,True,0,2625,0,negative,,,0.0021305988730654112,1.01,E0_LR,20260922,True,nested,"[""PN00-2.edf"", ""PN00-4.edf"", ""PN00-5.edf""]"
PN00,PN00-1.edf,545,535,545,485,545,True,True,False,True,0,2625,0,negative,,,0.00052455400249344067,1.01,E0_LR,20260922,True,nested,"[""PN00-2.edf"", ""PN00-4.edf"", ""PN00-5.edf""]"
PN00,PN00-1.edf,550,540,550,490,550,True,True,False,True,0,2625,0,negative,,,0.0025422953169213862,1.01,E0_LR,20260922,True,nested,"[""PN00-2.edf"", ""PN00-4.edf"", ""PN00-5.edf""]"
PN00,PN00-1.edf,555,545,555,495,555,True,True,False,True,0,2625,0,negative,,,0.0022364273996770875,1.01,E0_LR,20260922,True,nested,"[""PN00-2.edf"", ""PN00-4.edf"", ""PN00-5.edf""]"
PN00,PN00-1.edf,560,550,560,500,560,True,True,False,True,0,2625,0,negative,,,0.0002736971902047436,1.01,E0_LR,20260922,True,nested,"[""PN00-2.edf"", ""PN00-4.edf"", ""PN00-5.edf""]"
PN00,PN00-1.edf,565,555,565,505,565,True,True,False,True,0,2625,0,negative,,,0.0002257855602323592,1.01,E0_LR,20260922,True,nested,"[""PN00-2.edf"", ""PN00-4.edf"", ""PN00-5.edf""]"
PN00,PN00-1.edf,570,560,570,510,570,True,True,False,True,0,2625,0,negative,,,9.7659177265010472e-06,1.01,E0_LR,20260922,True,nested,"[""PN00-2.edf"", ""PN00-4.edf"", ""PN00-5.edf""]"
PN00,PN00-1.edf,575,565,575,515,575,True,True,False,True,0,2625,0,negative,,,0.00078644081867593489,1.01,E0_LR,20260922,True,nested,"[""PN00-2.edf"", ""PN00-4.edf"", ""PN00-5.edf""]"
PN00,PN00-1.edf,580,570,580,520,580,True,True,False,True,0,2625,0,negative,,,0.0014935542538111446,1.01,E0_LR,20260922,True,nested,"[""PN00-2.edf"", ""PN00-4.edf"", ""PN00-5.edf""]"
PN00,PN00-1.edf,585,575,585,525,585,True,True,False,True,0,2625,0,negative,,,0.079099820616448893,1.01,E0_LR,20260922,True,nested,"[""PN00-2.edf"", ""PN00-4.edf"", ""PN00-5.edf""]"
PN00,PN00-1.edf,590,580,590,530,590,True,True,False,True,0,2625,0,negative,,,0.026663072744889122,1.01,E0_LR,20260922,True,nested,"[""PN00-2.edf"", ""PN00-4.edf"", ""PN00-5.edf""]"
PN00,PN00-1.edf,595,585,595,535,595,True,True,False,True,0,2625,0,negative,,,0.40921030939125186,1.01,E0_LR,20260922,True,nested,"[""PN00-2.edf"", ""PN00-4.edf"", ""PN00-5.edf""]"
PN00,PN00-1.edf,600,590,600,540,600,True,True,False,True,0,2625,0,negative,,,0.0012556735385786258,1.01,E0_LR,20260922,True,nested,"[""PN00-2.edf"", ""PN00-4.edf"", ""PN00-5.edf""]"
PN00,PN00-1.edf,605,595,605,545,605,True,True,False,True,0,2625,0,negative,,,0.0005142753986161785,1.01,E0_LR,20260922,True,nested,"[""PN00-2.edf"", ""PN00-4.edf"", ""PN00-5.edf""]"
PN00,PN00-1.edf,610,600,610,550,610,True,True,False,True,0,2625,0,negative,,,0.0025111336176536752,1.01,E0_LR,20260922,True,nested,"[""PN00-2.edf"", ""PN00-4.edf"", ""PN00-5.edf""]"
PN00,PN00-1.edf,615,605,615,555,615,True,True,False,True,0,2625,0,negative,,,2.7711499842274283e-05,1.01,E0_LR,20260922,True,nested,"[""PN00-2.edf"", ""PN00-4.edf"", ""PN00-5.edf""]"
PN00,PN00-1.edf,620,610,620,560,620,True,True,False,True,0,2625,0,negative,,,2.8232528035144506e-05,1.01,E0_LR,20260922,True,nested,"[""PN00-2.edf"", ""PN00-4.edf"", ""PN00-5.edf""]"
PN00,PN00-1.edf,625,615,625,565,625,True,True,False,True,0,2625,0,negative,,,0.00030795470598756933,1.01,E0_LR,20260922,True,nested,"[""PN00-2.edf"", ""PN00-4.edf"", ""PN00-5.edf""]"
PN00,PN00-1.edf,630,620,630,570,630,True,True,False,True,0,2625,0,negative,,,0.0013713196446112888,1.01,E0_LR,20260922,True,nested,"[""PN00-2.edf"", ""PN00-4.edf"", ""PN00-5.edf""]"
PN00,PN00-1.edf,635,625,635,575,635,True,True,False,True,0,2625,0,negative,,,8.9900707177762343e-05,1.01,E0_LR,20260922,True,nested,"[""PN00-2.edf"", ""PN00-4.edf"", ""PN00-5.edf""]"
PN00,PN00-1.edf,640,630,640,580,640,True,True,False,True,0,2625,0,negative,,,0.00084044526670149639,1.01,E0_LR,20260922,True,nested,"[""PN00-2.edf"", ""PN00-4.edf"", ""PN00-5.edf""]"
PN00,PN00-1.edf,645,635,645,585,645,True,True,False,True,0,2625,0,negative,,,3.8236179713828625e-06,1.01,E0_LR,20260922,True,nested,"[""PN00-2.edf"", ""PN00-4.edf"", ""PN00-5.edf""]"
PN00,PN00-1.edf,650,640,650,590,650,True,True,False,True,0,2625,0,negative,,,0.00011080610007922856,1.01,E0_LR,20260922,True,nested,"[""PN00-2.edf"", ""PN00-4.edf"", ""PN00-5.edf""]"
PN00,PN00-1.edf,655,645,655,595,655,True,True,False,True,0,2625,0,negative,,,4.3352275631038055e-05,1.01,E0_LR,20260922,True,nested,"[""PN00-2.edf"", ""PN00-4.edf"", ""PN00-5.edf""]"
PN00,PN00-1.edf,660,650,660,600,660,True,True,False,True,0,2625,0,negative,,,1.4574129606749886e-05,1.01,E0_LR,20260922,True,nested,"[""PN00-2.edf"", ""PN00-4.edf"", ""PN00-5.edf""]"
PN00,PN00-1.edf,665,655,665,605,665,True,True,False,True,0,2625,0,negative,,,5.2463367818056471e-05,1.01,E0_LR,20260922,True,nested,"[""PN00-2.edf"", ""PN00-4.edf"", ""PN00-5.edf""]"
PN00,PN00-1.edf,670,660,670,610,670,True,True,False,True,0,2625,0,negative,,,0.00028573772317028499,1.01,E0_LR,20260922,True,nested,"[""PN00-2.edf"", ""PN00-4.edf"", ""PN00-5.edf""]"
PN00,PN00-1.edf,675,665,675,615,675,True,True,False,True,0,2625,0,negative,,,0.0001107913720747028,1.01,E0_LR,20260922,True,nested,"[""PN00-2.edf"", ""PN00-4.edf"", ""PN00-5.edf""]"
PN00,PN00-1.edf,680,670,680,620,680,True,True,False,True,0,2625,0,negative,,,5.2169506085279063e-06,1.01,E0_LR,20260922,True,nested,"[""PN00-2.edf"", ""PN00-4.edf"", ""PN00-5.edf""]"
PN00,PN00-1.edf,685,675,685,625,685,True,True,False,True,0,2625,0,negative,,,0.00024576107398876389,1.01,E0_LR,20260922,True,nested,"[""PN00-2.edf"", ""PN00-4.edf"", ""PN00-5.edf""]"
PN00,PN00-1.edf,690,680,690,630,690,True,True,False,True,0,2625,0,negative,,,0.0012151262132461113,1.01,E0_LR,20260922,True,nested,"[""PN00-2.edf"", ""PN00-4.edf"", ""PN00-5.edf""]"
PN00,PN00-1.edf,695,685,695,635,695,True,True,False,True,0,2625,0,negative,,,0.00023968349466941017,1.01,E0_LR,20260922,True,nested,"[""PN00-2.edf"", ""PN00-4.edf"", ""PN00-5.edf""]"
PN00,PN00-1.edf,700,690,700,640,700,True,True,False,True,0,2625,0,negative,,,3.7307248261469827e-05,1.01,E0_LR,20260922,True,nested,"[""PN00-2.edf"", ""PN00-4.edf"", ""PN00-5.edf""]"
PN00,PN00-1.edf,705,695,705,645,705,True,True,False,True,0,2625,0,negative,,,8.808869057694139e-05,1.01,E0_LR,20260922,True,nested,"[""PN00-2.edf"", ""PN00-4.edf"", ""PN00-5.edf""]"
PN00,PN00-1.edf,710,700,710,650,710,True,True,False,True,0,2625,0,negative,,,0.00034380028246486059,1.01,E0_LR,20260922,True,nested,"[""PN00-2.edf"", ""PN00-4.edf"", ""PN00-5.edf""]"
PN00,PN00-1.edf,715,705,715,655,715,True,True,False,True,0,2625,0,negative,,,0.00047993170494533611,1.01,E0_LR,20260922,True,nested,"[""PN00-2.edf"", ""PN00-4.edf"", ""PN00-5.edf""]"
PN00,PN00-1.edf,720,710,720,660,720,True,True,False,True,0,2625,0,negative,,,0.0018390742470875236,1.01,E0_LR,20260922,True,nested,"[""PN00-2.edf"", ""PN00-4.edf"", ""PN00-5.edf""]"
PN00,PN00-1.edf,725,715,725,665,725,True,True,False,True,0,2625,0,negative,,,6.663756949270827e-06,1.01,E0_LR,20260922,True,nested,"[""PN00-2.edf"", ""PN00-4.edf"", ""PN00-5.edf""]"
PN00,PN00-1.edf,730,720,730,670,730,True,True,False,True,0,2625,0,negative,,,0.00014887566723555834,1.01,E0_LR,20260922,True,nested,"[""PN00-2.edf"", ""PN00-4.edf"", ""PN00-5.edf""]"
PN00,PN00-1.edf,735,725,735,675,735,True,True,False,True,0,2625,0,negative,,,7.9421324089314359e-06,1.01,E0_LR,20260922,True,nested,"[""PN00-2.edf"", ""PN00-4.edf"", ""PN00-5.edf""]"
PN00,PN00-1.edf,740,730,740,680,740,True,True,False,True,0,2625,0,negative,,,1.3078459027546634e-05,1.01,E0_LR,20260922,True,nested,"[""PN00-2.edf"", ""PN00-4.edf"", ""PN00-5.edf""]"
PN00,PN00-1.edf,745,735,745,685,745,True,True,False,True,0,2625,0,negative,,,1.160446770468606e-05,1.01,E0_LR,20260922,True,nested,"[""PN00-2.edf"", ""PN00-4.edf"", ""PN00-5.edf""]"
PN00,PN00-1.edf,750,740,750,690,750,True,True,False,True,0,2625,0,negative,,,7.4788424274637075e-06,1.01,E0_LR,20260922,True,nested,"[""PN00-2.edf"", ""PN00-4.edf"", ""PN00-5.edf""]"
PN00,PN00-1.edf,755,745,755,695,755,True,True,False,True,0,2625,0,negative,,,1.8893388057049215e-06,1.01,E0_LR,20260922,True,nested,"[""PN00-2.edf"", ""PN00-4.edf"", ""PN00-5.edf""]"
PN00,PN00-1.edf,760,750,760,700,760,True,True,False,True,0,2625,0,negative,,,8.752344331738185e-06,1.01,E0_LR,20260922,True,nested,"[""PN00-2.edf"", ""PN00-4.edf"", ""PN00-5.edf""]"
PN00,PN00-1.edf,765,755,765,705,765,True,True,False,True,0,2625,0,negative,,,1.1263936125645263e-05,1.01,E0_LR,20260922,True,nested,"[""PN00-2.edf"", ""PN00-4.edf"", ""PN00-5.edf""]"
PN00,PN00-1.edf,770,760,770,710,770,True,True,False,True,0,2625,0,negative,,,2.8630276589958292e-05,1.01,E0_LR,20260922,True,nested,"[""PN00-2.edf"", ""PN00-4.edf"", ""PN00-5.edf""]"
PN00,PN00-1.edf,775,765,775,715,775,True,True,False,True,0,2625,0,negative,,,8.9634384251559583e-05,1.01,E0_LR,20260922,True,nested,"[""PN00-2.edf"", ""PN00-4.edf"", ""PN00-5.edf""]"
PN00,PN00-1.edf,780,770,780,720,780,True,True,False,True,0,2625,0,negative,,,1.4151808028324583e-05,1.01,E0_LR,20260922,True,nested,"[""PN00-2.edf"", ""PN00-4.edf"", ""PN00-5.edf""]"
PN00,PN00-1.edf,785,775,785,725,785,True,True,False,True,0,2625,0,negative,,,2.8836410650832352e-05,1.01,E0_LR,20260922,True,nested,"[""PN00-2.edf"", ""PN00-4.edf"", ""PN00-5.edf""]"
PN00,PN00-1.edf,790,780,790,730,790,True,True,False,True,0,2625,0,negative,,,0.00018366949817171099,1.01,E0_LR,20260922,True,nested,"[""PN00-2.edf"", ""PN00-4.edf"", ""PN00-5.edf""]"
PN00,PN00-1.edf,795,785,795,735,795,True,True,False,True,0,2625,0,negative,,,0.00019956881582200352,1.01,E0_LR,20260922,True,nested,"[""PN00-2.edf"", ""PN00-4.edf"", ""PN00-5.edf""]"
PN00,PN00-1.edf,800,790,800,740,800,True,True,False,True,0,2625,0,negative,,,0.0013600640085189169,1.01,E0_LR,20260922,True,nested,"[""PN00-2.edf"", ""PN00-4.edf"", ""PN00-5.edf""]"
PN00,PN00-1.edf,805,795,805,745,805,True,True,False,True,0,2625,0,negative,,,0.0022614899718241474,1.01,E0_LR,20260922,True,nested,"[""PN00-2.edf"", ""PN00-4.edf"", ""PN00-5.edf""]"
PN00,PN00-1.edf,810,800,810,750,810,True,True,False,True,0,2625,0,negative,,,0.00012518303765098832,1.01,E0_LR,20260922,True,nested,"[""PN00-2.edf"", ""PN00-4.edf"", ""PN00-5.edf""]"
PN00,PN00-1.edf,815,805,815,755,815,True,True,False,True,0,2625,0,negative,,,0.00018522224602889747,1.01,E0_LR,20260922,True,nested,"[""PN00-2.edf"", ""PN00-4.edf"", ""PN00-5.edf""]"
PN00,PN00-1.edf,820,810,820,760,820,True,True,False,True,0,2625,0,negative,,,2.488316328879434e-05,1.01,E0_LR,20260922,True,nested,"[""PN00-2.edf"", ""PN00-4.edf"", ""PN00-5.edf""]"
PN00,PN00-1.edf,825,815,825,765,825,True,True,False,True,0,2625,0,negative,,,6.4562874735249495e-05,1.01,E0_LR,20260922,True,nested,"[""PN00-2.edf"", ""PN00-4.edf"", ""PN00-5.edf""]"
PN00,PN00-1.edf,830,820,830,770,830,True,True,False,True,0,2625,0,negative,,,0.00057657458557802113,1.01,E0_LR,20260922,True,nested,"[""PN00-2.edf"", ""PN00-4.edf"", ""PN00-5.edf""]"
PN00,PN00-1.edf,835,825,835,775,835,True,True,False,True,0,2625,0,negative,,,8.87766763006309e-05,1.01,E0_LR,20260922,True,nested,"[""PN00-2.edf"", ""PN00-4.edf"", ""PN00-5.edf""]"
PN00,PN00-1.edf,840,830,840,780,840,True,True,False,True,0,2625,0,negative,,,0.00028603228394510487,1.01,E0_LR,20260922,True,nested,"[""PN00-2.edf"", ""PN00-4.edf"", ""PN00-5.edf""]"
PN00,PN00-1.edf,845,835,845,785,845,True,True,False,False,0,2625,-1,ignore,,,0.015635796345436874,1.01,E0_LR,20260922,True,nested,"[""PN00-2.edf"", ""PN00-4.edf"", ""PN00-5.edf""]"
PN00,PN00-1.edf,850,840,850,790,850,True,True,False,False,0,2625,-1,ignore,,,0.0095655784658844074,1.01,E0_LR,20260922,True,nested,"[""PN00-2.edf"", ""PN00-4.edf"", ""PN00-5.edf""]"
PN00,PN00-1.edf,855,845,855,795,855,True,True,False,False,0,2625,-1,ignore,,,0.0019392045994129224,1.01,E0_LR,20260922,True,nested,"[""PN00-2.edf"", ""PN00-4.edf"", ""PN00-5.edf""]"
PN00,PN00-1.edf,860,850,860,800,860,True,True,False,False,0,2625,-1,ignore,,,0.0001847914552694156,1.01,E0_LR,20260922,True,nested,"[""PN00-2.edf"", ""PN00-4.edf"", ""PN00-5.edf""]"
PN00,PN00-1.edf,865,855,865,805,865,True,True,False,False,0,2625,-1,ignore,,,3.5913925763678759e-07,1.01,E0_LR,20260922,True,nested,"[""PN00-2.edf"", ""PN00-4.edf"", ""PN00-5.edf""]"
PN00,PN00-1.edf,870,860,870,810,870,True,True,False,False,0,2625,-1,ignore,,,3.2012856767279069e-05,1.01,E0_LR,20260922,True,nested,"[""PN00-2.edf"", ""PN00-4.edf"", ""PN00-5.edf""]"
PN00,PN00-1.edf,875,865,875,815,875,True,True,False,False,0,2625,-1,ignore,,,0.37306371348801853,1.01,E0_LR,20260922,True,nested,"[""PN00-2.edf"", ""PN00-4.edf"", ""PN00-5.edf""]"
PN00,PN00-1.edf,880,870,880,820,880,True,True,False,False,0,2625,-1,ignore,,,0.0022131868850486409,1.01,E0_LR,20260922,True,nested,"[""PN00-2.edf"", ""PN00-4.edf"", ""PN00-5.edf""]"
PN00,PN00-1.edf,885,875,885,825,885,True,True,False,False,0,2625,-1,ignore,,,8.6627455921968198e-05,1.01,E0_LR,20260922,True,nested,"[""PN00-2.edf"", ""PN00-4.edf"", ""PN00-5.edf""]"
PN00,PN00-1.edf,890,880,890,830,890,True,True,False,False,0,2625,-1,ignore,,,8.5926417206712256e-05,1.01,E0_LR,20260922,True,nested,"[""PN00-2.edf"", ""PN00-4.edf"", ""PN00-5.edf""]"
PN00,PN00-1.edf,895,885,895,835,895,True,True,False,False,0,2625,-1,ignore,,,2.129142903003776e-05,1.01,E0_LR,20260922,True,nested,"[""PN00-2.edf"", ""PN00-4.edf"", ""PN00-5.edf""]"
PN00,PN00-1.edf,900,890,900,840,900,True,True,False,False,0,2625,-1,ignore,,,0.00057834355546956329,1.01,E0_LR,20260922,True,nested,"[""PN00-2.edf"", ""PN00-4.edf"", ""PN00-5.edf""]"
PN00,PN00-1.edf,905,895,905,845,905,True,True,False,False,0,2625,-1,ignore,,,0.0027532571024698584,1.01,E0_LR,20260922,True,nested,"[""PN00-2.edf"", ""PN00-4.edf"", ""PN00-5.edf""]"
PN00,PN00-1.edf,910,900,910,850,910,True,True,False,False,0,2625,-1,ignore,,,7.0317098869327574e-06,1.01,E0_LR,20260922,True,nested,"[""PN00-2.edf"", ""PN00-4.edf"", ""PN00-5.edf""]"
PN00,PN00-1.edf,915,905,915,855,915,True,True,False,False,0,2625,-1,ignore,,,7.412489606300083e-06,1.01,E0_LR,20260922,True,nested,"[""PN00-2.edf"", ""PN00-4.edf"", ""PN00-5.edf""]"
PN00,PN00-1.edf,920,910,920,860,920,True,True,False,False,0,2625,-1,ignore,,,4.3288831345553877e-05,1.01,E0_LR,20260922,True,nested,"[""PN00-2.edf"", ""PN00-4.edf"", ""PN00-5.edf""]"
PN00,PN00-1.edf,925,915,925,865,925,True,True,False,False,0,2625,-1,ignore,,,1.880140389807041e-05,1.01,E0_LR,20260922,True,nested,"[""PN00-2.edf"", ""PN00-4.edf"", ""PN00-5.edf""]"
PN00,PN00-1.edf,930,920,930,870,930,True,True,False,False,0,2625,-1,ignore,,,0.00013479982618747023,1.01,E0_LR,20260922,True,nested,"[""PN00-2.edf"", ""PN00-4.edf"", ""PN00-5.edf""]"
PN00,PN00-1.edf,935,925,935,875,935,True,True,False,False,0,2625,-1,ignore,,,6.6609994714464333e-05,1.01,E0_LR,20260922,True,nested,"[""PN00-2.edf"", ""PN00-4.edf"", ""PN00-5.edf""]"
PN00,PN00-1.edf,940,930,940,880,940,True,True,False,False,0,2625,-1,ignore,,,0.0005924323688525872,1.01,E0_LR,20260922,True,nested,"[""PN00-2.edf"", ""PN00-4.edf"", ""PN00-5.edf""]"
PN00,PN00-1.edf,945,935,945,885,945,True,True,False,False,0,2625,-1,ignore,,,3.5142163374438208e-05,1.01,E0_LR,20260922,True,nested,"[""PN00-2.edf"", ""PN00-4.edf"", ""PN00-5.edf""]"
PN00,PN00-1.edf,950,940,950,890,950,True,True,False,False,0,2625,-1,ignore,,,2.7077916427062595e-05,1.01,E0_LR,20260922,True,nested,"[""PN00-2.edf"", ""PN00-4.edf"", ""PN00-5.edf""]"
PN00,PN00-1.edf,955,945,955,895,955,True,True,False,False,0,2625,-1,ignore,,,0.00033937151181055925,1.01,E0_LR,20260922,True,nested,"[""PN00-2.edf"", ""PN00-4.edf"", ""PN00-5.edf""]"
PN00,PN00-1.edf,960,950,960,900,960,True,True,False,False,0,2625,-1,ignore,,,0.0042403749097680429,1.01,E0_LR,20260922,True,nested,"[""PN00-2.edf"", ""PN00-4.edf"", ""PN00-5.edf""]"
PN00,PN00-1.edf,965,955,965,905,965,True,True,False,False,0,2625,-1,ignore,,,0.0050847449088152969,1.01,E0_LR,20260922,True,nested,"[""PN00-2.edf"", ""PN00-4.edf"", ""PN00-5.edf""]"
PN00,PN00-1.edf,970,960,970,910,970,True,True,False,False,0,2625,-1,ignore,,,0.0004348370966757955,1.01,E0_LR,20260922,True,nested,"[""PN00-2.edf"", ""PN00-4.edf"", ""PN00-5.edf""]"
PN00,PN00-1.edf,975,965,975,915,975,True,True,False,False,0,2625,-1,ignore,,,0.0012486413501668671,1.01,E0_LR,20260922,True,nested,"[""PN00-2.edf"", ""PN00-4.edf"", ""PN00-5.edf""]"
PN00,PN00-1.edf,980,970,980,920,980,True,True,False,False,0,2625,-1,ignore,,,3.6061921675540128e-05,1.01,E0_LR,20260922,True,nested,"[""PN00-2.edf"", ""PN00-4.edf"", ""PN00-5.edf""]"
PN00,PN00-1.edf,985,975,985,925,985,True,True,False,False,0,2625,-1,ignore,,,0.0017531128625274534,1.01,E0_LR,20260922,True,nested,"[""PN00-2.edf"", ""PN00-4.edf"", ""PN00-5.edf""]"
PN00,PN00-1.edf,990,980,990,930,990,True,True,False,False,0,2625,-1,ignore,,,0.0010766921781106781,1.01,E0_LR,20260922,True,nested,"[""PN00-2.edf"", ""PN00-4.edf"", ""PN00-5.edf""]"
PN00,PN00-1.edf,995,985,995,935,995,True,True,False,False,0,2625,-1,ignore,,,0.0031404647758822403,1.01,E0_LR,20260922,True,nested,"[""PN00-2.edf"", ""PN00-4.edf"", ""PN00-5.edf""]"
PN00,PN00-1.edf,1000,990,1000,940,1000,True,True,False,False,0,2625,-1,ignore,,,0.00011302359329120297,1.01,E0_LR,20260922,True,nested,"[""PN00-2.edf"", ""PN00-4.edf"", ""PN00-5.edf""]"
PN00,PN00-1.edf,1005,995,1005,945,1005,True,True,False,False,0,2625,-1,ignore,,,0.0019513352384380484,1.01,E0_LR,20260922,True,nested,"[""PN00-2.edf"", ""PN00-4.edf"", ""PN00-5.edf""]"
PN00,PN00-1.edf,1010,1000,1010,950,1010,True,True,False,False,0,2625,-1,ignore,,,0.0071572358908901833,1.01,E0_LR,20260922,True,nested,"[""PN00-2.edf"", ""PN00-4.edf"", ""PN00-5.edf""]"
PN00,PN00-1.edf,1015,1005,1015,955,1015,True,True,False,False,0,2625,-1,ignore,,,0.013093790227916244,1.01,E0_LR,20260922,True,nested,"[""PN00-2.edf"", ""PN00-4.edf"", ""PN00-5.edf""]"
PN00,PN00-1.edf,1020,1010,1020,960,1020,True,True,False,False,0,2625,-1,ignore,,,0.0029543214557835608,1.01,E0_LR,20260922,True,nested,"[""PN00-2.edf"", ""PN00-4.edf"", ""PN00-5.edf""]"
PN00,PN00-1.edf,1025,1015,1025,965,1025,True,True,False,False,0,2625,-1,ignore,,,0.00066459211397881736,1.01,E0_LR,20260922,True,nested,"[""PN00-2.edf"", ""PN00-4.edf"", ""PN00-5.edf""]"
PN00,PN00-1.edf,1030,1020,1030,970,1030,True,True,False,False,0,2625,-1,ignore,,,1.1794199760926058e-05,1.01,E0_LR,20260922,True,nested,"[""PN00-2.edf"", ""PN00-4.edf"", ""PN00-5.edf""]"
PN00,PN00-1.edf,1035,1025,1035,975,1035,True,True,False,False,0,2625,-1,ignore,,,0.0001200870664345263,1.01,E0_LR,20260922,True,nested,"[""PN00-2.edf"", ""PN00-4.edf"", ""PN00-5.edf""]"
PN00,PN00-1.edf,1040,1030,1040,980,1040,True,True,False,False,0,2625,-1,ignore,,,0.00041557441295194709,1.01,E0_LR,20260922,True,nested,"[""PN00-2.edf"", ""PN00-4.edf"", ""PN00-5.edf""]"
PN00,PN00-1.edf,1045,1035,1045,985,1045,True,True,False,False,0,2625,-1,ignore,,,0.00091378948373801582,1.01,E0_LR,20260922,True,nested,"[""PN00-2.edf"", ""PN00-4.edf"", ""PN00-5.edf""]"
PN00,PN00-1.edf,1050,1040,1050,990,1050,True,True,False,False,0,2625,-1,ignore,,,0.00023719425565919499,1.01,E0_LR,20260922,True,nested,"[""PN00-2.edf"", ""PN00-4.edf"", ""PN00-5.edf""]"
PN00,PN00-1.edf,1055,1045,1055,995,1055,True,True,False,False,0,2625,-1,ignore,,,6.9578996525956077e-05,1.01,E0_LR,20260922,True,nested,"[""PN00-2.edf"", ""PN00-4.edf"", ""PN00-5.edf""]"
PN00,PN00-1.edf,1060,1050,1060,1000,1060,True,True,False,False,0,2625,-1,ignore,,,0.00012204407984110192,1.01,E0_LR,20260922,True,nested,"[""PN00-2.edf"", ""PN00-4.edf"", ""PN00-5.edf""]"
PN00,PN00-1.edf,1065,1055,1065,1005,1065,True,True,False,False,0,2625,-1,ignore,,,0.00092263212338726877,1.01,E0_LR,20260922,True,nested,"[""PN00-2.edf"", ""PN00-4.edf"", ""PN00-5.edf""]"
PN00,PN00-1.edf,1070,1060,1070,1010,1070,True,True,False,False,0,2625,-1,ignore,,,0.00014405720116399075,1.01,E0_LR,20260922,True,nested,"[""PN00-2.edf"", ""PN00-4.edf"", ""PN00-5.edf""]"
PN00,PN00-1.edf,1075,1065,1075,1015,1075,True,True,False,False,0,2625,-1,ignore,,,0.0026128530503672499,1.01,E0_LR,20260922,True,nested,"[""PN00-2.edf"", ""PN00-4.edf"", ""PN00-5.edf""]"
PN00,PN00-1.edf,1080,1070,1080,1020,1080,True,True,False,False,0,2625,-1,ignore,,,0.014616072372717158,1.01,E0_LR,20260922,True,nested,"[""PN00-2.edf"", ""PN00-4.edf"", ""PN00-5.edf""]"
PN00,PN00-1.edf,1085,1075,1085,1025,1085,True,True,False,False,0,2625,-1,ignore,,,0.0022132753722652601,1.01,E0_LR,20260922,True,nested,"[""PN00-2.edf"", ""PN00-4.edf"", ""PN00-5.edf""]"
PN00,PN00-1.edf,1090,1080,1090,1030,1090,True,True,False,False,0,2625,-1,ignore,,,0.00068639017599367704,1.01,E0_LR,20260922,True,nested,"[""PN00-2.edf"", ""PN00-4.edf"", ""PN00-5.edf""]"
PN00,PN00-1.edf,1095,1085,1095,1035,1095,True,True,False,False,0,2625,-1,ignore,,,4.584533127762805e-05,1.01,E0_LR,20260922,True,nested,"[""PN00-2.edf"", ""PN00-4.edf"", ""PN00-5.edf""]"
PN00,PN00-1.edf,1100,1090,1100,1040,1100,True,True,False,False,0,2625,-1,ignore,,,0.00045777251969927304,1.01,E0_LR,20260922,True,nested,"[""PN00-2.edf"", ""PN00-4.edf"", ""PN00-5.edf""]"
PN00,PN00-1.edf,1105,1095,1105,1045,1105,True,True,False,False,0,2625,-1,ignore,,,0.0028353619908750545,1.01,E0_LR,20260922,True,nested,"[""PN00-2.edf"", ""PN00-4.edf"", ""PN00-5.edf""]"
PN00,PN00-1.edf,1110,1100,1110,1050,1110,True,True,False,False,0,2625,-1,ignore,,,0.00012289695588430747,1.01,E0_LR,20260922,True,nested,"[""PN00-2.edf"", ""PN00-4.edf"", ""PN00-5.edf""]"
PN00,PN00-1.edf,1115,1105,1115,1055,1115,True,True,False,False,0,2625,-1,ignore,,,0.00059758748468000263,1.01,E0_LR,20260922,True,nested,"[""PN00-2.edf"", ""PN00-4.edf"", ""PN00-5.edf""]"
PN00,PN00-1.edf,1120,1110,1120,1060,1120,True,True,False,False,0,2625,-1,ignore,,,0.00085140949122130367,1.01,E0_LR,20260922,True,nested,"[""PN00-2.edf"", ""PN00-4.edf"", ""PN00-5.edf""]"
PN00,PN00-1.edf,1125,1115,1125,1065,1125,True,True,False,False,0,2625,-1,ignore,,,0.041489055971424729,1.01,E0_LR,20260922,True,nested,"[""PN00-2.edf"", ""PN00-4.edf"", ""PN00-5.edf""]"
PN00,PN00-1.edf,1130,1120,1130,1070,1130,True,True,False,False,0,2625,-1,ignore,,,0.014098393078101257,1.01,E0_LR,20260922,True,nested,"[""PN00-2.edf"", ""PN00-4.edf"", ""PN00-5.edf""]"
PN00,PN00-1.edf,1135,1125,1135,1075,1135,True,True,False,False,0,2625,-1,ignore,,,0.0025600274396807422,1.01,E0_LR,20260922,True,nested,"[""PN00-2.edf"", ""PN00-4.edf"", ""PN00-5.edf""]"
PN00,PN00-1.edf,1140,1130,1140,1080,1140,True,True,False,False,0,2625,-1,ignore,,,0.0046637579292936448,1.01,E0_LR,20260922,True,nested,"[""PN00-2.edf"", ""PN00-4.edf"", ""PN00-5.edf""]"
PN00,PN00-1.edf,1145,1135,1145,1085,1145,True,True,False,True,1,2625,1,positive,1,,0.08999457486490274,1.01,E0_LR,20260922,True,nested,"[""PN00-2.edf"", ""PN00-4.edf"", ""PN00-5.edf""]"
PN00,PN00-1.edf,1150,1140,1150,1090,1150,True,True,False,True,1,2625,1,positive,1,,0.027552845428141057,1.01,E0_LR,20260922,True,nested,"[""PN00-2.edf"", ""PN00-4.edf"", ""PN00-5.edf""]"
PN00,PN00-1.edf,1155,1145,1155,1095,1155,True,True,False,True,1,2625,1,positive,1,,0.6217354922103332,1.01,E0_LR,20260922,True,nested,"[""PN00-2.edf"", ""PN00-4.edf"", ""PN00-5.edf""]"
PN00,PN00-1.edf,1160,1150,1160,1100,1160,True,True,False,True,1,2625,1,positive,1,,0.98150560307509771,1.01,E0_LR,20260922,True,nested,"[""PN00-2.edf"", ""PN00-4.edf"", ""PN00-5.edf""]"
PN00,PN00-1.edf,1165,1155,1165,1105,1165,True,True,False,True,1,2625,1,positive,1,,0.99998749160209655,1.01,E0_LR,20260922,True,nested,"[""PN00-2.edf"", ""PN00-4.edf"", ""PN00-5.edf""]"
PN00,PN00-1.edf,1170,1160,1170,1110,1170,True,True,False,True,1,2625,1,positive,1,,0.99999852820805513,1.01,E0_LR,20260922,True,nested,"[""PN00-2.edf"", ""PN00-4.edf"", ""PN00-5.edf""]"
PN00,PN00-1.edf,1175,1165,1175,1115,1175,True,True,False,True,1,2625,1,positive,1,,0.99825682659416959,1.01,E0_LR,20260922,True,nested,"[""PN00-2.edf"", ""PN00-4.edf"", ""PN00-5.edf""]"
PN00,PN00-1.edf,1180,1170,1180,1120,1180,True,True,False,True,1,2625,1,positive,1,,0.99999999984426124,1.01,E0_LR,20260922,True,nested,"[""PN00-2.edf"", ""PN00-4.edf"", ""PN00-5.edf""]"
PN00,PN00-1.edf,1185,1175,1185,1125,1185,True,True,False,True,1,2625,1,positive,1,,0.99999999999999978,1.01,E0_LR,20260922,True,nested,"[""PN00-2.edf"", ""PN00-4.edf"", ""PN00-5.edf""]"
PN00,PN00-1.edf,1190,1180,1190,1130,1190,True,True,False,True,1,2625,1,positive,1,,0.99999999999995159,1.01,E0_LR,20260922,True,nested,"[""PN00-2.edf"", ""PN00-4.edf"", ""PN00-5.edf""]"
PN00,PN00-1.edf,1195,1185,1195,1135,1195,True,True,False,True,1,2625,1,positive,1,,0.99999999999014699,1.01,E0_LR,20260922,True,nested,"[""PN00-2.edf"", ""PN00-4.edf"", ""PN00-5.edf""]"
PN00,PN00-1.edf,1200,1190,1200,1140,1200,True,True,False,True,1,2625,1,positive,1,,0.99999938408929723,1.01,E0_LR,20260922,True,nested,"[""PN00-2.edf"", ""PN00-4.edf"", ""PN00-5.edf""]"
PN00,PN00-1.edf,1205,1195,1205,1145,1205,True,True,False,True,1,2625,1,positive,1,,0.99999068044397132,1.01,E0_LR,20260922,True,nested,"[""PN00-2.edf"", ""PN00-4.edf"", ""PN00-5.edf""]"
PN00,PN00-1.edf,1210,1200,1210,1150,1210,True,True,False,True,1,2625,1,positive,1,,0.99997929329151181,1.01,E0_LR,20260922,True,nested,"[""PN00-2.edf"", ""PN00-4.edf"", ""PN00-5.edf""]"
PN00,PN00-1.edf,1215,1205,1215,1155,1215,True,True,False,False,0,2625,-1,ignore,,,0.99353646093241743,1.01,E0_LR,20260922,True,nested,"[""PN00-2.edf"", ""PN00-4.edf"", ""PN00-5.edf""]"
PN00,PN00-1.edf,1220,1210,1220,1160,1220,True,True,False,False,0,2625,-1,ignore,,,0.39209645922380137,1.01,E0_LR,20260922,True,nested,"[""PN00-2.edf"", ""PN00-4.edf"", ""PN00-5.edf""]"
PN00,PN00-1.edf,1225,1215,1225,1165,1225,True,True,False,False,0,2625,-1,ignore,,,0.085155160764548196,1.01,E0_LR,20260922,True,nested,"[""PN00-2.edf"", ""PN00-4.edf"", ""PN00-5.edf""]"
PN00,PN00-1.edf,1230,1220,1230,1170,1230,True,True,False,False,0,2625,-1,ignore,,,0.1378817175770686,1.01,E0_LR,20260922,True,nested,"[""PN00-2.edf"", ""PN00-4.edf"", ""PN00-5.edf""]"
PN00,PN00-1.edf,1235,1225,1235,1175,1235,True,True,False,False,0,2625,-1,ignore,,,0.01925199357998866,1.01,E0_LR,20260922,True,nested,"[""PN00-2.edf"", ""PN00-4.edf"", ""PN00-5.edf""]"
PN00,PN00-1.edf,1240,1230,1240,1180,1240,True,True,False,False,0,2625,-1,ignore,,,0.035691206478581178,1.01,E0_LR,20260922,True,nested,"[""PN00-2.edf"", ""PN00-4.edf"", ""PN00-5.edf""]"
PN00,PN00-1.edf,1245,1235,1245,1185,1245,True,True,False,False,0,2625,-1,ignore,,,0.0017218748445323063,1.01,E0_LR,20260922,True,nested,"[""PN00-2.edf"", ""PN00-4.edf"", ""PN00-5.edf""]"
PN00,PN00-1.edf,1250,1240,1250,1190,1250,True,True,False,False,0,2625,-1,ignore,,,0.18686403666378984,1.01,E0_LR,20260922,True,nested,"[""PN00-2.edf"", ""PN00-4.edf"", ""PN00-5.edf""]"
PN00,PN00-1.edf,1255,1245,1255,1195,1255,True,True,False,False,0,2625,-1,ignore,,,0.35738277907683219,1.01,E0_LR,20260922,True,nested,"[""PN00-2.edf"", ""PN00-4.edf"", ""PN00-5.edf""]"
PN00,PN00-1.edf,1260,1250,1260,1200,1260,True,True,False,False,0,2625,-1,ignore,,,0.093793620677813314,1.01,E0_LR,20260922,True,nested,"[""PN00-2.edf"", ""PN00-4.edf"", ""PN00-5.edf""]"
PN00,PN00-1.edf,1265,1255,1265,1205,1265,True,True,False,False,0,2625,-1,ignore,,,0.037940271043245266,1.01,E0_LR,20260922,True,nested,"[""PN00-2.edf"", ""PN00-4.edf"", ""PN00-5.edf""]"
PN00,PN00-1.edf,1270,1260,1270,1210,1270,True,True,False,False,0,2625,-1,ignore,,,0.0090718723386158176,1.01,E0_LR,20260922,True,nested,"[""PN00-2.edf"", ""PN00-4.edf"", ""PN00-5.edf""]"
PN00,PN00-1.edf,1275,1265,1275,1215,1275,True,True,False,False,0,2625,-1,ignore,,,0.008123065446041142,1.01,E0_LR,20260922,True,nested,"[""PN00-2.edf"", ""PN00-4.edf"", ""PN00-5.edf""]"
PN00,PN00-1.edf,1280,1270,1280,1220,1280,True,True,False,False,0,2625,-1,ignore,,,0.018122552822388158,1.01,E0_LR,20260922,True,nested,"[""PN00-2.edf"", ""PN00-4.edf"", ""PN00-5.edf""]"
PN00,PN00-1.edf,1285,1275,1285,1225,1285,True,True,False,False,0,2625,-1,ignore,,,0.012435116129877022,1.01,E0_LR,20260922,True,nested,"[""PN00-2.edf"", ""PN00-4.edf"", ""PN00-5.edf""]"
PN00,PN00-1.edf,1290,1280,1290,1230,1290,True,True,False,False,0,2625,-1,ignore,,,0.092168387543675151,1.01,E0_LR,20260922,True,nested,"[""PN00-2.edf"", ""PN00-4.edf"", ""PN00-5.edf""]"
PN00,PN00-1.edf,1295,1285,1295,1235,1295,True,True,False,False,0,2625,-1,ignore,,,0.0029948217157058088,1.01,E0_LR,20260922,True,nested,"[""PN00-2.edf"", ""PN00-4.edf"", ""PN00-5.edf""]"
PN00,PN00-1.edf,1300,1290,1300,1240,1300,True,True,False,False,0,2625,-1,ignore,,,0.0022520613750866506,1.01,E0_LR,20260922,True,nested,"[""PN00-2.edf"", ""PN00-4.edf"", ""PN00-5.edf""]"
PN00,PN00-1.edf,1305,1295,1305,1245,1305,True,True,False,False,0,2625,-1,ignore,,,0.14047655552203353,1.01,E0_LR,20260922,True,nested,"[""PN00-2.edf"", ""PN00-4.edf"", ""PN00-5.edf""]"
PN00,PN00-1.edf,1310,1300,1310,1250,1310,True,True,False,False,0,2625,-1,ignore,,,0.9388916459508545,1.01,E0_LR,20260922,True,nested,"[""PN00-2.edf"", ""PN00-4.edf"", ""PN00-5.edf""]"
PN00,PN00-1.edf,1315,1305,1315,1255,1315,True,True,False,False,0,2625,-1,ignore,,,0.040594099761460972,1.01,E0_LR,20260922,True,nested,"[""PN00-2.edf"", ""PN00-4.edf"", ""PN00-5.edf""]"
PN00,PN00-1.edf,1320,1310,1320,1260,1320,True,True,False,False,0,2625,-1,ignore,,,0.06285798516634053,1.01,E0_LR,20260922,True,nested,"[""PN00-2.edf"", ""PN00-4.edf"", ""PN00-5.edf""]"
PN00,PN00-1.edf,1325,1315,1325,1265,1325,True,True,False,False,0,2625,-1,ignore,,,0.0036452185606793805,1.01,E0_LR,20260922,True,nested,"[""PN00-2.edf"", ""PN00-4.edf"", ""PN00-5.edf""]"
PN00,PN00-1.edf,1330,1320,1330,1270,1330,True,True,False,False,0,2625,-1,ignore,,,7.7252574962958012e-22,1.01,E0_LR,20260922,True,nested,"[""PN00-2.edf"", ""PN00-4.edf"", ""PN00-5.edf""]"
PN00,PN00-1.edf,1335,1325,1335,1275,1335,True,True,False,False,0,2625,-1,ignore,,,4.6021806604419313e-53,1.01,E0_LR,20260922,True,nested,"[""PN00-2.edf"", ""PN00-4.edf"", ""PN00-5.edf""]"
PN00,PN00-1.edf,1340,1330,1340,1280,1340,True,True,False,False,0,2625,-1,ignore,,,1.1247815805101497e-07,1.01,E0_LR,20260922,True,nested,"[""PN00-2.edf"", ""PN00-4.edf"", ""PN00-5.edf""]"
PN00,PN00-1.edf,1345,1335,1345,1285,1345,True,True,False,False,0,2625,-1,ignore,,,0.50861929008412454,1.01,E0_LR,20260922,True,nested,"[""PN00-2.edf"", ""PN00-4.edf"", ""PN00-5.edf""]"
PN00,PN00-1.edf,1350,1340,1350,1290,1350,True,True,False,False,0,2625,-1,ignore,,,0.11140035817075372,1.01,E0_LR,20260922,True,nested,"[""PN00-2.edf"", ""PN00-4.edf"", ""PN00-5.edf""]"
PN00,PN00-1.edf,1355,1345,1355,1295,1355,True,True,False,False,0,2625,-1,ignore,,,0.17138960111886364,1.01,E0_LR,20260922,True,nested,"[""PN00-2.edf"", ""PN00-4.edf"", ""PN00-5.edf""]"
PN00,PN00-1.edf,1360,1350,1360,1300,1360,True,True,False,False,0,2625,-1,ignore,,,0.16872531695268575,1.01,E0_LR,20260922,True,nested,"[""PN00-2.edf"", ""PN00-4.edf"", ""PN00-5.edf""]"
PN00,PN00-1.edf,1365,1355,1365,1305,1365,True,True,False,False,0,2625,-1,ignore,,,0.0016108015971830695,1.01,E0_LR,20260922,True,nested,"[""PN00-2.edf"", ""PN00-4.edf"", ""PN00-5.edf""]"
PN00,PN00-1.edf,1370,1360,1370,1310,1370,True,True,False,False,0,2625,-1,ignore,,,4.5169189305048077e-06,1.01,E0_LR,20260922,True,nested,"[""PN00-2.edf"", ""PN00-4.edf"", ""PN00-5.edf""]"
PN00,PN00-1.edf,1375,1365,1375,1315,1375,True,True,False,False,0,2625,-1,ignore,,,0.0020357922695960003,1.01,E0_LR,20260922,True,nested,"[""PN00-2.edf"", ""PN00-4.edf"", ""PN00-5.edf""]"
PN00,PN00-1.edf,1380,1370,1380,1320,1380,True,True,False,False,0,2625,-1,ignore,,,2.1774125217308771e-08,1.01,E0_LR,20260922,True,nested,"[""PN00-2.edf"", ""PN00-4.edf"", ""PN00-5.edf""]"
PN00,PN00-1.edf,1385,1375,1385,1325,1385,True,True,False,False,0,2625,-1,ignore,,,0.017239856148443443,1.01,E0_LR,20260922,True,nested,"[""PN00-2.edf"", ""PN00-4.edf"", ""PN00-5.edf""]"
PN00,PN00-1.edf,1390,1380,1390,1330,1390,True,True,False,False,0,2625,-1,ignore,,,0.031410792808208993,1.01,E0_LR,20260922,True,nested,"[""PN00-2.edf"", ""PN00-4.edf"", ""PN00-5.edf""]"
PN00,PN00-1.edf,1395,1385,1395,1335,1395,True,True,False,False,0,2625,-1,ignore,,,0.0058340369005406983,1.01,E0_LR,20260922,True,nested,"[""PN00-2.edf"", ""PN00-4.edf"", ""PN00-5.edf""]"
PN00,PN00-1.edf,1400,1390,1400,1340,1400,True,True,False,False,0,2625,-1,ignore,,,0.02440485384042285,1.01,E0_LR,20260922,True,nested,"[""PN00-2.edf"", ""PN00-4.edf"", ""PN00-5.edf""]"
PN00,PN00-1.edf,1405,1395,1405,1345,1405,True,True,False,False,0,2625,-1,ignore,,,0.028108660090054496,1.01,E0_LR,20260922,True,nested,"[""PN00-2.edf"", ""PN00-4.edf"", ""PN00-5.edf""]"
PN00,PN00-1.edf,1410,1400,1410,1350,1410,True,True,False,False,0,2625,-1,ignore,,,0.013142535416799607,1.01,E0_LR,20260922,True,nested,"[""PN00-2.edf"", ""PN00-4.edf"", ""PN00-5.edf""]"
PN00,PN00-1.edf,1415,1405,1415,1355,1415,True,True,False,False,0,2625,-1,ignore,,,6.424030151409054e-09,1.01,E0_LR,20260922,True,nested,"[""PN00-2.edf"", ""PN00-4.edf"", ""PN00-5.edf""]"
PN00,PN00-1.edf,1420,1410,1420,1360,1420,True,True,False,False,0,2625,-1,ignore,,,6.0127856333744002e-05,1.01,E0_LR,20260922,True,nested,"[""PN00-2.edf"", ""PN00-4.edf"", ""PN00-5.edf""]"
PN00,PN00-1.edf,1425,1415,1425,1365,1425,True,True,False,False,0,2625,-1,ignore,,,0.19545981919383562,1.01,E0_LR,20260922,True,nested,"[""PN00-2.edf"", ""PN00-4.edf"", ""PN00-5.edf""]"
PN00,PN00-1.edf,1430,1420,1430,1370,1430,True,True,False,False,0,2625,-1,ignore,,,0.059296722751534185,1.01,E0_LR,20260922,True,nested,"[""PN00-2.edf"", ""PN00-4.edf"", ""PN00-5.edf""]"
PN00,PN00-1.edf,1435,1425,1435,1375,1435,True,True,False,False,0,2625,-1,ignore,,,2.344317721135698e-06,1.01,E0_LR,20260922,True,nested,"[""PN00-2.edf"", ""PN00-4.edf"", ""PN00-5.edf""]"
PN00,PN00-1.edf,1440,1430,1440,1380,1440,True,True,False,False,0,2625,-1,ignore,,,3.3379558375211011e-05,1.01,E0_LR,20260922,True,nested,"[""PN00-2.edf"", ""PN00-4.edf"", ""PN00-5.edf""]"
PN00,PN00-1.edf,1445,1435,1445,1385,1445,True,True,False,False,0,2625,-1,ignore,,,0.035563427495057275,1.01,E0_LR,20260922,True,nested,"[""PN00-2.edf"", ""PN00-4.edf"", ""PN00-5.edf""]"
PN00,PN00-1.edf,1450,1440,1450,1390,1450,True,True,False,False,0,2625,-1,ignore,,,0.89542208335439433,1.01,E0_LR,20260922,True,nested,"[""PN00-2.edf"", ""PN00-4.edf"", ""PN00-5.edf""]"
PN00,PN00-1.edf,1455,1445,1455,1395,1455,True,True,False,False,0,2625,-1,ignore,,,0.03955958308882198,1.01,E0_LR,20260922,True,nested,"[""PN00-2.edf"", ""PN00-4.edf"", ""PN00-5.edf""]"
PN00,PN00-1.edf,1460,1450,1460,1400,1460,True,True,False,False,0,2625,-1,ignore,,,0.087974517199541524,1.01,E0_LR,20260922,True,nested,"[""PN00-2.edf"", ""PN00-4.edf"", ""PN00-5.edf""]"
PN00,PN00-1.edf,1465,1455,1465,1405,1465,True,True,False,False,0,2625,-1,ignore,,,0.0025812636715769888,1.01,E0_LR,20260922,True,nested,"[""PN00-2.edf"", ""PN00-4.edf"", ""PN00-5.edf""]"
PN00,PN00-1.edf,1470,1460,1470,1410,1470,True,True,False,False,0,2625,-1,ignore,,,0.00052363526500812281,1.01,E0_LR,20260922,True,nested,"[""PN00-2.edf"", ""PN00-4.edf"", ""PN00-5.edf""]"
PN00,PN00-1.edf,1475,1465,1475,1415,1475,True,True,False,False,0,2625,-1,ignore,,,0.0019174681511498481,1.01,E0_LR,20260922,True,nested,"[""PN00-2.edf"", ""PN00-4.edf"", ""PN00-5.edf""]"
PN00,PN00-1.edf,1480,1470,1480,1420,1480,True,True,False,False,0,2625,-1,ignore,,,0.00014753437107602763,1.01,E0_LR,20260922,True,nested,"[""PN00-2.edf"", ""PN00-4.edf"", ""PN00-5.edf""]"
PN00,PN00-1.edf,1485,1475,1485,1425,1485,True,True,False,False,0,2625,-1,ignore,,,0.0042208368656479235,1.01,E0_LR,20260922,True,nested,"[""PN00-2.edf"", ""PN00-4.edf"", ""PN00-5.edf""]"
PN00,PN00-1.edf,1490,1480,1490,1430,1490,True,True,False,False,0,2625,-1,ignore,,,0.015646806436978682,1.01,E0_LR,20260922,True,nested,"[""PN00-2.edf"", ""PN00-4.edf"", ""PN00-5.edf""]"
PN00,PN00-1.edf,1495,1485,1495,1435,1495,True,True,False,False,0,2625,-1,ignore,,,0.0069229357421844648,1.01,E0_LR,20260922,True,nested,"[""PN00-2.edf"", ""PN00-4.edf"", ""PN00-5.edf""]"
PN00,PN00-1.edf,1500,1490,1500,1440,1500,True,True,False,False,0,2625,-1,ignore,,,0.019770010156595134,1.01,E0_LR,20260922,True,nested,"[""PN00-2.edf"", ""PN00-4.edf"", ""PN00-5.edf""]"
PN00,PN00-1.edf,1505,1495,1505,1445,1505,True,True,False,False,0,2625,-1,ignore,,,0.023740834752029649,1.01,E0_LR,20260922,True,nested,"[""PN00-2.edf"", ""PN00-4.edf"", ""PN00-5.edf""]"
PN00,PN00-1.edf,1510,1500,1510,1450,1510,True,True,False,False,0,2625,-1,ignore,,,0.0085035968801173076,1.01,E0_LR,20260922,True,nested,"[""PN00-2.edf"", ""PN00-4.edf"", ""PN00-5.edf""]"
PN00,PN00-1.edf,1515,1505,1515,1455,1515,True,True,False,True,0,2625,0,negative,,,0.0088813565854428556,1.01,E0_LR,20260922,True,nested,"[""PN00-2.edf"", ""PN00-4.edf"", ""PN00-5.edf""]"
PN00,PN00-1.edf,1520,1510,1520,1460,1520,True,True,False,True,0,2625,0,negative,,,0.00063719967451072231,1.01,E0_LR,20260922,True,nested,"[""PN00-2.edf"", ""PN00-4.edf"", ""PN00-5.edf""]"
PN00,PN00-1.edf,1525,1515,1525,1465,1525,True,True,False,True,0,2625,0,negative,,,0.0013727019142237991,1.01,E0_LR,20260922,True,nested,"[""PN00-2.edf"", ""PN00-4.edf"", ""PN00-5.edf""]"
PN00,PN00-1.edf,1530,1520,1530,1470,1530,True,True,False,True,0,2625,0,negative,,,0.0040219732368506587,1.01,E0_LR,20260922,True,nested,"[""PN00-2.edf"", ""PN00-4.edf"", ""PN00-5.edf""]"
PN00,PN00-1.edf,1535,1525,1535,1475,1535,True,True,False,True,0,2625,0,negative,,,0.00020988615692181691,1.01,E0_LR,20260922,True,nested,"[""PN00-2.edf"", ""PN00-4.edf"", ""PN00-5.edf""]"
PN00,PN00-1.edf,1540,1530,1540,1480,1540,True,True,False,True,0,2625,0,negative,,,0.0018717378806834897,1.01,E0_LR,20260922,True,nested,"[""PN00-2.edf"", ""PN00-4.edf"", ""PN00-5.edf""]"
PN00,PN00-1.edf,1545,1535,1545,1485,1545,True,True,False,True,0,2625,0,negative,,,0.0021617595172374695,1.01,E0_LR,20260922,True,nested,"[""PN00-2.edf"", ""PN00-4.edf"", ""PN00-5.edf""]"
PN00,PN00-1.edf,1550,1540,1550,1490,1550,True,True,False,True,0,2625,0,negative,,,2.6393577878659492e-05,1.01,E0_LR,20260922,True,nested,"[""PN00-2.edf"", ""PN00-4.edf"", ""PN00-5.edf""]"
PN00,PN00-1.edf,1555,1545,1555,1495,1555,True,True,False,True,0,2625,0,negative,,,9.33281077591704e-05,1.01,E0_LR,20260922,True,nested,"[""PN00-2.edf"", ""PN00-4.edf"", ""PN00-5.edf""]"
PN00,PN00-1.edf,1560,1550,1560,1500,1560,True,True,False,True,0,2625,0,negative,,,0.0020653379181280167,1.01,E0_LR,20260922,True,nested,"[""PN00-2.edf"", ""PN00-4.edf"", ""PN00-5.edf""]"
PN00,PN00-1.edf,1565,1555,1565,1505,1565,True,True,False,True,0,2625,0,negative,,,0.00015384372528512539,1.01,E0_LR,20260922,True,nested,"[""PN00-2.edf"", ""PN00-4.edf"", ""PN00-5.edf""]"
PN00,PN00-1.edf,1570,1560,1570,1510,1570,True,True,False,True,0,2625,0,negative,,,0.0024760918525845135,1.01,E0_LR,20260922,True,nested,"[""PN00-2.edf"", ""PN00-4.edf"", ""PN00-5.edf""]"
PN00,PN00-1.edf,1575,1565,1575,1515,1575,True,True,False,True,0,2625,0,negative,,,0.0035472451856424299,1.01,E0_LR,20260922,True,nested,"[""PN00-2.edf"", ""PN00-4.edf"", ""PN00-5.edf""]"
PN00,PN00-1.edf,1580,1570,1580,1520,1580,True,True,False,True,0,2625,0,negative,,,0.0031780464351821333,1.01,E0_LR,20260922,True,nested,"[""PN00-2.edf"", ""PN00-4.edf"", ""PN00-5.edf""]"
PN00,PN00-1.edf,1585,1575,1585,1525,1585,True,True,False,True,0,2625,0,negative,,,0.071321611700926865,1.01,E0_LR,20260922,True,nested,"[""PN00-2.edf"", ""PN00-4.edf"", ""PN00-5.edf""]"
PN00,PN00-1.edf,1590,1580,1590,1530,1590,True,True,False,True,0,2625,0,negative,,,0.34049369496811083,1.01,E0_LR,20260922,True,nested,"[""PN00-2.edf"", ""PN00-4.edf"", ""PN00-5.edf""]"
PN00,PN00-1.edf,1595,1585,1595,1535,1595,True,True,False,True,0,2625,0,negative,,,0.15235214106914197,1.01,E0_LR,20260922,True,nested,"[""PN00-2.edf"", ""PN00-4.edf"", ""PN00-5.edf""]"
PN00,PN00-1.edf,1600,1590,1600,1540,1600,True,True,False,True,0,2625,0,negative,,,0.0089100489304951552,1.01,E0_LR,20260922,True,nested,"[""PN00-2.edf"", ""PN00-4.edf"", ""PN00-5.edf""]"
PN00,PN00-1.edf,1605,1595,1605,1545,1605,True,True,False,True,0,2625,0,negative,,,0.00106419237918564,1.01,E0_LR,20260922,True,nested,"[""PN00-2.edf"", ""PN00-4.edf"", ""PN00-5.edf""]"
PN00,PN00-1.edf,1610,1600,1610,1550,1610,True,True,False,True,0,2625,0,negative,,,0.00095856175264289953,1.01,E0_LR,20260922,True,nested,"[""PN00-2.edf"", ""PN00-4.edf"", ""PN00-5.edf""]"
PN00,PN00-1.edf,1615,1605,1615,1555,1615,True,True,False,True,0,2625,0,negative,,,3.4575161950665322e-05,1.01,E0_LR,20260922,True,nested,"[""PN00-2.edf"", ""PN00-4.edf"", ""PN00-5.edf""]"
PN00,PN00-1.edf,1620,1610,1620,1560,1620,True,True,False,True,0,2625,0,negative,,,0.026169063355010503,1.01,E0_LR,20260922,True,nested,"[""PN00-2.edf"", ""PN00-4.edf"", ""PN00-5.edf""]"
PN00,PN00-1.edf,1625,1615,1625,1565,1625,True,True,False,True,0,2625,0,negative,,,0.0053648583848566805,1.01,E0_LR,20260922,True,nested,"[""PN00-2.edf"", ""PN00-4.edf"", ""PN00-5.edf""]"
PN00,PN00-1.edf,1630,1620,1630,1570,1630,True,True,False,True,0,2625,0,negative,,,0.003648210817904801,1.01,E0_LR,20260922,True,nested,"[""PN00-2.edf"", ""PN00-4.edf"", ""PN00-5.edf""]"
PN00,PN00-1.edf,1635,1625,1635,1575,1635,True,True,False,True,0,2625,0,negative,,,0.0030439193089824177,1.01,E0_LR,20260922,True,nested,"[""PN00-2.edf"", ""PN00-4.edf"", ""PN00-5.edf""]"
PN00,PN00-1.edf,1640,1630,1640,1580,1640,True,True,False,True,0,2625,0,negative,,,0.0018883045792592759,1.01,E0_LR,20260922,True,nested,"[""PN00-2.edf"", ""PN00-4.edf"", ""PN00-5.edf""]"
PN00,PN00-1.edf,1645,1635,1645,1585,1645,True,True,False,True,0,2625,0,negative,,,0.0058404509001559095,1.01,E0_LR,20260922,True,nested,"[""PN00-2.edf"", ""PN00-4.edf"", ""PN00-5.edf""]"
PN00,PN00-1.edf,1650,1640,1650,1590,1650,True,True,False,True,0,2625,0,negative,,,0.00035716639160692242,1.01,E0_LR,20260922,True,nested,"[""PN00-2.edf"", ""PN00-4.edf"", ""PN00-5.edf""]"
PN00,PN00-1.edf,1655,1645,1655,1595,1655,True,True,False,True,0,2625,0,negative,,,0.00014776730846300133,1.01,E0_LR,20260922,True,nested,"[""PN00-2.edf"", ""PN00-4.edf"", ""PN00-5.edf""]"
PN00,PN00-1.edf,1660,1650,1660,1600,1660,True,True,False,True,0,2625,0,negative,,,0.0021176970793585137,1.01,E0_LR,20260922,True,nested,"[""PN00-2.edf"", ""PN00-4.edf"", ""PN00-5.edf""]"
PN00,PN00-1.edf,1665,1655,1665,1605,1665,True,True,False,True,0,2625,0,negative,,,0.0032955434896429622,1.01,E0_LR,20260922,True,nested,"[""PN00-2.edf"", ""PN00-4.edf"", ""PN00-5.edf""]"
PN00,PN00-1.edf,1670,1660,1670,1610,1670,True,True,False,True,0,2625,0,negative,,,0.10724505200377121,1.01,E0_LR,20260922,True,nested,"[""PN00-2.edf"", ""PN00-4.edf"", ""PN00-5.edf""]"
PN00,PN00-1.edf,1675,1665,1675,1615,1675,True,True,False,True,0,2625,0,negative,,,0.60466618780262604,1.01,E0_LR,20260922,True,nested,"[""PN00-2.edf"", ""PN00-4.edf"", ""PN00-5.edf""]"
PN00,PN00-1.edf,1680,1670,1680,1620,1680,True,True,False,True,0,2625,0,negative,,,0.46661811671006731,1.01,E0_LR,20260922,True,nested,"[""PN00-2.edf"", ""PN00-4.edf"", ""PN00-5.edf""]"
PN00,PN00-1.edf,1685,1675,1685,1625,1685,True,True,False,True,0,2625,0,negative,,,0.18045396862483226,1.01,E0_LR,20260922,True,nested,"[""PN00-2.edf"", ""PN00-4.edf"", ""PN00-5.edf""]"
PN00,PN00-1.edf,1690,1680,1690,1630,1690,True,True,False,True,0,2625,0,negative,,,0.037866434182232567,1.01,E0_LR,20260922,True,nested,"[""PN00-2.edf"", ""PN00-4.edf"", ""PN00-5.edf""]"
PN00,PN00-1.edf,1695,1685,1695,1635,1695,True,True,False,True,0,2625,0,negative,,,0.032454592829469157,1.01,E0_LR,20260922,True,nested,"[""PN00-2.edf"", ""PN00-4.edf"", ""PN00-5.edf""]"
PN00,PN00-1.edf,1700,1690,1700,1640,1700,True,True,False,True,0,2625,0,negative,,,0.018604111393959486,1.01,E0_LR,20260922,True,nested,"[""PN00-2.edf"", ""PN00-4.edf"", ""PN00-5.edf""]"
PN00,PN00-1.edf,1705,1695,1705,1645,1705,True,True,False,True,0,2625,0,negative,,,0.0016970021864521059,1.01,E0_LR,20260922,True,nested,"[""PN00-2.edf"", ""PN00-4.edf"", ""PN00-5.edf""]"
PN00,PN00-1.edf,1710,1700,1710,1650,1710,True,True,False,True,0,2625,0,negative,,,0.00021649619175811825,1.01,E0_LR,20260922,True,nested,"[""PN00-2.edf"", ""PN00-4.edf"", ""PN00-5.edf""]"
PN00,PN00-1.edf,1715,1705,1715,1655,1715,True,True,False,True,0,2625,0,negative,,,0.075039949945889056,1.01,E0_LR,20260922,True,nested,"[""PN00-2.edf"", ""PN00-4.edf"", ""PN00-5.edf""]"
PN00,PN00-1.edf,1720,1710,1720,1660,1720,True,True,False,True,0,2625,0,negative,,,0.06191362643347962,1.01,E0_LR,20260922,True,nested,"[""PN00-2.edf"", ""PN00-4.edf"", ""PN00-5.edf""]"
PN00,PN00-1.edf,1725,1715,1725,1665,1725,True,True,False,True,0,2625,0,negative,,,0.0041125229154773549,1.01,E0_LR,20260922,True,nested,"[""PN00-2.edf"", ""PN00-4.edf"", ""PN00-5.edf""]"
PN00,PN00-1.edf,1730,1720,1730,1670,1730,True,True,False,True,0,2625,0,negative,,,0.01436236906500421,1.01,E0_LR,20260922,True,nested,"[""PN00-2.edf"", ""PN00-4.edf"", ""PN00-5.edf""]"
PN00,PN00-1.edf,1735,1725,1735,1675,1735,True,True,False,True,0,2625,0,negative,,,0.0016341788490806578,1.01,E0_LR,20260922,True,nested,"[""PN00-2.edf"", ""PN00-4.edf"", ""PN00-5.edf""]"
PN00,PN00-1.edf,1740,1730,1740,1680,1740,True,True,False,True,0,2625,0,negative,,,0.0053164007662859685,1.01,E0_LR,20260922,True,nested,"[""PN00-2.edf"", ""PN00-4.edf"", ""PN00-5.edf""]"
PN00,PN00-1.edf,1745,1735,1745,1685,1745,True,True,False,True,0,2625,0,negative,,,0.12169445427735447,1.01,E0_LR,20260922,True,nested,"[""PN00-2.edf"", ""PN00-4.edf"", ""PN00-5.edf""]"
PN00,PN00-1.edf,1750,1740,1750,1690,1750,True,True,False,True,0,2625,0,negative,,,0.036754185675744656,1.01,E0_LR,20260922,True,nested,"[""PN00-2.edf"", ""PN00-4.edf"", ""PN00-5.edf""]"
PN00,PN00-1.edf,1755,1745,1755,1695,1755,True,True,False,True,0,2625,0,negative,,,0.014461770614552958,1.01,E0_LR,20260922,True,nested,"[""PN00-2.edf"", ""PN00-4.edf"", ""PN00-5.edf""]"
PN00,PN00-1.edf,1760,1750,1760,1700,1760,True,True,False,True,0,2625,0,negative,,,0.053088070561088253,1.01,E0_LR,20260922,True,nested,"[""PN00-2.edf"", ""PN00-4.edf"", ""PN00-5.edf""]"
PN00,PN00-1.edf,1765,1755,1765,1705,1765,True,True,False,True,0,2625,0,negative,,,0.070807939560441568,1.01,E0_LR,20260922,True,nested,"[""PN00-2.edf"", ""PN00-4.edf"", ""PN00-5.edf""]"
PN00,PN00-1.edf,1770,1760,1770,1710,1770,True,True,False,True,0,2625,0,negative,,,0.14938891836566809,1.01,E0_LR,20260922,True,nested,"[""PN00-2.edf"", ""PN00-4.edf"", ""PN00-5.edf""]"
PN00,PN00-1.edf,1775,1765,1775,1715,1775,True,True,False,True,0,2625,0,negative,,,0.020157291617867792,1.01,E0_LR,20260922,True,nested,"[""PN00-2.edf"", ""PN00-4.edf"", ""PN00-5.edf""]"
PN00,PN00-1.edf,1780,1770,1780,1720,1780,True,True,False,True,0,2625,0,negative,,,0.00508453764303497,1.01,E0_LR,20260922,True,nested,"[""PN00-2.edf"", ""PN00-4.edf"", ""PN00-5.edf""]"
PN00,PN00-1.edf,1785,1775,1785,1725,1785,True,True,False,True,0,2625,0,negative,,,0.00052243819758044925,1.01,E0_LR,20260922,True,nested,"[""PN00-2.edf"", ""PN00-4.edf"", ""PN00-5.edf""]"
PN00,PN00-1.edf,1790,1780,1790,1730,1790,True,True,False,True,0,2625,0,negative,,,0.00024562827598818658,1.01,E0_LR,20260922,True,nested,"[""PN00-2.edf"", ""PN00-4.edf"", ""PN00-5.edf""]"
PN00,PN00-1.edf,1795,1785,1795,1735,1795,True,True,False,True,0,2625,0,negative,,,0.0021397467429974957,1.01,E0_LR,20260922,True,nested,"[""PN00-2.edf"", ""PN00-4.edf"", ""PN00-5.edf""]"
PN00,PN00-1.edf,1800,1790,1800,1740,1800,True,True,False,True,0,2625,0,negative,,,0.004268466348308758,1.01,E0_LR,20260922,True,nested,"[""PN00-2.edf"", ""PN00-4.edf"", ""PN00-5.edf""]"
PN00,PN00-1.edf,1805,1795,1805,1745,1805,True,True,False,True,0,2625,0,negative,,,0.00083598071502430772,1.01,E0_LR,20260922,True,nested,"[""PN00-2.edf"", ""PN00-4.edf"", ""PN00-5.edf""]"
PN00,PN00-1.edf,1810,1800,1810,1750,1810,True,True,False,True,0,2625,0,negative,,,0.00055403520017406355,1.01,E0_LR,20260922,True,nested,"[""PN00-2.edf"", ""PN00-4.edf"", ""PN00-5.edf""]"
PN00,PN00-1.edf,1815,1805,1815,1755,1815,True,True,False,True,0,2625,0,negative,,,0.00032233921041267545,1.01,E0_LR,20260922,True,nested,"[""PN00-2.edf"", ""PN00-4.edf"", ""PN00-5.edf""]"
PN00,PN00-1.edf,1820,1810,1820,1760,1820,True,True,False,True,0,2625,0,negative,,,0.00068811941076556387,1.01,E0_LR,20260922,True,nested,"[""PN00-2.edf"", ""PN00-4.edf"", ""PN00-5.edf""]"
PN00,PN00-1.edf,1825,1815,1825,1765,1825,True,True,False,True,0,2625,0,negative,,,0.00065971179930966284,1.01,E0_LR,20260922,True,nested,"[""PN00-2.edf"", ""PN00-4.edf"", ""PN00-5.edf""]"
PN00,PN00-1.edf,1830,1820,1830,1770,1830,True,True,False,True,0,2625,0,negative,,,6.4585044736539945e-05,1.01,E0_LR,20260922,True,nested,"[""PN00-2.edf"", ""PN00-4.edf"", ""PN00-5.edf""]"
PN00,PN00-1.edf,1835,1825,1835,1775,1835,True,True,False,True,0,2625,0,negative,,,0.0005971069126473671,1.01,E0_LR,20260922,True,nested,"[""PN00-2.edf"", ""PN00-4.edf"", ""PN00-5.edf""]"
PN00,PN00-1.edf,1840,1830,1840,1780,1840,True,True,False,True,0,2625,0,negative,,,8.2558603214958789e-06,1.01,E0_LR,20260922,True,nested,"[""PN00-2.edf"", ""PN00-4.edf"", ""PN00-5.edf""]"
PN00,PN00-1.edf,1845,1835,1845,1785,1845,True,True,False,True,0,2625,0,negative,,,0.00095799273934144208,1.01,E0_LR,20260922,True,nested,"[""PN00-2.edf"", ""PN00-4.edf"", ""PN00-5.edf""]"
PN00,PN00-1.edf,1850,1840,1850,1790,1850,True,True,False,True,0,2625,0,negative,,,0.0035799956038065467,1.01,E0_LR,20260922,True,nested,"[""PN00-2.edf"", ""PN00-4.edf"", ""PN00-5.edf""]"
PN00,PN00-1.edf,1855,1845,1855,1795,1855,True,True,False,True,0,2625,0,negative,,,0.0014151354753181573,1.01,E0_LR,20260922,True,nested,"[""PN00-2.edf"", ""PN00-4.edf"", ""PN00-5.edf""]"
PN00,PN00-1.edf,1860,1850,1860,1800,1860,True,True,False,True,0,2625,0,negative,,,0.0033964083893400338,1.01,E0_LR,20260922,True,nested,"[""PN00-2.edf"", ""PN00-4.edf"", ""PN00-5.edf""]"
PN00,PN00-1.edf,1865,1855,1865,1805,1865,True,True,False,True,0,2625,0,negative,,,0.037970292262310926,1.01,E0_LR,20260922,True,nested,"[""PN00-2.edf"", ""PN00-4.edf"", ""PN00-5.edf""]"
PN00,PN00-1.edf,1870,1860,1870,1810,1870,True,True,False,True,0,2625,0,negative,,,0.0055940633497516034,1.01,E0_LR,20260922,True,nested,"[""PN00-2.edf"", ""PN00-4.edf"", ""PN00-5.edf""]"
PN00,PN00-1.edf,1875,1865,1875,1815,1875,True,True,False,True,0,2625,0,negative,,,0.27587064238835324,1.01,E0_LR,20260922,True,nested,"[""PN00-2.edf"", ""PN00-4.edf"", ""PN00-5.edf""]"
PN00,PN00-1.edf,1880,1870,1880,1820,1880,True,True,False,True,0,2625,0,negative,,,0.015757318023728289,1.01,E0_LR,20260922,True,nested,"[""PN00-2.edf"", ""PN00-4.edf"", ""PN00-5.edf""]"
PN00,PN00-1.edf,1885,1875,1885,1825,1885,True,True,False,True,0,2625,0,negative,,,0.0060432527206519268,1.01,E0_LR,20260922,True,nested,"[""PN00-2.edf"", ""PN00-4.edf"", ""PN00-5.edf""]"
PN00,PN00-1.edf,1890,1880,1890,1830,1890,True,True,False,True,0,2625,0,negative,,,0.004120159404358734,1.01,E0_LR,20260922,True,nested,"[""PN00-2.edf"", ""PN00-4.edf"", ""PN00-5.edf""]"
PN00,PN00-1.edf,1895,1885,1895,1835,1895,True,True,False,True,0,2625,0,negative,,,0.0040391354005454815,1.01,E0_LR,20260922,True,nested,"[""PN00-2.edf"", ""PN00-4.edf"", ""PN00-5.edf""]"
PN00,PN00-1.edf,1900,1890,1900,1840,1900,True,True,False,True,0,2625,0,negative,,,0.00032342771784116188,1.01,E0_LR,20260922,True,nested,"[""PN00-2.edf"", ""PN00-4.edf"", ""PN00-5.edf""]"
PN00,PN00-1.edf,1905,1895,1905,1845,1905,True,True,False,True,0,2625,0,negative,,,0.0022575092962935478,1.01,E0_LR,20260922,True,nested,"[""PN00-2.edf"", ""PN00-4.edf"", ""PN00-5.edf""]"
PN00,PN00-1.edf,1910,1900,1910,1850,1910,True,True,False,True,0,2625,0,negative,,,0.0034042683623539175,1.01,E0_LR,20260922,True,nested,"[""PN00-2.edf"", ""PN00-4.edf"", ""PN00-5.edf""]"
PN00,PN00-1.edf,1915,1905,1915,1855,1915,True,True,False,True,0,2625,0,negative,,,0.008199101800448803,1.01,E0_LR,20260922,True,nested,"[""PN00-2.edf"", ""PN00-4.edf"", ""PN00-5.edf""]"
PN00,PN00-1.edf,1920,1910,1920,1860,1920,True,True,False,True,0,2625,0,negative,,,0.0068916079209757463,1.01,E0_LR,20260922,True,nested,"[""PN00-2.edf"", ""PN00-4.edf"", ""PN00-5.edf""]"
PN00,PN00-1.edf,1925,1915,1925,1865,1925,True,True,False,True,0,2625,0,negative,,,0.00011368534497159324,1.01,E0_LR,20260922,True,nested,"[""PN00-2.edf"", ""PN00-4.edf"", ""PN00-5.edf""]"
PN00,PN00-1.edf,1930,1920,1930,1870,1930,True,True,False,True,0,2625,0,negative,,,0.00054079391921558876,1.01,E0_LR,20260922,True,nested,"[""PN00-2.edf"", ""PN00-4.edf"", ""PN00-5.edf""]"
PN00,PN00-1.edf,1935,1925,1935,1875,1935,True,True,False,True,0,2625,0,negative,,,8.0214494524296772e-05,1.01,E0_LR,20260922,True,nested,"[""PN00-2.edf"", ""PN00-4.edf"", ""PN00-5.edf""]"
PN00,PN00-1.edf,1940,1930,1940,1880,1940,True,True,False,True,0,2625,0,negative,,,1.0031959006949454e-05,1.01,E0_LR,20260922,True,nested,"[""PN00-2.edf"", ""PN00-4.edf"", ""PN00-5.edf""]"
PN00,PN00-1.edf,1945,1935,1945,1885,1945,True,True,False,True,0,2625,0,negative,,,1.5917750975652039e-05,1.01,E0_LR,20260922,True,nested,"[""PN00-2.edf"", ""PN00-4.edf"", ""PN00-5.edf""]"
PN00,PN00-1.edf,1950,1940,1950,1890,1950,True,True,False,True,0,2625,0,negative,,,2.0755021908437938e-05,1.01,E0_LR,20260922,True,nested,"[""PN00-2.edf"", ""PN00-4.edf"", ""PN00-5.edf""]"
PN00,PN00-1.edf,1955,1945,1955,1895,1955,True,True,False,True,0,2625,0,negative,,,0.00048784688511020643,1.01,E0_LR,20260922,True,nested,"[""PN00-2.edf"", ""PN00-4.edf"", ""PN00-5.edf""]"
PN00,PN00-1.edf,1960,1950,1960,1900,1960,True,True,False,True,0,2625,0,negative,,,0.00018528117797747085,1.01,E0_LR,20260922,True,nested,"[""PN00-2.edf"", ""PN00-4.edf"", ""PN00-5.edf""]"
PN00,PN00-1.edf,1965,1955,1965,1905,1965,True,True,False,True,0,2625,0,negative,,,0.0011284717880398485,1.01,E0_LR,20260922,True,nested,"[""PN00-2.edf"", ""PN00-4.edf"", ""PN00-5.edf""]"
PN00,PN00-1.edf,1970,1960,1970,1910,1970,True,True,False,True,0,2625,0,negative,,,0.0008262929131231414,1.01,E0_LR,20260922,True,nested,"[""PN00-2.edf"", ""PN00-4.edf"", ""PN00-5.edf""]"
PN00,PN00-1.edf,1975,1965,1975,1915,1975,True,True,False,True,0,2625,0,negative,,,0.00035706014167692467,1.01,E0_LR,20260922,True,nested,"[""PN00-2.edf"", ""PN00-4.edf"", ""PN00-5.edf""]"
PN00,PN00-1.edf,1980,1970,1980,1920,1980,True,True,False,True,0,2625,0,negative,,,0.00011259213985141495,1.01,E0_LR,20260922,True,nested,"[""PN00-2.edf"", ""PN00-4.edf"", ""PN00-5.edf""]"
PN00,PN00-1.edf,1985,1975,1985,1925,1985,True,True,False,True,0,2625,0,negative,,,0.00085237539374855985,1.01,E0_LR,20260922,True,nested,"[""PN00-2.edf"", ""PN00-4.edf"", ""PN00-5.edf""]"
PN00,PN00-1.edf,1990,1980,1990,1930,1990,True,True,False,True,0,2625,0,negative,,,0.0046807945656036241,1.01,E0_LR,20260922,True,nested,"[""PN00-2.edf"", ""PN00-4.edf"", ""PN00-5.edf""]"
PN00,PN00-1.edf,1995,1985,1995,1935,1995,True,True,False,True,0,2625,0,negative,,,6.115560363730581e-05,1.01,E0_LR,20260922,True,nested,"[""PN00-2.edf"", ""PN00-4.edf"", ""PN00-5.edf""]"
PN00,PN00-1.edf,2000,1990,2000,1940,2000,True,True,False,True,0,2625,0,negative,,,0.11049726427707778,1.01,E0_LR,20260922,True,nested,"[""PN00-2.edf"", ""PN00-4.edf"", ""PN00-5.edf""]"
PN00,PN00-1.edf,2005,1995,2005,1945,2005,True,True,False,True,0,2625,0,negative,,,0.80025799814920173,1.01,E0_LR,20260922,True,nested,"[""PN00-2.edf"", ""PN00-4.edf"", ""PN00-5.edf""]"
PN00,PN00-1.edf,2010,2000,2010,1950,2010,True,True,False,True,0,2625,0,negative,,,0.00014387746271090027,1.01,E0_LR,20260922,True,nested,"[""PN00-2.edf"", ""PN00-4.edf"", ""PN00-5.edf""]"
PN00,PN00-1.edf,2015,2005,2015,1955,2015,True,True,False,True,0,2625,0,negative,,,1.1515485882800897e-11,1.01,E0_LR,20260922,True,nested,"[""PN00-2.edf"", ""PN00-4.edf"", ""PN00-5.edf""]"
PN00,PN00-1.edf,2020,2010,2020,1960,2020,True,True,False,True,0,2625,0,negative,,,6.6183075264346091e-12,1.01,E0_LR,20260922,True,nested,"[""PN00-2.edf"", ""PN00-4.edf"", ""PN00-5.edf""]"
PN00,PN00-1.edf,2025,2015,2025,1965,2025,True,True,False,True,0,2625,0,negative,,,3.519915466924282e-05,1.01,E0_LR,20260922,True,nested,"[""PN00-2.edf"", ""PN00-4.edf"", ""PN00-5.edf""]"
PN00,PN00-1.edf,2030,2020,2030,1970,2030,True,True,False,True,0,2625,0,negative,,,0.048831978955154509,1.01,E0_LR,20260922,True,nested,"[""PN00-2.edf"", ""PN00-4.edf"", ""PN00-5.edf""]"
PN00,PN00-1.edf,2035,2025,2035,1975,2035,True,True,False,True,0,2625,0,negative,,,0.0080877309879369298,1.01,E0_LR,20260922,True,nested,"[""PN00-2.edf"", ""PN00-4.edf"", ""PN00-5.edf""]"
PN00,PN00-1.edf,2040,2030,2040,1980,2040,True,True,False,True,0,2625,0,negative,,,0.0029596202400207373,1.01,E0_LR,20260922,True,nested,"[""PN00-2.edf"", ""PN00-4.edf"", ""PN00-5.edf""]"
PN00,PN00-1.edf,2045,2035,2045,1985,2045,True,True,False,True,0,2625,0,negative,,,0.0052143016113222551,1.01,E0_LR,20260922,True,nested,"[""PN00-2.edf"", ""PN00-4.edf"", ""PN00-5.edf""]"
PN00,PN00-1.edf,2050,2040,2050,1990,2050,True,True,False,True,0,2625,0,negative,,,0.041347444976338001,1.01,E0_LR,20260922,True,nested,"[""PN00-2.edf"", ""PN00-4.edf"", ""PN00-5.edf""]"
PN00,PN00-1.edf,2055,2045,2055,1995,2055,True,True,False,True,0,2625,0,negative,,,0.50049232924494091,1.01,E0_LR,20260922,True,nested,"[""PN00-2.edf"", ""PN00-4.edf"", ""PN00-5.edf""]"
PN00,PN00-1.edf,2060,2050,2060,2000,2060,True,True,False,True,0,2625,0,negative,,,0.0099993075136417756,1.01,E0_LR,20260922,True,nested,"[""PN00-2.edf"", ""PN00-4.edf"", ""PN00-5.edf""]"
PN00,PN00-1.edf,2065,2055,2065,2005,2065,True,True,False,True,0,2625,0,negative,,,0.0053339198430820472,1.01,E0_LR,20260922,True,nested,"[""PN00-2.edf"", ""PN00-4.edf"", ""PN00-5.edf""]"
PN00,PN00-1.edf,2070,2060,2070,2010,2070,True,True,False,True,0,2625,0,negative,,,0.0025346042439459496,1.01,E0_LR,20260922,True,nested,"[""PN00-2.edf"", ""PN00-4.edf"", ""PN00-5.edf""]"
PN00,PN00-1.edf,2075,2065,2075,2015,2075,True,True,False,True,0,2625,0,negative,,,0.0023482996510278548,1.01,E0_LR,20260922,True,nested,"[""PN00-2.edf"", ""PN00-4.edf"", ""PN00-5.edf""]"
PN00,PN00-1.edf,2080,2070,2080,2020,2080,True,True,False,True,0,2625,0,negative,,,3.0367795351391341e-05,1.01,E0_LR,20260922,True,nested,"[""PN00-2.edf"", ""PN00-4.edf"", ""PN00-5.edf""]"
PN00,PN00-1.edf,2085,2075,2085,2025,2085,True,True,False,True,0,2625,0,negative,,,4.1718865041655328e-05,1.01,E0_LR,20260922,True,nested,"[""PN00-2.edf"", ""PN00-4.edf"", ""PN00-5.edf""]"
PN00,PN00-1.edf,2090,2080,2090,2030,2090,True,True,False,True,0,2625,0,negative,,,0.0024927724927868442,1.01,E0_LR,20260922,True,nested,"[""PN00-2.edf"", ""PN00-4.edf"", ""PN00-5.edf""]"
PN00,PN00-1.edf,2095,2085,2095,2035,2095,True,True,False,True,0,2625,0,negative,,,0.0018093435517261953,1.01,E0_LR,20260922,True,nested,"[""PN00-2.edf"", ""PN00-4.edf"", ""PN00-5.edf""]"
PN00,PN00-1.edf,2100,2090,2100,2040,2100,True,True,False,True,0,2625,0,negative,,,0.0019512428114644279,1.01,E0_LR,20260922,True,nested,"[""PN00-2.edf"", ""PN00-4.edf"", ""PN00-5.edf""]"
PN00,PN00-1.edf,2105,2095,2105,2045,2105,True,True,False,True,0,2625,0,negative,,,0.01740570782749953,1.01,E0_LR,20260922,True,nested,"[""PN00-2.edf"", ""PN00-4.edf"", ""PN00-5.edf""]"
PN00,PN00-1.edf,2110,2100,2110,2050,2110,True,True,False,True,0,2625,0,negative,,,0.027333705925759316,1.01,E0_LR,20260922,True,nested,"[""PN00-2.edf"", ""PN00-4.edf"", ""PN00-5.edf""]"
PN00,PN00-1.edf,2115,2105,2115,2055,2115,True,True,False,True,0,2625,0,negative,,,0.0072015797239077918,1.01,E0_LR,20260922,True,nested,"[""PN00-2.edf"", ""PN00-4.edf"", ""PN00-5.edf""]"
PN00,PN00-1.edf,2120,2110,2120,2060,2120,True,True,False,True,0,2625,0,negative,,,0.0054716343150506318,1.01,E0_LR,20260922,True,nested,"[""PN00-2.edf"", ""PN00-4.edf"", ""PN00-5.edf""]"
PN00,PN00-1.edf,2125,2115,2125,2065,2125,True,True,False,True,0,2625,0,negative,,,0.0030921447146433608,1.01,E0_LR,20260922,True,nested,"[""PN00-2.edf"", ""PN00-4.edf"", ""PN00-5.edf""]"
PN00,PN00-1.edf,2130,2120,2130,2070,2130,True,True,False,True,0,2625,0,negative,,,0.0069545581971224421,1.01,E0_LR,20260922,True,nested,"[""PN00-2.edf"", ""PN00-4.edf"", ""PN00-5.edf""]"
PN00,PN00-1.edf,2135,2125,2135,2075,2135,True,True,False,True,0,2625,0,negative,,,0.0051832397721949114,1.01,E0_LR,20260922,True,nested,"[""PN00-2.edf"", ""PN00-4.edf"", ""PN00-5.edf""]"
PN00,PN00-1.edf,2140,2130,2140,2080,2140,True,True,False,True,0,2625,0,negative,,,0.0004459010864782226,1.01,E0_LR,20260922,True,nested,"[""PN00-2.edf"", ""PN00-4.edf"", ""PN00-5.edf""]"
PN00,PN00-1.edf,2145,2135,2145,2085,2145,True,True,False,True,0,2625,0,negative,,,0.020805749651163948,1.01,E0_LR,20260922,True,nested,"[""PN00-2.edf"", ""PN00-4.edf"", ""PN00-5.edf""]"
PN00,PN00-1.edf,2150,2140,2150,2090,2150,True,True,False,True,0,2625,0,negative,,,0.047039107812833499,1.01,E0_LR,20260922,True,nested,"[""PN00-2.edf"", ""PN00-4.edf"", ""PN00-5.edf""]"
PN00,PN00-1.edf,2155,2145,2155,2095,2155,True,True,False,True,0,2625,0,negative,,,0.095229342502970299,1.01,E0_LR,20260922,True,nested,"[""PN00-2.edf"", ""PN00-4.edf"", ""PN00-5.edf""]"
PN00,PN00-1.edf,2160,2150,2160,2100,2160,True,True,False,True,0,2625,0,negative,,,0.02365879244429088,1.01,E0_LR,20260922,True,nested,"[""PN00-2.edf"", ""PN00-4.edf"", ""PN00-5.edf""]"
PN00,PN00-1.edf,2165,2155,2165,2105,2165,True,True,False,True,0,2625,0,negative,,,0.003138630879455968,1.01,E0_LR,20260922,True,nested,"[""PN00-2.edf"", ""PN00-4.edf"", ""PN00-5.edf""]"
PN00,PN00-1.edf,2170,2160,2170,2110,2170,True,True,False,True,0,2625,0,negative,,,0.022602756468074473,1.01,E0_LR,20260922,True,nested,"[""PN00-2.edf"", ""PN00-4.edf"", ""PN00-5.edf""]"
PN00,PN00-1.edf,2175,2165,2175,2115,2175,True,True,False,True,0,2625,0,negative,,,0.0089282944678377388,1.01,E0_LR,20260922,True,nested,"[""PN00-2.edf"", ""PN00-4.edf"", ""PN00-5.edf""]"
PN00,PN00-1.edf,2180,2170,2180,2120,2180,True,True,False,True,0,2625,0,negative,,,0.0019961531358534774,1.01,E0_LR,20260922,True,nested,"[""PN00-2.edf"", ""PN00-4.edf"", ""PN00-5.edf""]"
PN00,PN00-1.edf,2185,2175,2185,2125,2185,True,True,False,True,0,2625,0,negative,,,8.074487554287511e-05,1.01,E0_LR,20260922,True,nested,"[""PN00-2.edf"", ""PN00-4.edf"", ""PN00-5.edf""]"
PN00,PN00-1.edf,2190,2180,2190,2130,2190,True,True,False,True,0,2625,0,negative,,,0.00022396653717576928,1.01,E0_LR,20260922,True,nested,"[""PN00-2.edf"", ""PN00-4.edf"", ""PN00-5.edf""]"
PN00,PN00-1.edf,2195,2185,2195,2135,2195,True,True,False,True,0,2625,0,negative,,,3.908701799810185e-05,1.01,E0_LR,20260922,True,nested,"[""PN00-2.edf"", ""PN00-4.edf"", ""PN00-5.edf""]"
PN00,PN00-1.edf,2200,2190,2200,2140,2200,True,True,False,True,0,2625,0,negative,,,0.00034642828477004698,1.01,E0_LR,20260922,True,nested,"[""PN00-2.edf"", ""PN00-4.edf"", ""PN00-5.edf""]"
PN00,PN00-1.edf,2205,2195,2205,2145,2205,True,True,False,True,0,2625,0,negative,,,0.004228359296555754,1.01,E0_LR,20260922,True,nested,"[""PN00-2.edf"", ""PN00-4.edf"", ""PN00-5.edf""]"
PN00,PN00-1.edf,2210,2200,2210,2150,2210,True,True,False,True,0,2625,0,negative,,,0.00021207296491528781,1.01,E0_LR,20260922,True,nested,"[""PN00-2.edf"", ""PN00-4.edf"", ""PN00-5.edf""]"
PN00,PN00-1.edf,2215,2205,2215,2155,2215,True,True,False,True,0,2625,0,negative,,,0.0020516838524090404,1.01,E0_LR,20260922,True,nested,"[""PN00-2.edf"", ""PN00-4.edf"", ""PN00-5.edf""]"
PN00,PN00-1.edf,2220,2210,2220,2160,2220,True,True,False,True,0,2625,0,negative,,,0.00061297937530877607,1.01,E0_LR,20260922,True,nested,"[""PN00-2.edf"", ""PN00-4.edf"", ""PN00-5.edf""]"
PN00,PN00-1.edf,2225,2215,2225,2165,2225,True,True,False,True,0,2625,0,negative,,,0.024190001761062063,1.01,E0_LR,20260922,True,nested,"[""PN00-2.edf"", ""PN00-4.edf"", ""PN00-5.edf""]"
PN00,PN00-1.edf,2230,2220,2230,2170,2230,True,True,False,True,0,2625,0,negative,,,0.005585379508550258,1.01,E0_LR,20260922,True,nested,"[""PN00-2.edf"", ""PN00-4.edf"", ""PN00-5.edf""]"
PN00,PN00-1.edf,2235,2225,2235,2175,2235,True,True,False,True,0,2625,0,negative,,,0.0023582910715454933,1.01,E0_LR,20260922,True,nested,"[""PN00-2.edf"", ""PN00-4.edf"", ""PN00-5.edf""]"
PN00,PN00-1.edf,2240,2230,2240,2180,2240,True,True,False,True,0,2625,0,negative,,,0.0034529796361492202,1.01,E0_LR,20260922,True,nested,"[""PN00-2.edf"", ""PN00-4.edf"", ""PN00-5.edf""]"
PN00,PN00-1.edf,2245,2235,2245,2185,2245,True,True,False,True,0,2625,0,negative,,,0.00078301187401314432,1.01,E0_LR,20260922,True,nested,"[""PN00-2.edf"", ""PN00-4.edf"", ""PN00-5.edf""]"
PN00,PN00-1.edf,2250,2240,2250,2190,2250,True,True,False,True,0,2625,0,negative,,,0.0019314241165586837,1.01,E0_LR,20260922,True,nested,"[""PN00-2.edf"", ""PN00-4.edf"", ""PN00-5.edf""]"
PN00,PN00-1.edf,2255,2245,2255,2195,2255,True,True,False,True,0,2625,0,negative,,,0.00099614692096701581,1.01,E0_LR,20260922,True,nested,"[""PN00-2.edf"", ""PN00-4.edf"", ""PN00-5.edf""]"
PN00,PN00-1.edf,2260,2250,2260,2200,2260,True,True,False,True,0,2625,0,negative,,,0.0047007473851228684,1.01,E0_LR,20260922,True,nested,"[""PN00-2.edf"", ""PN00-4.edf"", ""PN00-5.edf""]"
PN00,PN00-1.edf,2265,2255,2265,2205,2265,True,True,False,True,0,2625,0,negative,,,0.0018248720445928294,1.01,E0_LR,20260922,True,nested,"[""PN00-2.edf"", ""PN00-4.edf"", ""PN00-5.edf""]"
PN00,PN00-1.edf,2270,2260,2270,2210,2270,True,True,False,True,0,2625,0,negative,,,0.0012579782288663062,1.01,E0_LR,20260922,True,nested,"[""PN00-2.edf"", ""PN00-4.edf"", ""PN00-5.edf""]"
PN00,PN00-1.edf,2275,2265,2275,2215,2275,True,True,False,True,0,2625,0,negative,,,0.0011632520918674054,1.01,E0_LR,20260922,True,nested,"[""PN00-2.edf"", ""PN00-4.edf"", ""PN00-5.edf""]"
PN00,PN00-1.edf,2280,2270,2280,2220,2280,True,True,False,True,0,2625,0,negative,,,0.0026883820945057999,1.01,E0_LR,20260922,True,nested,"[""PN00-2.edf"", ""PN00-4.edf"", ""PN00-5.edf""]"
PN00,PN00-1.edf,2285,2275,2285,2225,2285,True,True,False,True,0,2625,0,negative,,,0.0010297400105735788,1.01,E0_LR,20260922,True,nested,"[""PN00-2.edf"", ""PN00-4.edf"", ""PN00-5.edf""]"
PN00,PN00-1.edf,2290,2280,2290,2230,2290,True,True,False,True,0,2625,0,negative,,,0.00055912613895404647,1.01,E0_LR,20260922,True,nested,"[""PN00-2.edf"", ""PN00-4.edf"", ""PN00-5.edf""]"
PN00,PN00-1.edf,2295,2285,2295,2235,2295,True,True,False,True,0,2625,0,negative,,,0.00024763357105267675,1.01,E0_LR,20260922,True,nested,"[""PN00-2.edf"", ""PN00-4.edf"", ""PN00-5.edf""]"
PN00,PN00-1.edf,2300,2290,2300,2240,2300,True,True,False,True,0,2625,0,negative,,,0.00013334679066738414,1.01,E0_LR,20260922,True,nested,"[""PN00-2.edf"", ""PN00-4.edf"", ""PN00-5.edf""]"
PN00,PN00-1.edf,2305,2295,2305,2245,2305,True,True,False,True,0,2625,0,negative,,,5.5509418822455009e-05,1.01,E0_LR,20260922,True,nested,"[""PN00-2.edf"", ""PN00-4.edf"", ""PN00-5.edf""]"
PN00,PN00-1.edf,2310,2300,2310,2250,2310,True,True,False,True,0,2625,0,negative,,,9.9394265923638311e-05,1.01,E0_LR,20260922,True,nested,"[""PN00-2.edf"", ""PN00-4.edf"", ""PN00-5.edf""]"
PN00,PN00-1.edf,2315,2305,2315,2255,2315,True,True,False,True,0,2625,0,negative,,,2.1438592365137303e-05,1.01,E0_LR,20260922,True,nested,"[""PN00-2.edf"", ""PN00-4.edf"", ""PN00-5.edf""]"
PN00,PN00-1.edf,2320,2310,2320,2260,2320,True,True,False,True,0,2625,0,negative,,,0.00027669468275479315,1.01,E0_LR,20260922,True,nested,"[""PN00-2.edf"", ""PN00-4.edf"", ""PN00-5.edf""]"
PN00,PN00-1.edf,2325,2315,2325,2265,2325,True,True,False,True,0,2625,0,negative,,,0.00032957864032476432,1.01,E0_LR,20260922,True,nested,"[""PN00-2.edf"", ""PN00-4.edf"", ""PN00-5.edf""]"
PN00,PN00-1.edf,2330,2320,2330,2270,2330,True,True,False,True,0,2625,0,negative,,,0.0016797024032047369,1.01,E0_LR,20260922,True,nested,"[""PN00-2.edf"", ""PN00-4.edf"", ""PN00-5.edf""]"
PN00,PN00-1.edf,2335,2325,2335,2275,2335,True,True,False,True,0,2625,0,negative,,,0.0014868969186608277,1.01,E0_LR,20260922,True,nested,"[""PN00-2.edf"", ""PN00-4.edf"", ""PN00-5.edf""]"
PN00,PN00-1.edf,2340,2330,2340,2280,2340,True,True,False,True,0,2625,0,negative,,,0.0081142427455461741,1.01,E0_LR,20260922,True,nested,"[""PN00-2.edf"", ""PN00-4.edf"", ""PN00-5.edf""]"
PN00,PN00-1.edf,2345,2335,2345,2285,2345,True,True,False,True,0,2625,0,negative,,,0.007307013349499676,1.01,E0_LR,20260922,True,nested,"[""PN00-2.edf"", ""PN00-4.edf"", ""PN00-5.edf""]"
PN00,PN00-1.edf,2350,2340,2350,2290,2350,True,True,False,True,0,2625,0,negative,,,0.038779173829063908,1.01,E0_LR,20260922,True,nested,"[""PN00-2.edf"", ""PN00-4.edf"", ""PN00-5.edf""]"
PN00,PN00-1.edf,2355,2345,2355,2295,2355,True,True,False,True,0,2625,0,negative,,,0.030630305875496224,1.01,E0_LR,20260922,True,nested,"[""PN00-2.edf"", ""PN00-4.edf"", ""PN00-5.edf""]"
PN00,PN00-1.edf,2360,2350,2360,2300,2360,True,True,False,True,0,2625,0,negative,,,0.0044207431384541453,1.01,E0_LR,20260922,True,nested,"[""PN00-2.edf"", ""PN00-4.edf"", ""PN00-5.edf""]"
PN00,PN00-1.edf,2365,2355,2365,2305,2365,True,True,False,True,0,2625,0,negative,,,0.0086372753435357483,1.01,E0_LR,20260922,True,nested,"[""PN00-2.edf"", ""PN00-4.edf"", ""PN00-5.edf""]"
PN00,PN00-1.edf,2370,2360,2370,2310,2370,True,True,False,True,0,2625,0,negative,,,0.0078129148340648977,1.01,E0_LR,20260922,True,nested,"[""PN00-2.edf"", ""PN00-4.edf"", ""PN00-5.edf""]"
PN00,PN00-1.edf,2375,2365,2375,2315,2375,True,True,False,True,0,2625,0,negative,,,0.011875319466061279,1.01,E0_LR,20260922,True,nested,"[""PN00-2.edf"", ""PN00-4.edf"", ""PN00-5.edf""]"
PN00,PN00-1.edf,2380,2370,2380,2320,2380,True,True,False,True,0,2625,0,negative,,,0.046592615038556114,1.01,E0_LR,20260922,True,nested,"[""PN00-2.edf"", ""PN00-4.edf"", ""PN00-5.edf""]"
PN00,PN00-1.edf,2385,2375,2385,2325,2385,True,True,False,True,0,2625,0,negative,,,0.00035396229319143541,1.01,E0_LR,20260922,True,nested,"[""PN00-2.edf"", ""PN00-4.edf"", ""PN00-5.edf""]"
PN00,PN00-1.edf,2390,2380,2390,2330,2390,True,True,False,True,0,2625,0,negative,,,0.00060720034811203585,1.01,E0_LR,20260922,True,nested,"[""PN00-2.edf"", ""PN00-4.edf"", ""PN00-5.edf""]"
PN00,PN00-1.edf,2395,2385,2395,2335,2395,True,True,False,True,0,2625,0,negative,,,0.67718728296184083,1.01,E0_LR,20260922,True,nested,"[""PN00-2.edf"", ""PN00-4.edf"", ""PN00-5.edf""]"
PN00,PN00-1.edf,2400,2390,2400,2340,2400,True,True,False,True,0,2625,0,negative,,,0.13151365905134393,1.01,E0_LR,20260922,True,nested,"[""PN00-2.edf"", ""PN00-4.edf"", ""PN00-5.edf""]"
PN00,PN00-1.edf,2405,2395,2405,2345,2405,True,True,False,True,0,2625,0,negative,,,0.01666211721060331,1.01,E0_LR,20260922,True,nested,"[""PN00-2.edf"", ""PN00-4.edf"", ""PN00-5.edf""]"
PN00,PN00-1.edf,2410,2400,2410,2350,2410,True,True,False,True,0,2625,0,negative,,,0.024505074091790272,1.01,E0_LR,20260922,True,nested,"[""PN00-2.edf"", ""PN00-4.edf"", ""PN00-5.edf""]"
PN00,PN00-1.edf,2415,2405,2415,2355,2415,True,True,False,True,0,2625,0,negative,,,0.01946995962489435,1.01,E0_LR,20260922,True,nested,"[""PN00-2.edf"", ""PN00-4.edf"", ""PN00-5.edf""]"
PN00,PN00-1.edf,2420,2410,2420,2360,2420,True,True,False,True,0,2625,0,negative,,,0.00098943866920273406,1.01,E0_LR,20260922,True,nested,"[""PN00-2.edf"", ""PN00-4.edf"", ""PN00-5.edf""]"
PN00,PN00-1.edf,2425,2415,2425,2365,2425,True,True,False,True,0,2625,0,negative,,,0.001990290273430438,1.01,E0_LR,20260922,True,nested,"[""PN00-2.edf"", ""PN00-4.edf"", ""PN00-5.edf""]"
PN00,PN00-1.edf,2430,2420,2430,2370,2430,True,True,False,True,0,2625,0,negative,,,0.00020375429897061519,1.01,E0_LR,20260922,True,nested,"[""PN00-2.edf"", ""PN00-4.edf"", ""PN00-5.edf""]"
PN00,PN00-1.edf,2435,2425,2435,2375,2435,True,True,False,True,0,2625,0,negative,,,0.00029529767270779607,1.01,E0_LR,20260922,True,nested,"[""PN00-2.edf"", ""PN00-4.edf"", ""PN00-5.edf""]"
PN00,PN00-1.edf,2440,2430,2440,2380,2440,True,True,False,True,0,2625,0,negative,,,0.00080161565167193602,1.01,E0_LR,20260922,True,nested,"[""PN00-2.edf"", ""PN00-4.edf"", ""PN00-5.edf""]"
PN00,PN00-1.edf,2445,2435,2445,2385,2445,True,True,False,True,0,2625,0,negative,,,0.0060653075647378899,1.01,E0_LR,20260922,True,nested,"[""PN00-2.edf"", ""PN00-4.edf"", ""PN00-5.edf""]"
PN00,PN00-1.edf,2450,2440,2450,2390,2450,True,True,False,True,0,2625,0,negative,,,0.0020794434682793843,1.01,E0_LR,20260922,True,nested,"[""PN00-2.edf"", ""PN00-4.edf"", ""PN00-5.edf""]"
PN00,PN00-1.edf,2455,2445,2455,2395,2455,True,True,False,True,0,2625,0,negative,,,0.00078903563553096542,1.01,E0_LR,20260922,True,nested,"[""PN00-2.edf"", ""PN00-4.edf"", ""PN00-5.edf""]"
PN00,PN00-1.edf,2460,2450,2460,2400,2460,True,True,False,True,0,2625,0,negative,,,0.0017140559749454498,1.01,E0_LR,20260922,True,nested,"[""PN00-2.edf"", ""PN00-4.edf"", ""PN00-5.edf""]"
PN00,PN00-1.edf,2465,2455,2465,2405,2465,True,True,False,True,0,2625,0,negative,,,0.00064250044475496631,1.01,E0_LR,20260922,True,nested,"[""PN00-2.edf"", ""PN00-4.edf"", ""PN00-5.edf""]"
PN00,PN00-1.edf,2470,2460,2470,2410,2470,True,True,False,True,0,2625,0,negative,,,0.00036020613179925479,1.01,E0_LR,20260922,True,nested,"[""PN00-2.edf"", ""PN00-4.edf"", ""PN00-5.edf""]"
PN00,PN00-1.edf,2475,2465,2475,2415,2475,True,True,False,True,0,2625,0,negative,,,0.00092143380057707711,1.01,E0_LR,20260922,True,nested,"[""PN00-2.edf"", ""PN00-4.edf"", ""PN00-5.edf""]"
PN00,PN00-1.edf,2480,2470,2480,2420,2480,True,True,False,True,0,2625,0,negative,,,0.00091357529240728677,1.01,E0_LR,20260922,True,nested,"[""PN00-2.edf"", ""PN00-4.edf"", ""PN00-5.edf""]"
PN00,PN00-1.edf,2485,2475,2485,2425,2485,True,True,False,True,0,2625,0,negative,,,0.0010404492671711261,1.01,E0_LR,20260922,True,nested,"[""PN00-2.edf"", ""PN00-4.edf"", ""PN00-5.edf""]"
PN00,PN00-1.edf,2490,2480,2490,2430,2490,True,True,False,True,0,2625,0,negative,,,0.00020408150678287819,1.01,E0_LR,20260922,True,nested,"[""PN00-2.edf"", ""PN00-4.edf"", ""PN00-5.edf""]"
PN00,PN00-1.edf,2495,2485,2495,2435,2495,True,True,False,True,0,2625,0,negative,,,0.010311967913066751,1.01,E0_LR,20260922,True,nested,"[""PN00-2.edf"", ""PN00-4.edf"", ""PN00-5.edf""]"
PN00,PN00-1.edf,2500,2490,2500,2440,2500,True,True,False,True,0,2625,0,negative,,,0.0048276382881430142,1.01,E0_LR,20260922,True,nested,"[""PN00-2.edf"", ""PN00-4.edf"", ""PN00-5.edf""]"
PN00,PN00-1.edf,2505,2495,2505,2445,2505,True,True,False,True,0,2625,0,negative,,,0.00024957619914341318,1.01,E0_LR,20260922,True,nested,"[""PN00-2.edf"", ""PN00-4.edf"", ""PN00-5.edf""]"
PN00,PN00-1.edf,2510,2500,2510,2450,2510,True,True,False,True,0,2625,0,negative,,,0.0013442427354535497,1.01,E0_LR,20260922,True,nested,"[""PN00-2.edf"", ""PN00-4.edf"", ""PN00-5.edf""]"
PN00,PN00-1.edf,2515,2505,2515,2455,2515,True,True,False,True,0,2625,0,negative,,,0.16188558650424645,1.01,E0_LR,20260922,True,nested,"[""PN00-2.edf"", ""PN00-4.edf"", ""PN00-5.edf""]"
PN00,PN00-1.edf,2520,2510,2520,2460,2520,True,True,False,True,0,2625,0,negative,,,0.097351558864780224,1.01,E0_LR,20260922,True,nested,"[""PN00-2.edf"", ""PN00-4.edf"", ""PN00-5.edf""]"
PN00,PN00-1.edf,2525,2515,2525,2465,2525,True,True,False,True,0,2625,0,negative,,,0.030686962891109386,1.01,E0_LR,20260922,True,nested,"[""PN00-2.edf"", ""PN00-4.edf"", ""PN00-5.edf""]"
PN00,PN00-1.edf,2530,2520,2530,2470,2530,True,True,False,True,0,2625,0,negative,,,0.010266946909927533,1.01,E0_LR,20260922,True,nested,"[""PN00-2.edf"", ""PN00-4.edf"", ""PN00-5.edf""]"
PN00,PN00-1.edf,2535,2525,2535,2475,2535,True,True,False,True,0,2625,0,negative,,,0.0045085758605390167,1.01,E0_LR,20260922,True,nested,"[""PN00-2.edf"", ""PN00-4.edf"", ""PN00-5.edf""]"
PN00,PN00-1.edf,2540,2530,2540,2480,2540,True,True,False,True,0,2625,0,negative,,,0.00098056348010103884,1.01,E0_LR,20260922,True,nested,"[""PN00-2.edf"", ""PN00-4.edf"", ""PN00-5.edf""]"
PN00,PN00-1.edf,2545,2535,2545,2485,2545,True,True,False,True,0,2625,0,negative,,,0.0015255057492691161,1.01,E0_LR,20260922,True,nested,"[""PN00-2.edf"", ""PN00-4.edf"", ""PN00-5.edf""]"
PN00,PN00-1.edf,2550,2540,2550,2490,2550,True,True,False,True,0,2625,0,negative,,,0.0095219956479648121,1.01,E0_LR,20260922,True,nested,"[""PN00-2.edf"", ""PN00-4.edf"", ""PN00-5.edf""]"
PN00,PN00-1.edf,2555,2545,2555,2495,2555,True,True,False,True,0,2625,0,negative,,,0.0009089068361480022,1.01,E0_LR,20260922,True,nested,"[""PN00-2.edf"", ""PN00-4.edf"", ""PN00-5.edf""]"
PN00,PN00-1.edf,2560,2550,2560,2500,2560,True,True,False,True,0,2625,0,negative,,,0.0013582153616345997,1.01,E0_LR,20260922,True,nested,"[""PN00-2.edf"", ""PN00-4.edf"", ""PN00-5.edf""]"
PN00,PN00-1.edf,2565,2555,2565,2505,2565,True,True,False,True,0,2625,0,negative,,,0.00066658138466907195,1.01,E0_LR,20260922,True,nested,"[""PN00-2.edf"", ""PN00-4.edf"", ""PN00-5.edf""]"
PN00,PN00-1.edf,2570,2560,2570,2510,2570,True,True,False,True,0,2625,0,negative,,,0.0011625406431372601,1.01,E0_LR,20260922,True,nested,"[""PN00-2.edf"", ""PN00-4.edf"", ""PN00-5.edf""]"
PN00,PN00-1.edf,2575,2565,2575,2515,2575,True,True,False,True,0,2625,0,negative,,,0.0098003717746560116,1.01,E0_LR,20260922,True,nested,"[""PN00-2.edf"", ""PN00-4.edf"", ""PN00-5.edf""]"
PN00,PN00-1.edf,2580,2570,2580,2520,2580,True,True,False,True,0,2625,0,negative,,,0.00063773467939016396,1.01,E0_LR,20260922,True,nested,"[""PN00-2.edf"", ""PN00-4.edf"", ""PN00-5.edf""]"
PN00,PN00-1.edf,2585,2575,2585,2525,2585,True,True,False,True,0,2625,0,negative,,,0.00033265205421482611,1.01,E0_LR,20260922,True,nested,"[""PN00-2.edf"", ""PN00-4.edf"", ""PN00-5.edf""]"
PN00,PN00-1.edf,2590,2580,2590,2530,2590,True,True,False,True,0,2625,0,negative,,,0.00031482086367971027,1.01,E0_LR,20260922,True,nested,"[""PN00-2.edf"", ""PN00-4.edf"", ""PN00-5.edf""]"
PN00,PN00-1.edf,2595,2585,2595,2535,2595,True,True,False,True,0,2625,0,negative,,,3.2165451045180595e-06,1.01,E0_LR,20260922,True,nested,"[""PN00-2.edf"", ""PN00-4.edf"", ""PN00-5.edf""]"
PN00,PN00-1.edf,2600,2590,2600,2540,2600,True,True,False,True,0,2625,0,negative,,,8.3306434896808187e-05,1.01,E0_LR,20260922,True,nested,"[""PN00-2.edf"", ""PN00-4.edf"", ""PN00-5.edf""]"
PN00,PN00-1.edf,2605,2595,2605,2545,2605,True,True,False,True,0,2625,0,negative,,,0.00027830413677840446,1.01,E0_LR,20260922,True,nested,"[""PN00-2.edf"", ""PN00-4.edf"", ""PN00-5.edf""]"
PN00,PN00-1.edf,2610,2600,2610,2550,2610,True,True,False,True,0,2625,0,negative,,,0.00014095306473484753,1.01,E0_LR,20260922,True,nested,"[""PN00-2.edf"", ""PN00-4.edf"", ""PN00-5.edf""]"
PN00,PN00-1.edf,2615,2605,2615,2555,2615,True,True,False,True,0,2625,0,negative,,,0.00064595272182668803,1.01,E0_LR,20260922,True,nested,"[""PN00-2.edf"", ""PN00-4.edf"", ""PN00-5.edf""]"
PN00,PN00-1.edf,2620,2610,2620,2560,2620,True,True,False,True,0,2625,0,negative,,,0.00015923992935600061,1.01,E0_LR,20260922,True,nested,"[""PN00-2.edf"", ""PN00-4.edf"", ""PN00-5.edf""]"
PN00,PN00-2.edf,10,0,10,,10,True,False,False,True,0,2302,0,negative,,,0.25009970818735455,1.01,E0_LR,20260922,True,nested,"[""PN00-1.edf"", ""PN00-4.edf"", ""PN00-5.edf""]"
PN00,PN00-2.edf,15,5,15,,15,True,False,False,True,0,2302,0,negative,,,0.053652983084328747,1.01,E0_LR,20260922,True,nested,"[""PN00-1.edf"", ""PN00-4.edf"", ""PN00-5.edf""]"
PN00,PN00-2.edf,20,10,20,,20,True,False,False,True,0,2302,0,negative,,,0.2540738060571926,1.01,E0_LR,20260922,True,nested,"[""PN00-1.edf"", ""PN00-4.edf"", ""PN00-5.edf""]"
PN00,PN00-2.edf,25,15,25,,25,True,False,False,True,0,2302,0,negative,,,0.066131079404212145,1.01,E0_LR,20260922,True,nested,"[""PN00-1.edf"", ""PN00-4.edf"", ""PN00-5.edf""]"
PN00,PN00-2.edf,30,20,30,,30,True,False,False,True,0,2302,0,negative,,,0.14235250037906749,1.01,E0_LR,20260922,True,nested,"[""PN00-1.edf"", ""PN00-4.edf"", ""PN00-5.edf""]"
PN00,PN00-2.edf,35,25,35,,35,True,False,False,True,0,2302,0,negative,,,0.07093274934589934,1.01,E0_LR,20260922,True,nested,"[""PN00-1.edf"", ""PN00-4.edf"", ""PN00-5.edf""]"
PN00,PN00-2.edf,40,30,40,,40,True,False,False,True,0,2302,0,negative,,,0.7476486180995513,1.01,E0_LR,20260922,True,nested,"[""PN00-1.edf"", ""PN00-4.edf"", ""PN00-5.edf""]"
PN00,PN00-2.edf,45,35,45,,45,True,False,False,True,0,2302,0,negative,,,3.5988752054954155e-05,1.01,E0_LR,20260922,True,nested,"[""PN00-1.edf"", ""PN00-4.edf"", ""PN00-5.edf""]"
PN00,PN00-2.edf,50,40,50,,50,True,False,False,True,0,2302,0,negative,,,0.023500172407362411,1.01,E0_LR,20260922,True,nested,"[""PN00-1.edf"", ""PN00-4.edf"", ""PN00-5.edf""]"
PN00,PN00-2.edf,55,45,55,,55,True,False,False,True,0,2302,0,negative,,,0.0043757989351295452,1.01,E0_LR,20260922,True,nested,"[""PN00-1.edf"", ""PN00-4.edf"", ""PN00-5.edf""]"
PN00,PN00-2.edf,60,50,60,0,60,True,True,False,True,0,2302,0,negative,,,0.33678644139236752,1.01,E0_LR,20260922,True,nested,"[""PN00-1.edf"", ""PN00-4.edf"", ""PN00-5.edf""]"
PN00,PN00-2.edf,65,55,65,5,65,True,True,False,True,0,2302,0,negative,,,0.20327288702459395,1.01,E0_LR,20260922,True,nested,"[""PN00-1.edf"", ""PN00-4.edf"", ""PN00-5.edf""]"
PN00,PN00-2.edf,70,60,70,10,70,True,True,False,True,0,2302,0,negative,,,0.99522746069575674,1.01,E0_LR,20260922,True,nested,"[""PN00-1.edf"", ""PN00-4.edf"", ""PN00-5.edf""]"
PN00,PN00-2.edf,75,65,75,15,75,True,True,False,True,0,2302,0,negative,,,0.96294770825478448,1.01,E0_LR,20260922,True,nested,"[""PN00-1.edf"", ""PN00-4.edf"", ""PN00-5.edf""]"
PN00,PN00-2.edf,80,70,80,20,80,True,True,False,True,0,2302,0,negative,,,0.86880034839420095,1.01,E0_LR,20260922,True,nested,"[""PN00-1.edf"", ""PN00-4.edf"", ""PN00-5.edf""]"
PN00,PN00-2.edf,85,75,85,25,85,True,True,False,True,0,2302,0,negative,,,7.402686524388668e-06,1.01,E0_LR,20260922,True,nested,"[""PN00-1.edf"", ""PN00-4.edf"", ""PN00-5.edf""]"
PN00,PN00-2.edf,90,80,90,30,90,True,True,False,True,0,2302,0,negative,,,0.00024789772015826615,1.01,E0_LR,20260922,True,nested,"[""PN00-1.edf"", ""PN00-4.edf"", ""PN00-5.edf""]"
PN00,PN00-2.edf,95,85,95,35,95,True,True,False,True,0,2302,0,negative,,,0.99940488717507503,1.01,E0_LR,20260922,True,nested,"[""PN00-1.edf"", ""PN00-4.edf"", ""PN00-5.edf""]"
PN00,PN00-2.edf,100,90,100,40,100,True,True,False,True,0,2302,0,negative,,,0.0063404387207659039,1.01,E0_LR,20260922,True,nested,"[""PN00-1.edf"", ""PN00-4.edf"", ""PN00-5.edf""]"
PN00,PN00-2.edf,105,95,105,45,105,True,True,False,True,0,2302,0,negative,,,8.4576453323389838e-05,1.01,E0_LR,20260922,True,nested,"[""PN00-1.edf"", ""PN00-4.edf"", ""PN00-5.edf""]"
PN00,PN00-2.edf,110,100,110,50,110,True,True,False,True,0,2302,0,negative,,,1.1343017823891134e-05,1.01,E0_LR,20260922,True,nested,"[""PN00-1.edf"", ""PN00-4.edf"", ""PN00-5.edf""]"
PN00,PN00-2.edf,115,105,115,55,115,True,True,False,True,0,2302,0,negative,,,9.9875271465678683e-06,1.01,E0_LR,20260922,True,nested,"[""PN00-1.edf"", ""PN00-4.edf"", ""PN00-5.edf""]"
PN00,PN00-2.edf,120,110,120,60,120,True,True,False,True,0,2302,0,negative,,,2.1004875536599624e-06,1.01,E0_LR,20260922,True,nested,"[""PN00-1.edf"", ""PN00-4.edf"", ""PN00-5.edf""]"
PN00,PN00-2.edf,125,115,125,65,125,True,True,False,True,0,2302,0,negative,,,2.1993401097765478e-08,1.01,E0_LR,20260922,True,nested,"[""PN00-1.edf"", ""PN00-4.edf"", ""PN00-5.edf""]"
PN00,PN00-2.edf,130,120,130,70,130,True,True,False,True,0,2302,0,negative,,,1.1846326478775526e-07,1.01,E0_LR,20260922,True,nested,"[""PN00-1.edf"", ""PN00-4.edf"", ""PN00-5.edf""]"
PN00,PN00-2.edf,135,125,135,75,135,True,True,False,True,0,2302,0,negative,,,2.0368080206918939e-07,1.01,E0_LR,20260922,True,nested,"[""PN00-1.edf"", ""PN00-4.edf"", ""PN00-5.edf""]"
PN00,PN00-2.edf,140,130,140,80,140,True,True,False,True,0,2302,0,negative,,,6.4473492161694138e-08,1.01,E0_LR,20260922,True,nested,"[""PN00-1.edf"", ""PN00-4.edf"", ""PN00-5.edf""]"
PN00,PN00-2.edf,145,135,145,85,145,True,True,False,True,0,2302,0,negative,,,1.0123645413348477e-05,1.01,E0_LR,20260922,True,nested,"[""PN00-1.edf"", ""PN00-4.edf"", ""PN00-5.edf""]"
PN00,PN00-2.edf,150,140,150,90,150,True,True,False,True,0,2302,0,negative,,,5.143902372750293e-06,1.01,E0_LR,20260922,True,nested,"[""PN00-1.edf"", ""PN00-4.edf"", ""PN00-5.edf""]"
PN00,PN00-2.edf,155,145,155,95,155,True,True,False,True,0,2302,0,negative,,,3.6058518494235393e-07,1.01,E0_LR,20260922,True,nested,"[""PN00-1.edf"", ""PN00-4.edf"", ""PN00-5.edf""]"
PN00,PN00-2.edf,160,150,160,100,160,True,True,False,True,0,2302,0,negative,,,1.9979271470027591e-06,1.01,E0_LR,20260922,True,nested,"[""PN00-1.edf"", ""PN00-4.edf"", ""PN00-5.edf""]"
PN00,PN00-2.edf,165,155,165,105,165,True,True,False,True,0,2302,0,negative,,,5.3344748090166068e-06,1.01,E0_LR,20260922,True,nested,"[""PN00-1.edf"", ""PN00-4.edf"", ""PN00-5.edf""]"
PN00,PN00-2.edf,170,160,170,110,170,True,True,False,True,0,2302,0,negative,,,1.8262168375416972e-08,1.01,E0_LR,20260922,True,nested,"[""PN00-1.edf"", ""PN00-4.edf"", ""PN00-5.edf""]"
PN00,PN00-2.edf,175,165,175,115,175,True,True,False,True,0,2302,0,negative,,,2.2976323739925549e-07,1.01,E0_LR,20260922,True,nested,"[""PN00-1.edf"", ""PN00-4.edf"", ""PN00-5.edf""]"
PN00,PN00-2.edf,180,170,180,120,180,True,True,False,True,0,2302,0,negative,,,3.0270737734484602e-07,1.01,E0_LR,20260922,True,nested,"[""PN00-1.edf"", ""PN00-4.edf"", ""PN00-5.edf""]"
PN00,PN00-2.edf,185,175,185,125,185,True,True,False,True,0,2302,0,negative,,,1.3323773267297739e-07,1.01,E0_LR,20260922,True,nested,"[""PN00-1.edf"", ""PN00-4.edf"", ""PN00-5.edf""]"
PN00,PN00-2.edf,190,180,190,130,190,True,True,False,True,0,2302,0,negative,,,5.3471478585793822e-06,1.01,E0_LR,20260922,True,nested,"[""PN00-1.edf"", ""PN00-4.edf"", ""PN00-5.edf""]"
PN00,PN00-2.edf,195,185,195,135,195,True,True,False,True,0,2302,0,negative,,,2.810921548383089e-08,1.01,E0_LR,20260922,True,nested,"[""PN00-1.edf"", ""PN00-4.edf"", ""PN00-5.edf""]"
PN00,PN00-2.edf,200,190,200,140,200,True,True,False,True,0,2302,0,negative,,,5.7032414108643852e-07,1.01,E0_LR,20260922,True,nested,"[""PN00-1.edf"", ""PN00-4.edf"", ""PN00-5.edf""]"
PN00,PN00-2.edf,205,195,205,145,205,True,True,False,True,0,2302,0,negative,,,1.3987773566732357e-07,1.01,E0_LR,20260922,True,nested,"[""PN00-1.edf"", ""PN00-4.edf"", ""PN00-5.edf""]"
PN00,PN00-2.edf,210,200,210,150,210,True,True,False,True,0,2302,0,negative,,,0.00016054669303611761,1.01,E0_LR,20260922,True,nested,"[""PN00-1.edf"", ""PN00-4.edf"", ""PN00-5.edf""]"
PN00,PN00-2.edf,215,205,215,155,215,True,True,False,True,0,2302,0,negative,,,4.7948755249085679e-05,1.01,E0_LR,20260922,True,nested,"[""PN00-1.edf"", ""PN00-4.edf"", ""PN00-5.edf""]"
PN00,PN00-2.edf,220,210,220,160,220,True,True,False,True,0,2302,0,negative,,,0.00011806407136449434,1.01,E0_LR,20260922,True,nested,"[""PN00-1.edf"", ""PN00-4.edf"", ""PN00-5.edf""]"
PN00,PN00-2.edf,225,215,225,165,225,True,True,False,True,0,2302,0,negative,,,0.00064015863174765868,1.01,E0_LR,20260922,True,nested,"[""PN00-1.edf"", ""PN00-4.edf"", ""PN00-5.edf""]"
PN00,PN00-2.edf,230,220,230,170,230,True,True,False,True,0,2302,0,negative,,,8.8037016163014057e-06,1.01,E0_LR,20260922,True,nested,"[""PN00-1.edf"", ""PN00-4.edf"", ""PN00-5.edf""]"
PN00,PN00-2.edf,235,225,235,175,235,True,True,False,True,0,2302,0,negative,,,0.0010952512982451363,1.01,E0_LR,20260922,True,nested,"[""PN00-1.edf"", ""PN00-4.edf"", ""PN00-5.edf""]"
PN00,PN00-2.edf,240,230,240,180,240,True,True,False,True,0,2302,0,negative,,,0.0078596238178337031,1.01,E0_LR,20260922,True,nested,"[""PN00-1.edf"", ""PN00-4.edf"", ""PN00-5.edf""]"
PN00,PN00-2.edf,245,235,245,185,245,True,True,False,True,0,2302,0,negative,,,4.3444185414855107e-05,1.01,E0_LR,20260922,True,nested,"[""PN00-1.edf"", ""PN00-4.edf"", ""PN00-5.edf""]"
PN00,PN00-2.edf,250,240,250,190,250,True,True,False,True,0,2302,0,negative,,,0.013381724135421439,1.01,E0_LR,20260922,True,nested,"[""PN00-1.edf"", ""PN00-4.edf"", ""PN00-5.edf""]"
PN00,PN00-2.edf,255,245,255,195,255,True,True,False,True,0,2302,0,negative,,,0.0046330914070647012,1.01,E0_LR,20260922,True,nested,"[""PN00-1.edf"", ""PN00-4.edf"", ""PN00-5.edf""]"
PN00,PN00-2.edf,260,250,260,200,260,True,True,False,True,0,2302,0,negative,,,0.001796247757837529,1.01,E0_LR,20260922,True,nested,"[""PN00-1.edf"", ""PN00-4.edf"", ""PN00-5.edf""]"
PN00,PN00-2.edf,265,255,265,205,265,True,True,False,True,0,2302,0,negative,,,0.0049270064403433185,1.01,E0_LR,20260922,True,nested,"[""PN00-1.edf"", ""PN00-4.edf"", ""PN00-5.edf""]"
PN00,PN00-2.edf,270,260,270,210,270,True,True,False,True,0,2302,0,negative,,,0.00093291589772124281,1.01,E0_LR,20260922,True,nested,"[""PN00-1.edf"", ""PN00-4.edf"", ""PN00-5.edf""]"
PN00,PN00-2.edf,275,265,275,215,275,True,True,False,True,0,2302,0,negative,,,0.007466691822545982,1.01,E0_LR,20260922,True,nested,"[""PN00-1.edf"", ""PN00-4.edf"", ""PN00-5.edf""]"
PN00,PN00-2.edf,280,270,280,220,280,True,True,False,True,0,2302,0,negative,,,0.053526249872684943,1.01,E0_LR,20260922,True,nested,"[""PN00-1.edf"", ""PN00-4.edf"", ""PN00-5.edf""]"
PN00,PN00-2.edf,285,275,285,225,285,True,True,False,True,0,2302,0,negative,,,0.00017135532749721236,1.01,E0_LR,20260922,True,nested,"[""PN00-1.edf"", ""PN00-4.edf"", ""PN00-5.edf""]"
PN00,PN00-2.edf,290,280,290,230,290,True,True,False,True,0,2302,0,negative,,,0.0013055564229552338,1.01,E0_LR,20260922,True,nested,"[""PN00-1.edf"", ""PN00-4.edf"", ""PN00-5.edf""]"
PN00,PN00-2.edf,295,285,295,235,295,True,True,False,True,0,2302,0,negative,,,0.28898343990168707,1.01,E0_LR,20260922,True,nested,"[""PN00-1.edf"", ""PN00-4.edf"", ""PN00-5.edf""]"
PN00,PN00-2.edf,300,290,300,240,300,True,True,False,True,0,2302,0,negative,,,0.014156032257129955,1.01,E0_LR,20260922,True,nested,"[""PN00-1.edf"", ""PN00-4.edf"", ""PN00-5.edf""]"
PN00,PN00-2.edf,305,295,305,245,305,True,True,False,True,0,2302,0,negative,,,0.00023971423056714939,1.01,E0_LR,20260922,True,nested,"[""PN00-1.edf"", ""PN00-4.edf"", ""PN00-5.edf""]"
PN00,PN00-2.edf,310,300,310,250,310,True,True,False,True,0,2302,0,negative,,,0.0018493554133952473,1.01,E0_LR,20260922,True,nested,"[""PN00-1.edf"", ""PN00-4.edf"", ""PN00-5.edf""]"
PN00,PN00-2.edf,315,305,315,255,315,True,True,False,True,0,2302,0,negative,,,0.0010037989980202636,1.01,E0_LR,20260922,True,nested,"[""PN00-1.edf"", ""PN00-4.edf"", ""PN00-5.edf""]"
PN00,PN00-2.edf,320,310,320,260,320,True,True,False,True,0,2302,0,negative,,,0.0039673447645692233,1.01,E0_LR,20260922,True,nested,"[""PN00-1.edf"", ""PN00-4.edf"", ""PN00-5.edf""]"
PN00,PN00-2.edf,325,315,325,265,325,True,True,False,True,0,2302,0,negative,,,9.1433635570932137e-05,1.01,E0_LR,20260922,True,nested,"[""PN00-1.edf"", ""PN00-4.edf"", ""PN00-5.edf""]"
PN00,PN00-2.edf,330,320,330,270,330,True,True,False,True,0,2302,0,negative,,,0.0010752192771190004,1.01,E0_LR,20260922,True,nested,"[""PN00-1.edf"", ""PN00-4.edf"", ""PN00-5.edf""]"
PN00,PN00-2.edf,335,325,335,275,335,True,True,False,True,0,2302,0,negative,,,0.004925501128756395,1.01,E0_LR,20260922,True,nested,"[""PN00-1.edf"", ""PN00-4.edf"", ""PN00-5.edf""]"
PN00,PN00-2.edf,340,330,340,280,340,True,True,False,True,0,2302,0,negative,,,0.018584774038240191,1.01,E0_LR,20260922,True,nested,"[""PN00-1.edf"", ""PN00-4.edf"", ""PN00-5.edf""]"
PN00,PN00-2.edf,345,335,345,285,345,True,True,False,True,0,2302,0,negative,,,0.0024828506264971996,1.01,E0_LR,20260922,True,nested,"[""PN00-1.edf"", ""PN00-4.edf"", ""PN00-5.edf""]"
PN00,PN00-2.edf,350,340,350,290,350,True,True,False,True,0,2302,0,negative,,,0.059542374846005448,1.01,E0_LR,20260922,True,nested,"[""PN00-1.edf"", ""PN00-4.edf"", ""PN00-5.edf""]"
PN00,PN00-2.edf,355,345,355,295,355,True,True,False,True,0,2302,0,negative,,,0.0017501968021035878,1.01,E0_LR,20260922,True,nested,"[""PN00-1.edf"", ""PN00-4.edf"", ""PN00-5.edf""]"
PN00,PN00-2.edf,360,350,360,300,360,True,True,False,True,0,2302,0,negative,,,0.0053011735175237974,1.01,E0_LR,20260922,True,nested,"[""PN00-1.edf"", ""PN00-4.edf"", ""PN00-5.edf""]"
PN00,PN00-2.edf,365,355,365,305,365,True,True,False,True,0,2302,0,negative,,,0.010217767327409217,1.01,E0_LR,20260922,True,nested,"[""PN00-1.edf"", ""PN00-4.edf"", ""PN00-5.edf""]"
PN00,PN00-2.edf,370,360,370,310,370,True,True,False,True,0,2302,0,negative,,,0.26050512094463385,1.01,E0_LR,20260922,True,nested,"[""PN00-1.edf"", ""PN00-4.edf"", ""PN00-5.edf""]"
PN00,PN00-2.edf,375,365,375,315,375,True,True,False,True,0,2302,0,negative,,,0.32298460204965063,1.01,E0_LR,20260922,True,nested,"[""PN00-1.edf"", ""PN00-4.edf"", ""PN00-5.edf""]"
PN00,PN00-2.edf,380,370,380,320,380,True,True,False,True,0,2302,0,negative,,,0.2306089706105198,1.01,E0_LR,20260922,True,nested,"[""PN00-1.edf"", ""PN00-4.edf"", ""PN00-5.edf""]"
PN00,PN00-2.edf,385,375,385,325,385,True,True,False,True,0,2302,0,negative,,,0.023530278972404506,1.01,E0_LR,20260922,True,nested,"[""PN00-1.edf"", ""PN00-4.edf"", ""PN00-5.edf""]"
PN00,PN00-2.edf,390,380,390,330,390,True,True,False,True,0,2302,0,negative,,,0.0014587630235721573,1.01,E0_LR,20260922,True,nested,"[""PN00-1.edf"", ""PN00-4.edf"", ""PN00-5.edf""]"
PN00,PN00-2.edf,395,385,395,335,395,True,True,False,True,0,2302,0,negative,,,2.9266124436518626e-05,1.01,E0_LR,20260922,True,nested,"[""PN00-1.edf"", ""PN00-4.edf"", ""PN00-5.edf""]"
PN00,PN00-2.edf,400,390,400,340,400,True,True,False,True,0,2302,0,negative,,,0.029975109314358348,1.01,E0_LR,20260922,True,nested,"[""PN00-1.edf"", ""PN00-4.edf"", ""PN00-5.edf""]"
PN00,PN00-2.edf,405,395,405,345,405,True,True,False,True,0,2302,0,negative,,,0.50700635438768704,1.01,E0_LR,20260922,True,nested,"[""PN00-1.edf"", ""PN00-4.edf"", ""PN00-5.edf""]"
PN00,PN00-2.edf,410,400,410,350,410,True,True,False,True,0,2302,0,negative,,,0.036809152456043694,1.01,E0_LR,20260922,True,nested,"[""PN00-1.edf"", ""PN00-4.edf"", ""PN00-5.edf""]"
PN00,PN00-2.edf,415,405,415,355,415,True,True,False,True,0,2302,0,negative,,,0.024843677931401534,1.01,E0_LR,20260922,True,nested,"[""PN00-1.edf"", ""PN00-4.edf"", ""PN00-5.edf""]"
PN00,PN00-2.edf,420,410,420,360,420,True,True,False,True,0,2302,0,negative,,,0.20767136249644216,1.01,E0_LR,20260922,True,nested,"[""PN00-1.edf"", ""PN00-4.edf"", ""PN00-5.edf""]"
PN00,PN00-2.edf,425,415,425,365,425,True,True,False,True,0,2302,0,negative,,,0.0060160127665824965,1.01,E0_LR,20260922,True,nested,"[""PN00-1.edf"", ""PN00-4.edf"", ""PN00-5.edf""]"
PN00,PN00-2.edf,430,420,430,370,430,True,True,False,True,0,2302,0,negative,,,0.00036712874800637585,1.01,E0_LR,20260922,True,nested,"[""PN00-1.edf"", ""PN00-4.edf"", ""PN00-5.edf""]"
PN00,PN00-2.edf,435,425,435,375,435,True,True,False,True,0,2302,0,negative,,,0.00074459082209761291,1.01,E0_LR,20260922,True,nested,"[""PN00-1.edf"", ""PN00-4.edf"", ""PN00-5.edf""]"
PN00,PN00-2.edf,440,430,440,380,440,True,True,False,True,0,2302,0,negative,,,0.0062386129061336856,1.01,E0_LR,20260922,True,nested,"[""PN00-1.edf"", ""PN00-4.edf"", ""PN00-5.edf""]"
PN00,PN00-2.edf,445,435,445,385,445,True,True,False,True,0,2302,0,negative,,,0.00011731755655076328,1.01,E0_LR,20260922,True,nested,"[""PN00-1.edf"", ""PN00-4.edf"", ""PN00-5.edf""]"
PN00,PN00-2.edf,450,440,450,390,450,True,True,False,True,0,2302,0,negative,,,0.019275863350880777,1.01,E0_LR,20260922,True,nested,"[""PN00-1.edf"", ""PN00-4.edf"", ""PN00-5.edf""]"
PN00,PN00-2.edf,455,445,455,395,455,True,True,False,True,0,2302,0,negative,,,0.0044206107244520818,1.01,E0_LR,20260922,True,nested,"[""PN00-1.edf"", ""PN00-4.edf"", ""PN00-5.edf""]"
PN00,PN00-2.edf,460,450,460,400,460,True,True,False,True,0,2302,0,negative,,,0.0002812048754422357,1.01,E0_LR,20260922,True,nested,"[""PN00-1.edf"", ""PN00-4.edf"", ""PN00-5.edf""]"
PN00,PN00-2.edf,465,455,465,405,465,True,True,False,True,0,2302,0,negative,,,0.0038702147539613806,1.01,E0_LR,20260922,True,nested,"[""PN00-1.edf"", ""PN00-4.edf"", ""PN00-5.edf""]"
PN00,PN00-2.edf,470,460,470,410,470,True,True,False,True,0,2302,0,negative,,,0.0453555967365721,1.01,E0_LR,20260922,True,nested,"[""PN00-1.edf"", ""PN00-4.edf"", ""PN00-5.edf""]"
PN00,PN00-2.edf,475,465,475,415,475,True,True,False,True,0,2302,0,negative,,,0.044353555768982186,1.01,E0_LR,20260922,True,nested,"[""PN00-1.edf"", ""PN00-4.edf"", ""PN00-5.edf""]"
PN00,PN00-2.edf,480,470,480,420,480,True,True,False,True,0,2302,0,negative,,,0.064378436822470034,1.01,E0_LR,20260922,True,nested,"[""PN00-1.edf"", ""PN00-4.edf"", ""PN00-5.edf""]"
PN00,PN00-2.edf,485,475,485,425,485,True,True,False,True,0,2302,0,negative,,,0.42903087161092512,1.01,E0_LR,20260922,True,nested,"[""PN00-1.edf"", ""PN00-4.edf"", ""PN00-5.edf""]"
PN00,PN00-2.edf,490,480,490,430,490,True,True,False,True,0,2302,0,negative,,,0.058516991797234102,1.01,E0_LR,20260922,True,nested,"[""PN00-1.edf"", ""PN00-4.edf"", ""PN00-5.edf""]"
PN00,PN00-2.edf,495,485,495,435,495,True,True,False,True,0,2302,0,negative,,,0.046190576113391078,1.01,E0_LR,20260922,True,nested,"[""PN00-1.edf"", ""PN00-4.edf"", ""PN00-5.edf""]"
PN00,PN00-2.edf,500,490,500,440,500,True,True,False,True,0,2302,0,negative,,,0.033842064275568358,1.01,E0_LR,20260922,True,nested,"[""PN00-1.edf"", ""PN00-4.edf"", ""PN00-5.edf""]"
PN00,PN00-2.edf,505,495,505,445,505,True,True,False,True,0,2302,0,negative,,,0.021275258421782951,1.01,E0_LR,20260922,True,nested,"[""PN00-1.edf"", ""PN00-4.edf"", ""PN00-5.edf""]"
PN00,PN00-2.edf,510,500,510,450,510,True,True,False,True,0,2302,0,negative,,,0.42956278757524041,1.01,E0_LR,20260922,True,nested,"[""PN00-1.edf"", ""PN00-4.edf"", ""PN00-5.edf""]"
PN00,PN00-2.edf,515,505,515,455,515,True,True,False,True,0,2302,0,negative,,,0.90232200641717009,1.01,E0_LR,20260922,True,nested,"[""PN00-1.edf"", ""PN00-4.edf"", ""PN00-5.edf""]"
PN00,PN00-2.edf,520,510,520,460,520,True,True,False,True,0,2302,0,negative,,,0.89138360693353536,1.01,E0_LR,20260922,True,nested,"[""PN00-1.edf"", ""PN00-4.edf"", ""PN00-5.edf""]"
PN00,PN00-2.edf,525,515,525,465,525,True,True,False,True,0,2302,0,negative,,,0.84989703887812462,1.01,E0_LR,20260922,True,nested,"[""PN00-1.edf"", ""PN00-4.edf"", ""PN00-5.edf""]"
PN00,PN00-2.edf,530,520,530,470,530,True,True,False,True,0,2302,0,negative,,,0.013996431578935934,1.01,E0_LR,20260922,True,nested,"[""PN00-1.edf"", ""PN00-4.edf"", ""PN00-5.edf""]"
PN00,PN00-2.edf,535,525,535,475,535,True,True,False,True,0,2302,0,negative,,,0.0057154937267872947,1.01,E0_LR,20260922,True,nested,"[""PN00-1.edf"", ""PN00-4.edf"", ""PN00-5.edf""]"
PN00,PN00-2.edf,540,530,540,480,540,True,True,False,True,0,2302,0,negative,,,0.045261303700481668,1.01,E0_LR,20260922,True,nested,"[""PN00-1.edf"", ""PN00-4.edf"", ""PN00-5.edf""]"
PN00,PN00-2.edf,545,535,545,485,545,True,True,False,True,0,2302,0,negative,,,0.0010615445374279496,1.01,E0_LR,20260922,True,nested,"[""PN00-1.edf"", ""PN00-4.edf"", ""PN00-5.edf""]"
PN00,PN00-2.edf,550,540,550,490,550,True,True,False,True,0,2302,0,negative,,,0.0027970671282569626,1.01,E0_LR,20260922,True,nested,"[""PN00-1.edf"", ""PN00-4.edf"", ""PN00-5.edf""]"
PN00,PN00-2.edf,555,545,555,495,555,True,True,False,True,0,2302,0,negative,,,0.0044483405650210892,1.01,E0_LR,20260922,True,nested,"[""PN00-1.edf"", ""PN00-4.edf"", ""PN00-5.edf""]"
PN00,PN00-2.edf,560,550,560,500,560,True,True,False,True,0,2302,0,negative,,,0.014037229271883995,1.01,E0_LR,20260922,True,nested,"[""PN00-1.edf"", ""PN00-4.edf"", ""PN00-5.edf""]"
PN00,PN00-2.edf,565,555,565,505,565,True,True,False,True,0,2302,0,negative,,,0.0798349903776263,1.01,E0_LR,20260922,True,nested,"[""PN00-1.edf"", ""PN00-4.edf"", ""PN00-5.edf""]"
PN00,PN00-2.edf,570,560,570,510,570,True,True,False,True,0,2302,0,negative,,,0.10146618299890864,1.01,E0_LR,20260922,True,nested,"[""PN00-1.edf"", ""PN00-4.edf"", ""PN00-5.edf""]"
PN00,PN00-2.edf,575,565,575,515,575,True,True,False,True,0,2302,0,negative,,,0.22307482478318111,1.01,E0_LR,20260922,True,nested,"[""PN00-1.edf"", ""PN00-4.edf"", ""PN00-5.edf""]"
PN00,PN00-2.edf,580,570,580,520,580,True,True,False,True,0,2302,0,negative,,,0.20546364901201455,1.01,E0_LR,20260922,True,nested,"[""PN00-1.edf"", ""PN00-4.edf"", ""PN00-5.edf""]"
PN00,PN00-2.edf,585,575,585,525,585,True,True,False,True,0,2302,0,negative,,,0.064355029980301473,1.01,E0_LR,20260922,True,nested,"[""PN00-1.edf"", ""PN00-4.edf"", ""PN00-5.edf""]"
PN00,PN00-2.edf,590,580,590,530,590,True,True,False,True,0,2302,0,negative,,,9.0462522113672205e-05,1.01,E0_LR,20260922,True,nested,"[""PN00-1.edf"", ""PN00-4.edf"", ""PN00-5.edf""]"
PN00,PN00-2.edf,595,585,595,535,595,True,True,False,True,0,2302,0,negative,,,0.0043571411084481031,1.01,E0_LR,20260922,True,nested,"[""PN00-1.edf"", ""PN00-4.edf"", ""PN00-5.edf""]"
PN00,PN00-2.edf,600,590,600,540,600,True,True,False,True,0,2302,0,negative,,,0.00066363044258736434,1.01,E0_LR,20260922,True,nested,"[""PN00-1.edf"", ""PN00-4.edf"", ""PN00-5.edf""]"
PN00,PN00-2.edf,605,595,605,545,605,True,True,False,True,0,2302,0,negative,,,0.39069124896325652,1.01,E0_LR,20260922,True,nested,"[""PN00-1.edf"", ""PN00-4.edf"", ""PN00-5.edf""]"
PN00,PN00-2.edf,610,600,610,550,610,True,True,False,True,0,2302,0,negative,,,0.34287070500482297,1.01,E0_LR,20260922,True,nested,"[""PN00-1.edf"", ""PN00-4.edf"", ""PN00-5.edf""]"
PN00,PN00-2.edf,615,605,615,555,615,True,True,False,True,0,2302,0,negative,,,0.3546814857909919,1.01,E0_LR,20260922,True,nested,"[""PN00-1.edf"", ""PN00-4.edf"", ""PN00-5.edf""]"
PN00,PN00-2.edf,620,610,620,560,620,True,True,False,True,0,2302,0,negative,,,0.047744557105803144,1.01,E0_LR,20260922,True,nested,"[""PN00-1.edf"", ""PN00-4.edf"", ""PN00-5.edf""]"
PN00,PN00-2.edf,625,615,625,565,625,True,True,False,True,0,2302,0,negative,,,0.055003234005903179,1.01,E0_LR,20260922,True,nested,"[""PN00-1.edf"", ""PN00-4.edf"", ""PN00-5.edf""]"
PN00,PN00-2.edf,630,620,630,570,630,True,True,False,True,0,2302,0,negative,,,0.00034211374355235994,1.01,E0_LR,20260922,True,nested,"[""PN00-1.edf"", ""PN00-4.edf"", ""PN00-5.edf""]"
PN00,PN00-2.edf,635,625,635,575,635,True,True,False,True,0,2302,0,negative,,,0.0098269915690105333,1.01,E0_LR,20260922,True,nested,"[""PN00-1.edf"", ""PN00-4.edf"", ""PN00-5.edf""]"
PN00,PN00-2.edf,640,630,640,580,640,True,True,False,True,0,2302,0,negative,,,0.022596179918382669,1.01,E0_LR,20260922,True,nested,"[""PN00-1.edf"", ""PN00-4.edf"", ""PN00-5.edf""]"
PN00,PN00-2.edf,645,635,645,585,645,True,True,False,True,0,2302,0,negative,,,0.3550885356029444,1.01,E0_LR,20260922,True,nested,"[""PN00-1.edf"", ""PN00-4.edf"", ""PN00-5.edf""]"
PN00,PN00-2.edf,650,640,650,590,650,True,True,False,True,0,2302,0,negative,,,0.04338535549141883,1.01,E0_LR,20260922,True,nested,"[""PN00-1.edf"", ""PN00-4.edf"", ""PN00-5.edf""]"
PN00,PN00-2.edf,655,645,655,595,655,True,True,False,True,0,2302,0,negative,,,0.57290306150085324,1.01,E0_LR,20260922,True,nested,"[""PN00-1.edf"", ""PN00-4.edf"", ""PN00-5.edf""]"
PN00,PN00-2.edf,660,650,660,600,660,True,True,False,True,0,2302,0,negative,,,0.16898937120181623,1.01,E0_LR,20260922,True,nested,"[""PN00-1.edf"", ""PN00-4.edf"", ""PN00-5.edf""]"
PN00,PN00-2.edf,665,655,665,605,665,True,True,False,True,0,2302,0,negative,,,0.0063293596792326767,1.01,E0_LR,20260922,True,nested,"[""PN00-1.edf"", ""PN00-4.edf"", ""PN00-5.edf""]"
PN00,PN00-2.edf,670,660,670,610,670,True,True,False,True,0,2302,0,negative,,,0.35369054715003784,1.01,E0_LR,20260922,True,nested,"[""PN00-1.edf"", ""PN00-4.edf"", ""PN00-5.edf""]"
PN00,PN00-2.edf,675,665,675,615,675,True,True,False,True,0,2302,0,negative,,,0.81998470517424171,1.01,E0_LR,20260922,True,nested,"[""PN00-1.edf"", ""PN00-4.edf"", ""PN00-5.edf""]"
PN00,PN00-2.edf,680,670,680,620,680,True,True,False,True,0,2302,0,negative,,,0.59683685114568019,1.01,E0_LR,20260922,True,nested,"[""PN00-1.edf"", ""PN00-4.edf"", ""PN00-5.edf""]"
PN00,PN00-2.edf,685,675,685,625,685,True,True,False,True,0,2302,0,negative,,,0.031626525624385081,1.01,E0_LR,20260922,True,nested,"[""PN00-1.edf"", ""PN00-4.edf"", ""PN00-5.edf""]"
PN00,PN00-2.edf,690,680,690,630,690,True,True,False,True,0,2302,0,negative,,,0.30257856735725774,1.01,E0_LR,20260922,True,nested,"[""PN00-1.edf"", ""PN00-4.edf"", ""PN00-5.edf""]"
PN00,PN00-2.edf,695,685,695,635,695,True,True,False,True,0,2302,0,negative,,,0.087545802113482576,1.01,E0_LR,20260922,True,nested,"[""PN00-1.edf"", ""PN00-4.edf"", ""PN00-5.edf""]"
PN00,PN00-2.edf,700,690,700,640,700,True,True,False,True,0,2302,0,negative,,,0.15674305681401055,1.01,E0_LR,20260922,True,nested,"[""PN00-1.edf"", ""PN00-4.edf"", ""PN00-5.edf""]"
PN00,PN00-2.edf,705,695,705,645,705,True,True,False,True,0,2302,0,negative,,,0.033925079736973167,1.01,E0_LR,20260922,True,nested,"[""PN00-1.edf"", ""PN00-4.edf"", ""PN00-5.edf""]"
PN00,PN00-2.edf,710,700,710,650,710,True,True,False,True,0,2302,0,negative,,,0.00072534692592370823,1.01,E0_LR,20260922,True,nested,"[""PN00-1.edf"", ""PN00-4.edf"", ""PN00-5.edf""]"
PN00,PN00-2.edf,715,705,715,655,715,True,True,False,True,0,2302,0,negative,,,0.0062581208591919509,1.01,E0_LR,20260922,True,nested,"[""PN00-1.edf"", ""PN00-4.edf"", ""PN00-5.edf""]"
PN00,PN00-2.edf,720,710,720,660,720,True,True,False,True,0,2302,0,negative,,,0.085071738242603875,1.01,E0_LR,20260922,True,nested,"[""PN00-1.edf"", ""PN00-4.edf"", ""PN00-5.edf""]"
PN00,PN00-2.edf,725,715,725,665,725,True,True,False,True,0,2302,0,negative,,,0.29511970592633785,1.01,E0_LR,20260922,True,nested,"[""PN00-1.edf"", ""PN00-4.edf"", ""PN00-5.edf""]"
PN00,PN00-2.edf,730,720,730,670,730,True,True,False,True,0,2302,0,negative,,,0.1670353764257424,1.01,E0_LR,20260922,True,nested,"[""PN00-1.edf"", ""PN00-4.edf"", ""PN00-5.edf""]"
PN00,PN00-2.edf,735,725,735,675,735,True,True,False,True,0,2302,0,negative,,,0.66804041236264122,1.01,E0_LR,20260922,True,nested,"[""PN00-1.edf"", ""PN00-4.edf"", ""PN00-5.edf""]"
PN00,PN00-2.edf,740,730,740,680,740,True,True,False,True,0,2302,0,negative,,,0.2426379675202682,1.01,E0_LR,20260922,True,nested,"[""PN00-1.edf"", ""PN00-4.edf"", ""PN00-5.edf""]"
PN00,PN00-2.edf,745,735,745,685,745,True,True,False,True,0,2302,0,negative,,,0.95272169616190372,1.01,E0_LR,20260922,True,nested,"[""PN00-1.edf"", ""PN00-4.edf"", ""PN00-5.edf""]"
PN00,PN00-2.edf,750,740,750,690,750,True,True,False,True,0,2302,0,negative,,,0.024138549762822883,1.01,E0_LR,20260922,True,nested,"[""PN00-1.edf"", ""PN00-4.edf"", ""PN00-5.edf""]"
PN00,PN00-2.edf,755,745,755,695,755,True,True,False,True,0,2302,0,negative,,,0.12121156290998349,1.01,E0_LR,20260922,True,nested,"[""PN00-1.edf"", ""PN00-4.edf"", ""PN00-5.edf""]"
PN00,PN00-2.edf,760,750,760,700,760,True,True,False,True,0,2302,0,negative,,,0.08418262741171087,1.01,E0_LR,20260922,True,nested,"[""PN00-1.edf"", ""PN00-4.edf"", ""PN00-5.edf""]"
PN00,PN00-2.edf,765,755,765,705,765,True,True,False,True,0,2302,0,negative,,,0.013502024163900329,1.01,E0_LR,20260922,True,nested,"[""PN00-1.edf"", ""PN00-4.edf"", ""PN00-5.edf""]"
PN00,PN00-2.edf,770,760,770,710,770,True,True,False,True,0,2302,0,negative,,,0.028728981830686139,1.01,E0_LR,20260922,True,nested,"[""PN00-1.edf"", ""PN00-4.edf"", ""PN00-5.edf""]"
PN00,PN00-2.edf,775,765,775,715,775,True,True,False,True,0,2302,0,negative,,,0.1434580745920622,1.01,E0_LR,20260922,True,nested,"[""PN00-1.edf"", ""PN00-4.edf"", ""PN00-5.edf""]"
PN00,PN00-2.edf,780,770,780,720,780,True,True,False,True,0,2302,0,negative,,,0.043645541413660803,1.01,E0_LR,20260922,True,nested,"[""PN00-1.edf"", ""PN00-4.edf"", ""PN00-5.edf""]"
PN00,PN00-2.edf,785,775,785,725,785,True,True,False,True,0,2302,0,negative,,,0.72990501941884189,1.01,E0_LR,20260922,True,nested,"[""PN00-1.edf"", ""PN00-4.edf"", ""PN00-5.edf""]"
PN00,PN00-2.edf,790,780,790,730,790,True,True,False,True,0,2302,0,negative,,,0.027491165408617967,1.01,E0_LR,20260922,True,nested,"[""PN00-1.edf"", ""PN00-4.edf"", ""PN00-5.edf""]"
PN00,PN00-2.edf,795,785,795,735,795,True,True,False,True,0,2302,0,negative,,,0.010113324180728155,1.01,E0_LR,20260922,True,nested,"[""PN00-1.edf"", ""PN00-4.edf"", ""PN00-5.edf""]"
PN00,PN00-2.edf,800,790,800,740,800,True,True,False,True,0,2302,0,negative,,,0.25791303012385486,1.01,E0_LR,20260922,True,nested,"[""PN00-1.edf"", ""PN00-4.edf"", ""PN00-5.edf""]"
PN00,PN00-2.edf,805,795,805,745,805,True,True,False,True,0,2302,0,negative,,,0.72754458382049914,1.01,E0_LR,20260922,True,nested,"[""PN00-1.edf"", ""PN00-4.edf"", ""PN00-5.edf""]"
PN00,PN00-2.edf,810,800,810,750,810,True,True,False,True,0,2302,0,negative,,,0.37110525736224498,1.01,E0_LR,20260922,True,nested,"[""PN00-1.edf"", ""PN00-4.edf"", ""PN00-5.edf""]"
PN00,PN00-2.edf,815,805,815,755,815,True,True,False,True,0,2302,0,negative,,,0.013469522121445065,1.01,E0_LR,20260922,True,nested,"[""PN00-1.edf"", ""PN00-4.edf"", ""PN00-5.edf""]"
PN00,PN00-2.edf,820,810,820,760,820,True,True,False,True,0,2302,0,negative,,,0.058033205485934262,1.01,E0_LR,20260922,True,nested,"[""PN00-1.edf"", ""PN00-4.edf"", ""PN00-5.edf""]"
PN00,PN00-2.edf,825,815,825,765,825,True,True,False,True,0,2302,0,negative,,,0.054683367722222979,1.01,E0_LR,20260922,True,nested,"[""PN00-1.edf"", ""PN00-4.edf"", ""PN00-5.edf""]"
PN00,PN00-2.edf,830,820,830,770,830,True,True,False,True,0,2302,0,negative,,,0.69799454412034112,1.01,E0_LR,20260922,True,nested,"[""PN00-1.edf"", ""PN00-4.edf"", ""PN00-5.edf""]"
PN00,PN00-2.edf,835,825,835,775,835,True,True,False,True,0,2302,0,negative,,,0.4322835912140468,1.01,E0_LR,20260922,True,nested,"[""PN00-1.edf"", ""PN00-4.edf"", ""PN00-5.edf""]"
PN00,PN00-2.edf,840,830,840,780,840,True,True,False,True,0,2302,0,negative,,,0.42957567649347422,1.01,E0_LR,20260922,True,nested,"[""PN00-1.edf"", ""PN00-4.edf"", ""PN00-5.edf""]"
PN00,PN00-2.edf,845,835,845,785,845,True,True,False,True,0,2302,0,negative,,,0.073394060384677842,1.01,E0_LR,20260922,True,nested,"[""PN00-1.edf"", ""PN00-4.edf"", ""PN00-5.edf""]"
PN00,PN00-2.edf,850,840,850,790,850,True,True,False,True,0,2302,0,negative,,,0.70595779791117863,1.01,E0_LR,20260922,True,nested,"[""PN00-1.edf"", ""PN00-4.edf"", ""PN00-5.edf""]"
PN00,PN00-2.edf,855,845,855,795,855,True,True,False,True,0,2302,0,negative,,,0.18090960280306412,1.01,E0_LR,20260922,True,nested,"[""PN00-1.edf"", ""PN00-4.edf"", ""PN00-5.edf""]"
PN00,PN00-2.edf,860,850,860,800,860,True,True,False,True,0,2302,0,negative,,,0.92358813249184646,1.01,E0_LR,20260922,True,nested,"[""PN00-1.edf"", ""PN00-4.edf"", ""PN00-5.edf""]"
PN00,PN00-2.edf,865,855,865,805,865,True,True,False,True,0,2302,0,negative,,,0.50251915684425197,1.01,E0_LR,20260922,True,nested,"[""PN00-1.edf"", ""PN00-4.edf"", ""PN00-5.edf""]"
PN00,PN00-2.edf,870,860,870,810,870,True,True,False,True,0,2302,0,negative,,,0.16441357997007025,1.01,E0_LR,20260922,True,nested,"[""PN00-1.edf"", ""PN00-4.edf"", ""PN00-5.edf""]"
PN00,PN00-2.edf,875,865,875,815,875,True,True,False,True,0,2302,0,negative,,,0.043317900263540932,1.01,E0_LR,20260922,True,nested,"[""PN00-1.edf"", ""PN00-4.edf"", ""PN00-5.edf""]"
PN00,PN00-2.edf,880,870,880,820,880,True,True,False,True,0,2302,0,negative,,,0.38067258345696131,1.01,E0_LR,20260922,True,nested,"[""PN00-1.edf"", ""PN00-4.edf"", ""PN00-5.edf""]"
PN00,PN00-2.edf,885,875,885,825,885,True,True,False,True,0,2302,0,negative,,,0.76460798016931342,1.01,E0_LR,20260922,True,nested,"[""PN00-1.edf"", ""PN00-4.edf"", ""PN00-5.edf""]"
PN00,PN00-2.edf,890,880,890,830,890,True,True,False,True,0,2302,0,negative,,,0.022299309545411896,1.01,E0_LR,20260922,True,nested,"[""PN00-1.edf"", ""PN00-4.edf"", ""PN00-5.edf""]"
PN00,PN00-2.edf,895,885,895,835,895,True,True,False,True,0,2302,0,negative,,,0.059942615548389484,1.01,E0_LR,20260922,True,nested,"[""PN00-1.edf"", ""PN00-4.edf"", ""PN00-5.edf""]"
PN00,PN00-2.edf,900,890,900,840,900,True,True,False,True,0,2302,0,negative,,,0.242617110017462,1.01,E0_LR,20260922,True,nested,"[""PN00-1.edf"", ""PN00-4.edf"", ""PN00-5.edf""]"
PN00,PN00-2.edf,905,895,905,845,905,True,True,False,True,0,2302,0,negative,,,0.51730154433169173,1.01,E0_LR,20260922,True,nested,"[""PN00-1.edf"", ""PN00-4.edf"", ""PN00-5.edf""]"
PN00,PN00-2.edf,910,900,910,850,910,True,True,False,True,0,2302,0,negative,,,0.0085017655879878664,1.01,E0_LR,20260922,True,nested,"[""PN00-1.edf"", ""PN00-4.edf"", ""PN00-5.edf""]"
PN00,PN00-2.edf,915,905,915,855,915,True,True,False,True,0,2302,0,negative,,,0.45558100613419061,1.01,E0_LR,20260922,True,nested,"[""PN00-1.edf"", ""PN00-4.edf"", ""PN00-5.edf""]"
PN00,PN00-2.edf,920,910,920,860,920,True,True,False,False,0,2302,-1,ignore,,,0.52726869379128494,1.01,E0_LR,20260922,True,nested,"[""PN00-1.edf"", ""PN00-4.edf"", ""PN00-5.edf""]"
PN00,PN00-2.edf,925,915,925,865,925,True,True,False,False,0,2302,-1,ignore,,,0.25181970099442463,1.01,E0_LR,20260922,True,nested,"[""PN00-1.edf"", ""PN00-4.edf"", ""PN00-5.edf""]"
PN00,PN00-2.edf,930,920,930,870,930,True,True,False,False,0,2302,-1,ignore,,,0.078666039184280917,1.01,E0_LR,20260922,True,nested,"[""PN00-1.edf"", ""PN00-4.edf"", ""PN00-5.edf""]"
PN00,PN00-2.edf,935,925,935,875,935,True,True,False,False,0,2302,-1,ignore,,,0.2614532883223763,1.01,E0_LR,20260922,True,nested,"[""PN00-1.edf"", ""PN00-4.edf"", ""PN00-5.edf""]"
PN00,PN00-2.edf,940,930,940,880,940,True,True,False,False,0,2302,-1,ignore,,,0.29865257804535966,1.01,E0_LR,20260922,True,nested,"[""PN00-1.edf"", ""PN00-4.edf"", ""PN00-5.edf""]"
PN00,PN00-2.edf,945,935,945,885,945,True,True,False,False,0,2302,-1,ignore,,,0.47417659690176828,1.01,E0_LR,20260922,True,nested,"[""PN00-1.edf"", ""PN00-4.edf"", ""PN00-5.edf""]"
PN00,PN00-2.edf,950,940,950,890,950,True,True,False,False,0,2302,-1,ignore,,,0.67672091013129676,1.01,E0_LR,20260922,True,nested,"[""PN00-1.edf"", ""PN00-4.edf"", ""PN00-5.edf""]"
PN00,PN00-2.edf,955,945,955,895,955,True,True,False,False,0,2302,-1,ignore,,,0.069794863256742432,1.01,E0_LR,20260922,True,nested,"[""PN00-1.edf"", ""PN00-4.edf"", ""PN00-5.edf""]"
PN00,PN00-2.edf,960,950,960,900,960,True,True,False,False,0,2302,-1,ignore,,,0.16990995095072681,1.01,E0_LR,20260922,True,nested,"[""PN00-1.edf"", ""PN00-4.edf"", ""PN00-5.edf""]"
PN00,PN00-2.edf,965,955,965,905,965,True,True,False,False,0,2302,-1,ignore,,,0.39223154087942813,1.01,E0_LR,20260922,True,nested,"[""PN00-1.edf"", ""PN00-4.edf"", ""PN00-5.edf""]"
PN00,PN00-2.edf,970,960,970,910,970,True,True,False,False,0,2302,-1,ignore,,,0.81880127300881755,1.01,E0_LR,20260922,True,nested,"[""PN00-1.edf"", ""PN00-4.edf"", ""PN00-5.edf""]"
PN00,PN00-2.edf,975,965,975,915,975,True,True,False,False,0,2302,-1,ignore,,,0.18635452615644749,1.01,E0_LR,20260922,True,nested,"[""PN00-1.edf"", ""PN00-4.edf"", ""PN00-5.edf""]"
PN00,PN00-2.edf,980,970,980,920,980,True,True,False,False,0,2302,-1,ignore,,,0.014882261116954391,1.01,E0_LR,20260922,True,nested,"[""PN00-1.edf"", ""PN00-4.edf"", ""PN00-5.edf""]"
PN00,PN00-2.edf,985,975,985,925,985,True,True,False,False,0,2302,-1,ignore,,,0.25717320113344821,1.01,E0_LR,20260922,True,nested,"[""PN00-1.edf"", ""PN00-4.edf"", ""PN00-5.edf""]"
PN00,PN00-2.edf,990,980,990,930,990,True,True,False,False,0,2302,-1,ignore,,,0.81237156766553087,1.01,E0_LR,20260922,True,nested,"[""PN00-1.edf"", ""PN00-4.edf"", ""PN00-5.edf""]"
PN00,PN00-2.edf,995,985,995,935,995,True,True,False,False,0,2302,-1,ignore,,,0.80485154898585909,1.01,E0_LR,20260922,True,nested,"[""PN00-1.edf"", ""PN00-4.edf"", ""PN00-5.edf""]"
PN00,PN00-2.edf,1000,990,1000,940,1000,True,True,False,False,0,2302,-1,ignore,,,0.15762910142917572,1.01,E0_LR,20260922,True,nested,"[""PN00-1.edf"", ""PN00-4.edf"", ""PN00-5.edf""]"
PN00,PN00-2.edf,1005,995,1005,945,1005,True,True,False,False,0,2302,-1,ignore,,,0.60908704704116712,1.01,E0_LR,20260922,True,nested,"[""PN00-1.edf"", ""PN00-4.edf"", ""PN00-5.edf""]"
PN00,PN00-2.edf,1010,1000,1010,950,1010,True,True,False,False,0,2302,-1,ignore,,,0.023720317192513642,1.01,E0_LR,20260922,True,nested,"[""PN00-1.edf"", ""PN00-4.edf"", ""PN00-5.edf""]"
PN00,PN00-2.edf,1015,1005,1015,955,1015,True,True,False,False,0,2302,-1,ignore,,,0.12203910236047329,1.01,E0_LR,20260922,True,nested,"[""PN00-1.edf"", ""PN00-4.edf"", ""PN00-5.edf""]"
PN00,PN00-2.edf,1020,1010,1020,960,1020,True,True,False,False,0,2302,-1,ignore,,,0.69200469108755569,1.01,E0_LR,20260922,True,nested,"[""PN00-1.edf"", ""PN00-4.edf"", ""PN00-5.edf""]"
PN00,PN00-2.edf,1025,1015,1025,965,1025,True,True,False,False,0,2302,-1,ignore,,,0.031132442332299025,1.01,E0_LR,20260922,True,nested,"[""PN00-1.edf"", ""PN00-4.edf"", ""PN00-5.edf""]"
PN00,PN00-2.edf,1030,1020,1030,970,1030,True,True,False,False,0,2302,-1,ignore,,,0.0033424483459861083,1.01,E0_LR,20260922,True,nested,"[""PN00-1.edf"", ""PN00-4.edf"", ""PN00-5.edf""]"
PN00,PN00-2.edf,1035,1025,1035,975,1035,True,True,False,False,0,2302,-1,ignore,,,0.012316256047219906,1.01,E0_LR,20260922,True,nested,"[""PN00-1.edf"", ""PN00-4.edf"", ""PN00-5.edf""]"
PN00,PN00-2.edf,1040,1030,1040,980,1040,True,True,False,False,0,2302,-1,ignore,,,0.17736704381906396,1.01,E0_LR,20260922,True,nested,"[""PN00-1.edf"", ""PN00-4.edf"", ""PN00-5.edf""]"
PN00,PN00-2.edf,1045,1035,1045,985,1045,True,True,False,False,0,2302,-1,ignore,,,0.077816253757918993,1.01,E0_LR,20260922,True,nested,"[""PN00-1.edf"", ""PN00-4.edf"", ""PN00-5.edf""]"
PN00,PN00-2.edf,1050,1040,1050,990,1050,True,True,False,False,0,2302,-1,ignore,,,0.023669142042693197,1.01,E0_LR,20260922,True,nested,"[""PN00-1.edf"", ""PN00-4.edf"", ""PN00-5.edf""]"
PN00,PN00-2.edf,1055,1045,1055,995,1055,True,True,False,False,0,2302,-1,ignore,,,0.52730401313010944,1.01,E0_LR,20260922,True,nested,"[""PN00-1.edf"", ""PN00-4.edf"", ""PN00-5.edf""]"
PN00,PN00-2.edf,1060,1050,1060,1000,1060,True,True,False,False,0,2302,-1,ignore,,,0.55354493930958082,1.01,E0_LR,20260922,True,nested,"[""PN00-1.edf"", ""PN00-4.edf"", ""PN00-5.edf""]"
PN00,PN00-2.edf,1065,1055,1065,1005,1065,True,True,False,False,0,2302,-1,ignore,,,0.37527931158291999,1.01,E0_LR,20260922,True,nested,"[""PN00-1.edf"", ""PN00-4.edf"", ""PN00-5.edf""]"
PN00,PN00-2.edf,1070,1060,1070,1010,1070,True,True,False,False,0,2302,-1,ignore,,,0.57359403056146996,1.01,E0_LR,20260922,True,nested,"[""PN00-1.edf"", ""PN00-4.edf"", ""PN00-5.edf""]"
PN00,PN00-2.edf,1075,1065,1075,1015,1075,True,True,False,False,0,2302,-1,ignore,,,0.76907646762438842,1.01,E0_LR,20260922,True,nested,"[""PN00-1.edf"", ""PN00-4.edf"", ""PN00-5.edf""]"
PN00,PN00-2.edf,1080,1070,1080,1020,1080,True,True,False,False,0,2302,-1,ignore,,,0.28123675816141835,1.01,E0_LR,20260922,True,nested,"[""PN00-1.edf"", ""PN00-4.edf"", ""PN00-5.edf""]"
PN00,PN00-2.edf,1085,1075,1085,1025,1085,True,True,False,False,0,2302,-1,ignore,,,0.13373395783823772,1.01,E0_LR,20260922,True,nested,"[""PN00-1.edf"", ""PN00-4.edf"", ""PN00-5.edf""]"
PN00,PN00-2.edf,1090,1080,1090,1030,1090,True,True,False,False,0,2302,-1,ignore,,,0.18225527870474875,1.01,E0_LR,20260922,True,nested,"[""PN00-1.edf"", ""PN00-4.edf"", ""PN00-5.edf""]"
PN00,PN00-2.edf,1095,1085,1095,1035,1095,True,True,False,False,0,2302,-1,ignore,,,0.041778967082073695,1.01,E0_LR,20260922,True,nested,"[""PN00-1.edf"", ""PN00-4.edf"", ""PN00-5.edf""]"
PN00,PN00-2.edf,1100,1090,1100,1040,1100,True,True,False,False,0,2302,-1,ignore,,,0.1246377569821976,1.01,E0_LR,20260922,True,nested,"[""PN00-1.edf"", ""PN00-4.edf"", ""PN00-5.edf""]"
PN00,PN00-2.edf,1105,1095,1105,1045,1105,True,True,False,False,0,2302,-1,ignore,,,0.13034010744901411,1.01,E0_LR,20260922,True,nested,"[""PN00-1.edf"", ""PN00-4.edf"", ""PN00-5.edf""]"
PN00,PN00-2.edf,1110,1100,1110,1050,1110,True,True,False,False,0,2302,-1,ignore,,,0.056845183313770961,1.01,E0_LR,20260922,True,nested,"[""PN00-1.edf"", ""PN00-4.edf"", ""PN00-5.edf""]"
PN00,PN00-2.edf,1115,1105,1115,1055,1115,True,True,False,False,0,2302,-1,ignore,,,0.062479472509786881,1.01,E0_LR,20260922,True,nested,"[""PN00-1.edf"", ""PN00-4.edf"", ""PN00-5.edf""]"
PN00,PN00-2.edf,1120,1110,1120,1060,1120,True,True,False,False,0,2302,-1,ignore,,,0.12386240959270245,1.01,E0_LR,20260922,True,nested,"[""PN00-1.edf"", ""PN00-4.edf"", ""PN00-5.edf""]"
PN00,PN00-2.edf,1125,1115,1125,1065,1125,True,True,False,False,0,2302,-1,ignore,,,0.21589269728747276,1.01,E0_LR,20260922,True,nested,"[""PN00-1.edf"", ""PN00-4.edf"", ""PN00-5.edf""]"
PN00,PN00-2.edf,1130,1120,1130,1070,1130,True,True,False,False,0,2302,-1,ignore,,,0.86892316092067623,1.01,E0_LR,20260922,True,nested,"[""PN00-1.edf"", ""PN00-4.edf"", ""PN00-5.edf""]"
PN00,PN00-2.edf,1135,1125,1135,1075,1135,True,True,False,False,0,2302,-1,ignore,,,0.80316547901906998,1.01,E0_LR,20260922,True,nested,"[""PN00-1.edf"", ""PN00-4.edf"", ""PN00-5.edf""]"
PN00,PN00-2.edf,1140,1130,1140,1080,1140,True,True,False,False,0,2302,-1,ignore,,,0.39657575587340821,1.01,E0_LR,20260922,True,nested,"[""PN00-1.edf"", ""PN00-4.edf"", ""PN00-5.edf""]"
PN00,PN00-2.edf,1145,1135,1145,1085,1145,True,True,False,False,0,2302,-1,ignore,,,0.20600482575247486,1.01,E0_LR,20260922,True,nested,"[""PN00-1.edf"", ""PN00-4.edf"", ""PN00-5.edf""]"
PN00,PN00-2.edf,1150,1140,1150,1090,1150,True,True,False,False,0,2302,-1,ignore,,,0.1625260548110635,1.01,E0_LR,20260922,True,nested,"[""PN00-1.edf"", ""PN00-4.edf"", ""PN00-5.edf""]"
PN00,PN00-2.edf,1155,1145,1155,1095,1155,True,True,False,False,0,2302,-1,ignore,,,0.15405045115187499,1.01,E0_LR,20260922,True,nested,"[""PN00-1.edf"", ""PN00-4.edf"", ""PN00-5.edf""]"
PN00,PN00-2.edf,1160,1150,1160,1100,1160,True,True,False,False,0,2302,-1,ignore,,,0.17770170342313521,1.01,E0_LR,20260922,True,nested,"[""PN00-1.edf"", ""PN00-4.edf"", ""PN00-5.edf""]"
PN00,PN00-2.edf,1165,1155,1165,1105,1165,True,True,False,False,0,2302,-1,ignore,,,0.26899179914102722,1.01,E0_LR,20260922,True,nested,"[""PN00-1.edf"", ""PN00-4.edf"", ""PN00-5.edf""]"
PN00,PN00-2.edf,1170,1160,1170,1110,1170,True,True,False,False,0,2302,-1,ignore,,,0.38579865297143479,1.01,E0_LR,20260922,True,nested,"[""PN00-1.edf"", ""PN00-4.edf"", ""PN00-5.edf""]"
PN00,PN00-2.edf,1175,1165,1175,1115,1175,True,True,False,False,0,2302,-1,ignore,,,0.19062454812519139,1.01,E0_LR,20260922,True,nested,"[""PN00-1.edf"", ""PN00-4.edf"", ""PN00-5.edf""]"
PN00,PN00-2.edf,1180,1170,1180,1120,1180,True,True,False,False,0,2302,-1,ignore,,,0.9678502221405354,1.01,E0_LR,20260922,True,nested,"[""PN00-1.edf"", ""PN00-4.edf"", ""PN00-5.edf""]"
PN00,PN00-2.edf,1185,1175,1185,1125,1185,True,True,False,False,0,2302,-1,ignore,,,0.14691893127929387,1.01,E0_LR,20260922,True,nested,"[""PN00-1.edf"", ""PN00-4.edf"", ""PN00-5.edf""]"
PN00,PN00-2.edf,1190,1180,1190,1130,1190,True,True,False,False,0,2302,-1,ignore,,,0.023677592193075334,1.01,E0_LR,20260922,True,nested,"[""PN00-1.edf"", ""PN00-4.edf"", ""PN00-5.edf""]"
PN00,PN00-2.edf,1195,1185,1195,1135,1195,True,True,False,False,0,2302,-1,ignore,,,0.082409361256767108,1.01,E0_LR,20260922,True,nested,"[""PN00-1.edf"", ""PN00-4.edf"", ""PN00-5.edf""]"
PN00,PN00-2.edf,1200,1190,1200,1140,1200,True,True,False,False,0,2302,-1,ignore,,,0.011837591495258828,1.01,E0_LR,20260922,True,nested,"[""PN00-1.edf"", ""PN00-4.edf"", ""PN00-5.edf""]"
PN00,PN00-2.edf,1205,1195,1205,1145,1205,True,True,False,False,0,2302,-1,ignore,,,0.83092068481303305,1.01,E0_LR,20260922,True,nested,"[""PN00-1.edf"", ""PN00-4.edf"", ""PN00-5.edf""]"
PN00,PN00-2.edf,1210,1200,1210,1150,1210,True,True,False,False,0,2302,-1,ignore,,,0.86226547749155957,1.01,E0_LR,20260922,True,nested,"[""PN00-1.edf"", ""PN00-4.edf"", ""PN00-5.edf""]"
PN00,PN00-2.edf,1215,1205,1215,1155,1215,True,True,False,False,0,2302,-1,ignore,,,0.59181604896205042,1.01,E0_LR,20260922,True,nested,"[""PN00-1.edf"", ""PN00-4.edf"", ""PN00-5.edf""]"
PN00,PN00-2.edf,1220,1210,1220,1160,1220,True,True,False,True,1,2302,1,positive,2,,0.81528866160426572,1.01,E0_LR,20260922,True,nested,"[""PN00-1.edf"", ""PN00-4.edf"", ""PN00-5.edf""]"
PN00,PN00-2.edf,1225,1215,1225,1165,1225,True,True,False,True,1,2302,1,positive,2,,0.99999014286495047,1.01,E0_LR,20260922,True,nested,"[""PN00-1.edf"", ""PN00-4.edf"", ""PN00-5.edf""]"
PN00,PN00-2.edf,1230,1220,1230,1170,1230,True,True,False,True,1,2302,1,positive,2,,0.99999999912910464,1.01,E0_LR,20260922,True,nested,"[""PN00-1.edf"", ""PN00-4.edf"", ""PN00-5.edf""]"
PN00,PN00-2.edf,1235,1225,1235,1175,1235,True,True,False,True,1,2302,1,positive,2,,0.99999989463206762,1.01,E0_LR,20260922,True,nested,"[""PN00-1.edf"", ""PN00-4.edf"", ""PN00-5.edf""]"
PN00,PN00-2.edf,1240,1230,1240,1180,1240,True,True,False,True,1,2302,1,positive,2,,0.99999347850486986,1.01,E0_LR,20260922,True,nested,"[""PN00-1.edf"", ""PN00-4.edf"", ""PN00-5.edf""]"
PN00,PN00-2.edf,1245,1235,1245,1185,1245,True,True,False,True,1,2302,1,positive,2,,0.99999999885154245,1.01,E0_LR,20260922,True,nested,"[""PN00-1.edf"", ""PN00-4.edf"", ""PN00-5.edf""]"
PN00,PN00-2.edf,1250,1240,1250,1190,1250,True,True,False,True,1,2302,1,positive,2,,0.99999999929114036,1.01,E0_LR,20260922,True,nested,"[""PN00-1.edf"", ""PN00-4.edf"", ""PN00-5.edf""]"
PN00,PN00-2.edf,1255,1245,1255,1195,1255,True,True,False,True,1,2302,1,positive,2,,0.99999958092919528,1.01,E0_LR,20260922,True,nested,"[""PN00-1.edf"", ""PN00-4.edf"", ""PN00-5.edf""]"
PN00,PN00-2.edf,1260,1250,1260,1200,1260,True,True,False,True,1,2302,1,positive,2,,0.9999925397759547,1.01,E0_LR,20260922,True,nested,"[""PN00-1.edf"", ""PN00-4.edf"", ""PN00-5.edf""]"
PN00,PN00-2.edf,1265,1255,1265,1205,1265,True,True,False,True,1,2302,1,positive,2,,0.9999999997738882,1.01,E0_LR,20260922,True,nested,"[""PN00-1.edf"", ""PN00-4.edf"", ""PN00-5.edf""]"
PN00,PN00-2.edf,1270,1260,1270,1210,1270,True,True,False,True,1,2302,1,positive,2,,0.99999999974428633,1.01,E0_LR,20260922,True,nested,"[""PN00-1.edf"", ""PN00-4.edf"", ""PN00-5.edf""]"
PN00,PN00-2.edf,1275,1265,1275,1215,1275,True,True,False,False,0,2302,-1,ignore,,,0.99996302271771476,1.01,E0_LR,20260922,True,nested,"[""PN00-1.edf"", ""PN00-4.edf"", ""PN00-5.edf""]"
PN00,PN00-2.edf,1280,1270,1280,1220,1280,True,True,False,False,0,2302,-1,ignore,,,0.99910945478513258,1.01,E0_LR,20260922,True,nested,"[""PN00-1.edf"", ""PN00-4.edf"", ""PN00-5.edf""]"
PN00,PN00-2.edf,1285,1275,1285,1225,1285,True,True,False,False,0,2302,-1,ignore,,,0.98449887192309615,1.01,E0_LR,20260922,True,nested,"[""PN00-1.edf"", ""PN00-4.edf"", ""PN00-5.edf""]"
PN00,PN00-2.edf,1290,1280,1290,1230,1290,True,True,False,False,0,2302,-1,ignore,,,0.0012459842658146556,1.01,E0_LR,20260922,True,nested,"[""PN00-1.edf"", ""PN00-4.edf"", ""PN00-5.edf""]"
PN00,PN00-2.edf,1295,1285,1295,1235,1295,True,True,False,False,0,2302,-1,ignore,,,0.015790830786530898,1.01,E0_LR,20260922,True,nested,"[""PN00-1.edf"", ""PN00-4.edf"", ""PN00-5.edf""]"
PN00,PN00-2.edf,1300,1290,1300,1240,1300,True,True,False,False,0,2302,-1,ignore,,,0.010105400826367099,1.01,E0_LR,20260922,True,nested,"[""PN00-1.edf"", ""PN00-4.edf"", ""PN00-5.edf""]"
PN00,PN00-2.edf,1305,1295,1305,1245,1305,True,True,False,False,0,2302,-1,ignore,,,0.40621871718856095,1.01,E0_LR,20260922,True,nested,"[""PN00-1.edf"", ""PN00-4.edf"", ""PN00-5.edf""]"
PN00,PN00-2.edf,1310,1300,1310,1250,1310,True,True,False,False,0,2302,-1,ignore,,,0.46412001243462964,1.01,E0_LR,20260922,True,nested,"[""PN00-1.edf"", ""PN00-4.edf"", ""PN00-5.edf""]"
PN00,PN00-2.edf,1315,1305,1315,1255,1315,True,True,False,False,0,2302,-1,ignore,,,0.63407660044930669,1.01,E0_LR,20260922,True,nested,"[""PN00-1.edf"", ""PN00-4.edf"", ""PN00-5.edf""]"
PN00,PN00-2.edf,1320,1310,1320,1260,1320,True,True,False,False,0,2302,-1,ignore,,,0.010999497211050768,1.01,E0_LR,20260922,True,nested,"[""PN00-1.edf"", ""PN00-4.edf"", ""PN00-5.edf""]"
PN00,PN00-2.edf,1325,1315,1325,1265,1325,True,True,False,False,0,2302,-1,ignore,,,0.11024829633222392,1.01,E0_LR,20260922,True,nested,"[""PN00-1.edf"", ""PN00-4.edf"", ""PN00-5.edf""]"
PN00,PN00-2.edf,1330,1320,1330,1270,1330,True,True,False,False,0,2302,-1,ignore,,,0.0018306558194396074,1.01,E0_LR,20260922,True,nested,"[""PN00-1.edf"", ""PN00-4.edf"", ""PN00-5.edf""]"
PN00,PN00-2.edf,1335,1325,1335,1275,1335,True,True,False,False,0,2302,-1,ignore,,,0.29226126429407273,1.01,E0_LR,20260922,True,nested,"[""PN00-1.edf"", ""PN00-4.edf"", ""PN00-5.edf""]"
PN00,PN00-2.edf,1340,1330,1340,1280,1340,True,True,False,False,0,2302,-1,ignore,,,3.0857916317157923e-13,1.01,E0_LR,20260922,True,nested,"[""PN00-1.edf"", ""PN00-4.edf"", ""PN00-5.edf""]"
PN00,PN00-2.edf,1345,1335,1345,1285,1345,True,True,False,False,0,2302,-1,ignore,,,2.4274845830796008e-11,1.01,E0_LR,20260922,True,nested,"[""PN00-1.edf"", ""PN00-4.edf"", ""PN00-5.edf""]"
PN00,PN00-2.edf,1350,1340,1350,1290,1350,True,True,False,False,0,2302,-1,ignore,,,0.59532458823893852,1.01,E0_LR,20260922,True,nested,"[""PN00-1.edf"", ""PN00-4.edf"", ""PN00-5.edf""]"
PN00,PN00-2.edf,1355,1345,1355,1295,1355,True,True,False,False,0,2302,-1,ignore,,,0.43423408315771883,1.01,E0_LR,20260922,True,nested,"[""PN00-1.edf"", ""PN00-4.edf"", ""PN00-5.edf""]"
PN00,PN00-2.edf,1360,1350,1360,1300,1360,True,True,False,False,0,2302,-1,ignore,,,0.42575166334179543,1.01,E0_LR,20260922,True,nested,"[""PN00-1.edf"", ""PN00-4.edf"", ""PN00-5.edf""]"
PN00,PN00-2.edf,1365,1355,1365,1305,1365,True,True,False,False,0,2302,-1,ignore,,,0.87357184243444785,1.01,E0_LR,20260922,True,nested,"[""PN00-1.edf"", ""PN00-4.edf"", ""PN00-5.edf""]"
PN00,PN00-2.edf,1370,1360,1370,1310,1370,True,True,False,False,0,2302,-1,ignore,,,0.17993113506569425,1.01,E0_LR,20260922,True,nested,"[""PN00-1.edf"", ""PN00-4.edf"", ""PN00-5.edf""]"
PN00,PN00-2.edf,1375,1365,1375,1315,1375,True,True,False,False,0,2302,-1,ignore,,,0.90188827977991104,1.01,E0_LR,20260922,True,nested,"[""PN00-1.edf"", ""PN00-4.edf"", ""PN00-5.edf""]"
PN00,PN00-2.edf,1380,1370,1380,1320,1380,True,True,False,False,0,2302,-1,ignore,,,0.033134281020947072,1.01,E0_LR,20260922,True,nested,"[""PN00-1.edf"", ""PN00-4.edf"", ""PN00-5.edf""]"
PN00,PN00-2.edf,1385,1375,1385,1325,1385,True,True,False,False,0,2302,-1,ignore,,,0.95945712696807106,1.01,E0_LR,20260922,True,nested,"[""PN00-1.edf"", ""PN00-4.edf"", ""PN00-5.edf""]"
PN00,PN00-2.edf,1390,1380,1390,1330,1390,True,True,False,False,0,2302,-1,ignore,,,0.75550454706697345,1.01,E0_LR,20260922,True,nested,"[""PN00-1.edf"", ""PN00-4.edf"", ""PN00-5.edf""]"
PN00,PN00-2.edf,1395,1385,1395,1335,1395,True,True,False,False,0,2302,-1,ignore,,,0.92010002186813999,1.01,E0_LR,20260922,True,nested,"[""PN00-1.edf"", ""PN00-4.edf"", ""PN00-5.edf""]"
PN00,PN00-2.edf,1400,1390,1400,1340,1400,True,True,False,False,0,2302,-1,ignore,,,0.46290146404418697,1.01,E0_LR,20260922,True,nested,"[""PN00-1.edf"", ""PN00-4.edf"", ""PN00-5.edf""]"
PN00,PN00-2.edf,1405,1395,1405,1345,1405,True,True,False,False,0,2302,-1,ignore,,,0.77642626097064071,1.01,E0_LR,20260922,True,nested,"[""PN00-1.edf"", ""PN00-4.edf"", ""PN00-5.edf""]"
PN00,PN00-2.edf,1410,1400,1410,1350,1410,True,True,False,False,0,2302,-1,ignore,,,0.85347946834145749,1.01,E0_LR,20260922,True,nested,"[""PN00-1.edf"", ""PN00-4.edf"", ""PN00-5.edf""]"
PN00,PN00-2.edf,1415,1405,1415,1355,1415,True,True,False,False,0,2302,-1,ignore,,,0.63112266353776858,1.01,E0_LR,20260922,True,nested,"[""PN00-1.edf"", ""PN00-4.edf"", ""PN00-5.edf""]"
PN00,PN00-2.edf,1420,1410,1420,1360,1420,True,True,False,False,0,2302,-1,ignore,,,0.79531259036290658,1.01,E0_LR,20260922,True,nested,"[""PN00-1.edf"", ""PN00-4.edf"", ""PN00-5.edf""]"
PN00,PN00-2.edf,1425,1415,1425,1365,1425,True,True,False,False,0,2302,-1,ignore,,,0.76334794403116346,1.01,E0_LR,20260922,True,nested,"[""PN00-1.edf"", ""PN00-4.edf"", ""PN00-5.edf""]"
PN00,PN00-2.edf,1430,1420,1430,1370,1430,True,True,False,False,0,2302,-1,ignore,,,0.34484038993592842,1.01,E0_LR,20260922,True,nested,"[""PN00-1.edf"", ""PN00-4.edf"", ""PN00-5.edf""]"
PN00,PN00-2.edf,1435,1425,1435,1375,1435,True,True,False,False,0,2302,-1,ignore,,,0.45558046120502937,1.01,E0_LR,20260922,True,nested,"[""PN00-1.edf"", ""PN00-4.edf"", ""PN00-5.edf""]"
PN00,PN00-2.edf,1440,1430,1440,1380,1440,True,True,False,False,0,2302,-1,ignore,,,0.32471309196234122,1.01,E0_LR,20260922,True,nested,"[""PN00-1.edf"", ""PN00-4.edf"", ""PN00-5.edf""]"
PN00,PN00-2.edf,1445,1435,1445,1385,1445,True,True,False,False,0,2302,-1,ignore,,,0.84872472693728163,1.01,E0_LR,20260922,True,nested,"[""PN00-1.edf"", ""PN00-4.edf"", ""PN00-5.edf""]"
PN00,PN00-2.edf,1450,1440,1450,1390,1450,True,True,False,False,0,2302,-1,ignore,,,0.38159424577971679,1.01,E0_LR,20260922,True,nested,"[""PN00-1.edf"", ""PN00-4.edf"", ""PN00-5.edf""]"
PN00,PN00-2.edf,1455,1445,1455,1395,1455,True,True,False,False,0,2302,-1,ignore,,,0.73483811119653175,1.01,E0_LR,20260922,True,nested,"[""PN00-1.edf"", ""PN00-4.edf"", ""PN00-5.edf""]"
PN00,PN00-2.edf,1460,1450,1460,1400,1460,True,True,False,False,0,2302,-1,ignore,,,0.63228502499445904,1.01,E0_LR,20260922,True,nested,"[""PN00-1.edf"", ""PN00-4.edf"", ""PN00-5.edf""]"
PN00,PN00-2.edf,1465,1455,1465,1405,1465,True,True,False,False,0,2302,-1,ignore,,,0.1718657006879816,1.01,E0_LR,20260922,True,nested,"[""PN00-1.edf"", ""PN00-4.edf"", ""PN00-5.edf""]"
PN00,PN00-2.edf,1470,1460,1470,1410,1470,True,True,False,False,0,2302,-1,ignore,,,0.070649653419510669,1.01,E0_LR,20260922,True,nested,"[""PN00-1.edf"", ""PN00-4.edf"", ""PN00-5.edf""]"
PN00,PN00-2.edf,1475,1465,1475,1415,1475,True,True,False,False,0,2302,-1,ignore,,,0.10918102838727901,1.01,E0_LR,20260922,True,nested,"[""PN00-1.edf"", ""PN00-4.edf"", ""PN00-5.edf""]"
PN00,PN00-2.edf,1480,1470,1480,1420,1480,True,True,False,False,0,2302,-1,ignore,,,0.30775230215594512,1.01,E0_LR,20260922,True,nested,"[""PN00-1.edf"", ""PN00-4.edf"", ""PN00-5.edf""]"
PN00,PN00-2.edf,1485,1475,1485,1425,1485,True,True,False,False,0,2302,-1,ignore,,,0.62520167504614632,1.01,E0_LR,20260922,True,nested,"[""PN00-1.edf"", ""PN00-4.edf"", ""PN00-5.edf""]"
PN00,PN00-2.edf,1490,1480,1490,1430,1490,True,True,False,False,0,2302,-1,ignore,,,0.36202611377305755,1.01,E0_LR,20260922,True,nested,"[""PN00-1.edf"", ""PN00-4.edf"", ""PN00-5.edf""]"
PN00,PN00-2.edf,1495,1485,1495,1435,1495,True,True,False,False,0,2302,-1,ignore,,,0.2080813691523255,1.01,E0_LR,20260922,True,nested,"[""PN00-1.edf"", ""PN00-4.edf"", ""PN00-5.edf""]"
PN00,PN00-2.edf,1500,1490,1500,1440,1500,True,True,False,False,0,2302,-1,ignore,,,0.24639980982767834,1.01,E0_LR,20260922,True,nested,"[""PN00-1.edf"", ""PN00-4.edf"", ""PN00-5.edf""]"
PN00,PN00-2.edf,1505,1495,1505,1445,1505,True,True,False,False,0,2302,-1,ignore,,,0.2276321534812451,1.01,E0_LR,20260922,True,nested,"[""PN00-1.edf"", ""PN00-4.edf"", ""PN00-5.edf""]"
PN00,PN00-2.edf,1510,1500,1510,1450,1510,True,True,False,False,0,2302,-1,ignore,,,0.15910426538202393,1.01,E0_LR,20260922,True,nested,"[""PN00-1.edf"", ""PN00-4.edf"", ""PN00-5.edf""]"
PN00,PN00-2.edf,1515,1505,1515,1455,1515,True,True,False,False,0,2302,-1,ignore,,,0.19199012707881943,1.01,E0_LR,20260922,True,nested,"[""PN00-1.edf"", ""PN00-4.edf"", ""PN00-5.edf""]"
PN00,PN00-2.edf,1520,1510,1520,1460,1520,True,True,False,False,0,2302,-1,ignore,,,0.15561839500464747,1.01,E0_LR,20260922,True,nested,"[""PN00-1.edf"", ""PN00-4.edf"", ""PN00-5.edf""]"
PN00,PN00-2.edf,1525,1515,1525,1465,1525,True,True,False,False,0,2302,-1,ignore,,,0.148312788639518,1.01,E0_LR,20260922,True,nested,"[""PN00-1.edf"", ""PN00-4.edf"", ""PN00-5.edf""]"
PN00,PN00-2.edf,1530,1520,1530,1470,1530,True,True,False,False,0,2302,-1,ignore,,,0.080206737174536788,1.01,E0_LR,20260922,True,nested,"[""PN00-1.edf"", ""PN00-4.edf"", ""PN00-5.edf""]"
PN00,PN00-2.edf,1535,1525,1535,1475,1535,True,True,False,False,0,2302,-1,ignore,,,0.24299995734462196,1.01,E0_LR,20260922,True,nested,"[""PN00-1.edf"", ""PN00-4.edf"", ""PN00-5.edf""]"
PN00,PN00-2.edf,1540,1530,1540,1480,1540,True,True,False,False,0,2302,-1,ignore,,,0.0080471470369410728,1.01,E0_LR,20260922,True,nested,"[""PN00-1.edf"", ""PN00-4.edf"", ""PN00-5.edf""]"
PN00,PN00-2.edf,1545,1535,1545,1485,1545,True,True,False,False,0,2302,-1,ignore,,,0.51022328035603448,1.01,E0_LR,20260922,True,nested,"[""PN00-1.edf"", ""PN00-4.edf"", ""PN00-5.edf""]"
PN00,PN00-2.edf,1550,1540,1550,1490,1550,True,True,False,False,0,2302,-1,ignore,,,0.65146621918731507,1.01,E0_LR,20260922,True,nested,"[""PN00-1.edf"", ""PN00-4.edf"", ""PN00-5.edf""]"
PN00,PN00-2.edf,1555,1545,1555,1495,1555,True,True,False,False,0,2302,-1,ignore,,,0.36346765430608335,1.01,E0_LR,20260922,True,nested,"[""PN00-1.edf"", ""PN00-4.edf"", ""PN00-5.edf""]"
PN00,PN00-2.edf,1560,1550,1560,1500,1560,True,True,False,False,0,2302,-1,ignore,,,0.26808888760989141,1.01,E0_LR,20260922,True,nested,"[""PN00-1.edf"", ""PN00-4.edf"", ""PN00-5.edf""]"
PN00,PN00-2.edf,1565,1555,1565,1505,1565,True,True,False,False,0,2302,-1,ignore,,,0.12846153764326065,1.01,E0_LR,20260922,True,nested,"[""PN00-1.edf"", ""PN00-4.edf"", ""PN00-5.edf""]"
PN00,PN00-2.edf,1570,1560,1570,1510,1570,True,True,False,False,0,2302,-1,ignore,,,0.087315585291891151,1.01,E0_LR,20260922,True,nested,"[""PN00-1.edf"", ""PN00-4.edf"", ""PN00-5.edf""]"
PN00,PN00-2.edf,1575,1565,1575,1515,1575,True,True,False,True,0,2302,0,negative,,,0.070776298854995659,1.01,E0_LR,20260922,True,nested,"[""PN00-1.edf"", ""PN00-4.edf"", ""PN00-5.edf""]"
PN00,PN00-2.edf,1580,1570,1580,1520,1580,True,True,False,True,0,2302,0,negative,,,0.7588976434164002,1.01,E0_LR,20260922,True,nested,"[""PN00-1.edf"", ""PN00-4.edf"", ""PN00-5.edf""]"
PN00,PN00-2.edf,1585,1575,1585,1525,1585,True,True,False,True,0,2302,0,negative,,,0.035155773068095475,1.01,E0_LR,20260922,True,nested,"[""PN00-1.edf"", ""PN00-4.edf"", ""PN00-5.edf""]"
PN00,PN00-2.edf,1590,1580,1590,1530,1590,True,True,False,True,0,2302,0,negative,,,0.061060347114059117,1.01,E0_LR,20260922,True,nested,"[""PN00-1.edf"", ""PN00-4.edf"", ""PN00-5.edf""]"
PN00,PN00-2.edf,1595,1585,1595,1535,1595,True,True,False,True,0,2302,0,negative,,,0.041447524109487696,1.01,E0_LR,20260922,True,nested,"[""PN00-1.edf"", ""PN00-4.edf"", ""PN00-5.edf""]"
PN00,PN00-2.edf,1600,1590,1600,1540,1600,True,True,False,True,0,2302,0,negative,,,0.20023616257706361,1.01,E0_LR,20260922,True,nested,"[""PN00-1.edf"", ""PN00-4.edf"", ""PN00-5.edf""]"
PN00,PN00-2.edf,1605,1595,1605,1545,1605,True,True,False,True,0,2302,0,negative,,,0.32316387154125858,1.01,E0_LR,20260922,True,nested,"[""PN00-1.edf"", ""PN00-4.edf"", ""PN00-5.edf""]"
PN00,PN00-2.edf,1610,1600,1610,1550,1610,True,True,False,True,0,2302,0,negative,,,0.14054785877841286,1.01,E0_LR,20260922,True,nested,"[""PN00-1.edf"", ""PN00-4.edf"", ""PN00-5.edf""]"
PN00,PN00-2.edf,1615,1605,1615,1555,1615,True,True,False,True,0,2302,0,negative,,,0.13418125403126993,1.01,E0_LR,20260922,True,nested,"[""PN00-1.edf"", ""PN00-4.edf"", ""PN00-5.edf""]"
PN00,PN00-2.edf,1620,1610,1620,1560,1620,True,True,False,True,0,2302,0,negative,,,0.06565298629520093,1.01,E0_LR,20260922,True,nested,"[""PN00-1.edf"", ""PN00-4.edf"", ""PN00-5.edf""]"
PN00,PN00-2.edf,1625,1615,1625,1565,1625,True,True,False,True,0,2302,0,negative,,,0.049957737360873965,1.01,E0_LR,20260922,True,nested,"[""PN00-1.edf"", ""PN00-4.edf"", ""PN00-5.edf""]"
PN00,PN00-2.edf,1630,1620,1630,1570,1630,True,True,False,True,0,2302,0,negative,,,0.034108148840655793,1.01,E0_LR,20260922,True,nested,"[""PN00-1.edf"", ""PN00-4.edf"", ""PN00-5.edf""]"
PN00,PN00-2.edf,1635,1625,1635,1575,1635,True,True,False,True,0,2302,0,negative,,,0.015496123813718753,1.01,E0_LR,20260922,True,nested,"[""PN00-1.edf"", ""PN00-4.edf"", ""PN00-5.edf""]"
PN00,PN00-2.edf,1640,1630,1640,1580,1640,True,True,False,True,0,2302,0,negative,,,0.0086670536785670872,1.01,E0_LR,20260922,True,nested,"[""PN00-1.edf"", ""PN00-4.edf"", ""PN00-5.edf""]"
PN00,PN00-2.edf,1645,1635,1645,1585,1645,True,True,False,True,0,2302,0,negative,,,0.071838925937022666,1.01,E0_LR,20260922,True,nested,"[""PN00-1.edf"", ""PN00-4.edf"", ""PN00-5.edf""]"
PN00,PN00-2.edf,1650,1640,1650,1590,1650,True,True,False,True,0,2302,0,negative,,,0.021949267457817469,1.01,E0_LR,20260922,True,nested,"[""PN00-1.edf"", ""PN00-4.edf"", ""PN00-5.edf""]"
PN00,PN00-2.edf,1655,1645,1655,1595,1655,True,True,False,True,0,2302,0,negative,,,0.011313649547824602,1.01,E0_LR,20260922,True,nested,"[""PN00-1.edf"", ""PN00-4.edf"", ""PN00-5.edf""]"
PN00,PN00-2.edf,1660,1650,1660,1600,1660,True,True,False,True,0,2302,0,negative,,,0.0016485501054367968,1.01,E0_LR,20260922,True,nested,"[""PN00-1.edf"", ""PN00-4.edf"", ""PN00-5.edf""]"
PN00,PN00-2.edf,1665,1655,1665,1605,1665,True,True,False,True,0,2302,0,negative,,,0.0036680572391932743,1.01,E0_LR,20260922,True,nested,"[""PN00-1.edf"", ""PN00-4.edf"", ""PN00-5.edf""]"
PN00,PN00-2.edf,1670,1660,1670,1610,1670,True,True,False,True,0,2302,0,negative,,,0.051430758385098425,1.01,E0_LR,20260922,True,nested,"[""PN00-1.edf"", ""PN00-4.edf"", ""PN00-5.edf""]"
PN00,PN00-2.edf,1675,1665,1675,1615,1675,True,True,False,True,0,2302,0,negative,,,0.0081659534582311025,1.01,E0_LR,20260922,True,nested,"[""PN00-1.edf"", ""PN00-4.edf"", ""PN00-5.edf""]"
PN00,PN00-2.edf,1680,1670,1680,1620,1680,True,True,False,True,0,2302,0,negative,,,0.02039410549727565,1.01,E0_LR,20260922,True,nested,"[""PN00-1.edf"", ""PN00-4.edf"", ""PN00-5.edf""]"
PN00,PN00-2.edf,1685,1675,1685,1625,1685,True,True,False,True,0,2302,0,negative,,,0.0019787034298459419,1.01,E0_LR,20260922,True,nested,"[""PN00-1.edf"", ""PN00-4.edf"", ""PN00-5.edf""]"
PN00,PN00-2.edf,1690,1680,1690,1630,1690,True,True,False,True,0,2302,0,negative,,,0.0060068992643269228,1.01,E0_LR,20260922,True,nested,"[""PN00-1.edf"", ""PN00-4.edf"", ""PN00-5.edf""]"
PN00,PN00-2.edf,1695,1685,1695,1635,1695,True,True,False,True,0,2302,0,negative,,,0.00086971886519747509,1.01,E0_LR,20260922,True,nested,"[""PN00-1.edf"", ""PN00-4.edf"", ""PN00-5.edf""]"
PN00,PN00-2.edf,1700,1690,1700,1640,1700,True,True,False,True,0,2302,0,negative,,,7.8008629896479076e-07,1.01,E0_LR,20260922,True,nested,"[""PN00-1.edf"", ""PN00-4.edf"", ""PN00-5.edf""]"
PN00,PN00-2.edf,1705,1695,1705,1645,1705,True,True,False,True,0,2302,0,negative,,,0.99990942052362253,1.01,E0_LR,20260922,True,nested,"[""PN00-1.edf"", ""PN00-4.edf"", ""PN00-5.edf""]"
PN00,PN00-2.edf,1710,1700,1710,1650,1710,True,True,False,True,0,2302,0,negative,,,0.96673692103975062,1.01,E0_LR,20260922,True,nested,"[""PN00-1.edf"", ""PN00-4.edf"", ""PN00-5.edf""]"
PN00,PN00-2.edf,1715,1705,1715,1655,1715,True,True,False,True,0,2302,0,negative,,,0.27633833187659301,1.01,E0_LR,20260922,True,nested,"[""PN00-1.edf"", ""PN00-4.edf"", ""PN00-5.edf""]"
PN00,PN00-2.edf,1720,1710,1720,1660,1720,True,True,False,True,0,2302,0,negative,,,0.17472561035487788,1.01,E0_LR,20260922,True,nested,"[""PN00-1.edf"", ""PN00-4.edf"", ""PN00-5.edf""]"
PN00,PN00-2.edf,1725,1715,1725,1665,1725,True,True,False,True,0,2302,0,negative,,,0.062594123000163607,1.01,E0_LR,20260922,True,nested,"[""PN00-1.edf"", ""PN00-4.edf"", ""PN00-5.edf""]"
PN00,PN00-2.edf,1730,1720,1730,1670,1730,True,True,False,True,0,2302,0,negative,,,0.065368979922701603,1.01,E0_LR,20260922,True,nested,"[""PN00-1.edf"", ""PN00-4.edf"", ""PN00-5.edf""]"
PN00,PN00-2.edf,1735,1725,1735,1675,1735,True,True,False,True,0,2302,0,negative,,,0.0054483485670738692,1.01,E0_LR,20260922,True,nested,"[""PN00-1.edf"", ""PN00-4.edf"", ""PN00-5.edf""]"
PN00,PN00-2.edf,1740,1730,1740,1680,1740,True,True,False,True,0,2302,0,negative,,,0.022039518939606009,1.01,E0_LR,20260922,True,nested,"[""PN00-1.edf"", ""PN00-4.edf"", ""PN00-5.edf""]"
PN00,PN00-2.edf,1745,1735,1745,1685,1745,True,True,False,True,0,2302,0,negative,,,0.006771523127272909,1.01,E0_LR,20260922,True,nested,"[""PN00-1.edf"", ""PN00-4.edf"", ""PN00-5.edf""]"
PN00,PN00-2.edf,1750,1740,1750,1690,1750,True,True,False,True,0,2302,0,negative,,,0.043555589410731059,1.01,E0_LR,20260922,True,nested,"[""PN00-1.edf"", ""PN00-4.edf"", ""PN00-5.edf""]"
PN00,PN00-2.edf,1755,1745,1755,1695,1755,True,True,False,True,0,2302,0,negative,,,0.01158231160641722,1.01,E0_LR,20260922,True,nested,"[""PN00-1.edf"", ""PN00-4.edf"", ""PN00-5.edf""]"
PN00,PN00-2.edf,1760,1750,1760,1700,1760,True,True,False,True,0,2302,0,negative,,,0.0068308961326900277,1.01,E0_LR,20260922,True,nested,"[""PN00-1.edf"", ""PN00-4.edf"", ""PN00-5.edf""]"
PN00,PN00-2.edf,1765,1755,1765,1705,1765,True,True,False,True,0,2302,0,negative,,,0.0049797157783929491,1.01,E0_LR,20260922,True,nested,"[""PN00-1.edf"", ""PN00-4.edf"", ""PN00-5.edf""]"
PN00,PN00-2.edf,1770,1760,1770,1710,1770,True,True,False,True,0,2302,0,negative,,,0.0095114033645214095,1.01,E0_LR,20260922,True,nested,"[""PN00-1.edf"", ""PN00-4.edf"", ""PN00-5.edf""]"
PN00,PN00-2.edf,1775,1765,1775,1715,1775,True,True,False,True,0,2302,0,negative,,,0.048461856402135482,1.01,E0_LR,20260922,True,nested,"[""PN00-1.edf"", ""PN00-4.edf"", ""PN00-5.edf""]"
PN00,PN00-2.edf,1780,1770,1780,1720,1780,True,True,False,True,0,2302,0,negative,,,0.00056312337554261459,1.01,E0_LR,20260922,True,nested,"[""PN00-1.edf"", ""PN00-4.edf"", ""PN00-5.edf""]"
PN00,PN00-2.edf,1785,1775,1785,1725,1785,True,True,False,True,0,2302,0,negative,,,0.0075178005612215092,1.01,E0_LR,20260922,True,nested,"[""PN00-1.edf"", ""PN00-4.edf"", ""PN00-5.edf""]"
PN00,PN00-2.edf,1790,1780,1790,1730,1790,True,True,False,True,0,2302,0,negative,,,0.0097908583418950014,1.01,E0_LR,20260922,True,nested,"[""PN00-1.edf"", ""PN00-4.edf"", ""PN00-5.edf""]"
PN00,PN00-2.edf,1795,1785,1795,1735,1795,True,True,False,True,0,2302,0,negative,,,0.0044261002010608352,1.01,E0_LR,20260922,True,nested,"[""PN00-1.edf"", ""PN00-4.edf"", ""PN00-5.edf""]"
PN00,PN00-2.edf,1800,1790,1800,1740,1800,True,True,False,True,0,2302,0,negative,,,0.0012087784123931235,1.01,E0_LR,20260922,True,nested,"[""PN00-1.edf"", ""PN00-4.edf"", ""PN00-5.edf""]"
PN00,PN00-2.edf,1805,1795,1805,1745,1805,True,True,False,True,0,2302,0,negative,,,0.0025678707148681272,1.01,E0_LR,20260922,True,nested,"[""PN00-1.edf"", ""PN00-4.edf"", ""PN00-5.edf""]"
PN00,PN00-2.edf,1810,1800,1810,1750,1810,True,True,False,True,0,2302,0,negative,,,0.0047339401317569299,1.01,E0_LR,20260922,True,nested,"[""PN00-1.edf"", ""PN00-4.edf"", ""PN00-5.edf""]"
PN00,PN00-2.edf,1815,1805,1815,1755,1815,True,True,False,True,0,2302,0,negative,,,0.0070921067630444435,1.01,E0_LR,20260922,True,nested,"[""PN00-1.edf"", ""PN00-4.edf"", ""PN00-5.edf""]"
PN00,PN00-2.edf,1820,1810,1820,1760,1820,True,True,False,True,0,2302,0,negative,,,0.0037603897047666151,1.01,E0_LR,20260922,True,nested,"[""PN00-1.edf"", ""PN00-4.edf"", ""PN00-5.edf""]"
PN00,PN00-2.edf,1825,1815,1825,1765,1825,True,True,False,True,0,2302,0,negative,,,0.0048134878043180141,1.01,E0_LR,20260922,True,nested,"[""PN00-1.edf"", ""PN00-4.edf"", ""PN00-5.edf""]"
PN00,PN00-2.edf,1830,1820,1830,1770,1830,True,True,False,True,0,2302,0,negative,,,0.00087779963312381744,1.01,E0_LR,20260922,True,nested,"[""PN00-1.edf"", ""PN00-4.edf"", ""PN00-5.edf""]"
PN00,PN00-2.edf,1835,1825,1835,1775,1835,True,True,False,True,0,2302,0,negative,,,0.00051401800604681353,1.01,E0_LR,20260922,True,nested,"[""PN00-1.edf"", ""PN00-4.edf"", ""PN00-5.edf""]"
PN00,PN00-2.edf,1840,1830,1840,1780,1840,True,True,False,True,0,2302,0,negative,,,0.00081374020116025574,1.01,E0_LR,20260922,True,nested,"[""PN00-1.edf"", ""PN00-4.edf"", ""PN00-5.edf""]"
PN00,PN00-2.edf,1845,1835,1845,1785,1845,True,True,False,True,0,2302,0,negative,,,0.00065532737746811073,1.01,E0_LR,20260922,True,nested,"[""PN00-1.edf"", ""PN00-4.edf"", ""PN00-5.edf""]"
PN00,PN00-2.edf,1850,1840,1850,1790,1850,True,True,False,True,0,2302,0,negative,,,0.010604099695871564,1.01,E0_LR,20260922,True,nested,"[""PN00-1.edf"", ""PN00-4.edf"", ""PN00-5.edf""]"
PN00,PN00-2.edf,1855,1845,1855,1795,1855,True,True,False,True,0,2302,0,negative,,,0.085461005695843986,1.01,E0_LR,20260922,True,nested,"[""PN00-1.edf"", ""PN00-4.edf"", ""PN00-5.edf""]"
PN00,PN00-2.edf,1860,1850,1860,1800,1860,True,True,False,True,0,2302,0,negative,,,0.0020403026250162722,1.01,E0_LR,20260922,True,nested,"[""PN00-1.edf"", ""PN00-4.edf"", ""PN00-5.edf""]"
PN00,PN00-2.edf,1865,1855,1865,1805,1865,True,True,False,True,0,2302,0,negative,,,0.31223960602795153,1.01,E0_LR,20260922,True,nested,"[""PN00-1.edf"", ""PN00-4.edf"", ""PN00-5.edf""]"
PN00,PN00-2.edf,1870,1860,1870,1810,1870,True,True,False,True,0,2302,0,negative,,,0.0039023168961899125,1.01,E0_LR,20260922,True,nested,"[""PN00-1.edf"", ""PN00-4.edf"", ""PN00-5.edf""]"
PN00,PN00-2.edf,1875,1865,1875,1815,1875,True,True,False,True,0,2302,0,negative,,,0.00068074038401033448,1.01,E0_LR,20260922,True,nested,"[""PN00-1.edf"", ""PN00-4.edf"", ""PN00-5.edf""]"
PN00,PN00-2.edf,1880,1870,1880,1820,1880,True,True,False,True,0,2302,0,negative,,,0.007753013119397599,1.01,E0_LR,20260922,True,nested,"[""PN00-1.edf"", ""PN00-4.edf"", ""PN00-5.edf""]"
PN00,PN00-2.edf,1885,1875,1885,1825,1885,True,True,False,True,0,2302,0,negative,,,0.085463767615785891,1.01,E0_LR,20260922,True,nested,"[""PN00-1.edf"", ""PN00-4.edf"", ""PN00-5.edf""]"
PN00,PN00-2.edf,1890,1880,1890,1830,1890,True,True,False,True,0,2302,0,negative,,,0.010255066346709927,1.01,E0_LR,20260922,True,nested,"[""PN00-1.edf"", ""PN00-4.edf"", ""PN00-5.edf""]"
PN00,PN00-2.edf,1895,1885,1895,1835,1895,True,True,False,True,0,2302,0,negative,,,0.014707181749038737,1.01,E0_LR,20260922,True,nested,"[""PN00-1.edf"", ""PN00-4.edf"", ""PN00-5.edf""]"
PN00,PN00-2.edf,1900,1890,1900,1840,1900,True,True,False,True,0,2302,0,negative,,,0.98771848566130838,1.01,E0_LR,20260922,True,nested,"[""PN00-1.edf"", ""PN00-4.edf"", ""PN00-5.edf""]"
PN00,PN00-2.edf,1905,1895,1905,1845,1905,True,True,False,True,0,2302,0,negative,,,0.95934706098670464,1.01,E0_LR,20260922,True,nested,"[""PN00-1.edf"", ""PN00-4.edf"", ""PN00-5.edf""]"
PN00,PN00-2.edf,1910,1900,1910,1850,1910,True,True,False,True,0,2302,0,negative,,,0.14343291197344721,1.01,E0_LR,20260922,True,nested,"[""PN00-1.edf"", ""PN00-4.edf"", ""PN00-5.edf""]"
PN00,PN00-2.edf,1915,1905,1915,1855,1915,True,True,False,True,0,2302,0,negative,,,0.45439807703694823,1.01,E0_LR,20260922,True,nested,"[""PN00-1.edf"", ""PN00-4.edf"", ""PN00-5.edf""]"
PN00,PN00-2.edf,1920,1910,1920,1860,1920,True,True,False,True,0,2302,0,negative,,,0.071059896759396959,1.01,E0_LR,20260922,True,nested,"[""PN00-1.edf"", ""PN00-4.edf"", ""PN00-5.edf""]"
PN00,PN00-2.edf,1925,1915,1925,1865,1925,True,True,False,True,0,2302,0,negative,,,0.042886057016776287,1.01,E0_LR,20260922,True,nested,"[""PN00-1.edf"", ""PN00-4.edf"", ""PN00-5.edf""]"
PN00,PN00-2.edf,1930,1920,1930,1870,1930,True,True,False,True,0,2302,0,negative,,,0.01093633068974059,1.01,E0_LR,20260922,True,nested,"[""PN00-1.edf"", ""PN00-4.edf"", ""PN00-5.edf""]"
PN00,PN00-2.edf,1935,1925,1935,1875,1935,True,True,False,True,0,2302,0,negative,,,0.010018768171220677,1.01,E0_LR,20260922,True,nested,"[""PN00-1.edf"", ""PN00-4.edf"", ""PN00-5.edf""]"
PN00,PN00-2.edf,1940,1930,1940,1880,1940,True,True,False,True,0,2302,0,negative,,,0.0019531575505464371,1.01,E0_LR,20260922,True,nested,"[""PN00-1.edf"", ""PN00-4.edf"", ""PN00-5.edf""]"
PN00,PN00-2.edf,1945,1935,1945,1885,1945,True,True,False,True,0,2302,0,negative,,,0.0094615048085741268,1.01,E0_LR,20260922,True,nested,"[""PN00-1.edf"", ""PN00-4.edf"", ""PN00-5.edf""]"
PN00,PN00-2.edf,1950,1940,1950,1890,1950,True,True,False,True,0,2302,0,negative,,,0.001694202138834222,1.01,E0_LR,20260922,True,nested,"[""PN00-1.edf"", ""PN00-4.edf"", ""PN00-5.edf""]"
PN00,PN00-2.edf,1955,1945,1955,1895,1955,True,True,False,True,0,2302,0,negative,,,0.022648696137023555,1.01,E0_LR,20260922,True,nested,"[""PN00-1.edf"", ""PN00-4.edf"", ""PN00-5.edf""]"
PN00,PN00-2.edf,1960,1950,1960,1900,1960,True,True,False,True,0,2302,0,negative,,,0.0027479704531762792,1.01,E0_LR,20260922,True,nested,"[""PN00-1.edf"", ""PN00-4.edf"", ""PN00-5.edf""]"
PN00,PN00-2.edf,1965,1955,1965,1905,1965,True,True,False,True,0,2302,0,negative,,,0.0035583426451528634,1.01,E0_LR,20260922,True,nested,"[""PN00-1.edf"", ""PN00-4.edf"", ""PN00-5.edf""]"
PN00,PN00-2.edf,1970,1960,1970,1910,1970,True,True,False,True,0,2302,0,negative,,,0.0030220756032029203,1.01,E0_LR,20260922,True,nested,"[""PN00-1.edf"", ""PN00-4.edf"", ""PN00-5.edf""]"
PN00,PN00-2.edf,1975,1965,1975,1915,1975,True,True,False,True,0,2302,0,negative,,,0.0041374675125103256,1.01,E0_LR,20260922,True,nested,"[""PN00-1.edf"", ""PN00-4.edf"", ""PN00-5.edf""]"
PN00,PN00-2.edf,1980,1970,1980,1920,1980,True,True,False,True,0,2302,0,negative,,,0.004053639765657163,1.01,E0_LR,20260922,True,nested,"[""PN00-1.edf"", ""PN00-4.edf"", ""PN00-5.edf""]"
PN00,PN00-2.edf,1985,1975,1985,1925,1985,True,True,False,True,0,2302,0,negative,,,0.0023521154967776712,1.01,E0_LR,20260922,True,nested,"[""PN00-1.edf"", ""PN00-4.edf"", ""PN00-5.edf""]"
PN00,PN00-2.edf,1990,1980,1990,1930,1990,True,True,False,True,0,2302,0,negative,,,0.0003502898648847188,1.01,E0_LR,20260922,True,nested,"[""PN00-1.edf"", ""PN00-4.edf"", ""PN00-5.edf""]"
PN00,PN00-2.edf,1995,1985,1995,1935,1995,True,True,False,True,0,2302,0,negative,,,0.00075090374831944962,1.01,E0_LR,20260922,True,nested,"[""PN00-1.edf"", ""PN00-4.edf"", ""PN00-5.edf""]"
PN00,PN00-2.edf,2000,1990,2000,1940,2000,True,True,False,True,0,2302,0,negative,,,0.025109123793131988,1.01,E0_LR,20260922,True,nested,"[""PN00-1.edf"", ""PN00-4.edf"", ""PN00-5.edf""]"
PN00,PN00-2.edf,2005,1995,2005,1945,2005,True,True,False,True,0,2302,0,negative,,,0.0022138799770931063,1.01,E0_LR,20260922,True,nested,"[""PN00-1.edf"", ""PN00-4.edf"", ""PN00-5.edf""]"
PN00,PN00-2.edf,2010,2000,2010,1950,2010,True,True,False,True,0,2302,0,negative,,,0.0028002128454163869,1.01,E0_LR,20260922,True,nested,"[""PN00-1.edf"", ""PN00-4.edf"", ""PN00-5.edf""]"
PN00,PN00-2.edf,2015,2005,2015,1955,2015,True,True,False,True,0,2302,0,negative,,,0.010036542077009668,1.01,E0_LR,20260922,True,nested,"[""PN00-1.edf"", ""PN00-4.edf"", ""PN00-5.edf""]"
PN00,PN00-2.edf,2020,2010,2020,1960,2020,True,True,False,True,0,2302,0,negative,,,0.0015367159460895443,1.01,E0_LR,20260922,True,nested,"[""PN00-1.edf"", ""PN00-4.edf"", ""PN00-5.edf""]"
PN00,PN00-2.edf,2025,2015,2025,1965,2025,True,True,False,True,0,2302,0,negative,,,0.0014788505691113445,1.01,E0_LR,20260922,True,nested,"[""PN00-1.edf"", ""PN00-4.edf"", ""PN00-5.edf""]"
PN00,PN00-2.edf,2030,2020,2030,1970,2030,True,True,False,True,0,2302,0,negative,,,0.0074241512996472926,1.01,E0_LR,20260922,True,nested,"[""PN00-1.edf"", ""PN00-4.edf"", ""PN00-5.edf""]"
PN00,PN00-2.edf,2035,2025,2035,1975,2035,True,True,False,True,0,2302,0,negative,,,0.0087086192625287079,1.01,E0_LR,20260922,True,nested,"[""PN00-1.edf"", ""PN00-4.edf"", ""PN00-5.edf""]"
PN00,PN00-2.edf,2040,2030,2040,1980,2040,True,True,False,True,0,2302,0,negative,,,0.039779667400552714,1.01,E0_LR,20260922,True,nested,"[""PN00-1.edf"", ""PN00-4.edf"", ""PN00-5.edf""]"
PN00,PN00-2.edf,2045,2035,2045,1985,2045,True,True,False,True,0,2302,0,negative,,,0.00062693753034398709,1.01,E0_LR,20260922,True,nested,"[""PN00-1.edf"", ""PN00-4.edf"", ""PN00-5.edf""]"
PN00,PN00-2.edf,2050,2040,2050,1990,2050,True,True,False,True,0,2302,0,negative,,,0.0010607245204240037,1.01,E0_LR,20260922,True,nested,"[""PN00-1.edf"", ""PN00-4.edf"", ""PN00-5.edf""]"
PN00,PN00-2.edf,2055,2045,2055,1995,2055,True,True,False,True,0,2302,0,negative,,,0.0018655120664349647,1.01,E0_LR,20260922,True,nested,"[""PN00-1.edf"", ""PN00-4.edf"", ""PN00-5.edf""]"
PN00,PN00-2.edf,2060,2050,2060,2000,2060,True,True,False,True,0,2302,0,negative,,,0.087643943469796717,1.01,E0_LR,20260922,True,nested,"[""PN00-1.edf"", ""PN00-4.edf"", ""PN00-5.edf""]"
PN00,PN00-2.edf,2065,2055,2065,2005,2065,True,True,False,True,0,2302,0,negative,,,0.0029581916415491213,1.01,E0_LR,20260922,True,nested,"[""PN00-1.edf"", ""PN00-4.edf"", ""PN00-5.edf""]"
PN00,PN00-2.edf,2070,2060,2070,2010,2070,True,True,False,True,0,2302,0,negative,,,0.0030780938809327049,1.01,E0_LR,20260922,True,nested,"[""PN00-1.edf"", ""PN00-4.edf"", ""PN00-5.edf""]"
PN00,PN00-2.edf,2075,2065,2075,2015,2075,True,True,False,True,0,2302,0,negative,,,0.045884473365012439,1.01,E0_LR,20260922,True,nested,"[""PN00-1.edf"", ""PN00-4.edf"", ""PN00-5.edf""]"
PN00,PN00-2.edf,2080,2070,2080,2020,2080,True,True,False,True,0,2302,0,negative,,,0.00014315821417870759,1.01,E0_LR,20260922,True,nested,"[""PN00-1.edf"", ""PN00-4.edf"", ""PN00-5.edf""]"
PN00,PN00-2.edf,2085,2075,2085,2025,2085,True,True,False,True,0,2302,0,negative,,,0.81642500799116069,1.01,E0_LR,20260922,True,nested,"[""PN00-1.edf"", ""PN00-4.edf"", ""PN00-5.edf""]"
PN00,PN00-2.edf,2090,2080,2090,2030,2090,True,True,False,True,0,2302,0,negative,,,0.99955969046397264,1.01,E0_LR,20260922,True,nested,"[""PN00-1.edf"", ""PN00-4.edf"", ""PN00-5.edf""]"
PN00,PN00-2.edf,2095,2085,2095,2035,2095,True,True,False,True,0,2302,0,negative,,,0.96814130596573189,1.01,E0_LR,20260922,True,nested,"[""PN00-1.edf"", ""PN00-4.edf"", ""PN00-5.edf""]"
PN00,PN00-2.edf,2100,2090,2100,2040,2100,True,True,False,True,0,2302,0,negative,,,2.8603549753810272e-06,1.01,E0_LR,20260922,True,nested,"[""PN00-1.edf"", ""PN00-4.edf"", ""PN00-5.edf""]"
PN00,PN00-2.edf,2105,2095,2105,2045,2105,True,True,False,True,0,2302,0,negative,,,0.0004830442229380109,1.01,E0_LR,20260922,True,nested,"[""PN00-1.edf"", ""PN00-4.edf"", ""PN00-5.edf""]"
PN00,PN00-2.edf,2110,2100,2110,2050,2110,True,True,False,True,0,2302,0,negative,,,4.5418327037622526e-05,1.01,E0_LR,20260922,True,nested,"[""PN00-1.edf"", ""PN00-4.edf"", ""PN00-5.edf""]"
PN00,PN00-2.edf,2115,2105,2115,2055,2115,True,True,False,True,0,2302,0,negative,,,0.11004474039410209,1.01,E0_LR,20260922,True,nested,"[""PN00-1.edf"", ""PN00-4.edf"", ""PN00-5.edf""]"
PN00,PN00-2.edf,2120,2110,2120,2060,2120,True,True,False,True,0,2302,0,negative,,,0.0079118227815905915,1.01,E0_LR,20260922,True,nested,"[""PN00-1.edf"", ""PN00-4.edf"", ""PN00-5.edf""]"
PN00,PN00-2.edf,2125,2115,2125,2065,2125,True,True,False,True,0,2302,0,negative,,,0.00020162197267490579,1.01,E0_LR,20260922,True,nested,"[""PN00-1.edf"", ""PN00-4.edf"", ""PN00-5.edf""]"
PN00,PN00-2.edf,2130,2120,2130,2070,2130,True,True,False,True,0,2302,0,negative,,,0.0066714764852501204,1.01,E0_LR,20260922,True,nested,"[""PN00-1.edf"", ""PN00-4.edf"", ""PN00-5.edf""]"
PN00,PN00-2.edf,2135,2125,2135,2075,2135,True,True,False,True,0,2302,0,negative,,,0.044148392436448781,1.01,E0_LR,20260922,True,nested,"[""PN00-1.edf"", ""PN00-4.edf"", ""PN00-5.edf""]"
PN00,PN00-2.edf,2140,2130,2140,2080,2140,True,True,False,True,0,2302,0,negative,,,0.00054991504325976577,1.01,E0_LR,20260922,True,nested,"[""PN00-1.edf"", ""PN00-4.edf"", ""PN00-5.edf""]"
PN00,PN00-2.edf,2145,2135,2145,2085,2145,True,True,False,True,0,2302,0,negative,,,0.00035565553391901699,1.01,E0_LR,20260922,True,nested,"[""PN00-1.edf"", ""PN00-4.edf"", ""PN00-5.edf""]"
PN00,PN00-2.edf,2150,2140,2150,2090,2150,True,True,False,True,0,2302,0,negative,,,0.00076299221340076872,1.01,E0_LR,20260922,True,nested,"[""PN00-1.edf"", ""PN00-4.edf"", ""PN00-5.edf""]"
PN00,PN00-2.edf,2155,2145,2155,2095,2155,True,True,False,True,0,2302,0,negative,,,0.001641044337287861,1.01,E0_LR,20260922,True,nested,"[""PN00-1.edf"", ""PN00-4.edf"", ""PN00-5.edf""]"
PN00,PN00-2.edf,2160,2150,2160,2100,2160,True,True,False,True,0,2302,0,negative,,,0.00061585495402358473,1.01,E0_LR,20260922,True,nested,"[""PN00-1.edf"", ""PN00-4.edf"", ""PN00-5.edf""]"
PN00,PN00-2.edf,2165,2155,2165,2105,2165,True,True,False,True,0,2302,0,negative,,,0.0030929873818152441,1.01,E0_LR,20260922,True,nested,"[""PN00-1.edf"", ""PN00-4.edf"", ""PN00-5.edf""]"
PN00,PN00-2.edf,2170,2160,2170,2110,2170,True,True,False,True,0,2302,0,negative,,,0.001575693706604442,1.01,E0_LR,20260922,True,nested,"[""PN00-1.edf"", ""PN00-4.edf"", ""PN00-5.edf""]"
PN00,PN00-2.edf,2175,2165,2175,2115,2175,True,True,False,True,0,2302,0,negative,,,0.041514596375875283,1.01,E0_LR,20260922,True,nested,"[""PN00-1.edf"", ""PN00-4.edf"", ""PN00-5.edf""]"
PN00,PN00-2.edf,2180,2170,2180,2120,2180,True,True,False,True,0,2302,0,negative,,,0.091413315965734626,1.01,E0_LR,20260922,True,nested,"[""PN00-1.edf"", ""PN00-4.edf"", ""PN00-5.edf""]"
PN00,PN00-2.edf,2185,2175,2185,2125,2185,True,True,False,True,0,2302,0,negative,,,0.0095121943462416775,1.01,E0_LR,20260922,True,nested,"[""PN00-1.edf"", ""PN00-4.edf"", ""PN00-5.edf""]"
PN00,PN00-2.edf,2190,2180,2190,2130,2190,True,True,False,True,0,2302,0,negative,,,0.00074999509495819576,1.01,E0_LR,20260922,True,nested,"[""PN00-1.edf"", ""PN00-4.edf"", ""PN00-5.edf""]"
PN00,PN00-2.edf,2195,2185,2195,2135,2195,True,True,False,True,0,2302,0,negative,,,0.00053884752651922499,1.01,E0_LR,20260922,True,nested,"[""PN00-1.edf"", ""PN00-4.edf"", ""PN00-5.edf""]"
PN00,PN00-2.edf,2200,2190,2200,2140,2200,True,True,False,True,0,2302,0,negative,,,0.013139861784084396,1.01,E0_LR,20260922,True,nested,"[""PN00-1.edf"", ""PN00-4.edf"", ""PN00-5.edf""]"
PN00,PN00-2.edf,2205,2195,2205,2145,2205,True,True,False,True,0,2302,0,negative,,,0.0023828751444533651,1.01,E0_LR,20260922,True,nested,"[""PN00-1.edf"", ""PN00-4.edf"", ""PN00-5.edf""]"
PN00,PN00-2.edf,2210,2200,2210,2150,2210,True,True,False,True,0,2302,0,negative,,,0.0010270416951829917,1.01,E0_LR,20260922,True,nested,"[""PN00-1.edf"", ""PN00-4.edf"", ""PN00-5.edf""]"
PN00,PN00-2.edf,2215,2205,2215,2155,2215,True,True,False,True,0,2302,0,negative,,,0.002602863792779892,1.01,E0_LR,20260922,True,nested,"[""PN00-1.edf"", ""PN00-4.edf"", ""PN00-5.edf""]"
PN00,PN00-2.edf,2220,2210,2220,2160,2220,True,True,False,True,0,2302,0,negative,,,0.0031558006170386271,1.01,E0_LR,20260922,True,nested,"[""PN00-1.edf"", ""PN00-4.edf"", ""PN00-5.edf""]"
PN00,PN00-2.edf,2225,2215,2225,2165,2225,True,True,False,True,0,2302,0,negative,,,0.021384509171584611,1.01,E0_LR,20260922,True,nested,"[""PN00-1.edf"", ""PN00-4.edf"", ""PN00-5.edf""]"
PN00,PN00-2.edf,2230,2220,2230,2170,2230,True,True,False,True,0,2302,0,negative,,,0.015838512997758819,1.01,E0_LR,20260922,True,nested,"[""PN00-1.edf"", ""PN00-4.edf"", ""PN00-5.edf""]"
PN00,PN00-2.edf,2235,2225,2235,2175,2235,True,True,False,True,0,2302,0,negative,,,0.028244297007847998,1.01,E0_LR,20260922,True,nested,"[""PN00-1.edf"", ""PN00-4.edf"", ""PN00-5.edf""]"
PN00,PN00-2.edf,2240,2230,2240,2180,2240,True,True,False,True,0,2302,0,negative,,,0.032757038952203353,1.01,E0_LR,20260922,True,nested,"[""PN00-1.edf"", ""PN00-4.edf"", ""PN00-5.edf""]"
PN00,PN00-2.edf,2245,2235,2245,2185,2245,True,True,False,True,0,2302,0,negative,,,0.035014315313532794,1.01,E0_LR,20260922,True,nested,"[""PN00-1.edf"", ""PN00-4.edf"", ""PN00-5.edf""]"
PN00,PN00-2.edf,2250,2240,2250,2190,2250,True,True,False,True,0,2302,0,negative,,,0.019062296221925432,1.01,E0_LR,20260922,True,nested,"[""PN00-1.edf"", ""PN00-4.edf"", ""PN00-5.edf""]"
PN00,PN00-2.edf,2255,2245,2255,2195,2255,True,True,False,True,0,2302,0,negative,,,0.0047734405526856285,1.01,E0_LR,20260922,True,nested,"[""PN00-1.edf"", ""PN00-4.edf"", ""PN00-5.edf""]"
PN00,PN00-2.edf,2260,2250,2260,2200,2260,True,True,False,True,0,2302,0,negative,,,0.00022427015122057268,1.01,E0_LR,20260922,True,nested,"[""PN00-1.edf"", ""PN00-4.edf"", ""PN00-5.edf""]"
PN00,PN00-2.edf,2265,2255,2265,2205,2265,True,True,False,True,0,2302,0,negative,,,0.0018903111438436724,1.01,E0_LR,20260922,True,nested,"[""PN00-1.edf"", ""PN00-4.edf"", ""PN00-5.edf""]"
PN00,PN00-2.edf,2270,2260,2270,2210,2270,True,True,False,True,0,2302,0,negative,,,0.0016597524859366317,1.01,E0_LR,20260922,True,nested,"[""PN00-1.edf"", ""PN00-4.edf"", ""PN00-5.edf""]"
PN00,PN00-2.edf,2275,2265,2275,2215,2275,True,True,False,True,0,2302,0,negative,,,0.0034310499857870685,1.01,E0_LR,20260922,True,nested,"[""PN00-1.edf"", ""PN00-4.edf"", ""PN00-5.edf""]"
PN00,PN00-2.edf,2280,2270,2280,2220,2280,True,True,False,True,0,2302,0,negative,,,0.0083460436255777069,1.01,E0_LR,20260922,True,nested,"[""PN00-1.edf"", ""PN00-4.edf"", ""PN00-5.edf""]"
PN00,PN00-2.edf,2285,2275,2285,2225,2285,True,True,False,True,0,2302,0,negative,,,0.0099837537877756431,1.01,E0_LR,20260922,True,nested,"[""PN00-1.edf"", ""PN00-4.edf"", ""PN00-5.edf""]"
PN00,PN00-2.edf,2290,2280,2290,2230,2290,True,True,False,True,0,2302,0,negative,,,0.029261955707417568,1.01,E0_LR,20260922,True,nested,"[""PN00-1.edf"", ""PN00-4.edf"", ""PN00-5.edf""]"
PN00,PN00-2.edf,2295,2285,2295,2235,2295,True,True,False,True,0,2302,0,negative,,,0.06681692893599285,1.01,E0_LR,20260922,True,nested,"[""PN00-1.edf"", ""PN00-4.edf"", ""PN00-5.edf""]"
PN00,PN00-2.edf,2300,2290,2300,2240,2300,True,True,False,True,0,2302,0,negative,,,0.01473018433077916,1.01,E0_LR,20260922,True,nested,"[""PN00-1.edf"", ""PN00-4.edf"", ""PN00-5.edf""]"
PN00,PN00-4.edf,10,0,10,,10,True,False,False,True,0,2102,0,negative,,,0.019832768927718028,1.01,E0_LR,20260922,True,nested,"[""PN00-1.edf"", ""PN00-2.edf"", ""PN00-5.edf""]"
PN00,PN00-4.edf,15,5,15,,15,True,False,False,True,0,2102,0,negative,,,0.0031706464657782095,1.01,E0_LR,20260922,True,nested,"[""PN00-1.edf"", ""PN00-2.edf"", ""PN00-5.edf""]"
PN00,PN00-4.edf,20,10,20,,20,True,False,False,True,0,2102,0,negative,,,2.0139291240486288e-05,1.01,E0_LR,20260922,True,nested,"[""PN00-1.edf"", ""PN00-2.edf"", ""PN00-5.edf""]"
PN00,PN00-4.edf,25,15,25,,25,True,False,False,True,0,2102,0,negative,,,0.0045724330247268455,1.01,E0_LR,20260922,True,nested,"[""PN00-1.edf"", ""PN00-2.edf"", ""PN00-5.edf""]"
PN00,PN00-4.edf,30,20,30,,30,True,False,False,True,0,2102,0,negative,,,0.03155816372788648,1.01,E0_LR,20260922,True,nested,"[""PN00-1.edf"", ""PN00-2.edf"", ""PN00-5.edf""]"
PN00,PN00-4.edf,35,25,35,,35,True,False,False,True,0,2102,0,negative,,,0.0013212004802819716,1.01,E0_LR,20260922,True,nested,"[""PN00-1.edf"", ""PN00-2.edf"", ""PN00-5.edf""]"
PN00,PN00-4.edf,40,30,40,,40,True,False,False,True,0,2102,0,negative,,,0.0112218772739381,1.01,E0_LR,20260922,True,nested,"[""PN00-1.edf"", ""PN00-2.edf"", ""PN00-5.edf""]"
PN00,PN00-4.edf,45,35,45,,45,True,False,False,True,0,2102,0,negative,,,0.0053437167297360269,1.01,E0_LR,20260922,True,nested,"[""PN00-1.edf"", ""PN00-2.edf"", ""PN00-5.edf""]"
PN00,PN00-4.edf,50,40,50,,50,True,False,False,True,0,2102,0,negative,,,0.00030461976973345065,1.01,E0_LR,20260922,True,nested,"[""PN00-1.edf"", ""PN00-2.edf"", ""PN00-5.edf""]"
PN00,PN00-4.edf,55,45,55,,55,True,False,False,True,0,2102,0,negative,,,0.00015865681488099018,1.01,E0_LR,20260922,True,nested,"[""PN00-1.edf"", ""PN00-2.edf"", ""PN00-5.edf""]"
PN00,PN00-4.edf,60,50,60,0,60,True,True,False,True,0,2102,0,negative,,,0.0064600232789193525,1.01,E0_LR,20260922,True,nested,"[""PN00-1.edf"", ""PN00-2.edf"", ""PN00-5.edf""]"
PN00,PN00-4.edf,65,55,65,5,65,True,True,False,True,0,2102,0,negative,,,0.00017022006121716413,1.01,E0_LR,20260922,True,nested,"[""PN00-1.edf"", ""PN00-2.edf"", ""PN00-5.edf""]"
PN00,PN00-4.edf,70,60,70,10,70,True,True,False,True,0,2102,0,negative,,,0.022309452442531963,1.01,E0_LR,20260922,True,nested,"[""PN00-1.edf"", ""PN00-2.edf"", ""PN00-5.edf""]"
PN00,PN00-4.edf,75,65,75,15,75,True,True,False,True,0,2102,0,negative,,,0.049795947559276632,1.01,E0_LR,20260922,True,nested,"[""PN00-1.edf"", ""PN00-2.edf"", ""PN00-5.edf""]"
PN00,PN00-4.edf,80,70,80,20,80,True,True,False,True,0,2102,0,negative,,,0.0067749153527425048,1.01,E0_LR,20260922,True,nested,"[""PN00-1.edf"", ""PN00-2.edf"", ""PN00-5.edf""]"
PN00,PN00-4.edf,85,75,85,25,85,True,True,False,True,0,2102,0,negative,,,0.0061769517953363861,1.01,E0_LR,20260922,True,nested,"[""PN00-1.edf"", ""PN00-2.edf"", ""PN00-5.edf""]"
PN00,PN00-4.edf,90,80,90,30,90,True,True,False,True,0,2102,0,negative,,,0.0013483086762379741,1.01,E0_LR,20260922,True,nested,"[""PN00-1.edf"", ""PN00-2.edf"", ""PN00-5.edf""]"
PN00,PN00-4.edf,95,85,95,35,95,True,True,False,True,0,2102,0,negative,,,0.0026743422246724587,1.01,E0_LR,20260922,True,nested,"[""PN00-1.edf"", ""PN00-2.edf"", ""PN00-5.edf""]"
PN00,PN00-4.edf,100,90,100,40,100,True,True,False,True,0,2102,0,negative,,,0.0094016069742025778,1.01,E0_LR,20260922,True,nested,"[""PN00-1.edf"", ""PN00-2.edf"", ""PN00-5.edf""]"
PN00,PN00-4.edf,105,95,105,45,105,True,True,False,True,0,2102,0,negative,,,0.0074894829752027983,1.01,E0_LR,20260922,True,nested,"[""PN00-1.edf"", ""PN00-2.edf"", ""PN00-5.edf""]"
PN00,PN00-4.edf,110,100,110,50,110,True,True,False,True,0,2102,0,negative,,,0.0072833263409200584,1.01,E0_LR,20260922,True,nested,"[""PN00-1.edf"", ""PN00-2.edf"", ""PN00-5.edf""]"
PN00,PN00-4.edf,115,105,115,55,115,True,True,False,True,0,2102,0,negative,,,6.140262333648004e-05,1.01,E0_LR,20260922,True,nested,"[""PN00-1.edf"", ""PN00-2.edf"", ""PN00-5.edf""]"
PN00,PN00-4.edf,120,110,120,60,120,True,True,False,True,0,2102,0,negative,,,0.0038306132129313588,1.01,E0_LR,20260922,True,nested,"[""PN00-1.edf"", ""PN00-2.edf"", ""PN00-5.edf""]"
PN00,PN00-4.edf,125,115,125,65,125,True,True,False,True,0,2102,0,negative,,,0.0088438590474781732,1.01,E0_LR,20260922,True,nested,"[""PN00-1.edf"", ""PN00-2.edf"", ""PN00-5.edf""]"
PN00,PN00-4.edf,130,120,130,70,130,True,True,False,True,0,2102,0,negative,,,0.40940077250547868,1.01,E0_LR,20260922,True,nested,"[""PN00-1.edf"", ""PN00-2.edf"", ""PN00-5.edf""]"
PN00,PN00-4.edf,135,125,135,75,135,True,True,False,True,0,2102,0,negative,,,0.17769164119509814,1.01,E0_LR,20260922,True,nested,"[""PN00-1.edf"", ""PN00-2.edf"", ""PN00-5.edf""]"
PN00,PN00-4.edf,140,130,140,80,140,True,True,False,True,0,2102,0,negative,,,0.037725356876147774,1.01,E0_LR,20260922,True,nested,"[""PN00-1.edf"", ""PN00-2.edf"", ""PN00-5.edf""]"
PN00,PN00-4.edf,145,135,145,85,145,True,True,False,True,0,2102,0,negative,,,0.0027692381669981083,1.01,E0_LR,20260922,True,nested,"[""PN00-1.edf"", ""PN00-2.edf"", ""PN00-5.edf""]"
PN00,PN00-4.edf,150,140,150,90,150,True,True,False,True,0,2102,0,negative,,,0.0016431377824656301,1.01,E0_LR,20260922,True,nested,"[""PN00-1.edf"", ""PN00-2.edf"", ""PN00-5.edf""]"
PN00,PN00-4.edf,155,145,155,95,155,True,True,False,True,0,2102,0,negative,,,0.0049927132230450852,1.01,E0_LR,20260922,True,nested,"[""PN00-1.edf"", ""PN00-2.edf"", ""PN00-5.edf""]"
PN00,PN00-4.edf,160,150,160,100,160,True,True,False,True,0,2102,0,negative,,,0.033230694244695366,1.01,E0_LR,20260922,True,nested,"[""PN00-1.edf"", ""PN00-2.edf"", ""PN00-5.edf""]"
PN00,PN00-4.edf,165,155,165,105,165,True,True,False,True,0,2102,0,negative,,,0.071281156632249404,1.01,E0_LR,20260922,True,nested,"[""PN00-1.edf"", ""PN00-2.edf"", ""PN00-5.edf""]"
PN00,PN00-4.edf,170,160,170,110,170,True,True,False,True,0,2102,0,negative,,,0.0087817528697417546,1.01,E0_LR,20260922,True,nested,"[""PN00-1.edf"", ""PN00-2.edf"", ""PN00-5.edf""]"
PN00,PN00-4.edf,175,165,175,115,175,True,True,False,True,0,2102,0,negative,,,0.0080505553172025117,1.01,E0_LR,20260922,True,nested,"[""PN00-1.edf"", ""PN00-2.edf"", ""PN00-5.edf""]"
PN00,PN00-4.edf,180,170,180,120,180,True,True,False,True,0,2102,0,negative,,,0.31784734668179149,1.01,E0_LR,20260922,True,nested,"[""PN00-1.edf"", ""PN00-2.edf"", ""PN00-5.edf""]"
PN00,PN00-4.edf,185,175,185,125,185,True,True,False,True,0,2102,0,negative,,,0.044392266015365514,1.01,E0_LR,20260922,True,nested,"[""PN00-1.edf"", ""PN00-2.edf"", ""PN00-5.edf""]"
PN00,PN00-4.edf,190,180,190,130,190,True,True,False,True,0,2102,0,negative,,,0.019598600985234305,1.01,E0_LR,20260922,True,nested,"[""PN00-1.edf"", ""PN00-2.edf"", ""PN00-5.edf""]"
PN00,PN00-4.edf,195,185,195,135,195,True,True,False,True,0,2102,0,negative,,,0.0085721819760336496,1.01,E0_LR,20260922,True,nested,"[""PN00-1.edf"", ""PN00-2.edf"", ""PN00-5.edf""]"
PN00,PN00-4.edf,200,190,200,140,200,True,True,False,True,0,2102,0,negative,,,0.00033736123577073019,1.01,E0_LR,20260922,True,nested,"[""PN00-1.edf"", ""PN00-2.edf"", ""PN00-5.edf""]"
PN00,PN00-4.edf,205,195,205,145,205,True,True,False,True,0,2102,0,negative,,,0.0015244268074294225,1.01,E0_LR,20260922,True,nested,"[""PN00-1.edf"", ""PN00-2.edf"", ""PN00-5.edf""]"
PN00,PN00-4.edf,210,200,210,150,210,True,True,False,True,0,2102,0,negative,,,0.061402008072625434,1.01,E0_LR,20260922,True,nested,"[""PN00-1.edf"", ""PN00-2.edf"", ""PN00-5.edf""]"
PN00,PN00-4.edf,215,205,215,155,215,True,True,False,True,0,2102,0,negative,,,0.34085747673952005,1.01,E0_LR,20260922,True,nested,"[""PN00-1.edf"", ""PN00-2.edf"", ""PN00-5.edf""]"
PN00,PN00-4.edf,220,210,220,160,220,True,True,False,True,0,2102,0,negative,,,0.97416518179455347,1.01,E0_LR,20260922,True,nested,"[""PN00-1.edf"", ""PN00-2.edf"", ""PN00-5.edf""]"
PN00,PN00-4.edf,225,215,225,165,225,True,True,False,True,0,2102,0,negative,,,0.0015435234846132254,1.01,E0_LR,20260922,True,nested,"[""PN00-1.edf"", ""PN00-2.edf"", ""PN00-5.edf""]"
PN00,PN00-4.edf,230,220,230,170,230,True,True,False,True,0,2102,0,negative,,,0.0020184283252086461,1.01,E0_LR,20260922,True,nested,"[""PN00-1.edf"", ""PN00-2.edf"", ""PN00-5.edf""]"
PN00,PN00-4.edf,235,225,235,175,235,True,True,False,True,0,2102,0,negative,,,0.0072126960597899189,1.01,E0_LR,20260922,True,nested,"[""PN00-1.edf"", ""PN00-2.edf"", ""PN00-5.edf""]"
PN00,PN00-4.edf,240,230,240,180,240,True,True,False,True,0,2102,0,negative,,,0.0063718162331546629,1.01,E0_LR,20260922,True,nested,"[""PN00-1.edf"", ""PN00-2.edf"", ""PN00-5.edf""]"
PN00,PN00-4.edf,245,235,245,185,245,True,True,False,True,0,2102,0,negative,,,0.0043778167410712431,1.01,E0_LR,20260922,True,nested,"[""PN00-1.edf"", ""PN00-2.edf"", ""PN00-5.edf""]"
PN00,PN00-4.edf,250,240,250,190,250,True,True,False,True,0,2102,0,negative,,,0.0036797165010713047,1.01,E0_LR,20260922,True,nested,"[""PN00-1.edf"", ""PN00-2.edf"", ""PN00-5.edf""]"
PN00,PN00-4.edf,255,245,255,195,255,True,True,False,True,0,2102,0,negative,,,2.3494682408540404e-05,1.01,E0_LR,20260922,True,nested,"[""PN00-1.edf"", ""PN00-2.edf"", ""PN00-5.edf""]"
PN00,PN00-4.edf,260,250,260,200,260,True,True,False,True,0,2102,0,negative,,,0.00081698215506656425,1.01,E0_LR,20260922,True,nested,"[""PN00-1.edf"", ""PN00-2.edf"", ""PN00-5.edf""]"
PN00,PN00-4.edf,265,255,265,205,265,True,True,False,True,0,2102,0,negative,,,4.4529512415064071e-06,1.01,E0_LR,20260922,True,nested,"[""PN00-1.edf"", ""PN00-2.edf"", ""PN00-5.edf""]"
PN00,PN00-4.edf,270,260,270,210,270,True,True,False,True,0,2102,0,negative,,,1.3628449806112027e-05,1.01,E0_LR,20260922,True,nested,"[""PN00-1.edf"", ""PN00-2.edf"", ""PN00-5.edf""]"
PN00,PN00-4.edf,275,265,275,215,275,True,True,False,True,0,2102,0,negative,,,4.7757313260623454e-08,1.01,E0_LR,20260922,True,nested,"[""PN00-1.edf"", ""PN00-2.edf"", ""PN00-5.edf""]"
PN00,PN00-4.edf,280,270,280,220,280,True,True,False,True,0,2102,0,negative,,,0.016825900105707253,1.01,E0_LR,20260922,True,nested,"[""PN00-1.edf"", ""PN00-2.edf"", ""PN00-5.edf""]"
PN00,PN00-4.edf,285,275,285,225,285,True,True,False,True,0,2102,0,negative,,,0.0069946788701715007,1.01,E0_LR,20260922,True,nested,"[""PN00-1.edf"", ""PN00-2.edf"", ""PN00-5.edf""]"
PN00,PN00-4.edf,290,280,290,230,290,True,True,False,True,0,2102,0,negative,,,0.0030222189909263472,1.01,E0_LR,20260922,True,nested,"[""PN00-1.edf"", ""PN00-2.edf"", ""PN00-5.edf""]"
PN00,PN00-4.edf,295,285,295,235,295,True,True,False,True,0,2102,0,negative,,,0.0033910463808229457,1.01,E0_LR,20260922,True,nested,"[""PN00-1.edf"", ""PN00-2.edf"", ""PN00-5.edf""]"
PN00,PN00-4.edf,300,290,300,240,300,True,True,False,True,0,2102,0,negative,,,0.0013656128420368601,1.01,E0_LR,20260922,True,nested,"[""PN00-1.edf"", ""PN00-2.edf"", ""PN00-5.edf""]"
PN00,PN00-4.edf,305,295,305,245,305,True,True,False,True,0,2102,0,negative,,,0.0070358845711323776,1.01,E0_LR,20260922,True,nested,"[""PN00-1.edf"", ""PN00-2.edf"", ""PN00-5.edf""]"
PN00,PN00-4.edf,310,300,310,250,310,True,True,False,True,0,2102,0,negative,,,0.00079227978897093894,1.01,E0_LR,20260922,True,nested,"[""PN00-1.edf"", ""PN00-2.edf"", ""PN00-5.edf""]"
PN00,PN00-4.edf,315,305,315,255,315,True,True,False,True,0,2102,0,negative,,,1.4238922350102367e-05,1.01,E0_LR,20260922,True,nested,"[""PN00-1.edf"", ""PN00-2.edf"", ""PN00-5.edf""]"
PN00,PN00-4.edf,320,310,320,260,320,True,True,False,True,0,2102,0,negative,,,0.0016650207985087081,1.01,E0_LR,20260922,True,nested,"[""PN00-1.edf"", ""PN00-2.edf"", ""PN00-5.edf""]"
PN00,PN00-4.edf,325,315,325,265,325,True,True,False,True,0,2102,0,negative,,,0.034037424952679245,1.01,E0_LR,20260922,True,nested,"[""PN00-1.edf"", ""PN00-2.edf"", ""PN00-5.edf""]"
PN00,PN00-4.edf,330,320,330,270,330,True,True,False,True,0,2102,0,negative,,,0.12605361791152611,1.01,E0_LR,20260922,True,nested,"[""PN00-1.edf"", ""PN00-2.edf"", ""PN00-5.edf""]"
PN00,PN00-4.edf,335,325,335,275,335,True,True,False,True,0,2102,0,negative,,,0.0013073505247808985,1.01,E0_LR,20260922,True,nested,"[""PN00-1.edf"", ""PN00-2.edf"", ""PN00-5.edf""]"
PN00,PN00-4.edf,340,330,340,280,340,True,True,False,True,0,2102,0,negative,,,0.0042538382493898753,1.01,E0_LR,20260922,True,nested,"[""PN00-1.edf"", ""PN00-2.edf"", ""PN00-5.edf""]"
PN00,PN00-4.edf,345,335,345,285,345,True,True,False,True,0,2102,0,negative,,,0.002219305096870077,1.01,E0_LR,20260922,True,nested,"[""PN00-1.edf"", ""PN00-2.edf"", ""PN00-5.edf""]"
PN00,PN00-4.edf,350,340,350,290,350,True,True,False,True,0,2102,0,negative,,,0.014710075590926918,1.01,E0_LR,20260922,True,nested,"[""PN00-1.edf"", ""PN00-2.edf"", ""PN00-5.edf""]"
PN00,PN00-4.edf,355,345,355,295,355,True,True,False,True,0,2102,0,negative,,,0.0011844706470067758,1.01,E0_LR,20260922,True,nested,"[""PN00-1.edf"", ""PN00-2.edf"", ""PN00-5.edf""]"
PN00,PN00-4.edf,360,350,360,300,360,True,True,False,True,0,2102,0,negative,,,0.00044345591538274285,1.01,E0_LR,20260922,True,nested,"[""PN00-1.edf"", ""PN00-2.edf"", ""PN00-5.edf""]"
PN00,PN00-4.edf,365,355,365,305,365,True,True,False,True,0,2102,0,negative,,,5.2491334791854276e-05,1.01,E0_LR,20260922,True,nested,"[""PN00-1.edf"", ""PN00-2.edf"", ""PN00-5.edf""]"
PN00,PN00-4.edf,370,360,370,310,370,True,True,False,True,0,2102,0,negative,,,0.00033922979992080616,1.01,E0_LR,20260922,True,nested,"[""PN00-1.edf"", ""PN00-2.edf"", ""PN00-5.edf""]"
PN00,PN00-4.edf,375,365,375,315,375,True,True,False,True,0,2102,0,negative,,,0.001748258261244542,1.01,E0_LR,20260922,True,nested,"[""PN00-1.edf"", ""PN00-2.edf"", ""PN00-5.edf""]"
PN00,PN00-4.edf,380,370,380,320,380,True,True,False,True,0,2102,0,negative,,,0.00038359774415004948,1.01,E0_LR,20260922,True,nested,"[""PN00-1.edf"", ""PN00-2.edf"", ""PN00-5.edf""]"
PN00,PN00-4.edf,385,375,385,325,385,True,True,False,True,0,2102,0,negative,,,0.00016432931953209653,1.01,E0_LR,20260922,True,nested,"[""PN00-1.edf"", ""PN00-2.edf"", ""PN00-5.edf""]"
PN00,PN00-4.edf,390,380,390,330,390,True,True,False,True,0,2102,0,negative,,,0.00032990787476820411,1.01,E0_LR,20260922,True,nested,"[""PN00-1.edf"", ""PN00-2.edf"", ""PN00-5.edf""]"
PN00,PN00-4.edf,395,385,395,335,395,True,True,False,True,0,2102,0,negative,,,0.0062435406337067855,1.01,E0_LR,20260922,True,nested,"[""PN00-1.edf"", ""PN00-2.edf"", ""PN00-5.edf""]"
PN00,PN00-4.edf,400,390,400,340,400,True,True,False,True,0,2102,0,negative,,,0.039527470799828823,1.01,E0_LR,20260922,True,nested,"[""PN00-1.edf"", ""PN00-2.edf"", ""PN00-5.edf""]"
PN00,PN00-4.edf,405,395,405,345,405,True,True,False,True,0,2102,0,negative,,,0.013045718867829332,1.01,E0_LR,20260922,True,nested,"[""PN00-1.edf"", ""PN00-2.edf"", ""PN00-5.edf""]"
PN00,PN00-4.edf,410,400,410,350,410,True,True,False,True,0,2102,0,negative,,,0.0018004078713271848,1.01,E0_LR,20260922,True,nested,"[""PN00-1.edf"", ""PN00-2.edf"", ""PN00-5.edf""]"
PN00,PN00-4.edf,415,405,415,355,415,True,True,False,True,0,2102,0,negative,,,0.0025113529763374077,1.01,E0_LR,20260922,True,nested,"[""PN00-1.edf"", ""PN00-2.edf"", ""PN00-5.edf""]"
PN00,PN00-4.edf,420,410,420,360,420,True,True,False,True,0,2102,0,negative,,,0.071757214700940639,1.01,E0_LR,20260922,True,nested,"[""PN00-1.edf"", ""PN00-2.edf"", ""PN00-5.edf""]"
PN00,PN00-4.edf,425,415,425,365,425,True,True,False,True,0,2102,0,negative,,,0.017741095696912637,1.01,E0_LR,20260922,True,nested,"[""PN00-1.edf"", ""PN00-2.edf"", ""PN00-5.edf""]"
PN00,PN00-4.edf,430,420,430,370,430,True,True,False,True,0,2102,0,negative,,,0.0024744131782643676,1.01,E0_LR,20260922,True,nested,"[""PN00-1.edf"", ""PN00-2.edf"", ""PN00-5.edf""]"
PN00,PN00-4.edf,435,425,435,375,435,True,True,False,True,0,2102,0,negative,,,0.001908613765475721,1.01,E0_LR,20260922,True,nested,"[""PN00-1.edf"", ""PN00-2.edf"", ""PN00-5.edf""]"
PN00,PN00-4.edf,440,430,440,380,440,True,True,False,True,0,2102,0,negative,,,0.022291436091392034,1.01,E0_LR,20260922,True,nested,"[""PN00-1.edf"", ""PN00-2.edf"", ""PN00-5.edf""]"
PN00,PN00-4.edf,445,435,445,385,445,True,True,False,True,0,2102,0,negative,,,0.013558957408684302,1.01,E0_LR,20260922,True,nested,"[""PN00-1.edf"", ""PN00-2.edf"", ""PN00-5.edf""]"
PN00,PN00-4.edf,450,440,450,390,450,True,True,False,True,0,2102,0,negative,,,0.030492371790859597,1.01,E0_LR,20260922,True,nested,"[""PN00-1.edf"", ""PN00-2.edf"", ""PN00-5.edf""]"
PN00,PN00-4.edf,455,445,455,395,455,True,True,False,True,0,2102,0,negative,,,0.2078808498721772,1.01,E0_LR,20260922,True,nested,"[""PN00-1.edf"", ""PN00-2.edf"", ""PN00-5.edf""]"
PN00,PN00-4.edf,460,450,460,400,460,True,True,False,True,0,2102,0,negative,,,0.45406763497482983,1.01,E0_LR,20260922,True,nested,"[""PN00-1.edf"", ""PN00-2.edf"", ""PN00-5.edf""]"
PN00,PN00-4.edf,465,455,465,405,465,True,True,False,True,0,2102,0,negative,,,0.18500399545282745,1.01,E0_LR,20260922,True,nested,"[""PN00-1.edf"", ""PN00-2.edf"", ""PN00-5.edf""]"
PN00,PN00-4.edf,470,460,470,410,470,True,True,False,True,0,2102,0,negative,,,0.016061293703506747,1.01,E0_LR,20260922,True,nested,"[""PN00-1.edf"", ""PN00-2.edf"", ""PN00-5.edf""]"
PN00,PN00-4.edf,475,465,475,415,475,True,True,False,True,0,2102,0,negative,,,0.029420239591403045,1.01,E0_LR,20260922,True,nested,"[""PN00-1.edf"", ""PN00-2.edf"", ""PN00-5.edf""]"
PN00,PN00-4.edf,480,470,480,420,480,True,True,False,True,0,2102,0,negative,,,0.046640958323498953,1.01,E0_LR,20260922,True,nested,"[""PN00-1.edf"", ""PN00-2.edf"", ""PN00-5.edf""]"
PN00,PN00-4.edf,485,475,485,425,485,True,True,False,True,0,2102,0,negative,,,0.0009975364882873405,1.01,E0_LR,20260922,True,nested,"[""PN00-1.edf"", ""PN00-2.edf"", ""PN00-5.edf""]"
PN00,PN00-4.edf,490,480,490,430,490,True,True,False,True,0,2102,0,negative,,,0.00077890759302918426,1.01,E0_LR,20260922,True,nested,"[""PN00-1.edf"", ""PN00-2.edf"", ""PN00-5.edf""]"
PN00,PN00-4.edf,495,485,495,435,495,True,True,False,True,0,2102,0,negative,,,0.002136441369265313,1.01,E0_LR,20260922,True,nested,"[""PN00-1.edf"", ""PN00-2.edf"", ""PN00-5.edf""]"
PN00,PN00-4.edf,500,490,500,440,500,True,True,False,True,0,2102,0,negative,,,0.0060878897910499009,1.01,E0_LR,20260922,True,nested,"[""PN00-1.edf"", ""PN00-2.edf"", ""PN00-5.edf""]"
PN00,PN00-4.edf,505,495,505,445,505,True,True,False,True,0,2102,0,negative,,,0.00036110321197328922,1.01,E0_LR,20260922,True,nested,"[""PN00-1.edf"", ""PN00-2.edf"", ""PN00-5.edf""]"
PN00,PN00-4.edf,510,500,510,450,510,True,True,False,True,0,2102,0,negative,,,0.00018365572284668067,1.01,E0_LR,20260922,True,nested,"[""PN00-1.edf"", ""PN00-2.edf"", ""PN00-5.edf""]"
PN00,PN00-4.edf,515,505,515,455,515,True,True,False,True,0,2102,0,negative,,,0.001136478503452611,1.01,E0_LR,20260922,True,nested,"[""PN00-1.edf"", ""PN00-2.edf"", ""PN00-5.edf""]"
PN00,PN00-4.edf,520,510,520,460,520,True,True,False,True,0,2102,0,negative,,,0.019665899126997986,1.01,E0_LR,20260922,True,nested,"[""PN00-1.edf"", ""PN00-2.edf"", ""PN00-5.edf""]"
PN00,PN00-4.edf,525,515,525,465,525,True,True,False,True,0,2102,0,negative,,,0.0006609654324980683,1.01,E0_LR,20260922,True,nested,"[""PN00-1.edf"", ""PN00-2.edf"", ""PN00-5.edf""]"
PN00,PN00-4.edf,530,520,530,470,530,True,True,False,True,0,2102,0,negative,,,0.0097706013117401149,1.01,E0_LR,20260922,True,nested,"[""PN00-1.edf"", ""PN00-2.edf"", ""PN00-5.edf""]"
PN00,PN00-4.edf,535,525,535,475,535,True,True,False,True,0,2102,0,negative,,,0.019109394266974424,1.01,E0_LR,20260922,True,nested,"[""PN00-1.edf"", ""PN00-2.edf"", ""PN00-5.edf""]"
PN00,PN00-4.edf,540,530,540,480,540,True,True,False,True,0,2102,0,negative,,,0.064716089784872602,1.01,E0_LR,20260922,True,nested,"[""PN00-1.edf"", ""PN00-2.edf"", ""PN00-5.edf""]"
PN00,PN00-4.edf,545,535,545,485,545,True,True,False,True,0,2102,0,negative,,,0.0001049826460412287,1.01,E0_LR,20260922,True,nested,"[""PN00-1.edf"", ""PN00-2.edf"", ""PN00-5.edf""]"
PN00,PN00-4.edf,550,540,550,490,550,True,True,False,True,0,2102,0,negative,,,0.00035015381330995114,1.01,E0_LR,20260922,True,nested,"[""PN00-1.edf"", ""PN00-2.edf"", ""PN00-5.edf""]"
PN00,PN00-4.edf,555,545,555,495,555,True,True,False,True,0,2102,0,negative,,,0.0014268593441228692,1.01,E0_LR,20260922,True,nested,"[""PN00-1.edf"", ""PN00-2.edf"", ""PN00-5.edf""]"
PN00,PN00-4.edf,560,550,560,500,560,True,True,False,True,0,2102,0,negative,,,0.00014050422704696842,1.01,E0_LR,20260922,True,nested,"[""PN00-1.edf"", ""PN00-2.edf"", ""PN00-5.edf""]"
PN00,PN00-4.edf,565,555,565,505,565,True,True,False,True,0,2102,0,negative,,,0.063404899771502446,1.01,E0_LR,20260922,True,nested,"[""PN00-1.edf"", ""PN00-2.edf"", ""PN00-5.edf""]"
PN00,PN00-4.edf,570,560,570,510,570,True,True,False,True,0,2102,0,negative,,,0.0059973223618356433,1.01,E0_LR,20260922,True,nested,"[""PN00-1.edf"", ""PN00-2.edf"", ""PN00-5.edf""]"
PN00,PN00-4.edf,575,565,575,515,575,True,True,False,True,0,2102,0,negative,,,7.2003328821014195e-05,1.01,E0_LR,20260922,True,nested,"[""PN00-1.edf"", ""PN00-2.edf"", ""PN00-5.edf""]"
PN00,PN00-4.edf,580,570,580,520,580,True,True,False,True,0,2102,0,negative,,,0.00096587557900800847,1.01,E0_LR,20260922,True,nested,"[""PN00-1.edf"", ""PN00-2.edf"", ""PN00-5.edf""]"
PN00,PN00-4.edf,585,575,585,525,585,True,True,False,True,0,2102,0,negative,,,0.0036027244216266601,1.01,E0_LR,20260922,True,nested,"[""PN00-1.edf"", ""PN00-2.edf"", ""PN00-5.edf""]"
PN00,PN00-4.edf,590,580,590,530,590,True,True,False,True,0,2102,0,negative,,,0.0048114921512139881,1.01,E0_LR,20260922,True,nested,"[""PN00-1.edf"", ""PN00-2.edf"", ""PN00-5.edf""]"
PN00,PN00-4.edf,595,585,595,535,595,True,True,False,True,0,2102,0,negative,,,0.013338791420606332,1.01,E0_LR,20260922,True,nested,"[""PN00-1.edf"", ""PN00-2.edf"", ""PN00-5.edf""]"
PN00,PN00-4.edf,600,590,600,540,600,True,True,False,True,0,2102,0,negative,,,0.013604092101630263,1.01,E0_LR,20260922,True,nested,"[""PN00-1.edf"", ""PN00-2.edf"", ""PN00-5.edf""]"
PN00,PN00-4.edf,605,595,605,545,605,True,True,False,True,0,2102,0,negative,,,0.0034384478179626753,1.01,E0_LR,20260922,True,nested,"[""PN00-1.edf"", ""PN00-2.edf"", ""PN00-5.edf""]"
PN00,PN00-4.edf,610,600,610,550,610,True,True,False,True,0,2102,0,negative,,,0.0023479113698337203,1.01,E0_LR,20260922,True,nested,"[""PN00-1.edf"", ""PN00-2.edf"", ""PN00-5.edf""]"
PN00,PN00-4.edf,615,605,615,555,615,True,True,False,True,0,2102,0,negative,,,0.017897257585345123,1.01,E0_LR,20260922,True,nested,"[""PN00-1.edf"", ""PN00-2.edf"", ""PN00-5.edf""]"
PN00,PN00-4.edf,620,610,620,560,620,True,True,False,True,0,2102,0,negative,,,0.024548876217447755,1.01,E0_LR,20260922,True,nested,"[""PN00-1.edf"", ""PN00-2.edf"", ""PN00-5.edf""]"
PN00,PN00-4.edf,625,615,625,565,625,True,True,False,True,0,2102,0,negative,,,0.020817352553000802,1.01,E0_LR,20260922,True,nested,"[""PN00-1.edf"", ""PN00-2.edf"", ""PN00-5.edf""]"
PN00,PN00-4.edf,630,620,630,570,630,True,True,False,True,0,2102,0,negative,,,0.12555687097994073,1.01,E0_LR,20260922,True,nested,"[""PN00-1.edf"", ""PN00-2.edf"", ""PN00-5.edf""]"
PN00,PN00-4.edf,635,625,635,575,635,True,True,False,True,0,2102,0,negative,,,4.28242451918636e-05,1.01,E0_LR,20260922,True,nested,"[""PN00-1.edf"", ""PN00-2.edf"", ""PN00-5.edf""]"
PN00,PN00-4.edf,640,630,640,580,640,True,True,False,True,0,2102,0,negative,,,0.004333423390455198,1.01,E0_LR,20260922,True,nested,"[""PN00-1.edf"", ""PN00-2.edf"", ""PN00-5.edf""]"
PN00,PN00-4.edf,645,635,645,585,645,True,True,False,True,0,2102,0,negative,,,0.0033476026759266366,1.01,E0_LR,20260922,True,nested,"[""PN00-1.edf"", ""PN00-2.edf"", ""PN00-5.edf""]"
PN00,PN00-4.edf,650,640,650,590,650,True,True,False,True,0,2102,0,negative,,,0.003542536910764167,1.01,E0_LR,20260922,True,nested,"[""PN00-1.edf"", ""PN00-2.edf"", ""PN00-5.edf""]"
PN00,PN00-4.edf,655,645,655,595,655,True,True,False,True,0,2102,0,negative,,,0.00050721751764495665,1.01,E0_LR,20260922,True,nested,"[""PN00-1.edf"", ""PN00-2.edf"", ""PN00-5.edf""]"
PN00,PN00-4.edf,660,650,660,600,660,True,True,False,True,0,2102,0,negative,,,0.0017924847671388563,1.01,E0_LR,20260922,True,nested,"[""PN00-1.edf"", ""PN00-2.edf"", ""PN00-5.edf""]"
PN00,PN00-4.edf,665,655,665,605,665,True,True,False,True,0,2102,0,negative,,,4.9388162073923495e-07,1.01,E0_LR,20260922,True,nested,"[""PN00-1.edf"", ""PN00-2.edf"", ""PN00-5.edf""]"
PN00,PN00-4.edf,670,660,670,610,670,True,True,False,True,0,2102,0,negative,,,0.00082738190124564146,1.01,E0_LR,20260922,True,nested,"[""PN00-1.edf"", ""PN00-2.edf"", ""PN00-5.edf""]"
PN00,PN00-4.edf,675,665,675,615,675,True,True,False,True,0,2102,0,negative,,,0.069137939566728437,1.01,E0_LR,20260922,True,nested,"[""PN00-1.edf"", ""PN00-2.edf"", ""PN00-5.edf""]"
PN00,PN00-4.edf,680,670,680,620,680,True,True,False,True,0,2102,0,negative,,,0.022693147949233623,1.01,E0_LR,20260922,True,nested,"[""PN00-1.edf"", ""PN00-2.edf"", ""PN00-5.edf""]"
PN00,PN00-4.edf,685,675,685,625,685,True,True,False,True,0,2102,0,negative,,,0.00030936799063622318,1.01,E0_LR,20260922,True,nested,"[""PN00-1.edf"", ""PN00-2.edf"", ""PN00-5.edf""]"
PN00,PN00-4.edf,690,680,690,630,690,True,True,False,True,0,2102,0,negative,,,0.021694200258580282,1.01,E0_LR,20260922,True,nested,"[""PN00-1.edf"", ""PN00-2.edf"", ""PN00-5.edf""]"
PN00,PN00-4.edf,695,685,695,635,695,True,True,False,True,0,2102,0,negative,,,0.0083597243064590203,1.01,E0_LR,20260922,True,nested,"[""PN00-1.edf"", ""PN00-2.edf"", ""PN00-5.edf""]"
PN00,PN00-4.edf,700,690,700,640,700,True,True,False,True,0,2102,0,negative,,,4.2979144037942612e-10,1.01,E0_LR,20260922,True,nested,"[""PN00-1.edf"", ""PN00-2.edf"", ""PN00-5.edf""]"
PN00,PN00-4.edf,705,695,705,645,705,True,True,False,True,0,2102,0,negative,,,1.3345272394196877e-12,1.01,E0_LR,20260922,True,nested,"[""PN00-1.edf"", ""PN00-2.edf"", ""PN00-5.edf""]"
PN00,PN00-4.edf,710,700,710,650,710,True,True,False,False,0,2102,-1,ignore,,,1.100521574390129e-06,1.01,E0_LR,20260922,True,nested,"[""PN00-1.edf"", ""PN00-2.edf"", ""PN00-5.edf""]"
PN00,PN00-4.edf,715,705,715,655,715,True,True,False,False,0,2102,-1,ignore,,,0.00112754597608189,1.01,E0_LR,20260922,True,nested,"[""PN00-1.edf"", ""PN00-2.edf"", ""PN00-5.edf""]"
PN00,PN00-4.edf,720,710,720,660,720,True,True,False,False,0,2102,-1,ignore,,,0.002504004395729027,1.01,E0_LR,20260922,True,nested,"[""PN00-1.edf"", ""PN00-2.edf"", ""PN00-5.edf""]"
PN00,PN00-4.edf,725,715,725,665,725,True,True,False,False,0,2102,-1,ignore,,,0.001882119520757419,1.01,E0_LR,20260922,True,nested,"[""PN00-1.edf"", ""PN00-2.edf"", ""PN00-5.edf""]"
PN00,PN00-4.edf,730,720,730,670,730,True,True,False,False,0,2102,-1,ignore,,,0.0059066459618656508,1.01,E0_LR,20260922,True,nested,"[""PN00-1.edf"", ""PN00-2.edf"", ""PN00-5.edf""]"
PN00,PN00-4.edf,735,725,735,675,735,True,True,False,False,0,2102,-1,ignore,,,0.01364556823262918,1.01,E0_LR,20260922,True,nested,"[""PN00-1.edf"", ""PN00-2.edf"", ""PN00-5.edf""]"
PN00,PN00-4.edf,740,730,740,680,740,True,True,False,False,0,2102,-1,ignore,,,0.0080295245635676436,1.01,E0_LR,20260922,True,nested,"[""PN00-1.edf"", ""PN00-2.edf"", ""PN00-5.edf""]"
PN00,PN00-4.edf,745,735,745,685,745,True,True,False,False,0,2102,-1,ignore,,,1.7163255612665432e-05,1.01,E0_LR,20260922,True,nested,"[""PN00-1.edf"", ""PN00-2.edf"", ""PN00-5.edf""]"
PN00,PN00-4.edf,750,740,750,690,750,True,True,False,False,0,2102,-1,ignore,,,4.327435913951738e-05,1.01,E0_LR,20260922,True,nested,"[""PN00-1.edf"", ""PN00-2.edf"", ""PN00-5.edf""]"
PN00,PN00-4.edf,755,745,755,695,755,True,True,False,False,0,2102,-1,ignore,,,0.00079180290014355158,1.01,E0_LR,20260922,True,nested,"[""PN00-1.edf"", ""PN00-2.edf"", ""PN00-5.edf""]"
PN00,PN00-4.edf,760,750,760,700,760,True,True,False,False,0,2102,-1,ignore,,,0.0064668645568239326,1.01,E0_LR,20260922,True,nested,"[""PN00-1.edf"", ""PN00-2.edf"", ""PN00-5.edf""]"
PN00,PN00-4.edf,765,755,765,705,765,True,True,False,False,0,2102,-1,ignore,,,0.0094628316237160663,1.01,E0_LR,20260922,True,nested,"[""PN00-1.edf"", ""PN00-2.edf"", ""PN00-5.edf""]"
PN00,PN00-4.edf,770,760,770,710,770,True,True,False,False,0,2102,-1,ignore,,,0.039881755899092257,1.01,E0_LR,20260922,True,nested,"[""PN00-1.edf"", ""PN00-2.edf"", ""PN00-5.edf""]"
PN00,PN00-4.edf,775,765,775,715,775,True,True,False,False,0,2102,-1,ignore,,,0.0051791159509727083,1.01,E0_LR,20260922,True,nested,"[""PN00-1.edf"", ""PN00-2.edf"", ""PN00-5.edf""]"
PN00,PN00-4.edf,780,770,780,720,780,True,True,False,False,0,2102,-1,ignore,,,0.014601824490018858,1.01,E0_LR,20260922,True,nested,"[""PN00-1.edf"", ""PN00-2.edf"", ""PN00-5.edf""]"
PN00,PN00-4.edf,785,775,785,725,785,True,True,False,False,0,2102,-1,ignore,,,0.029860948016782577,1.01,E0_LR,20260922,True,nested,"[""PN00-1.edf"", ""PN00-2.edf"", ""PN00-5.edf""]"
PN00,PN00-4.edf,790,780,790,730,790,True,True,False,False,0,2102,-1,ignore,,,0.0029023168009306441,1.01,E0_LR,20260922,True,nested,"[""PN00-1.edf"", ""PN00-2.edf"", ""PN00-5.edf""]"
PN00,PN00-4.edf,795,785,795,735,795,True,True,False,False,0,2102,-1,ignore,,,0.012953716468980829,1.01,E0_LR,20260922,True,nested,"[""PN00-1.edf"", ""PN00-2.edf"", ""PN00-5.edf""]"
PN00,PN00-4.edf,800,790,800,740,800,True,True,False,False,0,2102,-1,ignore,,,0.16585764928354163,1.01,E0_LR,20260922,True,nested,"[""PN00-1.edf"", ""PN00-2.edf"", ""PN00-5.edf""]"
PN00,PN00-4.edf,805,795,805,745,805,True,True,False,False,0,2102,-1,ignore,,,0.0037624343279112592,1.01,E0_LR,20260922,True,nested,"[""PN00-1.edf"", ""PN00-2.edf"", ""PN00-5.edf""]"
PN00,PN00-4.edf,810,800,810,750,810,True,True,False,False,0,2102,-1,ignore,,,0.001513735893785214,1.01,E0_LR,20260922,True,nested,"[""PN00-1.edf"", ""PN00-2.edf"", ""PN00-5.edf""]"
PN00,PN00-4.edf,815,805,815,755,815,True,True,False,False,0,2102,-1,ignore,,,0.00070783820109961094,1.01,E0_LR,20260922,True,nested,"[""PN00-1.edf"", ""PN00-2.edf"", ""PN00-5.edf""]"
PN00,PN00-4.edf,820,810,820,760,820,True,True,False,False,0,2102,-1,ignore,,,0.0018382700008190242,1.01,E0_LR,20260922,True,nested,"[""PN00-1.edf"", ""PN00-2.edf"", ""PN00-5.edf""]"
PN00,PN00-4.edf,825,815,825,765,825,True,True,False,False,0,2102,-1,ignore,,,0.012532921551957236,1.01,E0_LR,20260922,True,nested,"[""PN00-1.edf"", ""PN00-2.edf"", ""PN00-5.edf""]"
PN00,PN00-4.edf,830,820,830,770,830,True,True,False,False,0,2102,-1,ignore,,,6.8221454273117948e-14,1.01,E0_LR,20260922,True,nested,"[""PN00-1.edf"", ""PN00-2.edf"", ""PN00-5.edf""]"
PN00,PN00-4.edf,835,825,835,775,835,True,True,False,False,0,2102,-1,ignore,,,1.313239802202715e-07,1.01,E0_LR,20260922,True,nested,"[""PN00-1.edf"", ""PN00-2.edf"", ""PN00-5.edf""]"
PN00,PN00-4.edf,840,830,840,780,840,True,True,False,False,0,2102,-1,ignore,,,0.016563682353882579,1.01,E0_LR,20260922,True,nested,"[""PN00-1.edf"", ""PN00-2.edf"", ""PN00-5.edf""]"
PN00,PN00-4.edf,845,835,845,785,845,True,True,False,False,0,2102,-1,ignore,,,0.32508737831921269,1.01,E0_LR,20260922,True,nested,"[""PN00-1.edf"", ""PN00-2.edf"", ""PN00-5.edf""]"
PN00,PN00-4.edf,850,840,850,790,850,True,True,False,False,0,2102,-1,ignore,,,0.032231235076138065,1.01,E0_LR,20260922,True,nested,"[""PN00-1.edf"", ""PN00-2.edf"", ""PN00-5.edf""]"
PN00,PN00-4.edf,855,845,855,795,855,True,True,False,False,0,2102,-1,ignore,,,0.0015452771638506258,1.01,E0_LR,20260922,True,nested,"[""PN00-1.edf"", ""PN00-2.edf"", ""PN00-5.edf""]"
PN00,PN00-4.edf,860,850,860,800,860,True,True,False,False,0,2102,-1,ignore,,,0.022821414088101767,1.01,E0_LR,20260922,True,nested,"[""PN00-1.edf"", ""PN00-2.edf"", ""PN00-5.edf""]"
PN00,PN00-4.edf,865,855,865,805,865,True,True,False,False,0,2102,-1,ignore,,,0.025781829172783582,1.01,E0_LR,20260922,True,nested,"[""PN00-1.edf"", ""PN00-2.edf"", ""PN00-5.edf""]"
PN00,PN00-4.edf,870,860,870,810,870,True,True,False,False,0,2102,-1,ignore,,,0.024173337516852848,1.01,E0_LR,20260922,True,nested,"[""PN00-1.edf"", ""PN00-2.edf"", ""PN00-5.edf""]"
PN00,PN00-4.edf,875,865,875,815,875,True,True,False,False,0,2102,-1,ignore,,,0.29846325256126327,1.01,E0_LR,20260922,True,nested,"[""PN00-1.edf"", ""PN00-2.edf"", ""PN00-5.edf""]"
PN00,PN00-4.edf,880,870,880,820,880,True,True,False,False,0,2102,-1,ignore,,,0.46262911283305963,1.01,E0_LR,20260922,True,nested,"[""PN00-1.edf"", ""PN00-2.edf"", ""PN00-5.edf""]"
PN00,PN00-4.edf,885,875,885,825,885,True,True,False,False,0,2102,-1,ignore,,,0.0080072092743199014,1.01,E0_LR,20260922,True,nested,"[""PN00-1.edf"", ""PN00-2.edf"", ""PN00-5.edf""]"
PN00,PN00-4.edf,890,880,890,830,890,True,True,False,False,0,2102,-1,ignore,,,0.10881927102101834,1.01,E0_LR,20260922,True,nested,"[""PN00-1.edf"", ""PN00-2.edf"", ""PN00-5.edf""]"
PN00,PN00-4.edf,895,885,895,835,895,True,True,False,False,0,2102,-1,ignore,,,0.10032199320662304,1.01,E0_LR,20260922,True,nested,"[""PN00-1.edf"", ""PN00-2.edf"", ""PN00-5.edf""]"
PN00,PN00-4.edf,900,890,900,840,900,True,True,False,False,0,2102,-1,ignore,,,0.0094194847108149023,1.01,E0_LR,20260922,True,nested,"[""PN00-1.edf"", ""PN00-2.edf"", ""PN00-5.edf""]"
PN00,PN00-4.edf,905,895,905,845,905,True,True,False,False,0,2102,-1,ignore,,,0.073851762812984167,1.01,E0_LR,20260922,True,nested,"[""PN00-1.edf"", ""PN00-2.edf"", ""PN00-5.edf""]"
PN00,PN00-4.edf,910,900,910,850,910,True,True,False,False,0,2102,-1,ignore,,,0.63852347629391903,1.01,E0_LR,20260922,True,nested,"[""PN00-1.edf"", ""PN00-2.edf"", ""PN00-5.edf""]"
PN00,PN00-4.edf,915,905,915,855,915,True,True,False,False,0,2102,-1,ignore,,,0.15761548509856455,1.01,E0_LR,20260922,True,nested,"[""PN00-1.edf"", ""PN00-2.edf"", ""PN00-5.edf""]"
PN00,PN00-4.edf,920,910,920,860,920,True,True,False,False,0,2102,-1,ignore,,,0.56456329598323951,1.01,E0_LR,20260922,True,nested,"[""PN00-1.edf"", ""PN00-2.edf"", ""PN00-5.edf""]"
PN00,PN00-4.edf,925,915,925,865,925,True,True,False,False,0,2102,-1,ignore,,,0.4180851513928856,1.01,E0_LR,20260922,True,nested,"[""PN00-1.edf"", ""PN00-2.edf"", ""PN00-5.edf""]"
PN00,PN00-4.edf,930,920,930,870,930,True,True,False,False,0,2102,-1,ignore,,,0.19504299981193679,1.01,E0_LR,20260922,True,nested,"[""PN00-1.edf"", ""PN00-2.edf"", ""PN00-5.edf""]"
PN00,PN00-4.edf,935,925,935,875,935,True,True,False,False,0,2102,-1,ignore,,,0.29514902454599989,1.01,E0_LR,20260922,True,nested,"[""PN00-1.edf"", ""PN00-2.edf"", ""PN00-5.edf""]"
PN00,PN00-4.edf,940,930,940,880,940,True,True,False,False,0,2102,-1,ignore,,,0.017560201875787083,1.01,E0_LR,20260922,True,nested,"[""PN00-1.edf"", ""PN00-2.edf"", ""PN00-5.edf""]"
PN00,PN00-4.edf,945,935,945,885,945,True,True,False,False,0,2102,-1,ignore,,,0.030032421596091183,1.01,E0_LR,20260922,True,nested,"[""PN00-1.edf"", ""PN00-2.edf"", ""PN00-5.edf""]"
PN00,PN00-4.edf,950,940,950,890,950,True,True,False,False,0,2102,-1,ignore,,,0.086435908343179879,1.01,E0_LR,20260922,True,nested,"[""PN00-1.edf"", ""PN00-2.edf"", ""PN00-5.edf""]"
PN00,PN00-4.edf,955,945,955,895,955,True,True,False,False,0,2102,-1,ignore,,,0.020724974620752262,1.01,E0_LR,20260922,True,nested,"[""PN00-1.edf"", ""PN00-2.edf"", ""PN00-5.edf""]"
PN00,PN00-4.edf,960,950,960,900,960,True,True,False,False,0,2102,-1,ignore,,,0.0052850486732996891,1.01,E0_LR,20260922,True,nested,"[""PN00-1.edf"", ""PN00-2.edf"", ""PN00-5.edf""]"
PN00,PN00-4.edf,965,955,965,905,965,True,True,False,False,0,2102,-1,ignore,,,0.0084609096165932911,1.01,E0_LR,20260922,True,nested,"[""PN00-1.edf"", ""PN00-2.edf"", ""PN00-5.edf""]"
PN00,PN00-4.edf,970,960,970,910,970,True,True,False,False,0,2102,-1,ignore,,,0.10789016041343638,1.01,E0_LR,20260922,True,nested,"[""PN00-1.edf"", ""PN00-2.edf"", ""PN00-5.edf""]"
PN00,PN00-4.edf,975,965,975,915,975,True,True,False,False,0,2102,-1,ignore,,,0.16655064256551785,1.01,E0_LR,20260922,True,nested,"[""PN00-1.edf"", ""PN00-2.edf"", ""PN00-5.edf""]"
PN00,PN00-4.edf,980,970,980,920,980,True,True,False,False,0,2102,-1,ignore,,,0.0001916805963206689,1.01,E0_LR,20260922,True,nested,"[""PN00-1.edf"", ""PN00-2.edf"", ""PN00-5.edf""]"
PN00,PN00-4.edf,985,975,985,925,985,True,True,False,False,0,2102,-1,ignore,,,0.010428974051279315,1.01,E0_LR,20260922,True,nested,"[""PN00-1.edf"", ""PN00-2.edf"", ""PN00-5.edf""]"
PN00,PN00-4.edf,990,980,990,930,990,True,True,False,False,0,2102,-1,ignore,,,0.16612654541562821,1.01,E0_LR,20260922,True,nested,"[""PN00-1.edf"", ""PN00-2.edf"", ""PN00-5.edf""]"
PN00,PN00-4.edf,995,985,995,935,995,True,True,False,False,0,2102,-1,ignore,,,1.0821791193682393e-06,1.01,E0_LR,20260922,True,nested,"[""PN00-1.edf"", ""PN00-2.edf"", ""PN00-5.edf""]"
PN00,PN00-4.edf,1000,990,1000,940,1000,True,True,False,False,0,2102,-1,ignore,,,1.3957000252926242e-10,1.01,E0_LR,20260922,True,nested,"[""PN00-1.edf"", ""PN00-2.edf"", ""PN00-5.edf""]"
PN00,PN00-4.edf,1005,995,1005,945,1005,True,True,False,False,0,2102,-1,ignore,,,0.00016429562243328244,1.01,E0_LR,20260922,True,nested,"[""PN00-1.edf"", ""PN00-2.edf"", ""PN00-5.edf""]"
PN00,PN00-4.edf,1010,1000,1010,950,1010,True,True,False,True,1,2102,1,positive,4,,0.19807768646225923,1.01,E0_LR,20260922,True,nested,"[""PN00-1.edf"", ""PN00-2.edf"", ""PN00-5.edf""]"
PN00,PN00-4.edf,1015,1005,1015,955,1015,True,True,False,True,1,2102,1,positive,4,,0.29812138139465205,1.01,E0_LR,20260922,True,nested,"[""PN00-1.edf"", ""PN00-2.edf"", ""PN00-5.edf""]"
PN00,PN00-4.edf,1020,1010,1020,960,1020,True,True,False,True,1,2102,1,positive,4,,0.86573577766865328,1.01,E0_LR,20260922,True,nested,"[""PN00-1.edf"", ""PN00-2.edf"", ""PN00-5.edf""]"
PN00,PN00-4.edf,1025,1015,1025,965,1025,True,True,False,True,1,2102,1,positive,4,,1,1.01,E0_LR,20260922,True,nested,"[""PN00-1.edf"", ""PN00-2.edf"", ""PN00-5.edf""]"
PN00,PN00-4.edf,1030,1020,1030,970,1030,True,True,False,True,1,2102,1,positive,4,,0.99953635219063608,1.01,E0_LR,20260922,True,nested,"[""PN00-1.edf"", ""PN00-2.edf"", ""PN00-5.edf""]"
PN00,PN00-4.edf,1035,1025,1035,975,1035,True,True,False,True,1,2102,1,positive,4,,0.99999999963706876,1.01,E0_LR,20260922,True,nested,"[""PN00-1.edf"", ""PN00-2.edf"", ""PN00-5.edf""]"
PN00,PN00-4.edf,1040,1030,1040,980,1040,True,True,False,True,1,2102,1,positive,4,,0.99999985538662095,1.01,E0_LR,20260922,True,nested,"[""PN00-1.edf"", ""PN00-2.edf"", ""PN00-5.edf""]"
PN00,PN00-4.edf,1045,1035,1045,985,1045,True,True,False,True,1,2102,1,positive,4,,0.99999052069311012,1.01,E0_LR,20260922,True,nested,"[""PN00-1.edf"", ""PN00-2.edf"", ""PN00-5.edf""]"
PN00,PN00-4.edf,1050,1040,1050,990,1050,True,True,False,True,1,2102,1,positive,4,,0.99999999999987876,1.01,E0_LR,20260922,True,nested,"[""PN00-1.edf"", ""PN00-2.edf"", ""PN00-5.edf""]"
PN00,PN00-4.edf,1055,1045,1055,995,1055,True,True,False,True,1,2102,1,positive,4,,0.99999999999539746,1.01,E0_LR,20260922,True,nested,"[""PN00-1.edf"", ""PN00-2.edf"", ""PN00-5.edf""]"
PN00,PN00-4.edf,1060,1050,1060,1000,1060,True,True,False,True,1,2102,1,positive,4,,0.0017652753327935843,1.01,E0_LR,20260922,True,nested,"[""PN00-1.edf"", ""PN00-2.edf"", ""PN00-5.edf""]"
PN00,PN00-4.edf,1065,1055,1065,1005,1065,True,True,False,True,1,2102,1,positive,4,,0.99970223053435314,1.01,E0_LR,20260922,True,nested,"[""PN00-1.edf"", ""PN00-2.edf"", ""PN00-5.edf""]"
PN00,PN00-4.edf,1070,1060,1070,1010,1070,True,True,False,True,1,2102,1,positive,4,,0.99999797837801419,1.01,E0_LR,20260922,True,nested,"[""PN00-1.edf"", ""PN00-2.edf"", ""PN00-5.edf""]"
PN00,PN00-4.edf,1075,1065,1075,1015,1075,True,True,False,True,1,2102,1,positive,4,,0.9999308363619519,1.01,E0_LR,20260922,True,nested,"[""PN00-1.edf"", ""PN00-2.edf"", ""PN00-5.edf""]"
PN00,PN00-4.edf,1080,1070,1080,1020,1080,True,True,False,False,0,2102,-1,ignore,,,0.99760269969297444,1.01,E0_LR,20260922,True,nested,"[""PN00-1.edf"", ""PN00-2.edf"", ""PN00-5.edf""]"
PN00,PN00-4.edf,1085,1075,1085,1025,1085,True,True,False,False,0,2102,-1,ignore,,,0.0014543215197128114,1.01,E0_LR,20260922,True,nested,"[""PN00-1.edf"", ""PN00-2.edf"", ""PN00-5.edf""]"
PN00,PN00-4.edf,1090,1080,1090,1030,1090,True,True,False,False,0,2102,-1,ignore,,,0.8316741402258141,1.01,E0_LR,20260922,True,nested,"[""PN00-1.edf"", ""PN00-2.edf"", ""PN00-5.edf""]"
PN00,PN00-4.edf,1095,1085,1095,1035,1095,True,True,False,False,0,2102,-1,ignore,,,2.6378743492032633e-05,1.01,E0_LR,20260922,True,nested,"[""PN00-1.edf"", ""PN00-2.edf"", ""PN00-5.edf""]"
PN00,PN00-4.edf,1100,1090,1100,1040,1100,True,True,False,False,0,2102,-1,ignore,,,2.0103846654016014e-16,1.01,E0_LR,20260922,True,nested,"[""PN00-1.edf"", ""PN00-2.edf"", ""PN00-5.edf""]"
PN00,PN00-4.edf,1105,1095,1105,1045,1105,True,True,False,False,0,2102,-1,ignore,,,0.15361519453443556,1.01,E0_LR,20260922,True,nested,"[""PN00-1.edf"", ""PN00-2.edf"", ""PN00-5.edf""]"
PN00,PN00-4.edf,1110,1100,1110,1050,1110,True,True,False,False,0,2102,-1,ignore,,,0.034948089462479716,1.01,E0_LR,20260922,True,nested,"[""PN00-1.edf"", ""PN00-2.edf"", ""PN00-5.edf""]"
PN00,PN00-4.edf,1115,1105,1115,1055,1115,True,True,False,False,0,2102,-1,ignore,,,0.16624052369326597,1.01,E0_LR,20260922,True,nested,"[""PN00-1.edf"", ""PN00-2.edf"", ""PN00-5.edf""]"
PN00,PN00-4.edf,1120,1110,1120,1060,1120,True,True,False,False,0,2102,-1,ignore,,,0.15214334334342958,1.01,E0_LR,20260922,True,nested,"[""PN00-1.edf"", ""PN00-2.edf"", ""PN00-5.edf""]"
PN00,PN00-4.edf,1125,1115,1125,1065,1125,True,True,False,False,0,2102,-1,ignore,,,0.0060374870405658877,1.01,E0_LR,20260922,True,nested,"[""PN00-1.edf"", ""PN00-2.edf"", ""PN00-5.edf""]"
PN00,PN00-4.edf,1130,1120,1130,1070,1130,True,True,False,False,0,2102,-1,ignore,,,0.68483402235997726,1.01,E0_LR,20260922,True,nested,"[""PN00-1.edf"", ""PN00-2.edf"", ""PN00-5.edf""]"
PN00,PN00-4.edf,1135,1125,1135,1075,1135,True,True,False,False,0,2102,-1,ignore,,,0.61198948662054753,1.01,E0_LR,20260922,True,nested,"[""PN00-1.edf"", ""PN00-2.edf"", ""PN00-5.edf""]"
PN00,PN00-4.edf,1140,1130,1140,1080,1140,True,True,False,False,0,2102,-1,ignore,,,0.0056528463552079009,1.01,E0_LR,20260922,True,nested,"[""PN00-1.edf"", ""PN00-2.edf"", ""PN00-5.edf""]"
PN00,PN00-4.edf,1145,1135,1145,1085,1145,True,True,False,False,0,2102,-1,ignore,,,0.026642119074432365,1.01,E0_LR,20260922,True,nested,"[""PN00-1.edf"", ""PN00-2.edf"", ""PN00-5.edf""]"
PN00,PN00-4.edf,1150,1140,1150,1090,1150,True,True,False,False,0,2102,-1,ignore,,,0.0045636966001439769,1.01,E0_LR,20260922,True,nested,"[""PN00-1.edf"", ""PN00-2.edf"", ""PN00-5.edf""]"
PN00,PN00-4.edf,1155,1145,1155,1095,1155,True,True,False,False,0,2102,-1,ignore,,,0.13680617510967416,1.01,E0_LR,20260922,True,nested,"[""PN00-1.edf"", ""PN00-2.edf"", ""PN00-5.edf""]"
PN00,PN00-4.edf,1160,1150,1160,1100,1160,True,True,False,False,0,2102,-1,ignore,,,0.072154569888800146,1.01,E0_LR,20260922,True,nested,"[""PN00-1.edf"", ""PN00-2.edf"", ""PN00-5.edf""]"
PN00,PN00-4.edf,1165,1155,1165,1105,1165,True,True,False,False,0,2102,-1,ignore,,,0.012211570987246871,1.01,E0_LR,20260922,True,nested,"[""PN00-1.edf"", ""PN00-2.edf"", ""PN00-5.edf""]"
PN00,PN00-4.edf,1170,1160,1170,1110,1170,True,True,False,False,0,2102,-1,ignore,,,0.027085924473589526,1.01,E0_LR,20260922,True,nested,"[""PN00-1.edf"", ""PN00-2.edf"", ""PN00-5.edf""]"
PN00,PN00-4.edf,1175,1165,1175,1115,1175,True,True,False,False,0,2102,-1,ignore,,,0.46035137763542788,1.01,E0_LR,20260922,True,nested,"[""PN00-1.edf"", ""PN00-2.edf"", ""PN00-5.edf""]"
PN00,PN00-4.edf,1180,1170,1180,1120,1180,True,True,False,False,0,2102,-1,ignore,,,0.0061362582428945026,1.01,E0_LR,20260922,True,nested,"[""PN00-1.edf"", ""PN00-2.edf"", ""PN00-5.edf""]"
PN00,PN00-4.edf,1185,1175,1185,1125,1185,True,True,False,False,0,2102,-1,ignore,,,0.0033294433364938242,1.01,E0_LR,20260922,True,nested,"[""PN00-1.edf"", ""PN00-2.edf"", ""PN00-5.edf""]"
PN00,PN00-4.edf,1190,1180,1190,1130,1190,True,True,False,False,0,2102,-1,ignore,,,0.0053123375505959242,1.01,E0_LR,20260922,True,nested,"[""PN00-1.edf"", ""PN00-2.edf"", ""PN00-5.edf""]"
PN00,PN00-4.edf,1195,1185,1195,1135,1195,True,True,False,False,0,2102,-1,ignore,,,0.02074898466045072,1.01,E0_LR,20260922,True,nested,"[""PN00-1.edf"", ""PN00-2.edf"", ""PN00-5.edf""]"
PN00,PN00-4.edf,1200,1190,1200,1140,1200,True,True,False,False,0,2102,-1,ignore,,,0.0039597411920947742,1.01,E0_LR,20260922,True,nested,"[""PN00-1.edf"", ""PN00-2.edf"", ""PN00-5.edf""]"
PN00,PN00-4.edf,1205,1195,1205,1145,1205,True,True,False,False,0,2102,-1,ignore,,,0.00051117250518552563,1.01,E0_LR,20260922,True,nested,"[""PN00-1.edf"", ""PN00-2.edf"", ""PN00-5.edf""]"
PN00,PN00-4.edf,1210,1200,1210,1150,1210,True,True,False,False,0,2102,-1,ignore,,,0.005690550020388669,1.01,E0_LR,20260922,True,nested,"[""PN00-1.edf"", ""PN00-2.edf"", ""PN00-5.edf""]"
PN00,PN00-4.edf,1215,1205,1215,1155,1215,True,True,False,False,0,2102,-1,ignore,,,0.0086410175792908349,1.01,E0_LR,20260922,True,nested,"[""PN00-1.edf"", ""PN00-2.edf"", ""PN00-5.edf""]"
PN00,PN00-4.edf,1220,1210,1220,1160,1220,True,True,False,False,0,2102,-1,ignore,,,0.0063810281422211545,1.01,E0_LR,20260922,True,nested,"[""PN00-1.edf"", ""PN00-2.edf"", ""PN00-5.edf""]"
PN00,PN00-4.edf,1225,1215,1225,1165,1225,True,True,False,False,0,2102,-1,ignore,,,0.013098551808233529,1.01,E0_LR,20260922,True,nested,"[""PN00-1.edf"", ""PN00-2.edf"", ""PN00-5.edf""]"
PN00,PN00-4.edf,1230,1220,1230,1170,1230,True,True,False,False,0,2102,-1,ignore,,,0.021212524572706889,1.01,E0_LR,20260922,True,nested,"[""PN00-1.edf"", ""PN00-2.edf"", ""PN00-5.edf""]"
PN00,PN00-4.edf,1235,1225,1235,1175,1235,True,True,False,False,0,2102,-1,ignore,,,0.0061453091356398967,1.01,E0_LR,20260922,True,nested,"[""PN00-1.edf"", ""PN00-2.edf"", ""PN00-5.edf""]"
PN00,PN00-4.edf,1240,1230,1240,1180,1240,True,True,False,False,0,2102,-1,ignore,,,0.016241294967573136,1.01,E0_LR,20260922,True,nested,"[""PN00-1.edf"", ""PN00-2.edf"", ""PN00-5.edf""]"
PN00,PN00-4.edf,1245,1235,1245,1185,1245,True,True,False,False,0,2102,-1,ignore,,,0.0067249160033027592,1.01,E0_LR,20260922,True,nested,"[""PN00-1.edf"", ""PN00-2.edf"", ""PN00-5.edf""]"
PN00,PN00-4.edf,1250,1240,1250,1190,1250,True,True,False,False,0,2102,-1,ignore,,,0.03164136722559345,1.01,E0_LR,20260922,True,nested,"[""PN00-1.edf"", ""PN00-2.edf"", ""PN00-5.edf""]"
PN00,PN00-4.edf,1255,1245,1255,1195,1255,True,True,False,False,0,2102,-1,ignore,,,0.014200499143238995,1.01,E0_LR,20260922,True,nested,"[""PN00-1.edf"", ""PN00-2.edf"", ""PN00-5.edf""]"
PN00,PN00-4.edf,1260,1250,1260,1200,1260,True,True,False,False,0,2102,-1,ignore,,,0.00087190052297034769,1.01,E0_LR,20260922,True,nested,"[""PN00-1.edf"", ""PN00-2.edf"", ""PN00-5.edf""]"
PN00,PN00-4.edf,1265,1255,1265,1205,1265,True,True,False,False,0,2102,-1,ignore,,,0.0053120177543666495,1.01,E0_LR,20260922,True,nested,"[""PN00-1.edf"", ""PN00-2.edf"", ""PN00-5.edf""]"
PN00,PN00-4.edf,1270,1260,1270,1210,1270,True,True,False,False,0,2102,-1,ignore,,,0.014326997138971915,1.01,E0_LR,20260922,True,nested,"[""PN00-1.edf"", ""PN00-2.edf"", ""PN00-5.edf""]"
PN00,PN00-4.edf,1275,1265,1275,1215,1275,True,True,False,False,0,2102,-1,ignore,,,0.0089325837342215872,1.01,E0_LR,20260922,True,nested,"[""PN00-1.edf"", ""PN00-2.edf"", ""PN00-5.edf""]"
PN00,PN00-4.edf,1280,1270,1280,1220,1280,True,True,False,False,0,2102,-1,ignore,,,0.015113600152417528,1.01,E0_LR,20260922,True,nested,"[""PN00-1.edf"", ""PN00-2.edf"", ""PN00-5.edf""]"
PN00,PN00-4.edf,1285,1275,1285,1225,1285,True,True,False,False,0,2102,-1,ignore,,,0.0017071697936700625,1.01,E0_LR,20260922,True,nested,"[""PN00-1.edf"", ""PN00-2.edf"", ""PN00-5.edf""]"
PN00,PN00-4.edf,1290,1280,1290,1230,1290,True,True,False,False,0,2102,-1,ignore,,,0.0056175746938728283,1.01,E0_LR,20260922,True,nested,"[""PN00-1.edf"", ""PN00-2.edf"", ""PN00-5.edf""]"
PN00,PN00-4.edf,1295,1285,1295,1235,1295,True,True,False,False,0,2102,-1,ignore,,,0.0075046757257786045,1.01,E0_LR,20260922,True,nested,"[""PN00-1.edf"", ""PN00-2.edf"", ""PN00-5.edf""]"
PN00,PN00-4.edf,1300,1290,1300,1240,1300,True,True,False,False,0,2102,-1,ignore,,,0.011157318164337311,1.01,E0_LR,20260922,True,nested,"[""PN00-1.edf"", ""PN00-2.edf"", ""PN00-5.edf""]"
PN00,PN00-4.edf,1305,1295,1305,1245,1305,True,True,False,False,0,2102,-1,ignore,,,0.012193793808436415,1.01,E0_LR,20260922,True,nested,"[""PN00-1.edf"", ""PN00-2.edf"", ""PN00-5.edf""]"
PN00,PN00-4.edf,1310,1300,1310,1250,1310,True,True,False,False,0,2102,-1,ignore,,,0.014842627806852778,1.01,E0_LR,20260922,True,nested,"[""PN00-1.edf"", ""PN00-2.edf"", ""PN00-5.edf""]"
PN00,PN00-4.edf,1315,1305,1315,1255,1315,True,True,False,False,0,2102,-1,ignore,,,0.0054406865641560805,1.01,E0_LR,20260922,True,nested,"[""PN00-1.edf"", ""PN00-2.edf"", ""PN00-5.edf""]"
PN00,PN00-4.edf,1320,1310,1320,1260,1320,True,True,False,False,0,2102,-1,ignore,,,0.0068306849541339447,1.01,E0_LR,20260922,True,nested,"[""PN00-1.edf"", ""PN00-2.edf"", ""PN00-5.edf""]"
PN00,PN00-4.edf,1325,1315,1325,1265,1325,True,True,False,False,0,2102,-1,ignore,,,0.0023890341562503091,1.01,E0_LR,20260922,True,nested,"[""PN00-1.edf"", ""PN00-2.edf"", ""PN00-5.edf""]"
PN00,PN00-4.edf,1330,1320,1330,1270,1330,True,True,False,False,0,2102,-1,ignore,,,0.13800892987178873,1.01,E0_LR,20260922,True,nested,"[""PN00-1.edf"", ""PN00-2.edf"", ""PN00-5.edf""]"
PN00,PN00-4.edf,1335,1325,1335,1275,1335,True,True,False,False,0,2102,-1,ignore,,,0.21864374803191877,1.01,E0_LR,20260922,True,nested,"[""PN00-1.edf"", ""PN00-2.edf"", ""PN00-5.edf""]"
PN00,PN00-4.edf,1340,1330,1340,1280,1340,True,True,False,False,0,2102,-1,ignore,,,0.047875011973891213,1.01,E0_LR,20260922,True,nested,"[""PN00-1.edf"", ""PN00-2.edf"", ""PN00-5.edf""]"
PN00,PN00-4.edf,1345,1335,1345,1285,1345,True,True,False,False,0,2102,-1,ignore,,,0.0058424307967101423,1.01,E0_LR,20260922,True,nested,"[""PN00-1.edf"", ""PN00-2.edf"", ""PN00-5.edf""]"
PN00,PN00-4.edf,1350,1340,1350,1290,1350,True,True,False,False,0,2102,-1,ignore,,,0.0077399438204274612,1.01,E0_LR,20260922,True,nested,"[""PN00-1.edf"", ""PN00-2.edf"", ""PN00-5.edf""]"
PN00,PN00-4.edf,1355,1345,1355,1295,1355,True,True,False,False,0,2102,-1,ignore,,,0.012159193530325395,1.01,E0_LR,20260922,True,nested,"[""PN00-1.edf"", ""PN00-2.edf"", ""PN00-5.edf""]"
PN00,PN00-4.edf,1360,1350,1360,1300,1360,True,True,False,False,0,2102,-1,ignore,,,0.020323048708819978,1.01,E0_LR,20260922,True,nested,"[""PN00-1.edf"", ""PN00-2.edf"", ""PN00-5.edf""]"
PN00,PN00-4.edf,1365,1355,1365,1305,1365,True,True,False,False,0,2102,-1,ignore,,,0.015260397927652434,1.01,E0_LR,20260922,True,nested,"[""PN00-1.edf"", ""PN00-2.edf"", ""PN00-5.edf""]"
PN00,PN00-4.edf,1370,1360,1370,1310,1370,True,True,False,False,0,2102,-1,ignore,,,0.0054321081864922866,1.01,E0_LR,20260922,True,nested,"[""PN00-1.edf"", ""PN00-2.edf"", ""PN00-5.edf""]"
PN00,PN00-4.edf,1375,1365,1375,1315,1375,True,True,False,False,0,2102,-1,ignore,,,0.090469422036015934,1.01,E0_LR,20260922,True,nested,"[""PN00-1.edf"", ""PN00-2.edf"", ""PN00-5.edf""]"
PN00,PN00-4.edf,1380,1370,1380,1320,1380,True,True,False,True,0,2102,0,negative,,,0.019329059866566869,1.01,E0_LR,20260922,True,nested,"[""PN00-1.edf"", ""PN00-2.edf"", ""PN00-5.edf""]"
PN00,PN00-4.edf,1385,1375,1385,1325,1385,True,True,False,True,0,2102,0,negative,,,0.0009069696229282721,1.01,E0_LR,20260922,True,nested,"[""PN00-1.edf"", ""PN00-2.edf"", ""PN00-5.edf""]"
PN00,PN00-4.edf,1390,1380,1390,1330,1390,True,True,False,True,0,2102,0,negative,,,0.010082273697690061,1.01,E0_LR,20260922,True,nested,"[""PN00-1.edf"", ""PN00-2.edf"", ""PN00-5.edf""]"
PN00,PN00-4.edf,1395,1385,1395,1335,1395,True,True,False,True,0,2102,0,negative,,,0.023143783299681839,1.01,E0_LR,20260922,True,nested,"[""PN00-1.edf"", ""PN00-2.edf"", ""PN00-5.edf""]"
PN00,PN00-4.edf,1400,1390,1400,1340,1400,True,True,False,True,0,2102,0,negative,,,0.010853617803642083,1.01,E0_LR,20260922,True,nested,"[""PN00-1.edf"", ""PN00-2.edf"", ""PN00-5.edf""]"
PN00,PN00-4.edf,1405,1395,1405,1345,1405,True,True,False,True,0,2102,0,negative,,,0.0065150152565864204,1.01,E0_LR,20260922,True,nested,"[""PN00-1.edf"", ""PN00-2.edf"", ""PN00-5.edf""]"
PN00,PN00-4.edf,1410,1400,1410,1350,1410,True,True,False,True,0,2102,0,negative,,,0.0032403428913859006,1.01,E0_LR,20260922,True,nested,"[""PN00-1.edf"", ""PN00-2.edf"", ""PN00-5.edf""]"
PN00,PN00-4.edf,1415,1405,1415,1355,1415,True,True,False,True,0,2102,0,negative,,,0.18360162194106278,1.01,E0_LR,20260922,True,nested,"[""PN00-1.edf"", ""PN00-2.edf"", ""PN00-5.edf""]"
PN00,PN00-4.edf,1420,1410,1420,1360,1420,True,True,False,True,0,2102,0,negative,,,0.11717267277936057,1.01,E0_LR,20260922,True,nested,"[""PN00-1.edf"", ""PN00-2.edf"", ""PN00-5.edf""]"
PN00,PN00-4.edf,1425,1415,1425,1365,1425,True,True,False,True,0,2102,0,negative,,,0.0036984164419714975,1.01,E0_LR,20260922,True,nested,"[""PN00-1.edf"", ""PN00-2.edf"", ""PN00-5.edf""]"
PN00,PN00-4.edf,1430,1420,1430,1370,1430,True,True,False,True,0,2102,0,negative,,,0.0049842349218750508,1.01,E0_LR,20260922,True,nested,"[""PN00-1.edf"", ""PN00-2.edf"", ""PN00-5.edf""]"
PN00,PN00-4.edf,1435,1425,1435,1375,1435,True,True,False,True,0,2102,0,negative,,,0.0028699501042994614,1.01,E0_LR,20260922,True,nested,"[""PN00-1.edf"", ""PN00-2.edf"", ""PN00-5.edf""]"
PN00,PN00-4.edf,1440,1430,1440,1380,1440,True,True,False,True,0,2102,0,negative,,,0.0018855647721810137,1.01,E0_LR,20260922,True,nested,"[""PN00-1.edf"", ""PN00-2.edf"", ""PN00-5.edf""]"
PN00,PN00-4.edf,1445,1435,1445,1385,1445,True,True,False,True,0,2102,0,negative,,,0.002292980369340105,1.01,E0_LR,20260922,True,nested,"[""PN00-1.edf"", ""PN00-2.edf"", ""PN00-5.edf""]"
PN00,PN00-4.edf,1450,1440,1450,1390,1450,True,True,False,True,0,2102,0,negative,,,0.0071928606956962841,1.01,E0_LR,20260922,True,nested,"[""PN00-1.edf"", ""PN00-2.edf"", ""PN00-5.edf""]"
PN00,PN00-4.edf,1455,1445,1455,1395,1455,True,True,False,True,0,2102,0,negative,,,0.0061365576839155249,1.01,E0_LR,20260922,True,nested,"[""PN00-1.edf"", ""PN00-2.edf"", ""PN00-5.edf""]"
PN00,PN00-4.edf,1460,1450,1460,1400,1460,True,True,False,True,0,2102,0,negative,,,0.0051198639014506759,1.01,E0_LR,20260922,True,nested,"[""PN00-1.edf"", ""PN00-2.edf"", ""PN00-5.edf""]"
PN00,PN00-4.edf,1465,1455,1465,1405,1465,True,True,False,True,0,2102,0,negative,,,0.036010914486569907,1.01,E0_LR,20260922,True,nested,"[""PN00-1.edf"", ""PN00-2.edf"", ""PN00-5.edf""]"
PN00,PN00-4.edf,1470,1460,1470,1410,1470,True,True,False,True,0,2102,0,negative,,,0.22622072433324317,1.01,E0_LR,20260922,True,nested,"[""PN00-1.edf"", ""PN00-2.edf"", ""PN00-5.edf""]"
PN00,PN00-4.edf,1475,1465,1475,1415,1475,True,True,False,True,0,2102,0,negative,,,0.02399540549726514,1.01,E0_LR,20260922,True,nested,"[""PN00-1.edf"", ""PN00-2.edf"", ""PN00-5.edf""]"
PN00,PN00-4.edf,1480,1470,1480,1420,1480,True,True,False,True,0,2102,0,negative,,,0.012039381776446279,1.01,E0_LR,20260922,True,nested,"[""PN00-1.edf"", ""PN00-2.edf"", ""PN00-5.edf""]"
PN00,PN00-4.edf,1485,1475,1485,1425,1485,True,True,False,True,0,2102,0,negative,,,0.0047191071796209762,1.01,E0_LR,20260922,True,nested,"[""PN00-1.edf"", ""PN00-2.edf"", ""PN00-5.edf""]"
PN00,PN00-4.edf,1490,1480,1490,1430,1490,True,True,False,True,0,2102,0,negative,,,0.018701453939191624,1.01,E0_LR,20260922,True,nested,"[""PN00-1.edf"", ""PN00-2.edf"", ""PN00-5.edf""]"
PN00,PN00-4.edf,1495,1485,1495,1435,1495,True,True,False,True,0,2102,0,negative,,,0.0077158203660159467,1.01,E0_LR,20260922,True,nested,"[""PN00-1.edf"", ""PN00-2.edf"", ""PN00-5.edf""]"
PN00,PN00-4.edf,1500,1490,1500,1440,1500,True,True,False,True,0,2102,0,negative,,,0.0035312694702150332,1.01,E0_LR,20260922,True,nested,"[""PN00-1.edf"", ""PN00-2.edf"", ""PN00-5.edf""]"
PN00,PN00-4.edf,1505,1495,1505,1445,1505,True,True,False,True,0,2102,0,negative,,,0.17354117870060567,1.01,E0_LR,20260922,True,nested,"[""PN00-1.edf"", ""PN00-2.edf"", ""PN00-5.edf""]"
PN00,PN00-4.edf,1510,1500,1510,1450,1510,True,True,False,True,0,2102,0,negative,,,0.058788271551183317,1.01,E0_LR,20260922,True,nested,"[""PN00-1.edf"", ""PN00-2.edf"", ""PN00-5.edf""]"
PN00,PN00-4.edf,1515,1505,1515,1455,1515,True,True,False,True,0,2102,0,negative,,,6.8092294515132982e-05,1.01,E0_LR,20260922,True,nested,"[""PN00-1.edf"", ""PN00-2.edf"", ""PN00-5.edf""]"
PN00,PN00-4.edf,1520,1510,1520,1460,1520,True,True,False,True,0,2102,0,negative,,,0.0012389201346158917,1.01,E0_LR,20260922,True,nested,"[""PN00-1.edf"", ""PN00-2.edf"", ""PN00-5.edf""]"
PN00,PN00-4.edf,1525,1515,1525,1465,1525,True,True,False,True,0,2102,0,negative,,,0.0040051292616253981,1.01,E0_LR,20260922,True,nested,"[""PN00-1.edf"", ""PN00-2.edf"", ""PN00-5.edf""]"
PN00,PN00-4.edf,1530,1520,1530,1470,1530,True,True,False,True,0,2102,0,negative,,,0.0095200776139702358,1.01,E0_LR,20260922,True,nested,"[""PN00-1.edf"", ""PN00-2.edf"", ""PN00-5.edf""]"
PN00,PN00-4.edf,1535,1525,1535,1475,1535,True,True,False,True,0,2102,0,negative,,,0.0077329544861086084,1.01,E0_LR,20260922,True,nested,"[""PN00-1.edf"", ""PN00-2.edf"", ""PN00-5.edf""]"
PN00,PN00-4.edf,1540,1530,1540,1480,1540,True,True,False,True,0,2102,0,negative,,,0.26918173333925238,1.01,E0_LR,20260922,True,nested,"[""PN00-1.edf"", ""PN00-2.edf"", ""PN00-5.edf""]"
PN00,PN00-4.edf,1545,1535,1545,1485,1545,True,True,False,True,0,2102,0,negative,,,0.55435520254871318,1.01,E0_LR,20260922,True,nested,"[""PN00-1.edf"", ""PN00-2.edf"", ""PN00-5.edf""]"
PN00,PN00-4.edf,1550,1540,1550,1490,1550,True,True,False,True,0,2102,0,negative,,,0.51112618982560287,1.01,E0_LR,20260922,True,nested,"[""PN00-1.edf"", ""PN00-2.edf"", ""PN00-5.edf""]"
PN00,PN00-4.edf,1555,1545,1555,1495,1555,True,True,False,True,0,2102,0,negative,,,0.27858304146145335,1.01,E0_LR,20260922,True,nested,"[""PN00-1.edf"", ""PN00-2.edf"", ""PN00-5.edf""]"
PN00,PN00-4.edf,1560,1550,1560,1500,1560,True,True,False,True,0,2102,0,negative,,,0.2001654230056221,1.01,E0_LR,20260922,True,nested,"[""PN00-1.edf"", ""PN00-2.edf"", ""PN00-5.edf""]"
PN00,PN00-4.edf,1565,1555,1565,1505,1565,True,True,False,True,0,2102,0,negative,,,0.23500989894271715,1.01,E0_LR,20260922,True,nested,"[""PN00-1.edf"", ""PN00-2.edf"", ""PN00-5.edf""]"
PN00,PN00-4.edf,1570,1560,1570,1510,1570,True,True,False,True,0,2102,0,negative,,,0.048475570984711031,1.01,E0_LR,20260922,True,nested,"[""PN00-1.edf"", ""PN00-2.edf"", ""PN00-5.edf""]"
PN00,PN00-4.edf,1575,1565,1575,1515,1575,True,True,False,True,0,2102,0,negative,,,0.19912874372950212,1.01,E0_LR,20260922,True,nested,"[""PN00-1.edf"", ""PN00-2.edf"", ""PN00-5.edf""]"
PN00,PN00-4.edf,1580,1570,1580,1520,1580,True,True,False,True,0,2102,0,negative,,,0.0008551281702125149,1.01,E0_LR,20260922,True,nested,"[""PN00-1.edf"", ""PN00-2.edf"", ""PN00-5.edf""]"
PN00,PN00-4.edf,1585,1575,1585,1525,1585,True,True,False,True,0,2102,0,negative,,,0.030801616009769574,1.01,E0_LR,20260922,True,nested,"[""PN00-1.edf"", ""PN00-2.edf"", ""PN00-5.edf""]"
PN00,PN00-4.edf,1590,1580,1590,1530,1590,True,True,False,True,0,2102,0,negative,,,0.0062032886631831858,1.01,E0_LR,20260922,True,nested,"[""PN00-1.edf"", ""PN00-2.edf"", ""PN00-5.edf""]"
PN00,PN00-4.edf,1595,1585,1595,1535,1595,True,True,False,True,0,2102,0,negative,,,0.0024576255472779688,1.01,E0_LR,20260922,True,nested,"[""PN00-1.edf"", ""PN00-2.edf"", ""PN00-5.edf""]"
PN00,PN00-4.edf,1600,1590,1600,1540,1600,True,True,False,True,0,2102,0,negative,,,0.0151974389372652,1.01,E0_LR,20260922,True,nested,"[""PN00-1.edf"", ""PN00-2.edf"", ""PN00-5.edf""]"
PN00,PN00-4.edf,1605,1595,1605,1545,1605,True,True,False,True,0,2102,0,negative,,,0.0030945898008636168,1.01,E0_LR,20260922,True,nested,"[""PN00-1.edf"", ""PN00-2.edf"", ""PN00-5.edf""]"
PN00,PN00-4.edf,1610,1600,1610,1550,1610,True,True,False,True,0,2102,0,negative,,,0.0005073352989493808,1.01,E0_LR,20260922,True,nested,"[""PN00-1.edf"", ""PN00-2.edf"", ""PN00-5.edf""]"
PN00,PN00-4.edf,1615,1605,1615,1555,1615,True,True,False,True,0,2102,0,negative,,,0.00036777245723344277,1.01,E0_LR,20260922,True,nested,"[""PN00-1.edf"", ""PN00-2.edf"", ""PN00-5.edf""]"
PN00,PN00-4.edf,1620,1610,1620,1560,1620,True,True,False,True,0,2102,0,negative,,,0.0034373585247420165,1.01,E0_LR,20260922,True,nested,"[""PN00-1.edf"", ""PN00-2.edf"", ""PN00-5.edf""]"
PN00,PN00-4.edf,1625,1615,1625,1565,1625,True,True,False,True,0,2102,0,negative,,,0.010276767636919894,1.01,E0_LR,20260922,True,nested,"[""PN00-1.edf"", ""PN00-2.edf"", ""PN00-5.edf""]"
PN00,PN00-4.edf,1630,1620,1630,1570,1630,True,True,False,True,0,2102,0,negative,,,0.00017355612884447825,1.01,E0_LR,20260922,True,nested,"[""PN00-1.edf"", ""PN00-2.edf"", ""PN00-5.edf""]"
PN00,PN00-4.edf,1635,1625,1635,1575,1635,True,True,False,True,0,2102,0,negative,,,0.00033269532751612434,1.01,E0_LR,20260922,True,nested,"[""PN00-1.edf"", ""PN00-2.edf"", ""PN00-5.edf""]"
PN00,PN00-4.edf,1640,1630,1640,1580,1640,True,True,False,True,0,2102,0,negative,,,0.0081492095267396546,1.01,E0_LR,20260922,True,nested,"[""PN00-1.edf"", ""PN00-2.edf"", ""PN00-5.edf""]"
PN00,PN00-4.edf,1645,1635,1645,1585,1645,True,True,False,True,0,2102,0,negative,,,0.11393913668980946,1.01,E0_LR,20260922,True,nested,"[""PN00-1.edf"", ""PN00-2.edf"", ""PN00-5.edf""]"
PN00,PN00-4.edf,1650,1640,1650,1590,1650,True,True,False,True,0,2102,0,negative,,,0.16113621282640969,1.01,E0_LR,20260922,True,nested,"[""PN00-1.edf"", ""PN00-2.edf"", ""PN00-5.edf""]"
PN00,PN00-4.edf,1655,1645,1655,1595,1655,True,True,False,True,0,2102,0,negative,,,0.024335490121235762,1.01,E0_LR,20260922,True,nested,"[""PN00-1.edf"", ""PN00-2.edf"", ""PN00-5.edf""]"
PN00,PN00-4.edf,1660,1650,1660,1600,1660,True,True,False,True,0,2102,0,negative,,,0.0087287194655340586,1.01,E0_LR,20260922,True,nested,"[""PN00-1.edf"", ""PN00-2.edf"", ""PN00-5.edf""]"
PN00,PN00-4.edf,1665,1655,1665,1605,1665,True,True,False,True,0,2102,0,negative,,,0.0032075031649490509,1.01,E0_LR,20260922,True,nested,"[""PN00-1.edf"", ""PN00-2.edf"", ""PN00-5.edf""]"
PN00,PN00-4.edf,1670,1660,1670,1610,1670,True,True,False,True,0,2102,0,negative,,,0.0060407340584319961,1.01,E0_LR,20260922,True,nested,"[""PN00-1.edf"", ""PN00-2.edf"", ""PN00-5.edf""]"
PN00,PN00-4.edf,1675,1665,1675,1615,1675,True,True,False,True,0,2102,0,negative,,,0.010611349787286228,1.01,E0_LR,20260922,True,nested,"[""PN00-1.edf"", ""PN00-2.edf"", ""PN00-5.edf""]"
PN00,PN00-4.edf,1680,1670,1680,1620,1680,True,True,False,True,0,2102,0,negative,,,0.005150373425218872,1.01,E0_LR,20260922,True,nested,"[""PN00-1.edf"", ""PN00-2.edf"", ""PN00-5.edf""]"
PN00,PN00-4.edf,1685,1675,1685,1625,1685,True,True,False,True,0,2102,0,negative,,,0.0013465250536686361,1.01,E0_LR,20260922,True,nested,"[""PN00-1.edf"", ""PN00-2.edf"", ""PN00-5.edf""]"
PN00,PN00-4.edf,1690,1680,1690,1630,1690,True,True,False,True,0,2102,0,negative,,,0.00068026981810368999,1.01,E0_LR,20260922,True,nested,"[""PN00-1.edf"", ""PN00-2.edf"", ""PN00-5.edf""]"
PN00,PN00-4.edf,1695,1685,1695,1635,1695,True,True,False,True,0,2102,0,negative,,,0.060867799855932374,1.01,E0_LR,20260922,True,nested,"[""PN00-1.edf"", ""PN00-2.edf"", ""PN00-5.edf""]"
PN00,PN00-4.edf,1700,1690,1700,1640,1700,True,True,False,True,0,2102,0,negative,,,0.0077102475644793295,1.01,E0_LR,20260922,True,nested,"[""PN00-1.edf"", ""PN00-2.edf"", ""PN00-5.edf""]"
PN00,PN00-4.edf,1705,1695,1705,1645,1705,True,True,False,True,0,2102,0,negative,,,2.5233965030116877e-05,1.01,E0_LR,20260922,True,nested,"[""PN00-1.edf"", ""PN00-2.edf"", ""PN00-5.edf""]"
PN00,PN00-4.edf,1710,1700,1710,1650,1710,True,True,False,True,0,2102,0,negative,,,7.8893770095171637e-06,1.01,E0_LR,20260922,True,nested,"[""PN00-1.edf"", ""PN00-2.edf"", ""PN00-5.edf""]"
PN00,PN00-4.edf,1715,1705,1715,1655,1715,True,True,False,True,0,2102,0,negative,,,0.0054571233292089981,1.01,E0_LR,20260922,True,nested,"[""PN00-1.edf"", ""PN00-2.edf"", ""PN00-5.edf""]"
PN00,PN00-4.edf,1720,1710,1720,1660,1720,True,True,False,True,0,2102,0,negative,,,0.024379412253673596,1.01,E0_LR,20260922,True,nested,"[""PN00-1.edf"", ""PN00-2.edf"", ""PN00-5.edf""]"
PN00,PN00-4.edf,1725,1715,1725,1665,1725,True,True,False,True,0,2102,0,negative,,,0.013590176235787397,1.01,E0_LR,20260922,True,nested,"[""PN00-1.edf"", ""PN00-2.edf"", ""PN00-5.edf""]"
PN00,PN00-4.edf,1730,1720,1730,1670,1730,True,True,False,True,0,2102,0,negative,,,0.012433182994866447,1.01,E0_LR,20260922,True,nested,"[""PN00-1.edf"", ""PN00-2.edf"", ""PN00-5.edf""]"
PN00,PN00-4.edf,1735,1725,1735,1675,1735,True,True,False,True,0,2102,0,negative,,,0.062900964748964214,1.01,E0_LR,20260922,True,nested,"[""PN00-1.edf"", ""PN00-2.edf"", ""PN00-5.edf""]"
PN00,PN00-4.edf,1740,1730,1740,1680,1740,True,True,False,True,0,2102,0,negative,,,0.11060925620679207,1.01,E0_LR,20260922,True,nested,"[""PN00-1.edf"", ""PN00-2.edf"", ""PN00-5.edf""]"
PN00,PN00-4.edf,1745,1735,1745,1685,1745,True,True,False,True,0,2102,0,negative,,,0.049924896717490348,1.01,E0_LR,20260922,True,nested,"[""PN00-1.edf"", ""PN00-2.edf"", ""PN00-5.edf""]"
PN00,PN00-4.edf,1750,1740,1750,1690,1750,True,True,False,True,0,2102,0,negative,,,0.010334061497992826,1.01,E0_LR,20260922,True,nested,"[""PN00-1.edf"", ""PN00-2.edf"", ""PN00-5.edf""]"
PN00,PN00-4.edf,1755,1745,1755,1695,1755,True,True,False,True,0,2102,0,negative,,,0.0166225659845072,1.01,E0_LR,20260922,True,nested,"[""PN00-1.edf"", ""PN00-2.edf"", ""PN00-5.edf""]"
PN00,PN00-4.edf,1760,1750,1760,1700,1760,True,True,False,True,0,2102,0,negative,,,0.017768098087868757,1.01,E0_LR,20260922,True,nested,"[""PN00-1.edf"", ""PN00-2.edf"", ""PN00-5.edf""]"
PN00,PN00-4.edf,1765,1755,1765,1705,1765,True,True,False,True,0,2102,0,negative,,,0.023786389051060924,1.01,E0_LR,20260922,True,nested,"[""PN00-1.edf"", ""PN00-2.edf"", ""PN00-5.edf""]"
PN00,PN00-4.edf,1770,1760,1770,1710,1770,True,True,False,True,0,2102,0,negative,,,0.038212390820626801,1.01,E0_LR,20260922,True,nested,"[""PN00-1.edf"", ""PN00-2.edf"", ""PN00-5.edf""]"
PN00,PN00-4.edf,1775,1765,1775,1715,1775,True,True,False,True,0,2102,0,negative,,,0.11807025397673764,1.01,E0_LR,20260922,True,nested,"[""PN00-1.edf"", ""PN00-2.edf"", ""PN00-5.edf""]"
PN00,PN00-4.edf,1780,1770,1780,1720,1780,True,True,False,True,0,2102,0,negative,,,0.029933188714727988,1.01,E0_LR,20260922,True,nested,"[""PN00-1.edf"", ""PN00-2.edf"", ""PN00-5.edf""]"
PN00,PN00-4.edf,1785,1775,1785,1725,1785,True,True,False,True,0,2102,0,negative,,,0.0216061600097293,1.01,E0_LR,20260922,True,nested,"[""PN00-1.edf"", ""PN00-2.edf"", ""PN00-5.edf""]"
PN00,PN00-4.edf,1790,1780,1790,1730,1790,True,True,False,True,0,2102,0,negative,,,0.0022289623226666379,1.01,E0_LR,20260922,True,nested,"[""PN00-1.edf"", ""PN00-2.edf"", ""PN00-5.edf""]"
PN00,PN00-4.edf,1795,1785,1795,1735,1795,True,True,False,True,0,2102,0,negative,,,0.00259870406936368,1.01,E0_LR,20260922,True,nested,"[""PN00-1.edf"", ""PN00-2.edf"", ""PN00-5.edf""]"
PN00,PN00-4.edf,1800,1790,1800,1740,1800,True,True,False,True,0,2102,0,negative,,,0.21992361676199249,1.01,E0_LR,20260922,True,nested,"[""PN00-1.edf"", ""PN00-2.edf"", ""PN00-5.edf""]"
PN00,PN00-4.edf,1805,1795,1805,1745,1805,True,True,False,True,0,2102,0,negative,,,1.0159467615920636e-10,1.01,E0_LR,20260922,True,nested,"[""PN00-1.edf"", ""PN00-2.edf"", ""PN00-5.edf""]"
PN00,PN00-4.edf,1810,1800,1810,1750,1810,True,True,False,True,0,2102,0,negative,,,4.7331798603156993e-07,1.01,E0_LR,20260922,True,nested,"[""PN00-1.edf"", ""PN00-2.edf"", ""PN00-5.edf""]"
PN00,PN00-4.edf,1815,1805,1815,1755,1815,True,True,False,True,0,2102,0,negative,,,0.098751559900813607,1.01,E0_LR,20260922,True,nested,"[""PN00-1.edf"", ""PN00-2.edf"", ""PN00-5.edf""]"
PN00,PN00-4.edf,1820,1810,1820,1760,1820,True,True,False,True,0,2102,0,negative,,,0.016415995205148602,1.01,E0_LR,20260922,True,nested,"[""PN00-1.edf"", ""PN00-2.edf"", ""PN00-5.edf""]"
PN00,PN00-4.edf,1825,1815,1825,1765,1825,True,True,False,True,0,2102,0,negative,,,0.010961153707103596,1.01,E0_LR,20260922,True,nested,"[""PN00-1.edf"", ""PN00-2.edf"", ""PN00-5.edf""]"
PN00,PN00-4.edf,1830,1820,1830,1770,1830,True,True,False,True,0,2102,0,negative,,,0.0097927156985010456,1.01,E0_LR,20260922,True,nested,"[""PN00-1.edf"", ""PN00-2.edf"", ""PN00-5.edf""]"
PN00,PN00-4.edf,1835,1825,1835,1775,1835,True,True,False,True,0,2102,0,negative,,,0.0054833714319417731,1.01,E0_LR,20260922,True,nested,"[""PN00-1.edf"", ""PN00-2.edf"", ""PN00-5.edf""]"
PN00,PN00-4.edf,1840,1830,1840,1780,1840,True,True,False,True,0,2102,0,negative,,,0.045116900654619464,1.01,E0_LR,20260922,True,nested,"[""PN00-1.edf"", ""PN00-2.edf"", ""PN00-5.edf""]"
PN00,PN00-4.edf,1845,1835,1845,1785,1845,True,True,False,True,0,2102,0,negative,,,0.0015469976798724026,1.01,E0_LR,20260922,True,nested,"[""PN00-1.edf"", ""PN00-2.edf"", ""PN00-5.edf""]"
PN00,PN00-4.edf,1850,1840,1850,1790,1850,True,True,False,True,0,2102,0,negative,,,0.00046512874247419826,1.01,E0_LR,20260922,True,nested,"[""PN00-1.edf"", ""PN00-2.edf"", ""PN00-5.edf""]"
PN00,PN00-4.edf,1855,1845,1855,1795,1855,True,True,False,True,0,2102,0,negative,,,0.0012532732194826593,1.01,E0_LR,20260922,True,nested,"[""PN00-1.edf"", ""PN00-2.edf"", ""PN00-5.edf""]"
PN00,PN00-4.edf,1860,1850,1860,1800,1860,True,True,False,True,0,2102,0,negative,,,3.0025779743915348e-05,1.01,E0_LR,20260922,True,nested,"[""PN00-1.edf"", ""PN00-2.edf"", ""PN00-5.edf""]"
PN00,PN00-4.edf,1865,1855,1865,1805,1865,True,True,False,True,0,2102,0,negative,,,0.00011410076548166965,1.01,E0_LR,20260922,True,nested,"[""PN00-1.edf"", ""PN00-2.edf"", ""PN00-5.edf""]"
PN00,PN00-4.edf,1870,1860,1870,1810,1870,True,True,False,True,0,2102,0,negative,,,0.00031598436527632931,1.01,E0_LR,20260922,True,nested,"[""PN00-1.edf"", ""PN00-2.edf"", ""PN00-5.edf""]"
PN00,PN00-4.edf,1875,1865,1875,1815,1875,True,True,False,True,0,2102,0,negative,,,0.0024510256494456907,1.01,E0_LR,20260922,True,nested,"[""PN00-1.edf"", ""PN00-2.edf"", ""PN00-5.edf""]"
PN00,PN00-4.edf,1880,1870,1880,1820,1880,True,True,False,True,0,2102,0,negative,,,0.0048170554424627017,1.01,E0_LR,20260922,True,nested,"[""PN00-1.edf"", ""PN00-2.edf"", ""PN00-5.edf""]"
PN00,PN00-4.edf,1885,1875,1885,1825,1885,True,True,False,True,0,2102,0,negative,,,0.00037205674624757584,1.01,E0_LR,20260922,True,nested,"[""PN00-1.edf"", ""PN00-2.edf"", ""PN00-5.edf""]"
PN00,PN00-4.edf,1890,1880,1890,1830,1890,True,True,False,True,0,2102,0,negative,,,0.49857531533350641,1.01,E0_LR,20260922,True,nested,"[""PN00-1.edf"", ""PN00-2.edf"", ""PN00-5.edf""]"
PN00,PN00-4.edf,1895,1885,1895,1835,1895,True,True,False,True,0,2102,0,negative,,,0.00086240871130211763,1.01,E0_LR,20260922,True,nested,"[""PN00-1.edf"", ""PN00-2.edf"", ""PN00-5.edf""]"
PN00,PN00-4.edf,1900,1890,1900,1840,1900,True,True,False,True,0,2102,0,negative,,,0.020542322635950662,1.01,E0_LR,20260922,True,nested,"[""PN00-1.edf"", ""PN00-2.edf"", ""PN00-5.edf""]"
PN00,PN00-4.edf,1905,1895,1905,1845,1905,True,True,False,True,0,2102,0,negative,,,0.040485545568340636,1.01,E0_LR,20260922,True,nested,"[""PN00-1.edf"", ""PN00-2.edf"", ""PN00-5.edf""]"
PN00,PN00-4.edf,1910,1900,1910,1850,1910,True,True,False,True,0,2102,0,negative,,,0.018363653609575689,1.01,E0_LR,20260922,True,nested,"[""PN00-1.edf"", ""PN00-2.edf"", ""PN00-5.edf""]"
PN00,PN00-4.edf,1915,1905,1915,1855,1915,True,True,False,True,0,2102,0,negative,,,0.012182003096501814,1.01,E0_LR,20260922,True,nested,"[""PN00-1.edf"", ""PN00-2.edf"", ""PN00-5.edf""]"
PN00,PN00-4.edf,1920,1910,1920,1860,1920,True,True,False,True,0,2102,0,negative,,,0.0055164431119830099,1.01,E0_LR,20260922,True,nested,"[""PN00-1.edf"", ""PN00-2.edf"", ""PN00-5.edf""]"
PN00,PN00-4.edf,1925,1915,1925,1865,1925,True,True,False,True,0,2102,0,negative,,,0.0020004095300791558,1.01,E0_LR,20260922,True,nested,"[""PN00-1.edf"", ""PN00-2.edf"", ""PN00-5.edf""]"
PN00,PN00-4.edf,1930,1920,1930,1870,1930,True,True,False,True,0,2102,0,negative,,,0.00085907324138381801,1.01,E0_LR,20260922,True,nested,"[""PN00-1.edf"", ""PN00-2.edf"", ""PN00-5.edf""]"
PN00,PN00-4.edf,1935,1925,1935,1875,1935,True,True,False,True,0,2102,0,negative,,,0.0011823470398736595,1.01,E0_LR,20260922,True,nested,"[""PN00-1.edf"", ""PN00-2.edf"", ""PN00-5.edf""]"
PN00,PN00-4.edf,1940,1930,1940,1880,1940,True,True,False,True,0,2102,0,negative,,,0.062040350014286851,1.01,E0_LR,20260922,True,nested,"[""PN00-1.edf"", ""PN00-2.edf"", ""PN00-5.edf""]"
PN00,PN00-4.edf,1945,1935,1945,1885,1945,True,True,False,True,0,2102,0,negative,,,0.010402873802135178,1.01,E0_LR,20260922,True,nested,"[""PN00-1.edf"", ""PN00-2.edf"", ""PN00-5.edf""]"
PN00,PN00-4.edf,1950,1940,1950,1890,1950,True,True,False,True,0,2102,0,negative,,,0.0068027687520742413,1.01,E0_LR,20260922,True,nested,"[""PN00-1.edf"", ""PN00-2.edf"", ""PN00-5.edf""]"
PN00,PN00-4.edf,1955,1945,1955,1895,1955,True,True,False,True,0,2102,0,negative,,,0.0023909730487991841,1.01,E0_LR,20260922,True,nested,"[""PN00-1.edf"", ""PN00-2.edf"", ""PN00-5.edf""]"
PN00,PN00-4.edf,1960,1950,1960,1900,1960,True,True,False,True,0,2102,0,negative,,,0.0017731894286687538,1.01,E0_LR,20260922,True,nested,"[""PN00-1.edf"", ""PN00-2.edf"", ""PN00-5.edf""]"
PN00,PN00-4.edf,1965,1955,1965,1905,1965,True,True,False,True,0,2102,0,negative,,,0.015420758946210431,1.01,E0_LR,20260922,True,nested,"[""PN00-1.edf"", ""PN00-2.edf"", ""PN00-5.edf""]"
PN00,PN00-4.edf,1970,1960,1970,1910,1970,True,True,False,True,0,2102,0,negative,,,0.043753098668345369,1.01,E0_LR,20260922,True,nested,"[""PN00-1.edf"", ""PN00-2.edf"", ""PN00-5.edf""]"
PN00,PN00-4.edf,1975,1965,1975,1915,1975,True,True,False,True,0,2102,0,negative,,,0.018692369214654815,1.01,E0_LR,20260922,True,nested,"[""PN00-1.edf"", ""PN00-2.edf"", ""PN00-5.edf""]"
PN00,PN00-4.edf,1980,1970,1980,1920,1980,True,True,False,True,0,2102,0,negative,,,0.00088529647015032843,1.01,E0_LR,20260922,True,nested,"[""PN00-1.edf"", ""PN00-2.edf"", ""PN00-5.edf""]"
PN00,PN00-4.edf,1985,1975,1985,1925,1985,True,True,False,True,0,2102,0,negative,,,0.0039414266681761963,1.01,E0_LR,20260922,True,nested,"[""PN00-1.edf"", ""PN00-2.edf"", ""PN00-5.edf""]"
PN00,PN00-4.edf,1990,1980,1990,1930,1990,True,True,False,True,0,2102,0,negative,,,0.016470992871662555,1.01,E0_LR,20260922,True,nested,"[""PN00-1.edf"", ""PN00-2.edf"", ""PN00-5.edf""]"
PN00,PN00-4.edf,1995,1985,1995,1935,1995,True,True,False,True,0,2102,0,negative,,,0.015666282929856987,1.01,E0_LR,20260922,True,nested,"[""PN00-1.edf"", ""PN00-2.edf"", ""PN00-5.edf""]"
PN00,PN00-4.edf,2000,1990,2000,1940,2000,True,True,False,True,0,2102,0,negative,,,0.0063814168601246096,1.01,E0_LR,20260922,True,nested,"[""PN00-1.edf"", ""PN00-2.edf"", ""PN00-5.edf""]"
PN00,PN00-4.edf,2005,1995,2005,1945,2005,True,True,False,True,0,2102,0,negative,,,0.0015227079884142013,1.01,E0_LR,20260922,True,nested,"[""PN00-1.edf"", ""PN00-2.edf"", ""PN00-5.edf""]"
PN00,PN00-4.edf,2010,2000,2010,1950,2010,True,True,False,True,0,2102,0,negative,,,0.0014364164660257653,1.01,E0_LR,20260922,True,nested,"[""PN00-1.edf"", ""PN00-2.edf"", ""PN00-5.edf""]"
PN00,PN00-4.edf,2015,2005,2015,1955,2015,True,True,False,True,0,2102,0,negative,,,1.6286965692738756e-10,1.01,E0_LR,20260922,True,nested,"[""PN00-1.edf"", ""PN00-2.edf"", ""PN00-5.edf""]"
PN00,PN00-4.edf,2020,2010,2020,1960,2020,True,True,False,True,0,2102,0,negative,,,0.0052877058623009279,1.01,E0_LR,20260922,True,nested,"[""PN00-1.edf"", ""PN00-2.edf"", ""PN00-5.edf""]"
PN00,PN00-4.edf,2025,2015,2025,1965,2025,True,True,False,True,0,2102,0,negative,,,0.00032505884451678748,1.01,E0_LR,20260922,True,nested,"[""PN00-1.edf"", ""PN00-2.edf"", ""PN00-5.edf""]"
PN00,PN00-4.edf,2030,2020,2030,1970,2030,True,True,False,True,0,2102,0,negative,,,0.00089565484755896622,1.01,E0_LR,20260922,True,nested,"[""PN00-1.edf"", ""PN00-2.edf"", ""PN00-5.edf""]"
PN00,PN00-4.edf,2035,2025,2035,1975,2035,True,True,False,True,0,2102,0,negative,,,0.0021729695456530521,1.01,E0_LR,20260922,True,nested,"[""PN00-1.edf"", ""PN00-2.edf"", ""PN00-5.edf""]"
PN00,PN00-4.edf,2040,2030,2040,1980,2040,True,True,False,True,0,2102,0,negative,,,0.00053253807277985879,1.01,E0_LR,20260922,True,nested,"[""PN00-1.edf"", ""PN00-2.edf"", ""PN00-5.edf""]"
PN00,PN00-4.edf,2045,2035,2045,1985,2045,True,True,False,True,0,2102,0,negative,,,0.0009764223207740691,1.01,E0_LR,20260922,True,nested,"[""PN00-1.edf"", ""PN00-2.edf"", ""PN00-5.edf""]"
PN00,PN00-4.edf,2050,2040,2050,1990,2050,True,True,False,True,0,2102,0,negative,,,0.007760677106417823,1.01,E0_LR,20260922,True,nested,"[""PN00-1.edf"", ""PN00-2.edf"", ""PN00-5.edf""]"
PN00,PN00-4.edf,2055,2045,2055,1995,2055,True,True,False,True,0,2102,0,negative,,,0.0051219108587349472,1.01,E0_LR,20260922,True,nested,"[""PN00-1.edf"", ""PN00-2.edf"", ""PN00-5.edf""]"
PN00,PN00-4.edf,2060,2050,2060,2000,2060,True,True,False,True,0,2102,0,negative,,,0.78040169095046863,1.01,E0_LR,20260922,True,nested,"[""PN00-1.edf"", ""PN00-2.edf"", ""PN00-5.edf""]"
PN00,PN00-4.edf,2065,2055,2065,2005,2065,True,True,False,True,0,2102,0,negative,,,3.423150186048964e-05,1.01,E0_LR,20260922,True,nested,"[""PN00-1.edf"", ""PN00-2.edf"", ""PN00-5.edf""]"
PN00,PN00-4.edf,2070,2060,2070,2010,2070,True,True,False,True,0,2102,0,negative,,,0.0023956936563789819,1.01,E0_LR,20260922,True,nested,"[""PN00-1.edf"", ""PN00-2.edf"", ""PN00-5.edf""]"
PN00,PN00-4.edf,2075,2065,2075,2015,2075,True,True,False,True,0,2102,0,negative,,,0.0063910739731006362,1.01,E0_LR,20260922,True,nested,"[""PN00-1.edf"", ""PN00-2.edf"", ""PN00-5.edf""]"
PN00,PN00-4.edf,2080,2070,2080,2020,2080,True,True,False,True,0,2102,0,negative,,,0.00080530551290176531,1.01,E0_LR,20260922,True,nested,"[""PN00-1.edf"", ""PN00-2.edf"", ""PN00-5.edf""]"
PN00,PN00-4.edf,2085,2075,2085,2025,2085,True,True,False,True,0,2102,0,negative,,,0.005309132962041177,1.01,E0_LR,20260922,True,nested,"[""PN00-1.edf"", ""PN00-2.edf"", ""PN00-5.edf""]"
PN00,PN00-4.edf,2090,2080,2090,2030,2090,True,True,False,True,0,2102,0,negative,,,0.16682174737782718,1.01,E0_LR,20260922,True,nested,"[""PN00-1.edf"", ""PN00-2.edf"", ""PN00-5.edf""]"
PN00,PN00-4.edf,2095,2085,2095,2035,2095,True,True,False,True,0,2102,0,negative,,,0.021067301312039113,1.01,E0_LR,20260922,True,nested,"[""PN00-1.edf"", ""PN00-2.edf"", ""PN00-5.edf""]"
PN00,PN00-4.edf,2100,2090,2100,2040,2100,True,True,False,True,0,2102,0,negative,,,0.062781778708487015,1.01,E0_LR,20260922,True,nested,"[""PN00-1.edf"", ""PN00-2.edf"", ""PN00-5.edf""]"
PN00,PN00-5.edf,10,0,10,,10,True,False,False,True,0,2143,0,negative,,,0.25660513261627388,1.01,E0_LR,20260922,True,nested,"[""PN00-1.edf"", ""PN00-2.edf"", ""PN00-4.edf""]"
PN00,PN00-5.edf,15,5,15,,15,True,False,False,True,0,2143,0,negative,,,0.77520884748076146,1.01,E0_LR,20260922,True,nested,"[""PN00-1.edf"", ""PN00-2.edf"", ""PN00-4.edf""]"
PN00,PN00-5.edf,20,10,20,,20,True,False,False,True,0,2143,0,negative,,,0.8919069977254479,1.01,E0_LR,20260922,True,nested,"[""PN00-1.edf"", ""PN00-2.edf"", ""PN00-4.edf""]"
PN00,PN00-5.edf,25,15,25,,25,True,False,False,True,0,2143,0,negative,,,0.26526709502722617,1.01,E0_LR,20260922,True,nested,"[""PN00-1.edf"", ""PN00-2.edf"", ""PN00-4.edf""]"
PN00,PN00-5.edf,30,20,30,,30,True,False,False,True,0,2143,0,negative,,,0.023535855028586402,1.01,E0_LR,20260922,True,nested,"[""PN00-1.edf"", ""PN00-2.edf"", ""PN00-4.edf""]"
PN00,PN00-5.edf,35,25,35,,35,True,False,False,True,0,2143,0,negative,,,0.78551313127996825,1.01,E0_LR,20260922,True,nested,"[""PN00-1.edf"", ""PN00-2.edf"", ""PN00-4.edf""]"
PN00,PN00-5.edf,40,30,40,,40,True,False,False,True,0,2143,0,negative,,,0.85217989882047362,1.01,E0_LR,20260922,True,nested,"[""PN00-1.edf"", ""PN00-2.edf"", ""PN00-4.edf""]"
PN00,PN00-5.edf,45,35,45,,45,True,False,False,True,0,2143,0,negative,,,0.050533209827937194,1.01,E0_LR,20260922,True,nested,"[""PN00-1.edf"", ""PN00-2.edf"", ""PN00-4.edf""]"
PN00,PN00-5.edf,50,40,50,,50,True,False,False,True,0,2143,0,negative,,,0.040294497874848269,1.01,E0_LR,20260922,True,nested,"[""PN00-1.edf"", ""PN00-2.edf"", ""PN00-4.edf""]"
PN00,PN00-5.edf,55,45,55,,55,True,False,False,True,0,2143,0,negative,,,0.75460994658588276,1.01,E0_LR,20260922,True,nested,"[""PN00-1.edf"", ""PN00-2.edf"", ""PN00-4.edf""]"
PN00,PN00-5.edf,60,50,60,0,60,True,True,False,True,0,2143,0,negative,,,0.56000881878641062,1.01,E0_LR,20260922,True,nested,"[""PN00-1.edf"", ""PN00-2.edf"", ""PN00-4.edf""]"
PN00,PN00-5.edf,65,55,65,5,65,True,True,False,True,0,2143,0,negative,,,0.25641730510396049,1.01,E0_LR,20260922,True,nested,"[""PN00-1.edf"", ""PN00-2.edf"", ""PN00-4.edf""]"
PN00,PN00-5.edf,70,60,70,10,70,True,True,False,True,0,2143,0,negative,,,0.80743053428503719,1.01,E0_LR,20260922,True,nested,"[""PN00-1.edf"", ""PN00-2.edf"", ""PN00-4.edf""]"
PN00,PN00-5.edf,75,65,75,15,75,True,True,False,True,0,2143,0,negative,,,0.46609301812810255,1.01,E0_LR,20260922,True,nested,"[""PN00-1.edf"", ""PN00-2.edf"", ""PN00-4.edf""]"
PN00,PN00-5.edf,80,70,80,20,80,True,True,False,True,0,2143,0,negative,,,0.15082258677355467,1.01,E0_LR,20260922,True,nested,"[""PN00-1.edf"", ""PN00-2.edf"", ""PN00-4.edf""]"
PN00,PN00-5.edf,85,75,85,25,85,True,True,False,True,0,2143,0,negative,,,0.092363802787842494,1.01,E0_LR,20260922,True,nested,"[""PN00-1.edf"", ""PN00-2.edf"", ""PN00-4.edf""]"
PN00,PN00-5.edf,90,80,90,30,90,True,True,False,True,0,2143,0,negative,,,0.45392100670935653,1.01,E0_LR,20260922,True,nested,"[""PN00-1.edf"", ""PN00-2.edf"", ""PN00-4.edf""]"
PN00,PN00-5.edf,95,85,95,35,95,True,True,False,True,0,2143,0,negative,,,0.66473509307284862,1.01,E0_LR,20260922,True,nested,"[""PN00-1.edf"", ""PN00-2.edf"", ""PN00-4.edf""]"
PN00,PN00-5.edf,100,90,100,40,100,True,True,False,True,0,2143,0,negative,,,0.11082973957310661,1.01,E0_LR,20260922,True,nested,"[""PN00-1.edf"", ""PN00-2.edf"", ""PN00-4.edf""]"
PN00,PN00-5.edf,105,95,105,45,105,True,True,False,True,0,2143,0,negative,,,0.030098045706189593,1.01,E0_LR,20260922,True,nested,"[""PN00-1.edf"", ""PN00-2.edf"", ""PN00-4.edf""]"
PN00,PN00-5.edf,110,100,110,50,110,True,True,False,True,0,2143,0,negative,,,0.56738033102921259,1.01,E0_LR,20260922,True,nested,"[""PN00-1.edf"", ""PN00-2.edf"", ""PN00-4.edf""]"
PN00,PN00-5.edf,115,105,115,55,115,True,True,False,True,0,2143,0,negative,,,0.70127462468440227,1.01,E0_LR,20260922,True,nested,"[""PN00-1.edf"", ""PN00-2.edf"", ""PN00-4.edf""]"
PN00,PN00-5.edf,120,110,120,60,120,True,True,False,True,0,2143,0,negative,,,0.3140843234059269,1.01,E0_LR,20260922,True,nested,"[""PN00-1.edf"", ""PN00-2.edf"", ""PN00-4.edf""]"
PN00,PN00-5.edf,125,115,125,65,125,True,True,False,True,0,2143,0,negative,,,0.56136380243221085,1.01,E0_LR,20260922,True,nested,"[""PN00-1.edf"", ""PN00-2.edf"", ""PN00-4.edf""]"
PN00,PN00-5.edf,130,120,130,70,130,True,True,False,True,0,2143,0,negative,,,0.83190137743043768,1.01,E0_LR,20260922,True,nested,"[""PN00-1.edf"", ""PN00-2.edf"", ""PN00-4.edf""]"
PN00,PN00-5.edf,135,125,135,75,135,True,True,False,True,0,2143,0,negative,,,0.6428615195111923,1.01,E0_LR,20260922,True,nested,"[""PN00-1.edf"", ""PN00-2.edf"", ""PN00-4.edf""]"
PN00,PN00-5.edf,140,130,140,80,140,True,True,False,True,0,2143,0,negative,,,0.014770752359281377,1.01,E0_LR,20260922,True,nested,"[""PN00-1.edf"", ""PN00-2.edf"", ""PN00-4.edf""]"
PN00,PN00-5.edf,145,135,145,85,145,True,True,False,True,0,2143,0,negative,,,0.60108304347471975,1.01,E0_LR,20260922,True,nested,"[""PN00-1.edf"", ""PN00-2.edf"", ""PN00-4.edf""]"
PN00,PN00-5.edf,150,140,150,90,150,True,True,False,True,0,2143,0,negative,,,0.0002503471192021546,1.01,E0_LR,20260922,True,nested,"[""PN00-1.edf"", ""PN00-2.edf"", ""PN00-4.edf""]"
PN00,PN00-5.edf,155,145,155,95,155,True,True,False,True,0,2143,0,negative,,,3.1160036461132345e-06,1.01,E0_LR,20260922,True,nested,"[""PN00-1.edf"", ""PN00-2.edf"", ""PN00-4.edf""]"
PN00,PN00-5.edf,160,150,160,100,160,True,True,False,True,0,2143,0,negative,,,0.001258391705122005,1.01,E0_LR,20260922,True,nested,"[""PN00-1.edf"", ""PN00-2.edf"", ""PN00-4.edf""]"
PN00,PN00-5.edf,165,155,165,105,165,True,True,False,True,0,2143,0,negative,,,0.00010441454235610608,1.01,E0_LR,20260922,True,nested,"[""PN00-1.edf"", ""PN00-2.edf"", ""PN00-4.edf""]"
PN00,PN00-5.edf,170,160,170,110,170,True,True,False,True,0,2143,0,negative,,,0.00019460154350885733,1.01,E0_LR,20260922,True,nested,"[""PN00-1.edf"", ""PN00-2.edf"", ""PN00-4.edf""]"
PN00,PN00-5.edf,175,165,175,115,175,True,True,False,True,0,2143,0,negative,,,4.3089440251282384e-05,1.01,E0_LR,20260922,True,nested,"[""PN00-1.edf"", ""PN00-2.edf"", ""PN00-4.edf""]"
PN00,PN00-5.edf,180,170,180,120,180,True,True,False,True,0,2143,0,negative,,,5.3965713091047747e-06,1.01,E0_LR,20260922,True,nested,"[""PN00-1.edf"", ""PN00-2.edf"", ""PN00-4.edf""]"
PN00,PN00-5.edf,185,175,185,125,185,True,True,False,True,0,2143,0,negative,,,8.054881582994271e-06,1.01,E0_LR,20260922,True,nested,"[""PN00-1.edf"", ""PN00-2.edf"", ""PN00-4.edf""]"
PN00,PN00-5.edf,190,180,190,130,190,True,True,False,True,0,2143,0,negative,,,7.4182619848589235e-06,1.01,E0_LR,20260922,True,nested,"[""PN00-1.edf"", ""PN00-2.edf"", ""PN00-4.edf""]"
PN00,PN00-5.edf,195,185,195,135,195,True,True,False,True,0,2143,0,negative,,,2.0353604069291873e-06,1.01,E0_LR,20260922,True,nested,"[""PN00-1.edf"", ""PN00-2.edf"", ""PN00-4.edf""]"
PN00,PN00-5.edf,200,190,200,140,200,True,True,False,True,0,2143,0,negative,,,1.0228081852367401e-05,1.01,E0_LR,20260922,True,nested,"[""PN00-1.edf"", ""PN00-2.edf"", ""PN00-4.edf""]"
PN00,PN00-5.edf,205,195,205,145,205,True,True,False,True,0,2143,0,negative,,,2.3048838266360808e-06,1.01,E0_LR,20260922,True,nested,"[""PN00-1.edf"", ""PN00-2.edf"", ""PN00-4.edf""]"
PN00,PN00-5.edf,210,200,210,150,210,True,True,False,True,0,2143,0,negative,,,6.0127145334351303e-06,1.01,E0_LR,20260922,True,nested,"[""PN00-1.edf"", ""PN00-2.edf"", ""PN00-4.edf""]"
PN00,PN00-5.edf,215,205,215,155,215,True,True,False,True,0,2143,0,negative,,,0.0040735713011219475,1.01,E0_LR,20260922,True,nested,"[""PN00-1.edf"", ""PN00-2.edf"", ""PN00-4.edf""]"
PN00,PN00-5.edf,220,210,220,160,220,True,True,False,True,0,2143,0,negative,,,0.0014294110529600719,1.01,E0_LR,20260922,True,nested,"[""PN00-1.edf"", ""PN00-2.edf"", ""PN00-4.edf""]"
PN00,PN00-5.edf,225,215,225,165,225,True,True,False,True,0,2143,0,negative,,,6.8124211544175406e-05,1.01,E0_LR,20260922,True,nested,"[""PN00-1.edf"", ""PN00-2.edf"", ""PN00-4.edf""]"
PN00,PN00-5.edf,230,220,230,170,230,True,True,False,True,0,2143,0,negative,,,0.000104763273417171,1.01,E0_LR,20260922,True,nested,"[""PN00-1.edf"", ""PN00-2.edf"", ""PN00-4.edf""]"
PN00,PN00-5.edf,235,225,235,175,235,True,True,False,True,0,2143,0,negative,,,4.0639168807106882e-06,1.01,E0_LR,20260922,True,nested,"[""PN00-1.edf"", ""PN00-2.edf"", ""PN00-4.edf""]"
PN00,PN00-5.edf,240,230,240,180,240,True,True,False,True,0,2143,0,negative,,,1.780266638206549e-06,1.01,E0_LR,20260922,True,nested,"[""PN00-1.edf"", ""PN00-2.edf"", ""PN00-4.edf""]"
PN00,PN00-5.edf,245,235,245,185,245,True,True,False,True,0,2143,0,negative,,,1.6501666164599475e-06,1.01,E0_LR,20260922,True,nested,"[""PN00-1.edf"", ""PN00-2.edf"", ""PN00-4.edf""]"
PN00,PN00-5.edf,250,240,250,190,250,True,True,False,True,0,2143,0,negative,,,1.4735719632514178e-05,1.01,E0_LR,20260922,True,nested,"[""PN00-1.edf"", ""PN00-2.edf"", ""PN00-4.edf""]"
PN00,PN00-5.edf,255,245,255,195,255,True,True,False,True,0,2143,0,negative,,,0.00028998932372244007,1.01,E0_LR,20260922,True,nested,"[""PN00-1.edf"", ""PN00-2.edf"", ""PN00-4.edf""]"
PN00,PN00-5.edf,260,250,260,200,260,True,True,False,True,0,2143,0,negative,,,7.2631565621379665e-05,1.01,E0_LR,20260922,True,nested,"[""PN00-1.edf"", ""PN00-2.edf"", ""PN00-4.edf""]"
PN00,PN00-5.edf,265,255,265,205,265,True,True,False,True,0,2143,0,negative,,,3.3687856352012791e-05,1.01,E0_LR,20260922,True,nested,"[""PN00-1.edf"", ""PN00-2.edf"", ""PN00-4.edf""]"
PN00,PN00-5.edf,270,260,270,210,270,True,True,False,True,0,2143,0,negative,,,8.3433174286489712e-05,1.01,E0_LR,20260922,True,nested,"[""PN00-1.edf"", ""PN00-2.edf"", ""PN00-4.edf""]"
PN00,PN00-5.edf,275,265,275,215,275,True,True,False,True,0,2143,0,negative,,,5.9741828596170424e-06,1.01,E0_LR,20260922,True,nested,"[""PN00-1.edf"", ""PN00-2.edf"", ""PN00-4.edf""]"
PN00,PN00-5.edf,280,270,280,220,280,True,True,False,True,0,2143,0,negative,,,0.00011406142704513728,1.01,E0_LR,20260922,True,nested,"[""PN00-1.edf"", ""PN00-2.edf"", ""PN00-4.edf""]"
PN00,PN00-5.edf,285,275,285,225,285,True,True,False,True,0,2143,0,negative,,,9.5678352185498729e-05,1.01,E0_LR,20260922,True,nested,"[""PN00-1.edf"", ""PN00-2.edf"", ""PN00-4.edf""]"
PN00,PN00-5.edf,290,280,290,230,290,True,True,False,True,0,2143,0,negative,,,0.0023739986166418591,1.01,E0_LR,20260922,True,nested,"[""PN00-1.edf"", ""PN00-2.edf"", ""PN00-4.edf""]"
PN00,PN00-5.edf,295,285,295,235,295,True,True,False,True,0,2143,0,negative,,,0.00011951301006929442,1.01,E0_LR,20260922,True,nested,"[""PN00-1.edf"", ""PN00-2.edf"", ""PN00-4.edf""]"
PN00,PN00-5.edf,300,290,300,240,300,True,True,False,True,0,2143,0,negative,,,6.2162205917906728e-05,1.01,E0_LR,20260922,True,nested,"[""PN00-1.edf"", ""PN00-2.edf"", ""PN00-4.edf""]"
PN00,PN00-5.edf,305,295,305,245,305,True,True,False,True,0,2143,0,negative,,,0.0096392247764708842,1.01,E0_LR,20260922,True,nested,"[""PN00-1.edf"", ""PN00-2.edf"", ""PN00-4.edf""]"
PN00,PN00-5.edf,310,300,310,250,310,True,True,False,True,0,2143,0,negative,,,0.051097546503278982,1.01,E0_LR,20260922,True,nested,"[""PN00-1.edf"", ""PN00-2.edf"", ""PN00-4.edf""]"
PN00,PN00-5.edf,315,305,315,255,315,True,True,False,True,0,2143,0,negative,,,0.022502229976896531,1.01,E0_LR,20260922,True,nested,"[""PN00-1.edf"", ""PN00-2.edf"", ""PN00-4.edf""]"
PN00,PN00-5.edf,320,310,320,260,320,True,True,False,True,0,2143,0,negative,,,0.025409068887917097,1.01,E0_LR,20260922,True,nested,"[""PN00-1.edf"", ""PN00-2.edf"", ""PN00-4.edf""]"
PN00,PN00-5.edf,325,315,325,265,325,True,True,False,True,0,2143,0,negative,,,0.060022493073032347,1.01,E0_LR,20260922,True,nested,"[""PN00-1.edf"", ""PN00-2.edf"", ""PN00-4.edf""]"
PN00,PN00-5.edf,330,320,330,270,330,True,True,False,True,0,2143,0,negative,,,0.00096851071399427365,1.01,E0_LR,20260922,True,nested,"[""PN00-1.edf"", ""PN00-2.edf"", ""PN00-4.edf""]"
PN00,PN00-5.edf,335,325,335,275,335,True,True,False,True,0,2143,0,negative,,,0.00043355745589318827,1.01,E0_LR,20260922,True,nested,"[""PN00-1.edf"", ""PN00-2.edf"", ""PN00-4.edf""]"
PN00,PN00-5.edf,340,330,340,280,340,True,True,False,True,0,2143,0,negative,,,0.0021832208414770226,1.01,E0_LR,20260922,True,nested,"[""PN00-1.edf"", ""PN00-2.edf"", ""PN00-4.edf""]"
PN00,PN00-5.edf,345,335,345,285,345,True,True,False,True,0,2143,0,negative,,,0.6961360946270253,1.01,E0_LR,20260922,True,nested,"[""PN00-1.edf"", ""PN00-2.edf"", ""PN00-4.edf""]"
PN00,PN00-5.edf,350,340,350,290,350,True,True,False,True,0,2143,0,negative,,,0.033870570735817028,1.01,E0_LR,20260922,True,nested,"[""PN00-1.edf"", ""PN00-2.edf"", ""PN00-4.edf""]"
PN00,PN00-5.edf,355,345,355,295,355,True,True,False,True,0,2143,0,negative,,,0.008629608075706589,1.01,E0_LR,20260922,True,nested,"[""PN00-1.edf"", ""PN00-2.edf"", ""PN00-4.edf""]"
PN00,PN00-5.edf,360,350,360,300,360,True,True,False,True,0,2143,0,negative,,,0.023408422075019187,1.01,E0_LR,20260922,True,nested,"[""PN00-1.edf"", ""PN00-2.edf"", ""PN00-4.edf""]"
PN00,PN00-5.edf,365,355,365,305,365,True,True,False,True,0,2143,0,negative,,,0.021544202189059152,1.01,E0_LR,20260922,True,nested,"[""PN00-1.edf"", ""PN00-2.edf"", ""PN00-4.edf""]"
PN00,PN00-5.edf,370,360,370,310,370,True,True,False,True,0,2143,0,negative,,,0.0070790717111391104,1.01,E0_LR,20260922,True,nested,"[""PN00-1.edf"", ""PN00-2.edf"", ""PN00-4.edf""]"
PN00,PN00-5.edf,375,365,375,315,375,True,True,False,True,0,2143,0,negative,,,0.10137726070935306,1.01,E0_LR,20260922,True,nested,"[""PN00-1.edf"", ""PN00-2.edf"", ""PN00-4.edf""]"
PN00,PN00-5.edf,380,370,380,320,380,True,True,False,True,0,2143,0,negative,,,0.15837891002120313,1.01,E0_LR,20260922,True,nested,"[""PN00-1.edf"", ""PN00-2.edf"", ""PN00-4.edf""]"
PN00,PN00-5.edf,385,375,385,325,385,True,True,False,True,0,2143,0,negative,,,0.05944956193570828,1.01,E0_LR,20260922,True,nested,"[""PN00-1.edf"", ""PN00-2.edf"", ""PN00-4.edf""]"
PN00,PN00-5.edf,390,380,390,330,390,True,True,False,True,0,2143,0,negative,,,0.032170561632190148,1.01,E0_LR,20260922,True,nested,"[""PN00-1.edf"", ""PN00-2.edf"", ""PN00-4.edf""]"
PN00,PN00-5.edf,395,385,395,335,395,True,True,False,True,0,2143,0,negative,,,0.11993059186316352,1.01,E0_LR,20260922,True,nested,"[""PN00-1.edf"", ""PN00-2.edf"", ""PN00-4.edf""]"
PN00,PN00-5.edf,400,390,400,340,400,True,True,False,True,0,2143,0,negative,,,0.55659858814158036,1.01,E0_LR,20260922,True,nested,"[""PN00-1.edf"", ""PN00-2.edf"", ""PN00-4.edf""]"
PN00,PN00-5.edf,405,395,405,345,405,True,True,False,True,0,2143,0,negative,,,0.4973925929916842,1.01,E0_LR,20260922,True,nested,"[""PN00-1.edf"", ""PN00-2.edf"", ""PN00-4.edf""]"
PN00,PN00-5.edf,410,400,410,350,410,True,True,False,True,0,2143,0,negative,,,0.0015101828161033354,1.01,E0_LR,20260922,True,nested,"[""PN00-1.edf"", ""PN00-2.edf"", ""PN00-4.edf""]"
PN00,PN00-5.edf,415,405,415,355,415,True,True,False,True,0,2143,0,negative,,,0.36672669631908406,1.01,E0_LR,20260922,True,nested,"[""PN00-1.edf"", ""PN00-2.edf"", ""PN00-4.edf""]"
PN00,PN00-5.edf,420,410,420,360,420,True,True,False,True,0,2143,0,negative,,,0.24667745534659738,1.01,E0_LR,20260922,True,nested,"[""PN00-1.edf"", ""PN00-2.edf"", ""PN00-4.edf""]"
PN00,PN00-5.edf,425,415,425,365,425,True,True,False,True,0,2143,0,negative,,,0.11283256845969589,1.01,E0_LR,20260922,True,nested,"[""PN00-1.edf"", ""PN00-2.edf"", ""PN00-4.edf""]"
PN00,PN00-5.edf,430,420,430,370,430,True,True,False,True,0,2143,0,negative,,,0.46993336586445789,1.01,E0_LR,20260922,True,nested,"[""PN00-1.edf"", ""PN00-2.edf"", ""PN00-4.edf""]"
PN00,PN00-5.edf,435,425,435,375,435,True,True,False,True,0,2143,0,negative,,,0.29746205837585393,1.01,E0_LR,20260922,True,nested,"[""PN00-1.edf"", ""PN00-2.edf"", ""PN00-4.edf""]"
PN00,PN00-5.edf,440,430,440,380,440,True,True,False,True,0,2143,0,negative,,,0.40869575819552317,1.01,E0_LR,20260922,True,nested,"[""PN00-1.edf"", ""PN00-2.edf"", ""PN00-4.edf""]"
PN00,PN00-5.edf,445,435,445,385,445,True,True,False,True,0,2143,0,negative,,,0.18803474253994581,1.01,E0_LR,20260922,True,nested,"[""PN00-1.edf"", ""PN00-2.edf"", ""PN00-4.edf""]"
PN00,PN00-5.edf,450,440,450,390,450,True,True,False,True,0,2143,0,negative,,,0.052321822354209069,1.01,E0_LR,20260922,True,nested,"[""PN00-1.edf"", ""PN00-2.edf"", ""PN00-4.edf""]"
PN00,PN00-5.edf,455,445,455,395,455,True,True,False,True,0,2143,0,negative,,,0.65962066713120815,1.01,E0_LR,20260922,True,nested,"[""PN00-1.edf"", ""PN00-2.edf"", ""PN00-4.edf""]"
PN00,PN00-5.edf,460,450,460,400,460,True,True,False,True,0,2143,0,negative,,,0.14740414757197817,1.01,E0_LR,20260922,True,nested,"[""PN00-1.edf"", ""PN00-2.edf"", ""PN00-4.edf""]"
PN00,PN00-5.edf,465,455,465,405,465,True,True,False,True,0,2143,0,negative,,,0.014304573064553629,1.01,E0_LR,20260922,True,nested,"[""PN00-1.edf"", ""PN00-2.edf"", ""PN00-4.edf""]"
PN00,PN00-5.edf,470,460,470,410,470,True,True,False,True,0,2143,0,negative,,,0.44777356647068872,1.01,E0_LR,20260922,True,nested,"[""PN00-1.edf"", ""PN00-2.edf"", ""PN00-4.edf""]"
PN00,PN00-5.edf,475,465,475,415,475,True,True,False,True,0,2143,0,negative,,,0.1036785320126994,1.01,E0_LR,20260922,True,nested,"[""PN00-1.edf"", ""PN00-2.edf"", ""PN00-4.edf""]"
PN00,PN00-5.edf,480,470,480,420,480,True,True,False,True,0,2143,0,negative,,,0.078346989396783778,1.01,E0_LR,20260922,True,nested,"[""PN00-1.edf"", ""PN00-2.edf"", ""PN00-4.edf""]"
PN00,PN00-5.edf,485,475,485,425,485,True,True,False,True,0,2143,0,negative,,,0.054174701225243219,1.01,E0_LR,20260922,True,nested,"[""PN00-1.edf"", ""PN00-2.edf"", ""PN00-4.edf""]"
PN00,PN00-5.edf,490,480,490,430,490,True,True,False,True,0,2143,0,negative,,,0.144158613098159,1.01,E0_LR,20260922,True,nested,"[""PN00-1.edf"", ""PN00-2.edf"", ""PN00-4.edf""]"
PN00,PN00-5.edf,495,485,495,435,495,True,True,False,True,0,2143,0,negative,,,0.33850060409262178,1.01,E0_LR,20260922,True,nested,"[""PN00-1.edf"", ""PN00-2.edf"", ""PN00-4.edf""]"
PN00,PN00-5.edf,500,490,500,440,500,True,True,False,True,0,2143,0,negative,,,0.35923154169644939,1.01,E0_LR,20260922,True,nested,"[""PN00-1.edf"", ""PN00-2.edf"", ""PN00-4.edf""]"
PN00,PN00-5.edf,505,495,505,445,505,True,True,False,True,0,2143,0,negative,,,0.095927265860511285,1.01,E0_LR,20260922,True,nested,"[""PN00-1.edf"", ""PN00-2.edf"", ""PN00-4.edf""]"
PN00,PN00-5.edf,510,500,510,450,510,True,True,False,True,0,2143,0,negative,,,0.048991316752861343,1.01,E0_LR,20260922,True,nested,"[""PN00-1.edf"", ""PN00-2.edf"", ""PN00-4.edf""]"
PN00,PN00-5.edf,515,505,515,455,515,True,True,False,True,0,2143,0,negative,,,0.41275123707913874,1.01,E0_LR,20260922,True,nested,"[""PN00-1.edf"", ""PN00-2.edf"", ""PN00-4.edf""]"
PN00,PN00-5.edf,520,510,520,460,520,True,True,False,True,0,2143,0,negative,,,0.012189620876728135,1.01,E0_LR,20260922,True,nested,"[""PN00-1.edf"", ""PN00-2.edf"", ""PN00-4.edf""]"
PN00,PN00-5.edf,525,515,525,465,525,True,True,False,True,0,2143,0,negative,,,0.00060820528900189491,1.01,E0_LR,20260922,True,nested,"[""PN00-1.edf"", ""PN00-2.edf"", ""PN00-4.edf""]"
PN00,PN00-5.edf,530,520,530,470,530,True,True,False,True,0,2143,0,negative,,,9.1882940822948768e-06,1.01,E0_LR,20260922,True,nested,"[""PN00-1.edf"", ""PN00-2.edf"", ""PN00-4.edf""]"
PN00,PN00-5.edf,535,525,535,475,535,True,True,False,True,0,2143,0,negative,,,0.0002126871060783285,1.01,E0_LR,20260922,True,nested,"[""PN00-1.edf"", ""PN00-2.edf"", ""PN00-4.edf""]"
PN00,PN00-5.edf,540,530,540,480,540,True,True,False,True,0,2143,0,negative,,,2.6784720907302858e-07,1.01,E0_LR,20260922,True,nested,"[""PN00-1.edf"", ""PN00-2.edf"", ""PN00-4.edf""]"
PN00,PN00-5.edf,545,535,545,485,545,True,True,False,True,0,2143,0,negative,,,0.0004478290003563577,1.01,E0_LR,20260922,True,nested,"[""PN00-1.edf"", ""PN00-2.edf"", ""PN00-4.edf""]"
PN00,PN00-5.edf,550,540,550,490,550,True,True,False,True,0,2143,0,negative,,,0.00010656314020270271,1.01,E0_LR,20260922,True,nested,"[""PN00-1.edf"", ""PN00-2.edf"", ""PN00-4.edf""]"
PN00,PN00-5.edf,555,545,555,495,555,True,True,False,True,0,2143,0,negative,,,0.034829121301551996,1.01,E0_LR,20260922,True,nested,"[""PN00-1.edf"", ""PN00-2.edf"", ""PN00-4.edf""]"
PN00,PN00-5.edf,560,550,560,500,560,True,True,False,True,0,2143,0,negative,,,0.0020127131652679093,1.01,E0_LR,20260922,True,nested,"[""PN00-1.edf"", ""PN00-2.edf"", ""PN00-4.edf""]"
PN00,PN00-5.edf,565,555,565,505,565,True,True,False,True,0,2143,0,negative,,,2.0696661622418547e-06,1.01,E0_LR,20260922,True,nested,"[""PN00-1.edf"", ""PN00-2.edf"", ""PN00-4.edf""]"
PN00,PN00-5.edf,570,560,570,510,570,True,True,False,True,0,2143,0,negative,,,2.2470371023077012e-06,1.01,E0_LR,20260922,True,nested,"[""PN00-1.edf"", ""PN00-2.edf"", ""PN00-4.edf""]"
PN00,PN00-5.edf,575,565,575,515,575,True,True,False,True,0,2143,0,negative,,,0.038408223302857723,1.01,E0_LR,20260922,True,nested,"[""PN00-1.edf"", ""PN00-2.edf"", ""PN00-4.edf""]"
PN00,PN00-5.edf,580,570,580,520,580,True,True,False,True,0,2143,0,negative,,,2.0709817492219312e-05,1.01,E0_LR,20260922,True,nested,"[""PN00-1.edf"", ""PN00-2.edf"", ""PN00-4.edf""]"
PN00,PN00-5.edf,585,575,585,525,585,True,True,False,True,0,2143,0,negative,,,4.5929087980821212e-06,1.01,E0_LR,20260922,True,nested,"[""PN00-1.edf"", ""PN00-2.edf"", ""PN00-4.edf""]"
PN00,PN00-5.edf,590,580,590,530,590,True,True,False,True,0,2143,0,negative,,,6.9783305686823618e-06,1.01,E0_LR,20260922,True,nested,"[""PN00-1.edf"", ""PN00-2.edf"", ""PN00-4.edf""]"
PN00,PN00-5.edf,595,585,595,535,595,True,True,False,True,0,2143,0,negative,,,1.7831806979191914e-05,1.01,E0_LR,20260922,True,nested,"[""PN00-1.edf"", ""PN00-2.edf"", ""PN00-4.edf""]"
PN00,PN00-5.edf,600,590,600,540,600,True,True,False,True,0,2143,0,negative,,,0.00036881406321023557,1.01,E0_LR,20260922,True,nested,"[""PN00-1.edf"", ""PN00-2.edf"", ""PN00-4.edf""]"
PN00,PN00-5.edf,605,595,605,545,605,True,True,False,False,0,2143,-1,ignore,,,7.2601448145521209e-06,1.01,E0_LR,20260922,True,nested,"[""PN00-1.edf"", ""PN00-2.edf"", ""PN00-4.edf""]"
PN00,PN00-5.edf,610,600,610,550,610,True,True,False,False,0,2143,-1,ignore,,,7.1943072658879634e-08,1.01,E0_LR,20260922,True,nested,"[""PN00-1.edf"", ""PN00-2.edf"", ""PN00-4.edf""]"
PN00,PN00-5.edf,615,605,615,555,615,True,True,False,False,0,2143,-1,ignore,,,9.8043128311683994e-06,1.01,E0_LR,20260922,True,nested,"[""PN00-1.edf"", ""PN00-2.edf"", ""PN00-4.edf""]"
PN00,PN00-5.edf,620,610,620,560,620,True,True,False,False,0,2143,-1,ignore,,,0.00062479155268837594,1.01,E0_LR,20260922,True,nested,"[""PN00-1.edf"", ""PN00-2.edf"", ""PN00-4.edf""]"
PN00,PN00-5.edf,625,615,625,565,625,True,True,False,False,0,2143,-1,ignore,,,0.00025683704893531163,1.01,E0_LR,20260922,True,nested,"[""PN00-1.edf"", ""PN00-2.edf"", ""PN00-4.edf""]"
PN00,PN00-5.edf,630,620,630,570,630,True,True,False,False,0,2143,-1,ignore,,,0.00053191820510447077,1.01,E0_LR,20260922,True,nested,"[""PN00-1.edf"", ""PN00-2.edf"", ""PN00-4.edf""]"
PN00,PN00-5.edf,635,625,635,575,635,True,True,False,False,0,2143,-1,ignore,,,0.007517368263516875,1.01,E0_LR,20260922,True,nested,"[""PN00-1.edf"", ""PN00-2.edf"", ""PN00-4.edf""]"
PN00,PN00-5.edf,640,630,640,580,640,True,True,False,False,0,2143,-1,ignore,,,0.00043427721798891382,1.01,E0_LR,20260922,True,nested,"[""PN00-1.edf"", ""PN00-2.edf"", ""PN00-4.edf""]"
PN00,PN00-5.edf,645,635,645,585,645,True,True,False,False,0,2143,-1,ignore,,,0.00030865553222627295,1.01,E0_LR,20260922,True,nested,"[""PN00-1.edf"", ""PN00-2.edf"", ""PN00-4.edf""]"
PN00,PN00-5.edf,650,640,650,590,650,True,True,False,False,0,2143,-1,ignore,,,0.00028288848978751818,1.01,E0_LR,20260922,True,nested,"[""PN00-1.edf"", ""PN00-2.edf"", ""PN00-4.edf""]"
PN00,PN00-5.edf,655,645,655,595,655,True,True,False,False,0,2143,-1,ignore,,,0.98813879870163857,1.01,E0_LR,20260922,True,nested,"[""PN00-1.edf"", ""PN00-2.edf"", ""PN00-4.edf""]"
PN00,PN00-5.edf,660,650,660,600,660,True,True,False,False,0,2143,-1,ignore,,,0.92531190364287264,1.01,E0_LR,20260922,True,nested,"[""PN00-1.edf"", ""PN00-2.edf"", ""PN00-4.edf""]"
PN00,PN00-5.edf,665,655,665,605,665,True,True,False,False,0,2143,-1,ignore,,,0.016999438311125395,1.01,E0_LR,20260922,True,nested,"[""PN00-1.edf"", ""PN00-2.edf"", ""PN00-4.edf""]"
PN00,PN00-5.edf,670,660,670,610,670,True,True,False,False,0,2143,-1,ignore,,,0.034812388525950165,1.01,E0_LR,20260922,True,nested,"[""PN00-1.edf"", ""PN00-2.edf"", ""PN00-4.edf""]"
PN00,PN00-5.edf,675,665,675,615,675,True,True,False,False,0,2143,-1,ignore,,,0.13856010572334307,1.01,E0_LR,20260922,True,nested,"[""PN00-1.edf"", ""PN00-2.edf"", ""PN00-4.edf""]"
PN00,PN00-5.edf,680,670,680,620,680,True,True,False,False,0,2143,-1,ignore,,,0.011074763327507047,1.01,E0_LR,20260922,True,nested,"[""PN00-1.edf"", ""PN00-2.edf"", ""PN00-4.edf""]"
PN00,PN00-5.edf,685,675,685,625,685,True,True,False,False,0,2143,-1,ignore,,,0.0028018167620584705,1.01,E0_LR,20260922,True,nested,"[""PN00-1.edf"", ""PN00-2.edf"", ""PN00-4.edf""]"
PN00,PN00-5.edf,690,680,690,630,690,True,True,False,False,0,2143,-1,ignore,,,0.092156993445593721,1.01,E0_LR,20260922,True,nested,"[""PN00-1.edf"", ""PN00-2.edf"", ""PN00-4.edf""]"
PN00,PN00-5.edf,695,685,695,635,695,True,True,False,False,0,2143,-1,ignore,,,0.00037872720530358152,1.01,E0_LR,20260922,True,nested,"[""PN00-1.edf"", ""PN00-2.edf"", ""PN00-4.edf""]"
PN00,PN00-5.edf,700,690,700,640,700,True,True,False,False,0,2143,-1,ignore,,,0.93658784356823688,1.01,E0_LR,20260922,True,nested,"[""PN00-1.edf"", ""PN00-2.edf"", ""PN00-4.edf""]"
PN00,PN00-5.edf,705,695,705,645,705,True,True,False,False,0,2143,-1,ignore,,,0.093860627169968666,1.01,E0_LR,20260922,True,nested,"[""PN00-1.edf"", ""PN00-2.edf"", ""PN00-4.edf""]"
PN00,PN00-5.edf,710,700,710,650,710,True,True,False,False,0,2143,-1,ignore,,,0.014192941985544442,1.01,E0_LR,20260922,True,nested,"[""PN00-1.edf"", ""PN00-2.edf"", ""PN00-4.edf""]"
PN00,PN00-5.edf,715,705,715,655,715,True,True,False,False,0,2143,-1,ignore,,,0.010225712730047447,1.01,E0_LR,20260922,True,nested,"[""PN00-1.edf"", ""PN00-2.edf"", ""PN00-4.edf""]"
PN00,PN00-5.edf,720,710,720,660,720,True,True,False,False,0,2143,-1,ignore,,,0.44878319524182431,1.01,E0_LR,20260922,True,nested,"[""PN00-1.edf"", ""PN00-2.edf"", ""PN00-4.edf""]"
PN00,PN00-5.edf,725,715,725,665,725,True,True,False,False,0,2143,-1,ignore,,,0.0082050213773271641,1.01,E0_LR,20260922,True,nested,"[""PN00-1.edf"", ""PN00-2.edf"", ""PN00-4.edf""]"
PN00,PN00-5.edf,730,720,730,670,730,True,True,False,False,0,2143,-1,ignore,,,0.00077934618959631986,1.01,E0_LR,20260922,True,nested,"[""PN00-1.edf"", ""PN00-2.edf"", ""PN00-4.edf""]"
PN00,PN00-5.edf,735,725,735,675,735,True,True,False,False,0,2143,-1,ignore,,,0.00074088248770042334,1.01,E0_LR,20260922,True,nested,"[""PN00-1.edf"", ""PN00-2.edf"", ""PN00-4.edf""]"
PN00,PN00-5.edf,740,730,740,680,740,True,True,False,False,0,2143,-1,ignore,,,0.053429492515956988,1.01,E0_LR,20260922,True,nested,"[""PN00-1.edf"", ""PN00-2.edf"", ""PN00-4.edf""]"
PN00,PN00-5.edf,745,735,745,685,745,True,True,False,False,0,2143,-1,ignore,,,0.094171609036487219,1.01,E0_LR,20260922,True,nested,"[""PN00-1.edf"", ""PN00-2.edf"", ""PN00-4.edf""]"
PN00,PN00-5.edf,750,740,750,690,750,True,True,False,False,0,2143,-1,ignore,,,0.06596020413663381,1.01,E0_LR,20260922,True,nested,"[""PN00-1.edf"", ""PN00-2.edf"", ""PN00-4.edf""]"
PN00,PN00-5.edf,755,745,755,695,755,True,True,False,False,0,2143,-1,ignore,,,0.35238091312239672,1.01,E0_LR,20260922,True,nested,"[""PN00-1.edf"", ""PN00-2.edf"", ""PN00-4.edf""]"
PN00,PN00-5.edf,760,750,760,700,760,True,True,False,False,0,2143,-1,ignore,,,0.10539320349559431,1.01,E0_LR,20260922,True,nested,"[""PN00-1.edf"", ""PN00-2.edf"", ""PN00-4.edf""]"
PN00,PN00-5.edf,765,755,765,705,765,True,True,False,False,0,2143,-1,ignore,,,0.0085592961763627483,1.01,E0_LR,20260922,True,nested,"[""PN00-1.edf"", ""PN00-2.edf"", ""PN00-4.edf""]"
PN00,PN00-5.edf,770,760,770,710,770,True,True,False,False,0,2143,-1,ignore,,,0.019345131939801773,1.01,E0_LR,20260922,True,nested,"[""PN00-1.edf"", ""PN00-2.edf"", ""PN00-4.edf""]"
PN00,PN00-5.edf,775,765,775,715,775,True,True,False,False,0,2143,-1,ignore,,,0.029829382644616407,1.01,E0_LR,20260922,True,nested,"[""PN00-1.edf"", ""PN00-2.edf"", ""PN00-4.edf""]"
PN00,PN00-5.edf,780,770,780,720,780,True,True,False,False,0,2143,-1,ignore,,,0.11594279769859159,1.01,E0_LR,20260922,True,nested,"[""PN00-1.edf"", ""PN00-2.edf"", ""PN00-4.edf""]"
PN00,PN00-5.edf,785,775,785,725,785,True,True,False,False,0,2143,-1,ignore,,,0.29222373083946213,1.01,E0_LR,20260922,True,nested,"[""PN00-1.edf"", ""PN00-2.edf"", ""PN00-4.edf""]"
PN00,PN00-5.edf,790,780,790,730,790,True,True,False,False,0,2143,-1,ignore,,,0.014931782128366135,1.01,E0_LR,20260922,True,nested,"[""PN00-1.edf"", ""PN00-2.edf"", ""PN00-4.edf""]"
PN00,PN00-5.edf,795,785,795,735,795,True,True,False,False,0,2143,-1,ignore,,,0.0034862964401133024,1.01,E0_LR,20260922,True,nested,"[""PN00-1.edf"", ""PN00-2.edf"", ""PN00-4.edf""]"
PN00,PN00-5.edf,800,790,800,740,800,True,True,False,False,0,2143,-1,ignore,,,0.23041642429915113,1.01,E0_LR,20260922,True,nested,"[""PN00-1.edf"", ""PN00-2.edf"", ""PN00-4.edf""]"
PN00,PN00-5.edf,805,795,805,745,805,True,True,False,False,0,2143,-1,ignore,,,0.076646568491897812,1.01,E0_LR,20260922,True,nested,"[""PN00-1.edf"", ""PN00-2.edf"", ""PN00-4.edf""]"
PN00,PN00-5.edf,810,800,810,750,810,True,True,False,False,0,2143,-1,ignore,,,0.053279724367652236,1.01,E0_LR,20260922,True,nested,"[""PN00-1.edf"", ""PN00-2.edf"", ""PN00-4.edf""]"
PN00,PN00-5.edf,815,805,815,755,815,True,True,False,False,0,2143,-1,ignore,,,0.45110157093554848,1.01,E0_LR,20260922,True,nested,"[""PN00-1.edf"", ""PN00-2.edf"", ""PN00-4.edf""]"
PN00,PN00-5.edf,820,810,820,760,820,True,True,False,False,0,2143,-1,ignore,,,0.27544792240088961,1.01,E0_LR,20260922,True,nested,"[""PN00-1.edf"", ""PN00-2.edf"", ""PN00-4.edf""]"
PN00,PN00-5.edf,825,815,825,765,825,True,True,False,False,0,2143,-1,ignore,,,0.09482306940666381,1.01,E0_LR,20260922,True,nested,"[""PN00-1.edf"", ""PN00-2.edf"", ""PN00-4.edf""]"
PN00,PN00-5.edf,830,820,830,770,830,True,True,False,False,0,2143,-1,ignore,,,0.44962279037552605,1.01,E0_LR,20260922,True,nested,"[""PN00-1.edf"", ""PN00-2.edf"", ""PN00-4.edf""]"
PN00,PN00-5.edf,835,825,835,775,835,True,True,False,False,0,2143,-1,ignore,,,0.7461333097627868,1.01,E0_LR,20260922,True,nested,"[""PN00-1.edf"", ""PN00-2.edf"", ""PN00-4.edf""]"
PN00,PN00-5.edf,840,830,840,780,840,True,True,False,False,0,2143,-1,ignore,,,0.023375630939746386,1.01,E0_LR,20260922,True,nested,"[""PN00-1.edf"", ""PN00-2.edf"", ""PN00-4.edf""]"
PN00,PN00-5.edf,845,835,845,785,845,True,True,False,False,0,2143,-1,ignore,,,0.73421134550908074,1.01,E0_LR,20260922,True,nested,"[""PN00-1.edf"", ""PN00-2.edf"", ""PN00-4.edf""]"
PN00,PN00-5.edf,850,840,850,790,850,True,True,False,False,0,2143,-1,ignore,,,0.67091951846016951,1.01,E0_LR,20260922,True,nested,"[""PN00-1.edf"", ""PN00-2.edf"", ""PN00-4.edf""]"
PN00,PN00-5.edf,855,845,855,795,855,True,True,False,False,0,2143,-1,ignore,,,0.53993948033682337,1.01,E0_LR,20260922,True,nested,"[""PN00-1.edf"", ""PN00-2.edf"", ""PN00-4.edf""]"
PN00,PN00-5.edf,860,850,860,800,860,True,True,False,False,0,2143,-1,ignore,,,0.070279102253928458,1.01,E0_LR,20260922,True,nested,"[""PN00-1.edf"", ""PN00-2.edf"", ""PN00-4.edf""]"
PN00,PN00-5.edf,865,855,865,805,865,True,True,False,False,0,2143,-1,ignore,,,0.021461054921550433,1.01,E0_LR,20260922,True,nested,"[""PN00-1.edf"", ""PN00-2.edf"", ""PN00-4.edf""]"
PN00,PN00-5.edf,870,860,870,810,870,True,True,False,False,0,2143,-1,ignore,,,0.0053392306848522369,1.01,E0_LR,20260922,True,nested,"[""PN00-1.edf"", ""PN00-2.edf"", ""PN00-4.edf""]"
PN00,PN00-5.edf,875,865,875,815,875,True,True,False,False,0,2143,-1,ignore,,,0.31141784693832575,1.01,E0_LR,20260922,True,nested,"[""PN00-1.edf"", ""PN00-2.edf"", ""PN00-4.edf""]"
PN00,PN00-5.edf,880,870,880,820,880,True,True,False,False,0,2143,-1,ignore,,,0.57048241707635594,1.01,E0_LR,20260922,True,nested,"[""PN00-1.edf"", ""PN00-2.edf"", ""PN00-4.edf""]"
PN00,PN00-5.edf,885,875,885,825,885,True,True,False,False,0,2143,-1,ignore,,,0.0056256226575765846,1.01,E0_LR,20260922,True,nested,"[""PN00-1.edf"", ""PN00-2.edf"", ""PN00-4.edf""]"
PN00,PN00-5.edf,890,880,890,830,890,True,True,False,False,0,2143,-1,ignore,,,0.63258968029960772,1.01,E0_LR,20260922,True,nested,"[""PN00-1.edf"", ""PN00-2.edf"", ""PN00-4.edf""]"
PN00,PN00-5.edf,895,885,895,835,895,True,True,False,False,0,2143,-1,ignore,,,0.61818128076570389,1.01,E0_LR,20260922,True,nested,"[""PN00-1.edf"", ""PN00-2.edf"", ""PN00-4.edf""]"
PN00,PN00-5.edf,900,890,900,840,900,True,True,False,False,0,2143,-1,ignore,,,0.10693300895144416,1.01,E0_LR,20260922,True,nested,"[""PN00-1.edf"", ""PN00-2.edf"", ""PN00-4.edf""]"
PN00,PN00-5.edf,905,895,905,845,905,True,True,False,True,1,2143,1,positive,5,,0.67452424040707248,1.01,E0_LR,20260922,True,nested,"[""PN00-1.edf"", ""PN00-2.edf"", ""PN00-4.edf""]"
PN00,PN00-5.edf,910,900,910,850,910,True,True,False,True,1,2143,1,positive,5,,0.87729206503130908,1.01,E0_LR,20260922,True,nested,"[""PN00-1.edf"", ""PN00-2.edf"", ""PN00-4.edf""]"
PN00,PN00-5.edf,915,905,915,855,915,True,True,False,True,1,2143,1,positive,5,,0.00069935873488953298,1.01,E0_LR,20260922,True,nested,"[""PN00-1.edf"", ""PN00-2.edf"", ""PN00-4.edf""]"
PN00,PN00-5.edf,920,910,920,860,920,True,True,False,True,1,2143,1,positive,5,,0.63861919494837183,1.01,E0_LR,20260922,True,nested,"[""PN00-1.edf"", ""PN00-2.edf"", ""PN00-4.edf""]"
PN00,PN00-5.edf,925,915,925,865,925,True,True,False,True,1,2143,1,positive,5,,0.99861408806342766,1.01,E0_LR,20260922,True,nested,"[""PN00-1.edf"", ""PN00-2.edf"", ""PN00-4.edf""]"
PN00,PN00-5.edf,930,920,930,870,930,True,True,False,True,1,2143,1,positive,5,,0.99999668210995185,1.01,E0_LR,20260922,True,nested,"[""PN00-1.edf"", ""PN00-2.edf"", ""PN00-4.edf""]"
PN00,PN00-5.edf,935,925,935,875,935,True,True,False,True,1,2143,1,positive,5,,0.99998406937756346,1.01,E0_LR,20260922,True,nested,"[""PN00-1.edf"", ""PN00-2.edf"", ""PN00-4.edf""]"
PN00,PN00-5.edf,940,930,940,880,940,True,True,False,True,1,2143,1,positive,5,,0.99145336268405504,1.01,E0_LR,20260922,True,nested,"[""PN00-1.edf"", ""PN00-2.edf"", ""PN00-4.edf""]"
PN00,PN00-5.edf,945,935,945,885,945,True,True,False,True,1,2143,1,positive,5,,0.99999998920107547,1.01,E0_LR,20260922,True,nested,"[""PN00-1.edf"", ""PN00-2.edf"", ""PN00-4.edf""]"
PN00,PN00-5.edf,950,940,950,890,950,True,True,False,True,1,2143,1,positive,5,,1,1.01,E0_LR,20260922,True,nested,"[""PN00-1.edf"", ""PN00-2.edf"", ""PN00-4.edf""]"
PN00,PN00-5.edf,955,945,955,895,955,True,True,False,True,1,2143,1,positive,5,,0.99999999999997846,1.01,E0_LR,20260922,True,nested,"[""PN00-1.edf"", ""PN00-2.edf"", ""PN00-4.edf""]"
PN00,PN00-5.edf,960,950,960,900,960,True,True,False,True,1,2143,1,positive,5,,0.99999943203212971,1.01,E0_LR,20260922,True,nested,"[""PN00-1.edf"", ""PN00-2.edf"", ""PN00-4.edf""]"
PN00,PN00-5.edf,965,955,965,905,965,True,True,False,True,1,2143,1,positive,5,,0.99999787293248321,1.01,E0_LR,20260922,True,nested,"[""PN00-1.edf"", ""PN00-2.edf"", ""PN00-4.edf""]"
PN00,PN00-5.edf,970,960,970,910,970,True,True,False,True,1,2143,1,positive,5,,0.99366128696250133,1.01,E0_LR,20260922,True,nested,"[""PN00-1.edf"", ""PN00-2.edf"", ""PN00-4.edf""]"
PN00,PN00-5.edf,975,965,975,915,975,True,True,False,False,0,2143,-1,ignore,,,0.68451271307359629,1.01,E0_LR,20260922,True,nested,"[""PN00-1.edf"", ""PN00-2.edf"", ""PN00-4.edf""]"
PN00,PN00-5.edf,980,970,980,920,980,True,True,False,False,0,2143,-1,ignore,,,0.011031341776467109,1.01,E0_LR,20260922,True,nested,"[""PN00-1.edf"", ""PN00-2.edf"", ""PN00-4.edf""]"
PN00,PN00-5.edf,985,975,985,925,985,True,True,False,False,0,2143,-1,ignore,,,0.016004304037030327,1.01,E0_LR,20260922,True,nested,"[""PN00-1.edf"", ""PN00-2.edf"", ""PN00-4.edf""]"
PN00,PN00-5.edf,990,980,990,930,990,True,True,False,False,0,2143,-1,ignore,,,0.02033310226140897,1.01,E0_LR,20260922,True,nested,"[""PN00-1.edf"", ""PN00-2.edf"", ""PN00-4.edf""]"
PN00,PN00-5.edf,995,985,995,935,995,True,True,False,False,0,2143,-1,ignore,,,0.025284515561699378,1.01,E0_LR,20260922,True,nested,"[""PN00-1.edf"", ""PN00-2.edf"", ""PN00-4.edf""]"
PN00,PN00-5.edf,1000,990,1000,940,1000,True,True,False,False,0,2143,-1,ignore,,,0.16868000318660073,1.01,E0_LR,20260922,True,nested,"[""PN00-1.edf"", ""PN00-2.edf"", ""PN00-4.edf""]"
PN00,PN00-5.edf,1005,995,1005,945,1005,True,True,False,False,0,2143,-1,ignore,,,0.10451393318852359,1.01,E0_LR,20260922,True,nested,"[""PN00-1.edf"", ""PN00-2.edf"", ""PN00-4.edf""]"
PN00,PN00-5.edf,1010,1000,1010,950,1010,True,True,False,False,0,2143,-1,ignore,,,0.99976030315451303,1.01,E0_LR,20260922,True,nested,"[""PN00-1.edf"", ""PN00-2.edf"", ""PN00-4.edf""]"
PN00,PN00-5.edf,1015,1005,1015,955,1015,True,True,False,False,0,2143,-1,ignore,,,0.99999612854233844,1.01,E0_LR,20260922,True,nested,"[""PN00-1.edf"", ""PN00-2.edf"", ""PN00-4.edf""]"
PN00,PN00-5.edf,1020,1010,1020,960,1020,True,True,False,False,0,2143,-1,ignore,,,0.99793011971510015,1.01,E0_LR,20260922,True,nested,"[""PN00-1.edf"", ""PN00-2.edf"", ""PN00-4.edf""]"
PN00,PN00-5.edf,1025,1015,1025,965,1025,True,True,False,False,0,2143,-1,ignore,,,0.99899840166781662,1.01,E0_LR,20260922,True,nested,"[""PN00-1.edf"", ""PN00-2.edf"", ""PN00-4.edf""]"
PN00,PN00-5.edf,1030,1020,1030,970,1030,True,True,False,False,0,2143,-1,ignore,,,0.99433305672360217,1.01,E0_LR,20260922,True,nested,"[""PN00-1.edf"", ""PN00-2.edf"", ""PN00-4.edf""]"
PN00,PN00-5.edf,1035,1025,1035,975,1035,True,True,False,False,0,2143,-1,ignore,,,0.96787401244192361,1.01,E0_LR,20260922,True,nested,"[""PN00-1.edf"", ""PN00-2.edf"", ""PN00-4.edf""]"
PN00,PN00-5.edf,1040,1030,1040,980,1040,True,True,False,False,0,2143,-1,ignore,,,0.99912397434359779,1.01,E0_LR,20260922,True,nested,"[""PN00-1.edf"", ""PN00-2.edf"", ""PN00-4.edf""]"
PN00,PN00-5.edf,1045,1035,1045,985,1045,True,True,False,False,0,2143,-1,ignore,,,0.99785892341110483,1.01,E0_LR,20260922,True,nested,"[""PN00-1.edf"", ""PN00-2.edf"", ""PN00-4.edf""]"
PN00,PN00-5.edf,1050,1040,1050,990,1050,True,True,False,False,0,2143,-1,ignore,,,0.97881045301066294,1.01,E0_LR,20260922,True,nested,"[""PN00-1.edf"", ""PN00-2.edf"", ""PN00-4.edf""]"
PN00,PN00-5.edf,1055,1045,1055,995,1055,True,True,False,False,0,2143,-1,ignore,,,0.99405146478660866,1.01,E0_LR,20260922,True,nested,"[""PN00-1.edf"", ""PN00-2.edf"", ""PN00-4.edf""]"
PN00,PN00-5.edf,1060,1050,1060,1000,1060,True,True,False,False,0,2143,-1,ignore,,,0.99665520885085401,1.01,E0_LR,20260922,True,nested,"[""PN00-1.edf"", ""PN00-2.edf"", ""PN00-4.edf""]"
PN00,PN00-5.edf,1065,1055,1065,1005,1065,True,True,False,False,0,2143,-1,ignore,,,0.9976871741036567,1.01,E0_LR,20260922,True,nested,"[""PN00-1.edf"", ""PN00-2.edf"", ""PN00-4.edf""]"
PN00,PN00-5.edf,1070,1060,1070,1010,1070,True,True,False,False,0,2143,-1,ignore,,,0.99234441592390998,1.01,E0_LR,20260922,True,nested,"[""PN00-1.edf"", ""PN00-2.edf"", ""PN00-4.edf""]"
PN00,PN00-5.edf,1075,1065,1075,1015,1075,True,True,False,False,0,2143,-1,ignore,,,0.96014996056118684,1.01,E0_LR,20260922,True,nested,"[""PN00-1.edf"", ""PN00-2.edf"", ""PN00-4.edf""]"
PN00,PN00-5.edf,1080,1070,1080,1020,1080,True,True,False,False,0,2143,-1,ignore,,,0.88223661052108759,1.01,E0_LR,20260922,True,nested,"[""PN00-1.edf"", ""PN00-2.edf"", ""PN00-4.edf""]"
PN00,PN00-5.edf,1085,1075,1085,1025,1085,True,True,False,False,0,2143,-1,ignore,,,0.74349103202989397,1.01,E0_LR,20260922,True,nested,"[""PN00-1.edf"", ""PN00-2.edf"", ""PN00-4.edf""]"
PN00,PN00-5.edf,1090,1080,1090,1030,1090,True,True,False,False,0,2143,-1,ignore,,,0.81781031253712488,1.01,E0_LR,20260922,True,nested,"[""PN00-1.edf"", ""PN00-2.edf"", ""PN00-4.edf""]"
PN00,PN00-5.edf,1095,1085,1095,1035,1095,True,True,False,False,0,2143,-1,ignore,,,0.61672209401750944,1.01,E0_LR,20260922,True,nested,"[""PN00-1.edf"", ""PN00-2.edf"", ""PN00-4.edf""]"
PN00,PN00-5.edf,1100,1090,1100,1040,1100,True,True,False,False,0,2143,-1,ignore,,,0.74071455729817104,1.01,E0_LR,20260922,True,nested,"[""PN00-1.edf"", ""PN00-2.edf"", ""PN00-4.edf""]"
PN00,PN00-5.edf,1105,1095,1105,1045,1105,True,True,False,False,0,2143,-1,ignore,,,0.68654403108582263,1.01,E0_LR,20260922,True,nested,"[""PN00-1.edf"", ""PN00-2.edf"", ""PN00-4.edf""]"
PN00,PN00-5.edf,1110,1100,1110,1050,1110,True,True,False,False,0,2143,-1,ignore,,,0.75152898311207239,1.01,E0_LR,20260922,True,nested,"[""PN00-1.edf"", ""PN00-2.edf"", ""PN00-4.edf""]"
PN00,PN00-5.edf,1115,1105,1115,1055,1115,True,True,False,False,0,2143,-1,ignore,,,0.80862730018978435,1.01,E0_LR,20260922,True,nested,"[""PN00-1.edf"", ""PN00-2.edf"", ""PN00-4.edf""]"
PN00,PN00-5.edf,1120,1110,1120,1060,1120,True,True,False,False,0,2143,-1,ignore,,,0.89893480953307592,1.01,E0_LR,20260922,True,nested,"[""PN00-1.edf"", ""PN00-2.edf"", ""PN00-4.edf""]"
PN00,PN00-5.edf,1125,1115,1125,1065,1125,True,True,False,False,0,2143,-1,ignore,,,0.52396075517003271,1.01,E0_LR,20260922,True,nested,"[""PN00-1.edf"", ""PN00-2.edf"", ""PN00-4.edf""]"
PN00,PN00-5.edf,1130,1120,1130,1070,1130,True,True,False,False,0,2143,-1,ignore,,,0.32678534520295122,1.01,E0_LR,20260922,True,nested,"[""PN00-1.edf"", ""PN00-2.edf"", ""PN00-4.edf""]"
PN00,PN00-5.edf,1135,1125,1135,1075,1135,True,True,False,False,0,2143,-1,ignore,,,0.79253667905316461,1.01,E0_LR,20260922,True,nested,"[""PN00-1.edf"", ""PN00-2.edf"", ""PN00-4.edf""]"
PN00,PN00-5.edf,1140,1130,1140,1080,1140,True,True,False,False,0,2143,-1,ignore,,,0.78155122078698291,1.01,E0_LR,20260922,True,nested,"[""PN00-1.edf"", ""PN00-2.edf"", ""PN00-4.edf""]"
PN00,PN00-5.edf,1145,1135,1145,1085,1145,True,True,False,False,0,2143,-1,ignore,,,0.46582540870882444,1.01,E0_LR,20260922,True,nested,"[""PN00-1.edf"", ""PN00-2.edf"", ""PN00-4.edf""]"
PN00,PN00-5.edf,1150,1140,1150,1090,1150,True,True,False,False,0,2143,-1,ignore,,,0.56848168435074653,1.01,E0_LR,20260922,True,nested,"[""PN00-1.edf"", ""PN00-2.edf"", ""PN00-4.edf""]"
PN00,PN00-5.edf,1155,1145,1155,1095,1155,True,True,False,False,0,2143,-1,ignore,,,0.72971350895364362,1.01,E0_LR,20260922,True,nested,"[""PN00-1.edf"", ""PN00-2.edf"", ""PN00-4.edf""]"
PN00,PN00-5.edf,1160,1150,1160,1100,1160,True,True,False,False,0,2143,-1,ignore,,,0.90401843207128219,1.01,E0_LR,20260922,True,nested,"[""PN00-1.edf"", ""PN00-2.edf"", ""PN00-4.edf""]"
PN00,PN00-5.edf,1165,1155,1165,1105,1165,True,True,False,False,0,2143,-1,ignore,,,0.72989403924336349,1.01,E0_LR,20260922,True,nested,"[""PN00-1.edf"", ""PN00-2.edf"", ""PN00-4.edf""]"
PN00,PN00-5.edf,1170,1160,1170,1110,1170,True,True,False,False,0,2143,-1,ignore,,,0.41431500579217539,1.01,E0_LR,20260922,True,nested,"[""PN00-1.edf"", ""PN00-2.edf"", ""PN00-4.edf""]"
PN00,PN00-5.edf,1175,1165,1175,1115,1175,True,True,False,False,0,2143,-1,ignore,,,0.54537842396454128,1.01,E0_LR,20260922,True,nested,"[""PN00-1.edf"", ""PN00-2.edf"", ""PN00-4.edf""]"
PN00,PN00-5.edf,1180,1170,1180,1120,1180,True,True,False,False,0,2143,-1,ignore,,,0.085399067422404468,1.01,E0_LR,20260922,True,nested,"[""PN00-1.edf"", ""PN00-2.edf"", ""PN00-4.edf""]"
PN00,PN00-5.edf,1185,1175,1185,1125,1185,True,True,False,False,0,2143,-1,ignore,,,0.065233550294126003,1.01,E0_LR,20260922,True,nested,"[""PN00-1.edf"", ""PN00-2.edf"", ""PN00-4.edf""]"
PN00,PN00-5.edf,1190,1180,1190,1130,1190,True,True,False,False,0,2143,-1,ignore,,,0.27045583050221628,1.01,E0_LR,20260922,True,nested,"[""PN00-1.edf"", ""PN00-2.edf"", ""PN00-4.edf""]"
PN00,PN00-5.edf,1195,1185,1195,1135,1195,True,True,False,False,0,2143,-1,ignore,,,0.47262522222867931,1.01,E0_LR,20260922,True,nested,"[""PN00-1.edf"", ""PN00-2.edf"", ""PN00-4.edf""]"
PN00,PN00-5.edf,1200,1190,1200,1140,1200,True,True,False,False,0,2143,-1,ignore,,,0.20092993147524962,1.01,E0_LR,20260922,True,nested,"[""PN00-1.edf"", ""PN00-2.edf"", ""PN00-4.edf""]"
PN00,PN00-5.edf,1205,1195,1205,1145,1205,True,True,False,False,0,2143,-1,ignore,,,0.24785191630251815,1.01,E0_LR,20260922,True,nested,"[""PN00-1.edf"", ""PN00-2.edf"", ""PN00-4.edf""]"
PN00,PN00-5.edf,1210,1200,1210,1150,1210,True,True,False,False,0,2143,-1,ignore,,,0.055698893706977635,1.01,E0_LR,20260922,True,nested,"[""PN00-1.edf"", ""PN00-2.edf"", ""PN00-4.edf""]"
PN00,PN00-5.edf,1215,1205,1215,1155,1215,True,True,False,False,0,2143,-1,ignore,,,0.00054820125909795523,1.01,E0_LR,20260922,True,nested,"[""PN00-1.edf"", ""PN00-2.edf"", ""PN00-4.edf""]"
PN00,PN00-5.edf,1220,1210,1220,1160,1220,True,True,False,False,0,2143,-1,ignore,,,0.99990483060773194,1.01,E0_LR,20260922,True,nested,"[""PN00-1.edf"", ""PN00-2.edf"", ""PN00-4.edf""]"
PN00,PN00-5.edf,1225,1215,1225,1165,1225,True,True,False,False,0,2143,-1,ignore,,,0.032218912345621388,1.01,E0_LR,20260922,True,nested,"[""PN00-1.edf"", ""PN00-2.edf"", ""PN00-4.edf""]"
PN00,PN00-5.edf,1230,1220,1230,1170,1230,True,True,False,False,0,2143,-1,ignore,,,0.031204003856628672,1.01,E0_LR,20260922,True,nested,"[""PN00-1.edf"", ""PN00-2.edf"", ""PN00-4.edf""]"
PN00,PN00-5.edf,1235,1225,1235,1175,1235,True,True,False,False,0,2143,-1,ignore,,,0.015746400412611654,1.01,E0_LR,20260922,True,nested,"[""PN00-1.edf"", ""PN00-2.edf"", ""PN00-4.edf""]"
PN00,PN00-5.edf,1240,1230,1240,1180,1240,True,True,False,False,0,2143,-1,ignore,,,0.035100275883386239,1.01,E0_LR,20260922,True,nested,"[""PN00-1.edf"", ""PN00-2.edf"", ""PN00-4.edf""]"
PN00,PN00-5.edf,1245,1235,1245,1185,1245,True,True,False,False,0,2143,-1,ignore,,,0.010842428192768766,1.01,E0_LR,20260922,True,nested,"[""PN00-1.edf"", ""PN00-2.edf"", ""PN00-4.edf""]"
PN00,PN00-5.edf,1250,1240,1250,1190,1250,True,True,False,False,0,2143,-1,ignore,,,0.0010612480027248807,1.01,E0_LR,20260922,True,nested,"[""PN00-1.edf"", ""PN00-2.edf"", ""PN00-4.edf""]"
PN00,PN00-5.edf,1255,1245,1255,1195,1255,True,True,False,False,0,2143,-1,ignore,,,0.087481885490582542,1.01,E0_LR,20260922,True,nested,"[""PN00-1.edf"", ""PN00-2.edf"", ""PN00-4.edf""]"
PN00,PN00-5.edf,1260,1250,1260,1200,1260,True,True,False,False,0,2143,-1,ignore,,,0.25630198454443825,1.01,E0_LR,20260922,True,nested,"[""PN00-1.edf"", ""PN00-2.edf"", ""PN00-4.edf""]"
PN00,PN00-5.edf,1265,1255,1265,1205,1265,True,True,False,False,0,2143,-1,ignore,,,0.028546161087264384,1.01,E0_LR,20260922,True,nested,"[""PN00-1.edf"", ""PN00-2.edf"", ""PN00-4.edf""]"
PN00,PN00-5.edf,1270,1260,1270,1210,1270,True,True,False,False,0,2143,-1,ignore,,,0.050972442940702883,1.01,E0_LR,20260922,True,nested,"[""PN00-1.edf"", ""PN00-2.edf"", ""PN00-4.edf""]"
PN00,PN00-5.edf,1275,1265,1275,1215,1275,True,True,False,True,0,2143,0,negative,,,0.024681812772415584,1.01,E0_LR,20260922,True,nested,"[""PN00-1.edf"", ""PN00-2.edf"", ""PN00-4.edf""]"
PN00,PN00-5.edf,1280,1270,1280,1220,1280,True,True,False,True,0,2143,0,negative,,,0.0039151903738642232,1.01,E0_LR,20260922,True,nested,"[""PN00-1.edf"", ""PN00-2.edf"", ""PN00-4.edf""]"
PN00,PN00-5.edf,1285,1275,1285,1225,1285,True,True,False,True,0,2143,0,negative,,,0.016662166151058443,1.01,E0_LR,20260922,True,nested,"[""PN00-1.edf"", ""PN00-2.edf"", ""PN00-4.edf""]"
PN00,PN00-5.edf,1290,1280,1290,1230,1290,True,True,False,True,0,2143,0,negative,,,0.0081658302302227322,1.01,E0_LR,20260922,True,nested,"[""PN00-1.edf"", ""PN00-2.edf"", ""PN00-4.edf""]"
PN00,PN00-5.edf,1295,1285,1295,1235,1295,True,True,False,True,0,2143,0,negative,,,0.037147118580235491,1.01,E0_LR,20260922,True,nested,"[""PN00-1.edf"", ""PN00-2.edf"", ""PN00-4.edf""]"
PN00,PN00-5.edf,1300,1290,1300,1240,1300,True,True,False,True,0,2143,0,negative,,,0.038562648253482643,1.01,E0_LR,20260922,True,nested,"[""PN00-1.edf"", ""PN00-2.edf"", ""PN00-4.edf""]"
PN00,PN00-5.edf,1305,1295,1305,1245,1305,True,True,False,True,0,2143,0,negative,,,0.039676025845464591,1.01,E0_LR,20260922,True,nested,"[""PN00-1.edf"", ""PN00-2.edf"", ""PN00-4.edf""]"
PN00,PN00-5.edf,1310,1300,1310,1250,1310,True,True,False,True,0,2143,0,negative,,,0.031679626822578598,1.01,E0_LR,20260922,True,nested,"[""PN00-1.edf"", ""PN00-2.edf"", ""PN00-4.edf""]"
PN00,PN00-5.edf,1315,1305,1315,1255,1315,True,True,False,True,0,2143,0,negative,,,0.034733800876299493,1.01,E0_LR,20260922,True,nested,"[""PN00-1.edf"", ""PN00-2.edf"", ""PN00-4.edf""]"
PN00,PN00-5.edf,1320,1310,1320,1260,1320,True,True,False,True,0,2143,0,negative,,,0.030361167371740622,1.01,E0_LR,20260922,True,nested,"[""PN00-1.edf"", ""PN00-2.edf"", ""PN00-4.edf""]"
PN00,PN00-5.edf,1325,1315,1325,1265,1325,True,True,False,True,0,2143,0,negative,,,0.048110283684112728,1.01,E0_LR,20260922,True,nested,"[""PN00-1.edf"", ""PN00-2.edf"", ""PN00-4.edf""]"
PN00,PN00-5.edf,1330,1320,1330,1270,1330,True,True,False,True,0,2143,0,negative,,,0.029964139527144763,1.01,E0_LR,20260922,True,nested,"[""PN00-1.edf"", ""PN00-2.edf"", ""PN00-4.edf""]"
PN00,PN00-5.edf,1335,1325,1335,1275,1335,True,True,False,True,0,2143,0,negative,,,0.10581829289192984,1.01,E0_LR,20260922,True,nested,"[""PN00-1.edf"", ""PN00-2.edf"", ""PN00-4.edf""]"
PN00,PN00-5.edf,1340,1330,1340,1280,1340,True,True,False,True,0,2143,0,negative,,,0.12342429941822293,1.01,E0_LR,20260922,True,nested,"[""PN00-1.edf"", ""PN00-2.edf"", ""PN00-4.edf""]"
PN00,PN00-5.edf,1345,1335,1345,1285,1345,True,True,False,True,0,2143,0,negative,,,0.021440699376552103,1.01,E0_LR,20260922,True,nested,"[""PN00-1.edf"", ""PN00-2.edf"", ""PN00-4.edf""]"
PN00,PN00-5.edf,1350,1340,1350,1290,1350,True,True,False,True,0,2143,0,negative,,,0.022218973607826598,1.01,E0_LR,20260922,True,nested,"[""PN00-1.edf"", ""PN00-2.edf"", ""PN00-4.edf""]"
PN00,PN00-5.edf,1355,1345,1355,1295,1355,True,True,False,True,0,2143,0,negative,,,0.013554998881496113,1.01,E0_LR,20260922,True,nested,"[""PN00-1.edf"", ""PN00-2.edf"", ""PN00-4.edf""]"
PN00,PN00-5.edf,1360,1350,1360,1300,1360,True,True,False,True,0,2143,0,negative,,,0.0010075400617029606,1.01,E0_LR,20260922,True,nested,"[""PN00-1.edf"", ""PN00-2.edf"", ""PN00-4.edf""]"
PN00,PN00-5.edf,1365,1355,1365,1305,1365,True,True,False,True,0,2143,0,negative,,,0.00068599397688485098,1.01,E0_LR,20260922,True,nested,"[""PN00-1.edf"", ""PN00-2.edf"", ""PN00-4.edf""]"
PN00,PN00-5.edf,1370,1360,1370,1310,1370,True,True,False,True,0,2143,0,negative,,,0.018109989790582058,1.01,E0_LR,20260922,True,nested,"[""PN00-1.edf"", ""PN00-2.edf"", ""PN00-4.edf""]"
PN00,PN00-5.edf,1375,1365,1375,1315,1375,True,True,False,True,0,2143,0,negative,,,0.016759395708066827,1.01,E0_LR,20260922,True,nested,"[""PN00-1.edf"", ""PN00-2.edf"", ""PN00-4.edf""]"
PN00,PN00-5.edf,1380,1370,1380,1320,1380,True,True,False,True,0,2143,0,negative,,,0.050429564846731015,1.01,E0_LR,20260922,True,nested,"[""PN00-1.edf"", ""PN00-2.edf"", ""PN00-4.edf""]"
PN00,PN00-5.edf,1385,1375,1385,1325,1385,True,True,False,True,0,2143,0,negative,,,0.054852061399171169,1.01,E0_LR,20260922,True,nested,"[""PN00-1.edf"", ""PN00-2.edf"", ""PN00-4.edf""]"
PN00,PN00-5.edf,1390,1380,1390,1330,1390,True,True,False,True,0,2143,0,negative,,,0.012601526081013137,1.01,E0_LR,20260922,True,nested,"[""PN00-1.edf"", ""PN00-2.edf"", ""PN00-4.edf""]"
PN00,PN00-5.edf,1395,1385,1395,1335,1395,True,True,False,True,0,2143,0,negative,,,0.026985502672773921,1.01,E0_LR,20260922,True,nested,"[""PN00-1.edf"", ""PN00-2.edf"", ""PN00-4.edf""]"
PN00,PN00-5.edf,1400,1390,1400,1340,1400,True,True,False,True,0,2143,0,negative,,,0.12504769184538178,1.01,E0_LR,20260922,True,nested,"[""PN00-1.edf"", ""PN00-2.edf"", ""PN00-4.edf""]"
PN00,PN00-5.edf,1405,1395,1405,1345,1405,True,True,False,True,0,2143,0,negative,,,0.26615866691073531,1.01,E0_LR,20260922,True,nested,"[""PN00-1.edf"", ""PN00-2.edf"", ""PN00-4.edf""]"
PN00,PN00-5.edf,1410,1400,1410,1350,1410,True,True,False,True,0,2143,0,negative,,,0.059832883606140377,1.01,E0_LR,20260922,True,nested,"[""PN00-1.edf"", ""PN00-2.edf"", ""PN00-4.edf""]"
PN00,PN00-5.edf,1415,1405,1415,1355,1415,True,True,False,True,0,2143,0,negative,,,0.027222220703208042,1.01,E0_LR,20260922,True,nested,"[""PN00-1.edf"", ""PN00-2.edf"", ""PN00-4.edf""]"
PN00,PN00-5.edf,1420,1410,1420,1360,1420,True,True,False,True,0,2143,0,negative,,,0.075462151762344387,1.01,E0_LR,20260922,True,nested,"[""PN00-1.edf"", ""PN00-2.edf"", ""PN00-4.edf""]"
PN00,PN00-5.edf,1425,1415,1425,1365,1425,True,True,False,True,0,2143,0,negative,,,0.034502571256427805,1.01,E0_LR,20260922,True,nested,"[""PN00-1.edf"", ""PN00-2.edf"", ""PN00-4.edf""]"
PN00,PN00-5.edf,1430,1420,1430,1370,1430,True,True,False,True,0,2143,0,negative,,,0.017462212543115217,1.01,E0_LR,20260922,True,nested,"[""PN00-1.edf"", ""PN00-2.edf"", ""PN00-4.edf""]"
PN00,PN00-5.edf,1435,1425,1435,1375,1435,True,True,False,True,0,2143,0,negative,,,0.0082886532352740051,1.01,E0_LR,20260922,True,nested,"[""PN00-1.edf"", ""PN00-2.edf"", ""PN00-4.edf""]"
PN00,PN00-5.edf,1440,1430,1440,1380,1440,True,True,False,True,0,2143,0,negative,,,0.0022794011254236228,1.01,E0_LR,20260922,True,nested,"[""PN00-1.edf"", ""PN00-2.edf"", ""PN00-4.edf""]"
PN00,PN00-5.edf,1445,1435,1445,1385,1445,True,True,False,True,0,2143,0,negative,,,0.061820249171994933,1.01,E0_LR,20260922,True,nested,"[""PN00-1.edf"", ""PN00-2.edf"", ""PN00-4.edf""]"
PN00,PN00-5.edf,1450,1440,1450,1390,1450,True,True,False,True,0,2143,0,negative,,,0.052915090862495781,1.01,E0_LR,20260922,True,nested,"[""PN00-1.edf"", ""PN00-2.edf"", ""PN00-4.edf""]"
PN00,PN00-5.edf,1455,1445,1455,1395,1455,True,True,False,True,0,2143,0,negative,,,0.061245147474756942,1.01,E0_LR,20260922,True,nested,"[""PN00-1.edf"", ""PN00-2.edf"", ""PN00-4.edf""]"
PN00,PN00-5.edf,1460,1450,1460,1400,1460,True,True,False,True,0,2143,0,negative,,,0.030903958023105291,1.01,E0_LR,20260922,True,nested,"[""PN00-1.edf"", ""PN00-2.edf"", ""PN00-4.edf""]"
PN00,PN00-5.edf,1465,1455,1465,1405,1465,True,True,False,True,0,2143,0,negative,,,0.0024039157900365947,1.01,E0_LR,20260922,True,nested,"[""PN00-1.edf"", ""PN00-2.edf"", ""PN00-4.edf""]"
PN00,PN00-5.edf,1470,1460,1470,1410,1470,True,True,False,True,0,2143,0,negative,,,0.0040326494538616793,1.01,E0_LR,20260922,True,nested,"[""PN00-1.edf"", ""PN00-2.edf"", ""PN00-4.edf""]"
PN00,PN00-5.edf,1475,1465,1475,1415,1475,True,True,False,True,0,2143,0,negative,,,0.0033191332714256313,1.01,E0_LR,20260922,True,nested,"[""PN00-1.edf"", ""PN00-2.edf"", ""PN00-4.edf""]"
PN00,PN00-5.edf,1480,1470,1480,1420,1480,True,True,False,True,0,2143,0,negative,,,0.0032149911498317143,1.01,E0_LR,20260922,True,nested,"[""PN00-1.edf"", ""PN00-2.edf"", ""PN00-4.edf""]"
PN00,PN00-5.edf,1485,1475,1485,1425,1485,True,True,False,True,0,2143,0,negative,,,0.004620294153110477,1.01,E0_LR,20260922,True,nested,"[""PN00-1.edf"", ""PN00-2.edf"", ""PN00-4.edf""]"
PN00,PN00-5.edf,1490,1480,1490,1430,1490,True,True,False,True,0,2143,0,negative,,,0.0014230845781375888,1.01,E0_LR,20260922,True,nested,"[""PN00-1.edf"", ""PN00-2.edf"", ""PN00-4.edf""]"
PN00,PN00-5.edf,1495,1485,1495,1435,1495,True,True,False,True,0,2143,0,negative,,,0.0053854523149474091,1.01,E0_LR,20260922,True,nested,"[""PN00-1.edf"", ""PN00-2.edf"", ""PN00-4.edf""]"
PN00,PN00-5.edf,1500,1490,1500,1440,1500,True,True,False,True,0,2143,0,negative,,,0.018679763810391752,1.01,E0_LR,20260922,True,nested,"[""PN00-1.edf"", ""PN00-2.edf"", ""PN00-4.edf""]"
PN00,PN00-5.edf,1505,1495,1505,1445,1505,True,True,False,True,0,2143,0,negative,,,0.016857790828205439,1.01,E0_LR,20260922,True,nested,"[""PN00-1.edf"", ""PN00-2.edf"", ""PN00-4.edf""]"
PN00,PN00-5.edf,1510,1500,1510,1450,1510,True,True,False,True,0,2143,0,negative,,,0.0082752396553509855,1.01,E0_LR,20260922,True,nested,"[""PN00-1.edf"", ""PN00-2.edf"", ""PN00-4.edf""]"
PN00,PN00-5.edf,1515,1505,1515,1455,1515,True,True,False,True,0,2143,0,negative,,,0.054124852155389105,1.01,E0_LR,20260922,True,nested,"[""PN00-1.edf"", ""PN00-2.edf"", ""PN00-4.edf""]"
PN00,PN00-5.edf,1520,1510,1520,1460,1520,True,True,False,True,0,2143,0,negative,,,0.016545843740976656,1.01,E0_LR,20260922,True,nested,"[""PN00-1.edf"", ""PN00-2.edf"", ""PN00-4.edf""]"
PN00,PN00-5.edf,1525,1515,1525,1465,1525,True,True,False,True,0,2143,0,negative,,,0.000678407807568797,1.01,E0_LR,20260922,True,nested,"[""PN00-1.edf"", ""PN00-2.edf"", ""PN00-4.edf""]"
PN00,PN00-5.edf,1530,1520,1530,1470,1530,True,True,False,True,0,2143,0,negative,,,0.0042619139820265356,1.01,E0_LR,20260922,True,nested,"[""PN00-1.edf"", ""PN00-2.edf"", ""PN00-4.edf""]"
PN00,PN00-5.edf,1535,1525,1535,1475,1535,True,True,False,True,0,2143,0,negative,,,0.024264524582014516,1.01,E0_LR,20260922,True,nested,"[""PN00-1.edf"", ""PN00-2.edf"", ""PN00-4.edf""]"
PN00,PN00-5.edf,1540,1530,1540,1480,1540,True,True,False,True,0,2143,0,negative,,,0.070837831611872445,1.01,E0_LR,20260922,True,nested,"[""PN00-1.edf"", ""PN00-2.edf"", ""PN00-4.edf""]"
PN00,PN00-5.edf,1545,1535,1545,1485,1545,True,True,False,True,0,2143,0,negative,,,0.09631820979283616,1.01,E0_LR,20260922,True,nested,"[""PN00-1.edf"", ""PN00-2.edf"", ""PN00-4.edf""]"
PN00,PN00-5.edf,1550,1540,1550,1490,1550,True,True,False,True,0,2143,0,negative,,,0.0047123444461527626,1.01,E0_LR,20260922,True,nested,"[""PN00-1.edf"", ""PN00-2.edf"", ""PN00-4.edf""]"
PN00,PN00-5.edf,1555,1545,1555,1495,1555,True,True,False,True,0,2143,0,negative,,,0.0026961849904412164,1.01,E0_LR,20260922,True,nested,"[""PN00-1.edf"", ""PN00-2.edf"", ""PN00-4.edf""]"
PN00,PN00-5.edf,1560,1550,1560,1500,1560,True,True,False,True,0,2143,0,negative,,,0.0059271656639147061,1.01,E0_LR,20260922,True,nested,"[""PN00-1.edf"", ""PN00-2.edf"", ""PN00-4.edf""]"
PN00,PN00-5.edf,1565,1555,1565,1505,1565,True,True,False,True,0,2143,0,negative,,,0.0014680228703524941,1.01,E0_LR,20260922,True,nested,"[""PN00-1.edf"", ""PN00-2.edf"", ""PN00-4.edf""]"
PN00,PN00-5.edf,1570,1560,1570,1510,1570,True,True,False,True,0,2143,0,negative,,,0.0048163120180504211,1.01,E0_LR,20260922,True,nested,"[""PN00-1.edf"", ""PN00-2.edf"", ""PN00-4.edf""]"
PN00,PN00-5.edf,1575,1565,1575,1515,1575,True,True,False,True,0,2143,0,negative,,,0.0020167286750670606,1.01,E0_LR,20260922,True,nested,"[""PN00-1.edf"", ""PN00-2.edf"", ""PN00-4.edf""]"
PN00,PN00-5.edf,1580,1570,1580,1520,1580,True,True,False,True,0,2143,0,negative,,,0.030813350919012314,1.01,E0_LR,20260922,True,nested,"[""PN00-1.edf"", ""PN00-2.edf"", ""PN00-4.edf""]"
PN00,PN00-5.edf,1585,1575,1585,1525,1585,True,True,False,True,0,2143,0,negative,,,0.002058263126005573,1.01,E0_LR,20260922,True,nested,"[""PN00-1.edf"", ""PN00-2.edf"", ""PN00-4.edf""]"
PN00,PN00-5.edf,1590,1580,1590,1530,1590,True,True,False,True,0,2143,0,negative,,,0.0012669109397363085,1.01,E0_LR,20260922,True,nested,"[""PN00-1.edf"", ""PN00-2.edf"", ""PN00-4.edf""]"
PN00,PN00-5.edf,1595,1585,1595,1535,1595,True,True,False,True,0,2143,0,negative,,,0.018673270853081337,1.01,E0_LR,20260922,True,nested,"[""PN00-1.edf"", ""PN00-2.edf"", ""PN00-4.edf""]"
PN00,PN00-5.edf,1600,1590,1600,1540,1600,True,True,False,True,0,2143,0,negative,,,0.0022215588479264472,1.01,E0_LR,20260922,True,nested,"[""PN00-1.edf"", ""PN00-2.edf"", ""PN00-4.edf""]"
PN00,PN00-5.edf,1605,1595,1605,1545,1605,True,True,False,True,0,2143,0,negative,,,0.0031234786155110886,1.01,E0_LR,20260922,True,nested,"[""PN00-1.edf"", ""PN00-2.edf"", ""PN00-4.edf""]"
PN00,PN00-5.edf,1610,1600,1610,1550,1610,True,True,False,True,0,2143,0,negative,,,0.0025375093283557678,1.01,E0_LR,20260922,True,nested,"[""PN00-1.edf"", ""PN00-2.edf"", ""PN00-4.edf""]"
PN00,PN00-5.edf,1615,1605,1615,1555,1615,True,True,False,True,0,2143,0,negative,,,0.0012690732797092485,1.01,E0_LR,20260922,True,nested,"[""PN00-1.edf"", ""PN00-2.edf"", ""PN00-4.edf""]"
PN00,PN00-5.edf,1620,1610,1620,1560,1620,True,True,False,True,0,2143,0,negative,,,0.0045109228890302996,1.01,E0_LR,20260922,True,nested,"[""PN00-1.edf"", ""PN00-2.edf"", ""PN00-4.edf""]"
PN00,PN00-5.edf,1625,1615,1625,1565,1625,True,True,False,True,0,2143,0,negative,,,0.002338207793177624,1.01,E0_LR,20260922,True,nested,"[""PN00-1.edf"", ""PN00-2.edf"", ""PN00-4.edf""]"
PN00,PN00-5.edf,1630,1620,1630,1570,1630,True,True,False,True,0,2143,0,negative,,,0.0043070902152476933,1.01,E0_LR,20260922,True,nested,"[""PN00-1.edf"", ""PN00-2.edf"", ""PN00-4.edf""]"
PN00,PN00-5.edf,1635,1625,1635,1575,1635,True,True,False,True,0,2143,0,negative,,,0.018619755257875722,1.01,E0_LR,20260922,True,nested,"[""PN00-1.edf"", ""PN00-2.edf"", ""PN00-4.edf""]"
PN00,PN00-5.edf,1640,1630,1640,1580,1640,True,True,False,True,0,2143,0,negative,,,0.003452255963233852,1.01,E0_LR,20260922,True,nested,"[""PN00-1.edf"", ""PN00-2.edf"", ""PN00-4.edf""]"
PN00,PN00-5.edf,1645,1635,1645,1585,1645,True,True,False,True,0,2143,0,negative,,,0.020587675213703409,1.01,E0_LR,20260922,True,nested,"[""PN00-1.edf"", ""PN00-2.edf"", ""PN00-4.edf""]"
PN00,PN00-5.edf,1650,1640,1650,1590,1650,True,True,False,True,0,2143,0,negative,,,0.036346203733319205,1.01,E0_LR,20260922,True,nested,"[""PN00-1.edf"", ""PN00-2.edf"", ""PN00-4.edf""]"
PN00,PN00-5.edf,1655,1645,1655,1595,1655,True,True,False,True,0,2143,0,negative,,,0.023510717626893645,1.01,E0_LR,20260922,True,nested,"[""PN00-1.edf"", ""PN00-2.edf"", ""PN00-4.edf""]"
PN00,PN00-5.edf,1660,1650,1660,1600,1660,True,True,False,True,0,2143,0,negative,,,0.013792808210600903,1.01,E0_LR,20260922,True,nested,"[""PN00-1.edf"", ""PN00-2.edf"", ""PN00-4.edf""]"
PN00,PN00-5.edf,1665,1655,1665,1605,1665,True,True,False,True,0,2143,0,negative,,,0.015031095981817415,1.01,E0_LR,20260922,True,nested,"[""PN00-1.edf"", ""PN00-2.edf"", ""PN00-4.edf""]"
PN00,PN00-5.edf,1670,1660,1670,1610,1670,True,True,False,True,0,2143,0,negative,,,0.083353909592481595,1.01,E0_LR,20260922,True,nested,"[""PN00-1.edf"", ""PN00-2.edf"", ""PN00-4.edf""]"
PN00,PN00-5.edf,1675,1665,1675,1615,1675,True,True,False,True,0,2143,0,negative,,,0.00064891067068140271,1.01,E0_LR,20260922,True,nested,"[""PN00-1.edf"", ""PN00-2.edf"", ""PN00-4.edf""]"
PN00,PN00-5.edf,1680,1670,1680,1620,1680,True,True,False,True,0,2143,0,negative,,,0.014464249423884371,1.01,E0_LR,20260922,True,nested,"[""PN00-1.edf"", ""PN00-2.edf"", ""PN00-4.edf""]"
PN00,PN00-5.edf,1685,1675,1685,1625,1685,True,True,False,True,0,2143,0,negative,,,0.049921367118281622,1.01,E0_LR,20260922,True,nested,"[""PN00-1.edf"", ""PN00-2.edf"", ""PN00-4.edf""]"
PN00,PN00-5.edf,1690,1680,1690,1630,1690,True,True,False,True,0,2143,0,negative,,,0.11531819166197976,1.01,E0_LR,20260922,True,nested,"[""PN00-1.edf"", ""PN00-2.edf"", ""PN00-4.edf""]"
PN00,PN00-5.edf,1695,1685,1695,1635,1695,True,True,False,True,0,2143,0,negative,,,0.032871963194594081,1.01,E0_LR,20260922,True,nested,"[""PN00-1.edf"", ""PN00-2.edf"", ""PN00-4.edf""]"
PN00,PN00-5.edf,1700,1690,1700,1640,1700,True,True,False,True,0,2143,0,negative,,,0.0023837390475742546,1.01,E0_LR,20260922,True,nested,"[""PN00-1.edf"", ""PN00-2.edf"", ""PN00-4.edf""]"
PN00,PN00-5.edf,1705,1695,1705,1645,1705,True,True,False,True,0,2143,0,negative,,,0.003778678742037632,1.01,E0_LR,20260922,True,nested,"[""PN00-1.edf"", ""PN00-2.edf"", ""PN00-4.edf""]"
PN00,PN00-5.edf,1710,1700,1710,1650,1710,True,True,False,True,0,2143,0,negative,,,0.05242723665343961,1.01,E0_LR,20260922,True,nested,"[""PN00-1.edf"", ""PN00-2.edf"", ""PN00-4.edf""]"
PN00,PN00-5.edf,1715,1705,1715,1655,1715,True,True,False,True,0,2143,0,negative,,,0.076123601295640261,1.01,E0_LR,20260922,True,nested,"[""PN00-1.edf"", ""PN00-2.edf"", ""PN00-4.edf""]"
PN00,PN00-5.edf,1720,1710,1720,1660,1720,True,True,False,True,0,2143,0,negative,,,0.0037203528203155934,1.01,E0_LR,20260922,True,nested,"[""PN00-1.edf"", ""PN00-2.edf"", ""PN00-4.edf""]"
PN00,PN00-5.edf,1725,1715,1725,1665,1725,True,True,False,True,0,2143,0,negative,,,0.0131064161200387,1.01,E0_LR,20260922,True,nested,"[""PN00-1.edf"", ""PN00-2.edf"", ""PN00-4.edf""]"
PN00,PN00-5.edf,1730,1720,1730,1670,1730,True,True,False,True,0,2143,0,negative,,,0.079659276723081915,1.01,E0_LR,20260922,True,nested,"[""PN00-1.edf"", ""PN00-2.edf"", ""PN00-4.edf""]"
PN00,PN00-5.edf,1735,1725,1735,1675,1735,True,True,False,True,0,2143,0,negative,,,0.13303916376488542,1.01,E0_LR,20260922,True,nested,"[""PN00-1.edf"", ""PN00-2.edf"", ""PN00-4.edf""]"
PN00,PN00-5.edf,1740,1730,1740,1680,1740,True,True,False,True,0,2143,0,negative,,,0.17022193622680432,1.01,E0_LR,20260922,True,nested,"[""PN00-1.edf"", ""PN00-2.edf"", ""PN00-4.edf""]"
PN00,PN00-5.edf,1745,1735,1745,1685,1745,True,True,False,True,0,2143,0,negative,,,0.21892848763796707,1.01,E0_LR,20260922,True,nested,"[""PN00-1.edf"", ""PN00-2.edf"", ""PN00-4.edf""]"
PN00,PN00-5.edf,1750,1740,1750,1690,1750,True,True,False,True,0,2143,0,negative,,,0.060204942564217559,1.01,E0_LR,20260922,True,nested,"[""PN00-1.edf"", ""PN00-2.edf"", ""PN00-4.edf""]"
PN00,PN00-5.edf,1755,1745,1755,1695,1755,True,True,False,True,0,2143,0,negative,,,0.0013137890514775504,1.01,E0_LR,20260922,True,nested,"[""PN00-1.edf"", ""PN00-2.edf"", ""PN00-4.edf""]"
PN00,PN00-5.edf,1760,1750,1760,1700,1760,True,True,False,True,0,2143,0,negative,,,0.0073787222091835948,1.01,E0_LR,20260922,True,nested,"[""PN00-1.edf"", ""PN00-2.edf"", ""PN00-4.edf""]"
PN00,PN00-5.edf,1765,1755,1765,1705,1765,True,True,False,True,0,2143,0,negative,,,0.014281888340780648,1.01,E0_LR,20260922,True,nested,"[""PN00-1.edf"", ""PN00-2.edf"", ""PN00-4.edf""]"
PN00,PN00-5.edf,1770,1760,1770,1710,1770,True,True,False,True,0,2143,0,negative,,,0.040105706921487808,1.01,E0_LR,20260922,True,nested,"[""PN00-1.edf"", ""PN00-2.edf"", ""PN00-4.edf""]"
PN00,PN00-5.edf,1775,1765,1775,1715,1775,True,True,False,True,0,2143,0,negative,,,0.064320525064177653,1.01,E0_LR,20260922,True,nested,"[""PN00-1.edf"", ""PN00-2.edf"", ""PN00-4.edf""]"
PN00,PN00-5.edf,1780,1770,1780,1720,1780,True,True,False,True,0,2143,0,negative,,,0.24463539927173655,1.01,E0_LR,20260922,True,nested,"[""PN00-1.edf"", ""PN00-2.edf"", ""PN00-4.edf""]"
PN00,PN00-5.edf,1785,1775,1785,1725,1785,True,True,False,True,0,2143,0,negative,,,0.10545256789171335,1.01,E0_LR,20260922,True,nested,"[""PN00-1.edf"", ""PN00-2.edf"", ""PN00-4.edf""]"
PN00,PN00-5.edf,1790,1780,1790,1730,1790,True,True,False,True,0,2143,0,negative,,,0.28705828922832027,1.01,E0_LR,20260922,True,nested,"[""PN00-1.edf"", ""PN00-2.edf"", ""PN00-4.edf""]"
PN00,PN00-5.edf,1795,1785,1795,1735,1795,True,True,False,True,0,2143,0,negative,,,0.11567910270814005,1.01,E0_LR,20260922,True,nested,"[""PN00-1.edf"", ""PN00-2.edf"", ""PN00-4.edf""]"
PN00,PN00-5.edf,1800,1790,1800,1740,1800,True,True,False,True,0,2143,0,negative,,,0.018013128902623417,1.01,E0_LR,20260922,True,nested,"[""PN00-1.edf"", ""PN00-2.edf"", ""PN00-4.edf""]"
PN00,PN00-5.edf,1805,1795,1805,1745,1805,True,True,False,True,0,2143,0,negative,,,0.16186012453811011,1.01,E0_LR,20260922,True,nested,"[""PN00-1.edf"", ""PN00-2.edf"", ""PN00-4.edf""]"
PN00,PN00-5.edf,1810,1800,1810,1750,1810,True,True,False,True,0,2143,0,negative,,,0.1247139319187698,1.01,E0_LR,20260922,True,nested,"[""PN00-1.edf"", ""PN00-2.edf"", ""PN00-4.edf""]"
PN00,PN00-5.edf,1815,1805,1815,1755,1815,True,True,False,True,0,2143,0,negative,,,0.79965784718832233,1.01,E0_LR,20260922,True,nested,"[""PN00-1.edf"", ""PN00-2.edf"", ""PN00-4.edf""]"
PN00,PN00-5.edf,1820,1810,1820,1760,1820,True,True,False,True,0,2143,0,negative,,,0.35028348818102545,1.01,E0_LR,20260922,True,nested,"[""PN00-1.edf"", ""PN00-2.edf"", ""PN00-4.edf""]"
PN00,PN00-5.edf,1825,1815,1825,1765,1825,True,True,False,True,0,2143,0,negative,,,0.017301117014449773,1.01,E0_LR,20260922,True,nested,"[""PN00-1.edf"", ""PN00-2.edf"", ""PN00-4.edf""]"
PN00,PN00-5.edf,1830,1820,1830,1770,1830,True,True,False,True,0,2143,0,negative,,,0.05485722665736812,1.01,E0_LR,20260922,True,nested,"[""PN00-1.edf"", ""PN00-2.edf"", ""PN00-4.edf""]"
PN00,PN00-5.edf,1835,1825,1835,1775,1835,True,True,False,True,0,2143,0,negative,,,0.16331930465935307,1.01,E0_LR,20260922,True,nested,"[""PN00-1.edf"", ""PN00-2.edf"", ""PN00-4.edf""]"
PN00,PN00-5.edf,1840,1830,1840,1780,1840,True,True,False,True,0,2143,0,negative,,,0.016424117739456214,1.01,E0_LR,20260922,True,nested,"[""PN00-1.edf"", ""PN00-2.edf"", ""PN00-4.edf""]"
PN00,PN00-5.edf,1845,1835,1845,1785,1845,True,True,False,True,0,2143,0,negative,,,0.042237727094742508,1.01,E0_LR,20260922,True,nested,"[""PN00-1.edf"", ""PN00-2.edf"", ""PN00-4.edf""]"
PN00,PN00-5.edf,1850,1840,1850,1790,1850,True,True,False,True,0,2143,0,negative,,,0.090906822018321412,1.01,E0_LR,20260922,True,nested,"[""PN00-1.edf"", ""PN00-2.edf"", ""PN00-4.edf""]"
PN00,PN00-5.edf,1855,1845,1855,1795,1855,True,True,False,True,0,2143,0,negative,,,0.11133416654814714,1.01,E0_LR,20260922,True,nested,"[""PN00-1.edf"", ""PN00-2.edf"", ""PN00-4.edf""]"
PN00,PN00-5.edf,1860,1850,1860,1800,1860,True,True,False,True,0,2143,0,negative,,,0.30770647848563698,1.01,E0_LR,20260922,True,nested,"[""PN00-1.edf"", ""PN00-2.edf"", ""PN00-4.edf""]"
PN00,PN00-5.edf,1865,1855,1865,1805,1865,True,True,False,True,0,2143,0,negative,,,0.11166985027782472,1.01,E0_LR,20260922,True,nested,"[""PN00-1.edf"", ""PN00-2.edf"", ""PN00-4.edf""]"
PN00,PN00-5.edf,1870,1860,1870,1810,1870,True,True,False,True,0,2143,0,negative,,,0.40354920800510169,1.01,E0_LR,20260922,True,nested,"[""PN00-1.edf"", ""PN00-2.edf"", ""PN00-4.edf""]"
PN00,PN00-5.edf,1875,1865,1875,1815,1875,True,True,False,True,0,2143,0,negative,,,0.47974312141044395,1.01,E0_LR,20260922,True,nested,"[""PN00-1.edf"", ""PN00-2.edf"", ""PN00-4.edf""]"
PN00,PN00-5.edf,1880,1870,1880,1820,1880,True,True,False,True,0,2143,0,negative,,,0.46837870327408976,1.01,E0_LR,20260922,True,nested,"[""PN00-1.edf"", ""PN00-2.edf"", ""PN00-4.edf""]"
PN00,PN00-5.edf,1885,1875,1885,1825,1885,True,True,False,True,0,2143,0,negative,,,0.5591855127983727,1.01,E0_LR,20260922,True,nested,"[""PN00-1.edf"", ""PN00-2.edf"", ""PN00-4.edf""]"
PN00,PN00-5.edf,1890,1880,1890,1830,1890,True,True,False,True,0,2143,0,negative,,,0.35137987585774777,1.01,E0_LR,20260922,True,nested,"[""PN00-1.edf"", ""PN00-2.edf"", ""PN00-4.edf""]"
PN00,PN00-5.edf,1895,1885,1895,1835,1895,True,True,False,True,0,2143,0,negative,,,0.084927998231414017,1.01,E0_LR,20260922,True,nested,"[""PN00-1.edf"", ""PN00-2.edf"", ""PN00-4.edf""]"
PN00,PN00-5.edf,1900,1890,1900,1840,1900,True,True,False,True,0,2143,0,negative,,,0.022620563656662849,1.01,E0_LR,20260922,True,nested,"[""PN00-1.edf"", ""PN00-2.edf"", ""PN00-4.edf""]"
PN00,PN00-5.edf,1905,1895,1905,1845,1905,True,True,False,True,0,2143,0,negative,,,0.17329225282515143,1.01,E0_LR,20260922,True,nested,"[""PN00-1.edf"", ""PN00-2.edf"", ""PN00-4.edf""]"
PN00,PN00-5.edf,1910,1900,1910,1850,1910,True,True,False,True,0,2143,0,negative,,,0.23395123772474619,1.01,E0_LR,20260922,True,nested,"[""PN00-1.edf"", ""PN00-2.edf"", ""PN00-4.edf""]"
PN00,PN00-5.edf,1915,1905,1915,1855,1915,True,True,False,True,0,2143,0,negative,,,0.3933097028849854,1.01,E0_LR,20260922,True,nested,"[""PN00-1.edf"", ""PN00-2.edf"", ""PN00-4.edf""]"
PN00,PN00-5.edf,1920,1910,1920,1860,1920,True,True,False,True,0,2143,0,negative,,,0.95916720272900602,1.01,E0_LR,20260922,True,nested,"[""PN00-1.edf"", ""PN00-2.edf"", ""PN00-4.edf""]"
PN00,PN00-5.edf,1925,1915,1925,1865,1925,True,True,False,True,0,2143,0,negative,,,0.79063266625590212,1.01,E0_LR,20260922,True,nested,"[""PN00-1.edf"", ""PN00-2.edf"", ""PN00-4.edf""]"
PN00,PN00-5.edf,1930,1920,1930,1870,1930,True,True,False,True,0,2143,0,negative,,,0.23420078327197216,1.01,E0_LR,20260922,True,nested,"[""PN00-1.edf"", ""PN00-2.edf"", ""PN00-4.edf""]"
PN00,PN00-5.edf,1935,1925,1935,1875,1935,True,True,False,True,0,2143,0,negative,,,0.19567091778999329,1.01,E0_LR,20260922,True,nested,"[""PN00-1.edf"", ""PN00-2.edf"", ""PN00-4.edf""]"
PN00,PN00-5.edf,1940,1930,1940,1880,1940,True,True,False,True,0,2143,0,negative,,,0.29442010426443321,1.01,E0_LR,20260922,True,nested,"[""PN00-1.edf"", ""PN00-2.edf"", ""PN00-4.edf""]"
PN00,PN00-5.edf,1945,1935,1945,1885,1945,True,True,False,True,0,2143,0,negative,,,0.99817692198682184,1.01,E0_LR,20260922,True,nested,"[""PN00-1.edf"", ""PN00-2.edf"", ""PN00-4.edf""]"
PN00,PN00-5.edf,1950,1940,1950,1890,1950,True,True,False,True,0,2143,0,negative,,,0.99734072300662557,1.01,E0_LR,20260922,True,nested,"[""PN00-1.edf"", ""PN00-2.edf"", ""PN00-4.edf""]"
PN00,PN00-5.edf,1955,1945,1955,1895,1955,True,True,False,True,0,2143,0,negative,,,0.93172875955242684,1.01,E0_LR,20260922,True,nested,"[""PN00-1.edf"", ""PN00-2.edf"", ""PN00-4.edf""]"
PN00,PN00-5.edf,1960,1950,1960,1900,1960,True,True,False,True,0,2143,0,negative,,,0.1461853030420627,1.01,E0_LR,20260922,True,nested,"[""PN00-1.edf"", ""PN00-2.edf"", ""PN00-4.edf""]"
PN00,PN00-5.edf,1965,1955,1965,1905,1965,True,True,False,True,0,2143,0,negative,,,0.26408407411667051,1.01,E0_LR,20260922,True,nested,"[""PN00-1.edf"", ""PN00-2.edf"", ""PN00-4.edf""]"
PN00,PN00-5.edf,1970,1960,1970,1910,1970,True,True,False,True,0,2143,0,negative,,,0.33985895715977371,1.01,E0_LR,20260922,True,nested,"[""PN00-1.edf"", ""PN00-2.edf"", ""PN00-4.edf""]"
PN00,PN00-5.edf,1975,1965,1975,1915,1975,True,True,False,True,0,2143,0,negative,,,0.0094150390133669413,1.01,E0_LR,20260922,True,nested,"[""PN00-1.edf"", ""PN00-2.edf"", ""PN00-4.edf""]"
PN00,PN00-5.edf,1980,1970,1980,1920,1980,True,True,False,True,0,2143,0,negative,,,0.10393620133673023,1.01,E0_LR,20260922,True,nested,"[""PN00-1.edf"", ""PN00-2.edf"", ""PN00-4.edf""]"
PN00,PN00-5.edf,1985,1975,1985,1925,1985,True,True,False,True,0,2143,0,negative,,,0.14373597552056686,1.01,E0_LR,20260922,True,nested,"[""PN00-1.edf"", ""PN00-2.edf"", ""PN00-4.edf""]"
PN00,PN00-5.edf,1990,1980,1990,1930,1990,True,True,False,True,0,2143,0,negative,,,0.30608858311935538,1.01,E0_LR,20260922,True,nested,"[""PN00-1.edf"", ""PN00-2.edf"", ""PN00-4.edf""]"
PN00,PN00-5.edf,1995,1985,1995,1935,1995,True,True,False,True,0,2143,0,negative,,,0.80167393645892271,1.01,E0_LR,20260922,True,nested,"[""PN00-1.edf"", ""PN00-2.edf"", ""PN00-4.edf""]"
PN00,PN00-5.edf,2000,1990,2000,1940,2000,True,True,False,True,0,2143,0,negative,,,0.91982479708104681,1.01,E0_LR,20260922,True,nested,"[""PN00-1.edf"", ""PN00-2.edf"", ""PN00-4.edf""]"
PN00,PN00-5.edf,2005,1995,2005,1945,2005,True,True,False,True,0,2143,0,negative,,,0.50935100784398701,1.01,E0_LR,20260922,True,nested,"[""PN00-1.edf"", ""PN00-2.edf"", ""PN00-4.edf""]"
PN00,PN00-5.edf,2010,2000,2010,1950,2010,True,True,False,True,0,2143,0,negative,,,0.34086867427085116,1.01,E0_LR,20260922,True,nested,"[""PN00-1.edf"", ""PN00-2.edf"", ""PN00-4.edf""]"
PN00,PN00-5.edf,2015,2005,2015,1955,2015,True,True,False,True,0,2143,0,negative,,,0.11520771856650079,1.01,E0_LR,20260922,True,nested,"[""PN00-1.edf"", ""PN00-2.edf"", ""PN00-4.edf""]"
PN00,PN00-5.edf,2020,2010,2020,1960,2020,True,True,False,True,0,2143,0,negative,,,0.23006670462684234,1.01,E0_LR,20260922,True,nested,"[""PN00-1.edf"", ""PN00-2.edf"", ""PN00-4.edf""]"
PN00,PN00-5.edf,2025,2015,2025,1965,2025,True,True,False,True,0,2143,0,negative,,,0.47937696298170429,1.01,E0_LR,20260922,True,nested,"[""PN00-1.edf"", ""PN00-2.edf"", ""PN00-4.edf""]"
PN00,PN00-5.edf,2030,2020,2030,1970,2030,True,True,False,True,0,2143,0,negative,,,0.098938526102775703,1.01,E0_LR,20260922,True,nested,"[""PN00-1.edf"", ""PN00-2.edf"", ""PN00-4.edf""]"
PN00,PN00-5.edf,2035,2025,2035,1975,2035,True,True,False,True,0,2143,0,negative,,,0.10447154947132405,1.01,E0_LR,20260922,True,nested,"[""PN00-1.edf"", ""PN00-2.edf"", ""PN00-4.edf""]"
PN00,PN00-5.edf,2040,2030,2040,1980,2040,True,True,False,True,0,2143,0,negative,,,0.62570337123630282,1.01,E0_LR,20260922,True,nested,"[""PN00-1.edf"", ""PN00-2.edf"", ""PN00-4.edf""]"
PN00,PN00-5.edf,2045,2035,2045,1985,2045,True,True,False,True,0,2143,0,negative,,,0.027349197872372884,1.01,E0_LR,20260922,True,nested,"[""PN00-1.edf"", ""PN00-2.edf"", ""PN00-4.edf""]"
PN00,PN00-5.edf,2050,2040,2050,1990,2050,True,True,False,True,0,2143,0,negative,,,0.42539505955359463,1.01,E0_LR,20260922,True,nested,"[""PN00-1.edf"", ""PN00-2.edf"", ""PN00-4.edf""]"
PN00,PN00-5.edf,2055,2045,2055,1995,2055,True,True,False,True,0,2143,0,negative,,,0.83773540393288237,1.01,E0_LR,20260922,True,nested,"[""PN00-1.edf"", ""PN00-2.edf"", ""PN00-4.edf""]"
PN00,PN00-5.edf,2060,2050,2060,2000,2060,True,True,False,True,0,2143,0,negative,,,0.85018058031278254,1.01,E0_LR,20260922,True,nested,"[""PN00-1.edf"", ""PN00-2.edf"", ""PN00-4.edf""]"
PN00,PN00-5.edf,2065,2055,2065,2005,2065,True,True,False,True,0,2143,0,negative,,,0.1458520070425588,1.01,E0_LR,20260922,True,nested,"[""PN00-1.edf"", ""PN00-2.edf"", ""PN00-4.edf""]"
PN00,PN00-5.edf,2070,2060,2070,2010,2070,True,True,False,True,0,2143,0,negative,,,0.54287805891948604,1.01,E0_LR,20260922,True,nested,"[""PN00-1.edf"", ""PN00-2.edf"", ""PN00-4.edf""]"
PN00,PN00-5.edf,2075,2065,2075,2015,2075,True,True,False,True,0,2143,0,negative,,,0.62642141498282677,1.01,E0_LR,20260922,True,nested,"[""PN00-1.edf"", ""PN00-2.edf"", ""PN00-4.edf""]"
PN00,PN00-5.edf,2080,2070,2080,2020,2080,True,True,False,True,0,2143,0,negative,,,0.030300429373674016,1.01,E0_LR,20260922,True,nested,"[""PN00-1.edf"", ""PN00-2.edf"", ""PN00-4.edf""]"
PN00,PN00-5.edf,2085,2075,2085,2025,2085,True,True,False,True,0,2143,0,negative,,,0.11627666246466073,1.01,E0_LR,20260922,True,nested,"[""PN00-1.edf"", ""PN00-2.edf"", ""PN00-4.edf""]"
PN00,PN00-5.edf,2090,2080,2090,2030,2090,True,True,False,True,0,2143,0,negative,,,0.31706279465838932,1.01,E0_LR,20260922,True,nested,"[""PN00-1.edf"", ""PN00-2.edf"", ""PN00-4.edf""]"
PN00,PN00-5.edf,2095,2085,2095,2035,2095,True,True,False,True,0,2143,0,negative,,,0.42917505132054679,1.01,E0_LR,20260922,True,nested,"[""PN00-1.edf"", ""PN00-2.edf"", ""PN00-4.edf""]"
PN00,PN00-5.edf,2100,2090,2100,2040,2100,True,True,False,True,0,2143,0,negative,,,0.06341757028833106,1.01,E0_LR,20260922,True,nested,"[""PN00-1.edf"", ""PN00-2.edf"", ""PN00-4.edf""]"
PN00,PN00-5.edf,2105,2095,2105,2045,2105,True,True,False,True,0,2143,0,negative,,,0.01876857838968702,1.01,E0_LR,20260922,True,nested,"[""PN00-1.edf"", ""PN00-2.edf"", ""PN00-4.edf""]"
PN00,PN00-5.edf,2110,2100,2110,2050,2110,True,True,False,True,0,2143,0,negative,,,0.23452456254789203,1.01,E0_LR,20260922,True,nested,"[""PN00-1.edf"", ""PN00-2.edf"", ""PN00-4.edf""]"
PN00,PN00-5.edf,2115,2105,2115,2055,2115,True,True,False,True,0,2143,0,negative,,,0.49202033847456189,1.01,E0_LR,20260922,True,nested,"[""PN00-1.edf"", ""PN00-2.edf"", ""PN00-4.edf""]"
PN00,PN00-5.edf,2120,2110,2120,2060,2120,True,True,False,True,0,2143,0,negative,,,0.89311234138789541,1.01,E0_LR,20260922,True,nested,"[""PN00-1.edf"", ""PN00-2.edf"", ""PN00-4.edf""]"
PN00,PN00-5.edf,2125,2115,2125,2065,2125,True,True,False,True,0,2143,0,negative,,,0.1549235427047829,1.01,E0_LR,20260922,True,nested,"[""PN00-1.edf"", ""PN00-2.edf"", ""PN00-4.edf""]"
PN00,PN00-5.edf,2130,2120,2130,2070,2130,True,True,False,True,0,2143,0,negative,,,0.95365324670470175,1.01,E0_LR,20260922,True,nested,"[""PN00-1.edf"", ""PN00-2.edf"", ""PN00-4.edf""]"
PN00,PN00-5.edf,2135,2125,2135,2075,2135,True,True,False,True,0,2143,0,negative,,,0.7879429239303849,1.01,E0_LR,20260922,True,nested,"[""PN00-1.edf"", ""PN00-2.edf"", ""PN00-4.edf""]"
PN00,PN00-5.edf,2140,2130,2140,2080,2140,True,True,False,True,0,2143,0,negative,,,0.55834818302458022,1.01,E0_LR,20260922,True,nested,"[""PN00-1.edf"", ""PN00-2.edf"", ""PN00-4.edf""]"
