patient,file_name,anchor_s,eeg_start_s,eeg_end_s,ecg_start_s,ecg_end_s,eeg_available,ecg_history_available,annotation_uncertain,training_eligible,evaluation_label,recording_duration_s,label,status,seizure_numbers,unavailable_reason,score,threshold,model,seed,model_available,calibration_status,train_files_json
PN12,PN12-1.2.edf,10,0,10,,10,True,False,False,True,0,9774,0,negative,,,0,0.94999999999999996,E1_RF,20260922,True,nested,"[""PN12-3.edf"", ""PN12-4.edf""]"
PN12,PN12-1.2.edf,15,5,15,,15,True,False,False,True,0,9774,0,negative,,,0,0.94999999999999996,E1_RF,20260922,True,nested,"[""PN12-3.edf"", ""PN12-4.edf""]"
PN12,PN12-1.2.edf,20,10,20,,20,True,False,False,True,0,9774,0,negative,,,0,0.94999999999999996,E1_RF,20260922,True,nested,"[""PN12-3.edf"", ""PN12-4.edf""]"
PN12,PN12-1.2.edf,25,15,25,,25,True,False,False,True,0,9774,0,negative,,,0,0.94999999999999996,E1_RF,20260922,True,nested,"[""PN12-3.edf"", ""PN12-4.edf""]"
PN12,PN12-1.2.edf,30,20,30,,30,True,False,False,True,0,9774,0,negative,,,0,0.94999999999999996,E1_RF,20260922,True,nested,"[""PN12-3.edf"", ""PN12-4.edf""]"
PN12,PN12-1.2.edf,35,25,35,,35,True,False,False,True,0,9774,0,negative,,,0,0.94999999999999996,E1_RF,20260922,True,nested,"[""PN12-3.edf"", ""PN12-4.edf""]"
PN12,PN12-1.2.edf,40,30,40,,40,True,False,False,True,0,9774,0,negative,,,0,0.94999999999999996,E1_RF,20260922,True,nested,"[""PN12-3.edf"", ""PN12-4.edf""]"
PN12,PN12-1.2.edf,45,35,45,,45,True,False,False,True,0,9774,0,negative,,,0.0058157181571815717,0.94999999999999996,E1_RF,20260922,True,nested,"[""PN12-3.edf"", ""PN12-4.edf""]"
PN12,PN12-1.2.edf,50,40,50,,50,True,False,False,True,0,9774,0,negative,,,0,0.94999999999999996,E1_RF,20260922,True,nested,"[""PN12-3.edf"", ""PN12-4.edf""]"
PN12,PN12-1.2.edf,55,45,55,,55,True,False,False,True,0,9774,0,negative,,,0,0.94999999999999996,E1_RF,20260922,True,nested,"[""PN12-3.edf"", ""PN12-4.edf""]"
PN12,PN12-1.2.edf,60,50,60,0,60,True,True,False,True,0,9774,0,negative,,,0,0.94999999999999996,E1_RF,20260922,True,nested,"[""PN12-3.edf"", ""PN12-4.edf""]"
PN12,PN12-1.2.edf,65,55,65,5,65,True,True,False,True,0,9774,0,negative,,,0,0.94999999999999996,E1_RF,20260922,True,nested,"[""PN12-3.edf"", ""PN12-4.edf""]"
PN12,PN12-1.2.edf,70,60,70,10,70,True,True,False,True,0,9774,0,negative,,,0.0083231137203739931,0.94999999999999996,E1_RF,20260922,True,nested,"[""PN12-3.edf"", ""PN12-4.edf""]"
PN12,PN12-1.2.edf,75,65,75,15,75,True,True,False,True,0,9774,0,negative,,,0,0.94999999999999996,E1_RF,20260922,True,nested,"[""PN12-3.edf"", ""PN12-4.edf""]"
PN12,PN12-1.2.edf,80,70,80,20,80,True,True,False,True,0,9774,0,negative,,,0,0.94999999999999996,E1_RF,20260922,True,nested,"[""PN12-3.edf"", ""PN12-4.edf""]"
PN12,PN12-1.2.edf,85,75,85,25,85,True,True,False,True,0,9774,0,negative,,,0.0025396825396825397,0.94999999999999996,E1_RF,20260922,True,nested,"[""PN12-3.edf"", ""PN12-4.edf""]"
PN12,PN12-1.2.edf,90,80,90,30,90,True,True,False,True,0,9774,0,negative,,,0,0.94999999999999996,E1_RF,20260922,True,nested,"[""PN12-3.edf"", ""PN12-4.edf""]"
PN12,PN12-1.2.edf,95,85,95,35,95,True,True,False,True,0,9774,0,negative,,,0,0.94999999999999996,E1_RF,20260922,True,nested,"[""PN12-3.edf"", ""PN12-4.edf""]"
PN12,PN12-1.2.edf,100,90,100,40,100,True,True,False,True,0,9774,0,negative,,,0.0054920634920634917,0.94999999999999996,E1_RF,20260922,True,nested,"[""PN12-3.edf"", ""PN12-4.edf""]"
PN12,PN12-1.2.edf,105,95,105,45,105,True,True,False,True,0,9774,0,negative,,,0,0.94999999999999996,E1_RF,20260922,True,nested,"[""PN12-3.edf"", ""PN12-4.edf""]"
PN12,PN12-1.2.edf,110,100,110,50,110,True,True,False,True,0,9774,0,negative,,,0.0054920634920634917,0.94999999999999996,E1_RF,20260922,True,nested,"[""PN12-3.edf"", ""PN12-4.edf""]"
PN12,PN12-1.2.edf,115,105,115,55,115,True,True,False,True,0,9774,0,negative,,,0.014505979847443262,0.94999999999999996,E1_RF,20260922,True,nested,"[""PN12-3.edf"", ""PN12-4.edf""]"
PN12,PN12-1.2.edf,120,110,120,60,120,True,True,False,True,0,9774,0,negative,,,0,0.94999999999999996,E1_RF,20260922,True,nested,"[""PN12-3.edf"", ""PN12-4.edf""]"
PN12,PN12-1.2.edf,125,115,125,65,125,True,True,False,True,0,9774,0,negative,,,0,0.94999999999999996,E1_RF,20260922,True,nested,"[""PN12-3.edf"", ""PN12-4.edf""]"
PN12,PN12-1.2.edf,130,120,130,70,130,True,True,False,True,0,9774,0,negative,,,0.0083231137203739931,0.94999999999999996,E1_RF,20260922,True,nested,"[""PN12-3.edf"", ""PN12-4.edf""]"
PN12,PN12-1.2.edf,135,125,135,75,135,True,True,False,True,0,9774,0,negative,,,0,0.94999999999999996,E1_RF,20260922,True,nested,"[""PN12-3.edf"", ""PN12-4.edf""]"
PN12,PN12-1.2.edf,140,130,140,80,140,True,True,False,True,0,9774,0,negative,,,0,0.94999999999999996,E1_RF,20260922,True,nested,"[""PN12-3.edf"", ""PN12-4.edf""]"
PN12,PN12-1.2.edf,145,135,145,85,145,True,True,False,True,0,9774,0,negative,,,0,0.94999999999999996,E1_RF,20260922,True,nested,"[""PN12-3.edf"", ""PN12-4.edf""]"
PN12,PN12-1.2.edf,150,140,150,90,150,True,True,False,True,0,9774,0,negative,,,0,0.94999999999999996,E1_RF,20260922,True,nested,"[""PN12-3.edf"", ""PN12-4.edf""]"
PN12,PN12-1.2.edf,155,145,155,95,155,True,True,False,True,0,9774,0,negative,,,0.0031152647975077881,0.94999999999999996,E1_RF,20260922,True,nested,"[""PN12-3.edf"", ""PN12-4.edf""]"
PN12,PN12-1.2.edf,160,150,160,100,160,True,True,False,True,0,9774,0,negative,,,0,0.94999999999999996,E1_RF,20260922,True,nested,"[""PN12-3.edf"", ""PN12-4.edf""]"
PN12,PN12-1.2.edf,165,155,165,105,165,True,True,False,True,0,9774,0,negative,,,0,0.94999999999999996,E1_RF,20260922,True,nested,"[""PN12-3.edf"", ""PN12-4.edf""]"
PN12,PN12-1.2.edf,170,160,170,110,170,True,True,False,True,0,9774,0,negative,,,0,0.94999999999999996,E1_RF,20260922,True,nested,"[""PN12-3.edf"", ""PN12-4.edf""]"
PN12,PN12-1.2.edf,175,165,175,115,175,True,True,False,True,0,9774,0,negative,,,0.011673561294436474,0.94999999999999996,E1_RF,20260922,True,nested,"[""PN12-3.edf"", ""PN12-4.edf""]"
PN12,PN12-1.2.edf,180,170,180,120,180,True,True,False,True,0,9774,0,negative,,,0,0.94999999999999996,E1_RF,20260922,True,nested,"[""PN12-3.edf"", ""PN12-4.edf""]"
PN12,PN12-1.2.edf,185,175,185,125,185,True,True,False,True,0,9774,0,negative,,,0,0.94999999999999996,E1_RF,20260922,True,nested,"[""PN12-3.edf"", ""PN12-4.edf""]"
PN12,PN12-1.2.edf,190,180,190,130,190,True,True,False,True,0,9774,0,negative,,,0.0027485380116959064,0.94999999999999996,E1_RF,20260922,True,nested,"[""PN12-3.edf"", ""PN12-4.edf""]"
PN12,PN12-1.2.edf,195,185,195,135,195,True,True,False,True,0,9774,0,negative,,,0,0.94999999999999996,E1_RF,20260922,True,nested,"[""PN12-3.edf"", ""PN12-4.edf""]"
PN12,PN12-1.2.edf,200,190,200,140,200,True,True,False,True,0,9774,0,negative,,,0,0.94999999999999996,E1_RF,20260922,True,nested,"[""PN12-3.edf"", ""PN12-4.edf""]"
PN12,PN12-1.2.edf,205,195,205,145,205,True,True,False,True,0,9774,0,negative,,,0.0030000000000000001,0.94999999999999996,E1_RF,20260922,True,nested,"[""PN12-3.edf"", ""PN12-4.edf""]"
PN12,PN12-1.2.edf,210,200,210,150,210,True,True,False,True,0,9774,0,negative,,,0,0.94999999999999996,E1_RF,20260922,True,nested,"[""PN12-3.edf"", ""PN12-4.edf""]"
PN12,PN12-1.2.edf,215,205,215,155,215,True,True,False,True,0,9774,0,negative,,,0,0.94999999999999996,E1_RF,20260922,True,nested,"[""PN12-3.edf"", ""PN12-4.edf""]"
PN12,PN12-1.2.edf,220,210,220,160,220,True,True,False,True,0,9774,0,negative,,,0,0.94999999999999996,E1_RF,20260922,True,nested,"[""PN12-3.edf"", ""PN12-4.edf""]"
PN12,PN12-1.2.edf,225,215,225,165,225,True,True,False,True,0,9774,0,negative,,,0,0.94999999999999996,E1_RF,20260922,True,nested,"[""PN12-3.edf"", ""PN12-4.edf""]"
PN12,PN12-1.2.edf,230,220,230,170,230,True,True,False,True,0,9774,0,negative,,,0.014786272988475979,0.94999999999999996,E1_RF,20260922,True,nested,"[""PN12-3.edf"", ""PN12-4.edf""]"
PN12,PN12-1.2.edf,235,225,235,175,235,True,True,False,True,0,9774,0,negative,,,0.030069767388881855,0.94999999999999996,E1_RF,20260922,True,nested,"[""PN12-3.edf"", ""PN12-4.edf""]"
PN12,PN12-1.2.edf,240,230,240,180,240,True,True,False,True,0,9774,0,negative,,,0.011778142907175165,0.94999999999999996,E1_RF,20260922,True,nested,"[""PN12-3.edf"", ""PN12-4.edf""]"
PN12,PN12-1.2.edf,245,235,245,185,245,True,True,False,True,0,9774,0,negative,,,0.011778142907175165,0.94999999999999996,E1_RF,20260922,True,nested,"[""PN12-3.edf"", ""PN12-4.edf""]"
PN12,PN12-1.2.edf,250,240,250,190,250,True,True,False,True,0,9774,0,negative,,,0,0.94999999999999996,E1_RF,20260922,True,nested,"[""PN12-3.edf"", ""PN12-4.edf""]"
PN12,PN12-1.2.edf,255,245,255,195,255,True,True,False,True,0,9774,0,negative,,,0,0.94999999999999996,E1_RF,20260922,True,nested,"[""PN12-3.edf"", ""PN12-4.edf""]"
PN12,PN12-1.2.edf,260,250,260,200,260,True,True,False,True,0,9774,0,negative,,,0.0057378807378807373,0.94999999999999996,E1_RF,20260922,True,nested,"[""PN12-3.edf"", ""PN12-4.edf""]"
PN12,PN12-1.2.edf,265,255,265,205,265,True,True,False,True,0,9774,0,negative,,,0.0082162612232775933,0.94999999999999996,E1_RF,20260922,True,nested,"[""PN12-3.edf"", ""PN12-4.edf""]"
PN12,PN12-1.2.edf,270,260,270,210,270,True,True,False,True,0,9774,0,negative,,,0.014778831502969434,0.94999999999999996,E1_RF,20260922,True,nested,"[""PN12-3.edf"", ""PN12-4.edf""]"
PN12,PN12-1.2.edf,275,265,275,215,275,True,True,False,True,0,9774,0,negative,,,0.014778831502969434,0.94999999999999996,E1_RF,20260922,True,nested,"[""PN12-3.edf"", ""PN12-4.edf""]"
PN12,PN12-1.2.edf,280,270,280,220,280,True,True,False,True,0,9774,0,negative,,,0.044383704640885063,0.94999999999999996,E1_RF,20260922,True,nested,"[""PN12-3.edf"", ""PN12-4.edf""]"
PN12,PN12-1.2.edf,285,275,285,225,285,True,True,False,True,0,9774,0,negative,,,0.011778142907175165,0.94999999999999996,E1_RF,20260922,True,nested,"[""PN12-3.edf"", ""PN12-4.edf""]"
PN12,PN12-1.2.edf,290,280,290,230,290,True,True,False,True,0,9774,0,negative,,,0.0085799447089769665,0.94999999999999996,E1_RF,20260922,True,nested,"[""PN12-3.edf"", ""PN12-4.edf""]"
PN12,PN12-1.2.edf,295,285,295,235,295,True,True,False,True,0,9774,0,negative,,,0,0.94999999999999996,E1_RF,20260922,True,nested,"[""PN12-3.edf"", ""PN12-4.edf""]"
PN12,PN12-1.2.edf,300,290,300,240,300,True,True,False,True,0,9774,0,negative,,,0.0025396825396825397,0.94999999999999996,E1_RF,20260922,True,nested,"[""PN12-3.edf"", ""PN12-4.edf""]"
PN12,PN12-1.2.edf,305,295,305,245,305,True,True,False,True,0,9774,0,negative,,,0,0.94999999999999996,E1_RF,20260922,True,nested,"[""PN12-3.edf"", ""PN12-4.edf""]"
PN12,PN12-1.2.edf,310,300,310,250,310,True,True,False,True,0,9774,0,negative,,,0,0.94999999999999996,E1_RF,20260922,True,nested,"[""PN12-3.edf"", ""PN12-4.edf""]"
PN12,PN12-1.2.edf,315,305,315,255,315,True,True,False,True,0,9774,0,negative,,,0.0029292929292929291,0.94999999999999996,E1_RF,20260922,True,nested,"[""PN12-3.edf"", ""PN12-4.edf""]"
PN12,PN12-1.2.edf,320,310,320,260,320,True,True,False,True,0,9774,0,negative,,,0,0.94999999999999996,E1_RF,20260922,True,nested,"[""PN12-3.edf"", ""PN12-4.edf""]"
PN12,PN12-1.2.edf,325,315,325,265,325,True,True,False,True,0,9774,0,negative,,,0,0.94999999999999996,E1_RF,20260922,True,nested,"[""PN12-3.edf"", ""PN12-4.edf""]"
PN12,PN12-1.2.edf,330,320,330,270,330,True,True,False,True,0,9774,0,negative,,,0,0.94999999999999996,E1_RF,20260922,True,nested,"[""PN12-3.edf"", ""PN12-4.edf""]"
PN12,PN12-1.2.edf,335,325,335,275,335,True,True,False,True,0,9774,0,negative,,,0,0.94999999999999996,E1_RF,20260922,True,nested,"[""PN12-3.edf"", ""PN12-4.edf""]"
PN12,PN12-1.2.edf,340,330,340,280,340,True,True,False,True,0,9774,0,negative,,,0,0.94999999999999996,E1_RF,20260922,True,nested,"[""PN12-3.edf"", ""PN12-4.edf""]"
PN12,PN12-1.2.edf,345,335,345,285,345,True,True,False,True,0,9774,0,negative,,,0.011888036008430403,0.94999999999999996,E1_RF,20260922,True,nested,"[""PN12-3.edf"", ""PN12-4.edf""]"
PN12,PN12-1.2.edf,350,340,350,290,350,True,True,False,True,0,9774,0,negative,,,0.01762245226212282,0.94999999999999996,E1_RF,20260922,True,nested,"[""PN12-3.edf"", ""PN12-4.edf""]"
PN12,PN12-1.2.edf,355,345,355,295,355,True,True,False,True,0,9774,0,negative,,,0.012295650806289103,0.94999999999999996,E1_RF,20260922,True,nested,"[""PN12-3.edf"", ""PN12-4.edf""]"
PN12,PN12-1.2.edf,360,350,360,300,360,True,True,False,True,0,9774,0,negative,,,0.014976341105373363,0.94999999999999996,E1_RF,20260922,True,nested,"[""PN12-3.edf"", ""PN12-4.edf""]"
PN12,PN12-1.2.edf,365,355,365,305,365,True,True,False,True,0,9774,0,negative,,,0.014685944325614883,0.94999999999999996,E1_RF,20260922,True,nested,"[""PN12-3.edf"", ""PN12-4.edf""]"
PN12,PN12-1.2.edf,370,360,370,310,370,True,True,False,True,0,9774,0,negative,,,0.014685944325614883,0.94999999999999996,E1_RF,20260922,True,nested,"[""PN12-3.edf"", ""PN12-4.edf""]"
PN12,PN12-1.2.edf,375,365,375,315,375,True,True,False,True,0,9774,0,negative,,,0.014685944325614883,0.94999999999999996,E1_RF,20260922,True,nested,"[""PN12-3.edf"", ""PN12-4.edf""]"
PN12,PN12-1.2.edf,380,370,380,320,380,True,True,False,True,0,9774,0,negative,,,0.0093041978148361119,0.94999999999999996,E1_RF,20260922,True,nested,"[""PN12-3.edf"", ""PN12-4.edf""]"
PN12,PN12-1.2.edf,385,375,385,325,385,True,True,False,True,0,9774,0,negative,,,0.0061059996166379143,0.94999999999999996,E1_RF,20260922,True,nested,"[""PN12-3.edf"", ""PN12-4.edf""]"
PN12,PN12-1.2.edf,390,380,390,330,390,True,True,False,True,0,9774,0,negative,,,0.0061059996166379143,0.94999999999999996,E1_RF,20260922,True,nested,"[""PN12-3.edf"", ""PN12-4.edf""]"
PN12,PN12-1.2.edf,395,385,395,335,395,True,True,False,True,0,9774,0,negative,,,0.014966803749555051,0.94999999999999996,E1_RF,20260922,True,nested,"[""PN12-3.edf"", ""PN12-4.edf""]"
PN12,PN12-1.2.edf,400,390,400,340,400,True,True,False,True,0,9774,0,negative,,,0.0030000000000000001,0.94999999999999996,E1_RF,20260922,True,nested,"[""PN12-3.edf"", ""PN12-4.edf""]"
PN12,PN12-1.2.edf,405,395,405,345,405,True,True,False,True,0,9774,0,negative,,,0.0029629629629629628,0.94999999999999996,E1_RF,20260922,True,nested,"[""PN12-3.edf"", ""PN12-4.edf""]"
PN12,PN12-1.2.edf,410,400,410,350,410,True,True,False,True,0,9774,0,negative,,,0.0029629629629629628,0.94999999999999996,E1_RF,20260922,True,nested,"[""PN12-3.edf"", ""PN12-4.edf""]"
PN12,PN12-1.2.edf,415,405,415,355,415,True,True,False,True,0,9774,0,negative,,,0,0.94999999999999996,E1_RF,20260922,True,nested,"[""PN12-3.edf"", ""PN12-4.edf""]"
PN12,PN12-1.2.edf,420,410,420,360,420,True,True,False,True,0,9774,0,negative,,,0,0.94999999999999996,E1_RF,20260922,True,nested,"[""PN12-3.edf"", ""PN12-4.edf""]"
PN12,PN12-1.2.edf,425,415,425,365,425,True,True,False,True,0,9774,0,negative,,,0,0.94999999999999996,E1_RF,20260922,True,nested,"[""PN12-3.edf"", ""PN12-4.edf""]"
PN12,PN12-1.2.edf,430,420,430,370,430,True,True,False,True,0,9774,0,negative,,,0,0.94999999999999996,E1_RF,20260922,True,nested,"[""PN12-3.edf"", ""PN12-4.edf""]"
PN12,PN12-1.2.edf,435,425,435,375,435,True,True,False,True,0,9774,0,negative,,,0,0.94999999999999996,E1_RF,20260922,True,nested,"[""PN12-3.edf"", ""PN12-4.edf""]"
PN12,PN12-1.2.edf,440,430,440,380,440,True,True,False,True,0,9774,0,negative,,,0,0.94999999999999996,E1_RF,20260922,True,nested,"[""PN12-3.edf"", ""PN12-4.edf""]"
PN12,PN12-1.2.edf,445,435,445,385,445,True,True,False,True,0,9774,0,negative,,,0,0.94999999999999996,E1_RF,20260922,True,nested,"[""PN12-3.edf"", ""PN12-4.edf""]"
PN12,PN12-1.2.edf,450,440,450,390,450,True,True,False,True,0,9774,0,negative,,,0.014976341105373363,0.94999999999999996,E1_RF,20260922,True,nested,"[""PN12-3.edf"", ""PN12-4.edf""]"
PN12,PN12-1.2.edf,455,445,455,395,455,True,True,False,True,0,9774,0,negative,,,0,0.94999999999999996,E1_RF,20260922,True,nested,"[""PN12-3.edf"", ""PN12-4.edf""]"
PN12,PN12-1.2.edf,460,450,460,400,460,True,True,False,True,0,9774,0,negative,,,0.0030000000000000001,0.94999999999999996,E1_RF,20260922,True,nested,"[""PN12-3.edf"", ""PN12-4.edf""]"
PN12,PN12-1.2.edf,465,455,465,405,465,True,True,False,True,0,9774,0,negative,,,0.012001577195287402,0.94999999999999996,E1_RF,20260922,True,nested,"[""PN12-3.edf"", ""PN12-4.edf""]"
PN12,PN12-1.2.edf,470,460,470,410,470,True,True,False,True,0,9774,0,negative,,,0.018388841171592476,0.94999999999999996,E1_RF,20260922,True,nested,"[""PN12-3.edf"", ""PN12-4.edf""]"
PN12,PN12-1.2.edf,475,465,475,415,475,True,True,False,True,0,9774,0,negative,,,0.011824967824967825,0.94999999999999996,E1_RF,20260922,True,nested,"[""PN12-3.edf"", ""PN12-4.edf""]"
PN12,PN12-1.2.edf,480,470,480,420,480,True,True,False,True,0,9774,0,negative,,,0.0084829310719721669,0.94999999999999996,E1_RF,20260922,True,nested,"[""PN12-3.edf"", ""PN12-4.edf""]"
PN12,PN12-1.2.edf,485,475,485,425,485,True,True,False,True,0,9774,0,negative,,,0,0.94999999999999996,E1_RF,20260922,True,nested,"[""PN12-3.edf"", ""PN12-4.edf""]"
PN12,PN12-1.2.edf,490,480,490,430,490,True,True,False,True,0,9774,0,negative,,,0.0030000000000000001,0.94999999999999996,E1_RF,20260922,True,nested,"[""PN12-3.edf"", ""PN12-4.edf""]"
PN12,PN12-1.2.edf,495,485,495,435,495,True,True,False,True,0,9774,0,negative,,,0,0.94999999999999996,E1_RF,20260922,True,nested,"[""PN12-3.edf"", ""PN12-4.edf""]"
PN12,PN12-1.2.edf,500,490,500,440,500,True,True,False,True,0,9774,0,negative,,,0.0031884057971014496,0.94999999999999996,E1_RF,20260922,True,nested,"[""PN12-3.edf"", ""PN12-4.edf""]"
PN12,PN12-1.2.edf,505,495,505,445,505,True,True,False,True,0,9774,0,negative,,,0.0031884057971014496,0.94999999999999996,E1_RF,20260922,True,nested,"[""PN12-3.edf"", ""PN12-4.edf""]"
PN12,PN12-1.2.edf,510,500,510,450,510,True,True,False,True,0,9774,0,negative,,,0,0.94999999999999996,E1_RF,20260922,True,nested,"[""PN12-3.edf"", ""PN12-4.edf""]"
PN12,PN12-1.2.edf,515,505,515,455,515,True,True,False,True,0,9774,0,negative,,,0.011876536200065612,0.94999999999999996,E1_RF,20260922,True,nested,"[""PN12-3.edf"", ""PN12-4.edf""]"
PN12,PN12-1.2.edf,520,510,520,460,520,True,True,False,True,0,9774,0,negative,,,0.0031884057971014496,0.94999999999999996,E1_RF,20260922,True,nested,"[""PN12-3.edf"", ""PN12-4.edf""]"
PN12,PN12-1.2.edf,525,515,525,465,525,True,True,False,True,0,9774,0,negative,,,0.0031884057971014496,0.94999999999999996,E1_RF,20260922,True,nested,"[""PN12-3.edf"", ""PN12-4.edf""]"
PN12,PN12-1.2.edf,530,520,530,470,530,True,True,False,True,0,9774,0,negative,,,0.0031884057971014496,0.94999999999999996,E1_RF,20260922,True,nested,"[""PN12-3.edf"", ""PN12-4.edf""]"
PN12,PN12-1.2.edf,535,525,535,475,535,True,True,False,True,0,9774,0,negative,,,0,0.94999999999999996,E1_RF,20260922,True,nested,"[""PN12-3.edf"", ""PN12-4.edf""]"
PN12,PN12-1.2.edf,540,530,540,480,540,True,True,False,True,0,9774,0,negative,,,0,0.94999999999999996,E1_RF,20260922,True,nested,"[""PN12-3.edf"", ""PN12-4.edf""]"
PN12,PN12-1.2.edf,545,535,545,485,545,True,True,False,True,0,9774,0,negative,,,0,0.94999999999999996,E1_RF,20260922,True,nested,"[""PN12-3.edf"", ""PN12-4.edf""]"
PN12,PN12-1.2.edf,550,540,550,490,550,True,True,False,True,0,9774,0,negative,,,0,0.94999999999999996,E1_RF,20260922,True,nested,"[""PN12-3.edf"", ""PN12-4.edf""]"
PN12,PN12-1.2.edf,555,545,555,495,555,True,True,False,True,0,9774,0,negative,,,0,0.94999999999999996,E1_RF,20260922,True,nested,"[""PN12-3.edf"", ""PN12-4.edf""]"
PN12,PN12-1.2.edf,560,550,560,500,560,True,True,False,True,0,9774,0,negative,,,0,0.94999999999999996,E1_RF,20260922,True,nested,"[""PN12-3.edf"", ""PN12-4.edf""]"
PN12,PN12-1.2.edf,565,555,565,505,565,True,True,False,True,0,9774,0,negative,,,0.0054920634920634917,0.94999999999999996,E1_RF,20260922,True,nested,"[""PN12-3.edf"", ""PN12-4.edf""]"
PN12,PN12-1.2.edf,570,560,570,510,570,True,True,False,True,0,9774,0,negative,,,0,0.94999999999999996,E1_RF,20260922,True,nested,"[""PN12-3.edf"", ""PN12-4.edf""]"
PN12,PN12-1.2.edf,575,565,575,515,575,True,True,False,True,0,9774,0,negative,,,0,0.94999999999999996,E1_RF,20260922,True,nested,"[""PN12-3.edf"", ""PN12-4.edf""]"
PN12,PN12-1.2.edf,580,570,580,520,580,True,True,False,True,0,9774,0,negative,,,0,0.94999999999999996,E1_RF,20260922,True,nested,"[""PN12-3.edf"", ""PN12-4.edf""]"
PN12,PN12-1.2.edf,585,575,585,525,585,True,True,False,True,0,9774,0,negative,,,0.0054920634920634917,0.94999999999999996,E1_RF,20260922,True,nested,"[""PN12-3.edf"", ""PN12-4.edf""]"
PN12,PN12-1.2.edf,590,580,590,530,590,True,True,False,True,0,9774,0,negative,,,0,0.94999999999999996,E1_RF,20260922,True,nested,"[""PN12-3.edf"", ""PN12-4.edf""]"
PN12,PN12-1.2.edf,595,585,595,535,595,True,True,False,True,0,9774,0,negative,,,0,0.94999999999999996,E1_RF,20260922,True,nested,"[""PN12-3.edf"", ""PN12-4.edf""]"
PN12,PN12-1.2.edf,600,590,600,540,600,True,True,False,True,0,9774,0,negative,,,0.0054920634920634917,0.94999999999999996,E1_RF,20260922,True,nested,"[""PN12-3.edf"", ""PN12-4.edf""]"
PN12,PN12-1.2.edf,605,595,605,545,605,True,True,False,True,0,9774,0,negative,,,0,0.94999999999999996,E1_RF,20260922,True,nested,"[""PN12-3.edf"", ""PN12-4.edf""]"
PN12,PN12-1.2.edf,610,600,610,550,610,True,True,False,True,0,9774,0,negative,,,0,0.94999999999999996,E1_RF,20260922,True,nested,"[""PN12-3.edf"", ""PN12-4.edf""]"
PN12,PN12-1.2.edf,615,605,615,555,615,True,True,False,True,0,9774,0,negative,,,0.011778142907175165,0.94999999999999996,E1_RF,20260922,True,nested,"[""PN12-3.edf"", ""PN12-4.edf""]"
PN12,PN12-1.2.edf,620,610,620,560,620,True,True,False,True,0,9774,0,negative,,,0.032912904643783811,0.94999999999999996,E1_RF,20260922,True,nested,"[""PN12-3.edf"", ""PN12-4.edf""]"
PN12,PN12-1.2.edf,625,615,625,565,625,True,True,False,True,0,9774,0,negative,,,0.0085799447089769665,0.94999999999999996,E1_RF,20260922,True,nested,"[""PN12-3.edf"", ""PN12-4.edf""]"
PN12,PN12-1.2.edf,630,620,630,570,630,True,True,False,True,0,9774,0,negative,,,0.011778142907175165,0.94999999999999996,E1_RF,20260922,True,nested,"[""PN12-3.edf"", ""PN12-4.edf""]"
PN12,PN12-1.2.edf,635,625,635,575,635,True,True,False,True,0,9774,0,negative,,,0.0031981981981981981,0.94999999999999996,E1_RF,20260922,True,nested,"[""PN12-3.edf"", ""PN12-4.edf""]"
PN12,PN12-1.2.edf,640,630,640,580,640,True,True,False,True,0,9774,0,negative,,,0.005926829268292683,0.94999999999999996,E1_RF,20260922,True,nested,"[""PN12-3.edf"", ""PN12-4.edf""]"
PN12,PN12-1.2.edf,645,635,645,585,645,True,True,False,True,0,9774,0,negative,,,0.15193477874271941,0.94999999999999996,E1_RF,20260922,True,nested,"[""PN12-3.edf"", ""PN12-4.edf""]"
PN12,PN12-1.2.edf,650,640,650,590,650,True,True,False,True,0,9774,0,negative,,,0.0085799447089769665,0.94999999999999996,E1_RF,20260922,True,nested,"[""PN12-3.edf"", ""PN12-4.edf""]"
PN12,PN12-1.2.edf,655,645,655,595,655,True,True,False,True,0,9774,0,negative,,,0,0.94999999999999996,E1_RF,20260922,True,nested,"[""PN12-3.edf"", ""PN12-4.edf""]"
PN12,PN12-1.2.edf,660,650,660,600,660,True,True,False,True,0,9774,0,negative,,,0.0085799447089769665,0.94999999999999996,E1_RF,20260922,True,nested,"[""PN12-3.edf"", ""PN12-4.edf""]"
PN12,PN12-1.2.edf,665,655,665,605,665,True,True,False,True,0,9774,0,negative,,,0.0085799447089769665,0.94999999999999996,E1_RF,20260922,True,nested,"[""PN12-3.edf"", ""PN12-4.edf""]"
PN12,PN12-1.2.edf,670,660,670,610,670,True,True,False,True,0,9774,0,negative,,,0.0085799447089769665,0.94999999999999996,E1_RF,20260922,True,nested,"[""PN12-3.edf"", ""PN12-4.edf""]"
PN12,PN12-1.2.edf,675,665,675,615,675,True,True,False,True,0,9774,0,negative,,,0,0.94999999999999996,E1_RF,20260922,True,nested,"[""PN12-3.edf"", ""PN12-4.edf""]"
PN12,PN12-1.2.edf,680,670,680,620,680,True,True,False,True,0,9774,0,negative,,,0.0025396825396825397,0.94999999999999996,E1_RF,20260922,True,nested,"[""PN12-3.edf"", ""PN12-4.edf""]"
PN12,PN12-1.2.edf,685,675,685,625,685,True,True,False,True,0,9774,0,negative,,,0.0058730158730158728,0.94999999999999996,E1_RF,20260922,True,nested,"[""PN12-3.edf"", ""PN12-4.edf""]"
PN12,PN12-1.2.edf,690,680,690,630,690,True,True,False,True,0,9774,0,negative,,,0.027692577158521428,0.94999999999999996,E1_RF,20260922,True,nested,"[""PN12-3.edf"", ""PN12-4.edf""]"
PN12,PN12-1.2.edf,695,685,695,635,695,True,True,False,True,0,9774,0,negative,,,0.011522126522126521,0.94999999999999996,E1_RF,20260922,True,nested,"[""PN12-3.edf"", ""PN12-4.edf""]"
PN12,PN12-1.2.edf,700,690,700,640,700,True,True,False,True,0,9774,0,negative,,,0.011986038710176642,0.94999999999999996,E1_RF,20260922,True,nested,"[""PN12-3.edf"", ""PN12-4.edf""]"
PN12,PN12-1.2.edf,705,695,705,645,705,True,True,False,True,0,9774,0,negative,,,0,0.94999999999999996,E1_RF,20260922,True,nested,"[""PN12-3.edf"", ""PN12-4.edf""]"
PN12,PN12-1.2.edf,710,700,710,650,710,True,True,False,True,0,9774,0,negative,,,0,0.94999999999999996,E1_RF,20260922,True,nested,"[""PN12-3.edf"", ""PN12-4.edf""]"
PN12,PN12-1.2.edf,715,705,715,655,715,True,True,False,True,0,9774,0,negative,,,0.0085799447089769665,0.94999999999999996,E1_RF,20260922,True,nested,"[""PN12-3.edf"", ""PN12-4.edf""]"
PN12,PN12-1.2.edf,720,710,720,660,720,True,True,False,True,0,9774,0,negative,,,0.0085799447089769665,0.94999999999999996,E1_RF,20260922,True,nested,"[""PN12-3.edf"", ""PN12-4.edf""]"
PN12,PN12-1.2.edf,725,715,725,665,725,True,True,False,True,0,9774,0,negative,,,0,0.94999999999999996,E1_RF,20260922,True,nested,"[""PN12-3.edf"", ""PN12-4.edf""]"
PN12,PN12-1.2.edf,730,720,730,670,730,True,True,False,True,0,9774,0,negative,,,0.0031981981981981981,0.94999999999999996,E1_RF,20260922,True,nested,"[""PN12-3.edf"", ""PN12-4.edf""]"
PN12,PN12-1.2.edf,735,725,735,675,735,True,True,False,True,0,9774,0,negative,,,0.0057378807378807373,0.94999999999999996,E1_RF,20260922,True,nested,"[""PN12-3.edf"", ""PN12-4.edf""]"
PN12,PN12-1.2.edf,740,730,740,680,740,True,True,False,True,0,9774,0,negative,,,0.014474507474507474,0.94999999999999996,E1_RF,20260922,True,nested,"[""PN12-3.edf"", ""PN12-4.edf""]"
PN12,PN12-1.2.edf,745,735,745,685,745,True,True,False,True,0,9774,0,negative,,,0.011294128213127617,0.94999999999999996,E1_RF,20260922,True,nested,"[""PN12-3.edf"", ""PN12-4.edf""]"
PN12,PN12-1.2.edf,750,740,750,690,750,True,True,False,True,0,9774,0,negative,,,0.0085689309661912405,0.94999999999999996,E1_RF,20260922,True,nested,"[""PN12-3.edf"", ""PN12-4.edf""]"
PN12,PN12-1.2.edf,755,745,755,695,755,True,True,False,True,0,9774,0,negative,,,0.0057378807378807373,0.94999999999999996,E1_RF,20260922,True,nested,"[""PN12-3.edf"", ""PN12-4.edf""]"
PN12,PN12-1.2.edf,760,750,760,700,760,True,True,False,True,0,9774,0,negative,,,0.011522126522126521,0.94999999999999996,E1_RF,20260922,True,nested,"[""PN12-3.edf"", ""PN12-4.edf""]"
PN12,PN12-1.2.edf,765,755,765,705,765,True,True,False,True,0,9774,0,negative,,,0.017574530427700619,0.94999999999999996,E1_RF,20260922,True,nested,"[""PN12-3.edf"", ""PN12-4.edf""]"
PN12,PN12-1.2.edf,770,760,770,710,770,True,True,False,True,0,9774,0,negative,,,0.024823156013238219,0.94999999999999996,E1_RF,20260922,True,nested,"[""PN12-3.edf"", ""PN12-4.edf""]"
PN12,PN12-1.2.edf,775,765,775,715,775,True,True,False,True,0,9774,0,negative,,,0.011778142907175165,0.94999999999999996,E1_RF,20260922,True,nested,"[""PN12-3.edf"", ""PN12-4.edf""]"
PN12,PN12-1.2.edf,780,770,780,720,780,True,True,False,True,0,9774,0,negative,,,0.0057745098039215688,0.94999999999999996,E1_RF,20260922,True,nested,"[""PN12-3.edf"", ""PN12-4.edf""]"
PN12,PN12-1.2.edf,785,775,785,725,785,True,True,False,True,0,9774,0,negative,,,0,0.94999999999999996,E1_RF,20260922,True,nested,"[""PN12-3.edf"", ""PN12-4.edf""]"
PN12,PN12-1.2.edf,790,780,790,730,790,True,True,False,True,0,9774,0,negative,,,0,0.94999999999999996,E1_RF,20260922,True,nested,"[""PN12-3.edf"", ""PN12-4.edf""]"
PN12,PN12-1.2.edf,795,785,795,735,795,True,True,False,True,0,9774,0,negative,,,0,0.94999999999999996,E1_RF,20260922,True,nested,"[""PN12-3.edf"", ""PN12-4.edf""]"
PN12,PN12-1.2.edf,800,790,800,740,800,True,True,False,True,0,9774,0,negative,,,0.014406750056344378,0.94999999999999996,E1_RF,20260922,True,nested,"[""PN12-3.edf"", ""PN12-4.edf""]"
PN12,PN12-1.2.edf,805,795,805,745,805,True,True,False,True,0,9774,0,negative,,,0.0085799447089769665,0.94999999999999996,E1_RF,20260922,True,nested,"[""PN12-3.edf"", ""PN12-4.edf""]"
PN12,PN12-1.2.edf,810,800,810,750,810,True,True,False,True,0,9774,0,negative,,,0.0085799447089769665,0.94999999999999996,E1_RF,20260922,True,nested,"[""PN12-3.edf"", ""PN12-4.edf""]"
PN12,PN12-1.2.edf,815,805,815,755,815,True,True,False,True,0,9774,0,negative,,,0.035551816260203616,0.94999999999999996,E1_RF,20260922,True,nested,"[""PN12-3.edf"", ""PN12-4.edf""]"
PN12,PN12-1.2.edf,820,810,820,760,820,True,True,False,True,0,9774,0,negative,,,0.14127962731500804,0.94999999999999996,E1_RF,20260922,True,nested,"[""PN12-3.edf"", ""PN12-4.edf""]"
PN12,PN12-1.2.edf,825,815,825,765,825,True,True,False,True,0,9774,0,negative,,,0.0029268292682926829,0.94999999999999996,E1_RF,20260922,True,nested,"[""PN12-3.edf"", ""PN12-4.edf""]"
PN12,PN12-1.2.edf,830,820,830,770,830,True,True,False,True,0,9774,0,negative,,,0.011778142907175165,0.94999999999999996,E1_RF,20260922,True,nested,"[""PN12-3.edf"", ""PN12-4.edf""]"
PN12,PN12-1.2.edf,835,825,835,775,835,True,True,False,True,0,9774,0,negative,,,0.011778142907175165,0.94999999999999996,E1_RF,20260922,True,nested,"[""PN12-3.edf"", ""PN12-4.edf""]"
PN12,PN12-1.2.edf,840,830,840,780,840,True,True,False,True,0,9774,0,negative,,,0.0085799447089769665,0.94999999999999996,E1_RF,20260922,True,nested,"[""PN12-3.edf"", ""PN12-4.edf""]"
PN12,PN12-1.2.edf,845,835,845,785,845,True,True,False,True,0,9774,0,negative,,,0,0.94999999999999996,E1_RF,20260922,True,nested,"[""PN12-3.edf"", ""PN12-4.edf""]"
PN12,PN12-1.2.edf,850,840,850,790,850,True,True,False,True,0,9774,0,negative,,,0.0028888888888888892,0.94999999999999996,E1_RF,20260922,True,nested,"[""PN12-3.edf"", ""PN12-4.edf""]"
PN12,PN12-1.2.edf,855,845,855,795,855,True,True,False,True,0,9774,0,negative,,,0.01155095920173059,0.94999999999999996,E1_RF,20260922,True,nested,"[""PN12-3.edf"", ""PN12-4.edf""]"
PN12,PN12-1.2.edf,860,850,860,800,860,True,True,False,True,0,9774,0,negative,,,0.014389777510652688,0.94999999999999996,E1_RF,20260922,True,nested,"[""PN12-3.edf"", ""PN12-4.edf""]"
PN12,PN12-1.2.edf,865,855,865,805,865,True,True,False,True,0,9774,0,negative,,,0.0058978437610463057,0.94999999999999996,E1_RF,20260922,True,nested,"[""PN12-3.edf"", ""PN12-4.edf""]"
PN12,PN12-1.2.edf,870,860,870,810,870,True,True,False,True,0,9774,0,negative,,,0.012245046056598673,0.94999999999999996,E1_RF,20260922,True,nested,"[""PN12-3.edf"", ""PN12-4.edf""]"
PN12,PN12-1.2.edf,875,865,875,815,875,True,True,False,True,0,9774,0,negative,,,0.033163820637137964,0.94999999999999996,E1_RF,20260922,True,nested,"[""PN12-3.edf"", ""PN12-4.edf""]"
PN12,PN12-1.2.edf,880,870,880,820,880,True,True,False,True,0,9774,0,negative,,,0.060887007338640636,0.94999999999999996,E1_RF,20260922,True,nested,"[""PN12-3.edf"", ""PN12-4.edf""]"
PN12,PN12-1.2.edf,885,875,885,825,885,True,True,False,True,0,9774,0,negative,,,0.24148546509386554,0.94999999999999996,E1_RF,20260922,True,nested,"[""PN12-3.edf"", ""PN12-4.edf""]"
PN12,PN12-1.2.edf,890,880,890,830,890,True,True,False,True,0,9774,0,negative,,,0.027161332446740214,0.94999999999999996,E1_RF,20260922,True,nested,"[""PN12-3.edf"", ""PN12-4.edf""]"
PN12,PN12-1.2.edf,895,885,895,835,895,True,True,False,True,0,9774,0,negative,,,0.093590892616470869,0.94999999999999996,E1_RF,20260922,True,nested,"[""PN12-3.edf"", ""PN12-4.edf""]"
PN12,PN12-1.2.edf,900,890,900,840,900,True,True,False,True,0,9774,0,negative,,,0.052267751425625751,0.94999999999999996,E1_RF,20260922,True,nested,"[""PN12-3.edf"", ""PN12-4.edf""]"
PN12,PN12-1.2.edf,905,895,905,845,905,True,True,False,True,0,9774,0,negative,,,0.092479330921283562,0.94999999999999996,E1_RF,20260922,True,nested,"[""PN12-3.edf"", ""PN12-4.edf""]"
PN12,PN12-1.2.edf,910,900,910,850,910,True,True,False,True,0,9774,0,negative,,,0.31779933207228944,0.94999999999999996,E1_RF,20260922,True,nested,"[""PN12-3.edf"", ""PN12-4.edf""]"
PN12,PN12-1.2.edf,915,905,915,855,915,True,True,False,True,0,9774,0,negative,,,0.067079458850912654,0.94999999999999996,E1_RF,20260922,True,nested,"[""PN12-3.edf"", ""PN12-4.edf""]"
PN12,PN12-1.2.edf,920,910,920,860,920,True,True,False,True,0,9774,0,negative,,,0.32112634236761206,0.94999999999999996,E1_RF,20260922,True,nested,"[""PN12-3.edf"", ""PN12-4.edf""]"
PN12,PN12-1.2.edf,925,915,925,865,925,True,True,False,True,0,9774,0,negative,,,0.12033181356729152,0.94999999999999996,E1_RF,20260922,True,nested,"[""PN12-3.edf"", ""PN12-4.edf""]"
PN12,PN12-1.2.edf,930,920,930,870,930,True,True,False,True,0,9774,0,negative,,,0.21280337387879208,0.94999999999999996,E1_RF,20260922,True,nested,"[""PN12-3.edf"", ""PN12-4.edf""]"
PN12,PN12-1.2.edf,935,925,935,875,935,True,True,False,True,0,9774,0,negative,,,0.34532325600693281,0.94999999999999996,E1_RF,20260922,True,nested,"[""PN12-3.edf"", ""PN12-4.edf""]"
PN12,PN12-1.2.edf,940,930,940,880,940,True,True,False,True,0,9774,0,negative,,,0.07116201542737767,0.94999999999999996,E1_RF,20260922,True,nested,"[""PN12-3.edf"", ""PN12-4.edf""]"
PN12,PN12-1.2.edf,945,935,945,885,945,True,True,False,True,0,9774,0,negative,,,0.051797139776453109,0.94999999999999996,E1_RF,20260922,True,nested,"[""PN12-3.edf"", ""PN12-4.edf""]"
PN12,PN12-1.2.edf,950,940,950,890,950,True,True,False,True,0,9774,0,negative,,,0.35080140662035364,0.94999999999999996,E1_RF,20260922,True,nested,"[""PN12-3.edf"", ""PN12-4.edf""]"
PN12,PN12-1.2.edf,955,945,955,895,955,True,True,False,True,0,9774,0,negative,,,0.37394818722012729,0.94999999999999996,E1_RF,20260922,True,nested,"[""PN12-3.edf"", ""PN12-4.edf""]"
PN12,PN12-1.2.edf,960,950,960,900,960,True,True,False,True,0,9774,0,negative,,,0.20678343473689131,0.94999999999999996,E1_RF,20260922,True,nested,"[""PN12-3.edf"", ""PN12-4.edf""]"
PN12,PN12-1.2.edf,965,955,965,905,965,True,True,False,True,0,9774,0,negative,,,0.35173388231752767,0.94999999999999996,E1_RF,20260922,True,nested,"[""PN12-3.edf"", ""PN12-4.edf""]"
PN12,PN12-1.2.edf,970,960,970,910,970,True,True,False,True,0,9774,0,negative,,,0.052074397640752078,0.94999999999999996,E1_RF,20260922,True,nested,"[""PN12-3.edf"", ""PN12-4.edf""]"
PN12,PN12-1.2.edf,975,965,975,915,975,True,True,False,True,0,9774,0,negative,,,0.0028828828828828829,0.94999999999999996,E1_RF,20260922,True,nested,"[""PN12-3.edf"", ""PN12-4.edf""]"
PN12,PN12-1.2.edf,980,970,980,920,980,True,True,False,True,0,9774,0,negative,,,0.28222931230528081,0.94999999999999996,E1_RF,20260922,True,nested,"[""PN12-3.edf"", ""PN12-4.edf""]"
PN12,PN12-1.2.edf,985,975,985,925,985,True,True,False,True,0,9774,0,negative,,,0.12604949501097829,0.94999999999999996,E1_RF,20260922,True,nested,"[""PN12-3.edf"", ""PN12-4.edf""]"
PN12,PN12-1.2.edf,990,980,990,930,990,True,True,False,True,0,9774,0,negative,,,0.29769717132217288,0.94999999999999996,E1_RF,20260922,True,nested,"[""PN12-3.edf"", ""PN12-4.edf""]"
PN12,PN12-1.2.edf,995,985,995,935,995,True,True,False,True,0,9774,0,negative,,,0.34740806858988277,0.94999999999999996,E1_RF,20260922,True,nested,"[""PN12-3.edf"", ""PN12-4.edf""]"
PN12,PN12-1.2.edf,1000,990,1000,940,1000,True,True,False,True,0,9774,0,negative,,,0.34766518821143666,0.94999999999999996,E1_RF,20260922,True,nested,"[""PN12-3.edf"", ""PN12-4.edf""]"
PN12,PN12-1.2.edf,1005,995,1005,945,1005,True,True,False,True,0,9774,0,negative,,,0.30595940265446742,0.94999999999999996,E1_RF,20260922,True,nested,"[""PN12-3.edf"", ""PN12-4.edf""]"
PN12,PN12-1.2.edf,1010,1000,1010,950,1010,True,True,False,True,0,9774,0,negative,,,0.35737092570878526,0.94999999999999996,E1_RF,20260922,True,nested,"[""PN12-3.edf"", ""PN12-4.edf""]"
PN12,PN12-1.2.edf,1015,1005,1015,955,1015,True,True,False,False,0,9774,-1,ignore,,,0.069335185797217189,0.94999999999999996,E1_RF,20260922,True,nested,"[""PN12-3.edf"", ""PN12-4.edf""]"
PN12,PN12-1.2.edf,1020,1010,1020,960,1020,True,True,False,False,0,9774,-1,ignore,,,0,0.94999999999999996,E1_RF,20260922,True,nested,"[""PN12-3.edf"", ""PN12-4.edf""]"
PN12,PN12-1.2.edf,1025,1015,1025,965,1025,True,True,False,False,0,9774,-1,ignore,,,0,0.94999999999999996,E1_RF,20260922,True,nested,"[""PN12-3.edf"", ""PN12-4.edf""]"
PN12,PN12-1.2.edf,1030,1020,1030,970,1030,True,True,False,False,0,9774,-1,ignore,,,0,0.94999999999999996,E1_RF,20260922,True,nested,"[""PN12-3.edf"", ""PN12-4.edf""]"
PN12,PN12-1.2.edf,1035,1025,1035,975,1035,True,True,False,False,0,9774,-1,ignore,,,0,0.94999999999999996,E1_RF,20260922,True,nested,"[""PN12-3.edf"", ""PN12-4.edf""]"
PN12,PN12-1.2.edf,1040,1030,1040,980,1040,True,True,False,False,0,9774,-1,ignore,,,0,0.94999999999999996,E1_RF,20260922,True,nested,"[""PN12-3.edf"", ""PN12-4.edf""]"
PN12,PN12-1.2.edf,1045,1035,1045,985,1045,True,True,False,False,0,9774,-1,ignore,,,0.0084087301587301589,0.94999999999999996,E1_RF,20260922,True,nested,"[""PN12-3.edf"", ""PN12-4.edf""]"
PN12,PN12-1.2.edf,1050,1040,1050,990,1050,True,True,False,False,0,9774,-1,ignore,,,0,0.94999999999999996,E1_RF,20260922,True,nested,"[""PN12-3.edf"", ""PN12-4.edf""]"
PN12,PN12-1.2.edf,1055,1045,1055,995,1055,True,True,False,False,0,9774,-1,ignore,,,0,0.94999999999999996,E1_RF,20260922,True,nested,"[""PN12-3.edf"", ""PN12-4.edf""]"
PN12,PN12-1.2.edf,1060,1050,1060,1000,1060,True,True,False,False,0,9774,-1,ignore,,,0,0.94999999999999996,E1_RF,20260922,True,nested,"[""PN12-3.edf"", ""PN12-4.edf""]"
PN12,PN12-1.2.edf,1065,1055,1065,1005,1065,True,True,False,False,0,9774,-1,ignore,,,0,0.94999999999999996,E1_RF,20260922,True,nested,"[""PN12-3.edf"", ""PN12-4.edf""]"
PN12,PN12-1.2.edf,1070,1060,1070,1010,1070,True,True,False,False,0,9774,-1,ignore,,,0,0.94999999999999996,E1_RF,20260922,True,nested,"[""PN12-3.edf"", ""PN12-4.edf""]"
PN12,PN12-1.2.edf,1075,1065,1075,1015,1075,True,True,False,False,0,9774,-1,ignore,,,0.0031152647975077881,0.94999999999999996,E1_RF,20260922,True,nested,"[""PN12-3.edf"", ""PN12-4.edf""]"
PN12,PN12-1.2.edf,1080,1070,1080,1020,1080,True,True,False,False,0,9774,-1,ignore,,,0.012055219385010942,0.94999999999999996,E1_RF,20260922,True,nested,"[""PN12-3.edf"", ""PN12-4.edf""]"
PN12,PN12-1.2.edf,1085,1075,1085,1025,1085,True,True,False,False,0,9774,-1,ignore,,,0.0027536231884057972,0.94999999999999996,E1_RF,20260922,True,nested,"[""PN12-3.edf"", ""PN12-4.edf""]"
PN12,PN12-1.2.edf,1090,1080,1090,1030,1090,True,True,False,False,0,9774,-1,ignore,,,0.015227522122531069,0.94999999999999996,E1_RF,20260922,True,nested,"[""PN12-3.edf"", ""PN12-4.edf""]"
PN12,PN12-1.2.edf,1095,1085,1095,1035,1095,True,True,False,False,0,9774,-1,ignore,,,0.0061708203530633438,0.94999999999999996,E1_RF,20260922,True,nested,"[""PN12-3.edf"", ""PN12-4.edf""]"
PN12,PN12-1.2.edf,1100,1090,1100,1040,1100,True,True,False,False,0,9774,-1,ignore,,,0,0.94999999999999996,E1_RF,20260922,True,nested,"[""PN12-3.edf"", ""PN12-4.edf""]"
PN12,PN12-1.2.edf,1105,1095,1105,1045,1105,True,True,False,False,0,9774,-1,ignore,,,0,0.94999999999999996,E1_RF,20260922,True,nested,"[""PN12-3.edf"", ""PN12-4.edf""]"
PN12,PN12-1.2.edf,1110,1100,1110,1050,1110,True,True,False,False,0,9774,-1,ignore,,,0,0.94999999999999996,E1_RF,20260922,True,nested,"[""PN12-3.edf"", ""PN12-4.edf""]"
PN12,PN12-1.2.edf,1115,1105,1115,1055,1115,True,True,False,False,0,9774,-1,ignore,,,0,0.94999999999999996,E1_RF,20260922,True,nested,"[""PN12-3.edf"", ""PN12-4.edf""]"
PN12,PN12-1.2.edf,1120,1110,1120,1060,1120,True,True,False,False,0,9774,-1,ignore,,,0,0.94999999999999996,E1_RF,20260922,True,nested,"[""PN12-3.edf"", ""PN12-4.edf""]"
PN12,PN12-1.2.edf,1125,1115,1125,1065,1125,True,True,False,False,0,9774,-1,ignore,,,0,0.94999999999999996,E1_RF,20260922,True,nested,"[""PN12-3.edf"", ""PN12-4.edf""]"
PN12,PN12-1.2.edf,1130,1120,1130,1070,1130,True,True,False,False,0,9774,-1,ignore,,,0,0.94999999999999996,E1_RF,20260922,True,nested,"[""PN12-3.edf"", ""PN12-4.edf""]"
PN12,PN12-1.2.edf,1135,1125,1135,1075,1135,True,True,False,False,0,9774,-1,ignore,,,0.0030555555555555553,0.94999999999999996,E1_RF,20260922,True,nested,"[""PN12-3.edf"", ""PN12-4.edf""]"
PN12,PN12-1.2.edf,1140,1130,1140,1080,1140,True,True,False,False,0,9774,-1,ignore,,,0.0060263987391646961,0.94999999999999996,E1_RF,20260922,True,nested,"[""PN12-3.edf"", ""PN12-4.edf""]"
PN12,PN12-1.2.edf,1145,1135,1145,1085,1145,True,True,False,False,0,9774,-1,ignore,,,0,0.94999999999999996,E1_RF,20260922,True,nested,"[""PN12-3.edf"", ""PN12-4.edf""]"
PN12,PN12-1.2.edf,1150,1140,1150,1090,1150,True,True,False,False,0,9774,-1,ignore,,,0,0.94999999999999996,E1_RF,20260922,True,nested,"[""PN12-3.edf"", ""PN12-4.edf""]"
PN12,PN12-1.2.edf,1155,1145,1155,1095,1155,True,True,False,False,0,9774,-1,ignore,,,0,0.94999999999999996,E1_RF,20260922,True,nested,"[""PN12-3.edf"", ""PN12-4.edf""]"
PN12,PN12-1.2.edf,1160,1150,1160,1100,1160,True,True,False,False,0,9774,-1,ignore,,,0,0.94999999999999996,E1_RF,20260922,True,nested,"[""PN12-3.edf"", ""PN12-4.edf""]"
PN12,PN12-1.2.edf,1165,1155,1165,1105,1165,True,True,False,False,0,9774,-1,ignore,,,0,0.94999999999999996,E1_RF,20260922,True,nested,"[""PN12-3.edf"", ""PN12-4.edf""]"
PN12,PN12-1.2.edf,1170,1160,1170,1110,1170,True,True,False,False,0,9774,-1,ignore,,,0.0054920634920634917,0.94999999999999996,E1_RF,20260922,True,nested,"[""PN12-3.edf"", ""PN12-4.edf""]"
PN12,PN12-1.2.edf,1175,1165,1175,1115,1175,True,True,False,False,0,9774,-1,ignore,,,0,0.94999999999999996,E1_RF,20260922,True,nested,"[""PN12-3.edf"", ""PN12-4.edf""]"
PN12,PN12-1.2.edf,1180,1170,1180,1120,1180,True,True,False,False,0,9774,-1,ignore,,,0,0.94999999999999996,E1_RF,20260922,True,nested,"[""PN12-3.edf"", ""PN12-4.edf""]"
PN12,PN12-1.2.edf,1185,1175,1185,1125,1185,True,True,False,False,0,9774,-1,ignore,,,0,0.94999999999999996,E1_RF,20260922,True,nested,"[""PN12-3.edf"", ""PN12-4.edf""]"
PN12,PN12-1.2.edf,1190,1180,1190,1130,1190,True,True,False,False,0,9774,-1,ignore,,,0,0.94999999999999996,E1_RF,20260922,True,nested,"[""PN12-3.edf"", ""PN12-4.edf""]"
PN12,PN12-1.2.edf,1195,1185,1195,1135,1195,True,True,False,False,0,9774,-1,ignore,,,0.0085799447089769665,0.94999999999999996,E1_RF,20260922,True,nested,"[""PN12-3.edf"", ""PN12-4.edf""]"
PN12,PN12-1.2.edf,1200,1190,1200,1140,1200,True,True,False,False,0,9774,-1,ignore,,,0.091210258697782265,0.94999999999999996,E1_RF,20260922,True,nested,"[""PN12-3.edf"", ""PN12-4.edf""]"
PN12,PN12-1.2.edf,1205,1195,1205,1145,1205,True,True,False,False,0,9774,-1,ignore,,,0.011588074790277781,0.94999999999999996,E1_RF,20260922,True,nested,"[""PN12-3.edf"", ""PN12-4.edf""]"
PN12,PN12-1.2.edf,1210,1200,1210,1150,1210,True,True,False,False,0,9774,-1,ignore,,,0.011778142907175165,0.94999999999999996,E1_RF,20260922,True,nested,"[""PN12-3.edf"", ""PN12-4.edf""]"
PN12,PN12-1.2.edf,1215,1205,1215,1155,1215,True,True,False,False,0,9774,-1,ignore,,,0.046086522211817305,0.94999999999999996,E1_RF,20260922,True,nested,"[""PN12-3.edf"", ""PN12-4.edf""]"
PN12,PN12-1.2.edf,1220,1210,1220,1160,1220,True,True,False,False,0,9774,-1,ignore,,,0.0085799447089769665,0.94999999999999996,E1_RF,20260922,True,nested,"[""PN12-3.edf"", ""PN12-4.edf""]"
PN12,PN12-1.2.edf,1225,1215,1225,1165,1225,True,True,False,False,0,9774,-1,ignore,,,0.0085799447089769665,0.94999999999999996,E1_RF,20260922,True,nested,"[""PN12-3.edf"", ""PN12-4.edf""]"
PN12,PN12-1.2.edf,1230,1220,1230,1170,1230,True,True,False,False,0,9774,-1,ignore,,,0.020425056237015324,0.94999999999999996,E1_RF,20260922,True,nested,"[""PN12-3.edf"", ""PN12-4.edf""]"
PN12,PN12-1.2.edf,1235,1225,1235,1175,1235,True,True,False,False,0,9774,-1,ignore,,,0,0.94999999999999996,E1_RF,20260922,True,nested,"[""PN12-3.edf"", ""PN12-4.edf""]"
PN12,PN12-1.2.edf,1240,1230,1240,1180,1240,True,True,False,False,0,9774,-1,ignore,,,0.0057781550650820605,0.94999999999999996,E1_RF,20260922,True,nested,"[""PN12-3.edf"", ""PN12-4.edf""]"
PN12,PN12-1.2.edf,1245,1235,1245,1185,1245,True,True,False,False,0,9774,-1,ignore,,,0.017467545625440364,0.94999999999999996,E1_RF,20260922,True,nested,"[""PN12-3.edf"", ""PN12-4.edf""]"
PN12,PN12-1.2.edf,1250,1240,1250,1190,1250,True,True,False,False,0,9774,-1,ignore,,,0.011522126522126521,0.94999999999999996,E1_RF,20260922,True,nested,"[""PN12-3.edf"", ""PN12-4.edf""]"
PN12,PN12-1.2.edf,1255,1245,1255,1195,1255,True,True,False,False,0,9774,-1,ignore,,,0.0085799447089769665,0.94999999999999996,E1_RF,20260922,True,nested,"[""PN12-3.edf"", ""PN12-4.edf""]"
PN12,PN12-1.2.edf,1260,1250,1260,1200,1260,True,True,False,False,0,9774,-1,ignore,,,0.011588074790277781,0.94999999999999996,E1_RF,20260922,True,nested,"[""PN12-3.edf"", ""PN12-4.edf""]"
PN12,PN12-1.2.edf,1265,1255,1265,1205,1265,True,True,False,False,0,9774,-1,ignore,,,0.0085799447089769665,0.94999999999999996,E1_RF,20260922,True,nested,"[""PN12-3.edf"", ""PN12-4.edf""]"
PN12,PN12-1.2.edf,1270,1260,1270,1210,1270,True,True,False,False,0,9774,-1,ignore,,,0.011778142907175165,0.94999999999999996,E1_RF,20260922,True,nested,"[""PN12-3.edf"", ""PN12-4.edf""]"
PN12,PN12-1.2.edf,1275,1265,1275,1215,1275,True,True,False,False,0,9774,-1,ignore,,,0.011778142907175165,0.94999999999999996,E1_RF,20260922,True,nested,"[""PN12-3.edf"", ""PN12-4.edf""]"
PN12,PN12-1.2.edf,1280,1270,1280,1220,1280,True,True,False,False,0,9774,-1,ignore,,,0.023860031840486049,0.94999999999999996,E1_RF,20260922,True,nested,"[""PN12-3.edf"", ""PN12-4.edf""]"
PN12,PN12-1.2.edf,1285,1275,1285,1225,1285,True,True,False,False,0,9774,-1,ignore,,,0.011588074790277781,0.94999999999999996,E1_RF,20260922,True,nested,"[""PN12-3.edf"", ""PN12-4.edf""]"
PN12,PN12-1.2.edf,1290,1280,1290,1230,1290,True,True,False,False,0,9774,-1,ignore,,,0.0031981981981981981,0.94999999999999996,E1_RF,20260922,True,nested,"[""PN12-3.edf"", ""PN12-4.edf""]"
PN12,PN12-1.2.edf,1295,1285,1295,1235,1295,True,True,False,False,0,9774,-1,ignore,,,0,0.94999999999999996,E1_RF,20260922,True,nested,"[""PN12-3.edf"", ""PN12-4.edf""]"
PN12,PN12-1.2.edf,1300,1290,1300,1240,1300,True,True,False,False,0,9774,-1,ignore,,,0,0.94999999999999996,E1_RF,20260922,True,nested,"[""PN12-3.edf"", ""PN12-4.edf""]"
PN12,PN12-1.2.edf,1305,1295,1305,1245,1305,True,True,False,False,0,9774,-1,ignore,,,0.02077145635947699,0.94999999999999996,E1_RF,20260922,True,nested,"[""PN12-3.edf"", ""PN12-4.edf""]"
PN12,PN12-1.2.edf,1310,1300,1310,1250,1310,True,True,False,False,0,9774,-1,ignore,,,0.017918936399663899,0.94999999999999996,E1_RF,20260922,True,nested,"[""PN12-3.edf"", ""PN12-4.edf""]"
PN12,PN12-1.2.edf,1315,1305,1315,1255,1315,True,True,False,True,1,9774,1,positive,1,,0.005856122197585612,0.94999999999999996,E1_RF,20260922,True,nested,"[""PN12-3.edf"", ""PN12-4.edf""]"
PN12,PN12-1.2.edf,1320,1310,1320,1260,1320,True,True,False,True,1,9774,1,positive,1,,0.50051161166729896,0.94999999999999996,E1_RF,20260922,True,nested,"[""PN12-3.edf"", ""PN12-4.edf""]"
PN12,PN12-1.2.edf,1325,1315,1325,1265,1325,True,True,False,True,1,9774,1,positive,1,,0.59318691873782858,0.94999999999999996,E1_RF,20260922,True,nested,"[""PN12-3.edf"", ""PN12-4.edf""]"
PN12,PN12-1.2.edf,1330,1320,1330,1270,1330,True,True,False,True,1,9774,1,positive,1,,0.95209950000237953,0.94999999999999996,E1_RF,20260922,True,nested,"[""PN12-3.edf"", ""PN12-4.edf""]"
PN12,PN12-1.2.edf,1335,1325,1335,1275,1335,True,True,False,True,1,9774,1,positive,1,,0.68728784757248318,0.94999999999999996,E1_RF,20260922,True,nested,"[""PN12-3.edf"", ""PN12-4.edf""]"
PN12,PN12-1.2.edf,1340,1330,1340,1280,1340,True,True,False,True,1,9774,1,positive,1,,0.61379022042355469,0.94999999999999996,E1_RF,20260922,True,nested,"[""PN12-3.edf"", ""PN12-4.edf""]"
PN12,PN12-1.2.edf,1345,1335,1345,1285,1345,True,True,False,True,1,9774,1,positive,1,,0.8383181291399614,0.94999999999999996,E1_RF,20260922,True,nested,"[""PN12-3.edf"", ""PN12-4.edf""]"
PN12,PN12-1.2.edf,1350,1340,1350,1290,1350,True,True,False,True,1,9774,1,positive,1,,0.9348547992681262,0.94999999999999996,E1_RF,20260922,True,nested,"[""PN12-3.edf"", ""PN12-4.edf""]"
PN12,PN12-1.2.edf,1355,1345,1355,1295,1355,True,True,False,True,1,9774,1,positive,1,,0.9829090105446282,0.94999999999999996,E1_RF,20260922,True,nested,"[""PN12-3.edf"", ""PN12-4.edf""]"
PN12,PN12-1.2.edf,1360,1350,1360,1300,1360,True,True,False,True,1,9774,1,positive,1,,0.97489956622777929,0.94999999999999996,E1_RF,20260922,True,nested,"[""PN12-3.edf"", ""PN12-4.edf""]"
PN12,PN12-1.2.edf,1365,1355,1365,1305,1365,True,True,False,True,1,9774,1,positive,1,,0.7753758942119453,0.94999999999999996,E1_RF,20260922,True,nested,"[""PN12-3.edf"", ""PN12-4.edf""]"
PN12,PN12-1.2.edf,1370,1360,1370,1310,1370,True,True,False,True,1,9774,1,positive,1,,0.56412522605859028,0.94999999999999996,E1_RF,20260922,True,nested,"[""PN12-3.edf"", ""PN12-4.edf""]"
PN12,PN12-1.2.edf,1375,1365,1375,1315,1375,True,True,False,False,0,9774,-1,ignore,,,0.43893254932270842,0.94999999999999996,E1_RF,20260922,True,nested,"[""PN12-3.edf"", ""PN12-4.edf""]"
PN12,PN12-1.2.edf,1380,1370,1380,1320,1380,True,True,False,False,0,9774,-1,ignore,,,0.26265041951854007,0.94999999999999996,E1_RF,20260922,True,nested,"[""PN12-3.edf"", ""PN12-4.edf""]"
PN12,PN12-1.2.edf,1385,1375,1385,1325,1385,True,True,False,False,0,9774,-1,ignore,,,0.25688498710022784,0.94999999999999996,E1_RF,20260922,True,nested,"[""PN12-3.edf"", ""PN12-4.edf""]"
PN12,PN12-1.2.edf,1390,1380,1390,1330,1390,True,True,False,False,0,9774,-1,ignore,,,0.31331158706598911,0.94999999999999996,E1_RF,20260922,True,nested,"[""PN12-3.edf"", ""PN12-4.edf""]"
PN12,PN12-1.2.edf,1395,1385,1395,1335,1395,True,True,False,False,0,9774,-1,ignore,,,0.24466481010607821,0.94999999999999996,E1_RF,20260922,True,nested,"[""PN12-3.edf"", ""PN12-4.edf""]"
PN12,PN12-1.2.edf,1400,1390,1400,1340,1400,True,True,False,False,0,9774,-1,ignore,,,0.32476622815264172,0.94999999999999996,E1_RF,20260922,True,nested,"[""PN12-3.edf"", ""PN12-4.edf""]"
PN12,PN12-1.2.edf,1405,1395,1405,1345,1405,True,True,False,False,0,9774,-1,ignore,,,0.42004923420983803,0.94999999999999996,E1_RF,20260922,True,nested,"[""PN12-3.edf"", ""PN12-4.edf""]"
PN12,PN12-1.2.edf,1410,1400,1410,1350,1410,True,True,False,False,0,9774,-1,ignore,,,0.24544773986860424,0.94999999999999996,E1_RF,20260922,True,nested,"[""PN12-3.edf"", ""PN12-4.edf""]"
PN12,PN12-1.2.edf,1415,1405,1415,1355,1415,True,True,False,False,0,9774,-1,ignore,,,0.1329847119405658,0.94999999999999996,E1_RF,20260922,True,nested,"[""PN12-3.edf"", ""PN12-4.edf""]"
PN12,PN12-1.2.edf,1420,1410,1420,1360,1420,True,True,False,False,0,9774,-1,ignore,,,0.15480714350441274,0.94999999999999996,E1_RF,20260922,True,nested,"[""PN12-3.edf"", ""PN12-4.edf""]"
PN12,PN12-1.2.edf,1425,1415,1425,1365,1425,True,True,False,False,0,9774,-1,ignore,,,0.25857882752054684,0.94999999999999996,E1_RF,20260922,True,nested,"[""PN12-3.edf"", ""PN12-4.edf""]"
PN12,PN12-1.2.edf,1430,1420,1430,1370,1430,True,True,False,False,0,9774,-1,ignore,,,0.48174259785364398,0.94999999999999996,E1_RF,20260922,True,nested,"[""PN12-3.edf"", ""PN12-4.edf""]"
PN12,PN12-1.2.edf,1435,1425,1435,1375,1435,True,True,False,False,0,9774,-1,ignore,,,0.42767190313552644,0.94999999999999996,E1_RF,20260922,True,nested,"[""PN12-3.edf"", ""PN12-4.edf""]"
PN12,PN12-1.2.edf,1440,1430,1440,1380,1440,True,True,False,False,0,9774,-1,ignore,,,0.25695102798866726,0.94999999999999996,E1_RF,20260922,True,nested,"[""PN12-3.edf"", ""PN12-4.edf""]"
PN12,PN12-1.2.edf,1445,1435,1445,1385,1445,True,True,False,False,0,9774,-1,ignore,,,0.3718106220484782,0.94999999999999996,E1_RF,20260922,True,nested,"[""PN12-3.edf"", ""PN12-4.edf""]"
PN12,PN12-1.2.edf,1450,1440,1450,1390,1450,True,True,False,False,0,9774,-1,ignore,,,0.22192504031400176,0.94999999999999996,E1_RF,20260922,True,nested,"[""PN12-3.edf"", ""PN12-4.edf""]"
PN12,PN12-1.2.edf,1455,1445,1455,1395,1455,True,True,False,False,0,9774,-1,ignore,,,0.39638860090308664,0.94999999999999996,E1_RF,20260922,True,nested,"[""PN12-3.edf"", ""PN12-4.edf""]"
PN12,PN12-1.2.edf,1460,1450,1460,1400,1460,True,True,False,False,0,9774,-1,ignore,,,0.16589039344568735,0.94999999999999996,E1_RF,20260922,True,nested,"[""PN12-3.edf"", ""PN12-4.edf""]"
PN12,PN12-1.2.edf,1465,1455,1465,1405,1465,True,True,False,False,0,9774,-1,ignore,,,0.021206304790756119,0.94999999999999996,E1_RF,20260922,True,nested,"[""PN12-3.edf"", ""PN12-4.edf""]"
PN12,PN12-1.2.edf,1470,1460,1470,1410,1470,True,True,False,False,0,9774,-1,ignore,,,0.040143823677893826,0.94999999999999996,E1_RF,20260922,True,nested,"[""PN12-3.edf"", ""PN12-4.edf""]"
PN12,PN12-1.2.edf,1475,1465,1475,1415,1475,True,True,False,False,0,9774,-1,ignore,,,0.1315126320239417,0.94999999999999996,E1_RF,20260922,True,nested,"[""PN12-3.edf"", ""PN12-4.edf""]"
PN12,PN12-1.2.edf,1480,1470,1480,1420,1480,True,True,False,False,0,9774,-1,ignore,,,0.1680783848222894,0.94999999999999996,E1_RF,20260922,True,nested,"[""PN12-3.edf"", ""PN12-4.edf""]"
PN12,PN12-1.2.edf,1485,1475,1485,1425,1485,True,True,False,False,0,9774,-1,ignore,,,0.039355392936399072,0.94999999999999996,E1_RF,20260922,True,nested,"[""PN12-3.edf"", ""PN12-4.edf""]"
PN12,PN12-1.2.edf,1490,1480,1490,1430,1490,True,True,False,False,0,9774,-1,ignore,,,0.17222799381834039,0.94999999999999996,E1_RF,20260922,True,nested,"[""PN12-3.edf"", ""PN12-4.edf""]"
PN12,PN12-1.2.edf,1495,1485,1495,1435,1495,True,True,False,False,0,9774,-1,ignore,,,0.051247789320147202,0.94999999999999996,E1_RF,20260922,True,nested,"[""PN12-3.edf"", ""PN12-4.edf""]"
PN12,PN12-1.2.edf,1500,1490,1500,1440,1500,True,True,False,False,0,9774,-1,ignore,,,0.071187084015548047,0.94999999999999996,E1_RF,20260922,True,nested,"[""PN12-3.edf"", ""PN12-4.edf""]"
PN12,PN12-1.2.edf,1505,1495,1505,1445,1505,True,True,False,False,0,9774,-1,ignore,,,0.11599894306997004,0.94999999999999996,E1_RF,20260922,True,nested,"[""PN12-3.edf"", ""PN12-4.edf""]"
PN12,PN12-1.2.edf,1510,1500,1510,1450,1510,True,True,False,False,0,9774,-1,ignore,,,0.03392182302559895,0.94999999999999996,E1_RF,20260922,True,nested,"[""PN12-3.edf"", ""PN12-4.edf""]"
PN12,PN12-1.2.edf,1515,1505,1515,1455,1515,True,True,False,False,0,9774,-1,ignore,,,0.10681412086903087,0.94999999999999996,E1_RF,20260922,True,nested,"[""PN12-3.edf"", ""PN12-4.edf""]"
PN12,PN12-1.2.edf,1520,1510,1520,1460,1520,True,True,False,False,0,9774,-1,ignore,,,0.047383548156777193,0.94999999999999996,E1_RF,20260922,True,nested,"[""PN12-3.edf"", ""PN12-4.edf""]"
PN12,PN12-1.2.edf,1525,1515,1525,1465,1525,True,True,False,False,0,9774,-1,ignore,,,0.035856171018961554,0.94999999999999996,E1_RF,20260922,True,nested,"[""PN12-3.edf"", ""PN12-4.edf""]"
PN12,PN12-1.2.edf,1530,1520,1530,1470,1530,True,True,False,False,0,9774,-1,ignore,,,0.21095822065093037,0.94999999999999996,E1_RF,20260922,True,nested,"[""PN12-3.edf"", ""PN12-4.edf""]"
PN12,PN12-1.2.edf,1535,1525,1535,1475,1535,True,True,False,False,0,9774,-1,ignore,,,0.17701619115041192,0.94999999999999996,E1_RF,20260922,True,nested,"[""PN12-3.edf"", ""PN12-4.edf""]"
PN12,PN12-1.2.edf,1540,1530,1540,1480,1540,True,True,False,False,0,9774,-1,ignore,,,0.19271939817240169,0.94999999999999996,E1_RF,20260922,True,nested,"[""PN12-3.edf"", ""PN12-4.edf""]"
PN12,PN12-1.2.edf,1545,1535,1545,1485,1545,True,True,False,False,0,9774,-1,ignore,,,0.056691207650737707,0.94999999999999996,E1_RF,20260922,True,nested,"[""PN12-3.edf"", ""PN12-4.edf""]"
PN12,PN12-1.2.edf,1550,1540,1550,1490,1550,True,True,False,False,0,9774,-1,ignore,,,0.036036098816034812,0.94999999999999996,E1_RF,20260922,True,nested,"[""PN12-3.edf"", ""PN12-4.edf""]"
PN12,PN12-1.2.edf,1555,1545,1555,1495,1555,True,True,False,False,0,9774,-1,ignore,,,0.0061658880419637732,0.94999999999999996,E1_RF,20260922,True,nested,"[""PN12-3.edf"", ""PN12-4.edf""]"
PN12,PN12-1.2.edf,1560,1550,1560,1500,1560,True,True,False,False,0,9774,-1,ignore,,,0.055747905251362473,0.94999999999999996,E1_RF,20260922,True,nested,"[""PN12-3.edf"", ""PN12-4.edf""]"
PN12,PN12-1.2.edf,1565,1555,1565,1505,1565,True,True,False,False,0,9774,-1,ignore,,,0.16927497590941271,0.94999999999999996,E1_RF,20260922,True,nested,"[""PN12-3.edf"", ""PN12-4.edf""]"
PN12,PN12-1.2.edf,1570,1560,1570,1510,1570,True,True,False,False,0,9774,-1,ignore,,,0.35831514575245138,0.94999999999999996,E1_RF,20260922,True,nested,"[""PN12-3.edf"", ""PN12-4.edf""]"
PN12,PN12-1.2.edf,1575,1565,1575,1515,1575,True,True,False,False,0,9774,-1,ignore,,,0.19284082153502025,0.94999999999999996,E1_RF,20260922,True,nested,"[""PN12-3.edf"", ""PN12-4.edf""]"
PN12,PN12-1.2.edf,1580,1570,1580,1520,1580,True,True,False,False,0,9774,-1,ignore,,,0.10473702125471437,0.94999999999999996,E1_RF,20260922,True,nested,"[""PN12-3.edf"", ""PN12-4.edf""]"
PN12,PN12-1.2.edf,1585,1575,1585,1525,1585,True,True,False,False,0,9774,-1,ignore,,,0.14916984520005672,0.94999999999999996,E1_RF,20260922,True,nested,"[""PN12-3.edf"", ""PN12-4.edf""]"
PN12,PN12-1.2.edf,1590,1580,1590,1530,1590,True,True,False,False,0,9774,-1,ignore,,,0.15702318283578448,0.94999999999999996,E1_RF,20260922,True,nested,"[""PN12-3.edf"", ""PN12-4.edf""]"
PN12,PN12-1.2.edf,1595,1585,1595,1535,1595,True,True,False,False,0,9774,-1,ignore,,,0.10576971731616484,0.94999999999999996,E1_RF,20260922,True,nested,"[""PN12-3.edf"", ""PN12-4.edf""]"
PN12,PN12-1.2.edf,1600,1590,1600,1540,1600,True,True,False,False,0,9774,-1,ignore,,,0.039701523340205574,0.94999999999999996,E1_RF,20260922,True,nested,"[""PN12-3.edf"", ""PN12-4.edf""]"
PN12,PN12-1.2.edf,1605,1595,1605,1545,1605,True,True,False,False,0,9774,-1,ignore,,,0.042348456946441508,0.94999999999999996,E1_RF,20260922,True,nested,"[""PN12-3.edf"", ""PN12-4.edf""]"
PN12,PN12-1.2.edf,1610,1600,1610,1550,1610,True,True,False,False,0,9774,-1,ignore,,,0.07885284994827936,0.94999999999999996,E1_RF,20260922,True,nested,"[""PN12-3.edf"", ""PN12-4.edf""]"
PN12,PN12-1.2.edf,1615,1605,1615,1555,1615,True,True,False,False,0,9774,-1,ignore,,,0.24863584837901456,0.94999999999999996,E1_RF,20260922,True,nested,"[""PN12-3.edf"", ""PN12-4.edf""]"
PN12,PN12-1.2.edf,1620,1610,1620,1560,1620,True,True,False,False,0,9774,-1,ignore,,,0.13722808269310682,0.94999999999999996,E1_RF,20260922,True,nested,"[""PN12-3.edf"", ""PN12-4.edf""]"
PN12,PN12-1.2.edf,1625,1615,1625,1565,1625,True,True,False,False,0,9774,-1,ignore,,,0.095915172711871971,0.94999999999999996,E1_RF,20260922,True,nested,"[""PN12-3.edf"", ""PN12-4.edf""]"
PN12,PN12-1.2.edf,1630,1620,1630,1570,1630,True,True,False,False,0,9774,-1,ignore,,,0.40892916818772124,0.94999999999999996,E1_RF,20260922,True,nested,"[""PN12-3.edf"", ""PN12-4.edf""]"
PN12,PN12-1.2.edf,1635,1625,1635,1575,1635,True,True,False,False,0,9774,-1,ignore,,,0.33718575543152018,0.94999999999999996,E1_RF,20260922,True,nested,"[""PN12-3.edf"", ""PN12-4.edf""]"
PN12,PN12-1.2.edf,1640,1630,1640,1580,1640,True,True,False,False,0,9774,-1,ignore,,,0.029650848615600724,0.94999999999999996,E1_RF,20260922,True,nested,"[""PN12-3.edf"", ""PN12-4.edf""]"
PN12,PN12-1.2.edf,1645,1635,1645,1585,1645,True,True,False,False,0,9774,-1,ignore,,,0.14319392827471292,0.94999999999999996,E1_RF,20260922,True,nested,"[""PN12-3.edf"", ""PN12-4.edf""]"
PN12,PN12-1.2.edf,1650,1640,1650,1590,1650,True,True,False,False,0,9774,-1,ignore,,,0.13513725948746153,0.94999999999999996,E1_RF,20260922,True,nested,"[""PN12-3.edf"", ""PN12-4.edf""]"
PN12,PN12-1.2.edf,1655,1645,1655,1595,1655,True,True,False,False,0,9774,-1,ignore,,,0.091733610218635908,0.94999999999999996,E1_RF,20260922,True,nested,"[""PN12-3.edf"", ""PN12-4.edf""]"
PN12,PN12-1.2.edf,1660,1650,1660,1600,1660,True,True,False,False,0,9774,-1,ignore,,,0.13021194772449904,0.94999999999999996,E1_RF,20260922,True,nested,"[""PN12-3.edf"", ""PN12-4.edf""]"
PN12,PN12-1.2.edf,1665,1655,1665,1605,1665,True,True,False,False,0,9774,-1,ignore,,,0.18229973930548785,0.94999999999999996,E1_RF,20260922,True,nested,"[""PN12-3.edf"", ""PN12-4.edf""]"
PN12,PN12-1.2.edf,1670,1660,1670,1610,1670,True,True,False,False,0,9774,-1,ignore,,,0.07248074482460154,0.94999999999999996,E1_RF,20260922,True,nested,"[""PN12-3.edf"", ""PN12-4.edf""]"
PN12,PN12-1.2.edf,1675,1665,1675,1615,1675,True,True,False,True,0,9774,0,negative,,,0.087433271299449597,0.94999999999999996,E1_RF,20260922,True,nested,"[""PN12-3.edf"", ""PN12-4.edf""]"
PN12,PN12-1.2.edf,1680,1670,1680,1620,1680,True,True,False,True,0,9774,0,negative,,,0.073429017672228883,0.94999999999999996,E1_RF,20260922,True,nested,"[""PN12-3.edf"", ""PN12-4.edf""]"
PN12,PN12-1.2.edf,1685,1675,1685,1625,1685,True,True,False,True,0,9774,0,negative,,,0.16315257021104501,0.94999999999999996,E1_RF,20260922,True,nested,"[""PN12-3.edf"", ""PN12-4.edf""]"
PN12,PN12-1.2.edf,1690,1680,1690,1630,1690,True,True,False,True,0,9774,0,negative,,,0.22827298869797966,0.94999999999999996,E1_RF,20260922,True,nested,"[""PN12-3.edf"", ""PN12-4.edf""]"
PN12,PN12-1.2.edf,1695,1685,1695,1635,1695,True,True,False,True,0,9774,0,negative,,,0.22918666566835388,0.94999999999999996,E1_RF,20260922,True,nested,"[""PN12-3.edf"", ""PN12-4.edf""]"
PN12,PN12-1.2.edf,1700,1690,1700,1640,1700,True,True,False,True,0,9774,0,negative,,,0.091852623325896512,0.94999999999999996,E1_RF,20260922,True,nested,"[""PN12-3.edf"", ""PN12-4.edf""]"
PN12,PN12-1.2.edf,1705,1695,1705,1645,1705,True,True,False,True,0,9774,0,negative,,,0.11746427381601453,0.94999999999999996,E1_RF,20260922,True,nested,"[""PN12-3.edf"", ""PN12-4.edf""]"
PN12,PN12-1.2.edf,1710,1700,1710,1650,1710,True,True,False,True,0,9774,0,negative,,,0.034556387268752854,0.94999999999999996,E1_RF,20260922,True,nested,"[""PN12-3.edf"", ""PN12-4.edf""]"
PN12,PN12-1.2.edf,1715,1705,1715,1655,1715,True,True,False,True,0,9774,0,negative,,,0.03762476099390797,0.94999999999999996,E1_RF,20260922,True,nested,"[""PN12-3.edf"", ""PN12-4.edf""]"
PN12,PN12-1.2.edf,1720,1710,1720,1660,1720,True,True,False,True,0,9774,0,negative,,,0.0054656862745098038,0.94999999999999996,E1_RF,20260922,True,nested,"[""PN12-3.edf"", ""PN12-4.edf""]"
PN12,PN12-1.2.edf,1725,1715,1725,1665,1725,True,True,False,True,0,9774,0,negative,,,0.0057390063330657395,0.94999999999999996,E1_RF,20260922,True,nested,"[""PN12-3.edf"", ""PN12-4.edf""]"
PN12,PN12-1.2.edf,1730,1720,1730,1670,1730,True,True,False,True,0,9774,0,negative,,,0.36271067103949228,0.94999999999999996,E1_RF,20260922,True,nested,"[""PN12-3.edf"", ""PN12-4.edf""]"
PN12,PN12-1.2.edf,1735,1725,1735,1675,1735,True,True,False,True,0,9774,0,negative,,,0.25169065957546466,0.94999999999999996,E1_RF,20260922,True,nested,"[""PN12-3.edf"", ""PN12-4.edf""]"
PN12,PN12-1.2.edf,1740,1730,1740,1680,1740,True,True,False,True,0,9774,0,negative,,,0.079596043519466489,0.94999999999999996,E1_RF,20260922,True,nested,"[""PN12-3.edf"", ""PN12-4.edf""]"
PN12,PN12-1.2.edf,1745,1735,1745,1685,1745,True,True,False,True,0,9774,0,negative,,,0.13834501482726605,0.94999999999999996,E1_RF,20260922,True,nested,"[""PN12-3.edf"", ""PN12-4.edf""]"
PN12,PN12-1.2.edf,1750,1740,1750,1690,1750,True,True,False,True,0,9774,0,negative,,,0.27900444576779637,0.94999999999999996,E1_RF,20260922,True,nested,"[""PN12-3.edf"", ""PN12-4.edf""]"
PN12,PN12-1.2.edf,1755,1745,1755,1695,1755,True,True,False,True,0,9774,0,negative,,,0.2269109759370008,0.94999999999999996,E1_RF,20260922,True,nested,"[""PN12-3.edf"", ""PN12-4.edf""]"
PN12,PN12-1.2.edf,1760,1750,1760,1700,1760,True,True,False,True,0,9774,0,negative,,,0.24078049437335755,0.94999999999999996,E1_RF,20260922,True,nested,"[""PN12-3.edf"", ""PN12-4.edf""]"
PN12,PN12-1.2.edf,1765,1755,1765,1705,1765,True,True,False,True,0,9774,0,negative,,,0.20563127491081282,0.94999999999999996,E1_RF,20260922,True,nested,"[""PN12-3.edf"", ""PN12-4.edf""]"
PN12,PN12-1.2.edf,1770,1760,1770,1710,1770,True,True,False,True,0,9774,0,negative,,,0.19023796187691161,0.94999999999999996,E1_RF,20260922,True,nested,"[""PN12-3.edf"", ""PN12-4.edf""]"
PN12,PN12-1.2.edf,1775,1765,1775,1715,1775,True,True,False,True,0,9774,0,negative,,,0.011174672201805725,0.94999999999999996,E1_RF,20260922,True,nested,"[""PN12-3.edf"", ""PN12-4.edf""]"
PN12,PN12-1.2.edf,1780,1770,1780,1720,1780,True,True,False,True,0,9774,0,negative,,,0.051215245009749777,0.94999999999999996,E1_RF,20260922,True,nested,"[""PN12-3.edf"", ""PN12-4.edf""]"
PN12,PN12-1.2.edf,1785,1775,1785,1725,1785,True,True,False,True,0,9774,0,negative,,,0.015257494385313933,0.94999999999999996,E1_RF,20260922,True,nested,"[""PN12-3.edf"", ""PN12-4.edf""]"
PN12,PN12-1.2.edf,1790,1780,1790,1730,1790,True,True,False,True,0,9774,0,negative,,,0,0.94999999999999996,E1_RF,20260922,True,nested,"[""PN12-3.edf"", ""PN12-4.edf""]"
PN12,PN12-1.2.edf,1795,1785,1795,1735,1795,True,True,False,True,0,9774,0,negative,,,0,0.94999999999999996,E1_RF,20260922,True,nested,"[""PN12-3.edf"", ""PN12-4.edf""]"
PN12,PN12-1.2.edf,1800,1790,1800,1740,1800,True,True,False,True,0,9774,0,negative,,,0,0.94999999999999996,E1_RF,20260922,True,nested,"[""PN12-3.edf"", ""PN12-4.edf""]"
PN12,PN12-1.2.edf,1805,1795,1805,1745,1805,True,True,False,True,0,9774,0,negative,,,0.002635658914728682,0.94999999999999996,E1_RF,20260922,True,nested,"[""PN12-3.edf"", ""PN12-4.edf""]"
PN12,PN12-1.2.edf,1810,1800,1810,1750,1810,True,True,False,True,0,9774,0,negative,,,0.014142278645920176,0.94999999999999996,E1_RF,20260922,True,nested,"[""PN12-3.edf"", ""PN12-4.edf""]"
PN12,PN12-1.2.edf,1815,1805,1815,1755,1815,True,True,False,True,0,9774,0,negative,,,0.0083869687660010246,0.94999999999999996,E1_RF,20260922,True,nested,"[""PN12-3.edf"", ""PN12-4.edf""]"
PN12,PN12-1.2.edf,1820,1810,1820,1760,1820,True,True,False,True,0,9774,0,negative,,,0.01207979096364299,0.94999999999999996,E1_RF,20260922,True,nested,"[""PN12-3.edf"", ""PN12-4.edf""]"
PN12,PN12-1.2.edf,1825,1815,1825,1765,1825,True,True,False,True,0,9774,0,negative,,,0.031130298737804468,0.94999999999999996,E1_RF,20260922,True,nested,"[""PN12-3.edf"", ""PN12-4.edf""]"
PN12,PN12-1.2.edf,1830,1820,1830,1770,1830,True,True,False,True,0,9774,0,negative,,,0.054422646609161587,0.94999999999999996,E1_RF,20260922,True,nested,"[""PN12-3.edf"", ""PN12-4.edf""]"
PN12,PN12-1.2.edf,1835,1825,1835,1775,1835,True,True,False,True,0,9774,0,negative,,,0.12120613242366017,0.94999999999999996,E1_RF,20260922,True,nested,"[""PN12-3.edf"", ""PN12-4.edf""]"
PN12,PN12-1.2.edf,1840,1830,1840,1780,1840,True,True,False,True,0,9774,0,negative,,,0.025949277344169235,0.94999999999999996,E1_RF,20260922,True,nested,"[""PN12-3.edf"", ""PN12-4.edf""]"
PN12,PN12-1.2.edf,1845,1835,1845,1785,1845,True,True,False,True,0,9774,0,negative,,,0.017928371313988379,0.94999999999999996,E1_RF,20260922,True,nested,"[""PN12-3.edf"", ""PN12-4.edf""]"
PN12,PN12-1.2.edf,1850,1840,1850,1790,1850,True,True,False,True,0,9774,0,negative,,,0.043182077265303175,0.94999999999999996,E1_RF,20260922,True,nested,"[""PN12-3.edf"", ""PN12-4.edf""]"
PN12,PN12-1.2.edf,1855,1845,1855,1795,1855,True,True,False,True,0,9774,0,negative,,,0.095003862143536497,0.94999999999999996,E1_RF,20260922,True,nested,"[""PN12-3.edf"", ""PN12-4.edf""]"
PN12,PN12-1.2.edf,1860,1850,1860,1800,1860,True,True,False,True,0,9774,0,negative,,,0.16069424280338454,0.94999999999999996,E1_RF,20260922,True,nested,"[""PN12-3.edf"", ""PN12-4.edf""]"
PN12,PN12-1.2.edf,1865,1855,1865,1805,1865,True,True,False,True,0,9774,0,negative,,,0.2177738486204806,0.94999999999999996,E1_RF,20260922,True,nested,"[""PN12-3.edf"", ""PN12-4.edf""]"
PN12,PN12-1.2.edf,1870,1860,1870,1810,1870,True,True,False,True,0,9774,0,negative,,,0.1576785312185888,0.94999999999999996,E1_RF,20260922,True,nested,"[""PN12-3.edf"", ""PN12-4.edf""]"
PN12,PN12-1.2.edf,1875,1865,1875,1815,1875,True,True,False,True,0,9774,0,negative,,,0.17952884458733481,0.94999999999999996,E1_RF,20260922,True,nested,"[""PN12-3.edf"", ""PN12-4.edf""]"
PN12,PN12-1.2.edf,1880,1870,1880,1820,1880,True,True,False,True,0,9774,0,negative,,,0.25524917871931457,0.94999999999999996,E1_RF,20260922,True,nested,"[""PN12-3.edf"", ""PN12-4.edf""]"
PN12,PN12-1.2.edf,1885,1875,1885,1825,1885,True,True,False,True,0,9774,0,negative,,,0.21584402720821336,0.94999999999999996,E1_RF,20260922,True,nested,"[""PN12-3.edf"", ""PN12-4.edf""]"
PN12,PN12-1.2.edf,1890,1880,1890,1830,1890,True,True,False,True,0,9774,0,negative,,,0.094063165503289081,0.94999999999999996,E1_RF,20260922,True,nested,"[""PN12-3.edf"", ""PN12-4.edf""]"
PN12,PN12-1.2.edf,1895,1885,1895,1835,1895,True,True,False,True,0,9774,0,negative,,,0,0.94999999999999996,E1_RF,20260922,True,nested,"[""PN12-3.edf"", ""PN12-4.edf""]"
PN12,PN12-1.2.edf,1900,1890,1900,1840,1900,True,True,False,True,0,9774,0,negative,,,0.020914943068459285,0.94999999999999996,E1_RF,20260922,True,nested,"[""PN12-3.edf"", ""PN12-4.edf""]"
PN12,PN12-1.2.edf,1905,1895,1905,1845,1905,True,True,False,True,0,9774,0,negative,,,0,0.94999999999999996,E1_RF,20260922,True,nested,"[""PN12-3.edf"", ""PN12-4.edf""]"
PN12,PN12-1.2.edf,1910,1900,1910,1850,1910,True,True,False,True,0,9774,0,negative,,,0.014101323135360862,0.94999999999999996,E1_RF,20260922,True,nested,"[""PN12-3.edf"", ""PN12-4.edf""]"
PN12,PN12-1.2.edf,1915,1905,1915,1855,1915,True,True,False,True,0,9774,0,negative,,,0,0.94999999999999996,E1_RF,20260922,True,nested,"[""PN12-3.edf"", ""PN12-4.edf""]"
PN12,PN12-1.2.edf,1920,1910,1920,1860,1920,True,True,False,True,0,9774,0,negative,,,0,0.94999999999999996,E1_RF,20260922,True,nested,"[""PN12-3.edf"", ""PN12-4.edf""]"
PN12,PN12-1.2.edf,1925,1915,1925,1865,1925,True,True,False,True,0,9774,0,negative,,,0,0.94999999999999996,E1_RF,20260922,True,nested,"[""PN12-3.edf"", ""PN12-4.edf""]"
PN12,PN12-1.2.edf,1930,1920,1930,1870,1930,True,True,False,True,0,9774,0,negative,,,0,0.94999999999999996,E1_RF,20260922,True,nested,"[""PN12-3.edf"", ""PN12-4.edf""]"
PN12,PN12-1.2.edf,1935,1925,1935,1875,1935,True,True,False,True,0,9774,0,negative,,,0.012524376142045837,0.94999999999999996,E1_RF,20260922,True,nested,"[""PN12-3.edf"", ""PN12-4.edf""]"
PN12,PN12-1.2.edf,1940,1930,1940,1880,1940,True,True,False,True,0,9774,0,negative,,,0.11643605610564438,0.94999999999999996,E1_RF,20260922,True,nested,"[""PN12-3.edf"", ""PN12-4.edf""]"
PN12,PN12-1.2.edf,1945,1935,1945,1885,1945,True,True,False,True,0,9774,0,negative,,,0.032774578262540724,0.94999999999999996,E1_RF,20260922,True,nested,"[""PN12-3.edf"", ""PN12-4.edf""]"
PN12,PN12-1.2.edf,1950,1940,1950,1890,1950,True,True,False,True,0,9774,0,negative,,,0.0030496453900709219,0.94999999999999996,E1_RF,20260922,True,nested,"[""PN12-3.edf"", ""PN12-4.edf""]"
PN12,PN12-1.2.edf,1955,1945,1955,1895,1955,True,True,False,True,0,9774,0,negative,,,0.0092403337403337404,0.94999999999999996,E1_RF,20260922,True,nested,"[""PN12-3.edf"", ""PN12-4.edf""]"
PN12,PN12-1.2.edf,1960,1950,1960,1900,1960,True,True,False,True,0,9774,0,negative,,,0.043032294323298956,0.94999999999999996,E1_RF,20260922,True,nested,"[""PN12-3.edf"", ""PN12-4.edf""]"
PN12,PN12-1.2.edf,1965,1955,1965,1905,1965,True,True,False,True,0,9774,0,negative,,,0.035876461092646847,0.94999999999999996,E1_RF,20260922,True,nested,"[""PN12-3.edf"", ""PN12-4.edf""]"
PN12,PN12-1.2.edf,1970,1960,1970,1910,1970,True,True,False,True,0,9774,0,negative,,,0.045295143843864495,0.94999999999999996,E1_RF,20260922,True,nested,"[""PN12-3.edf"", ""PN12-4.edf""]"
PN12,PN12-1.2.edf,1975,1965,1975,1915,1975,True,True,False,True,0,9774,0,negative,,,0.024347773245816298,0.94999999999999996,E1_RF,20260922,True,nested,"[""PN12-3.edf"", ""PN12-4.edf""]"
PN12,PN12-1.2.edf,1980,1970,1980,1920,1980,True,True,False,True,0,9774,0,negative,,,0.13951439960754666,0.94999999999999996,E1_RF,20260922,True,nested,"[""PN12-3.edf"", ""PN12-4.edf""]"
PN12,PN12-1.2.edf,1985,1975,1985,1925,1985,True,True,False,True,0,9774,0,negative,,,0.090409056416796404,0.94999999999999996,E1_RF,20260922,True,nested,"[""PN12-3.edf"", ""PN12-4.edf""]"
PN12,PN12-1.2.edf,1990,1980,1990,1930,1990,True,True,False,True,0,9774,0,negative,,,0.274831469886886,0.94999999999999996,E1_RF,20260922,True,nested,"[""PN12-3.edf"", ""PN12-4.edf""]"
PN12,PN12-1.2.edf,1995,1985,1995,1935,1995,True,True,False,True,0,9774,0,negative,,,0.03889243763965531,0.94999999999999996,E1_RF,20260922,True,nested,"[""PN12-3.edf"", ""PN12-4.edf""]"
PN12,PN12-1.2.edf,2000,1990,2000,1940,2000,True,True,False,True,0,9774,0,negative,,,0.0032777777777777775,0.94999999999999996,E1_RF,20260922,True,nested,"[""PN12-3.edf"", ""PN12-4.edf""]"
PN12,PN12-1.2.edf,2005,1995,2005,1945,2005,True,True,False,True,0,9774,0,negative,,,0.012273128144645172,0.94999999999999996,E1_RF,20260922,True,nested,"[""PN12-3.edf"", ""PN12-4.edf""]"
PN12,PN12-1.2.edf,2010,2000,2010,1950,2010,True,True,False,True,0,9774,0,negative,,,0.12730069853792655,0.94999999999999996,E1_RF,20260922,True,nested,"[""PN12-3.edf"", ""PN12-4.edf""]"
PN12,PN12-1.2.edf,2015,2005,2015,1955,2015,True,True,False,True,0,9774,0,negative,,,0.02625403486614734,0.94999999999999996,E1_RF,20260922,True,nested,"[""PN12-3.edf"", ""PN12-4.edf""]"
PN12,PN12-1.2.edf,2020,2010,2020,1960,2020,True,True,False,True,0,9774,0,negative,,,0.019841891098939975,0.94999999999999996,E1_RF,20260922,True,nested,"[""PN12-3.edf"", ""PN12-4.edf""]"
PN12,PN12-1.2.edf,2025,2015,2025,1965,2025,True,True,False,True,0,9774,0,negative,,,0.038351815942084942,0.94999999999999996,E1_RF,20260922,True,nested,"[""PN12-3.edf"", ""PN12-4.edf""]"
PN12,PN12-1.2.edf,2030,2020,2030,1970,2030,True,True,False,True,0,9774,0,negative,,,0.067166209296782853,0.94999999999999996,E1_RF,20260922,True,nested,"[""PN12-3.edf"", ""PN12-4.edf""]"
PN12,PN12-1.2.edf,2035,2025,2035,1975,2035,True,True,False,True,0,9774,0,negative,,,0.0093478260869565219,0.94999999999999996,E1_RF,20260922,True,nested,"[""PN12-3.edf"", ""PN12-4.edf""]"
PN12,PN12-1.2.edf,2040,2030,2040,1980,2040,True,True,False,True,0,9774,0,negative,,,0.041843669172557413,0.94999999999999996,E1_RF,20260922,True,nested,"[""PN12-3.edf"", ""PN12-4.edf""]"
PN12,PN12-1.2.edf,2045,2035,2045,1985,2045,True,True,False,True,0,9774,0,negative,,,0.0030232558139534882,0.94999999999999996,E1_RF,20260922,True,nested,"[""PN12-3.edf"", ""PN12-4.edf""]"
PN12,PN12-1.2.edf,2050,2040,2050,1990,2050,True,True,False,True,0,9774,0,negative,,,0.027176999152278121,0.94999999999999996,E1_RF,20260922,True,nested,"[""PN12-3.edf"", ""PN12-4.edf""]"
PN12,PN12-1.2.edf,2055,2045,2055,1995,2055,True,True,False,True,0,9774,0,negative,,,0.037660287736143383,0.94999999999999996,E1_RF,20260922,True,nested,"[""PN12-3.edf"", ""PN12-4.edf""]"
PN12,PN12-1.2.edf,2060,2050,2060,2000,2060,True,True,False,True,0,9774,0,negative,,,0.0087246376811594209,0.94999999999999996,E1_RF,20260922,True,nested,"[""PN12-3.edf"", ""PN12-4.edf""]"
PN12,PN12-1.2.edf,2065,2055,2065,2005,2065,True,True,False,True,0,9774,0,negative,,,0.017316850746624077,0.94999999999999996,E1_RF,20260922,True,nested,"[""PN12-3.edf"", ""PN12-4.edf""]"
PN12,PN12-1.2.edf,2070,2060,2070,2010,2070,True,True,False,True,0,9774,0,negative,,,0.09734200181275654,0.94999999999999996,E1_RF,20260922,True,nested,"[""PN12-3.edf"", ""PN12-4.edf""]"
PN12,PN12-1.2.edf,2075,2065,2075,2015,2075,True,True,False,True,0,9774,0,negative,,,0.094783529386393381,0.94999999999999996,E1_RF,20260922,True,nested,"[""PN12-3.edf"", ""PN12-4.edf""]"
PN12,PN12-1.2.edf,2080,2070,2080,2020,2080,True,True,False,True,0,9774,0,negative,,,0.03640992717841196,0.94999999999999996,E1_RF,20260922,True,nested,"[""PN12-3.edf"", ""PN12-4.edf""]"
PN12,PN12-1.2.edf,2085,2075,2085,2025,2085,True,True,False,True,0,9774,0,negative,,,0.10230063879504624,0.94999999999999996,E1_RF,20260922,True,nested,"[""PN12-3.edf"", ""PN12-4.edf""]"
PN12,PN12-1.2.edf,2090,2080,2090,2030,2090,True,True,False,True,0,9774,0,negative,,,0.012331093762457937,0.94999999999999996,E1_RF,20260922,True,nested,"[""PN12-3.edf"", ""PN12-4.edf""]"
PN12,PN12-1.2.edf,2095,2085,2095,2035,2095,True,True,False,True,0,9774,0,negative,,,0,0.94999999999999996,E1_RF,20260922,True,nested,"[""PN12-3.edf"", ""PN12-4.edf""]"
PN12,PN12-1.2.edf,2100,2090,2100,2040,2100,True,True,False,True,0,9774,0,negative,,,0,0.94999999999999996,E1_RF,20260922,True,nested,"[""PN12-3.edf"", ""PN12-4.edf""]"
PN12,PN12-1.2.edf,2105,2095,2105,2045,2105,True,True,False,True,0,9774,0,negative,,,0.028744245385563479,0.94999999999999996,E1_RF,20260922,True,nested,"[""PN12-3.edf"", ""PN12-4.edf""]"
PN12,PN12-1.2.edf,2110,2100,2110,2050,2110,True,True,False,True,0,9774,0,negative,,,0,0.94999999999999996,E1_RF,20260922,True,nested,"[""PN12-3.edf"", ""PN12-4.edf""]"
PN12,PN12-1.2.edf,2115,2105,2115,2055,2115,True,True,False,True,0,9774,0,negative,,,0.0090203991176531217,0.94999999999999996,E1_RF,20260922,True,nested,"[""PN12-3.edf"", ""PN12-4.edf""]"
PN12,PN12-1.2.edf,2120,2110,2120,2060,2120,True,True,False,True,0,9774,0,negative,,,0.085644742031996166,0.94999999999999996,E1_RF,20260922,True,nested,"[""PN12-3.edf"", ""PN12-4.edf""]"
PN12,PN12-1.2.edf,2125,2115,2125,2065,2125,True,True,False,True,0,9774,0,negative,,,0.044956540161263277,0.94999999999999996,E1_RF,20260922,True,nested,"[""PN12-3.edf"", ""PN12-4.edf""]"
PN12,PN12-1.2.edf,2130,2120,2130,2070,2130,True,True,False,True,0,9774,0,negative,,,0.024524470271948123,0.94999999999999996,E1_RF,20260922,True,nested,"[""PN12-3.edf"", ""PN12-4.edf""]"
PN12,PN12-1.2.edf,2135,2125,2135,2075,2135,True,True,False,True,0,9774,0,negative,,,0.21442261722047476,0.94999999999999996,E1_RF,20260922,True,nested,"[""PN12-3.edf"", ""PN12-4.edf""]"
PN12,PN12-1.2.edf,2140,2130,2140,2080,2140,True,True,False,True,0,9774,0,negative,,,0.03640992717841196,0.94999999999999996,E1_RF,20260922,True,nested,"[""PN12-3.edf"", ""PN12-4.edf""]"
PN12,PN12-1.2.edf,2145,2135,2145,2085,2145,True,True,False,True,0,9774,0,negative,,,0.0030232558139534882,0.94999999999999996,E1_RF,20260922,True,nested,"[""PN12-3.edf"", ""PN12-4.edf""]"
PN12,PN12-1.2.edf,2150,2140,2150,2090,2150,True,True,False,True,0,9774,0,negative,,,0.011917582417582418,0.94999999999999996,E1_RF,20260922,True,nested,"[""PN12-3.edf"", ""PN12-4.edf""]"
PN12,PN12-1.2.edf,2155,2145,2155,2095,2155,True,True,False,True,0,9774,0,negative,,,0.13534356461385977,0.94999999999999996,E1_RF,20260922,True,nested,"[""PN12-3.edf"", ""PN12-4.edf""]"
PN12,PN12-1.2.edf,2160,2150,2160,2100,2160,True,True,False,True,0,9774,0,negative,,,0.042117319019924188,0.94999999999999996,E1_RF,20260922,True,nested,"[""PN12-3.edf"", ""PN12-4.edf""]"
PN12,PN12-1.2.edf,2165,2155,2165,2105,2165,True,True,False,True,0,9774,0,negative,,,0.17669856431720579,0.94999999999999996,E1_RF,20260922,True,nested,"[""PN12-3.edf"", ""PN12-4.edf""]"
PN12,PN12-1.2.edf,2170,2160,2170,2110,2170,True,True,False,True,0,9774,0,negative,,,0.077258393690864152,0.94999999999999996,E1_RF,20260922,True,nested,"[""PN12-3.edf"", ""PN12-4.edf""]"
PN12,PN12-1.2.edf,2175,2165,2175,2115,2175,True,True,False,True,0,9774,0,negative,,,0.050436736467840089,0.94999999999999996,E1_RF,20260922,True,nested,"[""PN12-3.edf"", ""PN12-4.edf""]"
PN12,PN12-1.2.edf,2180,2170,2180,2120,2180,True,True,False,True,0,9774,0,negative,,,0.21288378661244511,0.94999999999999996,E1_RF,20260922,True,nested,"[""PN12-3.edf"", ""PN12-4.edf""]"
PN12,PN12-1.2.edf,2185,2175,2185,2125,2185,True,True,False,True,0,9774,0,negative,,,0.20892093431431205,0.94999999999999996,E1_RF,20260922,True,nested,"[""PN12-3.edf"", ""PN12-4.edf""]"
PN12,PN12-1.2.edf,2190,2180,2190,2130,2190,True,True,False,True,0,9774,0,negative,,,0.20811131737419963,0.94999999999999996,E1_RF,20260922,True,nested,"[""PN12-3.edf"", ""PN12-4.edf""]"
PN12,PN12-1.2.edf,2195,2185,2195,2135,2195,True,True,False,True,0,9774,0,negative,,,0.14488480351590624,0.94999999999999996,E1_RF,20260922,True,nested,"[""PN12-3.edf"", ""PN12-4.edf""]"
PN12,PN12-1.2.edf,2200,2190,2200,2140,2200,True,True,False,True,0,9774,0,negative,,,0.035716155550910109,0.94999999999999996,E1_RF,20260922,True,nested,"[""PN12-3.edf"", ""PN12-4.edf""]"
PN12,PN12-1.2.edf,2205,2195,2205,2145,2205,True,True,False,True,0,9774,0,negative,,,0.015360842118466514,0.94999999999999996,E1_RF,20260922,True,nested,"[""PN12-3.edf"", ""PN12-4.edf""]"
PN12,PN12-1.2.edf,2210,2200,2210,2150,2210,True,True,False,True,0,9774,0,negative,,,0.036417615032431738,0.94999999999999996,E1_RF,20260922,True,nested,"[""PN12-3.edf"", ""PN12-4.edf""]"
PN12,PN12-1.2.edf,2215,2205,2215,2155,2215,True,True,False,True,0,9774,0,negative,,,0.45210875975714954,0.94999999999999996,E1_RF,20260922,True,nested,"[""PN12-3.edf"", ""PN12-4.edf""]"
PN12,PN12-1.2.edf,2220,2210,2220,2160,2220,True,True,False,True,0,9774,0,negative,,,0.49324795351050588,0.94999999999999996,E1_RF,20260922,True,nested,"[""PN12-3.edf"", ""PN12-4.edf""]"
PN12,PN12-1.2.edf,2225,2215,2225,2165,2225,True,True,False,True,0,9774,0,negative,,,0.15867598197301119,0.94999999999999996,E1_RF,20260922,True,nested,"[""PN12-3.edf"", ""PN12-4.edf""]"
PN12,PN12-1.2.edf,2230,2220,2230,2170,2230,True,True,False,True,0,9774,0,negative,,,0.042080353180133374,0.94999999999999996,E1_RF,20260922,True,nested,"[""PN12-3.edf"", ""PN12-4.edf""]"
PN12,PN12-1.2.edf,2235,2225,2235,2175,2235,True,True,False,True,0,9774,0,negative,,,0.012178991595719524,0.94999999999999996,E1_RF,20260922,True,nested,"[""PN12-3.edf"", ""PN12-4.edf""]"
PN12,PN12-1.2.edf,2240,2230,2240,2180,2240,True,True,False,True,0,9774,0,negative,,,0.033591899947891621,0.94999999999999996,E1_RF,20260922,True,nested,"[""PN12-3.edf"", ""PN12-4.edf""]"
PN12,PN12-1.2.edf,2245,2235,2245,2185,2245,True,True,False,True,0,9774,0,negative,,,0.027260080793478358,0.94999999999999996,E1_RF,20260922,True,nested,"[""PN12-3.edf"", ""PN12-4.edf""]"
PN12,PN12-1.2.edf,2250,2240,2250,2190,2250,True,True,False,True,0,9774,0,negative,,,0,0.94999999999999996,E1_RF,20260922,True,nested,"[""PN12-3.edf"", ""PN12-4.edf""]"
PN12,PN12-1.2.edf,2255,2245,2255,2195,2255,True,True,False,True,0,9774,0,negative,,,0,0.94999999999999996,E1_RF,20260922,True,nested,"[""PN12-3.edf"", ""PN12-4.edf""]"
PN12,PN12-1.2.edf,2260,2250,2260,2200,2260,True,True,False,True,0,9774,0,negative,,,0.036305848148250774,0.94999999999999996,E1_RF,20260922,True,nested,"[""PN12-3.edf"", ""PN12-4.edf""]"
PN12,PN12-1.2.edf,2265,2255,2265,2205,2265,True,True,False,True,0,9774,0,negative,,,0.059057578401290167,0.94999999999999996,E1_RF,20260922,True,nested,"[""PN12-3.edf"", ""PN12-4.edf""]"
PN12,PN12-1.2.edf,2270,2260,2270,2210,2270,True,True,False,True,0,9774,0,negative,,,0.12302276984763083,0.94999999999999996,E1_RF,20260922,True,nested,"[""PN12-3.edf"", ""PN12-4.edf""]"
PN12,PN12-1.2.edf,2275,2265,2275,2215,2275,True,True,False,True,0,9774,0,negative,,,0,0.94999999999999996,E1_RF,20260922,True,nested,"[""PN12-3.edf"", ""PN12-4.edf""]"
PN12,PN12-1.2.edf,2280,2270,2280,2220,2280,True,True,False,True,0,9774,0,negative,,,0.0032067510548523209,0.94999999999999996,E1_RF,20260922,True,nested,"[""PN12-3.edf"", ""PN12-4.edf""]"
PN12,PN12-1.2.edf,2285,2275,2285,2225,2285,True,True,False,True,0,9774,0,negative,,,0.03563712689375307,0.94999999999999996,E1_RF,20260922,True,nested,"[""PN12-3.edf"", ""PN12-4.edf""]"
PN12,PN12-1.2.edf,2290,2280,2290,2230,2290,True,True,False,True,0,9774,0,negative,,,0,0.94999999999999996,E1_RF,20260922,True,nested,"[""PN12-3.edf"", ""PN12-4.edf""]"
PN12,PN12-1.2.edf,2295,2285,2295,2235,2295,True,True,False,True,0,9774,0,negative,,,0.050343154533011504,0.94999999999999996,E1_RF,20260922,True,nested,"[""PN12-3.edf"", ""PN12-4.edf""]"
PN12,PN12-1.2.edf,2300,2290,2300,2240,2300,True,True,False,True,0,9774,0,negative,,,0.26868879709490523,0.94999999999999996,E1_RF,20260922,True,nested,"[""PN12-3.edf"", ""PN12-4.edf""]"
PN12,PN12-1.2.edf,2305,2295,2305,2245,2305,True,True,False,True,0,9774,0,negative,,,0.11626670666742366,0.94999999999999996,E1_RF,20260922,True,nested,"[""PN12-3.edf"", ""PN12-4.edf""]"
PN12,PN12-1.2.edf,2310,2300,2310,2250,2310,True,True,False,True,0,9774,0,negative,,,0.0029107981220657273,0.94999999999999996,E1_RF,20260922,True,nested,"[""PN12-3.edf"", ""PN12-4.edf""]"
PN12,PN12-1.2.edf,2315,2305,2315,2255,2315,True,True,False,True,0,9774,0,negative,,,0,0.94999999999999996,E1_RF,20260922,True,nested,"[""PN12-3.edf"", ""PN12-4.edf""]"
PN12,PN12-1.2.edf,2320,2310,2320,2260,2320,True,True,False,True,0,9774,0,negative,,,0.021617098270761144,0.94999999999999996,E1_RF,20260922,True,nested,"[""PN12-3.edf"", ""PN12-4.edf""]"
PN12,PN12-1.2.edf,2325,2315,2325,2265,2325,True,True,False,True,0,9774,0,negative,,,0.36499146483984418,0.94999999999999996,E1_RF,20260922,True,nested,"[""PN12-3.edf"", ""PN12-4.edf""]"
PN12,PN12-1.2.edf,2330,2320,2330,2270,2330,True,True,False,True,0,9774,0,negative,,,0.12663444664608586,0.94999999999999996,E1_RF,20260922,True,nested,"[""PN12-3.edf"", ""PN12-4.edf""]"
PN12,PN12-1.2.edf,2335,2325,2335,2275,2335,True,True,False,True,0,9774,0,negative,,,0.12511118849075553,0.94999999999999996,E1_RF,20260922,True,nested,"[""PN12-3.edf"", ""PN12-4.edf""]"
PN12,PN12-1.2.edf,2340,2330,2340,2280,2340,True,True,False,True,0,9774,0,negative,,,0.092439798203381621,0.94999999999999996,E1_RF,20260922,True,nested,"[""PN12-3.edf"", ""PN12-4.edf""]"
PN12,PN12-1.2.edf,2345,2335,2345,2285,2345,True,True,False,True,0,9774,0,negative,,,0.32160986470105357,0.94999999999999996,E1_RF,20260922,True,nested,"[""PN12-3.edf"", ""PN12-4.edf""]"
PN12,PN12-1.2.edf,2350,2340,2350,2290,2350,True,True,False,True,0,9774,0,negative,,,0.26838108214633349,0.94999999999999996,E1_RF,20260922,True,nested,"[""PN12-3.edf"", ""PN12-4.edf""]"
PN12,PN12-1.2.edf,2355,2345,2355,2295,2355,True,True,False,True,0,9774,0,negative,,,0.17864794700457876,0.94999999999999996,E1_RF,20260922,True,nested,"[""PN12-3.edf"", ""PN12-4.edf""]"
PN12,PN12-1.2.edf,2360,2350,2360,2300,2360,True,True,False,True,0,9774,0,negative,,,0.041928997893126464,0.94999999999999996,E1_RF,20260922,True,nested,"[""PN12-3.edf"", ""PN12-4.edf""]"
PN12,PN12-1.2.edf,2365,2355,2365,2305,2365,True,True,False,True,0,9774,0,negative,,,0.11122707635710515,0.94999999999999996,E1_RF,20260922,True,nested,"[""PN12-3.edf"", ""PN12-4.edf""]"
PN12,PN12-1.2.edf,2370,2360,2370,2310,2370,True,True,False,True,0,9774,0,negative,,,0.23842966340509511,0.94999999999999996,E1_RF,20260922,True,nested,"[""PN12-3.edf"", ""PN12-4.edf""]"
PN12,PN12-1.2.edf,2375,2365,2375,2315,2375,True,True,False,True,0,9774,0,negative,,,0.047444697180513348,0.94999999999999996,E1_RF,20260922,True,nested,"[""PN12-3.edf"", ""PN12-4.edf""]"
PN12,PN12-1.2.edf,2380,2370,2380,2320,2380,True,True,False,True,0,9774,0,negative,,,0,0.94999999999999996,E1_RF,20260922,True,nested,"[""PN12-3.edf"", ""PN12-4.edf""]"
PN12,PN12-1.2.edf,2385,2375,2385,2325,2385,True,True,False,True,0,9774,0,negative,,,0.0090124651505725691,0.94999999999999996,E1_RF,20260922,True,nested,"[""PN12-3.edf"", ""PN12-4.edf""]"
PN12,PN12-1.2.edf,2390,2380,2390,2330,2390,True,True,False,True,0,9774,0,negative,,,0.039691083149254333,0.94999999999999996,E1_RF,20260922,True,nested,"[""PN12-3.edf"", ""PN12-4.edf""]"
PN12,PN12-1.2.edf,2395,2385,2395,2335,2395,True,True,False,True,0,9774,0,negative,,,0.15994734750052031,0.94999999999999996,E1_RF,20260922,True,nested,"[""PN12-3.edf"", ""PN12-4.edf""]"
PN12,PN12-1.2.edf,2400,2390,2400,2340,2400,True,True,False,True,0,9774,0,negative,,,0.040815752301592657,0.94999999999999996,E1_RF,20260922,True,nested,"[""PN12-3.edf"", ""PN12-4.edf""]"
PN12,PN12-1.2.edf,2405,2395,2405,2345,2405,True,True,False,True,0,9774,0,negative,,,0.0029411764705882353,0.94999999999999996,E1_RF,20260922,True,nested,"[""PN12-3.edf"", ""PN12-4.edf""]"
PN12,PN12-1.2.edf,2410,2400,2410,2350,2410,True,True,False,True,0,9774,0,negative,,,0.0058519745926539626,0.94999999999999996,E1_RF,20260922,True,nested,"[""PN12-3.edf"", ""PN12-4.edf""]"
PN12,PN12-1.2.edf,2415,2405,2415,2355,2415,True,True,False,True,0,9774,0,negative,,,0.0029107981220657273,0.94999999999999996,E1_RF,20260922,True,nested,"[""PN12-3.edf"", ""PN12-4.edf""]"
PN12,PN12-1.2.edf,2420,2410,2420,2360,2420,True,True,False,True,0,9774,0,negative,,,0.033282803082638625,0.94999999999999996,E1_RF,20260922,True,nested,"[""PN12-3.edf"", ""PN12-4.edf""]"
PN12,PN12-1.2.edf,2425,2415,2425,2365,2425,True,True,False,True,0,9774,0,negative,,,0.039440907151374771,0.94999999999999996,E1_RF,20260922,True,nested,"[""PN12-3.edf"", ""PN12-4.edf""]"
PN12,PN12-1.2.edf,2430,2420,2430,2370,2430,True,True,False,True,0,9774,0,negative,,,0.042461424617712525,0.94999999999999996,E1_RF,20260922,True,nested,"[""PN12-3.edf"", ""PN12-4.edf""]"
PN12,PN12-1.2.edf,2435,2425,2435,2375,2435,True,True,False,True,0,9774,0,negative,,,0.045392840725592042,0.94999999999999996,E1_RF,20260922,True,nested,"[""PN12-3.edf"", ""PN12-4.edf""]"
PN12,PN12-1.2.edf,2440,2430,2440,2380,2440,True,True,False,True,0,9774,0,negative,,,0.023686375114854937,0.94999999999999996,E1_RF,20260922,True,nested,"[""PN12-3.edf"", ""PN12-4.edf""]"
PN12,PN12-1.2.edf,2445,2435,2445,2385,2445,True,True,False,True,0,9774,0,negative,,,0,0.94999999999999996,E1_RF,20260922,True,nested,"[""PN12-3.edf"", ""PN12-4.edf""]"
PN12,PN12-1.2.edf,2450,2440,2450,2390,2450,True,True,False,True,0,9774,0,negative,,,0.037416496253447097,0.94999999999999996,E1_RF,20260922,True,nested,"[""PN12-3.edf"", ""PN12-4.edf""]"
PN12,PN12-1.2.edf,2455,2445,2455,2395,2455,True,True,False,True,0,9774,0,negative,,,0.093037373724405667,0.94999999999999996,E1_RF,20260922,True,nested,"[""PN12-3.edf"", ""PN12-4.edf""]"
PN12,PN12-1.2.edf,2460,2450,2460,2400,2460,True,True,False,True,0,9774,0,negative,,,0.01170736400124698,0.94999999999999996,E1_RF,20260922,True,nested,"[""PN12-3.edf"", ""PN12-4.edf""]"
PN12,PN12-1.2.edf,2465,2455,2465,2405,2465,True,True,False,True,0,9774,0,negative,,,0.027570766608439344,0.94999999999999996,E1_RF,20260922,True,nested,"[""PN12-3.edf"", ""PN12-4.edf""]"
PN12,PN12-1.2.edf,2470,2460,2470,2410,2470,True,True,False,True,0,9774,0,negative,,,0.02694339474604103,0.94999999999999996,E1_RF,20260922,True,nested,"[""PN12-3.edf"", ""PN12-4.edf""]"
PN12,PN12-1.2.edf,2475,2465,2475,2415,2475,True,True,False,True,0,9774,0,negative,,,0.014612194131651922,0.94999999999999996,E1_RF,20260922,True,nested,"[""PN12-3.edf"", ""PN12-4.edf""]"
PN12,PN12-1.2.edf,2480,2470,2480,2420,2480,True,True,False,True,0,9774,0,negative,,,0,0.94999999999999996,E1_RF,20260922,True,nested,"[""PN12-3.edf"", ""PN12-4.edf""]"
PN12,PN12-1.2.edf,2485,2475,2485,2425,2485,True,True,False,True,0,9774,0,negative,,,0.0029166666666666668,0.94999999999999996,E1_RF,20260922,True,nested,"[""PN12-3.edf"", ""PN12-4.edf""]"
PN12,PN12-1.2.edf,2490,2480,2490,2430,2490,True,True,False,True,0,9774,0,negative,,,0.018316318669510161,0.94999999999999996,E1_RF,20260922,True,nested,"[""PN12-3.edf"", ""PN12-4.edf""]"
PN12,PN12-1.2.edf,2495,2485,2495,2435,2495,True,True,False,True,0,9774,0,negative,,,0.0091776063180318487,0.94999999999999996,E1_RF,20260922,True,nested,"[""PN12-3.edf"", ""PN12-4.edf""]"
PN12,PN12-1.2.edf,2500,2490,2500,2440,2500,True,True,False,True,0,9774,0,negative,,,0,0.94999999999999996,E1_RF,20260922,True,nested,"[""PN12-3.edf"", ""PN12-4.edf""]"
PN12,PN12-1.2.edf,2505,2495,2505,2445,2505,True,True,False,True,0,9774,0,negative,,,0,0.94999999999999996,E1_RF,20260922,True,nested,"[""PN12-3.edf"", ""PN12-4.edf""]"
PN12,PN12-1.2.edf,2510,2500,2510,2450,2510,True,True,False,True,0,9774,0,negative,,,0,0.94999999999999996,E1_RF,20260922,True,nested,"[""PN12-3.edf"", ""PN12-4.edf""]"
PN12,PN12-1.2.edf,2515,2505,2515,2455,2515,True,True,False,True,0,9774,0,negative,,,0.0054656862745098038,0.94999999999999996,E1_RF,20260922,True,nested,"[""PN12-3.edf"", ""PN12-4.edf""]"
PN12,PN12-1.2.edf,2520,2510,2520,2460,2520,True,True,False,True,0,9774,0,negative,,,0.0054656862745098038,0.94999999999999996,E1_RF,20260922,True,nested,"[""PN12-3.edf"", ""PN12-4.edf""]"
PN12,PN12-1.2.edf,2525,2515,2525,2465,2525,True,True,False,True,0,9774,0,negative,,,0.0028124999999999999,0.94999999999999996,E1_RF,20260922,True,nested,"[""PN12-3.edf"", ""PN12-4.edf""]"
PN12,PN12-1.2.edf,2530,2520,2530,2470,2530,True,True,False,True,0,9774,0,negative,,,0.014101323135360862,0.94999999999999996,E1_RF,20260922,True,nested,"[""PN12-3.edf"", ""PN12-4.edf""]"
PN12,PN12-1.2.edf,2535,2525,2535,2475,2535,True,True,False,True,0,9774,0,negative,,,0,0.94999999999999996,E1_RF,20260922,True,nested,"[""PN12-3.edf"", ""PN12-4.edf""]"
PN12,PN12-1.2.edf,2540,2530,2540,2480,2540,True,True,False,True,0,9774,0,negative,,,0.01868370853008372,0.94999999999999996,E1_RF,20260922,True,nested,"[""PN12-3.edf"", ""PN12-4.edf""]"
PN12,PN12-1.2.edf,2545,2535,2545,2485,2545,True,True,False,True,0,9774,0,negative,,,0.02694186582730141,0.94999999999999996,E1_RF,20260922,True,nested,"[""PN12-3.edf"", ""PN12-4.edf""]"
PN12,PN12-1.2.edf,2550,2540,2550,2490,2550,True,True,False,True,0,9774,0,negative,,,0.008701409208218441,0.94999999999999996,E1_RF,20260922,True,nested,"[""PN12-3.edf"", ""PN12-4.edf""]"
PN12,PN12-1.2.edf,2555,2545,2555,2495,2555,True,True,False,True,0,9774,0,negative,,,0.006514244594904,0.94999999999999996,E1_RF,20260922,True,nested,"[""PN12-3.edf"", ""PN12-4.edf""]"
PN12,PN12-1.2.edf,2560,2550,2560,2500,2560,True,True,False,True,0,9774,0,negative,,,0,0.94999999999999996,E1_RF,20260922,True,nested,"[""PN12-3.edf"", ""PN12-4.edf""]"
PN12,PN12-1.2.edf,2565,2555,2565,2505,2565,True,True,False,True,0,9774,0,negative,,,0,0.94999999999999996,E1_RF,20260922,True,nested,"[""PN12-3.edf"", ""PN12-4.edf""]"
PN12,PN12-1.2.edf,2570,2560,2570,2510,2570,True,True,False,True,0,9774,0,negative,,,0,0.94999999999999996,E1_RF,20260922,True,nested,"[""PN12-3.edf"", ""PN12-4.edf""]"
PN12,PN12-1.2.edf,2575,2565,2575,2515,2575,True,True,False,True,0,9774,0,negative,,,0.0082727038183694531,0.94999999999999996,E1_RF,20260922,True,nested,"[""PN12-3.edf"", ""PN12-4.edf""]"
PN12,PN12-1.2.edf,2580,2570,2580,2520,2580,True,True,False,True,0,9774,0,negative,,,0,0.94999999999999996,E1_RF,20260922,True,nested,"[""PN12-3.edf"", ""PN12-4.edf""]"
PN12,PN12-1.2.edf,2585,2575,2585,2525,2585,True,True,False,True,0,9774,0,negative,,,0,0.94999999999999996,E1_RF,20260922,True,nested,"[""PN12-3.edf"", ""PN12-4.edf""]"
PN12,PN12-1.2.edf,2590,2580,2590,2530,2590,True,True,False,True,0,9774,0,negative,,,0,0.94999999999999996,E1_RF,20260922,True,nested,"[""PN12-3.edf"", ""PN12-4.edf""]"
PN12,PN12-1.2.edf,2595,2585,2595,2535,2595,True,True,False,True,0,9774,0,negative,,,0,0.94999999999999996,E1_RF,20260922,True,nested,"[""PN12-3.edf"", ""PN12-4.edf""]"
PN12,PN12-1.2.edf,2600,2590,2600,2540,2600,True,True,False,True,0,9774,0,negative,,,0,0.94999999999999996,E1_RF,20260922,True,nested,"[""PN12-3.edf"", ""PN12-4.edf""]"
PN12,PN12-1.2.edf,2605,2595,2605,2545,2605,True,True,False,True,0,9774,0,negative,,,0.072967187785715024,0.94999999999999996,E1_RF,20260922,True,nested,"[""PN12-3.edf"", ""PN12-4.edf""]"
PN12,PN12-1.2.edf,2610,2600,2610,2550,2610,True,True,False,True,0,9774,0,negative,,,0.027561033812206284,0.94999999999999996,E1_RF,20260922,True,nested,"[""PN12-3.edf"", ""PN12-4.edf""]"
PN12,PN12-1.2.edf,2615,2605,2615,2555,2615,True,True,False,True,0,9774,0,negative,,,0.083181541895643057,0.94999999999999996,E1_RF,20260922,True,nested,"[""PN12-3.edf"", ""PN12-4.edf""]"
PN12,PN12-1.2.edf,2620,2610,2620,2560,2620,True,True,False,True,0,9774,0,negative,,,0.069226030685302711,0.94999999999999996,E1_RF,20260922,True,nested,"[""PN12-3.edf"", ""PN12-4.edf""]"
PN12,PN12-1.2.edf,2625,2615,2625,2565,2625,True,True,False,True,0,9774,0,negative,,,0.031033598398355539,0.94999999999999996,E1_RF,20260922,True,nested,"[""PN12-3.edf"", ""PN12-4.edf""]"
PN12,PN12-1.2.edf,2630,2620,2630,2570,2630,True,True,False,True,0,9774,0,negative,,,0.08586573180492714,0.94999999999999996,E1_RF,20260922,True,nested,"[""PN12-3.edf"", ""PN12-4.edf""]"
PN12,PN12-1.2.edf,2635,2625,2635,2575,2635,True,True,False,True,0,9774,0,negative,,,0.0029411764705882353,0.94999999999999996,E1_RF,20260922,True,nested,"[""PN12-3.edf"", ""PN12-4.edf""]"
PN12,PN12-1.2.edf,2640,2630,2640,2580,2640,True,True,False,True,0,9774,0,negative,,,0,0.94999999999999996,E1_RF,20260922,True,nested,"[""PN12-3.edf"", ""PN12-4.edf""]"
PN12,PN12-1.2.edf,2645,2635,2645,2585,2645,True,True,False,True,0,9774,0,negative,,,0.0066406249999999998,0.94999999999999996,E1_RF,20260922,True,nested,"[""PN12-3.edf"", ""PN12-4.edf""]"
PN12,PN12-1.2.edf,2650,2640,2650,2590,2650,True,True,False,True,0,9774,0,negative,,,0.10448130916862867,0.94999999999999996,E1_RF,20260922,True,nested,"[""PN12-3.edf"", ""PN12-4.edf""]"
PN12,PN12-1.2.edf,2655,2645,2655,2595,2655,True,True,False,True,0,9774,0,negative,,,0.015205100167866125,0.94999999999999996,E1_RF,20260922,True,nested,"[""PN12-3.edf"", ""PN12-4.edf""]"
PN12,PN12-1.2.edf,2660,2650,2660,2600,2660,True,True,False,True,0,9774,0,negative,,,0.033201524019800269,0.94999999999999996,E1_RF,20260922,True,nested,"[""PN12-3.edf"", ""PN12-4.edf""]"
PN12,PN12-1.2.edf,2665,2655,2665,2605,2665,True,True,False,True,0,9774,0,negative,,,0.060800959256749609,0.94999999999999996,E1_RF,20260922,True,nested,"[""PN12-3.edf"", ""PN12-4.edf""]"
PN12,PN12-1.2.edf,2670,2660,2670,2610,2670,True,True,False,True,0,9774,0,negative,,,0.036551580616455692,0.94999999999999996,E1_RF,20260922,True,nested,"[""PN12-3.edf"", ""PN12-4.edf""]"
PN12,PN12-1.2.edf,2675,2665,2675,2615,2675,True,True,False,True,0,9774,0,negative,,,0.0638514345886496,0.94999999999999996,E1_RF,20260922,True,nested,"[""PN12-3.edf"", ""PN12-4.edf""]"
PN12,PN12-1.2.edf,2680,2670,2680,2620,2680,True,True,False,True,0,9774,0,negative,,,0.036133297871810827,0.94999999999999996,E1_RF,20260922,True,nested,"[""PN12-3.edf"", ""PN12-4.edf""]"
PN12,PN12-1.2.edf,2685,2675,2685,2625,2685,True,True,False,True,0,9774,0,negative,,,0.0061543896838014483,0.94999999999999996,E1_RF,20260922,True,nested,"[""PN12-3.edf"", ""PN12-4.edf""]"
PN12,PN12-1.2.edf,2690,2680,2690,2630,2690,True,True,False,True,0,9774,0,negative,,,0.023476368979042775,0.94999999999999996,E1_RF,20260922,True,nested,"[""PN12-3.edf"", ""PN12-4.edf""]"
PN12,PN12-1.2.edf,2695,2685,2695,2635,2695,True,True,False,True,0,9774,0,negative,,,0,0.94999999999999996,E1_RF,20260922,True,nested,"[""PN12-3.edf"", ""PN12-4.edf""]"
PN12,PN12-1.2.edf,2700,2690,2700,2640,2700,True,True,False,True,0,9774,0,negative,,,0,0.94999999999999996,E1_RF,20260922,True,nested,"[""PN12-3.edf"", ""PN12-4.edf""]"
PN12,PN12-1.2.edf,2705,2695,2705,2645,2705,True,True,False,True,0,9774,0,negative,,,0,0.94999999999999996,E1_RF,20260922,True,nested,"[""PN12-3.edf"", ""PN12-4.edf""]"
PN12,PN12-1.2.edf,2710,2700,2710,2650,2710,True,True,False,True,0,9774,0,negative,,,0.032776375741484447,0.94999999999999996,E1_RF,20260922,True,nested,"[""PN12-3.edf"", ""PN12-4.edf""]"
PN12,PN12-1.2.edf,2715,2705,2715,2655,2715,True,True,False,True,0,9774,0,negative,,,0.021434698334698334,0.94999999999999996,E1_RF,20260922,True,nested,"[""PN12-3.edf"", ""PN12-4.edf""]"
PN12,PN12-1.2.edf,2720,2710,2720,2660,2720,True,True,False,True,0,9774,0,negative,,,0.067271904435327545,0.94999999999999996,E1_RF,20260922,True,nested,"[""PN12-3.edf"", ""PN12-4.edf""]"
PN12,PN12-1.2.edf,2725,2715,2725,2665,2725,True,True,False,True,0,9774,0,negative,,,0.038782456718323324,0.94999999999999996,E1_RF,20260922,True,nested,"[""PN12-3.edf"", ""PN12-4.edf""]"
PN12,PN12-1.2.edf,2730,2720,2730,2670,2730,True,True,False,True,0,9774,0,negative,,,0,0.94999999999999996,E1_RF,20260922,True,nested,"[""PN12-3.edf"", ""PN12-4.edf""]"
PN12,PN12-1.2.edf,2735,2725,2735,2675,2735,True,True,False,True,0,9774,0,negative,,,0.026331464486552811,0.94999999999999996,E1_RF,20260922,True,nested,"[""PN12-3.edf"", ""PN12-4.edf""]"
PN12,PN12-1.2.edf,2740,2730,2740,2680,2740,True,True,False,True,0,9774,0,negative,,,0,0.94999999999999996,E1_RF,20260922,True,nested,"[""PN12-3.edf"", ""PN12-4.edf""]"
PN12,PN12-1.2.edf,2745,2735,2745,2685,2745,True,True,False,True,0,9774,0,negative,,,0,0.94999999999999996,E1_RF,20260922,True,nested,"[""PN12-3.edf"", ""PN12-4.edf""]"
PN12,PN12-1.2.edf,2750,2740,2750,2690,2750,True,True,False,True,0,9774,0,negative,,,0.10842078308811447,0.94999999999999996,E1_RF,20260922,True,nested,"[""PN12-3.edf"", ""PN12-4.edf""]"
PN12,PN12-1.2.edf,2755,2745,2755,2695,2755,True,True,False,True,0,9774,0,negative,,,0.066809778576010087,0.94999999999999996,E1_RF,20260922,True,nested,"[""PN12-3.edf"", ""PN12-4.edf""]"
PN12,PN12-1.2.edf,2760,2750,2760,2700,2760,True,True,False,True,0,9774,0,negative,,,0.0088465738465738457,0.94999999999999996,E1_RF,20260922,True,nested,"[""PN12-3.edf"", ""PN12-4.edf""]"
PN12,PN12-1.2.edf,2765,2755,2765,2705,2765,True,True,False,True,0,9774,0,negative,,,0.002972972972972973,0.94999999999999996,E1_RF,20260922,True,nested,"[""PN12-3.edf"", ""PN12-4.edf""]"
PN12,PN12-1.2.edf,2770,2760,2770,2710,2770,True,True,False,True,0,9774,0,negative,,,0.094032391768791884,0.94999999999999996,E1_RF,20260922,True,nested,"[""PN12-3.edf"", ""PN12-4.edf""]"
PN12,PN12-1.2.edf,2775,2765,2775,2715,2775,True,True,False,True,0,9774,0,negative,,,0.029673237333123884,0.94999999999999996,E1_RF,20260922,True,nested,"[""PN12-3.edf"", ""PN12-4.edf""]"
PN12,PN12-1.2.edf,2780,2770,2780,2720,2780,True,True,False,True,0,9774,0,negative,,,0.048651716971634194,0.94999999999999996,E1_RF,20260922,True,nested,"[""PN12-3.edf"", ""PN12-4.edf""]"
PN12,PN12-1.2.edf,2785,2775,2785,2725,2785,True,True,False,True,0,9774,0,negative,,,0,0.94999999999999996,E1_RF,20260922,True,nested,"[""PN12-3.edf"", ""PN12-4.edf""]"
PN12,PN12-1.2.edf,2790,2780,2790,2730,2790,True,True,False,True,0,9774,0,negative,,,0.0089602102102102101,0.94999999999999996,E1_RF,20260922,True,nested,"[""PN12-3.edf"", ""PN12-4.edf""]"
PN12,PN12-1.2.edf,2795,2785,2795,2735,2795,True,True,False,True,0,9774,0,negative,,,0,0.94999999999999996,E1_RF,20260922,True,nested,"[""PN12-3.edf"", ""PN12-4.edf""]"
PN12,PN12-1.2.edf,2800,2790,2800,2740,2800,True,True,False,True,0,9774,0,negative,,,0.10613118512862561,0.94999999999999996,E1_RF,20260922,True,nested,"[""PN12-3.edf"", ""PN12-4.edf""]"
PN12,PN12-1.2.edf,2805,2795,2805,2745,2805,True,True,False,True,0,9774,0,negative,,,0.18107221568633108,0.94999999999999996,E1_RF,20260922,True,nested,"[""PN12-3.edf"", ""PN12-4.edf""]"
PN12,PN12-1.2.edf,2810,2800,2810,2750,2810,True,True,False,True,0,9774,0,negative,,,0.010809176065343049,0.94999999999999996,E1_RF,20260922,True,nested,"[""PN12-3.edf"", ""PN12-4.edf""]"
PN12,PN12-1.2.edf,2815,2805,2815,2755,2815,True,True,False,True,0,9774,0,negative,,,0.0029107981220657273,0.94999999999999996,E1_RF,20260922,True,nested,"[""PN12-3.edf"", ""PN12-4.edf""]"
PN12,PN12-1.2.edf,2820,2810,2820,2760,2820,True,True,False,True,0,9774,0,negative,,,0,0.94999999999999996,E1_RF,20260922,True,nested,"[""PN12-3.edf"", ""PN12-4.edf""]"
PN12,PN12-1.2.edf,2825,2815,2825,2765,2825,True,True,False,True,0,9774,0,negative,,,0,0.94999999999999996,E1_RF,20260922,True,nested,"[""PN12-3.edf"", ""PN12-4.edf""]"
PN12,PN12-1.2.edf,2830,2820,2830,2770,2830,True,True,False,True,0,9774,0,negative,,,0.036086816066331601,0.94999999999999996,E1_RF,20260922,True,nested,"[""PN12-3.edf"", ""PN12-4.edf""]"
PN12,PN12-1.2.edf,2835,2825,2835,2775,2835,True,True,False,True,0,9774,0,negative,,,0.08892732728256017,0.94999999999999996,E1_RF,20260922,True,nested,"[""PN12-3.edf"", ""PN12-4.edf""]"
PN12,PN12-1.2.edf,2840,2830,2840,2780,2840,True,True,False,True,0,9774,0,negative,,,0.26835503076046163,0.94999999999999996,E1_RF,20260922,True,nested,"[""PN12-3.edf"", ""PN12-4.edf""]"
PN12,PN12-1.2.edf,2845,2835,2845,2785,2845,True,True,False,True,0,9774,0,negative,,,0.17360423326717159,0.94999999999999996,E1_RF,20260922,True,nested,"[""PN12-3.edf"", ""PN12-4.edf""]"
PN12,PN12-1.2.edf,2850,2840,2850,2790,2850,True,True,False,True,0,9774,0,negative,,,0.09117810859709044,0.94999999999999996,E1_RF,20260922,True,nested,"[""PN12-3.edf"", ""PN12-4.edf""]"
PN12,PN12-1.2.edf,2855,2845,2855,2795,2855,True,True,False,True,0,9774,0,negative,,,0.029047588066686149,0.94999999999999996,E1_RF,20260922,True,nested,"[""PN12-3.edf"", ""PN12-4.edf""]"
PN12,PN12-1.2.edf,2860,2850,2860,2800,2860,True,True,False,True,0,9774,0,negative,,,0,0.94999999999999996,E1_RF,20260922,True,nested,"[""PN12-3.edf"", ""PN12-4.edf""]"
PN12,PN12-1.2.edf,2865,2855,2865,2805,2865,True,True,False,True,0,9774,0,negative,,,0.0030128205128205129,0.94999999999999996,E1_RF,20260922,True,nested,"[""PN12-3.edf"", ""PN12-4.edf""]"
PN12,PN12-1.2.edf,2870,2860,2870,2810,2870,True,True,False,True,0,9774,0,negative,,,0,0.94999999999999996,E1_RF,20260922,True,nested,"[""PN12-3.edf"", ""PN12-4.edf""]"
PN12,PN12-1.2.edf,2875,2865,2875,2815,2875,True,True,False,True,0,9774,0,negative,,,0,0.94999999999999996,E1_RF,20260922,True,nested,"[""PN12-3.edf"", ""PN12-4.edf""]"
PN12,PN12-1.2.edf,2880,2870,2880,2820,2880,True,True,False,True,0,9774,0,negative,,,0,0.94999999999999996,E1_RF,20260922,True,nested,"[""PN12-3.edf"", ""PN12-4.edf""]"
PN12,PN12-1.2.edf,2885,2875,2885,2825,2885,True,True,False,True,0,9774,0,negative,,,0,0.94999999999999996,E1_RF,20260922,True,nested,"[""PN12-3.edf"", ""PN12-4.edf""]"
PN12,PN12-1.2.edf,2890,2880,2890,2830,2890,True,True,False,True,0,9774,0,negative,,,0.0084751212312882147,0.94999999999999996,E1_RF,20260922,True,nested,"[""PN12-3.edf"", ""PN12-4.edf""]"
PN12,PN12-1.2.edf,2895,2885,2895,2835,2895,True,True,False,True,0,9774,0,negative,,,0.005706751054852321,0.94999999999999996,E1_RF,20260922,True,nested,"[""PN12-3.edf"", ""PN12-4.edf""]"
PN12,PN12-1.2.edf,2900,2890,2900,2840,2900,True,True,False,True,0,9774,0,negative,,,0,0.94999999999999996,E1_RF,20260922,True,nested,"[""PN12-3.edf"", ""PN12-4.edf""]"
PN12,PN12-1.2.edf,2905,2895,2905,2845,2905,True,True,False,True,0,9774,0,negative,,,0,0.94999999999999996,E1_RF,20260922,True,nested,"[""PN12-3.edf"", ""PN12-4.edf""]"
PN12,PN12-1.2.edf,2910,2900,2910,2850,2910,True,True,False,True,0,9774,0,negative,,,0.0055001767408978438,0.94999999999999996,E1_RF,20260922,True,nested,"[""PN12-3.edf"", ""PN12-4.edf""]"
PN12,PN12-1.2.edf,2915,2905,2915,2855,2915,True,True,False,True,0,9774,0,negative,,,0.033480624848119277,0.94999999999999996,E1_RF,20260922,True,nested,"[""PN12-3.edf"", ""PN12-4.edf""]"
PN12,PN12-1.2.edf,2920,2910,2920,2860,2920,True,True,False,True,0,9774,0,negative,,,0.039784407321742141,0.94999999999999996,E1_RF,20260922,True,nested,"[""PN12-3.edf"", ""PN12-4.edf""]"
PN12,PN12-1.2.edf,2925,2915,2925,2865,2925,True,True,False,True,0,9774,0,negative,,,0.073306910881755852,0.94999999999999996,E1_RF,20260922,True,nested,"[""PN12-3.edf"", ""PN12-4.edf""]"
PN12,PN12-1.2.edf,2930,2920,2930,2870,2930,True,True,False,True,0,9774,0,negative,,,0.047187381532180266,0.94999999999999996,E1_RF,20260922,True,nested,"[""PN12-3.edf"", ""PN12-4.edf""]"
PN12,PN12-1.2.edf,2935,2925,2935,2875,2935,True,True,False,True,0,9774,0,negative,,,0.25908023722859547,0.94999999999999996,E1_RF,20260922,True,nested,"[""PN12-3.edf"", ""PN12-4.edf""]"
PN12,PN12-1.2.edf,2940,2930,2940,2880,2940,True,True,False,True,0,9774,0,negative,,,0.067385171328773252,0.94999999999999996,E1_RF,20260922,True,nested,"[""PN12-3.edf"", ""PN12-4.edf""]"
PN12,PN12-1.2.edf,2945,2935,2945,2885,2945,True,True,False,True,0,9774,0,negative,,,0.014402977559077079,0.94999999999999996,E1_RF,20260922,True,nested,"[""PN12-3.edf"", ""PN12-4.edf""]"
PN12,PN12-1.2.edf,2950,2940,2950,2890,2950,True,True,False,True,0,9774,0,negative,,,0.18293892501016046,0.94999999999999996,E1_RF,20260922,True,nested,"[""PN12-3.edf"", ""PN12-4.edf""]"
PN12,PN12-1.2.edf,2955,2945,2955,2895,2955,True,True,False,True,0,9774,0,negative,,,0.32838736584975187,0.94999999999999996,E1_RF,20260922,True,nested,"[""PN12-3.edf"", ""PN12-4.edf""]"
PN12,PN12-1.2.edf,2960,2950,2960,2900,2960,True,True,False,True,0,9774,0,negative,,,0,0.94999999999999996,E1_RF,20260922,True,nested,"[""PN12-3.edf"", ""PN12-4.edf""]"
PN12,PN12-1.2.edf,2965,2955,2965,2905,2965,True,True,False,True,0,9774,0,negative,,,0.12483576868923064,0.94999999999999996,E1_RF,20260922,True,nested,"[""PN12-3.edf"", ""PN12-4.edf""]"
PN12,PN12-1.2.edf,2970,2960,2970,2910,2970,True,True,False,True,0,9774,0,negative,,,0.15530713355261475,0.94999999999999996,E1_RF,20260922,True,nested,"[""PN12-3.edf"", ""PN12-4.edf""]"
PN12,PN12-1.2.edf,2975,2965,2975,2915,2975,True,True,False,True,0,9774,0,negative,,,0.36489106620802458,0.94999999999999996,E1_RF,20260922,True,nested,"[""PN12-3.edf"", ""PN12-4.edf""]"
PN12,PN12-1.2.edf,2980,2970,2980,2920,2980,True,True,False,True,0,9774,0,negative,,,0.36151751551295691,0.94999999999999996,E1_RF,20260922,True,nested,"[""PN12-3.edf"", ""PN12-4.edf""]"
PN12,PN12-1.2.edf,2985,2975,2985,2925,2985,True,True,False,True,0,9774,0,negative,,,0.1373685312857432,0.94999999999999996,E1_RF,20260922,True,nested,"[""PN12-3.edf"", ""PN12-4.edf""]"
PN12,PN12-1.2.edf,2990,2980,2990,2930,2990,True,True,False,True,0,9774,0,negative,,,0.023513751825121377,0.94999999999999996,E1_RF,20260922,True,nested,"[""PN12-3.edf"", ""PN12-4.edf""]"
PN12,PN12-1.2.edf,2995,2985,2995,2935,2995,True,True,False,True,0,9774,0,negative,,,0.02185248189299363,0.94999999999999996,E1_RF,20260922,True,nested,"[""PN12-3.edf"", ""PN12-4.edf""]"
PN12,PN12-1.2.edf,3000,2990,3000,2940,3000,True,True,False,True,0,9774,0,negative,,,0.0063291552421987207,0.94999999999999996,E1_RF,20260922,True,nested,"[""PN12-3.edf"", ""PN12-4.edf""]"
PN12,PN12-1.2.edf,3005,2995,3005,2945,3005,True,True,False,True,0,9774,0,negative,,,0.028313368780106783,0.94999999999999996,E1_RF,20260922,True,nested,"[""PN12-3.edf"", ""PN12-4.edf""]"
PN12,PN12-1.2.edf,3010,3000,3010,2950,3010,True,True,False,True,0,9774,0,negative,,,0.012245046056598673,0.94999999999999996,E1_RF,20260922,True,nested,"[""PN12-3.edf"", ""PN12-4.edf""]"
PN12,PN12-1.2.edf,3015,3005,3015,2955,3015,True,True,False,True,0,9774,0,negative,,,0.021844947233560237,0.94999999999999996,E1_RF,20260922,True,nested,"[""PN12-3.edf"", ""PN12-4.edf""]"
PN12,PN12-1.2.edf,3020,3010,3020,2960,3020,True,True,False,True,0,9774,0,negative,,,0.047970411592684808,0.94999999999999996,E1_RF,20260922,True,nested,"[""PN12-3.edf"", ""PN12-4.edf""]"
PN12,PN12-1.2.edf,3025,3015,3025,2965,3025,True,True,False,True,0,9774,0,negative,,,0.0093182167883059906,0.94999999999999996,E1_RF,20260922,True,nested,"[""PN12-3.edf"", ""PN12-4.edf""]"
PN12,PN12-1.2.edf,3030,3020,3030,2970,3030,True,True,False,True,0,9774,0,negative,,,0,0.94999999999999996,E1_RF,20260922,True,nested,"[""PN12-3.edf"", ""PN12-4.edf""]"
PN12,PN12-1.2.edf,3035,3025,3035,2975,3035,True,True,False,True,0,9774,0,negative,,,0.0057359307359307358,0.94999999999999996,E1_RF,20260922,True,nested,"[""PN12-3.edf"", ""PN12-4.edf""]"
PN12,PN12-1.2.edf,3040,3030,3040,2980,3040,True,True,False,True,0,9774,0,negative,,,0.0029710144927536232,0.94999999999999996,E1_RF,20260922,True,nested,"[""PN12-3.edf"", ""PN12-4.edf""]"
PN12,PN12-1.2.edf,3045,3035,3045,2985,3045,True,True,False,True,0,9774,0,negative,,,0.0094138315574248243,0.94999999999999996,E1_RF,20260922,True,nested,"[""PN12-3.edf"", ""PN12-4.edf""]"
PN12,PN12-1.2.edf,3050,3040,3050,2990,3050,True,True,False,True,0,9774,0,negative,,,0.026346878602309009,0.94999999999999996,E1_RF,20260922,True,nested,"[""PN12-3.edf"", ""PN12-4.edf""]"
PN12,PN12-1.2.edf,3055,3045,3055,2995,3055,True,True,False,True,0,9774,0,negative,,,0.0056696428571428575,0.94999999999999996,E1_RF,20260922,True,nested,"[""PN12-3.edf"", ""PN12-4.edf""]"
PN12,PN12-1.2.edf,3060,3050,3060,3000,3060,True,True,False,True,0,9774,0,negative,,,0.047861113226739679,0.94999999999999996,E1_RF,20260922,True,nested,"[""PN12-3.edf"", ""PN12-4.edf""]"
PN12,PN12-1.2.edf,3065,3055,3065,3005,3065,True,True,False,True,0,9774,0,negative,,,0.07045141342793966,0.94999999999999996,E1_RF,20260922,True,nested,"[""PN12-3.edf"", ""PN12-4.edf""]"
PN12,PN12-1.2.edf,3070,3060,3070,3010,3070,True,True,False,True,0,9774,0,negative,,,0.028006411105614082,0.94999999999999996,E1_RF,20260922,True,nested,"[""PN12-3.edf"", ""PN12-4.edf""]"
PN12,PN12-1.2.edf,3075,3065,3075,3015,3075,True,True,False,True,0,9774,0,negative,,,0.024534942054703437,0.94999999999999996,E1_RF,20260922,True,nested,"[""PN12-3.edf"", ""PN12-4.edf""]"
PN12,PN12-1.2.edf,3080,3070,3080,3020,3080,True,True,False,True,0,9774,0,negative,,,0.047134312021257729,0.94999999999999996,E1_RF,20260922,True,nested,"[""PN12-3.edf"", ""PN12-4.edf""]"
PN12,PN12-1.2.edf,3085,3075,3085,3025,3085,True,True,False,True,0,9774,0,negative,,,0.029997057465028565,0.94999999999999996,E1_RF,20260922,True,nested,"[""PN12-3.edf"", ""PN12-4.edf""]"
PN12,PN12-1.2.edf,3090,3080,3090,3030,3090,True,True,False,True,0,9774,0,negative,,,0.003192488262910798,0.94999999999999996,E1_RF,20260922,True,nested,"[""PN12-3.edf"", ""PN12-4.edf""]"
PN12,PN12-1.2.edf,3095,3085,3095,3035,3095,True,True,False,True,0,9774,0,negative,,,0.051042685303269636,0.94999999999999996,E1_RF,20260922,True,nested,"[""PN12-3.edf"", ""PN12-4.edf""]"
PN12,PN12-1.2.edf,3100,3090,3100,3040,3100,True,True,False,True,0,9774,0,negative,,,0.024554134743200388,0.94999999999999996,E1_RF,20260922,True,nested,"[""PN12-3.edf"", ""PN12-4.edf""]"
PN12,PN12-1.2.edf,3105,3095,3105,3045,3105,True,True,False,True,0,9774,0,negative,,,0.027233398044950667,0.94999999999999996,E1_RF,20260922,True,nested,"[""PN12-3.edf"", ""PN12-4.edf""]"
PN12,PN12-1.2.edf,3110,3100,3110,3050,3110,True,True,False,True,0,9774,0,negative,,,0.0061274509803921576,0.94999999999999996,E1_RF,20260922,True,nested,"[""PN12-3.edf"", ""PN12-4.edf""]"
PN12,PN12-1.2.edf,3115,3105,3115,3055,3115,True,True,False,True,0,9774,0,negative,,,0,0.94999999999999996,E1_RF,20260922,True,nested,"[""PN12-3.edf"", ""PN12-4.edf""]"
PN12,PN12-1.2.edf,3120,3110,3120,3060,3120,True,True,False,True,0,9774,0,negative,,,0,0.94999999999999996,E1_RF,20260922,True,nested,"[""PN12-3.edf"", ""PN12-4.edf""]"
PN12,PN12-1.2.edf,3125,3115,3125,3065,3125,True,True,False,True,0,9774,0,negative,,,0.0084751212312882147,0.94999999999999996,E1_RF,20260922,True,nested,"[""PN12-3.edf"", ""PN12-4.edf""]"
PN12,PN12-1.2.edf,3130,3120,3130,3070,3130,True,True,False,True,0,9774,0,negative,,,0,0.94999999999999996,E1_RF,20260922,True,nested,"[""PN12-3.edf"", ""PN12-4.edf""]"
PN12,PN12-1.2.edf,3135,3125,3135,3075,3135,True,True,False,True,0,9774,0,negative,,,0,0.94999999999999996,E1_RF,20260922,True,nested,"[""PN12-3.edf"", ""PN12-4.edf""]"
PN12,PN12-1.2.edf,3140,3130,3140,3080,3140,True,True,False,True,0,9774,0,negative,,,0,0.94999999999999996,E1_RF,20260922,True,nested,"[""PN12-3.edf"", ""PN12-4.edf""]"
PN12,PN12-1.2.edf,3145,3135,3145,3085,3145,True,True,False,True,0,9774,0,negative,,,0,0.94999999999999996,E1_RF,20260922,True,nested,"[""PN12-3.edf"", ""PN12-4.edf""]"
PN12,PN12-1.2.edf,3150,3140,3150,3090,3150,True,True,False,True,0,9774,0,negative,,,0.017835070099427128,0.94999999999999996,E1_RF,20260922,True,nested,"[""PN12-3.edf"", ""PN12-4.edf""]"
PN12,PN12-1.2.edf,3155,3145,3155,3095,3155,True,True,False,True,0,9774,0,negative,,,0.023737336001693029,0.94999999999999996,E1_RF,20260922,True,nested,"[""PN12-3.edf"", ""PN12-4.edf""]"
PN12,PN12-1.2.edf,3160,3150,3160,3100,3160,True,True,False,True,0,9774,0,negative,,,0.059906572148345848,0.94999999999999996,E1_RF,20260922,True,nested,"[""PN12-3.edf"", ""PN12-4.edf""]"
PN12,PN12-1.2.edf,3165,3155,3165,3105,3165,True,True,False,True,0,9774,0,negative,,,0.018956353580872592,0.94999999999999996,E1_RF,20260922,True,nested,"[""PN12-3.edf"", ""PN12-4.edf""]"
PN12,PN12-1.2.edf,3170,3160,3170,3110,3170,True,True,False,True,0,9774,0,negative,,,0.0084247630676202098,0.94999999999999996,E1_RF,20260922,True,nested,"[""PN12-3.edf"", ""PN12-4.edf""]"
PN12,PN12-1.2.edf,3175,3165,3175,3115,3175,True,True,False,True,0,9774,0,negative,,,0.017863519013127233,0.94999999999999996,E1_RF,20260922,True,nested,"[""PN12-3.edf"", ""PN12-4.edf""]"
PN12,PN12-1.2.edf,3180,3170,3180,3120,3180,True,True,False,True,0,9774,0,negative,,,0.027157537089841484,0.94999999999999996,E1_RF,20260922,True,nested,"[""PN12-3.edf"", ""PN12-4.edf""]"
PN12,PN12-1.2.edf,3185,3175,3185,3125,3185,True,True,False,True,0,9774,0,negative,,,0.0029107981220657273,0.94999999999999996,E1_RF,20260922,True,nested,"[""PN12-3.edf"", ""PN12-4.edf""]"
PN12,PN12-1.2.edf,3190,3180,3190,3130,3190,True,True,False,True,0,9774,0,negative,,,0.011638295700080598,0.94999999999999996,E1_RF,20260922,True,nested,"[""PN12-3.edf"", ""PN12-4.edf""]"
PN12,PN12-1.2.edf,3195,3185,3195,3135,3195,True,True,False,True,0,9774,0,negative,,,0.12125450574654044,0.94999999999999996,E1_RF,20260922,True,nested,"[""PN12-3.edf"", ""PN12-4.edf""]"
PN12,PN12-1.2.edf,3200,3190,3200,3140,3200,True,True,False,True,0,9774,0,negative,,,0.046965090843096968,0.94999999999999996,E1_RF,20260922,True,nested,"[""PN12-3.edf"", ""PN12-4.edf""]"
PN12,PN12-1.2.edf,3205,3195,3205,3145,3205,True,True,False,True,0,9774,0,negative,,,0,0.94999999999999996,E1_RF,20260922,True,nested,"[""PN12-3.edf"", ""PN12-4.edf""]"
PN12,PN12-1.2.edf,3210,3200,3210,3150,3210,True,True,False,True,0,9774,0,negative,,,0.076415746170642229,0.94999999999999996,E1_RF,20260922,True,nested,"[""PN12-3.edf"", ""PN12-4.edf""]"
PN12,PN12-1.2.edf,3215,3205,3215,3155,3215,True,True,False,True,0,9774,0,negative,,,0.01222154769907579,0.94999999999999996,E1_RF,20260922,True,nested,"[""PN12-3.edf"", ""PN12-4.edf""]"
PN12,PN12-1.2.edf,3220,3210,3220,3160,3220,True,True,False,True,0,9774,0,negative,,,0.027931292289521032,0.94999999999999996,E1_RF,20260922,True,nested,"[""PN12-3.edf"", ""PN12-4.edf""]"
PN12,PN12-1.2.edf,3225,3215,3225,3165,3225,True,True,False,True,0,9774,0,negative,,,0.039416625593394074,0.94999999999999996,E1_RF,20260922,True,nested,"[""PN12-3.edf"", ""PN12-4.edf""]"
PN12,PN12-1.2.edf,3230,3220,3230,3170,3230,True,True,False,True,0,9774,0,negative,,,0.052519738654930877,0.94999999999999996,E1_RF,20260922,True,nested,"[""PN12-3.edf"", ""PN12-4.edf""]"
PN12,PN12-1.2.edf,3235,3225,3235,3175,3235,True,True,False,True,0,9774,0,negative,,,0.012230392042779025,0.94999999999999996,E1_RF,20260922,True,nested,"[""PN12-3.edf"", ""PN12-4.edf""]"
PN12,PN12-1.2.edf,3240,3230,3240,3180,3240,True,True,False,True,0,9774,0,negative,,,0.0095955191007822578,0.94999999999999996,E1_RF,20260922,True,nested,"[""PN12-3.edf"", ""PN12-4.edf""]"
PN12,PN12-1.2.edf,3245,3235,3245,3185,3245,True,True,False,True,0,9774,0,negative,,,0,0.94999999999999996,E1_RF,20260922,True,nested,"[""PN12-3.edf"", ""PN12-4.edf""]"
PN12,PN12-1.2.edf,3250,3240,3250,3190,3250,True,True,False,True,0,9774,0,negative,,,0.015600923713252479,0.94999999999999996,E1_RF,20260922,True,nested,"[""PN12-3.edf"", ""PN12-4.edf""]"
PN12,PN12-1.2.edf,3255,3245,3255,3195,3255,True,True,False,True,0,9774,0,negative,,,0.0064010025062656633,0.94999999999999996,E1_RF,20260922,True,nested,"[""PN12-3.edf"", ""PN12-4.edf""]"
PN12,PN12-1.2.edf,3260,3250,3260,3200,3260,True,True,False,True,0,9774,0,negative,,,0.0029107981220657273,0.94999999999999996,E1_RF,20260922,True,nested,"[""PN12-3.edf"", ""PN12-4.edf""]"
PN12,PN12-1.2.edf,3265,3255,3265,3205,3265,True,True,False,True,0,9774,0,negative,,,0.057827328585711171,0.94999999999999996,E1_RF,20260922,True,nested,"[""PN12-3.edf"", ""PN12-4.edf""]"
PN12,PN12-1.2.edf,3270,3260,3270,3210,3270,True,True,False,True,0,9774,0,negative,,,0.018793853006181773,0.94999999999999996,E1_RF,20260922,True,nested,"[""PN12-3.edf"", ""PN12-4.edf""]"
PN12,PN12-1.2.edf,3275,3265,3275,3215,3275,True,True,False,True,0,9774,0,negative,,,0.029174717855077314,0.94999999999999996,E1_RF,20260922,True,nested,"[""PN12-3.edf"", ""PN12-4.edf""]"
PN12,PN12-1.2.edf,3280,3270,3280,3220,3280,True,True,False,True,0,9774,0,negative,,,0.067033439506244741,0.94999999999999996,E1_RF,20260922,True,nested,"[""PN12-3.edf"", ""PN12-4.edf""]"
PN12,PN12-1.2.edf,3285,3275,3285,3225,3285,True,True,False,True,0,9774,0,negative,,,0,0.94999999999999996,E1_RF,20260922,True,nested,"[""PN12-3.edf"", ""PN12-4.edf""]"
PN12,PN12-1.2.edf,3290,3280,3290,3230,3290,True,True,False,True,0,9774,0,negative,,,0,0.94999999999999996,E1_RF,20260922,True,nested,"[""PN12-3.edf"", ""PN12-4.edf""]"
PN12,PN12-1.2.edf,3295,3285,3295,3235,3295,True,True,False,True,0,9774,0,negative,,,0,0.94999999999999996,E1_RF,20260922,True,nested,"[""PN12-3.edf"", ""PN12-4.edf""]"
PN12,PN12-1.2.edf,3300,3290,3300,3240,3300,True,True,False,True,0,9774,0,negative,,,0.10256230688136049,0.94999999999999996,E1_RF,20260922,True,nested,"[""PN12-3.edf"", ""PN12-4.edf""]"
PN12,PN12-1.2.edf,3305,3295,3305,3245,3305,True,True,False,True,0,9774,0,negative,,,0.090907409533460881,0.94999999999999996,E1_RF,20260922,True,nested,"[""PN12-3.edf"", ""PN12-4.edf""]"
PN12,PN12-1.2.edf,3310,3300,3310,3250,3310,True,True,False,True,0,9774,0,negative,,,0.0094444304379277515,0.94999999999999996,E1_RF,20260922,True,nested,"[""PN12-3.edf"", ""PN12-4.edf""]"
PN12,PN12-1.2.edf,3315,3305,3315,3255,3315,True,True,False,True,0,9774,0,negative,,,0.0056726907630522084,0.94999999999999996,E1_RF,20260922,True,nested,"[""PN12-3.edf"", ""PN12-4.edf""]"
PN12,PN12-1.2.edf,3320,3310,3320,3260,3320,True,True,False,True,0,9774,0,negative,,,0,0.94999999999999996,E1_RF,20260922,True,nested,"[""PN12-3.edf"", ""PN12-4.edf""]"
PN12,PN12-1.2.edf,3325,3315,3325,3265,3325,True,True,False,True,0,9774,0,negative,,,0.022860246137246455,0.94999999999999996,E1_RF,20260922,True,nested,"[""PN12-3.edf"", ""PN12-4.edf""]"
PN12,PN12-1.2.edf,3330,3320,3330,3270,3330,True,True,False,True,0,9774,0,negative,,,0.026959960846692142,0.94999999999999996,E1_RF,20260922,True,nested,"[""PN12-3.edf"", ""PN12-4.edf""]"
PN12,PN12-1.2.edf,3335,3325,3335,3275,3335,True,True,False,True,0,9774,0,negative,,,0.014464131898181727,0.94999999999999996,E1_RF,20260922,True,nested,"[""PN12-3.edf"", ""PN12-4.edf""]"
PN12,PN12-1.2.edf,3340,3330,3340,3280,3340,True,True,False,True,0,9774,0,negative,,,0.002972972972972973,0.94999999999999996,E1_RF,20260922,True,nested,"[""PN12-3.edf"", ""PN12-4.edf""]"
PN12,PN12-1.2.edf,3345,3335,3345,3285,3345,True,True,False,True,0,9774,0,negative,,,0,0.94999999999999996,E1_RF,20260922,True,nested,"[""PN12-3.edf"", ""PN12-4.edf""]"
PN12,PN12-1.2.edf,3350,3340,3350,3290,3350,True,True,False,True,0,9774,0,negative,,,0.044682210501814174,0.94999999999999996,E1_RF,20260922,True,nested,"[""PN12-3.edf"", ""PN12-4.edf""]"
PN12,PN12-1.2.edf,3355,3345,3355,3295,3355,True,True,False,True,0,9774,0,negative,,,0.073648624686113606,0.94999999999999996,E1_RF,20260922,True,nested,"[""PN12-3.edf"", ""PN12-4.edf""]"
PN12,PN12-1.2.edf,3360,3350,3360,3300,3360,True,True,False,True,0,9774,0,negative,,,0.094569614598530874,0.94999999999999996,E1_RF,20260922,True,nested,"[""PN12-3.edf"", ""PN12-4.edf""]"
PN12,PN12-1.2.edf,3365,3355,3365,3305,3365,True,True,False,True,0,9774,0,negative,,,0.023302281366531882,0.94999999999999996,E1_RF,20260922,True,nested,"[""PN12-3.edf"", ""PN12-4.edf""]"
PN12,PN12-1.2.edf,3370,3360,3370,3310,3370,True,True,False,True,0,9774,0,negative,,,0,0.94999999999999996,E1_RF,20260922,True,nested,"[""PN12-3.edf"", ""PN12-4.edf""]"
PN12,PN12-1.2.edf,3375,3365,3375,3315,3375,True,True,False,True,0,9774,0,negative,,,0.012359905379577213,0.94999999999999996,E1_RF,20260922,True,nested,"[""PN12-3.edf"", ""PN12-4.edf""]"
PN12,PN12-1.2.edf,3380,3370,3380,3320,3380,True,True,False,True,0,9774,0,negative,,,0.0057390063330657395,0.94999999999999996,E1_RF,20260922,True,nested,"[""PN12-3.edf"", ""PN12-4.edf""]"
PN12,PN12-1.2.edf,3385,3375,3385,3325,3385,True,True,False,True,0,9774,0,negative,,,0,0.94999999999999996,E1_RF,20260922,True,nested,"[""PN12-3.edf"", ""PN12-4.edf""]"
PN12,PN12-1.2.edf,3390,3380,3390,3330,3390,True,True,False,True,0,9774,0,negative,,,0,0.94999999999999996,E1_RF,20260922,True,nested,"[""PN12-3.edf"", ""PN12-4.edf""]"
PN12,PN12-1.2.edf,3395,3385,3395,3335,3395,True,True,False,True,0,9774,0,negative,,,0,0.94999999999999996,E1_RF,20260922,True,nested,"[""PN12-3.edf"", ""PN12-4.edf""]"
PN12,PN12-1.2.edf,3400,3390,3400,3340,3400,True,True,False,True,0,9774,0,negative,,,0,0.94999999999999996,E1_RF,20260922,True,nested,"[""PN12-3.edf"", ""PN12-4.edf""]"
PN12,PN12-1.2.edf,3405,3395,3405,3345,3405,True,True,False,True,0,9774,0,negative,,,0.016049160139761664,0.94999999999999996,E1_RF,20260922,True,nested,"[""PN12-3.edf"", ""PN12-4.edf""]"
PN12,PN12-1.2.edf,3410,3400,3410,3350,3410,True,True,False,True,0,9774,0,negative,,,0,0.94999999999999996,E1_RF,20260922,True,nested,"[""PN12-3.edf"", ""PN12-4.edf""]"
PN12,PN12-1.2.edf,3415,3405,3415,3355,3415,True,True,False,True,0,9774,0,negative,,,0.0030434782608695652,0.94999999999999996,E1_RF,20260922,True,nested,"[""PN12-3.edf"", ""PN12-4.edf""]"
PN12,PN12-1.2.edf,3420,3410,3420,3360,3420,True,True,False,True,0,9774,0,negative,,,0.0028124999999999999,0.94999999999999996,E1_RF,20260922,True,nested,"[""PN12-3.edf"", ""PN12-4.edf""]"
PN12,PN12-1.2.edf,3425,3415,3425,3365,3425,True,True,False,True,0,9774,0,negative,,,0,0.94999999999999996,E1_RF,20260922,True,nested,"[""PN12-3.edf"", ""PN12-4.edf""]"
PN12,PN12-1.2.edf,3430,3420,3430,3370,3430,True,True,False,True,0,9774,0,negative,,,0.036750367149731872,0.94999999999999996,E1_RF,20260922,True,nested,"[""PN12-3.edf"", ""PN12-4.edf""]"
PN12,PN12-1.2.edf,3435,3425,3435,3375,3435,True,True,False,True,0,9774,0,negative,,,0.0093457286627421261,0.94999999999999996,E1_RF,20260922,True,nested,"[""PN12-3.edf"", ""PN12-4.edf""]"
PN12,PN12-1.2.edf,3440,3430,3440,3380,3440,True,True,False,True,0,9774,0,negative,,,0,0.94999999999999996,E1_RF,20260922,True,nested,"[""PN12-3.edf"", ""PN12-4.edf""]"
PN12,PN12-1.2.edf,3445,3435,3445,3385,3445,True,True,False,True,0,9774,0,negative,,,0,0.94999999999999996,E1_RF,20260922,True,nested,"[""PN12-3.edf"", ""PN12-4.edf""]"
PN12,PN12-1.2.edf,3450,3440,3450,3390,3450,True,True,False,True,0,9774,0,negative,,,0,0.94999999999999996,E1_RF,20260922,True,nested,"[""PN12-3.edf"", ""PN12-4.edf""]"
PN12,PN12-1.2.edf,3455,3445,3455,3395,3455,True,True,False,True,0,9774,0,negative,,,0.018874543162325386,0.94999999999999996,E1_RF,20260922,True,nested,"[""PN12-3.edf"", ""PN12-4.edf""]"
PN12,PN12-1.2.edf,3460,3450,3460,3400,3460,True,True,False,True,0,9774,0,negative,,,0.027331079110037806,0.94999999999999996,E1_RF,20260922,True,nested,"[""PN12-3.edf"", ""PN12-4.edf""]"
PN12,PN12-1.2.edf,3465,3455,3465,3405,3465,True,True,False,True,0,9774,0,negative,,,0.0031726907630522088,0.94999999999999996,E1_RF,20260922,True,nested,"[""PN12-3.edf"", ""PN12-4.edf""]"
PN12,PN12-1.2.edf,3470,3460,3470,3410,3470,True,True,False,True,0,9774,0,negative,,,0.1641084196875886,0.94999999999999996,E1_RF,20260922,True,nested,"[""PN12-3.edf"", ""PN12-4.edf""]"
PN12,PN12-1.2.edf,3475,3465,3475,3415,3475,True,True,False,True,0,9774,0,negative,,,0.33180337892578765,0.94999999999999996,E1_RF,20260922,True,nested,"[""PN12-3.edf"", ""PN12-4.edf""]"
PN12,PN12-1.2.edf,3480,3470,3480,3420,3480,True,True,False,True,0,9774,0,negative,,,0.084531705402208182,0.94999999999999996,E1_RF,20260922,True,nested,"[""PN12-3.edf"", ""PN12-4.edf""]"
PN12,PN12-1.2.edf,3485,3475,3485,3425,3485,True,True,False,True,0,9774,0,negative,,,0.031609543363242856,0.94999999999999996,E1_RF,20260922,True,nested,"[""PN12-3.edf"", ""PN12-4.edf""]"
PN12,PN12-1.2.edf,3490,3480,3490,3430,3490,True,True,False,True,0,9774,0,negative,,,0.0054729729729729726,0.94999999999999996,E1_RF,20260922,True,nested,"[""PN12-3.edf"", ""PN12-4.edf""]"
PN12,PN12-1.2.edf,3495,3485,3495,3435,3495,True,True,False,True,0,9774,0,negative,,,0,0.94999999999999996,E1_RF,20260922,True,nested,"[""PN12-3.edf"", ""PN12-4.edf""]"
PN12,PN12-1.2.edf,3500,3490,3500,3440,3500,True,True,False,True,0,9774,0,negative,,,0,0.94999999999999996,E1_RF,20260922,True,nested,"[""PN12-3.edf"", ""PN12-4.edf""]"
PN12,PN12-1.2.edf,3505,3495,3505,3445,3505,True,True,False,True,0,9774,0,negative,,,0,0.94999999999999996,E1_RF,20260922,True,nested,"[""PN12-3.edf"", ""PN12-4.edf""]"
PN12,PN12-1.2.edf,3510,3500,3510,3450,3510,True,True,False,True,0,9774,0,negative,,,0,0.94999999999999996,E1_RF,20260922,True,nested,"[""PN12-3.edf"", ""PN12-4.edf""]"
PN12,PN12-1.2.edf,3515,3505,3515,3455,3515,True,True,False,True,0,9774,0,negative,,,0.0028124999999999999,0.94999999999999996,E1_RF,20260922,True,nested,"[""PN12-3.edf"", ""PN12-4.edf""]"
PN12,PN12-1.2.edf,3520,3510,3520,3460,3520,True,True,False,True,0,9774,0,negative,,,0,0.94999999999999996,E1_RF,20260922,True,nested,"[""PN12-3.edf"", ""PN12-4.edf""]"
PN12,PN12-1.2.edf,3525,3515,3525,3465,3525,True,True,False,True,0,9774,0,negative,,,0,0.94999999999999996,E1_RF,20260922,True,nested,"[""PN12-3.edf"", ""PN12-4.edf""]"
PN12,PN12-1.2.edf,3530,3520,3530,3470,3530,True,True,False,True,0,9774,0,negative,,,0.014519376708428932,0.94999999999999996,E1_RF,20260922,True,nested,"[""PN12-3.edf"", ""PN12-4.edf""]"
PN12,PN12-1.2.edf,3535,3525,3535,3475,3535,True,True,False,True,0,9774,0,negative,,,0,0.94999999999999996,E1_RF,20260922,True,nested,"[""PN12-3.edf"", ""PN12-4.edf""]"
PN12,PN12-1.2.edf,3540,3530,3540,3480,3540,True,True,False,True,0,9774,0,negative,,,0.0054656862745098038,0.94999999999999996,E1_RF,20260922,True,nested,"[""PN12-3.edf"", ""PN12-4.edf""]"
PN12,PN12-1.2.edf,3545,3535,3545,3485,3545,True,True,False,True,0,9774,0,negative,,,0.0033074935400516795,0.94999999999999996,E1_RF,20260922,True,nested,"[""PN12-3.edf"", ""PN12-4.edf""]"
PN12,PN12-1.2.edf,3550,3540,3550,3490,3550,True,True,False,True,0,9774,0,negative,,,0,0.94999999999999996,E1_RF,20260922,True,nested,"[""PN12-3.edf"", ""PN12-4.edf""]"
PN12,PN12-1.2.edf,3555,3545,3555,3495,3555,True,True,False,True,0,9774,0,negative,,,0,0.94999999999999996,E1_RF,20260922,True,nested,"[""PN12-3.edf"", ""PN12-4.edf""]"
PN12,PN12-1.2.edf,3560,3550,3560,3500,3560,True,True,False,True,0,9774,0,negative,,,0.017437086525908894,0.94999999999999996,E1_RF,20260922,True,nested,"[""PN12-3.edf"", ""PN12-4.edf""]"
PN12,PN12-1.2.edf,3565,3555,3565,3505,3565,True,True,False,True,0,9774,0,negative,,,0.014134375875096979,0.94999999999999996,E1_RF,20260922,True,nested,"[""PN12-3.edf"", ""PN12-4.edf""]"
PN12,PN12-1.2.edf,3570,3560,3570,3510,3570,True,True,False,True,0,9774,0,negative,,,0,0.94999999999999996,E1_RF,20260922,True,nested,"[""PN12-3.edf"", ""PN12-4.edf""]"
PN12,PN12-1.2.edf,3575,3565,3575,3515,3575,True,True,False,True,0,9774,0,negative,,,0.014962708121237442,0.94999999999999996,E1_RF,20260922,True,nested,"[""PN12-3.edf"", ""PN12-4.edf""]"
PN12,PN12-1.2.edf,3580,3570,3580,3520,3580,True,True,False,True,0,9774,0,negative,,,0.027200637416738137,0.94999999999999996,E1_RF,20260922,True,nested,"[""PN12-3.edf"", ""PN12-4.edf""]"
PN12,PN12-1.2.edf,3585,3575,3585,3525,3585,True,True,False,True,0,9774,0,negative,,,0.026511509431253081,0.94999999999999996,E1_RF,20260922,True,nested,"[""PN12-3.edf"", ""PN12-4.edf""]"
PN12,PN12-1.2.edf,3590,3580,3590,3530,3590,True,True,False,True,0,9774,0,negative,,,0.0030232558139534882,0.94999999999999996,E1_RF,20260922,True,nested,"[""PN12-3.edf"", ""PN12-4.edf""]"
PN12,PN12-1.2.edf,3595,3585,3595,3535,3595,True,True,False,True,0,9774,0,negative,,,0.002972972972972973,0.94999999999999996,E1_RF,20260922,True,nested,"[""PN12-3.edf"", ""PN12-4.edf""]"
PN12,PN12-1.2.edf,3600,3590,3600,3540,3600,True,True,False,True,0,9774,0,negative,,,0.0092566362510182725,0.94999999999999996,E1_RF,20260922,True,nested,"[""PN12-3.edf"", ""PN12-4.edf""]"
PN12,PN12-1.2.edf,3605,3595,3605,3545,3605,True,True,False,True,0,9774,0,negative,,,0.061191343238442997,0.94999999999999996,E1_RF,20260922,True,nested,"[""PN12-3.edf"", ""PN12-4.edf""]"
PN12,PN12-1.2.edf,3610,3600,3610,3550,3610,True,True,False,True,0,9774,0,negative,,,0.054830331105218601,0.94999999999999996,E1_RF,20260922,True,nested,"[""PN12-3.edf"", ""PN12-4.edf""]"
PN12,PN12-1.2.edf,3615,3605,3615,3555,3615,True,True,False,True,0,9774,0,negative,,,0,0.94999999999999996,E1_RF,20260922,True,nested,"[""PN12-3.edf"", ""PN12-4.edf""]"
PN12,PN12-1.2.edf,3620,3610,3620,3560,3620,True,True,False,True,0,9774,0,negative,,,0.0063978857399910032,0.94999999999999996,E1_RF,20260922,True,nested,"[""PN12-3.edf"", ""PN12-4.edf""]"
PN12,PN12-1.2.edf,3625,3615,3625,3565,3625,True,True,False,True,0,9774,0,negative,,,0.0064835164835164837,0.94999999999999996,E1_RF,20260922,True,nested,"[""PN12-3.edf"", ""PN12-4.edf""]"
PN12,PN12-1.2.edf,3630,3620,3630,3570,3630,True,True,False,True,0,9774,0,negative,,,0.086139778761215521,0.94999999999999996,E1_RF,20260922,True,nested,"[""PN12-3.edf"", ""PN12-4.edf""]"
PN12,PN12-1.2.edf,3635,3625,3635,3575,3635,True,True,False,True,0,9774,0,negative,,,0.0033074935400516795,0.94999999999999996,E1_RF,20260922,True,nested,"[""PN12-3.edf"", ""PN12-4.edf""]"
PN12,PN12-1.2.edf,3640,3630,3640,3580,3640,True,True,False,True,0,9774,0,negative,,,0,0.94999999999999996,E1_RF,20260922,True,nested,"[""PN12-3.edf"", ""PN12-4.edf""]"
PN12,PN12-1.2.edf,3645,3635,3645,3585,3645,True,True,False,True,0,9774,0,negative,,,0,0.94999999999999996,E1_RF,20260922,True,nested,"[""PN12-3.edf"", ""PN12-4.edf""]"
PN12,PN12-1.2.edf,3650,3640,3650,3590,3650,True,True,False,True,0,9774,0,negative,,,0,0.94999999999999996,E1_RF,20260922,True,nested,"[""PN12-3.edf"", ""PN12-4.edf""]"
PN12,PN12-1.2.edf,3655,3645,3655,3595,3655,True,True,False,True,0,9774,0,negative,,,0,0.94999999999999996,E1_RF,20260922,True,nested,"[""PN12-3.edf"", ""PN12-4.edf""]"
PN12,PN12-1.2.edf,3660,3650,3660,3600,3660,True,True,False,True,0,9774,0,negative,,,0,0.94999999999999996,E1_RF,20260922,True,nested,"[""PN12-3.edf"", ""PN12-4.edf""]"
PN12,PN12-1.2.edf,3665,3655,3665,3605,3665,True,True,False,True,0,9774,0,negative,,,0,0.94999999999999996,E1_RF,20260922,True,nested,"[""PN12-3.edf"", ""PN12-4.edf""]"
PN12,PN12-1.2.edf,3670,3660,3670,3610,3670,True,True,False,True,0,9774,0,negative,,,0.0030434782608695652,0.94999999999999996,E1_RF,20260922,True,nested,"[""PN12-3.edf"", ""PN12-4.edf""]"
PN12,PN12-1.2.edf,3675,3665,3675,3615,3675,True,True,False,True,0,9774,0,negative,,,0.018768843425782077,0.94999999999999996,E1_RF,20260922,True,nested,"[""PN12-3.edf"", ""PN12-4.edf""]"
PN12,PN12-1.2.edf,3680,3670,3680,3620,3680,True,True,False,True,0,9774,0,negative,,,0.057468959746360057,0.94999999999999996,E1_RF,20260922,True,nested,"[""PN12-3.edf"", ""PN12-4.edf""]"
PN12,PN12-1.2.edf,3685,3675,3685,3625,3685,True,True,False,True,0,9774,0,negative,,,0.057701864786996675,0.94999999999999996,E1_RF,20260922,True,nested,"[""PN12-3.edf"", ""PN12-4.edf""]"
PN12,PN12-1.2.edf,3690,3680,3690,3630,3690,True,True,False,True,0,9774,0,negative,,,0.062390815790062178,0.94999999999999996,E1_RF,20260922,True,nested,"[""PN12-3.edf"", ""PN12-4.edf""]"
PN12,PN12-1.2.edf,3695,3685,3695,3635,3695,True,True,False,True,0,9774,0,negative,,,0.095449908180046561,0.94999999999999996,E1_RF,20260922,True,nested,"[""PN12-3.edf"", ""PN12-4.edf""]"
PN12,PN12-1.2.edf,3700,3690,3700,3640,3700,True,True,False,True,0,9774,0,negative,,,0.0032142857142857142,0.94999999999999996,E1_RF,20260922,True,nested,"[""PN12-3.edf"", ""PN12-4.edf""]"
PN12,PN12-1.2.edf,3705,3695,3705,3645,3705,True,True,False,True,0,9774,0,negative,,,0,0.94999999999999996,E1_RF,20260922,True,nested,"[""PN12-3.edf"", ""PN12-4.edf""]"
PN12,PN12-1.2.edf,3710,3700,3710,3650,3710,True,True,False,True,0,9774,0,negative,,,0.023526301401904502,0.94999999999999996,E1_RF,20260922,True,nested,"[""PN12-3.edf"", ""PN12-4.edf""]"
PN12,PN12-1.2.edf,3715,3705,3715,3655,3715,True,True,False,True,0,9774,0,negative,,,0.036858278088807463,0.94999999999999996,E1_RF,20260922,True,nested,"[""PN12-3.edf"", ""PN12-4.edf""]"
PN12,PN12-1.2.edf,3720,3710,3720,3660,3720,True,True,False,True,0,9774,0,negative,,,0.024420691171223117,0.94999999999999996,E1_RF,20260922,True,nested,"[""PN12-3.edf"", ""PN12-4.edf""]"
PN12,PN12-1.2.edf,3725,3715,3725,3665,3725,True,True,False,True,0,9774,0,negative,,,0.044437679696868057,0.94999999999999996,E1_RF,20260922,True,nested,"[""PN12-3.edf"", ""PN12-4.edf""]"
PN12,PN12-1.2.edf,3730,3720,3730,3670,3730,True,True,False,True,0,9774,0,negative,,,0.059569143690677395,0.94999999999999996,E1_RF,20260922,True,nested,"[""PN12-3.edf"", ""PN12-4.edf""]"
PN12,PN12-1.2.edf,3735,3725,3735,3675,3735,True,True,False,True,0,9774,0,negative,,,0.050394918186759431,0.94999999999999996,E1_RF,20260922,True,nested,"[""PN12-3.edf"", ""PN12-4.edf""]"
PN12,PN12-1.2.edf,3740,3730,3740,3680,3740,True,True,False,True,0,9774,0,negative,,,0.06508385842329964,0.94999999999999996,E1_RF,20260922,True,nested,"[""PN12-3.edf"", ""PN12-4.edf""]"
PN12,PN12-1.2.edf,3745,3735,3745,3685,3745,True,True,False,True,0,9774,0,negative,,,0.030737662104230949,0.94999999999999996,E1_RF,20260922,True,nested,"[""PN12-3.edf"", ""PN12-4.edf""]"
PN12,PN12-1.2.edf,3750,3740,3750,3690,3750,True,True,False,True,0,9774,0,negative,,,0.10138820178745206,0.94999999999999996,E1_RF,20260922,True,nested,"[""PN12-3.edf"", ""PN12-4.edf""]"
PN12,PN12-1.2.edf,3755,3745,3755,3695,3755,True,True,False,True,0,9774,0,negative,,,0.033976937620934497,0.94999999999999996,E1_RF,20260922,True,nested,"[""PN12-3.edf"", ""PN12-4.edf""]"
PN12,PN12-1.2.edf,3760,3750,3760,3700,3760,True,True,False,True,0,9774,0,negative,,,0.01797303614188665,0.94999999999999996,E1_RF,20260922,True,nested,"[""PN12-3.edf"", ""PN12-4.edf""]"
PN12,PN12-1.2.edf,3765,3755,3765,3705,3765,True,True,False,True,0,9774,0,negative,,,0.0085763985329202711,0.94999999999999996,E1_RF,20260922,True,nested,"[""PN12-3.edf"", ""PN12-4.edf""]"
PN12,PN12-1.2.edf,3770,3760,3770,3710,3770,True,True,False,True,0,9774,0,negative,,,0,0.94999999999999996,E1_RF,20260922,True,nested,"[""PN12-3.edf"", ""PN12-4.edf""]"
PN12,PN12-1.2.edf,3775,3765,3775,3715,3775,True,True,False,True,0,9774,0,negative,,,0.0095362413757143199,0.94999999999999996,E1_RF,20260922,True,nested,"[""PN12-3.edf"", ""PN12-4.edf""]"
PN12,PN12-1.2.edf,3780,3770,3780,3720,3780,True,True,False,True,0,9774,0,negative,,,0,0.94999999999999996,E1_RF,20260922,True,nested,"[""PN12-3.edf"", ""PN12-4.edf""]"
PN12,PN12-1.2.edf,3785,3775,3785,3725,3785,True,True,False,True,0,9774,0,negative,,,0.0064219977553310889,0.94999999999999996,E1_RF,20260922,True,nested,"[""PN12-3.edf"", ""PN12-4.edf""]"
PN12,PN12-1.2.edf,3790,3780,3790,3730,3790,True,True,False,True,0,9774,0,negative,,,0,0.94999999999999996,E1_RF,20260922,True,nested,"[""PN12-3.edf"", ""PN12-4.edf""]"
PN12,PN12-1.2.edf,3795,3785,3795,3735,3795,True,True,False,True,0,9774,0,negative,,,0.03571182705603862,0.94999999999999996,E1_RF,20260922,True,nested,"[""PN12-3.edf"", ""PN12-4.edf""]"
PN12,PN12-1.2.edf,3800,3790,3800,3740,3800,True,True,False,True,0,9774,0,negative,,,0,0.94999999999999996,E1_RF,20260922,True,nested,"[""PN12-3.edf"", ""PN12-4.edf""]"
PN12,PN12-1.2.edf,3805,3795,3805,3745,3805,True,True,False,True,0,9774,0,negative,,,0,0.94999999999999996,E1_RF,20260922,True,nested,"[""PN12-3.edf"", ""PN12-4.edf""]"
PN12,PN12-1.2.edf,3810,3800,3810,3750,3810,True,True,False,True,0,9774,0,negative,,,0.016115167456004321,0.94999999999999996,E1_RF,20260922,True,nested,"[""PN12-3.edf"", ""PN12-4.edf""]"
PN12,PN12-1.2.edf,3815,3805,3815,3755,3815,True,True,False,True,0,9774,0,negative,,,0.023736494577432238,0.94999999999999996,E1_RF,20260922,True,nested,"[""PN12-3.edf"", ""PN12-4.edf""]"
PN12,PN12-1.2.edf,3820,3810,3820,3760,3820,True,True,False,True,0,9774,0,negative,,,0.0060319314641744549,0.94999999999999996,E1_RF,20260922,True,nested,"[""PN12-3.edf"", ""PN12-4.edf""]"
PN12,PN12-1.2.edf,3825,3815,3825,3765,3825,True,True,False,True,0,9774,0,negative,,,0,0.94999999999999996,E1_RF,20260922,True,nested,"[""PN12-3.edf"", ""PN12-4.edf""]"
PN12,PN12-1.2.edf,3830,3820,3830,3770,3830,True,True,False,True,0,9774,0,negative,,,0.01584000245514797,0.94999999999999996,E1_RF,20260922,True,nested,"[""PN12-3.edf"", ""PN12-4.edf""]"
PN12,PN12-1.2.edf,3835,3825,3835,3775,3835,True,True,False,True,0,9774,0,negative,,,0.0087505945774536235,0.94999999999999996,E1_RF,20260922,True,nested,"[""PN12-3.edf"", ""PN12-4.edf""]"
PN12,PN12-1.2.edf,3840,3830,3840,3780,3840,True,True,False,True,0,9774,0,negative,,,0.006404949253050519,0.94999999999999996,E1_RF,20260922,True,nested,"[""PN12-3.edf"", ""PN12-4.edf""]"
PN12,PN12-1.2.edf,3845,3835,3845,3785,3845,True,True,False,True,0,9774,0,negative,,,0.0088390202316345409,0.94999999999999996,E1_RF,20260922,True,nested,"[""PN12-3.edf"", ""PN12-4.edf""]"
PN12,PN12-1.2.edf,3850,3840,3850,3790,3850,True,True,False,True,0,9774,0,negative,,,0.0029166666666666668,0.94999999999999996,E1_RF,20260922,True,nested,"[""PN12-3.edf"", ""PN12-4.edf""]"
PN12,PN12-1.2.edf,3855,3845,3855,3795,3855,True,True,False,True,0,9774,0,negative,,,0,0.94999999999999996,E1_RF,20260922,True,nested,"[""PN12-3.edf"", ""PN12-4.edf""]"
PN12,PN12-1.2.edf,3860,3850,3860,3800,3860,True,True,False,True,0,9774,0,negative,,,0.015139565263141813,0.94999999999999996,E1_RF,20260922,True,nested,"[""PN12-3.edf"", ""PN12-4.edf""]"
PN12,PN12-1.2.edf,3865,3855,3865,3805,3865,True,True,False,True,0,9774,0,negative,,,0.048304645501387501,0.94999999999999996,E1_RF,20260922,True,nested,"[""PN12-3.edf"", ""PN12-4.edf""]"
PN12,PN12-1.2.edf,3870,3860,3870,3810,3870,True,True,False,True,0,9774,0,negative,,,0,0.94999999999999996,E1_RF,20260922,True,nested,"[""PN12-3.edf"", ""PN12-4.edf""]"
PN12,PN12-1.2.edf,3875,3865,3875,3815,3875,True,True,False,True,0,9774,0,negative,,,0.0029411764705882353,0.94999999999999996,E1_RF,20260922,True,nested,"[""PN12-3.edf"", ""PN12-4.edf""]"
PN12,PN12-1.2.edf,3880,3870,3880,3820,3880,True,True,False,True,0,9774,0,negative,,,0.011612405968676779,0.94999999999999996,E1_RF,20260922,True,nested,"[""PN12-3.edf"", ""PN12-4.edf""]"
PN12,PN12-1.2.edf,3885,3875,3885,3825,3885,True,True,False,True,0,9774,0,negative,,,0.0028431372549019606,0.94999999999999996,E1_RF,20260922,True,nested,"[""PN12-3.edf"", ""PN12-4.edf""]"
PN12,PN12-1.2.edf,3890,3880,3890,3830,3890,True,True,False,True,0,9774,0,negative,,,0,0.94999999999999996,E1_RF,20260922,True,nested,"[""PN12-3.edf"", ""PN12-4.edf""]"
PN12,PN12-1.2.edf,3895,3885,3895,3835,3895,True,True,False,True,0,9774,0,negative,,,0,0.94999999999999996,E1_RF,20260922,True,nested,"[""PN12-3.edf"", ""PN12-4.edf""]"
PN12,PN12-1.2.edf,3900,3890,3900,3840,3900,True,True,False,True,0,9774,0,negative,,,0.034233791330679435,0.94999999999999996,E1_RF,20260922,True,nested,"[""PN12-3.edf"", ""PN12-4.edf""]"
PN12,PN12-1.2.edf,3905,3895,3905,3845,3905,True,True,False,True,0,9774,0,negative,,,0.068965787908041212,0.94999999999999996,E1_RF,20260922,True,nested,"[""PN12-3.edf"", ""PN12-4.edf""]"
PN12,PN12-1.2.edf,3910,3900,3910,3850,3910,True,True,False,True,0,9774,0,negative,,,0.0027927927927927929,0.94999999999999996,E1_RF,20260922,True,nested,"[""PN12-3.edf"", ""PN12-4.edf""]"
PN12,PN12-1.2.edf,3915,3905,3915,3855,3915,True,True,False,True,0,9774,0,negative,,,0.029274453916689942,0.94999999999999996,E1_RF,20260922,True,nested,"[""PN12-3.edf"", ""PN12-4.edf""]"
PN12,PN12-1.2.edf,3920,3910,3920,3860,3920,True,True,False,True,0,9774,0,negative,,,0.066755356128595886,0.94999999999999996,E1_RF,20260922,True,nested,"[""PN12-3.edf"", ""PN12-4.edf""]"
PN12,PN12-1.2.edf,3925,3915,3925,3865,3925,True,True,False,True,0,9774,0,negative,,,0.059861034144010193,0.94999999999999996,E1_RF,20260922,True,nested,"[""PN12-3.edf"", ""PN12-4.edf""]"
PN12,PN12-1.2.edf,3930,3920,3930,3870,3930,True,True,False,True,0,9774,0,negative,,,0.039259834845169275,0.94999999999999996,E1_RF,20260922,True,nested,"[""PN12-3.edf"", ""PN12-4.edf""]"
PN12,PN12-1.2.edf,3935,3925,3935,3875,3935,True,True,False,True,0,9774,0,negative,,,0.084305162607153025,0.94999999999999996,E1_RF,20260922,True,nested,"[""PN12-3.edf"", ""PN12-4.edf""]"
PN12,PN12-1.2.edf,3940,3930,3940,3880,3940,True,True,False,True,0,9774,0,negative,,,0.020069392212249355,0.94999999999999996,E1_RF,20260922,True,nested,"[""PN12-3.edf"", ""PN12-4.edf""]"
PN12,PN12-1.2.edf,3945,3935,3945,3885,3945,True,True,False,True,0,9774,0,negative,,,0.33480662915621767,0.94999999999999996,E1_RF,20260922,True,nested,"[""PN12-3.edf"", ""PN12-4.edf""]"
PN12,PN12-1.2.edf,3950,3940,3950,3890,3950,True,True,False,True,0,9774,0,negative,,,0.098126350578830443,0.94999999999999996,E1_RF,20260922,True,nested,"[""PN12-3.edf"", ""PN12-4.edf""]"
PN12,PN12-1.2.edf,3955,3945,3955,3895,3955,True,True,False,True,0,9774,0,negative,,,0.029515517247538668,0.94999999999999996,E1_RF,20260922,True,nested,"[""PN12-3.edf"", ""PN12-4.edf""]"
PN12,PN12-1.2.edf,3960,3950,3960,3900,3960,True,True,False,True,0,9774,0,negative,,,0.0064813519813519812,0.94999999999999996,E1_RF,20260922,True,nested,"[""PN12-3.edf"", ""PN12-4.edf""]"
PN12,PN12-1.2.edf,3965,3955,3965,3905,3965,True,True,False,True,0,9774,0,negative,,,0.01590949587488881,0.94999999999999996,E1_RF,20260922,True,nested,"[""PN12-3.edf"", ""PN12-4.edf""]"
PN12,PN12-1.2.edf,3970,3960,3970,3910,3970,True,True,False,True,0,9774,0,negative,,,0.0093340695331266318,0.94999999999999996,E1_RF,20260922,True,nested,"[""PN12-3.edf"", ""PN12-4.edf""]"
PN12,PN12-1.2.edf,3975,3965,3975,3915,3975,True,True,False,True,0,9774,0,negative,,,0.0059343737494998005,0.94999999999999996,E1_RF,20260922,True,nested,"[""PN12-3.edf"", ""PN12-4.edf""]"
PN12,PN12-1.2.edf,3980,3970,3980,3920,3980,True,True,False,True,0,9774,0,negative,,,0.039099036148203176,0.94999999999999996,E1_RF,20260922,True,nested,"[""PN12-3.edf"", ""PN12-4.edf""]"
PN12,PN12-1.2.edf,3985,3975,3985,3925,3985,True,True,False,True,0,9774,0,negative,,,0.075529070568331289,0.94999999999999996,E1_RF,20260922,True,nested,"[""PN12-3.edf"", ""PN12-4.edf""]"
PN12,PN12-1.2.edf,3990,3980,3990,3930,3990,True,True,False,True,0,9774,0,negative,,,0.23432631084180774,0.94999999999999996,E1_RF,20260922,True,nested,"[""PN12-3.edf"", ""PN12-4.edf""]"
PN12,PN12-1.2.edf,3995,3985,3995,3935,3995,True,True,False,True,0,9774,0,negative,,,0,0.94999999999999996,E1_RF,20260922,True,nested,"[""PN12-3.edf"", ""PN12-4.edf""]"
PN12,PN12-1.2.edf,4000,3990,4000,3940,4000,True,True,False,True,0,9774,0,negative,,,0,0.94999999999999996,E1_RF,20260922,True,nested,"[""PN12-3.edf"", ""PN12-4.edf""]"
PN12,PN12-1.2.edf,4005,3995,4005,3945,4005,True,True,False,True,0,9774,0,negative,,,0,0.94999999999999996,E1_RF,20260922,True,nested,"[""PN12-3.edf"", ""PN12-4.edf""]"
PN12,PN12-1.2.edf,4010,4000,4010,3950,4010,True,True,False,True,0,9774,0,negative,,,0.0027083333333333334,0.94999999999999996,E1_RF,20260922,True,nested,"[""PN12-3.edf"", ""PN12-4.edf""]"
PN12,PN12-1.2.edf,4015,4005,4015,3955,4015,True,True,False,True,0,9774,0,negative,,,0.017121062157989152,0.94999999999999996,E1_RF,20260922,True,nested,"[""PN12-3.edf"", ""PN12-4.edf""]"
PN12,PN12-1.2.edf,4020,4010,4020,3960,4020,True,True,False,True,0,9774,0,negative,,,0,0.94999999999999996,E1_RF,20260922,True,nested,"[""PN12-3.edf"", ""PN12-4.edf""]"
PN12,PN12-1.2.edf,4025,4015,4025,3965,4025,True,True,False,True,0,9774,0,negative,,,0.0059999999999999993,0.94999999999999996,E1_RF,20260922,True,nested,"[""PN12-3.edf"", ""PN12-4.edf""]"
PN12,PN12-1.2.edf,4030,4020,4030,3970,4030,True,True,False,True,0,9774,0,negative,,,0.22205086613755196,0.94999999999999996,E1_RF,20260922,True,nested,"[""PN12-3.edf"", ""PN12-4.edf""]"
PN12,PN12-1.2.edf,4035,4025,4035,3975,4035,True,True,False,True,0,9774,0,negative,,,0.039367515447653122,0.94999999999999996,E1_RF,20260922,True,nested,"[""PN12-3.edf"", ""PN12-4.edf""]"
PN12,PN12-1.2.edf,4040,4030,4040,3980,4040,True,True,False,True,0,9774,0,negative,,,0.015736529373859769,0.94999999999999996,E1_RF,20260922,True,nested,"[""PN12-3.edf"", ""PN12-4.edf""]"
PN12,PN12-1.2.edf,4045,4035,4045,3985,4045,True,True,False,True,0,9774,0,negative,,,0.064218430379244754,0.94999999999999996,E1_RF,20260922,True,nested,"[""PN12-3.edf"", ""PN12-4.edf""]"
PN12,PN12-1.2.edf,4050,4040,4050,3990,4050,True,True,False,True,0,9774,0,negative,,,0,0.94999999999999996,E1_RF,20260922,True,nested,"[""PN12-3.edf"", ""PN12-4.edf""]"
PN12,PN12-1.2.edf,4055,4045,4055,3995,4055,True,True,False,True,0,9774,0,negative,,,0,0.94999999999999996,E1_RF,20260922,True,nested,"[""PN12-3.edf"", ""PN12-4.edf""]"
PN12,PN12-1.2.edf,4060,4050,4060,4000,4060,True,True,False,True,0,9774,0,negative,,,0.036161322748434276,0.94999999999999996,E1_RF,20260922,True,nested,"[""PN12-3.edf"", ""PN12-4.edf""]"
PN12,PN12-1.2.edf,4065,4055,4065,4005,4065,True,True,False,True,0,9774,0,negative,,,0,0.94999999999999996,E1_RF,20260922,True,nested,"[""PN12-3.edf"", ""PN12-4.edf""]"
PN12,PN12-1.2.edf,4070,4060,4070,4010,4070,True,True,False,True,0,9774,0,negative,,,0,0.94999999999999996,E1_RF,20260922,True,nested,"[""PN12-3.edf"", ""PN12-4.edf""]"
PN12,PN12-1.2.edf,4075,4065,4075,4015,4075,True,True,False,True,0,9774,0,negative,,,0,0.94999999999999996,E1_RF,20260922,True,nested,"[""PN12-3.edf"", ""PN12-4.edf""]"
PN12,PN12-1.2.edf,4080,4070,4080,4020,4080,True,True,False,True,0,9774,0,negative,,,0,0.94999999999999996,E1_RF,20260922,True,nested,"[""PN12-3.edf"", ""PN12-4.edf""]"
PN12,PN12-1.2.edf,4085,4075,4085,4025,4085,True,True,False,True,0,9774,0,negative,,,0,0.94999999999999996,E1_RF,20260922,True,nested,"[""PN12-3.edf"", ""PN12-4.edf""]"
PN12,PN12-1.2.edf,4090,4080,4090,4030,4090,True,True,False,True,0,9774,0,negative,,,0,0.94999999999999996,E1_RF,20260922,True,nested,"[""PN12-3.edf"", ""PN12-4.edf""]"
PN12,PN12-1.2.edf,4095,4085,4095,4035,4095,True,True,False,True,0,9774,0,negative,,,0,0.94999999999999996,E1_RF,20260922,True,nested,"[""PN12-3.edf"", ""PN12-4.edf""]"
PN12,PN12-1.2.edf,4100,4090,4100,4040,4100,True,True,False,True,0,9774,0,negative,,,0.021117144773762385,0.94999999999999996,E1_RF,20260922,True,nested,"[""PN12-3.edf"", ""PN12-4.edf""]"
PN12,PN12-1.2.edf,4105,4095,4105,4045,4105,True,True,False,True,0,9774,0,negative,,,0.0062308223177788401,0.94999999999999996,E1_RF,20260922,True,nested,"[""PN12-3.edf"", ""PN12-4.edf""]"
PN12,PN12-1.2.edf,4110,4100,4110,4050,4110,True,True,False,True,0,9774,0,negative,,,0.015718661594904853,0.94999999999999996,E1_RF,20260922,True,nested,"[""PN12-3.edf"", ""PN12-4.edf""]"
PN12,PN12-1.2.edf,4115,4105,4115,4055,4115,True,True,False,True,0,9774,0,negative,,,0,0.94999999999999996,E1_RF,20260922,True,nested,"[""PN12-3.edf"", ""PN12-4.edf""]"
PN12,PN12-1.2.edf,4120,4110,4120,4060,4120,True,True,False,True,0,9774,0,negative,,,0,0.94999999999999996,E1_RF,20260922,True,nested,"[""PN12-3.edf"", ""PN12-4.edf""]"
PN12,PN12-1.2.edf,4125,4115,4125,4065,4125,True,True,False,True,0,9774,0,negative,,,0.017930982485742902,0.94999999999999996,E1_RF,20260922,True,nested,"[""PN12-3.edf"", ""PN12-4.edf""]"
PN12,PN12-1.2.edf,4130,4120,4130,4070,4130,True,True,False,True,0,9774,0,negative,,,0,0.94999999999999996,E1_RF,20260922,True,nested,"[""PN12-3.edf"", ""PN12-4.edf""]"
PN12,PN12-1.2.edf,4135,4125,4135,4075,4135,True,True,False,True,0,9774,0,negative,,,0,0.94999999999999996,E1_RF,20260922,True,nested,"[""PN12-3.edf"", ""PN12-4.edf""]"
PN12,PN12-1.2.edf,4140,4130,4140,4080,4140,True,True,False,True,0,9774,0,negative,,,0.021273424222537564,0.94999999999999996,E1_RF,20260922,True,nested,"[""PN12-3.edf"", ""PN12-4.edf""]"
PN12,PN12-1.2.edf,4145,4135,4145,4085,4145,True,True,False,True,0,9774,0,negative,,,0.03184003811531716,0.94999999999999996,E1_RF,20260922,True,nested,"[""PN12-3.edf"", ""PN12-4.edf""]"
PN12,PN12-1.2.edf,4150,4140,4150,4090,4150,True,True,False,True,0,9774,0,negative,,,0.10547101000173156,0.94999999999999996,E1_RF,20260922,True,nested,"[""PN12-3.edf"", ""PN12-4.edf""]"
PN12,PN12-1.2.edf,4155,4145,4155,4095,4155,True,True,False,True,0,9774,0,negative,,,0.44915724423141151,0.94999999999999996,E1_RF,20260922,True,nested,"[""PN12-3.edf"", ""PN12-4.edf""]"
PN12,PN12-1.2.edf,4160,4150,4160,4100,4160,True,True,False,True,0,9774,0,negative,,,0.026877804905757988,0.94999999999999996,E1_RF,20260922,True,nested,"[""PN12-3.edf"", ""PN12-4.edf""]"
PN12,PN12-1.2.edf,4165,4155,4165,4105,4165,True,True,False,True,0,9774,0,negative,,,0.014875737995942597,0.94999999999999996,E1_RF,20260922,True,nested,"[""PN12-3.edf"", ""PN12-4.edf""]"
PN12,PN12-1.2.edf,4170,4160,4170,4110,4170,True,True,False,True,0,9774,0,negative,,,0.042856938674023438,0.94999999999999996,E1_RF,20260922,True,nested,"[""PN12-3.edf"", ""PN12-4.edf""]"
PN12,PN12-1.2.edf,4175,4165,4175,4115,4175,True,True,False,True,0,9774,0,negative,,,0.021011930547229492,0.94999999999999996,E1_RF,20260922,True,nested,"[""PN12-3.edf"", ""PN12-4.edf""]"
PN12,PN12-1.2.edf,4180,4170,4180,4120,4180,True,True,False,True,0,9774,0,negative,,,0,0.94999999999999996,E1_RF,20260922,True,nested,"[""PN12-3.edf"", ""PN12-4.edf""]"
PN12,PN12-1.2.edf,4185,4175,4185,4125,4185,True,True,False,True,0,9774,0,negative,,,0.0095801834980939471,0.94999999999999996,E1_RF,20260922,True,nested,"[""PN12-3.edf"", ""PN12-4.edf""]"
PN12,PN12-1.2.edf,4190,4180,4190,4130,4190,True,True,False,True,0,9774,0,negative,,,0.033013279788282821,0.94999999999999996,E1_RF,20260922,True,nested,"[""PN12-3.edf"", ""PN12-4.edf""]"
PN12,PN12-1.2.edf,4195,4185,4195,4135,4195,True,True,False,True,0,9774,0,negative,,,0,0.94999999999999996,E1_RF,20260922,True,nested,"[""PN12-3.edf"", ""PN12-4.edf""]"
PN12,PN12-1.2.edf,4200,4190,4200,4140,4200,True,True,False,True,0,9774,0,negative,,,0.0088872056422427577,0.94999999999999996,E1_RF,20260922,True,nested,"[""PN12-3.edf"", ""PN12-4.edf""]"
PN12,PN12-1.2.edf,4205,4195,4205,4145,4205,True,True,False,True,0,9774,0,negative,,,0.019203509983646165,0.94999999999999996,E1_RF,20260922,True,nested,"[""PN12-3.edf"", ""PN12-4.edf""]"
PN12,PN12-1.2.edf,4210,4200,4210,4150,4210,True,True,False,True,0,9774,0,negative,,,0.074018068162042289,0.94999999999999996,E1_RF,20260922,True,nested,"[""PN12-3.edf"", ""PN12-4.edf""]"
PN12,PN12-1.2.edf,4215,4205,4215,4155,4215,True,True,False,True,0,9774,0,negative,,,0.03129699867285201,0.94999999999999996,E1_RF,20260922,True,nested,"[""PN12-3.edf"", ""PN12-4.edf""]"
PN12,PN12-1.2.edf,4220,4210,4220,4160,4220,True,True,False,True,0,9774,0,negative,,,0.051947918131324954,0.94999999999999996,E1_RF,20260922,True,nested,"[""PN12-3.edf"", ""PN12-4.edf""]"
PN12,PN12-1.2.edf,4225,4215,4225,4165,4225,True,True,False,True,0,9774,0,negative,,,0.21394186327988574,0.94999999999999996,E1_RF,20260922,True,nested,"[""PN12-3.edf"", ""PN12-4.edf""]"
PN12,PN12-1.2.edf,4230,4220,4230,4170,4230,True,True,False,True,0,9774,0,negative,,,0.10010066844194908,0.94999999999999996,E1_RF,20260922,True,nested,"[""PN12-3.edf"", ""PN12-4.edf""]"
PN12,PN12-1.2.edf,4235,4225,4235,4175,4235,True,True,False,True,0,9774,0,negative,,,0.065495716900231649,0.94999999999999996,E1_RF,20260922,True,nested,"[""PN12-3.edf"", ""PN12-4.edf""]"
PN12,PN12-1.2.edf,4240,4230,4240,4180,4240,True,True,False,True,0,9774,0,negative,,,0.024535335670388052,0.94999999999999996,E1_RF,20260922,True,nested,"[""PN12-3.edf"", ""PN12-4.edf""]"
PN12,PN12-1.2.edf,4245,4235,4245,4185,4245,True,True,False,True,0,9774,0,negative,,,0.039659522573306009,0.94999999999999996,E1_RF,20260922,True,nested,"[""PN12-3.edf"", ""PN12-4.edf""]"
PN12,PN12-1.2.edf,4250,4240,4250,4190,4250,True,True,False,True,0,9774,0,negative,,,0.018332559136845041,0.94999999999999996,E1_RF,20260922,True,nested,"[""PN12-3.edf"", ""PN12-4.edf""]"
PN12,PN12-1.2.edf,4255,4245,4255,4195,4255,True,True,False,True,0,9774,0,negative,,,0.026005858485533283,0.94999999999999996,E1_RF,20260922,True,nested,"[""PN12-3.edf"", ""PN12-4.edf""]"
PN12,PN12-1.2.edf,4260,4250,4260,4200,4260,True,True,False,True,0,9774,0,negative,,,0.029221122879217614,0.94999999999999996,E1_RF,20260922,True,nested,"[""PN12-3.edf"", ""PN12-4.edf""]"
PN12,PN12-1.2.edf,4265,4255,4265,4205,4265,True,True,False,True,0,9774,0,negative,,,0.012449686735401019,0.94999999999999996,E1_RF,20260922,True,nested,"[""PN12-3.edf"", ""PN12-4.edf""]"
PN12,PN12-1.2.edf,4270,4260,4270,4210,4270,True,True,False,True,0,9774,0,negative,,,0,0.94999999999999996,E1_RF,20260922,True,nested,"[""PN12-3.edf"", ""PN12-4.edf""]"
PN12,PN12-1.2.edf,4275,4265,4275,4215,4275,True,True,False,True,0,9774,0,negative,,,0,0.94999999999999996,E1_RF,20260922,True,nested,"[""PN12-3.edf"", ""PN12-4.edf""]"
PN12,PN12-1.2.edf,4280,4270,4280,4220,4280,True,True,False,True,0,9774,0,negative,,,0.0059789677597896773,0.94999999999999996,E1_RF,20260922,True,nested,"[""PN12-3.edf"", ""PN12-4.edf""]"
PN12,PN12-1.2.edf,4285,4275,4285,4225,4285,True,True,False,True,0,9774,0,negative,,,0.058149250302712487,0.94999999999999996,E1_RF,20260922,True,nested,"[""PN12-3.edf"", ""PN12-4.edf""]"
PN12,PN12-1.2.edf,4290,4280,4290,4230,4290,True,True,False,True,0,9774,0,negative,,,0.34687719321756022,0.94999999999999996,E1_RF,20260922,True,nested,"[""PN12-3.edf"", ""PN12-4.edf""]"
PN12,PN12-1.2.edf,4295,4285,4295,4235,4295,True,True,False,True,0,9774,0,negative,,,0.25971318792254355,0.94999999999999996,E1_RF,20260922,True,nested,"[""PN12-3.edf"", ""PN12-4.edf""]"
PN12,PN12-1.2.edf,4300,4290,4300,4240,4300,True,True,False,True,0,9774,0,negative,,,0.011632506852357137,0.94999999999999996,E1_RF,20260922,True,nested,"[""PN12-3.edf"", ""PN12-4.edf""]"
PN12,PN12-1.2.edf,4305,4295,4305,4245,4305,True,True,False,True,0,9774,0,negative,,,0.020328748626103343,0.94999999999999996,E1_RF,20260922,True,nested,"[""PN12-3.edf"", ""PN12-4.edf""]"
PN12,PN12-1.2.edf,4310,4300,4310,4250,4310,True,True,False,True,0,9774,0,negative,,,0.0084287117452440039,0.94999999999999996,E1_RF,20260922,True,nested,"[""PN12-3.edf"", ""PN12-4.edf""]"
PN12,PN12-1.2.edf,4315,4305,4315,4255,4315,True,True,False,True,0,9774,0,negative,,,0.01437443269096495,0.94999999999999996,E1_RF,20260922,True,nested,"[""PN12-3.edf"", ""PN12-4.edf""]"
PN12,PN12-1.2.edf,4320,4310,4320,4260,4320,True,True,False,True,0,9774,0,negative,,,0.023190903314888989,0.94999999999999996,E1_RF,20260922,True,nested,"[""PN12-3.edf"", ""PN12-4.edf""]"
PN12,PN12-1.2.edf,4325,4315,4325,4265,4325,True,True,False,True,0,9774,0,negative,,,0.10257872264627774,0.94999999999999996,E1_RF,20260922,True,nested,"[""PN12-3.edf"", ""PN12-4.edf""]"
PN12,PN12-1.2.edf,4330,4320,4330,4270,4330,True,True,False,True,0,9774,0,negative,,,0.49442471932363491,0.94999999999999996,E1_RF,20260922,True,nested,"[""PN12-3.edf"", ""PN12-4.edf""]"
PN12,PN12-1.2.edf,4335,4325,4335,4275,4335,True,True,False,True,0,9774,0,negative,,,0.5445206083651577,0.94999999999999996,E1_RF,20260922,True,nested,"[""PN12-3.edf"", ""PN12-4.edf""]"
PN12,PN12-1.2.edf,4340,4330,4340,4280,4340,True,True,False,True,0,9774,0,negative,,,0.14485559874015416,0.94999999999999996,E1_RF,20260922,True,nested,"[""PN12-3.edf"", ""PN12-4.edf""]"
PN12,PN12-1.2.edf,4345,4335,4345,4285,4345,True,True,False,True,0,9774,0,negative,,,0.13934199552249971,0.94999999999999996,E1_RF,20260922,True,nested,"[""PN12-3.edf"", ""PN12-4.edf""]"
PN12,PN12-1.2.edf,4350,4340,4350,4290,4350,True,True,False,True,0,9774,0,negative,,,0.16515025077201634,0.94999999999999996,E1_RF,20260922,True,nested,"[""PN12-3.edf"", ""PN12-4.edf""]"
PN12,PN12-1.2.edf,4355,4345,4355,4295,4355,True,True,False,True,0,9774,0,negative,,,0.14216104616806652,0.94999999999999996,E1_RF,20260922,True,nested,"[""PN12-3.edf"", ""PN12-4.edf""]"
PN12,PN12-1.2.edf,4360,4350,4360,4300,4360,True,True,False,True,0,9774,0,negative,,,0.37242091201420363,0.94999999999999996,E1_RF,20260922,True,nested,"[""PN12-3.edf"", ""PN12-4.edf""]"
PN12,PN12-1.2.edf,4365,4355,4365,4305,4365,True,True,False,True,0,9774,0,negative,,,0.16078825829083415,0.94999999999999996,E1_RF,20260922,True,nested,"[""PN12-3.edf"", ""PN12-4.edf""]"
PN12,PN12-1.2.edf,4370,4360,4370,4310,4370,True,True,False,True,0,9774,0,negative,,,0.29192327526977885,0.94999999999999996,E1_RF,20260922,True,nested,"[""PN12-3.edf"", ""PN12-4.edf""]"
PN12,PN12-1.2.edf,4375,4365,4375,4315,4375,True,True,False,True,0,9774,0,negative,,,0.33779699986752343,0.94999999999999996,E1_RF,20260922,True,nested,"[""PN12-3.edf"", ""PN12-4.edf""]"
PN12,PN12-1.2.edf,4380,4370,4380,4320,4380,True,True,False,True,0,9774,0,negative,,,0.059718491335666396,0.94999999999999996,E1_RF,20260922,True,nested,"[""PN12-3.edf"", ""PN12-4.edf""]"
PN12,PN12-1.2.edf,4385,4375,4385,4325,4385,True,True,False,True,0,9774,0,negative,,,0.018225609184532622,0.94999999999999996,E1_RF,20260922,True,nested,"[""PN12-3.edf"", ""PN12-4.edf""]"
PN12,PN12-1.2.edf,4390,4380,4390,4330,4390,True,True,False,True,0,9774,0,negative,,,0,0.94999999999999996,E1_RF,20260922,True,nested,"[""PN12-3.edf"", ""PN12-4.edf""]"
PN12,PN12-1.2.edf,4395,4385,4395,4335,4395,True,True,False,True,0,9774,0,negative,,,0,0.94999999999999996,E1_RF,20260922,True,nested,"[""PN12-3.edf"", ""PN12-4.edf""]"
PN12,PN12-1.2.edf,4400,4390,4400,4340,4400,True,True,False,True,0,9774,0,negative,,,0.0056506849315068495,0.94999999999999996,E1_RF,20260922,True,nested,"[""PN12-3.edf"", ""PN12-4.edf""]"
PN12,PN12-1.2.edf,4405,4395,4405,4345,4405,True,True,False,True,0,9774,0,negative,,,0,0.94999999999999996,E1_RF,20260922,True,nested,"[""PN12-3.edf"", ""PN12-4.edf""]"
PN12,PN12-1.2.edf,4410,4400,4410,4350,4410,True,True,False,True,0,9774,0,negative,,,0.0030434782608695652,0.94999999999999996,E1_RF,20260922,True,nested,"[""PN12-3.edf"", ""PN12-4.edf""]"
PN12,PN12-1.2.edf,4415,4405,4415,4355,4415,True,True,False,True,0,9774,0,negative,,,0,0.94999999999999996,E1_RF,20260922,True,nested,"[""PN12-3.edf"", ""PN12-4.edf""]"
PN12,PN12-1.2.edf,4420,4410,4420,4360,4420,True,True,False,True,0,9774,0,negative,,,0.0029107981220657273,0.94999999999999996,E1_RF,20260922,True,nested,"[""PN12-3.edf"", ""PN12-4.edf""]"
PN12,PN12-1.2.edf,4425,4415,4425,4365,4425,True,True,False,True,0,9774,0,negative,,,0.046239126659118723,0.94999999999999996,E1_RF,20260922,True,nested,"[""PN12-3.edf"", ""PN12-4.edf""]"
PN12,PN12-1.2.edf,4430,4420,4430,4370,4430,True,True,False,True,0,9774,0,negative,,,0,0.94999999999999996,E1_RF,20260922,True,nested,"[""PN12-3.edf"", ""PN12-4.edf""]"
PN12,PN12-1.2.edf,4435,4425,4435,4375,4435,True,True,False,True,0,9774,0,negative,,,0.0063057409879839791,0.94999999999999996,E1_RF,20260922,True,nested,"[""PN12-3.edf"", ""PN12-4.edf""]"
PN12,PN12-1.2.edf,4440,4430,4440,4380,4440,True,True,False,True,0,9774,0,negative,,,0,0.94999999999999996,E1_RF,20260922,True,nested,"[""PN12-3.edf"", ""PN12-4.edf""]"
PN12,PN12-1.2.edf,4445,4435,4445,4385,4445,True,True,False,True,0,9774,0,negative,,,0.0029078014184397163,0.94999999999999996,E1_RF,20260922,True,nested,"[""PN12-3.edf"", ""PN12-4.edf""]"
PN12,PN12-1.2.edf,4450,4440,4450,4390,4450,True,True,False,True,0,9774,0,negative,,,0,0.94999999999999996,E1_RF,20260922,True,nested,"[""PN12-3.edf"", ""PN12-4.edf""]"
PN12,PN12-1.2.edf,4455,4445,4455,4395,4455,True,True,False,True,0,9774,0,negative,,,0.0887642643385749,0.94999999999999996,E1_RF,20260922,True,nested,"[""PN12-3.edf"", ""PN12-4.edf""]"
PN12,PN12-1.2.edf,4460,4450,4460,4400,4460,True,True,False,True,0,9774,0,negative,,,0.058827643278184474,0.94999999999999996,E1_RF,20260922,True,nested,"[""PN12-3.edf"", ""PN12-4.edf""]"
PN12,PN12-1.2.edf,4465,4455,4465,4405,4465,True,True,False,True,0,9774,0,negative,,,0.032655103172102101,0.94999999999999996,E1_RF,20260922,True,nested,"[""PN12-3.edf"", ""PN12-4.edf""]"
PN12,PN12-1.2.edf,4470,4460,4470,4410,4470,True,True,False,True,0,9774,0,negative,,,0.015937968754027507,0.94999999999999996,E1_RF,20260922,True,nested,"[""PN12-3.edf"", ""PN12-4.edf""]"
PN12,PN12-1.2.edf,4475,4465,4475,4415,4475,True,True,False,True,0,9774,0,negative,,,0,0.94999999999999996,E1_RF,20260922,True,nested,"[""PN12-3.edf"", ""PN12-4.edf""]"
PN12,PN12-1.2.edf,4480,4470,4480,4420,4480,True,True,False,True,0,9774,0,negative,,,0,0.94999999999999996,E1_RF,20260922,True,nested,"[""PN12-3.edf"", ""PN12-4.edf""]"
PN12,PN12-1.2.edf,4485,4475,4485,4425,4485,True,True,False,True,0,9774,0,negative,,,0,0.94999999999999996,E1_RF,20260922,True,nested,"[""PN12-3.edf"", ""PN12-4.edf""]"
PN12,PN12-1.2.edf,4490,4480,4490,4430,4490,True,True,False,True,0,9774,0,negative,,,0.0089237562157553039,0.94999999999999996,E1_RF,20260922,True,nested,"[""PN12-3.edf"", ""PN12-4.edf""]"
PN12,PN12-1.2.edf,4495,4485,4495,4435,4495,True,True,False,True,0,9774,0,negative,,,0.011686482538584252,0.94999999999999996,E1_RF,20260922,True,nested,"[""PN12-3.edf"", ""PN12-4.edf""]"
PN12,PN12-1.2.edf,4500,4490,4500,4440,4500,True,True,False,True,0,9774,0,negative,,,0.0031764705882352941,0.94999999999999996,E1_RF,20260922,True,nested,"[""PN12-3.edf"", ""PN12-4.edf""]"
PN12,PN12-1.2.edf,4505,4495,4505,4445,4505,True,True,False,True,0,9774,0,negative,,,0.0032142857142857142,0.94999999999999996,E1_RF,20260922,True,nested,"[""PN12-3.edf"", ""PN12-4.edf""]"
PN12,PN12-1.2.edf,4510,4500,4510,4450,4510,True,True,False,True,0,9774,0,negative,,,0,0.94999999999999996,E1_RF,20260922,True,nested,"[""PN12-3.edf"", ""PN12-4.edf""]"
PN12,PN12-1.2.edf,4515,4505,4515,4455,4515,True,True,False,True,0,9774,0,negative,,,0,0.94999999999999996,E1_RF,20260922,True,nested,"[""PN12-3.edf"", ""PN12-4.edf""]"
PN12,PN12-1.2.edf,4520,4510,4520,4460,4520,True,True,False,True,0,9774,0,negative,,,0.0031981981981981981,0.94999999999999996,E1_RF,20260922,True,nested,"[""PN12-3.edf"", ""PN12-4.edf""]"
PN12,PN12-1.2.edf,4525,4515,4525,4465,4525,True,True,False,True,0,9774,0,negative,,,0,0.94999999999999996,E1_RF,20260922,True,nested,"[""PN12-3.edf"", ""PN12-4.edf""]"
PN12,PN12-1.2.edf,4530,4520,4530,4470,4530,True,True,False,True,0,9774,0,negative,,,0.083180246034917887,0.94999999999999996,E1_RF,20260922,True,nested,"[""PN12-3.edf"", ""PN12-4.edf""]"
PN12,PN12-1.2.edf,4535,4525,4535,4475,4535,True,True,False,True,0,9774,0,negative,,,0.088675237028017564,0.94999999999999996,E1_RF,20260922,True,nested,"[""PN12-3.edf"", ""PN12-4.edf""]"
PN12,PN12-1.2.edf,4540,4530,4540,4480,4540,True,True,False,True,0,9774,0,negative,,,0.054168870931599361,0.94999999999999996,E1_RF,20260922,True,nested,"[""PN12-3.edf"", ""PN12-4.edf""]"
PN12,PN12-1.2.edf,4545,4535,4545,4485,4545,True,True,False,True,0,9774,0,negative,,,0.050509784150128412,0.94999999999999996,E1_RF,20260922,True,nested,"[""PN12-3.edf"", ""PN12-4.edf""]"
PN12,PN12-1.2.edf,4550,4540,4550,4490,4550,True,True,False,True,0,9774,0,negative,,,0,0.94999999999999996,E1_RF,20260922,True,nested,"[""PN12-3.edf"", ""PN12-4.edf""]"
PN12,PN12-1.2.edf,4555,4545,4555,4495,4555,True,True,False,True,0,9774,0,negative,,,0,0.94999999999999996,E1_RF,20260922,True,nested,"[""PN12-3.edf"", ""PN12-4.edf""]"
PN12,PN12-1.2.edf,4560,4550,4560,4500,4560,True,True,False,True,0,9774,0,negative,,,0.0062104072398190043,0.94999999999999996,E1_RF,20260922,True,nested,"[""PN12-3.edf"", ""PN12-4.edf""]"
PN12,PN12-1.2.edf,4565,4555,4565,4505,4565,True,True,False,True,0,9774,0,negative,,,0.027387233661799536,0.94999999999999996,E1_RF,20260922,True,nested,"[""PN12-3.edf"", ""PN12-4.edf""]"
PN12,PN12-1.2.edf,4570,4560,4570,4510,4570,True,True,False,True,0,9774,0,negative,,,0.015169185780524336,0.94999999999999996,E1_RF,20260922,True,nested,"[""PN12-3.edf"", ""PN12-4.edf""]"
PN12,PN12-1.2.edf,4575,4565,4575,4515,4575,True,True,False,True,0,9774,0,negative,,,0.037372310340169218,0.94999999999999996,E1_RF,20260922,True,nested,"[""PN12-3.edf"", ""PN12-4.edf""]"
PN12,PN12-1.2.edf,4580,4570,4580,4520,4580,True,True,False,True,0,9774,0,negative,,,0.077634909833430951,0.94999999999999996,E1_RF,20260922,True,nested,"[""PN12-3.edf"", ""PN12-4.edf""]"
PN12,PN12-1.2.edf,4585,4575,4585,4525,4585,True,True,False,True,0,9774,0,negative,,,0.086214281864358089,0.94999999999999996,E1_RF,20260922,True,nested,"[""PN12-3.edf"", ""PN12-4.edf""]"
PN12,PN12-1.2.edf,4590,4580,4590,4530,4590,True,True,False,True,0,9774,0,negative,,,0.02422432236507269,0.94999999999999996,E1_RF,20260922,True,nested,"[""PN12-3.edf"", ""PN12-4.edf""]"
PN12,PN12-1.2.edf,4595,4585,4595,4535,4595,True,True,False,True,0,9774,0,negative,,,0.0087670286156553076,0.94999999999999996,E1_RF,20260922,True,nested,"[""PN12-3.edf"", ""PN12-4.edf""]"
PN12,PN12-1.2.edf,4600,4590,4600,4540,4600,True,True,False,True,0,9774,0,negative,,,0.01172999157861827,0.94999999999999996,E1_RF,20260922,True,nested,"[""PN12-3.edf"", ""PN12-4.edf""]"
PN12,PN12-1.2.edf,4605,4595,4605,4545,4605,True,True,False,True,0,9774,0,negative,,,0.0029629629629629628,0.94999999999999996,E1_RF,20260922,True,nested,"[""PN12-3.edf"", ""PN12-4.edf""]"
PN12,PN12-1.2.edf,4610,4600,4610,4550,4610,True,True,False,True,0,9774,0,negative,,,0.0087162928366872321,0.94999999999999996,E1_RF,20260922,True,nested,"[""PN12-3.edf"", ""PN12-4.edf""]"
PN12,PN12-1.2.edf,4615,4605,4615,4555,4615,True,True,False,True,0,9774,0,negative,,,0,0.94999999999999996,E1_RF,20260922,True,nested,"[""PN12-3.edf"", ""PN12-4.edf""]"
PN12,PN12-1.2.edf,4620,4610,4620,4560,4620,True,True,False,True,0,9774,0,negative,,,0.0029629629629629628,0.94999999999999996,E1_RF,20260922,True,nested,"[""PN12-3.edf"", ""PN12-4.edf""]"
PN12,PN12-1.2.edf,4625,4615,4625,4565,4625,True,True,False,True,0,9774,0,negative,,,0,0.94999999999999996,E1_RF,20260922,True,nested,"[""PN12-3.edf"", ""PN12-4.edf""]"
PN12,PN12-1.2.edf,4630,4620,4630,4570,4630,True,True,False,True,0,9774,0,negative,,,0.0032142857142857142,0.94999999999999996,E1_RF,20260922,True,nested,"[""PN12-3.edf"", ""PN12-4.edf""]"
PN12,PN12-1.2.edf,4635,4625,4635,4575,4635,True,True,False,True,0,9774,0,negative,,,0.0028282828282828283,0.94999999999999996,E1_RF,20260922,True,nested,"[""PN12-3.edf"", ""PN12-4.edf""]"
PN12,PN12-1.2.edf,4640,4630,4640,4580,4640,True,True,False,True,0,9774,0,negative,,,0.024686183692518404,0.94999999999999996,E1_RF,20260922,True,nested,"[""PN12-3.edf"", ""PN12-4.edf""]"
PN12,PN12-1.2.edf,4645,4635,4645,4585,4645,True,True,False,True,0,9774,0,negative,,,0.0032098765432098763,0.94999999999999996,E1_RF,20260922,True,nested,"[""PN12-3.edf"", ""PN12-4.edf""]"
PN12,PN12-1.2.edf,4650,4640,4650,4590,4650,True,True,False,True,0,9774,0,negative,,,0.03175822892324226,0.94999999999999996,E1_RF,20260922,True,nested,"[""PN12-3.edf"", ""PN12-4.edf""]"
PN12,PN12-1.2.edf,4655,4645,4655,4595,4655,True,True,False,True,0,9774,0,negative,,,0.012311414067217554,0.94999999999999996,E1_RF,20260922,True,nested,"[""PN12-3.edf"", ""PN12-4.edf""]"
PN12,PN12-1.2.edf,4660,4650,4660,4600,4660,True,True,False,True,0,9774,0,negative,,,0.0094767137624280472,0.94999999999999996,E1_RF,20260922,True,nested,"[""PN12-3.edf"", ""PN12-4.edf""]"
PN12,PN12-1.2.edf,4665,4655,4665,4605,4665,True,True,False,True,0,9774,0,negative,,,0.012813543599257885,0.94999999999999996,E1_RF,20260922,True,nested,"[""PN12-3.edf"", ""PN12-4.edf""]"
PN12,PN12-1.2.edf,4670,4660,4670,4610,4670,True,True,False,True,0,9774,0,negative,,,0.0095444754162064254,0.94999999999999996,E1_RF,20260922,True,nested,"[""PN12-3.edf"", ""PN12-4.edf""]"
PN12,PN12-1.2.edf,4675,4665,4675,4615,4675,True,True,False,True,0,9774,0,negative,,,0.031368280174929833,0.94999999999999996,E1_RF,20260922,True,nested,"[""PN12-3.edf"", ""PN12-4.edf""]"
PN12,PN12-1.2.edf,4680,4670,4680,4620,4680,True,True,False,True,0,9774,0,negative,,,0.0063932980599647271,0.94999999999999996,E1_RF,20260922,True,nested,"[""PN12-3.edf"", ""PN12-4.edf""]"
PN12,PN12-1.2.edf,4685,4675,4685,4625,4685,True,True,False,True,0,9774,0,negative,,,0,0.94999999999999996,E1_RF,20260922,True,nested,"[""PN12-3.edf"", ""PN12-4.edf""]"
PN12,PN12-1.2.edf,4690,4680,4690,4630,4690,True,True,False,True,0,9774,0,negative,,,0,0.94999999999999996,E1_RF,20260922,True,nested,"[""PN12-3.edf"", ""PN12-4.edf""]"
PN12,PN12-1.2.edf,4695,4685,4695,4635,4695,True,True,False,True,0,9774,0,negative,,,0.0031981981981981981,0.94999999999999996,E1_RF,20260922,True,nested,"[""PN12-3.edf"", ""PN12-4.edf""]"
PN12,PN12-1.2.edf,4700,4690,4700,4640,4700,True,True,False,True,0,9774,0,negative,,,0.015667181685954292,0.94999999999999996,E1_RF,20260922,True,nested,"[""PN12-3.edf"", ""PN12-4.edf""]"
PN12,PN12-1.2.edf,4705,4695,4705,4645,4705,True,True,False,True,0,9774,0,negative,,,0.096507069965567904,0.94999999999999996,E1_RF,20260922,True,nested,"[""PN12-3.edf"", ""PN12-4.edf""]"
PN12,PN12-1.2.edf,4710,4700,4710,4650,4710,True,True,False,True,0,9774,0,negative,,,0.067155249710778145,0.94999999999999996,E1_RF,20260922,True,nested,"[""PN12-3.edf"", ""PN12-4.edf""]"
PN12,PN12-1.2.edf,4715,4705,4715,4655,4715,True,True,False,True,0,9774,0,negative,,,0.0092439794430365409,0.94999999999999996,E1_RF,20260922,True,nested,"[""PN12-3.edf"", ""PN12-4.edf""]"
PN12,PN12-1.2.edf,4720,4710,4720,4660,4720,True,True,False,True,0,9774,0,negative,,,0.0063610965601536588,0.94999999999999996,E1_RF,20260922,True,nested,"[""PN12-3.edf"", ""PN12-4.edf""]"
PN12,PN12-1.2.edf,4725,4715,4725,4665,4725,True,True,False,True,0,9774,0,negative,,,0.0031884057971014496,0.94999999999999996,E1_RF,20260922,True,nested,"[""PN12-3.edf"", ""PN12-4.edf""]"
PN12,PN12-1.2.edf,4730,4720,4730,4670,4730,True,True,False,True,0,9774,0,negative,,,0,0.94999999999999996,E1_RF,20260922,True,nested,"[""PN12-3.edf"", ""PN12-4.edf""]"
PN12,PN12-1.2.edf,4735,4725,4735,4675,4735,True,True,False,True,0,9774,0,negative,,,0.011827685456717715,0.94999999999999996,E1_RF,20260922,True,nested,"[""PN12-3.edf"", ""PN12-4.edf""]"
PN12,PN12-1.2.edf,4740,4730,4740,4680,4740,True,True,False,True,0,9774,0,negative,,,0.011897110874244398,0.94999999999999996,E1_RF,20260922,True,nested,"[""PN12-3.edf"", ""PN12-4.edf""]"
PN12,PN12-1.2.edf,4745,4735,4745,4685,4745,True,True,False,True,0,9774,0,negative,,,0.0027956989247311828,0.94999999999999996,E1_RF,20260922,True,nested,"[""PN12-3.edf"", ""PN12-4.edf""]"
PN12,PN12-1.2.edf,4750,4740,4750,4690,4750,True,True,False,True,0,9774,0,negative,,,0,0.94999999999999996,E1_RF,20260922,True,nested,"[""PN12-3.edf"", ""PN12-4.edf""]"
PN12,PN12-1.2.edf,4755,4745,4755,4695,4755,True,True,False,True,0,9774,0,negative,,,0,0.94999999999999996,E1_RF,20260922,True,nested,"[""PN12-3.edf"", ""PN12-4.edf""]"
PN12,PN12-1.2.edf,4760,4750,4760,4700,4760,True,True,False,True,0,9774,0,negative,,,0.046997704094528726,0.94999999999999996,E1_RF,20260922,True,nested,"[""PN12-3.edf"", ""PN12-4.edf""]"
PN12,PN12-1.2.edf,4765,4755,4765,4705,4765,True,True,False,True,0,9774,0,negative,,,0.039042837647118231,0.94999999999999996,E1_RF,20260922,True,nested,"[""PN12-3.edf"", ""PN12-4.edf""]"
PN12,PN12-1.2.edf,4770,4760,4770,4710,4770,True,True,False,True,0,9774,0,negative,,,0.015053843753298546,0.94999999999999996,E1_RF,20260922,True,nested,"[""PN12-3.edf"", ""PN12-4.edf""]"
PN12,PN12-1.2.edf,4775,4765,4775,4715,4775,True,True,False,True,0,9774,0,negative,,,0.054053105919927506,0.94999999999999996,E1_RF,20260922,True,nested,"[""PN12-3.edf"", ""PN12-4.edf""]"
PN12,PN12-1.2.edf,4780,4770,4780,4720,4780,True,True,False,True,0,9774,0,negative,,,0.023623420251325165,0.94999999999999996,E1_RF,20260922,True,nested,"[""PN12-3.edf"", ""PN12-4.edf""]"
PN12,PN12-1.2.edf,4785,4775,4785,4725,4785,True,True,False,True,0,9774,0,negative,,,0.0091962591488208185,0.94999999999999996,E1_RF,20260922,True,nested,"[""PN12-3.edf"", ""PN12-4.edf""]"
PN12,PN12-1.2.edf,4790,4780,4790,4730,4790,True,True,False,True,0,9774,0,negative,,,0.012632144203835381,0.94999999999999996,E1_RF,20260922,True,nested,"[""PN12-3.edf"", ""PN12-4.edf""]"
PN12,PN12-1.2.edf,4795,4785,4795,4735,4795,True,True,False,True,0,9774,0,negative,,,0,0.94999999999999996,E1_RF,20260922,True,nested,"[""PN12-3.edf"", ""PN12-4.edf""]"
PN12,PN12-1.2.edf,4800,4790,4800,4740,4800,True,True,False,True,0,9774,0,negative,,,0.0060192510548523204,0.94999999999999996,E1_RF,20260922,True,nested,"[""PN12-3.edf"", ""PN12-4.edf""]"
PN12,PN12-1.2.edf,4805,4795,4805,4745,4805,True,True,False,True,0,9774,0,negative,,,0.12672247811360043,0.94999999999999996,E1_RF,20260922,True,nested,"[""PN12-3.edf"", ""PN12-4.edf""]"
PN12,PN12-1.2.edf,4810,4800,4810,4750,4810,True,True,False,True,0,9774,0,negative,,,0.10935234901110226,0.94999999999999996,E1_RF,20260922,True,nested,"[""PN12-3.edf"", ""PN12-4.edf""]"
PN12,PN12-1.2.edf,4815,4805,4815,4755,4815,True,True,False,True,0,9774,0,negative,,,0.02058025568642147,0.94999999999999996,E1_RF,20260922,True,nested,"[""PN12-3.edf"", ""PN12-4.edf""]"
PN12,PN12-1.2.edf,4820,4810,4820,4760,4820,True,True,False,True,0,9774,0,negative,,,0.078518057622348009,0.94999999999999996,E1_RF,20260922,True,nested,"[""PN12-3.edf"", ""PN12-4.edf""]"
PN12,PN12-1.2.edf,4825,4815,4825,4765,4825,True,True,False,True,0,9774,0,negative,,,0.07219922389117997,0.94999999999999996,E1_RF,20260922,True,nested,"[""PN12-3.edf"", ""PN12-4.edf""]"
PN12,PN12-1.2.edf,4830,4820,4830,4770,4830,True,True,False,True,0,9774,0,negative,,,0.012156967505068771,0.94999999999999996,E1_RF,20260922,True,nested,"[""PN12-3.edf"", ""PN12-4.edf""]"
PN12,PN12-1.2.edf,4835,4825,4835,4775,4835,True,True,False,True,0,9774,0,negative,,,0.0085799447089769665,0.94999999999999996,E1_RF,20260922,True,nested,"[""PN12-3.edf"", ""PN12-4.edf""]"
PN12,PN12-1.2.edf,4840,4830,4840,4780,4840,True,True,False,True,0,9774,0,negative,,,0.020603385453611636,0.94999999999999996,E1_RF,20260922,True,nested,"[""PN12-3.edf"", ""PN12-4.edf""]"
PN12,PN12-1.2.edf,4845,4835,4845,4785,4845,True,True,False,True,0,9774,0,negative,,,0.070854386468968536,0.94999999999999996,E1_RF,20260922,True,nested,"[""PN12-3.edf"", ""PN12-4.edf""]"
PN12,PN12-1.2.edf,4850,4840,4850,4790,4850,True,True,False,True,0,9774,0,negative,,,0.073494360992620994,0.94999999999999996,E1_RF,20260922,True,nested,"[""PN12-3.edf"", ""PN12-4.edf""]"
PN12,PN12-1.2.edf,4855,4845,4855,4795,4855,True,True,False,True,0,9774,0,negative,,,0.028174324888981021,0.94999999999999996,E1_RF,20260922,True,nested,"[""PN12-3.edf"", ""PN12-4.edf""]"
PN12,PN12-1.2.edf,4860,4850,4860,4800,4860,True,True,False,True,0,9774,0,negative,,,0.012474693423043493,0.94999999999999996,E1_RF,20260922,True,nested,"[""PN12-3.edf"", ""PN12-4.edf""]"
PN12,PN12-1.2.edf,4865,4855,4865,4805,4865,True,True,False,True,0,9774,0,negative,,,0.17948990728867842,0.94999999999999996,E1_RF,20260922,True,nested,"[""PN12-3.edf"", ""PN12-4.edf""]"
PN12,PN12-1.2.edf,4870,4860,4870,4810,4870,True,True,False,True,0,9774,0,negative,,,0.0027956989247311828,0.94999999999999996,E1_RF,20260922,True,nested,"[""PN12-3.edf"", ""PN12-4.edf""]"
PN12,PN12-1.2.edf,4875,4865,4875,4815,4875,True,True,False,True,0,9774,0,negative,,,0.0028282828282828283,0.94999999999999996,E1_RF,20260922,True,nested,"[""PN12-3.edf"", ""PN12-4.edf""]"
PN12,PN12-1.2.edf,4880,4870,4880,4820,4880,True,True,False,True,0,9774,0,negative,,,0.0057864357864357866,0.94999999999999996,E1_RF,20260922,True,nested,"[""PN12-3.edf"", ""PN12-4.edf""]"
PN12,PN12-1.2.edf,4885,4875,4885,4825,4885,True,True,False,True,0,9774,0,negative,,,0.0088227446496036959,0.94999999999999996,E1_RF,20260922,True,nested,"[""PN12-3.edf"", ""PN12-4.edf""]"
PN12,PN12-1.2.edf,4890,4880,4890,4830,4890,True,True,False,True,0,9774,0,negative,,,0.012464900798234131,0.94999999999999996,E1_RF,20260922,True,nested,"[""PN12-3.edf"", ""PN12-4.edf""]"
PN12,PN12-1.2.edf,4895,4885,4895,4835,4895,True,True,False,True,0,9774,0,negative,,,0.0030434782608695652,0.94999999999999996,E1_RF,20260922,True,nested,"[""PN12-3.edf"", ""PN12-4.edf""]"
PN12,PN12-1.2.edf,4900,4890,4900,4840,4900,True,True,False,True,0,9774,0,negative,,,0,0.94999999999999996,E1_RF,20260922,True,nested,"[""PN12-3.edf"", ""PN12-4.edf""]"
PN12,PN12-1.2.edf,4905,4895,4905,4845,4905,True,True,False,True,0,9774,0,negative,,,0,0.94999999999999996,E1_RF,20260922,True,nested,"[""PN12-3.edf"", ""PN12-4.edf""]"
PN12,PN12-1.2.edf,4910,4900,4910,4850,4910,True,True,False,True,0,9774,0,negative,,,0,0.94999999999999996,E1_RF,20260922,True,nested,"[""PN12-3.edf"", ""PN12-4.edf""]"
PN12,PN12-1.2.edf,4915,4905,4915,4855,4915,True,True,False,True,0,9774,0,negative,,,0,0.94999999999999996,E1_RF,20260922,True,nested,"[""PN12-3.edf"", ""PN12-4.edf""]"
PN12,PN12-1.2.edf,4920,4910,4920,4860,4920,True,True,False,True,0,9774,0,negative,,,0,0.94999999999999996,E1_RF,20260922,True,nested,"[""PN12-3.edf"", ""PN12-4.edf""]"
PN12,PN12-1.2.edf,4925,4915,4925,4865,4925,True,True,False,True,0,9774,0,negative,,,0,0.94999999999999996,E1_RF,20260922,True,nested,"[""PN12-3.edf"", ""PN12-4.edf""]"
PN12,PN12-1.2.edf,4930,4920,4930,4870,4930,True,True,False,True,0,9774,0,negative,,,0.0029107981220657273,0.94999999999999996,E1_RF,20260922,True,nested,"[""PN12-3.edf"", ""PN12-4.edf""]"
PN12,PN12-1.2.edf,4935,4925,4935,4875,4935,True,True,False,True,0,9774,0,negative,,,0.0029107981220657273,0.94999999999999996,E1_RF,20260922,True,nested,"[""PN12-3.edf"", ""PN12-4.edf""]"
PN12,PN12-1.2.edf,4940,4930,4940,4880,4940,True,True,False,True,0,9774,0,negative,,,0.0029107981220657273,0.94999999999999996,E1_RF,20260922,True,nested,"[""PN12-3.edf"", ""PN12-4.edf""]"
PN12,PN12-1.2.edf,4945,4935,4945,4885,4945,True,True,False,True,0,9774,0,negative,,,0,0.94999999999999996,E1_RF,20260922,True,nested,"[""PN12-3.edf"", ""PN12-4.edf""]"
PN12,PN12-1.2.edf,4950,4940,4950,4890,4950,True,True,False,True,0,9774,0,negative,,,0,0.94999999999999996,E1_RF,20260922,True,nested,"[""PN12-3.edf"", ""PN12-4.edf""]"
PN12,PN12-1.2.edf,4955,4945,4955,4895,4955,True,True,False,True,0,9774,0,negative,,,0,0.94999999999999996,E1_RF,20260922,True,nested,"[""PN12-3.edf"", ""PN12-4.edf""]"
PN12,PN12-1.2.edf,4960,4950,4960,4900,4960,True,True,False,True,0,9774,0,negative,,,0.0032121212121212122,0.94999999999999996,E1_RF,20260922,True,nested,"[""PN12-3.edf"", ""PN12-4.edf""]"
PN12,PN12-1.2.edf,4965,4955,4965,4905,4965,True,True,False,True,0,9774,0,negative,,,0.0061059996166379143,0.94999999999999996,E1_RF,20260922,True,nested,"[""PN12-3.edf"", ""PN12-4.edf""]"
PN12,PN12-1.2.edf,4970,4960,4970,4910,4970,True,True,False,True,0,9774,0,negative,,,0.0089948885055268022,0.94999999999999996,E1_RF,20260922,True,nested,"[""PN12-3.edf"", ""PN12-4.edf""]"
PN12,PN12-1.2.edf,4975,4965,4975,4915,4975,True,True,False,True,0,9774,0,negative,,,0,0.94999999999999996,E1_RF,20260922,True,nested,"[""PN12-3.edf"", ""PN12-4.edf""]"
PN12,PN12-1.2.edf,4980,4970,4980,4920,4980,True,True,False,True,0,9774,0,negative,,,0.0093462772180082261,0.94999999999999996,E1_RF,20260922,True,nested,"[""PN12-3.edf"", ""PN12-4.edf""]"
PN12,PN12-1.2.edf,4985,4975,4985,4925,4985,True,True,False,True,0,9774,0,negative,,,0,0.94999999999999996,E1_RF,20260922,True,nested,"[""PN12-3.edf"", ""PN12-4.edf""]"
PN12,PN12-1.2.edf,4990,4980,4990,4930,4990,True,True,False,True,0,9774,0,negative,,,0.011695270432998344,0.94999999999999996,E1_RF,20260922,True,nested,"[""PN12-3.edf"", ""PN12-4.edf""]"
PN12,PN12-1.2.edf,4995,4985,4995,4935,4995,True,True,False,True,0,9774,0,negative,,,0.046132920458119946,0.94999999999999996,E1_RF,20260922,True,nested,"[""PN12-3.edf"", ""PN12-4.edf""]"
PN12,PN12-1.2.edf,5000,4990,5000,4940,5000,True,True,False,True,0,9774,0,negative,,,0,0.94999999999999996,E1_RF,20260922,True,nested,"[""PN12-3.edf"", ""PN12-4.edf""]"
PN12,PN12-1.2.edf,5005,4995,5005,4945,5005,True,True,False,True,0,9774,0,negative,,,0,0.94999999999999996,E1_RF,20260922,True,nested,"[""PN12-3.edf"", ""PN12-4.edf""]"
PN12,PN12-1.2.edf,5010,5000,5010,4950,5010,True,True,False,True,0,9774,0,negative,,,0,0.94999999999999996,E1_RF,20260922,True,nested,"[""PN12-3.edf"", ""PN12-4.edf""]"
PN12,PN12-1.2.edf,5015,5005,5015,4955,5015,True,True,False,True,0,9774,0,negative,,,0.10433022185502883,0.94999999999999996,E1_RF,20260922,True,nested,"[""PN12-3.edf"", ""PN12-4.edf""]"
PN12,PN12-1.2.edf,5020,5010,5020,4960,5020,True,True,False,True,0,9774,0,negative,,,0.0093182167883059906,0.94999999999999996,E1_RF,20260922,True,nested,"[""PN12-3.edf"", ""PN12-4.edf""]"
PN12,PN12-1.2.edf,5025,5015,5025,4965,5025,True,True,False,True,0,9774,0,negative,,,0.0085799447089769665,0.94999999999999996,E1_RF,20260922,True,nested,"[""PN12-3.edf"", ""PN12-4.edf""]"
PN12,PN12-1.2.edf,5030,5020,5030,4970,5030,True,True,False,True,0,9774,0,negative,,,0.014961203354941496,0.94999999999999996,E1_RF,20260922,True,nested,"[""PN12-3.edf"", ""PN12-4.edf""]"
PN12,PN12-1.2.edf,5035,5025,5035,4975,5035,True,True,False,True,0,9774,0,negative,,,0.0027956989247311828,0.94999999999999996,E1_RF,20260922,True,nested,"[""PN12-3.edf"", ""PN12-4.edf""]"
PN12,PN12-1.2.edf,5040,5030,5040,4980,5040,True,True,False,True,0,9774,0,negative,,,0.0027956989247311828,0.94999999999999996,E1_RF,20260922,True,nested,"[""PN12-3.edf"", ""PN12-4.edf""]"
PN12,PN12-1.2.edf,5045,5035,5045,4985,5045,True,True,False,True,0,9774,0,negative,,,0.0027956989247311828,0.94999999999999996,E1_RF,20260922,True,nested,"[""PN12-3.edf"", ""PN12-4.edf""]"
PN12,PN12-1.2.edf,5050,5040,5050,4990,5050,True,True,False,True,0,9774,0,negative,,,0.12172587009737026,0.94999999999999996,E1_RF,20260922,True,nested,"[""PN12-3.edf"", ""PN12-4.edf""]"
PN12,PN12-1.2.edf,5055,5045,5055,4995,5055,True,True,False,True,0,9774,0,negative,,,0.08233053236019694,0.94999999999999996,E1_RF,20260922,True,nested,"[""PN12-3.edf"", ""PN12-4.edf""]"
PN12,PN12-1.2.edf,5060,5050,5060,5000,5060,True,True,False,True,0,9774,0,negative,,,0.039845075491450103,0.94999999999999996,E1_RF,20260922,True,nested,"[""PN12-3.edf"", ""PN12-4.edf""]"
PN12,PN12-1.2.edf,5065,5055,5065,5005,5065,True,True,False,True,0,9774,0,negative,,,0,0.94999999999999996,E1_RF,20260922,True,nested,"[""PN12-3.edf"", ""PN12-4.edf""]"
PN12,PN12-1.2.edf,5070,5060,5070,5010,5070,True,True,False,True,0,9774,0,negative,,,0.006404949253050519,0.94999999999999996,E1_RF,20260922,True,nested,"[""PN12-3.edf"", ""PN12-4.edf""]"
PN12,PN12-1.2.edf,5075,5065,5075,5015,5075,True,True,False,True,0,9774,0,negative,,,0.011573141987888532,0.94999999999999996,E1_RF,20260922,True,nested,"[""PN12-3.edf"", ""PN12-4.edf""]"
PN12,PN12-1.2.edf,5080,5070,5080,5020,5080,True,True,False,True,0,9774,0,negative,,,0,0.94999999999999996,E1_RF,20260922,True,nested,"[""PN12-3.edf"", ""PN12-4.edf""]"
PN12,PN12-1.2.edf,5085,5075,5085,5025,5085,True,True,False,True,0,9774,0,negative,,,0,0.94999999999999996,E1_RF,20260922,True,nested,"[""PN12-3.edf"", ""PN12-4.edf""]"
PN12,PN12-1.2.edf,5090,5080,5090,5030,5090,True,True,False,True,0,9774,0,negative,,,0,0.94999999999999996,E1_RF,20260922,True,nested,"[""PN12-3.edf"", ""PN12-4.edf""]"
PN12,PN12-1.2.edf,5095,5085,5095,5035,5095,True,True,False,True,0,9774,0,negative,,,0.0084308300771037143,0.94999999999999996,E1_RF,20260922,True,nested,"[""PN12-3.edf"", ""PN12-4.edf""]"
PN12,PN12-1.2.edf,5100,5090,5100,5040,5100,True,True,False,True,0,9774,0,negative,,,0.0085799447089769665,0.94999999999999996,E1_RF,20260922,True,nested,"[""PN12-3.edf"", ""PN12-4.edf""]"
PN12,PN12-1.2.edf,5105,5095,5105,5045,5105,True,True,False,True,0,9774,0,negative,,,0.01137564363370815,0.94999999999999996,E1_RF,20260922,True,nested,"[""PN12-3.edf"", ""PN12-4.edf""]"
PN12,PN12-1.2.edf,5110,5100,5110,5050,5110,True,True,False,True,0,9774,0,negative,,,0.023296547836559614,0.94999999999999996,E1_RF,20260922,True,nested,"[""PN12-3.edf"", ""PN12-4.edf""]"
PN12,PN12-1.2.edf,5115,5105,5115,5055,5115,True,True,False,True,0,9774,0,negative,,,0.0058411033411033412,0.94999999999999996,E1_RF,20260922,True,nested,"[""PN12-3.edf"", ""PN12-4.edf""]"
PN12,PN12-1.2.edf,5120,5110,5120,5060,5120,True,True,False,True,0,9774,0,negative,,,0,0.94999999999999996,E1_RF,20260922,True,nested,"[""PN12-3.edf"", ""PN12-4.edf""]"
PN12,PN12-1.2.edf,5125,5115,5125,5065,5125,True,True,False,True,0,9774,0,negative,,,0,0.94999999999999996,E1_RF,20260922,True,nested,"[""PN12-3.edf"", ""PN12-4.edf""]"
PN12,PN12-1.2.edf,5130,5120,5130,5070,5130,True,True,False,True,0,9774,0,negative,,,0.0123152925040882,0.94999999999999996,E1_RF,20260922,True,nested,"[""PN12-3.edf"", ""PN12-4.edf""]"
PN12,PN12-1.2.edf,5135,5125,5135,5075,5135,True,True,False,True,0,9774,0,negative,,,0.0031884057971014496,0.94999999999999996,E1_RF,20260922,True,nested,"[""PN12-3.edf"", ""PN12-4.edf""]"
PN12,PN12-1.2.edf,5140,5130,5140,5080,5140,True,True,False,True,0,9774,0,negative,,,0.0029629629629629628,0.94999999999999996,E1_RF,20260922,True,nested,"[""PN12-3.edf"", ""PN12-4.edf""]"
PN12,PN12-1.2.edf,5145,5135,5145,5085,5145,True,True,False,True,0,9774,0,negative,,,0.027670076772185893,0.94999999999999996,E1_RF,20260922,True,nested,"[""PN12-3.edf"", ""PN12-4.edf""]"
PN12,PN12-1.2.edf,5150,5140,5150,5090,5150,True,True,False,True,0,9774,0,negative,,,0.0031481481481481482,0.94999999999999996,E1_RF,20260922,True,nested,"[""PN12-3.edf"", ""PN12-4.edf""]"
PN12,PN12-1.2.edf,5155,5145,5155,5095,5155,True,True,False,True,0,9774,0,negative,,,0,0.94999999999999996,E1_RF,20260922,True,nested,"[""PN12-3.edf"", ""PN12-4.edf""]"
PN12,PN12-1.2.edf,5160,5150,5160,5100,5160,True,True,False,True,0,9774,0,negative,,,0.0086802316026346072,0.94999999999999996,E1_RF,20260922,True,nested,"[""PN12-3.edf"", ""PN12-4.edf""]"
PN12,PN12-1.2.edf,5165,5155,5165,5105,5165,True,True,False,True,0,9774,0,negative,,,0,0.94999999999999996,E1_RF,20260922,True,nested,"[""PN12-3.edf"", ""PN12-4.edf""]"
PN12,PN12-1.2.edf,5170,5160,5170,5110,5170,True,True,False,True,0,9774,0,negative,,,0,0.94999999999999996,E1_RF,20260922,True,nested,"[""PN12-3.edf"", ""PN12-4.edf""]"
PN12,PN12-1.2.edf,5175,5165,5175,5115,5175,True,True,False,True,0,9774,0,negative,,,0.0028333333333333331,0.94999999999999996,E1_RF,20260922,True,nested,"[""PN12-3.edf"", ""PN12-4.edf""]"
PN12,PN12-1.2.edf,5180,5170,5180,5120,5180,True,True,False,True,0,9774,0,negative,,,0.0085799447089769665,0.94999999999999996,E1_RF,20260922,True,nested,"[""PN12-3.edf"", ""PN12-4.edf""]"
PN12,PN12-1.2.edf,5185,5175,5185,5125,5185,True,True,False,True,0,9774,0,negative,,,0,0.94999999999999996,E1_RF,20260922,True,nested,"[""PN12-3.edf"", ""PN12-4.edf""]"
PN12,PN12-1.2.edf,5190,5180,5190,5130,5190,True,True,False,True,0,9774,0,negative,,,0.0026436781609195403,0.94999999999999996,E1_RF,20260922,True,nested,"[""PN12-3.edf"", ""PN12-4.edf""]"
PN12,PN12-1.2.edf,5195,5185,5195,5135,5195,True,True,False,True,0,9774,0,negative,,,0.0085799447089769665,0.94999999999999996,E1_RF,20260922,True,nested,"[""PN12-3.edf"", ""PN12-4.edf""]"
PN12,PN12-1.2.edf,5200,5190,5200,5140,5200,True,True,False,True,0,9774,0,negative,,,0.0057871519161841745,0.94999999999999996,E1_RF,20260922,True,nested,"[""PN12-3.edf"", ""PN12-4.edf""]"
PN12,PN12-1.2.edf,5205,5195,5205,5145,5205,True,True,False,True,0,9774,0,negative,,,0.0058115719406041984,0.94999999999999996,E1_RF,20260922,True,nested,"[""PN12-3.edf"", ""PN12-4.edf""]"
PN12,PN12-1.2.edf,5210,5200,5210,5150,5210,True,True,False,True,0,9774,0,negative,,,0.011945164595935984,0.94999999999999996,E1_RF,20260922,True,nested,"[""PN12-3.edf"", ""PN12-4.edf""]"
PN12,PN12-1.2.edf,5215,5205,5215,5155,5215,True,True,False,True,0,9774,0,negative,,,0,0.94999999999999996,E1_RF,20260922,True,nested,"[""PN12-3.edf"", ""PN12-4.edf""]"
PN12,PN12-1.2.edf,5220,5210,5220,5160,5220,True,True,False,True,0,9774,0,negative,,,0.011731813937696291,0.94999999999999996,E1_RF,20260922,True,nested,"[""PN12-3.edf"", ""PN12-4.edf""]"
PN12,PN12-1.2.edf,5225,5215,5225,5165,5225,True,True,False,True,0,9774,0,negative,,,0,0.94999999999999996,E1_RF,20260922,True,nested,"[""PN12-3.edf"", ""PN12-4.edf""]"
PN12,PN12-1.2.edf,5230,5220,5230,5170,5230,True,True,False,True,0,9774,0,negative,,,0.0029292929292929291,0.94999999999999996,E1_RF,20260922,True,nested,"[""PN12-3.edf"", ""PN12-4.edf""]"
PN12,PN12-1.2.edf,5235,5225,5235,5175,5235,True,True,False,True,0,9774,0,negative,,,0.076487667531273451,0.94999999999999996,E1_RF,20260922,True,nested,"[""PN12-3.edf"", ""PN12-4.edf""]"
PN12,PN12-1.2.edf,5240,5230,5240,5180,5240,True,True,False,True,0,9774,0,negative,,,0.0060644671284481718,0.94999999999999996,E1_RF,20260922,True,nested,"[""PN12-3.edf"", ""PN12-4.edf""]"
PN12,PN12-1.2.edf,5245,5235,5245,5185,5245,True,True,False,True,0,9774,0,negative,,,0.0059757834757834753,0.94999999999999996,E1_RF,20260922,True,nested,"[""PN12-3.edf"", ""PN12-4.edf""]"
PN12,PN12-1.2.edf,5250,5240,5250,5190,5250,True,True,False,True,0,9774,0,negative,,,0.013385671385671385,0.94999999999999996,E1_RF,20260922,True,nested,"[""PN12-3.edf"", ""PN12-4.edf""]"
PN12,PN12-1.2.edf,5255,5245,5255,5195,5255,True,True,False,True,0,9774,0,negative,,,0.0031884057971014496,0.94999999999999996,E1_RF,20260922,True,nested,"[""PN12-3.edf"", ""PN12-4.edf""]"
PN12,PN12-1.2.edf,5260,5250,5260,5200,5260,True,True,False,True,0,9774,0,negative,,,0,0.94999999999999996,E1_RF,20260922,True,nested,"[""PN12-3.edf"", ""PN12-4.edf""]"
PN12,PN12-1.2.edf,5265,5255,5265,5205,5265,True,True,False,True,0,9774,0,negative,,,0.0028282828282828283,0.94999999999999996,E1_RF,20260922,True,nested,"[""PN12-3.edf"", ""PN12-4.edf""]"
PN12,PN12-1.2.edf,5270,5260,5270,5210,5270,True,True,False,True,0,9774,0,negative,,,0,0.94999999999999996,E1_RF,20260922,True,nested,"[""PN12-3.edf"", ""PN12-4.edf""]"
PN12,PN12-1.2.edf,5275,5265,5275,5215,5275,True,True,False,True,0,9774,0,negative,,,0,0.94999999999999996,E1_RF,20260922,True,nested,"[""PN12-3.edf"", ""PN12-4.edf""]"
PN12,PN12-1.2.edf,5280,5270,5280,5220,5280,True,True,False,True,0,9774,0,negative,,,0.005674390968508615,0.94999999999999996,E1_RF,20260922,True,nested,"[""PN12-3.edf"", ""PN12-4.edf""]"
PN12,PN12-1.2.edf,5285,5275,5285,5225,5285,True,True,False,True,0,9774,0,negative,,,0.017531629487520791,0.94999999999999996,E1_RF,20260922,True,nested,"[""PN12-3.edf"", ""PN12-4.edf""]"
PN12,PN12-1.2.edf,5290,5280,5290,5230,5290,True,True,False,True,0,9774,0,negative,,,0.029611086593920224,0.94999999999999996,E1_RF,20260922,True,nested,"[""PN12-3.edf"", ""PN12-4.edf""]"
PN12,PN12-1.2.edf,5295,5285,5295,5235,5295,True,True,False,True,0,9774,0,negative,,,0.0064067739771965122,0.94999999999999996,E1_RF,20260922,True,nested,"[""PN12-3.edf"", ""PN12-4.edf""]"
PN12,PN12-1.2.edf,5300,5290,5300,5240,5300,True,True,False,True,0,9774,0,negative,,,0.046199395586945642,0.94999999999999996,E1_RF,20260922,True,nested,"[""PN12-3.edf"", ""PN12-4.edf""]"
PN12,PN12-1.2.edf,5305,5295,5305,5245,5305,True,True,False,True,0,9774,0,negative,,,0.080015903432925514,0.94999999999999996,E1_RF,20260922,True,nested,"[""PN12-3.edf"", ""PN12-4.edf""]"
PN12,PN12-1.2.edf,5310,5300,5310,5250,5310,True,True,False,True,0,9774,0,negative,,,0.0083525696864111491,0.94999999999999996,E1_RF,20260922,True,nested,"[""PN12-3.edf"", ""PN12-4.edf""]"
PN12,PN12-1.2.edf,5315,5305,5315,5255,5315,True,True,False,True,0,9774,0,negative,,,0.0032142857142857142,0.94999999999999996,E1_RF,20260922,True,nested,"[""PN12-3.edf"", ""PN12-4.edf""]"
PN12,PN12-1.2.edf,5320,5310,5320,5260,5320,True,True,False,True,0,9774,0,negative,,,0.0054393770856507239,0.94999999999999996,E1_RF,20260922,True,nested,"[""PN12-3.edf"", ""PN12-4.edf""]"
PN12,PN12-1.2.edf,5325,5315,5325,5265,5325,True,True,False,True,0,9774,0,negative,,,0,0.94999999999999996,E1_RF,20260922,True,nested,"[""PN12-3.edf"", ""PN12-4.edf""]"
PN12,PN12-1.2.edf,5330,5320,5330,5270,5330,True,True,False,True,0,9774,0,negative,,,0.023878781293081498,0.94999999999999996,E1_RF,20260922,True,nested,"[""PN12-3.edf"", ""PN12-4.edf""]"
PN12,PN12-1.2.edf,5335,5325,5335,5275,5335,True,True,False,True,0,9774,0,negative,,,0.040947828944185416,0.94999999999999996,E1_RF,20260922,True,nested,"[""PN12-3.edf"", ""PN12-4.edf""]"
PN12,PN12-1.2.edf,5340,5330,5340,5280,5340,True,True,False,True,0,9774,0,negative,,,0.07666754058255755,0.94999999999999996,E1_RF,20260922,True,nested,"[""PN12-3.edf"", ""PN12-4.edf""]"
PN12,PN12-1.2.edf,5345,5335,5345,5285,5345,True,True,False,True,0,9774,0,negative,,,0.02040165241484802,0.94999999999999996,E1_RF,20260922,True,nested,"[""PN12-3.edf"", ""PN12-4.edf""]"
PN12,PN12-1.2.edf,5350,5340,5350,5290,5350,True,True,False,True,0,9774,0,negative,,,0.0055617147080561716,0.94999999999999996,E1_RF,20260922,True,nested,"[""PN12-3.edf"", ""PN12-4.edf""]"
PN12,PN12-1.2.edf,5355,5345,5355,5295,5355,True,True,False,True,0,9774,0,negative,,,0,0.94999999999999996,E1_RF,20260922,True,nested,"[""PN12-3.edf"", ""PN12-4.edf""]"
PN12,PN12-1.2.edf,5360,5350,5360,5300,5360,True,True,False,True,0,9774,0,negative,,,0,0.94999999999999996,E1_RF,20260922,True,nested,"[""PN12-3.edf"", ""PN12-4.edf""]"
PN12,PN12-1.2.edf,5365,5355,5365,5305,5365,True,True,False,True,0,9774,0,negative,,,0,0.94999999999999996,E1_RF,20260922,True,nested,"[""PN12-3.edf"", ""PN12-4.edf""]"
PN12,PN12-1.2.edf,5370,5360,5370,5310,5370,True,True,False,True,0,9774,0,negative,,,0.0027450980392156863,0.94999999999999996,E1_RF,20260922,True,nested,"[""PN12-3.edf"", ""PN12-4.edf""]"
PN12,PN12-1.2.edf,5375,5365,5375,5315,5375,True,True,False,True,0,9774,0,negative,,,0.0055882352941176465,0.94999999999999996,E1_RF,20260922,True,nested,"[""PN12-3.edf"", ""PN12-4.edf""]"
PN12,PN12-1.2.edf,5380,5370,5380,5320,5380,True,True,False,True,0,9774,0,negative,,,0,0.94999999999999996,E1_RF,20260922,True,nested,"[""PN12-3.edf"", ""PN12-4.edf""]"
PN12,PN12-1.2.edf,5385,5375,5385,5325,5385,True,True,False,True,0,9774,0,negative,,,0.029347279401608042,0.94999999999999996,E1_RF,20260922,True,nested,"[""PN12-3.edf"", ""PN12-4.edf""]"
PN12,PN12-1.2.edf,5390,5380,5390,5330,5390,True,True,False,True,0,9774,0,negative,,,0.026006559880545555,0.94999999999999996,E1_RF,20260922,True,nested,"[""PN12-3.edf"", ""PN12-4.edf""]"
PN12,PN12-1.2.edf,5395,5385,5395,5335,5395,True,True,False,True,0,9774,0,negative,,,0,0.94999999999999996,E1_RF,20260922,True,nested,"[""PN12-3.edf"", ""PN12-4.edf""]"
PN12,PN12-1.2.edf,5400,5390,5400,5340,5400,True,True,False,True,0,9774,0,negative,,,0.042721470564497557,0.94999999999999996,E1_RF,20260922,True,nested,"[""PN12-3.edf"", ""PN12-4.edf""]"
PN12,PN12-1.2.edf,5405,5395,5405,5345,5405,True,True,False,True,0,9774,0,negative,,,0,0.94999999999999996,E1_RF,20260922,True,nested,"[""PN12-3.edf"", ""PN12-4.edf""]"
PN12,PN12-1.2.edf,5410,5400,5410,5350,5410,True,True,False,True,0,9774,0,negative,,,0.018201991901446696,0.94999999999999996,E1_RF,20260922,True,nested,"[""PN12-3.edf"", ""PN12-4.edf""]"
PN12,PN12-1.2.edf,5415,5405,5415,5355,5415,True,True,False,True,0,9774,0,negative,,,0.0059564801530368246,0.94999999999999996,E1_RF,20260922,True,nested,"[""PN12-3.edf"", ""PN12-4.edf""]"
PN12,PN12-1.2.edf,5420,5410,5420,5360,5420,True,True,False,True,0,9774,0,negative,,,0,0.94999999999999996,E1_RF,20260922,True,nested,"[""PN12-3.edf"", ""PN12-4.edf""]"
PN12,PN12-1.2.edf,5425,5415,5425,5365,5425,True,True,False,True,0,9774,0,negative,,,0,0.94999999999999996,E1_RF,20260922,True,nested,"[""PN12-3.edf"", ""PN12-4.edf""]"
PN12,PN12-1.2.edf,5430,5420,5430,5370,5430,True,True,False,True,0,9774,0,negative,,,0,0.94999999999999996,E1_RF,20260922,True,nested,"[""PN12-3.edf"", ""PN12-4.edf""]"
PN12,PN12-1.2.edf,5435,5425,5435,5375,5435,True,True,False,True,0,9774,0,negative,,,0,0.94999999999999996,E1_RF,20260922,True,nested,"[""PN12-3.edf"", ""PN12-4.edf""]"
PN12,PN12-1.2.edf,5440,5430,5440,5380,5440,True,True,False,True,0,9774,0,negative,,,0.011679887506746553,0.94999999999999996,E1_RF,20260922,True,nested,"[""PN12-3.edf"", ""PN12-4.edf""]"
PN12,PN12-1.2.edf,5445,5435,5445,5385,5445,True,True,False,True,0,9774,0,negative,,,0.0032142857142857142,0.94999999999999996,E1_RF,20260922,True,nested,"[""PN12-3.edf"", ""PN12-4.edf""]"
PN12,PN12-1.2.edf,5450,5440,5450,5390,5450,True,True,False,True,0,9774,0,negative,,,0,0.94999999999999996,E1_RF,20260922,True,nested,"[""PN12-3.edf"", ""PN12-4.edf""]"
PN12,PN12-1.2.edf,5455,5445,5455,5395,5455,True,True,False,True,0,9774,0,negative,,,0.0095187915282392028,0.94999999999999996,E1_RF,20260922,True,nested,"[""PN12-3.edf"", ""PN12-4.edf""]"
PN12,PN12-1.2.edf,5460,5450,5460,5400,5460,True,True,False,True,0,9774,0,negative,,,0,0.94999999999999996,E1_RF,20260922,True,nested,"[""PN12-3.edf"", ""PN12-4.edf""]"
PN12,PN12-1.2.edf,5465,5455,5465,5405,5465,True,True,False,True,0,9774,0,negative,,,0.015681444477895816,0.94999999999999996,E1_RF,20260922,True,nested,"[""PN12-3.edf"", ""PN12-4.edf""]"
PN12,PN12-1.2.edf,5470,5460,5470,5410,5470,True,True,False,True,0,9774,0,negative,,,0,0.94999999999999996,E1_RF,20260922,True,nested,"[""PN12-3.edf"", ""PN12-4.edf""]"
PN12,PN12-1.2.edf,5475,5465,5475,5415,5475,True,True,False,True,0,9774,0,negative,,,0.014894385026737969,0.94999999999999996,E1_RF,20260922,True,nested,"[""PN12-3.edf"", ""PN12-4.edf""]"
PN12,PN12-1.2.edf,5480,5470,5480,5420,5480,True,True,False,True,0,9774,0,negative,,,0.0029268292682926829,0.94999999999999996,E1_RF,20260922,True,nested,"[""PN12-3.edf"", ""PN12-4.edf""]"
PN12,PN12-1.2.edf,5485,5475,5485,5425,5485,True,True,False,True,0,9774,0,negative,,,0.014721538516941997,0.94999999999999996,E1_RF,20260922,True,nested,"[""PN12-3.edf"", ""PN12-4.edf""]"
PN12,PN12-1.2.edf,5490,5480,5490,5430,5490,True,True,False,True,0,9774,0,negative,,,0,0.94999999999999996,E1_RF,20260922,True,nested,"[""PN12-3.edf"", ""PN12-4.edf""]"
PN12,PN12-1.2.edf,5495,5485,5495,5435,5495,True,True,False,True,0,9774,0,negative,,,0,0.94999999999999996,E1_RF,20260922,True,nested,"[""PN12-3.edf"", ""PN12-4.edf""]"
PN12,PN12-1.2.edf,5500,5490,5500,5440,5500,True,True,False,True,0,9774,0,negative,,,0,0.94999999999999996,E1_RF,20260922,True,nested,"[""PN12-3.edf"", ""PN12-4.edf""]"
PN12,PN12-1.2.edf,5505,5495,5505,5445,5505,True,True,False,True,0,9774,0,negative,,,0.0028431372549019606,0.94999999999999996,E1_RF,20260922,True,nested,"[""PN12-3.edf"", ""PN12-4.edf""]"
PN12,PN12-1.2.edf,5510,5500,5510,5450,5510,True,True,False,True,0,9774,0,negative,,,0.026171618938042662,0.94999999999999996,E1_RF,20260922,True,nested,"[""PN12-3.edf"", ""PN12-4.edf""]"
PN12,PN12-1.2.edf,5515,5505,5515,5455,5515,True,True,False,True,0,9774,0,negative,,,0.0032142857142857142,0.94999999999999996,E1_RF,20260922,True,nested,"[""PN12-3.edf"", ""PN12-4.edf""]"
PN12,PN12-1.2.edf,5520,5510,5520,5460,5520,True,True,False,True,0,9774,0,negative,,,0,0.94999999999999996,E1_RF,20260922,True,nested,"[""PN12-3.edf"", ""PN12-4.edf""]"
PN12,PN12-1.2.edf,5525,5515,5525,5465,5525,True,True,False,True,0,9774,0,negative,,,0.0029166666666666668,0.94999999999999996,E1_RF,20260922,True,nested,"[""PN12-3.edf"", ""PN12-4.edf""]"
PN12,PN12-1.2.edf,5530,5520,5530,5470,5530,True,True,False,True,0,9774,0,negative,,,0.01448360912327968,0.94999999999999996,E1_RF,20260922,True,nested,"[""PN12-3.edf"", ""PN12-4.edf""]"
PN12,PN12-1.2.edf,5535,5525,5535,5475,5535,True,True,False,True,0,9774,0,negative,,,0.061184426282349734,0.94999999999999996,E1_RF,20260922,True,nested,"[""PN12-3.edf"", ""PN12-4.edf""]"
PN12,PN12-1.2.edf,5540,5530,5540,5480,5540,True,True,False,True,0,9774,0,negative,,,0.020583944270316925,0.94999999999999996,E1_RF,20260922,True,nested,"[""PN12-3.edf"", ""PN12-4.edf""]"
PN12,PN12-1.2.edf,5545,5535,5545,5485,5545,True,True,False,True,0,9774,0,negative,,,0.13359595357095205,0.94999999999999996,E1_RF,20260922,True,nested,"[""PN12-3.edf"", ""PN12-4.edf""]"
PN12,PN12-1.2.edf,5550,5540,5550,5490,5550,True,True,False,True,0,9774,0,negative,,,0.060095687866371948,0.94999999999999996,E1_RF,20260922,True,nested,"[""PN12-3.edf"", ""PN12-4.edf""]"
PN12,PN12-1.2.edf,5555,5545,5555,5495,5555,True,True,False,True,0,9774,0,negative,,,0.005893451720310766,0.94999999999999996,E1_RF,20260922,True,nested,"[""PN12-3.edf"", ""PN12-4.edf""]"
PN12,PN12-1.2.edf,5560,5550,5560,5500,5560,True,True,False,True,0,9774,0,negative,,,0,0.94999999999999996,E1_RF,20260922,True,nested,"[""PN12-3.edf"", ""PN12-4.edf""]"
PN12,PN12-1.2.edf,5565,5555,5565,5505,5565,True,True,False,True,0,9774,0,negative,,,0.0028571428571428571,0.94999999999999996,E1_RF,20260922,True,nested,"[""PN12-3.edf"", ""PN12-4.edf""]"
PN12,PN12-1.2.edf,5570,5560,5570,5510,5570,True,True,False,True,0,9774,0,negative,,,0.0027450980392156863,0.94999999999999996,E1_RF,20260922,True,nested,"[""PN12-3.edf"", ""PN12-4.edf""]"
PN12,PN12-1.2.edf,5575,5565,5575,5515,5575,True,True,False,True,0,9774,0,negative,,,0.10154495451770222,0.94999999999999996,E1_RF,20260922,True,nested,"[""PN12-3.edf"", ""PN12-4.edf""]"
PN12,PN12-1.2.edf,5580,5570,5580,5520,5580,True,True,False,True,0,9774,0,negative,,,0,0.94999999999999996,E1_RF,20260922,True,nested,"[""PN12-3.edf"", ""PN12-4.edf""]"
PN12,PN12-1.2.edf,5585,5575,5585,5525,5585,True,True,False,True,0,9774,0,negative,,,0.011755686898301207,0.94999999999999996,E1_RF,20260922,True,nested,"[""PN12-3.edf"", ""PN12-4.edf""]"
PN12,PN12-1.2.edf,5590,5580,5590,5530,5590,True,True,False,True,0,9774,0,negative,,,0.0055026455026455021,0.94999999999999996,E1_RF,20260922,True,nested,"[""PN12-3.edf"", ""PN12-4.edf""]"
PN12,PN12-1.2.edf,5595,5585,5595,5535,5595,True,True,False,True,0,9774,0,negative,,,0,0.94999999999999996,E1_RF,20260922,True,nested,"[""PN12-3.edf"", ""PN12-4.edf""]"
PN12,PN12-1.2.edf,5600,5590,5600,5540,5600,True,True,False,True,0,9774,0,negative,,,0.0029166666666666668,0.94999999999999996,E1_RF,20260922,True,nested,"[""PN12-3.edf"", ""PN12-4.edf""]"
PN12,PN12-1.2.edf,5605,5595,5605,5545,5605,True,True,False,True,0,9774,0,negative,,,0,0.94999999999999996,E1_RF,20260922,True,nested,"[""PN12-3.edf"", ""PN12-4.edf""]"
PN12,PN12-1.2.edf,5610,5600,5610,5550,5610,True,True,False,True,0,9774,0,negative,,,0,0.94999999999999996,E1_RF,20260922,True,nested,"[""PN12-3.edf"", ""PN12-4.edf""]"
PN12,PN12-1.2.edf,5615,5605,5615,5555,5615,True,True,False,True,0,9774,0,negative,,,0,0.94999999999999996,E1_RF,20260922,True,nested,"[""PN12-3.edf"", ""PN12-4.edf""]"
PN12,PN12-1.2.edf,5620,5610,5620,5560,5620,True,True,False,True,0,9774,0,negative,,,0.0029268292682926829,0.94999999999999996,E1_RF,20260922,True,nested,"[""PN12-3.edf"", ""PN12-4.edf""]"
PN12,PN12-1.2.edf,5625,5615,5625,5565,5625,True,True,False,True,0,9774,0,negative,,,0,0.94999999999999996,E1_RF,20260922,True,nested,"[""PN12-3.edf"", ""PN12-4.edf""]"
PN12,PN12-1.2.edf,5630,5620,5630,5570,5630,True,True,False,True,0,9774,0,negative,,,0.0032142857142857142,0.94999999999999996,E1_RF,20260922,True,nested,"[""PN12-3.edf"", ""PN12-4.edf""]"
PN12,PN12-1.2.edf,5635,5625,5635,5575,5635,True,True,False,True,0,9774,0,negative,,,0.0081868131868131858,0.94999999999999996,E1_RF,20260922,True,nested,"[""PN12-3.edf"", ""PN12-4.edf""]"
PN12,PN12-1.2.edf,5640,5630,5640,5580,5640,True,True,False,True,0,9774,0,negative,,,0.0030128205128205129,0.94999999999999996,E1_RF,20260922,True,nested,"[""PN12-3.edf"", ""PN12-4.edf""]"
PN12,PN12-1.2.edf,5645,5635,5645,5585,5645,True,True,False,True,0,9774,0,negative,,,0.0032692307692307691,0.94999999999999996,E1_RF,20260922,True,nested,"[""PN12-3.edf"", ""PN12-4.edf""]"
PN12,PN12-1.2.edf,5650,5640,5650,5590,5650,True,True,False,True,0,9774,0,negative,,,0.027368010403062779,0.94999999999999996,E1_RF,20260922,True,nested,"[""PN12-3.edf"", ""PN12-4.edf""]"
PN12,PN12-1.2.edf,5655,5645,5655,5595,5655,True,True,False,True,0,9774,0,negative,,,0,0.94999999999999996,E1_RF,20260922,True,nested,"[""PN12-3.edf"", ""PN12-4.edf""]"
PN12,PN12-1.2.edf,5660,5650,5660,5600,5660,True,True,False,True,0,9774,0,negative,,,0.03595738479725856,0.94999999999999996,E1_RF,20260922,True,nested,"[""PN12-3.edf"", ""PN12-4.edf""]"
PN12,PN12-1.2.edf,5665,5655,5665,5605,5665,True,True,False,True,0,9774,0,negative,,,0.052148076507026159,0.94999999999999996,E1_RF,20260922,True,nested,"[""PN12-3.edf"", ""PN12-4.edf""]"
PN12,PN12-1.2.edf,5670,5660,5670,5610,5670,True,True,False,True,0,9774,0,negative,,,0,0.94999999999999996,E1_RF,20260922,True,nested,"[""PN12-3.edf"", ""PN12-4.edf""]"
PN12,PN12-1.2.edf,5675,5665,5675,5615,5675,True,True,False,True,0,9774,0,negative,,,0,0.94999999999999996,E1_RF,20260922,True,nested,"[""PN12-3.edf"", ""PN12-4.edf""]"
PN12,PN12-1.2.edf,5680,5670,5680,5620,5680,True,True,False,True,0,9774,0,negative,,,0,0.94999999999999996,E1_RF,20260922,True,nested,"[""PN12-3.edf"", ""PN12-4.edf""]"
PN12,PN12-1.2.edf,5685,5675,5685,5625,5685,True,True,False,True,0,9774,0,negative,,,0,0.94999999999999996,E1_RF,20260922,True,nested,"[""PN12-3.edf"", ""PN12-4.edf""]"
PN12,PN12-1.2.edf,5690,5680,5690,5630,5690,True,True,False,True,0,9774,0,negative,,,0,0.94999999999999996,E1_RF,20260922,True,nested,"[""PN12-3.edf"", ""PN12-4.edf""]"
PN12,PN12-1.2.edf,5695,5685,5695,5635,5695,True,True,False,True,0,9774,0,negative,,,0,0.94999999999999996,E1_RF,20260922,True,nested,"[""PN12-3.edf"", ""PN12-4.edf""]"
PN12,PN12-1.2.edf,5700,5690,5700,5640,5700,True,True,False,True,0,9774,0,negative,,,0,0.94999999999999996,E1_RF,20260922,True,nested,"[""PN12-3.edf"", ""PN12-4.edf""]"
PN12,PN12-1.2.edf,5705,5695,5705,5645,5705,True,True,False,True,0,9774,0,negative,,,0,0.94999999999999996,E1_RF,20260922,True,nested,"[""PN12-3.edf"", ""PN12-4.edf""]"
PN12,PN12-1.2.edf,5710,5700,5710,5650,5710,True,True,False,True,0,9774,0,negative,,,0,0.94999999999999996,E1_RF,20260922,True,nested,"[""PN12-3.edf"", ""PN12-4.edf""]"
PN12,PN12-1.2.edf,5715,5705,5715,5655,5715,True,True,False,True,0,9774,0,negative,,,0,0.94999999999999996,E1_RF,20260922,True,nested,"[""PN12-3.edf"", ""PN12-4.edf""]"
PN12,PN12-1.2.edf,5720,5710,5720,5660,5720,True,True,False,True,0,9774,0,negative,,,0.013987356228077331,0.94999999999999996,E1_RF,20260922,True,nested,"[""PN12-3.edf"", ""PN12-4.edf""]"
PN12,PN12-1.2.edf,5725,5715,5725,5665,5725,True,True,False,True,0,9774,0,negative,,,0.18179200590466604,0.94999999999999996,E1_RF,20260922,True,nested,"[""PN12-3.edf"", ""PN12-4.edf""]"
PN12,PN12-1.2.edf,5730,5720,5730,5670,5730,True,True,False,True,0,9774,0,negative,,,0.060585671872410658,0.94999999999999996,E1_RF,20260922,True,nested,"[""PN12-3.edf"", ""PN12-4.edf""]"
PN12,PN12-1.2.edf,5735,5725,5735,5675,5735,True,True,False,True,0,9774,0,negative,,,0.11236736991658133,0.94999999999999996,E1_RF,20260922,True,nested,"[""PN12-3.edf"", ""PN12-4.edf""]"
PN12,PN12-1.2.edf,5740,5730,5740,5680,5740,True,True,False,True,0,9774,0,negative,,,0.042942604405679298,0.94999999999999996,E1_RF,20260922,True,nested,"[""PN12-3.edf"", ""PN12-4.edf""]"
PN12,PN12-1.2.edf,5745,5735,5745,5685,5745,True,True,False,True,0,9774,0,negative,,,0,0.94999999999999996,E1_RF,20260922,True,nested,"[""PN12-3.edf"", ""PN12-4.edf""]"
PN12,PN12-1.2.edf,5750,5740,5750,5690,5750,True,True,False,True,0,9774,0,negative,,,0.014189298730726557,0.94999999999999996,E1_RF,20260922,True,nested,"[""PN12-3.edf"", ""PN12-4.edf""]"
PN12,PN12-1.2.edf,5755,5745,5755,5695,5755,True,True,False,True,0,9774,0,negative,,,0.044723341535345018,0.94999999999999996,E1_RF,20260922,True,nested,"[""PN12-3.edf"", ""PN12-4.edf""]"
PN12,PN12-1.2.edf,5760,5750,5760,5700,5760,True,True,False,True,0,9774,0,negative,,,0.0029365079365079364,0.94999999999999996,E1_RF,20260922,True,nested,"[""PN12-3.edf"", ""PN12-4.edf""]"
PN12,PN12-1.2.edf,5765,5755,5765,5705,5765,True,True,False,True,0,9774,0,negative,,,0.046683703513000649,0.94999999999999996,E1_RF,20260922,True,nested,"[""PN12-3.edf"", ""PN12-4.edf""]"
PN12,PN12-1.2.edf,5770,5760,5770,5710,5770,True,True,False,True,0,9774,0,negative,,,0.042926035468909801,0.94999999999999996,E1_RF,20260922,True,nested,"[""PN12-3.edf"", ""PN12-4.edf""]"
PN12,PN12-1.2.edf,5775,5765,5775,5715,5775,True,True,False,True,0,9774,0,negative,,,0,0.94999999999999996,E1_RF,20260922,True,nested,"[""PN12-3.edf"", ""PN12-4.edf""]"
PN12,PN12-1.2.edf,5780,5770,5780,5720,5780,True,True,False,True,0,9774,0,negative,,,0,0.94999999999999996,E1_RF,20260922,True,nested,"[""PN12-3.edf"", ""PN12-4.edf""]"
PN12,PN12-1.2.edf,5785,5775,5785,5725,5785,True,True,False,True,0,9774,0,negative,,,0.0032017543859649122,0.94999999999999996,E1_RF,20260922,True,nested,"[""PN12-3.edf"", ""PN12-4.edf""]"
PN12,PN12-1.2.edf,5790,5780,5790,5730,5790,True,True,False,True,0,9774,0,negative,,,0,0.94999999999999996,E1_RF,20260922,True,nested,"[""PN12-3.edf"", ""PN12-4.edf""]"
PN12,PN12-1.2.edf,5795,5785,5795,5735,5795,True,True,False,True,0,9774,0,negative,,,0,0.94999999999999996,E1_RF,20260922,True,nested,"[""PN12-3.edf"", ""PN12-4.edf""]"
PN12,PN12-1.2.edf,5800,5790,5800,5740,5800,True,True,False,True,0,9774,0,negative,,,0.16195215832686261,0.94999999999999996,E1_RF,20260922,True,nested,"[""PN12-3.edf"", ""PN12-4.edf""]"
PN12,PN12-1.2.edf,5805,5795,5805,5745,5805,True,True,False,True,0,9774,0,negative,,,0.0057647907647907651,0.94999999999999996,E1_RF,20260922,True,nested,"[""PN12-3.edf"", ""PN12-4.edf""]"
PN12,PN12-1.2.edf,5810,5800,5810,5750,5810,True,True,False,True,0,9774,0,negative,,,0.028890128543642462,0.94999999999999996,E1_RF,20260922,True,nested,"[""PN12-3.edf"", ""PN12-4.edf""]"
PN12,PN12-1.2.edf,5815,5805,5815,5755,5815,True,True,False,True,0,9774,0,negative,,,0.024428753987810515,0.94999999999999996,E1_RF,20260922,True,nested,"[""PN12-3.edf"", ""PN12-4.edf""]"
PN12,PN12-1.2.edf,5820,5810,5820,5760,5820,True,True,False,True,0,9774,0,negative,,,0.0086308285435546632,0.94999999999999996,E1_RF,20260922,True,nested,"[""PN12-3.edf"", ""PN12-4.edf""]"
PN12,PN12-1.2.edf,5825,5815,5825,5765,5825,True,True,False,True,0,9774,0,negative,,,0.023872732899439211,0.94999999999999996,E1_RF,20260922,True,nested,"[""PN12-3.edf"", ""PN12-4.edf""]"
PN12,PN12-1.2.edf,5830,5820,5830,5770,5830,True,True,False,True,0,9774,0,negative,,,0.0059581646423751689,0.94999999999999996,E1_RF,20260922,True,nested,"[""PN12-3.edf"", ""PN12-4.edf""]"
PN12,PN12-1.2.edf,5835,5825,5835,5775,5835,True,True,False,True,0,9774,0,negative,,,0.032884047869812486,0.94999999999999996,E1_RF,20260922,True,nested,"[""PN12-3.edf"", ""PN12-4.edf""]"
PN12,PN12-1.2.edf,5840,5830,5840,5780,5840,True,True,False,True,0,9774,0,negative,,,0,0.94999999999999996,E1_RF,20260922,True,nested,"[""PN12-3.edf"", ""PN12-4.edf""]"
PN12,PN12-1.2.edf,5845,5835,5845,5785,5845,True,True,False,True,0,9774,0,negative,,,0.024091466544350376,0.94999999999999996,E1_RF,20260922,True,nested,"[""PN12-3.edf"", ""PN12-4.edf""]"
PN12,PN12-1.2.edf,5850,5840,5850,5790,5850,True,True,False,True,0,9774,0,negative,,,0.085211790529317585,0.94999999999999996,E1_RF,20260922,True,nested,"[""PN12-3.edf"", ""PN12-4.edf""]"
PN12,PN12-1.2.edf,5855,5845,5855,5795,5855,True,True,False,True,0,9774,0,negative,,,0.0059962287869264616,0.94999999999999996,E1_RF,20260922,True,nested,"[""PN12-3.edf"", ""PN12-4.edf""]"
PN12,PN12-1.2.edf,5860,5850,5860,5800,5860,True,True,False,True,0,9774,0,negative,,,0,0.94999999999999996,E1_RF,20260922,True,nested,"[""PN12-3.edf"", ""PN12-4.edf""]"
PN12,PN12-1.2.edf,5865,5855,5865,5805,5865,True,True,False,True,0,9774,0,negative,,,0.014337703435804702,0.94999999999999996,E1_RF,20260922,True,nested,"[""PN12-3.edf"", ""PN12-4.edf""]"
PN12,PN12-1.2.edf,5870,5860,5870,5810,5870,True,True,False,True,0,9774,0,negative,,,0.10486501769189227,0.94999999999999996,E1_RF,20260922,True,nested,"[""PN12-3.edf"", ""PN12-4.edf""]"
PN12,PN12-1.2.edf,5875,5865,5875,5815,5875,True,True,False,True,0,9774,0,negative,,,0.098648372418895888,0.94999999999999996,E1_RF,20260922,True,nested,"[""PN12-3.edf"", ""PN12-4.edf""]"
PN12,PN12-1.2.edf,5880,5870,5880,5820,5880,True,True,False,True,0,9774,0,negative,,,0.009255024255024254,0.94999999999999996,E1_RF,20260922,True,nested,"[""PN12-3.edf"", ""PN12-4.edf""]"
PN12,PN12-1.2.edf,5885,5875,5885,5825,5885,True,True,False,True,0,9774,0,negative,,,0.015238276755304619,0.94999999999999996,E1_RF,20260922,True,nested,"[""PN12-3.edf"", ""PN12-4.edf""]"
PN12,PN12-1.2.edf,5890,5880,5890,5830,5890,True,True,False,True,0,9774,0,negative,,,0.0032142857142857142,0.94999999999999996,E1_RF,20260922,True,nested,"[""PN12-3.edf"", ""PN12-4.edf""]"
PN12,PN12-1.2.edf,5895,5885,5895,5835,5895,True,True,False,True,0,9774,0,negative,,,0,0.94999999999999996,E1_RF,20260922,True,nested,"[""PN12-3.edf"", ""PN12-4.edf""]"
PN12,PN12-1.2.edf,5900,5890,5900,5840,5900,True,True,False,True,0,9774,0,negative,,,0.011644390393652443,0.94999999999999996,E1_RF,20260922,True,nested,"[""PN12-3.edf"", ""PN12-4.edf""]"
PN12,PN12-1.2.edf,5905,5895,5905,5845,5905,True,True,False,True,0,9774,0,negative,,,0.011356351778754782,0.94999999999999996,E1_RF,20260922,True,nested,"[""PN12-3.edf"", ""PN12-4.edf""]"
PN12,PN12-1.2.edf,5910,5900,5910,5850,5910,True,True,False,True,0,9774,0,negative,,,0.059237920204637147,0.94999999999999996,E1_RF,20260922,True,nested,"[""PN12-3.edf"", ""PN12-4.edf""]"
PN12,PN12-1.2.edf,5915,5905,5915,5855,5915,True,True,False,True,0,9774,0,negative,,,0.04720270330497095,0.94999999999999996,E1_RF,20260922,True,nested,"[""PN12-3.edf"", ""PN12-4.edf""]"
PN12,PN12-1.2.edf,5920,5910,5920,5860,5920,True,True,False,True,0,9774,0,negative,,,0.014403832976532218,0.94999999999999996,E1_RF,20260922,True,nested,"[""PN12-3.edf"", ""PN12-4.edf""]"
PN12,PN12-1.2.edf,5925,5915,5925,5865,5925,True,True,False,True,0,9774,0,negative,,,0,0.94999999999999996,E1_RF,20260922,True,nested,"[""PN12-3.edf"", ""PN12-4.edf""]"
PN12,PN12-1.2.edf,5930,5920,5930,5870,5930,True,True,False,True,0,9774,0,negative,,,0.026296820210750832,0.94999999999999996,E1_RF,20260922,True,nested,"[""PN12-3.edf"", ""PN12-4.edf""]"
PN12,PN12-1.2.edf,5935,5925,5935,5875,5935,True,True,False,True,0,9774,0,negative,,,0.12448658577816803,0.94999999999999996,E1_RF,20260922,True,nested,"[""PN12-3.edf"", ""PN12-4.edf""]"
PN12,PN12-1.2.edf,5940,5930,5940,5880,5940,True,True,False,True,0,9774,0,negative,,,0,0.94999999999999996,E1_RF,20260922,True,nested,"[""PN12-3.edf"", ""PN12-4.edf""]"
PN12,PN12-1.2.edf,5945,5935,5945,5885,5945,True,True,False,True,0,9774,0,negative,,,0.0057995495495495493,0.94999999999999996,E1_RF,20260922,True,nested,"[""PN12-3.edf"", ""PN12-4.edf""]"
PN12,PN12-1.2.edf,5950,5940,5950,5890,5950,True,True,False,True,0,9774,0,negative,,,0,0.94999999999999996,E1_RF,20260922,True,nested,"[""PN12-3.edf"", ""PN12-4.edf""]"
PN12,PN12-1.2.edf,5955,5945,5955,5895,5955,True,True,False,True,0,9774,0,negative,,,0.0089081196581196568,0.94999999999999996,E1_RF,20260922,True,nested,"[""PN12-3.edf"", ""PN12-4.edf""]"
PN12,PN12-1.2.edf,5960,5950,5960,5900,5960,True,True,False,True,0,9774,0,negative,,,0.026821296812012393,0.94999999999999996,E1_RF,20260922,True,nested,"[""PN12-3.edf"", ""PN12-4.edf""]"
PN12,PN12-1.2.edf,5965,5955,5965,5905,5965,True,True,False,True,0,9774,0,negative,,,0.0028571428571428571,0.94999999999999996,E1_RF,20260922,True,nested,"[""PN12-3.edf"", ""PN12-4.edf""]"
PN12,PN12-1.2.edf,5970,5960,5970,5910,5970,True,True,False,True,0,9774,0,negative,,,0.0027956989247311828,0.94999999999999996,E1_RF,20260922,True,nested,"[""PN12-3.edf"", ""PN12-4.edf""]"
PN12,PN12-1.2.edf,5975,5965,5975,5915,5975,True,True,False,True,0,9774,0,negative,,,0.0089372131831455988,0.94999999999999996,E1_RF,20260922,True,nested,"[""PN12-3.edf"", ""PN12-4.edf""]"
PN12,PN12-1.2.edf,5980,5970,5980,5920,5980,True,True,False,True,0,9774,0,negative,,,0,0.94999999999999996,E1_RF,20260922,True,nested,"[""PN12-3.edf"", ""PN12-4.edf""]"
PN12,PN12-1.2.edf,5985,5975,5985,5925,5985,True,True,False,True,0,9774,0,negative,,,0.0030476190476190477,0.94999999999999996,E1_RF,20260922,True,nested,"[""PN12-3.edf"", ""PN12-4.edf""]"
PN12,PN12-1.2.edf,5990,5980,5990,5930,5990,True,True,False,True,0,9774,0,negative,,,0,0.94999999999999996,E1_RF,20260922,True,nested,"[""PN12-3.edf"", ""PN12-4.edf""]"
PN12,PN12-1.2.edf,5995,5985,5995,5935,5995,True,True,False,True,0,9774,0,negative,,,0,0.94999999999999996,E1_RF,20260922,True,nested,"[""PN12-3.edf"", ""PN12-4.edf""]"
PN12,PN12-1.2.edf,6000,5990,6000,5940,6000,True,True,False,True,0,9774,0,negative,,,0.006347202295552367,0.94999999999999996,E1_RF,20260922,True,nested,"[""PN12-3.edf"", ""PN12-4.edf""]"
PN12,PN12-1.2.edf,6005,5995,6005,5945,6005,True,True,False,True,0,9774,0,negative,,,0.073174617977752238,0.94999999999999996,E1_RF,20260922,True,nested,"[""PN12-3.edf"", ""PN12-4.edf""]"
PN12,PN12-1.2.edf,6010,6000,6010,5950,6010,True,True,False,True,0,9774,0,negative,,,0,0.94999999999999996,E1_RF,20260922,True,nested,"[""PN12-3.edf"", ""PN12-4.edf""]"
PN12,PN12-1.2.edf,6015,6005,6015,5955,6015,True,True,False,True,0,9774,0,negative,,,0.0087846724055475837,0.94999999999999996,E1_RF,20260922,True,nested,"[""PN12-3.edf"", ""PN12-4.edf""]"
PN12,PN12-1.2.edf,6020,6010,6020,5960,6020,True,True,False,True,0,9774,0,negative,,,0,0.94999999999999996,E1_RF,20260922,True,nested,"[""PN12-3.edf"", ""PN12-4.edf""]"
PN12,PN12-1.2.edf,6025,6015,6025,5965,6025,True,True,False,True,0,9774,0,negative,,,0,0.94999999999999996,E1_RF,20260922,True,nested,"[""PN12-3.edf"", ""PN12-4.edf""]"
PN12,PN12-1.2.edf,6030,6020,6030,5970,6030,True,True,False,True,0,9774,0,negative,,,0.023231348010347309,0.94999999999999996,E1_RF,20260922,True,nested,"[""PN12-3.edf"", ""PN12-4.edf""]"
PN12,PN12-1.2.edf,6035,6025,6035,5975,6035,True,True,False,True,0,9774,0,negative,,,0.0087508886217638002,0.94999999999999996,E1_RF,20260922,True,nested,"[""PN12-3.edf"", ""PN12-4.edf""]"
PN12,PN12-1.2.edf,6040,6030,6040,5980,6040,True,True,False,True,0,9774,0,negative,,,0.014690054031517448,0.94999999999999996,E1_RF,20260922,True,nested,"[""PN12-3.edf"", ""PN12-4.edf""]"
PN12,PN12-1.2.edf,6045,6035,6045,5985,6045,True,True,False,True,0,9774,0,negative,,,0.026413964894474066,0.94999999999999996,E1_RF,20260922,True,nested,"[""PN12-3.edf"", ""PN12-4.edf""]"
PN12,PN12-1.2.edf,6050,6040,6050,5990,6050,True,True,False,True,0,9774,0,negative,,,0,0.94999999999999996,E1_RF,20260922,True,nested,"[""PN12-3.edf"", ""PN12-4.edf""]"
PN12,PN12-1.2.edf,6055,6045,6055,5995,6055,True,True,False,True,0,9774,0,negative,,,0.083093868225595113,0.94999999999999996,E1_RF,20260922,True,nested,"[""PN12-3.edf"", ""PN12-4.edf""]"
PN12,PN12-1.2.edf,6060,6050,6060,6000,6060,True,True,False,True,0,9774,0,negative,,,0.053768705705764516,0.94999999999999996,E1_RF,20260922,True,nested,"[""PN12-3.edf"", ""PN12-4.edf""]"
PN12,PN12-1.2.edf,6065,6055,6065,6005,6065,True,True,False,True,0,9774,0,negative,,,0,0.94999999999999996,E1_RF,20260922,True,nested,"[""PN12-3.edf"", ""PN12-4.edf""]"
PN12,PN12-1.2.edf,6070,6060,6070,6010,6070,True,True,False,True,0,9774,0,negative,,,0,0.94999999999999996,E1_RF,20260922,True,nested,"[""PN12-3.edf"", ""PN12-4.edf""]"
PN12,PN12-1.2.edf,6075,6065,6075,6015,6075,True,True,False,True,0,9774,0,negative,,,0.063333447970286519,0.94999999999999996,E1_RF,20260922,True,nested,"[""PN12-3.edf"", ""PN12-4.edf""]"
PN12,PN12-1.2.edf,6080,6070,6080,6020,6080,True,True,False,True,0,9774,0,negative,,,0.053718568136198401,0.94999999999999996,E1_RF,20260922,True,nested,"[""PN12-3.edf"", ""PN12-4.edf""]"
PN12,PN12-1.2.edf,6085,6075,6085,6025,6085,True,True,False,True,0,9774,0,negative,,,0.069848243054715223,0.94999999999999996,E1_RF,20260922,True,nested,"[""PN12-3.edf"", ""PN12-4.edf""]"
PN12,PN12-1.2.edf,6090,6080,6090,6030,6090,True,True,False,True,0,9774,0,negative,,,0,0.94999999999999996,E1_RF,20260922,True,nested,"[""PN12-3.edf"", ""PN12-4.edf""]"
PN12,PN12-1.2.edf,6095,6085,6095,6035,6095,True,True,False,True,0,9774,0,negative,,,0,0.94999999999999996,E1_RF,20260922,True,nested,"[""PN12-3.edf"", ""PN12-4.edf""]"
PN12,PN12-1.2.edf,6100,6090,6100,6040,6100,True,True,False,True,0,9774,0,negative,,,0,0.94999999999999996,E1_RF,20260922,True,nested,"[""PN12-3.edf"", ""PN12-4.edf""]"
PN12,PN12-1.2.edf,6105,6095,6105,6045,6105,True,True,False,True,0,9774,0,negative,,,0,0.94999999999999996,E1_RF,20260922,True,nested,"[""PN12-3.edf"", ""PN12-4.edf""]"
PN12,PN12-1.2.edf,6110,6100,6110,6050,6110,True,True,False,True,0,9774,0,negative,,,0,0.94999999999999996,E1_RF,20260922,True,nested,"[""PN12-3.edf"", ""PN12-4.edf""]"
PN12,PN12-1.2.edf,6115,6105,6115,6055,6115,True,True,False,True,0,9774,0,negative,,,0.031072008971175631,0.94999999999999996,E1_RF,20260922,True,nested,"[""PN12-3.edf"", ""PN12-4.edf""]"
PN12,PN12-1.2.edf,6120,6110,6120,6060,6120,True,True,False,True,0,9774,0,negative,,,0.090408852605374582,0.94999999999999996,E1_RF,20260922,True,nested,"[""PN12-3.edf"", ""PN12-4.edf""]"
PN12,PN12-1.2.edf,6125,6115,6125,6065,6125,True,True,False,True,0,9774,0,negative,,,0.050509821856203577,0.94999999999999996,E1_RF,20260922,True,nested,"[""PN12-3.edf"", ""PN12-4.edf""]"
PN12,PN12-1.2.edf,6130,6120,6130,6070,6130,True,True,False,True,0,9774,0,negative,,,0.032390361250805223,0.94999999999999996,E1_RF,20260922,True,nested,"[""PN12-3.edf"", ""PN12-4.edf""]"
PN12,PN12-1.2.edf,6135,6125,6135,6075,6135,True,True,False,True,0,9774,0,negative,,,0.071441122439525828,0.94999999999999996,E1_RF,20260922,True,nested,"[""PN12-3.edf"", ""PN12-4.edf""]"
PN12,PN12-1.2.edf,6140,6130,6140,6080,6140,True,True,False,True,0,9774,0,negative,,,0.024725035949907222,0.94999999999999996,E1_RF,20260922,True,nested,"[""PN12-3.edf"", ""PN12-4.edf""]"
PN12,PN12-1.2.edf,6145,6135,6145,6085,6145,True,True,False,True,0,9774,0,negative,,,0.021536630152805773,0.94999999999999996,E1_RF,20260922,True,nested,"[""PN12-3.edf"", ""PN12-4.edf""]"
PN12,PN12-1.2.edf,6150,6140,6150,6090,6150,True,True,False,True,0,9774,0,negative,,,0.046278271543964765,0.94999999999999996,E1_RF,20260922,True,nested,"[""PN12-3.edf"", ""PN12-4.edf""]"
PN12,PN12-1.2.edf,6155,6145,6155,6095,6155,True,True,False,True,0,9774,0,negative,,,0.027883630959716819,0.94999999999999996,E1_RF,20260922,True,nested,"[""PN12-3.edf"", ""PN12-4.edf""]"
PN12,PN12-1.2.edf,6160,6150,6160,6100,6160,True,True,False,True,0,9774,0,negative,,,0,0.94999999999999996,E1_RF,20260922,True,nested,"[""PN12-3.edf"", ""PN12-4.edf""]"
PN12,PN12-1.2.edf,6165,6155,6165,6105,6165,True,True,False,True,0,9774,0,negative,,,0.023052033900921948,0.94999999999999996,E1_RF,20260922,True,nested,"[""PN12-3.edf"", ""PN12-4.edf""]"
PN12,PN12-1.2.edf,6170,6160,6170,6110,6170,True,True,False,True,0,9774,0,negative,,,0,0.94999999999999996,E1_RF,20260922,True,nested,"[""PN12-3.edf"", ""PN12-4.edf""]"
PN12,PN12-1.2.edf,6175,6165,6175,6115,6175,True,True,False,True,0,9774,0,negative,,,0.0083525696864111491,0.94999999999999996,E1_RF,20260922,True,nested,"[""PN12-3.edf"", ""PN12-4.edf""]"
PN12,PN12-1.2.edf,6180,6170,6180,6120,6180,True,True,False,True,0,9774,0,negative,,,0.032718903991189249,0.94999999999999996,E1_RF,20260922,True,nested,"[""PN12-3.edf"", ""PN12-4.edf""]"
PN12,PN12-1.2.edf,6185,6175,6185,6125,6185,True,True,False,True,0,9774,0,negative,,,0.0057463630613535733,0.94999999999999996,E1_RF,20260922,True,nested,"[""PN12-3.edf"", ""PN12-4.edf""]"
PN12,PN12-1.2.edf,6190,6180,6190,6130,6190,True,True,False,True,0,9774,0,negative,,,0,0.94999999999999996,E1_RF,20260922,True,nested,"[""PN12-3.edf"", ""PN12-4.edf""]"
PN12,PN12-1.2.edf,6195,6185,6195,6135,6195,True,True,False,True,0,9774,0,negative,,,0.003192488262910798,0.94999999999999996,E1_RF,20260922,True,nested,"[""PN12-3.edf"", ""PN12-4.edf""]"
PN12,PN12-1.2.edf,6200,6190,6200,6140,6200,True,True,False,True,0,9774,0,negative,,,0.024447908329883482,0.94999999999999996,E1_RF,20260922,True,nested,"[""PN12-3.edf"", ""PN12-4.edf""]"
PN12,PN12-1.2.edf,6205,6195,6205,6145,6205,True,True,False,True,0,9774,0,negative,,,0.0061692126909518212,0.94999999999999996,E1_RF,20260922,True,nested,"[""PN12-3.edf"", ""PN12-4.edf""]"
PN12,PN12-1.2.edf,6210,6200,6210,6150,6210,True,True,False,True,0,9774,0,negative,,,0.012474693423043493,0.94999999999999996,E1_RF,20260922,True,nested,"[""PN12-3.edf"", ""PN12-4.edf""]"
PN12,PN12-1.2.edf,6215,6205,6215,6155,6215,True,True,False,True,0,9774,0,negative,,,0.0089174801169349099,0.94999999999999996,E1_RF,20260922,True,nested,"[""PN12-3.edf"", ""PN12-4.edf""]"
PN12,PN12-1.2.edf,6220,6210,6220,6160,6220,True,True,False,True,0,9774,0,negative,,,0.011517289833822093,0.94999999999999996,E1_RF,20260922,True,nested,"[""PN12-3.edf"", ""PN12-4.edf""]"
PN12,PN12-1.2.edf,6225,6215,6225,6165,6225,True,True,False,True,0,9774,0,negative,,,0.011743152816682229,0.94999999999999996,E1_RF,20260922,True,nested,"[""PN12-3.edf"", ""PN12-4.edf""]"
PN12,PN12-1.2.edf,6230,6220,6230,6170,6230,True,True,False,True,0,9774,0,negative,,,0.012245046056598673,0.94999999999999996,E1_RF,20260922,True,nested,"[""PN12-3.edf"", ""PN12-4.edf""]"
PN12,PN12-1.2.edf,6235,6225,6235,6175,6235,True,True,False,True,0,9774,0,negative,,,0.0090189268670281333,0.94999999999999996,E1_RF,20260922,True,nested,"[""PN12-3.edf"", ""PN12-4.edf""]"
PN12,PN12-1.2.edf,6240,6230,6240,6180,6240,True,True,False,True,0,9774,0,negative,,,0,0.94999999999999996,E1_RF,20260922,True,nested,"[""PN12-3.edf"", ""PN12-4.edf""]"
PN12,PN12-1.2.edf,6245,6235,6245,6185,6245,True,True,False,True,0,9774,0,negative,,,0.0095147111453875513,0.94999999999999996,E1_RF,20260922,True,nested,"[""PN12-3.edf"", ""PN12-4.edf""]"
PN12,PN12-1.2.edf,6250,6240,6250,6190,6250,True,True,False,True,0,9774,0,negative,,,0.0032142857142857142,0.94999999999999996,E1_RF,20260922,True,nested,"[""PN12-3.edf"", ""PN12-4.edf""]"
PN12,PN12-1.2.edf,6255,6245,6255,6195,6255,True,True,False,True,0,9774,0,negative,,,0,0.94999999999999996,E1_RF,20260922,True,nested,"[""PN12-3.edf"", ""PN12-4.edf""]"
PN12,PN12-1.2.edf,6260,6250,6260,6200,6260,True,True,False,True,0,9774,0,negative,,,0,0.94999999999999996,E1_RF,20260922,True,nested,"[""PN12-3.edf"", ""PN12-4.edf""]"
PN12,PN12-1.2.edf,6265,6255,6265,6205,6265,True,True,False,True,0,9774,0,negative,,,0.0027450980392156863,0.94999999999999996,E1_RF,20260922,True,nested,"[""PN12-3.edf"", ""PN12-4.edf""]"
PN12,PN12-1.2.edf,6270,6260,6270,6210,6270,True,True,False,True,0,9774,0,negative,,,0.02048256202594172,0.94999999999999996,E1_RF,20260922,True,nested,"[""PN12-3.edf"", ""PN12-4.edf""]"
PN12,PN12-1.2.edf,6275,6265,6275,6215,6275,True,True,False,True,0,9774,0,negative,,,0.0060930735930735929,0.94999999999999996,E1_RF,20260922,True,nested,"[""PN12-3.edf"", ""PN12-4.edf""]"
PN12,PN12-1.2.edf,6280,6270,6280,6220,6280,True,True,False,True,0,9774,0,negative,,,0.08362857090210736,0.94999999999999996,E1_RF,20260922,True,nested,"[""PN12-3.edf"", ""PN12-4.edf""]"
PN12,PN12-1.2.edf,6285,6275,6285,6225,6285,True,True,False,True,0,9774,0,negative,,,0,0.94999999999999996,E1_RF,20260922,True,nested,"[""PN12-3.edf"", ""PN12-4.edf""]"
PN12,PN12-1.2.edf,6290,6280,6290,6230,6290,True,True,False,True,0,9774,0,negative,,,0,0.94999999999999996,E1_RF,20260922,True,nested,"[""PN12-3.edf"", ""PN12-4.edf""]"
PN12,PN12-1.2.edf,6295,6285,6295,6235,6295,True,True,False,True,0,9774,0,negative,,,0.021135406129766918,0.94999999999999996,E1_RF,20260922,True,nested,"[""PN12-3.edf"", ""PN12-4.edf""]"
PN12,PN12-1.2.edf,6300,6290,6300,6240,6300,True,True,False,True,0,9774,0,negative,,,0.38051858874817979,0.94999999999999996,E1_RF,20260922,True,nested,"[""PN12-3.edf"", ""PN12-4.edf""]"
PN12,PN12-1.2.edf,6305,6295,6305,6245,6305,True,True,False,True,0,9774,0,negative,,,0.41567406693150855,0.94999999999999996,E1_RF,20260922,True,nested,"[""PN12-3.edf"", ""PN12-4.edf""]"
PN12,PN12-1.2.edf,6310,6300,6310,6250,6310,True,True,False,True,0,9774,0,negative,,,0.2427445772941782,0.94999999999999996,E1_RF,20260922,True,nested,"[""PN12-3.edf"", ""PN12-4.edf""]"
PN12,PN12-1.2.edf,6315,6305,6315,6255,6315,True,True,False,True,0,9774,0,negative,,,0.042283320079399458,0.94999999999999996,E1_RF,20260922,True,nested,"[""PN12-3.edf"", ""PN12-4.edf""]"
PN12,PN12-1.2.edf,6320,6310,6320,6260,6320,True,True,False,True,0,9774,0,negative,,,0.027189629221408898,0.94999999999999996,E1_RF,20260922,True,nested,"[""PN12-3.edf"", ""PN12-4.edf""]"
PN12,PN12-1.2.edf,6325,6315,6325,6265,6325,True,True,False,True,0,9774,0,negative,,,0.071272204158774152,0.94999999999999996,E1_RF,20260922,True,nested,"[""PN12-3.edf"", ""PN12-4.edf""]"
PN12,PN12-1.2.edf,6330,6320,6330,6270,6330,True,True,False,True,0,9774,0,negative,,,0.077844977407499252,0.94999999999999996,E1_RF,20260922,True,nested,"[""PN12-3.edf"", ""PN12-4.edf""]"
PN12,PN12-1.2.edf,6335,6325,6335,6275,6335,True,True,False,True,0,9774,0,negative,,,0.37668251908097289,0.94999999999999996,E1_RF,20260922,True,nested,"[""PN12-3.edf"", ""PN12-4.edf""]"
PN12,PN12-1.2.edf,6340,6330,6340,6280,6340,True,True,False,True,0,9774,0,negative,,,0.45943786129872505,0.94999999999999996,E1_RF,20260922,True,nested,"[""PN12-3.edf"", ""PN12-4.edf""]"
PN12,PN12-1.2.edf,6345,6335,6345,6285,6345,True,True,False,True,0,9774,0,negative,,,0.55005208156353191,0.94999999999999996,E1_RF,20260922,True,nested,"[""PN12-3.edf"", ""PN12-4.edf""]"
PN12,PN12-1.2.edf,6350,6340,6350,6290,6350,True,True,False,True,0,9774,0,negative,,,0.54891338899737541,0.94999999999999996,E1_RF,20260922,True,nested,"[""PN12-3.edf"", ""PN12-4.edf""]"
PN12,PN12-1.2.edf,6355,6345,6355,6295,6355,True,True,False,True,0,9774,0,negative,,,0.45038677542769839,0.94999999999999996,E1_RF,20260922,True,nested,"[""PN12-3.edf"", ""PN12-4.edf""]"
PN12,PN12-1.2.edf,6360,6350,6360,6300,6360,True,True,False,True,0,9774,0,negative,,,0.19969401052828015,0.94999999999999996,E1_RF,20260922,True,nested,"[""PN12-3.edf"", ""PN12-4.edf""]"
PN12,PN12-1.2.edf,6365,6355,6365,6305,6365,True,True,False,True,0,9774,0,negative,,,0.36075467147323581,0.94999999999999996,E1_RF,20260922,True,nested,"[""PN12-3.edf"", ""PN12-4.edf""]"
PN12,PN12-1.2.edf,6370,6360,6370,6310,6370,True,True,False,True,0,9774,0,negative,,,0.17515321948025761,0.94999999999999996,E1_RF,20260922,True,nested,"[""PN12-3.edf"", ""PN12-4.edf""]"
PN12,PN12-1.2.edf,6375,6365,6375,6315,6375,True,True,False,True,0,9774,0,negative,,,0,0.94999999999999996,E1_RF,20260922,True,nested,"[""PN12-3.edf"", ""PN12-4.edf""]"
PN12,PN12-1.2.edf,6380,6370,6380,6320,6380,True,True,False,True,0,9774,0,negative,,,0.13471827880478196,0.94999999999999996,E1_RF,20260922,True,nested,"[""PN12-3.edf"", ""PN12-4.edf""]"
PN12,PN12-1.2.edf,6385,6375,6385,6325,6385,True,True,False,True,0,9774,0,negative,,,0.097805956238406502,0.94999999999999996,E1_RF,20260922,True,nested,"[""PN12-3.edf"", ""PN12-4.edf""]"
PN12,PN12-1.2.edf,6390,6380,6390,6330,6390,True,True,False,True,0,9774,0,negative,,,0.11992778654933038,0.94999999999999996,E1_RF,20260922,True,nested,"[""PN12-3.edf"", ""PN12-4.edf""]"
PN12,PN12-1.2.edf,6395,6385,6395,6335,6395,True,True,False,True,0,9774,0,negative,,,0.14756233029756383,0.94999999999999996,E1_RF,20260922,True,nested,"[""PN12-3.edf"", ""PN12-4.edf""]"
PN12,PN12-1.2.edf,6400,6390,6400,6340,6400,True,True,False,True,0,9774,0,negative,,,0.1433211047992311,0.94999999999999996,E1_RF,20260922,True,nested,"[""PN12-3.edf"", ""PN12-4.edf""]"
PN12,PN12-1.2.edf,6405,6395,6405,6345,6405,True,True,False,True,0,9774,0,negative,,,0.045573818775023534,0.94999999999999996,E1_RF,20260922,True,nested,"[""PN12-3.edf"", ""PN12-4.edf""]"
PN12,PN12-1.2.edf,6410,6400,6410,6350,6410,True,True,False,True,0,9774,0,negative,,,0.11434445922863028,0.94999999999999996,E1_RF,20260922,True,nested,"[""PN12-3.edf"", ""PN12-4.edf""]"
PN12,PN12-1.2.edf,6415,6405,6415,6355,6415,True,True,False,True,0,9774,0,negative,,,0.022978674532274191,0.94999999999999996,E1_RF,20260922,True,nested,"[""PN12-3.edf"", ""PN12-4.edf""]"
PN12,PN12-1.2.edf,6420,6410,6420,6360,6420,True,True,False,True,0,9774,0,negative,,,0.37896407260414811,0.94999999999999996,E1_RF,20260922,True,nested,"[""PN12-3.edf"", ""PN12-4.edf""]"
PN12,PN12-1.2.edf,6425,6415,6425,6365,6425,True,True,False,True,0,9774,0,negative,,,0.39523111613669842,0.94999999999999996,E1_RF,20260922,True,nested,"[""PN12-3.edf"", ""PN12-4.edf""]"
PN12,PN12-1.2.edf,6430,6420,6430,6370,6430,True,True,False,True,0,9774,0,negative,,,0.076311084936959234,0.94999999999999996,E1_RF,20260922,True,nested,"[""PN12-3.edf"", ""PN12-4.edf""]"
PN12,PN12-1.2.edf,6435,6425,6435,6375,6435,True,True,False,True,0,9774,0,negative,,,0,0.94999999999999996,E1_RF,20260922,True,nested,"[""PN12-3.edf"", ""PN12-4.edf""]"
PN12,PN12-1.2.edf,6440,6430,6440,6380,6440,True,True,False,True,0,9774,0,negative,,,0.0029629629629629628,0.94999999999999996,E1_RF,20260922,True,nested,"[""PN12-3.edf"", ""PN12-4.edf""]"
PN12,PN12-1.2.edf,6445,6435,6445,6385,6445,True,True,False,True,0,9774,0,negative,,,0.0029629629629629628,0.94999999999999996,E1_RF,20260922,True,nested,"[""PN12-3.edf"", ""PN12-4.edf""]"
PN12,PN12-1.2.edf,6450,6440,6450,6390,6450,True,True,False,True,0,9774,0,negative,,,0.025846701264042933,0.94999999999999996,E1_RF,20260922,True,nested,"[""PN12-3.edf"", ""PN12-4.edf""]"
PN12,PN12-1.2.edf,6455,6445,6455,6395,6455,True,True,False,True,0,9774,0,negative,,,0,0.94999999999999996,E1_RF,20260922,True,nested,"[""PN12-3.edf"", ""PN12-4.edf""]"
PN12,PN12-1.2.edf,6460,6450,6460,6400,6460,True,True,False,True,0,9774,0,negative,,,0.022941894388711474,0.94999999999999996,E1_RF,20260922,True,nested,"[""PN12-3.edf"", ""PN12-4.edf""]"
PN12,PN12-1.2.edf,6465,6455,6465,6405,6465,True,True,False,True,0,9774,0,negative,,,0,0.94999999999999996,E1_RF,20260922,True,nested,"[""PN12-3.edf"", ""PN12-4.edf""]"
PN12,PN12-1.2.edf,6470,6460,6470,6410,6470,True,True,False,True,0,9774,0,negative,,,0,0.94999999999999996,E1_RF,20260922,True,nested,"[""PN12-3.edf"", ""PN12-4.edf""]"
PN12,PN12-1.2.edf,6475,6465,6475,6415,6475,True,True,False,True,0,9774,0,negative,,,0.0029629629629629628,0.94999999999999996,E1_RF,20260922,True,nested,"[""PN12-3.edf"", ""PN12-4.edf""]"
PN12,PN12-1.2.edf,6480,6470,6480,6420,6480,True,True,False,True,0,9774,0,negative,,,0.006165692007797271,0.94999999999999996,E1_RF,20260922,True,nested,"[""PN12-3.edf"", ""PN12-4.edf""]"
PN12,PN12-1.2.edf,6485,6475,6485,6425,6485,True,True,False,True,0,9774,0,negative,,,0.013395395395395394,0.94999999999999996,E1_RF,20260922,True,nested,"[""PN12-3.edf"", ""PN12-4.edf""]"
PN12,PN12-1.2.edf,6490,6480,6490,6430,6490,True,True,False,True,0,9774,0,negative,,,0.0031904761904761906,0.94999999999999996,E1_RF,20260922,True,nested,"[""PN12-3.edf"", ""PN12-4.edf""]"
PN12,PN12-1.2.edf,6495,6485,6495,6435,6495,True,True,False,True,0,9774,0,negative,,,0.0029629629629629628,0.94999999999999996,E1_RF,20260922,True,nested,"[""PN12-3.edf"", ""PN12-4.edf""]"
PN12,PN12-1.2.edf,6500,6490,6500,6440,6500,True,True,False,True,0,9774,0,negative,,,0.0058084914182475154,0.94999999999999996,E1_RF,20260922,True,nested,"[""PN12-3.edf"", ""PN12-4.edf""]"
PN12,PN12-1.2.edf,6505,6495,6505,6445,6505,True,True,False,True,0,9774,0,negative,,,0.049664553727092484,0.94999999999999996,E1_RF,20260922,True,nested,"[""PN12-3.edf"", ""PN12-4.edf""]"
PN12,PN12-1.2.edf,6510,6500,6510,6450,6510,True,True,False,True,0,9774,0,negative,,,0.065160803290669325,0.94999999999999996,E1_RF,20260922,True,nested,"[""PN12-3.edf"", ""PN12-4.edf""]"
PN12,PN12-1.2.edf,6515,6505,6515,6455,6515,True,True,False,True,0,9774,0,negative,,,0.0086147267811104815,0.94999999999999996,E1_RF,20260922,True,nested,"[""PN12-3.edf"", ""PN12-4.edf""]"
PN12,PN12-1.2.edf,6520,6510,6520,6460,6520,True,True,False,True,0,9774,0,negative,,,0.0058084914182475154,0.94999999999999996,E1_RF,20260922,True,nested,"[""PN12-3.edf"", ""PN12-4.edf""]"
PN12,PN12-1.2.edf,6525,6515,6525,6465,6525,True,True,False,True,0,9774,0,negative,,,0.0062032967032967035,0.94999999999999996,E1_RF,20260922,True,nested,"[""PN12-3.edf"", ""PN12-4.edf""]"
PN12,PN12-1.2.edf,6530,6520,6530,6470,6530,True,True,False,True,0,9774,0,negative,,,0.0054523809523809525,0.94999999999999996,E1_RF,20260922,True,nested,"[""PN12-3.edf"", ""PN12-4.edf""]"
PN12,PN12-1.2.edf,6535,6525,6535,6475,6535,True,True,False,True,0,9774,0,negative,,,0.0030434782608695652,0.94999999999999996,E1_RF,20260922,True,nested,"[""PN12-3.edf"", ""PN12-4.edf""]"
PN12,PN12-1.2.edf,6540,6530,6540,6480,6540,True,True,False,True,0,9774,0,negative,,,0,0.94999999999999996,E1_RF,20260922,True,nested,"[""PN12-3.edf"", ""PN12-4.edf""]"
PN12,PN12-1.2.edf,6545,6535,6545,6485,6545,True,True,False,True,0,9774,0,negative,,,0.39926713746181502,0.94999999999999996,E1_RF,20260922,True,nested,"[""PN12-3.edf"", ""PN12-4.edf""]"
PN12,PN12-1.2.edf,6550,6540,6550,6490,6550,True,True,False,True,0,9774,0,negative,,,0.25452008495422018,0.94999999999999996,E1_RF,20260922,True,nested,"[""PN12-3.edf"", ""PN12-4.edf""]"
PN12,PN12-1.2.edf,6555,6545,6555,6495,6555,True,True,False,True,0,9774,0,negative,,,0.3638329009451125,0.94999999999999996,E1_RF,20260922,True,nested,"[""PN12-3.edf"", ""PN12-4.edf""]"
PN12,PN12-1.2.edf,6560,6550,6560,6500,6560,True,True,False,True,0,9774,0,negative,,,0.18902125078130178,0.94999999999999996,E1_RF,20260922,True,nested,"[""PN12-3.edf"", ""PN12-4.edf""]"
PN12,PN12-1.2.edf,6565,6555,6565,6505,6565,True,True,False,True,0,9774,0,negative,,,0.0029629629629629628,0.94999999999999996,E1_RF,20260922,True,nested,"[""PN12-3.edf"", ""PN12-4.edf""]"
PN12,PN12-1.2.edf,6570,6560,6570,6510,6570,True,True,False,True,0,9774,0,negative,,,0.01549731044643163,0.94999999999999996,E1_RF,20260922,True,nested,"[""PN12-3.edf"", ""PN12-4.edf""]"
PN12,PN12-1.2.edf,6575,6565,6575,6515,6575,True,True,False,True,0,9774,0,negative,,,0.17111188371261504,0.94999999999999996,E1_RF,20260922,True,nested,"[""PN12-3.edf"", ""PN12-4.edf""]"
PN12,PN12-1.2.edf,6580,6570,6580,6520,6580,True,True,False,True,0,9774,0,negative,,,0.05650270716304133,0.94999999999999996,E1_RF,20260922,True,nested,"[""PN12-3.edf"", ""PN12-4.edf""]"
PN12,PN12-1.2.edf,6585,6575,6585,6525,6585,True,True,False,True,0,9774,0,negative,,,0.07977813182355814,0.94999999999999996,E1_RF,20260922,True,nested,"[""PN12-3.edf"", ""PN12-4.edf""]"
PN12,PN12-1.2.edf,6590,6580,6590,6530,6590,True,True,False,True,0,9774,0,negative,,,0.17289831036593484,0.94999999999999996,E1_RF,20260922,True,nested,"[""PN12-3.edf"", ""PN12-4.edf""]"
PN12,PN12-1.2.edf,6595,6585,6595,6535,6595,True,True,False,True,0,9774,0,negative,,,0.4532158055800688,0.94999999999999996,E1_RF,20260922,True,nested,"[""PN12-3.edf"", ""PN12-4.edf""]"
PN12,PN12-1.2.edf,6600,6590,6600,6540,6600,True,True,False,True,0,9774,0,negative,,,0.40792536028375403,0.94999999999999996,E1_RF,20260922,True,nested,"[""PN12-3.edf"", ""PN12-4.edf""]"
PN12,PN12-1.2.edf,6605,6595,6605,6545,6605,True,True,False,True,0,9774,0,negative,,,0.46717380146361609,0.94999999999999996,E1_RF,20260922,True,nested,"[""PN12-3.edf"", ""PN12-4.edf""]"
PN12,PN12-1.2.edf,6610,6600,6610,6550,6610,True,True,False,True,0,9774,0,negative,,,0.46695755503105169,0.94999999999999996,E1_RF,20260922,True,nested,"[""PN12-3.edf"", ""PN12-4.edf""]"
PN12,PN12-1.2.edf,6615,6605,6615,6555,6615,True,True,False,True,0,9774,0,negative,,,0.6792269982846395,0.94999999999999996,E1_RF,20260922,True,nested,"[""PN12-3.edf"", ""PN12-4.edf""]"
PN12,PN12-1.2.edf,6620,6610,6620,6560,6620,True,True,False,True,0,9774,0,negative,,,0.65153990418873642,0.94999999999999996,E1_RF,20260922,True,nested,"[""PN12-3.edf"", ""PN12-4.edf""]"
PN12,PN12-1.2.edf,6625,6615,6625,6565,6625,True,True,False,True,0,9774,0,negative,,,0.12275062151733995,0.94999999999999996,E1_RF,20260922,True,nested,"[""PN12-3.edf"", ""PN12-4.edf""]"
PN12,PN12-1.2.edf,6630,6620,6630,6570,6630,True,True,False,True,0,9774,0,negative,,,0.078404663392894217,0.94999999999999996,E1_RF,20260922,True,nested,"[""PN12-3.edf"", ""PN12-4.edf""]"
PN12,PN12-1.2.edf,6635,6625,6635,6575,6635,True,True,False,True,0,9774,0,negative,,,0.1078151684391284,0.94999999999999996,E1_RF,20260922,True,nested,"[""PN12-3.edf"", ""PN12-4.edf""]"
PN12,PN12-1.2.edf,6640,6630,6640,6580,6640,True,True,False,True,0,9774,0,negative,,,0.12265022616213654,0.94999999999999996,E1_RF,20260922,True,nested,"[""PN12-3.edf"", ""PN12-4.edf""]"
PN12,PN12-1.2.edf,6645,6635,6645,6585,6645,True,True,False,True,0,9774,0,negative,,,0.06565923639951568,0.94999999999999996,E1_RF,20260922,True,nested,"[""PN12-3.edf"", ""PN12-4.edf""]"
PN12,PN12-1.2.edf,6650,6640,6650,6590,6650,True,True,False,True,0,9774,0,negative,,,0.16095139789817933,0.94999999999999996,E1_RF,20260922,True,nested,"[""PN12-3.edf"", ""PN12-4.edf""]"
PN12,PN12-1.2.edf,6655,6645,6655,6595,6655,True,True,False,True,0,9774,0,negative,,,0.37807828191982212,0.94999999999999996,E1_RF,20260922,True,nested,"[""PN12-3.edf"", ""PN12-4.edf""]"
PN12,PN12-1.2.edf,6660,6650,6660,6600,6660,True,True,False,True,0,9774,0,negative,,,0.56948555648937116,0.94999999999999996,E1_RF,20260922,True,nested,"[""PN12-3.edf"", ""PN12-4.edf""]"
PN12,PN12-1.2.edf,6665,6655,6665,6605,6665,True,True,False,True,0,9774,0,negative,,,0.48598831920806729,0.94999999999999996,E1_RF,20260922,True,nested,"[""PN12-3.edf"", ""PN12-4.edf""]"
PN12,PN12-1.2.edf,6670,6660,6670,6610,6670,True,True,False,True,0,9774,0,negative,,,0.264201362379619,0.94999999999999996,E1_RF,20260922,True,nested,"[""PN12-3.edf"", ""PN12-4.edf""]"
PN12,PN12-1.2.edf,6675,6665,6675,6615,6675,True,True,False,True,0,9774,0,negative,,,0.1348219651208819,0.94999999999999996,E1_RF,20260922,True,nested,"[""PN12-3.edf"", ""PN12-4.edf""]"
PN12,PN12-1.2.edf,6680,6670,6680,6620,6680,True,True,False,True,0,9774,0,negative,,,0.086286602460750497,0.94999999999999996,E1_RF,20260922,True,nested,"[""PN12-3.edf"", ""PN12-4.edf""]"
PN12,PN12-1.2.edf,6685,6675,6685,6625,6685,True,True,False,True,0,9774,0,negative,,,0.23532535472657845,0.94999999999999996,E1_RF,20260922,True,nested,"[""PN12-3.edf"", ""PN12-4.edf""]"
PN12,PN12-1.2.edf,6690,6680,6690,6630,6690,True,True,False,True,0,9774,0,negative,,,0.055826495385907449,0.94999999999999996,E1_RF,20260922,True,nested,"[""PN12-3.edf"", ""PN12-4.edf""]"
PN12,PN12-1.2.edf,6695,6685,6695,6635,6695,True,True,False,True,0,9774,0,negative,,,0.080233885312276931,0.94999999999999996,E1_RF,20260922,True,nested,"[""PN12-3.edf"", ""PN12-4.edf""]"
PN12,PN12-1.2.edf,6700,6690,6700,6640,6700,True,True,False,True,0,9774,0,negative,,,0.20386885398045373,0.94999999999999996,E1_RF,20260922,True,nested,"[""PN12-3.edf"", ""PN12-4.edf""]"
PN12,PN12-1.2.edf,6705,6695,6705,6645,6705,True,True,False,True,0,9774,0,negative,,,0.17017708280948987,0.94999999999999996,E1_RF,20260922,True,nested,"[""PN12-3.edf"", ""PN12-4.edf""]"
PN12,PN12-1.2.edf,6710,6700,6710,6650,6710,True,True,False,True,0,9774,0,negative,,,0.0048677248677248671,0.94999999999999996,E1_RF,20260922,True,nested,"[""PN12-3.edf"", ""PN12-4.edf""]"
PN12,PN12-1.2.edf,6715,6705,6715,6655,6715,True,True,False,True,0,9774,0,negative,,,0.042469366020220063,0.94999999999999996,E1_RF,20260922,True,nested,"[""PN12-3.edf"", ""PN12-4.edf""]"
PN12,PN12-1.2.edf,6720,6710,6720,6660,6720,True,True,False,True,0,9774,0,negative,,,0.020604046211324275,0.94999999999999996,E1_RF,20260922,True,nested,"[""PN12-3.edf"", ""PN12-4.edf""]"
PN12,PN12-1.2.edf,6725,6715,6725,6665,6725,True,True,False,True,0,9774,0,negative,,,0.0032142857142857142,0.94999999999999996,E1_RF,20260922,True,nested,"[""PN12-3.edf"", ""PN12-4.edf""]"
PN12,PN12-1.2.edf,6730,6720,6730,6670,6730,True,True,False,True,0,9774,0,negative,,,0.0089892770065183869,0.94999999999999996,E1_RF,20260922,True,nested,"[""PN12-3.edf"", ""PN12-4.edf""]"
PN12,PN12-1.2.edf,6735,6725,6735,6675,6735,True,True,False,True,0,9774,0,negative,,,0.0089502164502164496,0.94999999999999996,E1_RF,20260922,True,nested,"[""PN12-3.edf"", ""PN12-4.edf""]"
PN12,PN12-1.2.edf,6740,6730,6740,6680,6740,True,True,False,True,0,9774,0,negative,,,0.067751676141753633,0.94999999999999996,E1_RF,20260922,True,nested,"[""PN12-3.edf"", ""PN12-4.edf""]"
PN12,PN12-1.2.edf,6745,6735,6745,6685,6745,True,True,False,True,0,9774,0,negative,,,0.6879454295920322,0.94999999999999996,E1_RF,20260922,True,nested,"[""PN12-3.edf"", ""PN12-4.edf""]"
PN12,PN12-1.2.edf,6750,6740,6750,6690,6750,True,True,False,True,0,9774,0,negative,,,0.4631788107565234,0.94999999999999996,E1_RF,20260922,True,nested,"[""PN12-3.edf"", ""PN12-4.edf""]"
PN12,PN12-1.2.edf,6755,6745,6755,6695,6755,True,True,False,True,0,9774,0,negative,,,0.021482505098411025,0.94999999999999996,E1_RF,20260922,True,nested,"[""PN12-3.edf"", ""PN12-4.edf""]"
PN12,PN12-1.2.edf,6760,6750,6760,6700,6760,True,True,False,True,0,9774,0,negative,,,0.20261429011185994,0.94999999999999996,E1_RF,20260922,True,nested,"[""PN12-3.edf"", ""PN12-4.edf""]"
PN12,PN12-1.2.edf,6765,6755,6765,6705,6765,True,True,False,True,0,9774,0,negative,,,0.57715350017240385,0.94999999999999996,E1_RF,20260922,True,nested,"[""PN12-3.edf"", ""PN12-4.edf""]"
PN12,PN12-1.2.edf,6770,6760,6770,6710,6770,True,True,False,True,0,9774,0,negative,,,0.048539070690919825,0.94999999999999996,E1_RF,20260922,True,nested,"[""PN12-3.edf"", ""PN12-4.edf""]"
PN12,PN12-1.2.edf,6775,6765,6775,6715,6775,True,True,False,True,0,9774,0,negative,,,0.0060839815615096509,0.94999999999999996,E1_RF,20260922,True,nested,"[""PN12-3.edf"", ""PN12-4.edf""]"
PN12,PN12-1.2.edf,6780,6770,6780,6720,6780,True,True,False,True,0,9774,0,negative,,,0.67419777600754838,0.94999999999999996,E1_RF,20260922,True,nested,"[""PN12-3.edf"", ""PN12-4.edf""]"
PN12,PN12-1.2.edf,6785,6775,6785,6725,6785,True,True,False,True,0,9774,0,negative,,,0.54946503478658215,0.94999999999999996,E1_RF,20260922,True,nested,"[""PN12-3.edf"", ""PN12-4.edf""]"
PN12,PN12-1.2.edf,6790,6780,6790,6730,6790,True,True,False,True,0,9774,0,negative,,,0.47384309243012318,0.94999999999999996,E1_RF,20260922,True,nested,"[""PN12-3.edf"", ""PN12-4.edf""]"
PN12,PN12-1.2.edf,6795,6785,6795,6735,6795,True,True,False,True,0,9774,0,negative,,,0.33861776676287358,0.94999999999999996,E1_RF,20260922,True,nested,"[""PN12-3.edf"", ""PN12-4.edf""]"
PN12,PN12-1.2.edf,6800,6790,6800,6740,6800,True,True,False,True,0,9774,0,negative,,,0.072735773736540596,0.94999999999999996,E1_RF,20260922,True,nested,"[""PN12-3.edf"", ""PN12-4.edf""]"
PN12,PN12-1.2.edf,6805,6795,6805,6745,6805,True,True,False,True,0,9774,0,negative,,,0.28241181480182592,0.94999999999999996,E1_RF,20260922,True,nested,"[""PN12-3.edf"", ""PN12-4.edf""]"
PN12,PN12-1.2.edf,6810,6800,6810,6750,6810,True,True,False,True,0,9774,0,negative,,,0.094179550678944068,0.94999999999999996,E1_RF,20260922,True,nested,"[""PN12-3.edf"", ""PN12-4.edf""]"
PN12,PN12-1.2.edf,6815,6805,6815,6755,6815,True,True,False,True,0,9774,0,negative,,,0.15878419887032511,0.94999999999999996,E1_RF,20260922,True,nested,"[""PN12-3.edf"", ""PN12-4.edf""]"
PN12,PN12-1.2.edf,6820,6810,6820,6760,6820,True,True,False,True,0,9774,0,negative,,,0.035335831858318359,0.94999999999999996,E1_RF,20260922,True,nested,"[""PN12-3.edf"", ""PN12-4.edf""]"
PN12,PN12-1.2.edf,6825,6815,6825,6765,6825,True,True,False,True,0,9774,0,negative,,,0.013783166203724682,0.94999999999999996,E1_RF,20260922,True,nested,"[""PN12-3.edf"", ""PN12-4.edf""]"
PN12,PN12-1.2.edf,6830,6820,6830,6770,6830,True,True,False,True,0,9774,0,negative,,,0.071302885729203694,0.94999999999999996,E1_RF,20260922,True,nested,"[""PN12-3.edf"", ""PN12-4.edf""]"
PN12,PN12-1.2.edf,6835,6825,6835,6775,6835,True,True,False,True,0,9774,0,negative,,,0.2009291856571388,0.94999999999999996,E1_RF,20260922,True,nested,"[""PN12-3.edf"", ""PN12-4.edf""]"
PN12,PN12-1.2.edf,6840,6830,6840,6780,6840,True,True,False,True,0,9774,0,negative,,,0.32607971363238331,0.94999999999999996,E1_RF,20260922,True,nested,"[""PN12-3.edf"", ""PN12-4.edf""]"
PN12,PN12-1.2.edf,6845,6835,6845,6785,6845,True,True,False,True,0,9774,0,negative,,,0.15994751267810575,0.94999999999999996,E1_RF,20260922,True,nested,"[""PN12-3.edf"", ""PN12-4.edf""]"
PN12,PN12-1.2.edf,6850,6840,6850,6790,6850,True,True,False,True,0,9774,0,negative,,,0.10696966817274835,0.94999999999999996,E1_RF,20260922,True,nested,"[""PN12-3.edf"", ""PN12-4.edf""]"
PN12,PN12-1.2.edf,6855,6845,6855,6795,6855,True,True,False,True,0,9774,0,negative,,,0.28595144023626901,0.94999999999999996,E1_RF,20260922,True,nested,"[""PN12-3.edf"", ""PN12-4.edf""]"
PN12,PN12-1.2.edf,6860,6850,6860,6800,6860,True,True,False,True,0,9774,0,negative,,,0.42342876437632992,0.94999999999999996,E1_RF,20260922,True,nested,"[""PN12-3.edf"", ""PN12-4.edf""]"
PN12,PN12-1.2.edf,6865,6855,6865,6805,6865,True,True,False,True,0,9774,0,negative,,,0.75371093659638932,0.94999999999999996,E1_RF,20260922,True,nested,"[""PN12-3.edf"", ""PN12-4.edf""]"
PN12,PN12-1.2.edf,6870,6860,6870,6810,6870,True,True,False,True,0,9774,0,negative,,,0.90774784710427225,0.94999999999999996,E1_RF,20260922,True,nested,"[""PN12-3.edf"", ""PN12-4.edf""]"
PN12,PN12-1.2.edf,6875,6865,6875,6815,6875,True,True,False,True,0,9774,0,negative,,,0.57563277643334643,0.94999999999999996,E1_RF,20260922,True,nested,"[""PN12-3.edf"", ""PN12-4.edf""]"
PN12,PN12-1.2.edf,6880,6870,6880,6820,6880,True,True,False,True,0,9774,0,negative,,,0.55547113827891392,0.94999999999999996,E1_RF,20260922,True,nested,"[""PN12-3.edf"", ""PN12-4.edf""]"
PN12,PN12-1.2.edf,6885,6875,6885,6825,6885,True,True,False,True,0,9774,0,negative,,,0.91117208975715847,0.94999999999999996,E1_RF,20260922,True,nested,"[""PN12-3.edf"", ""PN12-4.edf""]"
PN12,PN12-1.2.edf,6890,6880,6890,6830,6890,True,True,False,True,0,9774,0,negative,,,0.72188072119094338,0.94999999999999996,E1_RF,20260922,True,nested,"[""PN12-3.edf"", ""PN12-4.edf""]"
PN12,PN12-1.2.edf,6895,6885,6895,6835,6895,True,True,False,True,0,9774,0,negative,,,0.76925819678267171,0.94999999999999996,E1_RF,20260922,True,nested,"[""PN12-3.edf"", ""PN12-4.edf""]"
PN12,PN12-1.2.edf,6900,6890,6900,6840,6900,True,True,False,True,0,9774,0,negative,,,0.65129492355016583,0.94999999999999996,E1_RF,20260922,True,nested,"[""PN12-3.edf"", ""PN12-4.edf""]"
PN12,PN12-1.2.edf,6905,6895,6905,6845,6905,True,True,False,True,0,9774,0,negative,,,0.027681572981881033,0.94999999999999996,E1_RF,20260922,True,nested,"[""PN12-3.edf"", ""PN12-4.edf""]"
PN12,PN12-1.2.edf,6910,6900,6910,6850,6910,True,True,False,True,0,9774,0,negative,,,0.37360885193078652,0.94999999999999996,E1_RF,20260922,True,nested,"[""PN12-3.edf"", ""PN12-4.edf""]"
PN12,PN12-1.2.edf,6915,6905,6915,6855,6915,True,True,False,True,0,9774,0,negative,,,0.47035421669337607,0.94999999999999996,E1_RF,20260922,True,nested,"[""PN12-3.edf"", ""PN12-4.edf""]"
PN12,PN12-1.2.edf,6920,6910,6920,6860,6920,True,True,False,True,0,9774,0,negative,,,0.73600574612221981,0.94999999999999996,E1_RF,20260922,True,nested,"[""PN12-3.edf"", ""PN12-4.edf""]"
PN12,PN12-1.2.edf,6925,6915,6925,6865,6925,True,True,False,True,0,9774,0,negative,,,0.37599827136278902,0.94999999999999996,E1_RF,20260922,True,nested,"[""PN12-3.edf"", ""PN12-4.edf""]"
PN12,PN12-1.2.edf,6930,6920,6930,6870,6930,True,True,False,True,0,9774,0,negative,,,0.30051574002760745,0.94999999999999996,E1_RF,20260922,True,nested,"[""PN12-3.edf"", ""PN12-4.edf""]"
PN12,PN12-1.2.edf,6935,6925,6935,6875,6935,True,True,False,True,0,9774,0,negative,,,0.42271140503436444,0.94999999999999996,E1_RF,20260922,True,nested,"[""PN12-3.edf"", ""PN12-4.edf""]"
PN12,PN12-1.2.edf,6940,6930,6940,6880,6940,True,True,False,True,0,9774,0,negative,,,0.14368826419062627,0.94999999999999996,E1_RF,20260922,True,nested,"[""PN12-3.edf"", ""PN12-4.edf""]"
PN12,PN12-1.2.edf,6945,6935,6945,6885,6945,True,True,False,True,0,9774,0,negative,,,0.27695347090106226,0.94999999999999996,E1_RF,20260922,True,nested,"[""PN12-3.edf"", ""PN12-4.edf""]"
PN12,PN12-1.2.edf,6950,6940,6950,6890,6950,True,True,False,True,0,9774,0,negative,,,0.22383161163280813,0.94999999999999996,E1_RF,20260922,True,nested,"[""PN12-3.edf"", ""PN12-4.edf""]"
PN12,PN12-1.2.edf,6955,6945,6955,6895,6955,True,True,False,True,0,9774,0,negative,,,0.39108205255336947,0.94999999999999996,E1_RF,20260922,True,nested,"[""PN12-3.edf"", ""PN12-4.edf""]"
PN12,PN12-1.2.edf,6960,6950,6960,6900,6960,True,True,False,True,0,9774,0,negative,,,0.29254596452731257,0.94999999999999996,E1_RF,20260922,True,nested,"[""PN12-3.edf"", ""PN12-4.edf""]"
PN12,PN12-1.2.edf,6965,6955,6965,6905,6965,True,True,False,True,0,9774,0,negative,,,0.035731566054043401,0.94999999999999996,E1_RF,20260922,True,nested,"[""PN12-3.edf"", ""PN12-4.edf""]"
PN12,PN12-1.2.edf,6970,6960,6970,6910,6970,True,True,False,True,0,9774,0,negative,,,0.033183938780352362,0.94999999999999996,E1_RF,20260922,True,nested,"[""PN12-3.edf"", ""PN12-4.edf""]"
PN12,PN12-1.2.edf,6975,6965,6975,6915,6975,True,True,False,True,0,9774,0,negative,,,0.051018737462919461,0.94999999999999996,E1_RF,20260922,True,nested,"[""PN12-3.edf"", ""PN12-4.edf""]"
PN12,PN12-1.2.edf,6980,6970,6980,6920,6980,True,True,False,True,0,9774,0,negative,,,0.045108398270107222,0.94999999999999996,E1_RF,20260922,True,nested,"[""PN12-3.edf"", ""PN12-4.edf""]"
PN12,PN12-1.2.edf,6985,6975,6985,6925,6985,True,True,False,True,0,9774,0,negative,,,0.094699910628422965,0.94999999999999996,E1_RF,20260922,True,nested,"[""PN12-3.edf"", ""PN12-4.edf""]"
PN12,PN12-1.2.edf,6990,6980,6990,6930,6990,True,True,False,True,0,9774,0,negative,,,0.0347922928975559,0.94999999999999996,E1_RF,20260922,True,nested,"[""PN12-3.edf"", ""PN12-4.edf""]"
PN12,PN12-1.2.edf,6995,6985,6995,6935,6995,True,True,False,True,0,9774,0,negative,,,0.0027450980392156863,0.94999999999999996,E1_RF,20260922,True,nested,"[""PN12-3.edf"", ""PN12-4.edf""]"
PN12,PN12-1.2.edf,7000,6990,7000,6940,7000,True,True,False,True,0,9774,0,negative,,,0.0056741874832124629,0.94999999999999996,E1_RF,20260922,True,nested,"[""PN12-3.edf"", ""PN12-4.edf""]"
PN12,PN12-1.2.edf,7005,6995,7005,6945,7005,True,True,False,True,0,9774,0,negative,,,0,0.94999999999999996,E1_RF,20260922,True,nested,"[""PN12-3.edf"", ""PN12-4.edf""]"
PN12,PN12-1.2.edf,7010,7000,7010,6950,7010,True,True,False,True,0,9774,0,negative,,,0.024028630662556633,0.94999999999999996,E1_RF,20260922,True,nested,"[""PN12-3.edf"", ""PN12-4.edf""]"
PN12,PN12-1.2.edf,7015,7005,7015,6955,7015,True,True,False,True,0,9774,0,negative,,,0.0029107981220657273,0.94999999999999996,E1_RF,20260922,True,nested,"[""PN12-3.edf"", ""PN12-4.edf""]"
PN12,PN12-1.2.edf,7020,7010,7020,6960,7020,True,True,False,True,0,9774,0,negative,,,0.071304699311762781,0.94999999999999996,E1_RF,20260922,True,nested,"[""PN12-3.edf"", ""PN12-4.edf""]"
PN12,PN12-1.2.edf,7025,7015,7025,6965,7025,True,True,False,True,0,9774,0,negative,,,0.02041178258063309,0.94999999999999996,E1_RF,20260922,True,nested,"[""PN12-3.edf"", ""PN12-4.edf""]"
PN12,PN12-1.2.edf,7030,7020,7030,6970,7030,True,True,False,True,0,9774,0,negative,,,0,0.94999999999999996,E1_RF,20260922,True,nested,"[""PN12-3.edf"", ""PN12-4.edf""]"
PN12,PN12-1.2.edf,7035,7025,7035,6975,7035,True,True,False,True,0,9774,0,negative,,,0.009353246753246754,0.94999999999999996,E1_RF,20260922,True,nested,"[""PN12-3.edf"", ""PN12-4.edf""]"
PN12,PN12-1.2.edf,7040,7030,7040,6980,7040,True,True,False,True,0,9774,0,negative,,,0.10108447249158101,0.94999999999999996,E1_RF,20260922,True,nested,"[""PN12-3.edf"", ""PN12-4.edf""]"
PN12,PN12-1.2.edf,7045,7035,7045,6985,7045,True,True,False,True,0,9774,0,negative,,,0.10997710057987015,0.94999999999999996,E1_RF,20260922,True,nested,"[""PN12-3.edf"", ""PN12-4.edf""]"
PN12,PN12-1.2.edf,7050,7040,7050,6990,7050,True,True,False,True,0,9774,0,negative,,,0,0.94999999999999996,E1_RF,20260922,True,nested,"[""PN12-3.edf"", ""PN12-4.edf""]"
PN12,PN12-1.2.edf,7055,7045,7055,6995,7055,True,True,False,True,0,9774,0,negative,,,0.0051190476190476186,0.94999999999999996,E1_RF,20260922,True,nested,"[""PN12-3.edf"", ""PN12-4.edf""]"
PN12,PN12-1.2.edf,7060,7050,7060,7000,7060,True,True,False,True,0,9774,0,negative,,,0.01388565891472868,0.94999999999999996,E1_RF,20260922,True,nested,"[""PN12-3.edf"", ""PN12-4.edf""]"
PN12,PN12-1.2.edf,7065,7055,7065,7005,7065,True,True,False,True,0,9774,0,negative,,,0.0030081300813008132,0.94999999999999996,E1_RF,20260922,True,nested,"[""PN12-3.edf"", ""PN12-4.edf""]"
PN12,PN12-1.2.edf,7070,7060,7070,7010,7070,True,True,False,True,0,9774,0,negative,,,0.011328932086313344,0.94999999999999996,E1_RF,20260922,True,nested,"[""PN12-3.edf"", ""PN12-4.edf""]"
PN12,PN12-1.2.edf,7075,7065,7075,7015,7075,True,True,False,True,0,9774,0,negative,,,0.24874499018147708,0.94999999999999996,E1_RF,20260922,True,nested,"[""PN12-3.edf"", ""PN12-4.edf""]"
PN12,PN12-1.2.edf,7080,7070,7080,7020,7080,True,True,False,True,0,9774,0,negative,,,0.073090029676397522,0.94999999999999996,E1_RF,20260922,True,nested,"[""PN12-3.edf"", ""PN12-4.edf""]"
PN12,PN12-1.2.edf,7085,7075,7085,7025,7085,True,True,False,True,0,9774,0,negative,,,0.02409434218530657,0.94999999999999996,E1_RF,20260922,True,nested,"[""PN12-3.edf"", ""PN12-4.edf""]"
PN12,PN12-1.2.edf,7090,7080,7090,7030,7090,True,True,False,True,0,9774,0,negative,,,0.011755686898301207,0.94999999999999996,E1_RF,20260922,True,nested,"[""PN12-3.edf"", ""PN12-4.edf""]"
PN12,PN12-1.2.edf,7095,7085,7095,7035,7095,True,True,False,True,0,9774,0,negative,,,0.033146464682810579,0.94999999999999996,E1_RF,20260922,True,nested,"[""PN12-3.edf"", ""PN12-4.edf""]"
PN12,PN12-1.2.edf,7100,7090,7100,7040,7100,True,True,False,True,0,9774,0,negative,,,0.055752512574790886,0.94999999999999996,E1_RF,20260922,True,nested,"[""PN12-3.edf"", ""PN12-4.edf""]"
PN12,PN12-1.2.edf,7105,7095,7105,7045,7105,True,True,False,True,0,9774,0,negative,,,0.09094849244487116,0.94999999999999996,E1_RF,20260922,True,nested,"[""PN12-3.edf"", ""PN12-4.edf""]"
PN12,PN12-1.2.edf,7110,7100,7110,7050,7110,True,True,False,True,0,9774,0,negative,,,0.042522613038410068,0.94999999999999996,E1_RF,20260922,True,nested,"[""PN12-3.edf"", ""PN12-4.edf""]"
PN12,PN12-1.2.edf,7115,7105,7115,7055,7115,True,True,False,True,0,9774,0,negative,,,0.17416342394071399,0.94999999999999996,E1_RF,20260922,True,nested,"[""PN12-3.edf"", ""PN12-4.edf""]"
PN12,PN12-1.2.edf,7120,7110,7120,7060,7120,True,True,False,True,0,9774,0,negative,,,0.16598247423029747,0.94999999999999996,E1_RF,20260922,True,nested,"[""PN12-3.edf"", ""PN12-4.edf""]"
PN12,PN12-1.2.edf,7125,7115,7125,7065,7125,True,True,False,True,0,9774,0,negative,,,0.063499913451098691,0.94999999999999996,E1_RF,20260922,True,nested,"[""PN12-3.edf"", ""PN12-4.edf""]"
PN12,PN12-1.2.edf,7130,7120,7130,7070,7130,True,True,False,True,0,9774,0,negative,,,0.20024315109204838,0.94999999999999996,E1_RF,20260922,True,nested,"[""PN12-3.edf"", ""PN12-4.edf""]"
PN12,PN12-1.2.edf,7135,7125,7135,7075,7135,True,True,False,True,0,9774,0,negative,,,0.46353390454804771,0.94999999999999996,E1_RF,20260922,True,nested,"[""PN12-3.edf"", ""PN12-4.edf""]"
PN12,PN12-1.2.edf,7140,7130,7140,7080,7140,True,True,False,True,0,9774,0,negative,,,0.35364717773998761,0.94999999999999996,E1_RF,20260922,True,nested,"[""PN12-3.edf"", ""PN12-4.edf""]"
PN12,PN12-1.2.edf,7145,7135,7145,7085,7145,True,True,False,True,0,9774,0,negative,,,0.11161869811765113,0.94999999999999996,E1_RF,20260922,True,nested,"[""PN12-3.edf"", ""PN12-4.edf""]"
PN12,PN12-1.2.edf,7150,7140,7150,7090,7150,True,True,False,True,0,9774,0,negative,,,0.20951224882690425,0.94999999999999996,E1_RF,20260922,True,nested,"[""PN12-3.edf"", ""PN12-4.edf""]"
PN12,PN12-1.2.edf,7155,7145,7155,7095,7155,True,True,False,True,0,9774,0,negative,,,0.19877466613350031,0.94999999999999996,E1_RF,20260922,True,nested,"[""PN12-3.edf"", ""PN12-4.edf""]"
PN12,PN12-1.2.edf,7160,7150,7160,7100,7160,True,True,False,True,0,9774,0,negative,,,0.3615935888375128,0.94999999999999996,E1_RF,20260922,True,nested,"[""PN12-3.edf"", ""PN12-4.edf""]"
PN12,PN12-1.2.edf,7165,7155,7165,7105,7165,True,True,False,True,0,9774,0,negative,,,0.33121963554581557,0.94999999999999996,E1_RF,20260922,True,nested,"[""PN12-3.edf"", ""PN12-4.edf""]"
PN12,PN12-1.2.edf,7170,7160,7170,7110,7170,True,True,False,True,0,9774,0,negative,,,0.33877237549014749,0.94999999999999996,E1_RF,20260922,True,nested,"[""PN12-3.edf"", ""PN12-4.edf""]"
PN12,PN12-1.2.edf,7175,7165,7175,7115,7175,True,True,False,True,0,9774,0,negative,,,0.3293739199574352,0.94999999999999996,E1_RF,20260922,True,nested,"[""PN12-3.edf"", ""PN12-4.edf""]"
PN12,PN12-1.2.edf,7180,7170,7180,7120,7180,True,True,False,True,0,9774,0,negative,,,0.063559384654866907,0.94999999999999996,E1_RF,20260922,True,nested,"[""PN12-3.edf"", ""PN12-4.edf""]"
PN12,PN12-1.2.edf,7185,7175,7185,7125,7185,True,True,False,True,0,9774,0,negative,,,0.035218868104740966,0.94999999999999996,E1_RF,20260922,True,nested,"[""PN12-3.edf"", ""PN12-4.edf""]"
PN12,PN12-1.2.edf,7190,7180,7190,7130,7190,True,True,False,True,0,9774,0,negative,,,0.0232143994603401,0.94999999999999996,E1_RF,20260922,True,nested,"[""PN12-3.edf"", ""PN12-4.edf""]"
PN12,PN12-1.2.edf,7195,7185,7195,7135,7195,True,True,False,True,0,9774,0,negative,,,0.12263795573771129,0.94999999999999996,E1_RF,20260922,True,nested,"[""PN12-3.edf"", ""PN12-4.edf""]"
PN12,PN12-1.2.edf,7200,7190,7200,7140,7200,True,True,False,True,0,9774,0,negative,,,0.020736963134511701,0.94999999999999996,E1_RF,20260922,True,nested,"[""PN12-3.edf"", ""PN12-4.edf""]"
PN12,PN12-1.2.edf,7205,7195,7205,7145,7205,True,True,False,True,0,9774,0,negative,,,0.22513222685475512,0.94999999999999996,E1_RF,20260922,True,nested,"[""PN12-3.edf"", ""PN12-4.edf""]"
PN12,PN12-1.2.edf,7210,7200,7210,7150,7210,True,True,False,True,0,9774,0,negative,,,0.16006252882207339,0.94999999999999996,E1_RF,20260922,True,nested,"[""PN12-3.edf"", ""PN12-4.edf""]"
PN12,PN12-1.2.edf,7215,7205,7215,7155,7215,True,True,False,True,0,9774,0,negative,,,0.003108108108108108,0.94999999999999996,E1_RF,20260922,True,nested,"[""PN12-3.edf"", ""PN12-4.edf""]"
PN12,PN12-1.2.edf,7220,7210,7220,7160,7220,True,True,False,True,0,9774,0,negative,,,0,0.94999999999999996,E1_RF,20260922,True,nested,"[""PN12-3.edf"", ""PN12-4.edf""]"
PN12,PN12-1.2.edf,7225,7215,7225,7165,7225,True,True,False,True,0,9774,0,negative,,,0.005978938319363851,0.94999999999999996,E1_RF,20260922,True,nested,"[""PN12-3.edf"", ""PN12-4.edf""]"
PN12,PN12-1.2.edf,7230,7220,7230,7170,7230,True,True,False,True,0,9774,0,negative,,,0.1113089470584166,0.94999999999999996,E1_RF,20260922,True,nested,"[""PN12-3.edf"", ""PN12-4.edf""]"
PN12,PN12-1.2.edf,7235,7225,7235,7175,7235,True,True,False,True,0,9774,0,negative,,,0.23063301655435012,0.94999999999999996,E1_RF,20260922,True,nested,"[""PN12-3.edf"", ""PN12-4.edf""]"
PN12,PN12-1.2.edf,7240,7230,7240,7180,7240,True,True,False,True,0,9774,0,negative,,,0.063558934735721384,0.94999999999999996,E1_RF,20260922,True,nested,"[""PN12-3.edf"", ""PN12-4.edf""]"
PN12,PN12-1.2.edf,7245,7235,7245,7185,7245,True,True,False,True,0,9774,0,negative,,,0.096773039170244879,0.94999999999999996,E1_RF,20260922,True,nested,"[""PN12-3.edf"", ""PN12-4.edf""]"
PN12,PN12-1.2.edf,7250,7240,7250,7190,7250,True,True,False,True,0,9774,0,negative,,,0.038706801279143978,0.94999999999999996,E1_RF,20260922,True,nested,"[""PN12-3.edf"", ""PN12-4.edf""]"
PN12,PN12-1.2.edf,7255,7245,7255,7195,7255,True,True,False,True,0,9774,0,negative,,,0.041326091016806954,0.94999999999999996,E1_RF,20260922,True,nested,"[""PN12-3.edf"", ""PN12-4.edf""]"
PN12,PN12-1.2.edf,7260,7250,7260,7200,7260,True,True,False,True,0,9774,0,negative,,,0.017688021511192243,0.94999999999999996,E1_RF,20260922,True,nested,"[""PN12-3.edf"", ""PN12-4.edf""]"
PN12,PN12-1.2.edf,7265,7255,7265,7205,7265,True,True,False,True,0,9774,0,negative,,,0.026385976751872157,0.94999999999999996,E1_RF,20260922,True,nested,"[""PN12-3.edf"", ""PN12-4.edf""]"
PN12,PN12-1.2.edf,7270,7260,7270,7210,7270,True,True,False,True,0,9774,0,negative,,,0.0093679379608441384,0.94999999999999996,E1_RF,20260922,True,nested,"[""PN12-3.edf"", ""PN12-4.edf""]"
PN12,PN12-1.2.edf,7275,7265,7275,7215,7275,True,True,False,True,0,9774,0,negative,,,0.0032017543859649122,0.94999999999999996,E1_RF,20260922,True,nested,"[""PN12-3.edf"", ""PN12-4.edf""]"
PN12,PN12-1.2.edf,7280,7270,7280,7220,7280,True,True,False,True,0,9774,0,negative,,,0,0.94999999999999996,E1_RF,20260922,True,nested,"[""PN12-3.edf"", ""PN12-4.edf""]"
PN12,PN12-1.2.edf,7285,7275,7285,7225,7285,True,True,False,True,0,9774,0,negative,,,0,0.94999999999999996,E1_RF,20260922,True,nested,"[""PN12-3.edf"", ""PN12-4.edf""]"
PN12,PN12-1.2.edf,7290,7280,7290,7230,7290,True,True,False,True,0,9774,0,negative,,,0,0.94999999999999996,E1_RF,20260922,True,nested,"[""PN12-3.edf"", ""PN12-4.edf""]"
PN12,PN12-1.2.edf,7295,7285,7295,7235,7295,True,True,False,True,0,9774,0,negative,,,0.024620255876121062,0.94999999999999996,E1_RF,20260922,True,nested,"[""PN12-3.edf"", ""PN12-4.edf""]"
PN12,PN12-1.2.edf,7300,7290,7300,7240,7300,True,True,False,True,0,9774,0,negative,,,0.005480829666876178,0.94999999999999996,E1_RF,20260922,True,nested,"[""PN12-3.edf"", ""PN12-4.edf""]"
PN12,PN12-1.2.edf,7305,7295,7305,7245,7305,True,True,False,True,0,9774,0,negative,,,0.020723028200716989,0.94999999999999996,E1_RF,20260922,True,nested,"[""PN12-3.edf"", ""PN12-4.edf""]"
PN12,PN12-1.2.edf,7310,7300,7310,7250,7310,True,True,False,True,0,9774,0,negative,,,0.0032017543859649122,0.94999999999999996,E1_RF,20260922,True,nested,"[""PN12-3.edf"", ""PN12-4.edf""]"
PN12,PN12-1.2.edf,7315,7305,7315,7255,7315,True,True,False,True,0,9774,0,negative,,,0.0061228716868527294,0.94999999999999996,E1_RF,20260922,True,nested,"[""PN12-3.edf"", ""PN12-4.edf""]"
PN12,PN12-1.2.edf,7320,7310,7320,7260,7320,True,True,False,True,0,9774,0,negative,,,0.029162632861362479,0.94999999999999996,E1_RF,20260922,True,nested,"[""PN12-3.edf"", ""PN12-4.edf""]"
PN12,PN12-1.2.edf,7325,7315,7325,7265,7325,True,True,False,True,0,9774,0,negative,,,0.0032017543859649122,0.94999999999999996,E1_RF,20260922,True,nested,"[""PN12-3.edf"", ""PN12-4.edf""]"
PN12,PN12-1.2.edf,7330,7320,7330,7270,7330,True,True,False,True,0,9774,0,negative,,,0,0.94999999999999996,E1_RF,20260922,True,nested,"[""PN12-3.edf"", ""PN12-4.edf""]"
PN12,PN12-1.2.edf,7335,7325,7335,7275,7335,True,True,False,True,0,9774,0,negative,,,0,0.94999999999999996,E1_RF,20260922,True,nested,"[""PN12-3.edf"", ""PN12-4.edf""]"
PN12,PN12-1.2.edf,7340,7330,7340,7280,7340,True,True,False,True,0,9774,0,negative,,,0.0093679379608441384,0.94999999999999996,E1_RF,20260922,True,nested,"[""PN12-3.edf"", ""PN12-4.edf""]"
PN12,PN12-1.2.edf,7345,7335,7345,7285,7345,True,True,False,True,0,9774,0,negative,,,0,0.94999999999999996,E1_RF,20260922,True,nested,"[""PN12-3.edf"", ""PN12-4.edf""]"
PN12,PN12-1.2.edf,7350,7340,7350,7290,7350,True,True,False,True,0,9774,0,negative,,,0,0.94999999999999996,E1_RF,20260922,True,nested,"[""PN12-3.edf"", ""PN12-4.edf""]"
PN12,PN12-1.2.edf,7355,7345,7355,7295,7355,True,True,False,True,0,9774,0,negative,,,0,0.94999999999999996,E1_RF,20260922,True,nested,"[""PN12-3.edf"", ""PN12-4.edf""]"
PN12,PN12-1.2.edf,7360,7350,7360,7300,7360,True,True,False,True,0,9774,0,negative,,,0.0059826839826839827,0.94999999999999996,E1_RF,20260922,True,nested,"[""PN12-3.edf"", ""PN12-4.edf""]"
PN12,PN12-1.2.edf,7365,7355,7365,7305,7365,True,True,False,True,0,9774,0,negative,,,0,0.94999999999999996,E1_RF,20260922,True,nested,"[""PN12-3.edf"", ""PN12-4.edf""]"
PN12,PN12-1.2.edf,7370,7360,7370,7310,7370,True,True,False,True,0,9774,0,negative,,,0,0.94999999999999996,E1_RF,20260922,True,nested,"[""PN12-3.edf"", ""PN12-4.edf""]"
PN12,PN12-1.2.edf,7375,7365,7375,7315,7375,True,True,False,True,0,9774,0,negative,,,0.0031560283687943262,0.94999999999999996,E1_RF,20260922,True,nested,"[""PN12-3.edf"", ""PN12-4.edf""]"
PN12,PN12-1.2.edf,7380,7370,7380,7320,7380,True,True,False,True,0,9774,0,negative,,,0.014644575787190096,0.94999999999999996,E1_RF,20260922,True,nested,"[""PN12-3.edf"", ""PN12-4.edf""]"
PN12,PN12-1.2.edf,7385,7375,7385,7325,7385,True,True,False,True,0,9774,0,negative,,,0.01155095920173059,0.94999999999999996,E1_RF,20260922,True,nested,"[""PN12-3.edf"", ""PN12-4.edf""]"
PN12,PN12-1.2.edf,7390,7380,7390,7330,7390,True,True,False,True,0,9774,0,negative,,,0.012201099671188874,0.94999999999999996,E1_RF,20260922,True,nested,"[""PN12-3.edf"", ""PN12-4.edf""]"
PN12,PN12-1.2.edf,7395,7385,7395,7335,7395,True,True,False,True,0,9774,0,negative,,,0.055792607754111878,0.94999999999999996,E1_RF,20260922,True,nested,"[""PN12-3.edf"", ""PN12-4.edf""]"
PN12,PN12-1.2.edf,7400,7390,7400,7340,7400,True,True,False,True,0,9774,0,negative,,,0.017993440326330271,0.94999999999999996,E1_RF,20260922,True,nested,"[""PN12-3.edf"", ""PN12-4.edf""]"
PN12,PN12-1.2.edf,7405,7395,7405,7345,7405,True,True,False,True,0,9774,0,negative,,,0.0063184079601990044,0.94999999999999996,E1_RF,20260922,True,nested,"[""PN12-3.edf"", ""PN12-4.edf""]"
PN12,PN12-1.2.edf,7410,7400,7410,7350,7410,True,True,False,True,0,9774,0,negative,,,0.0028888888888888892,0.94999999999999996,E1_RF,20260922,True,nested,"[""PN12-3.edf"", ""PN12-4.edf""]"
PN12,PN12-1.2.edf,7415,7405,7415,7355,7415,True,True,False,True,0,9774,0,negative,,,0,0.94999999999999996,E1_RF,20260922,True,nested,"[""PN12-3.edf"", ""PN12-4.edf""]"
PN12,PN12-1.2.edf,7420,7410,7420,7360,7420,True,True,False,True,0,9774,0,negative,,,0.026603365425442293,0.94999999999999996,E1_RF,20260922,True,nested,"[""PN12-3.edf"", ""PN12-4.edf""]"
PN12,PN12-1.2.edf,7425,7415,7425,7365,7425,True,True,False,True,0,9774,0,negative,,,0.011844466807232765,0.94999999999999996,E1_RF,20260922,True,nested,"[""PN12-3.edf"", ""PN12-4.edf""]"
PN12,PN12-1.2.edf,7430,7420,7430,7370,7430,True,True,False,True,0,9774,0,negative,,,0.008688438438438438,0.94999999999999996,E1_RF,20260922,True,nested,"[""PN12-3.edf"", ""PN12-4.edf""]"
PN12,PN12-1.2.edf,7435,7425,7435,7375,7435,True,True,False,True,0,9774,0,negative,,,0,0.94999999999999996,E1_RF,20260922,True,nested,"[""PN12-3.edf"", ""PN12-4.edf""]"
PN12,PN12-1.2.edf,7440,7430,7440,7380,7440,True,True,False,True,0,9774,0,negative,,,0,0.94999999999999996,E1_RF,20260922,True,nested,"[""PN12-3.edf"", ""PN12-4.edf""]"
PN12,PN12-1.2.edf,7445,7435,7445,7385,7445,True,True,False,True,0,9774,0,negative,,,0.01162456949356263,0.94999999999999996,E1_RF,20260922,True,nested,"[""PN12-3.edf"", ""PN12-4.edf""]"
PN12,PN12-1.2.edf,7450,7440,7450,7390,7450,True,True,False,True,0,9774,0,negative,,,0,0.94999999999999996,E1_RF,20260922,True,nested,"[""PN12-3.edf"", ""PN12-4.edf""]"
PN12,PN12-1.2.edf,7455,7445,7455,7395,7455,True,True,False,True,0,9774,0,negative,,,0.012580574047973067,0.94999999999999996,E1_RF,20260922,True,nested,"[""PN12-3.edf"", ""PN12-4.edf""]"
PN12,PN12-1.2.edf,7460,7450,7460,7400,7460,True,True,False,True,0,9774,0,negative,,,0,0.94999999999999996,E1_RF,20260922,True,nested,"[""PN12-3.edf"", ""PN12-4.edf""]"
PN12,PN12-1.2.edf,7465,7455,7465,7405,7465,True,True,False,True,0,9774,0,negative,,,0.012177625727497849,0.94999999999999996,E1_RF,20260922,True,nested,"[""PN12-3.edf"", ""PN12-4.edf""]"
PN12,PN12-1.2.edf,7470,7460,7470,7410,7470,True,True,False,True,0,9774,0,negative,,,0.02182427600514061,0.94999999999999996,E1_RF,20260922,True,nested,"[""PN12-3.edf"", ""PN12-4.edf""]"
PN12,PN12-1.2.edf,7475,7465,7475,7415,7475,True,True,False,True,0,9774,0,negative,,,0.0059826839826839827,0.94999999999999996,E1_RF,20260922,True,nested,"[""PN12-3.edf"", ""PN12-4.edf""]"
PN12,PN12-1.2.edf,7480,7470,7480,7420,7480,True,True,False,True,0,9774,0,negative,,,0.0032017543859649122,0.94999999999999996,E1_RF,20260922,True,nested,"[""PN12-3.edf"", ""PN12-4.edf""]"
PN12,PN12-1.2.edf,7485,7475,7485,7425,7485,True,True,False,True,0,9774,0,negative,,,0.048099957528847527,0.94999999999999996,E1_RF,20260922,True,nested,"[""PN12-3.edf"", ""PN12-4.edf""]"
PN12,PN12-1.2.edf,7490,7480,7490,7430,7490,True,True,False,True,0,9774,0,negative,,,0.0030303030303030303,0.94999999999999996,E1_RF,20260922,True,nested,"[""PN12-3.edf"", ""PN12-4.edf""]"
PN12,PN12-1.2.edf,7495,7485,7495,7435,7495,True,True,False,True,0,9774,0,negative,,,0.0059826839826839827,0.94999999999999996,E1_RF,20260922,True,nested,"[""PN12-3.edf"", ""PN12-4.edf""]"
PN12,PN12-1.2.edf,7500,7490,7500,7440,7500,True,True,False,True,0,9774,0,negative,,,0.0032017543859649122,0.94999999999999996,E1_RF,20260922,True,nested,"[""PN12-3.edf"", ""PN12-4.edf""]"
PN12,PN12-1.2.edf,7505,7495,7505,7445,7505,True,True,False,True,0,9774,0,negative,,,0,0.94999999999999996,E1_RF,20260922,True,nested,"[""PN12-3.edf"", ""PN12-4.edf""]"
PN12,PN12-1.2.edf,7510,7500,7510,7450,7510,True,True,False,True,0,9774,0,negative,,,0,0.94999999999999996,E1_RF,20260922,True,nested,"[""PN12-3.edf"", ""PN12-4.edf""]"
PN12,PN12-1.2.edf,7515,7505,7515,7455,7515,True,True,False,True,0,9774,0,negative,,,0,0.94999999999999996,E1_RF,20260922,True,nested,"[""PN12-3.edf"", ""PN12-4.edf""]"
PN12,PN12-1.2.edf,7520,7510,7520,7460,7520,True,True,False,True,0,9774,0,negative,,,0,0.94999999999999996,E1_RF,20260922,True,nested,"[""PN12-3.edf"", ""PN12-4.edf""]"
PN12,PN12-1.2.edf,7525,7515,7525,7465,7525,True,True,False,True,0,9774,0,negative,,,0,0.94999999999999996,E1_RF,20260922,True,nested,"[""PN12-3.edf"", ""PN12-4.edf""]"
PN12,PN12-1.2.edf,7530,7520,7530,7470,7530,True,True,False,True,0,9774,0,negative,,,0,0.94999999999999996,E1_RF,20260922,True,nested,"[""PN12-3.edf"", ""PN12-4.edf""]"
PN12,PN12-1.2.edf,7535,7525,7535,7475,7535,True,True,False,True,0,9774,0,negative,,,0,0.94999999999999996,E1_RF,20260922,True,nested,"[""PN12-3.edf"", ""PN12-4.edf""]"
PN12,PN12-1.2.edf,7540,7530,7540,7480,7540,True,True,False,True,0,9774,0,negative,,,0,0.94999999999999996,E1_RF,20260922,True,nested,"[""PN12-3.edf"", ""PN12-4.edf""]"
PN12,PN12-1.2.edf,7545,7535,7545,7485,7545,True,True,False,True,0,9774,0,negative,,,0,0.94999999999999996,E1_RF,20260922,True,nested,"[""PN12-3.edf"", ""PN12-4.edf""]"
PN12,PN12-1.2.edf,7550,7540,7550,7490,7550,True,True,False,True,0,9774,0,negative,,,0.0062376793830754302,0.94999999999999996,E1_RF,20260922,True,nested,"[""PN12-3.edf"", ""PN12-4.edf""]"
PN12,PN12-1.2.edf,7555,7545,7555,7495,7555,True,True,False,True,0,9774,0,negative,,,0,0.94999999999999996,E1_RF,20260922,True,nested,"[""PN12-3.edf"", ""PN12-4.edf""]"
PN12,PN12-1.2.edf,7560,7550,7560,7500,7560,True,True,False,True,0,9774,0,negative,,,0,0.94999999999999996,E1_RF,20260922,True,nested,"[""PN12-3.edf"", ""PN12-4.edf""]"
PN12,PN12-1.2.edf,7565,7555,7565,7505,7565,True,True,False,True,0,9774,0,negative,,,0.0030303030303030303,0.94999999999999996,E1_RF,20260922,True,nested,"[""PN12-3.edf"", ""PN12-4.edf""]"
PN12,PN12-1.2.edf,7570,7560,7570,7510,7570,True,True,False,True,0,9774,0,negative,,,0.0096525011511523397,0.94999999999999996,E1_RF,20260922,True,nested,"[""PN12-3.edf"", ""PN12-4.edf""]"
PN12,PN12-1.2.edf,7575,7565,7575,7515,7575,True,True,False,True,0,9774,0,negative,,,0.018984656472143924,0.94999999999999996,E1_RF,20260922,True,nested,"[""PN12-3.edf"", ""PN12-4.edf""]"
PN12,PN12-1.2.edf,7580,7570,7580,7520,7580,True,True,False,True,0,9774,0,negative,,,0,0.94999999999999996,E1_RF,20260922,True,nested,"[""PN12-3.edf"", ""PN12-4.edf""]"
PN12,PN12-1.2.edf,7585,7575,7585,7525,7585,True,True,False,True,0,9774,0,negative,,,0.0032432432432432435,0.94999999999999996,E1_RF,20260922,True,nested,"[""PN12-3.edf"", ""PN12-4.edf""]"
PN12,PN12-1.2.edf,7590,7580,7590,7530,7590,True,True,False,True,0,9774,0,negative,,,0,0.94999999999999996,E1_RF,20260922,True,nested,"[""PN12-3.edf"", ""PN12-4.edf""]"
PN12,PN12-1.2.edf,7595,7585,7595,7535,7595,True,True,False,True,0,9774,0,negative,,,0.0030370370370370369,0.94999999999999996,E1_RF,20260922,True,nested,"[""PN12-3.edf"", ""PN12-4.edf""]"
PN12,PN12-1.2.edf,7600,7590,7600,7540,7600,True,True,False,True,0,9774,0,negative,,,0,0.94999999999999996,E1_RF,20260922,True,nested,"[""PN12-3.edf"", ""PN12-4.edf""]"
PN12,PN12-1.2.edf,7605,7595,7605,7545,7605,True,True,False,True,0,9774,0,negative,,,0,0.94999999999999996,E1_RF,20260922,True,nested,"[""PN12-3.edf"", ""PN12-4.edf""]"
PN12,PN12-1.2.edf,7610,7600,7610,7550,7610,True,True,False,True,0,9774,0,negative,,,0,0.94999999999999996,E1_RF,20260922,True,nested,"[""PN12-3.edf"", ""PN12-4.edf""]"
PN12,PN12-1.2.edf,7615,7605,7615,7555,7615,True,True,False,True,0,9774,0,negative,,,0.0096432716090199336,0.94999999999999996,E1_RF,20260922,True,nested,"[""PN12-3.edf"", ""PN12-4.edf""]"
PN12,PN12-1.2.edf,7620,7610,7620,7560,7620,True,True,False,True,0,9774,0,negative,,,0,0.94999999999999996,E1_RF,20260922,True,nested,"[""PN12-3.edf"", ""PN12-4.edf""]"
PN12,PN12-1.2.edf,7625,7615,7625,7565,7625,True,True,False,True,0,9774,0,negative,,,0,0.94999999999999996,E1_RF,20260922,True,nested,"[""PN12-3.edf"", ""PN12-4.edf""]"
PN12,PN12-1.2.edf,7630,7620,7630,7570,7630,True,True,False,True,0,9774,0,negative,,,0.0029411764705882353,0.94999999999999996,E1_RF,20260922,True,nested,"[""PN12-3.edf"", ""PN12-4.edf""]"
PN12,PN12-1.2.edf,7635,7625,7635,7575,7635,True,True,False,True,0,9774,0,negative,,,0,0.94999999999999996,E1_RF,20260922,True,nested,"[""PN12-3.edf"", ""PN12-4.edf""]"
PN12,PN12-1.2.edf,7640,7630,7640,7580,7640,True,True,False,True,0,9774,0,negative,,,0,0.94999999999999996,E1_RF,20260922,True,nested,"[""PN12-3.edf"", ""PN12-4.edf""]"
PN12,PN12-1.2.edf,7645,7635,7645,7585,7645,True,True,False,True,0,9774,0,negative,,,0.0063708474043823139,0.94999999999999996,E1_RF,20260922,True,nested,"[""PN12-3.edf"", ""PN12-4.edf""]"
PN12,PN12-1.2.edf,7650,7640,7650,7590,7650,True,True,False,True,0,9774,0,negative,,,0.044549696423377264,0.94999999999999996,E1_RF,20260922,True,nested,"[""PN12-3.edf"", ""PN12-4.edf""]"
PN12,PN12-1.2.edf,7655,7645,7655,7595,7655,True,True,False,True,0,9774,0,negative,,,0.027945586502747255,0.94999999999999996,E1_RF,20260922,True,nested,"[""PN12-3.edf"", ""PN12-4.edf""]"
PN12,PN12-1.2.edf,7660,7650,7660,7600,7660,True,True,False,True,0,9774,0,negative,,,0,0.94999999999999996,E1_RF,20260922,True,nested,"[""PN12-3.edf"", ""PN12-4.edf""]"
PN12,PN12-1.2.edf,7665,7655,7665,7605,7665,True,True,False,True,0,9774,0,negative,,,0,0.94999999999999996,E1_RF,20260922,True,nested,"[""PN12-3.edf"", ""PN12-4.edf""]"
PN12,PN12-1.2.edf,7670,7660,7670,7610,7670,True,True,False,True,0,9774,0,negative,,,0,0.94999999999999996,E1_RF,20260922,True,nested,"[""PN12-3.edf"", ""PN12-4.edf""]"
PN12,PN12-1.2.edf,7675,7665,7675,7615,7675,True,True,False,True,0,9774,0,negative,,,0,0.94999999999999996,E1_RF,20260922,True,nested,"[""PN12-3.edf"", ""PN12-4.edf""]"
PN12,PN12-1.2.edf,7680,7670,7680,7620,7680,True,True,False,True,0,9774,0,negative,,,0,0.94999999999999996,E1_RF,20260922,True,nested,"[""PN12-3.edf"", ""PN12-4.edf""]"
PN12,PN12-1.2.edf,7685,7675,7685,7625,7685,True,True,False,True,0,9774,0,negative,,,0.00319327731092437,0.94999999999999996,E1_RF,20260922,True,nested,"[""PN12-3.edf"", ""PN12-4.edf""]"
PN12,PN12-1.2.edf,7690,7680,7690,7630,7690,True,True,False,True,0,9774,0,negative,,,0.012145595756108083,0.94999999999999996,E1_RF,20260922,True,nested,"[""PN12-3.edf"", ""PN12-4.edf""]"
PN12,PN12-1.2.edf,7695,7685,7695,7635,7695,True,True,False,True,0,9774,0,negative,,,0,0.94999999999999996,E1_RF,20260922,True,nested,"[""PN12-3.edf"", ""PN12-4.edf""]"
PN12,PN12-1.2.edf,7700,7690,7700,7640,7700,True,True,False,True,0,9774,0,negative,,,0,0.94999999999999996,E1_RF,20260922,True,nested,"[""PN12-3.edf"", ""PN12-4.edf""]"
PN12,PN12-1.2.edf,7705,7695,7705,7645,7705,True,True,False,True,0,9774,0,negative,,,0.0095193331298454569,0.94999999999999996,E1_RF,20260922,True,nested,"[""PN12-3.edf"", ""PN12-4.edf""]"
PN12,PN12-1.2.edf,7710,7700,7710,7650,7710,True,True,False,True,0,9774,0,negative,,,0.0094004003108162041,0.94999999999999996,E1_RF,20260922,True,nested,"[""PN12-3.edf"", ""PN12-4.edf""]"
PN12,PN12-1.2.edf,7715,7705,7715,7655,7715,True,True,False,True,0,9774,0,negative,,,0,0.94999999999999996,E1_RF,20260922,True,nested,"[""PN12-3.edf"", ""PN12-4.edf""]"
PN12,PN12-1.2.edf,7720,7710,7720,7660,7720,True,True,False,True,0,9774,0,negative,,,0,0.94999999999999996,E1_RF,20260922,True,nested,"[""PN12-3.edf"", ""PN12-4.edf""]"
PN12,PN12-1.2.edf,7725,7715,7725,7665,7725,True,True,False,True,0,9774,0,negative,,,0.0030303030303030303,0.94999999999999996,E1_RF,20260922,True,nested,"[""PN12-3.edf"", ""PN12-4.edf""]"
PN12,PN12-1.2.edf,7730,7720,7730,7670,7730,True,True,False,True,0,9774,0,negative,,,0,0.94999999999999996,E1_RF,20260922,True,nested,"[""PN12-3.edf"", ""PN12-4.edf""]"
PN12,PN12-1.2.edf,7735,7725,7735,7675,7735,True,True,False,True,0,9774,0,negative,,,0,0.94999999999999996,E1_RF,20260922,True,nested,"[""PN12-3.edf"", ""PN12-4.edf""]"
PN12,PN12-1.2.edf,7740,7730,7740,7680,7740,True,True,False,True,0,9774,0,negative,,,0,0.94999999999999996,E1_RF,20260922,True,nested,"[""PN12-3.edf"", ""PN12-4.edf""]"
PN12,PN12-1.2.edf,7745,7735,7745,7685,7745,True,True,False,True,0,9774,0,negative,,,0.030876126511210692,0.94999999999999996,E1_RF,20260922,True,nested,"[""PN12-3.edf"", ""PN12-4.edf""]"
PN12,PN12-1.2.edf,7750,7740,7750,7690,7750,True,True,False,True,0,9774,0,negative,,,0,0.94999999999999996,E1_RF,20260922,True,nested,"[""PN12-3.edf"", ""PN12-4.edf""]"
PN12,PN12-1.2.edf,7755,7745,7755,7695,7755,True,True,False,True,0,9774,0,negative,,,0,0.94999999999999996,E1_RF,20260922,True,nested,"[""PN12-3.edf"", ""PN12-4.edf""]"
PN12,PN12-1.2.edf,7760,7750,7760,7700,7760,True,True,False,True,0,9774,0,negative,,,0,0.94999999999999996,E1_RF,20260922,True,nested,"[""PN12-3.edf"", ""PN12-4.edf""]"
PN12,PN12-1.2.edf,7765,7755,7765,7705,7765,True,True,False,True,0,9774,0,negative,,,0.0087478632478632471,0.94999999999999996,E1_RF,20260922,True,nested,"[""PN12-3.edf"", ""PN12-4.edf""]"
PN12,PN12-1.2.edf,7770,7760,7770,7710,7770,True,True,False,True,0,9774,0,negative,,,0.091368145177031623,0.94999999999999996,E1_RF,20260922,True,nested,"[""PN12-3.edf"", ""PN12-4.edf""]"
PN12,PN12-1.2.edf,7775,7765,7775,7715,7775,True,True,False,True,0,9774,0,negative,,,0.020387373831604116,0.94999999999999996,E1_RF,20260922,True,nested,"[""PN12-3.edf"", ""PN12-4.edf""]"
PN12,PN12-1.2.edf,7780,7770,7780,7720,7780,True,True,False,True,0,9774,0,negative,,,0.020615880513429077,0.94999999999999996,E1_RF,20260922,True,nested,"[""PN12-3.edf"", ""PN12-4.edf""]"
PN12,PN12-1.2.edf,7785,7775,7785,7725,7785,True,True,False,True,0,9774,0,negative,,,0.18641127601363294,0.94999999999999996,E1_RF,20260922,True,nested,"[""PN12-3.edf"", ""PN12-4.edf""]"
PN12,PN12-1.2.edf,7790,7780,7790,7730,7790,True,True,False,True,0,9774,0,negative,,,0.058234104800348012,0.94999999999999996,E1_RF,20260922,True,nested,"[""PN12-3.edf"", ""PN12-4.edf""]"
PN12,PN12-1.2.edf,7795,7785,7795,7735,7795,True,True,False,True,0,9774,0,negative,,,0.014726991624540192,0.94999999999999996,E1_RF,20260922,True,nested,"[""PN12-3.edf"", ""PN12-4.edf""]"
PN12,PN12-1.2.edf,7800,7790,7800,7740,7800,True,True,False,True,0,9774,0,negative,,,0.04499317709572042,0.94999999999999996,E1_RF,20260922,True,nested,"[""PN12-3.edf"", ""PN12-4.edf""]"
PN12,PN12-1.2.edf,7805,7795,7805,7745,7805,True,True,False,True,0,9774,0,negative,,,0.034941391192451633,0.94999999999999996,E1_RF,20260922,True,nested,"[""PN12-3.edf"", ""PN12-4.edf""]"
PN12,PN12-1.2.edf,7810,7800,7810,7750,7810,True,True,False,True,0,9774,0,negative,,,0,0.94999999999999996,E1_RF,20260922,True,nested,"[""PN12-3.edf"", ""PN12-4.edf""]"
PN12,PN12-1.2.edf,7815,7805,7815,7755,7815,True,True,False,True,0,9774,0,negative,,,0.0083606832444041729,0.94999999999999996,E1_RF,20260922,True,nested,"[""PN12-3.edf"", ""PN12-4.edf""]"
PN12,PN12-1.2.edf,7820,7810,7820,7760,7820,True,True,False,True,0,9774,0,negative,,,0.055221258203692378,0.94999999999999996,E1_RF,20260922,True,nested,"[""PN12-3.edf"", ""PN12-4.edf""]"
PN12,PN12-1.2.edf,7825,7815,7825,7765,7825,True,True,False,True,0,9774,0,negative,,,0.021722244630649805,0.94999999999999996,E1_RF,20260922,True,nested,"[""PN12-3.edf"", ""PN12-4.edf""]"
PN12,PN12-1.2.edf,7830,7820,7830,7770,7830,True,True,False,True,0,9774,0,negative,,,0.038331545817386528,0.94999999999999996,E1_RF,20260922,True,nested,"[""PN12-3.edf"", ""PN12-4.edf""]"
PN12,PN12-1.2.edf,7835,7825,7835,7775,7835,True,True,False,True,0,9774,0,negative,,,0.0058538973756365057,0.94999999999999996,E1_RF,20260922,True,nested,"[""PN12-3.edf"", ""PN12-4.edf""]"
PN12,PN12-1.2.edf,7840,7830,7840,7780,7840,True,True,False,True,0,9774,0,negative,,,0.015973728672831519,0.94999999999999996,E1_RF,20260922,True,nested,"[""PN12-3.edf"", ""PN12-4.edf""]"
PN12,PN12-1.2.edf,7845,7835,7845,7785,7845,True,True,False,True,0,9774,0,negative,,,0.23424484578005045,0.94999999999999996,E1_RF,20260922,True,nested,"[""PN12-3.edf"", ""PN12-4.edf""]"
PN12,PN12-1.2.edf,7850,7840,7850,7790,7850,True,True,False,True,0,9774,0,negative,,,0.021839572026194194,0.94999999999999996,E1_RF,20260922,True,nested,"[""PN12-3.edf"", ""PN12-4.edf""]"
PN12,PN12-1.2.edf,7855,7845,7855,7795,7855,True,True,False,True,0,9774,0,negative,,,0.0028888888888888892,0.94999999999999996,E1_RF,20260922,True,nested,"[""PN12-3.edf"", ""PN12-4.edf""]"
PN12,PN12-1.2.edf,7860,7850,7860,7800,7860,True,True,False,True,0,9774,0,negative,,,0.0057717717717717717,0.94999999999999996,E1_RF,20260922,True,nested,"[""PN12-3.edf"", ""PN12-4.edf""]"
PN12,PN12-1.2.edf,7865,7855,7865,7805,7865,True,True,False,True,0,9774,0,negative,,,0.0028888888888888892,0.94999999999999996,E1_RF,20260922,True,nested,"[""PN12-3.edf"", ""PN12-4.edf""]"
PN12,PN12-1.2.edf,7870,7860,7870,7810,7870,True,True,False,True,0,9774,0,negative,,,0.026776176117140497,0.94999999999999996,E1_RF,20260922,True,nested,"[""PN12-3.edf"", ""PN12-4.edf""]"
PN12,PN12-1.2.edf,7875,7865,7875,7815,7875,True,True,False,True,0,9774,0,negative,,,0.047629617716231934,0.94999999999999996,E1_RF,20260922,True,nested,"[""PN12-3.edf"", ""PN12-4.edf""]"
PN12,PN12-1.2.edf,7880,7870,7880,7820,7880,True,True,False,True,0,9774,0,negative,,,0.026068118895515812,0.94999999999999996,E1_RF,20260922,True,nested,"[""PN12-3.edf"", ""PN12-4.edf""]"
PN12,PN12-1.2.edf,7885,7875,7885,7825,7885,True,True,False,True,0,9774,0,negative,,,0,0.94999999999999996,E1_RF,20260922,True,nested,"[""PN12-3.edf"", ""PN12-4.edf""]"
PN12,PN12-1.2.edf,7890,7880,7890,7830,7890,True,True,False,True,0,9774,0,negative,,,0.0028888888888888892,0.94999999999999996,E1_RF,20260922,True,nested,"[""PN12-3.edf"", ""PN12-4.edf""]"
PN12,PN12-1.2.edf,7895,7885,7895,7835,7895,True,True,False,True,0,9774,0,negative,,,0.017527458670072982,0.94999999999999996,E1_RF,20260922,True,nested,"[""PN12-3.edf"", ""PN12-4.edf""]"
PN12,PN12-1.2.edf,7900,7890,7900,7840,7900,True,True,False,True,0,9774,0,negative,,,0.005830065359477124,0.94999999999999996,E1_RF,20260922,True,nested,"[""PN12-3.edf"", ""PN12-4.edf""]"
PN12,PN12-1.2.edf,7905,7895,7905,7845,7905,True,True,False,True,0,9774,0,negative,,,0.071919279731044519,0.94999999999999996,E1_RF,20260922,True,nested,"[""PN12-3.edf"", ""PN12-4.edf""]"
PN12,PN12-1.2.edf,7910,7900,7910,7850,7910,True,True,False,True,0,9774,0,negative,,,0.01434621578099839,0.94999999999999996,E1_RF,20260922,True,nested,"[""PN12-3.edf"", ""PN12-4.edf""]"
PN12,PN12-1.2.edf,7915,7905,7915,7855,7915,True,True,False,True,0,9774,0,negative,,,0.012075036075036075,0.94999999999999996,E1_RF,20260922,True,nested,"[""PN12-3.edf"", ""PN12-4.edf""]"
PN12,PN12-1.2.edf,7920,7910,7920,7860,7920,True,True,False,True,0,9774,0,negative,,,0.023226437585748497,0.94999999999999996,E1_RF,20260922,True,nested,"[""PN12-3.edf"", ""PN12-4.edf""]"
PN12,PN12-1.2.edf,7925,7915,7925,7865,7925,True,True,False,True,0,9774,0,negative,,,0.0032017543859649122,0.94999999999999996,E1_RF,20260922,True,nested,"[""PN12-3.edf"", ""PN12-4.edf""]"
PN12,PN12-1.2.edf,7930,7920,7930,7870,7930,True,True,False,True,0,9774,0,negative,,,0,0.94999999999999996,E1_RF,20260922,True,nested,"[""PN12-3.edf"", ""PN12-4.edf""]"
PN12,PN12-1.2.edf,7935,7925,7935,7875,7935,True,True,False,True,0,9774,0,negative,,,0.0032017543859649122,0.94999999999999996,E1_RF,20260922,True,nested,"[""PN12-3.edf"", ""PN12-4.edf""]"
PN12,PN12-1.2.edf,7940,7930,7940,7880,7940,True,True,False,True,0,9774,0,negative,,,0.0029292929292929291,0.94999999999999996,E1_RF,20260922,True,nested,"[""PN12-3.edf"", ""PN12-4.edf""]"
PN12,PN12-1.2.edf,7945,7935,7945,7885,7945,True,True,False,True,0,9774,0,negative,,,0.0029292929292929291,0.94999999999999996,E1_RF,20260922,True,nested,"[""PN12-3.edf"", ""PN12-4.edf""]"
PN12,PN12-1.2.edf,7950,7940,7950,7890,7950,True,True,False,True,0,9774,0,negative,,,0,0.94999999999999996,E1_RF,20260922,True,nested,"[""PN12-3.edf"", ""PN12-4.edf""]"
PN12,PN12-1.2.edf,7955,7945,7955,7895,7955,True,True,False,True,0,9774,0,negative,,,0.0063485166317051242,0.94999999999999996,E1_RF,20260922,True,nested,"[""PN12-3.edf"", ""PN12-4.edf""]"
PN12,PN12-1.2.edf,7960,7950,7960,7900,7960,True,True,False,True,0,9774,0,negative,,,0.029635762364573499,0.94999999999999996,E1_RF,20260922,True,nested,"[""PN12-3.edf"", ""PN12-4.edf""]"
PN12,PN12-1.2.edf,7965,7955,7965,7905,7965,True,True,False,True,0,9774,0,negative,,,0.038481960235979523,0.94999999999999996,E1_RF,20260922,True,nested,"[""PN12-3.edf"", ""PN12-4.edf""]"
PN12,PN12-1.2.edf,7970,7960,7970,7910,7970,True,True,False,True,0,9774,0,negative,,,0.01251470020658435,0.94999999999999996,E1_RF,20260922,True,nested,"[""PN12-3.edf"", ""PN12-4.edf""]"
PN12,PN12-1.2.edf,7975,7965,7975,7915,7975,True,True,False,True,0,9774,0,negative,,,0.01251470020658435,0.94999999999999996,E1_RF,20260922,True,nested,"[""PN12-3.edf"", ""PN12-4.edf""]"
PN12,PN12-1.2.edf,7980,7970,7980,7920,7980,True,True,False,True,0,9774,0,negative,,,0,0.94999999999999996,E1_RF,20260922,True,nested,"[""PN12-3.edf"", ""PN12-4.edf""]"
PN12,PN12-1.2.edf,7985,7975,7985,7925,7985,True,True,False,True,0,9774,0,negative,,,0.01251470020658435,0.94999999999999996,E1_RF,20260922,True,nested,"[""PN12-3.edf"", ""PN12-4.edf""]"
PN12,PN12-1.2.edf,7990,7980,7990,7930,7990,True,True,False,True,0,9774,0,negative,,,0,0.94999999999999996,E1_RF,20260922,True,nested,"[""PN12-3.edf"", ""PN12-4.edf""]"
PN12,PN12-1.2.edf,7995,7985,7995,7935,7995,True,True,False,True,0,9774,0,negative,,,0,0.94999999999999996,E1_RF,20260922,True,nested,"[""PN12-3.edf"", ""PN12-4.edf""]"
PN12,PN12-1.2.edf,8000,7990,8000,7940,8000,True,True,False,True,0,9774,0,negative,,,0.0031501831501831502,0.94999999999999996,E1_RF,20260922,True,nested,"[""PN12-3.edf"", ""PN12-4.edf""]"
PN12,PN12-1.2.edf,8005,7995,8005,7945,8005,True,True,False,True,0,9774,0,negative,,,0.059498213713173057,0.94999999999999996,E1_RF,20260922,True,nested,"[""PN12-3.edf"", ""PN12-4.edf""]"
PN12,PN12-1.2.edf,8010,8000,8010,7950,8010,True,True,False,True,0,9774,0,negative,,,0.029835631588790979,0.94999999999999996,E1_RF,20260922,True,nested,"[""PN12-3.edf"", ""PN12-4.edf""]"
PN12,PN12-1.2.edf,8015,8005,8015,7955,8015,True,True,False,True,0,9774,0,negative,,,0.0031152647975077881,0.94999999999999996,E1_RF,20260922,True,nested,"[""PN12-3.edf"", ""PN12-4.edf""]"
PN12,PN12-1.2.edf,8020,8010,8020,7960,8020,True,True,False,True,0,9774,0,negative,,,0,0.94999999999999996,E1_RF,20260922,True,nested,"[""PN12-3.edf"", ""PN12-4.edf""]"
PN12,PN12-1.2.edf,8025,8015,8025,7965,8025,True,True,False,True,0,9774,0,negative,,,0.038565293569312854,0.94999999999999996,E1_RF,20260922,True,nested,"[""PN12-3.edf"", ""PN12-4.edf""]"
PN12,PN12-1.2.edf,8030,8020,8030,7970,8030,True,True,False,True,0,9774,0,negative,,,0,0.94999999999999996,E1_RF,20260922,True,nested,"[""PN12-3.edf"", ""PN12-4.edf""]"
PN12,PN12-1.2.edf,8035,8025,8035,7975,8035,True,True,False,True,0,9774,0,negative,,,0,0.94999999999999996,E1_RF,20260922,True,nested,"[""PN12-3.edf"", ""PN12-4.edf""]"
PN12,PN12-1.2.edf,8040,8030,8040,7980,8040,True,True,False,True,0,9774,0,negative,,,0,0.94999999999999996,E1_RF,20260922,True,nested,"[""PN12-3.edf"", ""PN12-4.edf""]"
PN12,PN12-1.2.edf,8045,8035,8045,7985,8045,True,True,False,True,0,9774,0,negative,,,0,0.94999999999999996,E1_RF,20260922,True,nested,"[""PN12-3.edf"", ""PN12-4.edf""]"
PN12,PN12-1.2.edf,8050,8040,8050,7990,8050,True,True,False,True,0,9774,0,negative,,,0.030067309478651414,0.94999999999999996,E1_RF,20260922,True,nested,"[""PN12-3.edf"", ""PN12-4.edf""]"
PN12,PN12-1.2.edf,8055,8045,8055,7995,8055,True,True,False,True,0,9774,0,negative,,,0.03277865965364668,0.94999999999999996,E1_RF,20260922,True,nested,"[""PN12-3.edf"", ""PN12-4.edf""]"
PN12,PN12-1.2.edf,8060,8050,8060,8000,8060,True,True,False,True,0,9774,0,negative,,,0.015223033539917684,0.94999999999999996,E1_RF,20260922,True,nested,"[""PN12-3.edf"", ""PN12-4.edf""]"
PN12,PN12-1.2.edf,8065,8055,8065,8005,8065,True,True,False,True,0,9774,0,negative,,,0.048086359678264877,0.94999999999999996,E1_RF,20260922,True,nested,"[""PN12-3.edf"", ""PN12-4.edf""]"
PN12,PN12-1.2.edf,8070,8060,8070,8010,8070,True,True,False,True,0,9774,0,negative,,,0.057796381217996427,0.94999999999999996,E1_RF,20260922,True,nested,"[""PN12-3.edf"", ""PN12-4.edf""]"
PN12,PN12-1.2.edf,8075,8065,8075,8015,8075,True,True,False,True,0,9774,0,negative,,,0.043986553215677106,0.94999999999999996,E1_RF,20260922,True,nested,"[""PN12-3.edf"", ""PN12-4.edf""]"
PN12,PN12-1.2.edf,8080,8070,8080,8020,8080,True,True,False,True,0,9774,0,negative,,,0.0028888888888888892,0.94999999999999996,E1_RF,20260922,True,nested,"[""PN12-3.edf"", ""PN12-4.edf""]"
PN12,PN12-1.2.edf,8085,8075,8085,8025,8085,True,True,False,True,0,9774,0,negative,,,0.005805555555555556,0.94999999999999996,E1_RF,20260922,True,nested,"[""PN12-3.edf"", ""PN12-4.edf""]"
PN12,PN12-1.2.edf,8090,8080,8090,8030,8090,True,True,False,True,0,9774,0,negative,,,0.041562913232012361,0.94999999999999996,E1_RF,20260922,True,nested,"[""PN12-3.edf"", ""PN12-4.edf""]"
PN12,PN12-1.2.edf,8095,8085,8095,8035,8095,True,True,False,True,0,9774,0,negative,,,0.025983053973244855,0.94999999999999996,E1_RF,20260922,True,nested,"[""PN12-3.edf"", ""PN12-4.edf""]"
PN12,PN12-1.2.edf,8100,8090,8100,8040,8100,True,True,False,True,0,9774,0,negative,,,0.069741097789809803,0.94999999999999996,E1_RF,20260922,True,nested,"[""PN12-3.edf"", ""PN12-4.edf""]"
PN12,PN12-1.2.edf,8105,8095,8105,8045,8105,True,True,False,True,0,9774,0,negative,,,0.055407876115342203,0.94999999999999996,E1_RF,20260922,True,nested,"[""PN12-3.edf"", ""PN12-4.edf""]"
PN12,PN12-1.2.edf,8110,8100,8110,8050,8110,True,True,False,True,0,9774,0,negative,,,0.026823084941826399,0.94999999999999996,E1_RF,20260922,True,nested,"[""PN12-3.edf"", ""PN12-4.edf""]"
PN12,PN12-1.2.edf,8115,8105,8115,8055,8115,True,True,False,True,0,9774,0,negative,,,0.64559809633785292,0.94999999999999996,E1_RF,20260922,True,nested,"[""PN12-3.edf"", ""PN12-4.edf""]"
PN12,PN12-1.2.edf,8120,8110,8120,8060,8120,True,True,False,True,0,9774,0,negative,,,0.4359727761489568,0.94999999999999996,E1_RF,20260922,True,nested,"[""PN12-3.edf"", ""PN12-4.edf""]"
PN12,PN12-1.2.edf,8125,8115,8125,8065,8125,True,True,False,True,0,9774,0,negative,,,0,0.94999999999999996,E1_RF,20260922,True,nested,"[""PN12-3.edf"", ""PN12-4.edf""]"
PN12,PN12-1.2.edf,8130,8120,8130,8070,8130,True,True,False,True,0,9774,0,negative,,,0.011678375905509429,0.94999999999999996,E1_RF,20260922,True,nested,"[""PN12-3.edf"", ""PN12-4.edf""]"
PN12,PN12-1.2.edf,8135,8125,8135,8075,8135,True,True,False,True,0,9774,0,negative,,,0,0.94999999999999996,E1_RF,20260922,True,nested,"[""PN12-3.edf"", ""PN12-4.edf""]"
PN12,PN12-1.2.edf,8140,8130,8140,8080,8140,True,True,False,True,0,9774,0,negative,,,0,0.94999999999999996,E1_RF,20260922,True,nested,"[""PN12-3.edf"", ""PN12-4.edf""]"
PN12,PN12-1.2.edf,8145,8135,8145,8085,8145,True,True,False,True,0,9774,0,negative,,,0,0.94999999999999996,E1_RF,20260922,True,nested,"[""PN12-3.edf"", ""PN12-4.edf""]"
PN12,PN12-1.2.edf,8150,8140,8150,8090,8150,True,True,False,True,0,9774,0,negative,,,0,0.94999999999999996,E1_RF,20260922,True,nested,"[""PN12-3.edf"", ""PN12-4.edf""]"
PN12,PN12-1.2.edf,8155,8145,8155,8095,8155,True,True,False,True,0,9774,0,negative,,,0.0061479275254405557,0.94999999999999996,E1_RF,20260922,True,nested,"[""PN12-3.edf"", ""PN12-4.edf""]"
PN12,PN12-1.2.edf,8160,8150,8160,8100,8160,True,True,False,True,0,9774,0,negative,,,0.0064365205541676131,0.94999999999999996,E1_RF,20260922,True,nested,"[""PN12-3.edf"", ""PN12-4.edf""]"
PN12,PN12-1.2.edf,8165,8155,8165,8105,8165,True,True,False,True,0,9774,0,negative,,,0,0.94999999999999996,E1_RF,20260922,True,nested,"[""PN12-3.edf"", ""PN12-4.edf""]"
PN12,PN12-1.2.edf,8170,8160,8170,8110,8170,True,True,False,True,0,9774,0,negative,,,0,0.94999999999999996,E1_RF,20260922,True,nested,"[""PN12-3.edf"", ""PN12-4.edf""]"
PN12,PN12-1.2.edf,8175,8165,8175,8115,8175,True,True,False,True,0,9774,0,negative,,,0,0.94999999999999996,E1_RF,20260922,True,nested,"[""PN12-3.edf"", ""PN12-4.edf""]"
PN12,PN12-1.2.edf,8180,8170,8180,8120,8180,True,True,False,True,0,9774,0,negative,,,0,0.94999999999999996,E1_RF,20260922,True,nested,"[""PN12-3.edf"", ""PN12-4.edf""]"
PN12,PN12-1.2.edf,8185,8175,8185,8125,8185,True,True,False,True,0,9774,0,negative,,,0,0.94999999999999996,E1_RF,20260922,True,nested,"[""PN12-3.edf"", ""PN12-4.edf""]"
PN12,PN12-1.2.edf,8190,8180,8190,8130,8190,True,True,False,True,0,9774,0,negative,,,0,0.94999999999999996,E1_RF,20260922,True,nested,"[""PN12-3.edf"", ""PN12-4.edf""]"
PN12,PN12-1.2.edf,8195,8185,8195,8135,8195,True,True,False,True,0,9774,0,negative,,,0,0.94999999999999996,E1_RF,20260922,True,nested,"[""PN12-3.edf"", ""PN12-4.edf""]"
PN12,PN12-1.2.edf,8200,8190,8200,8140,8200,True,True,False,True,0,9774,0,negative,,,0.0029411764705882353,0.94999999999999996,E1_RF,20260922,True,nested,"[""PN12-3.edf"", ""PN12-4.edf""]"
PN12,PN12-1.2.edf,8205,8195,8205,8145,8205,True,True,False,True,0,9774,0,negative,,,0.015749647477806862,0.94999999999999996,E1_RF,20260922,True,nested,"[""PN12-3.edf"", ""PN12-4.edf""]"
PN12,PN12-1.2.edf,8210,8200,8210,8150,8210,True,True,False,True,0,9774,0,negative,,,0.015817185604168518,0.94999999999999996,E1_RF,20260922,True,nested,"[""PN12-3.edf"", ""PN12-4.edf""]"
PN12,PN12-1.2.edf,8215,8205,8215,8155,8215,True,True,False,True,0,9774,0,negative,,,0,0.94999999999999996,E1_RF,20260922,True,nested,"[""PN12-3.edf"", ""PN12-4.edf""]"
PN12,PN12-1.2.edf,8220,8210,8220,8160,8220,True,True,False,True,0,9774,0,negative,,,0,0.94999999999999996,E1_RF,20260922,True,nested,"[""PN12-3.edf"", ""PN12-4.edf""]"
PN12,PN12-1.2.edf,8225,8215,8225,8165,8225,True,True,False,True,0,9774,0,negative,,,0.0062376793830754302,0.94999999999999996,E1_RF,20260922,True,nested,"[""PN12-3.edf"", ""PN12-4.edf""]"
PN12,PN12-1.2.edf,8230,8220,8230,8170,8230,True,True,False,True,0,9774,0,negative,,,0,0.94999999999999996,E1_RF,20260922,True,nested,"[""PN12-3.edf"", ""PN12-4.edf""]"
PN12,PN12-1.2.edf,8235,8225,8235,8175,8235,True,True,False,True,0,9774,0,negative,,,0,0.94999999999999996,E1_RF,20260922,True,nested,"[""PN12-3.edf"", ""PN12-4.edf""]"
PN12,PN12-1.2.edf,8240,8230,8240,8180,8240,True,True,False,True,0,9774,0,negative,,,0.00319327731092437,0.94999999999999996,E1_RF,20260922,True,nested,"[""PN12-3.edf"", ""PN12-4.edf""]"
PN12,PN12-1.2.edf,8245,8235,8245,8185,8245,True,True,False,True,0,9774,0,negative,,,0.014777714310598183,0.94999999999999996,E1_RF,20260922,True,nested,"[""PN12-3.edf"", ""PN12-4.edf""]"
PN12,PN12-1.2.edf,8250,8240,8250,8190,8250,True,True,False,True,0,9774,0,negative,,,0,0.94999999999999996,E1_RF,20260922,True,nested,"[""PN12-3.edf"", ""PN12-4.edf""]"
PN12,PN12-1.2.edf,8255,8245,8255,8195,8255,True,True,False,True,0,9774,0,negative,,,0,0.94999999999999996,E1_RF,20260922,True,nested,"[""PN12-3.edf"", ""PN12-4.edf""]"
PN12,PN12-1.2.edf,8260,8250,8260,8200,8260,True,True,False,True,0,9774,0,negative,,,0.0030601092896174863,0.94999999999999996,E1_RF,20260922,True,nested,"[""PN12-3.edf"", ""PN12-4.edf""]"
PN12,PN12-1.2.edf,8265,8255,8265,8205,8265,True,True,False,True,0,9774,0,negative,,,0.0062376793830754302,0.94999999999999996,E1_RF,20260922,True,nested,"[""PN12-3.edf"", ""PN12-4.edf""]"
PN12,PN12-1.2.edf,8270,8260,8270,8210,8270,True,True,False,True,0,9774,0,negative,,,0,0.94999999999999996,E1_RF,20260922,True,nested,"[""PN12-3.edf"", ""PN12-4.edf""]"
PN12,PN12-1.2.edf,8275,8265,8275,8215,8275,True,True,False,True,0,9774,0,negative,,,0.0030303030303030303,0.94999999999999996,E1_RF,20260922,True,nested,"[""PN12-3.edf"", ""PN12-4.edf""]"
PN12,PN12-1.2.edf,8280,8270,8280,8220,8280,True,True,False,True,0,9774,0,negative,,,0,0.94999999999999996,E1_RF,20260922,True,nested,"[""PN12-3.edf"", ""PN12-4.edf""]"
PN12,PN12-1.2.edf,8285,8275,8285,8225,8285,True,True,False,True,0,9774,0,negative,,,0.025092786468004676,0.94999999999999996,E1_RF,20260922,True,nested,"[""PN12-3.edf"", ""PN12-4.edf""]"
PN12,PN12-1.2.edf,8290,8280,8290,8230,8290,True,True,False,True,0,9774,0,negative,,,0.018855107084929244,0.94999999999999996,E1_RF,20260922,True,nested,"[""PN12-3.edf"", ""PN12-4.edf""]"
PN12,PN12-1.2.edf,8295,8285,8295,8235,8295,True,True,False,True,0,9774,0,negative,,,0,0.94999999999999996,E1_RF,20260922,True,nested,"[""PN12-3.edf"", ""PN12-4.edf""]"
PN12,PN12-1.2.edf,8300,8290,8300,8240,8300,True,True,False,True,0,9774,0,negative,,,0,0.94999999999999996,E1_RF,20260922,True,nested,"[""PN12-3.edf"", ""PN12-4.edf""]"
PN12,PN12-1.2.edf,8305,8295,8305,8245,8305,True,True,False,True,0,9774,0,negative,,,0.0063040663040663039,0.94999999999999996,E1_RF,20260922,True,nested,"[""PN12-3.edf"", ""PN12-4.edf""]"
PN12,PN12-1.2.edf,8310,8300,8310,8250,8310,True,True,False,True,0,9774,0,negative,,,0.0063040663040663039,0.94999999999999996,E1_RF,20260922,True,nested,"[""PN12-3.edf"", ""PN12-4.edf""]"
PN12,PN12-1.2.edf,8315,8305,8315,8255,8315,True,True,False,True,0,9774,0,negative,,,0,0.94999999999999996,E1_RF,20260922,True,nested,"[""PN12-3.edf"", ""PN12-4.edf""]"
PN12,PN12-1.2.edf,8320,8310,8320,8260,8320,True,True,False,True,0,9774,0,negative,,,0,0.94999999999999996,E1_RF,20260922,True,nested,"[""PN12-3.edf"", ""PN12-4.edf""]"
PN12,PN12-1.2.edf,8325,8315,8325,8265,8325,True,True,False,True,0,9774,0,negative,,,0,0.94999999999999996,E1_RF,20260922,True,nested,"[""PN12-3.edf"", ""PN12-4.edf""]"
PN12,PN12-1.2.edf,8330,8320,8330,8270,8330,True,True,False,True,0,9774,0,negative,,,0.0029411764705882353,0.94999999999999996,E1_RF,20260922,True,nested,"[""PN12-3.edf"", ""PN12-4.edf""]"
PN12,PN12-1.2.edf,8335,8325,8335,8275,8335,True,True,False,True,0,9774,0,negative,,,0,0.94999999999999996,E1_RF,20260922,True,nested,"[""PN12-3.edf"", ""PN12-4.edf""]"
PN12,PN12-1.2.edf,8340,8330,8340,8280,8340,True,True,False,True,0,9774,0,negative,,,0.028005401846065058,0.94999999999999996,E1_RF,20260922,True,nested,"[""PN12-3.edf"", ""PN12-4.edf""]"
PN12,PN12-1.2.edf,8345,8335,8345,8285,8345,True,True,False,True,0,9774,0,negative,,,0.036464405784272569,0.94999999999999996,E1_RF,20260922,True,nested,"[""PN12-3.edf"", ""PN12-4.edf""]"
PN12,PN12-1.2.edf,8350,8340,8350,8290,8350,True,True,False,True,0,9774,0,negative,,,0.030876126511210692,0.94999999999999996,E1_RF,20260922,True,nested,"[""PN12-3.edf"", ""PN12-4.edf""]"
PN12,PN12-1.2.edf,8355,8345,8355,8295,8355,True,True,False,True,0,9774,0,negative,,,0,0.94999999999999996,E1_RF,20260922,True,nested,"[""PN12-3.edf"", ""PN12-4.edf""]"
PN12,PN12-1.2.edf,8360,8350,8360,8300,8360,True,True,False,True,0,9774,0,negative,,,0,0.94999999999999996,E1_RF,20260922,True,nested,"[""PN12-3.edf"", ""PN12-4.edf""]"
PN12,PN12-1.2.edf,8365,8355,8365,8305,8365,True,True,False,True,0,9774,0,negative,,,0.0030303030303030303,0.94999999999999996,E1_RF,20260922,True,nested,"[""PN12-3.edf"", ""PN12-4.edf""]"
PN12,PN12-1.2.edf,8370,8360,8370,8310,8370,True,True,False,True,0,9774,0,negative,,,0.0030303030303030303,0.94999999999999996,E1_RF,20260922,True,nested,"[""PN12-3.edf"", ""PN12-4.edf""]"
PN12,PN12-1.2.edf,8375,8365,8375,8315,8375,True,True,False,True,0,9774,0,negative,,,0.026504080165996299,0.94999999999999996,E1_RF,20260922,True,nested,"[""PN12-3.edf"", ""PN12-4.edf""]"
PN12,PN12-1.2.edf,8380,8370,8380,8320,8380,True,True,False,True,0,9774,0,negative,,,0.0094111970903152774,0.94999999999999996,E1_RF,20260922,True,nested,"[""PN12-3.edf"", ""PN12-4.edf""]"
PN12,PN12-1.2.edf,8385,8375,8385,8325,8385,True,True,False,True,0,9774,0,negative,,,0,0.94999999999999996,E1_RF,20260922,True,nested,"[""PN12-3.edf"", ""PN12-4.edf""]"
PN12,PN12-1.2.edf,8390,8380,8390,8330,8390,True,True,False,True,0,9774,0,negative,,,0.005830348992346043,0.94999999999999996,E1_RF,20260922,True,nested,"[""PN12-3.edf"", ""PN12-4.edf""]"
PN12,PN12-1.2.edf,8395,8385,8395,8335,8395,True,True,False,True,0,9774,0,negative,,,0,0.94999999999999996,E1_RF,20260922,True,nested,"[""PN12-3.edf"", ""PN12-4.edf""]"
PN12,PN12-1.2.edf,8400,8390,8400,8340,8400,True,True,False,True,0,9774,0,negative,,,0.0059826839826839827,0.94999999999999996,E1_RF,20260922,True,nested,"[""PN12-3.edf"", ""PN12-4.edf""]"
PN12,PN12-1.2.edf,8405,8395,8405,8345,8405,True,True,False,True,0,9774,0,negative,,,0,0.94999999999999996,E1_RF,20260922,True,nested,"[""PN12-3.edf"", ""PN12-4.edf""]"
PN12,PN12-1.2.edf,8410,8400,8410,8350,8410,True,True,False,True,0,9774,0,negative,,,0,0.94999999999999996,E1_RF,20260922,True,nested,"[""PN12-3.edf"", ""PN12-4.edf""]"
PN12,PN12-1.2.edf,8415,8405,8415,8355,8415,True,True,False,True,0,9774,0,negative,,,0.0030303030303030303,0.94999999999999996,E1_RF,20260922,True,nested,"[""PN12-3.edf"", ""PN12-4.edf""]"
PN12,PN12-1.2.edf,8420,8410,8420,8360,8420,True,True,False,True,0,9774,0,negative,,,0,0.94999999999999996,E1_RF,20260922,True,nested,"[""PN12-3.edf"", ""PN12-4.edf""]"
PN12,PN12-1.2.edf,8425,8415,8425,8365,8425,True,True,False,True,0,9774,0,negative,,,0.0063040663040663039,0.94999999999999996,E1_RF,20260922,True,nested,"[""PN12-3.edf"", ""PN12-4.edf""]"
PN12,PN12-1.2.edf,8430,8420,8430,8370,8430,True,True,False,True,0,9774,0,negative,,,0,0.94999999999999996,E1_RF,20260922,True,nested,"[""PN12-3.edf"", ""PN12-4.edf""]"
PN12,PN12-1.2.edf,8435,8425,8435,8375,8435,True,True,False,True,0,9774,0,negative,,,0,0.94999999999999996,E1_RF,20260922,True,nested,"[""PN12-3.edf"", ""PN12-4.edf""]"
PN12,PN12-1.2.edf,8440,8430,8440,8380,8440,True,True,False,True,0,9774,0,negative,,,0.021056060843043758,0.94999999999999996,E1_RF,20260922,True,nested,"[""PN12-3.edf"", ""PN12-4.edf""]"
PN12,PN12-1.2.edf,8445,8435,8445,8385,8445,True,True,False,True,0,9774,0,negative,,,0,0.94999999999999996,E1_RF,20260922,True,nested,"[""PN12-3.edf"", ""PN12-4.edf""]"
PN12,PN12-1.2.edf,8450,8440,8450,8390,8450,True,True,False,True,0,9774,0,negative,,,0,0.94999999999999996,E1_RF,20260922,True,nested,"[""PN12-3.edf"", ""PN12-4.edf""]"
PN12,PN12-1.2.edf,8455,8445,8455,8395,8455,True,True,False,True,0,9774,0,negative,,,0,0.94999999999999996,E1_RF,20260922,True,nested,"[""PN12-3.edf"", ""PN12-4.edf""]"
PN12,PN12-1.2.edf,8460,8450,8460,8400,8460,True,True,False,True,0,9774,0,negative,,,0,0.94999999999999996,E1_RF,20260922,True,nested,"[""PN12-3.edf"", ""PN12-4.edf""]"
PN12,PN12-1.2.edf,8465,8455,8465,8405,8465,True,True,False,True,0,9774,0,negative,,,0,0.94999999999999996,E1_RF,20260922,True,nested,"[""PN12-3.edf"", ""PN12-4.edf""]"
PN12,PN12-1.2.edf,8470,8460,8470,8410,8470,True,True,False,True,0,9774,0,negative,,,0,0.94999999999999996,E1_RF,20260922,True,nested,"[""PN12-3.edf"", ""PN12-4.edf""]"
PN12,PN12-1.2.edf,8475,8465,8475,8415,8475,True,True,False,True,0,9774,0,negative,,,0.032972462312108333,0.94999999999999996,E1_RF,20260922,True,nested,"[""PN12-3.edf"", ""PN12-4.edf""]"
PN12,PN12-1.2.edf,8480,8470,8480,8420,8480,True,True,False,True,0,9774,0,negative,,,0.0031343283582089556,0.94999999999999996,E1_RF,20260922,True,nested,"[""PN12-3.edf"", ""PN12-4.edf""]"
PN12,PN12-1.2.edf,8485,8475,8485,8425,8485,True,True,False,True,0,9774,0,negative,,,0.0027083333333333334,0.94999999999999996,E1_RF,20260922,True,nested,"[""PN12-3.edf"", ""PN12-4.edf""]"
PN12,PN12-1.2.edf,8490,8480,8490,8430,8490,True,True,False,True,0,9774,0,negative,,,0,0.94999999999999996,E1_RF,20260922,True,nested,"[""PN12-3.edf"", ""PN12-4.edf""]"
PN12,PN12-1.2.edf,8495,8485,8495,8435,8495,True,True,False,True,0,9774,0,negative,,,0,0.94999999999999996,E1_RF,20260922,True,nested,"[""PN12-3.edf"", ""PN12-4.edf""]"
PN12,PN12-1.2.edf,8500,8490,8500,8440,8500,True,True,False,True,0,9774,0,negative,,,0,0.94999999999999996,E1_RF,20260922,True,nested,"[""PN12-3.edf"", ""PN12-4.edf""]"
PN12,PN12-1.2.edf,8505,8495,8505,8445,8505,True,True,False,True,0,9774,0,negative,,,0.0027564102564102562,0.94999999999999996,E1_RF,20260922,True,nested,"[""PN12-3.edf"", ""PN12-4.edf""]"
PN12,PN12-1.2.edf,8510,8500,8510,8450,8510,True,True,False,True,0,9774,0,negative,,,0.028979570017457702,0.94999999999999996,E1_RF,20260922,True,nested,"[""PN12-3.edf"", ""PN12-4.edf""]"
PN12,PN12-1.2.edf,8515,8505,8515,8455,8515,True,True,False,True,0,9774,0,negative,,,0.042340825537185788,0.94999999999999996,E1_RF,20260922,True,nested,"[""PN12-3.edf"", ""PN12-4.edf""]"
PN12,PN12-1.2.edf,8520,8510,8520,8460,8520,True,True,False,True,0,9774,0,negative,,,0.032848399336912283,0.94999999999999996,E1_RF,20260922,True,nested,"[""PN12-3.edf"", ""PN12-4.edf""]"
PN12,PN12-1.2.edf,8525,8515,8525,8465,8525,True,True,False,True,0,9774,0,negative,,,0.01490291772608846,0.94999999999999996,E1_RF,20260922,True,nested,"[""PN12-3.edf"", ""PN12-4.edf""]"
PN12,PN12-1.2.edf,8530,8520,8530,8470,8530,True,True,False,True,0,9774,0,negative,,,0,0.94999999999999996,E1_RF,20260922,True,nested,"[""PN12-3.edf"", ""PN12-4.edf""]"
PN12,PN12-1.2.edf,8535,8525,8535,8475,8535,True,True,False,True,0,9774,0,negative,,,0,0.94999999999999996,E1_RF,20260922,True,nested,"[""PN12-3.edf"", ""PN12-4.edf""]"
PN12,PN12-1.2.edf,8540,8530,8540,8480,8540,True,True,False,True,0,9774,0,negative,,,0,0.94999999999999996,E1_RF,20260922,True,nested,"[""PN12-3.edf"", ""PN12-4.edf""]"
PN12,PN12-1.2.edf,8545,8535,8545,8485,8545,True,True,False,True,0,9774,0,negative,,,0.029506108279958667,0.94999999999999996,E1_RF,20260922,True,nested,"[""PN12-3.edf"", ""PN12-4.edf""]"
PN12,PN12-1.2.edf,8550,8540,8550,8490,8550,True,True,False,True,0,9774,0,negative,,,0.026858643893205383,0.94999999999999996,E1_RF,20260922,True,nested,"[""PN12-3.edf"", ""PN12-4.edf""]"
PN12,PN12-1.2.edf,8555,8545,8555,8495,8555,True,True,False,True,0,9774,0,negative,,,0.011414650757328105,0.94999999999999996,E1_RF,20260922,True,nested,"[""PN12-3.edf"", ""PN12-4.edf""]"
PN12,PN12-1.2.edf,8560,8550,8560,8500,8560,True,True,False,True,0,9774,0,negative,,,0.0029743589743589744,0.94999999999999996,E1_RF,20260922,True,nested,"[""PN12-3.edf"", ""PN12-4.edf""]"
PN12,PN12-1.2.edf,8565,8555,8565,8505,8565,True,True,False,True,0,9774,0,negative,,,0.012189207152806747,0.94999999999999996,E1_RF,20260922,True,nested,"[""PN12-3.edf"", ""PN12-4.edf""]"
PN12,PN12-1.2.edf,8570,8560,8570,8510,8570,True,True,False,True,0,9774,0,negative,,,0.02388075824050365,0.94999999999999996,E1_RF,20260922,True,nested,"[""PN12-3.edf"", ""PN12-4.edf""]"
PN12,PN12-1.2.edf,8575,8565,8575,8515,8575,True,True,False,True,0,9774,0,negative,,,0.012151165414382093,0.94999999999999996,E1_RF,20260922,True,nested,"[""PN12-3.edf"", ""PN12-4.edf""]"
PN12,PN12-1.2.edf,8580,8570,8580,8520,8580,True,True,False,True,0,9774,0,negative,,,0,0.94999999999999996,E1_RF,20260922,True,nested,"[""PN12-3.edf"", ""PN12-4.edf""]"
PN12,PN12-1.2.edf,8585,8575,8585,8525,8585,True,True,False,True,0,9774,0,negative,,,0,0.94999999999999996,E1_RF,20260922,True,nested,"[""PN12-3.edf"", ""PN12-4.edf""]"
PN12,PN12-1.2.edf,8590,8580,8590,8530,8590,True,True,False,True,0,9774,0,negative,,,0.044574248321384041,0.94999999999999996,E1_RF,20260922,True,nested,"[""PN12-3.edf"", ""PN12-4.edf""]"
PN12,PN12-1.2.edf,8595,8585,8595,8535,8595,True,True,False,True,0,9774,0,negative,,,0.0057788410419989363,0.94999999999999996,E1_RF,20260922,True,nested,"[""PN12-3.edf"", ""PN12-4.edf""]"
PN12,PN12-1.2.edf,8600,8590,8600,8540,8600,True,True,False,True,0,9774,0,negative,,,0.026098554434602357,0.94999999999999996,E1_RF,20260922,True,nested,"[""PN12-3.edf"", ""PN12-4.edf""]"
PN12,PN12-1.2.edf,8605,8595,8605,8545,8605,True,True,False,True,0,9774,0,negative,,,0.0089672468391003846,0.94999999999999996,E1_RF,20260922,True,nested,"[""PN12-3.edf"", ""PN12-4.edf""]"
PN12,PN12-1.2.edf,8610,8600,8610,8550,8610,True,True,False,True,0,9774,0,negative,,,0,0.94999999999999996,E1_RF,20260922,True,nested,"[""PN12-3.edf"", ""PN12-4.edf""]"
PN12,PN12-1.2.edf,8615,8605,8615,8555,8615,True,True,False,True,0,9774,0,negative,,,0,0.94999999999999996,E1_RF,20260922,True,nested,"[""PN12-3.edf"", ""PN12-4.edf""]"
PN12,PN12-1.2.edf,8620,8610,8620,8560,8620,True,True,False,True,0,9774,0,negative,,,0,0.94999999999999996,E1_RF,20260922,True,nested,"[""PN12-3.edf"", ""PN12-4.edf""]"
PN12,PN12-1.2.edf,8625,8615,8625,8565,8625,True,True,False,True,0,9774,0,negative,,,0.027214666525543805,0.94999999999999996,E1_RF,20260922,True,nested,"[""PN12-3.edf"", ""PN12-4.edf""]"
PN12,PN12-1.2.edf,8630,8620,8630,8570,8630,True,True,False,True,0,9774,0,negative,,,0.023145220957356095,0.94999999999999996,E1_RF,20260922,True,nested,"[""PN12-3.edf"", ""PN12-4.edf""]"
PN12,PN12-1.2.edf,8635,8625,8635,8575,8635,True,True,False,True,0,9774,0,negative,,,0.026243812506651868,0.94999999999999996,E1_RF,20260922,True,nested,"[""PN12-3.edf"", ""PN12-4.edf""]"
PN12,PN12-1.2.edf,8640,8630,8640,8580,8640,True,True,False,True,0,9774,0,negative,,,0.020815511357309888,0.94999999999999996,E1_RF,20260922,True,nested,"[""PN12-3.edf"", ""PN12-4.edf""]"
PN12,PN12-1.2.edf,8645,8635,8645,8585,8645,True,True,False,True,0,9774,0,negative,,,0.014774206296874818,0.94999999999999996,E1_RF,20260922,True,nested,"[""PN12-3.edf"", ""PN12-4.edf""]"
PN12,PN12-1.2.edf,8650,8640,8650,8590,8650,True,True,False,True,0,9774,0,negative,,,0.021074646005503021,0.94999999999999996,E1_RF,20260922,True,nested,"[""PN12-3.edf"", ""PN12-4.edf""]"
PN12,PN12-1.2.edf,8655,8645,8655,8595,8655,True,True,False,True,0,9774,0,negative,,,0.0027083333333333334,0.94999999999999996,E1_RF,20260922,True,nested,"[""PN12-3.edf"", ""PN12-4.edf""]"
PN12,PN12-1.2.edf,8660,8650,8660,8600,8660,True,True,False,True,0,9774,0,negative,,,0.011951151133394122,0.94999999999999996,E1_RF,20260922,True,nested,"[""PN12-3.edf"", ""PN12-4.edf""]"
PN12,PN12-1.2.edf,8665,8655,8665,8605,8665,True,True,False,True,0,9774,0,negative,,,0.011917211765838457,0.94999999999999996,E1_RF,20260922,True,nested,"[""PN12-3.edf"", ""PN12-4.edf""]"
PN12,PN12-1.2.edf,8670,8660,8670,8610,8670,True,True,False,True,0,9774,0,negative,,,0.035125365273764891,0.94999999999999996,E1_RF,20260922,True,nested,"[""PN12-3.edf"", ""PN12-4.edf""]"
PN12,PN12-1.2.edf,8675,8665,8675,8615,8675,True,True,False,True,0,9774,0,negative,,,0.023313751163237743,0.94999999999999996,E1_RF,20260922,True,nested,"[""PN12-3.edf"", ""PN12-4.edf""]"
PN12,PN12-1.2.edf,8680,8670,8680,8620,8680,True,True,False,True,0,9774,0,negative,,,0.0059354413702239796,0.94999999999999996,E1_RF,20260922,True,nested,"[""PN12-3.edf"", ""PN12-4.edf""]"
PN12,PN12-1.2.edf,8685,8675,8685,8625,8685,True,True,False,True,0,9774,0,negative,,,0.0061513687600644124,0.94999999999999996,E1_RF,20260922,True,nested,"[""PN12-3.edf"", ""PN12-4.edf""]"
PN12,PN12-1.2.edf,8690,8680,8690,8630,8690,True,True,False,True,0,9774,0,negative,,,0.043961963814077701,0.94999999999999996,E1_RF,20260922,True,nested,"[""PN12-3.edf"", ""PN12-4.edf""]"
PN12,PN12-1.2.edf,8695,8685,8695,8635,8695,True,True,False,True,0,9774,0,negative,,,0.0033080568720379147,0.94999999999999996,E1_RF,20260922,True,nested,"[""PN12-3.edf"", ""PN12-4.edf""]"
PN12,PN12-1.2.edf,8700,8690,8700,8640,8700,True,True,False,True,0,9774,0,negative,,,0,0.94999999999999996,E1_RF,20260922,True,nested,"[""PN12-3.edf"", ""PN12-4.edf""]"
PN12,PN12-1.2.edf,8705,8695,8705,8645,8705,True,True,False,True,0,9774,0,negative,,,0,0.94999999999999996,E1_RF,20260922,True,nested,"[""PN12-3.edf"", ""PN12-4.edf""]"
PN12,PN12-1.2.edf,8710,8700,8710,8650,8710,True,True,False,True,0,9774,0,negative,,,0,0.94999999999999996,E1_RF,20260922,True,nested,"[""PN12-3.edf"", ""PN12-4.edf""]"
PN12,PN12-1.2.edf,8715,8705,8715,8655,8715,True,True,False,True,0,9774,0,negative,,,0.0032017543859649122,0.94999999999999996,E1_RF,20260922,True,nested,"[""PN12-3.edf"", ""PN12-4.edf""]"
PN12,PN12-1.2.edf,8720,8710,8720,8660,8720,True,True,False,True,0,9774,0,negative,,,0.015462169591992004,0.94999999999999996,E1_RF,20260922,True,nested,"[""PN12-3.edf"", ""PN12-4.edf""]"
PN12,PN12-1.2.edf,8725,8715,8725,8665,8725,True,True,False,True,0,9774,0,negative,,,0.0090812755319797586,0.94999999999999996,E1_RF,20260922,True,nested,"[""PN12-3.edf"", ""PN12-4.edf""]"
PN12,PN12-1.2.edf,8730,8720,8730,8670,8730,True,True,False,True,0,9774,0,negative,,,0.11552570711904468,0.94999999999999996,E1_RF,20260922,True,nested,"[""PN12-3.edf"", ""PN12-4.edf""]"
PN12,PN12-1.2.edf,8735,8725,8735,8675,8735,True,True,False,True,0,9774,0,negative,,,0.0028888888888888892,0.94999999999999996,E1_RF,20260922,True,nested,"[""PN12-3.edf"", ""PN12-4.edf""]"
PN12,PN12-1.2.edf,8740,8730,8740,8680,8740,True,True,False,True,0,9774,0,negative,,,0.005805555555555556,0.94999999999999996,E1_RF,20260922,True,nested,"[""PN12-3.edf"", ""PN12-4.edf""]"
PN12,PN12-1.2.edf,8745,8735,8745,8685,8745,True,True,False,True,0,9774,0,negative,,,0.0025396825396825397,0.94999999999999996,E1_RF,20260922,True,nested,"[""PN12-3.edf"", ""PN12-4.edf""]"
PN12,PN12-1.2.edf,8750,8740,8750,8690,8750,True,True,False,True,0,9774,0,negative,,,0.011339232089232088,0.94999999999999996,E1_RF,20260922,True,nested,"[""PN12-3.edf"", ""PN12-4.edf""]"
PN12,PN12-1.2.edf,8755,8745,8755,8695,8755,True,True,False,True,0,9774,0,negative,,,0.0054285714285714284,0.94999999999999996,E1_RF,20260922,True,nested,"[""PN12-3.edf"", ""PN12-4.edf""]"
PN12,PN12-1.2.edf,8760,8750,8760,8700,8760,True,True,False,True,0,9774,0,negative,,,0.0028888888888888892,0.94999999999999996,E1_RF,20260922,True,nested,"[""PN12-3.edf"", ""PN12-4.edf""]"
PN12,PN12-1.2.edf,8765,8755,8765,8705,8765,True,True,False,True,0,9774,0,negative,,,0.0028888888888888892,0.94999999999999996,E1_RF,20260922,True,nested,"[""PN12-3.edf"", ""PN12-4.edf""]"
PN12,PN12-1.2.edf,8770,8760,8770,8710,8770,True,True,False,True,0,9774,0,negative,,,0.046327443248116815,0.94999999999999996,E1_RF,20260922,True,nested,"[""PN12-3.edf"", ""PN12-4.edf""]"
PN12,PN12-1.2.edf,8775,8765,8775,8715,8775,True,True,False,True,0,9774,0,negative,,,0.06746828846092616,0.94999999999999996,E1_RF,20260922,True,nested,"[""PN12-3.edf"", ""PN12-4.edf""]"
PN12,PN12-1.2.edf,8780,8770,8780,8720,8780,True,True,False,True,0,9774,0,negative,,,0.016993528678311286,0.94999999999999996,E1_RF,20260922,True,nested,"[""PN12-3.edf"", ""PN12-4.edf""]"
PN12,PN12-1.2.edf,8785,8775,8785,8725,8785,True,True,False,True,0,9774,0,negative,,,0.076741497517427718,0.94999999999999996,E1_RF,20260922,True,nested,"[""PN12-3.edf"", ""PN12-4.edf""]"
PN12,PN12-1.2.edf,8790,8780,8790,8730,8790,True,True,False,True,0,9774,0,negative,,,0.021184349164803374,0.94999999999999996,E1_RF,20260922,True,nested,"[""PN12-3.edf"", ""PN12-4.edf""]"
PN12,PN12-1.2.edf,8795,8785,8795,8735,8795,True,True,False,True,0,9774,0,negative,,,0.011311454311454311,0.94999999999999996,E1_RF,20260922,True,nested,"[""PN12-3.edf"", ""PN12-4.edf""]"
PN12,PN12-1.2.edf,8800,8790,8800,8740,8800,True,True,False,True,0,9774,0,negative,,,0.0061861471861471866,0.94999999999999996,E1_RF,20260922,True,nested,"[""PN12-3.edf"", ""PN12-4.edf""]"
PN12,PN12-1.2.edf,8805,8795,8805,8745,8805,True,True,False,True,0,9774,0,negative,,,0.094291218985059988,0.94999999999999996,E1_RF,20260922,True,nested,"[""PN12-3.edf"", ""PN12-4.edf""]"
PN12,PN12-1.2.edf,8810,8800,8810,8750,8810,True,True,False,True,0,9774,0,negative,,,0.005456349206349206,0.94999999999999996,E1_RF,20260922,True,nested,"[""PN12-3.edf"", ""PN12-4.edf""]"
PN12,PN12-1.2.edf,8815,8805,8815,8755,8815,True,True,False,True,0,9774,0,negative,,,0.011212497647280257,0.94999999999999996,E1_RF,20260922,True,nested,"[""PN12-3.edf"", ""PN12-4.edf""]"
PN12,PN12-1.2.edf,8820,8810,8820,8760,8820,True,True,False,True,0,9774,0,negative,,,0.011828843476392042,0.94999999999999996,E1_RF,20260922,True,nested,"[""PN12-3.edf"", ""PN12-4.edf""]"
PN12,PN12-1.2.edf,8825,8815,8825,8765,8825,True,True,False,True,0,9774,0,negative,,,0.011844466807232765,0.94999999999999996,E1_RF,20260922,True,nested,"[""PN12-3.edf"", ""PN12-4.edf""]"
PN12,PN12-1.2.edf,8830,8820,8830,8770,8830,True,True,False,True,0,9774,0,negative,,,0.027002911556641897,0.94999999999999996,E1_RF,20260922,True,nested,"[""PN12-3.edf"", ""PN12-4.edf""]"
PN12,PN12-1.2.edf,8835,8825,8835,8775,8835,True,True,False,True,0,9774,0,negative,,,0.017523167670716235,0.94999999999999996,E1_RF,20260922,True,nested,"[""PN12-3.edf"", ""PN12-4.edf""]"
PN12,PN12-1.2.edf,8840,8830,8840,8780,8840,True,True,False,True,0,9774,0,negative,,,0.073067811611510977,0.94999999999999996,E1_RF,20260922,True,nested,"[""PN12-3.edf"", ""PN12-4.edf""]"
PN12,PN12-1.2.edf,8845,8835,8845,8785,8845,True,True,False,True,0,9774,0,negative,,,0,0.94999999999999996,E1_RF,20260922,True,nested,"[""PN12-3.edf"", ""PN12-4.edf""]"
PN12,PN12-1.2.edf,8850,8840,8850,8790,8850,True,True,False,True,0,9774,0,negative,,,0,0.94999999999999996,E1_RF,20260922,True,nested,"[""PN12-3.edf"", ""PN12-4.edf""]"
PN12,PN12-1.2.edf,8855,8845,8855,8795,8855,True,True,False,True,0,9774,0,negative,,,0.0031884057971014496,0.94999999999999996,E1_RF,20260922,True,nested,"[""PN12-3.edf"", ""PN12-4.edf""]"
PN12,PN12-1.2.edf,8860,8850,8860,8800,8860,True,True,False,True,0,9774,0,negative,,,0.009184438368648894,0.94999999999999996,E1_RF,20260922,True,nested,"[""PN12-3.edf"", ""PN12-4.edf""]"
PN12,PN12-1.2.edf,8865,8855,8865,8805,8865,True,True,False,True,0,9774,0,negative,,,0,0.94999999999999996,E1_RF,20260922,True,nested,"[""PN12-3.edf"", ""PN12-4.edf""]"
PN12,PN12-1.2.edf,8870,8860,8870,8810,8870,True,True,False,True,0,9774,0,negative,,,0,0.94999999999999996,E1_RF,20260922,True,nested,"[""PN12-3.edf"", ""PN12-4.edf""]"
PN12,PN12-1.2.edf,8875,8865,8875,8815,8875,True,True,False,True,0,9774,0,negative,,,0.012376926631559693,0.94999999999999996,E1_RF,20260922,True,nested,"[""PN12-3.edf"", ""PN12-4.edf""]"
PN12,PN12-1.2.edf,8880,8870,8880,8820,8880,True,True,False,True,0,9774,0,negative,,,0.009184438368648894,0.94999999999999996,E1_RF,20260922,True,nested,"[""PN12-3.edf"", ""PN12-4.edf""]"
PN12,PN12-1.2.edf,8885,8875,8885,8825,8885,True,True,False,True,0,9774,0,negative,,,0,0.94999999999999996,E1_RF,20260922,True,nested,"[""PN12-3.edf"", ""PN12-4.edf""]"
PN12,PN12-1.2.edf,8890,8880,8890,8830,8890,True,True,False,True,0,9774,0,negative,,,0,0.94999999999999996,E1_RF,20260922,True,nested,"[""PN12-3.edf"", ""PN12-4.edf""]"
PN12,PN12-1.2.edf,8895,8885,8895,8835,8895,True,True,False,True,0,9774,0,negative,,,0,0.94999999999999996,E1_RF,20260922,True,nested,"[""PN12-3.edf"", ""PN12-4.edf""]"
PN12,PN12-1.2.edf,8900,8890,8900,8840,8900,True,True,False,True,0,9774,0,negative,,,0,0.94999999999999996,E1_RF,20260922,True,nested,"[""PN12-3.edf"", ""PN12-4.edf""]"
PN12,PN12-1.2.edf,8905,8895,8905,8845,8905,True,True,False,True,0,9774,0,negative,,,0.027266265593636572,0.94999999999999996,E1_RF,20260922,True,nested,"[""PN12-3.edf"", ""PN12-4.edf""]"
PN12,PN12-1.2.edf,8910,8900,8910,8850,8910,True,True,False,True,0,9774,0,negative,,,0,0.94999999999999996,E1_RF,20260922,True,nested,"[""PN12-3.edf"", ""PN12-4.edf""]"
PN12,PN12-1.2.edf,8915,8905,8915,8855,8915,True,True,False,True,0,9774,0,negative,,,0.033094033190532009,0.94999999999999996,E1_RF,20260922,True,nested,"[""PN12-3.edf"", ""PN12-4.edf""]"
PN12,PN12-1.2.edf,8920,8910,8920,8860,8920,True,True,False,True,0,9774,0,negative,,,0.014969064041954068,0.94999999999999996,E1_RF,20260922,True,nested,"[""PN12-3.edf"", ""PN12-4.edf""]"
PN12,PN12-1.2.edf,8925,8915,8925,8865,8925,True,True,False,True,0,9774,0,negative,,,0.024024956987361488,0.94999999999999996,E1_RF,20260922,True,nested,"[""PN12-3.edf"", ""PN12-4.edf""]"
PN12,PN12-1.2.edf,8930,8920,8930,8870,8930,True,True,False,True,0,9774,0,negative,,,0.072466788038206567,0.94999999999999996,E1_RF,20260922,True,nested,"[""PN12-3.edf"", ""PN12-4.edf""]"
PN12,PN12-1.2.edf,8935,8925,8935,8875,8935,True,True,False,True,0,9774,0,negative,,,0.015004193275782764,0.94999999999999996,E1_RF,20260922,True,nested,"[""PN12-3.edf"", ""PN12-4.edf""]"
PN12,PN12-1.2.edf,8940,8930,8940,8880,8940,True,True,False,True,0,9774,0,negative,,,0.0032017543859649122,0.94999999999999996,E1_RF,20260922,True,nested,"[""PN12-3.edf"", ""PN12-4.edf""]"
PN12,PN12-1.2.edf,8945,8935,8945,8885,8945,True,True,False,True,0,9774,0,negative,,,0.01236357804269623,0.94999999999999996,E1_RF,20260922,True,nested,"[""PN12-3.edf"", ""PN12-4.edf""]"
PN12,PN12-1.2.edf,8950,8940,8950,8890,8950,True,True,False,True,0,9774,0,negative,,,0.018497384189268332,0.94999999999999996,E1_RF,20260922,True,nested,"[""PN12-3.edf"", ""PN12-4.edf""]"
PN12,PN12-1.2.edf,8955,8945,8955,8895,8955,True,True,False,True,0,9774,0,negative,,,0,0.94999999999999996,E1_RF,20260922,True,nested,"[""PN12-3.edf"", ""PN12-4.edf""]"
PN12,PN12-1.2.edf,8960,8950,8960,8900,8960,True,True,False,True,0,9774,0,negative,,,0.0032017543859649122,0.94999999999999996,E1_RF,20260922,True,nested,"[""PN12-3.edf"", ""PN12-4.edf""]"
PN12,PN12-1.2.edf,8965,8955,8965,8905,8965,True,True,False,True,0,9774,0,negative,,,0,0.94999999999999996,E1_RF,20260922,True,nested,"[""PN12-3.edf"", ""PN12-4.edf""]"
PN12,PN12-1.2.edf,8970,8960,8970,8910,8970,True,True,False,True,0,9774,0,negative,,,0,0.94999999999999996,E1_RF,20260922,True,nested,"[""PN12-3.edf"", ""PN12-4.edf""]"
PN12,PN12-1.2.edf,8975,8965,8975,8915,8975,True,True,False,True,0,9774,0,negative,,,0,0.94999999999999996,E1_RF,20260922,True,nested,"[""PN12-3.edf"", ""PN12-4.edf""]"
PN12,PN12-1.2.edf,8980,8970,8980,8920,8980,True,True,False,True,0,9774,0,negative,,,0,0.94999999999999996,E1_RF,20260922,True,nested,"[""PN12-3.edf"", ""PN12-4.edf""]"
PN12,PN12-1.2.edf,8985,8975,8985,8925,8985,True,True,False,True,0,9774,0,negative,,,0,0.94999999999999996,E1_RF,20260922,True,nested,"[""PN12-3.edf"", ""PN12-4.edf""]"
PN12,PN12-1.2.edf,8990,8980,8990,8930,8990,True,True,False,True,0,9774,0,negative,,,0.0030303030303030303,0.94999999999999996,E1_RF,20260922,True,nested,"[""PN12-3.edf"", ""PN12-4.edf""]"
PN12,PN12-1.2.edf,8995,8985,8995,8935,8995,True,True,False,True,0,9774,0,negative,,,0.0030303030303030303,0.94999999999999996,E1_RF,20260922,True,nested,"[""PN12-3.edf"", ""PN12-4.edf""]"
PN12,PN12-1.2.edf,9000,8990,9000,8940,9000,True,True,False,True,0,9774,0,negative,,,0,0.94999999999999996,E1_RF,20260922,True,nested,"[""PN12-3.edf"", ""PN12-4.edf""]"
PN12,PN12-1.2.edf,9005,8995,9005,8945,9005,True,True,False,True,0,9774,0,negative,,,0,0.94999999999999996,E1_RF,20260922,True,nested,"[""PN12-3.edf"", ""PN12-4.edf""]"
PN12,PN12-1.2.edf,9010,9000,9010,8950,9010,True,True,False,True,0,9774,0,negative,,,0.0032816537467700259,0.94999999999999996,E1_RF,20260922,True,nested,"[""PN12-3.edf"", ""PN12-4.edf""]"
PN12,PN12-1.2.edf,9015,9005,9015,8955,9015,True,True,False,True,0,9774,0,negative,,,0,0.94999999999999996,E1_RF,20260922,True,nested,"[""PN12-3.edf"", ""PN12-4.edf""]"
PN12,PN12-1.2.edf,9020,9010,9020,8960,9020,True,True,False,True,0,9774,0,negative,,,0,0.94999999999999996,E1_RF,20260922,True,nested,"[""PN12-3.edf"", ""PN12-4.edf""]"
PN12,PN12-1.2.edf,9025,9015,9025,8965,9025,True,True,False,True,0,9774,0,negative,,,0.0032017543859649122,0.94999999999999996,E1_RF,20260922,True,nested,"[""PN12-3.edf"", ""PN12-4.edf""]"
PN12,PN12-1.2.edf,9030,9020,9030,8970,9030,True,True,False,True,0,9774,0,negative,,,0.015565332428661141,0.94999999999999996,E1_RF,20260922,True,nested,"[""PN12-3.edf"", ""PN12-4.edf""]"
PN12,PN12-1.2.edf,9035,9025,9035,8975,9035,True,True,False,True,0,9774,0,negative,,,0.012022452002567992,0.94999999999999996,E1_RF,20260922,True,nested,"[""PN12-3.edf"", ""PN12-4.edf""]"
PN12,PN12-1.2.edf,9040,9030,9040,8980,9040,True,True,False,True,0,9774,0,negative,,,0.023097462652502301,0.94999999999999996,E1_RF,20260922,True,nested,"[""PN12-3.edf"", ""PN12-4.edf""]"
PN12,PN12-1.2.edf,9045,9035,9045,8985,9045,True,True,False,True,0,9774,0,negative,,,0.027179968242109425,0.94999999999999996,E1_RF,20260922,True,nested,"[""PN12-3.edf"", ""PN12-4.edf""]"
PN12,PN12-1.2.edf,9050,9040,9050,8990,9050,True,True,False,True,0,9774,0,negative,,,0,0.94999999999999996,E1_RF,20260922,True,nested,"[""PN12-3.edf"", ""PN12-4.edf""]"
PN12,PN12-1.2.edf,9055,9045,9055,8995,9055,True,True,False,True,0,9774,0,negative,,,0.029448076794203453,0.94999999999999996,E1_RF,20260922,True,nested,"[""PN12-3.edf"", ""PN12-4.edf""]"
PN12,PN12-1.2.edf,9060,9050,9060,9000,9060,True,True,False,True,0,9774,0,negative,,,0.029067273690488431,0.94999999999999996,E1_RF,20260922,True,nested,"[""PN12-3.edf"", ""PN12-4.edf""]"
PN12,PN12-1.2.edf,9065,9055,9065,9005,9065,True,True,False,True,0,9774,0,negative,,,0,0.94999999999999996,E1_RF,20260922,True,nested,"[""PN12-3.edf"", ""PN12-4.edf""]"
PN12,PN12-1.2.edf,9070,9060,9070,9010,9070,True,True,False,True,0,9774,0,negative,,,0,0.94999999999999996,E1_RF,20260922,True,nested,"[""PN12-3.edf"", ""PN12-4.edf""]"
PN12,PN12-1.2.edf,9075,9065,9075,9015,9075,True,True,False,True,0,9774,0,negative,,,0,0.94999999999999996,E1_RF,20260922,True,nested,"[""PN12-3.edf"", ""PN12-4.edf""]"
PN12,PN12-1.2.edf,9080,9070,9080,9020,9080,True,True,False,True,0,9774,0,negative,,,0,0.94999999999999996,E1_RF,20260922,True,nested,"[""PN12-3.edf"", ""PN12-4.edf""]"
PN12,PN12-1.2.edf,9085,9075,9085,9025,9085,True,True,False,True,0,9774,0,negative,,,0,0.94999999999999996,E1_RF,20260922,True,nested,"[""PN12-3.edf"", ""PN12-4.edf""]"
PN12,PN12-1.2.edf,9090,9080,9090,9030,9090,True,True,False,True,0,9774,0,negative,,,0.015877858732488901,0.94999999999999996,E1_RF,20260922,True,nested,"[""PN12-3.edf"", ""PN12-4.edf""]"
PN12,PN12-1.2.edf,9095,9085,9095,9035,9095,True,True,False,True,0,9774,0,negative,,,0.05692128539955147,0.94999999999999996,E1_RF,20260922,True,nested,"[""PN12-3.edf"", ""PN12-4.edf""]"
PN12,PN12-1.2.edf,9100,9090,9100,9040,9100,True,True,False,True,0,9774,0,negative,,,0.084188345405592002,0.94999999999999996,E1_RF,20260922,True,nested,"[""PN12-3.edf"", ""PN12-4.edf""]"
PN12,PN12-1.2.edf,9105,9095,9105,9045,9105,True,True,False,True,0,9774,0,negative,,,0.26039108176756981,0.94999999999999996,E1_RF,20260922,True,nested,"[""PN12-3.edf"", ""PN12-4.edf""]"
PN12,PN12-1.2.edf,9110,9100,9110,9050,9110,True,True,False,True,0,9774,0,negative,,,0.025612113454801699,0.94999999999999996,E1_RF,20260922,True,nested,"[""PN12-3.edf"", ""PN12-4.edf""]"
PN12,PN12-1.2.edf,9115,9105,9115,9055,9115,True,True,False,True,0,9774,0,negative,,,0,0.94999999999999996,E1_RF,20260922,True,nested,"[""PN12-3.edf"", ""PN12-4.edf""]"
PN12,PN12-1.2.edf,9120,9110,9120,9060,9120,True,True,False,True,0,9774,0,negative,,,0.017827371017395496,0.94999999999999996,E1_RF,20260922,True,nested,"[""PN12-3.edf"", ""PN12-4.edf""]"
PN12,PN12-1.2.edf,9125,9115,9125,9065,9125,True,True,False,True,0,9774,0,negative,,,0.0030434782608695652,0.94999999999999996,E1_RF,20260922,True,nested,"[""PN12-3.edf"", ""PN12-4.edf""]"
PN12,PN12-1.2.edf,9130,9120,9130,9070,9130,True,True,False,True,0,9774,0,negative,,,0.0059826839826839827,0.94999999999999996,E1_RF,20260922,True,nested,"[""PN12-3.edf"", ""PN12-4.edf""]"
PN12,PN12-1.2.edf,9135,9125,9135,9075,9135,True,True,False,True,0,9774,0,negative,,,0,0.94999999999999996,E1_RF,20260922,True,nested,"[""PN12-3.edf"", ""PN12-4.edf""]"
PN12,PN12-1.2.edf,9140,9130,9140,9080,9140,True,True,False,True,0,9774,0,negative,,,0,0.94999999999999996,E1_RF,20260922,True,nested,"[""PN12-3.edf"", ""PN12-4.edf""]"
PN12,PN12-1.2.edf,9145,9135,9145,9085,9145,True,True,False,True,0,9774,0,negative,,,0.0094026578533620772,0.94999999999999996,E1_RF,20260922,True,nested,"[""PN12-3.edf"", ""PN12-4.edf""]"
PN12,PN12-1.2.edf,9150,9140,9150,9090,9150,True,True,False,True,0,9774,0,negative,,,0.021571732500764898,0.94999999999999996,E1_RF,20260922,True,nested,"[""PN12-3.edf"", ""PN12-4.edf""]"
PN12,PN12-1.2.edf,9155,9145,9155,9095,9155,True,True,False,True,0,9774,0,negative,,,0,0.94999999999999996,E1_RF,20260922,True,nested,"[""PN12-3.edf"", ""PN12-4.edf""]"
PN12,PN12-1.2.edf,9160,9150,9160,9100,9160,True,True,False,True,0,9774,0,negative,,,0.005480829666876178,0.94999999999999996,E1_RF,20260922,True,nested,"[""PN12-3.edf"", ""PN12-4.edf""]"
PN12,PN12-1.2.edf,9165,9155,9165,9105,9165,True,True,False,True,0,9774,0,negative,,,0,0.94999999999999996,E1_RF,20260922,True,nested,"[""PN12-3.edf"", ""PN12-4.edf""]"
PN12,PN12-1.2.edf,9170,9160,9170,9110,9170,True,True,False,True,0,9774,0,negative,,,0,0.94999999999999996,E1_RF,20260922,True,nested,"[""PN12-3.edf"", ""PN12-4.edf""]"
PN12,PN12-1.2.edf,9175,9165,9175,9115,9175,True,True,False,True,0,9774,0,negative,,,0.0092468631245173211,0.94999999999999996,E1_RF,20260922,True,nested,"[""PN12-3.edf"", ""PN12-4.edf""]"
PN12,PN12-1.2.edf,9180,9170,9180,9120,9180,True,True,False,True,0,9774,0,negative,,,0,0.94999999999999996,E1_RF,20260922,True,nested,"[""PN12-3.edf"", ""PN12-4.edf""]"
PN12,PN12-1.2.edf,9185,9175,9185,9125,9185,True,True,False,True,0,9774,0,negative,,,0,0.94999999999999996,E1_RF,20260922,True,nested,"[""PN12-3.edf"", ""PN12-4.edf""]"
PN12,PN12-1.2.edf,9190,9180,9190,9130,9190,True,True,False,True,0,9774,0,negative,,,0,0.94999999999999996,E1_RF,20260922,True,nested,"[""PN12-3.edf"", ""PN12-4.edf""]"
PN12,PN12-1.2.edf,9195,9185,9195,9135,9195,True,True,False,True,0,9774,0,negative,,,0.0095058206900312161,0.94999999999999996,E1_RF,20260922,True,nested,"[""PN12-3.edf"", ""PN12-4.edf""]"
PN12,PN12-1.2.edf,9200,9190,9200,9140,9200,True,True,False,True,0,9774,0,negative,,,0.021686066175754311,0.94999999999999996,E1_RF,20260922,True,nested,"[""PN12-3.edf"", ""PN12-4.edf""]"
PN12,PN12-1.2.edf,9205,9195,9205,9145,9205,True,True,False,True,0,9774,0,negative,,,0,0.94999999999999996,E1_RF,20260922,True,nested,"[""PN12-3.edf"", ""PN12-4.edf""]"
PN12,PN12-1.2.edf,9210,9200,9210,9150,9210,True,True,False,True,0,9774,0,negative,,,0,0.94999999999999996,E1_RF,20260922,True,nested,"[""PN12-3.edf"", ""PN12-4.edf""]"
PN12,PN12-1.2.edf,9215,9205,9215,9155,9215,True,True,False,True,0,9774,0,negative,,,0,0.94999999999999996,E1_RF,20260922,True,nested,"[""PN12-3.edf"", ""PN12-4.edf""]"
PN12,PN12-1.2.edf,9220,9210,9220,9160,9220,True,True,False,True,0,9774,0,negative,,,0,0.94999999999999996,E1_RF,20260922,True,nested,"[""PN12-3.edf"", ""PN12-4.edf""]"
PN12,PN12-1.2.edf,9225,9215,9225,9165,9225,True,True,False,True,0,9774,0,negative,,,0,0.94999999999999996,E1_RF,20260922,True,nested,"[""PN12-3.edf"", ""PN12-4.edf""]"
PN12,PN12-1.2.edf,9230,9220,9230,9170,9230,True,True,False,True,0,9774,0,negative,,,0,0.94999999999999996,E1_RF,20260922,True,nested,"[""PN12-3.edf"", ""PN12-4.edf""]"
PN12,PN12-1.2.edf,9235,9225,9235,9175,9235,True,True,False,True,0,9774,0,negative,,,0.049374681238665667,0.94999999999999996,E1_RF,20260922,True,nested,"[""PN12-3.edf"", ""PN12-4.edf""]"
PN12,PN12-1.2.edf,9240,9230,9240,9180,9240,True,True,False,True,0,9774,0,negative,,,0.040568869498071321,0.94999999999999996,E1_RF,20260922,True,nested,"[""PN12-3.edf"", ""PN12-4.edf""]"
PN12,PN12-1.2.edf,9245,9235,9245,9185,9245,True,True,False,True,0,9774,0,negative,,,0.040568869498071321,0.94999999999999996,E1_RF,20260922,True,nested,"[""PN12-3.edf"", ""PN12-4.edf""]"
PN12,PN12-1.2.edf,9250,9240,9250,9190,9250,True,True,False,True,0,9774,0,negative,,,0.036546416366283148,0.94999999999999996,E1_RF,20260922,True,nested,"[""PN12-3.edf"", ""PN12-4.edf""]"
PN12,PN12-1.2.edf,9255,9245,9255,9195,9255,True,True,False,True,0,9774,0,negative,,,0.035965910569138761,0.94999999999999996,E1_RF,20260922,True,nested,"[""PN12-3.edf"", ""PN12-4.edf""]"
PN12,PN12-1.2.edf,9260,9250,9260,9200,9260,True,True,False,True,0,9774,0,negative,,,0.0087240729101194219,0.94999999999999996,E1_RF,20260922,True,nested,"[""PN12-3.edf"", ""PN12-4.edf""]"
PN12,PN12-1.2.edf,9265,9255,9265,9205,9265,True,True,False,True,0,9774,0,negative,,,0.036056871481342227,0.94999999999999996,E1_RF,20260922,True,nested,"[""PN12-3.edf"", ""PN12-4.edf""]"
PN12,PN12-1.2.edf,9270,9260,9270,9210,9270,True,True,False,False,0,9774,-1,ignore,,,0,0.94999999999999996,E1_RF,20260922,True,nested,"[""PN12-3.edf"", ""PN12-4.edf""]"
PN12,PN12-1.2.edf,9275,9265,9275,9215,9275,True,True,False,False,0,9774,-1,ignore,,,0.0063184079601990044,0.94999999999999996,E1_RF,20260922,True,nested,"[""PN12-3.edf"", ""PN12-4.edf""]"
PN12,PN12-1.2.edf,9280,9270,9280,9220,9280,True,True,False,False,0,9774,-1,ignore,,,0.0063485166317051242,0.94999999999999996,E1_RF,20260922,True,nested,"[""PN12-3.edf"", ""PN12-4.edf""]"
PN12,PN12-1.2.edf,9285,9275,9285,9225,9285,True,True,False,False,0,9774,-1,ignore,,,0,0.94999999999999996,E1_RF,20260922,True,nested,"[""PN12-3.edf"", ""PN12-4.edf""]"
PN12,PN12-1.2.edf,9290,9280,9290,9230,9290,True,True,False,False,0,9774,-1,ignore,,,0.0031840796019900496,0.94999999999999996,E1_RF,20260922,True,nested,"[""PN12-3.edf"", ""PN12-4.edf""]"
PN12,PN12-1.2.edf,9295,9285,9295,9235,9295,True,True,False,False,0,9774,-1,ignore,,,0,0.94999999999999996,E1_RF,20260922,True,nested,"[""PN12-3.edf"", ""PN12-4.edf""]"
PN12,PN12-1.2.edf,9300,9290,9300,9240,9300,True,True,False,False,0,9774,-1,ignore,,,0,0.94999999999999996,E1_RF,20260922,True,nested,"[""PN12-3.edf"", ""PN12-4.edf""]"
PN12,PN12-1.2.edf,9305,9295,9305,9245,9305,True,True,False,False,0,9774,-1,ignore,,,0.021175727775506654,0.94999999999999996,E1_RF,20260922,True,nested,"[""PN12-3.edf"", ""PN12-4.edf""]"
PN12,PN12-1.2.edf,9310,9300,9310,9250,9310,True,True,False,False,0,9774,-1,ignore,,,0.0057443609022556396,0.94999999999999996,E1_RF,20260922,True,nested,"[""PN12-3.edf"", ""PN12-4.edf""]"
PN12,PN12-1.2.edf,9315,9305,9315,9255,9315,True,True,False,False,0,9774,-1,ignore,,,0,0.94999999999999996,E1_RF,20260922,True,nested,"[""PN12-3.edf"", ""PN12-4.edf""]"
PN12,PN12-1.2.edf,9320,9310,9320,9260,9320,True,True,False,False,0,9774,-1,ignore,,,0,0.94999999999999996,E1_RF,20260922,True,nested,"[""PN12-3.edf"", ""PN12-4.edf""]"
PN12,PN12-1.2.edf,9325,9315,9325,9265,9325,True,True,False,False,0,9774,-1,ignore,,,0.026799721334282822,0.94999999999999996,E1_RF,20260922,True,nested,"[""PN12-3.edf"", ""PN12-4.edf""]"
PN12,PN12-1.2.edf,9330,9320,9330,9270,9330,True,True,False,False,0,9774,-1,ignore,,,0,0.94999999999999996,E1_RF,20260922,True,nested,"[""PN12-3.edf"", ""PN12-4.edf""]"
PN12,PN12-1.2.edf,9335,9325,9335,9275,9335,True,True,False,False,0,9774,-1,ignore,,,0.0027083333333333334,0.94999999999999996,E1_RF,20260922,True,nested,"[""PN12-3.edf"", ""PN12-4.edf""]"
PN12,PN12-1.2.edf,9340,9330,9340,9280,9340,True,True,False,False,0,9774,-1,ignore,,,0.012359896336920858,0.94999999999999996,E1_RF,20260922,True,nested,"[""PN12-3.edf"", ""PN12-4.edf""]"
PN12,PN12-1.2.edf,9345,9335,9345,9285,9345,True,True,False,False,0,9774,-1,ignore,,,0.027085018386507419,0.94999999999999996,E1_RF,20260922,True,nested,"[""PN12-3.edf"", ""PN12-4.edf""]"
PN12,PN12-1.2.edf,9350,9340,9350,9290,9350,True,True,False,False,0,9774,-1,ignore,,,0.009024324338893875,0.94999999999999996,E1_RF,20260922,True,nested,"[""PN12-3.edf"", ""PN12-4.edf""]"
PN12,PN12-1.2.edf,9355,9345,9355,9295,9355,True,True,False,False,0,9774,-1,ignore,,,0.0062275677739595265,0.94999999999999996,E1_RF,20260922,True,nested,"[""PN12-3.edf"", ""PN12-4.edf""]"
PN12,PN12-1.2.edf,9360,9350,9360,9300,9360,True,True,False,False,0,9774,-1,ignore,,,0.0029629629629629628,0.94999999999999996,E1_RF,20260922,True,nested,"[""PN12-3.edf"", ""PN12-4.edf""]"
PN12,PN12-1.2.edf,9365,9355,9365,9305,9365,True,True,False,False,0,9774,-1,ignore,,,0.0059914529914529913,0.94999999999999996,E1_RF,20260922,True,nested,"[""PN12-3.edf"", ""PN12-4.edf""]"
PN12,PN12-1.2.edf,9370,9360,9370,9310,9370,True,True,False,False,0,9774,-1,ignore,,,0,0.94999999999999996,E1_RF,20260922,True,nested,"[""PN12-3.edf"", ""PN12-4.edf""]"
PN12,PN12-1.2.edf,9375,9365,9375,9315,9375,True,True,False,False,0,9774,-1,ignore,,,0.0031884057971014496,0.94999999999999996,E1_RF,20260922,True,nested,"[""PN12-3.edf"", ""PN12-4.edf""]"
PN12,PN12-1.2.edf,9380,9370,9380,9320,9380,True,True,False,False,0,9774,-1,ignore,,,0,0.94999999999999996,E1_RF,20260922,True,nested,"[""PN12-3.edf"", ""PN12-4.edf""]"
PN12,PN12-1.2.edf,9385,9375,9385,9325,9385,True,True,False,False,0,9774,-1,ignore,,,0,0.94999999999999996,E1_RF,20260922,True,nested,"[""PN12-3.edf"", ""PN12-4.edf""]"
PN12,PN12-1.2.edf,9390,9380,9390,9330,9390,True,True,False,False,0,9774,-1,ignore,,,0,0.94999999999999996,E1_RF,20260922,True,nested,"[""PN12-3.edf"", ""PN12-4.edf""]"
PN12,PN12-1.2.edf,9395,9385,9395,9335,9395,True,True,False,False,0,9774,-1,ignore,,,0,0.94999999999999996,E1_RF,20260922,True,nested,"[""PN12-3.edf"", ""PN12-4.edf""]"
PN12,PN12-1.2.edf,9400,9390,9400,9340,9400,True,True,False,False,0,9774,-1,ignore,,,0,0.94999999999999996,E1_RF,20260922,True,nested,"[""PN12-3.edf"", ""PN12-4.edf""]"
PN12,PN12-1.2.edf,9405,9395,9405,9345,9405,True,True,False,False,0,9774,-1,ignore,,,0,0.94999999999999996,E1_RF,20260922,True,nested,"[""PN12-3.edf"", ""PN12-4.edf""]"
PN12,PN12-1.2.edf,9410,9400,9410,9350,9410,True,True,False,False,0,9774,-1,ignore,,,0.020677852906131517,0.94999999999999996,E1_RF,20260922,True,nested,"[""PN12-3.edf"", ""PN12-4.edf""]"
PN12,PN12-1.2.edf,9415,9405,9415,9355,9415,True,True,False,False,0,9774,-1,ignore,,,0.088417772834370745,0.94999999999999996,E1_RF,20260922,True,nested,"[""PN12-3.edf"", ""PN12-4.edf""]"
PN12,PN12-1.2.edf,9420,9410,9420,9360,9420,True,True,False,False,0,9774,-1,ignore,,,0.067344640366090405,0.94999999999999996,E1_RF,20260922,True,nested,"[""PN12-3.edf"", ""PN12-4.edf""]"
PN12,PN12-1.2.edf,9425,9415,9425,9365,9425,True,True,False,False,0,9774,-1,ignore,,,0.0031343283582089556,0.94999999999999996,E1_RF,20260922,True,nested,"[""PN12-3.edf"", ""PN12-4.edf""]"
PN12,PN12-1.2.edf,9430,9420,9430,9370,9430,True,True,False,False,0,9774,-1,ignore,,,0,0.94999999999999996,E1_RF,20260922,True,nested,"[""PN12-3.edf"", ""PN12-4.edf""]"
PN12,PN12-1.2.edf,9435,9425,9435,9375,9435,True,True,False,False,0,9774,-1,ignore,,,0.0095369224288065751,0.94999999999999996,E1_RF,20260922,True,nested,"[""PN12-3.edf"", ""PN12-4.edf""]"
PN12,PN12-1.2.edf,9440,9430,9440,9380,9440,True,True,False,False,0,9774,-1,ignore,,,0.0031840796019900496,0.94999999999999996,E1_RF,20260922,True,nested,"[""PN12-3.edf"", ""PN12-4.edf""]"
PN12,PN12-1.2.edf,9445,9435,9445,9385,9445,True,True,False,False,0,9774,-1,ignore,,,0,0.94999999999999996,E1_RF,20260922,True,nested,"[""PN12-3.edf"", ""PN12-4.edf""]"
PN12,PN12-1.2.edf,9450,9440,9450,9390,9450,True,True,False,False,0,9774,-1,ignore,,,0,0.94999999999999996,E1_RF,20260922,True,nested,"[""PN12-3.edf"", ""PN12-4.edf""]"
PN12,PN12-1.2.edf,9455,9445,9455,9395,9455,True,True,False,False,0,9774,-1,ignore,,,0.0059914529914529913,0.94999999999999996,E1_RF,20260922,True,nested,"[""PN12-3.edf"", ""PN12-4.edf""]"
PN12,PN12-1.2.edf,9460,9450,9460,9400,9460,True,True,False,False,0,9774,-1,ignore,,,0.042716853149174554,0.94999999999999996,E1_RF,20260922,True,nested,"[""PN12-3.edf"", ""PN12-4.edf""]"
PN12,PN12-1.2.edf,9465,9455,9465,9405,9465,True,True,False,False,0,9774,-1,ignore,,,0.1748000045695729,0.94999999999999996,E1_RF,20260922,True,nested,"[""PN12-3.edf"", ""PN12-4.edf""]"
PN12,PN12-1.2.edf,9470,9460,9470,9410,9470,True,True,False,False,0,9774,-1,ignore,,,0.060701604388933197,0.94999999999999996,E1_RF,20260922,True,nested,"[""PN12-3.edf"", ""PN12-4.edf""]"
PN12,PN12-1.2.edf,9475,9465,9475,9415,9475,True,True,False,False,0,9774,-1,ignore,,,0.18259029383223643,0.94999999999999996,E1_RF,20260922,True,nested,"[""PN12-3.edf"", ""PN12-4.edf""]"
PN12,PN12-1.2.edf,9480,9470,9480,9420,9480,True,True,False,False,0,9774,-1,ignore,,,0,0.94999999999999996,E1_RF,20260922,True,nested,"[""PN12-3.edf"", ""PN12-4.edf""]"
PN12,PN12-1.2.edf,9485,9475,9485,9425,9485,True,True,False,False,0,9774,-1,ignore,,,0.0031884057971014496,0.94999999999999996,E1_RF,20260922,True,nested,"[""PN12-3.edf"", ""PN12-4.edf""]"
PN12,PN12-1.2.edf,9490,9480,9490,9430,9490,True,True,False,False,0,9774,-1,ignore,,,0,0.94999999999999996,E1_RF,20260922,True,nested,"[""PN12-3.edf"", ""PN12-4.edf""]"
PN12,PN12-1.2.edf,9495,9485,9495,9435,9495,True,True,False,False,0,9774,-1,ignore,,,0.0028888888888888892,0.94999999999999996,E1_RF,20260922,True,nested,"[""PN12-3.edf"", ""PN12-4.edf""]"
PN12,PN12-1.2.edf,9500,9490,9500,9440,9500,True,True,False,False,0,9774,-1,ignore,,,0.0028888888888888892,0.94999999999999996,E1_RF,20260922,True,nested,"[""PN12-3.edf"", ""PN12-4.edf""]"
PN12,PN12-1.2.edf,9505,9495,9505,9445,9505,True,True,False,False,0,9774,-1,ignore,,,0.0083452380952380948,0.94999999999999996,E1_RF,20260922,True,nested,"[""PN12-3.edf"", ""PN12-4.edf""]"
PN12,PN12-1.2.edf,9510,9500,9510,9450,9510,True,True,False,False,0,9774,-1,ignore,,,0.024030094668931527,0.94999999999999996,E1_RF,20260922,True,nested,"[""PN12-3.edf"", ""PN12-4.edf""]"
PN12,PN12-1.2.edf,9515,9505,9515,9455,9515,True,True,False,False,0,9774,-1,ignore,,,0.027809703557067411,0.94999999999999996,E1_RF,20260922,True,nested,"[""PN12-3.edf"", ""PN12-4.edf""]"
PN12,PN12-1.2.edf,9520,9510,9520,9460,9520,True,True,False,False,0,9774,-1,ignore,,,0.012269004823234196,0.94999999999999996,E1_RF,20260922,True,nested,"[""PN12-3.edf"", ""PN12-4.edf""]"
PN12,PN12-1.2.edf,9525,9515,9525,9465,9525,True,True,False,False,0,9774,-1,ignore,,,0.0060101010101010098,0.94999999999999996,E1_RF,20260922,True,nested,"[""PN12-3.edf"", ""PN12-4.edf""]"
PN12,PN12-1.2.edf,9530,9520,9530,9470,9530,True,True,False,False,0,9774,-1,ignore,,,0.0064368018812463257,0.94999999999999996,E1_RF,20260922,True,nested,"[""PN12-3.edf"", ""PN12-4.edf""]"
PN12,PN12-1.2.edf,9535,9525,9535,9475,9535,True,True,False,False,0,9774,-1,ignore,,,0.018441446359145176,0.94999999999999996,E1_RF,20260922,True,nested,"[""PN12-3.edf"", ""PN12-4.edf""]"
PN12,PN12-1.2.edf,9540,9530,9540,9480,9540,True,True,False,False,0,9774,-1,ignore,,,0.011635510696176058,0.94999999999999996,E1_RF,20260922,True,nested,"[""PN12-3.edf"", ""PN12-4.edf""]"
PN12,PN12-1.2.edf,9545,9535,9545,9485,9545,True,True,False,False,0,9774,-1,ignore,,,0.0029292929292929291,0.94999999999999996,E1_RF,20260922,True,nested,"[""PN12-3.edf"", ""PN12-4.edf""]"
PN12,PN12-1.2.edf,9550,9540,9550,9490,9550,True,True,False,False,0,9774,-1,ignore,,,0,0.94999999999999996,E1_RF,20260922,True,nested,"[""PN12-3.edf"", ""PN12-4.edf""]"
PN12,PN12-1.2.edf,9555,9545,9555,9495,9555,True,True,False,False,0,9774,-1,ignore,,,0,0.94999999999999996,E1_RF,20260922,True,nested,"[""PN12-3.edf"", ""PN12-4.edf""]"
PN12,PN12-1.2.edf,9560,9550,9560,9500,9560,True,True,False,False,0,9774,-1,ignore,,,0,0.94999999999999996,E1_RF,20260922,True,nested,"[""PN12-3.edf"", ""PN12-4.edf""]"
PN12,PN12-1.2.edf,9565,9555,9565,9505,9565,True,True,False,False,0,9774,-1,ignore,,,0.0029292929292929291,0.94999999999999996,E1_RF,20260922,True,nested,"[""PN12-3.edf"", ""PN12-4.edf""]"
PN12,PN12-1.2.edf,9570,9560,9570,9510,9570,True,True,False,True,1,9774,1,positive,2,,0,0.94999999999999996,E1_RF,20260922,True,nested,"[""PN12-3.edf"", ""PN12-4.edf""]"
PN12,PN12-1.2.edf,9575,9565,9575,9515,9575,True,True,False,True,1,9774,1,positive,2,,0.023548050690940302,0.94999999999999996,E1_RF,20260922,True,nested,"[""PN12-3.edf"", ""PN12-4.edf""]"
PN12,PN12-1.2.edf,9580,9570,9580,9520,9580,True,True,False,True,1,9774,1,positive,2,,0.089340355139055083,0.94999999999999996,E1_RF,20260922,True,nested,"[""PN12-3.edf"", ""PN12-4.edf""]"
PN12,PN12-1.2.edf,9585,9575,9585,9525,9585,True,True,False,True,1,9774,1,positive,2,,0.52237478436467566,0.94999999999999996,E1_RF,20260922,True,nested,"[""PN12-3.edf"", ""PN12-4.edf""]"
PN12,PN12-1.2.edf,9590,9580,9590,9530,9590,True,True,False,True,1,9774,1,positive,2,,0.90578767507574942,0.94999999999999996,E1_RF,20260922,True,nested,"[""PN12-3.edf"", ""PN12-4.edf""]"
PN12,PN12-1.2.edf,9595,9585,9595,9535,9595,True,True,False,True,1,9774,1,positive,2,,0.96305487777897913,0.94999999999999996,E1_RF,20260922,True,nested,"[""PN12-3.edf"", ""PN12-4.edf""]"
PN12,PN12-1.2.edf,9600,9590,9600,9540,9600,True,True,False,True,1,9774,1,positive,2,,0.47231658316534264,0.94999999999999996,E1_RF,20260922,True,nested,"[""PN12-3.edf"", ""PN12-4.edf""]"
PN12,PN12-1.2.edf,9605,9595,9605,9545,9605,True,True,False,True,1,9774,1,positive,2,,0.54200561274285219,0.94999999999999996,E1_RF,20260922,True,nested,"[""PN12-3.edf"", ""PN12-4.edf""]"
PN12,PN12-1.2.edf,9610,9600,9610,9550,9610,True,True,False,True,1,9774,1,positive,2,,0.9597568449710222,0.94999999999999996,E1_RF,20260922,True,nested,"[""PN12-3.edf"", ""PN12-4.edf""]"
PN12,PN12-1.2.edf,9615,9605,9615,9555,9615,True,True,False,True,1,9774,1,positive,2,,0.96008797801839896,0.94999999999999996,E1_RF,20260922,True,nested,"[""PN12-3.edf"", ""PN12-4.edf""]"
PN12,PN12-1.2.edf,9620,9610,9620,9560,9620,True,True,False,True,1,9774,1,positive,2,,0.95316917716136607,0.94999999999999996,E1_RF,20260922,True,nested,"[""PN12-3.edf"", ""PN12-4.edf""]"
PN12,PN12-1.2.edf,9625,9615,9625,9565,9625,True,True,False,True,1,9774,1,positive,2,,0.99582634789479374,0.94999999999999996,E1_RF,20260922,True,nested,"[""PN12-3.edf"", ""PN12-4.edf""]"
PN12,PN12-1.2.edf,9630,9620,9630,9570,9630,True,True,False,True,1,9774,1,positive,2,,0.95577850838620615,0.94999999999999996,E1_RF,20260922,True,nested,"[""PN12-3.edf"", ""PN12-4.edf""]"
PN12,PN12-1.2.edf,9635,9625,9635,9575,9635,True,True,False,True,1,9774,1,positive,2,,0.97142457686648731,0.94999999999999996,E1_RF,20260922,True,nested,"[""PN12-3.edf"", ""PN12-4.edf""]"
PN12,PN12-1.2.edf,9640,9630,9640,9580,9640,True,True,False,False,0,9774,-1,ignore,,,0.81844205218314714,0.94999999999999996,E1_RF,20260922,True,nested,"[""PN12-3.edf"", ""PN12-4.edf""]"
PN12,PN12-1.2.edf,9645,9635,9645,9585,9645,True,True,False,False,0,9774,-1,ignore,,,0.42003422690755587,0.94999999999999996,E1_RF,20260922,True,nested,"[""PN12-3.edf"", ""PN12-4.edf""]"
PN12,PN12-1.2.edf,9650,9640,9650,9590,9650,True,True,False,False,0,9774,-1,ignore,,,0.83856603839275212,0.94999999999999996,E1_RF,20260922,True,nested,"[""PN12-3.edf"", ""PN12-4.edf""]"
PN12,PN12-1.2.edf,9655,9645,9655,9595,9655,True,True,False,False,0,9774,-1,ignore,,,0.4167420753964749,0.94999999999999996,E1_RF,20260922,True,nested,"[""PN12-3.edf"", ""PN12-4.edf""]"
PN12,PN12-1.2.edf,9660,9650,9660,9600,9660,True,True,False,False,0,9774,-1,ignore,,,0.51936243615591371,0.94999999999999996,E1_RF,20260922,True,nested,"[""PN12-3.edf"", ""PN12-4.edf""]"
PN12,PN12-1.2.edf,9665,9655,9665,9605,9665,True,True,False,False,0,9774,-1,ignore,,,0.48166694376236063,0.94999999999999996,E1_RF,20260922,True,nested,"[""PN12-3.edf"", ""PN12-4.edf""]"
PN12,PN12-1.2.edf,9670,9660,9670,9610,9670,True,True,False,False,0,9774,-1,ignore,,,0.34163996758701076,0.94999999999999996,E1_RF,20260922,True,nested,"[""PN12-3.edf"", ""PN12-4.edf""]"
PN12,PN12-1.2.edf,9675,9665,9675,9615,9675,True,True,False,False,0,9774,-1,ignore,,,0.68768902484821881,0.94999999999999996,E1_RF,20260922,True,nested,"[""PN12-3.edf"", ""PN12-4.edf""]"
PN12,PN12-1.2.edf,9680,9670,9680,9620,9680,True,True,False,False,0,9774,-1,ignore,,,0.63431807131903406,0.94999999999999996,E1_RF,20260922,True,nested,"[""PN12-3.edf"", ""PN12-4.edf""]"
PN12,PN12-1.2.edf,9685,9675,9685,9625,9685,True,True,False,False,0,9774,-1,ignore,,,0.43033529585000024,0.94999999999999996,E1_RF,20260922,True,nested,"[""PN12-3.edf"", ""PN12-4.edf""]"
PN12,PN12-1.2.edf,9690,9680,9690,9630,9690,True,True,False,False,0,9774,-1,ignore,,,0.83419450924450322,0.94999999999999996,E1_RF,20260922,True,nested,"[""PN12-3.edf"", ""PN12-4.edf""]"
PN12,PN12-1.2.edf,9695,9685,9695,9635,9695,True,True,False,False,0,9774,-1,ignore,,,0.89122533834134665,0.94999999999999996,E1_RF,20260922,True,nested,"[""PN12-3.edf"", ""PN12-4.edf""]"
PN12,PN12-1.2.edf,9700,9690,9700,9640,9700,True,True,False,False,0,9774,-1,ignore,,,0.82090713734540666,0.94999999999999996,E1_RF,20260922,True,nested,"[""PN12-3.edf"", ""PN12-4.edf""]"
PN12,PN12-1.2.edf,9705,9695,9705,9645,9705,True,True,False,False,0,9774,-1,ignore,,,0.4708880254622223,0.94999999999999996,E1_RF,20260922,True,nested,"[""PN12-3.edf"", ""PN12-4.edf""]"
PN12,PN12-1.2.edf,9710,9700,9710,9650,9710,True,True,False,False,0,9774,-1,ignore,,,0.84649599916074847,0.94999999999999996,E1_RF,20260922,True,nested,"[""PN12-3.edf"", ""PN12-4.edf""]"
PN12,PN12-1.2.edf,9715,9705,9715,9655,9715,True,True,False,False,0,9774,-1,ignore,,,0.54303701745908095,0.94999999999999996,E1_RF,20260922,True,nested,"[""PN12-3.edf"", ""PN12-4.edf""]"
PN12,PN12-1.2.edf,9720,9710,9720,9660,9720,True,True,False,False,0,9774,-1,ignore,,,0.4931285420449556,0.94999999999999996,E1_RF,20260922,True,nested,"[""PN12-3.edf"", ""PN12-4.edf""]"
PN12,PN12-1.2.edf,9725,9715,9725,9665,9725,True,True,False,False,0,9774,-1,ignore,,,0.33316655637505371,0.94999999999999996,E1_RF,20260922,True,nested,"[""PN12-3.edf"", ""PN12-4.edf""]"
PN12,PN12-1.2.edf,9730,9720,9730,9670,9730,True,True,False,False,0,9774,-1,ignore,,,0.42728576174464433,0.94999999999999996,E1_RF,20260922,True,nested,"[""PN12-3.edf"", ""PN12-4.edf""]"
PN12,PN12-1.2.edf,9735,9725,9735,9675,9735,True,True,False,False,0,9774,-1,ignore,,,0.63299689307189089,0.94999999999999996,E1_RF,20260922,True,nested,"[""PN12-3.edf"", ""PN12-4.edf""]"
PN12,PN12-1.2.edf,9740,9730,9740,9680,9740,True,True,False,False,0,9774,-1,ignore,,,0.54006169648014657,0.94999999999999996,E1_RF,20260922,True,nested,"[""PN12-3.edf"", ""PN12-4.edf""]"
PN12,PN12-1.2.edf,9745,9735,9745,9685,9745,True,True,False,False,0,9774,-1,ignore,,,0.48609367578262275,0.94999999999999996,E1_RF,20260922,True,nested,"[""PN12-3.edf"", ""PN12-4.edf""]"
PN12,PN12-1.2.edf,9750,9740,9750,9690,9750,True,True,False,False,0,9774,-1,ignore,,,0.1652551423340419,0.94999999999999996,E1_RF,20260922,True,nested,"[""PN12-3.edf"", ""PN12-4.edf""]"
PN12,PN12-1.2.edf,9755,9745,9755,9695,9755,True,True,False,False,0,9774,-1,ignore,,,0.20560180494098765,0.94999999999999996,E1_RF,20260922,True,nested,"[""PN12-3.edf"", ""PN12-4.edf""]"
PN12,PN12-1.2.edf,9760,9750,9760,9700,9760,True,True,False,False,0,9774,-1,ignore,,,0.27567316056480939,0.94999999999999996,E1_RF,20260922,True,nested,"[""PN12-3.edf"", ""PN12-4.edf""]"
PN12,PN12-1.2.edf,9765,9755,9765,9705,9765,True,True,False,False,0,9774,-1,ignore,,,0.46953758517818783,0.94999999999999996,E1_RF,20260922,True,nested,"[""PN12-3.edf"", ""PN12-4.edf""]"
PN12,PN12-1.2.edf,9770,9760,9770,9710,9770,True,True,False,False,0,9774,-1,ignore,,,0.4797042633435824,0.94999999999999996,E1_RF,20260922,True,nested,"[""PN12-3.edf"", ""PN12-4.edf""]"
PN12,PN12-3.edf,10,0,10,,10,True,False,False,True,0,1989,0,negative,,,0.0048251188925996832,0.84999999999999998,E1_RF,20260922,True,nested,"[""PN12-1.2.edf"", ""PN12-4.edf""]"
PN12,PN12-3.edf,15,5,15,,15,True,False,False,True,0,1989,0,negative,,,0.00019404915912031047,0.84999999999999998,E1_RF,20260922,True,nested,"[""PN12-1.2.edf"", ""PN12-4.edf""]"
PN12,PN12-3.edf,20,10,20,,20,True,False,False,True,0,1989,0,negative,,,0.0030371864140222712,0.84999999999999998,E1_RF,20260922,True,nested,"[""PN12-1.2.edf"", ""PN12-4.edf""]"
PN12,PN12-3.edf,25,15,25,,25,True,False,False,True,0,1989,0,negative,,,0.025911048814346402,0.84999999999999998,E1_RF,20260922,True,nested,"[""PN12-1.2.edf"", ""PN12-4.edf""]"
PN12,PN12-3.edf,30,20,30,,30,True,False,False,True,0,1989,0,negative,,,0.0076132644525871004,0.84999999999999998,E1_RF,20260922,True,nested,"[""PN12-1.2.edf"", ""PN12-4.edf""]"
PN12,PN12-3.edf,35,25,35,,35,True,False,False,True,0,1989,0,negative,,,0.010716827270144252,0.84999999999999998,E1_RF,20260922,True,nested,"[""PN12-1.2.edf"", ""PN12-4.edf""]"
PN12,PN12-3.edf,40,30,40,,40,True,False,False,True,0,1989,0,negative,,,0.037238926940428851,0.84999999999999998,E1_RF,20260922,True,nested,"[""PN12-1.2.edf"", ""PN12-4.edf""]"
PN12,PN12-3.edf,45,35,45,,45,True,False,False,True,0,1989,0,negative,,,0.0019008764683572585,0.84999999999999998,E1_RF,20260922,True,nested,"[""PN12-1.2.edf"", ""PN12-4.edf""]"
PN12,PN12-3.edf,50,40,50,,50,True,False,False,True,0,1989,0,negative,,,0.00019404915912031047,0.84999999999999998,E1_RF,20260922,True,nested,"[""PN12-1.2.edf"", ""PN12-4.edf""]"
PN12,PN12-3.edf,55,45,55,,55,True,False,False,True,0,1989,0,negative,,,0.039789281710032202,0.84999999999999998,E1_RF,20260922,True,nested,"[""PN12-1.2.edf"", ""PN12-4.edf""]"
PN12,PN12-3.edf,60,50,60,0,60,True,True,False,True,0,1989,0,negative,,,0.061779934738129719,0.84999999999999998,E1_RF,20260922,True,nested,"[""PN12-1.2.edf"", ""PN12-4.edf""]"
PN12,PN12-3.edf,65,55,65,5,65,True,True,False,True,0,1989,0,negative,,,0.0005705413537943233,0.84999999999999998,E1_RF,20260922,True,nested,"[""PN12-1.2.edf"", ""PN12-4.edf""]"
PN12,PN12-3.edf,70,60,70,10,70,True,True,False,True,0,1989,0,negative,,,0.00071197744597290013,0.84999999999999998,E1_RF,20260922,True,nested,"[""PN12-1.2.edf"", ""PN12-4.edf""]"
PN12,PN12-3.edf,75,65,75,15,75,True,True,False,True,0,1989,0,negative,,,0.037536612536471343,0.84999999999999998,E1_RF,20260922,True,nested,"[""PN12-1.2.edf"", ""PN12-4.edf""]"
PN12,PN12-3.edf,80,70,80,20,80,True,True,False,True,0,1989,0,negative,,,0.090923485240319721,0.84999999999999998,E1_RF,20260922,True,nested,"[""PN12-1.2.edf"", ""PN12-4.edf""]"
PN12,PN12-3.edf,85,75,85,25,85,True,True,False,True,0,1989,0,negative,,,0.039137848529085195,0.84999999999999998,E1_RF,20260922,True,nested,"[""PN12-1.2.edf"", ""PN12-4.edf""]"
PN12,PN12-3.edf,90,80,90,30,90,True,True,False,True,0,1989,0,negative,,,0.032138825505807551,0.84999999999999998,E1_RF,20260922,True,nested,"[""PN12-1.2.edf"", ""PN12-4.edf""]"
PN12,PN12-3.edf,95,85,95,35,95,True,True,False,True,0,1989,0,negative,,,0.0027976190476190475,0.84999999999999998,E1_RF,20260922,True,nested,"[""PN12-1.2.edf"", ""PN12-4.edf""]"
PN12,PN12-3.edf,100,90,100,40,100,True,True,False,True,0,1989,0,negative,,,0.0035755673587638819,0.84999999999999998,E1_RF,20260922,True,nested,"[""PN12-1.2.edf"", ""PN12-4.edf""]"
PN12,PN12-3.edf,105,95,105,45,105,True,True,False,True,0,1989,0,negative,,,0,0.84999999999999998,E1_RF,20260922,True,nested,"[""PN12-1.2.edf"", ""PN12-4.edf""]"
PN12,PN12-3.edf,110,100,110,50,110,True,True,False,True,0,1989,0,negative,,,0,0.84999999999999998,E1_RF,20260922,True,nested,"[""PN12-1.2.edf"", ""PN12-4.edf""]"
PN12,PN12-3.edf,115,105,115,55,115,True,True,False,True,0,1989,0,negative,,,0,0.84999999999999998,E1_RF,20260922,True,nested,"[""PN12-1.2.edf"", ""PN12-4.edf""]"
PN12,PN12-3.edf,120,110,120,60,120,True,True,False,True,0,1989,0,negative,,,0,0.84999999999999998,E1_RF,20260922,True,nested,"[""PN12-1.2.edf"", ""PN12-4.edf""]"
PN12,PN12-3.edf,125,115,125,65,125,True,True,False,True,0,1989,0,negative,,,0.001366120218579235,0.84999999999999998,E1_RF,20260922,True,nested,"[""PN12-1.2.edf"", ""PN12-4.edf""]"
PN12,PN12-3.edf,130,120,130,70,130,True,True,False,True,0,1989,0,negative,,,0.0031041666666666665,0.84999999999999998,E1_RF,20260922,True,nested,"[""PN12-1.2.edf"", ""PN12-4.edf""]"
PN12,PN12-3.edf,135,125,135,75,135,True,True,False,True,0,1989,0,negative,,,0,0.84999999999999998,E1_RF,20260922,True,nested,"[""PN12-1.2.edf"", ""PN12-4.edf""]"
PN12,PN12-3.edf,140,130,140,80,140,True,True,False,True,0,1989,0,negative,,,0,0.84999999999999998,E1_RF,20260922,True,nested,"[""PN12-1.2.edf"", ""PN12-4.edf""]"
PN12,PN12-3.edf,145,135,145,85,145,True,True,False,True,0,1989,0,negative,,,0.001366120218579235,0.84999999999999998,E1_RF,20260922,True,nested,"[""PN12-1.2.edf"", ""PN12-4.edf""]"
PN12,PN12-3.edf,150,140,150,90,150,True,True,False,True,0,1989,0,negative,,,0.022381321842905946,0.84999999999999998,E1_RF,20260922,True,nested,"[""PN12-1.2.edf"", ""PN12-4.edf""]"
PN12,PN12-3.edf,155,145,155,95,155,True,True,False,True,0,1989,0,negative,,,0.2674752447055746,0.84999999999999998,E1_RF,20260922,True,nested,"[""PN12-1.2.edf"", ""PN12-4.edf""]"
PN12,PN12-3.edf,160,150,160,100,160,True,True,False,True,0,1989,0,negative,,,0.205580185365831,0.84999999999999998,E1_RF,20260922,True,nested,"[""PN12-1.2.edf"", ""PN12-4.edf""]"
PN12,PN12-3.edf,165,155,165,105,165,True,True,False,True,0,1989,0,negative,,,0.025721052509258015,0.84999999999999998,E1_RF,20260922,True,nested,"[""PN12-1.2.edf"", ""PN12-4.edf""]"
PN12,PN12-3.edf,170,160,170,110,170,True,True,False,True,0,1989,0,negative,,,0.11536867062076385,0.84999999999999998,E1_RF,20260922,True,nested,"[""PN12-1.2.edf"", ""PN12-4.edf""]"
PN12,PN12-3.edf,175,165,175,115,175,True,True,False,True,0,1989,0,negative,,,0.010284056876101001,0.84999999999999998,E1_RF,20260922,True,nested,"[""PN12-1.2.edf"", ""PN12-4.edf""]"
PN12,PN12-3.edf,180,170,180,120,180,True,True,False,True,0,1989,0,negative,,,0.070631282148754665,0.84999999999999998,E1_RF,20260922,True,nested,"[""PN12-1.2.edf"", ""PN12-4.edf""]"
PN12,PN12-3.edf,185,175,185,125,185,True,True,False,True,0,1989,0,negative,,,0.079502028361714813,0.84999999999999998,E1_RF,20260922,True,nested,"[""PN12-1.2.edf"", ""PN12-4.edf""]"
PN12,PN12-3.edf,190,180,190,130,190,True,True,False,True,0,1989,0,negative,,,0.055461201925296751,0.84999999999999998,E1_RF,20260922,True,nested,"[""PN12-1.2.edf"", ""PN12-4.edf""]"
PN12,PN12-3.edf,195,185,195,135,195,True,True,False,True,0,1989,0,negative,,,0.0055181645322990198,0.84999999999999998,E1_RF,20260922,True,nested,"[""PN12-1.2.edf"", ""PN12-4.edf""]"
PN12,PN12-3.edf,200,190,200,140,200,True,True,False,True,0,1989,0,negative,,,0.0058223104056437398,0.84999999999999998,E1_RF,20260922,True,nested,"[""PN12-1.2.edf"", ""PN12-4.edf""]"
PN12,PN12-3.edf,205,195,205,145,205,True,True,False,True,0,1989,0,negative,,,0.01149629159686631,0.84999999999999998,E1_RF,20260922,True,nested,"[""PN12-1.2.edf"", ""PN12-4.edf""]"
PN12,PN12-3.edf,210,200,210,150,210,True,True,False,True,0,1989,0,negative,,,0.13242433484731728,0.84999999999999998,E1_RF,20260922,True,nested,"[""PN12-1.2.edf"", ""PN12-4.edf""]"
PN12,PN12-3.edf,215,205,215,155,215,True,True,False,True,0,1989,0,negative,,,0.14594224969858119,0.84999999999999998,E1_RF,20260922,True,nested,"[""PN12-1.2.edf"", ""PN12-4.edf""]"
PN12,PN12-3.edf,220,210,220,160,220,True,True,False,True,0,1989,0,negative,,,0.0041232479065008761,0.84999999999999998,E1_RF,20260922,True,nested,"[""PN12-1.2.edf"", ""PN12-4.edf""]"
PN12,PN12-3.edf,225,215,225,165,225,True,True,False,True,0,1989,0,negative,,,0.011819883706745971,0.84999999999999998,E1_RF,20260922,True,nested,"[""PN12-1.2.edf"", ""PN12-4.edf""]"
PN12,PN12-3.edf,230,220,230,170,230,True,True,False,True,0,1989,0,negative,,,0.15662662410694195,0.84999999999999998,E1_RF,20260922,True,nested,"[""PN12-1.2.edf"", ""PN12-4.edf""]"
PN12,PN12-3.edf,235,225,235,175,235,True,True,False,True,0,1989,0,negative,,,0.075288810476480172,0.84999999999999998,E1_RF,20260922,True,nested,"[""PN12-1.2.edf"", ""PN12-4.edf""]"
PN12,PN12-3.edf,240,230,240,180,240,True,True,False,True,0,1989,0,negative,,,0.0058669528320239835,0.84999999999999998,E1_RF,20260922,True,nested,"[""PN12-1.2.edf"", ""PN12-4.edf""]"
PN12,PN12-3.edf,245,235,245,185,245,True,True,False,True,0,1989,0,negative,,,0.011793110591515076,0.84999999999999998,E1_RF,20260922,True,nested,"[""PN12-1.2.edf"", ""PN12-4.edf""]"
PN12,PN12-3.edf,250,240,250,190,250,True,True,False,True,0,1989,0,negative,,,0.12948706055126399,0.84999999999999998,E1_RF,20260922,True,nested,"[""PN12-1.2.edf"", ""PN12-4.edf""]"
PN12,PN12-3.edf,255,245,255,195,255,True,True,False,True,0,1989,0,negative,,,0.12169908458985337,0.84999999999999998,E1_RF,20260922,True,nested,"[""PN12-1.2.edf"", ""PN12-4.edf""]"
PN12,PN12-3.edf,260,250,260,200,260,True,True,False,True,0,1989,0,negative,,,0.0058867043574573263,0.84999999999999998,E1_RF,20260922,True,nested,"[""PN12-1.2.edf"", ""PN12-4.edf""]"
PN12,PN12-3.edf,265,255,265,205,265,True,True,False,True,0,1989,0,negative,,,0.10946229214253217,0.84999999999999998,E1_RF,20260922,True,nested,"[""PN12-1.2.edf"", ""PN12-4.edf""]"
PN12,PN12-3.edf,270,260,270,210,270,True,True,False,True,0,1989,0,negative,,,0.099572671142264313,0.84999999999999998,E1_RF,20260922,True,nested,"[""PN12-1.2.edf"", ""PN12-4.edf""]"
PN12,PN12-3.edf,275,265,275,215,275,True,True,False,True,0,1989,0,negative,,,0.0082527446853057698,0.84999999999999998,E1_RF,20260922,True,nested,"[""PN12-1.2.edf"", ""PN12-4.edf""]"
PN12,PN12-3.edf,280,270,280,220,280,True,True,False,True,0,1989,0,negative,,,0.012007143826777394,0.84999999999999998,E1_RF,20260922,True,nested,"[""PN12-1.2.edf"", ""PN12-4.edf""]"
PN12,PN12-3.edf,285,275,285,225,285,True,True,False,True,0,1989,0,negative,,,0.00019404915912031047,0.84999999999999998,E1_RF,20260922,True,nested,"[""PN12-1.2.edf"", ""PN12-4.edf""]"
PN12,PN12-3.edf,290,280,290,230,290,True,True,False,True,0,1989,0,negative,,,0.0064526189183216898,0.84999999999999998,E1_RF,20260922,True,nested,"[""PN12-1.2.edf"", ""PN12-4.edf""]"
PN12,PN12-3.edf,295,285,295,235,295,True,True,False,True,0,1989,0,negative,,,0.084615558384176365,0.84999999999999998,E1_RF,20260922,True,nested,"[""PN12-1.2.edf"", ""PN12-4.edf""]"
PN12,PN12-3.edf,300,290,300,240,300,True,True,False,True,0,1989,0,negative,,,0.014771717467340195,0.84999999999999998,E1_RF,20260922,True,nested,"[""PN12-1.2.edf"", ""PN12-4.edf""]"
PN12,PN12-3.edf,305,295,305,245,305,True,True,False,True,0,1989,0,negative,,,0.001366120218579235,0.84999999999999998,E1_RF,20260922,True,nested,"[""PN12-1.2.edf"", ""PN12-4.edf""]"
PN12,PN12-3.edf,310,300,310,250,310,True,True,False,True,0,1989,0,negative,,,0.001366120218579235,0.84999999999999998,E1_RF,20260922,True,nested,"[""PN12-1.2.edf"", ""PN12-4.edf""]"
PN12,PN12-3.edf,315,305,315,255,315,True,True,False,True,0,1989,0,negative,,,0.001366120218579235,0.84999999999999998,E1_RF,20260922,True,nested,"[""PN12-1.2.edf"", ""PN12-4.edf""]"
PN12,PN12-3.edf,320,310,320,260,320,True,True,False,True,0,1989,0,negative,,,0.0030843706777316736,0.84999999999999998,E1_RF,20260922,True,nested,"[""PN12-1.2.edf"", ""PN12-4.edf""]"
PN12,PN12-3.edf,325,315,325,265,325,True,True,False,True,0,1989,0,negative,,,0.10233502151034671,0.84999999999999998,E1_RF,20260922,True,nested,"[""PN12-1.2.edf"", ""PN12-4.edf""]"
PN12,PN12-3.edf,330,320,330,270,330,True,True,False,True,0,1989,0,negative,,,0.29185698599932763,0.84999999999999998,E1_RF,20260922,True,nested,"[""PN12-1.2.edf"", ""PN12-4.edf""]"
PN12,PN12-3.edf,335,325,335,275,335,True,True,False,True,0,1989,0,negative,,,0.78188345849108132,0.84999999999999998,E1_RF,20260922,True,nested,"[""PN12-1.2.edf"", ""PN12-4.edf""]"
PN12,PN12-3.edf,340,330,340,280,340,True,True,False,True,0,1989,0,negative,,,0.29169517482681423,0.84999999999999998,E1_RF,20260922,True,nested,"[""PN12-1.2.edf"", ""PN12-4.edf""]"
PN12,PN12-3.edf,345,335,345,285,345,True,True,False,True,0,1989,0,negative,,,0.050310507826704411,0.84999999999999998,E1_RF,20260922,True,nested,"[""PN12-1.2.edf"", ""PN12-4.edf""]"
PN12,PN12-3.edf,350,340,350,290,350,True,True,False,True,0,1989,0,negative,,,0.018069136628506025,0.84999999999999998,E1_RF,20260922,True,nested,"[""PN12-1.2.edf"", ""PN12-4.edf""]"
PN12,PN12-3.edf,355,345,355,295,355,True,True,False,True,0,1989,0,negative,,,0.0031018505775600269,0.84999999999999998,E1_RF,20260922,True,nested,"[""PN12-1.2.edf"", ""PN12-4.edf""]"
PN12,PN12-3.edf,360,350,360,300,360,True,True,False,True,0,1989,0,negative,,,0.0015601693776995454,0.84999999999999998,E1_RF,20260922,True,nested,"[""PN12-1.2.edf"", ""PN12-4.edf""]"
PN12,PN12-3.edf,365,355,365,305,365,True,True,False,True,0,1989,0,negative,,,0.016700569525255542,0.84999999999999998,E1_RF,20260922,True,nested,"[""PN12-1.2.edf"", ""PN12-4.edf""]"
PN12,PN12-3.edf,370,360,370,310,370,True,True,False,True,0,1989,0,negative,,,0.053405609561915965,0.84999999999999998,E1_RF,20260922,True,nested,"[""PN12-1.2.edf"", ""PN12-4.edf""]"
PN12,PN12-3.edf,375,365,375,315,375,True,True,False,True,0,1989,0,negative,,,0.040465926771234534,0.84999999999999998,E1_RF,20260922,True,nested,"[""PN12-1.2.edf"", ""PN12-4.edf""]"
PN12,PN12-3.edf,380,370,380,320,380,True,True,False,True,0,1989,0,negative,,,0.17555874873787436,0.84999999999999998,E1_RF,20260922,True,nested,"[""PN12-1.2.edf"", ""PN12-4.edf""]"
PN12,PN12-3.edf,385,375,385,325,385,True,True,False,True,0,1989,0,negative,,,0.10839930379897175,0.84999999999999998,E1_RF,20260922,True,nested,"[""PN12-1.2.edf"", ""PN12-4.edf""]"
PN12,PN12-3.edf,390,380,390,330,390,True,True,False,True,0,1989,0,negative,,,0.034869710435019734,0.84999999999999998,E1_RF,20260922,True,nested,"[""PN12-1.2.edf"", ""PN12-4.edf""]"
PN12,PN12-3.edf,395,385,395,335,395,True,True,False,True,0,1989,0,negative,,,0.015446188374635709,0.84999999999999998,E1_RF,20260922,True,nested,"[""PN12-1.2.edf"", ""PN12-4.edf""]"
PN12,PN12-3.edf,400,390,400,340,400,True,True,False,True,0,1989,0,negative,,,0.0015601693776995454,0.84999999999999998,E1_RF,20260922,True,nested,"[""PN12-1.2.edf"", ""PN12-4.edf""]"
PN12,PN12-3.edf,405,395,405,345,405,True,True,False,True,0,1989,0,negative,,,0.001366120218579235,0.84999999999999998,E1_RF,20260922,True,nested,"[""PN12-1.2.edf"", ""PN12-4.edf""]"
PN12,PN12-3.edf,410,400,410,350,410,True,True,False,True,0,1989,0,negative,,,0.037068673951564698,0.84999999999999998,E1_RF,20260922,True,nested,"[""PN12-1.2.edf"", ""PN12-4.edf""]"
PN12,PN12-3.edf,415,405,415,355,415,True,True,False,True,0,1989,0,negative,,,0.0072539728233667394,0.84999999999999998,E1_RF,20260922,True,nested,"[""PN12-1.2.edf"", ""PN12-4.edf""]"
PN12,PN12-3.edf,420,410,420,360,420,True,True,False,True,0,1989,0,negative,,,0.0005705413537943233,0.84999999999999998,E1_RF,20260922,True,nested,"[""PN12-1.2.edf"", ""PN12-4.edf""]"
PN12,PN12-3.edf,425,415,425,365,425,True,True,False,True,0,1989,0,negative,,,0.0005705413537943233,0.84999999999999998,E1_RF,20260922,True,nested,"[""PN12-1.2.edf"", ""PN12-4.edf""]"
PN12,PN12-3.edf,430,420,430,370,430,True,True,False,True,0,1989,0,negative,,,0.00019404915912031047,0.84999999999999998,E1_RF,20260922,True,nested,"[""PN12-1.2.edf"", ""PN12-4.edf""]"
PN12,PN12-3.edf,435,425,435,375,435,True,True,False,True,0,1989,0,negative,,,0.00019404915912031047,0.84999999999999998,E1_RF,20260922,True,nested,"[""PN12-1.2.edf"", ""PN12-4.edf""]"
PN12,PN12-3.edf,440,430,440,380,440,True,True,False,True,0,1989,0,negative,,,0.0005705413537943233,0.84999999999999998,E1_RF,20260922,True,nested,"[""PN12-1.2.edf"", ""PN12-4.edf""]"
PN12,PN12-3.edf,445,435,445,385,445,True,True,False,True,0,1989,0,negative,,,0.0353291050541076,0.84999999999999998,E1_RF,20260922,True,nested,"[""PN12-1.2.edf"", ""PN12-4.edf""]"
PN12,PN12-3.edf,450,440,450,390,450,True,True,False,True,0,1989,0,negative,,,0.001283373777856694,0.84999999999999998,E1_RF,20260922,True,nested,"[""PN12-1.2.edf"", ""PN12-4.edf""]"
PN12,PN12-3.edf,455,445,455,395,455,True,True,False,True,0,1989,0,negative,,,0.10030482097475463,0.84999999999999998,E1_RF,20260922,True,nested,"[""PN12-1.2.edf"", ""PN12-4.edf""]"
PN12,PN12-3.edf,460,450,460,400,460,True,True,False,True,0,1989,0,negative,,,0.055630224301810159,0.84999999999999998,E1_RF,20260922,True,nested,"[""PN12-1.2.edf"", ""PN12-4.edf""]"
PN12,PN12-3.edf,465,455,465,405,465,True,True,False,True,0,1989,0,negative,,,0.0071857041652188206,0.84999999999999998,E1_RF,20260922,True,nested,"[""PN12-1.2.edf"", ""PN12-4.edf""]"
PN12,PN12-3.edf,470,460,470,410,470,True,True,False,True,0,1989,0,negative,,,0.045385909095477295,0.84999999999999998,E1_RF,20260922,True,nested,"[""PN12-1.2.edf"", ""PN12-4.edf""]"
PN12,PN12-3.edf,475,465,475,415,475,True,True,False,False,0,1989,-1,ignore,,,0.092244028051149868,0.84999999999999998,E1_RF,20260922,True,nested,"[""PN12-1.2.edf"", ""PN12-4.edf""]"
PN12,PN12-3.edf,480,470,480,420,480,True,True,False,False,0,1989,-1,ignore,,,0.26847617518691741,0.84999999999999998,E1_RF,20260922,True,nested,"[""PN12-1.2.edf"", ""PN12-4.edf""]"
PN12,PN12-3.edf,485,475,485,425,485,True,True,False,False,0,1989,-1,ignore,,,0.29709131439288317,0.84999999999999998,E1_RF,20260922,True,nested,"[""PN12-1.2.edf"", ""PN12-4.edf""]"
PN12,PN12-3.edf,490,480,490,430,490,True,True,False,False,0,1989,-1,ignore,,,0.055104432861109082,0.84999999999999998,E1_RF,20260922,True,nested,"[""PN12-1.2.edf"", ""PN12-4.edf""]"
PN12,PN12-3.edf,495,485,495,435,495,True,True,False,False,0,1989,-1,ignore,,,0.097002101045874492,0.84999999999999998,E1_RF,20260922,True,nested,"[""PN12-1.2.edf"", ""PN12-4.edf""]"
PN12,PN12-3.edf,500,490,500,440,500,True,True,False,False,0,1989,-1,ignore,,,0.03120245684135399,0.84999999999999998,E1_RF,20260922,True,nested,"[""PN12-1.2.edf"", ""PN12-4.edf""]"
PN12,PN12-3.edf,505,495,505,445,505,True,True,False,False,0,1989,-1,ignore,,,0.16964110619731854,0.84999999999999998,E1_RF,20260922,True,nested,"[""PN12-1.2.edf"", ""PN12-4.edf""]"
PN12,PN12-3.edf,510,500,510,450,510,True,True,False,False,0,1989,-1,ignore,,,0.037835390550390653,0.84999999999999998,E1_RF,20260922,True,nested,"[""PN12-1.2.edf"", ""PN12-4.edf""]"
PN12,PN12-3.edf,515,505,515,455,515,True,True,False,False,0,1989,-1,ignore,,,0.0005705413537943233,0.84999999999999998,E1_RF,20260922,True,nested,"[""PN12-1.2.edf"", ""PN12-4.edf""]"
PN12,PN12-3.edf,520,510,520,460,520,True,True,False,False,0,1989,-1,ignore,,,0.028829525167719593,0.84999999999999998,E1_RF,20260922,True,nested,"[""PN12-1.2.edf"", ""PN12-4.edf""]"
PN12,PN12-3.edf,525,515,525,465,525,True,True,False,False,0,1989,-1,ignore,,,0.0075318586584460856,0.84999999999999998,E1_RF,20260922,True,nested,"[""PN12-1.2.edf"", ""PN12-4.edf""]"
PN12,PN12-3.edf,530,520,530,470,530,True,True,False,False,0,1989,-1,ignore,,,0.018589995018908029,0.84999999999999998,E1_RF,20260922,True,nested,"[""PN12-1.2.edf"", ""PN12-4.edf""]"
PN12,PN12-3.edf,535,525,535,475,535,True,True,False,False,0,1989,-1,ignore,,,0.0087464581174758697,0.84999999999999998,E1_RF,20260922,True,nested,"[""PN12-1.2.edf"", ""PN12-4.edf""]"
PN12,PN12-3.edf,540,530,540,480,540,True,True,False,False,0,1989,-1,ignore,,,0.0041232479065008761,0.84999999999999998,E1_RF,20260922,True,nested,"[""PN12-1.2.edf"", ""PN12-4.edf""]"
PN12,PN12-3.edf,545,535,545,485,545,True,True,False,False,0,1989,-1,ignore,,,0.024161996139889355,0.84999999999999998,E1_RF,20260922,True,nested,"[""PN12-1.2.edf"", ""PN12-4.edf""]"
PN12,PN12-3.edf,550,540,550,490,550,True,True,False,False,0,1989,-1,ignore,,,0.045972090571353499,0.84999999999999998,E1_RF,20260922,True,nested,"[""PN12-1.2.edf"", ""PN12-4.edf""]"
PN12,PN12-3.edf,555,545,555,495,555,True,True,False,False,0,1989,-1,ignore,,,0.049109061887163616,0.84999999999999998,E1_RF,20260922,True,nested,"[""PN12-1.2.edf"", ""PN12-4.edf""]"
PN12,PN12-3.edf,560,550,560,500,560,True,True,False,False,0,1989,-1,ignore,,,0.0038482504596863711,0.84999999999999998,E1_RF,20260922,True,nested,"[""PN12-1.2.edf"", ""PN12-4.edf""]"
PN12,PN12-3.edf,565,555,565,505,565,True,True,False,False,0,1989,-1,ignore,,,0.0038482504596863711,0.84999999999999998,E1_RF,20260922,True,nested,"[""PN12-1.2.edf"", ""PN12-4.edf""]"
PN12,PN12-3.edf,570,560,570,510,570,True,True,False,False,0,1989,-1,ignore,,,0.044102185221241562,0.84999999999999998,E1_RF,20260922,True,nested,"[""PN12-1.2.edf"", ""PN12-4.edf""]"
PN12,PN12-3.edf,575,565,575,515,575,True,True,False,False,0,1989,-1,ignore,,,0.035203213698681103,0.84999999999999998,E1_RF,20260922,True,nested,"[""PN12-1.2.edf"", ""PN12-4.edf""]"
PN12,PN12-3.edf,580,570,580,520,580,True,True,False,False,0,1989,-1,ignore,,,0.010274714855952979,0.84999999999999998,E1_RF,20260922,True,nested,"[""PN12-1.2.edf"", ""PN12-4.edf""]"
PN12,PN12-3.edf,585,575,585,525,585,True,True,False,False,0,1989,-1,ignore,,,0.0095434413098999596,0.84999999999999998,E1_RF,20260922,True,nested,"[""PN12-1.2.edf"", ""PN12-4.edf""]"
PN12,PN12-3.edf,590,580,590,530,590,True,True,False,False,0,1989,-1,ignore,,,0.0038482504596863711,0.84999999999999998,E1_RF,20260922,True,nested,"[""PN12-1.2.edf"", ""PN12-4.edf""]"
PN12,PN12-3.edf,595,585,595,535,595,True,True,False,False,0,1989,-1,ignore,,,0.0038067873084868795,0.84999999999999998,E1_RF,20260922,True,nested,"[""PN12-1.2.edf"", ""PN12-4.edf""]"
PN12,PN12-3.edf,600,590,600,540,600,True,True,False,False,0,1989,-1,ignore,,,0.045397895100059954,0.84999999999999998,E1_RF,20260922,True,nested,"[""PN12-1.2.edf"", ""PN12-4.edf""]"
PN12,PN12-3.edf,605,595,605,545,605,True,True,False,False,0,1989,-1,ignore,,,0.1684919151965317,0.84999999999999998,E1_RF,20260922,True,nested,"[""PN12-1.2.edf"", ""PN12-4.edf""]"
PN12,PN12-3.edf,610,600,610,550,610,True,True,False,False,0,1989,-1,ignore,,,0.26016202275933009,0.84999999999999998,E1_RF,20260922,True,nested,"[""PN12-1.2.edf"", ""PN12-4.edf""]"
PN12,PN12-3.edf,615,605,615,555,615,True,True,False,False,0,1989,-1,ignore,,,0.023889573554575726,0.84999999999999998,E1_RF,20260922,True,nested,"[""PN12-1.2.edf"", ""PN12-4.edf""]"
PN12,PN12-3.edf,620,610,620,560,620,True,True,False,False,0,1989,-1,ignore,,,0.23823428521721415,0.84999999999999998,E1_RF,20260922,True,nested,"[""PN12-1.2.edf"", ""PN12-4.edf""]"
PN12,PN12-3.edf,625,615,625,565,625,True,True,False,False,0,1989,-1,ignore,,,0.019769750359174273,0.84999999999999998,E1_RF,20260922,True,nested,"[""PN12-1.2.edf"", ""PN12-4.edf""]"
PN12,PN12-3.edf,630,620,630,570,630,True,True,False,False,0,1989,-1,ignore,,,0,0.84999999999999998,E1_RF,20260922,True,nested,"[""PN12-1.2.edf"", ""PN12-4.edf""]"
PN12,PN12-3.edf,635,625,635,575,635,True,True,False,False,0,1989,-1,ignore,,,0,0.84999999999999998,E1_RF,20260922,True,nested,"[""PN12-1.2.edf"", ""PN12-4.edf""]"
PN12,PN12-3.edf,640,630,640,580,640,True,True,False,False,0,1989,-1,ignore,,,0,0.84999999999999998,E1_RF,20260922,True,nested,"[""PN12-1.2.edf"", ""PN12-4.edf""]"
PN12,PN12-3.edf,645,635,645,585,645,True,True,False,False,0,1989,-1,ignore,,,0,0.84999999999999998,E1_RF,20260922,True,nested,"[""PN12-1.2.edf"", ""PN12-4.edf""]"
PN12,PN12-3.edf,650,640,650,590,650,True,True,False,False,0,1989,-1,ignore,,,0.016517536857625557,0.84999999999999998,E1_RF,20260922,True,nested,"[""PN12-1.2.edf"", ""PN12-4.edf""]"
PN12,PN12-3.edf,655,645,655,595,655,True,True,False,False,0,1989,-1,ignore,,,0.015236493117593926,0.84999999999999998,E1_RF,20260922,True,nested,"[""PN12-1.2.edf"", ""PN12-4.edf""]"
PN12,PN12-3.edf,660,650,660,600,660,True,True,False,False,0,1989,-1,ignore,,,0.081507974343012282,0.84999999999999998,E1_RF,20260922,True,nested,"[""PN12-1.2.edf"", ""PN12-4.edf""]"
PN12,PN12-3.edf,665,655,665,605,665,True,True,False,False,0,1989,-1,ignore,,,0.0038702013359041072,0.84999999999999998,E1_RF,20260922,True,nested,"[""PN12-1.2.edf"", ""PN12-4.edf""]"
PN12,PN12-3.edf,670,660,670,610,670,True,True,False,False,0,1989,-1,ignore,,,0.020290737511237087,0.84999999999999998,E1_RF,20260922,True,nested,"[""PN12-1.2.edf"", ""PN12-4.edf""]"
PN12,PN12-3.edf,675,665,675,615,675,True,True,False,False,0,1989,-1,ignore,,,0.017819251424727525,0.84999999999999998,E1_RF,20260922,True,nested,"[""PN12-1.2.edf"", ""PN12-4.edf""]"
PN12,PN12-3.edf,680,670,680,620,680,True,True,False,False,0,1989,-1,ignore,,,0.0033522730490515174,0.84999999999999998,E1_RF,20260922,True,nested,"[""PN12-1.2.edf"", ""PN12-4.edf""]"
PN12,PN12-3.edf,685,675,685,625,685,True,True,False,False,0,1989,-1,ignore,,,0.0005705413537943233,0.84999999999999998,E1_RF,20260922,True,nested,"[""PN12-1.2.edf"", ""PN12-4.edf""]"
PN12,PN12-3.edf,690,680,690,630,690,True,True,False,False,0,1989,-1,ignore,,,0.0091949459347206441,0.84999999999999998,E1_RF,20260922,True,nested,"[""PN12-1.2.edf"", ""PN12-4.edf""]"
PN12,PN12-3.edf,695,685,695,635,695,True,True,False,False,0,1989,-1,ignore,,,0.0058033022248951153,0.84999999999999998,E1_RF,20260922,True,nested,"[""PN12-1.2.edf"", ""PN12-4.edf""]"
PN12,PN12-3.edf,700,690,700,640,700,True,True,False,False,0,1989,-1,ignore,,,0.0061797944195691283,0.84999999999999998,E1_RF,20260922,True,nested,"[""PN12-1.2.edf"", ""PN12-4.edf""]"
PN12,PN12-3.edf,705,695,705,645,705,True,True,False,False,0,1989,-1,ignore,,,0.0005705413537943233,0.84999999999999998,E1_RF,20260922,True,nested,"[""PN12-1.2.edf"", ""PN12-4.edf""]"
PN12,PN12-3.edf,710,700,710,650,710,True,True,False,False,0,1989,-1,ignore,,,0.0005705413537943233,0.84999999999999998,E1_RF,20260922,True,nested,"[""PN12-1.2.edf"", ""PN12-4.edf""]"
PN12,PN12-3.edf,715,705,715,655,715,True,True,False,False,0,1989,-1,ignore,,,0.04375349310587983,0.84999999999999998,E1_RF,20260922,True,nested,"[""PN12-1.2.edf"", ""PN12-4.edf""]"
PN12,PN12-3.edf,720,710,720,660,720,True,True,False,False,0,1989,-1,ignore,,,0.023258874940695461,0.84999999999999998,E1_RF,20260922,True,nested,"[""PN12-1.2.edf"", ""PN12-4.edf""]"
PN12,PN12-3.edf,725,715,725,665,725,True,True,False,False,0,1989,-1,ignore,,,0.0027976190476190475,0.84999999999999998,E1_RF,20260922,True,nested,"[""PN12-1.2.edf"", ""PN12-4.edf""]"
PN12,PN12-3.edf,730,720,730,670,730,True,True,False,False,0,1989,-1,ignore,,,0,0.84999999999999998,E1_RF,20260922,True,nested,"[""PN12-1.2.edf"", ""PN12-4.edf""]"
PN12,PN12-3.edf,735,725,735,675,735,True,True,False,False,0,1989,-1,ignore,,,0.01553422199929971,0.84999999999999998,E1_RF,20260922,True,nested,"[""PN12-1.2.edf"", ""PN12-4.edf""]"
PN12,PN12-3.edf,740,730,740,680,740,True,True,False,False,0,1989,-1,ignore,,,0.0059737196765498653,0.84999999999999998,E1_RF,20260922,True,nested,"[""PN12-1.2.edf"", ""PN12-4.edf""]"
PN12,PN12-3.edf,745,735,745,685,745,True,True,False,False,0,1989,-1,ignore,,,0,0.84999999999999998,E1_RF,20260922,True,nested,"[""PN12-1.2.edf"", ""PN12-4.edf""]"
PN12,PN12-3.edf,750,740,750,690,750,True,True,False,False,0,1989,-1,ignore,,,0,0.84999999999999998,E1_RF,20260922,True,nested,"[""PN12-1.2.edf"", ""PN12-4.edf""]"
PN12,PN12-3.edf,755,745,755,695,755,True,True,False,False,0,1989,-1,ignore,,,0.012538906480448222,0.84999999999999998,E1_RF,20260922,True,nested,"[""PN12-1.2.edf"", ""PN12-4.edf""]"
PN12,PN12-3.edf,760,750,760,700,760,True,True,False,False,0,1989,-1,ignore,,,0.085603726881205142,0.84999999999999998,E1_RF,20260922,True,nested,"[""PN12-1.2.edf"", ""PN12-4.edf""]"
PN12,PN12-3.edf,765,755,765,705,765,True,True,False,False,0,1989,-1,ignore,,,0.035129108482857614,0.84999999999999998,E1_RF,20260922,True,nested,"[""PN12-1.2.edf"", ""PN12-4.edf""]"
PN12,PN12-3.edf,770,760,770,710,770,True,True,False,False,0,1989,-1,ignore,,,0.045525293215211454,0.84999999999999998,E1_RF,20260922,True,nested,"[""PN12-1.2.edf"", ""PN12-4.edf""]"
PN12,PN12-3.edf,775,765,775,715,775,True,True,False,True,1,1989,1,positive,3,,0.27730625721681901,0.84999999999999998,E1_RF,20260922,True,nested,"[""PN12-1.2.edf"", ""PN12-4.edf""]"
PN12,PN12-3.edf,780,770,780,720,780,True,True,False,True,1,1989,1,positive,3,,0.75796257570017755,0.84999999999999998,E1_RF,20260922,True,nested,"[""PN12-1.2.edf"", ""PN12-4.edf""]"
PN12,PN12-3.edf,785,775,785,725,785,True,True,False,True,1,1989,1,positive,3,,0.99241894649176066,0.84999999999999998,E1_RF,20260922,True,nested,"[""PN12-1.2.edf"", ""PN12-4.edf""]"
PN12,PN12-3.edf,790,780,790,730,790,True,True,False,True,1,1989,1,positive,3,,0.93430689303657288,0.84999999999999998,E1_RF,20260922,True,nested,"[""PN12-1.2.edf"", ""PN12-4.edf""]"
PN12,PN12-3.edf,795,785,795,735,795,True,True,False,True,1,1989,1,positive,3,,0.37911741906850177,0.84999999999999998,E1_RF,20260922,True,nested,"[""PN12-1.2.edf"", ""PN12-4.edf""]"
PN12,PN12-3.edf,800,790,800,740,800,True,True,False,True,1,1989,1,positive,3,,0.90622049431950624,0.84999999999999998,E1_RF,20260922,True,nested,"[""PN12-1.2.edf"", ""PN12-4.edf""]"
PN12,PN12-3.edf,805,795,805,745,805,True,True,False,True,1,1989,1,positive,3,,0.86968530228088547,0.84999999999999998,E1_RF,20260922,True,nested,"[""PN12-1.2.edf"", ""PN12-4.edf""]"
PN12,PN12-3.edf,810,800,810,750,810,True,True,False,True,1,1989,1,positive,3,,0.93786809613835453,0.84999999999999998,E1_RF,20260922,True,nested,"[""PN12-1.2.edf"", ""PN12-4.edf""]"
PN12,PN12-3.edf,815,805,815,755,815,True,True,False,True,1,1989,1,positive,3,,0.90206301137445866,0.84999999999999998,E1_RF,20260922,True,nested,"[""PN12-1.2.edf"", ""PN12-4.edf""]"
PN12,PN12-3.edf,820,810,820,760,820,True,True,False,True,1,1989,1,positive,3,,0.98720475356107973,0.84999999999999998,E1_RF,20260922,True,nested,"[""PN12-1.2.edf"", ""PN12-4.edf""]"
PN12,PN12-3.edf,825,815,825,765,825,True,True,False,True,1,1989,1,positive,3,,0.45094745828245586,0.84999999999999998,E1_RF,20260922,True,nested,"[""PN12-1.2.edf"", ""PN12-4.edf""]"
PN12,PN12-3.edf,830,820,830,770,830,True,True,False,True,1,1989,1,positive,3,,0.19173620203586844,0.84999999999999998,E1_RF,20260922,True,nested,"[""PN12-1.2.edf"", ""PN12-4.edf""]"
PN12,PN12-3.edf,835,825,835,775,835,True,True,False,True,1,1989,1,positive,3,,0.18718677006383574,0.84999999999999998,E1_RF,20260922,True,nested,"[""PN12-1.2.edf"", ""PN12-4.edf""]"
PN12,PN12-3.edf,840,830,840,780,840,True,True,False,True,1,1989,1,positive,3,,0.24478416392285582,0.84999999999999998,E1_RF,20260922,True,nested,"[""PN12-1.2.edf"", ""PN12-4.edf""]"
PN12,PN12-3.edf,845,835,845,785,845,True,True,False,True,1,1989,1,positive,3,,0.21978352354161232,0.84999999999999998,E1_RF,20260922,True,nested,"[""PN12-1.2.edf"", ""PN12-4.edf""]"
PN12,PN12-3.edf,850,840,850,790,850,True,True,False,True,1,1989,1,positive,3,,0.36011517976612883,0.84999999999999998,E1_RF,20260922,True,nested,"[""PN12-1.2.edf"", ""PN12-4.edf""]"
PN12,PN12-3.edf,855,845,855,795,855,True,True,False,True,1,1989,1,positive,3,,0.18369727389777821,0.84999999999999998,E1_RF,20260922,True,nested,"[""PN12-1.2.edf"", ""PN12-4.edf""]"
PN12,PN12-3.edf,860,850,860,800,860,True,True,False,True,1,1989,1,positive,3,,0.31618676921855871,0.84999999999999998,E1_RF,20260922,True,nested,"[""PN12-1.2.edf"", ""PN12-4.edf""]"
PN12,PN12-3.edf,865,855,865,805,865,True,True,False,True,1,1989,1,positive,3,,0.30676020134872195,0.84999999999999998,E1_RF,20260922,True,nested,"[""PN12-1.2.edf"", ""PN12-4.edf""]"
PN12,PN12-3.edf,870,860,870,810,870,True,True,False,False,0,1989,-1,ignore,,,0.32825423353219024,0.84999999999999998,E1_RF,20260922,True,nested,"[""PN12-1.2.edf"", ""PN12-4.edf""]"
PN12,PN12-3.edf,875,865,875,815,875,True,True,False,False,0,1989,-1,ignore,,,0.48718386245176704,0.84999999999999998,E1_RF,20260922,True,nested,"[""PN12-1.2.edf"", ""PN12-4.edf""]"
PN12,PN12-3.edf,880,870,880,820,880,True,True,False,False,0,1989,-1,ignore,,,0.24797897199712168,0.84999999999999998,E1_RF,20260922,True,nested,"[""PN12-1.2.edf"", ""PN12-4.edf""]"
PN12,PN12-3.edf,885,875,885,825,885,True,True,False,False,0,1989,-1,ignore,,,0.13316156794062095,0.84999999999999998,E1_RF,20260922,True,nested,"[""PN12-1.2.edf"", ""PN12-4.edf""]"
PN12,PN12-3.edf,890,880,890,830,890,True,True,False,False,0,1989,-1,ignore,,,0.26276026692239135,0.84999999999999998,E1_RF,20260922,True,nested,"[""PN12-1.2.edf"", ""PN12-4.edf""]"
PN12,PN12-3.edf,895,885,895,835,895,True,True,False,False,0,1989,-1,ignore,,,0.44747430184115766,0.84999999999999998,E1_RF,20260922,True,nested,"[""PN12-1.2.edf"", ""PN12-4.edf""]"
PN12,PN12-3.edf,900,890,900,840,900,True,True,False,False,0,1989,-1,ignore,,,0.10084424333712326,0.84999999999999998,E1_RF,20260922,True,nested,"[""PN12-1.2.edf"", ""PN12-4.edf""]"
PN12,PN12-3.edf,905,895,905,845,905,True,True,False,False,0,1989,-1,ignore,,,0.12160774304372263,0.84999999999999998,E1_RF,20260922,True,nested,"[""PN12-1.2.edf"", ""PN12-4.edf""]"
PN12,PN12-3.edf,910,900,910,850,910,True,True,False,False,0,1989,-1,ignore,,,0.1124466130725469,0.84999999999999998,E1_RF,20260922,True,nested,"[""PN12-1.2.edf"", ""PN12-4.edf""]"
PN12,PN12-3.edf,915,905,915,855,915,True,True,False,False,0,1989,-1,ignore,,,0.28710406081113521,0.84999999999999998,E1_RF,20260922,True,nested,"[""PN12-1.2.edf"", ""PN12-4.edf""]"
PN12,PN12-3.edf,920,910,920,860,920,True,True,False,False,0,1989,-1,ignore,,,0.155324012898504,0.84999999999999998,E1_RF,20260922,True,nested,"[""PN12-1.2.edf"", ""PN12-4.edf""]"
PN12,PN12-3.edf,925,915,925,865,925,True,True,False,False,0,1989,-1,ignore,,,0.04246133592790291,0.84999999999999998,E1_RF,20260922,True,nested,"[""PN12-1.2.edf"", ""PN12-4.edf""]"
PN12,PN12-3.edf,930,920,930,870,930,True,True,False,False,0,1989,-1,ignore,,,0.10482158841772966,0.84999999999999998,E1_RF,20260922,True,nested,"[""PN12-1.2.edf"", ""PN12-4.edf""]"
PN12,PN12-3.edf,935,925,935,875,935,True,True,False,False,0,1989,-1,ignore,,,0.081201792888727781,0.84999999999999998,E1_RF,20260922,True,nested,"[""PN12-1.2.edf"", ""PN12-4.edf""]"
PN12,PN12-3.edf,940,930,940,880,940,True,True,False,False,0,1989,-1,ignore,,,0.21527560581769412,0.84999999999999998,E1_RF,20260922,True,nested,"[""PN12-1.2.edf"", ""PN12-4.edf""]"
PN12,PN12-3.edf,945,935,945,885,945,True,True,False,False,0,1989,-1,ignore,,,0.055055684661171632,0.84999999999999998,E1_RF,20260922,True,nested,"[""PN12-1.2.edf"", ""PN12-4.edf""]"
PN12,PN12-3.edf,950,940,950,890,950,True,True,False,False,0,1989,-1,ignore,,,0.11656951690162025,0.84999999999999998,E1_RF,20260922,True,nested,"[""PN12-1.2.edf"", ""PN12-4.edf""]"
PN12,PN12-3.edf,955,945,955,895,955,True,True,False,False,0,1989,-1,ignore,,,0.095142961352785049,0.84999999999999998,E1_RF,20260922,True,nested,"[""PN12-1.2.edf"", ""PN12-4.edf""]"
PN12,PN12-3.edf,960,950,960,900,960,True,True,False,False,0,1989,-1,ignore,,,0.0043919267469209209,0.84999999999999998,E1_RF,20260922,True,nested,"[""PN12-1.2.edf"", ""PN12-4.edf""]"
PN12,PN12-3.edf,965,955,965,905,965,True,True,False,False,0,1989,-1,ignore,,,0.024542841068941286,0.84999999999999998,E1_RF,20260922,True,nested,"[""PN12-1.2.edf"", ""PN12-4.edf""]"
PN12,PN12-3.edf,970,960,970,910,970,True,True,False,False,0,1989,-1,ignore,,,0.18251976937054279,0.84999999999999998,E1_RF,20260922,True,nested,"[""PN12-1.2.edf"", ""PN12-4.edf""]"
PN12,PN12-3.edf,975,965,975,915,975,True,True,False,False,0,1989,-1,ignore,,,0.095133805903413068,0.84999999999999998,E1_RF,20260922,True,nested,"[""PN12-1.2.edf"", ""PN12-4.edf""]"
PN12,PN12-3.edf,980,970,980,920,980,True,True,False,False,0,1989,-1,ignore,,,0.11449282073078763,0.84999999999999998,E1_RF,20260922,True,nested,"[""PN12-1.2.edf"", ""PN12-4.edf""]"
PN12,PN12-3.edf,985,975,985,925,985,True,True,False,False,0,1989,-1,ignore,,,0.11972769729950557,0.84999999999999998,E1_RF,20260922,True,nested,"[""PN12-1.2.edf"", ""PN12-4.edf""]"
PN12,PN12-3.edf,990,980,990,930,990,True,True,False,False,0,1989,-1,ignore,,,0.16357152306699727,0.84999999999999998,E1_RF,20260922,True,nested,"[""PN12-1.2.edf"", ""PN12-4.edf""]"
PN12,PN12-3.edf,995,985,995,935,995,True,True,False,False,0,1989,-1,ignore,,,0.1123495853659444,0.84999999999999998,E1_RF,20260922,True,nested,"[""PN12-1.2.edf"", ""PN12-4.edf""]"
PN12,PN12-3.edf,1000,990,1000,940,1000,True,True,False,False,0,1989,-1,ignore,,,0.1147194536838932,0.84999999999999998,E1_RF,20260922,True,nested,"[""PN12-1.2.edf"", ""PN12-4.edf""]"
PN12,PN12-3.edf,1005,995,1005,945,1005,True,True,False,False,0,1989,-1,ignore,,,0.046911463831199256,0.84999999999999998,E1_RF,20260922,True,nested,"[""PN12-1.2.edf"", ""PN12-4.edf""]"
PN12,PN12-3.edf,1010,1000,1010,950,1010,True,True,False,False,0,1989,-1,ignore,,,0.12649188104382367,0.84999999999999998,E1_RF,20260922,True,nested,"[""PN12-1.2.edf"", ""PN12-4.edf""]"
PN12,PN12-3.edf,1015,1005,1015,955,1015,True,True,False,False,0,1989,-1,ignore,,,0.041342783590801901,0.84999999999999998,E1_RF,20260922,True,nested,"[""PN12-1.2.edf"", ""PN12-4.edf""]"
PN12,PN12-3.edf,1020,1010,1020,960,1020,True,True,False,False,0,1989,-1,ignore,,,0.22094783923350439,0.84999999999999998,E1_RF,20260922,True,nested,"[""PN12-1.2.edf"", ""PN12-4.edf""]"
PN12,PN12-3.edf,1025,1015,1025,965,1025,True,True,False,False,0,1989,-1,ignore,,,0.14306283479198839,0.84999999999999998,E1_RF,20260922,True,nested,"[""PN12-1.2.edf"", ""PN12-4.edf""]"
PN12,PN12-3.edf,1030,1020,1030,970,1030,True,True,False,False,0,1989,-1,ignore,,,0.036665581009085416,0.84999999999999998,E1_RF,20260922,True,nested,"[""PN12-1.2.edf"", ""PN12-4.edf""]"
PN12,PN12-3.edf,1035,1025,1035,975,1035,True,True,False,False,0,1989,-1,ignore,,,0.28085505048313336,0.84999999999999998,E1_RF,20260922,True,nested,"[""PN12-1.2.edf"", ""PN12-4.edf""]"
PN12,PN12-3.edf,1040,1030,1040,980,1040,True,True,False,False,0,1989,-1,ignore,,,0.19656150412247769,0.84999999999999998,E1_RF,20260922,True,nested,"[""PN12-1.2.edf"", ""PN12-4.edf""]"
PN12,PN12-3.edf,1045,1035,1045,985,1045,True,True,False,False,0,1989,-1,ignore,,,0.011196063717703274,0.84999999999999998,E1_RF,20260922,True,nested,"[""PN12-1.2.edf"", ""PN12-4.edf""]"
PN12,PN12-3.edf,1050,1040,1050,990,1050,True,True,False,False,0,1989,-1,ignore,,,0.0058020287969506945,0.84999999999999998,E1_RF,20260922,True,nested,"[""PN12-1.2.edf"", ""PN12-4.edf""]"
PN12,PN12-3.edf,1055,1045,1055,995,1055,True,True,False,False,0,1989,-1,ignore,,,0.18230050947630791,0.84999999999999998,E1_RF,20260922,True,nested,"[""PN12-1.2.edf"", ""PN12-4.edf""]"
PN12,PN12-3.edf,1060,1050,1060,1000,1060,True,True,False,False,0,1989,-1,ignore,,,0.22359715150909509,0.84999999999999998,E1_RF,20260922,True,nested,"[""PN12-1.2.edf"", ""PN12-4.edf""]"
PN12,PN12-3.edf,1065,1055,1065,1005,1065,True,True,False,False,0,1989,-1,ignore,,,0.11301858907294658,0.84999999999999998,E1_RF,20260922,True,nested,"[""PN12-1.2.edf"", ""PN12-4.edf""]"
PN12,PN12-3.edf,1070,1060,1070,1010,1070,True,True,False,False,0,1989,-1,ignore,,,0.010629181464934488,0.84999999999999998,E1_RF,20260922,True,nested,"[""PN12-1.2.edf"", ""PN12-4.edf""]"
PN12,PN12-3.edf,1075,1065,1075,1015,1075,True,True,False,False,0,1989,-1,ignore,,,0.075595574494900619,0.84999999999999998,E1_RF,20260922,True,nested,"[""PN12-1.2.edf"", ""PN12-4.edf""]"
PN12,PN12-3.edf,1080,1070,1080,1020,1080,True,True,False,False,0,1989,-1,ignore,,,0.075016606918717046,0.84999999999999998,E1_RF,20260922,True,nested,"[""PN12-1.2.edf"", ""PN12-4.edf""]"
PN12,PN12-3.edf,1085,1075,1085,1025,1085,True,True,False,False,0,1989,-1,ignore,,,0.029040257649070617,0.84999999999999998,E1_RF,20260922,True,nested,"[""PN12-1.2.edf"", ""PN12-4.edf""]"
PN12,PN12-3.edf,1090,1080,1090,1030,1090,True,True,False,False,0,1989,-1,ignore,,,0.12764688266923921,0.84999999999999998,E1_RF,20260922,True,nested,"[""PN12-1.2.edf"", ""PN12-4.edf""]"
PN12,PN12-3.edf,1095,1085,1095,1035,1095,True,True,False,False,0,1989,-1,ignore,,,0.2222113644244024,0.84999999999999998,E1_RF,20260922,True,nested,"[""PN12-1.2.edf"", ""PN12-4.edf""]"
PN12,PN12-3.edf,1100,1090,1100,1040,1100,True,True,False,False,0,1989,-1,ignore,,,0.18723453052680006,0.84999999999999998,E1_RF,20260922,True,nested,"[""PN12-1.2.edf"", ""PN12-4.edf""]"
PN12,PN12-3.edf,1105,1095,1105,1045,1105,True,True,False,False,0,1989,-1,ignore,,,0.16090921673157504,0.84999999999999998,E1_RF,20260922,True,nested,"[""PN12-1.2.edf"", ""PN12-4.edf""]"
PN12,PN12-3.edf,1110,1100,1110,1050,1110,True,True,False,False,0,1989,-1,ignore,,,0.034323000724230369,0.84999999999999998,E1_RF,20260922,True,nested,"[""PN12-1.2.edf"", ""PN12-4.edf""]"
PN12,PN12-3.edf,1115,1105,1115,1055,1115,True,True,False,False,0,1989,-1,ignore,,,0.035800450478187862,0.84999999999999998,E1_RF,20260922,True,nested,"[""PN12-1.2.edf"", ""PN12-4.edf""]"
PN12,PN12-3.edf,1120,1110,1120,1060,1120,True,True,False,False,0,1989,-1,ignore,,,0.02788563206745388,0.84999999999999998,E1_RF,20260922,True,nested,"[""PN12-1.2.edf"", ""PN12-4.edf""]"
PN12,PN12-3.edf,1125,1115,1125,1065,1125,True,True,False,False,0,1989,-1,ignore,,,0.034497105660432077,0.84999999999999998,E1_RF,20260922,True,nested,"[""PN12-1.2.edf"", ""PN12-4.edf""]"
PN12,PN12-3.edf,1130,1120,1130,1070,1130,True,True,False,False,0,1989,-1,ignore,,,0.22492177246287176,0.84999999999999998,E1_RF,20260922,True,nested,"[""PN12-1.2.edf"", ""PN12-4.edf""]"
PN12,PN12-3.edf,1135,1125,1135,1075,1135,True,True,False,False,0,1989,-1,ignore,,,0.12999403803794107,0.84999999999999998,E1_RF,20260922,True,nested,"[""PN12-1.2.edf"", ""PN12-4.edf""]"
PN12,PN12-3.edf,1140,1130,1140,1080,1140,True,True,False,False,0,1989,-1,ignore,,,0.14279665521530732,0.84999999999999998,E1_RF,20260922,True,nested,"[""PN12-1.2.edf"", ""PN12-4.edf""]"
PN12,PN12-3.edf,1145,1135,1145,1085,1145,True,True,False,False,0,1989,-1,ignore,,,0.035651008895487939,0.84999999999999998,E1_RF,20260922,True,nested,"[""PN12-1.2.edf"", ""PN12-4.edf""]"
PN12,PN12-3.edf,1150,1140,1150,1090,1150,True,True,False,False,0,1989,-1,ignore,,,0.10714817549309236,0.84999999999999998,E1_RF,20260922,True,nested,"[""PN12-1.2.edf"", ""PN12-4.edf""]"
PN12,PN12-3.edf,1155,1145,1155,1095,1155,True,True,False,False,0,1989,-1,ignore,,,0.051939524097707475,0.84999999999999998,E1_RF,20260922,True,nested,"[""PN12-1.2.edf"", ""PN12-4.edf""]"
PN12,PN12-3.edf,1160,1150,1160,1100,1160,True,True,False,False,0,1989,-1,ignore,,,0.047258397857956144,0.84999999999999998,E1_RF,20260922,True,nested,"[""PN12-1.2.edf"", ""PN12-4.edf""]"
PN12,PN12-3.edf,1165,1155,1165,1105,1165,True,True,False,False,0,1989,-1,ignore,,,0.14940049296881622,0.84999999999999998,E1_RF,20260922,True,nested,"[""PN12-1.2.edf"", ""PN12-4.edf""]"
PN12,PN12-3.edf,1170,1160,1170,1110,1170,True,True,False,True,0,1989,0,negative,,,0.13219590073596643,0.84999999999999998,E1_RF,20260922,True,nested,"[""PN12-1.2.edf"", ""PN12-4.edf""]"
PN12,PN12-3.edf,1175,1165,1175,1115,1175,True,True,False,True,0,1989,0,negative,,,0.081866038830273324,0.84999999999999998,E1_RF,20260922,True,nested,"[""PN12-1.2.edf"", ""PN12-4.edf""]"
PN12,PN12-3.edf,1180,1170,1180,1120,1180,True,True,False,True,0,1989,0,negative,,,0.19245707413353064,0.84999999999999998,E1_RF,20260922,True,nested,"[""PN12-1.2.edf"", ""PN12-4.edf""]"
PN12,PN12-3.edf,1185,1175,1185,1125,1185,True,True,False,True,0,1989,0,negative,,,0.43707671054323904,0.84999999999999998,E1_RF,20260922,True,nested,"[""PN12-1.2.edf"", ""PN12-4.edf""]"
PN12,PN12-3.edf,1190,1180,1190,1130,1190,True,True,False,True,0,1989,0,negative,,,0.30721506939566479,0.84999999999999998,E1_RF,20260922,True,nested,"[""PN12-1.2.edf"", ""PN12-4.edf""]"
PN12,PN12-3.edf,1195,1185,1195,1135,1195,True,True,False,True,0,1989,0,negative,,,0.30503114899057687,0.84999999999999998,E1_RF,20260922,True,nested,"[""PN12-1.2.edf"", ""PN12-4.edf""]"
PN12,PN12-3.edf,1200,1190,1200,1140,1200,True,True,False,True,0,1989,0,negative,,,0.16401505822283774,0.84999999999999998,E1_RF,20260922,True,nested,"[""PN12-1.2.edf"", ""PN12-4.edf""]"
PN12,PN12-3.edf,1205,1195,1205,1145,1205,True,True,False,True,0,1989,0,negative,,,0.37406379128893286,0.84999999999999998,E1_RF,20260922,True,nested,"[""PN12-1.2.edf"", ""PN12-4.edf""]"
PN12,PN12-3.edf,1210,1200,1210,1150,1210,True,True,False,True,0,1989,0,negative,,,0.12860049440328664,0.84999999999999998,E1_RF,20260922,True,nested,"[""PN12-1.2.edf"", ""PN12-4.edf""]"
PN12,PN12-3.edf,1215,1205,1215,1155,1215,True,True,False,True,0,1989,0,negative,,,0.044514442411269076,0.84999999999999998,E1_RF,20260922,True,nested,"[""PN12-1.2.edf"", ""PN12-4.edf""]"
PN12,PN12-3.edf,1220,1210,1220,1160,1220,True,True,False,True,0,1989,0,negative,,,0.064924888191807875,0.84999999999999998,E1_RF,20260922,True,nested,"[""PN12-1.2.edf"", ""PN12-4.edf""]"
PN12,PN12-3.edf,1225,1215,1225,1165,1225,True,True,False,True,0,1989,0,negative,,,0.063466612137260695,0.84999999999999998,E1_RF,20260922,True,nested,"[""PN12-1.2.edf"", ""PN12-4.edf""]"
PN12,PN12-3.edf,1230,1220,1230,1170,1230,True,True,False,True,0,1989,0,negative,,,0.045992862254904739,0.84999999999999998,E1_RF,20260922,True,nested,"[""PN12-1.2.edf"", ""PN12-4.edf""]"
PN12,PN12-3.edf,1235,1225,1235,1175,1235,True,True,False,True,0,1989,0,negative,,,0.05589001731498449,0.84999999999999998,E1_RF,20260922,True,nested,"[""PN12-1.2.edf"", ""PN12-4.edf""]"
PN12,PN12-3.edf,1240,1230,1240,1180,1240,True,True,False,True,0,1989,0,negative,,,0.16528458055299705,0.84999999999999998,E1_RF,20260922,True,nested,"[""PN12-1.2.edf"", ""PN12-4.edf""]"
PN12,PN12-3.edf,1245,1235,1245,1185,1245,True,True,False,True,0,1989,0,negative,,,0.36614265104936811,0.84999999999999998,E1_RF,20260922,True,nested,"[""PN12-1.2.edf"", ""PN12-4.edf""]"
PN12,PN12-3.edf,1250,1240,1250,1190,1250,True,True,False,True,0,1989,0,negative,,,0.37139287048359826,0.84999999999999998,E1_RF,20260922,True,nested,"[""PN12-1.2.edf"", ""PN12-4.edf""]"
PN12,PN12-3.edf,1255,1245,1255,1195,1255,True,True,False,True,0,1989,0,negative,,,0.051557914350301888,0.84999999999999998,E1_RF,20260922,True,nested,"[""PN12-1.2.edf"", ""PN12-4.edf""]"
PN12,PN12-3.edf,1260,1250,1260,1200,1260,True,True,False,True,0,1989,0,negative,,,0.21595521139137755,0.84999999999999998,E1_RF,20260922,True,nested,"[""PN12-1.2.edf"", ""PN12-4.edf""]"
PN12,PN12-3.edf,1265,1255,1265,1205,1265,True,True,False,True,0,1989,0,negative,,,0.06628564557598092,0.84999999999999998,E1_RF,20260922,True,nested,"[""PN12-1.2.edf"", ""PN12-4.edf""]"
PN12,PN12-3.edf,1270,1260,1270,1210,1270,True,True,False,True,0,1989,0,negative,,,0.24467204148574059,0.84999999999999998,E1_RF,20260922,True,nested,"[""PN12-1.2.edf"", ""PN12-4.edf""]"
PN12,PN12-3.edf,1275,1265,1275,1215,1275,True,True,False,True,0,1989,0,negative,,,0.2038129049243734,0.84999999999999998,E1_RF,20260922,True,nested,"[""PN12-1.2.edf"", ""PN12-4.edf""]"
PN12,PN12-3.edf,1280,1270,1280,1220,1280,True,True,False,True,0,1989,0,negative,,,0.049044210236452203,0.84999999999999998,E1_RF,20260922,True,nested,"[""PN12-1.2.edf"", ""PN12-4.edf""]"
PN12,PN12-3.edf,1285,1275,1285,1225,1285,True,True,False,True,0,1989,0,negative,,,0.12545207732366803,0.84999999999999998,E1_RF,20260922,True,nested,"[""PN12-1.2.edf"", ""PN12-4.edf""]"
PN12,PN12-3.edf,1290,1280,1290,1230,1290,True,True,False,True,0,1989,0,negative,,,0.031389632559945924,0.84999999999999998,E1_RF,20260922,True,nested,"[""PN12-1.2.edf"", ""PN12-4.edf""]"
PN12,PN12-3.edf,1295,1285,1295,1235,1295,True,True,False,True,0,1989,0,negative,,,0.071119299551891724,0.84999999999999998,E1_RF,20260922,True,nested,"[""PN12-1.2.edf"", ""PN12-4.edf""]"
PN12,PN12-3.edf,1300,1290,1300,1240,1300,True,True,False,True,0,1989,0,negative,,,0.10733066465969311,0.84999999999999998,E1_RF,20260922,True,nested,"[""PN12-1.2.edf"", ""PN12-4.edf""]"
PN12,PN12-3.edf,1305,1295,1305,1245,1305,True,True,False,True,0,1989,0,negative,,,0.062183479339976762,0.84999999999999998,E1_RF,20260922,True,nested,"[""PN12-1.2.edf"", ""PN12-4.edf""]"
PN12,PN12-3.edf,1310,1300,1310,1250,1310,True,True,False,True,0,1989,0,negative,,,0.14238378750890818,0.84999999999999998,E1_RF,20260922,True,nested,"[""PN12-1.2.edf"", ""PN12-4.edf""]"
PN12,PN12-3.edf,1315,1305,1315,1255,1315,True,True,False,True,0,1989,0,negative,,,0.044958867735728811,0.84999999999999998,E1_RF,20260922,True,nested,"[""PN12-1.2.edf"", ""PN12-4.edf""]"
PN12,PN12-3.edf,1320,1310,1320,1260,1320,True,True,False,True,0,1989,0,negative,,,0.022452542637583704,0.84999999999999998,E1_RF,20260922,True,nested,"[""PN12-1.2.edf"", ""PN12-4.edf""]"
PN12,PN12-3.edf,1325,1315,1325,1265,1325,True,True,False,True,0,1989,0,negative,,,0.096669431706885495,0.84999999999999998,E1_RF,20260922,True,nested,"[""PN12-1.2.edf"", ""PN12-4.edf""]"
PN12,PN12-3.edf,1330,1320,1330,1270,1330,True,True,False,True,0,1989,0,negative,,,0.01092737589298599,0.84999999999999998,E1_RF,20260922,True,nested,"[""PN12-1.2.edf"", ""PN12-4.edf""]"
PN12,PN12-3.edf,1335,1325,1335,1275,1335,True,True,False,True,0,1989,0,negative,,,0.032601894373837995,0.84999999999999998,E1_RF,20260922,True,nested,"[""PN12-1.2.edf"", ""PN12-4.edf""]"
PN12,PN12-3.edf,1340,1330,1340,1280,1340,True,True,False,True,0,1989,0,negative,,,0.011662483502554655,0.84999999999999998,E1_RF,20260922,True,nested,"[""PN12-1.2.edf"", ""PN12-4.edf""]"
PN12,PN12-3.edf,1345,1335,1345,1285,1345,True,True,False,True,0,1989,0,negative,,,0.058200065258455475,0.84999999999999998,E1_RF,20260922,True,nested,"[""PN12-1.2.edf"", ""PN12-4.edf""]"
PN12,PN12-3.edf,1350,1340,1350,1290,1350,True,True,False,True,0,1989,0,negative,,,0.039450453452787526,0.84999999999999998,E1_RF,20260922,True,nested,"[""PN12-1.2.edf"", ""PN12-4.edf""]"
PN12,PN12-3.edf,1355,1345,1355,1295,1355,True,True,False,True,0,1989,0,negative,,,0.061856243661280508,0.84999999999999998,E1_RF,20260922,True,nested,"[""PN12-1.2.edf"", ""PN12-4.edf""]"
PN12,PN12-3.edf,1360,1350,1360,1300,1360,True,True,False,True,0,1989,0,negative,,,0.071949590393487181,0.84999999999999998,E1_RF,20260922,True,nested,"[""PN12-1.2.edf"", ""PN12-4.edf""]"
PN12,PN12-3.edf,1365,1355,1365,1305,1365,True,True,False,True,0,1989,0,negative,,,0.044506981370791822,0.84999999999999998,E1_RF,20260922,True,nested,"[""PN12-1.2.edf"", ""PN12-4.edf""]"
PN12,PN12-3.edf,1370,1360,1370,1310,1370,True,True,False,True,0,1989,0,negative,,,0.036051033939312374,0.84999999999999998,E1_RF,20260922,True,nested,"[""PN12-1.2.edf"", ""PN12-4.edf""]"
PN12,PN12-3.edf,1375,1365,1375,1315,1375,True,True,False,True,0,1989,0,negative,,,0.067308313938226005,0.84999999999999998,E1_RF,20260922,True,nested,"[""PN12-1.2.edf"", ""PN12-4.edf""]"
PN12,PN12-3.edf,1380,1370,1380,1320,1380,True,True,False,True,0,1989,0,negative,,,0.045306401369047879,0.84999999999999998,E1_RF,20260922,True,nested,"[""PN12-1.2.edf"", ""PN12-4.edf""]"
PN12,PN12-3.edf,1385,1375,1385,1325,1385,True,True,False,True,0,1989,0,negative,,,0.042544276583134033,0.84999999999999998,E1_RF,20260922,True,nested,"[""PN12-1.2.edf"", ""PN12-4.edf""]"
PN12,PN12-3.edf,1390,1380,1390,1330,1390,True,True,False,True,0,1989,0,negative,,,0.025110684007184383,0.84999999999999998,E1_RF,20260922,True,nested,"[""PN12-1.2.edf"", ""PN12-4.edf""]"
PN12,PN12-3.edf,1395,1385,1395,1335,1395,True,True,False,True,0,1989,0,negative,,,0.052466953337830982,0.84999999999999998,E1_RF,20260922,True,nested,"[""PN12-1.2.edf"", ""PN12-4.edf""]"
PN12,PN12-3.edf,1400,1390,1400,1340,1400,True,True,False,True,0,1989,0,negative,,,0.10937584725719093,0.84999999999999998,E1_RF,20260922,True,nested,"[""PN12-1.2.edf"", ""PN12-4.edf""]"
PN12,PN12-3.edf,1405,1395,1405,1345,1405,True,True,False,True,0,1989,0,negative,,,0.058109875810396297,0.84999999999999998,E1_RF,20260922,True,nested,"[""PN12-1.2.edf"", ""PN12-4.edf""]"
PN12,PN12-3.edf,1410,1400,1410,1350,1410,True,True,False,True,0,1989,0,negative,,,0.014212884144700517,0.84999999999999998,E1_RF,20260922,True,nested,"[""PN12-1.2.edf"", ""PN12-4.edf""]"
PN12,PN12-3.edf,1415,1405,1415,1355,1415,True,True,False,True,0,1989,0,negative,,,0.011701222907361449,0.84999999999999998,E1_RF,20260922,True,nested,"[""PN12-1.2.edf"", ""PN12-4.edf""]"
PN12,PN12-3.edf,1420,1410,1420,1360,1420,True,True,False,True,0,1989,0,negative,,,0.0042541495525540377,0.84999999999999998,E1_RF,20260922,True,nested,"[""PN12-1.2.edf"", ""PN12-4.edf""]"
PN12,PN12-3.edf,1425,1415,1425,1365,1425,True,True,False,True,0,1989,0,negative,,,0.01039176149482986,0.84999999999999998,E1_RF,20260922,True,nested,"[""PN12-1.2.edf"", ""PN12-4.edf""]"
PN12,PN12-3.edf,1430,1420,1430,1370,1430,True,True,False,True,0,1989,0,negative,,,0.044100719679759051,0.84999999999999998,E1_RF,20260922,True,nested,"[""PN12-1.2.edf"", ""PN12-4.edf""]"
PN12,PN12-3.edf,1435,1425,1435,1375,1435,True,True,False,True,0,1989,0,negative,,,0.15549742117820992,0.84999999999999998,E1_RF,20260922,True,nested,"[""PN12-1.2.edf"", ""PN12-4.edf""]"
PN12,PN12-3.edf,1440,1430,1440,1380,1440,True,True,False,True,0,1989,0,negative,,,0.040617851432134866,0.84999999999999998,E1_RF,20260922,True,nested,"[""PN12-1.2.edf"", ""PN12-4.edf""]"
PN12,PN12-3.edf,1445,1435,1445,1385,1445,True,True,False,True,0,1989,0,negative,,,0.82719985528562978,0.84999999999999998,E1_RF,20260922,True,nested,"[""PN12-1.2.edf"", ""PN12-4.edf""]"
PN12,PN12-3.edf,1450,1440,1450,1390,1450,True,True,False,True,0,1989,0,negative,,,0.032577435567882083,0.84999999999999998,E1_RF,20260922,True,nested,"[""PN12-1.2.edf"", ""PN12-4.edf""]"
PN12,PN12-3.edf,1455,1445,1455,1395,1455,True,True,False,True,0,1989,0,negative,,,0.054664437474758916,0.84999999999999998,E1_RF,20260922,True,nested,"[""PN12-1.2.edf"", ""PN12-4.edf""]"
PN12,PN12-3.edf,1460,1450,1460,1400,1460,True,True,False,True,0,1989,0,negative,,,0.075750628083414692,0.84999999999999998,E1_RF,20260922,True,nested,"[""PN12-1.2.edf"", ""PN12-4.edf""]"
PN12,PN12-3.edf,1465,1455,1465,1405,1465,True,True,False,True,0,1989,0,negative,,,0.019386376162643038,0.84999999999999998,E1_RF,20260922,True,nested,"[""PN12-1.2.edf"", ""PN12-4.edf""]"
PN12,PN12-3.edf,1470,1460,1470,1410,1470,True,True,False,True,0,1989,0,negative,,,0.083738245472762332,0.84999999999999998,E1_RF,20260922,True,nested,"[""PN12-1.2.edf"", ""PN12-4.edf""]"
PN12,PN12-3.edf,1475,1465,1475,1415,1475,True,True,False,True,0,1989,0,negative,,,0.24255662288928534,0.84999999999999998,E1_RF,20260922,True,nested,"[""PN12-1.2.edf"", ""PN12-4.edf""]"
PN12,PN12-3.edf,1480,1470,1480,1420,1480,True,True,False,True,0,1989,0,negative,,,0.14335356085892847,0.84999999999999998,E1_RF,20260922,True,nested,"[""PN12-1.2.edf"", ""PN12-4.edf""]"
PN12,PN12-3.edf,1485,1475,1485,1425,1485,True,True,False,True,0,1989,0,negative,,,0.034284018054264856,0.84999999999999998,E1_RF,20260922,True,nested,"[""PN12-1.2.edf"", ""PN12-4.edf""]"
PN12,PN12-3.edf,1490,1480,1490,1430,1490,True,True,False,True,0,1989,0,negative,,,0.05575657248381944,0.84999999999999998,E1_RF,20260922,True,nested,"[""PN12-1.2.edf"", ""PN12-4.edf""]"
PN12,PN12-3.edf,1495,1485,1495,1435,1495,True,True,False,True,0,1989,0,negative,,,0.023477883863703732,0.84999999999999998,E1_RF,20260922,True,nested,"[""PN12-1.2.edf"", ""PN12-4.edf""]"
PN12,PN12-3.edf,1500,1490,1500,1440,1500,True,True,False,True,0,1989,0,negative,,,0.030235708005906227,0.84999999999999998,E1_RF,20260922,True,nested,"[""PN12-1.2.edf"", ""PN12-4.edf""]"
PN12,PN12-3.edf,1505,1495,1505,1445,1505,True,True,False,True,0,1989,0,negative,,,0.045031272753830086,0.84999999999999998,E1_RF,20260922,True,nested,"[""PN12-1.2.edf"", ""PN12-4.edf""]"
PN12,PN12-3.edf,1510,1500,1510,1450,1510,True,True,False,True,0,1989,0,negative,,,0.073061156447720349,0.84999999999999998,E1_RF,20260922,True,nested,"[""PN12-1.2.edf"", ""PN12-4.edf""]"
PN12,PN12-3.edf,1515,1505,1515,1455,1515,True,True,False,True,0,1989,0,negative,,,0.033463282663955936,0.84999999999999998,E1_RF,20260922,True,nested,"[""PN12-1.2.edf"", ""PN12-4.edf""]"
PN12,PN12-3.edf,1520,1510,1520,1460,1520,True,True,False,True,0,1989,0,negative,,,0.032945145087373756,0.84999999999999998,E1_RF,20260922,True,nested,"[""PN12-1.2.edf"", ""PN12-4.edf""]"
PN12,PN12-3.edf,1525,1515,1525,1465,1525,True,True,False,True,0,1989,0,negative,,,0.065570061851853129,0.84999999999999998,E1_RF,20260922,True,nested,"[""PN12-1.2.edf"", ""PN12-4.edf""]"
PN12,PN12-3.edf,1530,1520,1530,1470,1530,True,True,False,True,0,1989,0,negative,,,0.010619245999142525,0.84999999999999998,E1_RF,20260922,True,nested,"[""PN12-1.2.edf"", ""PN12-4.edf""]"
PN12,PN12-3.edf,1535,1525,1535,1475,1535,True,True,False,True,0,1989,0,negative,,,0.012403859786330435,0.84999999999999998,E1_RF,20260922,True,nested,"[""PN12-1.2.edf"", ""PN12-4.edf""]"
PN12,PN12-3.edf,1540,1530,1540,1480,1540,True,True,False,True,0,1989,0,negative,,,0.038770155423304566,0.84999999999999998,E1_RF,20260922,True,nested,"[""PN12-1.2.edf"", ""PN12-4.edf""]"
PN12,PN12-3.edf,1545,1535,1545,1485,1545,True,True,False,True,0,1989,0,negative,,,0.067100223911685797,0.84999999999999998,E1_RF,20260922,True,nested,"[""PN12-1.2.edf"", ""PN12-4.edf""]"
PN12,PN12-3.edf,1550,1540,1550,1490,1550,True,True,False,True,0,1989,0,negative,,,0.14630763371054956,0.84999999999999998,E1_RF,20260922,True,nested,"[""PN12-1.2.edf"", ""PN12-4.edf""]"
PN12,PN12-3.edf,1555,1545,1555,1495,1555,True,True,False,True,0,1989,0,negative,,,0.0044042677355360703,0.84999999999999998,E1_RF,20260922,True,nested,"[""PN12-1.2.edf"", ""PN12-4.edf""]"
PN12,PN12-3.edf,1560,1550,1560,1500,1560,True,True,False,True,0,1989,0,negative,,,0.012378035961765324,0.84999999999999998,E1_RF,20260922,True,nested,"[""PN12-1.2.edf"", ""PN12-4.edf""]"
PN12,PN12-3.edf,1565,1555,1565,1505,1565,True,True,False,True,0,1989,0,negative,,,0.006488139859990672,0.84999999999999998,E1_RF,20260922,True,nested,"[""PN12-1.2.edf"", ""PN12-4.edf""]"
PN12,PN12-3.edf,1570,1560,1570,1510,1570,True,True,False,True,0,1989,0,negative,,,0.027769402737905124,0.84999999999999998,E1_RF,20260922,True,nested,"[""PN12-1.2.edf"", ""PN12-4.edf""]"
PN12,PN12-3.edf,1575,1565,1575,1515,1575,True,True,False,True,0,1989,0,negative,,,0.061883365016293039,0.84999999999999998,E1_RF,20260922,True,nested,"[""PN12-1.2.edf"", ""PN12-4.edf""]"
PN12,PN12-3.edf,1580,1570,1580,1520,1580,True,True,False,True,0,1989,0,negative,,,0.0018607158257869772,0.84999999999999998,E1_RF,20260922,True,nested,"[""PN12-1.2.edf"", ""PN12-4.edf""]"
PN12,PN12-3.edf,1585,1575,1585,1525,1585,True,True,False,True,0,1989,0,negative,,,0.0082037291693392664,0.84999999999999998,E1_RF,20260922,True,nested,"[""PN12-1.2.edf"", ""PN12-4.edf""]"
PN12,PN12-3.edf,1590,1580,1590,1530,1590,True,True,False,True,0,1989,0,negative,,,0.0028939453169603935,0.84999999999999998,E1_RF,20260922,True,nested,"[""PN12-1.2.edf"", ""PN12-4.edf""]"
PN12,PN12-3.edf,1595,1585,1595,1535,1595,True,True,False,True,0,1989,0,negative,,,0.0057842668355717565,0.84999999999999998,E1_RF,20260922,True,nested,"[""PN12-1.2.edf"", ""PN12-4.edf""]"
PN12,PN12-3.edf,1600,1590,1600,1540,1600,True,True,False,True,0,1989,0,negative,,,0.0031041666666666665,0.84999999999999998,E1_RF,20260922,True,nested,"[""PN12-1.2.edf"", ""PN12-4.edf""]"
PN12,PN12-3.edf,1605,1595,1605,1545,1605,True,True,False,True,0,1989,0,negative,,,0.042480469357913775,0.84999999999999998,E1_RF,20260922,True,nested,"[""PN12-1.2.edf"", ""PN12-4.edf""]"
PN12,PN12-3.edf,1610,1600,1610,1550,1610,True,True,False,True,0,1989,0,negative,,,0.044433157548174729,0.84999999999999998,E1_RF,20260922,True,nested,"[""PN12-1.2.edf"", ""PN12-4.edf""]"
PN12,PN12-3.edf,1615,1605,1615,1555,1615,True,True,False,True,0,1989,0,negative,,,0.0064750352159352285,0.84999999999999998,E1_RF,20260922,True,nested,"[""PN12-1.2.edf"", ""PN12-4.edf""]"
PN12,PN12-3.edf,1620,1610,1620,1560,1620,True,True,False,True,0,1989,0,negative,,,0.1034665270672466,0.84999999999999998,E1_RF,20260922,True,nested,"[""PN12-1.2.edf"", ""PN12-4.edf""]"
PN12,PN12-3.edf,1625,1615,1625,1565,1625,True,True,False,True,0,1989,0,negative,,,0.082811361945622025,0.84999999999999998,E1_RF,20260922,True,nested,"[""PN12-1.2.edf"", ""PN12-4.edf""]"
PN12,PN12-3.edf,1630,1620,1630,1570,1630,True,True,False,True,0,1989,0,negative,,,0.0099440340042204426,0.84999999999999998,E1_RF,20260922,True,nested,"[""PN12-1.2.edf"", ""PN12-4.edf""]"
PN12,PN12-3.edf,1635,1625,1635,1575,1635,True,True,False,True,0,1989,0,negative,,,0.0029411764705882353,0.84999999999999998,E1_RF,20260922,True,nested,"[""PN12-1.2.edf"", ""PN12-4.edf""]"
PN12,PN12-3.edf,1640,1630,1640,1580,1640,True,True,False,True,0,1989,0,negative,,,0.046205572321959348,0.84999999999999998,E1_RF,20260922,True,nested,"[""PN12-1.2.edf"", ""PN12-4.edf""]"
PN12,PN12-3.edf,1645,1635,1645,1585,1645,True,True,False,True,0,1989,0,negative,,,0.015480932919392979,0.84999999999999998,E1_RF,20260922,True,nested,"[""PN12-1.2.edf"", ""PN12-4.edf""]"
PN12,PN12-3.edf,1650,1640,1650,1590,1650,True,True,False,True,0,1989,0,negative,,,0.063623633231873672,0.84999999999999998,E1_RF,20260922,True,nested,"[""PN12-1.2.edf"", ""PN12-4.edf""]"
PN12,PN12-3.edf,1655,1645,1655,1595,1655,True,True,False,True,0,1989,0,negative,,,0.098348863978213172,0.84999999999999998,E1_RF,20260922,True,nested,"[""PN12-1.2.edf"", ""PN12-4.edf""]"
PN12,PN12-3.edf,1660,1650,1660,1600,1660,True,True,False,True,0,1989,0,negative,,,0.054882443299830316,0.84999999999999998,E1_RF,20260922,True,nested,"[""PN12-1.2.edf"", ""PN12-4.edf""]"
PN12,PN12-3.edf,1665,1655,1665,1605,1665,True,True,False,True,0,1989,0,negative,,,0.043076347026230651,0.84999999999999998,E1_RF,20260922,True,nested,"[""PN12-1.2.edf"", ""PN12-4.edf""]"
PN12,PN12-3.edf,1670,1660,1670,1610,1670,True,True,False,True,0,1989,0,negative,,,0.03142911288036182,0.84999999999999998,E1_RF,20260922,True,nested,"[""PN12-1.2.edf"", ""PN12-4.edf""]"
PN12,PN12-3.edf,1675,1665,1675,1615,1675,True,True,False,True,0,1989,0,negative,,,0.053019690326682904,0.84999999999999998,E1_RF,20260922,True,nested,"[""PN12-1.2.edf"", ""PN12-4.edf""]"
PN12,PN12-3.edf,1680,1670,1680,1620,1680,True,True,False,True,0,1989,0,negative,,,0.062576653935082605,0.84999999999999998,E1_RF,20260922,True,nested,"[""PN12-1.2.edf"", ""PN12-4.edf""]"
PN12,PN12-3.edf,1685,1675,1685,1625,1685,True,True,False,True,0,1989,0,negative,,,0.013388240756530743,0.84999999999999998,E1_RF,20260922,True,nested,"[""PN12-1.2.edf"", ""PN12-4.edf""]"
PN12,PN12-3.edf,1690,1680,1690,1630,1690,True,True,False,True,0,1989,0,negative,,,0.034201278341948749,0.84999999999999998,E1_RF,20260922,True,nested,"[""PN12-1.2.edf"", ""PN12-4.edf""]"
PN12,PN12-3.edf,1695,1685,1695,1635,1695,True,True,False,True,0,1989,0,negative,,,0.02129422309005894,0.84999999999999998,E1_RF,20260922,True,nested,"[""PN12-1.2.edf"", ""PN12-4.edf""]"
PN12,PN12-3.edf,1700,1690,1700,1640,1700,True,True,False,True,0,1989,0,negative,,,0.037194444057037909,0.84999999999999998,E1_RF,20260922,True,nested,"[""PN12-1.2.edf"", ""PN12-4.edf""]"
PN12,PN12-3.edf,1705,1695,1705,1645,1705,True,True,False,True,0,1989,0,negative,,,0.0018607158257869772,0.84999999999999998,E1_RF,20260922,True,nested,"[""PN12-1.2.edf"", ""PN12-4.edf""]"
PN12,PN12-3.edf,1710,1700,1710,1650,1710,True,True,False,True,0,1989,0,negative,,,0.0031119774459728998,0.84999999999999998,E1_RF,20260922,True,nested,"[""PN12-1.2.edf"", ""PN12-4.edf""]"
PN12,PN12-3.edf,1715,1705,1715,1655,1715,True,True,False,True,0,1989,0,negative,,,0.024358362680751602,0.84999999999999998,E1_RF,20260922,True,nested,"[""PN12-1.2.edf"", ""PN12-4.edf""]"
PN12,PN12-3.edf,1720,1710,1720,1660,1720,True,True,False,True,0,1989,0,negative,,,0.065657938163848142,0.84999999999999998,E1_RF,20260922,True,nested,"[""PN12-1.2.edf"", ""PN12-4.edf""]"
PN12,PN12-3.edf,1725,1715,1725,1665,1725,True,True,False,True,0,1989,0,negative,,,0.041177905572329386,0.84999999999999998,E1_RF,20260922,True,nested,"[""PN12-1.2.edf"", ""PN12-4.edf""]"
PN12,PN12-3.edf,1730,1720,1730,1670,1730,True,True,False,True,0,1989,0,negative,,,0.18298644101596143,0.84999999999999998,E1_RF,20260922,True,nested,"[""PN12-1.2.edf"", ""PN12-4.edf""]"
PN12,PN12-3.edf,1735,1725,1735,1675,1735,True,True,False,True,0,1989,0,negative,,,0.098032656001924234,0.84999999999999998,E1_RF,20260922,True,nested,"[""PN12-1.2.edf"", ""PN12-4.edf""]"
PN12,PN12-3.edf,1740,1730,1740,1680,1740,True,True,False,True,0,1989,0,negative,,,0.036340832279792817,0.84999999999999998,E1_RF,20260922,True,nested,"[""PN12-1.2.edf"", ""PN12-4.edf""]"
PN12,PN12-3.edf,1745,1735,1745,1685,1745,True,True,False,True,0,1989,0,negative,,,0.044533921576125186,0.84999999999999998,E1_RF,20260922,True,nested,"[""PN12-1.2.edf"", ""PN12-4.edf""]"
PN12,PN12-3.edf,1750,1740,1750,1690,1750,True,True,False,True,0,1989,0,negative,,,0.11385217423061365,0.84999999999999998,E1_RF,20260922,True,nested,"[""PN12-1.2.edf"", ""PN12-4.edf""]"
PN12,PN12-3.edf,1755,1745,1755,1695,1755,True,True,False,True,0,1989,0,negative,,,0.0005705413537943233,0.84999999999999998,E1_RF,20260922,True,nested,"[""PN12-1.2.edf"", ""PN12-4.edf""]"
PN12,PN12-3.edf,1760,1750,1760,1700,1760,True,True,False,True,0,1989,0,negative,,,0.02910799182094689,0.84999999999999998,E1_RF,20260922,True,nested,"[""PN12-1.2.edf"", ""PN12-4.edf""]"
PN12,PN12-3.edf,1765,1755,1765,1705,1765,True,True,False,True,0,1989,0,negative,,,0.050815582397608125,0.84999999999999998,E1_RF,20260922,True,nested,"[""PN12-1.2.edf"", ""PN12-4.edf""]"
PN12,PN12-3.edf,1770,1760,1770,1710,1770,True,True,False,True,0,1989,0,negative,,,0.1353432067137775,0.84999999999999998,E1_RF,20260922,True,nested,"[""PN12-1.2.edf"", ""PN12-4.edf""]"
PN12,PN12-3.edf,1775,1765,1775,1715,1775,True,True,False,True,0,1989,0,negative,,,0.041101614833656333,0.84999999999999998,E1_RF,20260922,True,nested,"[""PN12-1.2.edf"", ""PN12-4.edf""]"
PN12,PN12-3.edf,1780,1770,1780,1720,1780,True,True,False,True,0,1989,0,negative,,,0.0074559039385189508,0.84999999999999998,E1_RF,20260922,True,nested,"[""PN12-1.2.edf"", ""PN12-4.edf""]"
PN12,PN12-3.edf,1785,1775,1785,1725,1785,True,True,False,True,0,1989,0,negative,,,0.007245602544007029,0.84999999999999998,E1_RF,20260922,True,nested,"[""PN12-1.2.edf"", ""PN12-4.edf""]"
PN12,PN12-3.edf,1790,1780,1790,1730,1790,True,True,False,True,0,1989,0,negative,,,0.010479925976350264,0.84999999999999998,E1_RF,20260922,True,nested,"[""PN12-1.2.edf"", ""PN12-4.edf""]"
PN12,PN12-3.edf,1795,1785,1795,1735,1795,True,True,False,True,0,1989,0,negative,,,0.017748617796890367,0.84999999999999998,E1_RF,20260922,True,nested,"[""PN12-1.2.edf"", ""PN12-4.edf""]"
PN12,PN12-3.edf,1800,1790,1800,1740,1800,True,True,False,True,0,1989,0,negative,,,0.03843119502094601,0.84999999999999998,E1_RF,20260922,True,nested,"[""PN12-1.2.edf"", ""PN12-4.edf""]"
PN12,PN12-3.edf,1805,1795,1805,1745,1805,True,True,False,True,0,1989,0,negative,,,0.005212233384889367,0.84999999999999998,E1_RF,20260922,True,nested,"[""PN12-1.2.edf"", ""PN12-4.edf""]"
PN12,PN12-3.edf,1810,1800,1810,1750,1810,True,True,False,True,0,1989,0,negative,,,0.056528461184004494,0.84999999999999998,E1_RF,20260922,True,nested,"[""PN12-1.2.edf"", ""PN12-4.edf""]"
PN12,PN12-3.edf,1815,1805,1815,1755,1815,True,True,False,True,0,1989,0,negative,,,0.031863707655939232,0.84999999999999998,E1_RF,20260922,True,nested,"[""PN12-1.2.edf"", ""PN12-4.edf""]"
PN12,PN12-3.edf,1820,1810,1820,1760,1820,True,True,False,True,0,1989,0,negative,,,0.019646822001620188,0.84999999999999998,E1_RF,20260922,True,nested,"[""PN12-1.2.edf"", ""PN12-4.edf""]"
PN12,PN12-3.edf,1825,1815,1825,1765,1825,True,True,False,True,0,1989,0,negative,,,0.030134381594704437,0.84999999999999998,E1_RF,20260922,True,nested,"[""PN12-1.2.edf"", ""PN12-4.edf""]"
PN12,PN12-3.edf,1830,1820,1830,1770,1830,True,True,False,True,0,1989,0,negative,,,0.027457527418235463,0.84999999999999998,E1_RF,20260922,True,nested,"[""PN12-1.2.edf"", ""PN12-4.edf""]"
PN12,PN12-3.edf,1835,1825,1835,1775,1835,True,True,False,True,0,1989,0,negative,,,0.036009185538571693,0.84999999999999998,E1_RF,20260922,True,nested,"[""PN12-1.2.edf"", ""PN12-4.edf""]"
PN12,PN12-3.edf,1840,1830,1840,1780,1840,True,True,False,True,0,1989,0,negative,,,0.0080856248405510641,0.84999999999999998,E1_RF,20260922,True,nested,"[""PN12-1.2.edf"", ""PN12-4.edf""]"
PN12,PN12-3.edf,1845,1835,1845,1785,1845,True,True,False,True,0,1989,0,negative,,,0.040383813720858655,0.84999999999999998,E1_RF,20260922,True,nested,"[""PN12-1.2.edf"", ""PN12-4.edf""]"
PN12,PN12-3.edf,1850,1840,1850,1790,1850,True,True,False,True,0,1989,0,negative,,,0.0046306417472280507,0.84999999999999998,E1_RF,20260922,True,nested,"[""PN12-1.2.edf"", ""PN12-4.edf""]"
PN12,PN12-3.edf,1855,1845,1855,1795,1855,True,True,False,True,0,1989,0,negative,,,0.095137126621512344,0.84999999999999998,E1_RF,20260922,True,nested,"[""PN12-1.2.edf"", ""PN12-4.edf""]"
PN12,PN12-3.edf,1860,1850,1860,1800,1860,True,True,False,True,0,1989,0,negative,,,0.42916628664397044,0.84999999999999998,E1_RF,20260922,True,nested,"[""PN12-1.2.edf"", ""PN12-4.edf""]"
PN12,PN12-3.edf,1865,1855,1865,1805,1865,True,True,False,True,0,1989,0,negative,,,0.73756142674345415,0.84999999999999998,E1_RF,20260922,True,nested,"[""PN12-1.2.edf"", ""PN12-4.edf""]"
PN12,PN12-3.edf,1870,1860,1870,1810,1870,True,True,False,True,0,1989,0,negative,,,0.17867932161854713,0.84999999999999998,E1_RF,20260922,True,nested,"[""PN12-1.2.edf"", ""PN12-4.edf""]"
PN12,PN12-3.edf,1875,1865,1875,1815,1875,True,True,False,True,0,1989,0,negative,,,0.030514027168599817,0.84999999999999998,E1_RF,20260922,True,nested,"[""PN12-1.2.edf"", ""PN12-4.edf""]"
PN12,PN12-3.edf,1880,1870,1880,1820,1880,True,True,False,True,0,1989,0,negative,,,0.14061880118738074,0.84999999999999998,E1_RF,20260922,True,nested,"[""PN12-1.2.edf"", ""PN12-4.edf""]"
PN12,PN12-3.edf,1885,1875,1885,1825,1885,True,True,False,True,0,1989,0,negative,,,0.019207187731828262,0.84999999999999998,E1_RF,20260922,True,nested,"[""PN12-1.2.edf"", ""PN12-4.edf""]"
PN12,PN12-3.edf,1890,1880,1890,1830,1890,True,True,False,True,0,1989,0,negative,,,0.027335948597469854,0.84999999999999998,E1_RF,20260922,True,nested,"[""PN12-1.2.edf"", ""PN12-4.edf""]"
PN12,PN12-3.edf,1895,1885,1895,1835,1895,True,True,False,True,0,1989,0,negative,,,0.044676151145000537,0.84999999999999998,E1_RF,20260922,True,nested,"[""PN12-1.2.edf"", ""PN12-4.edf""]"
PN12,PN12-3.edf,1900,1890,1900,1840,1900,True,True,False,True,0,1989,0,negative,,,0.062592788710868277,0.84999999999999998,E1_RF,20260922,True,nested,"[""PN12-1.2.edf"", ""PN12-4.edf""]"
PN12,PN12-3.edf,1905,1895,1905,1845,1905,True,True,False,True,0,1989,0,negative,,,0.020179393584299918,0.84999999999999998,E1_RF,20260922,True,nested,"[""PN12-1.2.edf"", ""PN12-4.edf""]"
PN12,PN12-3.edf,1910,1900,1910,1850,1910,True,True,False,True,0,1989,0,negative,,,0.032505913005668248,0.84999999999999998,E1_RF,20260922,True,nested,"[""PN12-1.2.edf"", ""PN12-4.edf""]"
PN12,PN12-3.edf,1915,1905,1915,1855,1915,True,True,False,True,0,1989,0,negative,,,0.039349097064189105,0.84999999999999998,E1_RF,20260922,True,nested,"[""PN12-1.2.edf"", ""PN12-4.edf""]"
PN12,PN12-3.edf,1920,1910,1920,1860,1920,True,True,False,True,0,1989,0,negative,,,0.038814159095777442,0.84999999999999998,E1_RF,20260922,True,nested,"[""PN12-1.2.edf"", ""PN12-4.edf""]"
PN12,PN12-3.edf,1925,1915,1925,1865,1925,True,True,False,True,0,1989,0,negative,,,0.027033766598501128,0.84999999999999998,E1_RF,20260922,True,nested,"[""PN12-1.2.edf"", ""PN12-4.edf""]"
PN12,PN12-3.edf,1930,1920,1930,1870,1930,True,True,False,True,0,1989,0,negative,,,0.036483751381097176,0.84999999999999998,E1_RF,20260922,True,nested,"[""PN12-1.2.edf"", ""PN12-4.edf""]"
PN12,PN12-3.edf,1935,1925,1935,1875,1935,True,True,False,True,0,1989,0,negative,,,0.046496201922072787,0.84999999999999998,E1_RF,20260922,True,nested,"[""PN12-1.2.edf"", ""PN12-4.edf""]"
PN12,PN12-3.edf,1940,1930,1940,1880,1940,True,True,False,True,0,1989,0,negative,,,0.01535459391634765,0.84999999999999998,E1_RF,20260922,True,nested,"[""PN12-1.2.edf"", ""PN12-4.edf""]"
PN12,PN12-3.edf,1945,1935,1945,1885,1945,True,True,False,True,0,1989,0,negative,,,0.036254069642043786,0.84999999999999998,E1_RF,20260922,True,nested,"[""PN12-1.2.edf"", ""PN12-4.edf""]"
PN12,PN12-3.edf,1950,1940,1950,1890,1950,True,True,False,True,0,1989,0,negative,,,0.039646281194851918,0.84999999999999998,E1_RF,20260922,True,nested,"[""PN12-1.2.edf"", ""PN12-4.edf""]"
PN12,PN12-3.edf,1955,1945,1955,1895,1955,True,True,False,True,0,1989,0,negative,,,0.0005705413537943233,0.84999999999999998,E1_RF,20260922,True,nested,"[""PN12-1.2.edf"", ""PN12-4.edf""]"
PN12,PN12-3.edf,1960,1950,1960,1900,1960,True,True,False,True,0,1989,0,negative,,,0.054103024285431081,0.84999999999999998,E1_RF,20260922,True,nested,"[""PN12-1.2.edf"", ""PN12-4.edf""]"
PN12,PN12-3.edf,1965,1955,1965,1905,1965,True,True,False,True,0,1989,0,negative,,,0.0035856928689458386,0.84999999999999998,E1_RF,20260922,True,nested,"[""PN12-1.2.edf"", ""PN12-4.edf""]"
PN12,PN12-3.edf,1970,1960,1970,1910,1970,True,True,False,True,0,1989,0,negative,,,0.0005705413537943233,0.84999999999999998,E1_RF,20260922,True,nested,"[""PN12-1.2.edf"", ""PN12-4.edf""]"
PN12,PN12-3.edf,1975,1965,1975,1915,1975,True,True,False,True,0,1989,0,negative,,,0.006197056119381936,0.84999999999999998,E1_RF,20260922,True,nested,"[""PN12-1.2.edf"", ""PN12-4.edf""]"
PN12,PN12-3.edf,1980,1970,1980,1920,1980,True,True,False,True,0,1989,0,negative,,,0.013204565239073587,0.84999999999999998,E1_RF,20260922,True,nested,"[""PN12-1.2.edf"", ""PN12-4.edf""]"
PN12,PN12-3.edf,1985,1975,1985,1925,1985,True,True,False,True,0,1989,0,negative,,,0.033106059251062768,0.84999999999999998,E1_RF,20260922,True,nested,"[""PN12-1.2.edf"", ""PN12-4.edf""]"
PN12,PN12-4.edf,10,0,10,,10,True,False,False,True,0,10194,0,negative,,,0.012100482173652907,0.90000000000000002,E1_RF,20260922,True,nested,"[""PN12-1.2.edf"", ""PN12-3.edf""]"
PN12,PN12-4.edf,15,5,15,,15,True,False,False,True,0,10194,0,negative,,,0.0032943722943722946,0.90000000000000002,E1_RF,20260922,True,nested,"[""PN12-1.2.edf"", ""PN12-3.edf""]"
PN12,PN12-4.edf,20,10,20,,20,True,False,False,True,0,10194,0,negative,,,0,0.90000000000000002,E1_RF,20260922,True,nested,"[""PN12-1.2.edf"", ""PN12-3.edf""]"
PN12,PN12-4.edf,25,15,25,,25,True,False,False,True,0,10194,0,negative,,,0.0031481481481481482,0.90000000000000002,E1_RF,20260922,True,nested,"[""PN12-1.2.edf"", ""PN12-3.edf""]"
PN12,PN12-4.edf,30,20,30,,30,True,False,False,True,0,10194,0,negative,,,0.0027777777777777779,0.90000000000000002,E1_RF,20260922,True,nested,"[""PN12-1.2.edf"", ""PN12-3.edf""]"
PN12,PN12-4.edf,35,25,35,,35,True,False,False,True,0,10194,0,negative,,,0.059079511590732256,0.90000000000000002,E1_RF,20260922,True,nested,"[""PN12-1.2.edf"", ""PN12-3.edf""]"
PN12,PN12-4.edf,40,30,40,,40,True,False,False,True,0,10194,0,negative,,,0,0.90000000000000002,E1_RF,20260922,True,nested,"[""PN12-1.2.edf"", ""PN12-3.edf""]"
PN12,PN12-4.edf,45,35,45,,45,True,False,False,True,0,10194,0,negative,,,0,0.90000000000000002,E1_RF,20260922,True,nested,"[""PN12-1.2.edf"", ""PN12-3.edf""]"
PN12,PN12-4.edf,50,40,50,,50,True,False,False,True,0,10194,0,negative,,,0,0.90000000000000002,E1_RF,20260922,True,nested,"[""PN12-1.2.edf"", ""PN12-3.edf""]"
PN12,PN12-4.edf,55,45,55,,55,True,False,False,True,0,10194,0,negative,,,0.0028205128205128203,0.90000000000000002,E1_RF,20260922,True,nested,"[""PN12-1.2.edf"", ""PN12-3.edf""]"
PN12,PN12-4.edf,60,50,60,0,60,True,True,False,True,0,10194,0,negative,,,0,0.90000000000000002,E1_RF,20260922,True,nested,"[""PN12-1.2.edf"", ""PN12-3.edf""]"
PN12,PN12-4.edf,65,55,65,5,65,True,True,False,True,0,10194,0,negative,,,0.0058148148148148152,0.90000000000000002,E1_RF,20260922,True,nested,"[""PN12-1.2.edf"", ""PN12-3.edf""]"
PN12,PN12-4.edf,70,60,70,10,70,True,True,False,True,0,10194,0,negative,,,0.045663598739730797,0.90000000000000002,E1_RF,20260922,True,nested,"[""PN12-1.2.edf"", ""PN12-3.edf""]"
PN12,PN12-4.edf,75,65,75,15,75,True,True,False,True,0,10194,0,negative,,,0,0.90000000000000002,E1_RF,20260922,True,nested,"[""PN12-1.2.edf"", ""PN12-3.edf""]"
PN12,PN12-4.edf,80,70,80,20,80,True,True,False,True,0,10194,0,negative,,,0,0.90000000000000002,E1_RF,20260922,True,nested,"[""PN12-1.2.edf"", ""PN12-3.edf""]"
PN12,PN12-4.edf,85,75,85,25,85,True,True,False,True,0,10194,0,negative,,,0,0.90000000000000002,E1_RF,20260922,True,nested,"[""PN12-1.2.edf"", ""PN12-3.edf""]"
PN12,PN12-4.edf,90,80,90,30,90,True,True,False,True,0,10194,0,negative,,,0,0.90000000000000002,E1_RF,20260922,True,nested,"[""PN12-1.2.edf"", ""PN12-3.edf""]"
PN12,PN12-4.edf,95,85,95,35,95,True,True,False,True,0,10194,0,negative,,,0,0.90000000000000002,E1_RF,20260922,True,nested,"[""PN12-1.2.edf"", ""PN12-3.edf""]"
PN12,PN12-4.edf,100,90,100,40,100,True,True,False,True,0,10194,0,negative,,,0.014770250451926191,0.90000000000000002,E1_RF,20260922,True,nested,"[""PN12-1.2.edf"", ""PN12-3.edf""]"
PN12,PN12-4.edf,105,95,105,45,105,True,True,False,True,0,10194,0,negative,,,0,0.90000000000000002,E1_RF,20260922,True,nested,"[""PN12-1.2.edf"", ""PN12-3.edf""]"
PN12,PN12-4.edf,110,100,110,50,110,True,True,False,True,0,10194,0,negative,,,0,0.90000000000000002,E1_RF,20260922,True,nested,"[""PN12-1.2.edf"", ""PN12-3.edf""]"
PN12,PN12-4.edf,115,105,115,55,115,True,True,False,True,0,10194,0,negative,,,0,0.90000000000000002,E1_RF,20260922,True,nested,"[""PN12-1.2.edf"", ""PN12-3.edf""]"
PN12,PN12-4.edf,120,110,120,60,120,True,True,False,True,0,10194,0,negative,,,0,0.90000000000000002,E1_RF,20260922,True,nested,"[""PN12-1.2.edf"", ""PN12-3.edf""]"
PN12,PN12-4.edf,125,115,125,65,125,True,True,False,True,0,10194,0,negative,,,0.0029629629629629628,0.90000000000000002,E1_RF,20260922,True,nested,"[""PN12-1.2.edf"", ""PN12-3.edf""]"
PN12,PN12-4.edf,130,120,130,70,130,True,True,False,True,0,10194,0,negative,,,0.095275402872770212,0.90000000000000002,E1_RF,20260922,True,nested,"[""PN12-1.2.edf"", ""PN12-3.edf""]"
PN12,PN12-4.edf,135,125,135,75,135,True,True,False,True,0,10194,0,negative,,,0.0032307787929641372,0.90000000000000002,E1_RF,20260922,True,nested,"[""PN12-1.2.edf"", ""PN12-3.edf""]"
PN12,PN12-4.edf,140,130,140,80,140,True,True,False,True,0,10194,0,negative,,,0.060953054351974033,0.90000000000000002,E1_RF,20260922,True,nested,"[""PN12-1.2.edf"", ""PN12-3.edf""]"
PN12,PN12-4.edf,145,135,145,85,145,True,True,False,True,0,10194,0,negative,,,0.070925189170118988,0.90000000000000002,E1_RF,20260922,True,nested,"[""PN12-1.2.edf"", ""PN12-3.edf""]"
PN12,PN12-4.edf,150,140,150,90,150,True,True,False,True,0,10194,0,negative,,,0.061286118194813118,0.90000000000000002,E1_RF,20260922,True,nested,"[""PN12-1.2.edf"", ""PN12-3.edf""]"
PN12,PN12-4.edf,155,145,155,95,155,True,True,False,True,0,10194,0,negative,,,0.12498034635615854,0.90000000000000002,E1_RF,20260922,True,nested,"[""PN12-1.2.edf"", ""PN12-3.edf""]"
PN12,PN12-4.edf,160,150,160,100,160,True,True,False,True,0,10194,0,negative,,,0.035915972923072206,0.90000000000000002,E1_RF,20260922,True,nested,"[""PN12-1.2.edf"", ""PN12-3.edf""]"
PN12,PN12-4.edf,165,155,165,105,165,True,True,False,True,0,10194,0,negative,,,0.066904748899101363,0.90000000000000002,E1_RF,20260922,True,nested,"[""PN12-1.2.edf"", ""PN12-3.edf""]"
PN12,PN12-4.edf,170,160,170,110,170,True,True,False,True,0,10194,0,negative,,,0.050320180633337028,0.90000000000000002,E1_RF,20260922,True,nested,"[""PN12-1.2.edf"", ""PN12-3.edf""]"
PN12,PN12-4.edf,175,165,175,115,175,True,True,False,True,0,10194,0,negative,,,0.037465259066603918,0.90000000000000002,E1_RF,20260922,True,nested,"[""PN12-1.2.edf"", ""PN12-3.edf""]"
PN12,PN12-4.edf,180,170,180,120,180,True,True,False,True,0,10194,0,negative,,,0.0028282828282828283,0.90000000000000002,E1_RF,20260922,True,nested,"[""PN12-1.2.edf"", ""PN12-3.edf""]"
PN12,PN12-4.edf,185,175,185,125,185,True,True,False,True,0,10194,0,negative,,,0.0049778162634435729,0.90000000000000002,E1_RF,20260922,True,nested,"[""PN12-1.2.edf"", ""PN12-3.edf""]"
PN12,PN12-4.edf,190,180,190,130,190,True,True,False,True,0,10194,0,negative,,,0,0.90000000000000002,E1_RF,20260922,True,nested,"[""PN12-1.2.edf"", ""PN12-3.edf""]"
PN12,PN12-4.edf,195,185,195,135,195,True,True,False,True,0,10194,0,negative,,,0,0.90000000000000002,E1_RF,20260922,True,nested,"[""PN12-1.2.edf"", ""PN12-3.edf""]"
PN12,PN12-4.edf,200,190,200,140,200,True,True,False,True,0,10194,0,negative,,,0,0.90000000000000002,E1_RF,20260922,True,nested,"[""PN12-1.2.edf"", ""PN12-3.edf""]"
PN12,PN12-4.edf,205,195,205,145,205,True,True,False,True,0,10194,0,negative,,,0.021996293060332218,0.90000000000000002,E1_RF,20260922,True,nested,"[""PN12-1.2.edf"", ""PN12-3.edf""]"
PN12,PN12-4.edf,210,200,210,150,210,True,True,False,True,0,10194,0,negative,,,0.017226798762426072,0.90000000000000002,E1_RF,20260922,True,nested,"[""PN12-1.2.edf"", ""PN12-3.edf""]"
PN12,PN12-4.edf,215,205,215,155,215,True,True,False,True,0,10194,0,negative,,,0.0024444444444444444,0.90000000000000002,E1_RF,20260922,True,nested,"[""PN12-1.2.edf"", ""PN12-3.edf""]"
PN12,PN12-4.edf,220,210,220,160,220,True,True,False,True,0,10194,0,negative,,,0.0024358974358974356,0.90000000000000002,E1_RF,20260922,True,nested,"[""PN12-1.2.edf"", ""PN12-3.edf""]"
PN12,PN12-4.edf,225,215,225,165,225,True,True,False,True,0,10194,0,negative,,,0,0.90000000000000002,E1_RF,20260922,True,nested,"[""PN12-1.2.edf"", ""PN12-3.edf""]"
PN12,PN12-4.edf,230,220,230,170,230,True,True,False,True,0,10194,0,negative,,,0,0.90000000000000002,E1_RF,20260922,True,nested,"[""PN12-1.2.edf"", ""PN12-3.edf""]"
PN12,PN12-4.edf,235,225,235,175,235,True,True,False,True,0,10194,0,negative,,,0.0024358974358974356,0.90000000000000002,E1_RF,20260922,True,nested,"[""PN12-1.2.edf"", ""PN12-3.edf""]"
PN12,PN12-4.edf,240,230,240,180,240,True,True,False,True,0,10194,0,negative,,,0.0029722222222222225,0.90000000000000002,E1_RF,20260922,True,nested,"[""PN12-1.2.edf"", ""PN12-3.edf""]"
PN12,PN12-4.edf,245,235,245,185,245,True,True,False,True,0,10194,0,negative,,,0,0.90000000000000002,E1_RF,20260922,True,nested,"[""PN12-1.2.edf"", ""PN12-3.edf""]"
PN12,PN12-4.edf,250,240,250,190,250,True,True,False,True,0,10194,0,negative,,,0.0056747967479674807,0.90000000000000002,E1_RF,20260922,True,nested,"[""PN12-1.2.edf"", ""PN12-3.edf""]"
PN12,PN12-4.edf,255,245,255,195,255,True,True,False,True,0,10194,0,negative,,,0.0057849462365591395,0.90000000000000002,E1_RF,20260922,True,nested,"[""PN12-1.2.edf"", ""PN12-3.edf""]"
PN12,PN12-4.edf,260,250,260,200,260,True,True,False,True,0,10194,0,negative,,,0.0032936507936507939,0.90000000000000002,E1_RF,20260922,True,nested,"[""PN12-1.2.edf"", ""PN12-3.edf""]"
PN12,PN12-4.edf,265,255,265,205,265,True,True,False,True,0,10194,0,negative,,,0.071476150075611908,0.90000000000000002,E1_RF,20260922,True,nested,"[""PN12-1.2.edf"", ""PN12-3.edf""]"
PN12,PN12-4.edf,270,260,270,210,270,True,True,False,True,0,10194,0,negative,,,0.093403342568799591,0.90000000000000002,E1_RF,20260922,True,nested,"[""PN12-1.2.edf"", ""PN12-3.edf""]"
PN12,PN12-4.edf,275,265,275,215,275,True,True,False,True,0,10194,0,negative,,,0.035057488555739029,0.90000000000000002,E1_RF,20260922,True,nested,"[""PN12-1.2.edf"", ""PN12-3.edf""]"
PN12,PN12-4.edf,280,270,280,220,280,True,True,False,True,0,10194,0,negative,,,0.03930866374547435,0.90000000000000002,E1_RF,20260922,True,nested,"[""PN12-1.2.edf"", ""PN12-3.edf""]"
PN12,PN12-4.edf,285,275,285,225,285,True,True,False,True,0,10194,0,negative,,,0.051087734478020314,0.90000000000000002,E1_RF,20260922,True,nested,"[""PN12-1.2.edf"", ""PN12-3.edf""]"
PN12,PN12-4.edf,290,280,290,230,290,True,True,False,True,0,10194,0,negative,,,0.084801470939819296,0.90000000000000002,E1_RF,20260922,True,nested,"[""PN12-1.2.edf"", ""PN12-3.edf""]"
PN12,PN12-4.edf,295,285,295,235,295,True,True,False,True,0,10194,0,negative,,,0.017334883545531126,0.90000000000000002,E1_RF,20260922,True,nested,"[""PN12-1.2.edf"", ""PN12-3.edf""]"
PN12,PN12-4.edf,300,290,300,240,300,True,True,False,True,0,10194,0,negative,,,0.098508039343917955,0.90000000000000002,E1_RF,20260922,True,nested,"[""PN12-1.2.edf"", ""PN12-3.edf""]"
PN12,PN12-4.edf,305,295,305,245,305,True,True,False,True,0,10194,0,negative,,,0.0083406100758462026,0.90000000000000002,E1_RF,20260922,True,nested,"[""PN12-1.2.edf"", ""PN12-3.edf""]"
PN12,PN12-4.edf,310,300,310,250,310,True,True,False,True,0,10194,0,negative,,,0.022646775774592901,0.90000000000000002,E1_RF,20260922,True,nested,"[""PN12-1.2.edf"", ""PN12-3.edf""]"
PN12,PN12-4.edf,315,305,315,255,315,True,True,False,True,0,10194,0,negative,,,0.020668261007720286,0.90000000000000002,E1_RF,20260922,True,nested,"[""PN12-1.2.edf"", ""PN12-3.edf""]"
PN12,PN12-4.edf,320,310,320,260,320,True,True,False,True,0,10194,0,negative,,,0.096230272737205108,0.90000000000000002,E1_RF,20260922,True,nested,"[""PN12-1.2.edf"", ""PN12-3.edf""]"
PN12,PN12-4.edf,325,315,325,265,325,True,True,False,True,0,10194,0,negative,,,0.086121652742753838,0.90000000000000002,E1_RF,20260922,True,nested,"[""PN12-1.2.edf"", ""PN12-3.edf""]"
PN12,PN12-4.edf,330,320,330,270,330,True,True,False,True,0,10194,0,negative,,,0.078245329978224101,0.90000000000000002,E1_RF,20260922,True,nested,"[""PN12-1.2.edf"", ""PN12-3.edf""]"
PN12,PN12-4.edf,335,325,335,275,335,True,True,False,True,0,10194,0,negative,,,0.016293910626583648,0.90000000000000002,E1_RF,20260922,True,nested,"[""PN12-1.2.edf"", ""PN12-3.edf""]"
PN12,PN12-4.edf,340,330,340,280,340,True,True,False,True,0,10194,0,negative,,,0.09155350305412209,0.90000000000000002,E1_RF,20260922,True,nested,"[""PN12-1.2.edf"", ""PN12-3.edf""]"
PN12,PN12-4.edf,345,335,345,285,345,True,True,False,True,0,10194,0,negative,,,0.087919349593209212,0.90000000000000002,E1_RF,20260922,True,nested,"[""PN12-1.2.edf"", ""PN12-3.edf""]"
PN12,PN12-4.edf,350,340,350,290,350,True,True,False,True,0,10194,0,negative,,,0.040726544625663372,0.90000000000000002,E1_RF,20260922,True,nested,"[""PN12-1.2.edf"", ""PN12-3.edf""]"
PN12,PN12-4.edf,355,345,355,295,355,True,True,False,True,0,10194,0,negative,,,0.048048757116231834,0.90000000000000002,E1_RF,20260922,True,nested,"[""PN12-1.2.edf"", ""PN12-3.edf""]"
PN12,PN12-4.edf,360,350,360,300,360,True,True,False,True,0,10194,0,negative,,,0.042530135661137912,0.90000000000000002,E1_RF,20260922,True,nested,"[""PN12-1.2.edf"", ""PN12-3.edf""]"
PN12,PN12-4.edf,365,355,365,305,365,True,True,False,True,0,10194,0,negative,,,0.057536200854879961,0.90000000000000002,E1_RF,20260922,True,nested,"[""PN12-1.2.edf"", ""PN12-3.edf""]"
PN12,PN12-4.edf,370,360,370,310,370,True,True,False,True,0,10194,0,negative,,,0.031320651958739322,0.90000000000000002,E1_RF,20260922,True,nested,"[""PN12-1.2.edf"", ""PN12-3.edf""]"
PN12,PN12-4.edf,375,365,375,315,375,True,True,False,True,0,10194,0,negative,,,0.0516501859885048,0.90000000000000002,E1_RF,20260922,True,nested,"[""PN12-1.2.edf"", ""PN12-3.edf""]"
PN12,PN12-4.edf,380,370,380,320,380,True,True,False,True,0,10194,0,negative,,,0.048589761818836938,0.90000000000000002,E1_RF,20260922,True,nested,"[""PN12-1.2.edf"", ""PN12-3.edf""]"
PN12,PN12-4.edf,385,375,385,325,385,True,True,False,True,0,10194,0,negative,,,0.01887491761398483,0.90000000000000002,E1_RF,20260922,True,nested,"[""PN12-1.2.edf"", ""PN12-3.edf""]"
PN12,PN12-4.edf,390,380,390,330,390,True,True,False,True,0,10194,0,negative,,,0.010547158416660415,0.90000000000000002,E1_RF,20260922,True,nested,"[""PN12-1.2.edf"", ""PN12-3.edf""]"
PN12,PN12-4.edf,395,385,395,335,395,True,True,False,True,0,10194,0,negative,,,0.027176748192950337,0.90000000000000002,E1_RF,20260922,True,nested,"[""PN12-1.2.edf"", ""PN12-3.edf""]"
PN12,PN12-4.edf,400,390,400,340,400,True,True,False,True,0,10194,0,negative,,,0.032955883226472187,0.90000000000000002,E1_RF,20260922,True,nested,"[""PN12-1.2.edf"", ""PN12-3.edf""]"
PN12,PN12-4.edf,405,395,405,345,405,True,True,False,True,0,10194,0,negative,,,0.070286372130142993,0.90000000000000002,E1_RF,20260922,True,nested,"[""PN12-1.2.edf"", ""PN12-3.edf""]"
PN12,PN12-4.edf,410,400,410,350,410,True,True,False,True,0,10194,0,negative,,,0.072861776034237075,0.90000000000000002,E1_RF,20260922,True,nested,"[""PN12-1.2.edf"", ""PN12-3.edf""]"
PN12,PN12-4.edf,415,405,415,355,415,True,True,False,True,0,10194,0,negative,,,0.070703180104844651,0.90000000000000002,E1_RF,20260922,True,nested,"[""PN12-1.2.edf"", ""PN12-3.edf""]"
PN12,PN12-4.edf,420,410,420,360,420,True,True,False,True,0,10194,0,negative,,,0.045007043186098966,0.90000000000000002,E1_RF,20260922,True,nested,"[""PN12-1.2.edf"", ""PN12-3.edf""]"
PN12,PN12-4.edf,425,415,425,365,425,True,True,False,True,0,10194,0,negative,,,0.018848567152851759,0.90000000000000002,E1_RF,20260922,True,nested,"[""PN12-1.2.edf"", ""PN12-3.edf""]"
PN12,PN12-4.edf,430,420,430,370,430,True,True,False,True,0,10194,0,negative,,,0.032953877250839203,0.90000000000000002,E1_RF,20260922,True,nested,"[""PN12-1.2.edf"", ""PN12-3.edf""]"
PN12,PN12-4.edf,435,425,435,375,435,True,True,False,True,0,10194,0,negative,,,0.042897686032293797,0.90000000000000002,E1_RF,20260922,True,nested,"[""PN12-1.2.edf"", ""PN12-3.edf""]"
PN12,PN12-4.edf,440,430,440,380,440,True,True,False,True,0,10194,0,negative,,,0.071732757619402718,0.90000000000000002,E1_RF,20260922,True,nested,"[""PN12-1.2.edf"", ""PN12-3.edf""]"
PN12,PN12-4.edf,445,435,445,385,445,True,True,False,True,0,10194,0,negative,,,0.033701468459368028,0.90000000000000002,E1_RF,20260922,True,nested,"[""PN12-1.2.edf"", ""PN12-3.edf""]"
PN12,PN12-4.edf,450,440,450,390,450,True,True,False,True,0,10194,0,negative,,,0.047861265508666234,0.90000000000000002,E1_RF,20260922,True,nested,"[""PN12-1.2.edf"", ""PN12-3.edf""]"
PN12,PN12-4.edf,455,445,455,395,455,True,True,False,True,0,10194,0,negative,,,0.012769362243797282,0.90000000000000002,E1_RF,20260922,True,nested,"[""PN12-1.2.edf"", ""PN12-3.edf""]"
PN12,PN12-4.edf,460,450,460,400,460,True,True,False,True,0,10194,0,negative,,,0.021757022251091884,0.90000000000000002,E1_RF,20260922,True,nested,"[""PN12-1.2.edf"", ""PN12-3.edf""]"
PN12,PN12-4.edf,465,455,465,405,465,True,True,False,True,0,10194,0,negative,,,0.011545050364718371,0.90000000000000002,E1_RF,20260922,True,nested,"[""PN12-1.2.edf"", ""PN12-3.edf""]"
PN12,PN12-4.edf,470,460,470,410,470,True,True,False,True,0,10194,0,negative,,,0.034602918664633914,0.90000000000000002,E1_RF,20260922,True,nested,"[""PN12-1.2.edf"", ""PN12-3.edf""]"
PN12,PN12-4.edf,475,465,475,415,475,True,True,False,True,0,10194,0,negative,,,0.072189009460033163,0.90000000000000002,E1_RF,20260922,True,nested,"[""PN12-1.2.edf"", ""PN12-3.edf""]"
PN12,PN12-4.edf,480,470,480,420,480,True,True,False,True,0,10194,0,negative,,,0,0.90000000000000002,E1_RF,20260922,True,nested,"[""PN12-1.2.edf"", ""PN12-3.edf""]"
PN12,PN12-4.edf,485,475,485,425,485,True,True,False,True,0,10194,0,negative,,,0,0.90000000000000002,E1_RF,20260922,True,nested,"[""PN12-1.2.edf"", ""PN12-3.edf""]"
PN12,PN12-4.edf,490,480,490,430,490,True,True,False,True,0,10194,0,negative,,,0,0.90000000000000002,E1_RF,20260922,True,nested,"[""PN12-1.2.edf"", ""PN12-3.edf""]"
PN12,PN12-4.edf,495,485,495,435,495,True,True,False,True,0,10194,0,negative,,,0,0.90000000000000002,E1_RF,20260922,True,nested,"[""PN12-1.2.edf"", ""PN12-3.edf""]"
PN12,PN12-4.edf,500,490,500,440,500,True,True,False,True,0,10194,0,negative,,,0.0024358974358974356,0.90000000000000002,E1_RF,20260922,True,nested,"[""PN12-1.2.edf"", ""PN12-3.edf""]"
PN12,PN12-4.edf,505,495,505,445,505,True,True,False,True,0,10194,0,negative,,,0.0063296797764882872,0.90000000000000002,E1_RF,20260922,True,nested,"[""PN12-1.2.edf"", ""PN12-3.edf""]"
PN12,PN12-4.edf,510,500,510,450,510,True,True,False,True,0,10194,0,negative,,,0.043618525831294996,0.90000000000000002,E1_RF,20260922,True,nested,"[""PN12-1.2.edf"", ""PN12-3.edf""]"
PN12,PN12-4.edf,515,505,515,455,515,True,True,False,True,0,10194,0,negative,,,0.017070042255396947,0.90000000000000002,E1_RF,20260922,True,nested,"[""PN12-1.2.edf"", ""PN12-3.edf""]"
PN12,PN12-4.edf,520,510,520,460,520,True,True,False,True,0,10194,0,negative,,,0,0.90000000000000002,E1_RF,20260922,True,nested,"[""PN12-1.2.edf"", ""PN12-3.edf""]"
PN12,PN12-4.edf,525,515,525,465,525,True,True,False,True,0,10194,0,negative,,,0,0.90000000000000002,E1_RF,20260922,True,nested,"[""PN12-1.2.edf"", ""PN12-3.edf""]"
PN12,PN12-4.edf,530,520,530,470,530,True,True,False,True,0,10194,0,negative,,,0.05155233980247674,0.90000000000000002,E1_RF,20260922,True,nested,"[""PN12-1.2.edf"", ""PN12-3.edf""]"
PN12,PN12-4.edf,535,525,535,475,535,True,True,False,True,0,10194,0,negative,,,0.075832849796620749,0.90000000000000002,E1_RF,20260922,True,nested,"[""PN12-1.2.edf"", ""PN12-3.edf""]"
PN12,PN12-4.edf,540,530,540,480,540,True,True,False,True,0,10194,0,negative,,,0.06234570643069464,0.90000000000000002,E1_RF,20260922,True,nested,"[""PN12-1.2.edf"", ""PN12-3.edf""]"
PN12,PN12-4.edf,545,535,545,485,545,True,True,False,True,0,10194,0,negative,,,0.039802124007794114,0.90000000000000002,E1_RF,20260922,True,nested,"[""PN12-1.2.edf"", ""PN12-3.edf""]"
PN12,PN12-4.edf,550,540,550,490,550,True,True,False,True,0,10194,0,negative,,,0.0046083064804869319,0.90000000000000002,E1_RF,20260922,True,nested,"[""PN12-1.2.edf"", ""PN12-3.edf""]"
PN12,PN12-4.edf,555,545,555,495,555,True,True,False,True,0,10194,0,negative,,,0.0046083064804869319,0.90000000000000002,E1_RF,20260922,True,nested,"[""PN12-1.2.edf"", ""PN12-3.edf""]"
PN12,PN12-4.edf,560,550,560,500,560,True,True,False,True,0,10194,0,negative,,,0.030560780620827999,0.90000000000000002,E1_RF,20260922,True,nested,"[""PN12-1.2.edf"", ""PN12-3.edf""]"
PN12,PN12-4.edf,565,555,565,505,565,True,True,False,True,0,10194,0,negative,,,0.10629815374693193,0.90000000000000002,E1_RF,20260922,True,nested,"[""PN12-1.2.edf"", ""PN12-3.edf""]"
PN12,PN12-4.edf,570,560,570,510,570,True,True,False,True,0,10194,0,negative,,,0.0053593722133047977,0.90000000000000002,E1_RF,20260922,True,nested,"[""PN12-1.2.edf"", ""PN12-3.edf""]"
PN12,PN12-4.edf,575,565,575,515,575,True,True,False,True,0,10194,0,negative,,,0.003295880149812734,0.90000000000000002,E1_RF,20260922,True,nested,"[""PN12-1.2.edf"", ""PN12-3.edf""]"
PN12,PN12-4.edf,580,570,580,520,580,True,True,False,True,0,10194,0,negative,,,0,0.90000000000000002,E1_RF,20260922,True,nested,"[""PN12-1.2.edf"", ""PN12-3.edf""]"
PN12,PN12-4.edf,585,575,585,525,585,True,True,False,True,0,10194,0,negative,,,0.0053650793650793652,0.90000000000000002,E1_RF,20260922,True,nested,"[""PN12-1.2.edf"", ""PN12-3.edf""]"
PN12,PN12-4.edf,590,580,590,530,590,True,True,False,True,0,10194,0,negative,,,0,0.90000000000000002,E1_RF,20260922,True,nested,"[""PN12-1.2.edf"", ""PN12-3.edf""]"
PN12,PN12-4.edf,595,585,595,535,595,True,True,False,True,0,10194,0,negative,,,0,0.90000000000000002,E1_RF,20260922,True,nested,"[""PN12-1.2.edf"", ""PN12-3.edf""]"
PN12,PN12-4.edf,600,590,600,540,600,True,True,False,True,0,10194,0,negative,,,0.0063869188337273442,0.90000000000000002,E1_RF,20260922,True,nested,"[""PN12-1.2.edf"", ""PN12-3.edf""]"
PN12,PN12-4.edf,605,595,605,545,605,True,True,False,True,0,10194,0,negative,,,0.01141005291005291,0.90000000000000002,E1_RF,20260922,True,nested,"[""PN12-1.2.edf"", ""PN12-3.edf""]"
PN12,PN12-4.edf,610,600,610,550,610,True,True,False,True,0,10194,0,negative,,,0,0.90000000000000002,E1_RF,20260922,True,nested,"[""PN12-1.2.edf"", ""PN12-3.edf""]"
PN12,PN12-4.edf,615,605,615,555,615,True,True,False,True,0,10194,0,negative,,,0.0085636856368563694,0.90000000000000002,E1_RF,20260922,True,nested,"[""PN12-1.2.edf"", ""PN12-3.edf""]"
PN12,PN12-4.edf,620,610,620,560,620,True,True,False,True,0,10194,0,negative,,,0.050711579600231399,0.90000000000000002,E1_RF,20260922,True,nested,"[""PN12-1.2.edf"", ""PN12-3.edf""]"
PN12,PN12-4.edf,625,615,625,565,625,True,True,False,True,0,10194,0,negative,,,0.011880184826993337,0.90000000000000002,E1_RF,20260922,True,nested,"[""PN12-1.2.edf"", ""PN12-3.edf""]"
PN12,PN12-4.edf,630,620,630,570,630,True,True,False,True,0,10194,0,negative,,,0.0062222222222222227,0.90000000000000002,E1_RF,20260922,True,nested,"[""PN12-1.2.edf"", ""PN12-3.edf""]"
PN12,PN12-4.edf,635,625,635,575,635,True,True,False,True,0,10194,0,negative,,,0,0.90000000000000002,E1_RF,20260922,True,nested,"[""PN12-1.2.edf"", ""PN12-3.edf""]"
PN12,PN12-4.edf,640,630,640,580,640,True,True,False,True,0,10194,0,negative,,,0,0.90000000000000002,E1_RF,20260922,True,nested,"[""PN12-1.2.edf"", ""PN12-3.edf""]"
PN12,PN12-4.edf,645,635,645,585,645,True,True,False,True,0,10194,0,negative,,,0,0.90000000000000002,E1_RF,20260922,True,nested,"[""PN12-1.2.edf"", ""PN12-3.edf""]"
PN12,PN12-4.edf,650,640,650,590,650,True,True,False,True,0,10194,0,negative,,,0,0.90000000000000002,E1_RF,20260922,True,nested,"[""PN12-1.2.edf"", ""PN12-3.edf""]"
PN12,PN12-4.edf,655,645,655,595,655,True,True,False,True,0,10194,0,negative,,,0.0024358974358974356,0.90000000000000002,E1_RF,20260922,True,nested,"[""PN12-1.2.edf"", ""PN12-3.edf""]"
PN12,PN12-4.edf,660,650,660,600,660,True,True,False,True,0,10194,0,negative,,,0,0.90000000000000002,E1_RF,20260922,True,nested,"[""PN12-1.2.edf"", ""PN12-3.edf""]"
PN12,PN12-4.edf,665,655,665,605,665,True,True,False,True,0,10194,0,negative,,,0,0.90000000000000002,E1_RF,20260922,True,nested,"[""PN12-1.2.edf"", ""PN12-3.edf""]"
PN12,PN12-4.edf,670,660,670,610,670,True,True,False,True,0,10194,0,negative,,,0.0087365251430292085,0.90000000000000002,E1_RF,20260922,True,nested,"[""PN12-1.2.edf"", ""PN12-3.edf""]"
PN12,PN12-4.edf,675,665,675,615,675,True,True,False,True,0,10194,0,negative,,,0.0090220458553791887,0.90000000000000002,E1_RF,20260922,True,nested,"[""PN12-1.2.edf"", ""PN12-3.edf""]"
PN12,PN12-4.edf,680,670,680,620,680,True,True,False,True,0,10194,0,negative,,,0.0089684475416182737,0.90000000000000002,E1_RF,20260922,True,nested,"[""PN12-1.2.edf"", ""PN12-3.edf""]"
PN12,PN12-4.edf,685,675,685,625,685,True,True,False,True,0,10194,0,negative,,,0,0.90000000000000002,E1_RF,20260922,True,nested,"[""PN12-1.2.edf"", ""PN12-3.edf""]"
PN12,PN12-4.edf,690,680,690,630,690,True,True,False,True,0,10194,0,negative,,,0.003295880149812734,0.90000000000000002,E1_RF,20260922,True,nested,"[""PN12-1.2.edf"", ""PN12-3.edf""]"
PN12,PN12-4.edf,695,685,695,635,695,True,True,False,True,0,10194,0,negative,,,0,0.90000000000000002,E1_RF,20260922,True,nested,"[""PN12-1.2.edf"", ""PN12-3.edf""]"
PN12,PN12-4.edf,700,690,700,640,700,True,True,False,True,0,10194,0,negative,,,0.0026984126984126986,0.90000000000000002,E1_RF,20260922,True,nested,"[""PN12-1.2.edf"", ""PN12-3.edf""]"
PN12,PN12-4.edf,705,695,705,645,705,True,True,False,True,0,10194,0,negative,,,0.060020631623709735,0.90000000000000002,E1_RF,20260922,True,nested,"[""PN12-1.2.edf"", ""PN12-3.edf""]"
PN12,PN12-4.edf,710,700,710,650,710,True,True,False,True,0,10194,0,negative,,,0.069039829051049717,0.90000000000000002,E1_RF,20260922,True,nested,"[""PN12-1.2.edf"", ""PN12-3.edf""]"
PN12,PN12-4.edf,715,705,715,655,715,True,True,False,True,0,10194,0,negative,,,0,0.90000000000000002,E1_RF,20260922,True,nested,"[""PN12-1.2.edf"", ""PN12-3.edf""]"
PN12,PN12-4.edf,720,710,720,660,720,True,True,False,True,0,10194,0,negative,,,0.080014830459028116,0.90000000000000002,E1_RF,20260922,True,nested,"[""PN12-1.2.edf"", ""PN12-3.edf""]"
PN12,PN12-4.edf,725,715,725,665,725,True,True,False,True,0,10194,0,negative,,,0.0032941176470588237,0.90000000000000002,E1_RF,20260922,True,nested,"[""PN12-1.2.edf"", ""PN12-3.edf""]"
PN12,PN12-4.edf,730,720,730,670,730,True,True,False,True,0,10194,0,negative,,,0,0.90000000000000002,E1_RF,20260922,True,nested,"[""PN12-1.2.edf"", ""PN12-3.edf""]"
PN12,PN12-4.edf,735,725,735,675,735,True,True,False,True,0,10194,0,negative,,,0,0.90000000000000002,E1_RF,20260922,True,nested,"[""PN12-1.2.edf"", ""PN12-3.edf""]"
PN12,PN12-4.edf,740,730,740,680,740,True,True,False,True,0,10194,0,negative,,,0.061881310039500273,0.90000000000000002,E1_RF,20260922,True,nested,"[""PN12-1.2.edf"", ""PN12-3.edf""]"
PN12,PN12-4.edf,745,735,745,685,745,True,True,False,True,0,10194,0,negative,,,0.031448122692432724,0.90000000000000002,E1_RF,20260922,True,nested,"[""PN12-1.2.edf"", ""PN12-3.edf""]"
PN12,PN12-4.edf,750,740,750,690,750,True,True,False,True,0,10194,0,negative,,,0.0099221183620314003,0.90000000000000002,E1_RF,20260922,True,nested,"[""PN12-1.2.edf"", ""PN12-3.edf""]"
PN12,PN12-4.edf,755,745,755,695,755,True,True,False,True,0,10194,0,negative,,,0.040312122095087735,0.90000000000000002,E1_RF,20260922,True,nested,"[""PN12-1.2.edf"", ""PN12-3.edf""]"
PN12,PN12-4.edf,760,750,760,700,760,True,True,False,True,0,10194,0,negative,,,0.013655610534949627,0.90000000000000002,E1_RF,20260922,True,nested,"[""PN12-1.2.edf"", ""PN12-3.edf""]"
PN12,PN12-4.edf,765,755,765,705,765,True,True,False,True,0,10194,0,negative,,,0,0.90000000000000002,E1_RF,20260922,True,nested,"[""PN12-1.2.edf"", ""PN12-3.edf""]"
PN12,PN12-4.edf,770,760,770,710,770,True,True,False,True,0,10194,0,negative,,,0.0024358974358974356,0.90000000000000002,E1_RF,20260922,True,nested,"[""PN12-1.2.edf"", ""PN12-3.edf""]"
PN12,PN12-4.edf,775,765,775,715,775,True,True,False,True,0,10194,0,negative,,,0.0056747967479674807,0.90000000000000002,E1_RF,20260922,True,nested,"[""PN12-1.2.edf"", ""PN12-3.edf""]"
PN12,PN12-4.edf,780,770,780,720,780,True,True,False,True,0,10194,0,negative,,,0,0.90000000000000002,E1_RF,20260922,True,nested,"[""PN12-1.2.edf"", ""PN12-3.edf""]"
PN12,PN12-4.edf,785,775,785,725,785,True,True,False,True,0,10194,0,negative,,,0.0024358974358974356,0.90000000000000002,E1_RF,20260922,True,nested,"[""PN12-1.2.edf"", ""PN12-3.edf""]"
PN12,PN12-4.edf,790,780,790,730,790,True,True,False,True,0,10194,0,negative,,,0,0.90000000000000002,E1_RF,20260922,True,nested,"[""PN12-1.2.edf"", ""PN12-3.edf""]"
PN12,PN12-4.edf,795,785,795,735,795,True,True,False,True,0,10194,0,negative,,,0,0.90000000000000002,E1_RF,20260922,True,nested,"[""PN12-1.2.edf"", ""PN12-3.edf""]"
PN12,PN12-4.edf,800,790,800,740,800,True,True,False,True,0,10194,0,negative,,,0,0.90000000000000002,E1_RF,20260922,True,nested,"[""PN12-1.2.edf"", ""PN12-3.edf""]"
PN12,PN12-4.edf,805,795,805,745,805,True,True,False,True,0,10194,0,negative,,,0,0.90000000000000002,E1_RF,20260922,True,nested,"[""PN12-1.2.edf"", ""PN12-3.edf""]"
PN12,PN12-4.edf,810,800,810,750,810,True,True,False,True,0,10194,0,negative,,,0,0.90000000000000002,E1_RF,20260922,True,nested,"[""PN12-1.2.edf"", ""PN12-3.edf""]"
PN12,PN12-4.edf,815,805,815,755,815,True,True,False,True,0,10194,0,negative,,,0,0.90000000000000002,E1_RF,20260922,True,nested,"[""PN12-1.2.edf"", ""PN12-3.edf""]"
PN12,PN12-4.edf,820,810,820,760,820,True,True,False,True,0,10194,0,negative,,,0,0.90000000000000002,E1_RF,20260922,True,nested,"[""PN12-1.2.edf"", ""PN12-3.edf""]"
PN12,PN12-4.edf,825,815,825,765,825,True,True,False,True,0,10194,0,negative,,,0,0.90000000000000002,E1_RF,20260922,True,nested,"[""PN12-1.2.edf"", ""PN12-3.edf""]"
PN12,PN12-4.edf,830,820,830,770,830,True,True,False,True,0,10194,0,negative,,,0,0.90000000000000002,E1_RF,20260922,True,nested,"[""PN12-1.2.edf"", ""PN12-3.edf""]"
PN12,PN12-4.edf,835,825,835,775,835,True,True,False,True,0,10194,0,negative,,,0.002839506172839506,0.90000000000000002,E1_RF,20260922,True,nested,"[""PN12-1.2.edf"", ""PN12-3.edf""]"
PN12,PN12-4.edf,840,830,840,780,840,True,True,False,True,0,10194,0,negative,,,0.008793076317859954,0.90000000000000002,E1_RF,20260922,True,nested,"[""PN12-1.2.edf"", ""PN12-3.edf""]"
PN12,PN12-4.edf,845,835,845,785,845,True,True,False,True,0,10194,0,negative,,,0.0047301587301587303,0.90000000000000002,E1_RF,20260922,True,nested,"[""PN12-1.2.edf"", ""PN12-3.edf""]"
PN12,PN12-4.edf,850,840,850,790,850,True,True,False,True,0,10194,0,negative,,,0,0.90000000000000002,E1_RF,20260922,True,nested,"[""PN12-1.2.edf"", ""PN12-3.edf""]"
PN12,PN12-4.edf,855,845,855,795,855,True,True,False,True,0,10194,0,negative,,,0,0.90000000000000002,E1_RF,20260922,True,nested,"[""PN12-1.2.edf"", ""PN12-3.edf""]"
PN12,PN12-4.edf,860,850,860,800,860,True,True,False,True,0,10194,0,negative,,,0.0055628415300546449,0.90000000000000002,E1_RF,20260922,True,nested,"[""PN12-1.2.edf"", ""PN12-3.edf""]"
PN12,PN12-4.edf,865,855,865,805,865,True,True,False,True,0,10194,0,negative,,,0.051367154617291549,0.90000000000000002,E1_RF,20260922,True,nested,"[""PN12-1.2.edf"", ""PN12-3.edf""]"
PN12,PN12-4.edf,870,860,870,810,870,True,True,False,True,0,10194,0,negative,,,0,0.90000000000000002,E1_RF,20260922,True,nested,"[""PN12-1.2.edf"", ""PN12-3.edf""]"
PN12,PN12-4.edf,875,865,875,815,875,True,True,False,True,0,10194,0,negative,,,0.0073644688644688653,0.90000000000000002,E1_RF,20260922,True,nested,"[""PN12-1.2.edf"", ""PN12-3.edf""]"
PN12,PN12-4.edf,880,870,880,820,880,True,True,False,True,0,10194,0,negative,,,0,0.90000000000000002,E1_RF,20260922,True,nested,"[""PN12-1.2.edf"", ""PN12-3.edf""]"
PN12,PN12-4.edf,885,875,885,825,885,True,True,False,True,0,10194,0,negative,,,0.022224973986057734,0.90000000000000002,E1_RF,20260922,True,nested,"[""PN12-1.2.edf"", ""PN12-3.edf""]"
PN12,PN12-4.edf,890,880,890,830,890,True,True,False,True,0,10194,0,negative,,,0.015632618529053167,0.90000000000000002,E1_RF,20260922,True,nested,"[""PN12-1.2.edf"", ""PN12-3.edf""]"
PN12,PN12-4.edf,895,885,895,835,895,True,True,False,True,0,10194,0,negative,,,0,0.90000000000000002,E1_RF,20260922,True,nested,"[""PN12-1.2.edf"", ""PN12-3.edf""]"
PN12,PN12-4.edf,900,890,900,840,900,True,True,False,True,0,10194,0,negative,,,0,0.90000000000000002,E1_RF,20260922,True,nested,"[""PN12-1.2.edf"", ""PN12-3.edf""]"
PN12,PN12-4.edf,905,895,905,845,905,True,True,False,True,0,10194,0,negative,,,0.04323221043695441,0.90000000000000002,E1_RF,20260922,True,nested,"[""PN12-1.2.edf"", ""PN12-3.edf""]"
PN12,PN12-4.edf,910,900,910,850,910,True,True,False,True,0,10194,0,negative,,,0.030457485962015973,0.90000000000000002,E1_RF,20260922,True,nested,"[""PN12-1.2.edf"", ""PN12-3.edf""]"
PN12,PN12-4.edf,915,905,915,855,915,True,True,False,True,0,10194,0,negative,,,0.05957170309501076,0.90000000000000002,E1_RF,20260922,True,nested,"[""PN12-1.2.edf"", ""PN12-3.edf""]"
PN12,PN12-4.edf,920,910,920,860,920,True,True,False,True,0,10194,0,negative,,,0.013936701509872241,0.90000000000000002,E1_RF,20260922,True,nested,"[""PN12-1.2.edf"", ""PN12-3.edf""]"
PN12,PN12-4.edf,925,915,925,865,925,True,True,False,True,0,10194,0,negative,,,0.10492829518674222,0.90000000000000002,E1_RF,20260922,True,nested,"[""PN12-1.2.edf"", ""PN12-3.edf""]"
PN12,PN12-4.edf,930,920,930,870,930,True,True,False,True,0,10194,0,negative,,,0.086184210800560018,0.90000000000000002,E1_RF,20260922,True,nested,"[""PN12-1.2.edf"", ""PN12-3.edf""]"
PN12,PN12-4.edf,935,925,935,875,935,True,True,False,True,0,10194,0,negative,,,0.044814985981552286,0.90000000000000002,E1_RF,20260922,True,nested,"[""PN12-1.2.edf"", ""PN12-3.edf""]"
PN12,PN12-4.edf,940,930,940,880,940,True,True,False,True,0,10194,0,negative,,,0.027718332238631706,0.90000000000000002,E1_RF,20260922,True,nested,"[""PN12-1.2.edf"", ""PN12-3.edf""]"
PN12,PN12-4.edf,945,935,945,885,945,True,True,False,True,0,10194,0,negative,,,0.032074392844692309,0.90000000000000002,E1_RF,20260922,True,nested,"[""PN12-1.2.edf"", ""PN12-3.edf""]"
PN12,PN12-4.edf,950,940,950,890,950,True,True,False,True,0,10194,0,negative,,,0.015160907291333341,0.90000000000000002,E1_RF,20260922,True,nested,"[""PN12-1.2.edf"", ""PN12-3.edf""]"
PN12,PN12-4.edf,955,945,955,895,955,True,True,False,True,0,10194,0,negative,,,0.030593856185584224,0.90000000000000002,E1_RF,20260922,True,nested,"[""PN12-1.2.edf"", ""PN12-3.edf""]"
PN12,PN12-4.edf,960,950,960,900,960,True,True,False,True,0,10194,0,negative,,,0.062451736763194897,0.90000000000000002,E1_RF,20260922,True,nested,"[""PN12-1.2.edf"", ""PN12-3.edf""]"
PN12,PN12-4.edf,965,955,965,905,965,True,True,False,True,0,10194,0,negative,,,0.060370527958319882,0.90000000000000002,E1_RF,20260922,True,nested,"[""PN12-1.2.edf"", ""PN12-3.edf""]"
PN12,PN12-4.edf,970,960,970,910,970,True,True,False,True,0,10194,0,negative,,,0.039368480106474986,0.90000000000000002,E1_RF,20260922,True,nested,"[""PN12-1.2.edf"", ""PN12-3.edf""]"
PN12,PN12-4.edf,975,965,975,915,975,True,True,False,True,0,10194,0,negative,,,0.056095366034597909,0.90000000000000002,E1_RF,20260922,True,nested,"[""PN12-1.2.edf"", ""PN12-3.edf""]"
PN12,PN12-4.edf,980,970,980,920,980,True,True,False,True,0,10194,0,negative,,,0.022385368905668373,0.90000000000000002,E1_RF,20260922,True,nested,"[""PN12-1.2.edf"", ""PN12-3.edf""]"
PN12,PN12-4.edf,985,975,985,925,985,True,True,False,True,0,10194,0,negative,,,0.026242368768056339,0.90000000000000002,E1_RF,20260922,True,nested,"[""PN12-1.2.edf"", ""PN12-3.edf""]"
PN12,PN12-4.edf,990,980,990,930,990,True,True,False,True,0,10194,0,negative,,,0.018910603930628614,0.90000000000000002,E1_RF,20260922,True,nested,"[""PN12-1.2.edf"", ""PN12-3.edf""]"
PN12,PN12-4.edf,995,985,995,935,995,True,True,False,True,0,10194,0,negative,,,0.03209237145477619,0.90000000000000002,E1_RF,20260922,True,nested,"[""PN12-1.2.edf"", ""PN12-3.edf""]"
PN12,PN12-4.edf,1000,990,1000,940,1000,True,True,False,True,0,10194,0,negative,,,0.0194456142510403,0.90000000000000002,E1_RF,20260922,True,nested,"[""PN12-1.2.edf"", ""PN12-3.edf""]"
PN12,PN12-4.edf,1005,995,1005,945,1005,True,True,False,True,0,10194,0,negative,,,0.015313288243714291,0.90000000000000002,E1_RF,20260922,True,nested,"[""PN12-1.2.edf"", ""PN12-3.edf""]"
PN12,PN12-4.edf,1010,1000,1010,950,1010,True,True,False,True,0,10194,0,negative,,,0,0.90000000000000002,E1_RF,20260922,True,nested,"[""PN12-1.2.edf"", ""PN12-3.edf""]"
PN12,PN12-4.edf,1015,1005,1015,955,1015,True,True,False,True,0,10194,0,negative,,,0.0024358974358974356,0.90000000000000002,E1_RF,20260922,True,nested,"[""PN12-1.2.edf"", ""PN12-3.edf""]"
PN12,PN12-4.edf,1020,1010,1020,960,1020,True,True,False,True,0,10194,0,negative,,,0,0.90000000000000002,E1_RF,20260922,True,nested,"[""PN12-1.2.edf"", ""PN12-3.edf""]"
PN12,PN12-4.edf,1025,1015,1025,965,1025,True,True,False,True,0,10194,0,negative,,,0,0.90000000000000002,E1_RF,20260922,True,nested,"[""PN12-1.2.edf"", ""PN12-3.edf""]"
PN12,PN12-4.edf,1030,1020,1030,970,1030,True,True,False,True,0,10194,0,negative,,,0.0024358974358974356,0.90000000000000002,E1_RF,20260922,True,nested,"[""PN12-1.2.edf"", ""PN12-3.edf""]"
PN12,PN12-4.edf,1035,1025,1035,975,1035,True,True,False,True,0,10194,0,negative,,,0,0.90000000000000002,E1_RF,20260922,True,nested,"[""PN12-1.2.edf"", ""PN12-3.edf""]"
PN12,PN12-4.edf,1040,1030,1040,980,1040,True,True,False,True,0,10194,0,negative,,,0,0.90000000000000002,E1_RF,20260922,True,nested,"[""PN12-1.2.edf"", ""PN12-3.edf""]"
PN12,PN12-4.edf,1045,1035,1045,985,1045,True,True,False,True,0,10194,0,negative,,,0,0.90000000000000002,E1_RF,20260922,True,nested,"[""PN12-1.2.edf"", ""PN12-3.edf""]"
PN12,PN12-4.edf,1050,1040,1050,990,1050,True,True,False,True,0,10194,0,negative,,,0.0024358974358974356,0.90000000000000002,E1_RF,20260922,True,nested,"[""PN12-1.2.edf"", ""PN12-3.edf""]"
PN12,PN12-4.edf,1055,1045,1055,995,1055,True,True,False,True,0,10194,0,negative,,,0.0077358974358974356,0.90000000000000002,E1_RF,20260922,True,nested,"[""PN12-1.2.edf"", ""PN12-3.edf""]"
PN12,PN12-4.edf,1060,1050,1060,1000,1060,True,True,False,True,0,10194,0,negative,,,0,0.90000000000000002,E1_RF,20260922,True,nested,"[""PN12-1.2.edf"", ""PN12-3.edf""]"
PN12,PN12-4.edf,1065,1055,1065,1005,1065,True,True,False,True,0,10194,0,negative,,,0.003295880149812734,0.90000000000000002,E1_RF,20260922,True,nested,"[""PN12-1.2.edf"", ""PN12-3.edf""]"
PN12,PN12-4.edf,1070,1060,1070,1010,1070,True,True,False,True,0,10194,0,negative,,,0.045471795325589731,0.90000000000000002,E1_RF,20260922,True,nested,"[""PN12-1.2.edf"", ""PN12-3.edf""]"
PN12,PN12-4.edf,1075,1065,1075,1015,1075,True,True,False,True,0,10194,0,negative,,,0,0.90000000000000002,E1_RF,20260922,True,nested,"[""PN12-1.2.edf"", ""PN12-3.edf""]"
PN12,PN12-4.edf,1080,1070,1080,1020,1080,True,True,False,True,0,10194,0,negative,,,0.0024358974358974356,0.90000000000000002,E1_RF,20260922,True,nested,"[""PN12-1.2.edf"", ""PN12-3.edf""]"
PN12,PN12-4.edf,1085,1075,1085,1025,1085,True,True,False,True,0,10194,0,negative,,,0,0.90000000000000002,E1_RF,20260922,True,nested,"[""PN12-1.2.edf"", ""PN12-3.edf""]"
PN12,PN12-4.edf,1090,1080,1090,1030,1090,True,True,False,True,0,10194,0,negative,,,0.005595238095238095,0.90000000000000002,E1_RF,20260922,True,nested,"[""PN12-1.2.edf"", ""PN12-3.edf""]"
PN12,PN12-4.edf,1095,1085,1095,1035,1095,True,True,False,True,0,10194,0,negative,,,0.002638888888888889,0.90000000000000002,E1_RF,20260922,True,nested,"[""PN12-1.2.edf"", ""PN12-3.edf""]"
PN12,PN12-4.edf,1100,1090,1100,1040,1100,True,True,False,True,0,10194,0,negative,,,0,0.90000000000000002,E1_RF,20260922,True,nested,"[""PN12-1.2.edf"", ""PN12-3.edf""]"
PN12,PN12-4.edf,1105,1095,1105,1045,1105,True,True,False,True,0,10194,0,negative,,,0.0024358974358974356,0.90000000000000002,E1_RF,20260922,True,nested,"[""PN12-1.2.edf"", ""PN12-3.edf""]"
PN12,PN12-4.edf,1110,1100,1110,1050,1110,True,True,False,True,0,10194,0,negative,,,0,0.90000000000000002,E1_RF,20260922,True,nested,"[""PN12-1.2.edf"", ""PN12-3.edf""]"
PN12,PN12-4.edf,1115,1105,1115,1055,1115,True,True,False,True,0,10194,0,negative,,,0.01836914349956955,0.90000000000000002,E1_RF,20260922,True,nested,"[""PN12-1.2.edf"", ""PN12-3.edf""]"
PN12,PN12-4.edf,1120,1110,1120,1060,1120,True,True,False,True,0,10194,0,negative,,,0.084894390372976899,0.90000000000000002,E1_RF,20260922,True,nested,"[""PN12-1.2.edf"", ""PN12-3.edf""]"
PN12,PN12-4.edf,1125,1115,1125,1065,1125,True,True,False,True,0,10194,0,negative,,,0.028461842140036341,0.90000000000000002,E1_RF,20260922,True,nested,"[""PN12-1.2.edf"", ""PN12-3.edf""]"
PN12,PN12-4.edf,1130,1120,1130,1070,1130,True,True,False,True,0,10194,0,negative,,,0.034935858230490793,0.90000000000000002,E1_RF,20260922,True,nested,"[""PN12-1.2.edf"", ""PN12-3.edf""]"
PN12,PN12-4.edf,1135,1125,1135,1075,1135,True,True,False,True,0,10194,0,negative,,,0.02987136594956016,0.90000000000000002,E1_RF,20260922,True,nested,"[""PN12-1.2.edf"", ""PN12-3.edf""]"
PN12,PN12-4.edf,1140,1130,1140,1080,1140,True,True,False,True,0,10194,0,negative,,,0.026107429880952732,0.90000000000000002,E1_RF,20260922,True,nested,"[""PN12-1.2.edf"", ""PN12-3.edf""]"
PN12,PN12-4.edf,1145,1135,1145,1085,1145,True,True,False,True,0,10194,0,negative,,,0.020891057600793995,0.90000000000000002,E1_RF,20260922,True,nested,"[""PN12-1.2.edf"", ""PN12-3.edf""]"
PN12,PN12-4.edf,1150,1140,1150,1090,1150,True,True,False,True,0,10194,0,negative,,,0.012877382387118779,0.90000000000000002,E1_RF,20260922,True,nested,"[""PN12-1.2.edf"", ""PN12-3.edf""]"
PN12,PN12-4.edf,1155,1145,1155,1095,1155,True,True,False,True,0,10194,0,negative,,,0.020812164995814432,0.90000000000000002,E1_RF,20260922,True,nested,"[""PN12-1.2.edf"", ""PN12-3.edf""]"
PN12,PN12-4.edf,1160,1150,1160,1100,1160,True,True,False,True,0,10194,0,negative,,,0.024140052818247021,0.90000000000000002,E1_RF,20260922,True,nested,"[""PN12-1.2.edf"", ""PN12-3.edf""]"
PN12,PN12-4.edf,1165,1155,1165,1105,1165,True,True,False,True,0,10194,0,negative,,,0.021481824970145759,0.90000000000000002,E1_RF,20260922,True,nested,"[""PN12-1.2.edf"", ""PN12-3.edf""]"
PN12,PN12-4.edf,1170,1160,1170,1110,1170,True,True,False,True,0,10194,0,negative,,,0.011276383481809529,0.90000000000000002,E1_RF,20260922,True,nested,"[""PN12-1.2.edf"", ""PN12-3.edf""]"
PN12,PN12-4.edf,1175,1165,1175,1115,1175,True,True,False,True,0,10194,0,negative,,,0.011993630124056172,0.90000000000000002,E1_RF,20260922,True,nested,"[""PN12-1.2.edf"", ""PN12-3.edf""]"
PN12,PN12-4.edf,1180,1170,1180,1120,1180,True,True,False,True,0,10194,0,negative,,,0.0099732970381704554,0.90000000000000002,E1_RF,20260922,True,nested,"[""PN12-1.2.edf"", ""PN12-3.edf""]"
PN12,PN12-4.edf,1185,1175,1185,1125,1185,True,True,False,True,0,10194,0,negative,,,0.0047506569517439083,0.90000000000000002,E1_RF,20260922,True,nested,"[""PN12-1.2.edf"", ""PN12-3.edf""]"
PN12,PN12-4.edf,1190,1180,1190,1130,1190,True,True,False,True,0,10194,0,negative,,,0.020652448228563939,0.90000000000000002,E1_RF,20260922,True,nested,"[""PN12-1.2.edf"", ""PN12-3.edf""]"
PN12,PN12-4.edf,1195,1185,1195,1135,1195,True,True,False,True,0,10194,0,negative,,,0.02269638633310668,0.90000000000000002,E1_RF,20260922,True,nested,"[""PN12-1.2.edf"", ""PN12-3.edf""]"
PN12,PN12-4.edf,1200,1190,1200,1140,1200,True,True,False,True,0,10194,0,negative,,,0.01117771065704975,0.90000000000000002,E1_RF,20260922,True,nested,"[""PN12-1.2.edf"", ""PN12-3.edf""]"
PN12,PN12-4.edf,1205,1195,1205,1145,1205,True,True,False,True,0,10194,0,negative,,,0.0044964285714285714,0.90000000000000002,E1_RF,20260922,True,nested,"[""PN12-1.2.edf"", ""PN12-3.edf""]"
PN12,PN12-4.edf,1210,1200,1210,1150,1210,True,True,False,True,0,10194,0,negative,,,0.017281082285421377,0.90000000000000002,E1_RF,20260922,True,nested,"[""PN12-1.2.edf"", ""PN12-3.edf""]"
PN12,PN12-4.edf,1215,1205,1215,1155,1215,True,True,False,True,0,10194,0,negative,,,0.012516462846888893,0.90000000000000002,E1_RF,20260922,True,nested,"[""PN12-1.2.edf"", ""PN12-3.edf""]"
PN12,PN12-4.edf,1220,1210,1220,1160,1220,True,True,False,True,0,10194,0,negative,,,0.011276383481809529,0.90000000000000002,E1_RF,20260922,True,nested,"[""PN12-1.2.edf"", ""PN12-3.edf""]"
PN12,PN12-4.edf,1225,1215,1225,1165,1225,True,True,False,True,0,10194,0,negative,,,0.034176524192018894,0.90000000000000002,E1_RF,20260922,True,nested,"[""PN12-1.2.edf"", ""PN12-3.edf""]"
PN12,PN12-4.edf,1230,1220,1230,1170,1230,True,True,False,True,0,10194,0,negative,,,0.028149958165452862,0.90000000000000002,E1_RF,20260922,True,nested,"[""PN12-1.2.edf"", ""PN12-3.edf""]"
PN12,PN12-4.edf,1235,1225,1235,1175,1235,True,True,False,True,0,10194,0,negative,,,0.020241745605066391,0.90000000000000002,E1_RF,20260922,True,nested,"[""PN12-1.2.edf"", ""PN12-3.edf""]"
PN12,PN12-4.edf,1240,1230,1240,1180,1240,True,True,False,True,0,10194,0,negative,,,0.02058248634580713,0.90000000000000002,E1_RF,20260922,True,nested,"[""PN12-1.2.edf"", ""PN12-3.edf""]"
PN12,PN12-4.edf,1245,1235,1245,1185,1245,True,True,False,True,0,10194,0,negative,,,0.0534867602185813,0.90000000000000002,E1_RF,20260922,True,nested,"[""PN12-1.2.edf"", ""PN12-3.edf""]"
PN12,PN12-4.edf,1250,1240,1250,1190,1250,True,True,False,True,0,10194,0,negative,,,0.071406544377138934,0.90000000000000002,E1_RF,20260922,True,nested,"[""PN12-1.2.edf"", ""PN12-3.edf""]"
PN12,PN12-4.edf,1255,1245,1255,1195,1255,True,True,False,True,0,10194,0,negative,,,0.01869780689966152,0.90000000000000002,E1_RF,20260922,True,nested,"[""PN12-1.2.edf"", ""PN12-3.edf""]"
PN12,PN12-4.edf,1260,1250,1260,1200,1260,True,True,False,True,0,10194,0,negative,,,0.024387353897090288,0.90000000000000002,E1_RF,20260922,True,nested,"[""PN12-1.2.edf"", ""PN12-3.edf""]"
PN12,PN12-4.edf,1265,1255,1265,1205,1265,True,True,False,True,0,10194,0,negative,,,0.027559242826873956,0.90000000000000002,E1_RF,20260922,True,nested,"[""PN12-1.2.edf"", ""PN12-3.edf""]"
PN12,PN12-4.edf,1270,1260,1270,1210,1270,True,True,False,True,0,10194,0,negative,,,0.03239047025795018,0.90000000000000002,E1_RF,20260922,True,nested,"[""PN12-1.2.edf"", ""PN12-3.edf""]"
PN12,PN12-4.edf,1275,1265,1275,1215,1275,True,True,False,True,0,10194,0,negative,,,0.027065575743182239,0.90000000000000002,E1_RF,20260922,True,nested,"[""PN12-1.2.edf"", ""PN12-3.edf""]"
PN12,PN12-4.edf,1280,1270,1280,1220,1280,True,True,False,True,0,10194,0,negative,,,0.034622130204047051,0.90000000000000002,E1_RF,20260922,True,nested,"[""PN12-1.2.edf"", ""PN12-3.edf""]"
PN12,PN12-4.edf,1285,1275,1285,1225,1285,True,True,False,True,0,10194,0,negative,,,0.020727536098142055,0.90000000000000002,E1_RF,20260922,True,nested,"[""PN12-1.2.edf"", ""PN12-3.edf""]"
PN12,PN12-4.edf,1290,1280,1290,1230,1290,True,True,False,True,0,10194,0,negative,,,0.018832937942674335,0.90000000000000002,E1_RF,20260922,True,nested,"[""PN12-1.2.edf"", ""PN12-3.edf""]"
PN12,PN12-4.edf,1295,1285,1295,1235,1295,True,True,False,True,0,10194,0,negative,,,0.025344862477595854,0.90000000000000002,E1_RF,20260922,True,nested,"[""PN12-1.2.edf"", ""PN12-3.edf""]"
PN12,PN12-4.edf,1300,1290,1300,1240,1300,True,True,False,True,0,10194,0,negative,,,0.014619507478327817,0.90000000000000002,E1_RF,20260922,True,nested,"[""PN12-1.2.edf"", ""PN12-3.edf""]"
PN12,PN12-4.edf,1305,1295,1305,1245,1305,True,True,False,True,0,10194,0,negative,,,0.027092224643915089,0.90000000000000002,E1_RF,20260922,True,nested,"[""PN12-1.2.edf"", ""PN12-3.edf""]"
PN12,PN12-4.edf,1310,1300,1310,1250,1310,True,True,False,True,0,10194,0,negative,,,0.039669020565397277,0.90000000000000002,E1_RF,20260922,True,nested,"[""PN12-1.2.edf"", ""PN12-3.edf""]"
PN12,PN12-4.edf,1315,1305,1315,1255,1315,True,True,False,True,0,10194,0,negative,,,0.038115587770338327,0.90000000000000002,E1_RF,20260922,True,nested,"[""PN12-1.2.edf"", ""PN12-3.edf""]"
PN12,PN12-4.edf,1320,1310,1320,1260,1320,True,True,False,True,0,10194,0,negative,,,0.01588537558439769,0.90000000000000002,E1_RF,20260922,True,nested,"[""PN12-1.2.edf"", ""PN12-3.edf""]"
PN12,PN12-4.edf,1325,1315,1325,1265,1325,True,True,False,True,0,10194,0,negative,,,0.011562728905588869,0.90000000000000002,E1_RF,20260922,True,nested,"[""PN12-1.2.edf"", ""PN12-3.edf""]"
PN12,PN12-4.edf,1330,1320,1330,1270,1330,True,True,False,True,0,10194,0,negative,,,0.0057461317096813283,0.90000000000000002,E1_RF,20260922,True,nested,"[""PN12-1.2.edf"", ""PN12-3.edf""]"
PN12,PN12-4.edf,1335,1325,1335,1275,1335,True,True,False,True,0,10194,0,negative,,,0.01106847603202565,0.90000000000000002,E1_RF,20260922,True,nested,"[""PN12-1.2.edf"", ""PN12-3.edf""]"
PN12,PN12-4.edf,1340,1330,1340,1280,1340,True,True,False,True,0,10194,0,negative,,,0.018302233821945582,0.90000000000000002,E1_RF,20260922,True,nested,"[""PN12-1.2.edf"", ""PN12-3.edf""]"
PN12,PN12-4.edf,1345,1335,1345,1285,1345,True,True,False,True,0,10194,0,negative,,,0.017966001937887614,0.90000000000000002,E1_RF,20260922,True,nested,"[""PN12-1.2.edf"", ""PN12-3.edf""]"
PN12,PN12-4.edf,1350,1340,1350,1290,1350,True,True,False,True,0,10194,0,negative,,,0.014209716815142862,0.90000000000000002,E1_RF,20260922,True,nested,"[""PN12-1.2.edf"", ""PN12-3.edf""]"
PN12,PN12-4.edf,1355,1345,1355,1295,1355,True,True,False,True,0,10194,0,negative,,,0.014209716815142862,0.90000000000000002,E1_RF,20260922,True,nested,"[""PN12-1.2.edf"", ""PN12-3.edf""]"
PN12,PN12-4.edf,1360,1350,1360,1300,1360,True,True,False,True,0,10194,0,negative,,,0.011431939037365084,0.90000000000000002,E1_RF,20260922,True,nested,"[""PN12-1.2.edf"", ""PN12-3.edf""]"
PN12,PN12-4.edf,1365,1355,1365,1305,1365,True,True,False,True,0,10194,0,negative,,,0.019836532729685236,0.90000000000000002,E1_RF,20260922,True,nested,"[""PN12-1.2.edf"", ""PN12-3.edf""]"
PN12,PN12-4.edf,1370,1360,1370,1310,1370,True,True,False,True,0,10194,0,negative,,,0.015051886341522915,0.90000000000000002,E1_RF,20260922,True,nested,"[""PN12-1.2.edf"", ""PN12-3.edf""]"
PN12,PN12-4.edf,1375,1365,1375,1315,1375,True,True,False,True,0,10194,0,negative,,,0.0088003600899966648,0.90000000000000002,E1_RF,20260922,True,nested,"[""PN12-1.2.edf"", ""PN12-3.edf""]"
PN12,PN12-4.edf,1380,1370,1380,1320,1380,True,True,False,True,0,10194,0,negative,,,0,0.90000000000000002,E1_RF,20260922,True,nested,"[""PN12-1.2.edf"", ""PN12-3.edf""]"
PN12,PN12-4.edf,1385,1375,1385,1325,1385,True,True,False,True,0,10194,0,negative,,,0.012103925684859348,0.90000000000000002,E1_RF,20260922,True,nested,"[""PN12-1.2.edf"", ""PN12-3.edf""]"
PN12,PN12-4.edf,1390,1380,1390,1330,1390,True,True,False,True,0,10194,0,negative,,,0.019787059698881098,0.90000000000000002,E1_RF,20260922,True,nested,"[""PN12-1.2.edf"", ""PN12-3.edf""]"
PN12,PN12-4.edf,1395,1385,1395,1335,1395,True,True,False,True,0,10194,0,negative,,,0.028181438307199505,0.90000000000000002,E1_RF,20260922,True,nested,"[""PN12-1.2.edf"", ""PN12-3.edf""]"
PN12,PN12-4.edf,1400,1390,1400,1340,1400,True,True,False,True,0,10194,0,negative,,,0.003760814249363868,0.90000000000000002,E1_RF,20260922,True,nested,"[""PN12-1.2.edf"", ""PN12-3.edf""]"
PN12,PN12-4.edf,1405,1395,1405,1345,1405,True,True,False,True,0,10194,0,negative,,,0.010237287483731839,0.90000000000000002,E1_RF,20260922,True,nested,"[""PN12-1.2.edf"", ""PN12-3.edf""]"
PN12,PN12-4.edf,1410,1400,1410,1350,1410,True,True,False,True,0,10194,0,negative,,,0.0040571105456601638,0.90000000000000002,E1_RF,20260922,True,nested,"[""PN12-1.2.edf"", ""PN12-3.edf""]"
PN12,PN12-4.edf,1415,1405,1415,1355,1415,True,True,False,True,0,10194,0,negative,,,0.0081422201450554784,0.90000000000000002,E1_RF,20260922,True,nested,"[""PN12-1.2.edf"", ""PN12-3.edf""]"
PN12,PN12-4.edf,1420,1410,1420,1360,1420,True,True,False,True,0,10194,0,negative,,,0.0065498252383748568,0.90000000000000002,E1_RF,20260922,True,nested,"[""PN12-1.2.edf"", ""PN12-3.edf""]"
PN12,PN12-4.edf,1425,1415,1425,1365,1425,True,True,False,True,0,10194,0,negative,,,0,0.90000000000000002,E1_RF,20260922,True,nested,"[""PN12-1.2.edf"", ""PN12-3.edf""]"
PN12,PN12-4.edf,1430,1420,1430,1370,1430,True,True,False,True,0,10194,0,negative,,,0.011767272423785427,0.90000000000000002,E1_RF,20260922,True,nested,"[""PN12-1.2.edf"", ""PN12-3.edf""]"
PN12,PN12-4.edf,1435,1425,1435,1375,1435,True,True,False,True,0,10194,0,negative,,,0.0081422201450554784,0.90000000000000002,E1_RF,20260922,True,nested,"[""PN12-1.2.edf"", ""PN12-3.edf""]"
PN12,PN12-4.edf,1440,1430,1440,1380,1440,True,True,False,True,0,10194,0,negative,,,0.0014926983073348821,0.90000000000000002,E1_RF,20260922,True,nested,"[""PN12-1.2.edf"", ""PN12-3.edf""]"
PN12,PN12-4.edf,1445,1435,1445,1385,1445,True,True,False,True,0,10194,0,negative,,,0.001094147582697201,0.90000000000000002,E1_RF,20260922,True,nested,"[""PN12-1.2.edf"", ""PN12-3.edf""]"
PN12,PN12-4.edf,1450,1440,1450,1390,1450,True,True,False,True,0,10194,0,negative,,,0.0024358974358974356,0.90000000000000002,E1_RF,20260922,True,nested,"[""PN12-1.2.edf"", ""PN12-3.edf""]"
PN12,PN12-4.edf,1455,1445,1455,1395,1455,True,True,False,True,0,10194,0,negative,,,0.0056747967479674807,0.90000000000000002,E1_RF,20260922,True,nested,"[""PN12-1.2.edf"", ""PN12-3.edf""]"
PN12,PN12-4.edf,1460,1450,1460,1400,1460,True,True,False,True,0,10194,0,negative,,,0.061019894683751352,0.90000000000000002,E1_RF,20260922,True,nested,"[""PN12-1.2.edf"", ""PN12-3.edf""]"
PN12,PN12-4.edf,1465,1455,1465,1405,1465,True,True,False,True,0,10194,0,negative,,,0,0.90000000000000002,E1_RF,20260922,True,nested,"[""PN12-1.2.edf"", ""PN12-3.edf""]"
PN12,PN12-4.edf,1470,1460,1470,1410,1470,True,True,False,True,0,10194,0,negative,,,0,0.90000000000000002,E1_RF,20260922,True,nested,"[""PN12-1.2.edf"", ""PN12-3.edf""]"
PN12,PN12-4.edf,1475,1465,1475,1415,1475,True,True,False,True,0,10194,0,negative,,,0,0.90000000000000002,E1_RF,20260922,True,nested,"[""PN12-1.2.edf"", ""PN12-3.edf""]"
PN12,PN12-4.edf,1480,1470,1480,1420,1480,True,True,False,True,0,10194,0,negative,,,0.0033157894736842103,0.90000000000000002,E1_RF,20260922,True,nested,"[""PN12-1.2.edf"", ""PN12-3.edf""]"
PN12,PN12-4.edf,1485,1475,1485,1425,1485,True,True,False,True,0,10194,0,negative,,,0.092581294173221529,0.90000000000000002,E1_RF,20260922,True,nested,"[""PN12-1.2.edf"", ""PN12-3.edf""]"
PN12,PN12-4.edf,1490,1480,1490,1430,1490,True,True,False,True,0,10194,0,negative,,,0.0046083064804869319,0.90000000000000002,E1_RF,20260922,True,nested,"[""PN12-1.2.edf"", ""PN12-3.edf""]"
PN12,PN12-4.edf,1495,1485,1495,1435,1495,True,True,False,True,0,10194,0,negative,,,0,0.90000000000000002,E1_RF,20260922,True,nested,"[""PN12-1.2.edf"", ""PN12-3.edf""]"
PN12,PN12-4.edf,1500,1490,1500,1440,1500,True,True,False,True,0,10194,0,negative,,,0.0033157894736842103,0.90000000000000002,E1_RF,20260922,True,nested,"[""PN12-1.2.edf"", ""PN12-3.edf""]"
PN12,PN12-4.edf,1505,1495,1505,1445,1505,True,True,False,True,0,10194,0,negative,,,0.010161687650306457,0.90000000000000002,E1_RF,20260922,True,nested,"[""PN12-1.2.edf"", ""PN12-3.edf""]"
PN12,PN12-4.edf,1510,1500,1510,1450,1510,True,True,False,True,0,10194,0,negative,,,0.0073067191788996292,0.90000000000000002,E1_RF,20260922,True,nested,"[""PN12-1.2.edf"", ""PN12-3.edf""]"
PN12,PN12-4.edf,1515,1505,1515,1455,1515,True,True,False,True,0,10194,0,negative,,,0,0.90000000000000002,E1_RF,20260922,True,nested,"[""PN12-1.2.edf"", ""PN12-3.edf""]"
PN12,PN12-4.edf,1520,1510,1520,1460,1520,True,True,False,True,0,10194,0,negative,,,0,0.90000000000000002,E1_RF,20260922,True,nested,"[""PN12-1.2.edf"", ""PN12-3.edf""]"
PN12,PN12-4.edf,1525,1515,1525,1465,1525,True,True,False,True,0,10194,0,negative,,,0.024636484398273938,0.90000000000000002,E1_RF,20260922,True,nested,"[""PN12-1.2.edf"", ""PN12-3.edf""]"
PN12,PN12-4.edf,1530,1520,1530,1470,1530,True,True,False,True,0,10194,0,negative,,,0.051479388881907694,0.90000000000000002,E1_RF,20260922,True,nested,"[""PN12-1.2.edf"", ""PN12-3.edf""]"
PN12,PN12-4.edf,1535,1525,1535,1475,1535,True,True,False,True,0,10194,0,negative,,,0.0033157894736842103,0.90000000000000002,E1_RF,20260922,True,nested,"[""PN12-1.2.edf"", ""PN12-3.edf""]"
PN12,PN12-4.edf,1540,1530,1540,1480,1540,True,True,False,True,0,10194,0,negative,,,0.051702509157594528,0.90000000000000002,E1_RF,20260922,True,nested,"[""PN12-1.2.edf"", ""PN12-3.edf""]"
PN12,PN12-4.edf,1545,1535,1545,1485,1545,True,True,False,True,0,10194,0,negative,,,0.0060694126620900075,0.90000000000000002,E1_RF,20260922,True,nested,"[""PN12-1.2.edf"", ""PN12-3.edf""]"
PN12,PN12-4.edf,1550,1540,1550,1490,1550,True,True,False,True,0,10194,0,negative,,,0.0033157894736842103,0.90000000000000002,E1_RF,20260922,True,nested,"[""PN12-1.2.edf"", ""PN12-3.edf""]"
PN12,PN12-4.edf,1555,1545,1555,1495,1555,True,True,False,True,0,10194,0,negative,,,0.0064134325713273077,0.90000000000000002,E1_RF,20260922,True,nested,"[""PN12-1.2.edf"", ""PN12-3.edf""]"
PN12,PN12-4.edf,1560,1550,1560,1500,1560,True,True,False,True,0,10194,0,negative,,,0,0.90000000000000002,E1_RF,20260922,True,nested,"[""PN12-1.2.edf"", ""PN12-3.edf""]"
PN12,PN12-4.edf,1565,1555,1565,1505,1565,True,True,False,True,0,10194,0,negative,,,0.0024358974358974356,0.90000000000000002,E1_RF,20260922,True,nested,"[""PN12-1.2.edf"", ""PN12-3.edf""]"
PN12,PN12-4.edf,1570,1560,1570,1510,1570,True,True,False,True,0,10194,0,negative,,,0,0.90000000000000002,E1_RF,20260922,True,nested,"[""PN12-1.2.edf"", ""PN12-3.edf""]"
PN12,PN12-4.edf,1575,1565,1575,1515,1575,True,True,False,True,0,10194,0,negative,,,0.034078597468683205,0.90000000000000002,E1_RF,20260922,True,nested,"[""PN12-1.2.edf"", ""PN12-3.edf""]"
PN12,PN12-4.edf,1580,1570,1580,1520,1580,True,True,False,True,0,10194,0,negative,,,0.04417234712285565,0.90000000000000002,E1_RF,20260922,True,nested,"[""PN12-1.2.edf"", ""PN12-3.edf""]"
PN12,PN12-4.edf,1585,1575,1585,1525,1585,True,True,False,True,0,10194,0,negative,,,0.014331761056180241,0.90000000000000002,E1_RF,20260922,True,nested,"[""PN12-1.2.edf"", ""PN12-3.edf""]"
PN12,PN12-4.edf,1590,1580,1590,1530,1590,True,True,False,True,0,10194,0,negative,,,0.0084567901234567904,0.90000000000000002,E1_RF,20260922,True,nested,"[""PN12-1.2.edf"", ""PN12-3.edf""]"
PN12,PN12-4.edf,1595,1585,1595,1535,1595,True,True,False,True,0,10194,0,negative,,,0,0.90000000000000002,E1_RF,20260922,True,nested,"[""PN12-1.2.edf"", ""PN12-3.edf""]"
PN12,PN12-4.edf,1600,1590,1600,1540,1600,True,True,False,True,0,10194,0,negative,,,0,0.90000000000000002,E1_RF,20260922,True,nested,"[""PN12-1.2.edf"", ""PN12-3.edf""]"
PN12,PN12-4.edf,1605,1595,1605,1545,1605,True,True,False,True,0,10194,0,negative,,,0,0.90000000000000002,E1_RF,20260922,True,nested,"[""PN12-1.2.edf"", ""PN12-3.edf""]"
PN12,PN12-4.edf,1610,1600,1610,1550,1610,True,True,False,True,0,10194,0,negative,,,0,0.90000000000000002,E1_RF,20260922,True,nested,"[""PN12-1.2.edf"", ""PN12-3.edf""]"
PN12,PN12-4.edf,1615,1605,1615,1555,1615,True,True,False,True,0,10194,0,negative,,,0,0.90000000000000002,E1_RF,20260922,True,nested,"[""PN12-1.2.edf"", ""PN12-3.edf""]"
PN12,PN12-4.edf,1620,1610,1620,1560,1620,True,True,False,True,0,10194,0,negative,,,0,0.90000000000000002,E1_RF,20260922,True,nested,"[""PN12-1.2.edf"", ""PN12-3.edf""]"
PN12,PN12-4.edf,1625,1615,1625,1565,1625,True,True,False,True,0,10194,0,negative,,,0.0089905862216516901,0.90000000000000002,E1_RF,20260922,True,nested,"[""PN12-1.2.edf"", ""PN12-3.edf""]"
PN12,PN12-4.edf,1630,1620,1630,1570,1630,True,True,False,True,0,10194,0,negative,,,0,0.90000000000000002,E1_RF,20260922,True,nested,"[""PN12-1.2.edf"", ""PN12-3.edf""]"
PN12,PN12-4.edf,1635,1625,1635,1575,1635,True,True,False,True,0,10194,0,negative,,,0,0.90000000000000002,E1_RF,20260922,True,nested,"[""PN12-1.2.edf"", ""PN12-3.edf""]"
PN12,PN12-4.edf,1640,1630,1640,1580,1640,True,True,False,True,0,10194,0,negative,,,0.0097773616312942149,0.90000000000000002,E1_RF,20260922,True,nested,"[""PN12-1.2.edf"", ""PN12-3.edf""]"
PN12,PN12-4.edf,1645,1635,1645,1585,1645,True,True,False,True,0,10194,0,negative,,,0,0.90000000000000002,E1_RF,20260922,True,nested,"[""PN12-1.2.edf"", ""PN12-3.edf""]"
PN12,PN12-4.edf,1650,1640,1650,1590,1650,True,True,False,True,0,10194,0,negative,,,0.0096076418993850179,0.90000000000000002,E1_RF,20260922,True,nested,"[""PN12-1.2.edf"", ""PN12-3.edf""]"
PN12,PN12-4.edf,1655,1645,1655,1595,1655,True,True,False,True,0,10194,0,negative,,,0.016820191202157161,0.90000000000000002,E1_RF,20260922,True,nested,"[""PN12-1.2.edf"", ""PN12-3.edf""]"
PN12,PN12-4.edf,1660,1650,1660,1600,1660,True,True,False,True,0,10194,0,negative,,,0,0.90000000000000002,E1_RF,20260922,True,nested,"[""PN12-1.2.edf"", ""PN12-3.edf""]"
PN12,PN12-4.edf,1665,1655,1665,1605,1665,True,True,False,True,0,10194,0,negative,,,0.0024358974358974356,0.90000000000000002,E1_RF,20260922,True,nested,"[""PN12-1.2.edf"", ""PN12-3.edf""]"
PN12,PN12-4.edf,1670,1660,1670,1610,1670,True,True,False,True,0,10194,0,negative,,,0.0029629629629629628,0.90000000000000002,E1_RF,20260922,True,nested,"[""PN12-1.2.edf"", ""PN12-3.edf""]"
PN12,PN12-4.edf,1675,1665,1675,1615,1675,True,True,False,True,0,10194,0,negative,,,0.0029629629629629628,0.90000000000000002,E1_RF,20260922,True,nested,"[""PN12-1.2.edf"", ""PN12-3.edf""]"
PN12,PN12-4.edf,1680,1670,1680,1620,1680,True,True,False,True,0,10194,0,negative,,,0,0.90000000000000002,E1_RF,20260922,True,nested,"[""PN12-1.2.edf"", ""PN12-3.edf""]"
PN12,PN12-4.edf,1685,1675,1685,1625,1685,True,True,False,True,0,10194,0,negative,,,0,0.90000000000000002,E1_RF,20260922,True,nested,"[""PN12-1.2.edf"", ""PN12-3.edf""]"
PN12,PN12-4.edf,1690,1680,1690,1630,1690,True,True,False,True,0,10194,0,negative,,,0.005408119658119658,0.90000000000000002,E1_RF,20260922,True,nested,"[""PN12-1.2.edf"", ""PN12-3.edf""]"
PN12,PN12-4.edf,1695,1685,1695,1635,1695,True,True,False,True,0,10194,0,negative,,,0,0.90000000000000002,E1_RF,20260922,True,nested,"[""PN12-1.2.edf"", ""PN12-3.edf""]"
PN12,PN12-4.edf,1700,1690,1700,1640,1700,True,True,False,True,0,10194,0,negative,,,0.029060460494671016,0.90000000000000002,E1_RF,20260922,True,nested,"[""PN12-1.2.edf"", ""PN12-3.edf""]"
PN12,PN12-4.edf,1705,1695,1705,1645,1705,True,True,False,True,0,10194,0,negative,,,0.021378975960795531,0.90000000000000002,E1_RF,20260922,True,nested,"[""PN12-1.2.edf"", ""PN12-3.edf""]"
PN12,PN12-4.edf,1710,1700,1710,1650,1710,True,True,False,True,0,10194,0,negative,,,0,0.90000000000000002,E1_RF,20260922,True,nested,"[""PN12-1.2.edf"", ""PN12-3.edf""]"
PN12,PN12-4.edf,1715,1705,1715,1655,1715,True,True,False,True,0,10194,0,negative,,,0.0024358974358974356,0.90000000000000002,E1_RF,20260922,True,nested,"[""PN12-1.2.edf"", ""PN12-3.edf""]"
PN12,PN12-4.edf,1720,1710,1720,1660,1720,True,True,False,True,0,10194,0,negative,,,0,0.90000000000000002,E1_RF,20260922,True,nested,"[""PN12-1.2.edf"", ""PN12-3.edf""]"
PN12,PN12-4.edf,1725,1715,1725,1665,1725,True,True,False,True,0,10194,0,negative,,,0,0.90000000000000002,E1_RF,20260922,True,nested,"[""PN12-1.2.edf"", ""PN12-3.edf""]"
PN12,PN12-4.edf,1730,1720,1730,1670,1730,True,True,False,True,0,10194,0,negative,,,0.039486051702544572,0.90000000000000002,E1_RF,20260922,True,nested,"[""PN12-1.2.edf"", ""PN12-3.edf""]"
PN12,PN12-4.edf,1735,1725,1735,1675,1735,True,True,False,True,0,10194,0,negative,,,0.060180008509900393,0.90000000000000002,E1_RF,20260922,True,nested,"[""PN12-1.2.edf"", ""PN12-3.edf""]"
PN12,PN12-4.edf,1740,1730,1740,1680,1740,True,True,False,True,0,10194,0,negative,,,0.046162411155864676,0.90000000000000002,E1_RF,20260922,True,nested,"[""PN12-1.2.edf"", ""PN12-3.edf""]"
PN12,PN12-4.edf,1745,1735,1745,1685,1745,True,True,False,True,0,10194,0,negative,,,0.049018116448466556,0.90000000000000002,E1_RF,20260922,True,nested,"[""PN12-1.2.edf"", ""PN12-3.edf""]"
PN12,PN12-4.edf,1750,1740,1750,1690,1750,True,True,False,True,0,10194,0,negative,,,0.011880184826993337,0.90000000000000002,E1_RF,20260922,True,nested,"[""PN12-1.2.edf"", ""PN12-3.edf""]"
PN12,PN12-4.edf,1755,1745,1755,1695,1755,True,True,False,True,0,10194,0,negative,,,0,0.90000000000000002,E1_RF,20260922,True,nested,"[""PN12-1.2.edf"", ""PN12-3.edf""]"
PN12,PN12-4.edf,1760,1750,1760,1700,1760,True,True,False,True,0,10194,0,negative,,,0.0031481481481481482,0.90000000000000002,E1_RF,20260922,True,nested,"[""PN12-1.2.edf"", ""PN12-3.edf""]"
PN12,PN12-4.edf,1765,1755,1765,1705,1765,True,True,False,True,0,10194,0,negative,,,0.0031182795698924729,0.90000000000000002,E1_RF,20260922,True,nested,"[""PN12-1.2.edf"", ""PN12-3.edf""]"
PN12,PN12-4.edf,1770,1760,1770,1710,1770,True,True,False,True,0,10194,0,negative,,,0,0.90000000000000002,E1_RF,20260922,True,nested,"[""PN12-1.2.edf"", ""PN12-3.edf""]"
PN12,PN12-4.edf,1775,1765,1775,1715,1775,True,True,False,True,0,10194,0,negative,,,0,0.90000000000000002,E1_RF,20260922,True,nested,"[""PN12-1.2.edf"", ""PN12-3.edf""]"
PN12,PN12-4.edf,1780,1770,1780,1720,1780,True,True,False,True,0,10194,0,negative,,,0,0.90000000000000002,E1_RF,20260922,True,nested,"[""PN12-1.2.edf"", ""PN12-3.edf""]"
PN12,PN12-4.edf,1785,1775,1785,1725,1785,True,True,False,True,0,10194,0,negative,,,0,0.90000000000000002,E1_RF,20260922,True,nested,"[""PN12-1.2.edf"", ""PN12-3.edf""]"
PN12,PN12-4.edf,1790,1780,1790,1730,1790,True,True,False,True,0,10194,0,negative,,,0.0024358974358974356,0.90000000000000002,E1_RF,20260922,True,nested,"[""PN12-1.2.edf"", ""PN12-3.edf""]"
PN12,PN12-4.edf,1795,1785,1795,1735,1795,True,True,False,True,0,10194,0,negative,,,0,0.90000000000000002,E1_RF,20260922,True,nested,"[""PN12-1.2.edf"", ""PN12-3.edf""]"
PN12,PN12-4.edf,1800,1790,1800,1740,1800,True,True,False,True,0,10194,0,negative,,,0.024425689546733718,0.90000000000000002,E1_RF,20260922,True,nested,"[""PN12-1.2.edf"", ""PN12-3.edf""]"
PN12,PN12-4.edf,1805,1795,1805,1745,1805,True,True,False,True,0,10194,0,negative,,,0.0024358974358974356,0.90000000000000002,E1_RF,20260922,True,nested,"[""PN12-1.2.edf"", ""PN12-3.edf""]"
PN12,PN12-4.edf,1810,1800,1810,1750,1810,True,True,False,True,0,10194,0,negative,,,0.022107453030459454,0.90000000000000002,E1_RF,20260922,True,nested,"[""PN12-1.2.edf"", ""PN12-3.edf""]"
PN12,PN12-4.edf,1815,1805,1815,1755,1815,True,True,False,True,0,10194,0,negative,,,0.02196034145197755,0.90000000000000002,E1_RF,20260922,True,nested,"[""PN12-1.2.edf"", ""PN12-3.edf""]"
PN12,PN12-4.edf,1820,1810,1820,1760,1820,True,True,False,True,0,10194,0,negative,,,0,0.90000000000000002,E1_RF,20260922,True,nested,"[""PN12-1.2.edf"", ""PN12-3.edf""]"
PN12,PN12-4.edf,1825,1815,1825,1765,1825,True,True,False,True,0,10194,0,negative,,,0,0.90000000000000002,E1_RF,20260922,True,nested,"[""PN12-1.2.edf"", ""PN12-3.edf""]"
PN12,PN12-4.edf,1830,1820,1830,1770,1830,True,True,False,True,0,10194,0,negative,,,0,0.90000000000000002,E1_RF,20260922,True,nested,"[""PN12-1.2.edf"", ""PN12-3.edf""]"
PN12,PN12-4.edf,1835,1825,1835,1775,1835,True,True,False,True,0,10194,0,negative,,,0,0.90000000000000002,E1_RF,20260922,True,nested,"[""PN12-1.2.edf"", ""PN12-3.edf""]"
PN12,PN12-4.edf,1840,1830,1840,1780,1840,True,True,False,True,0,10194,0,negative,,,0.0024358974358974356,0.90000000000000002,E1_RF,20260922,True,nested,"[""PN12-1.2.edf"", ""PN12-3.edf""]"
PN12,PN12-4.edf,1845,1835,1845,1785,1845,True,True,False,True,0,10194,0,negative,,,0.0024358974358974356,0.90000000000000002,E1_RF,20260922,True,nested,"[""PN12-1.2.edf"", ""PN12-3.edf""]"
PN12,PN12-4.edf,1850,1840,1850,1790,1850,True,True,False,True,0,10194,0,negative,,,0,0.90000000000000002,E1_RF,20260922,True,nested,"[""PN12-1.2.edf"", ""PN12-3.edf""]"
PN12,PN12-4.edf,1855,1845,1855,1795,1855,True,True,False,True,0,10194,0,negative,,,0,0.90000000000000002,E1_RF,20260922,True,nested,"[""PN12-1.2.edf"", ""PN12-3.edf""]"
PN12,PN12-4.edf,1860,1850,1860,1800,1860,True,True,False,True,0,10194,0,negative,,,0.00488034188034188,0.90000000000000002,E1_RF,20260922,True,nested,"[""PN12-1.2.edf"", ""PN12-3.edf""]"
PN12,PN12-4.edf,1865,1855,1865,1805,1865,True,True,False,True,0,10194,0,negative,,,0.013509906759906759,0.90000000000000002,E1_RF,20260922,True,nested,"[""PN12-1.2.edf"", ""PN12-3.edf""]"
PN12,PN12-4.edf,1870,1860,1870,1810,1870,True,True,False,True,0,10194,0,negative,,,0.0056746681214766325,0.90000000000000002,E1_RF,20260922,True,nested,"[""PN12-1.2.edf"", ""PN12-3.edf""]"
PN12,PN12-4.edf,1875,1865,1875,1815,1875,True,True,False,True,0,10194,0,negative,,,0.033882165019132611,0.90000000000000002,E1_RF,20260922,True,nested,"[""PN12-1.2.edf"", ""PN12-3.edf""]"
PN12,PN12-4.edf,1880,1870,1880,1820,1880,True,True,False,True,0,10194,0,negative,,,0,0.90000000000000002,E1_RF,20260922,True,nested,"[""PN12-1.2.edf"", ""PN12-3.edf""]"
PN12,PN12-4.edf,1885,1875,1885,1825,1885,True,True,False,True,0,10194,0,negative,,,0,0.90000000000000002,E1_RF,20260922,True,nested,"[""PN12-1.2.edf"", ""PN12-3.edf""]"
PN12,PN12-4.edf,1890,1880,1890,1830,1890,True,True,False,True,0,10194,0,negative,,,0,0.90000000000000002,E1_RF,20260922,True,nested,"[""PN12-1.2.edf"", ""PN12-3.edf""]"
PN12,PN12-4.edf,1895,1885,1895,1835,1895,True,True,False,True,0,10194,0,negative,,,0,0.90000000000000002,E1_RF,20260922,True,nested,"[""PN12-1.2.edf"", ""PN12-3.edf""]"
PN12,PN12-4.edf,1900,1890,1900,1840,1900,True,True,False,True,0,10194,0,negative,,,0.025254979475448885,0.90000000000000002,E1_RF,20260922,True,nested,"[""PN12-1.2.edf"", ""PN12-3.edf""]"
PN12,PN12-4.edf,1905,1895,1905,1845,1905,True,True,False,True,0,10194,0,negative,,,0.0026436781609195403,0.90000000000000002,E1_RF,20260922,True,nested,"[""PN12-1.2.edf"", ""PN12-3.edf""]"
PN12,PN12-4.edf,1910,1900,1910,1850,1910,True,True,False,True,0,10194,0,negative,,,0.017912488465704944,0.90000000000000002,E1_RF,20260922,True,nested,"[""PN12-1.2.edf"", ""PN12-3.edf""]"
PN12,PN12-4.edf,1915,1905,1915,1855,1915,True,True,False,True,0,10194,0,negative,,,0.12310203442811618,0.90000000000000002,E1_RF,20260922,True,nested,"[""PN12-1.2.edf"", ""PN12-3.edf""]"
PN12,PN12-4.edf,1920,1910,1920,1860,1920,True,True,False,True,0,10194,0,negative,,,0.036089323880744921,0.90000000000000002,E1_RF,20260922,True,nested,"[""PN12-1.2.edf"", ""PN12-3.edf""]"
PN12,PN12-4.edf,1925,1915,1925,1865,1925,True,True,False,True,0,10194,0,negative,,,0.034827957849555294,0.90000000000000002,E1_RF,20260922,True,nested,"[""PN12-1.2.edf"", ""PN12-3.edf""]"
PN12,PN12-4.edf,1930,1920,1930,1870,1930,True,True,False,True,0,10194,0,negative,,,0.053321278516263067,0.90000000000000002,E1_RF,20260922,True,nested,"[""PN12-1.2.edf"", ""PN12-3.edf""]"
PN12,PN12-4.edf,1935,1925,1935,1875,1935,True,True,False,True,0,10194,0,negative,,,0.039109699913972257,0.90000000000000002,E1_RF,20260922,True,nested,"[""PN12-1.2.edf"", ""PN12-3.edf""]"
PN12,PN12-4.edf,1940,1930,1940,1880,1940,True,True,False,True,0,10194,0,negative,,,0.045061948469036529,0.90000000000000002,E1_RF,20260922,True,nested,"[""PN12-1.2.edf"", ""PN12-3.edf""]"
PN12,PN12-4.edf,1945,1935,1945,1885,1945,True,True,False,True,0,10194,0,negative,,,0.068635303269219503,0.90000000000000002,E1_RF,20260922,True,nested,"[""PN12-1.2.edf"", ""PN12-3.edf""]"
PN12,PN12-4.edf,1950,1940,1950,1890,1950,True,True,False,True,0,10194,0,negative,,,0,0.90000000000000002,E1_RF,20260922,True,nested,"[""PN12-1.2.edf"", ""PN12-3.edf""]"
PN12,PN12-4.edf,1955,1945,1955,1895,1955,True,True,False,True,0,10194,0,negative,,,0.052282905397982887,0.90000000000000002,E1_RF,20260922,True,nested,"[""PN12-1.2.edf"", ""PN12-3.edf""]"
PN12,PN12-4.edf,1960,1950,1960,1900,1960,True,True,False,True,0,10194,0,negative,,,0,0.90000000000000002,E1_RF,20260922,True,nested,"[""PN12-1.2.edf"", ""PN12-3.edf""]"
PN12,PN12-4.edf,1965,1955,1965,1905,1965,True,True,False,True,0,10194,0,negative,,,0,0.90000000000000002,E1_RF,20260922,True,nested,"[""PN12-1.2.edf"", ""PN12-3.edf""]"
PN12,PN12-4.edf,1970,1960,1970,1910,1970,True,True,False,True,0,10194,0,negative,,,0.020891334246497306,0.90000000000000002,E1_RF,20260922,True,nested,"[""PN12-1.2.edf"", ""PN12-3.edf""]"
PN12,PN12-4.edf,1975,1965,1975,1915,1975,True,True,False,True,0,10194,0,negative,,,0.024781188711314305,0.90000000000000002,E1_RF,20260922,True,nested,"[""PN12-1.2.edf"", ""PN12-3.edf""]"
PN12,PN12-4.edf,1980,1970,1980,1920,1980,True,True,False,True,0,10194,0,negative,,,0.021689587021799649,0.90000000000000002,E1_RF,20260922,True,nested,"[""PN12-1.2.edf"", ""PN12-3.edf""]"
PN12,PN12-4.edf,1985,1975,1985,1925,1985,True,True,False,True,0,10194,0,negative,,,0.021631340067893908,0.90000000000000002,E1_RF,20260922,True,nested,"[""PN12-1.2.edf"", ""PN12-3.edf""]"
PN12,PN12-4.edf,1990,1980,1990,1930,1990,True,True,False,True,0,10194,0,negative,,,0.083419577082007049,0.90000000000000002,E1_RF,20260922,True,nested,"[""PN12-1.2.edf"", ""PN12-3.edf""]"
PN12,PN12-4.edf,1995,1985,1995,1935,1995,True,True,False,True,0,10194,0,negative,,,0.031658605974907938,0.90000000000000002,E1_RF,20260922,True,nested,"[""PN12-1.2.edf"", ""PN12-3.edf""]"
PN12,PN12-4.edf,2000,1990,2000,1940,2000,True,True,False,True,0,10194,0,negative,,,0.039111055259270451,0.90000000000000002,E1_RF,20260922,True,nested,"[""PN12-1.2.edf"", ""PN12-3.edf""]"
PN12,PN12-4.edf,2005,1995,2005,1945,2005,True,True,False,True,0,10194,0,negative,,,0.064094207705002043,0.90000000000000002,E1_RF,20260922,True,nested,"[""PN12-1.2.edf"", ""PN12-3.edf""]"
PN12,PN12-4.edf,2010,2000,2010,1950,2010,True,True,False,True,0,10194,0,negative,,,0.033624809048145625,0.90000000000000002,E1_RF,20260922,True,nested,"[""PN12-1.2.edf"", ""PN12-3.edf""]"
PN12,PN12-4.edf,2015,2005,2015,1955,2015,True,True,False,True,0,10194,0,negative,,,0.051610589852795263,0.90000000000000002,E1_RF,20260922,True,nested,"[""PN12-1.2.edf"", ""PN12-3.edf""]"
PN12,PN12-4.edf,2020,2010,2020,1960,2020,True,True,False,True,0,10194,0,negative,,,0.0055447894537489911,0.90000000000000002,E1_RF,20260922,True,nested,"[""PN12-1.2.edf"", ""PN12-3.edf""]"
PN12,PN12-4.edf,2025,2015,2025,1965,2025,True,True,False,True,0,10194,0,negative,,,0,0.90000000000000002,E1_RF,20260922,True,nested,"[""PN12-1.2.edf"", ""PN12-3.edf""]"
PN12,PN12-4.edf,2030,2020,2030,1970,2030,True,True,False,True,0,10194,0,negative,,,0.082999347715673549,0.90000000000000002,E1_RF,20260922,True,nested,"[""PN12-1.2.edf"", ""PN12-3.edf""]"
PN12,PN12-4.edf,2035,2025,2035,1975,2035,True,True,False,True,0,10194,0,negative,,,0.0028,0.90000000000000002,E1_RF,20260922,True,nested,"[""PN12-1.2.edf"", ""PN12-3.edf""]"
PN12,PN12-4.edf,2040,2030,2040,1980,2040,True,True,False,True,0,10194,0,negative,,,0.0028735632183908046,0.90000000000000002,E1_RF,20260922,True,nested,"[""PN12-1.2.edf"", ""PN12-3.edf""]"
PN12,PN12-4.edf,2045,2035,2045,1985,2045,True,True,False,True,0,10194,0,negative,,,0.047091629701526798,0.90000000000000002,E1_RF,20260922,True,nested,"[""PN12-1.2.edf"", ""PN12-3.edf""]"
PN12,PN12-4.edf,2050,2040,2050,1990,2050,True,True,False,True,0,10194,0,negative,,,0.080961379837804173,0.90000000000000002,E1_RF,20260922,True,nested,"[""PN12-1.2.edf"", ""PN12-3.edf""]"
PN12,PN12-4.edf,2055,2045,2055,1995,2055,True,True,False,True,0,10194,0,negative,,,0.093713193453233382,0.90000000000000002,E1_RF,20260922,True,nested,"[""PN12-1.2.edf"", ""PN12-3.edf""]"
PN12,PN12-4.edf,2060,2050,2060,2000,2060,True,True,False,True,0,10194,0,negative,,,0.18161078008326997,0.90000000000000002,E1_RF,20260922,True,nested,"[""PN12-1.2.edf"", ""PN12-3.edf""]"
PN12,PN12-4.edf,2065,2055,2065,2005,2065,True,True,False,True,0,10194,0,negative,,,0.079350223926110311,0.90000000000000002,E1_RF,20260922,True,nested,"[""PN12-1.2.edf"", ""PN12-3.edf""]"
PN12,PN12-4.edf,2070,2060,2070,2010,2070,True,True,False,True,0,10194,0,negative,,,0.016200713722063192,0.90000000000000002,E1_RF,20260922,True,nested,"[""PN12-1.2.edf"", ""PN12-3.edf""]"
PN12,PN12-4.edf,2075,2065,2075,2015,2075,True,True,False,True,0,10194,0,negative,,,0.096245517869825006,0.90000000000000002,E1_RF,20260922,True,nested,"[""PN12-1.2.edf"", ""PN12-3.edf""]"
PN12,PN12-4.edf,2080,2070,2080,2020,2080,True,True,False,True,0,10194,0,negative,,,0.1913907870213418,0.90000000000000002,E1_RF,20260922,True,nested,"[""PN12-1.2.edf"", ""PN12-3.edf""]"
PN12,PN12-4.edf,2085,2075,2085,2025,2085,True,True,False,True,0,10194,0,negative,,,0.17938675137411109,0.90000000000000002,E1_RF,20260922,True,nested,"[""PN12-1.2.edf"", ""PN12-3.edf""]"
PN12,PN12-4.edf,2090,2080,2090,2030,2090,True,True,False,True,0,10194,0,negative,,,0.071074273468801241,0.90000000000000002,E1_RF,20260922,True,nested,"[""PN12-1.2.edf"", ""PN12-3.edf""]"
PN12,PN12-4.edf,2095,2085,2095,2035,2095,True,True,False,True,0,10194,0,negative,,,0.04869748349217639,0.90000000000000002,E1_RF,20260922,True,nested,"[""PN12-1.2.edf"", ""PN12-3.edf""]"
PN12,PN12-4.edf,2100,2090,2100,2040,2100,True,True,False,True,0,10194,0,negative,,,0.064665647496678053,0.90000000000000002,E1_RF,20260922,True,nested,"[""PN12-1.2.edf"", ""PN12-3.edf""]"
PN12,PN12-4.edf,2105,2095,2105,2045,2105,True,True,False,True,0,10194,0,negative,,,0.05741057780696604,0.90000000000000002,E1_RF,20260922,True,nested,"[""PN12-1.2.edf"", ""PN12-3.edf""]"
PN12,PN12-4.edf,2110,2100,2110,2050,2110,True,True,False,True,0,10194,0,negative,,,0.013001193823145964,0.90000000000000002,E1_RF,20260922,True,nested,"[""PN12-1.2.edf"", ""PN12-3.edf""]"
PN12,PN12-4.edf,2115,2105,2115,2055,2115,True,True,False,True,0,10194,0,negative,,,0.0070227867370724513,0.90000000000000002,E1_RF,20260922,True,nested,"[""PN12-1.2.edf"", ""PN12-3.edf""]"
PN12,PN12-4.edf,2120,2110,2120,2060,2120,True,True,False,True,0,10194,0,negative,,,0.0024358974358974356,0.90000000000000002,E1_RF,20260922,True,nested,"[""PN12-1.2.edf"", ""PN12-3.edf""]"
PN12,PN12-4.edf,2125,2115,2125,2065,2125,True,True,False,True,0,10194,0,negative,,,0,0.90000000000000002,E1_RF,20260922,True,nested,"[""PN12-1.2.edf"", ""PN12-3.edf""]"
PN12,PN12-4.edf,2130,2120,2130,2070,2130,True,True,False,True,0,10194,0,negative,,,0.0030246913580246914,0.90000000000000002,E1_RF,20260922,True,nested,"[""PN12-1.2.edf"", ""PN12-3.edf""]"
PN12,PN12-4.edf,2135,2125,2135,2075,2135,True,True,False,True,0,10194,0,negative,,,0.0030246913580246914,0.90000000000000002,E1_RF,20260922,True,nested,"[""PN12-1.2.edf"", ""PN12-3.edf""]"
PN12,PN12-4.edf,2140,2130,2140,2080,2140,True,True,False,True,0,10194,0,negative,,,0,0.90000000000000002,E1_RF,20260922,True,nested,"[""PN12-1.2.edf"", ""PN12-3.edf""]"
PN12,PN12-4.edf,2145,2135,2145,2085,2145,True,True,False,True,0,10194,0,negative,,,0,0.90000000000000002,E1_RF,20260922,True,nested,"[""PN12-1.2.edf"", ""PN12-3.edf""]"
PN12,PN12-4.edf,2150,2140,2150,2090,2150,True,True,False,True,0,10194,0,negative,,,0.024911398011397416,0.90000000000000002,E1_RF,20260922,True,nested,"[""PN12-1.2.edf"", ""PN12-3.edf""]"
PN12,PN12-4.edf,2155,2145,2155,2095,2155,True,True,False,True,0,10194,0,negative,,,0,0.90000000000000002,E1_RF,20260922,True,nested,"[""PN12-1.2.edf"", ""PN12-3.edf""]"
PN12,PN12-4.edf,2160,2150,2160,2100,2160,True,True,False,True,0,10194,0,negative,,,0.012644436792164064,0.90000000000000002,E1_RF,20260922,True,nested,"[""PN12-1.2.edf"", ""PN12-3.edf""]"
PN12,PN12-4.edf,2165,2155,2165,2105,2165,True,True,False,True,0,10194,0,negative,,,0,0.90000000000000002,E1_RF,20260922,True,nested,"[""PN12-1.2.edf"", ""PN12-3.edf""]"
PN12,PN12-4.edf,2170,2160,2170,2110,2170,True,True,False,True,0,10194,0,negative,,,0,0.90000000000000002,E1_RF,20260922,True,nested,"[""PN12-1.2.edf"", ""PN12-3.edf""]"
PN12,PN12-4.edf,2175,2165,2175,2115,2175,True,True,False,True,0,10194,0,negative,,,0,0.90000000000000002,E1_RF,20260922,True,nested,"[""PN12-1.2.edf"", ""PN12-3.edf""]"
PN12,PN12-4.edf,2180,2170,2180,2120,2180,True,True,False,True,0,10194,0,negative,,,0,0.90000000000000002,E1_RF,20260922,True,nested,"[""PN12-1.2.edf"", ""PN12-3.edf""]"
PN12,PN12-4.edf,2185,2175,2185,2125,2185,True,True,False,True,0,10194,0,negative,,,0.06176692438596517,0.90000000000000002,E1_RF,20260922,True,nested,"[""PN12-1.2.edf"", ""PN12-3.edf""]"
PN12,PN12-4.edf,2190,2180,2190,2130,2190,True,True,False,True,0,10194,0,negative,,,0,0.90000000000000002,E1_RF,20260922,True,nested,"[""PN12-1.2.edf"", ""PN12-3.edf""]"
PN12,PN12-4.edf,2195,2185,2195,2135,2195,True,True,False,True,0,10194,0,negative,,,0.030847624775315458,0.90000000000000002,E1_RF,20260922,True,nested,"[""PN12-1.2.edf"", ""PN12-3.edf""]"
PN12,PN12-4.edf,2200,2190,2200,2140,2200,True,True,False,True,0,10194,0,negative,,,0.05821249395005406,0.90000000000000002,E1_RF,20260922,True,nested,"[""PN12-1.2.edf"", ""PN12-3.edf""]"
PN12,PN12-4.edf,2205,2195,2205,2145,2205,True,True,False,True,0,10194,0,negative,,,0.20132173300635656,0.90000000000000002,E1_RF,20260922,True,nested,"[""PN12-1.2.edf"", ""PN12-3.edf""]"
PN12,PN12-4.edf,2210,2200,2210,2150,2210,True,True,False,True,0,10194,0,negative,,,0,0.90000000000000002,E1_RF,20260922,True,nested,"[""PN12-1.2.edf"", ""PN12-3.edf""]"
PN12,PN12-4.edf,2215,2205,2215,2155,2215,True,True,False,True,0,10194,0,negative,,,0.046636748331046841,0.90000000000000002,E1_RF,20260922,True,nested,"[""PN12-1.2.edf"", ""PN12-3.edf""]"
PN12,PN12-4.edf,2220,2210,2220,2160,2220,True,True,False,True,0,10194,0,negative,,,0.056708259987334926,0.90000000000000002,E1_RF,20260922,True,nested,"[""PN12-1.2.edf"", ""PN12-3.edf""]"
PN12,PN12-4.edf,2225,2215,2225,2165,2225,True,True,False,True,0,10194,0,negative,,,0.039887407909129917,0.90000000000000002,E1_RF,20260922,True,nested,"[""PN12-1.2.edf"", ""PN12-3.edf""]"
PN12,PN12-4.edf,2230,2220,2230,2170,2230,True,True,False,True,0,10194,0,negative,,,0.070170099997407864,0.90000000000000002,E1_RF,20260922,True,nested,"[""PN12-1.2.edf"", ""PN12-3.edf""]"
PN12,PN12-4.edf,2235,2225,2235,2175,2235,True,True,False,True,0,10194,0,negative,,,0.12066224758312664,0.90000000000000002,E1_RF,20260922,True,nested,"[""PN12-1.2.edf"", ""PN12-3.edf""]"
PN12,PN12-4.edf,2240,2230,2240,2180,2240,True,True,False,True,0,10194,0,negative,,,0.10906759655094009,0.90000000000000002,E1_RF,20260922,True,nested,"[""PN12-1.2.edf"", ""PN12-3.edf""]"
PN12,PN12-4.edf,2245,2235,2245,2185,2245,True,True,False,True,0,10194,0,negative,,,0.096276950761924177,0.90000000000000002,E1_RF,20260922,True,nested,"[""PN12-1.2.edf"", ""PN12-3.edf""]"
PN12,PN12-4.edf,2250,2240,2250,2190,2250,True,True,False,True,0,10194,0,negative,,,0.09326765173921181,0.90000000000000002,E1_RF,20260922,True,nested,"[""PN12-1.2.edf"", ""PN12-3.edf""]"
PN12,PN12-4.edf,2255,2245,2255,2195,2255,True,True,False,True,0,10194,0,negative,,,0.13208088643484844,0.90000000000000002,E1_RF,20260922,True,nested,"[""PN12-1.2.edf"", ""PN12-3.edf""]"
PN12,PN12-4.edf,2260,2250,2260,2200,2260,True,True,False,True,0,10194,0,negative,,,0.064623030487632044,0.90000000000000002,E1_RF,20260922,True,nested,"[""PN12-1.2.edf"", ""PN12-3.edf""]"
PN12,PN12-4.edf,2265,2255,2265,2205,2265,True,True,False,True,0,10194,0,negative,,,0.025463099647956993,0.90000000000000002,E1_RF,20260922,True,nested,"[""PN12-1.2.edf"", ""PN12-3.edf""]"
PN12,PN12-4.edf,2270,2260,2270,2210,2270,True,True,False,True,0,10194,0,negative,,,0.0049955738705738705,0.90000000000000002,E1_RF,20260922,True,nested,"[""PN12-1.2.edf"", ""PN12-3.edf""]"
PN12,PN12-4.edf,2275,2265,2275,2215,2275,True,True,False,True,0,10194,0,negative,,,0.01730791737870823,0.90000000000000002,E1_RF,20260922,True,nested,"[""PN12-1.2.edf"", ""PN12-3.edf""]"
PN12,PN12-4.edf,2280,2270,2280,2220,2280,True,True,False,True,0,10194,0,negative,,,0.0022000000000000001,0.90000000000000002,E1_RF,20260922,True,nested,"[""PN12-1.2.edf"", ""PN12-3.edf""]"
PN12,PN12-4.edf,2285,2275,2285,2225,2285,True,True,False,True,0,10194,0,negative,,,0,0.90000000000000002,E1_RF,20260922,True,nested,"[""PN12-1.2.edf"", ""PN12-3.edf""]"
PN12,PN12-4.edf,2290,2280,2290,2230,2290,True,True,False,True,0,10194,0,negative,,,0,0.90000000000000002,E1_RF,20260922,True,nested,"[""PN12-1.2.edf"", ""PN12-3.edf""]"
PN12,PN12-4.edf,2295,2285,2295,2235,2295,True,True,False,True,0,10194,0,negative,,,0,0.90000000000000002,E1_RF,20260922,True,nested,"[""PN12-1.2.edf"", ""PN12-3.edf""]"
PN12,PN12-4.edf,2300,2290,2300,2240,2300,True,True,False,True,0,10194,0,negative,,,0,0.90000000000000002,E1_RF,20260922,True,nested,"[""PN12-1.2.edf"", ""PN12-3.edf""]"
PN12,PN12-4.edf,2305,2295,2305,2245,2305,True,True,False,True,0,10194,0,negative,,,0,0.90000000000000002,E1_RF,20260922,True,nested,"[""PN12-1.2.edf"", ""PN12-3.edf""]"
PN12,PN12-4.edf,2310,2300,2310,2250,2310,True,True,False,True,0,10194,0,negative,,,0,0.90000000000000002,E1_RF,20260922,True,nested,"[""PN12-1.2.edf"", ""PN12-3.edf""]"
PN12,PN12-4.edf,2315,2305,2315,2255,2315,True,True,False,True,0,10194,0,negative,,,0.0026984126984126986,0.90000000000000002,E1_RF,20260922,True,nested,"[""PN12-1.2.edf"", ""PN12-3.edf""]"
PN12,PN12-4.edf,2320,2310,2320,2260,2320,True,True,False,True,0,10194,0,negative,,,0.034994553837281402,0.90000000000000002,E1_RF,20260922,True,nested,"[""PN12-1.2.edf"", ""PN12-3.edf""]"
PN12,PN12-4.edf,2325,2315,2325,2265,2325,True,True,False,True,0,10194,0,negative,,,0.039573475854649508,0.90000000000000002,E1_RF,20260922,True,nested,"[""PN12-1.2.edf"", ""PN12-3.edf""]"
PN12,PN12-4.edf,2330,2320,2330,2270,2330,True,True,False,True,0,10194,0,negative,,,0.050851746876459533,0.90000000000000002,E1_RF,20260922,True,nested,"[""PN12-1.2.edf"", ""PN12-3.edf""]"
PN12,PN12-4.edf,2335,2325,2335,2275,2335,True,True,False,True,0,10194,0,negative,,,0.083549723409406695,0.90000000000000002,E1_RF,20260922,True,nested,"[""PN12-1.2.edf"", ""PN12-3.edf""]"
PN12,PN12-4.edf,2340,2330,2340,2280,2340,True,True,False,True,0,10194,0,negative,,,0.036509541199418065,0.90000000000000002,E1_RF,20260922,True,nested,"[""PN12-1.2.edf"", ""PN12-3.edf""]"
PN12,PN12-4.edf,2345,2335,2345,2285,2345,True,True,False,True,0,10194,0,negative,,,0.027167860384955011,0.90000000000000002,E1_RF,20260922,True,nested,"[""PN12-1.2.edf"", ""PN12-3.edf""]"
PN12,PN12-4.edf,2350,2340,2350,2290,2350,True,True,False,True,0,10194,0,negative,,,0,0.90000000000000002,E1_RF,20260922,True,nested,"[""PN12-1.2.edf"", ""PN12-3.edf""]"
PN12,PN12-4.edf,2355,2345,2355,2295,2355,True,True,False,True,0,10194,0,negative,,,0.031458253843150367,0.90000000000000002,E1_RF,20260922,True,nested,"[""PN12-1.2.edf"", ""PN12-3.edf""]"
PN12,PN12-4.edf,2360,2350,2360,2300,2360,True,True,False,True,0,10194,0,negative,,,0.021576708259927895,0.90000000000000002,E1_RF,20260922,True,nested,"[""PN12-1.2.edf"", ""PN12-3.edf""]"
PN12,PN12-4.edf,2365,2355,2365,2305,2365,True,True,False,True,0,10194,0,negative,,,0.0024358974358974356,0.90000000000000002,E1_RF,20260922,True,nested,"[""PN12-1.2.edf"", ""PN12-3.edf""]"
PN12,PN12-4.edf,2370,2360,2370,2310,2370,True,True,False,True,0,10194,0,negative,,,0,0.90000000000000002,E1_RF,20260922,True,nested,"[""PN12-1.2.edf"", ""PN12-3.edf""]"
PN12,PN12-4.edf,2375,2365,2375,2315,2375,True,True,False,True,0,10194,0,negative,,,0.0026984126984126986,0.90000000000000002,E1_RF,20260922,True,nested,"[""PN12-1.2.edf"", ""PN12-3.edf""]"
PN12,PN12-4.edf,2380,2370,2380,2320,2380,True,True,False,True,0,10194,0,negative,,,0,0.90000000000000002,E1_RF,20260922,True,nested,"[""PN12-1.2.edf"", ""PN12-3.edf""]"
PN12,PN12-4.edf,2385,2375,2385,2325,2385,True,True,False,True,0,10194,0,negative,,,0,0.90000000000000002,E1_RF,20260922,True,nested,"[""PN12-1.2.edf"", ""PN12-3.edf""]"
PN12,PN12-4.edf,2390,2380,2390,2330,2390,True,True,False,True,0,10194,0,negative,,,0,0.90000000000000002,E1_RF,20260922,True,nested,"[""PN12-1.2.edf"", ""PN12-3.edf""]"
PN12,PN12-4.edf,2395,2385,2395,2335,2395,True,True,False,True,0,10194,0,negative,,,0,0.90000000000000002,E1_RF,20260922,True,nested,"[""PN12-1.2.edf"", ""PN12-3.edf""]"
PN12,PN12-4.edf,2400,2390,2400,2340,2400,True,True,False,True,0,10194,0,negative,,,0,0.90000000000000002,E1_RF,20260922,True,nested,"[""PN12-1.2.edf"", ""PN12-3.edf""]"
PN12,PN12-4.edf,2405,2395,2405,2345,2405,True,True,False,True,0,10194,0,negative,,,0,0.90000000000000002,E1_RF,20260922,True,nested,"[""PN12-1.2.edf"", ""PN12-3.edf""]"
PN12,PN12-4.edf,2410,2400,2410,2350,2410,True,True,False,True,0,10194,0,negative,,,0,0.90000000000000002,E1_RF,20260922,True,nested,"[""PN12-1.2.edf"", ""PN12-3.edf""]"
PN12,PN12-4.edf,2415,2405,2415,2355,2415,True,True,False,True,0,10194,0,negative,,,0,0.90000000000000002,E1_RF,20260922,True,nested,"[""PN12-1.2.edf"", ""PN12-3.edf""]"
PN12,PN12-4.edf,2420,2410,2420,2360,2420,True,True,False,True,0,10194,0,negative,,,0.0079753654200334263,0.90000000000000002,E1_RF,20260922,True,nested,"[""PN12-1.2.edf"", ""PN12-3.edf""]"
PN12,PN12-4.edf,2425,2415,2425,2365,2425,True,True,False,True,0,10194,0,negative,,,0.029777322772935294,0.90000000000000002,E1_RF,20260922,True,nested,"[""PN12-1.2.edf"", ""PN12-3.edf""]"
PN12,PN12-4.edf,2430,2420,2430,2370,2430,True,True,False,True,0,10194,0,negative,,,0.057847542259998781,0.90000000000000002,E1_RF,20260922,True,nested,"[""PN12-1.2.edf"", ""PN12-3.edf""]"
PN12,PN12-4.edf,2435,2425,2435,2375,2435,True,True,False,True,0,10194,0,negative,,,0.0058005050505050507,0.90000000000000002,E1_RF,20260922,True,nested,"[""PN12-1.2.edf"", ""PN12-3.edf""]"
PN12,PN12-4.edf,2440,2430,2440,2380,2440,True,True,False,True,0,10194,0,negative,,,0.027542711930831628,0.90000000000000002,E1_RF,20260922,True,nested,"[""PN12-1.2.edf"", ""PN12-3.edf""]"
PN12,PN12-4.edf,2445,2435,2445,2385,2445,True,True,False,True,0,10194,0,negative,,,0.0024358974358974356,0.90000000000000002,E1_RF,20260922,True,nested,"[""PN12-1.2.edf"", ""PN12-3.edf""]"
PN12,PN12-4.edf,2450,2440,2450,2390,2450,True,True,False,True,0,10194,0,negative,,,0.0024358974358974356,0.90000000000000002,E1_RF,20260922,True,nested,"[""PN12-1.2.edf"", ""PN12-3.edf""]"
PN12,PN12-4.edf,2455,2445,2455,2395,2455,True,True,False,True,0,10194,0,negative,,,0,0.90000000000000002,E1_RF,20260922,True,nested,"[""PN12-1.2.edf"", ""PN12-3.edf""]"
PN12,PN12-4.edf,2460,2450,2460,2400,2460,True,True,False,True,0,10194,0,negative,,,0.0024358974358974356,0.90000000000000002,E1_RF,20260922,True,nested,"[""PN12-1.2.edf"", ""PN12-3.edf""]"
PN12,PN12-4.edf,2465,2455,2465,2405,2465,True,True,False,True,0,10194,0,negative,,,0,0.90000000000000002,E1_RF,20260922,True,nested,"[""PN12-1.2.edf"", ""PN12-3.edf""]"
PN12,PN12-4.edf,2470,2460,2470,2410,2470,True,True,False,True,0,10194,0,negative,,,0,0.90000000000000002,E1_RF,20260922,True,nested,"[""PN12-1.2.edf"", ""PN12-3.edf""]"
PN12,PN12-4.edf,2475,2465,2475,2415,2475,True,True,False,True,0,10194,0,negative,,,0,0.90000000000000002,E1_RF,20260922,True,nested,"[""PN12-1.2.edf"", ""PN12-3.edf""]"
PN12,PN12-4.edf,2480,2470,2480,2420,2480,True,True,False,True,0,10194,0,negative,,,0,0.90000000000000002,E1_RF,20260922,True,nested,"[""PN12-1.2.edf"", ""PN12-3.edf""]"
PN12,PN12-4.edf,2485,2475,2485,2425,2485,True,True,False,True,0,10194,0,negative,,,0.008261904761904762,0.90000000000000002,E1_RF,20260922,True,nested,"[""PN12-1.2.edf"", ""PN12-3.edf""]"
PN12,PN12-4.edf,2490,2480,2490,2430,2490,True,True,False,True,0,10194,0,negative,,,0,0.90000000000000002,E1_RF,20260922,True,nested,"[""PN12-1.2.edf"", ""PN12-3.edf""]"
PN12,PN12-4.edf,2495,2485,2495,2435,2495,True,True,False,True,0,10194,0,negative,,,0,0.90000000000000002,E1_RF,20260922,True,nested,"[""PN12-1.2.edf"", ""PN12-3.edf""]"
PN12,PN12-4.edf,2500,2490,2500,2440,2500,True,True,False,True,0,10194,0,negative,,,0.053893803217110882,0.90000000000000002,E1_RF,20260922,True,nested,"[""PN12-1.2.edf"", ""PN12-3.edf""]"
PN12,PN12-4.edf,2505,2495,2505,2445,2505,True,True,False,True,0,10194,0,negative,,,0,0.90000000000000002,E1_RF,20260922,True,nested,"[""PN12-1.2.edf"", ""PN12-3.edf""]"
PN12,PN12-4.edf,2510,2500,2510,2450,2510,True,True,False,True,0,10194,0,negative,,,0.0087365251430292085,0.90000000000000002,E1_RF,20260922,True,nested,"[""PN12-1.2.edf"", ""PN12-3.edf""]"
PN12,PN12-4.edf,2515,2505,2515,2455,2515,True,True,False,True,0,10194,0,negative,,,0,0.90000000000000002,E1_RF,20260922,True,nested,"[""PN12-1.2.edf"", ""PN12-3.edf""]"
PN12,PN12-4.edf,2520,2510,2520,2460,2520,True,True,False,True,0,10194,0,negative,,,0,0.90000000000000002,E1_RF,20260922,True,nested,"[""PN12-1.2.edf"", ""PN12-3.edf""]"
PN12,PN12-4.edf,2525,2515,2525,2465,2525,True,True,False,True,0,10194,0,negative,,,0,0.90000000000000002,E1_RF,20260922,True,nested,"[""PN12-1.2.edf"", ""PN12-3.edf""]"
PN12,PN12-4.edf,2530,2520,2530,2470,2530,True,True,False,True,0,10194,0,negative,,,0.005595238095238095,0.90000000000000002,E1_RF,20260922,True,nested,"[""PN12-1.2.edf"", ""PN12-3.edf""]"
PN12,PN12-4.edf,2535,2525,2535,2475,2535,True,True,False,True,0,10194,0,negative,,,0,0.90000000000000002,E1_RF,20260922,True,nested,"[""PN12-1.2.edf"", ""PN12-3.edf""]"
PN12,PN12-4.edf,2540,2530,2540,2480,2540,True,True,False,True,0,10194,0,negative,,,0.011180969587473652,0.90000000000000002,E1_RF,20260922,True,nested,"[""PN12-1.2.edf"", ""PN12-3.edf""]"
PN12,PN12-4.edf,2545,2535,2545,2485,2545,True,True,False,True,0,10194,0,negative,,,0.014069858476362542,0.90000000000000002,E1_RF,20260922,True,nested,"[""PN12-1.2.edf"", ""PN12-3.edf""]"
PN12,PN12-4.edf,2550,2540,2550,2490,2550,True,True,False,True,0,10194,0,negative,,,0.01647020328599276,0.90000000000000002,E1_RF,20260922,True,nested,"[""PN12-1.2.edf"", ""PN12-3.edf""]"
PN12,PN12-4.edf,2555,2545,2555,2495,2555,True,True,False,True,0,10194,0,negative,,,0.021186003454691481,0.90000000000000002,E1_RF,20260922,True,nested,"[""PN12-1.2.edf"", ""PN12-3.edf""]"
PN12,PN12-4.edf,2560,2550,2560,2500,2560,True,True,False,True,0,10194,0,negative,,,0,0.90000000000000002,E1_RF,20260922,True,nested,"[""PN12-1.2.edf"", ""PN12-3.edf""]"
PN12,PN12-4.edf,2565,2555,2565,2505,2565,True,True,False,True,0,10194,0,negative,,,0.090337452707558399,0.90000000000000002,E1_RF,20260922,True,nested,"[""PN12-1.2.edf"", ""PN12-3.edf""]"
PN12,PN12-4.edf,2570,2560,2570,2510,2570,True,True,False,True,0,10194,0,negative,,,0.011230352303523036,0.90000000000000002,E1_RF,20260922,True,nested,"[""PN12-1.2.edf"", ""PN12-3.edf""]"
PN12,PN12-4.edf,2575,2565,2575,2515,2575,True,True,False,True,0,10194,0,negative,,,0.002839506172839506,0.90000000000000002,E1_RF,20260922,True,nested,"[""PN12-1.2.edf"", ""PN12-3.edf""]"
PN12,PN12-4.edf,2580,2570,2580,2520,2580,True,True,False,True,0,10194,0,negative,,,0.002839506172839506,0.90000000000000002,E1_RF,20260922,True,nested,"[""PN12-1.2.edf"", ""PN12-3.edf""]"
PN12,PN12-4.edf,2585,2575,2585,2525,2585,True,True,False,True,0,10194,0,negative,,,0.002839506172839506,0.90000000000000002,E1_RF,20260922,True,nested,"[""PN12-1.2.edf"", ""PN12-3.edf""]"
PN12,PN12-4.edf,2590,2580,2590,2530,2590,True,True,False,True,0,10194,0,negative,,,0.0061338784672118002,0.90000000000000002,E1_RF,20260922,True,nested,"[""PN12-1.2.edf"", ""PN12-3.edf""]"
PN12,PN12-4.edf,2595,2585,2595,2535,2595,True,True,False,True,0,10194,0,negative,,,0,0.90000000000000002,E1_RF,20260922,True,nested,"[""PN12-1.2.edf"", ""PN12-3.edf""]"
PN12,PN12-4.edf,2600,2590,2600,2540,2600,True,True,False,True,0,10194,0,negative,,,0,0.90000000000000002,E1_RF,20260922,True,nested,"[""PN12-1.2.edf"", ""PN12-3.edf""]"
PN12,PN12-4.edf,2605,2595,2605,2545,2605,True,True,False,True,0,10194,0,negative,,,0,0.90000000000000002,E1_RF,20260922,True,nested,"[""PN12-1.2.edf"", ""PN12-3.edf""]"
PN12,PN12-4.edf,2610,2600,2610,2550,2610,True,True,False,True,0,10194,0,negative,,,0.0026984126984126986,0.90000000000000002,E1_RF,20260922,True,nested,"[""PN12-1.2.edf"", ""PN12-3.edf""]"
PN12,PN12-4.edf,2615,2605,2615,2555,2615,True,True,False,True,0,10194,0,negative,,,0,0.90000000000000002,E1_RF,20260922,True,nested,"[""PN12-1.2.edf"", ""PN12-3.edf""]"
PN12,PN12-4.edf,2620,2610,2620,2560,2620,True,True,False,True,0,10194,0,negative,,,0,0.90000000000000002,E1_RF,20260922,True,nested,"[""PN12-1.2.edf"", ""PN12-3.edf""]"
PN12,PN12-4.edf,2625,2615,2625,2565,2625,True,True,False,True,0,10194,0,negative,,,0.059127147478692806,0.90000000000000002,E1_RF,20260922,True,nested,"[""PN12-1.2.edf"", ""PN12-3.edf""]"
PN12,PN12-4.edf,2630,2620,2630,2570,2630,True,True,False,True,0,10194,0,negative,,,0.06802141486925839,0.90000000000000002,E1_RF,20260922,True,nested,"[""PN12-1.2.edf"", ""PN12-3.edf""]"
PN12,PN12-4.edf,2635,2625,2635,2575,2635,True,True,False,True,0,10194,0,negative,,,0.02382843307135369,0.90000000000000002,E1_RF,20260922,True,nested,"[""PN12-1.2.edf"", ""PN12-3.edf""]"
PN12,PN12-4.edf,2640,2630,2640,2580,2640,True,True,False,True,0,10194,0,negative,,,0.050464153756058783,0.90000000000000002,E1_RF,20260922,True,nested,"[""PN12-1.2.edf"", ""PN12-3.edf""]"
PN12,PN12-4.edf,2645,2635,2645,2585,2645,True,True,False,True,0,10194,0,negative,,,0.043179671382491097,0.90000000000000002,E1_RF,20260922,True,nested,"[""PN12-1.2.edf"", ""PN12-3.edf""]"
PN12,PN12-4.edf,2650,2640,2650,2590,2650,True,True,False,True,0,10194,0,negative,,,0.056964942309833781,0.90000000000000002,E1_RF,20260922,True,nested,"[""PN12-1.2.edf"", ""PN12-3.edf""]"
PN12,PN12-4.edf,2655,2645,2655,2595,2655,True,True,False,True,0,10194,0,negative,,,0.059624834072938941,0.90000000000000002,E1_RF,20260922,True,nested,"[""PN12-1.2.edf"", ""PN12-3.edf""]"
PN12,PN12-4.edf,2660,2650,2660,2600,2660,True,True,False,True,0,10194,0,negative,,,0.059633903285160661,0.90000000000000002,E1_RF,20260922,True,nested,"[""PN12-1.2.edf"", ""PN12-3.edf""]"
PN12,PN12-4.edf,2665,2655,2665,2605,2665,True,True,False,True,0,10194,0,negative,,,0.05793790160165898,0.90000000000000002,E1_RF,20260922,True,nested,"[""PN12-1.2.edf"", ""PN12-3.edf""]"
PN12,PN12-4.edf,2670,2660,2670,2610,2670,True,True,False,True,0,10194,0,negative,,,0.041071891057550713,0.90000000000000002,E1_RF,20260922,True,nested,"[""PN12-1.2.edf"", ""PN12-3.edf""]"
PN12,PN12-4.edf,2675,2665,2675,2615,2675,True,True,False,True,0,10194,0,negative,,,0.053078258446932605,0.90000000000000002,E1_RF,20260922,True,nested,"[""PN12-1.2.edf"", ""PN12-3.edf""]"
PN12,PN12-4.edf,2680,2670,2680,2620,2680,True,True,False,True,0,10194,0,negative,,,0.022917114937414402,0.90000000000000002,E1_RF,20260922,True,nested,"[""PN12-1.2.edf"", ""PN12-3.edf""]"
PN12,PN12-4.edf,2685,2675,2685,2625,2685,True,True,False,True,0,10194,0,negative,,,0.022746006972093929,0.90000000000000002,E1_RF,20260922,True,nested,"[""PN12-1.2.edf"", ""PN12-3.edf""]"
PN12,PN12-4.edf,2690,2680,2690,2630,2690,True,True,False,True,0,10194,0,negative,,,0.042044016174398867,0.90000000000000002,E1_RF,20260922,True,nested,"[""PN12-1.2.edf"", ""PN12-3.edf""]"
PN12,PN12-4.edf,2695,2685,2695,2635,2695,True,True,False,True,0,10194,0,negative,,,0.01943431277849654,0.90000000000000002,E1_RF,20260922,True,nested,"[""PN12-1.2.edf"", ""PN12-3.edf""]"
PN12,PN12-4.edf,2700,2690,2700,2640,2700,True,True,False,True,0,10194,0,negative,,,0.042321194488834993,0.90000000000000002,E1_RF,20260922,True,nested,"[""PN12-1.2.edf"", ""PN12-3.edf""]"
PN12,PN12-4.edf,2705,2695,2705,2645,2705,True,True,False,True,0,10194,0,negative,,,0.043706999904198664,0.90000000000000002,E1_RF,20260922,True,nested,"[""PN12-1.2.edf"", ""PN12-3.edf""]"
PN12,PN12-4.edf,2710,2700,2710,2650,2710,True,True,False,True,0,10194,0,negative,,,0.026330246474614266,0.90000000000000002,E1_RF,20260922,True,nested,"[""PN12-1.2.edf"", ""PN12-3.edf""]"
PN12,PN12-4.edf,2715,2705,2715,2655,2715,True,True,False,True,0,10194,0,negative,,,0.009579954910380958,0.90000000000000002,E1_RF,20260922,True,nested,"[""PN12-1.2.edf"", ""PN12-3.edf""]"
PN12,PN12-4.edf,2720,2710,2720,2660,2720,True,True,False,True,0,10194,0,negative,,,0.041560078533999296,0.90000000000000002,E1_RF,20260922,True,nested,"[""PN12-1.2.edf"", ""PN12-3.edf""]"
PN12,PN12-4.edf,2725,2715,2725,2665,2725,True,True,False,True,0,10194,0,negative,,,0.038791312697314076,0.90000000000000002,E1_RF,20260922,True,nested,"[""PN12-1.2.edf"", ""PN12-3.edf""]"
PN12,PN12-4.edf,2730,2720,2730,2670,2730,True,True,False,True,0,10194,0,negative,,,0.033699227970446742,0.90000000000000002,E1_RF,20260922,True,nested,"[""PN12-1.2.edf"", ""PN12-3.edf""]"
PN12,PN12-4.edf,2735,2725,2735,2675,2735,True,True,False,True,0,10194,0,negative,,,0.0069242772547033022,0.90000000000000002,E1_RF,20260922,True,nested,"[""PN12-1.2.edf"", ""PN12-3.edf""]"
PN12,PN12-4.edf,2740,2730,2740,2680,2740,True,True,False,True,0,10194,0,negative,,,0.040404351269391278,0.90000000000000002,E1_RF,20260922,True,nested,"[""PN12-1.2.edf"", ""PN12-3.edf""]"
PN12,PN12-4.edf,2745,2735,2745,2685,2745,True,True,False,True,0,10194,0,negative,,,0.059135738827762407,0.90000000000000002,E1_RF,20260922,True,nested,"[""PN12-1.2.edf"", ""PN12-3.edf""]"
PN12,PN12-4.edf,2750,2740,2750,2690,2750,True,True,False,True,0,10194,0,negative,,,0.096356048821364962,0.90000000000000002,E1_RF,20260922,True,nested,"[""PN12-1.2.edf"", ""PN12-3.edf""]"
PN12,PN12-4.edf,2755,2745,2755,2695,2755,True,True,False,True,0,10194,0,negative,,,0.1175087243466736,0.90000000000000002,E1_RF,20260922,True,nested,"[""PN12-1.2.edf"", ""PN12-3.edf""]"
PN12,PN12-4.edf,2760,2750,2760,2700,2760,True,True,False,True,0,10194,0,negative,,,0.064227076707638095,0.90000000000000002,E1_RF,20260922,True,nested,"[""PN12-1.2.edf"", ""PN12-3.edf""]"
PN12,PN12-4.edf,2765,2755,2765,2705,2765,True,True,False,True,0,10194,0,negative,,,0.075152358642365219,0.90000000000000002,E1_RF,20260922,True,nested,"[""PN12-1.2.edf"", ""PN12-3.edf""]"
PN12,PN12-4.edf,2770,2760,2770,2710,2770,True,True,False,True,0,10194,0,negative,,,0.063491049147208128,0.90000000000000002,E1_RF,20260922,True,nested,"[""PN12-1.2.edf"", ""PN12-3.edf""]"
PN12,PN12-4.edf,2775,2765,2775,2715,2775,True,True,False,True,0,10194,0,negative,,,0.025934930280691947,0.90000000000000002,E1_RF,20260922,True,nested,"[""PN12-1.2.edf"", ""PN12-3.edf""]"
PN12,PN12-4.edf,2780,2770,2780,2720,2780,True,True,False,True,0,10194,0,negative,,,0.0049285714285714289,0.90000000000000002,E1_RF,20260922,True,nested,"[""PN12-1.2.edf"", ""PN12-3.edf""]"
PN12,PN12-4.edf,2785,2775,2785,2725,2785,True,True,False,True,0,10194,0,negative,,,0,0.90000000000000002,E1_RF,20260922,True,nested,"[""PN12-1.2.edf"", ""PN12-3.edf""]"
PN12,PN12-4.edf,2790,2780,2790,2730,2790,True,True,False,True,0,10194,0,negative,,,0.011595238095238096,0.90000000000000002,E1_RF,20260922,True,nested,"[""PN12-1.2.edf"", ""PN12-3.edf""]"
PN12,PN12-4.edf,2795,2785,2795,2735,2795,True,True,False,True,0,10194,0,negative,,,0,0.90000000000000002,E1_RF,20260922,True,nested,"[""PN12-1.2.edf"", ""PN12-3.edf""]"
PN12,PN12-4.edf,2800,2790,2800,2740,2800,True,True,False,True,0,10194,0,negative,,,0.002666666666666667,0.90000000000000002,E1_RF,20260922,True,nested,"[""PN12-1.2.edf"", ""PN12-3.edf""]"
PN12,PN12-4.edf,2805,2795,2805,2745,2805,True,True,False,True,0,10194,0,negative,,,0,0.90000000000000002,E1_RF,20260922,True,nested,"[""PN12-1.2.edf"", ""PN12-3.edf""]"
PN12,PN12-4.edf,2810,2800,2810,2750,2810,True,True,False,True,0,10194,0,negative,,,0.002666666666666667,0.90000000000000002,E1_RF,20260922,True,nested,"[""PN12-1.2.edf"", ""PN12-3.edf""]"
PN12,PN12-4.edf,2815,2805,2815,2755,2815,True,True,False,True,0,10194,0,negative,,,0.051058512641982912,0.90000000000000002,E1_RF,20260922,True,nested,"[""PN12-1.2.edf"", ""PN12-3.edf""]"
PN12,PN12-4.edf,2820,2810,2820,2760,2820,True,True,False,True,0,10194,0,negative,,,0,0.90000000000000002,E1_RF,20260922,True,nested,"[""PN12-1.2.edf"", ""PN12-3.edf""]"
PN12,PN12-4.edf,2825,2815,2825,2765,2825,True,True,False,True,0,10194,0,negative,,,0,0.90000000000000002,E1_RF,20260922,True,nested,"[""PN12-1.2.edf"", ""PN12-3.edf""]"
PN12,PN12-4.edf,2830,2820,2830,2770,2830,True,True,False,True,0,10194,0,negative,,,0,0.90000000000000002,E1_RF,20260922,True,nested,"[""PN12-1.2.edf"", ""PN12-3.edf""]"
PN12,PN12-4.edf,2835,2825,2835,2775,2835,True,True,False,True,0,10194,0,negative,,,0.0064440282979608817,0.90000000000000002,E1_RF,20260922,True,nested,"[""PN12-1.2.edf"", ""PN12-3.edf""]"
PN12,PN12-4.edf,2840,2830,2840,2780,2840,True,True,False,True,0,10194,0,negative,,,0,0.90000000000000002,E1_RF,20260922,True,nested,"[""PN12-1.2.edf"", ""PN12-3.edf""]"
PN12,PN12-4.edf,2845,2835,2845,2785,2845,True,True,False,True,0,10194,0,negative,,,0,0.90000000000000002,E1_RF,20260922,True,nested,"[""PN12-1.2.edf"", ""PN12-3.edf""]"
PN12,PN12-4.edf,2850,2840,2850,2790,2850,True,True,False,True,0,10194,0,negative,,,0.022314768464908409,0.90000000000000002,E1_RF,20260922,True,nested,"[""PN12-1.2.edf"", ""PN12-3.edf""]"
PN12,PN12-4.edf,2855,2845,2855,2795,2855,True,True,False,True,0,10194,0,negative,,,0.002839506172839506,0.90000000000000002,E1_RF,20260922,True,nested,"[""PN12-1.2.edf"", ""PN12-3.edf""]"
PN12,PN12-4.edf,2860,2850,2860,2800,2860,True,True,False,True,0,10194,0,negative,,,0,0.90000000000000002,E1_RF,20260922,True,nested,"[""PN12-1.2.edf"", ""PN12-3.edf""]"
PN12,PN12-4.edf,2865,2855,2865,2805,2865,True,True,False,True,0,10194,0,negative,,,0.058750294242535417,0.90000000000000002,E1_RF,20260922,True,nested,"[""PN12-1.2.edf"", ""PN12-3.edf""]"
PN12,PN12-4.edf,2870,2860,2870,2810,2870,True,True,False,True,0,10194,0,negative,,,0.088539675084771285,0.90000000000000002,E1_RF,20260922,True,nested,"[""PN12-1.2.edf"", ""PN12-3.edf""]"
PN12,PN12-4.edf,2875,2865,2875,2815,2875,True,True,False,True,0,10194,0,negative,,,0.055987147023389951,0.90000000000000002,E1_RF,20260922,True,nested,"[""PN12-1.2.edf"", ""PN12-3.edf""]"
PN12,PN12-4.edf,2880,2870,2880,2820,2880,True,True,False,True,0,10194,0,negative,,,0.035899726305824969,0.90000000000000002,E1_RF,20260922,True,nested,"[""PN12-1.2.edf"", ""PN12-3.edf""]"
PN12,PN12-4.edf,2885,2875,2885,2825,2885,True,True,False,True,0,10194,0,negative,,,0.05841678137304341,0.90000000000000002,E1_RF,20260922,True,nested,"[""PN12-1.2.edf"", ""PN12-3.edf""]"
PN12,PN12-4.edf,2890,2880,2890,2830,2890,True,True,False,True,0,10194,0,negative,,,0.099293902578311666,0.90000000000000002,E1_RF,20260922,True,nested,"[""PN12-1.2.edf"", ""PN12-3.edf""]"
PN12,PN12-4.edf,2895,2885,2895,2835,2895,True,True,False,True,0,10194,0,negative,,,0.049271106946387165,0.90000000000000002,E1_RF,20260922,True,nested,"[""PN12-1.2.edf"", ""PN12-3.edf""]"
PN12,PN12-4.edf,2900,2890,2900,2840,2900,True,True,False,True,0,10194,0,negative,,,0.039277465810665414,0.90000000000000002,E1_RF,20260922,True,nested,"[""PN12-1.2.edf"", ""PN12-3.edf""]"
PN12,PN12-4.edf,2905,2895,2905,2845,2905,True,True,False,True,0,10194,0,negative,,,0.016890166885466355,0.90000000000000002,E1_RF,20260922,True,nested,"[""PN12-1.2.edf"", ""PN12-3.edf""]"
PN12,PN12-4.edf,2910,2900,2910,2850,2910,True,True,False,True,0,10194,0,negative,,,0.014209716815142862,0.90000000000000002,E1_RF,20260922,True,nested,"[""PN12-1.2.edf"", ""PN12-3.edf""]"
PN12,PN12-4.edf,2915,2905,2915,2855,2915,True,True,False,True,0,10194,0,negative,,,0.049436393845412339,0.90000000000000002,E1_RF,20260922,True,nested,"[""PN12-1.2.edf"", ""PN12-3.edf""]"
PN12,PN12-4.edf,2920,2910,2920,2860,2920,True,True,False,True,0,10194,0,negative,,,0.041422686283600581,0.90000000000000002,E1_RF,20260922,True,nested,"[""PN12-1.2.edf"", ""PN12-3.edf""]"
PN12,PN12-4.edf,2925,2915,2925,2865,2925,True,True,False,True,0,10194,0,negative,,,0.0056747967479674807,0.90000000000000002,E1_RF,20260922,True,nested,"[""PN12-1.2.edf"", ""PN12-3.edf""]"
PN12,PN12-4.edf,2930,2920,2930,2870,2930,True,True,False,True,0,10194,0,negative,,,0.017984561057731788,0.90000000000000002,E1_RF,20260922,True,nested,"[""PN12-1.2.edf"", ""PN12-3.edf""]"
PN12,PN12-4.edf,2935,2925,2935,2875,2935,True,True,False,True,0,10194,0,negative,,,0.082827950997474101,0.90000000000000002,E1_RF,20260922,True,nested,"[""PN12-1.2.edf"", ""PN12-3.edf""]"
PN12,PN12-4.edf,2940,2930,2940,2880,2940,True,True,False,True,0,10194,0,negative,,,0.062929573868724706,0.90000000000000002,E1_RF,20260922,True,nested,"[""PN12-1.2.edf"", ""PN12-3.edf""]"
PN12,PN12-4.edf,2945,2935,2945,2885,2945,True,True,False,True,0,10194,0,negative,,,0.071255131143683426,0.90000000000000002,E1_RF,20260922,True,nested,"[""PN12-1.2.edf"", ""PN12-3.edf""]"
PN12,PN12-4.edf,2950,2940,2950,2890,2950,True,True,False,True,0,10194,0,negative,,,0.0272759388029939,0.90000000000000002,E1_RF,20260922,True,nested,"[""PN12-1.2.edf"", ""PN12-3.edf""]"
PN12,PN12-4.edf,2955,2945,2955,2895,2955,True,True,False,True,0,10194,0,negative,,,0.036793278958442421,0.90000000000000002,E1_RF,20260922,True,nested,"[""PN12-1.2.edf"", ""PN12-3.edf""]"
PN12,PN12-4.edf,2960,2950,2960,2900,2960,True,True,False,True,0,10194,0,negative,,,0.081675777598173349,0.90000000000000002,E1_RF,20260922,True,nested,"[""PN12-1.2.edf"", ""PN12-3.edf""]"
PN12,PN12-4.edf,2965,2955,2965,2905,2965,True,True,False,True,0,10194,0,negative,,,0.077648630353217521,0.90000000000000002,E1_RF,20260922,True,nested,"[""PN12-1.2.edf"", ""PN12-3.edf""]"
PN12,PN12-4.edf,2970,2960,2970,2910,2970,True,True,False,True,0,10194,0,negative,,,0.051188759012920727,0.90000000000000002,E1_RF,20260922,True,nested,"[""PN12-1.2.edf"", ""PN12-3.edf""]"
PN12,PN12-4.edf,2975,2965,2975,2915,2975,True,True,False,True,0,10194,0,negative,,,0.037250124451587222,0.90000000000000002,E1_RF,20260922,True,nested,"[""PN12-1.2.edf"", ""PN12-3.edf""]"
PN12,PN12-4.edf,2980,2970,2980,2920,2980,True,True,False,True,0,10194,0,negative,,,0.028098788982169665,0.90000000000000002,E1_RF,20260922,True,nested,"[""PN12-1.2.edf"", ""PN12-3.edf""]"
PN12,PN12-4.edf,2985,2975,2985,2925,2985,True,True,False,True,0,10194,0,negative,,,0.013166401215145701,0.90000000000000002,E1_RF,20260922,True,nested,"[""PN12-1.2.edf"", ""PN12-3.edf""]"
PN12,PN12-4.edf,2990,2980,2990,2930,2990,True,True,False,True,0,10194,0,negative,,,0.097734532975461683,0.90000000000000002,E1_RF,20260922,True,nested,"[""PN12-1.2.edf"", ""PN12-3.edf""]"
PN12,PN12-4.edf,2995,2985,2995,2935,2995,True,True,False,True,0,10194,0,negative,,,0.064431404133367856,0.90000000000000002,E1_RF,20260922,True,nested,"[""PN12-1.2.edf"", ""PN12-3.edf""]"
PN12,PN12-4.edf,3000,2990,3000,2940,3000,True,True,False,True,0,10194,0,negative,,,0,0.90000000000000002,E1_RF,20260922,True,nested,"[""PN12-1.2.edf"", ""PN12-3.edf""]"
PN12,PN12-4.edf,3005,2995,3005,2945,3005,True,True,False,True,0,10194,0,negative,,,0.014197563422616834,0.90000000000000002,E1_RF,20260922,True,nested,"[""PN12-1.2.edf"", ""PN12-3.edf""]"
PN12,PN12-4.edf,3010,3000,3010,2950,3010,True,True,False,True,0,10194,0,negative,,,0.029590893320409338,0.90000000000000002,E1_RF,20260922,True,nested,"[""PN12-1.2.edf"", ""PN12-3.edf""]"
PN12,PN12-4.edf,3015,3005,3015,2955,3015,True,True,False,True,0,10194,0,negative,,,0.017124034127568282,0.90000000000000002,E1_RF,20260922,True,nested,"[""PN12-1.2.edf"", ""PN12-3.edf""]"
PN12,PN12-4.edf,3020,3010,3020,2960,3020,True,True,False,True,0,10194,0,negative,,,0.02591041447207278,0.90000000000000002,E1_RF,20260922,True,nested,"[""PN12-1.2.edf"", ""PN12-3.edf""]"
PN12,PN12-4.edf,3025,3015,3025,2965,3025,True,True,False,True,0,10194,0,negative,,,0.052490526687284336,0.90000000000000002,E1_RF,20260922,True,nested,"[""PN12-1.2.edf"", ""PN12-3.edf""]"
PN12,PN12-4.edf,3030,3020,3030,2970,3030,True,True,False,True,0,10194,0,negative,,,0.024688409480811111,0.90000000000000002,E1_RF,20260922,True,nested,"[""PN12-1.2.edf"", ""PN12-3.edf""]"
PN12,PN12-4.edf,3035,3025,3035,2975,3035,True,True,False,True,0,10194,0,negative,,,0.027452697934972979,0.90000000000000002,E1_RF,20260922,True,nested,"[""PN12-1.2.edf"", ""PN12-3.edf""]"
PN12,PN12-4.edf,3040,3030,3040,2980,3040,True,True,False,True,0,10194,0,negative,,,0.033477117258239077,0.90000000000000002,E1_RF,20260922,True,nested,"[""PN12-1.2.edf"", ""PN12-3.edf""]"
PN12,PN12-4.edf,3045,3035,3045,2985,3045,True,True,False,True,0,10194,0,negative,,,0.036098882629643177,0.90000000000000002,E1_RF,20260922,True,nested,"[""PN12-1.2.edf"", ""PN12-3.edf""]"
PN12,PN12-4.edf,3050,3040,3050,2990,3050,True,True,False,True,0,10194,0,negative,,,0.043489739944578637,0.90000000000000002,E1_RF,20260922,True,nested,"[""PN12-1.2.edf"", ""PN12-3.edf""]"
PN12,PN12-4.edf,3055,3045,3055,2995,3055,True,True,False,True,0,10194,0,negative,,,0.036897595183318511,0.90000000000000002,E1_RF,20260922,True,nested,"[""PN12-1.2.edf"", ""PN12-3.edf""]"
PN12,PN12-4.edf,3060,3050,3060,3000,3060,True,True,False,True,0,10194,0,negative,,,0.045700324564316261,0.90000000000000002,E1_RF,20260922,True,nested,"[""PN12-1.2.edf"", ""PN12-3.edf""]"
PN12,PN12-4.edf,3065,3055,3065,3005,3065,True,True,False,True,0,10194,0,negative,,,0.12526044086392352,0.90000000000000002,E1_RF,20260922,True,nested,"[""PN12-1.2.edf"", ""PN12-3.edf""]"
PN12,PN12-4.edf,3070,3060,3070,3010,3070,True,True,False,True,0,10194,0,negative,,,0.051151171501361788,0.90000000000000002,E1_RF,20260922,True,nested,"[""PN12-1.2.edf"", ""PN12-3.edf""]"
PN12,PN12-4.edf,3075,3065,3075,3015,3075,True,True,False,True,0,10194,0,negative,,,0.051499432050955425,0.90000000000000002,E1_RF,20260922,True,nested,"[""PN12-1.2.edf"", ""PN12-3.edf""]"
PN12,PN12-4.edf,3080,3070,3080,3020,3080,True,True,False,True,0,10194,0,negative,,,0.019733436158232059,0.90000000000000002,E1_RF,20260922,True,nested,"[""PN12-1.2.edf"", ""PN12-3.edf""]"
PN12,PN12-4.edf,3085,3075,3085,3025,3085,True,True,False,True,0,10194,0,negative,,,0.030305055204011364,0.90000000000000002,E1_RF,20260922,True,nested,"[""PN12-1.2.edf"", ""PN12-3.edf""]"
PN12,PN12-4.edf,3090,3080,3090,3030,3090,True,True,False,True,0,10194,0,negative,,,0.089816898935689615,0.90000000000000002,E1_RF,20260922,True,nested,"[""PN12-1.2.edf"", ""PN12-3.edf""]"
PN12,PN12-4.edf,3095,3085,3095,3035,3095,True,True,False,True,0,10194,0,negative,,,0.051885762553039706,0.90000000000000002,E1_RF,20260922,True,nested,"[""PN12-1.2.edf"", ""PN12-3.edf""]"
PN12,PN12-4.edf,3100,3090,3100,3040,3100,True,True,False,True,0,10194,0,negative,,,0.005408763610818405,0.90000000000000002,E1_RF,20260922,True,nested,"[""PN12-1.2.edf"", ""PN12-3.edf""]"
PN12,PN12-4.edf,3105,3095,3105,3045,3105,True,True,False,True,0,10194,0,negative,,,0.0049899653347929215,0.90000000000000002,E1_RF,20260922,True,nested,"[""PN12-1.2.edf"", ""PN12-3.edf""]"
PN12,PN12-4.edf,3110,3100,3110,3050,3110,True,True,False,True,0,10194,0,negative,,,0.034962707092591187,0.90000000000000002,E1_RF,20260922,True,nested,"[""PN12-1.2.edf"", ""PN12-3.edf""]"
PN12,PN12-4.edf,3115,3105,3115,3055,3115,True,True,False,True,0,10194,0,negative,,,0.027289779094663184,0.90000000000000002,E1_RF,20260922,True,nested,"[""PN12-1.2.edf"", ""PN12-3.edf""]"
PN12,PN12-4.edf,3120,3110,3120,3060,3120,True,True,False,True,0,10194,0,negative,,,0.081325454563750704,0.90000000000000002,E1_RF,20260922,True,nested,"[""PN12-1.2.edf"", ""PN12-3.edf""]"
PN12,PN12-4.edf,3125,3115,3125,3065,3125,True,True,False,True,0,10194,0,negative,,,0.039093055614951633,0.90000000000000002,E1_RF,20260922,True,nested,"[""PN12-1.2.edf"", ""PN12-3.edf""]"
PN12,PN12-4.edf,3130,3120,3130,3070,3130,True,True,False,True,0,10194,0,negative,,,0.014456788875052995,0.90000000000000002,E1_RF,20260922,True,nested,"[""PN12-1.2.edf"", ""PN12-3.edf""]"
PN12,PN12-4.edf,3135,3125,3135,3075,3135,True,True,False,True,0,10194,0,negative,,,0,0.90000000000000002,E1_RF,20260922,True,nested,"[""PN12-1.2.edf"", ""PN12-3.edf""]"
PN12,PN12-4.edf,3140,3130,3140,3080,3140,True,True,False,True,0,10194,0,negative,,,0,0.90000000000000002,E1_RF,20260922,True,nested,"[""PN12-1.2.edf"", ""PN12-3.edf""]"
PN12,PN12-4.edf,3145,3135,3145,3085,3145,True,True,False,True,0,10194,0,negative,,,0.0052999999999999992,0.90000000000000002,E1_RF,20260922,True,nested,"[""PN12-1.2.edf"", ""PN12-3.edf""]"
PN12,PN12-4.edf,3150,3140,3150,3090,3150,True,True,False,True,0,10194,0,negative,,,0.087905074054102417,0.90000000000000002,E1_RF,20260922,True,nested,"[""PN12-1.2.edf"", ""PN12-3.edf""]"
PN12,PN12-4.edf,3155,3145,3155,3095,3155,True,True,False,True,0,10194,0,negative,,,0.063441616994456412,0.90000000000000002,E1_RF,20260922,True,nested,"[""PN12-1.2.edf"", ""PN12-3.edf""]"
PN12,PN12-4.edf,3160,3150,3160,3100,3160,True,True,False,True,0,10194,0,negative,,,0.058400130385250326,0.90000000000000002,E1_RF,20260922,True,nested,"[""PN12-1.2.edf"", ""PN12-3.edf""]"
PN12,PN12-4.edf,3165,3155,3165,3105,3165,True,True,False,True,0,10194,0,negative,,,0.022857741921572635,0.90000000000000002,E1_RF,20260922,True,nested,"[""PN12-1.2.edf"", ""PN12-3.edf""]"
PN12,PN12-4.edf,3170,3160,3170,3110,3170,True,True,False,True,0,10194,0,negative,,,0.042251023823297679,0.90000000000000002,E1_RF,20260922,True,nested,"[""PN12-1.2.edf"", ""PN12-3.edf""]"
PN12,PN12-4.edf,3175,3165,3175,3115,3175,True,True,False,True,0,10194,0,negative,,,0.15404583711155284,0.90000000000000002,E1_RF,20260922,True,nested,"[""PN12-1.2.edf"", ""PN12-3.edf""]"
PN12,PN12-4.edf,3180,3170,3180,3120,3180,True,True,False,True,0,10194,0,negative,,,0.060195750880030874,0.90000000000000002,E1_RF,20260922,True,nested,"[""PN12-1.2.edf"", ""PN12-3.edf""]"
PN12,PN12-4.edf,3185,3175,3185,3125,3185,True,True,False,True,0,10194,0,negative,,,0.018991834252550289,0.90000000000000002,E1_RF,20260922,True,nested,"[""PN12-1.2.edf"", ""PN12-3.edf""]"
PN12,PN12-4.edf,3190,3180,3190,3130,3190,True,True,False,True,0,10194,0,negative,,,0.016112243520517096,0.90000000000000002,E1_RF,20260922,True,nested,"[""PN12-1.2.edf"", ""PN12-3.edf""]"
PN12,PN12-4.edf,3195,3185,3195,3135,3195,True,True,False,True,0,10194,0,negative,,,0.011431939037365084,0.90000000000000002,E1_RF,20260922,True,nested,"[""PN12-1.2.edf"", ""PN12-3.edf""]"
PN12,PN12-4.edf,3200,3190,3200,3140,3200,True,True,False,True,0,10194,0,negative,,,0.0453454209346087,0.90000000000000002,E1_RF,20260922,True,nested,"[""PN12-1.2.edf"", ""PN12-3.edf""]"
PN12,PN12-4.edf,3205,3195,3205,3145,3205,True,True,False,True,0,10194,0,negative,,,0.0088003600899966648,0.90000000000000002,E1_RF,20260922,True,nested,"[""PN12-1.2.edf"", ""PN12-3.edf""]"
PN12,PN12-4.edf,3210,3200,3210,3150,3210,True,True,False,True,0,10194,0,negative,,,0.0040497031382527564,0.90000000000000002,E1_RF,20260922,True,nested,"[""PN12-1.2.edf"", ""PN12-3.edf""]"
PN12,PN12-4.edf,3215,3205,3215,3155,3215,True,True,False,True,0,10194,0,negative,,,0.010620120022955355,0.90000000000000002,E1_RF,20260922,True,nested,"[""PN12-1.2.edf"", ""PN12-3.edf""]"
PN12,PN12-4.edf,3220,3210,3220,3160,3220,True,True,False,True,0,10194,0,negative,,,0.039269242554320939,0.90000000000000002,E1_RF,20260922,True,nested,"[""PN12-1.2.edf"", ""PN12-3.edf""]"
PN12,PN12-4.edf,3225,3215,3225,3165,3225,True,True,False,True,0,10194,0,negative,,,0.00032755298651252412,0.90000000000000002,E1_RF,20260922,True,nested,"[""PN12-1.2.edf"", ""PN12-3.edf""]"
PN12,PN12-4.edf,3230,3220,3230,3170,3230,True,True,False,True,0,10194,0,negative,,,0.017151619232480056,0.90000000000000002,E1_RF,20260922,True,nested,"[""PN12-1.2.edf"", ""PN12-3.edf""]"
PN12,PN12-4.edf,3235,3225,3235,3175,3235,True,True,False,True,0,10194,0,negative,,,0,0.90000000000000002,E1_RF,20260922,True,nested,"[""PN12-1.2.edf"", ""PN12-3.edf""]"
PN12,PN12-4.edf,3240,3230,3240,3180,3240,True,True,False,True,0,10194,0,negative,,,0.02614687568559761,0.90000000000000002,E1_RF,20260922,True,nested,"[""PN12-1.2.edf"", ""PN12-3.edf""]"
PN12,PN12-4.edf,3245,3235,3245,3185,3245,True,True,False,True,0,10194,0,negative,,,0.011609035729449154,0.90000000000000002,E1_RF,20260922,True,nested,"[""PN12-1.2.edf"", ""PN12-3.edf""]"
PN12,PN12-4.edf,3250,3240,3250,3190,3250,True,True,False,True,0,10194,0,negative,,,0.0082567392793483213,0.90000000000000002,E1_RF,20260922,True,nested,"[""PN12-1.2.edf"", ""PN12-3.edf""]"
PN12,PN12-4.edf,3255,3245,3255,3195,3255,True,True,False,True,0,10194,0,negative,,,0.0063575697332723903,0.90000000000000002,E1_RF,20260922,True,nested,"[""PN12-1.2.edf"", ""PN12-3.edf""]"
PN12,PN12-4.edf,3260,3250,3260,3200,3260,True,True,False,True,0,10194,0,negative,,,0.062632515477387476,0.90000000000000002,E1_RF,20260922,True,nested,"[""PN12-1.2.edf"", ""PN12-3.edf""]"
PN12,PN12-4.edf,3265,3255,3265,3205,3265,True,True,False,True,0,10194,0,negative,,,0.028240522033517134,0.90000000000000002,E1_RF,20260922,True,nested,"[""PN12-1.2.edf"", ""PN12-3.edf""]"
PN12,PN12-4.edf,3270,3260,3270,3210,3270,True,True,False,True,0,10194,0,negative,,,0.0024548205602086693,0.90000000000000002,E1_RF,20260922,True,nested,"[""PN12-1.2.edf"", ""PN12-3.edf""]"
PN12,PN12-4.edf,3275,3265,3275,3215,3275,True,True,False,True,0,10194,0,negative,,,0.043867466884121381,0.90000000000000002,E1_RF,20260922,True,nested,"[""PN12-1.2.edf"", ""PN12-3.edf""]"
PN12,PN12-4.edf,3280,3270,3280,3220,3280,True,True,False,True,0,10194,0,negative,,,0.010845474263738383,0.90000000000000002,E1_RF,20260922,True,nested,"[""PN12-1.2.edf"", ""PN12-3.edf""]"
PN12,PN12-4.edf,3285,3275,3285,3225,3285,True,True,False,True,0,10194,0,negative,,,0,0.90000000000000002,E1_RF,20260922,True,nested,"[""PN12-1.2.edf"", ""PN12-3.edf""]"
PN12,PN12-4.edf,3290,3280,3290,3230,3290,True,True,False,True,0,10194,0,negative,,,0.10730916939736425,0.90000000000000002,E1_RF,20260922,True,nested,"[""PN12-1.2.edf"", ""PN12-3.edf""]"
PN12,PN12-4.edf,3295,3285,3295,3235,3295,True,True,False,True,0,10194,0,negative,,,0.10940200157532999,0.90000000000000002,E1_RF,20260922,True,nested,"[""PN12-1.2.edf"", ""PN12-3.edf""]"
PN12,PN12-4.edf,3300,3290,3300,3240,3300,True,True,False,True,0,10194,0,negative,,,0.047045114218772416,0.90000000000000002,E1_RF,20260922,True,nested,"[""PN12-1.2.edf"", ""PN12-3.edf""]"
PN12,PN12-4.edf,3305,3295,3305,3245,3305,True,True,False,True,0,10194,0,negative,,,0.045267977755628505,0.90000000000000002,E1_RF,20260922,True,nested,"[""PN12-1.2.edf"", ""PN12-3.edf""]"
PN12,PN12-4.edf,3310,3300,3310,3250,3310,True,True,False,True,0,10194,0,negative,,,0.097278226221220246,0.90000000000000002,E1_RF,20260922,True,nested,"[""PN12-1.2.edf"", ""PN12-3.edf""]"
PN12,PN12-4.edf,3315,3305,3315,3255,3315,True,True,False,True,0,10194,0,negative,,,0.029676126318172676,0.90000000000000002,E1_RF,20260922,True,nested,"[""PN12-1.2.edf"", ""PN12-3.edf""]"
PN12,PN12-4.edf,3320,3310,3320,3260,3320,True,True,False,True,0,10194,0,negative,,,0.014320807034205549,0.90000000000000002,E1_RF,20260922,True,nested,"[""PN12-1.2.edf"", ""PN12-3.edf""]"
PN12,PN12-4.edf,3325,3315,3325,3265,3325,True,True,False,True,0,10194,0,negative,,,0.02309837246511558,0.90000000000000002,E1_RF,20260922,True,nested,"[""PN12-1.2.edf"", ""PN12-3.edf""]"
PN12,PN12-4.edf,3330,3320,3330,3270,3330,True,True,False,True,0,10194,0,negative,,,0.0016964285714285714,0.90000000000000002,E1_RF,20260922,True,nested,"[""PN12-1.2.edf"", ""PN12-3.edf""]"
PN12,PN12-4.edf,3335,3325,3335,3275,3335,True,True,False,True,0,10194,0,negative,,,0,0.90000000000000002,E1_RF,20260922,True,nested,"[""PN12-1.2.edf"", ""PN12-3.edf""]"
PN12,PN12-4.edf,3340,3330,3340,3280,3340,True,True,False,True,0,10194,0,negative,,,0,0.90000000000000002,E1_RF,20260922,True,nested,"[""PN12-1.2.edf"", ""PN12-3.edf""]"
PN12,PN12-4.edf,3345,3335,3345,3285,3345,True,True,False,True,0,10194,0,negative,,,0,0.90000000000000002,E1_RF,20260922,True,nested,"[""PN12-1.2.edf"", ""PN12-3.edf""]"
PN12,PN12-4.edf,3350,3340,3350,3290,3350,True,True,False,True,0,10194,0,negative,,,0,0.90000000000000002,E1_RF,20260922,True,nested,"[""PN12-1.2.edf"", ""PN12-3.edf""]"
PN12,PN12-4.edf,3355,3345,3355,3295,3355,True,True,False,True,0,10194,0,negative,,,0,0.90000000000000002,E1_RF,20260922,True,nested,"[""PN12-1.2.edf"", ""PN12-3.edf""]"
PN12,PN12-4.edf,3360,3350,3360,3300,3360,True,True,False,True,0,10194,0,negative,,,0,0.90000000000000002,E1_RF,20260922,True,nested,"[""PN12-1.2.edf"", ""PN12-3.edf""]"
PN12,PN12-4.edf,3365,3355,3365,3305,3365,True,True,False,True,0,10194,0,negative,,,0.02510504146815716,0.90000000000000002,E1_RF,20260922,True,nested,"[""PN12-1.2.edf"", ""PN12-3.edf""]"
PN12,PN12-4.edf,3370,3360,3370,3310,3370,True,True,False,True,0,10194,0,negative,,,0,0.90000000000000002,E1_RF,20260922,True,nested,"[""PN12-1.2.edf"", ""PN12-3.edf""]"
PN12,PN12-4.edf,3375,3365,3375,3315,3375,True,True,False,True,0,10194,0,negative,,,0,0.90000000000000002,E1_RF,20260922,True,nested,"[""PN12-1.2.edf"", ""PN12-3.edf""]"
PN12,PN12-4.edf,3380,3370,3380,3320,3380,True,True,False,True,0,10194,0,negative,,,0,0.90000000000000002,E1_RF,20260922,True,nested,"[""PN12-1.2.edf"", ""PN12-3.edf""]"
PN12,PN12-4.edf,3385,3375,3385,3325,3385,True,True,False,True,0,10194,0,negative,,,0,0.90000000000000002,E1_RF,20260922,True,nested,"[""PN12-1.2.edf"", ""PN12-3.edf""]"
PN12,PN12-4.edf,3390,3380,3390,3330,3390,True,True,False,True,0,10194,0,negative,,,0,0.90000000000000002,E1_RF,20260922,True,nested,"[""PN12-1.2.edf"", ""PN12-3.edf""]"
PN12,PN12-4.edf,3395,3385,3395,3335,3395,True,True,False,True,0,10194,0,negative,,,0.0056697282816685797,0.90000000000000002,E1_RF,20260922,True,nested,"[""PN12-1.2.edf"", ""PN12-3.edf""]"
PN12,PN12-4.edf,3400,3390,3400,3340,3400,True,True,False,True,0,10194,0,negative,,,0,0.90000000000000002,E1_RF,20260922,True,nested,"[""PN12-1.2.edf"", ""PN12-3.edf""]"
PN12,PN12-4.edf,3405,3395,3405,3345,3405,True,True,False,True,0,10194,0,negative,,,0.002666666666666667,0.90000000000000002,E1_RF,20260922,True,nested,"[""PN12-1.2.edf"", ""PN12-3.edf""]"
PN12,PN12-4.edf,3410,3400,3410,3350,3410,True,True,False,True,0,10194,0,negative,,,0,0.90000000000000002,E1_RF,20260922,True,nested,"[""PN12-1.2.edf"", ""PN12-3.edf""]"
PN12,PN12-4.edf,3415,3405,3415,3355,3415,True,True,False,True,0,10194,0,negative,,,0,0.90000000000000002,E1_RF,20260922,True,nested,"[""PN12-1.2.edf"", ""PN12-3.edf""]"
PN12,PN12-4.edf,3420,3410,3420,3360,3420,True,True,False,True,0,10194,0,negative,,,0.015086035922331712,0.90000000000000002,E1_RF,20260922,True,nested,"[""PN12-1.2.edf"", ""PN12-3.edf""]"
PN12,PN12-4.edf,3425,3415,3425,3365,3425,True,True,False,True,0,10194,0,negative,,,0,0.90000000000000002,E1_RF,20260922,True,nested,"[""PN12-1.2.edf"", ""PN12-3.edf""]"
PN12,PN12-4.edf,3430,3420,3430,3370,3430,True,True,False,True,0,10194,0,negative,,,0,0.90000000000000002,E1_RF,20260922,True,nested,"[""PN12-1.2.edf"", ""PN12-3.edf""]"
PN12,PN12-4.edf,3435,3425,3435,3375,3435,True,True,False,True,0,10194,0,negative,,,0,0.90000000000000002,E1_RF,20260922,True,nested,"[""PN12-1.2.edf"", ""PN12-3.edf""]"
PN12,PN12-4.edf,3440,3430,3440,3380,3440,True,True,False,True,0,10194,0,negative,,,0.011115900383141763,0.90000000000000002,E1_RF,20260922,True,nested,"[""PN12-1.2.edf"", ""PN12-3.edf""]"
PN12,PN12-4.edf,3445,3435,3445,3385,3445,True,True,False,True,0,10194,0,negative,,,0.057274830216383542,0.90000000000000002,E1_RF,20260922,True,nested,"[""PN12-1.2.edf"", ""PN12-3.edf""]"
PN12,PN12-4.edf,3450,3440,3450,3390,3450,True,True,False,True,0,10194,0,negative,,,0.017953168176852389,0.90000000000000002,E1_RF,20260922,True,nested,"[""PN12-1.2.edf"", ""PN12-3.edf""]"
PN12,PN12-4.edf,3455,3445,3455,3395,3455,True,True,False,True,0,10194,0,negative,,,0,0.90000000000000002,E1_RF,20260922,True,nested,"[""PN12-1.2.edf"", ""PN12-3.edf""]"
PN12,PN12-4.edf,3460,3450,3460,3400,3460,True,True,False,True,0,10194,0,negative,,,0,0.90000000000000002,E1_RF,20260922,True,nested,"[""PN12-1.2.edf"", ""PN12-3.edf""]"
PN12,PN12-4.edf,3465,3455,3465,3405,3465,True,True,False,True,0,10194,0,negative,,,0,0.90000000000000002,E1_RF,20260922,True,nested,"[""PN12-1.2.edf"", ""PN12-3.edf""]"
PN12,PN12-4.edf,3470,3460,3470,3410,3470,True,True,False,True,0,10194,0,negative,,,0,0.90000000000000002,E1_RF,20260922,True,nested,"[""PN12-1.2.edf"", ""PN12-3.edf""]"
PN12,PN12-4.edf,3475,3465,3475,3415,3475,True,True,False,True,0,10194,0,negative,,,0.0026984126984126986,0.90000000000000002,E1_RF,20260922,True,nested,"[""PN12-1.2.edf"", ""PN12-3.edf""]"
PN12,PN12-4.edf,3480,3470,3480,3420,3480,True,True,False,True,0,10194,0,negative,,,0.0055505050505050505,0.90000000000000002,E1_RF,20260922,True,nested,"[""PN12-1.2.edf"", ""PN12-3.edf""]"
PN12,PN12-4.edf,3485,3475,3485,3425,3485,True,True,False,True,0,10194,0,negative,,,0,0.90000000000000002,E1_RF,20260922,True,nested,"[""PN12-1.2.edf"", ""PN12-3.edf""]"
PN12,PN12-4.edf,3490,3480,3490,3430,3490,True,True,False,True,0,10194,0,negative,,,0.021221891724036761,0.90000000000000002,E1_RF,20260922,True,nested,"[""PN12-1.2.edf"", ""PN12-3.edf""]"
PN12,PN12-4.edf,3495,3485,3495,3435,3495,True,True,False,True,0,10194,0,negative,,,0.050530202966902658,0.90000000000000002,E1_RF,20260922,True,nested,"[""PN12-1.2.edf"", ""PN12-3.edf""]"
PN12,PN12-4.edf,3500,3490,3500,3440,3500,True,True,False,True,0,10194,0,negative,,,0.031583181718959789,0.90000000000000002,E1_RF,20260922,True,nested,"[""PN12-1.2.edf"", ""PN12-3.edf""]"
PN12,PN12-4.edf,3505,3495,3505,3445,3505,True,True,False,True,0,10194,0,negative,,,0.0039907407407407417,0.90000000000000002,E1_RF,20260922,True,nested,"[""PN12-1.2.edf"", ""PN12-3.edf""]"
PN12,PN12-4.edf,3510,3500,3510,3450,3510,True,True,False,True,0,10194,0,negative,,,0.024202582420202731,0.90000000000000002,E1_RF,20260922,True,nested,"[""PN12-1.2.edf"", ""PN12-3.edf""]"
PN12,PN12-4.edf,3515,3505,3515,3455,3515,True,True,False,True,0,10194,0,negative,,,0.013076836990008681,0.90000000000000002,E1_RF,20260922,True,nested,"[""PN12-1.2.edf"", ""PN12-3.edf""]"
PN12,PN12-4.edf,3520,3510,3520,3460,3520,True,True,False,True,0,10194,0,negative,,,0,0.90000000000000002,E1_RF,20260922,True,nested,"[""PN12-1.2.edf"", ""PN12-3.edf""]"
PN12,PN12-4.edf,3525,3515,3525,3465,3525,True,True,False,True,0,10194,0,negative,,,0,0.90000000000000002,E1_RF,20260922,True,nested,"[""PN12-1.2.edf"", ""PN12-3.edf""]"
PN12,PN12-4.edf,3530,3520,3530,3470,3530,True,True,False,True,0,10194,0,negative,,,0,0.90000000000000002,E1_RF,20260922,True,nested,"[""PN12-1.2.edf"", ""PN12-3.edf""]"
PN12,PN12-4.edf,3535,3525,3535,3475,3535,True,True,False,True,0,10194,0,negative,,,0.0094043844425561324,0.90000000000000002,E1_RF,20260922,True,nested,"[""PN12-1.2.edf"", ""PN12-3.edf""]"
PN12,PN12-4.edf,3540,3530,3540,3480,3540,True,True,False,True,0,10194,0,negative,,,0.0080192013094738408,0.90000000000000002,E1_RF,20260922,True,nested,"[""PN12-1.2.edf"", ""PN12-3.edf""]"
PN12,PN12-4.edf,3545,3535,3545,3485,3545,True,True,False,True,0,10194,0,negative,,,0.051860321331861019,0.90000000000000002,E1_RF,20260922,True,nested,"[""PN12-1.2.edf"", ""PN12-3.edf""]"
PN12,PN12-4.edf,3550,3540,3550,3490,3550,True,True,False,True,0,10194,0,negative,,,0.033750439892278425,0.90000000000000002,E1_RF,20260922,True,nested,"[""PN12-1.2.edf"", ""PN12-3.edf""]"
PN12,PN12-4.edf,3555,3545,3555,3495,3555,True,True,False,True,0,10194,0,negative,,,0,0.90000000000000002,E1_RF,20260922,True,nested,"[""PN12-1.2.edf"", ""PN12-3.edf""]"
PN12,PN12-4.edf,3560,3550,3560,3500,3560,True,True,False,True,0,10194,0,negative,,,0,0.90000000000000002,E1_RF,20260922,True,nested,"[""PN12-1.2.edf"", ""PN12-3.edf""]"
PN12,PN12-4.edf,3565,3555,3565,3505,3565,True,True,False,True,0,10194,0,negative,,,0.0024444444444444444,0.90000000000000002,E1_RF,20260922,True,nested,"[""PN12-1.2.edf"", ""PN12-3.edf""]"
PN12,PN12-4.edf,3570,3560,3570,3510,3570,True,True,False,True,0,10194,0,negative,,,0.022066685396329905,0.90000000000000002,E1_RF,20260922,True,nested,"[""PN12-1.2.edf"", ""PN12-3.edf""]"
PN12,PN12-4.edf,3575,3565,3575,3515,3575,True,True,False,True,0,10194,0,negative,,,0,0.90000000000000002,E1_RF,20260922,True,nested,"[""PN12-1.2.edf"", ""PN12-3.edf""]"
PN12,PN12-4.edf,3580,3570,3580,3520,3580,True,True,False,True,0,10194,0,negative,,,0,0.90000000000000002,E1_RF,20260922,True,nested,"[""PN12-1.2.edf"", ""PN12-3.edf""]"
PN12,PN12-4.edf,3585,3575,3585,3525,3585,True,True,False,True,0,10194,0,negative,,,0.0024358974358974356,0.90000000000000002,E1_RF,20260922,True,nested,"[""PN12-1.2.edf"", ""PN12-3.edf""]"
PN12,PN12-4.edf,3590,3580,3590,3530,3590,True,True,False,True,0,10194,0,negative,,,0,0.90000000000000002,E1_RF,20260922,True,nested,"[""PN12-1.2.edf"", ""PN12-3.edf""]"
PN12,PN12-4.edf,3595,3585,3595,3535,3595,True,True,False,True,0,10194,0,negative,,,0,0.90000000000000002,E1_RF,20260922,True,nested,"[""PN12-1.2.edf"", ""PN12-3.edf""]"
PN12,PN12-4.edf,3600,3590,3600,3540,3600,True,True,False,True,0,10194,0,negative,,,0,0.90000000000000002,E1_RF,20260922,True,nested,"[""PN12-1.2.edf"", ""PN12-3.edf""]"
PN12,PN12-4.edf,3605,3595,3605,3545,3605,True,True,False,True,0,10194,0,negative,,,0,0.90000000000000002,E1_RF,20260922,True,nested,"[""PN12-1.2.edf"", ""PN12-3.edf""]"
PN12,PN12-4.edf,3610,3600,3610,3550,3610,True,True,False,True,0,10194,0,negative,,,0.002666666666666667,0.90000000000000002,E1_RF,20260922,True,nested,"[""PN12-1.2.edf"", ""PN12-3.edf""]"
PN12,PN12-4.edf,3615,3605,3615,3555,3615,True,True,False,True,0,10194,0,negative,,,0.013793347893435471,0.90000000000000002,E1_RF,20260922,True,nested,"[""PN12-1.2.edf"", ""PN12-3.edf""]"
PN12,PN12-4.edf,3620,3610,3620,3560,3620,True,True,False,True,0,10194,0,negative,,,0.00043083900226757369,0.90000000000000002,E1_RF,20260922,True,nested,"[""PN12-1.2.edf"", ""PN12-3.edf""]"
PN12,PN12-4.edf,3625,3615,3625,3565,3625,True,True,False,True,0,10194,0,negative,,,0,0.90000000000000002,E1_RF,20260922,True,nested,"[""PN12-1.2.edf"", ""PN12-3.edf""]"
PN12,PN12-4.edf,3630,3620,3630,3570,3630,True,True,False,True,0,10194,0,negative,,,0.013561626878868258,0.90000000000000002,E1_RF,20260922,True,nested,"[""PN12-1.2.edf"", ""PN12-3.edf""]"
PN12,PN12-4.edf,3635,3625,3635,3575,3635,True,True,False,True,0,10194,0,negative,,,0,0.90000000000000002,E1_RF,20260922,True,nested,"[""PN12-1.2.edf"", ""PN12-3.edf""]"
PN12,PN12-4.edf,3640,3630,3640,3580,3640,True,True,False,True,0,10194,0,negative,,,0,0.90000000000000002,E1_RF,20260922,True,nested,"[""PN12-1.2.edf"", ""PN12-3.edf""]"
PN12,PN12-4.edf,3645,3635,3645,3585,3645,True,True,False,True,0,10194,0,negative,,,0,0.90000000000000002,E1_RF,20260922,True,nested,"[""PN12-1.2.edf"", ""PN12-3.edf""]"
PN12,PN12-4.edf,3650,3640,3650,3590,3650,True,True,False,True,0,10194,0,negative,,,0,0.90000000000000002,E1_RF,20260922,True,nested,"[""PN12-1.2.edf"", ""PN12-3.edf""]"
PN12,PN12-4.edf,3655,3645,3655,3595,3655,True,True,False,True,0,10194,0,negative,,,0,0.90000000000000002,E1_RF,20260922,True,nested,"[""PN12-1.2.edf"", ""PN12-3.edf""]"
PN12,PN12-4.edf,3660,3650,3660,3600,3660,True,True,False,True,0,10194,0,negative,,,0,0.90000000000000002,E1_RF,20260922,True,nested,"[""PN12-1.2.edf"", ""PN12-3.edf""]"
PN12,PN12-4.edf,3665,3655,3665,3605,3665,True,True,False,True,0,10194,0,negative,,,0,0.90000000000000002,E1_RF,20260922,True,nested,"[""PN12-1.2.edf"", ""PN12-3.edf""]"
PN12,PN12-4.edf,3670,3660,3670,3610,3670,True,True,False,True,0,10194,0,negative,,,0,0.90000000000000002,E1_RF,20260922,True,nested,"[""PN12-1.2.edf"", ""PN12-3.edf""]"
PN12,PN12-4.edf,3675,3665,3675,3615,3675,True,True,False,True,0,10194,0,negative,,,0,0.90000000000000002,E1_RF,20260922,True,nested,"[""PN12-1.2.edf"", ""PN12-3.edf""]"
PN12,PN12-4.edf,3680,3670,3680,3620,3680,True,True,False,True,0,10194,0,negative,,,0,0.90000000000000002,E1_RF,20260922,True,nested,"[""PN12-1.2.edf"", ""PN12-3.edf""]"
PN12,PN12-4.edf,3685,3675,3685,3625,3685,True,True,False,True,0,10194,0,negative,,,0.0059770114942528738,0.90000000000000002,E1_RF,20260922,True,nested,"[""PN12-1.2.edf"", ""PN12-3.edf""]"
PN12,PN12-4.edf,3690,3680,3690,3630,3690,True,True,False,True,0,10194,0,negative,,,0.014506672796726327,0.90000000000000002,E1_RF,20260922,True,nested,"[""PN12-1.2.edf"", ""PN12-3.edf""]"
PN12,PN12-4.edf,3695,3685,3695,3635,3695,True,True,False,True,0,10194,0,negative,,,0,0.90000000000000002,E1_RF,20260922,True,nested,"[""PN12-1.2.edf"", ""PN12-3.edf""]"
PN12,PN12-4.edf,3700,3690,3700,3640,3700,True,True,False,True,0,10194,0,negative,,,0,0.90000000000000002,E1_RF,20260922,True,nested,"[""PN12-1.2.edf"", ""PN12-3.edf""]"
PN12,PN12-4.edf,3705,3695,3705,3645,3705,True,True,False,True,0,10194,0,negative,,,0,0.90000000000000002,E1_RF,20260922,True,nested,"[""PN12-1.2.edf"", ""PN12-3.edf""]"
PN12,PN12-4.edf,3710,3700,3710,3650,3710,True,True,False,True,0,10194,0,negative,,,0,0.90000000000000002,E1_RF,20260922,True,nested,"[""PN12-1.2.edf"", ""PN12-3.edf""]"
PN12,PN12-4.edf,3715,3705,3715,3655,3715,True,True,False,True,0,10194,0,negative,,,0,0.90000000000000002,E1_RF,20260922,True,nested,"[""PN12-1.2.edf"", ""PN12-3.edf""]"
PN12,PN12-4.edf,3720,3710,3720,3660,3720,True,True,False,True,0,10194,0,negative,,,0,0.90000000000000002,E1_RF,20260922,True,nested,"[""PN12-1.2.edf"", ""PN12-3.edf""]"
PN12,PN12-4.edf,3725,3715,3725,3665,3725,True,True,False,True,0,10194,0,negative,,,0,0.90000000000000002,E1_RF,20260922,True,nested,"[""PN12-1.2.edf"", ""PN12-3.edf""]"
PN12,PN12-4.edf,3730,3720,3730,3670,3730,True,True,False,True,0,10194,0,negative,,,0,0.90000000000000002,E1_RF,20260922,True,nested,"[""PN12-1.2.edf"", ""PN12-3.edf""]"
PN12,PN12-4.edf,3735,3725,3735,3675,3735,True,True,False,True,0,10194,0,negative,,,0,0.90000000000000002,E1_RF,20260922,True,nested,"[""PN12-1.2.edf"", ""PN12-3.edf""]"
PN12,PN12-4.edf,3740,3730,3740,3680,3740,True,True,False,True,0,10194,0,negative,,,0.010626166743174415,0.90000000000000002,E1_RF,20260922,True,nested,"[""PN12-1.2.edf"", ""PN12-3.edf""]"
PN12,PN12-4.edf,3745,3735,3745,3685,3745,True,True,False,True,0,10194,0,negative,,,0.0024444444444444444,0.90000000000000002,E1_RF,20260922,True,nested,"[""PN12-1.2.edf"", ""PN12-3.edf""]"
PN12,PN12-4.edf,3750,3740,3750,3690,3750,True,True,False,True,0,10194,0,negative,,,0,0.90000000000000002,E1_RF,20260922,True,nested,"[""PN12-1.2.edf"", ""PN12-3.edf""]"
PN12,PN12-4.edf,3755,3745,3755,3695,3755,True,True,False,True,0,10194,0,negative,,,0.016540065490065488,0.90000000000000002,E1_RF,20260922,True,nested,"[""PN12-1.2.edf"", ""PN12-3.edf""]"
PN12,PN12-4.edf,3760,3750,3760,3700,3760,True,True,False,True,0,10194,0,negative,,,0.024844745034327622,0.90000000000000002,E1_RF,20260922,True,nested,"[""PN12-1.2.edf"", ""PN12-3.edf""]"
PN12,PN12-4.edf,3765,3755,3765,3705,3765,True,True,False,True,0,10194,0,negative,,,0.009886338746955806,0.90000000000000002,E1_RF,20260922,True,nested,"[""PN12-1.2.edf"", ""PN12-3.edf""]"
PN12,PN12-4.edf,3770,3760,3770,3710,3770,True,True,False,True,0,10194,0,negative,,,0.0080256410256410258,0.90000000000000002,E1_RF,20260922,True,nested,"[""PN12-1.2.edf"", ""PN12-3.edf""]"
PN12,PN12-4.edf,3775,3765,3775,3715,3775,True,True,False,True,0,10194,0,negative,,,0.0026923076923076922,0.90000000000000002,E1_RF,20260922,True,nested,"[""PN12-1.2.edf"", ""PN12-3.edf""]"
PN12,PN12-4.edf,3780,3770,3780,3720,3780,True,True,False,True,0,10194,0,negative,,,0.043916213505648713,0.90000000000000002,E1_RF,20260922,True,nested,"[""PN12-1.2.edf"", ""PN12-3.edf""]"
PN12,PN12-4.edf,3785,3775,3785,3725,3785,True,True,False,True,0,10194,0,negative,,,0.093144178043941997,0.90000000000000002,E1_RF,20260922,True,nested,"[""PN12-1.2.edf"", ""PN12-3.edf""]"
PN12,PN12-4.edf,3790,3780,3790,3730,3790,True,True,False,True,0,10194,0,negative,,,0.0083017934446505872,0.90000000000000002,E1_RF,20260922,True,nested,"[""PN12-1.2.edf"", ""PN12-3.edf""]"
PN12,PN12-4.edf,3795,3785,3795,3735,3795,True,True,False,True,0,10194,0,negative,,,0.070097342185412539,0.90000000000000002,E1_RF,20260922,True,nested,"[""PN12-1.2.edf"", ""PN12-3.edf""]"
PN12,PN12-4.edf,3800,3790,3800,3740,3800,True,True,False,True,0,10194,0,negative,,,0.072212660118798372,0.90000000000000002,E1_RF,20260922,True,nested,"[""PN12-1.2.edf"", ""PN12-3.edf""]"
PN12,PN12-4.edf,3805,3795,3805,3745,3805,True,True,False,True,0,10194,0,negative,,,0.0089411298809795054,0.90000000000000002,E1_RF,20260922,True,nested,"[""PN12-1.2.edf"", ""PN12-3.edf""]"
PN12,PN12-4.edf,3810,3800,3810,3750,3810,True,True,False,True,0,10194,0,negative,,,0.075915714364985024,0.90000000000000002,E1_RF,20260922,True,nested,"[""PN12-1.2.edf"", ""PN12-3.edf""]"
PN12,PN12-4.edf,3815,3805,3815,3755,3815,True,True,False,True,0,10194,0,negative,,,0.067272912413676902,0.90000000000000002,E1_RF,20260922,True,nested,"[""PN12-1.2.edf"", ""PN12-3.edf""]"
PN12,PN12-4.edf,3820,3810,3820,3760,3820,True,True,False,True,0,10194,0,negative,,,0.089426853091304506,0.90000000000000002,E1_RF,20260922,True,nested,"[""PN12-1.2.edf"", ""PN12-3.edf""]"
PN12,PN12-4.edf,3825,3815,3825,3765,3825,True,True,False,True,0,10194,0,negative,,,0.029890172394792795,0.90000000000000002,E1_RF,20260922,True,nested,"[""PN12-1.2.edf"", ""PN12-3.edf""]"
PN12,PN12-4.edf,3830,3820,3830,3770,3830,True,True,False,True,0,10194,0,negative,,,0.0032482993197278914,0.90000000000000002,E1_RF,20260922,True,nested,"[""PN12-1.2.edf"", ""PN12-3.edf""]"
PN12,PN12-4.edf,3835,3825,3835,3775,3835,True,True,False,True,0,10194,0,negative,,,0.0053735632183908042,0.90000000000000002,E1_RF,20260922,True,nested,"[""PN12-1.2.edf"", ""PN12-3.edf""]"
PN12,PN12-4.edf,3840,3830,3840,3780,3840,True,True,False,True,0,10194,0,negative,,,0.16608691061093339,0.90000000000000002,E1_RF,20260922,True,nested,"[""PN12-1.2.edf"", ""PN12-3.edf""]"
PN12,PN12-4.edf,3845,3835,3845,3785,3845,True,True,False,True,0,10194,0,negative,,,0.25980715620500672,0.90000000000000002,E1_RF,20260922,True,nested,"[""PN12-1.2.edf"", ""PN12-3.edf""]"
PN12,PN12-4.edf,3850,3840,3850,3790,3850,True,True,False,True,0,10194,0,negative,,,0.013009910133301201,0.90000000000000002,E1_RF,20260922,True,nested,"[""PN12-1.2.edf"", ""PN12-3.edf""]"
PN12,PN12-4.edf,3855,3845,3855,3795,3855,True,True,False,True,0,10194,0,negative,,,0.038702438149721734,0.90000000000000002,E1_RF,20260922,True,nested,"[""PN12-1.2.edf"", ""PN12-3.edf""]"
PN12,PN12-4.edf,3860,3850,3860,3800,3860,True,True,False,True,0,10194,0,negative,,,0.021088889417751951,0.90000000000000002,E1_RF,20260922,True,nested,"[""PN12-1.2.edf"", ""PN12-3.edf""]"
PN12,PN12-4.edf,3865,3855,3865,3805,3865,True,True,False,True,0,10194,0,negative,,,0,0.90000000000000002,E1_RF,20260922,True,nested,"[""PN12-1.2.edf"", ""PN12-3.edf""]"
PN12,PN12-4.edf,3870,3860,3870,3810,3870,True,True,False,True,0,10194,0,negative,,,0.0007482993197278912,0.90000000000000002,E1_RF,20260922,True,nested,"[""PN12-1.2.edf"", ""PN12-3.edf""]"
PN12,PN12-4.edf,3875,3865,3875,3815,3875,True,True,False,True,0,10194,0,negative,,,0,0.90000000000000002,E1_RF,20260922,True,nested,"[""PN12-1.2.edf"", ""PN12-3.edf""]"
PN12,PN12-4.edf,3880,3870,3880,3820,3880,True,True,False,True,0,10194,0,negative,,,0.0024209683873549419,0.90000000000000002,E1_RF,20260922,True,nested,"[""PN12-1.2.edf"", ""PN12-3.edf""]"
PN12,PN12-4.edf,3885,3875,3885,3825,3885,True,True,False,True,0,10194,0,negative,,,0.051491716919865975,0.90000000000000002,E1_RF,20260922,True,nested,"[""PN12-1.2.edf"", ""PN12-3.edf""]"
PN12,PN12-4.edf,3890,3880,3890,3830,3890,True,True,False,True,0,10194,0,negative,,,0.031267912053371524,0.90000000000000002,E1_RF,20260922,True,nested,"[""PN12-1.2.edf"", ""PN12-3.edf""]"
PN12,PN12-4.edf,3895,3885,3895,3835,3895,True,True,False,True,0,10194,0,negative,,,0,0.90000000000000002,E1_RF,20260922,True,nested,"[""PN12-1.2.edf"", ""PN12-3.edf""]"
PN12,PN12-4.edf,3900,3890,3900,3840,3900,True,True,False,True,0,10194,0,negative,,,0.045384062516752928,0.90000000000000002,E1_RF,20260922,True,nested,"[""PN12-1.2.edf"", ""PN12-3.edf""]"
PN12,PN12-4.edf,3905,3895,3905,3845,3905,True,True,False,True,0,10194,0,negative,,,0.046650022919562793,0.90000000000000002,E1_RF,20260922,True,nested,"[""PN12-1.2.edf"", ""PN12-3.edf""]"
PN12,PN12-4.edf,3910,3900,3910,3850,3910,True,True,False,True,0,10194,0,negative,,,0.027767117819172692,0.90000000000000002,E1_RF,20260922,True,nested,"[""PN12-1.2.edf"", ""PN12-3.edf""]"
PN12,PN12-4.edf,3915,3905,3915,3855,3915,True,True,False,True,0,10194,0,negative,,,0.084008665038346989,0.90000000000000002,E1_RF,20260922,True,nested,"[""PN12-1.2.edf"", ""PN12-3.edf""]"
PN12,PN12-4.edf,3920,3910,3920,3860,3920,True,True,False,True,0,10194,0,negative,,,0.093062220889292266,0.90000000000000002,E1_RF,20260922,True,nested,"[""PN12-1.2.edf"", ""PN12-3.edf""]"
PN12,PN12-4.edf,3925,3915,3925,3865,3925,True,True,False,True,0,10194,0,negative,,,0.030584407050747959,0.90000000000000002,E1_RF,20260922,True,nested,"[""PN12-1.2.edf"", ""PN12-3.edf""]"
PN12,PN12-4.edf,3930,3920,3930,3870,3930,True,True,False,True,0,10194,0,negative,,,0.080430306416920991,0.90000000000000002,E1_RF,20260922,True,nested,"[""PN12-1.2.edf"", ""PN12-3.edf""]"
PN12,PN12-4.edf,3935,3925,3935,3875,3935,True,True,False,True,0,10194,0,negative,,,0.054122117139092651,0.90000000000000002,E1_RF,20260922,True,nested,"[""PN12-1.2.edf"", ""PN12-3.edf""]"
PN12,PN12-4.edf,3940,3930,3940,3880,3940,True,True,False,True,0,10194,0,negative,,,0.063284495358117823,0.90000000000000002,E1_RF,20260922,True,nested,"[""PN12-1.2.edf"", ""PN12-3.edf""]"
PN12,PN12-4.edf,3945,3935,3945,3885,3945,True,True,False,True,0,10194,0,negative,,,0.071309910538429236,0.90000000000000002,E1_RF,20260922,True,nested,"[""PN12-1.2.edf"", ""PN12-3.edf""]"
PN12,PN12-4.edf,3950,3940,3950,3890,3950,True,True,False,True,0,10194,0,negative,,,0.051293122455579876,0.90000000000000002,E1_RF,20260922,True,nested,"[""PN12-1.2.edf"", ""PN12-3.edf""]"
PN12,PN12-4.edf,3955,3945,3955,3895,3955,True,True,False,True,0,10194,0,negative,,,0.036764940599432409,0.90000000000000002,E1_RF,20260922,True,nested,"[""PN12-1.2.edf"", ""PN12-3.edf""]"
PN12,PN12-4.edf,3960,3950,3960,3900,3960,True,True,False,True,0,10194,0,negative,,,0.065978944149538546,0.90000000000000002,E1_RF,20260922,True,nested,"[""PN12-1.2.edf"", ""PN12-3.edf""]"
PN12,PN12-4.edf,3965,3955,3965,3905,3965,True,True,False,True,0,10194,0,negative,,,0.096432949545256663,0.90000000000000002,E1_RF,20260922,True,nested,"[""PN12-1.2.edf"", ""PN12-3.edf""]"
PN12,PN12-4.edf,3970,3960,3970,3910,3970,True,True,False,True,0,10194,0,negative,,,0.13995292810282955,0.90000000000000002,E1_RF,20260922,True,nested,"[""PN12-1.2.edf"", ""PN12-3.edf""]"
PN12,PN12-4.edf,3975,3965,3975,3915,3975,True,True,False,True,0,10194,0,negative,,,0.15884568958288373,0.90000000000000002,E1_RF,20260922,True,nested,"[""PN12-1.2.edf"", ""PN12-3.edf""]"
PN12,PN12-4.edf,3980,3970,3980,3920,3980,True,True,False,True,0,10194,0,negative,,,0.14994065811572352,0.90000000000000002,E1_RF,20260922,True,nested,"[""PN12-1.2.edf"", ""PN12-3.edf""]"
PN12,PN12-4.edf,3985,3975,3985,3925,3985,True,True,False,True,0,10194,0,negative,,,0.12716238574038607,0.90000000000000002,E1_RF,20260922,True,nested,"[""PN12-1.2.edf"", ""PN12-3.edf""]"
PN12,PN12-4.edf,3990,3980,3990,3930,3990,True,True,False,True,0,10194,0,negative,,,0.11460397271437157,0.90000000000000002,E1_RF,20260922,True,nested,"[""PN12-1.2.edf"", ""PN12-3.edf""]"
PN12,PN12-4.edf,3995,3985,3995,3935,3995,True,True,False,True,0,10194,0,negative,,,0.072442360242645637,0.90000000000000002,E1_RF,20260922,True,nested,"[""PN12-1.2.edf"", ""PN12-3.edf""]"
PN12,PN12-4.edf,4000,3990,4000,3940,4000,True,True,False,True,0,10194,0,negative,,,0.073462132314869977,0.90000000000000002,E1_RF,20260922,True,nested,"[""PN12-1.2.edf"", ""PN12-3.edf""]"
PN12,PN12-4.edf,4005,3995,4005,3945,4005,True,True,False,True,0,10194,0,negative,,,0.13739616034984856,0.90000000000000002,E1_RF,20260922,True,nested,"[""PN12-1.2.edf"", ""PN12-3.edf""]"
PN12,PN12-4.edf,4010,4000,4010,3950,4010,True,True,False,True,0,10194,0,negative,,,0.046325446360356876,0.90000000000000002,E1_RF,20260922,True,nested,"[""PN12-1.2.edf"", ""PN12-3.edf""]"
PN12,PN12-4.edf,4015,4005,4015,3955,4015,True,True,False,True,0,10194,0,negative,,,0.27331485058383337,0.90000000000000002,E1_RF,20260922,True,nested,"[""PN12-1.2.edf"", ""PN12-3.edf""]"
PN12,PN12-4.edf,4020,4010,4020,3960,4020,True,True,False,True,0,10194,0,negative,,,0.28391101546685554,0.90000000000000002,E1_RF,20260922,True,nested,"[""PN12-1.2.edf"", ""PN12-3.edf""]"
PN12,PN12-4.edf,4025,4015,4025,3965,4025,True,True,False,True,0,10194,0,negative,,,0.25952918994204227,0.90000000000000002,E1_RF,20260922,True,nested,"[""PN12-1.2.edf"", ""PN12-3.edf""]"
PN12,PN12-4.edf,4030,4020,4030,3970,4030,True,True,False,True,0,10194,0,negative,,,0.16380288041876942,0.90000000000000002,E1_RF,20260922,True,nested,"[""PN12-1.2.edf"", ""PN12-3.edf""]"
PN12,PN12-4.edf,4035,4025,4035,3975,4035,True,True,False,True,0,10194,0,negative,,,0.21646420920557768,0.90000000000000002,E1_RF,20260922,True,nested,"[""PN12-1.2.edf"", ""PN12-3.edf""]"
PN12,PN12-4.edf,4040,4030,4040,3980,4040,True,True,False,True,0,10194,0,negative,,,0.11642083782787452,0.90000000000000002,E1_RF,20260922,True,nested,"[""PN12-1.2.edf"", ""PN12-3.edf""]"
PN12,PN12-4.edf,4045,4035,4045,3985,4045,True,True,False,True,0,10194,0,negative,,,0.20888298056254759,0.90000000000000002,E1_RF,20260922,True,nested,"[""PN12-1.2.edf"", ""PN12-3.edf""]"
PN12,PN12-4.edf,4050,4040,4050,3990,4050,True,True,False,True,0,10194,0,negative,,,0.22608437361085387,0.90000000000000002,E1_RF,20260922,True,nested,"[""PN12-1.2.edf"", ""PN12-3.edf""]"
PN12,PN12-4.edf,4055,4045,4055,3995,4055,True,True,False,True,0,10194,0,negative,,,0.15445740665059338,0.90000000000000002,E1_RF,20260922,True,nested,"[""PN12-1.2.edf"", ""PN12-3.edf""]"
PN12,PN12-4.edf,4060,4050,4060,4000,4060,True,True,False,True,0,10194,0,negative,,,0.23183647447897357,0.90000000000000002,E1_RF,20260922,True,nested,"[""PN12-1.2.edf"", ""PN12-3.edf""]"
PN12,PN12-4.edf,4065,4055,4065,4005,4065,True,True,False,True,0,10194,0,negative,,,0.20893703848580941,0.90000000000000002,E1_RF,20260922,True,nested,"[""PN12-1.2.edf"", ""PN12-3.edf""]"
PN12,PN12-4.edf,4070,4060,4070,4010,4070,True,True,False,True,0,10194,0,negative,,,0.17603142085735793,0.90000000000000002,E1_RF,20260922,True,nested,"[""PN12-1.2.edf"", ""PN12-3.edf""]"
PN12,PN12-4.edf,4075,4065,4075,4015,4075,True,True,False,True,0,10194,0,negative,,,0.15013634014632557,0.90000000000000002,E1_RF,20260922,True,nested,"[""PN12-1.2.edf"", ""PN12-3.edf""]"
PN12,PN12-4.edf,4080,4070,4080,4020,4080,True,True,False,True,0,10194,0,negative,,,0.091861930134283579,0.90000000000000002,E1_RF,20260922,True,nested,"[""PN12-1.2.edf"", ""PN12-3.edf""]"
PN12,PN12-4.edf,4085,4075,4085,4025,4085,True,True,False,True,0,10194,0,negative,,,0.26687815299387924,0.90000000000000002,E1_RF,20260922,True,nested,"[""PN12-1.2.edf"", ""PN12-3.edf""]"
PN12,PN12-4.edf,4090,4080,4090,4030,4090,True,True,False,True,0,10194,0,negative,,,0.19263148931105087,0.90000000000000002,E1_RF,20260922,True,nested,"[""PN12-1.2.edf"", ""PN12-3.edf""]"
PN12,PN12-4.edf,4095,4085,4095,4035,4095,True,True,False,True,0,10194,0,negative,,,0.072067664784253402,0.90000000000000002,E1_RF,20260922,True,nested,"[""PN12-1.2.edf"", ""PN12-3.edf""]"
PN12,PN12-4.edf,4100,4090,4100,4040,4100,True,True,False,True,0,10194,0,negative,,,0.17258884687337836,0.90000000000000002,E1_RF,20260922,True,nested,"[""PN12-1.2.edf"", ""PN12-3.edf""]"
PN12,PN12-4.edf,4105,4095,4105,4045,4105,True,True,False,True,0,10194,0,negative,,,0.17294205009516669,0.90000000000000002,E1_RF,20260922,True,nested,"[""PN12-1.2.edf"", ""PN12-3.edf""]"
PN12,PN12-4.edf,4110,4100,4110,4050,4110,True,True,False,True,0,10194,0,negative,,,0.034479542517372105,0.90000000000000002,E1_RF,20260922,True,nested,"[""PN12-1.2.edf"", ""PN12-3.edf""]"
PN12,PN12-4.edf,4115,4105,4115,4055,4115,True,True,False,True,0,10194,0,negative,,,0.017386218675855252,0.90000000000000002,E1_RF,20260922,True,nested,"[""PN12-1.2.edf"", ""PN12-3.edf""]"
PN12,PN12-4.edf,4120,4110,4120,4060,4120,True,True,False,True,0,10194,0,negative,,,0.0088003600899966648,0.90000000000000002,E1_RF,20260922,True,nested,"[""PN12-1.2.edf"", ""PN12-3.edf""]"
PN12,PN12-4.edf,4125,4115,4125,4065,4125,True,True,False,True,0,10194,0,negative,,,0.0003985507246376812,0.90000000000000002,E1_RF,20260922,True,nested,"[""PN12-1.2.edf"", ""PN12-3.edf""]"
PN12,PN12-4.edf,4130,4120,4130,4070,4130,True,True,False,True,0,10194,0,negative,,,0.0003985507246376812,0.90000000000000002,E1_RF,20260922,True,nested,"[""PN12-1.2.edf"", ""PN12-3.edf""]"
PN12,PN12-4.edf,4135,4125,4135,4075,4135,True,True,False,True,0,10194,0,negative,,,0.0088077674974040721,0.90000000000000002,E1_RF,20260922,True,nested,"[""PN12-1.2.edf"", ""PN12-3.edf""]"
PN12,PN12-4.edf,4140,4130,4140,4080,4140,True,True,False,True,0,10194,0,negative,,,0.072126392992832467,0.90000000000000002,E1_RF,20260922,True,nested,"[""PN12-1.2.edf"", ""PN12-3.edf""]"
PN12,PN12-4.edf,4145,4135,4145,4085,4145,True,True,False,True,0,10194,0,negative,,,0.024928071570619683,0.90000000000000002,E1_RF,20260922,True,nested,"[""PN12-1.2.edf"", ""PN12-3.edf""]"
PN12,PN12-4.edf,4150,4140,4150,4090,4150,True,True,False,True,0,10194,0,negative,,,0.00487275707384403,0.90000000000000002,E1_RF,20260922,True,nested,"[""PN12-1.2.edf"", ""PN12-3.edf""]"
PN12,PN12-4.edf,4155,4145,4155,4095,4155,True,True,False,True,0,10194,0,negative,,,0.059802947151924142,0.90000000000000002,E1_RF,20260922,True,nested,"[""PN12-1.2.edf"", ""PN12-3.edf""]"
PN12,PN12-4.edf,4160,4150,4160,4100,4160,True,True,False,True,0,10194,0,negative,,,0.0614319672399809,0.90000000000000002,E1_RF,20260922,True,nested,"[""PN12-1.2.edf"", ""PN12-3.edf""]"
PN12,PN12-4.edf,4165,4155,4165,4105,4165,True,True,False,True,0,10194,0,negative,,,0.022047119429033264,0.90000000000000002,E1_RF,20260922,True,nested,"[""PN12-1.2.edf"", ""PN12-3.edf""]"
PN12,PN12-4.edf,4170,4160,4170,4110,4170,True,True,False,True,0,10194,0,negative,,,0.038627449575334948,0.90000000000000002,E1_RF,20260922,True,nested,"[""PN12-1.2.edf"", ""PN12-3.edf""]"
PN12,PN12-4.edf,4175,4165,4175,4115,4175,True,True,False,True,0,10194,0,negative,,,0.0088003600899966648,0.90000000000000002,E1_RF,20260922,True,nested,"[""PN12-1.2.edf"", ""PN12-3.edf""]"
PN12,PN12-4.edf,4180,4170,4180,4120,4180,True,True,False,True,0,10194,0,negative,,,0.0003985507246376812,0.90000000000000002,E1_RF,20260922,True,nested,"[""PN12-1.2.edf"", ""PN12-3.edf""]"
PN12,PN12-4.edf,4185,4175,4185,4125,4185,True,True,False,True,0,10194,0,negative,,,0.021854377281038954,0.90000000000000002,E1_RF,20260922,True,nested,"[""PN12-1.2.edf"", ""PN12-3.edf""]"
PN12,PN12-4.edf,4190,4180,4190,4130,4190,True,True,False,True,0,10194,0,negative,,,0.0029629629629629628,0.90000000000000002,E1_RF,20260922,True,nested,"[""PN12-1.2.edf"", ""PN12-3.edf""]"
PN12,PN12-4.edf,4195,4185,4195,4135,4195,True,True,False,True,0,10194,0,negative,,,0.0061392914653784223,0.90000000000000002,E1_RF,20260922,True,nested,"[""PN12-1.2.edf"", ""PN12-3.edf""]"
PN12,PN12-4.edf,4200,4190,4200,4140,4200,True,True,False,True,0,10194,0,negative,,,0.0024358974358974356,0.90000000000000002,E1_RF,20260922,True,nested,"[""PN12-1.2.edf"", ""PN12-3.edf""]"
PN12,PN12-4.edf,4205,4195,4205,4145,4205,True,True,False,True,0,10194,0,negative,,,0.0033615136876006444,0.90000000000000002,E1_RF,20260922,True,nested,"[""PN12-1.2.edf"", ""PN12-3.edf""]"
PN12,PN12-4.edf,4210,4200,4210,4150,4210,True,True,False,True,0,10194,0,negative,,,0.0056613756613756614,0.90000000000000002,E1_RF,20260922,True,nested,"[""PN12-1.2.edf"", ""PN12-3.edf""]"
PN12,PN12-4.edf,4215,4205,4215,4155,4215,True,True,False,True,0,10194,0,negative,,,0.0026984126984126986,0.90000000000000002,E1_RF,20260922,True,nested,"[""PN12-1.2.edf"", ""PN12-3.edf""]"
PN12,PN12-4.edf,4220,4210,4220,4160,4220,True,True,False,True,0,10194,0,negative,,,0.008503623188405798,0.90000000000000002,E1_RF,20260922,True,nested,"[""PN12-1.2.edf"", ""PN12-3.edf""]"
PN12,PN12-4.edf,4225,4215,4225,4165,4225,True,True,False,True,0,10194,0,negative,,,0.014065247470463756,0.90000000000000002,E1_RF,20260922,True,nested,"[""PN12-1.2.edf"", ""PN12-3.edf""]"
PN12,PN12-4.edf,4230,4220,4230,4170,4230,True,True,False,True,0,10194,0,negative,,,0.01703906991483994,0.90000000000000002,E1_RF,20260922,True,nested,"[""PN12-1.2.edf"", ""PN12-3.edf""]"
PN12,PN12-4.edf,4235,4225,4235,4175,4235,True,True,False,True,0,10194,0,negative,,,0.015159972174147995,0.90000000000000002,E1_RF,20260922,True,nested,"[""PN12-1.2.edf"", ""PN12-3.edf""]"
PN12,PN12-4.edf,4240,4230,4240,4180,4240,True,True,False,True,0,10194,0,negative,,,0.025869421741285259,0.90000000000000002,E1_RF,20260922,True,nested,"[""PN12-1.2.edf"", ""PN12-3.edf""]"
PN12,PN12-4.edf,4245,4235,4245,4185,4245,True,True,False,True,0,10194,0,negative,,,0.052881924556843915,0.90000000000000002,E1_RF,20260922,True,nested,"[""PN12-1.2.edf"", ""PN12-3.edf""]"
PN12,PN12-4.edf,4250,4240,4250,4190,4250,True,True,False,True,0,10194,0,negative,,,0.024964356626535972,0.90000000000000002,E1_RF,20260922,True,nested,"[""PN12-1.2.edf"", ""PN12-3.edf""]"
PN12,PN12-4.edf,4255,4245,4255,4195,4255,True,True,False,True,0,10194,0,negative,,,0.022164356626535972,0.90000000000000002,E1_RF,20260922,True,nested,"[""PN12-1.2.edf"", ""PN12-3.edf""]"
PN12,PN12-4.edf,4260,4250,4260,4200,4260,True,True,False,True,0,10194,0,negative,,,0,0.90000000000000002,E1_RF,20260922,True,nested,"[""PN12-1.2.edf"", ""PN12-3.edf""]"
PN12,PN12-4.edf,4265,4255,4265,4205,4265,True,True,False,True,0,10194,0,negative,,,0,0.90000000000000002,E1_RF,20260922,True,nested,"[""PN12-1.2.edf"", ""PN12-3.edf""]"
PN12,PN12-4.edf,4270,4260,4270,4210,4270,True,True,False,True,0,10194,0,negative,,,0,0.90000000000000002,E1_RF,20260922,True,nested,"[""PN12-1.2.edf"", ""PN12-3.edf""]"
PN12,PN12-4.edf,4275,4265,4275,4215,4275,True,True,False,True,0,10194,0,negative,,,0.0053988603988603988,0.90000000000000002,E1_RF,20260922,True,nested,"[""PN12-1.2.edf"", ""PN12-3.edf""]"
PN12,PN12-4.edf,4280,4270,4280,4220,4280,True,True,False,True,0,10194,0,negative,,,0,0.90000000000000002,E1_RF,20260922,True,nested,"[""PN12-1.2.edf"", ""PN12-3.edf""]"
PN12,PN12-4.edf,4285,4275,4285,4225,4285,True,True,False,True,0,10194,0,negative,,,0.0053988603988603988,0.90000000000000002,E1_RF,20260922,True,nested,"[""PN12-1.2.edf"", ""PN12-3.edf""]"
PN12,PN12-4.edf,4290,4280,4290,4230,4290,True,True,False,True,0,10194,0,negative,,,0,0.90000000000000002,E1_RF,20260922,True,nested,"[""PN12-1.2.edf"", ""PN12-3.edf""]"
PN12,PN12-4.edf,4295,4285,4295,4235,4295,True,True,False,True,0,10194,0,negative,,,0.0083246913580246901,0.90000000000000002,E1_RF,20260922,True,nested,"[""PN12-1.2.edf"", ""PN12-3.edf""]"
PN12,PN12-4.edf,4300,4290,4300,4240,4300,True,True,False,True,0,10194,0,negative,,,0,0.90000000000000002,E1_RF,20260922,True,nested,"[""PN12-1.2.edf"", ""PN12-3.edf""]"
PN12,PN12-4.edf,4305,4295,4305,4245,4305,True,True,False,True,0,10194,0,negative,,,0.002839506172839506,0.90000000000000002,E1_RF,20260922,True,nested,"[""PN12-1.2.edf"", ""PN12-3.edf""]"
PN12,PN12-4.edf,4310,4300,4310,4250,4310,True,True,False,True,0,10194,0,negative,,,0,0.90000000000000002,E1_RF,20260922,True,nested,"[""PN12-1.2.edf"", ""PN12-3.edf""]"
PN12,PN12-4.edf,4315,4305,4315,4255,4315,True,True,False,True,0,10194,0,negative,,,0.047877075265577017,0.90000000000000002,E1_RF,20260922,True,nested,"[""PN12-1.2.edf"", ""PN12-3.edf""]"
PN12,PN12-4.edf,4320,4310,4320,4260,4320,True,True,False,True,0,10194,0,negative,,,0.071805510071699094,0.90000000000000002,E1_RF,20260922,True,nested,"[""PN12-1.2.edf"", ""PN12-3.edf""]"
PN12,PN12-4.edf,4325,4315,4325,4265,4325,True,True,False,True,0,10194,0,negative,,,0.013455797181504048,0.90000000000000002,E1_RF,20260922,True,nested,"[""PN12-1.2.edf"", ""PN12-3.edf""]"
PN12,PN12-4.edf,4330,4320,4330,4270,4330,True,True,False,True,0,10194,0,negative,,,0.048412319967435162,0.90000000000000002,E1_RF,20260922,True,nested,"[""PN12-1.2.edf"", ""PN12-3.edf""]"
PN12,PN12-4.edf,4335,4325,4335,4275,4335,True,True,False,True,0,10194,0,negative,,,0.02630349085737271,0.90000000000000002,E1_RF,20260922,True,nested,"[""PN12-1.2.edf"", ""PN12-3.edf""]"
PN12,PN12-4.edf,4340,4330,4340,4280,4340,True,True,False,True,0,10194,0,negative,,,0.050807753791495505,0.90000000000000002,E1_RF,20260922,True,nested,"[""PN12-1.2.edf"", ""PN12-3.edf""]"
PN12,PN12-4.edf,4345,4335,4345,4285,4345,True,True,False,True,0,10194,0,negative,,,0.077038310288531739,0.90000000000000002,E1_RF,20260922,True,nested,"[""PN12-1.2.edf"", ""PN12-3.edf""]"
PN12,PN12-4.edf,4350,4340,4350,4290,4350,True,True,False,True,0,10194,0,negative,,,0.062362535904367092,0.90000000000000002,E1_RF,20260922,True,nested,"[""PN12-1.2.edf"", ""PN12-3.edf""]"
PN12,PN12-4.edf,4355,4345,4355,4295,4355,True,True,False,True,0,10194,0,negative,,,0.032994758207004551,0.90000000000000002,E1_RF,20260922,True,nested,"[""PN12-1.2.edf"", ""PN12-3.edf""]"
PN12,PN12-4.edf,4360,4350,4360,4300,4360,True,True,False,True,0,10194,0,negative,,,0.044733427812169962,0.90000000000000002,E1_RF,20260922,True,nested,"[""PN12-1.2.edf"", ""PN12-3.edf""]"
PN12,PN12-4.edf,4365,4355,4365,4305,4365,True,True,False,True,0,10194,0,negative,,,0.097919815017563722,0.90000000000000002,E1_RF,20260922,True,nested,"[""PN12-1.2.edf"", ""PN12-3.edf""]"
PN12,PN12-4.edf,4370,4360,4370,4310,4370,True,True,False,True,0,10194,0,negative,,,0.14579401541569403,0.90000000000000002,E1_RF,20260922,True,nested,"[""PN12-1.2.edf"", ""PN12-3.edf""]"
PN12,PN12-4.edf,4375,4365,4375,4315,4375,True,True,False,True,0,10194,0,negative,,,0.087298713303601241,0.90000000000000002,E1_RF,20260922,True,nested,"[""PN12-1.2.edf"", ""PN12-3.edf""]"
PN12,PN12-4.edf,4380,4370,4380,4320,4380,True,True,False,True,0,10194,0,negative,,,0.074299755442140972,0.90000000000000002,E1_RF,20260922,True,nested,"[""PN12-1.2.edf"", ""PN12-3.edf""]"
PN12,PN12-4.edf,4385,4375,4385,4325,4385,True,True,False,True,0,10194,0,negative,,,0.0017444744951771521,0.90000000000000002,E1_RF,20260922,True,nested,"[""PN12-1.2.edf"", ""PN12-3.edf""]"
PN12,PN12-4.edf,4390,4380,4390,4330,4390,True,True,False,True,0,10194,0,negative,,,0.043703779171192669,0.90000000000000002,E1_RF,20260922,True,nested,"[""PN12-1.2.edf"", ""PN12-3.edf""]"
PN12,PN12-4.edf,4395,4385,4395,4335,4395,True,True,False,True,0,10194,0,negative,,,0.074003790434251163,0.90000000000000002,E1_RF,20260922,True,nested,"[""PN12-1.2.edf"", ""PN12-3.edf""]"
PN12,PN12-4.edf,4400,4390,4400,4340,4400,True,True,False,True,0,10194,0,negative,,,0.029446541385632685,0.90000000000000002,E1_RF,20260922,True,nested,"[""PN12-1.2.edf"", ""PN12-3.edf""]"
PN12,PN12-4.edf,4405,4395,4405,4345,4405,True,True,False,True,0,10194,0,negative,,,0.038947458397605272,0.90000000000000002,E1_RF,20260922,True,nested,"[""PN12-1.2.edf"", ""PN12-3.edf""]"
PN12,PN12-4.edf,4410,4400,4410,4350,4410,True,True,False,True,0,10194,0,negative,,,0.03103534636491909,0.90000000000000002,E1_RF,20260922,True,nested,"[""PN12-1.2.edf"", ""PN12-3.edf""]"
PN12,PN12-4.edf,4415,4405,4415,4355,4415,True,True,False,True,0,10194,0,negative,,,0.02739727241101492,0.90000000000000002,E1_RF,20260922,True,nested,"[""PN12-1.2.edf"", ""PN12-3.edf""]"
PN12,PN12-4.edf,4420,4410,4420,4360,4420,True,True,False,True,0,10194,0,negative,,,0.0065441394948784109,0.90000000000000002,E1_RF,20260922,True,nested,"[""PN12-1.2.edf"", ""PN12-3.edf""]"
PN12,PN12-4.edf,4425,4415,4425,4365,4425,True,True,False,True,0,10194,0,negative,,,0.007981222682309639,0.90000000000000002,E1_RF,20260922,True,nested,"[""PN12-1.2.edf"", ""PN12-3.edf""]"
PN12,PN12-4.edf,4430,4420,4430,4370,4430,True,True,False,True,0,10194,0,negative,,,0.0059276512537382101,0.90000000000000002,E1_RF,20260922,True,nested,"[""PN12-1.2.edf"", ""PN12-3.edf""]"
PN12,PN12-4.edf,4435,4425,4435,4375,4435,True,True,False,True,0,10194,0,negative,,,0.002525252525252525,0.90000000000000002,E1_RF,20260922,True,nested,"[""PN12-1.2.edf"", ""PN12-3.edf""]"
PN12,PN12-4.edf,4440,4430,4440,4380,4440,True,True,False,True,0,10194,0,negative,,,0.010821885621246235,0.90000000000000002,E1_RF,20260922,True,nested,"[""PN12-1.2.edf"", ""PN12-3.edf""]"
PN12,PN12-4.edf,4445,4435,4445,4385,4445,True,True,False,True,0,10194,0,negative,,,0.037849304818995733,0.90000000000000002,E1_RF,20260922,True,nested,"[""PN12-1.2.edf"", ""PN12-3.edf""]"
PN12,PN12-4.edf,4450,4440,4450,4390,4450,True,True,False,True,0,10194,0,negative,,,0.06062018244928763,0.90000000000000002,E1_RF,20260922,True,nested,"[""PN12-1.2.edf"", ""PN12-3.edf""]"
PN12,PN12-4.edf,4455,4445,4455,4395,4455,True,True,False,True,0,10194,0,negative,,,0.0056613756613756614,0.90000000000000002,E1_RF,20260922,True,nested,"[""PN12-1.2.edf"", ""PN12-3.edf""]"
PN12,PN12-4.edf,4460,4450,4460,4400,4460,True,True,False,True,0,10194,0,negative,,,0,0.90000000000000002,E1_RF,20260922,True,nested,"[""PN12-1.2.edf"", ""PN12-3.edf""]"
PN12,PN12-4.edf,4465,4455,4465,4405,4465,True,True,False,True,0,10194,0,negative,,,0.050196564882064837,0.90000000000000002,E1_RF,20260922,True,nested,"[""PN12-1.2.edf"", ""PN12-3.edf""]"
PN12,PN12-4.edf,4470,4460,4470,4410,4470,True,True,False,True,0,10194,0,negative,,,0.015681031395735835,0.90000000000000002,E1_RF,20260922,True,nested,"[""PN12-1.2.edf"", ""PN12-3.edf""]"
PN12,PN12-4.edf,4475,4465,4475,4415,4475,True,True,False,True,0,10194,0,negative,,,0.0052828231292517003,0.90000000000000002,E1_RF,20260922,True,nested,"[""PN12-1.2.edf"", ""PN12-3.edf""]"
PN12,PN12-4.edf,4480,4470,4480,4420,4480,True,True,False,True,0,10194,0,negative,,,0.01451510985796982,0.90000000000000002,E1_RF,20260922,True,nested,"[""PN12-1.2.edf"", ""PN12-3.edf""]"
PN12,PN12-4.edf,4485,4475,4485,4425,4485,True,True,False,True,0,10194,0,negative,,,0.024671699241998704,0.90000000000000002,E1_RF,20260922,True,nested,"[""PN12-1.2.edf"", ""PN12-3.edf""]"
PN12,PN12-4.edf,4490,4480,4490,4430,4490,True,True,False,True,0,10194,0,negative,,,0.035802103311862649,0.90000000000000002,E1_RF,20260922,True,nested,"[""PN12-1.2.edf"", ""PN12-3.edf""]"
PN12,PN12-4.edf,4495,4485,4495,4435,4495,True,True,False,True,0,10194,0,negative,,,0.014034345513855507,0.90000000000000002,E1_RF,20260922,True,nested,"[""PN12-1.2.edf"", ""PN12-3.edf""]"
PN12,PN12-4.edf,4500,4490,4500,4440,4500,True,True,False,True,0,10194,0,negative,,,0.03946417566802099,0.90000000000000002,E1_RF,20260922,True,nested,"[""PN12-1.2.edf"", ""PN12-3.edf""]"
PN12,PN12-4.edf,4505,4495,4505,4445,4505,True,True,False,True,0,10194,0,negative,,,0.013060185185185183,0.90000000000000002,E1_RF,20260922,True,nested,"[""PN12-1.2.edf"", ""PN12-3.edf""]"
PN12,PN12-4.edf,4510,4500,4510,4450,4510,True,True,False,True,0,10194,0,negative,,,0.0079530423280423281,0.90000000000000002,E1_RF,20260922,True,nested,"[""PN12-1.2.edf"", ""PN12-3.edf""]"
PN12,PN12-4.edf,4515,4505,4515,4455,4515,True,True,False,True,0,10194,0,negative,,,0.013060185185185183,0.90000000000000002,E1_RF,20260922,True,nested,"[""PN12-1.2.edf"", ""PN12-3.edf""]"
PN12,PN12-4.edf,4520,4510,4520,4460,4520,True,True,False,True,0,10194,0,negative,,,0.024442247624068526,0.90000000000000002,E1_RF,20260922,True,nested,"[""PN12-1.2.edf"", ""PN12-3.edf""]"
PN12,PN12-4.edf,4525,4515,4525,4465,4525,True,True,False,True,0,10194,0,negative,,,0.032102222797945008,0.90000000000000002,E1_RF,20260922,True,nested,"[""PN12-1.2.edf"", ""PN12-3.edf""]"
PN12,PN12-4.edf,4530,4520,4530,4470,4530,True,True,False,True,0,10194,0,negative,,,0.015603828097765823,0.90000000000000002,E1_RF,20260922,True,nested,"[""PN12-1.2.edf"", ""PN12-3.edf""]"
PN12,PN12-4.edf,4535,4525,4535,4475,4535,True,True,False,True,0,10194,0,negative,,,0.011431939037365084,0.90000000000000002,E1_RF,20260922,True,nested,"[""PN12-1.2.edf"", ""PN12-3.edf""]"
PN12,PN12-4.edf,4540,4530,4540,4480,4540,True,True,False,True,0,10194,0,negative,,,0.043189001260413078,0.90000000000000002,E1_RF,20260922,True,nested,"[""PN12-1.2.edf"", ""PN12-3.edf""]"
PN12,PN12-4.edf,4545,4535,4545,4485,4545,True,True,False,True,0,10194,0,negative,,,0.012659798534798535,0.90000000000000002,E1_RF,20260922,True,nested,"[""PN12-1.2.edf"", ""PN12-3.edf""]"
PN12,PN12-4.edf,4550,4540,4550,4490,4550,True,True,False,True,0,10194,0,negative,,,0.018362898355773555,0.90000000000000002,E1_RF,20260922,True,nested,"[""PN12-1.2.edf"", ""PN12-3.edf""]"
PN12,PN12-4.edf,4555,4545,4555,4495,4555,True,True,False,True,0,10194,0,negative,,,0.0087997547412468693,0.90000000000000002,E1_RF,20260922,True,nested,"[""PN12-1.2.edf"", ""PN12-3.edf""]"
PN12,PN12-4.edf,4560,4550,4560,4500,4560,True,True,False,True,0,10194,0,negative,,,0.013111478929875155,0.90000000000000002,E1_RF,20260922,True,nested,"[""PN12-1.2.edf"", ""PN12-3.edf""]"
PN12,PN12-4.edf,4565,4555,4565,4505,4565,True,True,False,True,0,10194,0,negative,,,0.010532309298016169,0.90000000000000002,E1_RF,20260922,True,nested,"[""PN12-1.2.edf"", ""PN12-3.edf""]"
PN12,PN12-4.edf,4570,4560,4570,4510,4570,True,True,False,True,0,10194,0,negative,,,0.0085304687905152846,0.90000000000000002,E1_RF,20260922,True,nested,"[""PN12-1.2.edf"", ""PN12-3.edf""]"
PN12,PN12-4.edf,4575,4565,4575,4515,4575,True,True,False,True,0,10194,0,negative,,,0.0016964285714285714,0.90000000000000002,E1_RF,20260922,True,nested,"[""PN12-1.2.edf"", ""PN12-3.edf""]"
PN12,PN12-4.edf,4580,4570,4580,4520,4580,True,True,False,True,0,10194,0,negative,,,0.026479079622119428,0.90000000000000002,E1_RF,20260922,True,nested,"[""PN12-1.2.edf"", ""PN12-3.edf""]"
PN12,PN12-4.edf,4585,4575,4585,4525,4585,True,True,False,True,0,10194,0,negative,,,0.052834406263036239,0.90000000000000002,E1_RF,20260922,True,nested,"[""PN12-1.2.edf"", ""PN12-3.edf""]"
PN12,PN12-4.edf,4590,4580,4590,4530,4590,True,True,False,True,0,10194,0,negative,,,0.040962916297861418,0.90000000000000002,E1_RF,20260922,True,nested,"[""PN12-1.2.edf"", ""PN12-3.edf""]"
PN12,PN12-4.edf,4595,4585,4595,4535,4595,True,True,False,True,0,10194,0,negative,,,0.046883860110394013,0.90000000000000002,E1_RF,20260922,True,nested,"[""PN12-1.2.edf"", ""PN12-3.edf""]"
PN12,PN12-4.edf,4600,4590,4600,4540,4600,True,True,False,True,0,10194,0,negative,,,0.0052314814814814811,0.90000000000000002,E1_RF,20260922,True,nested,"[""PN12-1.2.edf"", ""PN12-3.edf""]"
PN12,PN12-4.edf,4605,4595,4605,4545,4605,True,True,False,True,0,10194,0,negative,,,0.023966923719555295,0.90000000000000002,E1_RF,20260922,True,nested,"[""PN12-1.2.edf"", ""PN12-3.edf""]"
PN12,PN12-4.edf,4610,4600,4610,4550,4610,True,True,False,True,0,10194,0,negative,,,0.02916208413277353,0.90000000000000002,E1_RF,20260922,True,nested,"[""PN12-1.2.edf"", ""PN12-3.edf""]"
PN12,PN12-4.edf,4615,4605,4615,4555,4615,True,True,False,True,0,10194,0,negative,,,0.029961817851714728,0.90000000000000002,E1_RF,20260922,True,nested,"[""PN12-1.2.edf"", ""PN12-3.edf""]"
PN12,PN12-4.edf,4620,4610,4620,4560,4620,True,True,False,True,0,10194,0,negative,,,0.07782550918815781,0.90000000000000002,E1_RF,20260922,True,nested,"[""PN12-1.2.edf"", ""PN12-3.edf""]"
PN12,PN12-4.edf,4625,4615,4625,4565,4625,True,True,False,True,0,10194,0,negative,,,0.15965774559438425,0.90000000000000002,E1_RF,20260922,True,nested,"[""PN12-1.2.edf"", ""PN12-3.edf""]"
PN12,PN12-4.edf,4630,4620,4630,4570,4630,True,True,False,True,0,10194,0,negative,,,0.050922578617491221,0.90000000000000002,E1_RF,20260922,True,nested,"[""PN12-1.2.edf"", ""PN12-3.edf""]"
PN12,PN12-4.edf,4635,4625,4635,4575,4635,True,True,False,True,0,10194,0,negative,,,0.087156104233034631,0.90000000000000002,E1_RF,20260922,True,nested,"[""PN12-1.2.edf"", ""PN12-3.edf""]"
PN12,PN12-4.edf,4640,4630,4640,4580,4640,True,True,False,True,0,10194,0,negative,,,0.16985695125941652,0.90000000000000002,E1_RF,20260922,True,nested,"[""PN12-1.2.edf"", ""PN12-3.edf""]"
PN12,PN12-4.edf,4645,4635,4645,4585,4645,True,True,False,True,0,10194,0,negative,,,0.15918798538616974,0.90000000000000002,E1_RF,20260922,True,nested,"[""PN12-1.2.edf"", ""PN12-3.edf""]"
PN12,PN12-4.edf,4650,4640,4650,4590,4650,True,True,False,True,0,10194,0,negative,,,0.080065089042768142,0.90000000000000002,E1_RF,20260922,True,nested,"[""PN12-1.2.edf"", ""PN12-3.edf""]"
PN12,PN12-4.edf,4655,4645,4655,4595,4655,True,True,False,True,0,10194,0,negative,,,0.067419782864112363,0.90000000000000002,E1_RF,20260922,True,nested,"[""PN12-1.2.edf"", ""PN12-3.edf""]"
PN12,PN12-4.edf,4660,4650,4660,4600,4660,True,True,False,True,0,10194,0,negative,,,0.032502629443146427,0.90000000000000002,E1_RF,20260922,True,nested,"[""PN12-1.2.edf"", ""PN12-3.edf""]"
PN12,PN12-4.edf,4665,4655,4665,4605,4665,True,True,False,True,0,10194,0,negative,,,0.10464260441927638,0.90000000000000002,E1_RF,20260922,True,nested,"[""PN12-1.2.edf"", ""PN12-3.edf""]"
PN12,PN12-4.edf,4670,4660,4670,4610,4670,True,True,False,True,0,10194,0,negative,,,0.044992437782209654,0.90000000000000002,E1_RF,20260922,True,nested,"[""PN12-1.2.edf"", ""PN12-3.edf""]"
PN12,PN12-4.edf,4675,4665,4675,4615,4675,True,True,False,True,0,10194,0,negative,,,0.011799032482548703,0.90000000000000002,E1_RF,20260922,True,nested,"[""PN12-1.2.edf"", ""PN12-3.edf""]"
PN12,PN12-4.edf,4680,4670,4680,4620,4680,True,True,False,True,0,10194,0,negative,,,0.03094782246984807,0.90000000000000002,E1_RF,20260922,True,nested,"[""PN12-1.2.edf"", ""PN12-3.edf""]"
PN12,PN12-4.edf,4685,4675,4685,4625,4685,True,True,False,True,0,10194,0,negative,,,0.047316856020208006,0.90000000000000002,E1_RF,20260922,True,nested,"[""PN12-1.2.edf"", ""PN12-3.edf""]"
PN12,PN12-4.edf,4690,4680,4690,4630,4690,True,True,False,True,0,10194,0,negative,,,0.07036510773347672,0.90000000000000002,E1_RF,20260922,True,nested,"[""PN12-1.2.edf"", ""PN12-3.edf""]"
PN12,PN12-4.edf,4695,4685,4695,4635,4695,True,True,False,True,0,10194,0,negative,,,0.022899973453167653,0.90000000000000002,E1_RF,20260922,True,nested,"[""PN12-1.2.edf"", ""PN12-3.edf""]"
PN12,PN12-4.edf,4700,4690,4700,4640,4700,True,True,False,True,0,10194,0,negative,,,0.081958065089204321,0.90000000000000002,E1_RF,20260922,True,nested,"[""PN12-1.2.edf"", ""PN12-3.edf""]"
PN12,PN12-4.edf,4705,4695,4705,4645,4705,True,True,False,True,0,10194,0,negative,,,0.068784846919334605,0.90000000000000002,E1_RF,20260922,True,nested,"[""PN12-1.2.edf"", ""PN12-3.edf""]"
PN12,PN12-4.edf,4710,4700,4710,4650,4710,True,True,False,True,0,10194,0,negative,,,0.020534526290783457,0.90000000000000002,E1_RF,20260922,True,nested,"[""PN12-1.2.edf"", ""PN12-3.edf""]"
PN12,PN12-4.edf,4715,4705,4715,4655,4715,True,True,False,True,0,10194,0,negative,,,0.033025032945332412,0.90000000000000002,E1_RF,20260922,True,nested,"[""PN12-1.2.edf"", ""PN12-3.edf""]"
PN12,PN12-4.edf,4720,4710,4720,4660,4720,True,True,False,True,0,10194,0,negative,,,0.028235783315873432,0.90000000000000002,E1_RF,20260922,True,nested,"[""PN12-1.2.edf"", ""PN12-3.edf""]"
PN12,PN12-4.edf,4725,4715,4725,4665,4725,True,True,False,True,0,10194,0,negative,,,0.073326708412136177,0.90000000000000002,E1_RF,20260922,True,nested,"[""PN12-1.2.edf"", ""PN12-3.edf""]"
PN12,PN12-4.edf,4730,4720,4730,4670,4730,True,True,False,True,0,10194,0,negative,,,0.045967331330437212,0.90000000000000002,E1_RF,20260922,True,nested,"[""PN12-1.2.edf"", ""PN12-3.edf""]"
PN12,PN12-4.edf,4735,4725,4735,4675,4735,True,True,False,True,0,10194,0,negative,,,0.021653111014928041,0.90000000000000002,E1_RF,20260922,True,nested,"[""PN12-1.2.edf"", ""PN12-3.edf""]"
PN12,PN12-4.edf,4740,4730,4740,4680,4740,True,True,False,True,0,10194,0,negative,,,0.08258399149825546,0.90000000000000002,E1_RF,20260922,True,nested,"[""PN12-1.2.edf"", ""PN12-3.edf""]"
PN12,PN12-4.edf,4745,4735,4745,4685,4745,True,True,False,True,0,10194,0,negative,,,0.001094147582697201,0.90000000000000002,E1_RF,20260922,True,nested,"[""PN12-1.2.edf"", ""PN12-3.edf""]"
PN12,PN12-4.edf,4750,4740,4750,4690,4750,True,True,False,True,0,10194,0,negative,,,0,0.90000000000000002,E1_RF,20260922,True,nested,"[""PN12-1.2.edf"", ""PN12-3.edf""]"
PN12,PN12-4.edf,4755,4745,4755,4695,4755,True,True,False,True,0,10194,0,negative,,,0,0.90000000000000002,E1_RF,20260922,True,nested,"[""PN12-1.2.edf"", ""PN12-3.edf""]"
PN12,PN12-4.edf,4760,4750,4760,4700,4760,True,True,False,True,0,10194,0,negative,,,0.0032991452991452991,0.90000000000000002,E1_RF,20260922,True,nested,"[""PN12-1.2.edf"", ""PN12-3.edf""]"
PN12,PN12-4.edf,4765,4755,4765,4705,4765,True,True,False,True,0,10194,0,negative,,,0.091848948692890175,0.90000000000000002,E1_RF,20260922,True,nested,"[""PN12-1.2.edf"", ""PN12-3.edf""]"
PN12,PN12-4.edf,4770,4760,4770,4710,4770,True,True,False,True,0,10194,0,negative,,,0.043682141615017066,0.90000000000000002,E1_RF,20260922,True,nested,"[""PN12-1.2.edf"", ""PN12-3.edf""]"
PN12,PN12-4.edf,4775,4765,4775,4715,4775,True,True,False,True,0,10194,0,negative,,,0.096972119538308782,0.90000000000000002,E1_RF,20260922,True,nested,"[""PN12-1.2.edf"", ""PN12-3.edf""]"
PN12,PN12-4.edf,4780,4770,4780,4720,4780,True,True,False,True,0,10194,0,negative,,,0.070480357750084238,0.90000000000000002,E1_RF,20260922,True,nested,"[""PN12-1.2.edf"", ""PN12-3.edf""]"
PN12,PN12-4.edf,4785,4775,4785,4725,4785,True,True,False,True,0,10194,0,negative,,,0.086684143450571682,0.90000000000000002,E1_RF,20260922,True,nested,"[""PN12-1.2.edf"", ""PN12-3.edf""]"
PN12,PN12-4.edf,4790,4780,4790,4730,4790,True,True,False,True,0,10194,0,negative,,,0.0075217171717171724,0.90000000000000002,E1_RF,20260922,True,nested,"[""PN12-1.2.edf"", ""PN12-3.edf""]"
PN12,PN12-4.edf,4795,4785,4795,4735,4795,True,True,False,True,0,10194,0,negative,,,0,0.90000000000000002,E1_RF,20260922,True,nested,"[""PN12-1.2.edf"", ""PN12-3.edf""]"
PN12,PN12-4.edf,4800,4790,4800,4740,4800,True,True,False,True,0,10194,0,negative,,,0.035215825335363167,0.90000000000000002,E1_RF,20260922,True,nested,"[""PN12-1.2.edf"", ""PN12-3.edf""]"
PN12,PN12-4.edf,4805,4795,4805,4745,4805,True,True,False,True,0,10194,0,negative,,,0.06282985017716243,0.90000000000000002,E1_RF,20260922,True,nested,"[""PN12-1.2.edf"", ""PN12-3.edf""]"
PN12,PN12-4.edf,4810,4800,4810,4750,4810,True,True,False,True,0,10194,0,negative,,,0.014135299792834453,0.90000000000000002,E1_RF,20260922,True,nested,"[""PN12-1.2.edf"", ""PN12-3.edf""]"
PN12,PN12-4.edf,4815,4805,4815,4755,4815,True,True,False,True,0,10194,0,negative,,,0,0.90000000000000002,E1_RF,20260922,True,nested,"[""PN12-1.2.edf"", ""PN12-3.edf""]"
PN12,PN12-4.edf,4820,4810,4820,4760,4820,True,True,False,True,0,10194,0,negative,,,0.024879322415327153,0.90000000000000002,E1_RF,20260922,True,nested,"[""PN12-1.2.edf"", ""PN12-3.edf""]"
PN12,PN12-4.edf,4825,4815,4825,4765,4825,True,True,False,True,0,10194,0,negative,,,0.058522221514426258,0.90000000000000002,E1_RF,20260922,True,nested,"[""PN12-1.2.edf"", ""PN12-3.edf""]"
PN12,PN12-4.edf,4830,4820,4830,4770,4830,True,True,False,True,0,10194,0,negative,,,0.070159055129961928,0.90000000000000002,E1_RF,20260922,True,nested,"[""PN12-1.2.edf"", ""PN12-3.edf""]"
PN12,PN12-4.edf,4835,4825,4835,4775,4835,True,True,False,True,0,10194,0,negative,,,0.039196851894108875,0.90000000000000002,E1_RF,20260922,True,nested,"[""PN12-1.2.edf"", ""PN12-3.edf""]"
PN12,PN12-4.edf,4840,4830,4840,4780,4840,True,True,False,True,0,10194,0,negative,,,0.088498982065644091,0.90000000000000002,E1_RF,20260922,True,nested,"[""PN12-1.2.edf"", ""PN12-3.edf""]"
PN12,PN12-4.edf,4845,4835,4845,4785,4845,True,True,False,True,0,10194,0,negative,,,0.087290123510057882,0.90000000000000002,E1_RF,20260922,True,nested,"[""PN12-1.2.edf"", ""PN12-3.edf""]"
PN12,PN12-4.edf,4850,4840,4850,4790,4850,True,True,False,True,0,10194,0,negative,,,0.0080521739130434786,0.90000000000000002,E1_RF,20260922,True,nested,"[""PN12-1.2.edf"", ""PN12-3.edf""]"
PN12,PN12-4.edf,4855,4845,4855,4795,4855,True,True,False,True,0,10194,0,negative,,,0,0.90000000000000002,E1_RF,20260922,True,nested,"[""PN12-1.2.edf"", ""PN12-3.edf""]"
PN12,PN12-4.edf,4860,4850,4860,4800,4860,True,True,False,True,0,10194,0,negative,,,0,0.90000000000000002,E1_RF,20260922,True,nested,"[""PN12-1.2.edf"", ""PN12-3.edf""]"
PN12,PN12-4.edf,4865,4855,4865,4805,4865,True,True,False,True,0,10194,0,negative,,,0,0.90000000000000002,E1_RF,20260922,True,nested,"[""PN12-1.2.edf"", ""PN12-3.edf""]"
PN12,PN12-4.edf,4870,4860,4870,4810,4870,True,True,False,True,0,10194,0,negative,,,0.046534194325532748,0.90000000000000002,E1_RF,20260922,True,nested,"[""PN12-1.2.edf"", ""PN12-3.edf""]"
PN12,PN12-4.edf,4875,4865,4875,4815,4875,True,True,False,True,0,10194,0,negative,,,0.057843367553415417,0.90000000000000002,E1_RF,20260922,True,nested,"[""PN12-1.2.edf"", ""PN12-3.edf""]"
PN12,PN12-4.edf,4880,4870,4880,4820,4880,True,True,False,True,0,10194,0,negative,,,0.08205387500202517,0.90000000000000002,E1_RF,20260922,True,nested,"[""PN12-1.2.edf"", ""PN12-3.edf""]"
PN12,PN12-4.edf,4885,4875,4885,4825,4885,True,True,False,True,0,10194,0,negative,,,0.07628323058750322,0.90000000000000002,E1_RF,20260922,True,nested,"[""PN12-1.2.edf"", ""PN12-3.edf""]"
PN12,PN12-4.edf,4890,4880,4890,4830,4890,True,True,False,True,0,10194,0,negative,,,0.094451626423502646,0.90000000000000002,E1_RF,20260922,True,nested,"[""PN12-1.2.edf"", ""PN12-3.edf""]"
PN12,PN12-4.edf,4895,4885,4895,4835,4895,True,True,False,True,0,10194,0,negative,,,0.027297778053812862,0.90000000000000002,E1_RF,20260922,True,nested,"[""PN12-1.2.edf"", ""PN12-3.edf""]"
PN12,PN12-4.edf,4900,4890,4900,4840,4900,True,True,False,True,0,10194,0,negative,,,0.019696319656688829,0.90000000000000002,E1_RF,20260922,True,nested,"[""PN12-1.2.edf"", ""PN12-3.edf""]"
PN12,PN12-4.edf,4905,4895,4905,4845,4905,True,True,False,True,0,10194,0,negative,,,0.0081738959511733576,0.90000000000000002,E1_RF,20260922,True,nested,"[""PN12-1.2.edf"", ""PN12-3.edf""]"
PN12,PN12-4.edf,4910,4900,4910,4850,4910,True,True,False,True,0,10194,0,negative,,,0.01076648854376595,0.90000000000000002,E1_RF,20260922,True,nested,"[""PN12-1.2.edf"", ""PN12-3.edf""]"
PN12,PN12-4.edf,4915,4905,4915,4855,4915,True,True,False,True,0,10194,0,negative,,,0.025884538218967541,0.90000000000000002,E1_RF,20260922,True,nested,"[""PN12-1.2.edf"", ""PN12-3.edf""]"
PN12,PN12-4.edf,4920,4910,4920,4860,4920,True,True,False,True,0,10194,0,negative,,,0.13031858464740631,0.90000000000000002,E1_RF,20260922,True,nested,"[""PN12-1.2.edf"", ""PN12-3.edf""]"
PN12,PN12-4.edf,4925,4915,4925,4865,4925,True,True,False,True,0,10194,0,negative,,,0.083731496836014871,0.90000000000000002,E1_RF,20260922,True,nested,"[""PN12-1.2.edf"", ""PN12-3.edf""]"
PN12,PN12-4.edf,4930,4920,4930,4870,4930,True,True,False,True,0,10194,0,negative,,,0.041361611252888758,0.90000000000000002,E1_RF,20260922,True,nested,"[""PN12-1.2.edf"", ""PN12-3.edf""]"
PN12,PN12-4.edf,4935,4925,4935,4875,4935,True,True,False,True,0,10194,0,negative,,,0.020697559207509014,0.90000000000000002,E1_RF,20260922,True,nested,"[""PN12-1.2.edf"", ""PN12-3.edf""]"
PN12,PN12-4.edf,4940,4930,4940,4880,4940,True,True,False,True,0,10194,0,negative,,,0.037235475435942265,0.90000000000000002,E1_RF,20260922,True,nested,"[""PN12-1.2.edf"", ""PN12-3.edf""]"
PN12,PN12-4.edf,4945,4935,4945,4885,4945,True,True,False,True,0,10194,0,negative,,,0.0024358974358974356,0.90000000000000002,E1_RF,20260922,True,nested,"[""PN12-1.2.edf"", ""PN12-3.edf""]"
PN12,PN12-4.edf,4950,4940,4950,4890,4950,True,True,False,True,0,10194,0,negative,,,0,0.90000000000000002,E1_RF,20260922,True,nested,"[""PN12-1.2.edf"", ""PN12-3.edf""]"
PN12,PN12-4.edf,4955,4945,4955,4895,4955,True,True,False,True,0,10194,0,negative,,,0,0.90000000000000002,E1_RF,20260922,True,nested,"[""PN12-1.2.edf"", ""PN12-3.edf""]"
PN12,PN12-4.edf,4960,4950,4960,4900,4960,True,True,False,True,0,10194,0,negative,,,0.0024358974358974356,0.90000000000000002,E1_RF,20260922,True,nested,"[""PN12-1.2.edf"", ""PN12-3.edf""]"
PN12,PN12-4.edf,4965,4955,4965,4905,4965,True,True,False,True,0,10194,0,negative,,,0,0.90000000000000002,E1_RF,20260922,True,nested,"[""PN12-1.2.edf"", ""PN12-3.edf""]"
PN12,PN12-4.edf,4970,4960,4970,4910,4970,True,True,False,True,0,10194,0,negative,,,0,0.90000000000000002,E1_RF,20260922,True,nested,"[""PN12-1.2.edf"", ""PN12-3.edf""]"
PN12,PN12-4.edf,4975,4965,4975,4915,4975,True,True,False,True,0,10194,0,negative,,,0.0024358974358974356,0.90000000000000002,E1_RF,20260922,True,nested,"[""PN12-1.2.edf"", ""PN12-3.edf""]"
PN12,PN12-4.edf,4980,4970,4980,4920,4980,True,True,False,True,0,10194,0,negative,,,0,0.90000000000000002,E1_RF,20260922,True,nested,"[""PN12-1.2.edf"", ""PN12-3.edf""]"
PN12,PN12-4.edf,4985,4975,4985,4925,4985,True,True,False,True,0,10194,0,negative,,,0,0.90000000000000002,E1_RF,20260922,True,nested,"[""PN12-1.2.edf"", ""PN12-3.edf""]"
PN12,PN12-4.edf,4990,4980,4990,4930,4990,True,True,False,True,0,10194,0,negative,,,0,0.90000000000000002,E1_RF,20260922,True,nested,"[""PN12-1.2.edf"", ""PN12-3.edf""]"
PN12,PN12-4.edf,4995,4985,4995,4935,4995,True,True,False,True,0,10194,0,negative,,,0,0.90000000000000002,E1_RF,20260922,True,nested,"[""PN12-1.2.edf"", ""PN12-3.edf""]"
PN12,PN12-4.edf,5000,4990,5000,4940,5000,True,True,False,True,0,10194,0,negative,,,0,0.90000000000000002,E1_RF,20260922,True,nested,"[""PN12-1.2.edf"", ""PN12-3.edf""]"
PN12,PN12-4.edf,5005,4995,5005,4945,5005,True,True,False,True,0,10194,0,negative,,,0,0.90000000000000002,E1_RF,20260922,True,nested,"[""PN12-1.2.edf"", ""PN12-3.edf""]"
PN12,PN12-4.edf,5010,5000,5010,4950,5010,True,True,False,True,0,10194,0,negative,,,0.0024358974358974356,0.90000000000000002,E1_RF,20260922,True,nested,"[""PN12-1.2.edf"", ""PN12-3.edf""]"
PN12,PN12-4.edf,5015,5005,5015,4955,5015,True,True,False,True,0,10194,0,negative,,,0,0.90000000000000002,E1_RF,20260922,True,nested,"[""PN12-1.2.edf"", ""PN12-3.edf""]"
PN12,PN12-4.edf,5020,5010,5020,4960,5020,True,True,False,True,0,10194,0,negative,,,0,0.90000000000000002,E1_RF,20260922,True,nested,"[""PN12-1.2.edf"", ""PN12-3.edf""]"
PN12,PN12-4.edf,5025,5015,5025,4965,5025,True,True,False,True,0,10194,0,negative,,,0,0.90000000000000002,E1_RF,20260922,True,nested,"[""PN12-1.2.edf"", ""PN12-3.edf""]"
PN12,PN12-4.edf,5030,5020,5030,4970,5030,True,True,False,True,0,10194,0,negative,,,0.0024358974358974356,0.90000000000000002,E1_RF,20260922,True,nested,"[""PN12-1.2.edf"", ""PN12-3.edf""]"
PN12,PN12-4.edf,5035,5025,5035,4975,5035,True,True,False,True,0,10194,0,negative,,,0.0024358974358974356,0.90000000000000002,E1_RF,20260922,True,nested,"[""PN12-1.2.edf"", ""PN12-3.edf""]"
PN12,PN12-4.edf,5040,5030,5040,4980,5040,True,True,False,True,0,10194,0,negative,,,0.0024358974358974356,0.90000000000000002,E1_RF,20260922,True,nested,"[""PN12-1.2.edf"", ""PN12-3.edf""]"
PN12,PN12-4.edf,5045,5035,5045,4985,5045,True,True,False,True,0,10194,0,negative,,,0.032243585721633612,0.90000000000000002,E1_RF,20260922,True,nested,"[""PN12-1.2.edf"", ""PN12-3.edf""]"
PN12,PN12-4.edf,5050,5040,5050,4990,5050,True,True,False,True,0,10194,0,negative,,,0,0.90000000000000002,E1_RF,20260922,True,nested,"[""PN12-1.2.edf"", ""PN12-3.edf""]"
PN12,PN12-4.edf,5055,5045,5055,4995,5055,True,True,False,True,0,10194,0,negative,,,0,0.90000000000000002,E1_RF,20260922,True,nested,"[""PN12-1.2.edf"", ""PN12-3.edf""]"
PN12,PN12-4.edf,5060,5050,5060,5000,5060,True,True,False,True,0,10194,0,negative,,,0.0024358974358974356,0.90000000000000002,E1_RF,20260922,True,nested,"[""PN12-1.2.edf"", ""PN12-3.edf""]"
PN12,PN12-4.edf,5065,5055,5065,5005,5065,True,True,False,True,0,10194,0,negative,,,0.0024358974358974356,0.90000000000000002,E1_RF,20260922,True,nested,"[""PN12-1.2.edf"", ""PN12-3.edf""]"
PN12,PN12-4.edf,5070,5060,5070,5010,5070,True,True,False,True,0,10194,0,negative,,,0,0.90000000000000002,E1_RF,20260922,True,nested,"[""PN12-1.2.edf"", ""PN12-3.edf""]"
PN12,PN12-4.edf,5075,5065,5075,5015,5075,True,True,False,True,0,10194,0,negative,,,0.0024358974358974356,0.90000000000000002,E1_RF,20260922,True,nested,"[""PN12-1.2.edf"", ""PN12-3.edf""]"
PN12,PN12-4.edf,5080,5070,5080,5020,5080,True,True,False,True,0,10194,0,negative,,,0.0024358974358974356,0.90000000000000002,E1_RF,20260922,True,nested,"[""PN12-1.2.edf"", ""PN12-3.edf""]"
PN12,PN12-4.edf,5085,5075,5085,5025,5085,True,True,False,True,0,10194,0,negative,,,0.0056746681214766325,0.90000000000000002,E1_RF,20260922,True,nested,"[""PN12-1.2.edf"", ""PN12-3.edf""]"
PN12,PN12-4.edf,5090,5080,5090,5030,5090,True,True,False,True,0,10194,0,negative,,,0,0.90000000000000002,E1_RF,20260922,True,nested,"[""PN12-1.2.edf"", ""PN12-3.edf""]"
PN12,PN12-4.edf,5095,5085,5095,5035,5095,True,True,False,True,0,10194,0,negative,,,0.0051343101343101338,0.90000000000000002,E1_RF,20260922,True,nested,"[""PN12-1.2.edf"", ""PN12-3.edf""]"
PN12,PN12-4.edf,5100,5090,5100,5040,5100,True,True,False,True,0,10194,0,negative,,,0,0.90000000000000002,E1_RF,20260922,True,nested,"[""PN12-1.2.edf"", ""PN12-3.edf""]"
PN12,PN12-4.edf,5105,5095,5105,5045,5105,True,True,False,True,0,10194,0,negative,,,0,0.90000000000000002,E1_RF,20260922,True,nested,"[""PN12-1.2.edf"", ""PN12-3.edf""]"
PN12,PN12-4.edf,5110,5100,5110,5050,5110,True,True,False,True,0,10194,0,negative,,,0.0024358974358974356,0.90000000000000002,E1_RF,20260922,True,nested,"[""PN12-1.2.edf"", ""PN12-3.edf""]"
PN12,PN12-4.edf,5115,5105,5115,5055,5115,True,True,False,True,0,10194,0,negative,,,0,0.90000000000000002,E1_RF,20260922,True,nested,"[""PN12-1.2.edf"", ""PN12-3.edf""]"
PN12,PN12-4.edf,5120,5110,5120,5060,5120,True,True,False,True,0,10194,0,negative,,,0,0.90000000000000002,E1_RF,20260922,True,nested,"[""PN12-1.2.edf"", ""PN12-3.edf""]"
PN12,PN12-4.edf,5125,5115,5125,5065,5125,True,True,False,True,0,10194,0,negative,,,0.0024358974358974356,0.90000000000000002,E1_RF,20260922,True,nested,"[""PN12-1.2.edf"", ""PN12-3.edf""]"
PN12,PN12-4.edf,5130,5120,5130,5070,5130,True,True,False,True,0,10194,0,negative,,,0.028892763026481721,0.90000000000000002,E1_RF,20260922,True,nested,"[""PN12-1.2.edf"", ""PN12-3.edf""]"
PN12,PN12-4.edf,5135,5125,5135,5075,5135,True,True,False,True,0,10194,0,negative,,,0.0053238866396761132,0.90000000000000002,E1_RF,20260922,True,nested,"[""PN12-1.2.edf"", ""PN12-3.edf""]"
PN12,PN12-4.edf,5140,5130,5140,5080,5140,True,True,False,True,0,10194,0,negative,,,0.038474165826513154,0.90000000000000002,E1_RF,20260922,True,nested,"[""PN12-1.2.edf"", ""PN12-3.edf""]"
PN12,PN12-4.edf,5145,5135,5145,5085,5145,True,True,False,True,0,10194,0,negative,,,0.04758726559073545,0.90000000000000002,E1_RF,20260922,True,nested,"[""PN12-1.2.edf"", ""PN12-3.edf""]"
PN12,PN12-4.edf,5150,5140,5150,5090,5150,True,True,False,True,0,10194,0,negative,,,0.033873192667288228,0.90000000000000002,E1_RF,20260922,True,nested,"[""PN12-1.2.edf"", ""PN12-3.edf""]"
PN12,PN12-4.edf,5155,5145,5155,5095,5155,True,True,False,True,0,10194,0,negative,,,0.024460395275057775,0.90000000000000002,E1_RF,20260922,True,nested,"[""PN12-1.2.edf"", ""PN12-3.edf""]"
PN12,PN12-4.edf,5160,5150,5160,5100,5160,True,True,False,True,0,10194,0,negative,,,0.055742216867902372,0.90000000000000002,E1_RF,20260922,True,nested,"[""PN12-1.2.edf"", ""PN12-3.edf""]"
PN12,PN12-4.edf,5165,5155,5165,5105,5165,True,True,False,True,0,10194,0,negative,,,0.0059176255991941779,0.90000000000000002,E1_RF,20260922,True,nested,"[""PN12-1.2.edf"", ""PN12-3.edf""]"
PN12,PN12-4.edf,5170,5160,5170,5110,5170,True,True,False,True,0,10194,0,negative,,,0.043847531030996513,0.90000000000000002,E1_RF,20260922,True,nested,"[""PN12-1.2.edf"", ""PN12-3.edf""]"
PN12,PN12-4.edf,5175,5165,5175,5115,5175,True,True,False,True,0,10194,0,negative,,,0.0086731850524953968,0.90000000000000002,E1_RF,20260922,True,nested,"[""PN12-1.2.edf"", ""PN12-3.edf""]"
PN12,PN12-4.edf,5180,5170,5180,5120,5180,True,True,False,True,0,10194,0,negative,,,0.0090832068092937656,0.90000000000000002,E1_RF,20260922,True,nested,"[""PN12-1.2.edf"", ""PN12-3.edf""]"
PN12,PN12-4.edf,5185,5175,5185,5125,5185,True,True,False,True,0,10194,0,negative,,,0.041526666414262593,0.90000000000000002,E1_RF,20260922,True,nested,"[""PN12-1.2.edf"", ""PN12-3.edf""]"
PN12,PN12-4.edf,5190,5180,5190,5130,5190,True,True,False,True,0,10194,0,negative,,,0.0028344481605351167,0.90000000000000002,E1_RF,20260922,True,nested,"[""PN12-1.2.edf"", ""PN12-3.edf""]"
PN12,PN12-4.edf,5195,5185,5195,5135,5195,True,True,False,True,0,10194,0,negative,,,0,0.90000000000000002,E1_RF,20260922,True,nested,"[""PN12-1.2.edf"", ""PN12-3.edf""]"
PN12,PN12-4.edf,5200,5190,5200,5140,5200,True,True,False,True,0,10194,0,negative,,,0,0.90000000000000002,E1_RF,20260922,True,nested,"[""PN12-1.2.edf"", ""PN12-3.edf""]"
PN12,PN12-4.edf,5205,5195,5205,5145,5205,True,True,False,True,0,10194,0,negative,,,0,0.90000000000000002,E1_RF,20260922,True,nested,"[""PN12-1.2.edf"", ""PN12-3.edf""]"
PN12,PN12-4.edf,5210,5200,5210,5150,5210,True,True,False,True,0,10194,0,negative,,,0.0026984126984126986,0.90000000000000002,E1_RF,20260922,True,nested,"[""PN12-1.2.edf"", ""PN12-3.edf""]"
PN12,PN12-4.edf,5215,5205,5215,5155,5215,True,True,False,True,0,10194,0,negative,,,0.011407162266121802,0.90000000000000002,E1_RF,20260922,True,nested,"[""PN12-1.2.edf"", ""PN12-3.edf""]"
PN12,PN12-4.edf,5220,5210,5220,5160,5220,True,True,False,True,0,10194,0,negative,,,0.023886455630288517,0.90000000000000002,E1_RF,20260922,True,nested,"[""PN12-1.2.edf"", ""PN12-3.edf""]"
PN12,PN12-4.edf,5225,5215,5225,5165,5225,True,True,False,True,0,10194,0,negative,,,0,0.90000000000000002,E1_RF,20260922,True,nested,"[""PN12-1.2.edf"", ""PN12-3.edf""]"
PN12,PN12-4.edf,5230,5220,5230,5170,5230,True,True,False,True,0,10194,0,negative,,,0,0.90000000000000002,E1_RF,20260922,True,nested,"[""PN12-1.2.edf"", ""PN12-3.edf""]"
PN12,PN12-4.edf,5235,5225,5235,5175,5235,True,True,False,True,0,10194,0,negative,,,0,0.90000000000000002,E1_RF,20260922,True,nested,"[""PN12-1.2.edf"", ""PN12-3.edf""]"
PN12,PN12-4.edf,5240,5230,5240,5180,5240,True,True,False,True,0,10194,0,negative,,,0,0.90000000000000002,E1_RF,20260922,True,nested,"[""PN12-1.2.edf"", ""PN12-3.edf""]"
PN12,PN12-4.edf,5245,5235,5245,5185,5245,True,True,False,True,0,10194,0,negative,,,0,0.90000000000000002,E1_RF,20260922,True,nested,"[""PN12-1.2.edf"", ""PN12-3.edf""]"
PN12,PN12-4.edf,5250,5240,5250,5190,5250,True,True,False,True,0,10194,0,negative,,,0,0.90000000000000002,E1_RF,20260922,True,nested,"[""PN12-1.2.edf"", ""PN12-3.edf""]"
PN12,PN12-4.edf,5255,5245,5255,5195,5255,True,True,False,True,0,10194,0,negative,,,0,0.90000000000000002,E1_RF,20260922,True,nested,"[""PN12-1.2.edf"", ""PN12-3.edf""]"
PN12,PN12-4.edf,5260,5250,5260,5200,5260,True,True,False,True,0,10194,0,negative,,,0,0.90000000000000002,E1_RF,20260922,True,nested,"[""PN12-1.2.edf"", ""PN12-3.edf""]"
PN12,PN12-4.edf,5265,5255,5265,5205,5265,True,True,False,True,0,10194,0,negative,,,0.027742849062175418,0.90000000000000002,E1_RF,20260922,True,nested,"[""PN12-1.2.edf"", ""PN12-3.edf""]"
PN12,PN12-4.edf,5270,5260,5270,5210,5270,True,True,False,True,0,10194,0,negative,,,0.1040675258065363,0.90000000000000002,E1_RF,20260922,True,nested,"[""PN12-1.2.edf"", ""PN12-3.edf""]"
PN12,PN12-4.edf,5275,5265,5275,5215,5275,True,True,False,True,0,10194,0,negative,,,0.21336986256742993,0.90000000000000002,E1_RF,20260922,True,nested,"[""PN12-1.2.edf"", ""PN12-3.edf""]"
PN12,PN12-4.edf,5280,5270,5280,5220,5280,True,True,False,True,0,10194,0,negative,,,0.10190683181091009,0.90000000000000002,E1_RF,20260922,True,nested,"[""PN12-1.2.edf"", ""PN12-3.edf""]"
PN12,PN12-4.edf,5285,5275,5285,5225,5285,True,True,False,True,0,10194,0,negative,,,0.066131925313910683,0.90000000000000002,E1_RF,20260922,True,nested,"[""PN12-1.2.edf"", ""PN12-3.edf""]"
PN12,PN12-4.edf,5290,5280,5290,5230,5290,True,True,False,True,0,10194,0,negative,,,0.05530716668712618,0.90000000000000002,E1_RF,20260922,True,nested,"[""PN12-1.2.edf"", ""PN12-3.edf""]"
PN12,PN12-4.edf,5295,5285,5295,5235,5295,True,True,False,True,0,10194,0,negative,,,0.17128477538843948,0.90000000000000002,E1_RF,20260922,True,nested,"[""PN12-1.2.edf"", ""PN12-3.edf""]"
PN12,PN12-4.edf,5300,5290,5300,5240,5300,True,True,False,True,0,10194,0,negative,,,0.0024358974358974356,0.90000000000000002,E1_RF,20260922,True,nested,"[""PN12-1.2.edf"", ""PN12-3.edf""]"
PN12,PN12-4.edf,5305,5295,5305,5245,5305,True,True,False,True,0,10194,0,negative,,,0.058664528844398947,0.90000000000000002,E1_RF,20260922,True,nested,"[""PN12-1.2.edf"", ""PN12-3.edf""]"
PN12,PN12-4.edf,5310,5300,5310,5250,5310,True,True,False,True,0,10194,0,negative,,,0.19018839131657422,0.90000000000000002,E1_RF,20260922,True,nested,"[""PN12-1.2.edf"", ""PN12-3.edf""]"
PN12,PN12-4.edf,5315,5305,5315,5255,5315,True,True,False,True,0,10194,0,negative,,,0.145901121516789,0.90000000000000002,E1_RF,20260922,True,nested,"[""PN12-1.2.edf"", ""PN12-3.edf""]"
PN12,PN12-4.edf,5320,5310,5320,5260,5320,True,True,False,True,0,10194,0,negative,,,0.034028768479992394,0.90000000000000002,E1_RF,20260922,True,nested,"[""PN12-1.2.edf"", ""PN12-3.edf""]"
PN12,PN12-4.edf,5325,5315,5325,5265,5325,True,True,False,True,0,10194,0,negative,,,0.035114668457845548,0.90000000000000002,E1_RF,20260922,True,nested,"[""PN12-1.2.edf"", ""PN12-3.edf""]"
PN12,PN12-4.edf,5330,5320,5330,5270,5330,True,True,False,True,0,10194,0,negative,,,0.30936366149316941,0.90000000000000002,E1_RF,20260922,True,nested,"[""PN12-1.2.edf"", ""PN12-3.edf""]"
PN12,PN12-4.edf,5335,5325,5335,5275,5335,True,True,False,True,0,10194,0,negative,,,0.049652016463212545,0.90000000000000002,E1_RF,20260922,True,nested,"[""PN12-1.2.edf"", ""PN12-3.edf""]"
PN12,PN12-4.edf,5340,5330,5340,5280,5340,True,True,False,True,0,10194,0,negative,,,0.055599090630874939,0.90000000000000002,E1_RF,20260922,True,nested,"[""PN12-1.2.edf"", ""PN12-3.edf""]"
PN12,PN12-4.edf,5345,5335,5345,5285,5345,True,True,False,True,0,10194,0,negative,,,0.18810854297607876,0.90000000000000002,E1_RF,20260922,True,nested,"[""PN12-1.2.edf"", ""PN12-3.edf""]"
PN12,PN12-4.edf,5350,5340,5350,5290,5350,True,True,False,True,0,10194,0,negative,,,0.07656787133552731,0.90000000000000002,E1_RF,20260922,True,nested,"[""PN12-1.2.edf"", ""PN12-3.edf""]"
PN12,PN12-4.edf,5355,5345,5355,5295,5355,True,True,False,True,0,10194,0,negative,,,0.14063789611228,0.90000000000000002,E1_RF,20260922,True,nested,"[""PN12-1.2.edf"", ""PN12-3.edf""]"
PN12,PN12-4.edf,5360,5350,5360,5300,5360,True,True,False,True,0,10194,0,negative,,,0.10257806920162492,0.90000000000000002,E1_RF,20260922,True,nested,"[""PN12-1.2.edf"", ""PN12-3.edf""]"
PN12,PN12-4.edf,5365,5355,5365,5305,5365,True,True,False,True,0,10194,0,negative,,,0.06731452458550316,0.90000000000000002,E1_RF,20260922,True,nested,"[""PN12-1.2.edf"", ""PN12-3.edf""]"
PN12,PN12-4.edf,5370,5360,5370,5310,5370,True,True,False,True,0,10194,0,negative,,,0.075588465526766166,0.90000000000000002,E1_RF,20260922,True,nested,"[""PN12-1.2.edf"", ""PN12-3.edf""]"
PN12,PN12-4.edf,5375,5365,5375,5315,5375,True,True,False,True,0,10194,0,negative,,,0.067275625345088921,0.90000000000000002,E1_RF,20260922,True,nested,"[""PN12-1.2.edf"", ""PN12-3.edf""]"
PN12,PN12-4.edf,5380,5370,5380,5320,5380,True,True,False,True,0,10194,0,negative,,,0.062724512045163758,0.90000000000000002,E1_RF,20260922,True,nested,"[""PN12-1.2.edf"", ""PN12-3.edf""]"
PN12,PN12-4.edf,5385,5375,5385,5325,5385,True,True,False,True,0,10194,0,negative,,,0.013415193099212569,0.90000000000000002,E1_RF,20260922,True,nested,"[""PN12-1.2.edf"", ""PN12-3.edf""]"
PN12,PN12-4.edf,5390,5380,5390,5330,5390,True,True,False,True,0,10194,0,negative,,,0.015977573963770704,0.90000000000000002,E1_RF,20260922,True,nested,"[""PN12-1.2.edf"", ""PN12-3.edf""]"
PN12,PN12-4.edf,5395,5385,5395,5335,5395,True,True,False,True,0,10194,0,negative,,,0.048135972502418904,0.90000000000000002,E1_RF,20260922,True,nested,"[""PN12-1.2.edf"", ""PN12-3.edf""]"
PN12,PN12-4.edf,5400,5390,5400,5340,5400,True,True,False,True,0,10194,0,negative,,,0.005408119658119658,0.90000000000000002,E1_RF,20260922,True,nested,"[""PN12-1.2.edf"", ""PN12-3.edf""]"
PN12,PN12-4.edf,5405,5395,5405,5345,5405,True,True,False,True,0,10194,0,negative,,,0,0.90000000000000002,E1_RF,20260922,True,nested,"[""PN12-1.2.edf"", ""PN12-3.edf""]"
PN12,PN12-4.edf,5410,5400,5410,5350,5410,True,True,False,True,0,10194,0,negative,,,0,0.90000000000000002,E1_RF,20260922,True,nested,"[""PN12-1.2.edf"", ""PN12-3.edf""]"
PN12,PN12-4.edf,5415,5405,5415,5355,5415,True,True,False,True,0,10194,0,negative,,,0.075572073660893219,0.90000000000000002,E1_RF,20260922,True,nested,"[""PN12-1.2.edf"", ""PN12-3.edf""]"
PN12,PN12-4.edf,5420,5410,5420,5360,5420,True,True,False,True,0,10194,0,negative,,,0.0024358974358974356,0.90000000000000002,E1_RF,20260922,True,nested,"[""PN12-1.2.edf"", ""PN12-3.edf""]"
PN12,PN12-4.edf,5425,5415,5425,5365,5425,True,True,False,True,0,10194,0,negative,,,0.0024358974358974356,0.90000000000000002,E1_RF,20260922,True,nested,"[""PN12-1.2.edf"", ""PN12-3.edf""]"
PN12,PN12-4.edf,5430,5420,5430,5370,5430,True,True,False,True,0,10194,0,negative,,,0.15604737587186068,0.90000000000000002,E1_RF,20260922,True,nested,"[""PN12-1.2.edf"", ""PN12-3.edf""]"
PN12,PN12-4.edf,5435,5425,5435,5375,5435,True,True,False,True,0,10194,0,negative,,,0.17434234872126605,0.90000000000000002,E1_RF,20260922,True,nested,"[""PN12-1.2.edf"", ""PN12-3.edf""]"
PN12,PN12-4.edf,5440,5430,5440,5380,5440,True,True,False,True,0,10194,0,negative,,,0.087509631103307839,0.90000000000000002,E1_RF,20260922,True,nested,"[""PN12-1.2.edf"", ""PN12-3.edf""]"
PN12,PN12-4.edf,5445,5435,5445,5385,5445,True,True,False,True,0,10194,0,negative,,,0.065710748141084796,0.90000000000000002,E1_RF,20260922,True,nested,"[""PN12-1.2.edf"", ""PN12-3.edf""]"
PN12,PN12-4.edf,5450,5440,5450,5390,5450,True,True,False,True,0,10194,0,negative,,,0.047491217998507154,0.90000000000000002,E1_RF,20260922,True,nested,"[""PN12-1.2.edf"", ""PN12-3.edf""]"
PN12,PN12-4.edf,5455,5445,5455,5395,5455,True,True,False,True,0,10194,0,negative,,,0.039830734791624564,0.90000000000000002,E1_RF,20260922,True,nested,"[""PN12-1.2.edf"", ""PN12-3.edf""]"
PN12,PN12-4.edf,5460,5450,5460,5400,5460,True,True,False,True,0,10194,0,negative,,,0.063904836678041685,0.90000000000000002,E1_RF,20260922,True,nested,"[""PN12-1.2.edf"", ""PN12-3.edf""]"
PN12,PN12-4.edf,5465,5455,5465,5405,5465,True,True,False,True,0,10194,0,negative,,,0.23499480730507799,0.90000000000000002,E1_RF,20260922,True,nested,"[""PN12-1.2.edf"", ""PN12-3.edf""]"
PN12,PN12-4.edf,5470,5460,5470,5410,5470,True,True,False,True,0,10194,0,negative,,,0.1715898318803506,0.90000000000000002,E1_RF,20260922,True,nested,"[""PN12-1.2.edf"", ""PN12-3.edf""]"
PN12,PN12-4.edf,5475,5465,5475,5415,5475,True,True,False,True,0,10194,0,negative,,,0.015169083621653388,0.90000000000000002,E1_RF,20260922,True,nested,"[""PN12-1.2.edf"", ""PN12-3.edf""]"
PN12,PN12-4.edf,5480,5470,5480,5420,5480,True,True,False,True,0,10194,0,negative,,,0.0060457305131218168,0.90000000000000002,E1_RF,20260922,True,nested,"[""PN12-1.2.edf"", ""PN12-3.edf""]"
PN12,PN12-4.edf,5485,5475,5485,5425,5485,True,True,False,True,0,10194,0,negative,,,0.011734136310223266,0.90000000000000002,E1_RF,20260922,True,nested,"[""PN12-1.2.edf"", ""PN12-3.edf""]"
PN12,PN12-4.edf,5490,5480,5490,5430,5490,True,True,False,True,0,10194,0,negative,,,0.017960920278942718,0.90000000000000002,E1_RF,20260922,True,nested,"[""PN12-1.2.edf"", ""PN12-3.edf""]"
PN12,PN12-4.edf,5495,5485,5495,5435,5495,True,True,False,True,0,10194,0,negative,,,0.043277374522184907,0.90000000000000002,E1_RF,20260922,True,nested,"[""PN12-1.2.edf"", ""PN12-3.edf""]"
PN12,PN12-4.edf,5500,5490,5500,5440,5500,True,True,False,True,0,10194,0,negative,,,0.016747183460622792,0.90000000000000002,E1_RF,20260922,True,nested,"[""PN12-1.2.edf"", ""PN12-3.edf""]"
PN12,PN12-4.edf,5505,5495,5505,5445,5505,True,True,False,True,0,10194,0,negative,,,0.025955331004817995,0.90000000000000002,E1_RF,20260922,True,nested,"[""PN12-1.2.edf"", ""PN12-3.edf""]"
PN12,PN12-4.edf,5510,5500,5510,5450,5510,True,True,False,True,0,10194,0,negative,,,0.088300724364698172,0.90000000000000002,E1_RF,20260922,True,nested,"[""PN12-1.2.edf"", ""PN12-3.edf""]"
PN12,PN12-4.edf,5515,5505,5515,5455,5515,True,True,False,True,0,10194,0,negative,,,0.0089830726171305896,0.90000000000000002,E1_RF,20260922,True,nested,"[""PN12-1.2.edf"", ""PN12-3.edf""]"
PN12,PN12-4.edf,5520,5510,5520,5460,5520,True,True,False,True,0,10194,0,negative,,,0.028269682027261562,0.90000000000000002,E1_RF,20260922,True,nested,"[""PN12-1.2.edf"", ""PN12-3.edf""]"
PN12,PN12-4.edf,5525,5515,5525,5465,5525,True,True,False,True,0,10194,0,negative,,,0.024709486493381817,0.90000000000000002,E1_RF,20260922,True,nested,"[""PN12-1.2.edf"", ""PN12-3.edf""]"
PN12,PN12-4.edf,5530,5520,5530,5470,5530,True,True,False,True,0,10194,0,negative,,,0.014795520403262584,0.90000000000000002,E1_RF,20260922,True,nested,"[""PN12-1.2.edf"", ""PN12-3.edf""]"
PN12,PN12-4.edf,5535,5525,5535,5475,5535,True,True,False,True,0,10194,0,negative,,,0.01257661970080717,0.90000000000000002,E1_RF,20260922,True,nested,"[""PN12-1.2.edf"", ""PN12-3.edf""]"
PN12,PN12-4.edf,5540,5530,5540,5480,5540,True,True,False,True,0,10194,0,negative,,,0.014561315610234262,0.90000000000000002,E1_RF,20260922,True,nested,"[""PN12-1.2.edf"", ""PN12-3.edf""]"
PN12,PN12-4.edf,5545,5535,5545,5485,5545,True,True,False,True,0,10194,0,negative,,,0.012830557341437192,0.90000000000000002,E1_RF,20260922,True,nested,"[""PN12-1.2.edf"", ""PN12-3.edf""]"
PN12,PN12-4.edf,5550,5540,5550,5490,5550,True,True,False,True,0,10194,0,negative,,,0.015558818211002412,0.90000000000000002,E1_RF,20260922,True,nested,"[""PN12-1.2.edf"", ""PN12-3.edf""]"
PN12,PN12-4.edf,5555,5545,5555,5495,5555,True,True,False,True,0,10194,0,negative,,,0.0095700837530947516,0.90000000000000002,E1_RF,20260922,True,nested,"[""PN12-1.2.edf"", ""PN12-3.edf""]"
PN12,PN12-4.edf,5560,5550,5560,5500,5560,True,True,False,True,0,10194,0,negative,,,0.0095700837530947516,0.90000000000000002,E1_RF,20260922,True,nested,"[""PN12-1.2.edf"", ""PN12-3.edf""]"
PN12,PN12-4.edf,5565,5555,5565,5505,5565,True,True,False,True,0,10194,0,negative,,,0.020430701442848274,0.90000000000000002,E1_RF,20260922,True,nested,"[""PN12-1.2.edf"", ""PN12-3.edf""]"
PN12,PN12-4.edf,5570,5560,5570,5510,5570,True,True,False,True,0,10194,0,negative,,,0.0090017123287671232,0.90000000000000002,E1_RF,20260922,True,nested,"[""PN12-1.2.edf"", ""PN12-3.edf""]"
PN12,PN12-4.edf,5575,5565,5575,5515,5575,True,True,False,True,0,10194,0,negative,,,0.019459165595358329,0.90000000000000002,E1_RF,20260922,True,nested,"[""PN12-1.2.edf"", ""PN12-3.edf""]"
PN12,PN12-4.edf,5580,5570,5580,5520,5580,True,True,False,True,0,10194,0,negative,,,0.01705727348848619,0.90000000000000002,E1_RF,20260922,True,nested,"[""PN12-1.2.edf"", ""PN12-3.edf""]"
PN12,PN12-4.edf,5585,5575,5585,5525,5585,True,True,False,True,0,10194,0,negative,,,0.062018507296349695,0.90000000000000002,E1_RF,20260922,True,nested,"[""PN12-1.2.edf"", ""PN12-3.edf""]"
PN12,PN12-4.edf,5590,5580,5590,5530,5590,True,True,False,True,0,10194,0,negative,,,0.0029601449275362315,0.90000000000000002,E1_RF,20260922,True,nested,"[""PN12-1.2.edf"", ""PN12-3.edf""]"
PN12,PN12-4.edf,5595,5585,5595,5535,5595,True,True,False,True,0,10194,0,negative,,,0.038363720445446878,0.90000000000000002,E1_RF,20260922,True,nested,"[""PN12-1.2.edf"", ""PN12-3.edf""]"
PN12,PN12-4.edf,5600,5590,5600,5540,5600,True,True,False,True,0,10194,0,negative,,,0.019211785803418212,0.90000000000000002,E1_RF,20260922,True,nested,"[""PN12-1.2.edf"", ""PN12-3.edf""]"
PN12,PN12-4.edf,5605,5595,5605,5545,5605,True,True,False,True,0,10194,0,negative,,,0.0086926687728260624,0.90000000000000002,E1_RF,20260922,True,nested,"[""PN12-1.2.edf"", ""PN12-3.edf""]"
PN12,PN12-4.edf,5610,5600,5610,5550,5610,True,True,False,True,0,10194,0,negative,,,0.067998613014199932,0.90000000000000002,E1_RF,20260922,True,nested,"[""PN12-1.2.edf"", ""PN12-3.edf""]"
PN12,PN12-4.edf,5615,5605,5615,5555,5615,True,True,False,True,0,10194,0,negative,,,0.0095700837530947516,0.90000000000000002,E1_RF,20260922,True,nested,"[""PN12-1.2.edf"", ""PN12-3.edf""]"
PN12,PN12-4.edf,5620,5610,5620,5560,5620,True,True,False,True,0,10194,0,negative,,,0.015031627349649789,0.90000000000000002,E1_RF,20260922,True,nested,"[""PN12-1.2.edf"", ""PN12-3.edf""]"
PN12,PN12-4.edf,5625,5615,5625,5565,5625,True,True,False,True,0,10194,0,negative,,,0.0029601449275362315,0.90000000000000002,E1_RF,20260922,True,nested,"[""PN12-1.2.edf"", ""PN12-3.edf""]"
PN12,PN12-4.edf,5630,5620,5630,5570,5630,True,True,False,True,0,10194,0,negative,,,0.0060465646806226511,0.90000000000000002,E1_RF,20260922,True,nested,"[""PN12-1.2.edf"", ""PN12-3.edf""]"
PN12,PN12-4.edf,5635,5625,5635,5575,5635,True,True,False,True,0,10194,0,negative,,,0.012531627349649788,0.90000000000000002,E1_RF,20260922,True,nested,"[""PN12-1.2.edf"", ""PN12-3.edf""]"
PN12,PN12-4.edf,5640,5630,5640,5580,5640,True,True,False,True,0,10194,0,negative,,,0.011144603896308926,0.90000000000000002,E1_RF,20260922,True,nested,"[""PN12-1.2.edf"", ""PN12-3.edf""]"
PN12,PN12-4.edf,5645,5635,5645,5585,5645,True,True,False,True,0,10194,0,negative,,,0,0.90000000000000002,E1_RF,20260922,True,nested,"[""PN12-1.2.edf"", ""PN12-3.edf""]"
PN12,PN12-4.edf,5650,5640,5650,5590,5650,True,True,False,True,0,10194,0,negative,,,0.002631578947368421,0.90000000000000002,E1_RF,20260922,True,nested,"[""PN12-1.2.edf"", ""PN12-3.edf""]"
PN12,PN12-4.edf,5655,5645,5655,5595,5655,True,True,False,True,0,10194,0,negative,,,0,0.90000000000000002,E1_RF,20260922,True,nested,"[""PN12-1.2.edf"", ""PN12-3.edf""]"
PN12,PN12-4.edf,5660,5650,5660,5600,5660,True,True,False,True,0,10194,0,negative,,,0,0.90000000000000002,E1_RF,20260922,True,nested,"[""PN12-1.2.edf"", ""PN12-3.edf""]"
PN12,PN12-4.edf,5665,5655,5665,5605,5665,True,True,False,True,0,10194,0,negative,,,0.0025757575757575759,0.90000000000000002,E1_RF,20260922,True,nested,"[""PN12-1.2.edf"", ""PN12-3.edf""]"
PN12,PN12-4.edf,5670,5660,5670,5610,5670,True,True,False,True,0,10194,0,negative,,,0,0.90000000000000002,E1_RF,20260922,True,nested,"[""PN12-1.2.edf"", ""PN12-3.edf""]"
PN12,PN12-4.edf,5675,5665,5675,5615,5675,True,True,False,True,0,10194,0,negative,,,0,0.90000000000000002,E1_RF,20260922,True,nested,"[""PN12-1.2.edf"", ""PN12-3.edf""]"
PN12,PN12-4.edf,5680,5670,5680,5620,5680,True,True,False,True,0,10194,0,negative,,,0,0.90000000000000002,E1_RF,20260922,True,nested,"[""PN12-1.2.edf"", ""PN12-3.edf""]"
PN12,PN12-4.edf,5685,5675,5685,5625,5685,True,True,False,True,0,10194,0,negative,,,0,0.90000000000000002,E1_RF,20260922,True,nested,"[""PN12-1.2.edf"", ""PN12-3.edf""]"
PN12,PN12-4.edf,5690,5680,5690,5630,5690,True,True,False,True,0,10194,0,negative,,,0.0052077294685990341,0.90000000000000002,E1_RF,20260922,True,nested,"[""PN12-1.2.edf"", ""PN12-3.edf""]"
PN12,PN12-4.edf,5695,5685,5695,5635,5695,True,True,False,True,0,10194,0,negative,,,0,0.90000000000000002,E1_RF,20260922,True,nested,"[""PN12-1.2.edf"", ""PN12-3.edf""]"
PN12,PN12-4.edf,5700,5690,5700,5640,5700,True,True,False,True,0,10194,0,negative,,,0.0044099370563814118,0.90000000000000002,E1_RF,20260922,True,nested,"[""PN12-1.2.edf"", ""PN12-3.edf""]"
PN12,PN12-4.edf,5705,5695,5705,5645,5705,True,True,False,True,0,10194,0,negative,,,0.005408119658119658,0.90000000000000002,E1_RF,20260922,True,nested,"[""PN12-1.2.edf"", ""PN12-3.edf""]"
PN12,PN12-4.edf,5710,5700,5710,5650,5710,True,True,False,True,0,10194,0,negative,,,0.005408119658119658,0.90000000000000002,E1_RF,20260922,True,nested,"[""PN12-1.2.edf"", ""PN12-3.edf""]"
PN12,PN12-4.edf,5715,5705,5715,5655,5715,True,True,False,True,0,10194,0,negative,,,0,0.90000000000000002,E1_RF,20260922,True,nested,"[""PN12-1.2.edf"", ""PN12-3.edf""]"
PN12,PN12-4.edf,5720,5710,5720,5660,5720,True,True,False,True,0,10194,0,negative,,,0,0.90000000000000002,E1_RF,20260922,True,nested,"[""PN12-1.2.edf"", ""PN12-3.edf""]"
PN12,PN12-4.edf,5725,5715,5725,5665,5725,True,True,False,True,0,10194,0,negative,,,0,0.90000000000000002,E1_RF,20260922,True,nested,"[""PN12-1.2.edf"", ""PN12-3.edf""]"
PN12,PN12-4.edf,5730,5720,5730,5670,5730,True,True,False,True,0,10194,0,negative,,,0.0025925925925925925,0.90000000000000002,E1_RF,20260922,True,nested,"[""PN12-1.2.edf"", ""PN12-3.edf""]"
PN12,PN12-4.edf,5735,5725,5735,5675,5735,True,True,False,True,0,10194,0,negative,,,0,0.90000000000000002,E1_RF,20260922,True,nested,"[""PN12-1.2.edf"", ""PN12-3.edf""]"
PN12,PN12-4.edf,5740,5730,5740,5680,5740,True,True,False,True,0,10194,0,negative,,,0,0.90000000000000002,E1_RF,20260922,True,nested,"[""PN12-1.2.edf"", ""PN12-3.edf""]"
PN12,PN12-4.edf,5745,5735,5745,5685,5745,True,True,False,True,0,10194,0,negative,,,0,0.90000000000000002,E1_RF,20260922,True,nested,"[""PN12-1.2.edf"", ""PN12-3.edf""]"
PN12,PN12-4.edf,5750,5740,5750,5690,5750,True,True,False,True,0,10194,0,negative,,,0.0023188405797101449,0.90000000000000002,E1_RF,20260922,True,nested,"[""PN12-1.2.edf"", ""PN12-3.edf""]"
PN12,PN12-4.edf,5755,5745,5755,5695,5755,True,True,False,True,0,10194,0,negative,,,0,0.90000000000000002,E1_RF,20260922,True,nested,"[""PN12-1.2.edf"", ""PN12-3.edf""]"
PN12,PN12-4.edf,5760,5750,5760,5700,5760,True,True,False,True,0,10194,0,negative,,,0,0.90000000000000002,E1_RF,20260922,True,nested,"[""PN12-1.2.edf"", ""PN12-3.edf""]"
PN12,PN12-4.edf,5765,5755,5765,5705,5765,True,True,False,True,0,10194,0,negative,,,0.047832241706731796,0.90000000000000002,E1_RF,20260922,True,nested,"[""PN12-1.2.edf"", ""PN12-3.edf""]"
PN12,PN12-4.edf,5770,5760,5770,5710,5770,True,True,False,True,0,10194,0,negative,,,0.057508871904451093,0.90000000000000002,E1_RF,20260922,True,nested,"[""PN12-1.2.edf"", ""PN12-3.edf""]"
PN12,PN12-4.edf,5775,5765,5775,5715,5775,True,True,False,True,0,10194,0,negative,,,0.041841587235682647,0.90000000000000002,E1_RF,20260922,True,nested,"[""PN12-1.2.edf"", ""PN12-3.edf""]"
PN12,PN12-4.edf,5780,5770,5780,5720,5780,True,True,False,True,0,10194,0,negative,,,0.016217429953901342,0.90000000000000002,E1_RF,20260922,True,nested,"[""PN12-1.2.edf"", ""PN12-3.edf""]"
PN12,PN12-4.edf,5785,5775,5785,5725,5785,True,True,False,True,0,10194,0,negative,,,0.018862924322397112,0.90000000000000002,E1_RF,20260922,True,nested,"[""PN12-1.2.edf"", ""PN12-3.edf""]"
PN12,PN12-4.edf,5790,5780,5790,5730,5790,True,True,False,True,0,10194,0,negative,,,0.018014081649031448,0.90000000000000002,E1_RF,20260922,True,nested,"[""PN12-1.2.edf"", ""PN12-3.edf""]"
PN12,PN12-4.edf,5795,5785,5795,5735,5795,True,True,False,True,0,10194,0,negative,,,0.0023188405797101449,0.90000000000000002,E1_RF,20260922,True,nested,"[""PN12-1.2.edf"", ""PN12-3.edf""]"
PN12,PN12-4.edf,5800,5790,5800,5740,5800,True,True,False,True,0,10194,0,negative,,,0.0028767123287671234,0.90000000000000002,E1_RF,20260922,True,nested,"[""PN12-1.2.edf"", ""PN12-3.edf""]"
PN12,PN12-4.edf,5805,5795,5805,5745,5805,True,True,False,True,0,10194,0,negative,,,0,0.90000000000000002,E1_RF,20260922,True,nested,"[""PN12-1.2.edf"", ""PN12-3.edf""]"
PN12,PN12-4.edf,5810,5800,5810,5750,5810,True,True,False,True,0,10194,0,negative,,,0.0084847832328452492,0.90000000000000002,E1_RF,20260922,True,nested,"[""PN12-1.2.edf"", ""PN12-3.edf""]"
PN12,PN12-4.edf,5815,5805,5815,5755,5815,True,True,False,True,0,10194,0,negative,,,0,0.90000000000000002,E1_RF,20260922,True,nested,"[""PN12-1.2.edf"", ""PN12-3.edf""]"
PN12,PN12-4.edf,5820,5810,5820,5760,5820,True,True,False,True,0,10194,0,negative,,,0,0.90000000000000002,E1_RF,20260922,True,nested,"[""PN12-1.2.edf"", ""PN12-3.edf""]"
PN12,PN12-4.edf,5825,5815,5825,5765,5825,True,True,False,True,0,10194,0,negative,,,0,0.90000000000000002,E1_RF,20260922,True,nested,"[""PN12-1.2.edf"", ""PN12-3.edf""]"
PN12,PN12-4.edf,5830,5820,5830,5770,5830,True,True,False,True,0,10194,0,negative,,,0,0.90000000000000002,E1_RF,20260922,True,nested,"[""PN12-1.2.edf"", ""PN12-3.edf""]"
PN12,PN12-4.edf,5835,5825,5835,5775,5835,True,True,False,True,0,10194,0,negative,,,0,0.90000000000000002,E1_RF,20260922,True,nested,"[""PN12-1.2.edf"", ""PN12-3.edf""]"
PN12,PN12-4.edf,5840,5830,5840,5780,5840,True,True,False,True,0,10194,0,negative,,,0,0.90000000000000002,E1_RF,20260922,True,nested,"[""PN12-1.2.edf"", ""PN12-3.edf""]"
PN12,PN12-4.edf,5845,5835,5845,5785,5845,True,True,False,True,0,10194,0,negative,,,0,0.90000000000000002,E1_RF,20260922,True,nested,"[""PN12-1.2.edf"", ""PN12-3.edf""]"
PN12,PN12-4.edf,5850,5840,5850,5790,5850,True,True,False,True,0,10194,0,negative,,,0.0028888888888888892,0.90000000000000002,E1_RF,20260922,True,nested,"[""PN12-1.2.edf"", ""PN12-3.edf""]"
PN12,PN12-4.edf,5855,5845,5855,5795,5855,True,True,False,True,0,10194,0,negative,,,0.0028888888888888892,0.90000000000000002,E1_RF,20260922,True,nested,"[""PN12-1.2.edf"", ""PN12-3.edf""]"
PN12,PN12-4.edf,5860,5850,5860,5800,5860,True,True,False,True,0,10194,0,negative,,,0.0057090909090909085,0.90000000000000002,E1_RF,20260922,True,nested,"[""PN12-1.2.edf"", ""PN12-3.edf""]"
PN12,PN12-4.edf,5865,5855,5865,5805,5865,True,True,False,True,0,10194,0,negative,,,0.0030697278911564624,0.90000000000000002,E1_RF,20260922,True,nested,"[""PN12-1.2.edf"", ""PN12-3.edf""]"
PN12,PN12-4.edf,5870,5860,5870,5810,5870,True,True,False,True,0,10194,0,negative,,,0.019686972410720802,0.90000000000000002,E1_RF,20260922,True,nested,"[""PN12-1.2.edf"", ""PN12-3.edf""]"
PN12,PN12-4.edf,5875,5865,5875,5815,5875,True,True,False,True,0,10194,0,negative,,,0.0055818181818181817,0.90000000000000002,E1_RF,20260922,True,nested,"[""PN12-1.2.edf"", ""PN12-3.edf""]"
PN12,PN12-4.edf,5880,5870,5880,5820,5880,True,True,False,True,0,10194,0,negative,,,0,0.90000000000000002,E1_RF,20260922,True,nested,"[""PN12-1.2.edf"", ""PN12-3.edf""]"
PN12,PN12-4.edf,5885,5875,5885,5825,5885,True,True,False,True,0,10194,0,negative,,,0.0032307787929641372,0.90000000000000002,E1_RF,20260922,True,nested,"[""PN12-1.2.edf"", ""PN12-3.edf""]"
PN12,PN12-4.edf,5890,5880,5890,5830,5890,True,True,False,True,0,10194,0,negative,,,0,0.90000000000000002,E1_RF,20260922,True,nested,"[""PN12-1.2.edf"", ""PN12-3.edf""]"
PN12,PN12-4.edf,5895,5885,5895,5835,5895,True,True,False,True,0,10194,0,negative,,,0.002631578947368421,0.90000000000000002,E1_RF,20260922,True,nested,"[""PN12-1.2.edf"", ""PN12-3.edf""]"
PN12,PN12-4.edf,5900,5890,5900,5840,5900,True,True,False,True,0,10194,0,negative,,,0,0.90000000000000002,E1_RF,20260922,True,nested,"[""PN12-1.2.edf"", ""PN12-3.edf""]"
PN12,PN12-4.edf,5905,5895,5905,5845,5905,True,True,False,True,0,10194,0,negative,,,0.002631578947368421,0.90000000000000002,E1_RF,20260922,True,nested,"[""PN12-1.2.edf"", ""PN12-3.edf""]"
PN12,PN12-4.edf,5910,5900,5910,5850,5910,True,True,False,True,0,10194,0,negative,,,0.093866586935361956,0.90000000000000002,E1_RF,20260922,True,nested,"[""PN12-1.2.edf"", ""PN12-3.edf""]"
PN12,PN12-4.edf,5915,5905,5915,5855,5915,True,True,False,True,0,10194,0,negative,,,0.090154105942054336,0.90000000000000002,E1_RF,20260922,True,nested,"[""PN12-1.2.edf"", ""PN12-3.edf""]"
PN12,PN12-4.edf,5920,5910,5920,5860,5920,True,True,False,True,0,10194,0,negative,,,0.041886593698863758,0.90000000000000002,E1_RF,20260922,True,nested,"[""PN12-1.2.edf"", ""PN12-3.edf""]"
PN12,PN12-4.edf,5925,5915,5925,5865,5925,True,True,False,True,0,10194,0,negative,,,0.084792645747299542,0.90000000000000002,E1_RF,20260922,True,nested,"[""PN12-1.2.edf"", ""PN12-3.edf""]"
PN12,PN12-4.edf,5930,5920,5930,5870,5930,True,True,False,True,0,10194,0,negative,,,0.17877301762961828,0.90000000000000002,E1_RF,20260922,True,nested,"[""PN12-1.2.edf"", ""PN12-3.edf""]"
PN12,PN12-4.edf,5935,5925,5935,5875,5935,True,True,False,True,0,10194,0,negative,,,0.013996578025149453,0.90000000000000002,E1_RF,20260922,True,nested,"[""PN12-1.2.edf"", ""PN12-3.edf""]"
PN12,PN12-4.edf,5940,5930,5940,5880,5940,True,True,False,True,0,10194,0,negative,,,0,0.90000000000000002,E1_RF,20260922,True,nested,"[""PN12-1.2.edf"", ""PN12-3.edf""]"
PN12,PN12-4.edf,5945,5935,5945,5885,5945,True,True,False,True,0,10194,0,negative,,,0.0031250000000000002,0.90000000000000002,E1_RF,20260922,True,nested,"[""PN12-1.2.edf"", ""PN12-3.edf""]"
PN12,PN12-4.edf,5950,5940,5950,5890,5950,True,True,False,True,0,10194,0,negative,,,0,0.90000000000000002,E1_RF,20260922,True,nested,"[""PN12-1.2.edf"", ""PN12-3.edf""]"
PN12,PN12-4.edf,5955,5945,5955,5895,5955,True,True,False,True,0,10194,0,negative,,,0,0.90000000000000002,E1_RF,20260922,True,nested,"[""PN12-1.2.edf"", ""PN12-3.edf""]"
PN12,PN12-4.edf,5960,5950,5960,5900,5960,True,True,False,True,0,10194,0,negative,,,0,0.90000000000000002,E1_RF,20260922,True,nested,"[""PN12-1.2.edf"", ""PN12-3.edf""]"
PN12,PN12-4.edf,5965,5955,5965,5905,5965,True,True,False,True,0,10194,0,negative,,,0,0.90000000000000002,E1_RF,20260922,True,nested,"[""PN12-1.2.edf"", ""PN12-3.edf""]"
PN12,PN12-4.edf,5970,5960,5970,5910,5970,True,True,False,True,0,10194,0,negative,,,0.019789441044262144,0.90000000000000002,E1_RF,20260922,True,nested,"[""PN12-1.2.edf"", ""PN12-3.edf""]"
PN12,PN12-4.edf,5975,5965,5975,5915,5975,True,True,False,True,0,10194,0,negative,,,0.03898359294307506,0.90000000000000002,E1_RF,20260922,True,nested,"[""PN12-1.2.edf"", ""PN12-3.edf""]"
PN12,PN12-4.edf,5980,5970,5980,5920,5980,True,True,False,True,0,10194,0,negative,,,0.01098206958549156,0.90000000000000002,E1_RF,20260922,True,nested,"[""PN12-1.2.edf"", ""PN12-3.edf""]"
PN12,PN12-4.edf,5985,5975,5985,5925,5985,True,True,False,True,0,10194,0,negative,,,0,0.90000000000000002,E1_RF,20260922,True,nested,"[""PN12-1.2.edf"", ""PN12-3.edf""]"
PN12,PN12-4.edf,5990,5980,5990,5930,5990,True,True,False,True,0,10194,0,negative,,,0.0025333333333333332,0.90000000000000002,E1_RF,20260922,True,nested,"[""PN12-1.2.edf"", ""PN12-3.edf""]"
PN12,PN12-4.edf,5995,5985,5995,5935,5995,True,True,False,True,0,10194,0,negative,,,0.013060185185185183,0.90000000000000002,E1_RF,20260922,True,nested,"[""PN12-1.2.edf"", ""PN12-3.edf""]"
PN12,PN12-4.edf,6000,5990,6000,5940,6000,True,True,False,True,0,10194,0,negative,,,0.0049583333333333337,0.90000000000000002,E1_RF,20260922,True,nested,"[""PN12-1.2.edf"", ""PN12-3.edf""]"
PN12,PN12-4.edf,6005,5995,6005,5945,6005,True,True,False,True,0,10194,0,negative,,,0,0.90000000000000002,E1_RF,20260922,True,nested,"[""PN12-1.2.edf"", ""PN12-3.edf""]"
PN12,PN12-4.edf,6010,6000,6010,5950,6010,True,True,False,True,0,10194,0,negative,,,0,0.90000000000000002,E1_RF,20260922,True,nested,"[""PN12-1.2.edf"", ""PN12-3.edf""]"
PN12,PN12-4.edf,6015,6005,6015,5955,6015,True,True,False,True,0,10194,0,negative,,,0,0.90000000000000002,E1_RF,20260922,True,nested,"[""PN12-1.2.edf"", ""PN12-3.edf""]"
PN12,PN12-4.edf,6020,6010,6020,5960,6020,True,True,False,True,0,10194,0,negative,,,0,0.90000000000000002,E1_RF,20260922,True,nested,"[""PN12-1.2.edf"", ""PN12-3.edf""]"
PN12,PN12-4.edf,6025,6015,6025,5965,6025,True,True,False,True,0,10194,0,negative,,,0,0.90000000000000002,E1_RF,20260922,True,nested,"[""PN12-1.2.edf"", ""PN12-3.edf""]"
PN12,PN12-4.edf,6030,6020,6030,5970,6030,True,True,False,True,0,10194,0,negative,,,0,0.90000000000000002,E1_RF,20260922,True,nested,"[""PN12-1.2.edf"", ""PN12-3.edf""]"
PN12,PN12-4.edf,6035,6025,6035,5975,6035,True,True,False,True,0,10194,0,negative,,,0,0.90000000000000002,E1_RF,20260922,True,nested,"[""PN12-1.2.edf"", ""PN12-3.edf""]"
PN12,PN12-4.edf,6040,6030,6040,5980,6040,True,True,False,True,0,10194,0,negative,,,0,0.90000000000000002,E1_RF,20260922,True,nested,"[""PN12-1.2.edf"", ""PN12-3.edf""]"
PN12,PN12-4.edf,6045,6035,6045,5985,6045,True,True,False,True,0,10194,0,negative,,,0,0.90000000000000002,E1_RF,20260922,True,nested,"[""PN12-1.2.edf"", ""PN12-3.edf""]"
PN12,PN12-4.edf,6050,6040,6050,5990,6050,True,True,False,True,0,10194,0,negative,,,0,0.90000000000000002,E1_RF,20260922,True,nested,"[""PN12-1.2.edf"", ""PN12-3.edf""]"
PN12,PN12-4.edf,6055,6045,6055,5995,6055,True,True,False,True,0,10194,0,negative,,,0,0.90000000000000002,E1_RF,20260922,True,nested,"[""PN12-1.2.edf"", ""PN12-3.edf""]"
PN12,PN12-4.edf,6060,6050,6060,6000,6060,True,True,False,True,0,10194,0,negative,,,0.020969111580555859,0.90000000000000002,E1_RF,20260922,True,nested,"[""PN12-1.2.edf"", ""PN12-3.edf""]"
PN12,PN12-4.edf,6065,6055,6065,6005,6065,True,True,False,True,0,10194,0,negative,,,0,0.90000000000000002,E1_RF,20260922,True,nested,"[""PN12-1.2.edf"", ""PN12-3.edf""]"
PN12,PN12-4.edf,6070,6060,6070,6010,6070,True,True,False,True,0,10194,0,negative,,,0,0.90000000000000002,E1_RF,20260922,True,nested,"[""PN12-1.2.edf"", ""PN12-3.edf""]"
PN12,PN12-4.edf,6075,6065,6075,6015,6075,True,True,False,True,0,10194,0,negative,,,0,0.90000000000000002,E1_RF,20260922,True,nested,"[""PN12-1.2.edf"", ""PN12-3.edf""]"
PN12,PN12-4.edf,6080,6070,6080,6020,6080,True,True,False,True,0,10194,0,negative,,,0,0.90000000000000002,E1_RF,20260922,True,nested,"[""PN12-1.2.edf"", ""PN12-3.edf""]"
PN12,PN12-4.edf,6085,6075,6085,6025,6085,True,True,False,True,0,10194,0,negative,,,0,0.90000000000000002,E1_RF,20260922,True,nested,"[""PN12-1.2.edf"", ""PN12-3.edf""]"
PN12,PN12-4.edf,6090,6080,6090,6030,6090,True,True,False,True,0,10194,0,negative,,,0.0025925925925925925,0.90000000000000002,E1_RF,20260922,True,nested,"[""PN12-1.2.edf"", ""PN12-3.edf""]"
PN12,PN12-4.edf,6095,6085,6095,6035,6095,True,True,False,True,0,10194,0,negative,,,0,0.90000000000000002,E1_RF,20260922,True,nested,"[""PN12-1.2.edf"", ""PN12-3.edf""]"
PN12,PN12-4.edf,6100,6090,6100,6040,6100,True,True,False,True,0,10194,0,negative,,,0.0029629629629629628,0.90000000000000002,E1_RF,20260922,True,nested,"[""PN12-1.2.edf"", ""PN12-3.edf""]"
PN12,PN12-4.edf,6105,6095,6105,6045,6105,True,True,False,True,0,10194,0,negative,,,0,0.90000000000000002,E1_RF,20260922,True,nested,"[""PN12-1.2.edf"", ""PN12-3.edf""]"
PN12,PN12-4.edf,6110,6100,6110,6050,6110,True,True,False,True,0,10194,0,negative,,,0,0.90000000000000002,E1_RF,20260922,True,nested,"[""PN12-1.2.edf"", ""PN12-3.edf""]"
PN12,PN12-4.edf,6115,6105,6115,6055,6115,True,True,False,True,0,10194,0,negative,,,0,0.90000000000000002,E1_RF,20260922,True,nested,"[""PN12-1.2.edf"", ""PN12-3.edf""]"
PN12,PN12-4.edf,6120,6110,6120,6060,6120,True,True,False,True,0,10194,0,negative,,,0,0.90000000000000002,E1_RF,20260922,True,nested,"[""PN12-1.2.edf"", ""PN12-3.edf""]"
PN12,PN12-4.edf,6125,6115,6125,6065,6125,True,True,False,True,0,10194,0,negative,,,0.0027777777777777779,0.90000000000000002,E1_RF,20260922,True,nested,"[""PN12-1.2.edf"", ""PN12-3.edf""]"
PN12,PN12-4.edf,6130,6120,6130,6070,6130,True,True,False,True,0,10194,0,negative,,,0,0.90000000000000002,E1_RF,20260922,True,nested,"[""PN12-1.2.edf"", ""PN12-3.edf""]"
PN12,PN12-4.edf,6135,6125,6135,6075,6135,True,True,False,True,0,10194,0,negative,,,0,0.90000000000000002,E1_RF,20260922,True,nested,"[""PN12-1.2.edf"", ""PN12-3.edf""]"
PN12,PN12-4.edf,6140,6130,6140,6080,6140,True,True,False,True,0,10194,0,negative,,,0,0.90000000000000002,E1_RF,20260922,True,nested,"[""PN12-1.2.edf"", ""PN12-3.edf""]"
PN12,PN12-4.edf,6145,6135,6145,6085,6145,True,True,False,True,0,10194,0,negative,,,0,0.90000000000000002,E1_RF,20260922,True,nested,"[""PN12-1.2.edf"", ""PN12-3.edf""]"
PN12,PN12-4.edf,6150,6140,6150,6090,6150,True,True,False,True,0,10194,0,negative,,,0,0.90000000000000002,E1_RF,20260922,True,nested,"[""PN12-1.2.edf"", ""PN12-3.edf""]"
PN12,PN12-4.edf,6155,6145,6155,6095,6155,True,True,False,True,0,10194,0,negative,,,0,0.90000000000000002,E1_RF,20260922,True,nested,"[""PN12-1.2.edf"", ""PN12-3.edf""]"
PN12,PN12-4.edf,6160,6150,6160,6100,6160,True,True,False,True,0,10194,0,negative,,,0.016489664697199258,0.90000000000000002,E1_RF,20260922,True,nested,"[""PN12-1.2.edf"", ""PN12-3.edf""]"
PN12,PN12-4.edf,6165,6155,6165,6105,6165,True,True,False,True,0,10194,0,negative,,,0.022880166625879939,0.90000000000000002,E1_RF,20260922,True,nested,"[""PN12-1.2.edf"", ""PN12-3.edf""]"
PN12,PN12-4.edf,6170,6160,6170,6110,6170,True,True,False,True,0,10194,0,negative,,,0.26501641152608568,0.90000000000000002,E1_RF,20260922,True,nested,"[""PN12-1.2.edf"", ""PN12-3.edf""]"
PN12,PN12-4.edf,6175,6165,6175,6115,6175,True,True,False,True,0,10194,0,negative,,,0.040984122286441549,0.90000000000000002,E1_RF,20260922,True,nested,"[""PN12-1.2.edf"", ""PN12-3.edf""]"
PN12,PN12-4.edf,6180,6170,6180,6120,6180,True,True,False,True,0,10194,0,negative,,,0.011111580647584704,0.90000000000000002,E1_RF,20260922,True,nested,"[""PN12-1.2.edf"", ""PN12-3.edf""]"
PN12,PN12-4.edf,6185,6175,6185,6125,6185,True,True,False,True,0,10194,0,negative,,,0.064148093033885273,0.90000000000000002,E1_RF,20260922,True,nested,"[""PN12-1.2.edf"", ""PN12-3.edf""]"
PN12,PN12-4.edf,6190,6180,6190,6130,6190,True,True,False,True,0,10194,0,negative,,,0.062383383768289218,0.90000000000000002,E1_RF,20260922,True,nested,"[""PN12-1.2.edf"", ""PN12-3.edf""]"
PN12,PN12-4.edf,6195,6185,6195,6135,6195,True,True,False,True,0,10194,0,negative,,,0.0024358974358974356,0.90000000000000002,E1_RF,20260922,True,nested,"[""PN12-1.2.edf"", ""PN12-3.edf""]"
PN12,PN12-4.edf,6200,6190,6200,6140,6200,True,True,False,True,0,10194,0,negative,,,0,0.90000000000000002,E1_RF,20260922,True,nested,"[""PN12-1.2.edf"", ""PN12-3.edf""]"
PN12,PN12-4.edf,6205,6195,6205,6145,6205,True,True,False,True,0,10194,0,negative,,,0.073831636668859904,0.90000000000000002,E1_RF,20260922,True,nested,"[""PN12-1.2.edf"", ""PN12-3.edf""]"
PN12,PN12-4.edf,6210,6200,6210,6150,6210,True,True,False,True,0,10194,0,negative,,,0.016518897367019083,0.90000000000000002,E1_RF,20260922,True,nested,"[""PN12-1.2.edf"", ""PN12-3.edf""]"
PN12,PN12-4.edf,6215,6205,6215,6155,6215,True,True,False,True,0,10194,0,negative,,,0.0057333333333333342,0.90000000000000002,E1_RF,20260922,True,nested,"[""PN12-1.2.edf"", ""PN12-3.edf""]"
PN12,PN12-4.edf,6220,6210,6220,6160,6220,True,True,False,True,0,10194,0,negative,,,0.0029555555555555559,0.90000000000000002,E1_RF,20260922,True,nested,"[""PN12-1.2.edf"", ""PN12-3.edf""]"
PN12,PN12-4.edf,6225,6215,6225,6165,6225,True,True,False,True,0,10194,0,negative,,,0,0.90000000000000002,E1_RF,20260922,True,nested,"[""PN12-1.2.edf"", ""PN12-3.edf""]"
PN12,PN12-4.edf,6230,6220,6230,6170,6230,True,True,False,True,0,10194,0,negative,,,0,0.90000000000000002,E1_RF,20260922,True,nested,"[""PN12-1.2.edf"", ""PN12-3.edf""]"
PN12,PN12-4.edf,6235,6225,6235,6175,6235,True,True,False,True,0,10194,0,negative,,,0.0029555555555555559,0.90000000000000002,E1_RF,20260922,True,nested,"[""PN12-1.2.edf"", ""PN12-3.edf""]"
PN12,PN12-4.edf,6240,6230,6240,6180,6240,True,True,False,True,0,10194,0,negative,,,0,0.90000000000000002,E1_RF,20260922,True,nested,"[""PN12-1.2.edf"", ""PN12-3.edf""]"
PN12,PN12-4.edf,6245,6235,6245,6185,6245,True,True,False,True,0,10194,0,negative,,,0,0.90000000000000002,E1_RF,20260922,True,nested,"[""PN12-1.2.edf"", ""PN12-3.edf""]"
PN12,PN12-4.edf,6250,6240,6250,6190,6250,True,True,False,True,0,10194,0,negative,,,0.049201962262177011,0.90000000000000002,E1_RF,20260922,True,nested,"[""PN12-1.2.edf"", ""PN12-3.edf""]"
PN12,PN12-4.edf,6255,6245,6255,6195,6255,True,True,False,True,0,10194,0,negative,,,0.03850051285599751,0.90000000000000002,E1_RF,20260922,True,nested,"[""PN12-1.2.edf"", ""PN12-3.edf""]"
PN12,PN12-4.edf,6260,6250,6260,6200,6260,True,True,False,True,0,10194,0,negative,,,0.052828505092642232,0.90000000000000002,E1_RF,20260922,True,nested,"[""PN12-1.2.edf"", ""PN12-3.edf""]"
PN12,PN12-4.edf,6265,6255,6265,6205,6265,True,True,False,True,0,10194,0,negative,,,0.14948410811950222,0.90000000000000002,E1_RF,20260922,True,nested,"[""PN12-1.2.edf"", ""PN12-3.edf""]"
PN12,PN12-4.edf,6270,6260,6270,6210,6270,True,True,False,True,0,10194,0,negative,,,0.036287473240830523,0.90000000000000002,E1_RF,20260922,True,nested,"[""PN12-1.2.edf"", ""PN12-3.edf""]"
PN12,PN12-4.edf,6275,6265,6275,6215,6275,True,True,False,True,0,10194,0,negative,,,0.041424810274212076,0.90000000000000002,E1_RF,20260922,True,nested,"[""PN12-1.2.edf"", ""PN12-3.edf""]"
PN12,PN12-4.edf,6280,6270,6280,6220,6280,True,True,False,True,0,10194,0,negative,,,0.087445350497762461,0.90000000000000002,E1_RF,20260922,True,nested,"[""PN12-1.2.edf"", ""PN12-3.edf""]"
PN12,PN12-4.edf,6285,6275,6285,6225,6285,True,True,False,True,0,10194,0,negative,,,0.062249683166096845,0.90000000000000002,E1_RF,20260922,True,nested,"[""PN12-1.2.edf"", ""PN12-3.edf""]"
PN12,PN12-4.edf,6290,6280,6290,6230,6290,True,True,False,True,0,10194,0,negative,,,0,0.90000000000000002,E1_RF,20260922,True,nested,"[""PN12-1.2.edf"", ""PN12-3.edf""]"
PN12,PN12-4.edf,6295,6285,6295,6235,6295,True,True,False,True,0,10194,0,negative,,,0,0.90000000000000002,E1_RF,20260922,True,nested,"[""PN12-1.2.edf"", ""PN12-3.edf""]"
PN12,PN12-4.edf,6300,6290,6300,6240,6300,True,True,False,True,0,10194,0,negative,,,0,0.90000000000000002,E1_RF,20260922,True,nested,"[""PN12-1.2.edf"", ""PN12-3.edf""]"
PN12,PN12-4.edf,6305,6295,6305,6245,6305,True,True,False,True,0,10194,0,negative,,,0,0.90000000000000002,E1_RF,20260922,True,nested,"[""PN12-1.2.edf"", ""PN12-3.edf""]"
PN12,PN12-4.edf,6310,6300,6310,6250,6310,True,True,False,True,0,10194,0,negative,,,0,0.90000000000000002,E1_RF,20260922,True,nested,"[""PN12-1.2.edf"", ""PN12-3.edf""]"
PN12,PN12-4.edf,6315,6305,6315,6255,6315,True,True,False,True,0,10194,0,negative,,,0,0.90000000000000002,E1_RF,20260922,True,nested,"[""PN12-1.2.edf"", ""PN12-3.edf""]"
PN12,PN12-4.edf,6320,6310,6320,6260,6320,True,True,False,True,0,10194,0,negative,,,0,0.90000000000000002,E1_RF,20260922,True,nested,"[""PN12-1.2.edf"", ""PN12-3.edf""]"
PN12,PN12-4.edf,6325,6315,6325,6265,6325,True,True,False,True,0,10194,0,negative,,,0,0.90000000000000002,E1_RF,20260922,True,nested,"[""PN12-1.2.edf"", ""PN12-3.edf""]"
PN12,PN12-4.edf,6330,6320,6330,6270,6330,True,True,False,True,0,10194,0,negative,,,0,0.90000000000000002,E1_RF,20260922,True,nested,"[""PN12-1.2.edf"", ""PN12-3.edf""]"
PN12,PN12-4.edf,6335,6325,6335,6275,6335,True,True,False,True,0,10194,0,negative,,,0,0.90000000000000002,E1_RF,20260922,True,nested,"[""PN12-1.2.edf"", ""PN12-3.edf""]"
PN12,PN12-4.edf,6340,6330,6340,6280,6340,True,True,False,True,0,10194,0,negative,,,0,0.90000000000000002,E1_RF,20260922,True,nested,"[""PN12-1.2.edf"", ""PN12-3.edf""]"
PN12,PN12-4.edf,6345,6335,6345,6285,6345,True,True,False,True,0,10194,0,negative,,,0,0.90000000000000002,E1_RF,20260922,True,nested,"[""PN12-1.2.edf"", ""PN12-3.edf""]"
PN12,PN12-4.edf,6350,6340,6350,6290,6350,True,True,False,True,0,10194,0,negative,,,0,0.90000000000000002,E1_RF,20260922,True,nested,"[""PN12-1.2.edf"", ""PN12-3.edf""]"
PN12,PN12-4.edf,6355,6345,6355,6295,6355,True,True,False,True,0,10194,0,negative,,,0,0.90000000000000002,E1_RF,20260922,True,nested,"[""PN12-1.2.edf"", ""PN12-3.edf""]"
PN12,PN12-4.edf,6360,6350,6360,6300,6360,True,True,False,True,0,10194,0,negative,,,0,0.90000000000000002,E1_RF,20260922,True,nested,"[""PN12-1.2.edf"", ""PN12-3.edf""]"
PN12,PN12-4.edf,6365,6355,6365,6305,6365,True,True,False,True,0,10194,0,negative,,,0,0.90000000000000002,E1_RF,20260922,True,nested,"[""PN12-1.2.edf"", ""PN12-3.edf""]"
PN12,PN12-4.edf,6370,6360,6370,6310,6370,True,True,False,True,0,10194,0,negative,,,0,0.90000000000000002,E1_RF,20260922,True,nested,"[""PN12-1.2.edf"", ""PN12-3.edf""]"
PN12,PN12-4.edf,6375,6365,6375,6315,6375,True,True,False,True,0,10194,0,negative,,,0,0.90000000000000002,E1_RF,20260922,True,nested,"[""PN12-1.2.edf"", ""PN12-3.edf""]"
PN12,PN12-4.edf,6380,6370,6380,6320,6380,True,True,False,True,0,10194,0,negative,,,0.0050116550116550114,0.90000000000000002,E1_RF,20260922,True,nested,"[""PN12-1.2.edf"", ""PN12-3.edf""]"
PN12,PN12-4.edf,6385,6375,6385,6325,6385,True,True,False,True,0,10194,0,negative,,,0,0.90000000000000002,E1_RF,20260922,True,nested,"[""PN12-1.2.edf"", ""PN12-3.edf""]"
PN12,PN12-4.edf,6390,6380,6390,6330,6390,True,True,False,True,0,10194,0,negative,,,0,0.90000000000000002,E1_RF,20260922,True,nested,"[""PN12-1.2.edf"", ""PN12-3.edf""]"
PN12,PN12-4.edf,6395,6385,6395,6335,6395,True,True,False,True,0,10194,0,negative,,,0,0.90000000000000002,E1_RF,20260922,True,nested,"[""PN12-1.2.edf"", ""PN12-3.edf""]"
PN12,PN12-4.edf,6400,6390,6400,6340,6400,True,True,False,True,0,10194,0,negative,,,0,0.90000000000000002,E1_RF,20260922,True,nested,"[""PN12-1.2.edf"", ""PN12-3.edf""]"
PN12,PN12-4.edf,6405,6395,6405,6345,6405,True,True,False,True,0,10194,0,negative,,,0,0.90000000000000002,E1_RF,20260922,True,nested,"[""PN12-1.2.edf"", ""PN12-3.edf""]"
PN12,PN12-4.edf,6410,6400,6410,6350,6410,True,True,False,True,0,10194,0,negative,,,0,0.90000000000000002,E1_RF,20260922,True,nested,"[""PN12-1.2.edf"", ""PN12-3.edf""]"
PN12,PN12-4.edf,6415,6405,6415,6355,6415,True,True,False,True,0,10194,0,negative,,,0,0.90000000000000002,E1_RF,20260922,True,nested,"[""PN12-1.2.edf"", ""PN12-3.edf""]"
PN12,PN12-4.edf,6420,6410,6420,6360,6420,True,True,False,True,0,10194,0,negative,,,0.0024358974358974356,0.90000000000000002,E1_RF,20260922,True,nested,"[""PN12-1.2.edf"", ""PN12-3.edf""]"
PN12,PN12-4.edf,6425,6415,6425,6365,6425,True,True,False,True,0,10194,0,negative,,,0,0.90000000000000002,E1_RF,20260922,True,nested,"[""PN12-1.2.edf"", ""PN12-3.edf""]"
PN12,PN12-4.edf,6430,6420,6430,6370,6430,True,True,False,True,0,10194,0,negative,,,0,0.90000000000000002,E1_RF,20260922,True,nested,"[""PN12-1.2.edf"", ""PN12-3.edf""]"
PN12,PN12-4.edf,6435,6425,6435,6375,6435,True,True,False,True,0,10194,0,negative,,,0,0.90000000000000002,E1_RF,20260922,True,nested,"[""PN12-1.2.edf"", ""PN12-3.edf""]"
PN12,PN12-4.edf,6440,6430,6440,6380,6440,True,True,False,True,0,10194,0,negative,,,0.0023232323232323234,0.90000000000000002,E1_RF,20260922,True,nested,"[""PN12-1.2.edf"", ""PN12-3.edf""]"
PN12,PN12-4.edf,6445,6435,6445,6385,6445,True,True,False,True,0,10194,0,negative,,,0,0.90000000000000002,E1_RF,20260922,True,nested,"[""PN12-1.2.edf"", ""PN12-3.edf""]"
PN12,PN12-4.edf,6450,6440,6450,6390,6450,True,True,False,True,0,10194,0,negative,,,0,0.90000000000000002,E1_RF,20260922,True,nested,"[""PN12-1.2.edf"", ""PN12-3.edf""]"
PN12,PN12-4.edf,6455,6445,6455,6395,6455,True,True,False,True,0,10194,0,negative,,,0,0.90000000000000002,E1_RF,20260922,True,nested,"[""PN12-1.2.edf"", ""PN12-3.edf""]"
PN12,PN12-4.edf,6460,6450,6460,6400,6460,True,True,False,True,0,10194,0,negative,,,0,0.90000000000000002,E1_RF,20260922,True,nested,"[""PN12-1.2.edf"", ""PN12-3.edf""]"
PN12,PN12-4.edf,6465,6455,6465,6405,6465,True,True,False,True,0,10194,0,negative,,,0,0.90000000000000002,E1_RF,20260922,True,nested,"[""PN12-1.2.edf"", ""PN12-3.edf""]"
PN12,PN12-4.edf,6470,6460,6470,6410,6470,True,True,False,True,0,10194,0,negative,,,0,0.90000000000000002,E1_RF,20260922,True,nested,"[""PN12-1.2.edf"", ""PN12-3.edf""]"
PN12,PN12-4.edf,6475,6465,6475,6415,6475,True,True,False,True,0,10194,0,negative,,,0,0.90000000000000002,E1_RF,20260922,True,nested,"[""PN12-1.2.edf"", ""PN12-3.edf""]"
PN12,PN12-4.edf,6480,6470,6480,6420,6480,True,True,False,True,0,10194,0,negative,,,0,0.90000000000000002,E1_RF,20260922,True,nested,"[""PN12-1.2.edf"", ""PN12-3.edf""]"
PN12,PN12-4.edf,6485,6475,6485,6425,6485,True,True,False,True,0,10194,0,negative,,,0,0.90000000000000002,E1_RF,20260922,True,nested,"[""PN12-1.2.edf"", ""PN12-3.edf""]"
PN12,PN12-4.edf,6490,6480,6490,6430,6490,True,True,False,True,0,10194,0,negative,,,0,0.90000000000000002,E1_RF,20260922,True,nested,"[""PN12-1.2.edf"", ""PN12-3.edf""]"
PN12,PN12-4.edf,6495,6485,6495,6435,6495,True,True,False,True,0,10194,0,negative,,,0,0.90000000000000002,E1_RF,20260922,True,nested,"[""PN12-1.2.edf"", ""PN12-3.edf""]"
PN12,PN12-4.edf,6500,6490,6500,6440,6500,True,True,False,True,0,10194,0,negative,,,0,0.90000000000000002,E1_RF,20260922,True,nested,"[""PN12-1.2.edf"", ""PN12-3.edf""]"
PN12,PN12-4.edf,6505,6495,6505,6445,6505,True,True,False,True,0,10194,0,negative,,,0,0.90000000000000002,E1_RF,20260922,True,nested,"[""PN12-1.2.edf"", ""PN12-3.edf""]"
PN12,PN12-4.edf,6510,6500,6510,6450,6510,True,True,False,True,0,10194,0,negative,,,0,0.90000000000000002,E1_RF,20260922,True,nested,"[""PN12-1.2.edf"", ""PN12-3.edf""]"
PN12,PN12-4.edf,6515,6505,6515,6455,6515,True,True,False,True,0,10194,0,negative,,,0.035140730964596627,0.90000000000000002,E1_RF,20260922,True,nested,"[""PN12-1.2.edf"", ""PN12-3.edf""]"
PN12,PN12-4.edf,6520,6510,6520,6460,6520,True,True,False,True,0,10194,0,negative,,,0.019019533427257786,0.90000000000000002,E1_RF,20260922,True,nested,"[""PN12-1.2.edf"", ""PN12-3.edf""]"
PN12,PN12-4.edf,6525,6515,6525,6465,6525,True,True,False,True,0,10194,0,negative,,,0.0032338308457711446,0.90000000000000002,E1_RF,20260922,True,nested,"[""PN12-1.2.edf"", ""PN12-3.edf""]"
PN12,PN12-4.edf,6530,6520,6530,6470,6530,True,True,False,True,0,10194,0,negative,,,0.0030612244897959186,0.90000000000000002,E1_RF,20260922,True,nested,"[""PN12-1.2.edf"", ""PN12-3.edf""]"
PN12,PN12-4.edf,6535,6525,6535,6475,6535,True,True,False,True,0,10194,0,negative,,,0,0.90000000000000002,E1_RF,20260922,True,nested,"[""PN12-1.2.edf"", ""PN12-3.edf""]"
PN12,PN12-4.edf,6540,6530,6540,6480,6540,True,True,False,True,0,10194,0,negative,,,0,0.90000000000000002,E1_RF,20260922,True,nested,"[""PN12-1.2.edf"", ""PN12-3.edf""]"
PN12,PN12-4.edf,6545,6535,6545,6485,6545,True,True,False,True,0,10194,0,negative,,,0,0.90000000000000002,E1_RF,20260922,True,nested,"[""PN12-1.2.edf"", ""PN12-3.edf""]"
PN12,PN12-4.edf,6550,6540,6550,6490,6550,True,True,False,True,0,10194,0,negative,,,0,0.90000000000000002,E1_RF,20260922,True,nested,"[""PN12-1.2.edf"", ""PN12-3.edf""]"
PN12,PN12-4.edf,6555,6545,6555,6495,6555,True,True,False,True,0,10194,0,negative,,,0,0.90000000000000002,E1_RF,20260922,True,nested,"[""PN12-1.2.edf"", ""PN12-3.edf""]"
PN12,PN12-4.edf,6560,6550,6560,6500,6560,True,True,False,True,0,10194,0,negative,,,0,0.90000000000000002,E1_RF,20260922,True,nested,"[""PN12-1.2.edf"", ""PN12-3.edf""]"
PN12,PN12-4.edf,6565,6555,6565,6505,6565,True,True,False,True,0,10194,0,negative,,,0,0.90000000000000002,E1_RF,20260922,True,nested,"[""PN12-1.2.edf"", ""PN12-3.edf""]"
PN12,PN12-4.edf,6570,6560,6570,6510,6570,True,True,False,True,0,10194,0,negative,,,0,0.90000000000000002,E1_RF,20260922,True,nested,"[""PN12-1.2.edf"", ""PN12-3.edf""]"
PN12,PN12-4.edf,6575,6565,6575,6515,6575,True,True,False,True,0,10194,0,negative,,,0,0.90000000000000002,E1_RF,20260922,True,nested,"[""PN12-1.2.edf"", ""PN12-3.edf""]"
PN12,PN12-4.edf,6580,6570,6580,6520,6580,True,True,False,True,0,10194,0,negative,,,0,0.90000000000000002,E1_RF,20260922,True,nested,"[""PN12-1.2.edf"", ""PN12-3.edf""]"
PN12,PN12-4.edf,6585,6575,6585,6525,6585,True,True,False,True,0,10194,0,negative,,,0,0.90000000000000002,E1_RF,20260922,True,nested,"[""PN12-1.2.edf"", ""PN12-3.edf""]"
PN12,PN12-4.edf,6590,6580,6590,6530,6590,True,True,False,True,0,10194,0,negative,,,0,0.90000000000000002,E1_RF,20260922,True,nested,"[""PN12-1.2.edf"", ""PN12-3.edf""]"
PN12,PN12-4.edf,6595,6585,6595,6535,6595,True,True,False,True,0,10194,0,negative,,,0,0.90000000000000002,E1_RF,20260922,True,nested,"[""PN12-1.2.edf"", ""PN12-3.edf""]"
PN12,PN12-4.edf,6600,6590,6600,6540,6600,True,True,False,True,0,10194,0,negative,,,0.002666666666666667,0.90000000000000002,E1_RF,20260922,True,nested,"[""PN12-1.2.edf"", ""PN12-3.edf""]"
PN12,PN12-4.edf,6605,6595,6605,6545,6605,True,True,False,True,0,10194,0,negative,,,0.005603174603174603,0.90000000000000002,E1_RF,20260922,True,nested,"[""PN12-1.2.edf"", ""PN12-3.edf""]"
PN12,PN12-4.edf,6610,6600,6610,6550,6610,True,True,False,True,0,10194,0,negative,,,0.015331281754752863,0.90000000000000002,E1_RF,20260922,True,nested,"[""PN12-1.2.edf"", ""PN12-3.edf""]"
PN12,PN12-4.edf,6615,6605,6615,6555,6615,True,True,False,True,0,10194,0,negative,,,0.004363095238095238,0.90000000000000002,E1_RF,20260922,True,nested,"[""PN12-1.2.edf"", ""PN12-3.edf""]"
PN12,PN12-4.edf,6620,6610,6620,6560,6620,True,True,False,True,0,10194,0,negative,,,0,0.90000000000000002,E1_RF,20260922,True,nested,"[""PN12-1.2.edf"", ""PN12-3.edf""]"
PN12,PN12-4.edf,6625,6615,6625,6565,6625,True,True,False,True,0,10194,0,negative,,,0.017775468336721532,0.90000000000000002,E1_RF,20260922,True,nested,"[""PN12-1.2.edf"", ""PN12-3.edf""]"
PN12,PN12-4.edf,6630,6620,6630,6570,6630,True,True,False,True,0,10194,0,negative,,,0,0.90000000000000002,E1_RF,20260922,True,nested,"[""PN12-1.2.edf"", ""PN12-3.edf""]"
PN12,PN12-4.edf,6635,6625,6635,6575,6635,True,True,False,True,0,10194,0,negative,,,0,0.90000000000000002,E1_RF,20260922,True,nested,"[""PN12-1.2.edf"", ""PN12-3.edf""]"
PN12,PN12-4.edf,6640,6630,6640,6580,6640,True,True,False,True,0,10194,0,negative,,,0,0.90000000000000002,E1_RF,20260922,True,nested,"[""PN12-1.2.edf"", ""PN12-3.edf""]"
PN12,PN12-4.edf,6645,6635,6645,6585,6645,True,True,False,True,0,10194,0,negative,,,0,0.90000000000000002,E1_RF,20260922,True,nested,"[""PN12-1.2.edf"", ""PN12-3.edf""]"
PN12,PN12-4.edf,6650,6640,6650,6590,6650,True,True,False,True,0,10194,0,negative,,,0.002666666666666667,0.90000000000000002,E1_RF,20260922,True,nested,"[""PN12-1.2.edf"", ""PN12-3.edf""]"
PN12,PN12-4.edf,6655,6645,6655,6595,6655,True,True,False,True,0,10194,0,negative,,,0,0.90000000000000002,E1_RF,20260922,True,nested,"[""PN12-1.2.edf"", ""PN12-3.edf""]"
PN12,PN12-4.edf,6660,6650,6660,6600,6660,True,True,False,True,0,10194,0,negative,,,0,0.90000000000000002,E1_RF,20260922,True,nested,"[""PN12-1.2.edf"", ""PN12-3.edf""]"
PN12,PN12-4.edf,6665,6655,6665,6605,6665,True,True,False,True,0,10194,0,negative,,,0,0.90000000000000002,E1_RF,20260922,True,nested,"[""PN12-1.2.edf"", ""PN12-3.edf""]"
PN12,PN12-4.edf,6670,6660,6670,6610,6670,True,True,False,True,0,10194,0,negative,,,0,0.90000000000000002,E1_RF,20260922,True,nested,"[""PN12-1.2.edf"", ""PN12-3.edf""]"
PN12,PN12-4.edf,6675,6665,6675,6615,6675,True,True,False,True,0,10194,0,negative,,,0.018833277536793428,0.90000000000000002,E1_RF,20260922,True,nested,"[""PN12-1.2.edf"", ""PN12-3.edf""]"
PN12,PN12-4.edf,6680,6670,6680,6620,6680,True,True,False,True,0,10194,0,negative,,,0.0026984126984126986,0.90000000000000002,E1_RF,20260922,True,nested,"[""PN12-1.2.edf"", ""PN12-3.edf""]"
PN12,PN12-4.edf,6685,6675,6685,6625,6685,True,True,False,True,0,10194,0,negative,,,0,0.90000000000000002,E1_RF,20260922,True,nested,"[""PN12-1.2.edf"", ""PN12-3.edf""]"
PN12,PN12-4.edf,6690,6680,6690,6630,6690,True,True,False,True,0,10194,0,negative,,,0.0024358974358974356,0.90000000000000002,E1_RF,20260922,True,nested,"[""PN12-1.2.edf"", ""PN12-3.edf""]"
PN12,PN12-4.edf,6695,6685,6695,6635,6695,True,True,False,True,0,10194,0,negative,,,0.0024358974358974356,0.90000000000000002,E1_RF,20260922,True,nested,"[""PN12-1.2.edf"", ""PN12-3.edf""]"
PN12,PN12-4.edf,6700,6690,6700,6640,6700,True,True,False,True,0,10194,0,negative,,,0.031723796109668856,0.90000000000000002,E1_RF,20260922,True,nested,"[""PN12-1.2.edf"", ""PN12-3.edf""]"
PN12,PN12-4.edf,6705,6695,6705,6645,6705,True,True,False,True,0,10194,0,negative,,,0,0.90000000000000002,E1_RF,20260922,True,nested,"[""PN12-1.2.edf"", ""PN12-3.edf""]"
PN12,PN12-4.edf,6710,6700,6710,6650,6710,True,True,False,True,0,10194,0,negative,,,0,0.90000000000000002,E1_RF,20260922,True,nested,"[""PN12-1.2.edf"", ""PN12-3.edf""]"
PN12,PN12-4.edf,6715,6705,6715,6655,6715,True,True,False,True,0,10194,0,negative,,,0,0.90000000000000002,E1_RF,20260922,True,nested,"[""PN12-1.2.edf"", ""PN12-3.edf""]"
PN12,PN12-4.edf,6720,6710,6720,6660,6720,True,True,False,True,0,10194,0,negative,,,0,0.90000000000000002,E1_RF,20260922,True,nested,"[""PN12-1.2.edf"", ""PN12-3.edf""]"
PN12,PN12-4.edf,6725,6715,6725,6665,6725,True,True,False,True,0,10194,0,negative,,,0,0.90000000000000002,E1_RF,20260922,True,nested,"[""PN12-1.2.edf"", ""PN12-3.edf""]"
PN12,PN12-4.edf,6730,6720,6730,6670,6730,True,True,False,True,0,10194,0,negative,,,0.0060138888888888889,0.90000000000000002,E1_RF,20260922,True,nested,"[""PN12-1.2.edf"", ""PN12-3.edf""]"
PN12,PN12-4.edf,6735,6725,6735,6675,6735,True,True,False,True,0,10194,0,negative,,,0.0052012882447665058,0.90000000000000002,E1_RF,20260922,True,nested,"[""PN12-1.2.edf"", ""PN12-3.edf""]"
PN12,PN12-4.edf,6740,6730,6740,6680,6740,True,True,False,True,0,10194,0,negative,,,0.0026923076923076922,0.90000000000000002,E1_RF,20260922,True,nested,"[""PN12-1.2.edf"", ""PN12-3.edf""]"
PN12,PN12-4.edf,6745,6735,6745,6685,6745,True,True,False,True,0,10194,0,negative,,,0.0070984379605069257,0.90000000000000002,E1_RF,20260922,True,nested,"[""PN12-1.2.edf"", ""PN12-3.edf""]"
PN12,PN12-4.edf,6750,6740,6750,6690,6750,True,True,False,True,0,10194,0,negative,,,0.0017624521072796934,0.90000000000000002,E1_RF,20260922,True,nested,"[""PN12-1.2.edf"", ""PN12-3.edf""]"
PN12,PN12-4.edf,6755,6745,6755,6695,6755,True,True,False,True,0,10194,0,negative,,,0.052169712597495081,0.90000000000000002,E1_RF,20260922,True,nested,"[""PN12-1.2.edf"", ""PN12-3.edf""]"
PN12,PN12-4.edf,6760,6750,6760,6700,6760,True,True,False,True,0,10194,0,negative,,,0.0055689811663262997,0.90000000000000002,E1_RF,20260922,True,nested,"[""PN12-1.2.edf"", ""PN12-3.edf""]"
PN12,PN12-4.edf,6765,6755,6765,6705,6765,True,True,False,True,0,10194,0,negative,,,0,0.90000000000000002,E1_RF,20260922,True,nested,"[""PN12-1.2.edf"", ""PN12-3.edf""]"
PN12,PN12-4.edf,6770,6760,6770,6710,6770,True,True,False,True,0,10194,0,negative,,,0,0.90000000000000002,E1_RF,20260922,True,nested,"[""PN12-1.2.edf"", ""PN12-3.edf""]"
PN12,PN12-4.edf,6775,6765,6775,6715,6775,True,True,False,True,0,10194,0,negative,,,0,0.90000000000000002,E1_RF,20260922,True,nested,"[""PN12-1.2.edf"", ""PN12-3.edf""]"
PN12,PN12-4.edf,6780,6770,6780,6720,6780,True,True,False,True,0,10194,0,negative,,,0,0.90000000000000002,E1_RF,20260922,True,nested,"[""PN12-1.2.edf"", ""PN12-3.edf""]"
PN12,PN12-4.edf,6785,6775,6785,6725,6785,True,True,False,True,0,10194,0,negative,,,0,0.90000000000000002,E1_RF,20260922,True,nested,"[""PN12-1.2.edf"", ""PN12-3.edf""]"
PN12,PN12-4.edf,6790,6780,6790,6730,6790,True,True,False,True,0,10194,0,negative,,,0,0.90000000000000002,E1_RF,20260922,True,nested,"[""PN12-1.2.edf"", ""PN12-3.edf""]"
PN12,PN12-4.edf,6795,6785,6795,6735,6795,True,True,False,True,0,10194,0,negative,,,0,0.90000000000000002,E1_RF,20260922,True,nested,"[""PN12-1.2.edf"", ""PN12-3.edf""]"
PN12,PN12-4.edf,6800,6790,6800,6740,6800,True,True,False,True,0,10194,0,negative,,,0,0.90000000000000002,E1_RF,20260922,True,nested,"[""PN12-1.2.edf"", ""PN12-3.edf""]"
PN12,PN12-4.edf,6805,6795,6805,6745,6805,True,True,False,True,0,10194,0,negative,,,0,0.90000000000000002,E1_RF,20260922,True,nested,"[""PN12-1.2.edf"", ""PN12-3.edf""]"
PN12,PN12-4.edf,6810,6800,6810,6750,6810,True,True,False,True,0,10194,0,negative,,,0,0.90000000000000002,E1_RF,20260922,True,nested,"[""PN12-1.2.edf"", ""PN12-3.edf""]"
PN12,PN12-4.edf,6815,6805,6815,6755,6815,True,True,False,True,0,10194,0,negative,,,0.0087275422989708702,0.90000000000000002,E1_RF,20260922,True,nested,"[""PN12-1.2.edf"", ""PN12-3.edf""]"
PN12,PN12-4.edf,6820,6810,6820,6760,6820,True,True,False,True,0,10194,0,negative,,,0.11265052347638384,0.90000000000000002,E1_RF,20260922,True,nested,"[""PN12-1.2.edf"", ""PN12-3.edf""]"
PN12,PN12-4.edf,6825,6815,6825,6765,6825,True,True,False,True,0,10194,0,negative,,,0.031599438642844861,0.90000000000000002,E1_RF,20260922,True,nested,"[""PN12-1.2.edf"", ""PN12-3.edf""]"
PN12,PN12-4.edf,6830,6820,6830,6770,6830,True,True,False,True,0,10194,0,negative,,,0.01379118382985378,0.90000000000000002,E1_RF,20260922,True,nested,"[""PN12-1.2.edf"", ""PN12-3.edf""]"
PN12,PN12-4.edf,6835,6825,6835,6775,6835,True,True,False,True,0,10194,0,negative,,,0.0056369820655534945,0.90000000000000002,E1_RF,20260922,True,nested,"[""PN12-1.2.edf"", ""PN12-3.edf""]"
PN12,PN12-4.edf,6840,6830,6840,6780,6840,True,True,False,True,0,10194,0,negative,,,0,0.90000000000000002,E1_RF,20260922,True,nested,"[""PN12-1.2.edf"", ""PN12-3.edf""]"
PN12,PN12-4.edf,6845,6835,6845,6785,6845,True,True,False,True,0,10194,0,negative,,,0,0.90000000000000002,E1_RF,20260922,True,nested,"[""PN12-1.2.edf"", ""PN12-3.edf""]"
PN12,PN12-4.edf,6850,6840,6850,6790,6850,True,True,False,True,0,10194,0,negative,,,0,0.90000000000000002,E1_RF,20260922,True,nested,"[""PN12-1.2.edf"", ""PN12-3.edf""]"
PN12,PN12-4.edf,6855,6845,6855,6795,6855,True,True,False,True,0,10194,0,negative,,,0,0.90000000000000002,E1_RF,20260922,True,nested,"[""PN12-1.2.edf"", ""PN12-3.edf""]"
PN12,PN12-4.edf,6860,6850,6860,6800,6860,True,True,False,True,0,10194,0,negative,,,0,0.90000000000000002,E1_RF,20260922,True,nested,"[""PN12-1.2.edf"", ""PN12-3.edf""]"
PN12,PN12-4.edf,6865,6855,6865,6805,6865,True,True,False,True,0,10194,0,negative,,,0,0.90000000000000002,E1_RF,20260922,True,nested,"[""PN12-1.2.edf"", ""PN12-3.edf""]"
PN12,PN12-4.edf,6870,6860,6870,6810,6870,True,True,False,True,0,10194,0,negative,,,0,0.90000000000000002,E1_RF,20260922,True,nested,"[""PN12-1.2.edf"", ""PN12-3.edf""]"
PN12,PN12-4.edf,6875,6865,6875,6815,6875,True,True,False,True,0,10194,0,negative,,,0,0.90000000000000002,E1_RF,20260922,True,nested,"[""PN12-1.2.edf"", ""PN12-3.edf""]"
PN12,PN12-4.edf,6880,6870,6880,6820,6880,True,True,False,True,0,10194,0,negative,,,0,0.90000000000000002,E1_RF,20260922,True,nested,"[""PN12-1.2.edf"", ""PN12-3.edf""]"
PN12,PN12-4.edf,6885,6875,6885,6825,6885,True,True,False,True,0,10194,0,negative,,,0,0.90000000000000002,E1_RF,20260922,True,nested,"[""PN12-1.2.edf"", ""PN12-3.edf""]"
PN12,PN12-4.edf,6890,6880,6890,6830,6890,True,True,False,True,0,10194,0,negative,,,0,0.90000000000000002,E1_RF,20260922,True,nested,"[""PN12-1.2.edf"", ""PN12-3.edf""]"
PN12,PN12-4.edf,6895,6885,6895,6835,6895,True,True,False,True,0,10194,0,negative,,,0,0.90000000000000002,E1_RF,20260922,True,nested,"[""PN12-1.2.edf"", ""PN12-3.edf""]"
PN12,PN12-4.edf,6900,6890,6900,6840,6900,True,True,False,True,0,10194,0,negative,,,0,0.90000000000000002,E1_RF,20260922,True,nested,"[""PN12-1.2.edf"", ""PN12-3.edf""]"
PN12,PN12-4.edf,6905,6895,6905,6845,6905,True,True,False,True,0,10194,0,negative,,,0.060020850089408287,0.90000000000000002,E1_RF,20260922,True,nested,"[""PN12-1.2.edf"", ""PN12-3.edf""]"
PN12,PN12-4.edf,6910,6900,6910,6850,6910,True,True,False,True,0,10194,0,negative,,,0.066757737503419359,0.90000000000000002,E1_RF,20260922,True,nested,"[""PN12-1.2.edf"", ""PN12-3.edf""]"
PN12,PN12-4.edf,6915,6905,6915,6855,6915,True,True,False,True,0,10194,0,negative,,,0,0.90000000000000002,E1_RF,20260922,True,nested,"[""PN12-1.2.edf"", ""PN12-3.edf""]"
PN12,PN12-4.edf,6920,6910,6920,6860,6920,True,True,False,True,0,10194,0,negative,,,0,0.90000000000000002,E1_RF,20260922,True,nested,"[""PN12-1.2.edf"", ""PN12-3.edf""]"
PN12,PN12-4.edf,6925,6915,6925,6865,6925,True,True,False,True,0,10194,0,negative,,,0,0.90000000000000002,E1_RF,20260922,True,nested,"[""PN12-1.2.edf"", ""PN12-3.edf""]"
PN12,PN12-4.edf,6930,6920,6930,6870,6930,True,True,False,True,0,10194,0,negative,,,0.0053391232423490483,0.90000000000000002,E1_RF,20260922,True,nested,"[""PN12-1.2.edf"", ""PN12-3.edf""]"
PN12,PN12-4.edf,6935,6925,6935,6875,6935,True,True,False,True,0,10194,0,negative,,,0.11869758255384225,0.90000000000000002,E1_RF,20260922,True,nested,"[""PN12-1.2.edf"", ""PN12-3.edf""]"
PN12,PN12-4.edf,6940,6930,6940,6880,6940,True,True,False,True,0,10194,0,negative,,,0.24365202036374395,0.90000000000000002,E1_RF,20260922,True,nested,"[""PN12-1.2.edf"", ""PN12-3.edf""]"
PN12,PN12-4.edf,6945,6935,6945,6885,6945,True,True,False,True,0,10194,0,negative,,,0.039573094230290221,0.90000000000000002,E1_RF,20260922,True,nested,"[""PN12-1.2.edf"", ""PN12-3.edf""]"
PN12,PN12-4.edf,6950,6940,6950,6890,6950,True,True,False,True,0,10194,0,negative,,,0.0024358974358974356,0.90000000000000002,E1_RF,20260922,True,nested,"[""PN12-1.2.edf"", ""PN12-3.edf""]"
PN12,PN12-4.edf,6955,6945,6955,6895,6955,True,True,False,True,0,10194,0,negative,,,0,0.90000000000000002,E1_RF,20260922,True,nested,"[""PN12-1.2.edf"", ""PN12-3.edf""]"
PN12,PN12-4.edf,6960,6950,6960,6900,6960,True,True,False,True,0,10194,0,negative,,,0,0.90000000000000002,E1_RF,20260922,True,nested,"[""PN12-1.2.edf"", ""PN12-3.edf""]"
PN12,PN12-4.edf,6965,6955,6965,6905,6965,True,True,False,True,0,10194,0,negative,,,0,0.90000000000000002,E1_RF,20260922,True,nested,"[""PN12-1.2.edf"", ""PN12-3.edf""]"
PN12,PN12-4.edf,6970,6960,6970,6910,6970,True,True,False,True,0,10194,0,negative,,,0,0.90000000000000002,E1_RF,20260922,True,nested,"[""PN12-1.2.edf"", ""PN12-3.edf""]"
PN12,PN12-4.edf,6975,6965,6975,6915,6975,True,True,False,True,0,10194,0,negative,,,0,0.90000000000000002,E1_RF,20260922,True,nested,"[""PN12-1.2.edf"", ""PN12-3.edf""]"
PN12,PN12-4.edf,6980,6970,6980,6920,6980,True,True,False,True,0,10194,0,negative,,,0,0.90000000000000002,E1_RF,20260922,True,nested,"[""PN12-1.2.edf"", ""PN12-3.edf""]"
PN12,PN12-4.edf,6985,6975,6985,6925,6985,True,True,False,True,0,10194,0,negative,,,0,0.90000000000000002,E1_RF,20260922,True,nested,"[""PN12-1.2.edf"", ""PN12-3.edf""]"
PN12,PN12-4.edf,6990,6980,6990,6930,6990,True,True,False,True,0,10194,0,negative,,,0,0.90000000000000002,E1_RF,20260922,True,nested,"[""PN12-1.2.edf"", ""PN12-3.edf""]"
PN12,PN12-4.edf,6995,6985,6995,6935,6995,True,True,False,True,0,10194,0,negative,,,0,0.90000000000000002,E1_RF,20260922,True,nested,"[""PN12-1.2.edf"", ""PN12-3.edf""]"
PN12,PN12-4.edf,7000,6990,7000,6940,7000,True,True,False,True,0,10194,0,negative,,,0,0.90000000000000002,E1_RF,20260922,True,nested,"[""PN12-1.2.edf"", ""PN12-3.edf""]"
PN12,PN12-4.edf,7005,6995,7005,6945,7005,True,True,False,True,0,10194,0,negative,,,0,0.90000000000000002,E1_RF,20260922,True,nested,"[""PN12-1.2.edf"", ""PN12-3.edf""]"
PN12,PN12-4.edf,7010,7000,7010,6950,7010,True,True,False,True,0,10194,0,negative,,,0,0.90000000000000002,E1_RF,20260922,True,nested,"[""PN12-1.2.edf"", ""PN12-3.edf""]"
PN12,PN12-4.edf,7015,7005,7015,6955,7015,True,True,False,True,0,10194,0,negative,,,0,0.90000000000000002,E1_RF,20260922,True,nested,"[""PN12-1.2.edf"", ""PN12-3.edf""]"
PN12,PN12-4.edf,7020,7010,7020,6960,7020,True,True,False,True,0,10194,0,negative,,,0,0.90000000000000002,E1_RF,20260922,True,nested,"[""PN12-1.2.edf"", ""PN12-3.edf""]"
PN12,PN12-4.edf,7025,7015,7025,6965,7025,True,True,False,True,0,10194,0,negative,,,0,0.90000000000000002,E1_RF,20260922,True,nested,"[""PN12-1.2.edf"", ""PN12-3.edf""]"
PN12,PN12-4.edf,7030,7020,7030,6970,7030,True,True,False,True,0,10194,0,negative,,,0,0.90000000000000002,E1_RF,20260922,True,nested,"[""PN12-1.2.edf"", ""PN12-3.edf""]"
PN12,PN12-4.edf,7035,7025,7035,6975,7035,True,True,False,True,0,10194,0,negative,,,0.020676138514040737,0.90000000000000002,E1_RF,20260922,True,nested,"[""PN12-1.2.edf"", ""PN12-3.edf""]"
PN12,PN12-4.edf,7040,7030,7040,6980,7040,True,True,False,True,0,10194,0,negative,,,0,0.90000000000000002,E1_RF,20260922,True,nested,"[""PN12-1.2.edf"", ""PN12-3.edf""]"
PN12,PN12-4.edf,7045,7035,7045,6985,7045,True,True,False,True,0,10194,0,negative,,,0.0052314814814814811,0.90000000000000002,E1_RF,20260922,True,nested,"[""PN12-1.2.edf"", ""PN12-3.edf""]"
PN12,PN12-4.edf,7050,7040,7050,6990,7050,True,True,False,True,0,10194,0,negative,,,0.0081050446998722856,0.90000000000000002,E1_RF,20260922,True,nested,"[""PN12-1.2.edf"", ""PN12-3.edf""]"
PN12,PN12-4.edf,7055,7045,7055,6995,7055,True,True,False,True,0,10194,0,negative,,,0.0083796296296296292,0.90000000000000002,E1_RF,20260922,True,nested,"[""PN12-1.2.edf"", ""PN12-3.edf""]"
PN12,PN12-4.edf,7060,7050,7060,7000,7060,True,True,False,True,0,10194,0,negative,,,0,0.90000000000000002,E1_RF,20260922,True,nested,"[""PN12-1.2.edf"", ""PN12-3.edf""]"
PN12,PN12-4.edf,7065,7055,7065,7005,7065,True,True,False,True,0,10194,0,negative,,,0.0049583333333333337,0.90000000000000002,E1_RF,20260922,True,nested,"[""PN12-1.2.edf"", ""PN12-3.edf""]"
PN12,PN12-4.edf,7070,7060,7070,7010,7070,True,True,False,True,0,10194,0,negative,,,0,0.90000000000000002,E1_RF,20260922,True,nested,"[""PN12-1.2.edf"", ""PN12-3.edf""]"
PN12,PN12-4.edf,7075,7065,7075,7015,7075,True,True,False,True,0,10194,0,negative,,,0,0.90000000000000002,E1_RF,20260922,True,nested,"[""PN12-1.2.edf"", ""PN12-3.edf""]"
PN12,PN12-4.edf,7080,7070,7080,7020,7080,True,True,False,True,0,10194,0,negative,,,0,0.90000000000000002,E1_RF,20260922,True,nested,"[""PN12-1.2.edf"", ""PN12-3.edf""]"
PN12,PN12-4.edf,7085,7075,7085,7025,7085,True,True,False,True,0,10194,0,negative,,,0,0.90000000000000002,E1_RF,20260922,True,nested,"[""PN12-1.2.edf"", ""PN12-3.edf""]"
PN12,PN12-4.edf,7090,7080,7090,7030,7090,True,True,False,True,0,10194,0,negative,,,0,0.90000000000000002,E1_RF,20260922,True,nested,"[""PN12-1.2.edf"", ""PN12-3.edf""]"
PN12,PN12-4.edf,7095,7085,7095,7035,7095,True,True,False,True,0,10194,0,negative,,,0.0024358974358974356,0.90000000000000002,E1_RF,20260922,True,nested,"[""PN12-1.2.edf"", ""PN12-3.edf""]"
PN12,PN12-4.edf,7100,7090,7100,7040,7100,True,True,False,True,0,10194,0,negative,,,0,0.90000000000000002,E1_RF,20260922,True,nested,"[""PN12-1.2.edf"", ""PN12-3.edf""]"
PN12,PN12-4.edf,7105,7095,7105,7045,7105,True,True,False,True,0,10194,0,negative,,,0,0.90000000000000002,E1_RF,20260922,True,nested,"[""PN12-1.2.edf"", ""PN12-3.edf""]"
PN12,PN12-4.edf,7110,7100,7110,7050,7110,True,True,False,True,0,10194,0,negative,,,0,0.90000000000000002,E1_RF,20260922,True,nested,"[""PN12-1.2.edf"", ""PN12-3.edf""]"
PN12,PN12-4.edf,7115,7105,7115,7055,7115,True,True,False,True,0,10194,0,negative,,,0,0.90000000000000002,E1_RF,20260922,True,nested,"[""PN12-1.2.edf"", ""PN12-3.edf""]"
PN12,PN12-4.edf,7120,7110,7120,7060,7120,True,True,False,True,0,10194,0,negative,,,0.0025757575757575759,0.90000000000000002,E1_RF,20260922,True,nested,"[""PN12-1.2.edf"", ""PN12-3.edf""]"
PN12,PN12-4.edf,7125,7115,7125,7065,7125,True,True,False,True,0,10194,0,negative,,,0,0.90000000000000002,E1_RF,20260922,True,nested,"[""PN12-1.2.edf"", ""PN12-3.edf""]"
PN12,PN12-4.edf,7130,7120,7130,7070,7130,True,True,False,True,0,10194,0,negative,,,0,0.90000000000000002,E1_RF,20260922,True,nested,"[""PN12-1.2.edf"", ""PN12-3.edf""]"
PN12,PN12-4.edf,7135,7125,7135,7075,7135,True,True,False,True,0,10194,0,negative,,,0,0.90000000000000002,E1_RF,20260922,True,nested,"[""PN12-1.2.edf"", ""PN12-3.edf""]"
PN12,PN12-4.edf,7140,7130,7140,7080,7140,True,True,False,True,0,10194,0,negative,,,0,0.90000000000000002,E1_RF,20260922,True,nested,"[""PN12-1.2.edf"", ""PN12-3.edf""]"
PN12,PN12-4.edf,7145,7135,7145,7085,7145,True,True,False,True,0,10194,0,negative,,,0,0.90000000000000002,E1_RF,20260922,True,nested,"[""PN12-1.2.edf"", ""PN12-3.edf""]"
PN12,PN12-4.edf,7150,7140,7150,7090,7150,True,True,False,True,0,10194,0,negative,,,0,0.90000000000000002,E1_RF,20260922,True,nested,"[""PN12-1.2.edf"", ""PN12-3.edf""]"
PN12,PN12-4.edf,7155,7145,7155,7095,7155,True,True,False,True,0,10194,0,negative,,,0.0030612244897959186,0.90000000000000002,E1_RF,20260922,True,nested,"[""PN12-1.2.edf"", ""PN12-3.edf""]"
PN12,PN12-4.edf,7160,7150,7160,7100,7160,True,True,False,True,0,10194,0,negative,,,0,0.90000000000000002,E1_RF,20260922,True,nested,"[""PN12-1.2.edf"", ""PN12-3.edf""]"
PN12,PN12-4.edf,7165,7155,7165,7105,7165,True,True,False,True,0,10194,0,negative,,,0.0024358974358974356,0.90000000000000002,E1_RF,20260922,True,nested,"[""PN12-1.2.edf"", ""PN12-3.edf""]"
PN12,PN12-4.edf,7170,7160,7170,7110,7170,True,True,False,True,0,10194,0,negative,,,0,0.90000000000000002,E1_RF,20260922,True,nested,"[""PN12-1.2.edf"", ""PN12-3.edf""]"
PN12,PN12-4.edf,7175,7165,7175,7115,7175,True,True,False,True,0,10194,0,negative,,,0.0052136752136752139,0.90000000000000002,E1_RF,20260922,True,nested,"[""PN12-1.2.edf"", ""PN12-3.edf""]"
PN12,PN12-4.edf,7180,7170,7180,7120,7180,True,True,False,True,0,10194,0,negative,,,0.0054472222222222222,0.90000000000000002,E1_RF,20260922,True,nested,"[""PN12-1.2.edf"", ""PN12-3.edf""]"
PN12,PN12-4.edf,7185,7175,7185,7125,7185,True,True,False,True,0,10194,0,negative,,,0.070223330572363823,0.90000000000000002,E1_RF,20260922,True,nested,"[""PN12-1.2.edf"", ""PN12-3.edf""]"
PN12,PN12-4.edf,7190,7180,7190,7130,7190,True,True,False,True,0,10194,0,negative,,,0.014303777834751284,0.90000000000000002,E1_RF,20260922,True,nested,"[""PN12-1.2.edf"", ""PN12-3.edf""]"
PN12,PN12-4.edf,7195,7185,7195,7135,7195,True,True,False,True,0,10194,0,negative,,,0,0.90000000000000002,E1_RF,20260922,True,nested,"[""PN12-1.2.edf"", ""PN12-3.edf""]"
PN12,PN12-4.edf,7200,7190,7200,7140,7200,True,True,False,True,0,10194,0,negative,,,0,0.90000000000000002,E1_RF,20260922,True,nested,"[""PN12-1.2.edf"", ""PN12-3.edf""]"
PN12,PN12-4.edf,7205,7195,7205,7145,7205,True,True,False,True,0,10194,0,negative,,,0,0.90000000000000002,E1_RF,20260922,True,nested,"[""PN12-1.2.edf"", ""PN12-3.edf""]"
PN12,PN12-4.edf,7210,7200,7210,7150,7210,True,True,False,True,0,10194,0,negative,,,0.0056369820655534945,0.90000000000000002,E1_RF,20260922,True,nested,"[""PN12-1.2.edf"", ""PN12-3.edf""]"
PN12,PN12-4.edf,7215,7205,7215,7155,7215,True,True,False,True,0,10194,0,negative,,,0.0030612244897959186,0.90000000000000002,E1_RF,20260922,True,nested,"[""PN12-1.2.edf"", ""PN12-3.edf""]"
PN12,PN12-4.edf,7220,7210,7220,7160,7220,True,True,False,True,0,10194,0,negative,,,0,0.90000000000000002,E1_RF,20260922,True,nested,"[""PN12-1.2.edf"", ""PN12-3.edf""]"
PN12,PN12-4.edf,7225,7215,7225,7165,7225,True,True,False,True,0,10194,0,negative,,,0.0023232323232323234,0.90000000000000002,E1_RF,20260922,True,nested,"[""PN12-1.2.edf"", ""PN12-3.edf""]"
PN12,PN12-4.edf,7230,7220,7230,7170,7230,True,True,False,True,0,10194,0,negative,,,0,0.90000000000000002,E1_RF,20260922,True,nested,"[""PN12-1.2.edf"", ""PN12-3.edf""]"
PN12,PN12-4.edf,7235,7225,7235,7175,7235,True,True,False,True,0,10194,0,negative,,,0,0.90000000000000002,E1_RF,20260922,True,nested,"[""PN12-1.2.edf"", ""PN12-3.edf""]"
PN12,PN12-4.edf,7240,7230,7240,7180,7240,True,True,False,True,0,10194,0,negative,,,0,0.90000000000000002,E1_RF,20260922,True,nested,"[""PN12-1.2.edf"", ""PN12-3.edf""]"
PN12,PN12-4.edf,7245,7235,7245,7185,7245,True,True,False,True,0,10194,0,negative,,,0,0.90000000000000002,E1_RF,20260922,True,nested,"[""PN12-1.2.edf"", ""PN12-3.edf""]"
PN12,PN12-4.edf,7250,7240,7250,7190,7250,True,True,False,True,0,10194,0,negative,,,0.0056369820655534945,0.90000000000000002,E1_RF,20260922,True,nested,"[""PN12-1.2.edf"", ""PN12-3.edf""]"
PN12,PN12-4.edf,7255,7245,7255,7195,7255,True,True,False,True,0,10194,0,negative,,,0,0.90000000000000002,E1_RF,20260922,True,nested,"[""PN12-1.2.edf"", ""PN12-3.edf""]"
PN12,PN12-4.edf,7260,7250,7260,7200,7260,True,True,False,True,0,10194,0,negative,,,0,0.90000000000000002,E1_RF,20260922,True,nested,"[""PN12-1.2.edf"", ""PN12-3.edf""]"
PN12,PN12-4.edf,7265,7255,7265,7205,7265,True,True,False,True,0,10194,0,negative,,,0,0.90000000000000002,E1_RF,20260922,True,nested,"[""PN12-1.2.edf"", ""PN12-3.edf""]"
PN12,PN12-4.edf,7270,7260,7270,7210,7270,True,True,False,True,0,10194,0,negative,,,0.0056369820655534945,0.90000000000000002,E1_RF,20260922,True,nested,"[""PN12-1.2.edf"", ""PN12-3.edf""]"
PN12,PN12-4.edf,7275,7265,7275,7215,7275,True,True,False,True,0,10194,0,negative,,,0.006024187452758881,0.90000000000000002,E1_RF,20260922,True,nested,"[""PN12-1.2.edf"", ""PN12-3.edf""]"
PN12,PN12-4.edf,7280,7270,7280,7220,7280,True,True,False,True,0,10194,0,negative,,,0,0.90000000000000002,E1_RF,20260922,True,nested,"[""PN12-1.2.edf"", ""PN12-3.edf""]"
PN12,PN12-4.edf,7285,7275,7285,7225,7285,True,True,False,True,0,10194,0,negative,,,0,0.90000000000000002,E1_RF,20260922,True,nested,"[""PN12-1.2.edf"", ""PN12-3.edf""]"
PN12,PN12-4.edf,7290,7280,7290,7230,7290,True,True,False,True,0,10194,0,negative,,,0.0083251541085642457,0.90000000000000002,E1_RF,20260922,True,nested,"[""PN12-1.2.edf"", ""PN12-3.edf""]"
PN12,PN12-4.edf,7295,7285,7295,7235,7295,True,True,False,True,0,10194,0,negative,,,0.026996361644463535,0.90000000000000002,E1_RF,20260922,True,nested,"[""PN12-1.2.edf"", ""PN12-3.edf""]"
PN12,PN12-4.edf,7300,7290,7300,7240,7300,True,True,False,True,0,10194,0,negative,,,0.0045192307692307693,0.90000000000000002,E1_RF,20260922,True,nested,"[""PN12-1.2.edf"", ""PN12-3.edf""]"
PN12,PN12-4.edf,7305,7295,7305,7245,7305,True,True,False,True,0,10194,0,negative,,,0,0.90000000000000002,E1_RF,20260922,True,nested,"[""PN12-1.2.edf"", ""PN12-3.edf""]"
PN12,PN12-4.edf,7310,7300,7310,7250,7310,True,True,False,True,0,10194,0,negative,,,0.0045192307692307693,0.90000000000000002,E1_RF,20260922,True,nested,"[""PN12-1.2.edf"", ""PN12-3.edf""]"
PN12,PN12-4.edf,7315,7305,7315,7255,7315,True,True,False,True,0,10194,0,negative,,,0,0.90000000000000002,E1_RF,20260922,True,nested,"[""PN12-1.2.edf"", ""PN12-3.edf""]"
PN12,PN12-4.edf,7320,7310,7320,7260,7320,True,True,False,True,0,10194,0,negative,,,0.038851397565047352,0.90000000000000002,E1_RF,20260922,True,nested,"[""PN12-1.2.edf"", ""PN12-3.edf""]"
PN12,PN12-4.edf,7325,7315,7325,7265,7325,True,True,False,True,0,10194,0,negative,,,0.0029032258064516131,0.90000000000000002,E1_RF,20260922,True,nested,"[""PN12-1.2.edf"", ""PN12-3.edf""]"
PN12,PN12-4.edf,7330,7320,7330,7270,7330,True,True,False,True,0,10194,0,negative,,,0.044136589596769832,0.90000000000000002,E1_RF,20260922,True,nested,"[""PN12-1.2.edf"", ""PN12-3.edf""]"
PN12,PN12-4.edf,7335,7325,7335,7275,7335,True,True,False,True,0,10194,0,negative,,,0.36677122464606099,0.90000000000000002,E1_RF,20260922,True,nested,"[""PN12-1.2.edf"", ""PN12-3.edf""]"
PN12,PN12-4.edf,7340,7330,7340,7280,7340,True,True,False,True,0,10194,0,negative,,,0.021616257420867761,0.90000000000000002,E1_RF,20260922,True,nested,"[""PN12-1.2.edf"", ""PN12-3.edf""]"
PN12,PN12-4.edf,7345,7335,7345,7285,7345,True,True,False,True,0,10194,0,negative,,,0.022505146309756655,0.90000000000000002,E1_RF,20260922,True,nested,"[""PN12-1.2.edf"", ""PN12-3.edf""]"
PN12,PN12-4.edf,7350,7340,7350,7290,7350,True,True,False,True,0,10194,0,negative,,,0.04926850936486718,0.90000000000000002,E1_RF,20260922,True,nested,"[""PN12-1.2.edf"", ""PN12-3.edf""]"
PN12,PN12-4.edf,7355,7345,7355,7295,7355,True,True,False,True,0,10194,0,negative,,,0.049818490386431817,0.90000000000000002,E1_RF,20260922,True,nested,"[""PN12-1.2.edf"", ""PN12-3.edf""]"
PN12,PN12-4.edf,7360,7350,7360,7300,7360,True,True,False,True,0,10194,0,negative,,,0,0.90000000000000002,E1_RF,20260922,True,nested,"[""PN12-1.2.edf"", ""PN12-3.edf""]"
PN12,PN12-4.edf,7365,7355,7365,7305,7365,True,True,False,True,0,10194,0,negative,,,0,0.90000000000000002,E1_RF,20260922,True,nested,"[""PN12-1.2.edf"", ""PN12-3.edf""]"
PN12,PN12-4.edf,7370,7360,7370,7310,7370,True,True,False,True,0,10194,0,negative,,,0,0.90000000000000002,E1_RF,20260922,True,nested,"[""PN12-1.2.edf"", ""PN12-3.edf""]"
PN12,PN12-4.edf,7375,7365,7375,7315,7375,True,True,False,True,0,10194,0,negative,,,0,0.90000000000000002,E1_RF,20260922,True,nested,"[""PN12-1.2.edf"", ""PN12-3.edf""]"
PN12,PN12-4.edf,7380,7370,7380,7320,7380,True,True,False,True,0,10194,0,negative,,,0,0.90000000000000002,E1_RF,20260922,True,nested,"[""PN12-1.2.edf"", ""PN12-3.edf""]"
PN12,PN12-4.edf,7385,7375,7385,7325,7385,True,True,False,True,0,10194,0,negative,,,0,0.90000000000000002,E1_RF,20260922,True,nested,"[""PN12-1.2.edf"", ""PN12-3.edf""]"
PN12,PN12-4.edf,7390,7380,7390,7330,7390,True,True,False,True,0,10194,0,negative,,,0,0.90000000000000002,E1_RF,20260922,True,nested,"[""PN12-1.2.edf"", ""PN12-3.edf""]"
PN12,PN12-4.edf,7395,7385,7395,7335,7395,True,True,False,True,0,10194,0,negative,,,0,0.90000000000000002,E1_RF,20260922,True,nested,"[""PN12-1.2.edf"", ""PN12-3.edf""]"
PN12,PN12-4.edf,7400,7390,7400,7340,7400,True,True,False,True,0,10194,0,negative,,,0,0.90000000000000002,E1_RF,20260922,True,nested,"[""PN12-1.2.edf"", ""PN12-3.edf""]"
PN12,PN12-4.edf,7405,7395,7405,7345,7405,True,True,False,True,0,10194,0,negative,,,0,0.90000000000000002,E1_RF,20260922,True,nested,"[""PN12-1.2.edf"", ""PN12-3.edf""]"
PN12,PN12-4.edf,7410,7400,7410,7350,7410,True,True,False,True,0,10194,0,negative,,,0.041524652263930456,0.90000000000000002,E1_RF,20260922,True,nested,"[""PN12-1.2.edf"", ""PN12-3.edf""]"
PN12,PN12-4.edf,7415,7405,7415,7355,7415,True,True,False,True,0,10194,0,negative,,,0.11821782693194569,0.90000000000000002,E1_RF,20260922,True,nested,"[""PN12-1.2.edf"", ""PN12-3.edf""]"
PN12,PN12-4.edf,7420,7410,7420,7360,7420,True,True,False,True,0,10194,0,negative,,,0.041204279222996916,0.90000000000000002,E1_RF,20260922,True,nested,"[""PN12-1.2.edf"", ""PN12-3.edf""]"
PN12,PN12-4.edf,7425,7415,7425,7365,7425,True,True,False,True,0,10194,0,negative,,,0.040500649065894144,0.90000000000000002,E1_RF,20260922,True,nested,"[""PN12-1.2.edf"", ""PN12-3.edf""]"
PN12,PN12-4.edf,7430,7420,7430,7370,7430,True,True,False,True,0,10194,0,negative,,,0.049177678522485939,0.90000000000000002,E1_RF,20260922,True,nested,"[""PN12-1.2.edf"", ""PN12-3.edf""]"
PN12,PN12-4.edf,7435,7425,7435,7375,7435,True,True,False,True,0,10194,0,negative,,,0.0062075880758807591,0.90000000000000002,E1_RF,20260922,True,nested,"[""PN12-1.2.edf"", ""PN12-3.edf""]"
PN12,PN12-4.edf,7440,7430,7440,7380,7440,True,True,False,True,0,10194,0,negative,,,0,0.90000000000000002,E1_RF,20260922,True,nested,"[""PN12-1.2.edf"", ""PN12-3.edf""]"
PN12,PN12-4.edf,7445,7435,7445,7385,7445,True,True,False,True,0,10194,0,negative,,,0,0.90000000000000002,E1_RF,20260922,True,nested,"[""PN12-1.2.edf"", ""PN12-3.edf""]"
PN12,PN12-4.edf,7450,7440,7450,7390,7450,True,True,False,True,0,10194,0,negative,,,0,0.90000000000000002,E1_RF,20260922,True,nested,"[""PN12-1.2.edf"", ""PN12-3.edf""]"
PN12,PN12-4.edf,7455,7445,7455,7395,7455,True,True,False,True,0,10194,0,negative,,,0,0.90000000000000002,E1_RF,20260922,True,nested,"[""PN12-1.2.edf"", ""PN12-3.edf""]"
PN12,PN12-4.edf,7460,7450,7460,7400,7460,True,True,False,True,0,10194,0,negative,,,0,0.90000000000000002,E1_RF,20260922,True,nested,"[""PN12-1.2.edf"", ""PN12-3.edf""]"
PN12,PN12-4.edf,7465,7455,7465,7405,7465,True,True,False,True,0,10194,0,negative,,,0,0.90000000000000002,E1_RF,20260922,True,nested,"[""PN12-1.2.edf"", ""PN12-3.edf""]"
PN12,PN12-4.edf,7470,7460,7470,7410,7470,True,True,False,True,0,10194,0,negative,,,0,0.90000000000000002,E1_RF,20260922,True,nested,"[""PN12-1.2.edf"", ""PN12-3.edf""]"
PN12,PN12-4.edf,7475,7465,7475,7415,7475,True,True,False,True,0,10194,0,negative,,,0.15387521875566201,0.90000000000000002,E1_RF,20260922,True,nested,"[""PN12-1.2.edf"", ""PN12-3.edf""]"
PN12,PN12-4.edf,7480,7470,7480,7420,7480,True,True,False,True,0,10194,0,negative,,,0.020033283520556402,0.90000000000000002,E1_RF,20260922,True,nested,"[""PN12-1.2.edf"", ""PN12-3.edf""]"
PN12,PN12-4.edf,7485,7475,7485,7425,7485,True,True,False,True,0,10194,0,negative,,,0.005876712328767123,0.90000000000000002,E1_RF,20260922,True,nested,"[""PN12-1.2.edf"", ""PN12-3.edf""]"
PN12,PN12-4.edf,7490,7480,7490,7430,7490,True,True,False,True,0,10194,0,negative,,,0,0.90000000000000002,E1_RF,20260922,True,nested,"[""PN12-1.2.edf"", ""PN12-3.edf""]"
PN12,PN12-4.edf,7495,7485,7495,7435,7495,True,True,False,True,0,10194,0,negative,,,0.0085726280761492021,0.90000000000000002,E1_RF,20260922,True,nested,"[""PN12-1.2.edf"", ""PN12-3.edf""]"
PN12,PN12-4.edf,7500,7490,7500,7440,7500,True,True,False,True,0,10194,0,negative,,,0.0086345136345136343,0.90000000000000002,E1_RF,20260922,True,nested,"[""PN12-1.2.edf"", ""PN12-3.edf""]"
PN12,PN12-4.edf,7505,7495,7505,7445,7505,True,True,False,True,0,10194,0,negative,,,0,0.90000000000000002,E1_RF,20260922,True,nested,"[""PN12-1.2.edf"", ""PN12-3.edf""]"
PN12,PN12-4.edf,7510,7500,7510,7450,7510,True,True,False,True,0,10194,0,negative,,,0,0.90000000000000002,E1_RF,20260922,True,nested,"[""PN12-1.2.edf"", ""PN12-3.edf""]"
PN12,PN12-4.edf,7515,7505,7515,7455,7515,True,True,False,True,0,10194,0,negative,,,0,0.90000000000000002,E1_RF,20260922,True,nested,"[""PN12-1.2.edf"", ""PN12-3.edf""]"
PN12,PN12-4.edf,7520,7510,7520,7460,7520,True,True,False,True,0,10194,0,negative,,,0,0.90000000000000002,E1_RF,20260922,True,nested,"[""PN12-1.2.edf"", ""PN12-3.edf""]"
PN12,PN12-4.edf,7525,7515,7525,7465,7525,True,True,False,True,0,10194,0,negative,,,0,0.90000000000000002,E1_RF,20260922,True,nested,"[""PN12-1.2.edf"", ""PN12-3.edf""]"
PN12,PN12-4.edf,7530,7520,7530,7470,7530,True,True,False,True,0,10194,0,negative,,,0,0.90000000000000002,E1_RF,20260922,True,nested,"[""PN12-1.2.edf"", ""PN12-3.edf""]"
PN12,PN12-4.edf,7535,7525,7535,7475,7535,True,True,False,True,0,10194,0,negative,,,0,0.90000000000000002,E1_RF,20260922,True,nested,"[""PN12-1.2.edf"", ""PN12-3.edf""]"
PN12,PN12-4.edf,7540,7530,7540,7480,7540,True,True,False,True,0,10194,0,negative,,,0,0.90000000000000002,E1_RF,20260922,True,nested,"[""PN12-1.2.edf"", ""PN12-3.edf""]"
PN12,PN12-4.edf,7545,7535,7545,7485,7545,True,True,False,True,0,10194,0,negative,,,0,0.90000000000000002,E1_RF,20260922,True,nested,"[""PN12-1.2.edf"", ""PN12-3.edf""]"
PN12,PN12-4.edf,7550,7540,7550,7490,7550,True,True,False,True,0,10194,0,negative,,,0,0.90000000000000002,E1_RF,20260922,True,nested,"[""PN12-1.2.edf"", ""PN12-3.edf""]"
PN12,PN12-4.edf,7555,7545,7555,7495,7555,True,True,False,True,0,10194,0,negative,,,0,0.90000000000000002,E1_RF,20260922,True,nested,"[""PN12-1.2.edf"", ""PN12-3.edf""]"
PN12,PN12-4.edf,7560,7550,7560,7500,7560,True,True,False,True,0,10194,0,negative,,,0,0.90000000000000002,E1_RF,20260922,True,nested,"[""PN12-1.2.edf"", ""PN12-3.edf""]"
PN12,PN12-4.edf,7565,7555,7565,7505,7565,True,True,False,True,0,10194,0,negative,,,0,0.90000000000000002,E1_RF,20260922,True,nested,"[""PN12-1.2.edf"", ""PN12-3.edf""]"
PN12,PN12-4.edf,7570,7560,7570,7510,7570,True,True,False,True,0,10194,0,negative,,,0,0.90000000000000002,E1_RF,20260922,True,nested,"[""PN12-1.2.edf"", ""PN12-3.edf""]"
PN12,PN12-4.edf,7575,7565,7575,7515,7575,True,True,False,True,0,10194,0,negative,,,0,0.90000000000000002,E1_RF,20260922,True,nested,"[""PN12-1.2.edf"", ""PN12-3.edf""]"
PN12,PN12-4.edf,7580,7570,7580,7520,7580,True,True,False,True,0,10194,0,negative,,,0.015365009746588694,0.90000000000000002,E1_RF,20260922,True,nested,"[""PN12-1.2.edf"", ""PN12-3.edf""]"
PN12,PN12-4.edf,7585,7575,7585,7525,7585,True,True,False,True,0,10194,0,negative,,,0.038747463124997772,0.90000000000000002,E1_RF,20260922,True,nested,"[""PN12-1.2.edf"", ""PN12-3.edf""]"
PN12,PN12-4.edf,7590,7580,7590,7530,7590,True,True,False,True,0,10194,0,negative,,,0,0.90000000000000002,E1_RF,20260922,True,nested,"[""PN12-1.2.edf"", ""PN12-3.edf""]"
PN12,PN12-4.edf,7595,7585,7595,7535,7595,True,True,False,True,0,10194,0,negative,,,0,0.90000000000000002,E1_RF,20260922,True,nested,"[""PN12-1.2.edf"", ""PN12-3.edf""]"
PN12,PN12-4.edf,7600,7590,7600,7540,7600,True,True,False,True,0,10194,0,negative,,,0.006002400960384153,0.90000000000000002,E1_RF,20260922,True,nested,"[""PN12-1.2.edf"", ""PN12-3.edf""]"
PN12,PN12-4.edf,7605,7595,7605,7545,7605,True,True,False,True,0,10194,0,negative,,,0,0.90000000000000002,E1_RF,20260922,True,nested,"[""PN12-1.2.edf"", ""PN12-3.edf""]"
PN12,PN12-4.edf,7610,7600,7610,7550,7610,True,True,False,True,0,10194,0,negative,,,0,0.90000000000000002,E1_RF,20260922,True,nested,"[""PN12-1.2.edf"", ""PN12-3.edf""]"
PN12,PN12-4.edf,7615,7605,7615,7555,7615,True,True,False,True,0,10194,0,negative,,,0,0.90000000000000002,E1_RF,20260922,True,nested,"[""PN12-1.2.edf"", ""PN12-3.edf""]"
PN12,PN12-4.edf,7620,7610,7620,7560,7620,True,True,False,True,0,10194,0,negative,,,0,0.90000000000000002,E1_RF,20260922,True,nested,"[""PN12-1.2.edf"", ""PN12-3.edf""]"
PN12,PN12-4.edf,7625,7615,7625,7565,7625,True,True,False,True,0,10194,0,negative,,,0,0.90000000000000002,E1_RF,20260922,True,nested,"[""PN12-1.2.edf"", ""PN12-3.edf""]"
PN12,PN12-4.edf,7630,7620,7630,7570,7630,True,True,False,True,0,10194,0,negative,,,0,0.90000000000000002,E1_RF,20260922,True,nested,"[""PN12-1.2.edf"", ""PN12-3.edf""]"
PN12,PN12-4.edf,7635,7625,7635,7575,7635,True,True,False,True,0,10194,0,negative,,,0,0.90000000000000002,E1_RF,20260922,True,nested,"[""PN12-1.2.edf"", ""PN12-3.edf""]"
PN12,PN12-4.edf,7640,7630,7640,7580,7640,True,True,False,True,0,10194,0,negative,,,0,0.90000000000000002,E1_RF,20260922,True,nested,"[""PN12-1.2.edf"", ""PN12-3.edf""]"
PN12,PN12-4.edf,7645,7635,7645,7585,7645,True,True,False,True,0,10194,0,negative,,,0,0.90000000000000002,E1_RF,20260922,True,nested,"[""PN12-1.2.edf"", ""PN12-3.edf""]"
PN12,PN12-4.edf,7650,7640,7650,7590,7650,True,True,False,True,0,10194,0,negative,,,0,0.90000000000000002,E1_RF,20260922,True,nested,"[""PN12-1.2.edf"", ""PN12-3.edf""]"
PN12,PN12-4.edf,7655,7645,7655,7595,7655,True,True,False,True,0,10194,0,negative,,,0.0028282828282828283,0.90000000000000002,E1_RF,20260922,True,nested,"[""PN12-1.2.edf"", ""PN12-3.edf""]"
PN12,PN12-4.edf,7660,7650,7660,7600,7660,True,True,False,True,0,10194,0,negative,,,0,0.90000000000000002,E1_RF,20260922,True,nested,"[""PN12-1.2.edf"", ""PN12-3.edf""]"
PN12,PN12-4.edf,7665,7655,7665,7605,7665,True,True,False,True,0,10194,0,negative,,,0,0.90000000000000002,E1_RF,20260922,True,nested,"[""PN12-1.2.edf"", ""PN12-3.edf""]"
PN12,PN12-4.edf,7670,7660,7670,7610,7670,True,True,False,True,0,10194,0,negative,,,0,0.90000000000000002,E1_RF,20260922,True,nested,"[""PN12-1.2.edf"", ""PN12-3.edf""]"
PN12,PN12-4.edf,7675,7665,7675,7615,7675,True,True,False,True,0,10194,0,negative,,,0,0.90000000000000002,E1_RF,20260922,True,nested,"[""PN12-1.2.edf"", ""PN12-3.edf""]"
PN12,PN12-4.edf,7680,7670,7680,7620,7680,True,True,False,True,0,10194,0,negative,,,0,0.90000000000000002,E1_RF,20260922,True,nested,"[""PN12-1.2.edf"", ""PN12-3.edf""]"
PN12,PN12-4.edf,7685,7675,7685,7625,7685,True,True,False,True,0,10194,0,negative,,,0,0.90000000000000002,E1_RF,20260922,True,nested,"[""PN12-1.2.edf"", ""PN12-3.edf""]"
PN12,PN12-4.edf,7690,7680,7690,7630,7690,True,True,False,True,0,10194,0,negative,,,0,0.90000000000000002,E1_RF,20260922,True,nested,"[""PN12-1.2.edf"", ""PN12-3.edf""]"
PN12,PN12-4.edf,7695,7685,7695,7635,7695,True,True,False,True,0,10194,0,negative,,,0,0.90000000000000002,E1_RF,20260922,True,nested,"[""PN12-1.2.edf"", ""PN12-3.edf""]"
PN12,PN12-4.edf,7700,7690,7700,7640,7700,True,True,False,True,0,10194,0,negative,,,0,0.90000000000000002,E1_RF,20260922,True,nested,"[""PN12-1.2.edf"", ""PN12-3.edf""]"
PN12,PN12-4.edf,7705,7695,7705,7645,7705,True,True,False,True,0,10194,0,negative,,,0,0.90000000000000002,E1_RF,20260922,True,nested,"[""PN12-1.2.edf"", ""PN12-3.edf""]"
PN12,PN12-4.edf,7710,7700,7710,7650,7710,True,True,False,True,0,10194,0,negative,,,0,0.90000000000000002,E1_RF,20260922,True,nested,"[""PN12-1.2.edf"", ""PN12-3.edf""]"
PN12,PN12-4.edf,7715,7705,7715,7655,7715,True,True,False,True,0,10194,0,negative,,,0,0.90000000000000002,E1_RF,20260922,True,nested,"[""PN12-1.2.edf"", ""PN12-3.edf""]"
PN12,PN12-4.edf,7720,7710,7720,7660,7720,True,True,False,True,0,10194,0,negative,,,0,0.90000000000000002,E1_RF,20260922,True,nested,"[""PN12-1.2.edf"", ""PN12-3.edf""]"
PN12,PN12-4.edf,7725,7715,7725,7665,7725,True,True,False,True,0,10194,0,negative,,,0,0.90000000000000002,E1_RF,20260922,True,nested,"[""PN12-1.2.edf"", ""PN12-3.edf""]"
PN12,PN12-4.edf,7730,7720,7730,7670,7730,True,True,False,True,0,10194,0,negative,,,0,0.90000000000000002,E1_RF,20260922,True,nested,"[""PN12-1.2.edf"", ""PN12-3.edf""]"
PN12,PN12-4.edf,7735,7725,7735,7675,7735,True,True,False,True,0,10194,0,negative,,,0,0.90000000000000002,E1_RF,20260922,True,nested,"[""PN12-1.2.edf"", ""PN12-3.edf""]"
PN12,PN12-4.edf,7740,7730,7740,7680,7740,True,True,False,True,0,10194,0,negative,,,0,0.90000000000000002,E1_RF,20260922,True,nested,"[""PN12-1.2.edf"", ""PN12-3.edf""]"
PN12,PN12-4.edf,7745,7735,7745,7685,7745,True,True,False,True,0,10194,0,negative,,,0,0.90000000000000002,E1_RF,20260922,True,nested,"[""PN12-1.2.edf"", ""PN12-3.edf""]"
PN12,PN12-4.edf,7750,7740,7750,7690,7750,True,True,False,True,0,10194,0,negative,,,0,0.90000000000000002,E1_RF,20260922,True,nested,"[""PN12-1.2.edf"", ""PN12-3.edf""]"
PN12,PN12-4.edf,7755,7745,7755,7695,7755,True,True,False,True,0,10194,0,negative,,,0.0030612244897959186,0.90000000000000002,E1_RF,20260922,True,nested,"[""PN12-1.2.edf"", ""PN12-3.edf""]"
PN12,PN12-4.edf,7760,7750,7760,7700,7760,True,True,False,True,0,10194,0,negative,,,0,0.90000000000000002,E1_RF,20260922,True,nested,"[""PN12-1.2.edf"", ""PN12-3.edf""]"
PN12,PN12-4.edf,7765,7755,7765,7705,7765,True,True,False,True,0,10194,0,negative,,,0,0.90000000000000002,E1_RF,20260922,True,nested,"[""PN12-1.2.edf"", ""PN12-3.edf""]"
PN12,PN12-4.edf,7770,7760,7770,7710,7770,True,True,False,True,0,10194,0,negative,,,0,0.90000000000000002,E1_RF,20260922,True,nested,"[""PN12-1.2.edf"", ""PN12-3.edf""]"
PN12,PN12-4.edf,7775,7765,7775,7715,7775,True,True,False,True,0,10194,0,negative,,,0.00800921300921301,0.90000000000000002,E1_RF,20260922,True,nested,"[""PN12-1.2.edf"", ""PN12-3.edf""]"
PN12,PN12-4.edf,7780,7770,7780,7720,7780,True,True,False,True,0,10194,0,negative,,,0.015011038726791482,0.90000000000000002,E1_RF,20260922,True,nested,"[""PN12-1.2.edf"", ""PN12-3.edf""]"
PN12,PN12-4.edf,7785,7775,7785,7725,7785,True,True,False,True,0,10194,0,negative,,,0.010866402116402116,0.90000000000000002,E1_RF,20260922,True,nested,"[""PN12-1.2.edf"", ""PN12-3.edf""]"
PN12,PN12-4.edf,7790,7780,7790,7730,7790,True,True,False,True,0,10194,0,negative,,,0.013995653817082388,0.90000000000000002,E1_RF,20260922,True,nested,"[""PN12-1.2.edf"", ""PN12-3.edf""]"
PN12,PN12-4.edf,7795,7785,7795,7735,7795,True,True,False,True,0,10194,0,negative,,,0.017507049828478401,0.90000000000000002,E1_RF,20260922,True,nested,"[""PN12-1.2.edf"", ""PN12-3.edf""]"
PN12,PN12-4.edf,7800,7790,7800,7740,7800,True,True,False,True,0,10194,0,negative,,,0.002638888888888889,0.90000000000000002,E1_RF,20260922,True,nested,"[""PN12-1.2.edf"", ""PN12-3.edf""]"
PN12,PN12-4.edf,7805,7795,7805,7745,7805,True,True,False,True,0,10194,0,negative,,,0.002638888888888889,0.90000000000000002,E1_RF,20260922,True,nested,"[""PN12-1.2.edf"", ""PN12-3.edf""]"
PN12,PN12-4.edf,7810,7800,7810,7750,7810,True,True,False,True,0,10194,0,negative,,,0.0056060606060606066,0.90000000000000002,E1_RF,20260922,True,nested,"[""PN12-1.2.edf"", ""PN12-3.edf""]"
PN12,PN12-4.edf,7815,7805,7815,7755,7815,True,True,False,True,0,10194,0,negative,,,0.0031481481481481482,0.90000000000000002,E1_RF,20260922,True,nested,"[""PN12-1.2.edf"", ""PN12-3.edf""]"
PN12,PN12-4.edf,7820,7810,7820,7760,7820,True,True,False,True,0,10194,0,negative,,,0.0031481481481481482,0.90000000000000002,E1_RF,20260922,True,nested,"[""PN12-1.2.edf"", ""PN12-3.edf""]"
PN12,PN12-4.edf,7825,7815,7825,7765,7825,True,True,False,True,0,10194,0,negative,,,0.0030065359477124184,0.90000000000000002,E1_RF,20260922,True,nested,"[""PN12-1.2.edf"", ""PN12-3.edf""]"
PN12,PN12-4.edf,7830,7820,7830,7770,7830,True,True,False,True,0,10194,0,negative,,,0.0028735632183908046,0.90000000000000002,E1_RF,20260922,True,nested,"[""PN12-1.2.edf"", ""PN12-3.edf""]"
PN12,PN12-4.edf,7835,7825,7835,7775,7835,True,True,False,True,0,10194,0,negative,,,0,0.90000000000000002,E1_RF,20260922,True,nested,"[""PN12-1.2.edf"", ""PN12-3.edf""]"
PN12,PN12-4.edf,7840,7830,7840,7780,7840,True,True,False,True,0,10194,0,negative,,,0,0.90000000000000002,E1_RF,20260922,True,nested,"[""PN12-1.2.edf"", ""PN12-3.edf""]"
PN12,PN12-4.edf,7845,7835,7845,7785,7845,True,True,False,True,0,10194,0,negative,,,0,0.90000000000000002,E1_RF,20260922,True,nested,"[""PN12-1.2.edf"", ""PN12-3.edf""]"
PN12,PN12-4.edf,7850,7840,7850,7790,7850,True,True,False,True,0,10194,0,negative,,,0.0043611111111111107,0.90000000000000002,E1_RF,20260922,True,nested,"[""PN12-1.2.edf"", ""PN12-3.edf""]"
PN12,PN12-4.edf,7855,7845,7855,7795,7855,True,True,False,True,0,10194,0,negative,,,0,0.90000000000000002,E1_RF,20260922,True,nested,"[""PN12-1.2.edf"", ""PN12-3.edf""]"
PN12,PN12-4.edf,7860,7850,7860,7800,7860,True,True,False,True,0,10194,0,negative,,,0.04720830453145964,0.90000000000000002,E1_RF,20260922,True,nested,"[""PN12-1.2.edf"", ""PN12-3.edf""]"
PN12,PN12-4.edf,7865,7855,7865,7805,7865,True,True,False,True,0,10194,0,negative,,,0,0.90000000000000002,E1_RF,20260922,True,nested,"[""PN12-1.2.edf"", ""PN12-3.edf""]"
PN12,PN12-4.edf,7870,7860,7870,7810,7870,True,True,False,True,0,10194,0,negative,,,0.020921624582652187,0.90000000000000002,E1_RF,20260922,True,nested,"[""PN12-1.2.edf"", ""PN12-3.edf""]"
PN12,PN12-4.edf,7875,7865,7875,7815,7875,True,True,False,True,0,10194,0,negative,,,0,0.90000000000000002,E1_RF,20260922,True,nested,"[""PN12-1.2.edf"", ""PN12-3.edf""]"
PN12,PN12-4.edf,7880,7870,7880,7820,7880,True,True,False,True,0,10194,0,negative,,,0.0029629629629629628,0.90000000000000002,E1_RF,20260922,True,nested,"[""PN12-1.2.edf"", ""PN12-3.edf""]"
PN12,PN12-4.edf,7885,7875,7885,7825,7885,True,True,False,True,0,10194,0,negative,,,0,0.90000000000000002,E1_RF,20260922,True,nested,"[""PN12-1.2.edf"", ""PN12-3.edf""]"
PN12,PN12-4.edf,7890,7880,7890,7830,7890,True,True,False,True,0,10194,0,negative,,,0,0.90000000000000002,E1_RF,20260922,True,nested,"[""PN12-1.2.edf"", ""PN12-3.edf""]"
PN12,PN12-4.edf,7895,7885,7895,7835,7895,True,True,False,True,0,10194,0,negative,,,0,0.90000000000000002,E1_RF,20260922,True,nested,"[""PN12-1.2.edf"", ""PN12-3.edf""]"
PN12,PN12-4.edf,7900,7890,7900,7840,7900,True,True,False,True,0,10194,0,negative,,,0.0024358974358974356,0.90000000000000002,E1_RF,20260922,True,nested,"[""PN12-1.2.edf"", ""PN12-3.edf""]"
PN12,PN12-4.edf,7905,7895,7905,7845,7905,True,True,False,True,0,10194,0,negative,,,0.0033560523446019628,0.90000000000000002,E1_RF,20260922,True,nested,"[""PN12-1.2.edf"", ""PN12-3.edf""]"
PN12,PN12-4.edf,7910,7900,7910,7850,7910,True,True,False,True,0,10194,0,negative,,,0,0.90000000000000002,E1_RF,20260922,True,nested,"[""PN12-1.2.edf"", ""PN12-3.edf""]"
PN12,PN12-4.edf,7915,7905,7915,7855,7915,True,True,False,True,0,10194,0,negative,,,0,0.90000000000000002,E1_RF,20260922,True,nested,"[""PN12-1.2.edf"", ""PN12-3.edf""]"
PN12,PN12-4.edf,7920,7910,7920,7860,7920,True,True,False,True,0,10194,0,negative,,,0,0.90000000000000002,E1_RF,20260922,True,nested,"[""PN12-1.2.edf"", ""PN12-3.edf""]"
PN12,PN12-4.edf,7925,7915,7925,7865,7925,True,True,False,True,0,10194,0,negative,,,0,0.90000000000000002,E1_RF,20260922,True,nested,"[""PN12-1.2.edf"", ""PN12-3.edf""]"
PN12,PN12-4.edf,7930,7920,7930,7870,7930,True,True,False,True,0,10194,0,negative,,,0,0.90000000000000002,E1_RF,20260922,True,nested,"[""PN12-1.2.edf"", ""PN12-3.edf""]"
PN12,PN12-4.edf,7935,7925,7935,7875,7935,True,True,False,True,0,10194,0,negative,,,0,0.90000000000000002,E1_RF,20260922,True,nested,"[""PN12-1.2.edf"", ""PN12-3.edf""]"
PN12,PN12-4.edf,7940,7930,7940,7880,7940,True,True,False,True,0,10194,0,negative,,,0,0.90000000000000002,E1_RF,20260922,True,nested,"[""PN12-1.2.edf"", ""PN12-3.edf""]"
PN12,PN12-4.edf,7945,7935,7945,7885,7945,True,True,False,True,0,10194,0,negative,,,0,0.90000000000000002,E1_RF,20260922,True,nested,"[""PN12-1.2.edf"", ""PN12-3.edf""]"
PN12,PN12-4.edf,7950,7940,7950,7890,7950,True,True,False,True,0,10194,0,negative,,,0,0.90000000000000002,E1_RF,20260922,True,nested,"[""PN12-1.2.edf"", ""PN12-3.edf""]"
PN12,PN12-4.edf,7955,7945,7955,7895,7955,True,True,False,True,0,10194,0,negative,,,0,0.90000000000000002,E1_RF,20260922,True,nested,"[""PN12-1.2.edf"", ""PN12-3.edf""]"
PN12,PN12-4.edf,7960,7950,7960,7900,7960,True,True,False,True,0,10194,0,negative,,,0,0.90000000000000002,E1_RF,20260922,True,nested,"[""PN12-1.2.edf"", ""PN12-3.edf""]"
PN12,PN12-4.edf,7965,7955,7965,7905,7965,True,True,False,True,0,10194,0,negative,,,0,0.90000000000000002,E1_RF,20260922,True,nested,"[""PN12-1.2.edf"", ""PN12-3.edf""]"
PN12,PN12-4.edf,7970,7960,7970,7910,7970,True,True,False,True,0,10194,0,negative,,,0,0.90000000000000002,E1_RF,20260922,True,nested,"[""PN12-1.2.edf"", ""PN12-3.edf""]"
PN12,PN12-4.edf,7975,7965,7975,7915,7975,True,True,False,True,0,10194,0,negative,,,0,0.90000000000000002,E1_RF,20260922,True,nested,"[""PN12-1.2.edf"", ""PN12-3.edf""]"
PN12,PN12-4.edf,7980,7970,7980,7920,7980,True,True,False,True,0,10194,0,negative,,,0,0.90000000000000002,E1_RF,20260922,True,nested,"[""PN12-1.2.edf"", ""PN12-3.edf""]"
PN12,PN12-4.edf,7985,7975,7985,7925,7985,True,True,False,True,0,10194,0,negative,,,0,0.90000000000000002,E1_RF,20260922,True,nested,"[""PN12-1.2.edf"", ""PN12-3.edf""]"
PN12,PN12-4.edf,7990,7980,7990,7930,7990,True,True,False,True,0,10194,0,negative,,,0,0.90000000000000002,E1_RF,20260922,True,nested,"[""PN12-1.2.edf"", ""PN12-3.edf""]"
PN12,PN12-4.edf,7995,7985,7995,7935,7995,True,True,False,True,0,10194,0,negative,,,0,0.90000000000000002,E1_RF,20260922,True,nested,"[""PN12-1.2.edf"", ""PN12-3.edf""]"
PN12,PN12-4.edf,8000,7990,8000,7940,8000,True,True,False,True,0,10194,0,negative,,,0,0.90000000000000002,E1_RF,20260922,True,nested,"[""PN12-1.2.edf"", ""PN12-3.edf""]"
PN12,PN12-4.edf,8005,7995,8005,7945,8005,True,True,False,True,0,10194,0,negative,,,0,0.90000000000000002,E1_RF,20260922,True,nested,"[""PN12-1.2.edf"", ""PN12-3.edf""]"
PN12,PN12-4.edf,8010,8000,8010,7950,8010,True,True,False,True,0,10194,0,negative,,,0,0.90000000000000002,E1_RF,20260922,True,nested,"[""PN12-1.2.edf"", ""PN12-3.edf""]"
PN12,PN12-4.edf,8015,8005,8015,7955,8015,True,True,False,True,0,10194,0,negative,,,0,0.90000000000000002,E1_RF,20260922,True,nested,"[""PN12-1.2.edf"", ""PN12-3.edf""]"
PN12,PN12-4.edf,8020,8010,8020,7960,8020,True,True,False,True,0,10194,0,negative,,,0,0.90000000000000002,E1_RF,20260922,True,nested,"[""PN12-1.2.edf"", ""PN12-3.edf""]"
PN12,PN12-4.edf,8025,8015,8025,7965,8025,True,True,False,True,0,10194,0,negative,,,0,0.90000000000000002,E1_RF,20260922,True,nested,"[""PN12-1.2.edf"", ""PN12-3.edf""]"
PN12,PN12-4.edf,8030,8020,8030,7970,8030,True,True,False,True,0,10194,0,negative,,,0,0.90000000000000002,E1_RF,20260922,True,nested,"[""PN12-1.2.edf"", ""PN12-3.edf""]"
PN12,PN12-4.edf,8035,8025,8035,7975,8035,True,True,False,True,0,10194,0,negative,,,0,0.90000000000000002,E1_RF,20260922,True,nested,"[""PN12-1.2.edf"", ""PN12-3.edf""]"
PN12,PN12-4.edf,8040,8030,8040,7980,8040,True,True,False,True,0,10194,0,negative,,,0,0.90000000000000002,E1_RF,20260922,True,nested,"[""PN12-1.2.edf"", ""PN12-3.edf""]"
PN12,PN12-4.edf,8045,8035,8045,7985,8045,True,True,False,True,0,10194,0,negative,,,0,0.90000000000000002,E1_RF,20260922,True,nested,"[""PN12-1.2.edf"", ""PN12-3.edf""]"
PN12,PN12-4.edf,8050,8040,8050,7990,8050,True,True,False,True,0,10194,0,negative,,,0,0.90000000000000002,E1_RF,20260922,True,nested,"[""PN12-1.2.edf"", ""PN12-3.edf""]"
PN12,PN12-4.edf,8055,8045,8055,7995,8055,True,True,False,True,0,10194,0,negative,,,0,0.90000000000000002,E1_RF,20260922,True,nested,"[""PN12-1.2.edf"", ""PN12-3.edf""]"
PN12,PN12-4.edf,8060,8050,8060,8000,8060,True,True,False,True,0,10194,0,negative,,,0,0.90000000000000002,E1_RF,20260922,True,nested,"[""PN12-1.2.edf"", ""PN12-3.edf""]"
PN12,PN12-4.edf,8065,8055,8065,8005,8065,True,True,False,True,0,10194,0,negative,,,0,0.90000000000000002,E1_RF,20260922,True,nested,"[""PN12-1.2.edf"", ""PN12-3.edf""]"
PN12,PN12-4.edf,8070,8060,8070,8010,8070,True,True,False,True,0,10194,0,negative,,,0,0.90000000000000002,E1_RF,20260922,True,nested,"[""PN12-1.2.edf"", ""PN12-3.edf""]"
PN12,PN12-4.edf,8075,8065,8075,8015,8075,True,True,False,True,0,10194,0,negative,,,0,0.90000000000000002,E1_RF,20260922,True,nested,"[""PN12-1.2.edf"", ""PN12-3.edf""]"
PN12,PN12-4.edf,8080,8070,8080,8020,8080,True,True,False,True,0,10194,0,negative,,,0,0.90000000000000002,E1_RF,20260922,True,nested,"[""PN12-1.2.edf"", ""PN12-3.edf""]"
PN12,PN12-4.edf,8085,8075,8085,8025,8085,True,True,False,True,0,10194,0,negative,,,0,0.90000000000000002,E1_RF,20260922,True,nested,"[""PN12-1.2.edf"", ""PN12-3.edf""]"
PN12,PN12-4.edf,8090,8080,8090,8030,8090,True,True,False,True,0,10194,0,negative,,,0,0.90000000000000002,E1_RF,20260922,True,nested,"[""PN12-1.2.edf"", ""PN12-3.edf""]"
PN12,PN12-4.edf,8095,8085,8095,8035,8095,True,True,False,True,0,10194,0,negative,,,0,0.90000000000000002,E1_RF,20260922,True,nested,"[""PN12-1.2.edf"", ""PN12-3.edf""]"
PN12,PN12-4.edf,8100,8090,8100,8040,8100,True,True,False,True,0,10194,0,negative,,,0,0.90000000000000002,E1_RF,20260922,True,nested,"[""PN12-1.2.edf"", ""PN12-3.edf""]"
PN12,PN12-4.edf,8105,8095,8105,8045,8105,True,True,False,True,0,10194,0,negative,,,0,0.90000000000000002,E1_RF,20260922,True,nested,"[""PN12-1.2.edf"", ""PN12-3.edf""]"
PN12,PN12-4.edf,8110,8100,8110,8050,8110,True,True,False,True,0,10194,0,negative,,,0,0.90000000000000002,E1_RF,20260922,True,nested,"[""PN12-1.2.edf"", ""PN12-3.edf""]"
PN12,PN12-4.edf,8115,8105,8115,8055,8115,True,True,False,True,0,10194,0,negative,,,0,0.90000000000000002,E1_RF,20260922,True,nested,"[""PN12-1.2.edf"", ""PN12-3.edf""]"
PN12,PN12-4.edf,8120,8110,8120,8060,8120,True,True,False,True,0,10194,0,negative,,,0,0.90000000000000002,E1_RF,20260922,True,nested,"[""PN12-1.2.edf"", ""PN12-3.edf""]"
PN12,PN12-4.edf,8125,8115,8125,8065,8125,True,True,False,True,0,10194,0,negative,,,0.0029032258064516131,0.90000000000000002,E1_RF,20260922,True,nested,"[""PN12-1.2.edf"", ""PN12-3.edf""]"
PN12,PN12-4.edf,8130,8120,8130,8070,8130,True,True,False,True,0,10194,0,negative,,,0,0.90000000000000002,E1_RF,20260922,True,nested,"[""PN12-1.2.edf"", ""PN12-3.edf""]"
PN12,PN12-4.edf,8135,8125,8135,8075,8135,True,True,False,True,0,10194,0,negative,,,0,0.90000000000000002,E1_RF,20260922,True,nested,"[""PN12-1.2.edf"", ""PN12-3.edf""]"
PN12,PN12-4.edf,8140,8130,8140,8080,8140,True,True,False,True,0,10194,0,negative,,,0,0.90000000000000002,E1_RF,20260922,True,nested,"[""PN12-1.2.edf"", ""PN12-3.edf""]"
PN12,PN12-4.edf,8145,8135,8145,8085,8145,True,True,False,True,0,10194,0,negative,,,0,0.90000000000000002,E1_RF,20260922,True,nested,"[""PN12-1.2.edf"", ""PN12-3.edf""]"
PN12,PN12-4.edf,8150,8140,8150,8090,8150,True,True,False,True,0,10194,0,negative,,,0.022730375087373553,0.90000000000000002,E1_RF,20260922,True,nested,"[""PN12-1.2.edf"", ""PN12-3.edf""]"
PN12,PN12-4.edf,8155,8145,8155,8095,8155,True,True,False,True,0,10194,0,negative,,,0.0023232323232323234,0.90000000000000002,E1_RF,20260922,True,nested,"[""PN12-1.2.edf"", ""PN12-3.edf""]"
PN12,PN12-4.edf,8160,8150,8160,8100,8160,True,True,False,True,0,10194,0,negative,,,0,0.90000000000000002,E1_RF,20260922,True,nested,"[""PN12-1.2.edf"", ""PN12-3.edf""]"
PN12,PN12-4.edf,8165,8155,8165,8105,8165,True,True,False,True,0,10194,0,negative,,,0,0.90000000000000002,E1_RF,20260922,True,nested,"[""PN12-1.2.edf"", ""PN12-3.edf""]"
PN12,PN12-4.edf,8170,8160,8170,8110,8170,True,True,False,True,0,10194,0,negative,,,0,0.90000000000000002,E1_RF,20260922,True,nested,"[""PN12-1.2.edf"", ""PN12-3.edf""]"
PN12,PN12-4.edf,8175,8165,8175,8115,8175,True,True,False,True,0,10194,0,negative,,,0,0.90000000000000002,E1_RF,20260922,True,nested,"[""PN12-1.2.edf"", ""PN12-3.edf""]"
PN12,PN12-4.edf,8180,8170,8180,8120,8180,True,True,False,True,0,10194,0,negative,,,0,0.90000000000000002,E1_RF,20260922,True,nested,"[""PN12-1.2.edf"", ""PN12-3.edf""]"
PN12,PN12-4.edf,8185,8175,8185,8125,8185,True,True,False,True,0,10194,0,negative,,,0,0.90000000000000002,E1_RF,20260922,True,nested,"[""PN12-1.2.edf"", ""PN12-3.edf""]"
PN12,PN12-4.edf,8190,8180,8190,8130,8190,True,True,False,True,0,10194,0,negative,,,0,0.90000000000000002,E1_RF,20260922,True,nested,"[""PN12-1.2.edf"", ""PN12-3.edf""]"
PN12,PN12-4.edf,8195,8185,8195,8135,8195,True,True,False,True,0,10194,0,negative,,,0.0025757575757575759,0.90000000000000002,E1_RF,20260922,True,nested,"[""PN12-1.2.edf"", ""PN12-3.edf""]"
PN12,PN12-4.edf,8200,8190,8200,8140,8200,True,True,False,True,0,10194,0,negative,,,0,0.90000000000000002,E1_RF,20260922,True,nested,"[""PN12-1.2.edf"", ""PN12-3.edf""]"
PN12,PN12-4.edf,8205,8195,8205,8145,8205,True,True,False,True,0,10194,0,negative,,,0.0024358974358974356,0.90000000000000002,E1_RF,20260922,True,nested,"[""PN12-1.2.edf"", ""PN12-3.edf""]"
PN12,PN12-4.edf,8210,8200,8210,8150,8210,True,True,False,True,0,10194,0,negative,,,0.0024358974358974356,0.90000000000000002,E1_RF,20260922,True,nested,"[""PN12-1.2.edf"", ""PN12-3.edf""]"
PN12,PN12-4.edf,8215,8205,8215,8155,8215,True,True,False,True,0,10194,0,negative,,,0,0.90000000000000002,E1_RF,20260922,True,nested,"[""PN12-1.2.edf"", ""PN12-3.edf""]"
PN12,PN12-4.edf,8220,8210,8220,8160,8220,True,True,False,True,0,10194,0,negative,,,0,0.90000000000000002,E1_RF,20260922,True,nested,"[""PN12-1.2.edf"", ""PN12-3.edf""]"
PN12,PN12-4.edf,8225,8215,8225,8165,8225,True,True,False,True,0,10194,0,negative,,,0,0.90000000000000002,E1_RF,20260922,True,nested,"[""PN12-1.2.edf"", ""PN12-3.edf""]"
PN12,PN12-4.edf,8230,8220,8230,8170,8230,True,True,False,True,0,10194,0,negative,,,0.0030612244897959186,0.90000000000000002,E1_RF,20260922,True,nested,"[""PN12-1.2.edf"", ""PN12-3.edf""]"
PN12,PN12-4.edf,8235,8225,8235,8175,8235,True,True,False,True,0,10194,0,negative,,,0,0.90000000000000002,E1_RF,20260922,True,nested,"[""PN12-1.2.edf"", ""PN12-3.edf""]"
PN12,PN12-4.edf,8240,8230,8240,8180,8240,True,True,False,True,0,10194,0,negative,,,0,0.90000000000000002,E1_RF,20260922,True,nested,"[""PN12-1.2.edf"", ""PN12-3.edf""]"
PN12,PN12-4.edf,8245,8235,8245,8185,8245,True,True,False,True,0,10194,0,negative,,,0,0.90000000000000002,E1_RF,20260922,True,nested,"[""PN12-1.2.edf"", ""PN12-3.edf""]"
PN12,PN12-4.edf,8250,8240,8250,8190,8250,True,True,False,True,0,10194,0,negative,,,0,0.90000000000000002,E1_RF,20260922,True,nested,"[""PN12-1.2.edf"", ""PN12-3.edf""]"
PN12,PN12-4.edf,8255,8245,8255,8195,8255,True,True,False,True,0,10194,0,negative,,,0,0.90000000000000002,E1_RF,20260922,True,nested,"[""PN12-1.2.edf"", ""PN12-3.edf""]"
PN12,PN12-4.edf,8260,8250,8260,8200,8260,True,True,False,True,0,10194,0,negative,,,0,0.90000000000000002,E1_RF,20260922,True,nested,"[""PN12-1.2.edf"", ""PN12-3.edf""]"
PN12,PN12-4.edf,8265,8255,8265,8205,8265,True,True,False,True,0,10194,0,negative,,,0,0.90000000000000002,E1_RF,20260922,True,nested,"[""PN12-1.2.edf"", ""PN12-3.edf""]"
PN12,PN12-4.edf,8270,8260,8270,8210,8270,True,True,False,True,0,10194,0,negative,,,0,0.90000000000000002,E1_RF,20260922,True,nested,"[""PN12-1.2.edf"", ""PN12-3.edf""]"
PN12,PN12-4.edf,8275,8265,8275,8215,8275,True,True,False,True,0,10194,0,negative,,,0,0.90000000000000002,E1_RF,20260922,True,nested,"[""PN12-1.2.edf"", ""PN12-3.edf""]"
PN12,PN12-4.edf,8280,8270,8280,8220,8280,True,True,False,True,0,10194,0,negative,,,0.0030612244897959186,0.90000000000000002,E1_RF,20260922,True,nested,"[""PN12-1.2.edf"", ""PN12-3.edf""]"
PN12,PN12-4.edf,8285,8275,8285,8225,8285,True,True,False,True,0,10194,0,negative,,,0.0059644502962475313,0.90000000000000002,E1_RF,20260922,True,nested,"[""PN12-1.2.edf"", ""PN12-3.edf""]"
PN12,PN12-4.edf,8290,8280,8290,8230,8290,True,True,False,True,0,10194,0,negative,,,0,0.90000000000000002,E1_RF,20260922,True,nested,"[""PN12-1.2.edf"", ""PN12-3.edf""]"
PN12,PN12-4.edf,8295,8285,8295,8235,8295,True,True,False,True,0,10194,0,negative,,,0,0.90000000000000002,E1_RF,20260922,True,nested,"[""PN12-1.2.edf"", ""PN12-3.edf""]"
PN12,PN12-4.edf,8300,8290,8300,8240,8300,True,True,False,True,0,10194,0,negative,,,0,0.90000000000000002,E1_RF,20260922,True,nested,"[""PN12-1.2.edf"", ""PN12-3.edf""]"
PN12,PN12-4.edf,8305,8295,8305,8245,8305,True,True,False,True,0,10194,0,negative,,,0,0.90000000000000002,E1_RF,20260922,True,nested,"[""PN12-1.2.edf"", ""PN12-3.edf""]"
PN12,PN12-4.edf,8310,8300,8310,8250,8310,True,True,False,True,0,10194,0,negative,,,0,0.90000000000000002,E1_RF,20260922,True,nested,"[""PN12-1.2.edf"", ""PN12-3.edf""]"
PN12,PN12-4.edf,8315,8305,8315,8255,8315,True,True,False,True,0,10194,0,negative,,,0.051923704067438937,0.90000000000000002,E1_RF,20260922,True,nested,"[""PN12-1.2.edf"", ""PN12-3.edf""]"
PN12,PN12-4.edf,8320,8310,8320,8260,8320,True,True,False,True,0,10194,0,negative,,,0.27978815001106855,0.90000000000000002,E1_RF,20260922,True,nested,"[""PN12-1.2.edf"", ""PN12-3.edf""]"
PN12,PN12-4.edf,8325,8315,8325,8265,8325,True,True,False,True,0,10194,0,negative,,,0.064313109348305475,0.90000000000000002,E1_RF,20260922,True,nested,"[""PN12-1.2.edf"", ""PN12-3.edf""]"
PN12,PN12-4.edf,8330,8320,8330,8270,8330,True,True,False,True,0,10194,0,negative,,,0,0.90000000000000002,E1_RF,20260922,True,nested,"[""PN12-1.2.edf"", ""PN12-3.edf""]"
PN12,PN12-4.edf,8335,8325,8335,8275,8335,True,True,False,True,0,10194,0,negative,,,0.006148255813953488,0.90000000000000002,E1_RF,20260922,True,nested,"[""PN12-1.2.edf"", ""PN12-3.edf""]"
PN12,PN12-4.edf,8340,8330,8340,8280,8340,True,True,False,True,0,10194,0,negative,,,0.021975147187879671,0.90000000000000002,E1_RF,20260922,True,nested,"[""PN12-1.2.edf"", ""PN12-3.edf""]"
PN12,PN12-4.edf,8345,8335,8345,8285,8345,True,True,False,True,0,10194,0,negative,,,0.020488054367574133,0.90000000000000002,E1_RF,20260922,True,nested,"[""PN12-1.2.edf"", ""PN12-3.edf""]"
PN12,PN12-4.edf,8350,8340,8350,8290,8350,True,True,False,True,0,10194,0,negative,,,0,0.90000000000000002,E1_RF,20260922,True,nested,"[""PN12-1.2.edf"", ""PN12-3.edf""]"
PN12,PN12-4.edf,8355,8345,8355,8295,8355,True,True,False,True,0,10194,0,negative,,,0.018363925205347516,0.90000000000000002,E1_RF,20260922,True,nested,"[""PN12-1.2.edf"", ""PN12-3.edf""]"
PN12,PN12-4.edf,8360,8350,8360,8300,8360,True,True,False,True,0,10194,0,negative,,,0.016146630472014933,0.90000000000000002,E1_RF,20260922,True,nested,"[""PN12-1.2.edf"", ""PN12-3.edf""]"
PN12,PN12-4.edf,8365,8355,8365,8305,8365,True,True,False,True,0,10194,0,negative,,,0,0.90000000000000002,E1_RF,20260922,True,nested,"[""PN12-1.2.edf"", ""PN12-3.edf""]"
PN12,PN12-4.edf,8370,8360,8370,8310,8370,True,True,False,True,0,10194,0,negative,,,0.005638569604086846,0.90000000000000002,E1_RF,20260922,True,nested,"[""PN12-1.2.edf"", ""PN12-3.edf""]"
PN12,PN12-4.edf,8375,8365,8375,8315,8375,True,True,False,True,0,10194,0,negative,,,0,0.90000000000000002,E1_RF,20260922,True,nested,"[""PN12-1.2.edf"", ""PN12-3.edf""]"
PN12,PN12-4.edf,8380,8370,8380,8320,8380,True,True,False,True,0,10194,0,negative,,,0,0.90000000000000002,E1_RF,20260922,True,nested,"[""PN12-1.2.edf"", ""PN12-3.edf""]"
PN12,PN12-4.edf,8385,8375,8385,8325,8385,True,True,False,True,0,10194,0,negative,,,0.0025333333333333332,0.90000000000000002,E1_RF,20260922,True,nested,"[""PN12-1.2.edf"", ""PN12-3.edf""]"
PN12,PN12-4.edf,8390,8380,8390,8330,8390,True,True,False,True,0,10194,0,negative,,,0.24242151762065983,0.90000000000000002,E1_RF,20260922,True,nested,"[""PN12-1.2.edf"", ""PN12-3.edf""]"
PN12,PN12-4.edf,8395,8385,8395,8335,8395,True,True,False,True,0,10194,0,negative,,,0.29885470067687353,0.90000000000000002,E1_RF,20260922,True,nested,"[""PN12-1.2.edf"", ""PN12-3.edf""]"
PN12,PN12-4.edf,8400,8390,8400,8340,8400,True,True,False,True,0,10194,0,negative,,,0.00032755298651252412,0.90000000000000002,E1_RF,20260922,True,nested,"[""PN12-1.2.edf"", ""PN12-3.edf""]"
PN12,PN12-4.edf,8405,8395,8405,8345,8405,True,True,False,True,0,10194,0,negative,,,0.042152124736879175,0.90000000000000002,E1_RF,20260922,True,nested,"[""PN12-1.2.edf"", ""PN12-3.edf""]"
PN12,PN12-4.edf,8410,8400,8410,8350,8410,True,True,False,True,0,10194,0,negative,,,0.11867579545291652,0.90000000000000002,E1_RF,20260922,True,nested,"[""PN12-1.2.edf"", ""PN12-3.edf""]"
PN12,PN12-4.edf,8415,8405,8415,8355,8415,True,True,False,True,0,10194,0,negative,,,0,0.90000000000000002,E1_RF,20260922,True,nested,"[""PN12-1.2.edf"", ""PN12-3.edf""]"
PN12,PN12-4.edf,8420,8410,8420,8360,8420,True,True,False,True,0,10194,0,negative,,,0,0.90000000000000002,E1_RF,20260922,True,nested,"[""PN12-1.2.edf"", ""PN12-3.edf""]"
PN12,PN12-4.edf,8425,8415,8425,8365,8425,True,True,False,True,0,10194,0,negative,,,0,0.90000000000000002,E1_RF,20260922,True,nested,"[""PN12-1.2.edf"", ""PN12-3.edf""]"
PN12,PN12-4.edf,8430,8420,8430,8370,8430,True,True,False,True,0,10194,0,negative,,,0.18627291992147313,0.90000000000000002,E1_RF,20260922,True,nested,"[""PN12-1.2.edf"", ""PN12-3.edf""]"
PN12,PN12-4.edf,8435,8425,8435,8375,8435,True,True,False,True,0,10194,0,negative,,,0.083362283262299011,0.90000000000000002,E1_RF,20260922,True,nested,"[""PN12-1.2.edf"", ""PN12-3.edf""]"
PN12,PN12-4.edf,8440,8430,8440,8380,8440,True,True,False,True,0,10194,0,negative,,,0.011877802752042102,0.90000000000000002,E1_RF,20260922,True,nested,"[""PN12-1.2.edf"", ""PN12-3.edf""]"
PN12,PN12-4.edf,8445,8435,8445,8385,8445,True,True,False,True,0,10194,0,negative,,,0.0046590909090909087,0.90000000000000002,E1_RF,20260922,True,nested,"[""PN12-1.2.edf"", ""PN12-3.edf""]"
PN12,PN12-4.edf,8450,8440,8450,8390,8450,True,True,False,True,0,10194,0,negative,,,0.038104395009280166,0.90000000000000002,E1_RF,20260922,True,nested,"[""PN12-1.2.edf"", ""PN12-3.edf""]"
PN12,PN12-4.edf,8455,8445,8455,8395,8455,True,True,False,True,0,10194,0,negative,,,0.060485934215368631,0.90000000000000002,E1_RF,20260922,True,nested,"[""PN12-1.2.edf"", ""PN12-3.edf""]"
PN12,PN12-4.edf,8460,8450,8460,8400,8460,True,True,False,True,0,10194,0,negative,,,0.075828988765860167,0.90000000000000002,E1_RF,20260922,True,nested,"[""PN12-1.2.edf"", ""PN12-3.edf""]"
PN12,PN12-4.edf,8465,8455,8465,8405,8465,True,True,False,True,0,10194,0,negative,,,0.084670134636482833,0.90000000000000002,E1_RF,20260922,True,nested,"[""PN12-1.2.edf"", ""PN12-3.edf""]"
PN12,PN12-4.edf,8470,8460,8470,8410,8470,True,True,False,True,0,10194,0,negative,,,0.066375823804337625,0.90000000000000002,E1_RF,20260922,True,nested,"[""PN12-1.2.edf"", ""PN12-3.edf""]"
PN12,PN12-4.edf,8475,8465,8475,8415,8475,True,True,False,True,0,10194,0,negative,,,0.18848393322499557,0.90000000000000002,E1_RF,20260922,True,nested,"[""PN12-1.2.edf"", ""PN12-3.edf""]"
PN12,PN12-4.edf,8480,8470,8480,8420,8480,True,True,False,True,0,10194,0,negative,,,0.11669734233569777,0.90000000000000002,E1_RF,20260922,True,nested,"[""PN12-1.2.edf"", ""PN12-3.edf""]"
PN12,PN12-4.edf,8485,8475,8485,8425,8485,True,True,False,True,0,10194,0,negative,,,0.06511302995627713,0.90000000000000002,E1_RF,20260922,True,nested,"[""PN12-1.2.edf"", ""PN12-3.edf""]"
PN12,PN12-4.edf,8490,8480,8490,8430,8490,True,True,False,True,0,10194,0,negative,,,0.22684723370781895,0.90000000000000002,E1_RF,20260922,True,nested,"[""PN12-1.2.edf"", ""PN12-3.edf""]"
PN12,PN12-4.edf,8495,8485,8495,8435,8495,True,True,False,True,0,10194,0,negative,,,0.053998871480946564,0.90000000000000002,E1_RF,20260922,True,nested,"[""PN12-1.2.edf"", ""PN12-3.edf""]"
PN12,PN12-4.edf,8500,8490,8500,8440,8500,True,True,False,True,0,10194,0,negative,,,0.020295988829100657,0.90000000000000002,E1_RF,20260922,True,nested,"[""PN12-1.2.edf"", ""PN12-3.edf""]"
PN12,PN12-4.edf,8505,8495,8505,8445,8505,True,True,False,True,0,10194,0,negative,,,0.16753698196726588,0.90000000000000002,E1_RF,20260922,True,nested,"[""PN12-1.2.edf"", ""PN12-3.edf""]"
PN12,PN12-4.edf,8510,8500,8510,8450,8510,True,True,False,True,0,10194,0,negative,,,0.073268280201912353,0.90000000000000002,E1_RF,20260922,True,nested,"[""PN12-1.2.edf"", ""PN12-3.edf""]"
PN12,PN12-4.edf,8515,8505,8515,8455,8515,True,True,False,True,0,10194,0,negative,,,0.0029601449275362315,0.90000000000000002,E1_RF,20260922,True,nested,"[""PN12-1.2.edf"", ""PN12-3.edf""]"
PN12,PN12-4.edf,8520,8510,8520,8460,8520,True,True,False,True,0,10194,0,negative,,,0.029118493768299652,0.90000000000000002,E1_RF,20260922,True,nested,"[""PN12-1.2.edf"", ""PN12-3.edf""]"
PN12,PN12-4.edf,8525,8515,8525,8465,8525,True,True,False,True,0,10194,0,negative,,,0.0058272946859903385,0.90000000000000002,E1_RF,20260922,True,nested,"[""PN12-1.2.edf"", ""PN12-3.edf""]"
PN12,PN12-4.edf,8530,8520,8530,8470,8530,True,True,False,True,0,10194,0,negative,,,0.002638888888888889,0.90000000000000002,E1_RF,20260922,True,nested,"[""PN12-1.2.edf"", ""PN12-3.edf""]"
PN12,PN12-4.edf,8535,8525,8535,8475,8535,True,True,False,True,0,10194,0,negative,,,0.0068665991759022452,0.90000000000000002,E1_RF,20260922,True,nested,"[""PN12-1.2.edf"", ""PN12-3.edf""]"
PN12,PN12-4.edf,8540,8530,8540,8480,8540,True,True,False,True,0,10194,0,negative,,,0.28372165651441689,0.90000000000000002,E1_RF,20260922,True,nested,"[""PN12-1.2.edf"", ""PN12-3.edf""]"
PN12,PN12-4.edf,8545,8535,8545,8485,8545,True,True,False,True,0,10194,0,negative,,,0.072044049474183441,0.90000000000000002,E1_RF,20260922,True,nested,"[""PN12-1.2.edf"", ""PN12-3.edf""]"
PN12,PN12-4.edf,8550,8540,8550,8490,8550,True,True,False,True,0,10194,0,negative,,,0.062622484551034044,0.90000000000000002,E1_RF,20260922,True,nested,"[""PN12-1.2.edf"", ""PN12-3.edf""]"
PN12,PN12-4.edf,8555,8545,8555,8495,8555,True,True,False,True,0,10194,0,negative,,,0.076151162120565094,0.90000000000000002,E1_RF,20260922,True,nested,"[""PN12-1.2.edf"", ""PN12-3.edf""]"
PN12,PN12-4.edf,8560,8550,8560,8500,8560,True,True,False,True,0,10194,0,negative,,,0.044579690416615018,0.90000000000000002,E1_RF,20260922,True,nested,"[""PN12-1.2.edf"", ""PN12-3.edf""]"
PN12,PN12-4.edf,8565,8555,8565,8505,8565,True,True,False,True,0,10194,0,negative,,,0.0029523809523809524,0.90000000000000002,E1_RF,20260922,True,nested,"[""PN12-1.2.edf"", ""PN12-3.edf""]"
PN12,PN12-4.edf,8570,8560,8570,8510,8570,True,True,False,True,0,10194,0,negative,,,0,0.90000000000000002,E1_RF,20260922,True,nested,"[""PN12-1.2.edf"", ""PN12-3.edf""]"
PN12,PN12-4.edf,8575,8565,8575,8515,8575,True,True,False,True,0,10194,0,negative,,,0.13992093940727515,0.90000000000000002,E1_RF,20260922,True,nested,"[""PN12-1.2.edf"", ""PN12-3.edf""]"
PN12,PN12-4.edf,8580,8570,8580,8520,8580,True,True,False,True,0,10194,0,negative,,,0.018515098905906247,0.90000000000000002,E1_RF,20260922,True,nested,"[""PN12-1.2.edf"", ""PN12-3.edf""]"
PN12,PN12-4.edf,8585,8575,8585,8525,8585,True,True,False,True,0,10194,0,negative,,,0,0.90000000000000002,E1_RF,20260922,True,nested,"[""PN12-1.2.edf"", ""PN12-3.edf""]"
PN12,PN12-4.edf,8590,8580,8590,8530,8590,True,True,False,True,0,10194,0,negative,,,0.13371784420895896,0.90000000000000002,E1_RF,20260922,True,nested,"[""PN12-1.2.edf"", ""PN12-3.edf""]"
PN12,PN12-4.edf,8595,8585,8595,8535,8595,True,True,False,True,0,10194,0,negative,,,0.11695758982310248,0.90000000000000002,E1_RF,20260922,True,nested,"[""PN12-1.2.edf"", ""PN12-3.edf""]"
PN12,PN12-4.edf,8600,8590,8600,8540,8600,True,True,False,True,0,10194,0,negative,,,0.11570059815196954,0.90000000000000002,E1_RF,20260922,True,nested,"[""PN12-1.2.edf"", ""PN12-3.edf""]"
PN12,PN12-4.edf,8605,8595,8605,8545,8605,True,True,False,True,0,10194,0,negative,,,0,0.90000000000000002,E1_RF,20260922,True,nested,"[""PN12-1.2.edf"", ""PN12-3.edf""]"
PN12,PN12-4.edf,8610,8600,8610,8550,8610,True,True,False,True,0,10194,0,negative,,,0,0.90000000000000002,E1_RF,20260922,True,nested,"[""PN12-1.2.edf"", ""PN12-3.edf""]"
PN12,PN12-4.edf,8615,8605,8615,8555,8615,True,True,False,True,0,10194,0,negative,,,0,0.90000000000000002,E1_RF,20260922,True,nested,"[""PN12-1.2.edf"", ""PN12-3.edf""]"
PN12,PN12-4.edf,8620,8610,8620,8560,8620,True,True,False,True,0,10194,0,negative,,,0,0.90000000000000002,E1_RF,20260922,True,nested,"[""PN12-1.2.edf"", ""PN12-3.edf""]"
PN12,PN12-4.edf,8625,8615,8625,8565,8625,True,True,False,True,0,10194,0,negative,,,0,0.90000000000000002,E1_RF,20260922,True,nested,"[""PN12-1.2.edf"", ""PN12-3.edf""]"
PN12,PN12-4.edf,8630,8620,8630,8570,8630,True,True,False,True,0,10194,0,negative,,,0,0.90000000000000002,E1_RF,20260922,True,nested,"[""PN12-1.2.edf"", ""PN12-3.edf""]"
PN12,PN12-4.edf,8635,8625,8635,8575,8635,True,True,False,True,0,10194,0,negative,,,0,0.90000000000000002,E1_RF,20260922,True,nested,"[""PN12-1.2.edf"", ""PN12-3.edf""]"
PN12,PN12-4.edf,8640,8630,8640,8580,8640,True,True,False,True,0,10194,0,negative,,,0,0.90000000000000002,E1_RF,20260922,True,nested,"[""PN12-1.2.edf"", ""PN12-3.edf""]"
PN12,PN12-4.edf,8645,8635,8645,8585,8645,True,True,False,True,0,10194,0,negative,,,0,0.90000000000000002,E1_RF,20260922,True,nested,"[""PN12-1.2.edf"", ""PN12-3.edf""]"
PN12,PN12-4.edf,8650,8640,8650,8590,8650,True,True,False,True,0,10194,0,negative,,,0,0.90000000000000002,E1_RF,20260922,True,nested,"[""PN12-1.2.edf"", ""PN12-3.edf""]"
PN12,PN12-4.edf,8655,8645,8655,8595,8655,True,True,False,True,0,10194,0,negative,,,0,0.90000000000000002,E1_RF,20260922,True,nested,"[""PN12-1.2.edf"", ""PN12-3.edf""]"
PN12,PN12-4.edf,8660,8650,8660,8600,8660,True,True,False,True,0,10194,0,negative,,,0,0.90000000000000002,E1_RF,20260922,True,nested,"[""PN12-1.2.edf"", ""PN12-3.edf""]"
PN12,PN12-4.edf,8665,8655,8665,8605,8665,True,True,False,True,0,10194,0,negative,,,0,0.90000000000000002,E1_RF,20260922,True,nested,"[""PN12-1.2.edf"", ""PN12-3.edf""]"
PN12,PN12-4.edf,8670,8660,8670,8610,8670,True,True,False,True,0,10194,0,negative,,,0,0.90000000000000002,E1_RF,20260922,True,nested,"[""PN12-1.2.edf"", ""PN12-3.edf""]"
PN12,PN12-4.edf,8675,8665,8675,8615,8675,True,True,False,True,0,10194,0,negative,,,0.0025757575757575759,0.90000000000000002,E1_RF,20260922,True,nested,"[""PN12-1.2.edf"", ""PN12-3.edf""]"
PN12,PN12-4.edf,8680,8670,8680,8620,8680,True,True,False,True,0,10194,0,negative,,,0.078348345821779242,0.90000000000000002,E1_RF,20260922,True,nested,"[""PN12-1.2.edf"", ""PN12-3.edf""]"
PN12,PN12-4.edf,8685,8675,8685,8625,8685,True,True,False,True,0,10194,0,negative,,,0.038757509144904639,0.90000000000000002,E1_RF,20260922,True,nested,"[""PN12-1.2.edf"", ""PN12-3.edf""]"
PN12,PN12-4.edf,8690,8680,8690,8630,8690,True,True,False,True,0,10194,0,negative,,,0.02811012431976917,0.90000000000000002,E1_RF,20260922,True,nested,"[""PN12-1.2.edf"", ""PN12-3.edf""]"
PN12,PN12-4.edf,8695,8685,8695,8635,8695,True,True,False,True,0,10194,0,negative,,,0.0072075833152606085,0.90000000000000002,E1_RF,20260922,True,nested,"[""PN12-1.2.edf"", ""PN12-3.edf""]"
PN12,PN12-4.edf,8700,8690,8700,8640,8700,True,True,False,True,0,10194,0,negative,,,0,0.90000000000000002,E1_RF,20260922,True,nested,"[""PN12-1.2.edf"", ""PN12-3.edf""]"
PN12,PN12-4.edf,8705,8695,8705,8645,8705,True,True,False,True,0,10194,0,negative,,,0,0.90000000000000002,E1_RF,20260922,True,nested,"[""PN12-1.2.edf"", ""PN12-3.edf""]"
PN12,PN12-4.edf,8710,8700,8710,8650,8710,True,True,False,True,0,10194,0,negative,,,0.002638888888888889,0.90000000000000002,E1_RF,20260922,True,nested,"[""PN12-1.2.edf"", ""PN12-3.edf""]"
PN12,PN12-4.edf,8715,8705,8715,8655,8715,True,True,False,True,0,10194,0,negative,,,0.01166370759557398,0.90000000000000002,E1_RF,20260922,True,nested,"[""PN12-1.2.edf"", ""PN12-3.edf""]"
PN12,PN12-4.edf,8720,8710,8720,8660,8720,True,True,False,True,0,10194,0,negative,,,0.0060166886253842774,0.90000000000000002,E1_RF,20260922,True,nested,"[""PN12-1.2.edf"", ""PN12-3.edf""]"
PN12,PN12-4.edf,8725,8715,8725,8665,8725,True,True,False,True,0,10194,0,negative,,,0.0028282828282828283,0.90000000000000002,E1_RF,20260922,True,nested,"[""PN12-1.2.edf"", ""PN12-3.edf""]"
PN12,PN12-4.edf,8730,8720,8730,8670,8730,True,True,False,True,0,10194,0,negative,,,0.0054671717171717168,0.90000000000000002,E1_RF,20260922,True,nested,"[""PN12-1.2.edf"", ""PN12-3.edf""]"
PN12,PN12-4.edf,8735,8725,8735,8675,8735,True,True,False,True,0,10194,0,negative,,,0.011155332642810756,0.90000000000000002,E1_RF,20260922,True,nested,"[""PN12-1.2.edf"", ""PN12-3.edf""]"
PN12,PN12-4.edf,8740,8730,8740,8680,8740,True,True,False,True,0,10194,0,negative,,,0.0028282828282828283,0.90000000000000002,E1_RF,20260922,True,nested,"[""PN12-1.2.edf"", ""PN12-3.edf""]"
PN12,PN12-4.edf,8745,8735,8745,8685,8745,True,True,False,True,0,10194,0,negative,,,0.008952519136357865,0.90000000000000002,E1_RF,20260922,True,nested,"[""PN12-1.2.edf"", ""PN12-3.edf""]"
PN12,PN12-4.edf,8750,8740,8750,8690,8750,True,True,False,True,0,10194,0,negative,,,0.002638888888888889,0.90000000000000002,E1_RF,20260922,True,nested,"[""PN12-1.2.edf"", ""PN12-3.edf""]"
PN12,PN12-4.edf,8755,8745,8755,8695,8755,True,True,False,True,0,10194,0,negative,,,0.0054671717171717168,0.90000000000000002,E1_RF,20260922,True,nested,"[""PN12-1.2.edf"", ""PN12-3.edf""]"
PN12,PN12-4.edf,8760,8750,8760,8700,8760,True,True,False,True,0,10194,0,negative,,,0.0029601449275362315,0.90000000000000002,E1_RF,20260922,True,nested,"[""PN12-1.2.edf"", ""PN12-3.edf""]"
PN12,PN12-4.edf,8765,8755,8765,8705,8765,True,True,False,True,0,10194,0,negative,,,0.053185390479013106,0.90000000000000002,E1_RF,20260922,True,nested,"[""PN12-1.2.edf"", ""PN12-3.edf""]"
PN12,PN12-4.edf,8770,8760,8770,8710,8770,True,True,False,True,0,10194,0,negative,,,0.021516172094356415,0.90000000000000002,E1_RF,20260922,True,nested,"[""PN12-1.2.edf"", ""PN12-3.edf""]"
PN12,PN12-4.edf,8775,8765,8775,8715,8775,True,True,False,True,0,10194,0,negative,,,0.021437551667231363,0.90000000000000002,E1_RF,20260922,True,nested,"[""PN12-1.2.edf"", ""PN12-3.edf""]"
PN12,PN12-4.edf,8780,8770,8780,8720,8780,True,True,False,True,0,10194,0,negative,,,0.011962671814029723,0.90000000000000002,E1_RF,20260922,True,nested,"[""PN12-1.2.edf"", ""PN12-3.edf""]"
PN12,PN12-4.edf,8785,8775,8785,8725,8785,True,True,False,True,0,10194,0,negative,,,0.039409112474464408,0.90000000000000002,E1_RF,20260922,True,nested,"[""PN12-1.2.edf"", ""PN12-3.edf""]"
PN12,PN12-4.edf,8790,8780,8790,8730,8790,True,True,False,True,0,10194,0,negative,,,0.042558405827081362,0.90000000000000002,E1_RF,20260922,True,nested,"[""PN12-1.2.edf"", ""PN12-3.edf""]"
PN12,PN12-4.edf,8795,8785,8795,8735,8795,True,True,False,True,0,10194,0,negative,,,0.0030081300813008132,0.90000000000000002,E1_RF,20260922,True,nested,"[""PN12-1.2.edf"", ""PN12-3.edf""]"
PN12,PN12-4.edf,8800,8790,8800,8740,8800,True,True,False,True,0,10194,0,negative,,,0.0096778591437320267,0.90000000000000002,E1_RF,20260922,True,nested,"[""PN12-1.2.edf"", ""PN12-3.edf""]"
PN12,PN12-4.edf,8805,8795,8805,8745,8805,True,True,False,True,0,10194,0,negative,,,0.0082168386145910089,0.90000000000000002,E1_RF,20260922,True,nested,"[""PN12-1.2.edf"", ""PN12-3.edf""]"
PN12,PN12-4.edf,8810,8800,8810,8750,8810,True,True,False,True,0,10194,0,negative,,,0.0032563405797101448,0.90000000000000002,E1_RF,20260922,True,nested,"[""PN12-1.2.edf"", ""PN12-3.edf""]"
PN12,PN12-4.edf,8815,8805,8815,8755,8815,True,True,False,True,0,10194,0,negative,,,0.0091343889857468958,0.90000000000000002,E1_RF,20260922,True,nested,"[""PN12-1.2.edf"", ""PN12-3.edf""]"
PN12,PN12-4.edf,8820,8810,8820,8760,8820,True,True,False,True,0,10194,0,negative,,,0.0087742660169282741,0.90000000000000002,E1_RF,20260922,True,nested,"[""PN12-1.2.edf"", ""PN12-3.edf""]"
PN12,PN12-4.edf,8825,8815,8825,8765,8825,True,True,False,True,0,10194,0,negative,,,0.0091343889857468958,0.90000000000000002,E1_RF,20260922,True,nested,"[""PN12-1.2.edf"", ""PN12-3.edf""]"
PN12,PN12-4.edf,8830,8820,8830,8770,8830,True,True,False,True,0,10194,0,negative,,,0.0089545417327289104,0.90000000000000002,E1_RF,20260922,True,nested,"[""PN12-1.2.edf"", ""PN12-3.edf""]"
PN12,PN12-4.edf,8835,8825,8835,8775,8835,True,True,False,True,0,10194,0,negative,,,0.0106949533308178,0.90000000000000002,E1_RF,20260922,True,nested,"[""PN12-1.2.edf"", ""PN12-3.edf""]"
PN12,PN12-4.edf,8840,8830,8840,8780,8840,True,True,False,True,0,10194,0,negative,,,0.0059459831886454458,0.90000000000000002,E1_RF,20260922,True,nested,"[""PN12-1.2.edf"", ""PN12-3.edf""]"
PN12,PN12-4.edf,8845,8835,8845,8785,8845,True,True,False,True,0,10194,0,negative,,,0.011961077680441327,0.90000000000000002,E1_RF,20260922,True,nested,"[""PN12-1.2.edf"", ""PN12-3.edf""]"
PN12,PN12-4.edf,8850,8840,8850,8790,8850,True,True,False,True,0,10194,0,negative,,,0.011962671814029723,0.90000000000000002,E1_RF,20260922,True,nested,"[""PN12-1.2.edf"", ""PN12-3.edf""]"
PN12,PN12-4.edf,8855,8845,8855,8795,8855,True,True,False,True,0,10194,0,negative,,,0.0057661359356274613,0.90000000000000002,E1_RF,20260922,True,nested,"[""PN12-1.2.edf"", ""PN12-3.edf""]"
PN12,PN12-4.edf,8860,8850,8860,8800,8860,True,True,False,True,0,10194,0,negative,,,0.011962671814029723,0.90000000000000002,E1_RF,20260922,True,nested,"[""PN12-1.2.edf"", ""PN12-3.edf""]"
PN12,PN12-4.edf,8865,8855,8865,8805,8865,True,True,False,True,0,10194,0,negative,,,0.0091343889857468958,0.90000000000000002,E1_RF,20260922,True,nested,"[""PN12-1.2.edf"", ""PN12-3.edf""]"
PN12,PN12-4.edf,8870,8860,8870,8810,8870,True,True,False,True,0,10194,0,negative,,,0.038767479945473006,0.90000000000000002,E1_RF,20260922,True,nested,"[""PN12-1.2.edf"", ""PN12-3.edf""]"
PN12,PN12-4.edf,8875,8865,8875,8815,8875,True,True,False,True,0,10194,0,negative,,,0.024555680490376628,0.90000000000000002,E1_RF,20260922,True,nested,"[""PN12-1.2.edf"", ""PN12-3.edf""]"
PN12,PN12-4.edf,8880,8870,8880,8820,8880,True,True,False,True,0,10194,0,negative,,,0.0029378531073446326,0.90000000000000002,E1_RF,20260922,True,nested,"[""PN12-1.2.edf"", ""PN12-3.edf""]"
PN12,PN12-4.edf,8885,8875,8885,8825,8885,True,True,False,True,0,10194,0,negative,,,0.0088429488572960586,0.90000000000000002,E1_RF,20260922,True,nested,"[""PN12-1.2.edf"", ""PN12-3.edf""]"
PN12,PN12-4.edf,8890,8880,8890,8830,8890,True,True,False,True,0,10194,0,negative,,,0.0061485507246376806,0.90000000000000002,E1_RF,20260922,True,nested,"[""PN12-1.2.edf"", ""PN12-3.edf""]"
PN12,PN12-4.edf,8895,8885,8895,8835,8895,True,True,False,True,0,10194,0,negative,,,0.017739837561063676,0.90000000000000002,E1_RF,20260922,True,nested,"[""PN12-1.2.edf"", ""PN12-3.edf""]"
PN12,PN12-4.edf,8900,8890,8900,8840,8900,True,True,False,True,0,10194,0,negative,,,0.0023188405797101449,0.90000000000000002,E1_RF,20260922,True,nested,"[""PN12-1.2.edf"", ""PN12-3.edf""]"
PN12,PN12-4.edf,8905,8895,8905,8845,8905,True,True,False,True,0,10194,0,negative,,,0.0087742660169282741,0.90000000000000002,E1_RF,20260922,True,nested,"[""PN12-1.2.edf"", ""PN12-3.edf""]"
PN12,PN12-4.edf,8910,8900,8910,8850,8910,True,True,False,True,0,10194,0,negative,,,0.0054671717171717168,0.90000000000000002,E1_RF,20260922,True,nested,"[""PN12-1.2.edf"", ""PN12-3.edf""]"
PN12,PN12-4.edf,8915,8905,8915,8855,8915,True,True,False,True,0,10194,0,negative,,,0.036128894654085621,0.90000000000000002,E1_RF,20260922,True,nested,"[""PN12-1.2.edf"", ""PN12-3.edf""]"
PN12,PN12-4.edf,8920,8910,8920,8860,8920,True,True,False,True,0,10194,0,negative,,,0.012431880025173418,0.90000000000000002,E1_RF,20260922,True,nested,"[""PN12-1.2.edf"", ""PN12-3.edf""]"
PN12,PN12-4.edf,8925,8915,8925,8865,8925,True,True,False,True,0,10194,0,negative,,,0.014740449591807502,0.90000000000000002,E1_RF,20260922,True,nested,"[""PN12-1.2.edf"", ""PN12-3.edf""]"
PN12,PN12-4.edf,8930,8920,8930,8870,8930,True,True,False,True,0,10194,0,negative,,,0.014551055652413563,0.90000000000000002,E1_RF,20260922,True,nested,"[""PN12-1.2.edf"", ""PN12-3.edf""]"
PN12,PN12-4.edf,8935,8925,8935,8875,8935,True,True,False,True,0,10194,0,negative,,,0.0027777777777777779,0.90000000000000002,E1_RF,20260922,True,nested,"[""PN12-1.2.edf"", ""PN12-3.edf""]"
PN12,PN12-4.edf,8940,8930,8940,8880,8940,True,True,False,True,0,10194,0,negative,,,0.0027777777777777779,0.90000000000000002,E1_RF,20260922,True,nested,"[""PN12-1.2.edf"", ""PN12-3.edf""]"
PN12,PN12-4.edf,8945,8935,8945,8885,8945,True,True,False,True,0,10194,0,negative,,,0.0027777777777777779,0.90000000000000002,E1_RF,20260922,True,nested,"[""PN12-1.2.edf"", ""PN12-3.edf""]"
PN12,PN12-4.edf,8950,8940,8950,8890,8950,True,True,False,True,0,10194,0,negative,,,0.0027777777777777779,0.90000000000000002,E1_RF,20260922,True,nested,"[""PN12-1.2.edf"", ""PN12-3.edf""]"
PN12,PN12-4.edf,8955,8945,8955,8895,8955,True,True,False,True,0,10194,0,negative,,,0.0027777777777777779,0.90000000000000002,E1_RF,20260922,True,nested,"[""PN12-1.2.edf"", ""PN12-3.edf""]"
PN12,PN12-4.edf,8960,8950,8960,8900,8960,True,True,False,True,0,10194,0,negative,,,0,0.90000000000000002,E1_RF,20260922,True,nested,"[""PN12-1.2.edf"", ""PN12-3.edf""]"
PN12,PN12-4.edf,8965,8955,8965,8905,8965,True,True,False,True,0,10194,0,negative,,,0.0029601449275362315,0.90000000000000002,E1_RF,20260922,True,nested,"[""PN12-1.2.edf"", ""PN12-3.edf""]"
PN12,PN12-4.edf,8970,8960,8970,8910,8970,True,True,False,True,0,10194,0,negative,,,0.0060166886253842774,0.90000000000000002,E1_RF,20260922,True,nested,"[""PN12-1.2.edf"", ""PN12-3.edf""]"
PN12,PN12-4.edf,8975,8965,8975,8915,8975,True,True,False,True,0,10194,0,negative,,,0,0.90000000000000002,E1_RF,20260922,True,nested,"[""PN12-1.2.edf"", ""PN12-3.edf""]"
PN12,PN12-4.edf,8980,8970,8980,8920,8980,True,True,False,True,0,10194,0,negative,,,0.0082473082473082469,0.90000000000000002,E1_RF,20260922,True,nested,"[""PN12-1.2.edf"", ""PN12-3.edf""]"
PN12,PN12-4.edf,8985,8975,8985,8925,8985,True,True,False,True,0,10194,0,negative,,,0,0.90000000000000002,E1_RF,20260922,True,nested,"[""PN12-1.2.edf"", ""PN12-3.edf""]"
PN12,PN12-4.edf,8990,8980,8990,8930,8990,True,True,False,True,0,10194,0,negative,,,0,0.90000000000000002,E1_RF,20260922,True,nested,"[""PN12-1.2.edf"", ""PN12-3.edf""]"
PN12,PN12-4.edf,8995,8985,8995,8935,8995,True,True,False,True,0,10194,0,negative,,,0.0056369820655534945,0.90000000000000002,E1_RF,20260922,True,nested,"[""PN12-1.2.edf"", ""PN12-3.edf""]"
PN12,PN12-4.edf,9000,8990,9000,8940,9000,True,True,False,True,0,10194,0,negative,,,0.064502627405496449,0.90000000000000002,E1_RF,20260922,True,nested,"[""PN12-1.2.edf"", ""PN12-3.edf""]"
PN12,PN12-4.edf,9005,8995,9005,8945,9005,True,True,False,True,0,10194,0,negative,,,0.041992668144542562,0.90000000000000002,E1_RF,20260922,True,nested,"[""PN12-1.2.edf"", ""PN12-3.edf""]"
PN12,PN12-4.edf,9010,9000,9010,8950,9010,True,True,False,True,0,10194,0,negative,,,0.059023609904604653,0.90000000000000002,E1_RF,20260922,True,nested,"[""PN12-1.2.edf"", ""PN12-3.edf""]"
PN12,PN12-4.edf,9015,9005,9015,8955,9015,True,True,False,True,0,10194,0,negative,,,0.11506880744056174,0.90000000000000002,E1_RF,20260922,True,nested,"[""PN12-1.2.edf"", ""PN12-3.edf""]"
PN12,PN12-4.edf,9020,9010,9020,8960,9020,True,True,False,True,0,10194,0,negative,,,0.043203520010009329,0.90000000000000002,E1_RF,20260922,True,nested,"[""PN12-1.2.edf"", ""PN12-3.edf""]"
PN12,PN12-4.edf,9025,9015,9025,8965,9025,True,True,False,True,0,10194,0,negative,,,0.073468953214063049,0.90000000000000002,E1_RF,20260922,True,nested,"[""PN12-1.2.edf"", ""PN12-3.edf""]"
PN12,PN12-4.edf,9030,9020,9030,8970,9030,True,True,False,True,0,10194,0,negative,,,0.11708663048558385,0.90000000000000002,E1_RF,20260922,True,nested,"[""PN12-1.2.edf"", ""PN12-3.edf""]"
PN12,PN12-4.edf,9035,9025,9035,8975,9035,True,True,False,True,0,10194,0,negative,,,0.0016964285714285714,0.90000000000000002,E1_RF,20260922,True,nested,"[""PN12-1.2.edf"", ""PN12-3.edf""]"
PN12,PN12-4.edf,9040,9030,9040,8980,9040,True,True,False,True,0,10194,0,negative,,,0.012041213877591057,0.90000000000000002,E1_RF,20260922,True,nested,"[""PN12-1.2.edf"", ""PN12-3.edf""]"
PN12,PN12-4.edf,9045,9035,9045,8985,9045,True,True,False,True,0,10194,0,negative,,,0.0060920634920634924,0.90000000000000002,E1_RF,20260922,True,nested,"[""PN12-1.2.edf"", ""PN12-3.edf""]"
PN12,PN12-4.edf,9050,9040,9050,8990,9050,True,True,False,True,0,10194,0,negative,,,0.014679881270780959,0.90000000000000002,E1_RF,20260922,True,nested,"[""PN12-1.2.edf"", ""PN12-3.edf""]"
PN12,PN12-4.edf,9055,9045,9055,8995,9055,True,True,False,True,0,10194,0,negative,,,0.017164666843116197,0.90000000000000002,E1_RF,20260922,True,nested,"[""PN12-1.2.edf"", ""PN12-3.edf""]"
PN12,PN12-4.edf,9060,9050,9060,9000,9060,True,True,False,True,0,10194,0,negative,,,0.022579424210937411,0.90000000000000002,E1_RF,20260922,True,nested,"[""PN12-1.2.edf"", ""PN12-3.edf""]"
PN12,PN12-4.edf,9065,9055,9065,9005,9065,True,True,False,True,0,10194,0,negative,,,0.0053282828282828288,0.90000000000000002,E1_RF,20260922,True,nested,"[""PN12-1.2.edf"", ""PN12-3.edf""]"
PN12,PN12-4.edf,9070,9060,9070,9010,9070,True,True,False,True,0,10194,0,negative,,,0.0058364129095836411,0.90000000000000002,E1_RF,20260922,True,nested,"[""PN12-1.2.edf"", ""PN12-3.edf""]"
PN12,PN12-4.edf,9075,9065,9075,9015,9075,True,True,False,True,0,10194,0,negative,,,0,0.90000000000000002,E1_RF,20260922,True,nested,"[""PN12-1.2.edf"", ""PN12-3.edf""]"
PN12,PN12-4.edf,9080,9070,9080,9020,9080,True,True,False,True,0,10194,0,negative,,,0.047626066612387122,0.90000000000000002,E1_RF,20260922,True,nested,"[""PN12-1.2.edf"", ""PN12-3.edf""]"
PN12,PN12-4.edf,9085,9075,9085,9025,9085,True,True,False,True,0,10194,0,negative,,,0,0.90000000000000002,E1_RF,20260922,True,nested,"[""PN12-1.2.edf"", ""PN12-3.edf""]"
PN12,PN12-4.edf,9090,9080,9090,9030,9090,True,True,False,True,0,10194,0,negative,,,0,0.90000000000000002,E1_RF,20260922,True,nested,"[""PN12-1.2.edf"", ""PN12-3.edf""]"
PN12,PN12-4.edf,9095,9085,9095,9035,9095,True,True,False,True,0,10194,0,negative,,,0,0.90000000000000002,E1_RF,20260922,True,nested,"[""PN12-1.2.edf"", ""PN12-3.edf""]"
PN12,PN12-4.edf,9100,9090,9100,9040,9100,True,True,False,True,0,10194,0,negative,,,0.0049583333333333337,0.90000000000000002,E1_RF,20260922,True,nested,"[""PN12-1.2.edf"", ""PN12-3.edf""]"
PN12,PN12-4.edf,9105,9095,9105,9045,9105,True,True,False,True,0,10194,0,negative,,,0.0035300450185946366,0.90000000000000002,E1_RF,20260922,True,nested,"[""PN12-1.2.edf"", ""PN12-3.edf""]"
PN12,PN12-4.edf,9110,9100,9110,9050,9110,True,True,False,True,0,10194,0,negative,,,0.0063078227963724144,0.90000000000000002,E1_RF,20260922,True,nested,"[""PN12-1.2.edf"", ""PN12-3.edf""]"
PN12,PN12-4.edf,9115,9105,9115,9055,9115,True,True,False,True,0,10194,0,negative,,,0.0050966183574879228,0.90000000000000002,E1_RF,20260922,True,nested,"[""PN12-1.2.edf"", ""PN12-3.edf""]"
PN12,PN12-4.edf,9120,9110,9120,9060,9120,True,True,False,True,0,10194,0,negative,,,0,0.90000000000000002,E1_RF,20260922,True,nested,"[""PN12-1.2.edf"", ""PN12-3.edf""]"
PN12,PN12-4.edf,9125,9115,9125,9065,9125,True,True,False,True,0,10194,0,negative,,,0.0052136752136752139,0.90000000000000002,E1_RF,20260922,True,nested,"[""PN12-1.2.edf"", ""PN12-3.edf""]"
PN12,PN12-4.edf,9130,9120,9130,9070,9130,True,True,False,True,0,10194,0,negative,,,0,0.90000000000000002,E1_RF,20260922,True,nested,"[""PN12-1.2.edf"", ""PN12-3.edf""]"
PN12,PN12-4.edf,9135,9125,9135,9075,9135,True,True,False,True,0,10194,0,negative,,,0.0052136752136752139,0.90000000000000002,E1_RF,20260922,True,nested,"[""PN12-1.2.edf"", ""PN12-3.edf""]"
PN12,PN12-4.edf,9140,9130,9140,9080,9140,True,True,False,True,0,10194,0,negative,,,0.0024358974358974356,0.90000000000000002,E1_RF,20260922,True,nested,"[""PN12-1.2.edf"", ""PN12-3.edf""]"
PN12,PN12-4.edf,9145,9135,9145,9085,9145,True,True,False,True,0,10194,0,negative,,,0,0.90000000000000002,E1_RF,20260922,True,nested,"[""PN12-1.2.edf"", ""PN12-3.edf""]"
PN12,PN12-4.edf,9150,9140,9150,9090,9150,True,True,False,True,0,10194,0,negative,,,0.0052136752136752139,0.90000000000000002,E1_RF,20260922,True,nested,"[""PN12-1.2.edf"", ""PN12-3.edf""]"
PN12,PN12-4.edf,9155,9145,9155,9095,9155,True,True,False,True,0,10194,0,negative,,,0.0053535353535353533,0.90000000000000002,E1_RF,20260922,True,nested,"[""PN12-1.2.edf"", ""PN12-3.edf""]"
PN12,PN12-4.edf,9160,9150,9160,9100,9160,True,True,False,True,0,10194,0,negative,,,0.0053535353535353533,0.90000000000000002,E1_RF,20260922,True,nested,"[""PN12-1.2.edf"", ""PN12-3.edf""]"
PN12,PN12-4.edf,9165,9155,9165,9105,9165,True,True,False,True,0,10194,0,negative,,,0.0056666666666666671,0.90000000000000002,E1_RF,20260922,True,nested,"[""PN12-1.2.edf"", ""PN12-3.edf""]"
PN12,PN12-4.edf,9170,9160,9170,9110,9170,True,True,False,True,0,10194,0,negative,,,0,0.90000000000000002,E1_RF,20260922,True,nested,"[""PN12-1.2.edf"", ""PN12-3.edf""]"
PN12,PN12-4.edf,9175,9165,9175,9115,9175,True,True,False,True,0,10194,0,negative,,,0.0052077294685990341,0.90000000000000002,E1_RF,20260922,True,nested,"[""PN12-1.2.edf"", ""PN12-3.edf""]"
PN12,PN12-4.edf,9180,9170,9180,9120,9180,True,True,False,True,0,10194,0,negative,,,0.02705077002705553,0.90000000000000002,E1_RF,20260922,True,nested,"[""PN12-1.2.edf"", ""PN12-3.edf""]"
PN12,PN12-4.edf,9185,9175,9185,9125,9185,True,True,False,True,0,10194,0,negative,,,0.062049293588316928,0.90000000000000002,E1_RF,20260922,True,nested,"[""PN12-1.2.edf"", ""PN12-3.edf""]"
PN12,PN12-4.edf,9190,9180,9190,9130,9190,True,True,False,True,0,10194,0,negative,,,0.057520438586174574,0.90000000000000002,E1_RF,20260922,True,nested,"[""PN12-1.2.edf"", ""PN12-3.edf""]"
PN12,PN12-4.edf,9195,9185,9195,9135,9195,True,True,False,True,0,10194,0,negative,,,0.052599378274054892,0.90000000000000002,E1_RF,20260922,True,nested,"[""PN12-1.2.edf"", ""PN12-3.edf""]"
PN12,PN12-4.edf,9200,9190,9200,9140,9200,True,True,False,True,0,10194,0,negative,,,0.11323395754075798,0.90000000000000002,E1_RF,20260922,True,nested,"[""PN12-1.2.edf"", ""PN12-3.edf""]"
PN12,PN12-4.edf,9205,9195,9205,9145,9205,True,True,False,True,0,10194,0,negative,,,0.13649903294245613,0.90000000000000002,E1_RF,20260922,True,nested,"[""PN12-1.2.edf"", ""PN12-3.edf""]"
PN12,PN12-4.edf,9210,9200,9210,9150,9210,True,True,False,True,0,10194,0,negative,,,0.0758604504467109,0.90000000000000002,E1_RF,20260922,True,nested,"[""PN12-1.2.edf"", ""PN12-3.edf""]"
PN12,PN12-4.edf,9215,9205,9215,9155,9215,True,True,False,True,0,10194,0,negative,,,0.045154081406191232,0.90000000000000002,E1_RF,20260922,True,nested,"[""PN12-1.2.edf"", ""PN12-3.edf""]"
PN12,PN12-4.edf,9220,9210,9220,9160,9220,True,True,False,True,0,10194,0,negative,,,0.0028767123287671234,0.90000000000000002,E1_RF,20260922,True,nested,"[""PN12-1.2.edf"", ""PN12-3.edf""]"
PN12,PN12-4.edf,9225,9215,9225,9165,9225,True,True,False,True,0,10194,0,negative,,,0.031171513027787572,0.90000000000000002,E1_RF,20260922,True,nested,"[""PN12-1.2.edf"", ""PN12-3.edf""]"
PN12,PN12-4.edf,9230,9220,9230,9170,9230,True,True,False,True,0,10194,0,negative,,,0.034338637164089574,0.90000000000000002,E1_RF,20260922,True,nested,"[""PN12-1.2.edf"", ""PN12-3.edf""]"
PN12,PN12-4.edf,9235,9225,9235,9175,9235,True,True,False,True,0,10194,0,negative,,,0.003129251700680272,0.90000000000000002,E1_RF,20260922,True,nested,"[""PN12-1.2.edf"", ""PN12-3.edf""]"
PN12,PN12-4.edf,9240,9230,9240,9180,9240,True,True,False,True,0,10194,0,negative,,,0.072332451313323429,0.90000000000000002,E1_RF,20260922,True,nested,"[""PN12-1.2.edf"", ""PN12-3.edf""]"
PN12,PN12-4.edf,9245,9235,9245,9185,9245,True,True,False,True,0,10194,0,negative,,,0.1404958067145918,0.90000000000000002,E1_RF,20260922,True,nested,"[""PN12-1.2.edf"", ""PN12-3.edf""]"
PN12,PN12-4.edf,9250,9240,9250,9190,9250,True,True,False,True,0,10194,0,negative,,,0.22547959298745709,0.90000000000000002,E1_RF,20260922,True,nested,"[""PN12-1.2.edf"", ""PN12-3.edf""]"
PN12,PN12-4.edf,9255,9245,9255,9195,9255,True,True,False,True,0,10194,0,negative,,,0.022249512237780489,0.90000000000000002,E1_RF,20260922,True,nested,"[""PN12-1.2.edf"", ""PN12-3.edf""]"
PN12,PN12-4.edf,9260,9250,9260,9200,9260,True,True,False,True,0,10194,0,negative,,,0,0.90000000000000002,E1_RF,20260922,True,nested,"[""PN12-1.2.edf"", ""PN12-3.edf""]"
PN12,PN12-4.edf,9265,9255,9265,9205,9265,True,True,False,True,0,10194,0,negative,,,0.0054333521338597477,0.90000000000000002,E1_RF,20260922,True,nested,"[""PN12-1.2.edf"", ""PN12-3.edf""]"
PN12,PN12-4.edf,9270,9260,9270,9210,9270,True,True,False,True,0,10194,0,negative,,,0.0054333521338597477,0.90000000000000002,E1_RF,20260922,True,nested,"[""PN12-1.2.edf"", ""PN12-3.edf""]"
PN12,PN12-4.edf,9275,9265,9275,9215,9275,True,True,False,True,0,10194,0,negative,,,0.0024703891708967849,0.90000000000000002,E1_RF,20260922,True,nested,"[""PN12-1.2.edf"", ""PN12-3.edf""]"
PN12,PN12-4.edf,9280,9270,9280,9220,9280,True,True,False,True,0,10194,0,negative,,,0.0029911433172302737,0.90000000000000002,E1_RF,20260922,True,nested,"[""PN12-1.2.edf"", ""PN12-3.edf""]"
PN12,PN12-4.edf,9285,9275,9285,9225,9285,True,True,False,True,0,10194,0,negative,,,0.0052592592592592595,0.90000000000000002,E1_RF,20260922,True,nested,"[""PN12-1.2.edf"", ""PN12-3.edf""]"
PN12,PN12-4.edf,9290,9280,9290,9230,9290,True,True,False,True,0,10194,0,negative,,,0.0081313131313131316,0.90000000000000002,E1_RF,20260922,True,nested,"[""PN12-1.2.edf"", ""PN12-3.edf""]"
PN12,PN12-4.edf,9295,9285,9295,9235,9295,True,True,False,True,0,10194,0,negative,,,0,0.90000000000000002,E1_RF,20260922,True,nested,"[""PN12-1.2.edf"", ""PN12-3.edf""]"
PN12,PN12-4.edf,9300,9290,9300,9240,9300,True,True,False,True,0,10194,0,negative,,,0.0025757575757575759,0.90000000000000002,E1_RF,20260922,True,nested,"[""PN12-1.2.edf"", ""PN12-3.edf""]"
PN12,PN12-4.edf,9305,9295,9305,9245,9305,True,True,False,True,0,10194,0,negative,,,0,0.90000000000000002,E1_RF,20260922,True,nested,"[""PN12-1.2.edf"", ""PN12-3.edf""]"
PN12,PN12-4.edf,9310,9300,9310,9250,9310,True,True,False,True,0,10194,0,negative,,,0,0.90000000000000002,E1_RF,20260922,True,nested,"[""PN12-1.2.edf"", ""PN12-3.edf""]"
PN12,PN12-4.edf,9315,9305,9315,9255,9315,True,True,False,True,0,10194,0,negative,,,0.0029722222222222225,0.90000000000000002,E1_RF,20260922,True,nested,"[""PN12-1.2.edf"", ""PN12-3.edf""]"
PN12,PN12-4.edf,9320,9310,9320,9260,9320,True,True,False,True,0,10194,0,negative,,,0,0.90000000000000002,E1_RF,20260922,True,nested,"[""PN12-1.2.edf"", ""PN12-3.edf""]"
PN12,PN12-4.edf,9325,9315,9325,9265,9325,True,True,False,True,0,10194,0,negative,,,0,0.90000000000000002,E1_RF,20260922,True,nested,"[""PN12-1.2.edf"", ""PN12-3.edf""]"
PN12,PN12-4.edf,9330,9320,9330,9270,9330,True,True,False,True,0,10194,0,negative,,,0,0.90000000000000002,E1_RF,20260922,True,nested,"[""PN12-1.2.edf"", ""PN12-3.edf""]"
PN12,PN12-4.edf,9335,9325,9335,9275,9335,True,True,False,True,0,10194,0,negative,,,0,0.90000000000000002,E1_RF,20260922,True,nested,"[""PN12-1.2.edf"", ""PN12-3.edf""]"
PN12,PN12-4.edf,9340,9330,9340,9280,9340,True,True,False,True,0,10194,0,negative,,,0,0.90000000000000002,E1_RF,20260922,True,nested,"[""PN12-1.2.edf"", ""PN12-3.edf""]"
PN12,PN12-4.edf,9345,9335,9345,9285,9345,True,True,False,True,0,10194,0,negative,,,0,0.90000000000000002,E1_RF,20260922,True,nested,"[""PN12-1.2.edf"", ""PN12-3.edf""]"
PN12,PN12-4.edf,9350,9340,9350,9290,9350,True,True,False,True,0,10194,0,negative,,,0.016903607503607504,0.90000000000000002,E1_RF,20260922,True,nested,"[""PN12-1.2.edf"", ""PN12-3.edf""]"
PN12,PN12-4.edf,9355,9345,9355,9295,9355,True,True,False,True,0,10194,0,negative,,,0.10665495340160196,0.90000000000000002,E1_RF,20260922,True,nested,"[""PN12-1.2.edf"", ""PN12-3.edf""]"
PN12,PN12-4.edf,9360,9350,9360,9300,9360,True,True,False,True,0,10194,0,negative,,,0.065276642400967894,0.90000000000000002,E1_RF,20260922,True,nested,"[""PN12-1.2.edf"", ""PN12-3.edf""]"
PN12,PN12-4.edf,9365,9355,9365,9305,9365,True,True,False,True,0,10194,0,negative,,,0,0.90000000000000002,E1_RF,20260922,True,nested,"[""PN12-1.2.edf"", ""PN12-3.edf""]"
PN12,PN12-4.edf,9370,9360,9370,9310,9370,True,True,False,True,0,10194,0,negative,,,0.0024703891708967849,0.90000000000000002,E1_RF,20260922,True,nested,"[""PN12-1.2.edf"", ""PN12-3.edf""]"
PN12,PN12-4.edf,9375,9365,9375,9315,9375,True,True,False,True,0,10194,0,negative,,,0,0.90000000000000002,E1_RF,20260922,True,nested,"[""PN12-1.2.edf"", ""PN12-3.edf""]"
PN12,PN12-4.edf,9380,9370,9380,9320,9380,True,True,False,True,0,10194,0,negative,,,0,0.90000000000000002,E1_RF,20260922,True,nested,"[""PN12-1.2.edf"", ""PN12-3.edf""]"
PN12,PN12-4.edf,9385,9375,9385,9325,9385,True,True,False,True,0,10194,0,negative,,,0,0.90000000000000002,E1_RF,20260922,True,nested,"[""PN12-1.2.edf"", ""PN12-3.edf""]"
PN12,PN12-4.edf,9390,9380,9390,9330,9390,True,True,False,True,0,10194,0,negative,,,0.0052592592592592595,0.90000000000000002,E1_RF,20260922,True,nested,"[""PN12-1.2.edf"", ""PN12-3.edf""]"
PN12,PN12-4.edf,9395,9385,9395,9335,9395,True,True,False,True,0,10194,0,negative,,,0.0081957671957671955,0.90000000000000002,E1_RF,20260922,True,nested,"[""PN12-1.2.edf"", ""PN12-3.edf""]"
PN12,PN12-4.edf,9400,9390,9400,9340,9400,True,True,False,True,0,10194,0,negative,,,0,0.90000000000000002,E1_RF,20260922,True,nested,"[""PN12-1.2.edf"", ""PN12-3.edf""]"
PN12,PN12-4.edf,9405,9395,9405,9345,9405,True,True,False,True,0,10194,0,negative,,,0.0053914529914529915,0.90000000000000002,E1_RF,20260922,True,nested,"[""PN12-1.2.edf"", ""PN12-3.edf""]"
PN12,PN12-4.edf,9410,9400,9410,9350,9410,True,True,False,True,0,10194,0,negative,,,0,0.90000000000000002,E1_RF,20260922,True,nested,"[""PN12-1.2.edf"", ""PN12-3.edf""]"
PN12,PN12-4.edf,9415,9405,9415,9355,9415,True,True,False,True,0,10194,0,negative,,,0,0.90000000000000002,E1_RF,20260922,True,nested,"[""PN12-1.2.edf"", ""PN12-3.edf""]"
PN12,PN12-4.edf,9420,9410,9420,9360,9420,True,True,False,True,0,10194,0,negative,,,0,0.90000000000000002,E1_RF,20260922,True,nested,"[""PN12-1.2.edf"", ""PN12-3.edf""]"
PN12,PN12-4.edf,9425,9415,9425,9365,9425,True,True,False,True,0,10194,0,negative,,,0,0.90000000000000002,E1_RF,20260922,True,nested,"[""PN12-1.2.edf"", ""PN12-3.edf""]"
PN12,PN12-4.edf,9430,9420,9430,9370,9430,True,True,False,True,0,10194,0,negative,,,0.0028888888888888892,0.90000000000000002,E1_RF,20260922,True,nested,"[""PN12-1.2.edf"", ""PN12-3.edf""]"
PN12,PN12-4.edf,9435,9425,9435,9375,9435,True,True,False,True,0,10194,0,negative,,,0,0.90000000000000002,E1_RF,20260922,True,nested,"[""PN12-1.2.edf"", ""PN12-3.edf""]"
PN12,PN12-4.edf,9440,9430,9440,9380,9440,True,True,False,True,0,10194,0,negative,,,0,0.90000000000000002,E1_RF,20260922,True,nested,"[""PN12-1.2.edf"", ""PN12-3.edf""]"
PN12,PN12-4.edf,9445,9435,9445,9385,9445,True,True,False,True,0,10194,0,negative,,,0,0.90000000000000002,E1_RF,20260922,True,nested,"[""PN12-1.2.edf"", ""PN12-3.edf""]"
PN12,PN12-4.edf,9450,9440,9450,9390,9450,True,True,False,True,0,10194,0,negative,,,0,0.90000000000000002,E1_RF,20260922,True,nested,"[""PN12-1.2.edf"", ""PN12-3.edf""]"
PN12,PN12-4.edf,9455,9445,9455,9395,9455,True,True,False,True,0,10194,0,negative,,,0.0030612244897959186,0.90000000000000002,E1_RF,20260922,True,nested,"[""PN12-1.2.edf"", ""PN12-3.edf""]"
PN12,PN12-4.edf,9460,9450,9460,9400,9460,True,True,False,True,0,10194,0,negative,,,0,0.90000000000000002,E1_RF,20260922,True,nested,"[""PN12-1.2.edf"", ""PN12-3.edf""]"
PN12,PN12-4.edf,9465,9455,9465,9405,9465,True,True,False,True,0,10194,0,negative,,,0,0.90000000000000002,E1_RF,20260922,True,nested,"[""PN12-1.2.edf"", ""PN12-3.edf""]"
PN12,PN12-4.edf,9470,9460,9470,9410,9470,True,True,False,True,0,10194,0,negative,,,0.010101090617673499,0.90000000000000002,E1_RF,20260922,True,nested,"[""PN12-1.2.edf"", ""PN12-3.edf""]"
PN12,PN12-4.edf,9475,9465,9475,9415,9475,True,True,False,True,0,10194,0,negative,,,0.0079894435066848856,0.90000000000000002,E1_RF,20260922,True,nested,"[""PN12-1.2.edf"", ""PN12-3.edf""]"
PN12,PN12-4.edf,9480,9470,9480,9420,9480,True,True,False,True,0,10194,0,negative,,,0,0.90000000000000002,E1_RF,20260922,True,nested,"[""PN12-1.2.edf"", ""PN12-3.edf""]"
PN12,PN12-4.edf,9485,9475,9485,9425,9485,True,True,False,True,0,10194,0,negative,,,0,0.90000000000000002,E1_RF,20260922,True,nested,"[""PN12-1.2.edf"", ""PN12-3.edf""]"
PN12,PN12-4.edf,9490,9480,9490,9430,9490,True,True,False,True,0,10194,0,negative,,,0,0.90000000000000002,E1_RF,20260922,True,nested,"[""PN12-1.2.edf"", ""PN12-3.edf""]"
PN12,PN12-4.edf,9495,9485,9495,9435,9495,True,True,False,True,0,10194,0,negative,,,0,0.90000000000000002,E1_RF,20260922,True,nested,"[""PN12-1.2.edf"", ""PN12-3.edf""]"
PN12,PN12-4.edf,9500,9490,9500,9440,9500,True,True,False,True,0,10194,0,negative,,,0,0.90000000000000002,E1_RF,20260922,True,nested,"[""PN12-1.2.edf"", ""PN12-3.edf""]"
PN12,PN12-4.edf,9505,9495,9505,9445,9505,True,True,False,True,0,10194,0,negative,,,0,0.90000000000000002,E1_RF,20260922,True,nested,"[""PN12-1.2.edf"", ""PN12-3.edf""]"
PN12,PN12-4.edf,9510,9500,9510,9450,9510,True,True,False,True,0,10194,0,negative,,,0,0.90000000000000002,E1_RF,20260922,True,nested,"[""PN12-1.2.edf"", ""PN12-3.edf""]"
PN12,PN12-4.edf,9515,9505,9515,9455,9515,True,True,False,False,0,10194,-1,ignore,,,0,0.90000000000000002,E1_RF,20260922,True,nested,"[""PN12-1.2.edf"", ""PN12-3.edf""]"
PN12,PN12-4.edf,9520,9510,9520,9460,9520,True,True,False,False,0,10194,-1,ignore,,,0.30039337841221586,0.90000000000000002,E1_RF,20260922,True,nested,"[""PN12-1.2.edf"", ""PN12-3.edf""]"
PN12,PN12-4.edf,9525,9515,9525,9465,9525,True,True,False,False,0,10194,-1,ignore,,,0.61786217883533734,0.90000000000000002,E1_RF,20260922,True,nested,"[""PN12-1.2.edf"", ""PN12-3.edf""]"
PN12,PN12-4.edf,9530,9520,9530,9470,9530,True,True,False,False,0,10194,-1,ignore,,,0.10519817967146024,0.90000000000000002,E1_RF,20260922,True,nested,"[""PN12-1.2.edf"", ""PN12-3.edf""]"
PN12,PN12-4.edf,9535,9525,9535,9475,9535,True,True,False,False,0,10194,-1,ignore,,,0.067232310065887646,0.90000000000000002,E1_RF,20260922,True,nested,"[""PN12-1.2.edf"", ""PN12-3.edf""]"
PN12,PN12-4.edf,9540,9530,9540,9480,9540,True,True,False,False,0,10194,-1,ignore,,,0.15599921913872986,0.90000000000000002,E1_RF,20260922,True,nested,"[""PN12-1.2.edf"", ""PN12-3.edf""]"
PN12,PN12-4.edf,9545,9535,9545,9485,9545,True,True,False,False,0,10194,-1,ignore,,,0.099390359686554713,0.90000000000000002,E1_RF,20260922,True,nested,"[""PN12-1.2.edf"", ""PN12-3.edf""]"
PN12,PN12-4.edf,9550,9540,9550,9490,9550,True,True,False,False,0,10194,-1,ignore,,,0.12568929803599677,0.90000000000000002,E1_RF,20260922,True,nested,"[""PN12-1.2.edf"", ""PN12-3.edf""]"
PN12,PN12-4.edf,9555,9545,9555,9495,9555,True,True,False,False,0,10194,-1,ignore,,,0.23208224744327868,0.90000000000000002,E1_RF,20260922,True,nested,"[""PN12-1.2.edf"", ""PN12-3.edf""]"
PN12,PN12-4.edf,9560,9550,9560,9500,9560,True,True,False,False,0,10194,-1,ignore,,,0.11780410703026968,0.90000000000000002,E1_RF,20260922,True,nested,"[""PN12-1.2.edf"", ""PN12-3.edf""]"
PN12,PN12-4.edf,9565,9555,9565,9505,9565,True,True,False,False,0,10194,-1,ignore,,,0.12125138891354018,0.90000000000000002,E1_RF,20260922,True,nested,"[""PN12-1.2.edf"", ""PN12-3.edf""]"
PN12,PN12-4.edf,9570,9560,9570,9510,9570,True,True,False,False,0,10194,-1,ignore,,,0.073685109852619557,0.90000000000000002,E1_RF,20260922,True,nested,"[""PN12-1.2.edf"", ""PN12-3.edf""]"
PN12,PN12-4.edf,9575,9565,9575,9515,9575,True,True,False,False,0,10194,-1,ignore,,,0.095099683215510378,0.90000000000000002,E1_RF,20260922,True,nested,"[""PN12-1.2.edf"", ""PN12-3.edf""]"
PN12,PN12-4.edf,9580,9570,9580,9520,9580,True,True,False,False,0,10194,-1,ignore,,,0.057989554367840576,0.90000000000000002,E1_RF,20260922,True,nested,"[""PN12-1.2.edf"", ""PN12-3.edf""]"
PN12,PN12-4.edf,9585,9575,9585,9525,9585,True,True,False,False,0,10194,-1,ignore,,,0.074286512953759876,0.90000000000000002,E1_RF,20260922,True,nested,"[""PN12-1.2.edf"", ""PN12-3.edf""]"
PN12,PN12-4.edf,9590,9580,9590,9530,9590,True,True,False,False,0,10194,-1,ignore,,,0.11760638691787001,0.90000000000000002,E1_RF,20260922,True,nested,"[""PN12-1.2.edf"", ""PN12-3.edf""]"
PN12,PN12-4.edf,9595,9585,9595,9535,9595,True,True,False,False,0,10194,-1,ignore,,,0.011501512979773849,0.90000000000000002,E1_RF,20260922,True,nested,"[""PN12-1.2.edf"", ""PN12-3.edf""]"
PN12,PN12-4.edf,9600,9590,9600,9540,9600,True,True,False,False,0,10194,-1,ignore,,,0.061558726593407581,0.90000000000000002,E1_RF,20260922,True,nested,"[""PN12-1.2.edf"", ""PN12-3.edf""]"
PN12,PN12-4.edf,9605,9595,9605,9545,9605,True,True,False,False,0,10194,-1,ignore,,,0.10145337266487645,0.90000000000000002,E1_RF,20260922,True,nested,"[""PN12-1.2.edf"", ""PN12-3.edf""]"
PN12,PN12-4.edf,9610,9600,9610,9550,9610,True,True,False,False,0,10194,-1,ignore,,,0.08634209227856264,0.90000000000000002,E1_RF,20260922,True,nested,"[""PN12-1.2.edf"", ""PN12-3.edf""]"
PN12,PN12-4.edf,9615,9605,9615,9555,9615,True,True,False,False,0,10194,-1,ignore,,,0.067776178165158546,0.90000000000000002,E1_RF,20260922,True,nested,"[""PN12-1.2.edf"", ""PN12-3.edf""]"
PN12,PN12-4.edf,9620,9610,9620,9560,9620,True,True,False,False,0,10194,-1,ignore,,,0.074506768616550367,0.90000000000000002,E1_RF,20260922,True,nested,"[""PN12-1.2.edf"", ""PN12-3.edf""]"
PN12,PN12-4.edf,9625,9615,9625,9565,9625,True,True,False,False,0,10194,-1,ignore,,,0.045727979391879892,0.90000000000000002,E1_RF,20260922,True,nested,"[""PN12-1.2.edf"", ""PN12-3.edf""]"
PN12,PN12-4.edf,9630,9620,9630,9570,9630,True,True,False,False,0,10194,-1,ignore,,,0.037176770832395928,0.90000000000000002,E1_RF,20260922,True,nested,"[""PN12-1.2.edf"", ""PN12-3.edf""]"
PN12,PN12-4.edf,9635,9625,9635,9575,9635,True,True,False,False,0,10194,-1,ignore,,,0.044228131967301278,0.90000000000000002,E1_RF,20260922,True,nested,"[""PN12-1.2.edf"", ""PN12-3.edf""]"
PN12,PN12-4.edf,9640,9630,9640,9580,9640,True,True,False,False,0,10194,-1,ignore,,,0.035557272428517216,0.90000000000000002,E1_RF,20260922,True,nested,"[""PN12-1.2.edf"", ""PN12-3.edf""]"
PN12,PN12-4.edf,9645,9635,9645,9585,9645,True,True,False,False,0,10194,-1,ignore,,,0.032890605761850544,0.90000000000000002,E1_RF,20260922,True,nested,"[""PN12-1.2.edf"", ""PN12-3.edf""]"
PN12,PN12-4.edf,9650,9640,9650,9590,9650,True,True,False,False,0,10194,-1,ignore,,,0.081342401585964383,0.90000000000000002,E1_RF,20260922,True,nested,"[""PN12-1.2.edf"", ""PN12-3.edf""]"
PN12,PN12-4.edf,9655,9645,9655,9595,9655,True,True,False,False,0,10194,-1,ignore,,,0.077668609262017269,0.90000000000000002,E1_RF,20260922,True,nested,"[""PN12-1.2.edf"", ""PN12-3.edf""]"
PN12,PN12-4.edf,9660,9650,9660,9600,9660,True,True,False,False,0,10194,-1,ignore,,,0.071372336099537775,0.90000000000000002,E1_RF,20260922,True,nested,"[""PN12-1.2.edf"", ""PN12-3.edf""]"
PN12,PN12-4.edf,9665,9655,9665,9605,9665,True,True,False,False,0,10194,-1,ignore,,,0.14572087544599199,0.90000000000000002,E1_RF,20260922,True,nested,"[""PN12-1.2.edf"", ""PN12-3.edf""]"
PN12,PN12-4.edf,9670,9660,9670,9610,9670,True,True,False,False,0,10194,-1,ignore,,,0.19214302058230476,0.90000000000000002,E1_RF,20260922,True,nested,"[""PN12-1.2.edf"", ""PN12-3.edf""]"
PN12,PN12-4.edf,9675,9665,9675,9615,9675,True,True,False,False,0,10194,-1,ignore,,,0.27499721756911005,0.90000000000000002,E1_RF,20260922,True,nested,"[""PN12-1.2.edf"", ""PN12-3.edf""]"
PN12,PN12-4.edf,9680,9670,9680,9620,9680,True,True,False,False,0,10194,-1,ignore,,,0.28320926921910278,0.90000000000000002,E1_RF,20260922,True,nested,"[""PN12-1.2.edf"", ""PN12-3.edf""]"
PN12,PN12-4.edf,9685,9675,9685,9625,9685,True,True,False,False,0,10194,-1,ignore,,,0.034683970711958299,0.90000000000000002,E1_RF,20260922,True,nested,"[""PN12-1.2.edf"", ""PN12-3.edf""]"
PN12,PN12-4.edf,9690,9680,9690,9630,9690,True,True,False,False,0,10194,-1,ignore,,,0.044780869259271806,0.90000000000000002,E1_RF,20260922,True,nested,"[""PN12-1.2.edf"", ""PN12-3.edf""]"
PN12,PN12-4.edf,9695,9685,9695,9635,9695,True,True,False,False,0,10194,-1,ignore,,,0.081368459118677919,0.90000000000000002,E1_RF,20260922,True,nested,"[""PN12-1.2.edf"", ""PN12-3.edf""]"
PN12,PN12-4.edf,9700,9690,9700,9640,9700,True,True,False,False,0,10194,-1,ignore,,,0.021008820716544762,0.90000000000000002,E1_RF,20260922,True,nested,"[""PN12-1.2.edf"", ""PN12-3.edf""]"
PN12,PN12-4.edf,9705,9695,9705,9645,9705,True,True,False,False,0,10194,-1,ignore,,,0.020786712561063677,0.90000000000000002,E1_RF,20260922,True,nested,"[""PN12-1.2.edf"", ""PN12-3.edf""]"
PN12,PN12-4.edf,9710,9700,9710,9650,9710,True,True,False,False,0,10194,-1,ignore,,,0.024970533527443634,0.90000000000000002,E1_RF,20260922,True,nested,"[""PN12-1.2.edf"", ""PN12-3.edf""]"
PN12,PN12-4.edf,9715,9705,9715,9655,9715,True,True,False,False,0,10194,-1,ignore,,,0.02745788272918348,0.90000000000000002,E1_RF,20260922,True,nested,"[""PN12-1.2.edf"", ""PN12-3.edf""]"
PN12,PN12-4.edf,9720,9710,9720,9660,9720,True,True,False,False,0,10194,-1,ignore,,,0.095846285249301666,0.90000000000000002,E1_RF,20260922,True,nested,"[""PN12-1.2.edf"", ""PN12-3.edf""]"
PN12,PN12-4.edf,9725,9715,9725,9665,9725,True,True,False,False,0,10194,-1,ignore,,,0.075678473622104239,0.90000000000000002,E1_RF,20260922,True,nested,"[""PN12-1.2.edf"", ""PN12-3.edf""]"
PN12,PN12-4.edf,9730,9720,9730,9670,9730,True,True,False,False,0,10194,-1,ignore,,,0.079871738326428493,0.90000000000000002,E1_RF,20260922,True,nested,"[""PN12-1.2.edf"", ""PN12-3.edf""]"
PN12,PN12-4.edf,9735,9725,9735,9675,9735,True,True,False,False,0,10194,-1,ignore,,,0.055766773653130812,0.90000000000000002,E1_RF,20260922,True,nested,"[""PN12-1.2.edf"", ""PN12-3.edf""]"
PN12,PN12-4.edf,9740,9730,9740,9680,9740,True,True,False,False,0,10194,-1,ignore,,,0.019370119272001381,0.90000000000000002,E1_RF,20260922,True,nested,"[""PN12-1.2.edf"", ""PN12-3.edf""]"
PN12,PN12-4.edf,9745,9735,9745,9685,9745,True,True,False,False,0,10194,-1,ignore,,,0.020539159889734603,0.90000000000000002,E1_RF,20260922,True,nested,"[""PN12-1.2.edf"", ""PN12-3.edf""]"
PN12,PN12-4.edf,9750,9740,9750,9690,9750,True,True,False,False,0,10194,-1,ignore,,,0.021346910445029323,0.90000000000000002,E1_RF,20260922,True,nested,"[""PN12-1.2.edf"", ""PN12-3.edf""]"
PN12,PN12-4.edf,9755,9745,9755,9695,9755,True,True,False,False,0,10194,-1,ignore,,,0.11089461477301819,0.90000000000000002,E1_RF,20260922,True,nested,"[""PN12-1.2.edf"", ""PN12-3.edf""]"
PN12,PN12-4.edf,9760,9750,9760,9700,9760,True,True,False,False,0,10194,-1,ignore,,,0.023408857162956827,0.90000000000000002,E1_RF,20260922,True,nested,"[""PN12-1.2.edf"", ""PN12-3.edf""]"
PN12,PN12-4.edf,9765,9755,9765,9705,9765,True,True,False,False,0,10194,-1,ignore,,,0.037922005900745473,0.90000000000000002,E1_RF,20260922,True,nested,"[""PN12-1.2.edf"", ""PN12-3.edf""]"
PN12,PN12-4.edf,9770,9760,9770,9710,9770,True,True,False,False,0,10194,-1,ignore,,,0.26794295397235879,0.90000000000000002,E1_RF,20260922,True,nested,"[""PN12-1.2.edf"", ""PN12-3.edf""]"
PN12,PN12-4.edf,9775,9765,9775,9715,9775,True,True,False,False,0,10194,-1,ignore,,,0.42754129608327135,0.90000000000000002,E1_RF,20260922,True,nested,"[""PN12-1.2.edf"", ""PN12-3.edf""]"
PN12,PN12-4.edf,9780,9770,9780,9720,9780,True,True,False,False,0,10194,-1,ignore,,,0.25535401591323614,0.90000000000000002,E1_RF,20260922,True,nested,"[""PN12-1.2.edf"", ""PN12-3.edf""]"
PN12,PN12-4.edf,9785,9775,9785,9725,9785,True,True,False,False,0,10194,-1,ignore,,,0.095917010817775067,0.90000000000000002,E1_RF,20260922,True,nested,"[""PN12-1.2.edf"", ""PN12-3.edf""]"
PN12,PN12-4.edf,9790,9780,9790,9730,9790,True,True,False,False,0,10194,-1,ignore,,,0.40473683533478244,0.90000000000000002,E1_RF,20260922,True,nested,"[""PN12-1.2.edf"", ""PN12-3.edf""]"
PN12,PN12-4.edf,9795,9785,9795,9735,9795,True,True,False,False,0,10194,-1,ignore,,,0.36223787531417961,0.90000000000000002,E1_RF,20260922,True,nested,"[""PN12-1.2.edf"", ""PN12-3.edf""]"
PN12,PN12-4.edf,9800,9790,9800,9740,9800,True,True,False,False,0,10194,-1,ignore,,,0.29963118765866931,0.90000000000000002,E1_RF,20260922,True,nested,"[""PN12-1.2.edf"", ""PN12-3.edf""]"
PN12,PN12-4.edf,9805,9795,9805,9745,9805,True,True,False,False,0,10194,-1,ignore,,,0.12078764657270218,0.90000000000000002,E1_RF,20260922,True,nested,"[""PN12-1.2.edf"", ""PN12-3.edf""]"
PN12,PN12-4.edf,9810,9800,9810,9750,9810,True,True,False,False,0,10194,-1,ignore,,,0.072825690082352318,0.90000000000000002,E1_RF,20260922,True,nested,"[""PN12-1.2.edf"", ""PN12-3.edf""]"
PN12,PN12-4.edf,9815,9805,9815,9755,9815,True,True,False,True,1,10194,1,positive,4,,0.023296864022910535,0.90000000000000002,E1_RF,20260922,True,nested,"[""PN12-1.2.edf"", ""PN12-3.edf""]"
PN12,PN12-4.edf,9820,9810,9820,9760,9820,True,True,False,True,1,10194,1,positive,4,,0.43852493069815085,0.90000000000000002,E1_RF,20260922,True,nested,"[""PN12-1.2.edf"", ""PN12-3.edf""]"
PN12,PN12-4.edf,9825,9815,9825,9765,9825,True,True,False,True,1,10194,1,positive,4,,0.52809406474864495,0.90000000000000002,E1_RF,20260922,True,nested,"[""PN12-1.2.edf"", ""PN12-3.edf""]"
PN12,PN12-4.edf,9830,9820,9830,9770,9830,True,True,False,True,1,10194,1,positive,4,,0.96483012253597755,0.90000000000000002,E1_RF,20260922,True,nested,"[""PN12-1.2.edf"", ""PN12-3.edf""]"
PN12,PN12-4.edf,9835,9825,9835,9775,9835,True,True,False,True,1,10194,1,positive,4,,0.98574485953560875,0.90000000000000002,E1_RF,20260922,True,nested,"[""PN12-1.2.edf"", ""PN12-3.edf""]"
PN12,PN12-4.edf,9840,9830,9840,9780,9840,True,True,False,True,1,10194,1,positive,4,,0.85781534107237634,0.90000000000000002,E1_RF,20260922,True,nested,"[""PN12-1.2.edf"", ""PN12-3.edf""]"
PN12,PN12-4.edf,9845,9835,9845,9785,9845,True,True,False,True,1,10194,1,positive,4,,0.95713066278124714,0.90000000000000002,E1_RF,20260922,True,nested,"[""PN12-1.2.edf"", ""PN12-3.edf""]"
PN12,PN12-4.edf,9850,9840,9850,9790,9850,True,True,False,True,1,10194,1,positive,4,,0.99573179714262516,0.90000000000000002,E1_RF,20260922,True,nested,"[""PN12-1.2.edf"", ""PN12-3.edf""]"
PN12,PN12-4.edf,9855,9845,9855,9795,9855,True,True,False,True,1,10194,1,positive,4,,0.9917030458719519,0.90000000000000002,E1_RF,20260922,True,nested,"[""PN12-1.2.edf"", ""PN12-3.edf""]"
PN12,PN12-4.edf,9860,9850,9860,9800,9860,True,True,False,True,1,10194,1,positive,4,,0.9840833185424841,0.90000000000000002,E1_RF,20260922,True,nested,"[""PN12-1.2.edf"", ""PN12-3.edf""]"
PN12,PN12-4.edf,9865,9855,9865,9805,9865,True,True,False,True,1,10194,1,positive,4,,0.98262698293027484,0.90000000000000002,E1_RF,20260922,True,nested,"[""PN12-1.2.edf"", ""PN12-3.edf""]"
PN12,PN12-4.edf,9870,9860,9870,9810,9870,True,True,False,True,1,10194,1,positive,4,,0.96066729785456439,0.90000000000000002,E1_RF,20260922,True,nested,"[""PN12-1.2.edf"", ""PN12-3.edf""]"
PN12,PN12-4.edf,9875,9865,9875,9815,9875,True,True,False,False,0,10194,-1,ignore,,,0.93901230828046722,0.90000000000000002,E1_RF,20260922,True,nested,"[""PN12-1.2.edf"", ""PN12-3.edf""]"
PN12,PN12-4.edf,9880,9870,9880,9820,9880,True,True,False,False,0,10194,-1,ignore,,,0.52144508366694908,0.90000000000000002,E1_RF,20260922,True,nested,"[""PN12-1.2.edf"", ""PN12-3.edf""]"
PN12,PN12-4.edf,9885,9875,9885,9825,9885,True,True,False,False,0,10194,-1,ignore,,,0.15229271660374588,0.90000000000000002,E1_RF,20260922,True,nested,"[""PN12-1.2.edf"", ""PN12-3.edf""]"
PN12,PN12-4.edf,9890,9880,9890,9830,9890,True,True,False,False,0,10194,-1,ignore,,,0.39401124625052136,0.90000000000000002,E1_RF,20260922,True,nested,"[""PN12-1.2.edf"", ""PN12-3.edf""]"
PN12,PN12-4.edf,9895,9885,9895,9835,9895,True,True,False,False,0,10194,-1,ignore,,,0.50300215532963088,0.90000000000000002,E1_RF,20260922,True,nested,"[""PN12-1.2.edf"", ""PN12-3.edf""]"
PN12,PN12-4.edf,9900,9890,9900,9840,9900,True,True,False,False,0,10194,-1,ignore,,,0.39977126565795423,0.90000000000000002,E1_RF,20260922,True,nested,"[""PN12-1.2.edf"", ""PN12-3.edf""]"
PN12,PN12-4.edf,9905,9895,9905,9845,9905,True,True,False,False,0,10194,-1,ignore,,,0.37337898790665147,0.90000000000000002,E1_RF,20260922,True,nested,"[""PN12-1.2.edf"", ""PN12-3.edf""]"
PN12,PN12-4.edf,9910,9900,9910,9850,9910,True,True,False,False,0,10194,-1,ignore,,,0.37588657884019422,0.90000000000000002,E1_RF,20260922,True,nested,"[""PN12-1.2.edf"", ""PN12-3.edf""]"
PN12,PN12-4.edf,9915,9905,9915,9855,9915,True,True,False,False,0,10194,-1,ignore,,,0.30149825737206698,0.90000000000000002,E1_RF,20260922,True,nested,"[""PN12-1.2.edf"", ""PN12-3.edf""]"
PN12,PN12-4.edf,9920,9910,9920,9860,9920,True,True,False,False,0,10194,-1,ignore,,,0.21904019316375303,0.90000000000000002,E1_RF,20260922,True,nested,"[""PN12-1.2.edf"", ""PN12-3.edf""]"
PN12,PN12-4.edf,9925,9915,9925,9865,9925,True,True,False,False,0,10194,-1,ignore,,,0.47484241461132126,0.90000000000000002,E1_RF,20260922,True,nested,"[""PN12-1.2.edf"", ""PN12-3.edf""]"
PN12,PN12-4.edf,9930,9920,9930,9870,9930,True,True,False,False,0,10194,-1,ignore,,,0.28652876768344532,0.90000000000000002,E1_RF,20260922,True,nested,"[""PN12-1.2.edf"", ""PN12-3.edf""]"
PN12,PN12-4.edf,9935,9925,9935,9875,9935,True,True,False,False,0,10194,-1,ignore,,,0.27416506545557157,0.90000000000000002,E1_RF,20260922,True,nested,"[""PN12-1.2.edf"", ""PN12-3.edf""]"
PN12,PN12-4.edf,9940,9930,9940,9880,9940,True,True,False,False,0,10194,-1,ignore,,,0.24994520476580215,0.90000000000000002,E1_RF,20260922,True,nested,"[""PN12-1.2.edf"", ""PN12-3.edf""]"
PN12,PN12-4.edf,9945,9935,9945,9885,9945,True,True,False,False,0,10194,-1,ignore,,,0.23129801485823875,0.90000000000000002,E1_RF,20260922,True,nested,"[""PN12-1.2.edf"", ""PN12-3.edf""]"
PN12,PN12-4.edf,9950,9940,9950,9890,9950,True,True,False,False,0,10194,-1,ignore,,,0.1622559550437962,0.90000000000000002,E1_RF,20260922,True,nested,"[""PN12-1.2.edf"", ""PN12-3.edf""]"
PN12,PN12-4.edf,9955,9945,9955,9895,9955,True,True,False,False,0,10194,-1,ignore,,,0.12718080001007248,0.90000000000000002,E1_RF,20260922,True,nested,"[""PN12-1.2.edf"", ""PN12-3.edf""]"
PN12,PN12-4.edf,9960,9950,9960,9900,9960,True,True,False,False,0,10194,-1,ignore,,,0.15371703782377877,0.90000000000000002,E1_RF,20260922,True,nested,"[""PN12-1.2.edf"", ""PN12-3.edf""]"
PN12,PN12-4.edf,9965,9955,9965,9905,9965,True,True,False,False,0,10194,-1,ignore,,,0.15895559344055776,0.90000000000000002,E1_RF,20260922,True,nested,"[""PN12-1.2.edf"", ""PN12-3.edf""]"
PN12,PN12-4.edf,9970,9960,9970,9910,9970,True,True,False,False,0,10194,-1,ignore,,,0.11819770641310032,0.90000000000000002,E1_RF,20260922,True,nested,"[""PN12-1.2.edf"", ""PN12-3.edf""]"
PN12,PN12-4.edf,9975,9965,9975,9915,9975,True,True,False,False,0,10194,-1,ignore,,,0.1422625234159616,0.90000000000000002,E1_RF,20260922,True,nested,"[""PN12-1.2.edf"", ""PN12-3.edf""]"
PN12,PN12-4.edf,9980,9970,9980,9920,9980,True,True,False,False,0,10194,-1,ignore,,,0.12073560284827121,0.90000000000000002,E1_RF,20260922,True,nested,"[""PN12-1.2.edf"", ""PN12-3.edf""]"
PN12,PN12-4.edf,9985,9975,9985,9925,9985,True,True,False,False,0,10194,-1,ignore,,,0.32473419684789806,0.90000000000000002,E1_RF,20260922,True,nested,"[""PN12-1.2.edf"", ""PN12-3.edf""]"
PN12,PN12-4.edf,9990,9980,9990,9930,9990,True,True,False,False,0,10194,-1,ignore,,,0.37059205312421012,0.90000000000000002,E1_RF,20260922,True,nested,"[""PN12-1.2.edf"", ""PN12-3.edf""]"
PN12,PN12-4.edf,9995,9985,9995,9935,9995,True,True,False,False,0,10194,-1,ignore,,,0.32986327868470205,0.90000000000000002,E1_RF,20260922,True,nested,"[""PN12-1.2.edf"", ""PN12-3.edf""]"
PN12,PN12-4.edf,10000,9990,10000,9940,10000,True,True,False,False,0,10194,-1,ignore,,,0.32261245571511121,0.90000000000000002,E1_RF,20260922,True,nested,"[""PN12-1.2.edf"", ""PN12-3.edf""]"
PN12,PN12-4.edf,10005,9995,10005,9945,10005,True,True,False,False,0,10194,-1,ignore,,,0.26313153022242169,0.90000000000000002,E1_RF,20260922,True,nested,"[""PN12-1.2.edf"", ""PN12-3.edf""]"
PN12,PN12-4.edf,10010,10000,10010,9950,10010,True,True,False,False,0,10194,-1,ignore,,,0.47962664811515415,0.90000000000000002,E1_RF,20260922,True,nested,"[""PN12-1.2.edf"", ""PN12-3.edf""]"
PN12,PN12-4.edf,10015,10005,10015,9955,10015,True,True,False,False,0,10194,-1,ignore,,,0.48737554725547522,0.90000000000000002,E1_RF,20260922,True,nested,"[""PN12-1.2.edf"", ""PN12-3.edf""]"
PN12,PN12-4.edf,10020,10010,10020,9960,10020,True,True,False,False,0,10194,-1,ignore,,,0.17844040510749618,0.90000000000000002,E1_RF,20260922,True,nested,"[""PN12-1.2.edf"", ""PN12-3.edf""]"
PN12,PN12-4.edf,10025,10015,10025,9965,10025,True,True,False,False,0,10194,-1,ignore,,,0.23173436341016596,0.90000000000000002,E1_RF,20260922,True,nested,"[""PN12-1.2.edf"", ""PN12-3.edf""]"
PN12,PN12-4.edf,10030,10020,10030,9970,10030,True,True,False,False,0,10194,-1,ignore,,,0.19736106919123836,0.90000000000000002,E1_RF,20260922,True,nested,"[""PN12-1.2.edf"", ""PN12-3.edf""]"
PN12,PN12-4.edf,10035,10025,10035,9975,10035,True,True,False,False,0,10194,-1,ignore,,,0.20045616364497304,0.90000000000000002,E1_RF,20260922,True,nested,"[""PN12-1.2.edf"", ""PN12-3.edf""]"
PN12,PN12-4.edf,10040,10030,10040,9980,10040,True,True,False,False,0,10194,-1,ignore,,,0.16293129231937423,0.90000000000000002,E1_RF,20260922,True,nested,"[""PN12-1.2.edf"", ""PN12-3.edf""]"
PN12,PN12-4.edf,10045,10035,10045,9985,10045,True,True,False,False,0,10194,-1,ignore,,,0.13312258717577199,0.90000000000000002,E1_RF,20260922,True,nested,"[""PN12-1.2.edf"", ""PN12-3.edf""]"
PN12,PN12-4.edf,10050,10040,10050,9990,10050,True,True,False,False,0,10194,-1,ignore,,,0.22343019419959498,0.90000000000000002,E1_RF,20260922,True,nested,"[""PN12-1.2.edf"", ""PN12-3.edf""]"
PN12,PN12-4.edf,10055,10045,10055,9995,10055,True,True,False,False,0,10194,-1,ignore,,,0.17068031284783206,0.90000000000000002,E1_RF,20260922,True,nested,"[""PN12-1.2.edf"", ""PN12-3.edf""]"
PN12,PN12-4.edf,10060,10050,10060,10000,10060,True,True,False,False,0,10194,-1,ignore,,,0.15427192922790584,0.90000000000000002,E1_RF,20260922,True,nested,"[""PN12-1.2.edf"", ""PN12-3.edf""]"
PN12,PN12-4.edf,10065,10055,10065,10005,10065,True,True,False,False,0,10194,-1,ignore,,,0.045021207661544264,0.90000000000000002,E1_RF,20260922,True,nested,"[""PN12-1.2.edf"", ""PN12-3.edf""]"
PN12,PN12-4.edf,10070,10060,10070,10010,10070,True,True,False,False,0,10194,-1,ignore,,,0.18207716193461118,0.90000000000000002,E1_RF,20260922,True,nested,"[""PN12-1.2.edf"", ""PN12-3.edf""]"
PN12,PN12-4.edf,10075,10065,10075,10015,10075,True,True,False,False,0,10194,-1,ignore,,,0.19827147475365292,0.90000000000000002,E1_RF,20260922,True,nested,"[""PN12-1.2.edf"", ""PN12-3.edf""]"
PN12,PN12-4.edf,10080,10070,10080,10020,10080,True,True,False,False,0,10194,-1,ignore,,,0.19427916193232614,0.90000000000000002,E1_RF,20260922,True,nested,"[""PN12-1.2.edf"", ""PN12-3.edf""]"
PN12,PN12-4.edf,10085,10075,10085,10025,10085,True,True,False,False,0,10194,-1,ignore,,,0.10851672439320531,0.90000000000000002,E1_RF,20260922,True,nested,"[""PN12-1.2.edf"", ""PN12-3.edf""]"
PN12,PN12-4.edf,10090,10080,10090,10030,10090,True,True,False,False,0,10194,-1,ignore,,,0.0870276483727314,0.90000000000000002,E1_RF,20260922,True,nested,"[""PN12-1.2.edf"", ""PN12-3.edf""]"
PN12,PN12-4.edf,10095,10085,10095,10035,10095,True,True,False,False,0,10194,-1,ignore,,,0.13541703171656755,0.90000000000000002,E1_RF,20260922,True,nested,"[""PN12-1.2.edf"", ""PN12-3.edf""]"
PN12,PN12-4.edf,10100,10090,10100,10040,10100,True,True,False,False,0,10194,-1,ignore,,,0.34204627108000296,0.90000000000000002,E1_RF,20260922,True,nested,"[""PN12-1.2.edf"", ""PN12-3.edf""]"
PN12,PN12-4.edf,10105,10095,10105,10045,10105,True,True,False,False,0,10194,-1,ignore,,,0.46366512951030736,0.90000000000000002,E1_RF,20260922,True,nested,"[""PN12-1.2.edf"", ""PN12-3.edf""]"
PN12,PN12-4.edf,10110,10100,10110,10050,10110,True,True,False,False,0,10194,-1,ignore,,,0.18674963887979337,0.90000000000000002,E1_RF,20260922,True,nested,"[""PN12-1.2.edf"", ""PN12-3.edf""]"
PN12,PN12-4.edf,10115,10105,10115,10055,10115,True,True,False,False,0,10194,-1,ignore,,,0.14849135496302457,0.90000000000000002,E1_RF,20260922,True,nested,"[""PN12-1.2.edf"", ""PN12-3.edf""]"
PN12,PN12-4.edf,10120,10110,10120,10060,10120,True,True,False,False,0,10194,-1,ignore,,,0.14956540267844187,0.90000000000000002,E1_RF,20260922,True,nested,"[""PN12-1.2.edf"", ""PN12-3.edf""]"
PN12,PN12-4.edf,10125,10115,10125,10065,10125,True,True,False,False,0,10194,-1,ignore,,,0.15617423656915827,0.90000000000000002,E1_RF,20260922,True,nested,"[""PN12-1.2.edf"", ""PN12-3.edf""]"
PN12,PN12-4.edf,10130,10120,10130,10070,10130,True,True,False,False,0,10194,-1,ignore,,,0.16067990168383978,0.90000000000000002,E1_RF,20260922,True,nested,"[""PN12-1.2.edf"", ""PN12-3.edf""]"
PN12,PN12-4.edf,10135,10125,10135,10075,10135,True,True,False,False,0,10194,-1,ignore,,,0.14419030620557904,0.90000000000000002,E1_RF,20260922,True,nested,"[""PN12-1.2.edf"", ""PN12-3.edf""]"
PN12,PN12-4.edf,10140,10130,10140,10080,10140,True,True,False,False,0,10194,-1,ignore,,,0.21479001965777178,0.90000000000000002,E1_RF,20260922,True,nested,"[""PN12-1.2.edf"", ""PN12-3.edf""]"
PN12,PN12-4.edf,10145,10135,10145,10085,10145,True,True,False,False,0,10194,-1,ignore,,,0.13841176193679897,0.90000000000000002,E1_RF,20260922,True,nested,"[""PN12-1.2.edf"", ""PN12-3.edf""]"
PN12,PN12-4.edf,10150,10140,10150,10090,10150,True,True,False,False,0,10194,-1,ignore,,,0.23584479586000251,0.90000000000000002,E1_RF,20260922,True,nested,"[""PN12-1.2.edf"", ""PN12-3.edf""]"
PN12,PN12-4.edf,10155,10145,10155,10095,10155,True,True,False,False,0,10194,-1,ignore,,,0.36676679478213459,0.90000000000000002,E1_RF,20260922,True,nested,"[""PN12-1.2.edf"", ""PN12-3.edf""]"
PN12,PN12-4.edf,10160,10150,10160,10100,10160,True,True,False,False,0,10194,-1,ignore,,,0.20362841317888253,0.90000000000000002,E1_RF,20260922,True,nested,"[""PN12-1.2.edf"", ""PN12-3.edf""]"
PN12,PN12-4.edf,10165,10155,10165,10105,10165,True,True,False,False,0,10194,-1,ignore,,,0.29505617763255654,0.90000000000000002,E1_RF,20260922,True,nested,"[""PN12-1.2.edf"", ""PN12-3.edf""]"
PN12,PN12-4.edf,10170,10160,10170,10110,10170,True,True,False,False,0,10194,-1,ignore,,,0.40485942183336288,0.90000000000000002,E1_RF,20260922,True,nested,"[""PN12-1.2.edf"", ""PN12-3.edf""]"
PN12,PN12-4.edf,10175,10165,10175,10115,10175,True,True,False,True,0,10194,0,negative,,,0.33500041978144196,0.90000000000000002,E1_RF,20260922,True,nested,"[""PN12-1.2.edf"", ""PN12-3.edf""]"
PN12,PN12-4.edf,10180,10170,10180,10120,10180,True,True,False,True,0,10194,0,negative,,,0.022617108544567745,0.90000000000000002,E1_RF,20260922,True,nested,"[""PN12-1.2.edf"", ""PN12-3.edf""]"
PN12,PN12-4.edf,10185,10175,10185,10125,10185,True,True,False,True,0,10194,0,negative,,,0.06020766806880426,0.90000000000000002,E1_RF,20260922,True,nested,"[""PN12-1.2.edf"", ""PN12-3.edf""]"
PN12,PN12-4.edf,10190,10180,10190,10130,10190,True,True,False,True,0,10194,0,negative,,,0.10595655195918705,0.90000000000000002,E1_RF,20260922,True,nested,"[""PN12-1.2.edf"", ""PN12-3.edf""]"
