events,detected,overlap_detected,false_declarations,duplicate_declarations,total_declarations,active_alarm_s,raw_s,startup_s,uncertain_s,other_unavailable_s,evaluable_s,sensitivity,overlap_sensitivity,far_per_h,missed,matched_declarations,delay_n,delay_median_s,delay_q25_s,delay_q75_s,delay_min_s,delay_max_s,warning_fraction,longest_alarm_s,threshold,feasible,selected,inner_support_json,train_files_json,patient,model,test_file,calibration_status
3,1,3,50,0,51,2535,6547,30,0,0,6517,0.33333333333333331,1,27.620070584624827,2,1,1,19,19,19,19,19,0.38898266073346632,360,0.050000000000000003,False,False,"[{""validation_file"": ""PN00-2.edf"", ""train_files"": [""PN00-4.edf"", ""PN00-5.edf""]}, {""validation_file"": ""PN00-4.edf"", ""train_files"": [""PN00-2.edf"", ""PN00-5.edf""]}, {""validation_file"": ""PN00-5.edf"", ""train_files"": [""PN00-2.edf"", ""PN00-4.edf""]}]","[""PN00-2.edf"", ""PN00-4.edf"", ""PN00-5.edf""]",PN00,E0_LR,PN00-1.edf,nested
3,1,3,60,0,61,2128,6547,30,0,0,6517,0.33333333333333331,1,33.144084701549794,2,1,1,19,19,19,19,19,0.32653061224489793,310,0.10000000000000001,False,False,"[{""validation_file"": ""PN00-2.edf"", ""train_files"": [""PN00-4.edf"", ""PN00-5.edf""]}, {""validation_file"": ""PN00-4.edf"", ""train_files"": [""PN00-2.edf"", ""PN00-5.edf""]}, {""validation_file"": ""PN00-5.edf"", ""train_files"": [""PN00-2.edf"", ""PN00-4.edf""]}]","[""PN00-2.edf"", ""PN00-4.edf"", ""PN00-5.edf""]",PN00,E0_LR,PN00-1.edf,nested
3,1,3,61,0,62,1958,6547,30,0,0,6517,0.33333333333333331,1,33.696486113242287,2,1,1,19,19,19,19,19,0.3004449900260856,310,0.14999999999999999,False,False,"[{""validation_file"": ""PN00-2.edf"", ""train_files"": [""PN00-4.edf"", ""PN00-5.edf""]}, {""validation_file"": ""PN00-4.edf"", ""train_files"": [""PN00-2.edf"", ""PN00-5.edf""]}, {""validation_file"": ""PN00-5.edf"", ""train_files"": [""PN00-2.edf"", ""PN00-4.edf""]}]","[""PN00-2.edf"", ""PN00-4.edf"", ""PN00-5.edf""]",PN00,E0_LR,PN00-1.edf,nested
3,1,3,67,0,68,1803,6547,30,0,0,6517,0.33333333333333331,1,37.010894583397267,2,1,1,19,19,19,19,19,0.27666104035599204,190,0.20000000000000001,False,False,"[{""validation_file"": ""PN00-2.edf"", ""train_files"": [""PN00-4.edf"", ""PN00-5.edf""]}, {""validation_file"": ""PN00-4.edf"", ""train_files"": [""PN00-2.edf"", ""PN00-5.edf""]}, {""validation_file"": ""PN00-5.edf"", ""train_files"": [""PN00-2.edf"", ""PN00-4.edf""]}]","[""PN00-2.edf"", ""PN00-4.edf"", ""PN00-5.edf""]",PN00,E0_LR,PN00-1.edf,nested
3,1,3,65,0,66,1608,6547,30,0,0,6517,0.33333333333333331,1,35.906091760012274,2,1,1,19,19,19,19,19,0.24673929722264845,185,0.25,False,False,"[{""validation_file"": ""PN00-2.edf"", ""train_files"": [""PN00-4.edf"", ""PN00-5.edf""]}, {""validation_file"": ""PN00-4.edf"", ""train_files"": [""PN00-2.edf"", ""PN00-5.edf""]}, {""validation_file"": ""PN00-5.edf"", ""train_files"": [""PN00-2.edf"", ""PN00-4.edf""]}]","[""PN00-2.edf"", ""PN00-4.edf"", ""PN00-5.edf""]",PN00,E0_LR,PN00-1.edf,nested
3,1,3,61,0,62,1498,6547,30,0,0,6517,0.33333333333333331,1,33.696486113242287,2,1,1,19,19,19,19,19,0.22986036519871106,175,0.29999999999999999,False,False,"[{""validation_file"": ""PN00-2.edf"", ""train_files"": [""PN00-4.edf"", ""PN00-5.edf""]}, {""validation_file"": ""PN00-4.edf"", ""train_files"": [""PN00-2.edf"", ""PN00-5.edf""]}, {""validation_file"": ""PN00-5.edf"", ""train_files"": [""PN00-2.edf"", ""PN00-4.edf""]}]","[""PN00-2.edf"", ""PN00-4.edf"", ""PN00-5.edf""]",PN00,E0_LR,PN00-1.edf,nested
3,2,3,60,0,62,1433,6547,30,0,0,6517,0.66666666666666663,1,33.144084701549794,1,2,2,12.5,9.25,15.75,6,19,0.21988645082092986,165,0.34999999999999998,False,False,"[{""validation_file"": ""PN00-2.edf"", ""train_files"": [""PN00-4.edf"", ""PN00-5.edf""]}, {""validation_file"": ""PN00-4.edf"", ""train_files"": [""PN00-2.edf"", ""PN00-5.edf""]}, {""validation_file"": ""PN00-5.edf"", ""train_files"": [""PN00-2.edf"", ""PN00-4.edf""]}]","[""PN00-2.edf"", ""PN00-4.edf"", ""PN00-5.edf""]",PN00,E0_LR,PN00-1.edf,nested
3,2,3,56,0,58,1328,6547,30,0,0,6517,0.66666666666666663,1,30.934479054779807,1,2,2,12.5,9.25,15.75,6,19,0.20377474297989873,120,0.40000000000000002,False,False,"[{""validation_file"": ""PN00-2.edf"", ""train_files"": [""PN00-4.edf"", ""PN00-5.edf""]}, {""validation_file"": ""PN00-4.edf"", ""train_files"": [""PN00-2.edf"", ""PN00-5.edf""]}, {""validation_file"": ""PN00-5.edf"", ""train_files"": [""PN00-2.edf"", ""PN00-4.edf""]}]","[""PN00-2.edf"", ""PN00-4.edf"", ""PN00-5.edf""]",PN00,E0_LR,PN00-1.edf,nested
3,2,3,56,0,58,1233,6547,30,0,0,6517,0.66666666666666663,1,30.934479054779807,1,2,2,12.5,9.25,15.75,6,19,0.18919748350468008,120,0.45000000000000001,False,False,"[{""validation_file"": ""PN00-2.edf"", ""train_files"": [""PN00-4.edf"", ""PN00-5.edf""]}, {""validation_file"": ""PN00-4.edf"", ""train_files"": [""PN00-2.edf"", ""PN00-5.edf""]}, {""validation_file"": ""PN00-5.edf"", ""train_files"": [""PN00-2.edf"", ""PN00-4.edf""]}]","[""PN00-2.edf"", ""PN00-4.edf"", ""PN00-5.edf""]",PN00,E0_LR,PN00-1.edf,nested
3,2,3,54,0,56,1158,6547,30,0,0,6517,0.66666666666666663,1,29.829676231394814,1,2,2,12.5,9.25,15.75,6,19,0.17768912076108639,80,0.5,False,False,"[{""validation_file"": ""PN00-2.edf"", ""train_files"": [""PN00-4.edf"", ""PN00-5.edf""]}, {""validation_file"": ""PN00-4.edf"", ""train_files"": [""PN00-2.edf"", ""PN00-5.edf""]}, {""validation_file"": ""PN00-5.edf"", ""train_files"": [""PN00-2.edf"", ""PN00-4.edf""]}]","[""PN00-2.edf"", ""PN00-4.edf"", ""PN00-5.edf""]",PN00,E0_LR,PN00-1.edf,nested
3,3,3,49,0,52,1028,6547,30,0,0,6517,1,1,27.06766917293233,0,3,3,16,8,17.5,0,19,0.157741292005524,80,0.55000000000000004,False,False,"[{""validation_file"": ""PN00-2.edf"", ""train_files"": [""PN00-4.edf"", ""PN00-5.edf""]}, {""validation_file"": ""PN00-4.edf"", ""train_files"": [""PN00-2.edf"", ""PN00-5.edf""]}, {""validation_file"": ""PN00-5.edf"", ""train_files"": [""PN00-2.edf"", ""PN00-4.edf""]}]","[""PN00-2.edf"", ""PN00-4.edf"", ""PN00-5.edf""]",PN00,E0_LR,PN00-1.edf,nested
3,3,3,44,0,47,948,6547,30,0,0,6517,1,1,24.305662114469847,0,3,3,16,8,17.5,0,19,0.14546570507902409,80,0.59999999999999998,False,False,"[{""validation_file"": ""PN00-2.edf"", ""train_files"": [""PN00-4.edf"", ""PN00-5.edf""]}, {""validation_file"": ""PN00-4.edf"", ""train_files"": [""PN00-2.edf"", ""PN00-5.edf""]}, {""validation_file"": ""PN00-5.edf"", ""train_files"": [""PN00-2.edf"", ""PN00-4.edf""]}]","[""PN00-2.edf"", ""PN00-4.edf"", ""PN00-5.edf""]",PN00,E0_LR,PN00-1.edf,nested
3,3,3,43,0,46,898,6547,30,0,0,6517,1,1,23.75326070277735,0,3,3,16,8,17.5,0,19,0.13779346324996164,80,0.65000000000000002,False,False,"[{""validation_file"": ""PN00-2.edf"", ""train_files"": [""PN00-4.edf"", ""PN00-5.edf""]}, {""validation_file"": ""PN00-4.edf"", ""train_files"": [""PN00-2.edf"", ""PN00-5.edf""]}, {""validation_file"": ""PN00-5.edf"", ""train_files"": [""PN00-2.edf"", ""PN00-4.edf""]}]","[""PN00-2.edf"", ""PN00-4.edf"", ""PN00-5.edf""]",PN00,E0_LR,PN00-1.edf,nested
3,3,3,39,0,42,803,6547,30,0,0,6517,1,1,21.543655056007367,0,3,3,16,10.5,17.5,5,19,0.12321620377474297,80,0.69999999999999996,False,False,"[{""validation_file"": ""PN00-2.edf"", ""train_files"": [""PN00-4.edf"", ""PN00-5.edf""]}, {""validation_file"": ""PN00-4.edf"", ""train_files"": [""PN00-2.edf"", ""PN00-5.edf""]}, {""validation_file"": ""PN00-5.edf"", ""train_files"": [""PN00-2.edf"", ""PN00-4.edf""]}]","[""PN00-2.edf"", ""PN00-4.edf"", ""PN00-5.edf""]",PN00,E0_LR,PN00-1.edf,nested
3,3,3,32,0,35,700,6547,30,0,0,6517,1,1,17.67684517415989,0,3,3,16,10.5,17.5,5,19,0.10741138560687433,80,0.75,False,False,"[{""validation_file"": ""PN00-2.edf"", ""train_files"": [""PN00-4.edf"", ""PN00-5.edf""]}, {""validation_file"": ""PN00-4.edf"", ""train_files"": [""PN00-2.edf"", ""PN00-5.edf""]}, {""validation_file"": ""PN00-5.edf"", ""train_files"": [""PN00-2.edf"", ""PN00-4.edf""]}]","[""PN00-2.edf"", ""PN00-4.edf"", ""PN00-5.edf""]",PN00,E0_LR,PN00-1.edf,nested
3,3,3,24,0,27,605,6547,30,0,0,6517,1,1,13.257633880619917,0,3,3,16,10.5,17.5,5,19,0.092834126131655675,80,0.80000000000000004,False,False,"[{""validation_file"": ""PN00-2.edf"", ""train_files"": [""PN00-4.edf"", ""PN00-5.edf""]}, {""validation_file"": ""PN00-4.edf"", ""train_files"": [""PN00-2.edf"", ""PN00-5.edf""]}, {""validation_file"": ""PN00-5.edf"", ""train_files"": [""PN00-2.edf"", ""PN00-4.edf""]}]","[""PN00-2.edf"", ""PN00-4.edf"", ""PN00-5.edf""]",PN00,E0_LR,PN00-1.edf,nested
3,3,3,19,0,22,515,6547,30,0,0,6517,1,1,10.495626822157435,0,3,3,16,10.5,17.5,5,19,0.079024090839343253,80,0.84999999999999998,False,False,"[{""validation_file"": ""PN00-2.edf"", ""train_files"": [""PN00-4.edf"", ""PN00-5.edf""]}, {""validation_file"": ""PN00-4.edf"", ""train_files"": [""PN00-2.edf"", ""PN00-5.edf""]}, {""validation_file"": ""PN00-5.edf"", ""train_files"": [""PN00-2.edf"", ""PN00-4.edf""]}]","[""PN00-2.edf"", ""PN00-4.edf"", ""PN00-5.edf""]",PN00,E0_LR,PN00-1.edf,nested
3,3,3,17,0,20,470,6547,30,0,0,6517,1,1,9.3908239987724418,0,3,3,16,10.5,17.5,5,19,0.072119073193187055,80,0.90000000000000002,False,False,"[{""validation_file"": ""PN00-2.edf"", ""train_files"": [""PN00-4.edf"", ""PN00-5.edf""]}, {""validation_file"": ""PN00-4.edf"", ""train_files"": [""PN00-2.edf"", ""PN00-5.edf""]}, {""validation_file"": ""PN00-5.edf"", ""train_files"": [""PN00-2.edf"", ""PN00-4.edf""]}]","[""PN00-2.edf"", ""PN00-4.edf"", ""PN00-5.edf""]",PN00,E0_LR,PN00-1.edf,nested
3,3,3,16,0,19,445,6547,30,0,0,6517,1,1,8.8384225870799451,0,3,3,16,10.5,17.5,5,19,0.068282952278655829,75,0.94999999999999996,False,False,"[{""validation_file"": ""PN00-2.edf"", ""train_files"": [""PN00-4.edf"", ""PN00-5.edf""]}, {""validation_file"": ""PN00-4.edf"", ""train_files"": [""PN00-2.edf"", ""PN00-5.edf""]}, {""validation_file"": ""PN00-5.edf"", ""train_files"": [""PN00-2.edf"", ""PN00-4.edf""]}]","[""PN00-2.edf"", ""PN00-4.edf"", ""PN00-5.edf""]",PN00,E0_LR,PN00-1.edf,nested
3,0,0,0,0,0,0,6547,30,0,0,6517,0,0,0,3,0,0,,,,,,0,0,1.01,True,True,"[{""validation_file"": ""PN00-2.edf"", ""train_files"": [""PN00-4.edf"", ""PN00-5.edf""]}, {""validation_file"": ""PN00-4.edf"", ""train_files"": [""PN00-2.edf"", ""PN00-5.edf""]}, {""validation_file"": ""PN00-5.edf"", ""train_files"": [""PN00-2.edf"", ""PN00-4.edf""]}]","[""PN00-2.edf"", ""PN00-4.edf"", ""PN00-5.edf""]",PN00,E0_LR,PN00-1.edf,nested
3,2,3,73,0,75,3155,6870,30,0,0,6840,0.66666666666666663,1,38.421052631578945,1,2,2,3,2.5,3.5,2,4,0.46125730994152048,513,0.050000000000000003,False,False,"[{""validation_file"": ""PN00-1.edf"", ""train_files"": [""PN00-4.edf"", ""PN00-5.edf""]}, {""validation_file"": ""PN00-4.edf"", ""train_files"": [""PN00-1.edf"", ""PN00-5.edf""]}, {""validation_file"": ""PN00-5.edf"", ""train_files"": [""PN00-1.edf"", ""PN00-4.edf""]}]","[""PN00-1.edf"", ""PN00-4.edf"", ""PN00-5.edf""]",PN00,E0_LR,PN00-2.edf,nested
3,2,3,59,0,61,2768,6870,30,0,0,6840,0.66666666666666663,1,31.05263157894737,1,2,2,8,6,10,4,12,0.40467836257309941,453,0.10000000000000001,False,False,"[{""validation_file"": ""PN00-1.edf"", ""train_files"": [""PN00-4.edf"", ""PN00-5.edf""]}, {""validation_file"": ""PN00-4.edf"", ""train_files"": [""PN00-1.edf"", ""PN00-5.edf""]}, {""validation_file"": ""PN00-5.edf"", ""train_files"": [""PN00-1.edf"", ""PN00-4.edf""]}]","[""PN00-1.edf"", ""PN00-4.edf"", ""PN00-5.edf""]",PN00,E0_LR,PN00-2.edf,nested
3,2,3,52,0,54,2538,6870,30,0,0,6840,0.66666666666666663,1,27.368421052631579,1,2,2,10.5,7.25,13.75,4,17,0.37105263157894736,350,0.14999999999999999,False,False,"[{""validation_file"": ""PN00-1.edf"", ""train_files"": [""PN00-4.edf"", ""PN00-5.edf""]}, {""validation_file"": ""PN00-4.edf"", ""train_files"": [""PN00-1.edf"", ""PN00-5.edf""]}, {""validation_file"": ""PN00-5.edf"", ""train_files"": [""PN00-1.edf"", ""PN00-4.edf""]}]","[""PN00-1.edf"", ""PN00-4.edf"", ""PN00-5.edf""]",PN00,E0_LR,PN00-2.edf,nested
3,2,3,48,0,50,2358,6870,30,0,0,6840,0.66666666666666663,1,25.263157894736842,1,2,2,13,11,15,9,17,0.34473684210526317,350,0.20000000000000001,False,False,"[{""validation_file"": ""PN00-1.edf"", ""train_files"": [""PN00-4.edf"", ""PN00-5.edf""]}, {""validation_file"": ""PN00-4.edf"", ""train_files"": [""PN00-1.edf"", ""PN00-5.edf""]}, {""validation_file"": ""PN00-5.edf"", ""train_files"": [""PN00-1.edf"", ""PN00-4.edf""]}]","[""PN00-1.edf"", ""PN00-4.edf"", ""PN00-5.edf""]",PN00,E0_LR,PN00-2.edf,nested
3,2,3,52,0,54,2218,6870,30,0,0,6840,0.66666666666666663,1,27.368421052631579,1,2,2,13,11,15,9,17,0.32426900584795321,308,0.25,False,False,"[{""validation_file"": ""PN00-1.edf"", ""train_files"": [""PN00-4.edf"", ""PN00-5.edf""]}, {""validation_file"": ""PN00-4.edf"", ""train_files"": [""PN00-1.edf"", ""PN00-5.edf""]}, {""validation_file"": ""PN00-5.edf"", ""train_files"": [""PN00-1.edf"", ""PN00-4.edf""]}]","[""PN00-1.edf"", ""PN00-4.edf"", ""PN00-5.edf""]",PN00,E0_LR,PN00-2.edf,nested
3,2,3,46,0,48,2098,6870,30,0,0,6840,0.66666666666666663,1,24.210526315789473,1,2,2,13,11,15,9,17,0.3067251461988304,308,0.29999999999999999,False,False,"[{""validation_file"": ""PN00-1.edf"", ""train_files"": [""PN00-4.edf"", ""PN00-5.edf""]}, {""validation_file"": ""PN00-4.edf"", ""train_files"": [""PN00-1.edf"", ""PN00-5.edf""]}, {""validation_file"": ""PN00-5.edf"", ""train_files"": [""PN00-1.edf"", ""PN00-4.edf""]}]","[""PN00-1.edf"", ""PN00-4.edf"", ""PN00-5.edf""]",PN00,E0_LR,PN00-2.edf,nested
3,2,3,42,0,44,2003,6870,30,0,0,6840,0.66666666666666663,1,22.105263157894736,1,2,2,13,11,15,9,17,0.29283625730994151,308,0.34999999999999998,False,False,"[{""validation_file"": ""PN00-1.edf"", ""train_files"": [""PN00-4.edf"", ""PN00-5.edf""]}, {""validation_file"": ""PN00-4.edf"", ""train_files"": [""PN00-1.edf"", ""PN00-5.edf""]}, {""validation_file"": ""PN00-5.edf"", ""train_files"": [""PN00-1.edf"", ""PN00-4.edf""]}]","[""PN00-1.edf"", ""PN00-4.edf"", ""PN00-5.edf""]",PN00,E0_LR,PN00-2.edf,nested
3,2,3,41,0,43,1928,6870,30,0,0,6840,0.66666666666666663,1,21.578947368421051,1,2,2,13,11,15,9,17,0.28187134502923977,308,0.40000000000000002,False,False,"[{""validation_file"": ""PN00-1.edf"", ""train_files"": [""PN00-4.edf"", ""PN00-5.edf""]}, {""validation_file"": ""PN00-4.edf"", ""train_files"": [""PN00-1.edf"", ""PN00-5.edf""]}, {""validation_file"": ""PN00-5.edf"", ""train_files"": [""PN00-1.edf"", ""PN00-4.edf""]}]","[""PN00-1.edf"", ""PN00-4.edf"", ""PN00-5.edf""]",PN00,E0_LR,PN00-2.edf,nested
3,2,3,38,0,40,1863,6870,30,0,0,6840,0.66666666666666663,1,20,1,2,2,15.5,14.75,16.25,14,17,0.27236842105263159,308,0.45000000000000001,False,False,"[{""validation_file"": ""PN00-1.edf"", ""train_files"": [""PN00-4.edf"", ""PN00-5.edf""]}, {""validation_file"": ""PN00-4.edf"", ""train_files"": [""PN00-1.edf"", ""PN00-5.edf""]}, {""validation_file"": ""PN00-5.edf"", ""train_files"": [""PN00-1.edf"", ""PN00-4.edf""]}]","[""PN00-1.edf"", ""PN00-4.edf"", ""PN00-5.edf""]",PN00,E0_LR,PN00-2.edf,nested
3,2,3,41,0,43,1808,6870,30,0,0,6840,0.66666666666666663,1,21.578947368421051,1,2,2,15.5,14.75,16.25,14,17,0.26432748538011697,295,0.5,False,False,"[{""validation_file"": ""PN00-1.edf"", ""train_files"": [""PN00-4.edf"", ""PN00-5.edf""]}, {""validation_file"": ""PN00-4.edf"", ""train_files"": [""PN00-1.edf"", ""PN00-5.edf""]}, {""validation_file"": ""PN00-5.edf"", ""train_files"": [""PN00-1.edf"", ""PN00-4.edf""]}]","[""PN00-1.edf"", ""PN00-4.edf"", ""PN00-5.edf""]",PN00,E0_LR,PN00-2.edf,nested
3,2,3,39,0,41,1763,6870,30,0,0,6840,0.66666666666666663,1,20.526315789473685,1,2,2,15.5,14.75,16.25,14,17,0.25774853801169589,293,0.55000000000000004,False,False,"[{""validation_file"": ""PN00-1.edf"", ""train_files"": [""PN00-4.edf"", ""PN00-5.edf""]}, {""validation_file"": ""PN00-4.edf"", ""train_files"": [""PN00-1.edf"", ""PN00-5.edf""]}, {""validation_file"": ""PN00-5.edf"", ""train_files"": [""PN00-1.edf"", ""PN00-4.edf""]}]","[""PN00-1.edf"", ""PN00-4.edf"", ""PN00-5.edf""]",PN00,E0_LR,PN00-2.edf,nested
3,2,3,37,0,39,1678,6870,30,0,0,6840,0.66666666666666663,1,19.473684210526315,1,2,2,15.5,14.75,16.25,14,17,0.24532163742690058,238,0.59999999999999998,False,False,"[{""validation_file"": ""PN00-1.edf"", ""train_files"": [""PN00-4.edf"", ""PN00-5.edf""]}, {""validation_file"": ""PN00-4.edf"", ""train_files"": [""PN00-1.edf"", ""PN00-5.edf""]}, {""validation_file"": ""PN00-5.edf"", ""train_files"": [""PN00-1.edf"", ""PN00-4.edf""]}]","[""PN00-1.edf"", ""PN00-4.edf"", ""PN00-5.edf""]",PN00,E0_LR,PN00-2.edf,nested
3,2,3,34,0,36,1633,6870,30,0,0,6840,0.66666666666666663,1,17.894736842105264,1,2,2,15.5,14.75,16.25,14,17,0.23874269005847953,238,0.65000000000000002,False,False,"[{""validation_file"": ""PN00-1.edf"", ""train_files"": [""PN00-4.edf"", ""PN00-5.edf""]}, {""validation_file"": ""PN00-4.edf"", ""train_files"": [""PN00-1.edf"", ""PN00-5.edf""]}, {""validation_file"": ""PN00-5.edf"", ""train_files"": [""PN00-1.edf"", ""PN00-4.edf""]}]","[""PN00-1.edf"", ""PN00-4.edf"", ""PN00-5.edf""]",PN00,E0_LR,PN00-2.edf,nested
3,2,3,33,0,35,1603,6870,30,0,0,6840,0.66666666666666663,1,17.368421052631579,1,2,2,15.5,14.75,16.25,14,17,0.23435672514619882,238,0.69999999999999996,False,False,"[{""validation_file"": ""PN00-1.edf"", ""train_files"": [""PN00-4.edf"", ""PN00-5.edf""]}, {""validation_file"": ""PN00-4.edf"", ""train_files"": [""PN00-1.edf"", ""PN00-5.edf""]}, {""validation_file"": ""PN00-5.edf"", ""train_files"": [""PN00-1.edf"", ""PN00-4.edf""]}]","[""PN00-1.edf"", ""PN00-4.edf"", ""PN00-5.edf""]",PN00,E0_LR,PN00-2.edf,nested
3,2,3,29,0,31,1558,6870,30,0,0,6840,0.66666666666666663,1,15.263157894736842,1,2,2,15.5,14.75,16.25,14,17,0.22777777777777777,238,0.75,False,False,"[{""validation_file"": ""PN00-1.edf"", ""train_files"": [""PN00-4.edf"", ""PN00-5.edf""]}, {""validation_file"": ""PN00-4.edf"", ""train_files"": [""PN00-1.edf"", ""PN00-5.edf""]}, {""validation_file"": ""PN00-5.edf"", ""train_files"": [""PN00-1.edf"", ""PN00-4.edf""]}]","[""PN00-1.edf"", ""PN00-4.edf"", ""PN00-5.edf""]",PN00,E0_LR,PN00-2.edf,nested
3,2,3,28,0,30,1528,6870,30,0,0,6840,0.66666666666666663,1,14.736842105263158,1,2,2,15.5,14.75,16.25,14,17,0.22339181286549709,238,0.80000000000000004,False,False,"[{""validation_file"": ""PN00-1.edf"", ""train_files"": [""PN00-4.edf"", ""PN00-5.edf""]}, {""validation_file"": ""PN00-4.edf"", ""train_files"": [""PN00-1.edf"", ""PN00-5.edf""]}, {""validation_file"": ""PN00-5.edf"", ""train_files"": [""PN00-1.edf"", ""PN00-4.edf""]}]","[""PN00-1.edf"", ""PN00-4.edf"", ""PN00-5.edf""]",PN00,E0_LR,PN00-2.edf,nested
3,2,3,30,0,32,1493,6870,30,0,0,6840,0.66666666666666663,1,15.789473684210526,1,2,2,15.5,14.75,16.25,14,17,0.21827485380116959,238,0.84999999999999998,False,False,"[{""validation_file"": ""PN00-1.edf"", ""train_files"": [""PN00-4.edf"", ""PN00-5.edf""]}, {""validation_file"": ""PN00-4.edf"", ""train_files"": [""PN00-1.edf"", ""PN00-5.edf""]}, {""validation_file"": ""PN00-5.edf"", ""train_files"": [""PN00-1.edf"", ""PN00-4.edf""]}]","[""PN00-1.edf"", ""PN00-4.edf"", ""PN00-5.edf""]",PN00,E0_LR,PN00-2.edf,nested
3,2,3,27,0,29,1423,6870,30,0,0,6840,0.66666666666666663,1,14.210526315789474,1,2,2,15.5,14.75,16.25,14,17,0.20804093567251461,238,0.90000000000000002,False,False,"[{""validation_file"": ""PN00-1.edf"", ""train_files"": [""PN00-4.edf"", ""PN00-5.edf""]}, {""validation_file"": ""PN00-4.edf"", ""train_files"": [""PN00-1.edf"", ""PN00-5.edf""]}, {""validation_file"": ""PN00-5.edf"", ""train_files"": [""PN00-1.edf"", ""PN00-4.edf""]}]","[""PN00-1.edf"", ""PN00-4.edf"", ""PN00-5.edf""]",PN00,E0_LR,PN00-2.edf,nested
3,2,3,25,0,27,1263,6870,30,0,0,6840,0.66666666666666663,1,13.157894736842104,1,2,2,18,16,20,14,22,0.18464912280701753,238,0.94999999999999996,False,False,"[{""validation_file"": ""PN00-1.edf"", ""train_files"": [""PN00-4.edf"", ""PN00-5.edf""]}, {""validation_file"": ""PN00-4.edf"", ""train_files"": [""PN00-1.edf"", ""PN00-5.edf""]}, {""validation_file"": ""PN00-5.edf"", ""train_files"": [""PN00-1.edf"", ""PN00-4.edf""]}]","[""PN00-1.edf"", ""PN00-4.edf"", ""PN00-5.edf""]",PN00,E0_LR,PN00-2.edf,nested
3,0,0,0,0,0,0,6870,30,0,0,6840,0,0,0,3,0,0,,,,,,0,0,1.01,True,True,"[{""validation_file"": ""PN00-1.edf"", ""train_files"": [""PN00-4.edf"", ""PN00-5.edf""]}, {""validation_file"": ""PN00-4.edf"", ""train_files"": [""PN00-1.edf"", ""PN00-5.edf""]}, {""validation_file"": ""PN00-5.edf"", ""train_files"": [""PN00-1.edf"", ""PN00-4.edf""]}]","[""PN00-1.edf"", ""PN00-4.edf"", ""PN00-5.edf""]",PN00,E0_LR,PN00-2.edf,nested
3,1,3,78,0,79,2758,7070,30,0,0,7040,0.33333333333333331,1,39.886363636363633,2,1,1,17,17,17,17,17,0.39176136363636366,293,0.050000000000000003,False,False,"[{""validation_file"": ""PN00-1.edf"", ""train_files"": [""PN00-2.edf"", ""PN00-5.edf""]}, {""validation_file"": ""PN00-2.edf"", ""train_files"": [""PN00-1.edf"", ""PN00-5.edf""]}, {""validation_file"": ""PN00-5.edf"", ""train_files"": [""PN00-1.edf"", ""PN00-2.edf""]}]","[""PN00-1.edf"", ""PN00-2.edf"", ""PN00-5.edf""]",PN00,E0_LR,PN00-4.edf,nested
3,1,3,73,0,74,2178,7070,30,0,0,7040,0.33333333333333331,1,37.329545454545453,2,1,1,17,17,17,17,17,0.30937500000000001,210,0.10000000000000001,False,False,"[{""validation_file"": ""PN00-1.edf"", ""train_files"": [""PN00-2.edf"", ""PN00-5.edf""]}, {""validation_file"": ""PN00-2.edf"", ""train_files"": [""PN00-1.edf"", ""PN00-5.edf""]}, {""validation_file"": ""PN00-5.edf"", ""train_files"": [""PN00-1.edf"", ""PN00-2.edf""]}]","[""PN00-1.edf"", ""PN00-2.edf"", ""PN00-5.edf""]",PN00,E0_LR,PN00-4.edf,nested
3,1,3,70,0,71,1888,7070,30,0,0,7040,0.33333333333333331,1,35.795454545454547,2,1,1,17,17,17,17,17,0.26818181818181819,185,0.14999999999999999,False,False,"[{""validation_file"": ""PN00-1.edf"", ""train_files"": [""PN00-2.edf"", ""PN00-5.edf""]}, {""validation_file"": ""PN00-2.edf"", ""train_files"": [""PN00-1.edf"", ""PN00-5.edf""]}, {""validation_file"": ""PN00-5.edf"", ""train_files"": [""PN00-1.edf"", ""PN00-2.edf""]}]","[""PN00-1.edf"", ""PN00-2.edf"", ""PN00-5.edf""]",PN00,E0_LR,PN00-4.edf,nested
3,1,3,69,0,70,1683,7070,30,0,0,7040,0.33333333333333331,1,35.284090909090907,2,1,1,17,17,17,17,17,0.23906250000000001,185,0.20000000000000001,False,False,"[{""validation_file"": ""PN00-1.edf"", ""train_files"": [""PN00-2.edf"", ""PN00-5.edf""]}, {""validation_file"": ""PN00-2.edf"", ""train_files"": [""PN00-1.edf"", ""PN00-5.edf""]}, {""validation_file"": ""PN00-5.edf"", ""train_files"": [""PN00-1.edf"", ""PN00-2.edf""]}]","[""PN00-1.edf"", ""PN00-2.edf"", ""PN00-5.edf""]",PN00,E0_LR,PN00-4.edf,nested
3,1,3,68,0,69,1543,7070,30,0,0,7040,0.33333333333333331,1,34.772727272727273,2,1,1,17,17,17,17,17,0.21917613636363636,130,0.25,False,False,"[{""validation_file"": ""PN00-1.edf"", ""train_files"": [""PN00-2.edf"", ""PN00-5.edf""]}, {""validation_file"": ""PN00-2.edf"", ""train_files"": [""PN00-1.edf"", ""PN00-5.edf""]}, {""validation_file"": ""PN00-5.edf"", ""train_files"": [""PN00-1.edf"", ""PN00-2.edf""]}]","[""PN00-1.edf"", ""PN00-2.edf"", ""PN00-5.edf""]",PN00,E0_LR,PN00-4.edf,nested
3,1,3,64,0,65,1423,7070,30,0,0,7040,0.33333333333333331,1,32.727272727272727,2,1,1,17,17,17,17,17,0.20213068181818181,120,0.29999999999999999,False,False,"[{""validation_file"": ""PN00-1.edf"", ""train_files"": [""PN00-2.edf"", ""PN00-5.edf""]}, {""validation_file"": ""PN00-2.edf"", ""train_files"": [""PN00-1.edf"", ""PN00-5.edf""]}, {""validation_file"": ""PN00-5.edf"", ""train_files"": [""PN00-1.edf"", ""PN00-2.edf""]}]","[""PN00-1.edf"", ""PN00-2.edf"", ""PN00-5.edf""]",PN00,E0_LR,PN00-4.edf,nested
3,1,3,62,0,63,1238,7070,30,0,0,7040,0.33333333333333331,1,31.704545454545453,2,1,1,17,17,17,17,17,0.17585227272727272,120,0.34999999999999998,False,False,"[{""validation_file"": ""PN00-1.edf"", ""train_files"": [""PN00-2.edf"", ""PN00-5.edf""]}, {""validation_file"": ""PN00-2.edf"", ""train_files"": [""PN00-1.edf"", ""PN00-5.edf""]}, {""validation_file"": ""PN00-5.edf"", ""train_files"": [""PN00-1.edf"", ""PN00-2.edf""]}]","[""PN00-1.edf"", ""PN00-2.edf"", ""PN00-5.edf""]",PN00,E0_LR,PN00-4.edf,nested
3,2,3,58,0,60,1088,7070,30,0,0,7040,0.66666666666666663,1,29.65909090909091,1,2,2,9,5,13,1,17,0.15454545454545454,120,0.40000000000000002,False,False,"[{""validation_file"": ""PN00-1.edf"", ""train_files"": [""PN00-2.edf"", ""PN00-5.edf""]}, {""validation_file"": ""PN00-2.edf"", ""train_files"": [""PN00-1.edf"", ""PN00-5.edf""]}, {""validation_file"": ""PN00-5.edf"", ""train_files"": [""PN00-1.edf"", ""PN00-2.edf""]}]","[""PN00-1.edf"", ""PN00-2.edf"", ""PN00-5.edf""]",PN00,E0_LR,PN00-4.edf,nested
3,2,3,56,0,58,1038,7070,30,0,0,7040,0.66666666666666663,1,28.636363636363637,1,2,2,9,5,13,1,17,0.14744318181818181,90,0.45000000000000001,False,False,"[{""validation_file"": ""PN00-1.edf"", ""train_files"": [""PN00-2.edf"", ""PN00-5.edf""]}, {""validation_file"": ""PN00-2.edf"", ""train_files"": [""PN00-1.edf"", ""PN00-5.edf""]}, {""validation_file"": ""PN00-5.edf"", ""train_files"": [""PN00-1.edf"", ""PN00-2.edf""]}]","[""PN00-1.edf"", ""PN00-2.edf"", ""PN00-5.edf""]",PN00,E0_LR,PN00-4.edf,nested
3,2,3,49,0,51,953,7070,30,0,0,7040,0.66666666666666663,1,25.056818181818183,1,2,2,9,5,13,1,17,0.13536931818181819,90,0.5,False,False,"[{""validation_file"": ""PN00-1.edf"", ""train_files"": [""PN00-2.edf"", ""PN00-5.edf""]}, {""validation_file"": ""PN00-2.edf"", ""train_files"": [""PN00-1.edf"", ""PN00-5.edf""]}, {""validation_file"": ""PN00-5.edf"", ""train_files"": [""PN00-1.edf"", ""PN00-2.edf""]}]","[""PN00-1.edf"", ""PN00-2.edf"", ""PN00-5.edf""]",PN00,E0_LR,PN00-4.edf,nested
3,2,3,41,0,43,833,7070,30,0,0,7040,0.66666666666666663,1,20.96590909090909,1,2,2,9,5,13,1,17,0.11832386363636363,90,0.55000000000000004,False,False,"[{""validation_file"": ""PN00-1.edf"", ""train_files"": [""PN00-2.edf"", ""PN00-5.edf""]}, {""validation_file"": ""PN00-2.edf"", ""train_files"": [""PN00-1.edf"", ""PN00-5.edf""]}, {""validation_file"": ""PN00-5.edf"", ""train_files"": [""PN00-1.edf"", ""PN00-2.edf""]}]","[""PN00-1.edf"", ""PN00-2.edf"", ""PN00-5.edf""]",PN00,E0_LR,PN00-4.edf,nested
3,2,3,35,0,37,728,7070,30,0,0,7040,0.66666666666666663,1,17.897727272727273,1,2,2,9,5,13,1,17,0.10340909090909091,90,0.59999999999999998,False,False,"[{""validation_file"": ""PN00-1.edf"", ""train_files"": [""PN00-2.edf"", ""PN00-5.edf""]}, {""validation_file"": ""PN00-2.edf"", ""train_files"": [""PN00-1.edf"", ""PN00-5.edf""]}, {""validation_file"": ""PN00-5.edf"", ""train_files"": [""PN00-1.edf"", ""PN00-2.edf""]}]","[""PN00-1.edf"", ""PN00-2.edf"", ""PN00-5.edf""]",PN00,E0_LR,PN00-4.edf,nested
3,2,3,31,0,33,673,7070,30,0,0,7040,0.66666666666666663,1,15.852272727272727,1,2,2,11.5,6.25,16.75,1,22,0.095596590909090909,85,0.65000000000000002,False,False,"[{""validation_file"": ""PN00-1.edf"", ""train_files"": [""PN00-2.edf"", ""PN00-5.edf""]}, {""validation_file"": ""PN00-2.edf"", ""train_files"": [""PN00-1.edf"", ""PN00-5.edf""]}, {""validation_file"": ""PN00-5.edf"", ""train_files"": [""PN00-1.edf"", ""PN00-2.edf""]}]","[""PN00-1.edf"", ""PN00-2.edf"", ""PN00-5.edf""]",PN00,E0_LR,PN00-4.edf,nested
3,3,3,27,1,30,618,7070,30,0,0,7040,1,1,13.806818181818182,0,3,3,1,0.5,11.5,0,22,0.087784090909090909,75,0.69999999999999996,False,False,"[{""validation_file"": ""PN00-1.edf"", ""train_files"": [""PN00-2.edf"", ""PN00-5.edf""]}, {""validation_file"": ""PN00-2.edf"", ""train_files"": [""PN00-1.edf"", ""PN00-5.edf""]}, {""validation_file"": ""PN00-5.edf"", ""train_files"": [""PN00-1.edf"", ""PN00-2.edf""]}]","[""PN00-1.edf"", ""PN00-2.edf"", ""PN00-5.edf""]",PN00,E0_LR,PN00-4.edf,nested
3,3,3,26,1,29,590,7070,30,0,0,7040,1,1,13.295454545454545,0,3,3,1,0.5,11.5,0,22,0.083806818181818177,75,0.75,False,False,"[{""validation_file"": ""PN00-1.edf"", ""train_files"": [""PN00-2.edf"", ""PN00-5.edf""]}, {""validation_file"": ""PN00-2.edf"", ""train_files"": [""PN00-1.edf"", ""PN00-5.edf""]}, {""validation_file"": ""PN00-5.edf"", ""train_files"": [""PN00-1.edf"", ""PN00-2.edf""]}]","[""PN00-1.edf"", ""PN00-2.edf"", ""PN00-5.edf""]",PN00,E0_LR,PN00-4.edf,nested
3,3,3,22,1,25,530,7070,30,0,0,7040,1,1,11.25,0,3,3,1,0.5,11.5,0,22,0.075284090909090912,75,0.80000000000000004,False,False,"[{""validation_file"": ""PN00-1.edf"", ""train_files"": [""PN00-2.edf"", ""PN00-5.edf""]}, {""validation_file"": ""PN00-2.edf"", ""train_files"": [""PN00-1.edf"", ""PN00-5.edf""]}, {""validation_file"": ""PN00-5.edf"", ""train_files"": [""PN00-1.edf"", ""PN00-2.edf""]}]","[""PN00-1.edf"", ""PN00-2.edf"", ""PN00-5.edf""]",PN00,E0_LR,PN00-4.edf,nested
3,3,3,17,1,20,470,7070,30,0,0,7040,1,1,8.6931818181818183,0,3,3,1,0.5,11.5,0,22,0.066761363636363633,75,0.84999999999999998,False,False,"[{""validation_file"": ""PN00-1.edf"", ""train_files"": [""PN00-2.edf"", ""PN00-5.edf""]}, {""validation_file"": ""PN00-2.edf"", ""train_files"": [""PN00-1.edf"", ""PN00-5.edf""]}, {""validation_file"": ""PN00-5.edf"", ""train_files"": [""PN00-1.edf"", ""PN00-2.edf""]}]","[""PN00-1.edf"", ""PN00-2.edf"", ""PN00-5.edf""]",PN00,E0_LR,PN00-4.edf,nested
3,3,3,14,0,17,420,7070,30,0,0,7040,1,1,7.1590909090909092,0,3,3,21,13,21.5,5,22,0.059659090909090912,70,0.90000000000000002,False,False,"[{""validation_file"": ""PN00-1.edf"", ""train_files"": [""PN00-2.edf"", ""PN00-5.edf""]}, {""validation_file"": ""PN00-2.edf"", ""train_files"": [""PN00-1.edf"", ""PN00-5.edf""]}, {""validation_file"": ""PN00-5.edf"", ""train_files"": [""PN00-1.edf"", ""PN00-2.edf""]}]","[""PN00-1.edf"", ""PN00-2.edf"", ""PN00-5.edf""]",PN00,E0_LR,PN00-4.edf,nested
3,3,3,12,0,15,375,7070,30,0,0,7040,1,1,6.1363636363636367,0,3,3,21,13,21.5,5,22,0.053267045454545456,70,0.94999999999999996,False,False,"[{""validation_file"": ""PN00-1.edf"", ""train_files"": [""PN00-2.edf"", ""PN00-5.edf""]}, {""validation_file"": ""PN00-2.edf"", ""train_files"": [""PN00-1.edf"", ""PN00-5.edf""]}, {""validation_file"": ""PN00-5.edf"", ""train_files"": [""PN00-1.edf"", ""PN00-2.edf""]}]","[""PN00-1.edf"", ""PN00-2.edf"", ""PN00-5.edf""]",PN00,E0_LR,PN00-4.edf,nested
3,0,0,0,0,0,0,7070,30,0,0,7040,0,0,0,3,0,0,,,,,,0,0,1.01,True,True,"[{""validation_file"": ""PN00-1.edf"", ""train_files"": [""PN00-2.edf"", ""PN00-5.edf""]}, {""validation_file"": ""PN00-2.edf"", ""train_files"": [""PN00-1.edf"", ""PN00-5.edf""]}, {""validation_file"": ""PN00-5.edf"", ""train_files"": [""PN00-1.edf"", ""PN00-2.edf""]}]","[""PN00-1.edf"", ""PN00-2.edf"", ""PN00-5.edf""]",PN00,E0_LR,PN00-4.edf,nested
3,2,3,74,0,76,3612,7029,30,0,0,6999,0.66666666666666663,1,38.06258036862409,1,2,2,3,2.5,3.5,2,4,0.51607372481783109,1130,0.050000000000000003,False,False,"[{""validation_file"": ""PN00-1.edf"", ""train_files"": [""PN00-2.edf"", ""PN00-4.edf""]}, {""validation_file"": ""PN00-2.edf"", ""train_files"": [""PN00-1.edf"", ""PN00-4.edf""]}, {""validation_file"": ""PN00-4.edf"", ""train_files"": [""PN00-1.edf"", ""PN00-2.edf""]}]","[""PN00-1.edf"", ""PN00-2.edf"", ""PN00-4.edf""]",PN00,E0_LR,PN00-5.edf,nested
3,2,3,59,0,61,3117,7029,30,0,0,6999,0.66666666666666663,1,30.347192456065152,1,2,2,3,2.5,3.5,2,4,0.44534933561937418,1130,0.10000000000000001,False,False,"[{""validation_file"": ""PN00-1.edf"", ""train_files"": [""PN00-2.edf"", ""PN00-4.edf""]}, {""validation_file"": ""PN00-2.edf"", ""train_files"": [""PN00-1.edf"", ""PN00-4.edf""]}, {""validation_file"": ""PN00-4.edf"", ""train_files"": [""PN00-1.edf"", ""PN00-2.edf""]}]","[""PN00-1.edf"", ""PN00-2.edf"", ""PN00-4.edf""]",PN00,E0_LR,PN00-5.edf,nested
3,2,3,47,0,49,2842,7029,30,0,0,6999,0.66666666666666663,1,24.174882126018002,1,2,2,8,6,10,4,12,0.40605800828689814,1115,0.14999999999999999,False,False,"[{""validation_file"": ""PN00-1.edf"", ""train_files"": [""PN00-2.edf"", ""PN00-4.edf""]}, {""validation_file"": ""PN00-2.edf"", ""train_files"": [""PN00-1.edf"", ""PN00-4.edf""]}, {""validation_file"": ""PN00-4.edf"", ""train_files"": [""PN00-1.edf"", ""PN00-2.edf""]}]","[""PN00-1.edf"", ""PN00-2.edf"", ""PN00-4.edf""]",PN00,E0_LR,PN00-5.edf,nested
3,2,3,35,0,37,2662,7029,30,0,0,6999,0.66666666666666663,1,18.002571795970852,1,2,2,8,6,10,4,12,0.38034004857836834,1115,0.20000000000000001,False,False,"[{""validation_file"": ""PN00-1.edf"", ""train_files"": [""PN00-2.edf"", ""PN00-4.edf""]}, {""validation_file"": ""PN00-2.edf"", ""train_files"": [""PN00-1.edf"", ""PN00-4.edf""]}, {""validation_file"": ""PN00-4.edf"", ""train_files"": [""PN00-1.edf"", ""PN00-2.edf""]}]","[""PN00-1.edf"", ""PN00-2.edf"", ""PN00-4.edf""]",PN00,E0_LR,PN00-5.edf,nested
3,2,3,37,0,39,2592,7029,30,0,0,6999,0.66666666666666663,1,19.031290184312045,1,2,2,8,6,10,4,12,0.37033861980282895,1115,0.25,False,False,"[{""validation_file"": ""PN00-1.edf"", ""train_files"": [""PN00-2.edf"", ""PN00-4.edf""]}, {""validation_file"": ""PN00-2.edf"", ""train_files"": [""PN00-1.edf"", ""PN00-4.edf""]}, {""validation_file"": ""PN00-4.edf"", ""train_files"": [""PN00-1.edf"", ""PN00-2.edf""]}]","[""PN00-1.edf"", ""PN00-2.edf"", ""PN00-4.edf""]",PN00,E0_LR,PN00-5.edf,nested
3,2,3,37,0,39,2552,7029,30,0,0,6999,0.66666666666666663,1,19.031290184312045,1,2,2,8,6,10,4,12,0.36462351764537793,1115,0.29999999999999999,False,False,"[{""validation_file"": ""PN00-1.edf"", ""train_files"": [""PN00-2.edf"", ""PN00-4.edf""]}, {""validation_file"": ""PN00-2.edf"", ""train_files"": [""PN00-1.edf"", ""PN00-4.edf""]}, {""validation_file"": ""PN00-4.edf"", ""train_files"": [""PN00-1.edf"", ""PN00-2.edf""]}]","[""PN00-1.edf"", ""PN00-2.edf"", ""PN00-4.edf""]",PN00,E0_LR,PN00-5.edf,nested
3,2,3,38,0,40,2462,7029,30,0,0,6999,0.66666666666666663,1,19.54564937848264,1,2,2,13,12.5,13.5,12,14,0.351764537791113,1115,0.34999999999999998,False,False,"[{""validation_file"": ""PN00-1.edf"", ""train_files"": [""PN00-2.edf"", ""PN00-4.edf""]}, {""validation_file"": ""PN00-2.edf"", ""train_files"": [""PN00-1.edf"", ""PN00-4.edf""]}, {""validation_file"": ""PN00-4.edf"", ""train_files"": [""PN00-1.edf"", ""PN00-2.edf""]}]","[""PN00-1.edf"", ""PN00-2.edf"", ""PN00-4.edf""]",PN00,E0_LR,PN00-5.edf,nested
3,2,3,39,0,41,2407,7029,30,0,0,6999,0.66666666666666663,1,20.060008572653235,1,2,2,13,12.5,13.5,12,14,0.34390627232461779,1085,0.40000000000000002,False,False,"[{""validation_file"": ""PN00-1.edf"", ""train_files"": [""PN00-2.edf"", ""PN00-4.edf""]}, {""validation_file"": ""PN00-2.edf"", ""train_files"": [""PN00-1.edf"", ""PN00-4.edf""]}, {""validation_file"": ""PN00-4.edf"", ""train_files"": [""PN00-1.edf"", ""PN00-2.edf""]}]","[""PN00-1.edf"", ""PN00-2.edf"", ""PN00-4.edf""]",PN00,E0_LR,PN00-5.edf,nested
3,2,3,42,0,44,2337,7029,30,0,0,6999,0.66666666666666663,1,21.603086155165023,1,2,2,15.5,14.75,16.25,14,17,0.33390484354907846,1085,0.45000000000000001,False,False,"[{""validation_file"": ""PN00-1.edf"", ""train_files"": [""PN00-2.edf"", ""PN00-4.edf""]}, {""validation_file"": ""PN00-2.edf"", ""train_files"": [""PN00-1.edf"", ""PN00-4.edf""]}, {""validation_file"": ""PN00-4.edf"", ""train_files"": [""PN00-1.edf"", ""PN00-2.edf""]}]","[""PN00-1.edf"", ""PN00-2.edf"", ""PN00-4.edf""]",PN00,E0_LR,PN00-5.edf,nested
3,2,3,41,0,43,2282,7029,30,0,0,6999,0.66666666666666663,1,21.088726960994428,1,2,2,15.5,14.75,16.25,14,17,0.32604657808258325,1085,0.5,False,False,"[{""validation_file"": ""PN00-1.edf"", ""train_files"": [""PN00-2.edf"", ""PN00-4.edf""]}, {""validation_file"": ""PN00-2.edf"", ""train_files"": [""PN00-1.edf"", ""PN00-4.edf""]}, {""validation_file"": ""PN00-4.edf"", ""train_files"": [""PN00-1.edf"", ""PN00-2.edf""]}]","[""PN00-1.edf"", ""PN00-2.edf"", ""PN00-4.edf""]",PN00,E0_LR,PN00-5.edf,nested
3,2,3,37,0,39,2217,7029,30,0,0,6999,0.66666666666666663,1,19.031290184312045,1,2,2,15.5,14.75,16.25,14,17,0.31675953707672527,1085,0.55000000000000004,False,False,"[{""validation_file"": ""PN00-1.edf"", ""train_files"": [""PN00-2.edf"", ""PN00-4.edf""]}, {""validation_file"": ""PN00-2.edf"", ""train_files"": [""PN00-1.edf"", ""PN00-4.edf""]}, {""validation_file"": ""PN00-4.edf"", ""train_files"": [""PN00-1.edf"", ""PN00-2.edf""]}]","[""PN00-1.edf"", ""PN00-2.edf"", ""PN00-4.edf""]",PN00,E0_LR,PN00-5.edf,nested
3,2,3,36,0,38,2182,7029,30,0,0,6999,0.66666666666666663,1,18.51693099014145,1,2,2,15.5,14.75,16.25,14,17,0.31175882268895555,1085,0.59999999999999998,False,False,"[{""validation_file"": ""PN00-1.edf"", ""train_files"": [""PN00-2.edf"", ""PN00-4.edf""]}, {""validation_file"": ""PN00-2.edf"", ""train_files"": [""PN00-1.edf"", ""PN00-4.edf""]}, {""validation_file"": ""PN00-4.edf"", ""train_files"": [""PN00-1.edf"", ""PN00-2.edf""]}]","[""PN00-1.edf"", ""PN00-2.edf"", ""PN00-4.edf""]",PN00,E0_LR,PN00-5.edf,nested
3,2,3,32,0,34,2132,7029,30,0,0,6999,0.66666666666666663,1,16.459494213459067,1,2,2,15.5,14.75,16.25,14,17,0.30461494499214176,1085,0.65000000000000002,False,False,"[{""validation_file"": ""PN00-1.edf"", ""train_files"": [""PN00-2.edf"", ""PN00-4.edf""]}, {""validation_file"": ""PN00-2.edf"", ""train_files"": [""PN00-1.edf"", ""PN00-4.edf""]}, {""validation_file"": ""PN00-4.edf"", ""train_files"": [""PN00-1.edf"", ""PN00-2.edf""]}]","[""PN00-1.edf"", ""PN00-2.edf"", ""PN00-4.edf""]",PN00,E0_LR,PN00-5.edf,nested
3,2,3,30,0,32,2082,7029,30,0,0,6999,0.66666666666666663,1,15.430775825117873,1,2,2,15.5,14.75,16.25,14,17,0.29747106729532791,1085,0.69999999999999996,False,False,"[{""validation_file"": ""PN00-1.edf"", ""train_files"": [""PN00-2.edf"", ""PN00-4.edf""]}, {""validation_file"": ""PN00-2.edf"", ""train_files"": [""PN00-1.edf"", ""PN00-4.edf""]}, {""validation_file"": ""PN00-4.edf"", ""train_files"": [""PN00-1.edf"", ""PN00-2.edf""]}]","[""PN00-1.edf"", ""PN00-2.edf"", ""PN00-4.edf""]",PN00,E0_LR,PN00-5.edf,nested
3,2,3,30,0,32,2007,7029,30,0,0,6999,0.66666666666666663,1,15.430775825117873,1,2,2,15.5,14.75,16.25,14,17,0.28675525075010716,1075,0.75,False,False,"[{""validation_file"": ""PN00-1.edf"", ""train_files"": [""PN00-2.edf"", ""PN00-4.edf""]}, {""validation_file"": ""PN00-2.edf"", ""train_files"": [""PN00-1.edf"", ""PN00-4.edf""]}, {""validation_file"": ""PN00-4.edf"", ""train_files"": [""PN00-1.edf"", ""PN00-2.edf""]}]","[""PN00-1.edf"", ""PN00-2.edf"", ""PN00-4.edf""]",PN00,E0_LR,PN00-5.edf,nested
3,2,3,31,0,33,1972,7029,30,0,0,6999,0.66666666666666663,1,15.94513501928847,1,2,2,15.5,14.75,16.25,14,17,0.28175453636233749,1075,0.80000000000000004,False,False,"[{""validation_file"": ""PN00-1.edf"", ""train_files"": [""PN00-2.edf"", ""PN00-4.edf""]}, {""validation_file"": ""PN00-2.edf"", ""train_files"": [""PN00-1.edf"", ""PN00-4.edf""]}, {""validation_file"": ""PN00-4.edf"", ""train_files"": [""PN00-1.edf"", ""PN00-2.edf""]}]","[""PN00-1.edf"", ""PN00-2.edf"", ""PN00-4.edf""]",PN00,E0_LR,PN00-5.edf,nested
3,2,3,29,0,31,1902,7029,30,0,0,6999,0.66666666666666663,1,14.916416630947278,1,2,2,15.5,14.75,16.25,14,17,0.2717531075867981,1075,0.84999999999999998,False,False,"[{""validation_file"": ""PN00-1.edf"", ""train_files"": [""PN00-2.edf"", ""PN00-4.edf""]}, {""validation_file"": ""PN00-2.edf"", ""train_files"": [""PN00-1.edf"", ""PN00-4.edf""]}, {""validation_file"": ""PN00-4.edf"", ""train_files"": [""PN00-1.edf"", ""PN00-2.edf""]}]","[""PN00-1.edf"", ""PN00-2.edf"", ""PN00-4.edf""]",PN00,E0_LR,PN00-5.edf,nested
3,2,3,28,0,30,1832,7029,30,0,0,6999,0.66666666666666663,1,14.402057436776682,1,2,2,18,17.5,18.5,17,19,0.26175167881125877,890,0.90000000000000002,False,False,"[{""validation_file"": ""PN00-1.edf"", ""train_files"": [""PN00-2.edf"", ""PN00-4.edf""]}, {""validation_file"": ""PN00-2.edf"", ""train_files"": [""PN00-1.edf"", ""PN00-4.edf""]}, {""validation_file"": ""PN00-4.edf"", ""train_files"": [""PN00-1.edf"", ""PN00-2.edf""]}]","[""PN00-1.edf"", ""PN00-2.edf"", ""PN00-4.edf""]",PN00,E0_LR,PN00-5.edf,nested
3,2,3,28,0,30,1702,7029,30,0,0,6999,0.66666666666666663,1,14.402057436776682,1,2,2,18,17.5,18.5,17,19,0.24317759679954279,890,0.94999999999999996,False,False,"[{""validation_file"": ""PN00-1.edf"", ""train_files"": [""PN00-2.edf"", ""PN00-4.edf""]}, {""validation_file"": ""PN00-2.edf"", ""train_files"": [""PN00-1.edf"", ""PN00-4.edf""]}, {""validation_file"": ""PN00-4.edf"", ""train_files"": [""PN00-1.edf"", ""PN00-2.edf""]}]","[""PN00-1.edf"", ""PN00-2.edf"", ""PN00-4.edf""]",PN00,E0_LR,PN00-5.edf,nested
3,0,0,0,0,0,0,7029,30,0,0,6999,0,0,0,3,0,0,,,,,,0,0,1.01,True,True,"[{""validation_file"": ""PN00-1.edf"", ""train_files"": [""PN00-2.edf"", ""PN00-4.edf""]}, {""validation_file"": ""PN00-2.edf"", ""train_files"": [""PN00-1.edf"", ""PN00-4.edf""]}, {""validation_file"": ""PN00-4.edf"", ""train_files"": [""PN00-1.edf"", ""PN00-2.edf""]}]","[""PN00-1.edf"", ""PN00-2.edf"", ""PN00-4.edf""]",PN00,E0_LR,PN00-5.edf,nested
3,1,3,86,0,87,3745,6547,30,0,0,6517,0.33333333333333331,1,47.5065214055547,2,1,1,1,1,1,1,1,0.57465091299677762,360,0.050000000000000003,False,False,"[{""validation_file"": ""PN00-2.edf"", ""train_files"": [""PN00-4.edf"", ""PN00-5.edf""]}, {""validation_file"": ""PN00-4.edf"", ""train_files"": [""PN00-2.edf"", ""PN00-5.edf""]}, {""validation_file"": ""PN00-5.edf"", ""train_files"": [""PN00-2.edf"", ""PN00-4.edf""]}]","[""PN00-2.edf"", ""PN00-4.edf"", ""PN00-5.edf""]",PN00,E1_RF,PN00-1.edf,nested
3,1,3,89,0,90,2800,6547,30,0,0,6517,0.33333333333333331,1,49.163725640632194,2,1,1,1,1,1,1,1,0.42964554242749731,265,0.10000000000000001,False,False,"[{""validation_file"": ""PN00-2.edf"", ""train_files"": [""PN00-4.edf"", ""PN00-5.edf""]}, {""validation_file"": ""PN00-4.edf"", ""train_files"": [""PN00-2.edf"", ""PN00-5.edf""]}, {""validation_file"": ""PN00-5.edf"", ""train_files"": [""PN00-2.edf"", ""PN00-4.edf""]}]","[""PN00-2.edf"", ""PN00-4.edf"", ""PN00-5.edf""]",PN00,E1_RF,PN00-1.edf,nested
3,1,3,73,0,74,2165,6547,30,0,0,6517,0.33333333333333331,1,40.325303053552247,2,1,1,1,1,1,1,1,0.33220807119840418,235,0.14999999999999999,False,False,"[{""validation_file"": ""PN00-2.edf"", ""train_files"": [""PN00-4.edf"", ""PN00-5.edf""]}, {""validation_file"": ""PN00-4.edf"", ""train_files"": [""PN00-2.edf"", ""PN00-5.edf""]}, {""validation_file"": ""PN00-5.edf"", ""train_files"": [""PN00-2.edf"", ""PN00-4.edf""]}]","[""PN00-2.edf"", ""PN00-4.edf"", ""PN00-5.edf""]",PN00,E1_RF,PN00-1.edf,nested
3,2,3,56,0,58,1715,6547,30,0,0,6517,0.66666666666666663,1,30.934479054779807,1,2,2,0.5,0.25,0.75,0,1,0.26315789473684209,230,0.20000000000000001,False,False,"[{""validation_file"": ""PN00-2.edf"", ""train_files"": [""PN00-4.edf"", ""PN00-5.edf""]}, {""validation_file"": ""PN00-4.edf"", ""train_files"": [""PN00-2.edf"", ""PN00-5.edf""]}, {""validation_file"": ""PN00-5.edf"", ""train_files"": [""PN00-2.edf"", ""PN00-4.edf""]}]","[""PN00-2.edf"", ""PN00-4.edf"", ""PN00-5.edf""]",PN00,E1_RF,PN00-1.edf,nested
3,2,3,45,0,47,1375,6547,30,0,0,6517,0.66666666666666663,1,24.858063526162343,1,2,2,0.5,0.25,0.75,0,1,0.21098665029921743,220,0.25,False,False,"[{""validation_file"": ""PN00-2.edf"", ""train_files"": [""PN00-4.edf"", ""PN00-5.edf""]}, {""validation_file"": ""PN00-4.edf"", ""train_files"": [""PN00-2.edf"", ""PN00-5.edf""]}, {""validation_file"": ""PN00-5.edf"", ""train_files"": [""PN00-2.edf"", ""PN00-4.edf""]}]","[""PN00-2.edf"", ""PN00-4.edf"", ""PN00-5.edf""]",PN00,E1_RF,PN00-1.edf,nested
3,3,3,41,1,44,1150,6547,30,0,0,6517,1,1,22.648457879392357,0,3,3,1,0.5,7.5,0,14,0.17646156206843638,220,0.29999999999999999,False,False,"[{""validation_file"": ""PN00-2.edf"", ""train_files"": [""PN00-4.edf"", ""PN00-5.edf""]}, {""validation_file"": ""PN00-4.edf"", ""train_files"": [""PN00-2.edf"", ""PN00-5.edf""]}, {""validation_file"": ""PN00-5.edf"", ""train_files"": [""PN00-2.edf"", ""PN00-4.edf""]}]","[""PN00-2.edf"", ""PN00-4.edf"", ""PN00-5.edf""]",PN00,E1_RF,PN00-1.edf,nested
3,3,3,34,1,37,955,6547,30,0,0,6517,1,1,18.781647997544884,0,3,3,1,0.5,7.5,0,14,0.14653981893509282,125,0.34999999999999998,False,False,"[{""validation_file"": ""PN00-2.edf"", ""train_files"": [""PN00-4.edf"", ""PN00-5.edf""]}, {""validation_file"": ""PN00-4.edf"", ""train_files"": [""PN00-2.edf"", ""PN00-5.edf""]}, {""validation_file"": ""PN00-5.edf"", ""train_files"": [""PN00-2.edf"", ""PN00-4.edf""]}]","[""PN00-2.edf"", ""PN00-4.edf"", ""PN00-5.edf""]",PN00,E1_RF,PN00-1.edf,nested
3,3,3,27,1,30,760,6547,30,0,0,6517,1,1,14.914838115697407,0,3,3,1,0.5,7.5,0,14,0.11661807580174927,125,0.40000000000000002,False,False,"[{""validation_file"": ""PN00-2.edf"", ""train_files"": [""PN00-4.edf"", ""PN00-5.edf""]}, {""validation_file"": ""PN00-4.edf"", ""train_files"": [""PN00-2.edf"", ""PN00-5.edf""]}, {""validation_file"": ""PN00-5.edf"", ""train_files"": [""PN00-2.edf"", ""PN00-4.edf""]}]","[""PN00-2.edf"", ""PN00-4.edf"", ""PN00-5.edf""]",PN00,E1_RF,PN00-1.edf,nested
3,3,3,21,1,24,625,6547,30,0,0,6517,1,1,11.600429645542427,0,3,3,1,0.5,10,0,19,0.095903022863280646,95,0.45000000000000001,False,False,"[{""validation_file"": ""PN00-2.edf"", ""train_files"": [""PN00-4.edf"", ""PN00-5.edf""]}, {""validation_file"": ""PN00-4.edf"", ""train_files"": [""PN00-2.edf"", ""PN00-5.edf""]}, {""validation_file"": ""PN00-5.edf"", ""train_files"": [""PN00-2.edf"", ""PN00-4.edf""]}]","[""PN00-2.edf"", ""PN00-4.edf"", ""PN00-5.edf""]",PN00,E1_RF,PN00-1.edf,nested
3,3,3,15,0,18,480,6547,30,0,0,6517,1,1,8.2860211753874484,0,3,3,16,8,17.5,0,19,0.073653521558999541,85,0.5,False,False,"[{""validation_file"": ""PN00-2.edf"", ""train_files"": [""PN00-4.edf"", ""PN00-5.edf""]}, {""validation_file"": ""PN00-4.edf"", ""train_files"": [""PN00-2.edf"", ""PN00-5.edf""]}, {""validation_file"": ""PN00-5.edf"", ""train_files"": [""PN00-2.edf"", ""PN00-4.edf""]}]","[""PN00-2.edf"", ""PN00-4.edf"", ""PN00-5.edf""]",PN00,E1_RF,PN00-1.edf,nested
3,3,3,8,0,11,320,6547,30,0,0,6517,1,1,4.4192112935399726,0,3,3,16,13,17.5,10,19,0.049102347705999694,75,0.55000000000000004,False,False,"[{""validation_file"": ""PN00-2.edf"", ""train_files"": [""PN00-4.edf"", ""PN00-5.edf""]}, {""validation_file"": ""PN00-4.edf"", ""train_files"": [""PN00-2.edf"", ""PN00-5.edf""]}, {""validation_file"": ""PN00-5.edf"", ""train_files"": [""PN00-2.edf"", ""PN00-4.edf""]}]","[""PN00-2.edf"", ""PN00-4.edf"", ""PN00-5.edf""]",PN00,E1_RF,PN00-1.edf,nested
3,3,3,7,0,10,290,6547,30,0,0,6517,1,1,3.8668098818474759,0,3,3,16,13,17.5,10,19,0.044499002608562224,70,0.59999999999999998,False,False,"[{""validation_file"": ""PN00-2.edf"", ""train_files"": [""PN00-4.edf"", ""PN00-5.edf""]}, {""validation_file"": ""PN00-4.edf"", ""train_files"": [""PN00-2.edf"", ""PN00-5.edf""]}, {""validation_file"": ""PN00-5.edf"", ""train_files"": [""PN00-2.edf"", ""PN00-4.edf""]}]","[""PN00-2.edf"", ""PN00-4.edf"", ""PN00-5.edf""]",PN00,E1_RF,PN00-1.edf,nested
3,3,3,5,0,8,260,6547,30,0,0,6517,1,1,2.762007058462483,0,3,3,16,13,17.5,10,19,0.039895657511124748,70,0.65000000000000002,False,False,"[{""validation_file"": ""PN00-2.edf"", ""train_files"": [""PN00-4.edf"", ""PN00-5.edf""]}, {""validation_file"": ""PN00-4.edf"", ""train_files"": [""PN00-2.edf"", ""PN00-5.edf""]}, {""validation_file"": ""PN00-5.edf"", ""train_files"": [""PN00-2.edf"", ""PN00-4.edf""]}]","[""PN00-2.edf"", ""PN00-4.edf"", ""PN00-5.edf""]",PN00,E1_RF,PN00-1.edf,nested
3,3,3,3,0,6,230,6547,30,0,0,6517,1,1,1.6572042350774896,0,3,3,16,13,20,10,24,0.035292312413687278,65,0.69999999999999996,False,False,"[{""validation_file"": ""PN00-2.edf"", ""train_files"": [""PN00-4.edf"", ""PN00-5.edf""]}, {""validation_file"": ""PN00-4.edf"", ""train_files"": [""PN00-2.edf"", ""PN00-5.edf""]}, {""validation_file"": ""PN00-5.edf"", ""train_files"": [""PN00-2.edf"", ""PN00-4.edf""]}]","[""PN00-2.edf"", ""PN00-4.edf"", ""PN00-5.edf""]",PN00,E1_RF,PN00-1.edf,nested
3,3,3,2,0,5,200,6547,30,0,0,6517,1,1,1.1048028233849931,0,3,3,16,13,20,10,24,0.030688967316249809,60,0.75,False,False,"[{""validation_file"": ""PN00-2.edf"", ""train_files"": [""PN00-4.edf"", ""PN00-5.edf""]}, {""validation_file"": ""PN00-4.edf"", ""train_files"": [""PN00-2.edf"", ""PN00-5.edf""]}, {""validation_file"": ""PN00-5.edf"", ""train_files"": [""PN00-2.edf"", ""PN00-4.edf""]}]","[""PN00-2.edf"", ""PN00-4.edf"", ""PN00-5.edf""]",PN00,E1_RF,PN00-1.edf,nested
3,3,3,0,0,3,170,6547,30,0,0,6517,1,1,0,0,3,3,16,15.5,20,15,24,0.026085622218812336,60,0.80000000000000004,True,True,"[{""validation_file"": ""PN00-2.edf"", ""train_files"": [""PN00-4.edf"", ""PN00-5.edf""]}, {""validation_file"": ""PN00-4.edf"", ""train_files"": [""PN00-2.edf"", ""PN00-5.edf""]}, {""validation_file"": ""PN00-5.edf"", ""train_files"": [""PN00-2.edf"", ""PN00-4.edf""]}]","[""PN00-2.edf"", ""PN00-4.edf"", ""PN00-5.edf""]",PN00,E1_RF,PN00-1.edf,nested
3,3,3,0,0,3,135,6547,30,0,0,6517,1,1,0,0,3,3,21,18,25,15,29,0.02071505293846862,55,0.84999999999999998,True,False,"[{""validation_file"": ""PN00-2.edf"", ""train_files"": [""PN00-4.edf"", ""PN00-5.edf""]}, {""validation_file"": ""PN00-4.edf"", ""train_files"": [""PN00-2.edf"", ""PN00-5.edf""]}, {""validation_file"": ""PN00-5.edf"", ""train_files"": [""PN00-2.edf"", ""PN00-4.edf""]}]","[""PN00-2.edf"", ""PN00-4.edf"", ""PN00-5.edf""]",PN00,E1_RF,PN00-1.edf,nested
3,3,3,0,0,3,130,6547,30,0,0,6517,1,1,0,0,3,3,21,18,27.5,15,34,0.019947828755562374,55,0.90000000000000002,True,False,"[{""validation_file"": ""PN00-2.edf"", ""train_files"": [""PN00-4.edf"", ""PN00-5.edf""]}, {""validation_file"": ""PN00-4.edf"", ""train_files"": [""PN00-2.edf"", ""PN00-5.edf""]}, {""validation_file"": ""PN00-5.edf"", ""train_files"": [""PN00-2.edf"", ""PN00-4.edf""]}]","[""PN00-2.edf"", ""PN00-4.edf"", ""PN00-5.edf""]",PN00,E1_RF,PN00-1.edf,nested
3,3,3,0,0,3,100,6547,30,0,0,6517,1,1,0,0,3,3,30,28,32,26,34,0.015344483658124904,45,0.94999999999999996,True,False,"[{""validation_file"": ""PN00-2.edf"", ""train_files"": [""PN00-4.edf"", ""PN00-5.edf""]}, {""validation_file"": ""PN00-4.edf"", ""train_files"": [""PN00-2.edf"", ""PN00-5.edf""]}, {""validation_file"": ""PN00-5.edf"", ""train_files"": [""PN00-2.edf"", ""PN00-4.edf""]}]","[""PN00-2.edf"", ""PN00-4.edf"", ""PN00-5.edf""]",PN00,E1_RF,PN00-1.edf,nested
3,0,0,0,0,0,0,6547,30,0,0,6517,0,0,0,3,0,0,,,,,,0,0,1.01,True,False,"[{""validation_file"": ""PN00-2.edf"", ""train_files"": [""PN00-4.edf"", ""PN00-5.edf""]}, {""validation_file"": ""PN00-4.edf"", ""train_files"": [""PN00-2.edf"", ""PN00-5.edf""]}, {""validation_file"": ""PN00-5.edf"", ""train_files"": [""PN00-2.edf"", ""PN00-4.edf""]}]","[""PN00-2.edf"", ""PN00-4.edf"", ""PN00-5.edf""]",PN00,E1_RF,PN00-1.edf,nested
3,1,3,78,0,79,4625,6870,30,0,0,6840,0.33333333333333331,1,41.05263157894737,2,1,1,12,12,12,12,12,0.67616959064327486,610,0.050000000000000003,False,False,"[{""validation_file"": ""PN00-1.edf"", ""train_files"": [""PN00-4.edf"", ""PN00-5.edf""]}, {""validation_file"": ""PN00-4.edf"", ""train_files"": [""PN00-1.edf"", ""PN00-5.edf""]}, {""validation_file"": ""PN00-5.edf"", ""train_files"": [""PN00-1.edf"", ""PN00-4.edf""]}]","[""PN00-1.edf"", ""PN00-4.edf"", ""PN00-5.edf""]",PN00,E1_RF,PN00-2.edf,nested
3,1,3,85,0,86,3720,6870,30,0,0,6840,0.33333333333333331,1,44.736842105263158,2,1,1,12,12,12,12,12,0.54385964912280704,420,0.10000000000000001,False,False,"[{""validation_file"": ""PN00-1.edf"", ""train_files"": [""PN00-4.edf"", ""PN00-5.edf""]}, {""validation_file"": ""PN00-4.edf"", ""train_files"": [""PN00-1.edf"", ""PN00-5.edf""]}, {""validation_file"": ""PN00-5.edf"", ""train_files"": [""PN00-1.edf"", ""PN00-4.edf""]}]","[""PN00-1.edf"", ""PN00-4.edf"", ""PN00-5.edf""]",PN00,E1_RF,PN00-2.edf,nested
3,2,3,85,0,87,2913,6870,30,0,0,6840,0.66666666666666663,1,44.736842105263158,1,2,2,8,6,10,4,12,0.42587719298245613,265,0.14999999999999999,False,False,"[{""validation_file"": ""PN00-1.edf"", ""train_files"": [""PN00-4.edf"", ""PN00-5.edf""]}, {""validation_file"": ""PN00-4.edf"", ""train_files"": [""PN00-1.edf"", ""PN00-5.edf""]}, {""validation_file"": ""PN00-5.edf"", ""train_files"": [""PN00-1.edf"", ""PN00-4.edf""]}]","[""PN00-1.edf"", ""PN00-4.edf"", ""PN00-5.edf""]",PN00,E1_RF,PN00-2.edf,nested
3,2,3,72,0,74,2268,6870,30,0,0,6840,0.66666666666666663,1,37.89473684210526,1,2,2,13,12.5,13.5,12,14,0.33157894736842103,235,0.20000000000000001,False,False,"[{""validation_file"": ""PN00-1.edf"", ""train_files"": [""PN00-4.edf"", ""PN00-5.edf""]}, {""validation_file"": ""PN00-4.edf"", ""train_files"": [""PN00-1.edf"", ""PN00-5.edf""]}, {""validation_file"": ""PN00-5.edf"", ""train_files"": [""PN00-1.edf"", ""PN00-4.edf""]}]","[""PN00-1.edf"", ""PN00-4.edf"", ""PN00-5.edf""]",PN00,E1_RF,PN00-2.edf,nested
3,2,3,70,0,72,2008,6870,30,0,0,6840,0.66666666666666663,1,36.842105263157897,1,2,2,13,12.5,13.5,12,14,0.29356725146198831,235,0.25,False,False,"[{""validation_file"": ""PN00-1.edf"", ""train_files"": [""PN00-4.edf"", ""PN00-5.edf""]}, {""validation_file"": ""PN00-4.edf"", ""train_files"": [""PN00-1.edf"", ""PN00-5.edf""]}, {""validation_file"": ""PN00-5.edf"", ""train_files"": [""PN00-1.edf"", ""PN00-4.edf""]}]","[""PN00-1.edf"", ""PN00-4.edf"", ""PN00-5.edf""]",PN00,E1_RF,PN00-2.edf,nested
3,2,3,60,0,62,1708,6870,30,0,0,6840,0.66666666666666663,1,31.578947368421051,1,2,2,13,12.5,13.5,12,14,0.24970760233918129,175,0.29999999999999999,False,False,"[{""validation_file"": ""PN00-1.edf"", ""train_files"": [""PN00-4.edf"", ""PN00-5.edf""]}, {""validation_file"": ""PN00-4.edf"", ""train_files"": [""PN00-1.edf"", ""PN00-5.edf""]}, {""validation_file"": ""PN00-5.edf"", ""train_files"": [""PN00-1.edf"", ""PN00-4.edf""]}]","[""PN00-1.edf"", ""PN00-4.edf"", ""PN00-5.edf""]",PN00,E1_RF,PN00-2.edf,nested
3,2,3,50,0,52,1518,6870,30,0,0,6840,0.66666666666666663,1,26.315789473684209,1,2,2,13,12.5,13.5,12,14,0.2219298245614035,135,0.34999999999999998,False,False,"[{""validation_file"": ""PN00-1.edf"", ""train_files"": [""PN00-4.edf"", ""PN00-5.edf""]}, {""validation_file"": ""PN00-4.edf"", ""train_files"": [""PN00-1.edf"", ""PN00-5.edf""]}, {""validation_file"": ""PN00-5.edf"", ""train_files"": [""PN00-1.edf"", ""PN00-4.edf""]}]","[""PN00-1.edf"", ""PN00-4.edf"", ""PN00-5.edf""]",PN00,E1_RF,PN00-2.edf,nested
3,2,3,52,0,54,1378,6870,30,0,0,6840,0.66666666666666663,1,27.368421052631579,1,2,2,13,12.5,13.5,12,14,0.20146198830409356,105,0.40000000000000002,False,False,"[{""validation_file"": ""PN00-1.edf"", ""train_files"": [""PN00-4.edf"", ""PN00-5.edf""]}, {""validation_file"": ""PN00-4.edf"", ""train_files"": [""PN00-1.edf"", ""PN00-5.edf""]}, {""validation_file"": ""PN00-5.edf"", ""train_files"": [""PN00-1.edf"", ""PN00-4.edf""]}]","[""PN00-1.edf"", ""PN00-4.edf"", ""PN00-5.edf""]",PN00,E1_RF,PN00-2.edf,nested
3,2,3,48,0,50,1253,6870,30,0,0,6840,0.66666666666666663,1,25.263157894736842,1,2,2,13,12.5,13.5,12,14,0.18318713450292398,90,0.45000000000000001,False,False,"[{""validation_file"": ""PN00-1.edf"", ""train_files"": [""PN00-4.edf"", ""PN00-5.edf""]}, {""validation_file"": ""PN00-4.edf"", ""train_files"": [""PN00-1.edf"", ""PN00-5.edf""]}, {""validation_file"": ""PN00-5.edf"", ""train_files"": [""PN00-1.edf"", ""PN00-4.edf""]}]","[""PN00-1.edf"", ""PN00-4.edf"", ""PN00-5.edf""]",PN00,E1_RF,PN00-2.edf,nested
3,2,3,38,0,40,1028,6870,30,0,0,6840,0.66666666666666663,1,20,1,2,2,15.5,14.75,16.25,14,17,0.15029239766081873,90,0.5,False,False,"[{""validation_file"": ""PN00-1.edf"", ""train_files"": [""PN00-4.edf"", ""PN00-5.edf""]}, {""validation_file"": ""PN00-4.edf"", ""train_files"": [""PN00-1.edf"", ""PN00-5.edf""]}, {""validation_file"": ""PN00-5.edf"", ""train_files"": [""PN00-1.edf"", ""PN00-4.edf""]}]","[""PN00-1.edf"", ""PN00-4.edf"", ""PN00-5.edf""]",PN00,E1_RF,PN00-2.edf,nested
3,3,3,35,0,38,798,6870,30,0,0,6840,1,1,18.421052631578949,0,3,3,14,7.5,15.5,1,17,0.11666666666666667,80,0.55000000000000004,False,False,"[{""validation_file"": ""PN00-1.edf"", ""train_files"": [""PN00-4.edf"", ""PN00-5.edf""]}, {""validation_file"": ""PN00-4.edf"", ""train_files"": [""PN00-1.edf"", ""PN00-5.edf""]}, {""validation_file"": ""PN00-5.edf"", ""train_files"": [""PN00-1.edf"", ""PN00-4.edf""]}]","[""PN00-1.edf"", ""PN00-4.edf"", ""PN00-5.edf""]",PN00,E1_RF,PN00-2.edf,nested
3,3,3,19,0,22,493,6870,30,0,0,6840,1,1,10,0,3,3,17,9,18,1,19,0.072076023391812863,80,0.59999999999999998,False,False,"[{""validation_file"": ""PN00-1.edf"", ""train_files"": [""PN00-4.edf"", ""PN00-5.edf""]}, {""validation_file"": ""PN00-4.edf"", ""train_files"": [""PN00-1.edf"", ""PN00-5.edf""]}, {""validation_file"": ""PN00-5.edf"", ""train_files"": [""PN00-1.edf"", ""PN00-4.edf""]}]","[""PN00-1.edf"", ""PN00-4.edf"", ""PN00-5.edf""]",PN00,E1_RF,PN00-2.edf,nested
3,3,3,7,0,10,330,6870,30,0,0,6840,1,1,3.6842105263157894,0,3,3,17,11.5,18,6,19,0.048245614035087717,75,0.65000000000000002,False,False,"[{""validation_file"": ""PN00-1.edf"", ""train_files"": [""PN00-4.edf"", ""PN00-5.edf""]}, {""validation_file"": ""PN00-4.edf"", ""train_files"": [""PN00-1.edf"", ""PN00-5.edf""]}, {""validation_file"": ""PN00-5.edf"", ""train_files"": [""PN00-1.edf"", ""PN00-4.edf""]}]","[""PN00-1.edf"", ""PN00-4.edf"", ""PN00-5.edf""]",PN00,E1_RF,PN00-2.edf,nested
3,3,3,4,0,7,270,6870,30,0,0,6840,1,1,2.1052631578947367,0,3,3,19,12.5,20.5,6,22,0.039473684210526314,75,0.69999999999999996,False,False,"[{""validation_file"": ""PN00-1.edf"", ""train_files"": [""PN00-4.edf"", ""PN00-5.edf""]}, {""validation_file"": ""PN00-4.edf"", ""train_files"": [""PN00-1.edf"", ""PN00-5.edf""]}, {""validation_file"": ""PN00-5.edf"", ""train_files"": [""PN00-1.edf"", ""PN00-4.edf""]}]","[""PN00-1.edf"", ""PN00-4.edf"", ""PN00-5.edf""]",PN00,E1_RF,PN00-2.edf,nested
3,3,3,3,0,6,215,6870,30,0,0,6840,1,1,1.5789473684210527,0,3,3,19,17.5,20.5,16,22,0.031432748538011694,65,0.75,False,False,"[{""validation_file"": ""PN00-1.edf"", ""train_files"": [""PN00-4.edf"", ""PN00-5.edf""]}, {""validation_file"": ""PN00-4.edf"", ""train_files"": [""PN00-1.edf"", ""PN00-5.edf""]}, {""validation_file"": ""PN00-5.edf"", ""train_files"": [""PN00-1.edf"", ""PN00-4.edf""]}]","[""PN00-1.edf"", ""PN00-4.edf"", ""PN00-5.edf""]",PN00,E1_RF,PN00-2.edf,nested
3,3,3,2,0,5,175,6870,30,0,0,6840,1,1,1.0526315789473684,0,3,3,22,19,23,16,24,0.025584795321637425,65,0.80000000000000004,False,False,"[{""validation_file"": ""PN00-1.edf"", ""train_files"": [""PN00-4.edf"", ""PN00-5.edf""]}, {""validation_file"": ""PN00-4.edf"", ""train_files"": [""PN00-1.edf"", ""PN00-5.edf""]}, {""validation_file"": ""PN00-5.edf"", ""train_files"": [""PN00-1.edf"", ""PN00-4.edf""]}]","[""PN00-1.edf"", ""PN00-4.edf"", ""PN00-5.edf""]",PN00,E1_RF,PN00-2.edf,nested
3,3,3,3,1,6,150,6870,30,0,0,6840,1,1,1.5789473684210527,0,3,3,22,19,25.5,16,29,0.021929824561403508,60,0.84999999999999998,False,False,"[{""validation_file"": ""PN00-1.edf"", ""train_files"": [""PN00-4.edf"", ""PN00-5.edf""]}, {""validation_file"": ""PN00-4.edf"", ""train_files"": [""PN00-1.edf"", ""PN00-5.edf""]}, {""validation_file"": ""PN00-5.edf"", ""train_files"": [""PN00-1.edf"", ""PN00-4.edf""]}]","[""PN00-1.edf"", ""PN00-4.edf"", ""PN00-5.edf""]",PN00,E1_RF,PN00-2.edf,nested
3,3,3,0,0,3,105,6870,30,0,0,6840,1,1,0,0,3,3,29,25,33,21,37,0.015350877192982455,50,0.90000000000000002,True,True,"[{""validation_file"": ""PN00-1.edf"", ""train_files"": [""PN00-4.edf"", ""PN00-5.edf""]}, {""validation_file"": ""PN00-4.edf"", ""train_files"": [""PN00-1.edf"", ""PN00-5.edf""]}, {""validation_file"": ""PN00-5.edf"", ""train_files"": [""PN00-1.edf"", ""PN00-4.edf""]}]","[""PN00-1.edf"", ""PN00-4.edf"", ""PN00-5.edf""]",PN00,E1_RF,PN00-2.edf,nested
3,3,3,1,1,4,85,6870,30,0,0,6840,1,1,0.52631578947368418,0,3,3,29,27.5,33,26,37,0.012426900584795321,30,0.94999999999999996,True,False,"[{""validation_file"": ""PN00-1.edf"", ""train_files"": [""PN00-4.edf"", ""PN00-5.edf""]}, {""validation_file"": ""PN00-4.edf"", ""train_files"": [""PN00-1.edf"", ""PN00-5.edf""]}, {""validation_file"": ""PN00-5.edf"", ""train_files"": [""PN00-1.edf"", ""PN00-4.edf""]}]","[""PN00-1.edf"", ""PN00-4.edf"", ""PN00-5.edf""]",PN00,E1_RF,PN00-2.edf,nested
3,0,0,0,0,0,0,6870,30,0,0,6840,0,0,0,3,0,0,,,,,,0,0,1.01,True,False,"[{""validation_file"": ""PN00-1.edf"", ""train_files"": [""PN00-4.edf"", ""PN00-5.edf""]}, {""validation_file"": ""PN00-4.edf"", ""train_files"": [""PN00-1.edf"", ""PN00-5.edf""]}, {""validation_file"": ""PN00-5.edf"", ""train_files"": [""PN00-1.edf"", ""PN00-4.edf""]}]","[""PN00-1.edf"", ""PN00-4.edf"", ""PN00-5.edf""]",PN00,E1_RF,PN00-2.edf,nested
3,0,3,84,0,84,4673,7070,30,0,0,7040,0,1,42.954545454545453,3,0,0,,,,,,0.66377840909090913,410,0.050000000000000003,False,False,"[{""validation_file"": ""PN00-1.edf"", ""train_files"": [""PN00-2.edf"", ""PN00-5.edf""]}, {""validation_file"": ""PN00-2.edf"", ""train_files"": [""PN00-1.edf"", ""PN00-5.edf""]}, {""validation_file"": ""PN00-5.edf"", ""train_files"": [""PN00-1.edf"", ""PN00-2.edf""]}]","[""PN00-1.edf"", ""PN00-2.edf"", ""PN00-5.edf""]",PN00,E1_RF,PN00-4.edf,nested
3,2,3,103,0,105,3173,7070,30,0,0,7040,0.66666666666666663,1,52.670454545454547,1,2,2,6.5,3.75,9.25,1,12,0.45071022727272725,305,0.10000000000000001,False,False,"[{""validation_file"": ""PN00-1.edf"", ""train_files"": [""PN00-2.edf"", ""PN00-5.edf""]}, {""validation_file"": ""PN00-2.edf"", ""train_files"": [""PN00-1.edf"", ""PN00-5.edf""]}, {""validation_file"": ""PN00-5.edf"", ""train_files"": [""PN00-1.edf"", ""PN00-2.edf""]}]","[""PN00-1.edf"", ""PN00-2.edf"", ""PN00-5.edf""]",PN00,E1_RF,PN00-4.edf,nested
3,2,3,87,0,89,2573,7070,30,0,0,7040,0.66666666666666663,1,44.488636363636367,1,2,2,6.5,3.75,9.25,1,12,0.36548295454545454,300,0.14999999999999999,False,False,"[{""validation_file"": ""PN00-1.edf"", ""train_files"": [""PN00-2.edf"", ""PN00-5.edf""]}, {""validation_file"": ""PN00-2.edf"", ""train_files"": [""PN00-1.edf"", ""PN00-5.edf""]}, {""validation_file"": ""PN00-5.edf"", ""train_files"": [""PN00-1.edf"", ""PN00-2.edf""]}]","[""PN00-1.edf"", ""PN00-2.edf"", ""PN00-5.edf""]",PN00,E1_RF,PN00-4.edf,nested
3,2,3,81,0,83,2048,7070,30,0,0,7040,0.66666666666666663,1,41.420454545454547,1,2,2,6.5,3.75,9.25,1,12,0.29090909090909089,295,0.20000000000000001,False,False,"[{""validation_file"": ""PN00-1.edf"", ""train_files"": [""PN00-2.edf"", ""PN00-5.edf""]}, {""validation_file"": ""PN00-2.edf"", ""train_files"": [""PN00-1.edf"", ""PN00-5.edf""]}, {""validation_file"": ""PN00-5.edf"", ""train_files"": [""PN00-1.edf"", ""PN00-2.edf""]}]","[""PN00-1.edf"", ""PN00-2.edf"", ""PN00-5.edf""]",PN00,E1_RF,PN00-4.edf,nested
3,3,3,62,0,65,1570,7070,30,0,0,7040,1,1,31.704545454545453,0,3,3,1,0.5,6.5,0,12,0.22301136363636365,295,0.25,False,False,"[{""validation_file"": ""PN00-1.edf"", ""train_files"": [""PN00-2.edf"", ""PN00-5.edf""]}, {""validation_file"": ""PN00-2.edf"", ""train_files"": [""PN00-1.edf"", ""PN00-5.edf""]}, {""validation_file"": ""PN00-5.edf"", ""train_files"": [""PN00-1.edf"", ""PN00-2.edf""]}]","[""PN00-1.edf"", ""PN00-2.edf"", ""PN00-5.edf""]",PN00,E1_RF,PN00-4.edf,nested
3,3,3,43,0,46,1255,7070,30,0,0,7040,1,1,21.988636363636363,0,3,3,1,0.5,6.5,0,12,0.17826704545454544,295,0.29999999999999999,False,False,"[{""validation_file"": ""PN00-1.edf"", ""train_files"": [""PN00-2.edf"", ""PN00-5.edf""]}, {""validation_file"": ""PN00-2.edf"", ""train_files"": [""PN00-1.edf"", ""PN00-5.edf""]}, {""validation_file"": ""PN00-5.edf"", ""train_files"": [""PN00-1.edf"", ""PN00-2.edf""]}]","[""PN00-1.edf"", ""PN00-2.edf"", ""PN00-5.edf""]",PN00,E1_RF,PN00-4.edf,nested
3,3,3,33,0,36,1065,7070,30,0,0,7040,1,1,16.875,0,3,3,1,0.5,6.5,0,12,0.15127840909090909,295,0.34999999999999998,False,False,"[{""validation_file"": ""PN00-1.edf"", ""train_files"": [""PN00-2.edf"", ""PN00-5.edf""]}, {""validation_file"": ""PN00-2.edf"", ""train_files"": [""PN00-1.edf"", ""PN00-5.edf""]}, {""validation_file"": ""PN00-5.edf"", ""train_files"": [""PN00-1.edf"", ""PN00-2.edf""]}]","[""PN00-1.edf"", ""PN00-2.edf"", ""PN00-5.edf""]",PN00,E1_RF,PN00-4.edf,nested
3,3,3,29,0,32,880,7070,30,0,0,7040,1,1,14.829545454545455,0,3,3,5,3,8.5,1,12,0.125,110,0.40000000000000002,False,False,"[{""validation_file"": ""PN00-1.edf"", ""train_files"": [""PN00-2.edf"", ""PN00-5.edf""]}, {""validation_file"": ""PN00-2.edf"", ""train_files"": [""PN00-1.edf"", ""PN00-5.edf""]}, {""validation_file"": ""PN00-5.edf"", ""train_files"": [""PN00-1.edf"", ""PN00-2.edf""]}]","[""PN00-1.edf"", ""PN00-2.edf"", ""PN00-5.edf""]",PN00,E1_RF,PN00-4.edf,nested
3,3,3,26,0,29,750,7070,30,0,0,7040,1,1,13.295454545454545,0,3,3,5,3,8.5,1,12,0.10653409090909091,100,0.45000000000000001,False,False,"[{""validation_file"": ""PN00-1.edf"", ""train_files"": [""PN00-2.edf"", ""PN00-5.edf""]}, {""validation_file"": ""PN00-2.edf"", ""train_files"": [""PN00-1.edf"", ""PN00-5.edf""]}, {""validation_file"": ""PN00-5.edf"", ""train_files"": [""PN00-1.edf"", ""PN00-2.edf""]}]","[""PN00-1.edf"", ""PN00-2.edf"", ""PN00-5.edf""]",PN00,E1_RF,PN00-4.edf,nested
3,3,3,16,0,19,555,7070,30,0,0,7040,1,1,8.1818181818181817,0,3,3,11,8,11.5,5,12,0.078835227272727279,100,0.5,False,False,"[{""validation_file"": ""PN00-1.edf"", ""train_files"": [""PN00-2.edf"", ""PN00-5.edf""]}, {""validation_file"": ""PN00-2.edf"", ""train_files"": [""PN00-1.edf"", ""PN00-5.edf""]}, {""validation_file"": ""PN00-5.edf"", ""train_files"": [""PN00-1.edf"", ""PN00-2.edf""]}]","[""PN00-1.edf"", ""PN00-2.edf"", ""PN00-5.edf""]",PN00,E1_RF,PN00-4.edf,nested
3,3,3,10,0,13,400,7070,30,0,0,7040,1,1,5.1136363636363633,0,3,3,12,8.5,14,5,16,0.056818181818181816,70,0.55000000000000004,False,False,"[{""validation_file"": ""PN00-1.edf"", ""train_files"": [""PN00-2.edf"", ""PN00-5.edf""]}, {""validation_file"": ""PN00-2.edf"", ""train_files"": [""PN00-1.edf"", ""PN00-5.edf""]}, {""validation_file"": ""PN00-5.edf"", ""train_files"": [""PN00-1.edf"", ""PN00-2.edf""]}]","[""PN00-1.edf"", ""PN00-2.edf"", ""PN00-5.edf""]",PN00,E1_RF,PN00-4.edf,nested
3,3,3,9,0,12,325,7070,30,0,0,7040,1,1,4.6022727272727275,0,3,3,16,10.5,16.5,5,17,0.046164772727272728,70,0.59999999999999998,False,False,"[{""validation_file"": ""PN00-1.edf"", ""train_files"": [""PN00-2.edf"", ""PN00-5.edf""]}, {""validation_file"": ""PN00-2.edf"", ""train_files"": [""PN00-1.edf"", ""PN00-5.edf""]}, {""validation_file"": ""PN00-5.edf"", ""train_files"": [""PN00-1.edf"", ""PN00-2.edf""]}]","[""PN00-1.edf"", ""PN00-2.edf"", ""PN00-5.edf""]",PN00,E1_RF,PN00-4.edf,nested
3,3,3,7,0,10,285,7070,30,0,0,7040,1,1,3.5795454545454546,0,3,3,16,10.5,16.5,5,17,0.040482954545454544,70,0.65000000000000002,False,False,"[{""validation_file"": ""PN00-1.edf"", ""train_files"": [""PN00-2.edf"", ""PN00-5.edf""]}, {""validation_file"": ""PN00-2.edf"", ""train_files"": [""PN00-1.edf"", ""PN00-5.edf""]}, {""validation_file"": ""PN00-5.edf"", ""train_files"": [""PN00-1.edf"", ""PN00-2.edf""]}]","[""PN00-1.edf"", ""PN00-2.edf"", ""PN00-5.edf""]",PN00,E1_RF,PN00-4.edf,nested
3,3,3,5,0,8,240,7070,30,0,0,7040,1,1,2.5568181818181817,0,3,3,16,15.5,19,15,22,0.034090909090909088,65,0.69999999999999996,False,False,"[{""validation_file"": ""PN00-1.edf"", ""train_files"": [""PN00-2.edf"", ""PN00-5.edf""]}, {""validation_file"": ""PN00-2.edf"", ""train_files"": [""PN00-1.edf"", ""PN00-5.edf""]}, {""validation_file"": ""PN00-5.edf"", ""train_files"": [""PN00-1.edf"", ""PN00-2.edf""]}]","[""PN00-1.edf"", ""PN00-2.edf"", ""PN00-5.edf""]",PN00,E1_RF,PN00-4.edf,nested
3,3,3,0,0,3,180,7070,30,0,0,7040,1,1,0,0,3,3,20,18,21,16,22,0.02556818181818182,65,0.75,True,False,"[{""validation_file"": ""PN00-1.edf"", ""train_files"": [""PN00-2.edf"", ""PN00-5.edf""]}, {""validation_file"": ""PN00-2.edf"", ""train_files"": [""PN00-1.edf"", ""PN00-5.edf""]}, {""validation_file"": ""PN00-5.edf"", ""train_files"": [""PN00-1.edf"", ""PN00-2.edf""]}]","[""PN00-1.edf"", ""PN00-2.edf"", ""PN00-5.edf""]",PN00,E1_RF,PN00-4.edf,nested
3,3,3,0,0,3,175,7070,30,0,0,7040,1,1,0,0,3,3,20,18,21,16,22,0.024857954545454544,65,0.80000000000000004,True,False,"[{""validation_file"": ""PN00-1.edf"", ""train_files"": [""PN00-2.edf"", ""PN00-5.edf""]}, {""validation_file"": ""PN00-2.edf"", ""train_files"": [""PN00-1.edf"", ""PN00-5.edf""]}, {""validation_file"": ""PN00-5.edf"", ""train_files"": [""PN00-1.edf"", ""PN00-2.edf""]}]","[""PN00-1.edf"", ""PN00-2.edf"", ""PN00-5.edf""]",PN00,E1_RF,PN00-4.edf,nested
3,3,3,0,0,3,170,7070,30,0,0,7040,1,1,0,0,3,3,20,18,21,16,22,0.024147727272727272,65,0.84999999999999998,True,True,"[{""validation_file"": ""PN00-1.edf"", ""train_files"": [""PN00-2.edf"", ""PN00-5.edf""]}, {""validation_file"": ""PN00-2.edf"", ""train_files"": [""PN00-1.edf"", ""PN00-5.edf""]}, {""validation_file"": ""PN00-5.edf"", ""train_files"": [""PN00-1.edf"", ""PN00-2.edf""]}]","[""PN00-1.edf"", ""PN00-2.edf"", ""PN00-5.edf""]",PN00,E1_RF,PN00-4.edf,nested
3,3,3,1,1,4,150,7070,30,0,0,7040,1,1,0.51136363636363635,0,3,3,20,18,21,16,22,0.02130681818181818,60,0.90000000000000002,True,False,"[{""validation_file"": ""PN00-1.edf"", ""train_files"": [""PN00-2.edf"", ""PN00-5.edf""]}, {""validation_file"": ""PN00-2.edf"", ""train_files"": [""PN00-1.edf"", ""PN00-5.edf""]}, {""validation_file"": ""PN00-5.edf"", ""train_files"": [""PN00-1.edf"", ""PN00-2.edf""]}]","[""PN00-1.edf"", ""PN00-2.edf"", ""PN00-5.edf""]",PN00,E1_RF,PN00-4.edf,nested
3,3,3,2,2,5,110,7070,30,0,0,7040,1,1,1.0227272727272727,0,3,3,21,20.5,21.5,20,22,0.015625,45,0.94999999999999996,False,False,"[{""validation_file"": ""PN00-1.edf"", ""train_files"": [""PN00-2.edf"", ""PN00-5.edf""]}, {""validation_file"": ""PN00-2.edf"", ""train_files"": [""PN00-1.edf"", ""PN00-5.edf""]}, {""validation_file"": ""PN00-5.edf"", ""train_files"": [""PN00-1.edf"", ""PN00-2.edf""]}]","[""PN00-1.edf"", ""PN00-2.edf"", ""PN00-5.edf""]",PN00,E1_RF,PN00-4.edf,nested
3,0,0,0,0,0,0,7070,30,0,0,7040,0,0,0,3,0,0,,,,,,0,0,1.01,True,False,"[{""validation_file"": ""PN00-1.edf"", ""train_files"": [""PN00-2.edf"", ""PN00-5.edf""]}, {""validation_file"": ""PN00-2.edf"", ""train_files"": [""PN00-1.edf"", ""PN00-5.edf""]}, {""validation_file"": ""PN00-5.edf"", ""train_files"": [""PN00-1.edf"", ""PN00-2.edf""]}]","[""PN00-1.edf"", ""PN00-2.edf"", ""PN00-5.edf""]",PN00,E1_RF,PN00-4.edf,nested
3,1,3,69,0,70,4974,7029,30,0,0,6999,0.33333333333333331,1,35.490784397771108,2,1,1,12,12,12,12,12,0.7106729532790399,2292,0.050000000000000003,False,False,"[{""validation_file"": ""PN00-1.edf"", ""train_files"": [""PN00-2.edf"", ""PN00-4.edf""]}, {""validation_file"": ""PN00-2.edf"", ""train_files"": [""PN00-1.edf"", ""PN00-4.edf""]}, {""validation_file"": ""PN00-4.edf"", ""train_files"": [""PN00-1.edf"", ""PN00-2.edf""]}]","[""PN00-1.edf"", ""PN00-2.edf"", ""PN00-4.edf""]",PN00,E1_RF,PN00-5.edf,nested
3,1,3,82,0,83,4244,7029,30,0,0,6999,0.33333333333333331,1,42.177453921988857,2,1,1,12,12,12,12,12,0.60637233890555797,1520,0.10000000000000001,False,False,"[{""validation_file"": ""PN00-1.edf"", ""train_files"": [""PN00-2.edf"", ""PN00-4.edf""]}, {""validation_file"": ""PN00-2.edf"", ""train_files"": [""PN00-1.edf"", ""PN00-4.edf""]}, {""validation_file"": ""PN00-4.edf"", ""train_files"": [""PN00-1.edf"", ""PN00-2.edf""]}]","[""PN00-1.edf"", ""PN00-2.edf"", ""PN00-4.edf""]",PN00,E1_RF,PN00-5.edf,nested
3,2,3,86,0,88,3392,7029,30,0,0,6999,0.66666666666666663,1,44.234890698671236,1,2,2,8,6,10,4,12,0.48464066295185027,980,0.14999999999999999,False,False,"[{""validation_file"": ""PN00-1.edf"", ""train_files"": [""PN00-2.edf"", ""PN00-4.edf""]}, {""validation_file"": ""PN00-2.edf"", ""train_files"": [""PN00-1.edf"", ""PN00-4.edf""]}, {""validation_file"": ""PN00-4.edf"", ""train_files"": [""PN00-1.edf"", ""PN00-2.edf""]}]","[""PN00-1.edf"", ""PN00-2.edf"", ""PN00-4.edf""]",PN00,E1_RF,PN00-5.edf,nested
3,2,3,64,0,66,2760,7029,30,0,0,6999,0.66666666666666663,1,32.918988426918133,1,2,2,8,6,10,4,12,0.39434204886412344,845,0.20000000000000001,False,False,"[{""validation_file"": ""PN00-1.edf"", ""train_files"": [""PN00-2.edf"", ""PN00-4.edf""]}, {""validation_file"": ""PN00-2.edf"", ""train_files"": [""PN00-1.edf"", ""PN00-4.edf""]}, {""validation_file"": ""PN00-4.edf"", ""train_files"": [""PN00-1.edf"", ""PN00-2.edf""]}]","[""PN00-1.edf"", ""PN00-2.edf"", ""PN00-4.edf""]",PN00,E1_RF,PN00-5.edf,nested
3,2,3,58,0,60,2435,7029,30,0,0,6999,0.66666666666666663,1,29.832833261894557,1,2,2,13,12.5,13.5,12,14,0.34790684383483356,845,0.25,False,False,"[{""validation_file"": ""PN00-1.edf"", ""train_files"": [""PN00-2.edf"", ""PN00-4.edf""]}, {""validation_file"": ""PN00-2.edf"", ""train_files"": [""PN00-1.edf"", ""PN00-4.edf""]}, {""validation_file"": ""PN00-4.edf"", ""train_files"": [""PN00-1.edf"", ""PN00-2.edf""]}]","[""PN00-1.edf"", ""PN00-2.edf"", ""PN00-4.edf""]",PN00,E1_RF,PN00-5.edf,nested
3,2,3,56,0,58,2160,7029,30,0,0,6999,0.66666666666666663,1,28.804114873553363,1,2,2,13,12.5,13.5,12,14,0.30861551650235747,495,0.29999999999999999,False,False,"[{""validation_file"": ""PN00-1.edf"", ""train_files"": [""PN00-2.edf"", ""PN00-4.edf""]}, {""validation_file"": ""PN00-2.edf"", ""train_files"": [""PN00-1.edf"", ""PN00-4.edf""]}, {""validation_file"": ""PN00-4.edf"", ""train_files"": [""PN00-1.edf"", ""PN00-2.edf""]}]","[""PN00-1.edf"", ""PN00-2.edf"", ""PN00-4.edf""]",PN00,E1_RF,PN00-5.edf,nested
3,2,3,46,0,48,1955,7029,30,0,0,6999,0.66666666666666663,1,23.660522931847407,1,2,2,13,12.5,13.5,12,14,0.27932561794542077,490,0.34999999999999998,False,False,"[{""validation_file"": ""PN00-1.edf"", ""train_files"": [""PN00-2.edf"", ""PN00-4.edf""]}, {""validation_file"": ""PN00-2.edf"", ""train_files"": [""PN00-1.edf"", ""PN00-4.edf""]}, {""validation_file"": ""PN00-4.edf"", ""train_files"": [""PN00-1.edf"", ""PN00-2.edf""]}]","[""PN00-1.edf"", ""PN00-2.edf"", ""PN00-4.edf""]",PN00,E1_RF,PN00-5.edf,nested
3,2,3,40,0,42,1765,7029,30,0,0,6999,0.66666666666666663,1,20.574367766823833,1,2,2,13,12.5,13.5,12,14,0.25217888269752819,400,0.40000000000000002,False,False,"[{""validation_file"": ""PN00-1.edf"", ""train_files"": [""PN00-2.edf"", ""PN00-4.edf""]}, {""validation_file"": ""PN00-2.edf"", ""train_files"": [""PN00-1.edf"", ""PN00-4.edf""]}, {""validation_file"": ""PN00-4.edf"", ""train_files"": [""PN00-1.edf"", ""PN00-2.edf""]}]","[""PN00-1.edf"", ""PN00-2.edf"", ""PN00-4.edf""]",PN00,E1_RF,PN00-5.edf,nested
3,2,3,35,0,37,1650,7029,30,0,0,6999,0.66666666666666663,1,18.002571795970852,1,2,2,13,12.5,13.5,12,14,0.2357479639948564,400,0.45000000000000001,False,False,"[{""validation_file"": ""PN00-1.edf"", ""train_files"": [""PN00-2.edf"", ""PN00-4.edf""]}, {""validation_file"": ""PN00-2.edf"", ""train_files"": [""PN00-1.edf"", ""PN00-4.edf""]}, {""validation_file"": ""PN00-4.edf"", ""train_files"": [""PN00-1.edf"", ""PN00-2.edf""]}]","[""PN00-1.edf"", ""PN00-2.edf"", ""PN00-4.edf""]",PN00,E1_RF,PN00-5.edf,nested
3,2,3,43,0,45,1415,7029,30,0,0,6999,0.66666666666666663,1,22.117445349335618,1,2,2,15.5,14.75,16.25,14,17,0.20217173881983141,150,0.5,False,False,"[{""validation_file"": ""PN00-1.edf"", ""train_files"": [""PN00-2.edf"", ""PN00-4.edf""]}, {""validation_file"": ""PN00-2.edf"", ""train_files"": [""PN00-1.edf"", ""PN00-4.edf""]}, {""validation_file"": ""PN00-4.edf"", ""train_files"": [""PN00-1.edf"", ""PN00-2.edf""]}]","[""PN00-1.edf"", ""PN00-2.edf"", ""PN00-4.edf""]",PN00,E1_RF,PN00-5.edf,nested
3,2,3,37,1,39,1050,7029,30,0,0,6999,0.66666666666666663,1,19.031290184312045,1,2,2,18,17.5,18.5,17,19,0.15002143163309045,90,0.55000000000000004,False,False,"[{""validation_file"": ""PN00-1.edf"", ""train_files"": [""PN00-2.edf"", ""PN00-4.edf""]}, {""validation_file"": ""PN00-2.edf"", ""train_files"": [""PN00-1.edf"", ""PN00-4.edf""]}, {""validation_file"": ""PN00-4.edf"", ""train_files"": [""PN00-1.edf"", ""PN00-2.edf""]}]","[""PN00-1.edf"", ""PN00-2.edf"", ""PN00-4.edf""]",PN00,E1_RF,PN00-5.edf,nested
3,3,3,25,1,28,660,7029,30,0,0,6999,1,1,12.858979854264895,0,3,3,19,14.5,20.5,10,22,0.094299185597942564,65,0.59999999999999998,False,False,"[{""validation_file"": ""PN00-1.edf"", ""train_files"": [""PN00-2.edf"", ""PN00-4.edf""]}, {""validation_file"": ""PN00-2.edf"", ""train_files"": [""PN00-1.edf"", ""PN00-4.edf""]}, {""validation_file"": ""PN00-4.edf"", ""train_files"": [""PN00-1.edf"", ""PN00-2.edf""]}]","[""PN00-1.edf"", ""PN00-2.edf"", ""PN00-4.edf""]",PN00,E1_RF,PN00-5.edf,nested
3,3,3,10,1,13,310,7029,30,0,0,6999,1,1,5.1435919417059583,0,3,3,22,16,23,10,24,0.044292041720245749,65,0.65000000000000002,False,False,"[{""validation_file"": ""PN00-1.edf"", ""train_files"": [""PN00-2.edf"", ""PN00-4.edf""]}, {""validation_file"": ""PN00-2.edf"", ""train_files"": [""PN00-1.edf"", ""PN00-4.edf""]}, {""validation_file"": ""PN00-4.edf"", ""train_files"": [""PN00-1.edf"", ""PN00-2.edf""]}]","[""PN00-1.edf"", ""PN00-2.edf"", ""PN00-4.edf""]",PN00,E1_RF,PN00-5.edf,nested
3,3,3,8,2,11,230,7029,30,0,0,6999,1,1,4.1148735533647667,0,3,3,22,18.5,23,15,24,0.032861837405343618,60,0.69999999999999996,False,False,"[{""validation_file"": ""PN00-1.edf"", ""train_files"": [""PN00-2.edf"", ""PN00-4.edf""]}, {""validation_file"": ""PN00-2.edf"", ""train_files"": [""PN00-1.edf"", ""PN00-4.edf""]}, {""validation_file"": ""PN00-4.edf"", ""train_files"": [""PN00-1.edf"", ""PN00-2.edf""]}]","[""PN00-1.edf"", ""PN00-2.edf"", ""PN00-4.edf""]",PN00,E1_RF,PN00-5.edf,nested
3,3,3,4,1,7,185,7029,30,0,0,6999,1,1,2.0574367766823833,0,3,3,24,19.5,30.5,15,37,0.026432347478211174,60,0.75,False,False,"[{""validation_file"": ""PN00-1.edf"", ""train_files"": [""PN00-2.edf"", ""PN00-4.edf""]}, {""validation_file"": ""PN00-2.edf"", ""train_files"": [""PN00-1.edf"", ""PN00-4.edf""]}, {""validation_file"": ""PN00-4.edf"", ""train_files"": [""PN00-1.edf"", ""PN00-2.edf""]}]","[""PN00-1.edf"", ""PN00-2.edf"", ""PN00-4.edf""]",PN00,E1_RF,PN00-5.edf,nested
3,3,3,3,1,6,160,7029,30,0,0,6999,1,1,1.5430775825117875,0,3,3,29,22,33,15,37,0.022860408629804256,55,0.80000000000000004,False,False,"[{""validation_file"": ""PN00-1.edf"", ""train_files"": [""PN00-2.edf"", ""PN00-4.edf""]}, {""validation_file"": ""PN00-2.edf"", ""train_files"": [""PN00-1.edf"", ""PN00-4.edf""]}, {""validation_file"": ""PN00-4.edf"", ""train_files"": [""PN00-1.edf"", ""PN00-2.edf""]}]","[""PN00-1.edf"", ""PN00-2.edf"", ""PN00-4.edf""]",PN00,E1_RF,PN00-5.edf,nested
3,3,3,0,0,3,115,7029,30,0,0,6999,1,1,0,0,3,3,29,24.5,33,20,37,0.016430918702671809,45,0.84999999999999998,True,False,"[{""validation_file"": ""PN00-1.edf"", ""train_files"": [""PN00-2.edf"", ""PN00-4.edf""]}, {""validation_file"": ""PN00-2.edf"", ""train_files"": [""PN00-1.edf"", ""PN00-4.edf""]}, {""validation_file"": ""PN00-4.edf"", ""train_files"": [""PN00-1.edf"", ""PN00-2.edf""]}]","[""PN00-1.edf"", ""PN00-2.edf"", ""PN00-4.edf""]",PN00,E1_RF,PN00-5.edf,nested
3,3,3,0,0,3,110,7029,30,0,0,6999,1,1,0,0,3,3,29,24.5,33,20,37,0.015716530932990427,45,0.90000000000000002,True,True,"[{""validation_file"": ""PN00-1.edf"", ""train_files"": [""PN00-2.edf"", ""PN00-4.edf""]}, {""validation_file"": ""PN00-2.edf"", ""train_files"": [""PN00-1.edf"", ""PN00-4.edf""]}, {""validation_file"": ""PN00-4.edf"", ""train_files"": [""PN00-1.edf"", ""PN00-2.edf""]}]","[""PN00-1.edf"", ""PN00-2.edf"", ""PN00-4.edf""]",PN00,E1_RF,PN00-5.edf,nested
3,3,3,0,0,3,90,7029,30,0,0,6999,1,1,0,0,3,3,34,29.5,35.5,25,37,0.012858979854264894,40,0.94999999999999996,True,False,"[{""validation_file"": ""PN00-1.edf"", ""train_files"": [""PN00-2.edf"", ""PN00-4.edf""]}, {""validation_file"": ""PN00-2.edf"", ""train_files"": [""PN00-1.edf"", ""PN00-4.edf""]}, {""validation_file"": ""PN00-4.edf"", ""train_files"": [""PN00-1.edf"", ""PN00-2.edf""]}]","[""PN00-1.edf"", ""PN00-2.edf"", ""PN00-4.edf""]",PN00,E1_RF,PN00-5.edf,nested
3,0,0,0,0,0,0,7029,30,0,0,6999,0,0,0,3,0,0,,,,,,0,0,1.01,True,False,"[{""validation_file"": ""PN00-1.edf"", ""train_files"": [""PN00-2.edf"", ""PN00-4.edf""]}, {""validation_file"": ""PN00-2.edf"", ""train_files"": [""PN00-1.edf"", ""PN00-4.edf""]}, {""validation_file"": ""PN00-4.edf"", ""train_files"": [""PN00-1.edf"", ""PN00-2.edf""]}]","[""PN00-1.edf"", ""PN00-2.edf"", ""PN00-4.edf""]",PN00,E1_RF,PN00-5.edf,nested
4,3,4,383,1,386,8902,33847,40,0,0,33807,0.75,1,40.78445292395066,1,3,3,12,6,14,0,16,0.26331824770018042,220,0.050000000000000003,False,False,"[{""validation_file"": ""PN06-2.edf"", ""train_files"": [""PN06-3.edf"", ""PN06-4.edf"", ""PN06-5.edf""]}, {""validation_file"": ""PN06-3.edf"", ""train_files"": [""PN06-2.edf"", ""PN06-4.edf"", ""PN06-5.edf""]}, {""validation_file"": ""PN06-4.edf"", ""train_files"": [""PN06-2.edf"", ""PN06-3.edf"", ""PN06-5.edf""]}, {""validation_file"": ""PN06-5.edf"", ""train_files"": [""PN06-2.edf"", ""PN06-3.edf"", ""PN06-4.edf""]}]","[""PN06-2.edf"", ""PN06-3.edf"", ""PN06-4.edf"", ""PN06-5.edf""]",PN06,E0_LR,PN06-1.edf,nested
4,3,4,327,1,330,7317,33847,40,0,0,33807,0.75,1,34.821190877628894,1,3,3,12,6,14,0,16,0.21643446623480345,145,0.10000000000000001,False,False,"[{""validation_file"": ""PN06-2.edf"", ""train_files"": [""PN06-3.edf"", ""PN06-4.edf"", ""PN06-5.edf""]}, {""validation_file"": ""PN06-3.edf"", ""train_files"": [""PN06-2.edf"", ""PN06-4.edf"", ""PN06-5.edf""]}, {""validation_file"": ""PN06-4.edf"", ""train_files"": [""PN06-2.edf"", ""PN06-3.edf"", ""PN06-5.edf""]}, {""validation_file"": ""PN06-5.edf"", ""train_files"": [""PN06-2.edf"", ""PN06-3.edf"", ""PN06-4.edf""]}]","[""PN06-2.edf"", ""PN06-3.edf"", ""PN06-4.edf"", ""PN06-5.edf""]",PN06,E0_LR,PN06-1.edf,nested
4,3,4,302,1,305,6542,33847,40,0,0,33807,0.75,1,32.159020321235246,1,3,3,12,6,14,0,16,0.19351021977696928,145,0.14999999999999999,False,False,"[{""validation_file"": ""PN06-2.edf"", ""train_files"": [""PN06-3.edf"", ""PN06-4.edf"", ""PN06-5.edf""]}, {""validation_file"": ""PN06-3.edf"", ""train_files"": [""PN06-2.edf"", ""PN06-4.edf"", ""PN06-5.edf""]}, {""validation_file"": ""PN06-4.edf"", ""train_files"": [""PN06-2.edf"", ""PN06-3.edf"", ""PN06-5.edf""]}, {""validation_file"": ""PN06-5.edf"", ""train_files"": [""PN06-2.edf"", ""PN06-3.edf"", ""PN06-4.edf""]}]","[""PN06-2.edf"", ""PN06-3.edf"", ""PN06-4.edf"", ""PN06-5.edf""]",PN06,E0_LR,PN06-1.edf,nested
4,3,4,278,1,281,5962,33847,40,0,0,33807,0.75,1,29.603336587097346,1,3,3,12,6,14,0,16,0.17635400952465466,145,0.20000000000000001,False,False,"[{""validation_file"": ""PN06-2.edf"", ""train_files"": [""PN06-3.edf"", ""PN06-4.edf"", ""PN06-5.edf""]}, {""validation_file"": ""PN06-3.edf"", ""train_files"": [""PN06-2.edf"", ""PN06-4.edf"", ""PN06-5.edf""]}, {""validation_file"": ""PN06-4.edf"", ""train_files"": [""PN06-2.edf"", ""PN06-3.edf"", ""PN06-5.edf""]}, {""validation_file"": ""PN06-5.edf"", ""train_files"": [""PN06-2.edf"", ""PN06-3.edf"", ""PN06-4.edf""]}]","[""PN06-2.edf"", ""PN06-3.edf"", ""PN06-4.edf"", ""PN06-5.edf""]",PN06,E0_LR,PN06-1.edf,nested
4,3,4,261,1,264,5562,33847,40,0,0,33807,0.75,1,27.793060608749666,1,3,3,12,6,14,0,16,0.16452214038512733,145,0.25,False,False,"[{""validation_file"": ""PN06-2.edf"", ""train_files"": [""PN06-3.edf"", ""PN06-4.edf"", ""PN06-5.edf""]}, {""validation_file"": ""PN06-3.edf"", ""train_files"": [""PN06-2.edf"", ""PN06-4.edf"", ""PN06-5.edf""]}, {""validation_file"": ""PN06-4.edf"", ""train_files"": [""PN06-2.edf"", ""PN06-3.edf"", ""PN06-5.edf""]}, {""validation_file"": ""PN06-5.edf"", ""train_files"": [""PN06-2.edf"", ""PN06-3.edf"", ""PN06-4.edf""]}]","[""PN06-2.edf"", ""PN06-3.edf"", ""PN06-4.edf"", ""PN06-5.edf""]",PN06,E0_LR,PN06-1.edf,nested
4,3,4,253,1,256,5227,33847,40,0,0,33807,0.75,1,26.941166030703702,1,3,3,12,6,14,0,16,0.15461294998077321,145,0.29999999999999999,False,False,"[{""validation_file"": ""PN06-2.edf"", ""train_files"": [""PN06-3.edf"", ""PN06-4.edf"", ""PN06-5.edf""]}, {""validation_file"": ""PN06-3.edf"", ""train_files"": [""PN06-2.edf"", ""PN06-4.edf"", ""PN06-5.edf""]}, {""validation_file"": ""PN06-4.edf"", ""train_files"": [""PN06-2.edf"", ""PN06-3.edf"", ""PN06-5.edf""]}, {""validation_file"": ""PN06-5.edf"", ""train_files"": [""PN06-2.edf"", ""PN06-3.edf"", ""PN06-4.edf""]}]","[""PN06-2.edf"", ""PN06-3.edf"", ""PN06-4.edf"", ""PN06-5.edf""]",PN06,E0_LR,PN06-1.edf,nested
4,3,4,242,1,245,4912,33847,40,0,0,33807,0.75,1,25.769810985890498,1,3,3,12,6,14,0,16,0.14529535303339544,145,0.34999999999999998,False,False,"[{""validation_file"": ""PN06-2.edf"", ""train_files"": [""PN06-3.edf"", ""PN06-4.edf"", ""PN06-5.edf""]}, {""validation_file"": ""PN06-3.edf"", ""train_files"": [""PN06-2.edf"", ""PN06-4.edf"", ""PN06-5.edf""]}, {""validation_file"": ""PN06-4.edf"", ""train_files"": [""PN06-2.edf"", ""PN06-3.edf"", ""PN06-5.edf""]}, {""validation_file"": ""PN06-5.edf"", ""train_files"": [""PN06-2.edf"", ""PN06-3.edf"", ""PN06-4.edf""]}]","[""PN06-2.edf"", ""PN06-3.edf"", ""PN06-4.edf"", ""PN06-5.edf""]",PN06,E0_LR,PN06-1.edf,nested
4,3,4,236,1,239,4562,33847,40,0,0,33807,0.75,1,25.130890052356023,1,3,3,12,6,14,0,16,0.13494246753630904,145,0.40000000000000002,False,False,"[{""validation_file"": ""PN06-2.edf"", ""train_files"": [""PN06-3.edf"", ""PN06-4.edf"", ""PN06-5.edf""]}, {""validation_file"": ""PN06-3.edf"", ""train_files"": [""PN06-2.edf"", ""PN06-4.edf"", ""PN06-5.edf""]}, {""validation_file"": ""PN06-4.edf"", ""train_files"": [""PN06-2.edf"", ""PN06-3.edf"", ""PN06-5.edf""]}, {""validation_file"": ""PN06-5.edf"", ""train_files"": [""PN06-2.edf"", ""PN06-3.edf"", ""PN06-4.edf""]}]","[""PN06-2.edf"", ""PN06-3.edf"", ""PN06-4.edf"", ""PN06-5.edf""]",PN06,E0_LR,PN06-1.edf,nested
4,3,4,221,1,224,4227,33847,40,0,0,33807,0.75,1,23.533587718519833,1,3,3,12,6,14,0,16,0.12503327713195492,145,0.45000000000000001,False,False,"[{""validation_file"": ""PN06-2.edf"", ""train_files"": [""PN06-3.edf"", ""PN06-4.edf"", ""PN06-5.edf""]}, {""validation_file"": ""PN06-3.edf"", ""train_files"": [""PN06-2.edf"", ""PN06-4.edf"", ""PN06-5.edf""]}, {""validation_file"": ""PN06-4.edf"", ""train_files"": [""PN06-2.edf"", ""PN06-3.edf"", ""PN06-5.edf""]}, {""validation_file"": ""PN06-5.edf"", ""train_files"": [""PN06-2.edf"", ""PN06-3.edf"", ""PN06-4.edf""]}]","[""PN06-2.edf"", ""PN06-3.edf"", ""PN06-4.edf"", ""PN06-5.edf""]",PN06,E0_LR,PN06-1.edf,nested
4,3,4,216,1,219,4012,33847,40,0,0,33807,0.75,1,23.001153607241104,1,3,3,12,6,14,0,16,0.11867364746945899,145,0.5,False,False,"[{""validation_file"": ""PN06-2.edf"", ""train_files"": [""PN06-3.edf"", ""PN06-4.edf"", ""PN06-5.edf""]}, {""validation_file"": ""PN06-3.edf"", ""train_files"": [""PN06-2.edf"", ""PN06-4.edf"", ""PN06-5.edf""]}, {""validation_file"": ""PN06-4.edf"", ""train_files"": [""PN06-2.edf"", ""PN06-3.edf"", ""PN06-5.edf""]}, {""validation_file"": ""PN06-5.edf"", ""train_files"": [""PN06-2.edf"", ""PN06-3.edf"", ""PN06-4.edf""]}]","[""PN06-2.edf"", ""PN06-3.edf"", ""PN06-4.edf"", ""PN06-5.edf""]",PN06,E0_LR,PN06-1.edf,nested
4,3,4,205,1,208,3787,33847,40,0,0,33807,0.75,1,21.8297985624279,1,3,3,12,6,14,0,16,0.11201822107847487,140,0.55000000000000004,False,False,"[{""validation_file"": ""PN06-2.edf"", ""train_files"": [""PN06-3.edf"", ""PN06-4.edf"", ""PN06-5.edf""]}, {""validation_file"": ""PN06-3.edf"", ""train_files"": [""PN06-2.edf"", ""PN06-4.edf"", ""PN06-5.edf""]}, {""validation_file"": ""PN06-4.edf"", ""train_files"": [""PN06-2.edf"", ""PN06-3.edf"", ""PN06-5.edf""]}, {""validation_file"": ""PN06-5.edf"", ""train_files"": [""PN06-2.edf"", ""PN06-3.edf"", ""PN06-4.edf""]}]","[""PN06-2.edf"", ""PN06-3.edf"", ""PN06-4.edf"", ""PN06-5.edf""]",PN06,E0_LR,PN06-1.edf,nested
4,3,4,181,1,184,3475,33847,40,0,0,33807,0.75,1,19.274114828289999,1,3,3,12,6,14,0,16,0.10278936314964357,140,0.59999999999999998,False,False,"[{""validation_file"": ""PN06-2.edf"", ""train_files"": [""PN06-3.edf"", ""PN06-4.edf"", ""PN06-5.edf""]}, {""validation_file"": ""PN06-3.edf"", ""train_files"": [""PN06-2.edf"", ""PN06-4.edf"", ""PN06-5.edf""]}, {""validation_file"": ""PN06-4.edf"", ""train_files"": [""PN06-2.edf"", ""PN06-3.edf"", ""PN06-5.edf""]}, {""validation_file"": ""PN06-5.edf"", ""train_files"": [""PN06-2.edf"", ""PN06-3.edf"", ""PN06-4.edf""]}]","[""PN06-2.edf"", ""PN06-3.edf"", ""PN06-4.edf"", ""PN06-5.edf""]",PN06,E0_LR,PN06-1.edf,nested
4,3,4,172,1,175,3295,33847,40,0,0,33807,0.75,1,18.315733427988288,1,3,3,12,6,14,0,16,0.097465022036856266,140,0.65000000000000002,False,False,"[{""validation_file"": ""PN06-2.edf"", ""train_files"": [""PN06-3.edf"", ""PN06-4.edf"", ""PN06-5.edf""]}, {""validation_file"": ""PN06-3.edf"", ""train_files"": [""PN06-2.edf"", ""PN06-4.edf"", ""PN06-5.edf""]}, {""validation_file"": ""PN06-4.edf"", ""train_files"": [""PN06-2.edf"", ""PN06-3.edf"", ""PN06-5.edf""]}, {""validation_file"": ""PN06-5.edf"", ""train_files"": [""PN06-2.edf"", ""PN06-3.edf"", ""PN06-4.edf""]}]","[""PN06-2.edf"", ""PN06-3.edf"", ""PN06-4.edf"", ""PN06-5.edf""]",PN06,E0_LR,PN06-1.edf,nested
4,3,4,161,1,164,3025,33847,40,0,0,33807,0.75,1,17.144378383175081,1,3,3,12,6,14,0,16,0.089478510367675332,140,0.69999999999999996,False,False,"[{""validation_file"": ""PN06-2.edf"", ""train_files"": [""PN06-3.edf"", ""PN06-4.edf"", ""PN06-5.edf""]}, {""validation_file"": ""PN06-3.edf"", ""train_files"": [""PN06-2.edf"", ""PN06-4.edf"", ""PN06-5.edf""]}, {""validation_file"": ""PN06-4.edf"", ""train_files"": [""PN06-2.edf"", ""PN06-3.edf"", ""PN06-5.edf""]}, {""validation_file"": ""PN06-5.edf"", ""train_files"": [""PN06-2.edf"", ""PN06-3.edf"", ""PN06-4.edf""]}]","[""PN06-2.edf"", ""PN06-3.edf"", ""PN06-4.edf"", ""PN06-5.edf""]",PN06,E0_LR,PN06-1.edf,nested
4,4,4,153,1,157,2825,33847,40,0,0,33807,1,1,16.292483805129116,0,4,4,6,0,13,0,16,0.083562575797911681,140,0.75,False,False,"[{""validation_file"": ""PN06-2.edf"", ""train_files"": [""PN06-3.edf"", ""PN06-4.edf"", ""PN06-5.edf""]}, {""validation_file"": ""PN06-3.edf"", ""train_files"": [""PN06-2.edf"", ""PN06-4.edf"", ""PN06-5.edf""]}, {""validation_file"": ""PN06-4.edf"", ""train_files"": [""PN06-2.edf"", ""PN06-3.edf"", ""PN06-5.edf""]}, {""validation_file"": ""PN06-5.edf"", ""train_files"": [""PN06-2.edf"", ""PN06-3.edf"", ""PN06-4.edf""]}]","[""PN06-2.edf"", ""PN06-3.edf"", ""PN06-4.edf"", ""PN06-5.edf""]",PN06,E0_LR,PN06-1.edf,nested
4,4,4,143,1,147,2640,33847,40,0,0,33807,1,1,15.227615582571657,0,4,4,6,0,13,0,16,0.078090336320880291,140,0.80000000000000004,False,False,"[{""validation_file"": ""PN06-2.edf"", ""train_files"": [""PN06-3.edf"", ""PN06-4.edf"", ""PN06-5.edf""]}, {""validation_file"": ""PN06-3.edf"", ""train_files"": [""PN06-2.edf"", ""PN06-4.edf"", ""PN06-5.edf""]}, {""validation_file"": ""PN06-4.edf"", ""train_files"": [""PN06-2.edf"", ""PN06-3.edf"", ""PN06-5.edf""]}, {""validation_file"": ""PN06-5.edf"", ""train_files"": [""PN06-2.edf"", ""PN06-3.edf"", ""PN06-4.edf""]}]","[""PN06-2.edf"", ""PN06-3.edf"", ""PN06-4.edf"", ""PN06-5.edf""]",PN06,E0_LR,PN06-1.edf,nested
4,4,4,130,2,134,2305,33847,40,0,0,33807,1,1,13.84328689324696,0,4,4,8.5,3.75,13,0,16,0.068181145916526159,140,0.84999999999999998,False,False,"[{""validation_file"": ""PN06-2.edf"", ""train_files"": [""PN06-3.edf"", ""PN06-4.edf"", ""PN06-5.edf""]}, {""validation_file"": ""PN06-3.edf"", ""train_files"": [""PN06-2.edf"", ""PN06-4.edf"", ""PN06-5.edf""]}, {""validation_file"": ""PN06-4.edf"", ""train_files"": [""PN06-2.edf"", ""PN06-3.edf"", ""PN06-5.edf""]}, {""validation_file"": ""PN06-5.edf"", ""train_files"": [""PN06-2.edf"", ""PN06-3.edf"", ""PN06-4.edf""]}]","[""PN06-2.edf"", ""PN06-3.edf"", ""PN06-4.edf"", ""PN06-5.edf""]",PN06,E0_LR,PN06-1.edf,nested
4,4,4,111,1,115,2005,33847,40,0,0,33807,1,1,11.82003727038779,0,4,4,10.5,3.75,18.75,0,27,0.059307244061880676,140,0.90000000000000002,False,False,"[{""validation_file"": ""PN06-2.edf"", ""train_files"": [""PN06-3.edf"", ""PN06-4.edf"", ""PN06-5.edf""]}, {""validation_file"": ""PN06-3.edf"", ""train_files"": [""PN06-2.edf"", ""PN06-4.edf"", ""PN06-5.edf""]}, {""validation_file"": ""PN06-4.edf"", ""train_files"": [""PN06-2.edf"", ""PN06-3.edf"", ""PN06-5.edf""]}, {""validation_file"": ""PN06-5.edf"", ""train_files"": [""PN06-2.edf"", ""PN06-3.edf"", ""PN06-4.edf""]}]","[""PN06-2.edf"", ""PN06-3.edf"", ""PN06-4.edf"", ""PN06-5.edf""]",PN06,E0_LR,PN06-1.edf,nested
4,4,4,91,1,95,1550,33847,40,0,0,33807,1,1,9.6903008252728728,0,4,4,13,7.5,18.75,0,27,0.045848492915668351,140,0.94999999999999996,False,False,"[{""validation_file"": ""PN06-2.edf"", ""train_files"": [""PN06-3.edf"", ""PN06-4.edf"", ""PN06-5.edf""]}, {""validation_file"": ""PN06-3.edf"", ""train_files"": [""PN06-2.edf"", ""PN06-4.edf"", ""PN06-5.edf""]}, {""validation_file"": ""PN06-4.edf"", ""train_files"": [""PN06-2.edf"", ""PN06-3.edf"", ""PN06-5.edf""]}, {""validation_file"": ""PN06-5.edf"", ""train_files"": [""PN06-2.edf"", ""PN06-3.edf"", ""PN06-4.edf""]}]","[""PN06-2.edf"", ""PN06-3.edf"", ""PN06-4.edf"", ""PN06-5.edf""]",PN06,E0_LR,PN06-1.edf,nested
4,0,0,0,0,0,0,33847,40,0,0,33807,0,0,0,4,0,0,,,,,,0,0,1.01,True,True,"[{""validation_file"": ""PN06-2.edf"", ""train_files"": [""PN06-3.edf"", ""PN06-4.edf"", ""PN06-5.edf""]}, {""validation_file"": ""PN06-3.edf"", ""train_files"": [""PN06-2.edf"", ""PN06-4.edf"", ""PN06-5.edf""]}, {""validation_file"": ""PN06-4.edf"", ""train_files"": [""PN06-2.edf"", ""PN06-3.edf"", ""PN06-5.edf""]}, {""validation_file"": ""PN06-5.edf"", ""train_files"": [""PN06-2.edf"", ""PN06-3.edf"", ""PN06-4.edf""]}]","[""PN06-2.edf"", ""PN06-3.edf"", ""PN06-4.edf"", ""PN06-5.edf""]",PN06,E0_LR,PN06-1.edf,nested
4,3,4,450,1,453,9007,30842,40,0,0,30802,0.75,1,52.593987403415362,1,3,3,12,12,14,12,16,0.29241607687812482,405,0.050000000000000003,False,False,"[{""validation_file"": ""PN06-1.edf"", ""train_files"": [""PN06-3.edf"", ""PN06-4.edf"", ""PN06-5.edf""]}, {""validation_file"": ""PN06-3.edf"", ""train_files"": [""PN06-1.edf"", ""PN06-4.edf"", ""PN06-5.edf""]}, {""validation_file"": ""PN06-4.edf"", ""train_files"": [""PN06-1.edf"", ""PN06-3.edf"", ""PN06-5.edf""]}, {""validation_file"": ""PN06-5.edf"", ""train_files"": [""PN06-1.edf"", ""PN06-3.edf"", ""PN06-4.edf""]}]","[""PN06-1.edf"", ""PN06-3.edf"", ""PN06-4.edf"", ""PN06-5.edf""]",PN06,E0_LR,PN06-2.edf,nested
4,3,4,371,1,374,7062,30842,40,0,0,30802,0.75,1,43.360820725926885,1,3,3,12,12,14,12,16,0.22927082656970327,170,0.10000000000000001,False,False,"[{""validation_file"": ""PN06-1.edf"", ""train_files"": [""PN06-3.edf"", ""PN06-4.edf"", ""PN06-5.edf""]}, {""validation_file"": ""PN06-3.edf"", ""train_files"": [""PN06-1.edf"", ""PN06-4.edf"", ""PN06-5.edf""]}, {""validation_file"": ""PN06-4.edf"", ""train_files"": [""PN06-1.edf"", ""PN06-3.edf"", ""PN06-5.edf""]}, {""validation_file"": ""PN06-5.edf"", ""train_files"": [""PN06-1.edf"", ""PN06-3.edf"", ""PN06-4.edf""]}]","[""PN06-1.edf"", ""PN06-3.edf"", ""PN06-4.edf"", ""PN06-5.edf""]",PN06,E0_LR,PN06-2.edf,nested
4,3,4,331,1,334,6052,30842,40,0,0,30802,0.75,1,38.685799623401081,1,3,3,12,12,14,12,16,0.19648074800337639,160,0.14999999999999999,False,False,"[{""validation_file"": ""PN06-1.edf"", ""train_files"": [""PN06-3.edf"", ""PN06-4.edf"", ""PN06-5.edf""]}, {""validation_file"": ""PN06-3.edf"", ""train_files"": [""PN06-1.edf"", ""PN06-4.edf"", ""PN06-5.edf""]}, {""validation_file"": ""PN06-4.edf"", ""train_files"": [""PN06-1.edf"", ""PN06-3.edf"", ""PN06-5.edf""]}, {""validation_file"": ""PN06-5.edf"", ""train_files"": [""PN06-1.edf"", ""PN06-3.edf"", ""PN06-4.edf""]}]","[""PN06-1.edf"", ""PN06-3.edf"", ""PN06-4.edf"", ""PN06-5.edf""]",PN06,E0_LR,PN06-2.edf,nested
4,3,4,297,2,300,5372,30842,40,0,0,30802,0.75,1,34.712031686254136,1,3,3,12,12,14,12,16,0.17440425946367119,160,0.20000000000000001,False,False,"[{""validation_file"": ""PN06-1.edf"", ""train_files"": [""PN06-3.edf"", ""PN06-4.edf"", ""PN06-5.edf""]}, {""validation_file"": ""PN06-3.edf"", ""train_files"": [""PN06-1.edf"", ""PN06-4.edf"", ""PN06-5.edf""]}, {""validation_file"": ""PN06-4.edf"", ""train_files"": [""PN06-1.edf"", ""PN06-3.edf"", ""PN06-5.edf""]}, {""validation_file"": ""PN06-5.edf"", ""train_files"": [""PN06-1.edf"", ""PN06-3.edf"", ""PN06-4.edf""]}]","[""PN06-1.edf"", ""PN06-3.edf"", ""PN06-4.edf"", ""PN06-5.edf""]",PN06,E0_LR,PN06-2.edf,nested
4,3,4,276,2,279,4882,30842,40,0,0,30802,0.75,1,32.257645607428088,1,3,3,12,12,14,12,16,0.15849620154535421,160,0.25,False,False,"[{""validation_file"": ""PN06-1.edf"", ""train_files"": [""PN06-3.edf"", ""PN06-4.edf"", ""PN06-5.edf""]}, {""validation_file"": ""PN06-3.edf"", ""train_files"": [""PN06-1.edf"", ""PN06-4.edf"", ""PN06-5.edf""]}, {""validation_file"": ""PN06-4.edf"", ""train_files"": [""PN06-1.edf"", ""PN06-3.edf"", ""PN06-5.edf""]}, {""validation_file"": ""PN06-5.edf"", ""train_files"": [""PN06-1.edf"", ""PN06-3.edf"", ""PN06-4.edf""]}]","[""PN06-1.edf"", ""PN06-3.edf"", ""PN06-4.edf"", ""PN06-5.edf""]",PN06,E0_LR,PN06-2.edf,nested
4,3,4,257,2,260,4517,30842,40,0,0,30802,0.75,1,30.037010583728328,1,3,3,12,12,14,12,16,0.1466463216674242,160,0.29999999999999999,False,False,"[{""validation_file"": ""PN06-1.edf"", ""train_files"": [""PN06-3.edf"", ""PN06-4.edf"", ""PN06-5.edf""]}, {""validation_file"": ""PN06-3.edf"", ""train_files"": [""PN06-1.edf"", ""PN06-4.edf"", ""PN06-5.edf""]}, {""validation_file"": ""PN06-4.edf"", ""train_files"": [""PN06-1.edf"", ""PN06-3.edf"", ""PN06-5.edf""]}, {""validation_file"": ""PN06-5.edf"", ""train_files"": [""PN06-1.edf"", ""PN06-3.edf"", ""PN06-4.edf""]}]","[""PN06-1.edf"", ""PN06-3.edf"", ""PN06-4.edf"", ""PN06-5.edf""]",PN06,E0_LR,PN06-2.edf,nested
4,3,4,242,1,245,4182,30842,40,0,0,30802,0.75,1,28.28387767028115,1,3,3,16,14,21.5,12,27,0.13577040451918707,150,0.34999999999999998,False,False,"[{""validation_file"": ""PN06-1.edf"", ""train_files"": [""PN06-3.edf"", ""PN06-4.edf"", ""PN06-5.edf""]}, {""validation_file"": ""PN06-3.edf"", ""train_files"": [""PN06-1.edf"", ""PN06-4.edf"", ""PN06-5.edf""]}, {""validation_file"": ""PN06-4.edf"", ""train_files"": [""PN06-1.edf"", ""PN06-3.edf"", ""PN06-5.edf""]}, {""validation_file"": ""PN06-5.edf"", ""train_files"": [""PN06-1.edf"", ""PN06-3.edf"", ""PN06-4.edf""]}]","[""PN06-1.edf"", ""PN06-3.edf"", ""PN06-4.edf"", ""PN06-5.edf""]",PN06,E0_LR,PN06-2.edf,nested
4,3,4,225,1,228,3862,30842,40,0,0,30802,0.75,1,26.296993701707681,1,3,3,16,14,21.5,12,27,0.12538146873579636,150,0.40000000000000002,False,False,"[{""validation_file"": ""PN06-1.edf"", ""train_files"": [""PN06-3.edf"", ""PN06-4.edf"", ""PN06-5.edf""]}, {""validation_file"": ""PN06-3.edf"", ""train_files"": [""PN06-1.edf"", ""PN06-4.edf"", ""PN06-5.edf""]}, {""validation_file"": ""PN06-4.edf"", ""train_files"": [""PN06-1.edf"", ""PN06-3.edf"", ""PN06-5.edf""]}, {""validation_file"": ""PN06-5.edf"", ""train_files"": [""PN06-1.edf"", ""PN06-3.edf"", ""PN06-4.edf""]}]","[""PN06-1.edf"", ""PN06-3.edf"", ""PN06-4.edf"", ""PN06-5.edf""]",PN06,E0_LR,PN06-2.edf,nested
4,3,4,211,1,214,3587,30842,40,0,0,30802,0.75,1,24.660736315823648,1,3,3,16,14,21.5,12,27,0.116453477046945,150,0.45000000000000001,False,False,"[{""validation_file"": ""PN06-1.edf"", ""train_files"": [""PN06-3.edf"", ""PN06-4.edf"", ""PN06-5.edf""]}, {""validation_file"": ""PN06-3.edf"", ""train_files"": [""PN06-1.edf"", ""PN06-4.edf"", ""PN06-5.edf""]}, {""validation_file"": ""PN06-4.edf"", ""train_files"": [""PN06-1.edf"", ""PN06-3.edf"", ""PN06-5.edf""]}, {""validation_file"": ""PN06-5.edf"", ""train_files"": [""PN06-1.edf"", ""PN06-3.edf"", ""PN06-4.edf""]}]","[""PN06-1.edf"", ""PN06-3.edf"", ""PN06-4.edf"", ""PN06-5.edf""]",PN06,E0_LR,PN06-2.edf,nested
4,3,4,198,1,201,3322,30842,40,0,0,30802,0.75,1,23.141354457502761,1,3,3,16,14,21.5,12,27,0.10785013960132458,150,0.5,False,False,"[{""validation_file"": ""PN06-1.edf"", ""train_files"": [""PN06-3.edf"", ""PN06-4.edf"", ""PN06-5.edf""]}, {""validation_file"": ""PN06-3.edf"", ""train_files"": [""PN06-1.edf"", ""PN06-4.edf"", ""PN06-5.edf""]}, {""validation_file"": ""PN06-4.edf"", ""train_files"": [""PN06-1.edf"", ""PN06-3.edf"", ""PN06-5.edf""]}, {""validation_file"": ""PN06-5.edf"", ""train_files"": [""PN06-1.edf"", ""PN06-3.edf"", ""PN06-4.edf""]}]","[""PN06-1.edf"", ""PN06-3.edf"", ""PN06-4.edf"", ""PN06-5.edf""]",PN06,E0_LR,PN06-2.edf,nested
4,4,4,181,1,185,3077,30842,40,0,0,30802,1,1,21.154470488929292,0,4,4,14,9,18.75,0,27,0.099896110642166094,150,0.55000000000000004,False,False,"[{""validation_file"": ""PN06-1.edf"", ""train_files"": [""PN06-3.edf"", ""PN06-4.edf"", ""PN06-5.edf""]}, {""validation_file"": ""PN06-3.edf"", ""train_files"": [""PN06-1.edf"", ""PN06-4.edf"", ""PN06-5.edf""]}, {""validation_file"": ""PN06-4.edf"", ""train_files"": [""PN06-1.edf"", ""PN06-3.edf"", ""PN06-5.edf""]}, {""validation_file"": ""PN06-5.edf"", ""train_files"": [""PN06-1.edf"", ""PN06-3.edf"", ""PN06-4.edf""]}]","[""PN06-1.edf"", ""PN06-3.edf"", ""PN06-4.edf"", ""PN06-5.edf""]",PN06,E0_LR,PN06-2.edf,nested
4,4,4,160,1,164,2767,30842,40,0,0,30802,1,1,18.700084410103241,0,4,4,14,9,18.75,0,27,0.089831829102006364,150,0.59999999999999998,False,False,"[{""validation_file"": ""PN06-1.edf"", ""train_files"": [""PN06-3.edf"", ""PN06-4.edf"", ""PN06-5.edf""]}, {""validation_file"": ""PN06-3.edf"", ""train_files"": [""PN06-1.edf"", ""PN06-4.edf"", ""PN06-5.edf""]}, {""validation_file"": ""PN06-4.edf"", ""train_files"": [""PN06-1.edf"", ""PN06-3.edf"", ""PN06-5.edf""]}, {""validation_file"": ""PN06-5.edf"", ""train_files"": [""PN06-1.edf"", ""PN06-3.edf"", ""PN06-4.edf""]}]","[""PN06-1.edf"", ""PN06-3.edf"", ""PN06-4.edf"", ""PN06-5.edf""]",PN06,E0_LR,PN06-2.edf,nested
4,4,4,154,1,158,2562,30842,40,0,0,30802,1,1,17.998831244724368,0,4,4,14,9,18.75,0,27,0.0831764171157717,150,0.65000000000000002,False,False,"[{""validation_file"": ""PN06-1.edf"", ""train_files"": [""PN06-3.edf"", ""PN06-4.edf"", ""PN06-5.edf""]}, {""validation_file"": ""PN06-3.edf"", ""train_files"": [""PN06-1.edf"", ""PN06-4.edf"", ""PN06-5.edf""]}, {""validation_file"": ""PN06-4.edf"", ""train_files"": [""PN06-1.edf"", ""PN06-3.edf"", ""PN06-5.edf""]}, {""validation_file"": ""PN06-5.edf"", ""train_files"": [""PN06-1.edf"", ""PN06-3.edf"", ""PN06-4.edf""]}]","[""PN06-1.edf"", ""PN06-3.edf"", ""PN06-4.edf"", ""PN06-5.edf""]",PN06,E0_LR,PN06-2.edf,nested
4,4,4,134,1,138,2292,30842,40,0,0,30802,1,1,15.661320693461464,0,4,4,14,9,18.75,0,27,0.074410752548535811,150,0.69999999999999996,False,False,"[{""validation_file"": ""PN06-1.edf"", ""train_files"": [""PN06-3.edf"", ""PN06-4.edf"", ""PN06-5.edf""]}, {""validation_file"": ""PN06-3.edf"", ""train_files"": [""PN06-1.edf"", ""PN06-4.edf"", ""PN06-5.edf""]}, {""validation_file"": ""PN06-4.edf"", ""train_files"": [""PN06-1.edf"", ""PN06-3.edf"", ""PN06-5.edf""]}, {""validation_file"": ""PN06-5.edf"", ""train_files"": [""PN06-1.edf"", ""PN06-3.edf"", ""PN06-4.edf""]}]","[""PN06-1.edf"", ""PN06-3.edf"", ""PN06-4.edf"", ""PN06-5.edf""]",PN06,E0_LR,PN06-2.edf,nested
4,4,4,117,1,121,2040,30842,40,0,0,30802,1,1,13.674436724887995,0,4,4,14,9,18.75,0,27,0.066229465619115635,145,0.75,False,False,"[{""validation_file"": ""PN06-1.edf"", ""train_files"": [""PN06-3.edf"", ""PN06-4.edf"", ""PN06-5.edf""]}, {""validation_file"": ""PN06-3.edf"", ""train_files"": [""PN06-1.edf"", ""PN06-4.edf"", ""PN06-5.edf""]}, {""validation_file"": ""PN06-4.edf"", ""train_files"": [""PN06-1.edf"", ""PN06-3.edf"", ""PN06-5.edf""]}, {""validation_file"": ""PN06-5.edf"", ""train_files"": [""PN06-1.edf"", ""PN06-3.edf"", ""PN06-4.edf""]}]","[""PN06-1.edf"", ""PN06-3.edf"", ""PN06-4.edf"", ""PN06-5.edf""]",PN06,E0_LR,PN06-2.edf,nested
4,4,4,107,1,111,1855,30842,40,0,0,30802,1,1,12.505681449256542,0,4,4,14,9,18.75,0,27,0.060223362119342899,145,0.80000000000000004,False,False,"[{""validation_file"": ""PN06-1.edf"", ""train_files"": [""PN06-3.edf"", ""PN06-4.edf"", ""PN06-5.edf""]}, {""validation_file"": ""PN06-3.edf"", ""train_files"": [""PN06-1.edf"", ""PN06-4.edf"", ""PN06-5.edf""]}, {""validation_file"": ""PN06-4.edf"", ""train_files"": [""PN06-1.edf"", ""PN06-3.edf"", ""PN06-5.edf""]}, {""validation_file"": ""PN06-5.edf"", ""train_files"": [""PN06-1.edf"", ""PN06-3.edf"", ""PN06-4.edf""]}]","[""PN06-1.edf"", ""PN06-3.edf"", ""PN06-4.edf"", ""PN06-5.edf""]",PN06,E0_LR,PN06-2.edf,nested
4,4,4,97,1,101,1695,30842,40,0,0,30802,1,1,11.336926173625089,0,4,4,14,9,18.75,0,27,0.055028894227647555,145,0.84999999999999998,False,False,"[{""validation_file"": ""PN06-1.edf"", ""train_files"": [""PN06-3.edf"", ""PN06-4.edf"", ""PN06-5.edf""]}, {""validation_file"": ""PN06-3.edf"", ""train_files"": [""PN06-1.edf"", ""PN06-4.edf"", ""PN06-5.edf""]}, {""validation_file"": ""PN06-4.edf"", ""train_files"": [""PN06-1.edf"", ""PN06-3.edf"", ""PN06-5.edf""]}, {""validation_file"": ""PN06-5.edf"", ""train_files"": [""PN06-1.edf"", ""PN06-3.edf"", ""PN06-4.edf""]}]","[""PN06-1.edf"", ""PN06-3.edf"", ""PN06-4.edf"", ""PN06-5.edf""]",PN06,E0_LR,PN06-2.edf,nested
4,4,4,78,1,82,1470,30842,40,0,0,30802,1,1,9.1162911499253294,0,4,4,14,9,18.75,0,27,0.047724173754950978,145,0.90000000000000002,False,False,"[{""validation_file"": ""PN06-1.edf"", ""train_files"": [""PN06-3.edf"", ""PN06-4.edf"", ""PN06-5.edf""]}, {""validation_file"": ""PN06-3.edf"", ""train_files"": [""PN06-1.edf"", ""PN06-4.edf"", ""PN06-5.edf""]}, {""validation_file"": ""PN06-4.edf"", ""train_files"": [""PN06-1.edf"", ""PN06-3.edf"", ""PN06-5.edf""]}, {""validation_file"": ""PN06-5.edf"", ""train_files"": [""PN06-1.edf"", ""PN06-3.edf"", ""PN06-4.edf""]}]","[""PN06-1.edf"", ""PN06-3.edf"", ""PN06-4.edf"", ""PN06-5.edf""]",PN06,E0_LR,PN06-2.edf,nested
4,4,4,58,2,62,1090,30842,40,0,0,30802,1,1,6.7787805986624248,0,4,4,14,10.25,18.75,5,27,0.035387312512174536,145,0.94999999999999996,False,False,"[{""validation_file"": ""PN06-1.edf"", ""train_files"": [""PN06-3.edf"", ""PN06-4.edf"", ""PN06-5.edf""]}, {""validation_file"": ""PN06-3.edf"", ""train_files"": [""PN06-1.edf"", ""PN06-4.edf"", ""PN06-5.edf""]}, {""validation_file"": ""PN06-4.edf"", ""train_files"": [""PN06-1.edf"", ""PN06-3.edf"", ""PN06-5.edf""]}, {""validation_file"": ""PN06-5.edf"", ""train_files"": [""PN06-1.edf"", ""PN06-3.edf"", ""PN06-4.edf""]}]","[""PN06-1.edf"", ""PN06-3.edf"", ""PN06-4.edf"", ""PN06-5.edf""]",PN06,E0_LR,PN06-2.edf,nested
4,0,0,0,0,0,0,30842,40,0,0,30802,0,0,0,4,0,0,,,,,,0,0,1.01,True,True,"[{""validation_file"": ""PN06-1.edf"", ""train_files"": [""PN06-3.edf"", ""PN06-4.edf"", ""PN06-5.edf""]}, {""validation_file"": ""PN06-3.edf"", ""train_files"": [""PN06-1.edf"", ""PN06-4.edf"", ""PN06-5.edf""]}, {""validation_file"": ""PN06-4.edf"", ""train_files"": [""PN06-1.edf"", ""PN06-3.edf"", ""PN06-5.edf""]}, {""validation_file"": ""PN06-5.edf"", ""train_files"": [""PN06-1.edf"", ""PN06-3.edf"", ""PN06-4.edf""]}]","[""PN06-1.edf"", ""PN06-3.edf"", ""PN06-4.edf"", ""PN06-5.edf""]",PN06,E0_LR,PN06-2.edf,nested
4,3,4,419,2,422,13007,35282,40,0,0,35242,0.75,1,42.801203109925659,1,3,3,12,6.5,12,1,12,0.36907666988252652,235,0.050000000000000003,False,False,"[{""validation_file"": ""PN06-1.edf"", ""train_files"": [""PN06-2.edf"", ""PN06-4.edf"", ""PN06-5.edf""]}, {""validation_file"": ""PN06-2.edf"", ""train_files"": [""PN06-1.edf"", ""PN06-4.edf"", ""PN06-5.edf""]}, {""validation_file"": ""PN06-4.edf"", ""train_files"": [""PN06-1.edf"", ""PN06-2.edf"", ""PN06-5.edf""]}, {""validation_file"": ""PN06-5.edf"", ""train_files"": [""PN06-1.edf"", ""PN06-2.edf"", ""PN06-4.edf""]}]","[""PN06-1.edf"", ""PN06-2.edf"", ""PN06-4.edf"", ""PN06-5.edf""]",PN06,E0_LR,PN06-3.edf,nested
4,4,4,418,2,422,11287,35282,40,0,0,35242,1,1,42.699052267181202,0,4,4,6.5,0.75,12,0,12,0.32027126723795474,160,0.10000000000000001,False,False,"[{""validation_file"": ""PN06-1.edf"", ""train_files"": [""PN06-2.edf"", ""PN06-4.edf"", ""PN06-5.edf""]}, {""validation_file"": ""PN06-2.edf"", ""train_files"": [""PN06-1.edf"", ""PN06-4.edf"", ""PN06-5.edf""]}, {""validation_file"": ""PN06-4.edf"", ""train_files"": [""PN06-1.edf"", ""PN06-2.edf"", ""PN06-5.edf""]}, {""validation_file"": ""PN06-5.edf"", ""train_files"": [""PN06-1.edf"", ""PN06-2.edf"", ""PN06-4.edf""]}]","[""PN06-1.edf"", ""PN06-2.edf"", ""PN06-4.edf"", ""PN06-5.edf""]",PN06,E0_LR,PN06-3.edf,nested
4,4,4,410,1,414,10187,35282,40,0,0,35242,1,1,41.881845525225586,0,4,4,12,9,13,0,16,0.2890585097327053,145,0.14999999999999999,False,False,"[{""validation_file"": ""PN06-1.edf"", ""train_files"": [""PN06-2.edf"", ""PN06-4.edf"", ""PN06-5.edf""]}, {""validation_file"": ""PN06-2.edf"", ""train_files"": [""PN06-1.edf"", ""PN06-4.edf"", ""PN06-5.edf""]}, {""validation_file"": ""PN06-4.edf"", ""train_files"": [""PN06-1.edf"", ""PN06-2.edf"", ""PN06-5.edf""]}, {""validation_file"": ""PN06-5.edf"", ""train_files"": [""PN06-1.edf"", ""PN06-2.edf"", ""PN06-4.edf""]}]","[""PN06-1.edf"", ""PN06-2.edf"", ""PN06-4.edf"", ""PN06-5.edf""]",PN06,E0_LR,PN06-3.edf,nested
4,4,4,395,1,399,9337,35282,40,0,0,35242,1,1,40.34958288405879,0,4,4,12,9,13,0,16,0.2649395607513762,140,0.20000000000000001,False,False,"[{""validation_file"": ""PN06-1.edf"", ""train_files"": [""PN06-2.edf"", ""PN06-4.edf"", ""PN06-5.edf""]}, {""validation_file"": ""PN06-2.edf"", ""train_files"": [""PN06-1.edf"", ""PN06-4.edf"", ""PN06-5.edf""]}, {""validation_file"": ""PN06-4.edf"", ""train_files"": [""PN06-1.edf"", ""PN06-2.edf"", ""PN06-5.edf""]}, {""validation_file"": ""PN06-5.edf"", ""train_files"": [""PN06-1.edf"", ""PN06-2.edf"", ""PN06-4.edf""]}]","[""PN06-1.edf"", ""PN06-2.edf"", ""PN06-4.edf"", ""PN06-5.edf""]",PN06,E0_LR,PN06-3.edf,nested
4,4,4,383,1,387,8697,35282,40,0,0,35242,1,1,39.12377277112536,0,4,4,12,9,13,0,16,0.24677941093014016,140,0.25,False,False,"[{""validation_file"": ""PN06-1.edf"", ""train_files"": [""PN06-2.edf"", ""PN06-4.edf"", ""PN06-5.edf""]}, {""validation_file"": ""PN06-2.edf"", ""train_files"": [""PN06-1.edf"", ""PN06-4.edf"", ""PN06-5.edf""]}, {""validation_file"": ""PN06-4.edf"", ""train_files"": [""PN06-1.edf"", ""PN06-2.edf"", ""PN06-5.edf""]}, {""validation_file"": ""PN06-5.edf"", ""train_files"": [""PN06-1.edf"", ""PN06-2.edf"", ""PN06-4.edf""]}]","[""PN06-1.edf"", ""PN06-2.edf"", ""PN06-4.edf"", ""PN06-5.edf""]",PN06,E0_LR,PN06-3.edf,nested
4,4,4,381,2,385,8102,35282,40,0,0,35242,1,1,38.919471085636459,0,4,4,12,9,13,0,16,0.22989614664320981,140,0.29999999999999999,False,False,"[{""validation_file"": ""PN06-1.edf"", ""train_files"": [""PN06-2.edf"", ""PN06-4.edf"", ""PN06-5.edf""]}, {""validation_file"": ""PN06-2.edf"", ""train_files"": [""PN06-1.edf"", ""PN06-4.edf"", ""PN06-5.edf""]}, {""validation_file"": ""PN06-4.edf"", ""train_files"": [""PN06-1.edf"", ""PN06-2.edf"", ""PN06-5.edf""]}, {""validation_file"": ""PN06-5.edf"", ""train_files"": [""PN06-1.edf"", ""PN06-2.edf"", ""PN06-4.edf""]}]","[""PN06-1.edf"", ""PN06-2.edf"", ""PN06-4.edf"", ""PN06-5.edf""]",PN06,E0_LR,PN06-3.edf,nested
4,4,4,361,2,365,7565,35282,40,0,0,35242,1,1,36.876454230747406,0,4,4,12,10.25,13,5,16,0.21465864593382897,140,0.34999999999999998,False,False,"[{""validation_file"": ""PN06-1.edf"", ""train_files"": [""PN06-2.edf"", ""PN06-4.edf"", ""PN06-5.edf""]}, {""validation_file"": ""PN06-2.edf"", ""train_files"": [""PN06-1.edf"", ""PN06-4.edf"", ""PN06-5.edf""]}, {""validation_file"": ""PN06-4.edf"", ""train_files"": [""PN06-1.edf"", ""PN06-2.edf"", ""PN06-5.edf""]}, {""validation_file"": ""PN06-5.edf"", ""train_files"": [""PN06-1.edf"", ""PN06-2.edf"", ""PN06-4.edf""]}]","[""PN06-1.edf"", ""PN06-2.edf"", ""PN06-4.edf"", ""PN06-5.edf""]",PN06,E0_LR,PN06-3.edf,nested
4,4,4,355,2,359,7195,35282,40,0,0,35242,1,1,36.263549174280691,0,4,4,12,11.5,13,10,16,0.20415980931842687,140,0.40000000000000002,False,False,"[{""validation_file"": ""PN06-1.edf"", ""train_files"": [""PN06-2.edf"", ""PN06-4.edf"", ""PN06-5.edf""]}, {""validation_file"": ""PN06-2.edf"", ""train_files"": [""PN06-1.edf"", ""PN06-4.edf"", ""PN06-5.edf""]}, {""validation_file"": ""PN06-4.edf"", ""train_files"": [""PN06-1.edf"", ""PN06-2.edf"", ""PN06-5.edf""]}, {""validation_file"": ""PN06-5.edf"", ""train_files"": [""PN06-1.edf"", ""PN06-2.edf"", ""PN06-4.edf""]}]","[""PN06-1.edf"", ""PN06-2.edf"", ""PN06-4.edf"", ""PN06-5.edf""]",PN06,E0_LR,PN06-3.edf,nested
4,4,4,338,2,342,6735,35282,40,0,0,35242,1,1,34.526984847624995,0,4,4,12,11.5,13,10,16,0.19110720163441347,140,0.45000000000000001,False,False,"[{""validation_file"": ""PN06-1.edf"", ""train_files"": [""PN06-2.edf"", ""PN06-4.edf"", ""PN06-5.edf""]}, {""validation_file"": ""PN06-2.edf"", ""train_files"": [""PN06-1.edf"", ""PN06-4.edf"", ""PN06-5.edf""]}, {""validation_file"": ""PN06-4.edf"", ""train_files"": [""PN06-1.edf"", ""PN06-2.edf"", ""PN06-5.edf""]}, {""validation_file"": ""PN06-5.edf"", ""train_files"": [""PN06-1.edf"", ""PN06-2.edf"", ""PN06-4.edf""]}]","[""PN06-1.edf"", ""PN06-2.edf"", ""PN06-4.edf"", ""PN06-5.edf""]",PN06,E0_LR,PN06-3.edf,nested
4,4,4,322,2,326,6310,35282,40,0,0,35242,1,1,32.892571363713749,0,4,4,12,11.5,13,10,16,0.17904772714374895,140,0.5,False,False,"[{""validation_file"": ""PN06-1.edf"", ""train_files"": [""PN06-2.edf"", ""PN06-4.edf"", ""PN06-5.edf""]}, {""validation_file"": ""PN06-2.edf"", ""train_files"": [""PN06-1.edf"", ""PN06-4.edf"", ""PN06-5.edf""]}, {""validation_file"": ""PN06-4.edf"", ""train_files"": [""PN06-1.edf"", ""PN06-2.edf"", ""PN06-5.edf""]}, {""validation_file"": ""PN06-5.edf"", ""train_files"": [""PN06-1.edf"", ""PN06-2.edf"", ""PN06-4.edf""]}]","[""PN06-1.edf"", ""PN06-2.edf"", ""PN06-4.edf"", ""PN06-5.edf""]",PN06,E0_LR,PN06-3.edf,nested
4,4,4,310,2,314,5920,35282,40,0,0,35242,1,1,31.666761250780318,0,4,4,12,11.5,13,10,16,0.16798138584643324,140,0.55000000000000004,False,False,"[{""validation_file"": ""PN06-1.edf"", ""train_files"": [""PN06-2.edf"", ""PN06-4.edf"", ""PN06-5.edf""]}, {""validation_file"": ""PN06-2.edf"", ""train_files"": [""PN06-1.edf"", ""PN06-4.edf"", ""PN06-5.edf""]}, {""validation_file"": ""PN06-4.edf"", ""train_files"": [""PN06-1.edf"", ""PN06-2.edf"", ""PN06-5.edf""]}, {""validation_file"": ""PN06-5.edf"", ""train_files"": [""PN06-1.edf"", ""PN06-2.edf"", ""PN06-4.edf""]}]","[""PN06-1.edf"", ""PN06-2.edf"", ""PN06-4.edf"", ""PN06-5.edf""]",PN06,E0_LR,PN06-3.edf,nested
4,4,4,303,2,307,5650,35282,40,0,0,35242,1,1,30.951705351569149,0,4,4,12,11.5,13,10,16,0.16032007264059928,140,0.59999999999999998,False,False,"[{""validation_file"": ""PN06-1.edf"", ""train_files"": [""PN06-2.edf"", ""PN06-4.edf"", ""PN06-5.edf""]}, {""validation_file"": ""PN06-2.edf"", ""train_files"": [""PN06-1.edf"", ""PN06-4.edf"", ""PN06-5.edf""]}, {""validation_file"": ""PN06-4.edf"", ""train_files"": [""PN06-1.edf"", ""PN06-2.edf"", ""PN06-5.edf""]}, {""validation_file"": ""PN06-5.edf"", ""train_files"": [""PN06-1.edf"", ""PN06-2.edf"", ""PN06-4.edf""]}]","[""PN06-1.edf"", ""PN06-2.edf"", ""PN06-4.edf"", ""PN06-5.edf""]",PN06,E0_LR,PN06-3.edf,nested
4,4,4,291,2,295,5230,35282,40,0,0,35242,1,1,29.725895238635719,0,4,4,12,11.5,13,10,16,0.14840247432041315,140,0.65000000000000002,False,False,"[{""validation_file"": ""PN06-1.edf"", ""train_files"": [""PN06-2.edf"", ""PN06-4.edf"", ""PN06-5.edf""]}, {""validation_file"": ""PN06-2.edf"", ""train_files"": [""PN06-1.edf"", ""PN06-4.edf"", ""PN06-5.edf""]}, {""validation_file"": ""PN06-4.edf"", ""train_files"": [""PN06-1.edf"", ""PN06-2.edf"", ""PN06-5.edf""]}, {""validation_file"": ""PN06-5.edf"", ""train_files"": [""PN06-1.edf"", ""PN06-2.edf"", ""PN06-4.edf""]}]","[""PN06-1.edf"", ""PN06-2.edf"", ""PN06-4.edf"", ""PN06-5.edf""]",PN06,E0_LR,PN06-3.edf,nested
4,4,4,271,1,275,4780,35282,40,0,0,35242,1,1,27.682878383746665,0,4,4,12,11.5,13,10,16,0.13563361897735657,140,0.69999999999999996,False,False,"[{""validation_file"": ""PN06-1.edf"", ""train_files"": [""PN06-2.edf"", ""PN06-4.edf"", ""PN06-5.edf""]}, {""validation_file"": ""PN06-2.edf"", ""train_files"": [""PN06-1.edf"", ""PN06-4.edf"", ""PN06-5.edf""]}, {""validation_file"": ""PN06-4.edf"", ""train_files"": [""PN06-1.edf"", ""PN06-2.edf"", ""PN06-5.edf""]}, {""validation_file"": ""PN06-5.edf"", ""train_files"": [""PN06-1.edf"", ""PN06-2.edf"", ""PN06-4.edf""]}]","[""PN06-1.edf"", ""PN06-2.edf"", ""PN06-4.edf"", ""PN06-5.edf""]",PN06,E0_LR,PN06-3.edf,nested
4,4,4,248,2,252,4365,35282,40,0,0,35242,1,1,25.333409000624254,0,4,4,12,11.5,13,10,16,0.12385789682764883,140,0.75,False,False,"[{""validation_file"": ""PN06-1.edf"", ""train_files"": [""PN06-2.edf"", ""PN06-4.edf"", ""PN06-5.edf""]}, {""validation_file"": ""PN06-2.edf"", ""train_files"": [""PN06-1.edf"", ""PN06-4.edf"", ""PN06-5.edf""]}, {""validation_file"": ""PN06-4.edf"", ""train_files"": [""PN06-1.edf"", ""PN06-2.edf"", ""PN06-5.edf""]}, {""validation_file"": ""PN06-5.edf"", ""train_files"": [""PN06-1.edf"", ""PN06-2.edf"", ""PN06-4.edf""]}]","[""PN06-1.edf"", ""PN06-2.edf"", ""PN06-4.edf"", ""PN06-5.edf""]",PN06,E0_LR,PN06-3.edf,nested
4,4,4,229,1,233,4025,35282,40,0,0,35242,1,1,23.392542988479654,0,4,4,14,11.5,18.75,10,27,0.1142103172351172,140,0.80000000000000004,False,False,"[{""validation_file"": ""PN06-1.edf"", ""train_files"": [""PN06-2.edf"", ""PN06-4.edf"", ""PN06-5.edf""]}, {""validation_file"": ""PN06-2.edf"", ""train_files"": [""PN06-1.edf"", ""PN06-4.edf"", ""PN06-5.edf""]}, {""validation_file"": ""PN06-4.edf"", ""train_files"": [""PN06-1.edf"", ""PN06-2.edf"", ""PN06-5.edf""]}, {""validation_file"": ""PN06-5.edf"", ""train_files"": [""PN06-1.edf"", ""PN06-2.edf"", ""PN06-4.edf""]}]","[""PN06-1.edf"", ""PN06-2.edf"", ""PN06-4.edf"", ""PN06-5.edf""]",PN06,E0_LR,PN06-3.edf,nested
4,4,4,213,1,217,3635,35282,40,0,0,35242,1,1,21.758129504568412,0,4,4,14,11.5,18.75,10,27,0.10314397593780149,135,0.84999999999999998,False,False,"[{""validation_file"": ""PN06-1.edf"", ""train_files"": [""PN06-2.edf"", ""PN06-4.edf"", ""PN06-5.edf""]}, {""validation_file"": ""PN06-2.edf"", ""train_files"": [""PN06-1.edf"", ""PN06-4.edf"", ""PN06-5.edf""]}, {""validation_file"": ""PN06-4.edf"", ""train_files"": [""PN06-1.edf"", ""PN06-2.edf"", ""PN06-5.edf""]}, {""validation_file"": ""PN06-5.edf"", ""train_files"": [""PN06-1.edf"", ""PN06-2.edf"", ""PN06-4.edf""]}]","[""PN06-1.edf"", ""PN06-2.edf"", ""PN06-4.edf"", ""PN06-5.edf""]",PN06,E0_LR,PN06-3.edf,nested
4,4,4,180,1,184,3110,35282,40,0,0,35242,1,1,18.387151694001474,0,4,4,14,11.5,18.75,10,27,0.088246978037568813,135,0.90000000000000002,False,False,"[{""validation_file"": ""PN06-1.edf"", ""train_files"": [""PN06-2.edf"", ""PN06-4.edf"", ""PN06-5.edf""]}, {""validation_file"": ""PN06-2.edf"", ""train_files"": [""PN06-1.edf"", ""PN06-4.edf"", ""PN06-5.edf""]}, {""validation_file"": ""PN06-4.edf"", ""train_files"": [""PN06-1.edf"", ""PN06-2.edf"", ""PN06-5.edf""]}, {""validation_file"": ""PN06-5.edf"", ""train_files"": [""PN06-1.edf"", ""PN06-2.edf"", ""PN06-4.edf""]}]","[""PN06-1.edf"", ""PN06-2.edf"", ""PN06-4.edf"", ""PN06-5.edf""]",PN06,E0_LR,PN06-3.edf,nested
4,4,4,140,3,144,2425,35282,40,0,0,35242,1,1,14.301117984223369,0,4,4,14,11.5,18.75,10,27,0.068809942682027128,135,0.94999999999999996,False,False,"[{""validation_file"": ""PN06-1.edf"", ""train_files"": [""PN06-2.edf"", ""PN06-4.edf"", ""PN06-5.edf""]}, {""validation_file"": ""PN06-2.edf"", ""train_files"": [""PN06-1.edf"", ""PN06-4.edf"", ""PN06-5.edf""]}, {""validation_file"": ""PN06-4.edf"", ""train_files"": [""PN06-1.edf"", ""PN06-2.edf"", ""PN06-5.edf""]}, {""validation_file"": ""PN06-5.edf"", ""train_files"": [""PN06-1.edf"", ""PN06-2.edf"", ""PN06-4.edf""]}]","[""PN06-1.edf"", ""PN06-2.edf"", ""PN06-4.edf"", ""PN06-5.edf""]",PN06,E0_LR,PN06-3.edf,nested
4,0,0,0,0,0,0,35282,40,0,0,35242,0,0,0,4,0,0,,,,,,0,0,1.01,True,True,"[{""validation_file"": ""PN06-1.edf"", ""train_files"": [""PN06-2.edf"", ""PN06-4.edf"", ""PN06-5.edf""]}, {""validation_file"": ""PN06-2.edf"", ""train_files"": [""PN06-1.edf"", ""PN06-4.edf"", ""PN06-5.edf""]}, {""validation_file"": ""PN06-4.edf"", ""train_files"": [""PN06-1.edf"", ""PN06-2.edf"", ""PN06-5.edf""]}, {""validation_file"": ""PN06-5.edf"", ""train_files"": [""PN06-1.edf"", ""PN06-2.edf"", ""PN06-4.edf""]}]","[""PN06-1.edf"", ""PN06-2.edf"", ""PN06-4.edf"", ""PN06-5.edf""]",PN06,E0_LR,PN06-3.edf,nested
4,3,4,276,1,279,5475,36437,40,0,0,36397,0.75,1,27.298953210429431,1,3,3,22,13.5,24.5,5,27,0.15042448553452206,140,0.050000000000000003,False,False,"[{""validation_file"": ""PN06-1.edf"", ""train_files"": [""PN06-2.edf"", ""PN06-3.edf"", ""PN06-5.edf""]}, {""validation_file"": ""PN06-2.edf"", ""train_files"": [""PN06-1.edf"", ""PN06-3.edf"", ""PN06-5.edf""]}, {""validation_file"": ""PN06-3.edf"", ""train_files"": [""PN06-1.edf"", ""PN06-2.edf"", ""PN06-5.edf""]}, {""validation_file"": ""PN06-5.edf"", ""train_files"": [""PN06-1.edf"", ""PN06-2.edf"", ""PN06-3.edf""]}]","[""PN06-1.edf"", ""PN06-2.edf"", ""PN06-3.edf"", ""PN06-5.edf""]",PN06,E0_LR,PN06-4.edf,nested
4,3,4,227,1,230,4330,36437,40,0,0,36397,0.75,1,22.452399923070583,1,3,3,22,13.5,24.5,5,27,0.11896584883369508,120,0.10000000000000001,False,False,"[{""validation_file"": ""PN06-1.edf"", ""train_files"": [""PN06-2.edf"", ""PN06-3.edf"", ""PN06-5.edf""]}, {""validation_file"": ""PN06-2.edf"", ""train_files"": [""PN06-1.edf"", ""PN06-3.edf"", ""PN06-5.edf""]}, {""validation_file"": ""PN06-3.edf"", ""train_files"": [""PN06-1.edf"", ""PN06-2.edf"", ""PN06-5.edf""]}, {""validation_file"": ""PN06-5.edf"", ""train_files"": [""PN06-1.edf"", ""PN06-2.edf"", ""PN06-3.edf""]}]","[""PN06-1.edf"", ""PN06-2.edf"", ""PN06-3.edf"", ""PN06-5.edf""]",PN06,E0_LR,PN06-4.edf,nested
4,4,4,198,1,202,3715,36437,40,0,0,36397,1,1,19.584031650960245,0,4,4,24.5,17.75,29,5,35,0.1020688518284474,120,0.14999999999999999,False,False,"[{""validation_file"": ""PN06-1.edf"", ""train_files"": [""PN06-2.edf"", ""PN06-3.edf"", ""PN06-5.edf""]}, {""validation_file"": ""PN06-2.edf"", ""train_files"": [""PN06-1.edf"", ""PN06-3.edf"", ""PN06-5.edf""]}, {""validation_file"": ""PN06-3.edf"", ""train_files"": [""PN06-1.edf"", ""PN06-2.edf"", ""PN06-5.edf""]}, {""validation_file"": ""PN06-5.edf"", ""train_files"": [""PN06-1.edf"", ""PN06-2.edf"", ""PN06-3.edf""]}]","[""PN06-1.edf"", ""PN06-2.edf"", ""PN06-3.edf"", ""PN06-5.edf""]",PN06,E0_LR,PN06-4.edf,nested
4,4,4,185,1,189,3350,36437,40,0,0,36397,1,1,18.298211391048714,0,4,4,24.5,17.75,29,5,35,0.092040552792812591,120,0.20000000000000001,False,False,"[{""validation_file"": ""PN06-1.edf"", ""train_files"": [""PN06-2.edf"", ""PN06-3.edf"", ""PN06-5.edf""]}, {""validation_file"": ""PN06-2.edf"", ""train_files"": [""PN06-1.edf"", ""PN06-3.edf"", ""PN06-5.edf""]}, {""validation_file"": ""PN06-3.edf"", ""train_files"": [""PN06-1.edf"", ""PN06-2.edf"", ""PN06-5.edf""]}, {""validation_file"": ""PN06-5.edf"", ""train_files"": [""PN06-1.edf"", ""PN06-2.edf"", ""PN06-3.edf""]}]","[""PN06-1.edf"", ""PN06-2.edf"", ""PN06-3.edf"", ""PN06-5.edf""]",PN06,E0_LR,PN06-4.edf,nested
4,4,4,170,0,174,3100,36437,40,0,0,36397,1,1,16.814572629612332,0,4,4,31,21.5,35.5,5,37,0.085171854823199708,120,0.25,False,False,"[{""validation_file"": ""PN06-1.edf"", ""train_files"": [""PN06-2.edf"", ""PN06-3.edf"", ""PN06-5.edf""]}, {""validation_file"": ""PN06-2.edf"", ""train_files"": [""PN06-1.edf"", ""PN06-3.edf"", ""PN06-5.edf""]}, {""validation_file"": ""PN06-3.edf"", ""train_files"": [""PN06-1.edf"", ""PN06-2.edf"", ""PN06-5.edf""]}, {""validation_file"": ""PN06-5.edf"", ""train_files"": [""PN06-1.edf"", ""PN06-2.edf"", ""PN06-3.edf""]}]","[""PN06-1.edf"", ""PN06-2.edf"", ""PN06-3.edf"", ""PN06-5.edf""]",PN06,E0_LR,PN06-4.edf,nested
4,4,4,164,0,168,2900,36437,40,0,0,36397,1,1,16.221117125037779,0,4,4,31,21.5,35.5,5,37,0.079676896447509415,120,0.29999999999999999,False,False,"[{""validation_file"": ""PN06-1.edf"", ""train_files"": [""PN06-2.edf"", ""PN06-3.edf"", ""PN06-5.edf""]}, {""validation_file"": ""PN06-2.edf"", ""train_files"": [""PN06-1.edf"", ""PN06-3.edf"", ""PN06-5.edf""]}, {""validation_file"": ""PN06-3.edf"", ""train_files"": [""PN06-1.edf"", ""PN06-2.edf"", ""PN06-5.edf""]}, {""validation_file"": ""PN06-5.edf"", ""train_files"": [""PN06-1.edf"", ""PN06-2.edf"", ""PN06-3.edf""]}]","[""PN06-1.edf"", ""PN06-2.edf"", ""PN06-3.edf"", ""PN06-5.edf""]",PN06,E0_LR,PN06-4.edf,nested
4,4,4,155,0,159,2725,36437,40,0,0,36397,1,1,15.330933868175949,0,4,4,31,22.75,35.5,10,37,0.07486880786878039,120,0.34999999999999998,False,False,"[{""validation_file"": ""PN06-1.edf"", ""train_files"": [""PN06-2.edf"", ""PN06-3.edf"", ""PN06-5.edf""]}, {""validation_file"": ""PN06-2.edf"", ""train_files"": [""PN06-1.edf"", ""PN06-3.edf"", ""PN06-5.edf""]}, {""validation_file"": ""PN06-3.edf"", ""train_files"": [""PN06-1.edf"", ""PN06-2.edf"", ""PN06-5.edf""]}, {""validation_file"": ""PN06-5.edf"", ""train_files"": [""PN06-1.edf"", ""PN06-2.edf"", ""PN06-3.edf""]}]","[""PN06-1.edf"", ""PN06-2.edf"", ""PN06-3.edf"", ""PN06-5.edf""]",PN06,E0_LR,PN06-4.edf,nested
4,4,4,149,0,153,2590,36437,40,0,0,36397,1,1,14.737478363601396,0,4,4,31,22.75,35.5,10,37,0.071159710965189443,120,0.40000000000000002,False,False,"[{""validation_file"": ""PN06-1.edf"", ""train_files"": [""PN06-2.edf"", ""PN06-3.edf"", ""PN06-5.edf""]}, {""validation_file"": ""PN06-2.edf"", ""train_files"": [""PN06-1.edf"", ""PN06-3.edf"", ""PN06-5.edf""]}, {""validation_file"": ""PN06-3.edf"", ""train_files"": [""PN06-1.edf"", ""PN06-2.edf"", ""PN06-5.edf""]}, {""validation_file"": ""PN06-5.edf"", ""train_files"": [""PN06-1.edf"", ""PN06-2.edf"", ""PN06-3.edf""]}]","[""PN06-1.edf"", ""PN06-2.edf"", ""PN06-3.edf"", ""PN06-5.edf""]",PN06,E0_LR,PN06-4.edf,nested
4,4,4,142,0,146,2390,36437,40,0,0,36397,1,1,14.045113608264417,0,4,4,31,22.75,35.5,10,37,0.065664752589499137,115,0.45000000000000001,False,False,"[{""validation_file"": ""PN06-1.edf"", ""train_files"": [""PN06-2.edf"", ""PN06-3.edf"", ""PN06-5.edf""]}, {""validation_file"": ""PN06-2.edf"", ""train_files"": [""PN06-1.edf"", ""PN06-3.edf"", ""PN06-5.edf""]}, {""validation_file"": ""PN06-3.edf"", ""train_files"": [""PN06-1.edf"", ""PN06-2.edf"", ""PN06-5.edf""]}, {""validation_file"": ""PN06-5.edf"", ""train_files"": [""PN06-1.edf"", ""PN06-2.edf"", ""PN06-3.edf""]}]","[""PN06-1.edf"", ""PN06-2.edf"", ""PN06-3.edf"", ""PN06-5.edf""]",PN06,E0_LR,PN06-4.edf,nested
4,4,4,133,0,137,2255,36437,40,0,0,36397,1,1,13.154930351402587,0,4,4,31,22.75,35.5,10,37,0.061955655685908176,115,0.5,False,False,"[{""validation_file"": ""PN06-1.edf"", ""train_files"": [""PN06-2.edf"", ""PN06-3.edf"", ""PN06-5.edf""]}, {""validation_file"": ""PN06-2.edf"", ""train_files"": [""PN06-1.edf"", ""PN06-3.edf"", ""PN06-5.edf""]}, {""validation_file"": ""PN06-3.edf"", ""train_files"": [""PN06-1.edf"", ""PN06-2.edf"", ""PN06-5.edf""]}, {""validation_file"": ""PN06-5.edf"", ""train_files"": [""PN06-1.edf"", ""PN06-2.edf"", ""PN06-3.edf""]}]","[""PN06-1.edf"", ""PN06-2.edf"", ""PN06-3.edf"", ""PN06-5.edf""]",PN06,E0_LR,PN06-4.edf,nested
4,4,4,128,0,132,2130,36437,40,0,0,36397,1,1,12.660384097590461,0,4,4,31,22.75,35.5,10,37,0.058521306701101741,115,0.55000000000000004,False,False,"[{""validation_file"": ""PN06-1.edf"", ""train_files"": [""PN06-2.edf"", ""PN06-3.edf"", ""PN06-5.edf""]}, {""validation_file"": ""PN06-2.edf"", ""train_files"": [""PN06-1.edf"", ""PN06-3.edf"", ""PN06-5.edf""]}, {""validation_file"": ""PN06-3.edf"", ""train_files"": [""PN06-1.edf"", ""PN06-2.edf"", ""PN06-5.edf""]}, {""validation_file"": ""PN06-5.edf"", ""train_files"": [""PN06-1.edf"", ""PN06-2.edf"", ""PN06-3.edf""]}]","[""PN06-1.edf"", ""PN06-2.edf"", ""PN06-3.edf"", ""PN06-5.edf""]",PN06,E0_LR,PN06-4.edf,nested
4,4,4,125,1,129,2015,36437,40,0,0,36397,1,1,12.363656345303184,0,4,4,18.5,8.75,29.5,5,37,0.055361705635079812,115,0.59999999999999998,False,False,"[{""validation_file"": ""PN06-1.edf"", ""train_files"": [""PN06-2.edf"", ""PN06-3.edf"", ""PN06-5.edf""]}, {""validation_file"": ""PN06-2.edf"", ""train_files"": [""PN06-1.edf"", ""PN06-3.edf"", ""PN06-5.edf""]}, {""validation_file"": ""PN06-3.edf"", ""train_files"": [""PN06-1.edf"", ""PN06-2.edf"", ""PN06-5.edf""]}, {""validation_file"": ""PN06-5.edf"", ""train_files"": [""PN06-1.edf"", ""PN06-2.edf"", ""PN06-3.edf""]}]","[""PN06-1.edf"", ""PN06-2.edf"", ""PN06-3.edf"", ""PN06-5.edf""]",PN06,E0_LR,PN06-4.edf,nested
4,4,4,115,1,119,1885,36437,40,0,0,36397,1,1,11.374563837678929,0,4,4,18.5,8.75,29.5,5,37,0.051789982690881115,115,0.65000000000000002,False,False,"[{""validation_file"": ""PN06-1.edf"", ""train_files"": [""PN06-2.edf"", ""PN06-3.edf"", ""PN06-5.edf""]}, {""validation_file"": ""PN06-2.edf"", ""train_files"": [""PN06-1.edf"", ""PN06-3.edf"", ""PN06-5.edf""]}, {""validation_file"": ""PN06-3.edf"", ""train_files"": [""PN06-1.edf"", ""PN06-2.edf"", ""PN06-5.edf""]}, {""validation_file"": ""PN06-5.edf"", ""train_files"": [""PN06-1.edf"", ""PN06-2.edf"", ""PN06-3.edf""]}]","[""PN06-1.edf"", ""PN06-2.edf"", ""PN06-3.edf"", ""PN06-5.edf""]",PN06,E0_LR,PN06-4.edf,nested
4,4,4,110,1,114,1785,36437,40,0,0,36397,1,1,10.880017583866803,0,4,4,18.5,8.75,29.5,5,37,0.049042503503035961,110,0.69999999999999996,False,False,"[{""validation_file"": ""PN06-1.edf"", ""train_files"": [""PN06-2.edf"", ""PN06-3.edf"", ""PN06-5.edf""]}, {""validation_file"": ""PN06-2.edf"", ""train_files"": [""PN06-1.edf"", ""PN06-3.edf"", ""PN06-5.edf""]}, {""validation_file"": ""PN06-3.edf"", ""train_files"": [""PN06-1.edf"", ""PN06-2.edf"", ""PN06-5.edf""]}, {""validation_file"": ""PN06-5.edf"", ""train_files"": [""PN06-1.edf"", ""PN06-2.edf"", ""PN06-3.edf""]}]","[""PN06-1.edf"", ""PN06-2.edf"", ""PN06-3.edf"", ""PN06-5.edf""]",PN06,E0_LR,PN06-4.edf,nested
4,4,4,95,1,99,1595,36437,40,0,0,36397,1,1,9.3963788224304192,0,4,4,18.5,8.75,29.5,5,37,0.043822293046130174,110,0.75,False,False,"[{""validation_file"": ""PN06-1.edf"", ""train_files"": [""PN06-2.edf"", ""PN06-3.edf"", ""PN06-5.edf""]}, {""validation_file"": ""PN06-2.edf"", ""train_files"": [""PN06-1.edf"", ""PN06-3.edf"", ""PN06-5.edf""]}, {""validation_file"": ""PN06-3.edf"", ""train_files"": [""PN06-1.edf"", ""PN06-2.edf"", ""PN06-5.edf""]}, {""validation_file"": ""PN06-5.edf"", ""train_files"": [""PN06-1.edf"", ""PN06-2.edf"", ""PN06-3.edf""]}]","[""PN06-1.edf"", ""PN06-2.edf"", ""PN06-3.edf"", ""PN06-5.edf""]",PN06,E0_LR,PN06-4.edf,nested
4,4,4,81,1,85,1415,36437,40,0,0,36397,1,1,8.0116493117564627,0,4,4,18.5,8.75,29.5,5,37,0.0388768305080089,110,0.80000000000000004,False,False,"[{""validation_file"": ""PN06-1.edf"", ""train_files"": [""PN06-2.edf"", ""PN06-3.edf"", ""PN06-5.edf""]}, {""validation_file"": ""PN06-2.edf"", ""train_files"": [""PN06-1.edf"", ""PN06-3.edf"", ""PN06-5.edf""]}, {""validation_file"": ""PN06-3.edf"", ""train_files"": [""PN06-1.edf"", ""PN06-2.edf"", ""PN06-5.edf""]}, {""validation_file"": ""PN06-5.edf"", ""train_files"": [""PN06-1.edf"", ""PN06-2.edf"", ""PN06-3.edf""]}]","[""PN06-1.edf"", ""PN06-2.edf"", ""PN06-3.edf"", ""PN06-5.edf""]",PN06,E0_LR,PN06-4.edf,nested
4,4,4,70,0,74,1235,36437,40,0,0,36397,1,1,6.9236475533697837,0,4,4,18.5,8.75,29.5,5,37,0.033931367969887626,110,0.84999999999999998,False,False,"[{""validation_file"": ""PN06-1.edf"", ""train_files"": [""PN06-2.edf"", ""PN06-3.edf"", ""PN06-5.edf""]}, {""validation_file"": ""PN06-2.edf"", ""train_files"": [""PN06-1.edf"", ""PN06-3.edf"", ""PN06-5.edf""]}, {""validation_file"": ""PN06-3.edf"", ""train_files"": [""PN06-1.edf"", ""PN06-2.edf"", ""PN06-5.edf""]}, {""validation_file"": ""PN06-5.edf"", ""train_files"": [""PN06-1.edf"", ""PN06-2.edf"", ""PN06-3.edf""]}]","[""PN06-1.edf"", ""PN06-2.edf"", ""PN06-3.edf"", ""PN06-5.edf""]",PN06,E0_LR,PN06-4.edf,nested
4,4,4,61,0,65,1070,36437,40,0,0,36397,1,1,6.0334642965079537,0,4,4,18.5,8.75,30.75,5,42,0.029398027309943127,110,0.90000000000000002,False,False,"[{""validation_file"": ""PN06-1.edf"", ""train_files"": [""PN06-2.edf"", ""PN06-3.edf"", ""PN06-5.edf""]}, {""validation_file"": ""PN06-2.edf"", ""train_files"": [""PN06-1.edf"", ""PN06-3.edf"", ""PN06-5.edf""]}, {""validation_file"": ""PN06-3.edf"", ""train_files"": [""PN06-1.edf"", ""PN06-2.edf"", ""PN06-5.edf""]}, {""validation_file"": ""PN06-5.edf"", ""train_files"": [""PN06-1.edf"", ""PN06-2.edf"", ""PN06-3.edf""]}]","[""PN06-1.edf"", ""PN06-2.edf"", ""PN06-3.edf"", ""PN06-5.edf""]",PN06,E0_LR,PN06-4.edf,nested
4,4,4,47,1,51,770,36437,40,0,0,36397,1,1,4.6487347858339971,0,4,4,18.5,8.75,30.75,5,42,0.021155589746407671,50,0.94999999999999996,False,False,"[{""validation_file"": ""PN06-1.edf"", ""train_files"": [""PN06-2.edf"", ""PN06-3.edf"", ""PN06-5.edf""]}, {""validation_file"": ""PN06-2.edf"", ""train_files"": [""PN06-1.edf"", ""PN06-3.edf"", ""PN06-5.edf""]}, {""validation_file"": ""PN06-3.edf"", ""train_files"": [""PN06-1.edf"", ""PN06-2.edf"", ""PN06-5.edf""]}, {""validation_file"": ""PN06-5.edf"", ""train_files"": [""PN06-1.edf"", ""PN06-2.edf"", ""PN06-3.edf""]}]","[""PN06-1.edf"", ""PN06-2.edf"", ""PN06-3.edf"", ""PN06-5.edf""]",PN06,E0_LR,PN06-4.edf,nested
4,0,0,0,0,0,0,36437,40,0,0,36397,0,0,0,4,0,0,,,,,,0,0,1.01,True,True,"[{""validation_file"": ""PN06-1.edf"", ""train_files"": [""PN06-2.edf"", ""PN06-3.edf"", ""PN06-5.edf""]}, {""validation_file"": ""PN06-2.edf"", ""train_files"": [""PN06-1.edf"", ""PN06-3.edf"", ""PN06-5.edf""]}, {""validation_file"": ""PN06-3.edf"", ""train_files"": [""PN06-1.edf"", ""PN06-2.edf"", ""PN06-5.edf""]}, {""validation_file"": ""PN06-5.edf"", ""train_files"": [""PN06-1.edf"", ""PN06-2.edf"", ""PN06-3.edf""]}]","[""PN06-1.edf"", ""PN06-2.edf"", ""PN06-3.edf"", ""PN06-5.edf""]",PN06,E0_LR,PN06-4.edf,nested
4,3,4,397,0,400,7515,37440,40,0,0,37400,0.75,1,38.213903743315505,1,3,3,16,8,19,0,22,0.20093582887700534,145,0.050000000000000003,False,False,"[{""validation_file"": ""PN06-1.edf"", ""train_files"": [""PN06-2.edf"", ""PN06-3.edf"", ""PN06-4.edf""]}, {""validation_file"": ""PN06-2.edf"", ""train_files"": [""PN06-1.edf"", ""PN06-3.edf"", ""PN06-4.edf""]}, {""validation_file"": ""PN06-3.edf"", ""train_files"": [""PN06-1.edf"", ""PN06-2.edf"", ""PN06-4.edf""]}, {""validation_file"": ""PN06-4.edf"", ""train_files"": [""PN06-1.edf"", ""PN06-2.edf"", ""PN06-3.edf""]}]","[""PN06-1.edf"", ""PN06-2.edf"", ""PN06-3.edf"", ""PN06-4.edf""]",PN06,E0_LR,PN06-5.edf,nested
4,3,4,318,0,321,5775,37440,40,0,0,37400,0.75,1,30.609625668449198,1,3,3,16,10.5,19,5,22,0.15441176470588236,140,0.10000000000000001,False,False,"[{""validation_file"": ""PN06-1.edf"", ""train_files"": [""PN06-2.edf"", ""PN06-3.edf"", ""PN06-4.edf""]}, {""validation_file"": ""PN06-2.edf"", ""train_files"": [""PN06-1.edf"", ""PN06-3.edf"", ""PN06-4.edf""]}, {""validation_file"": ""PN06-3.edf"", ""train_files"": [""PN06-1.edf"", ""PN06-2.edf"", ""PN06-4.edf""]}, {""validation_file"": ""PN06-4.edf"", ""train_files"": [""PN06-1.edf"", ""PN06-2.edf"", ""PN06-3.edf""]}]","[""PN06-1.edf"", ""PN06-2.edf"", ""PN06-3.edf"", ""PN06-4.edf""]",PN06,E0_LR,PN06-5.edf,nested
4,3,4,275,0,278,4990,37440,40,0,0,37400,0.75,1,26.470588235294116,1,3,3,16,10.5,19,5,22,0.13342245989304813,125,0.14999999999999999,False,False,"[{""validation_file"": ""PN06-1.edf"", ""train_files"": [""PN06-2.edf"", ""PN06-3.edf"", ""PN06-4.edf""]}, {""validation_file"": ""PN06-2.edf"", ""train_files"": [""PN06-1.edf"", ""PN06-3.edf"", ""PN06-4.edf""]}, {""validation_file"": ""PN06-3.edf"", ""train_files"": [""PN06-1.edf"", ""PN06-2.edf"", ""PN06-4.edf""]}, {""validation_file"": ""PN06-4.edf"", ""train_files"": [""PN06-1.edf"", ""PN06-2.edf"", ""PN06-3.edf""]}]","[""PN06-1.edf"", ""PN06-2.edf"", ""PN06-3.edf"", ""PN06-4.edf""]",PN06,E0_LR,PN06-5.edf,nested
4,3,4,245,0,248,4435,37440,40,0,0,37400,0.75,1,23.582887700534759,1,3,3,16,10.5,19,5,22,0.11858288770053475,120,0.20000000000000001,False,False,"[{""validation_file"": ""PN06-1.edf"", ""train_files"": [""PN06-2.edf"", ""PN06-3.edf"", ""PN06-4.edf""]}, {""validation_file"": ""PN06-2.edf"", ""train_files"": [""PN06-1.edf"", ""PN06-3.edf"", ""PN06-4.edf""]}, {""validation_file"": ""PN06-3.edf"", ""train_files"": [""PN06-1.edf"", ""PN06-2.edf"", ""PN06-4.edf""]}, {""validation_file"": ""PN06-4.edf"", ""train_files"": [""PN06-1.edf"", ""PN06-2.edf"", ""PN06-3.edf""]}]","[""PN06-1.edf"", ""PN06-2.edf"", ""PN06-3.edf"", ""PN06-4.edf""]",PN06,E0_LR,PN06-5.edf,nested
4,3,4,215,0,218,3910,37440,40,0,0,37400,0.75,1,20.695187165775401,1,3,3,16,10.5,19,5,22,0.10454545454545454,115,0.25,False,False,"[{""validation_file"": ""PN06-1.edf"", ""train_files"": [""PN06-2.edf"", ""PN06-3.edf"", ""PN06-4.edf""]}, {""validation_file"": ""PN06-2.edf"", ""train_files"": [""PN06-1.edf"", ""PN06-3.edf"", ""PN06-4.edf""]}, {""validation_file"": ""PN06-3.edf"", ""train_files"": [""PN06-1.edf"", ""PN06-2.edf"", ""PN06-4.edf""]}, {""validation_file"": ""PN06-4.edf"", ""train_files"": [""PN06-1.edf"", ""PN06-2.edf"", ""PN06-3.edf""]}]","[""PN06-1.edf"", ""PN06-2.edf"", ""PN06-3.edf"", ""PN06-4.edf""]",PN06,E0_LR,PN06-5.edf,nested
4,3,4,196,0,199,3565,37440,40,0,0,37400,0.75,1,18.866310160427808,1,3,3,16,10.5,19,5,22,0.095320855614973263,115,0.29999999999999999,False,False,"[{""validation_file"": ""PN06-1.edf"", ""train_files"": [""PN06-2.edf"", ""PN06-3.edf"", ""PN06-4.edf""]}, {""validation_file"": ""PN06-2.edf"", ""train_files"": [""PN06-1.edf"", ""PN06-3.edf"", ""PN06-4.edf""]}, {""validation_file"": ""PN06-3.edf"", ""train_files"": [""PN06-1.edf"", ""PN06-2.edf"", ""PN06-4.edf""]}, {""validation_file"": ""PN06-4.edf"", ""train_files"": [""PN06-1.edf"", ""PN06-2.edf"", ""PN06-3.edf""]}]","[""PN06-1.edf"", ""PN06-2.edf"", ""PN06-3.edf"", ""PN06-4.edf""]",PN06,E0_LR,PN06-5.edf,nested
4,3,4,177,0,180,3260,37440,40,0,0,37400,0.75,1,17.037433155080215,1,3,3,16,10.5,19,5,22,0.087165775401069512,115,0.34999999999999998,False,False,"[{""validation_file"": ""PN06-1.edf"", ""train_files"": [""PN06-2.edf"", ""PN06-3.edf"", ""PN06-4.edf""]}, {""validation_file"": ""PN06-2.edf"", ""train_files"": [""PN06-1.edf"", ""PN06-3.edf"", ""PN06-4.edf""]}, {""validation_file"": ""PN06-3.edf"", ""train_files"": [""PN06-1.edf"", ""PN06-2.edf"", ""PN06-4.edf""]}, {""validation_file"": ""PN06-4.edf"", ""train_files"": [""PN06-1.edf"", ""PN06-2.edf"", ""PN06-3.edf""]}]","[""PN06-1.edf"", ""PN06-2.edf"", ""PN06-3.edf"", ""PN06-4.edf""]",PN06,E0_LR,PN06-5.edf,nested
4,3,4,164,0,167,3040,37440,40,0,0,37400,0.75,1,15.786096256684491,1,3,3,16,10.5,19,5,22,0.081283422459893048,115,0.40000000000000002,False,False,"[{""validation_file"": ""PN06-1.edf"", ""train_files"": [""PN06-2.edf"", ""PN06-3.edf"", ""PN06-4.edf""]}, {""validation_file"": ""PN06-2.edf"", ""train_files"": [""PN06-1.edf"", ""PN06-3.edf"", ""PN06-4.edf""]}, {""validation_file"": ""PN06-3.edf"", ""train_files"": [""PN06-1.edf"", ""PN06-2.edf"", ""PN06-4.edf""]}, {""validation_file"": ""PN06-4.edf"", ""train_files"": [""PN06-1.edf"", ""PN06-2.edf"", ""PN06-3.edf""]}]","[""PN06-1.edf"", ""PN06-2.edf"", ""PN06-3.edf"", ""PN06-4.edf""]",PN06,E0_LR,PN06-5.edf,nested
4,3,4,153,1,156,2805,37440,40,0,0,37400,0.75,1,14.727272727272727,1,3,3,16,10.5,19,5,22,0.074999999999999997,115,0.45000000000000001,False,False,"[{""validation_file"": ""PN06-1.edf"", ""train_files"": [""PN06-2.edf"", ""PN06-3.edf"", ""PN06-4.edf""]}, {""validation_file"": ""PN06-2.edf"", ""train_files"": [""PN06-1.edf"", ""PN06-3.edf"", ""PN06-4.edf""]}, {""validation_file"": ""PN06-3.edf"", ""train_files"": [""PN06-1.edf"", ""PN06-2.edf"", ""PN06-4.edf""]}, {""validation_file"": ""PN06-4.edf"", ""train_files"": [""PN06-1.edf"", ""PN06-2.edf"", ""PN06-3.edf""]}]","[""PN06-1.edf"", ""PN06-2.edf"", ""PN06-3.edf"", ""PN06-4.edf""]",PN06,E0_LR,PN06-5.edf,nested
4,3,4,138,1,141,2545,37440,40,0,0,37400,0.75,1,13.283422459893048,1,3,3,16,10.5,19,5,22,0.068048128342245995,115,0.5,False,False,"[{""validation_file"": ""PN06-1.edf"", ""train_files"": [""PN06-2.edf"", ""PN06-3.edf"", ""PN06-4.edf""]}, {""validation_file"": ""PN06-2.edf"", ""train_files"": [""PN06-1.edf"", ""PN06-3.edf"", ""PN06-4.edf""]}, {""validation_file"": ""PN06-3.edf"", ""train_files"": [""PN06-1.edf"", ""PN06-2.edf"", ""PN06-4.edf""]}, {""validation_file"": ""PN06-4.edf"", ""train_files"": [""PN06-1.edf"", ""PN06-2.edf"", ""PN06-3.edf""]}]","[""PN06-1.edf"", ""PN06-2.edf"", ""PN06-3.edf"", ""PN06-4.edf""]",PN06,E0_LR,PN06-5.edf,nested
4,3,4,124,1,127,2315,37440,40,0,0,37400,0.75,1,11.935828877005347,1,3,3,16,13,19,10,22,0.061898395721925133,115,0.55000000000000004,False,False,"[{""validation_file"": ""PN06-1.edf"", ""train_files"": [""PN06-2.edf"", ""PN06-3.edf"", ""PN06-4.edf""]}, {""validation_file"": ""PN06-2.edf"", ""train_files"": [""PN06-1.edf"", ""PN06-3.edf"", ""PN06-4.edf""]}, {""validation_file"": ""PN06-3.edf"", ""train_files"": [""PN06-1.edf"", ""PN06-2.edf"", ""PN06-4.edf""]}, {""validation_file"": ""PN06-4.edf"", ""train_files"": [""PN06-1.edf"", ""PN06-2.edf"", ""PN06-3.edf""]}]","[""PN06-1.edf"", ""PN06-2.edf"", ""PN06-3.edf"", ""PN06-4.edf""]",PN06,E0_LR,PN06-5.edf,nested
4,4,4,113,1,117,2175,37440,40,0,0,37400,1,1,10.877005347593583,0,4,4,13,7.5,17.5,0,22,0.058155080213903747,115,0.59999999999999998,False,False,"[{""validation_file"": ""PN06-1.edf"", ""train_files"": [""PN06-2.edf"", ""PN06-3.edf"", ""PN06-4.edf""]}, {""validation_file"": ""PN06-2.edf"", ""train_files"": [""PN06-1.edf"", ""PN06-3.edf"", ""PN06-4.edf""]}, {""validation_file"": ""PN06-3.edf"", ""train_files"": [""PN06-1.edf"", ""PN06-2.edf"", ""PN06-4.edf""]}, {""validation_file"": ""PN06-4.edf"", ""train_files"": [""PN06-1.edf"", ""PN06-2.edf"", ""PN06-3.edf""]}]","[""PN06-1.edf"", ""PN06-2.edf"", ""PN06-3.edf"", ""PN06-4.edf""]",PN06,E0_LR,PN06-5.edf,nested
4,4,4,107,1,111,2020,37440,40,0,0,37400,1,1,10.299465240641711,0,4,4,13,7.5,17.5,0,22,0.054010695187165773,70,0.65000000000000002,False,False,"[{""validation_file"": ""PN06-1.edf"", ""train_files"": [""PN06-2.edf"", ""PN06-3.edf"", ""PN06-4.edf""]}, {""validation_file"": ""PN06-2.edf"", ""train_files"": [""PN06-1.edf"", ""PN06-3.edf"", ""PN06-4.edf""]}, {""validation_file"": ""PN06-3.edf"", ""train_files"": [""PN06-1.edf"", ""PN06-2.edf"", ""PN06-4.edf""]}, {""validation_file"": ""PN06-4.edf"", ""train_files"": [""PN06-1.edf"", ""PN06-2.edf"", ""PN06-3.edf""]}]","[""PN06-1.edf"", ""PN06-2.edf"", ""PN06-3.edf"", ""PN06-4.edf""]",PN06,E0_LR,PN06-5.edf,nested
4,4,4,100,1,104,1865,37440,40,0,0,37400,1,1,9.6256684491978604,0,4,4,13,7.5,17.5,0,22,0.049866310160427807,70,0.69999999999999996,False,False,"[{""validation_file"": ""PN06-1.edf"", ""train_files"": [""PN06-2.edf"", ""PN06-3.edf"", ""PN06-4.edf""]}, {""validation_file"": ""PN06-2.edf"", ""train_files"": [""PN06-1.edf"", ""PN06-3.edf"", ""PN06-4.edf""]}, {""validation_file"": ""PN06-3.edf"", ""train_files"": [""PN06-1.edf"", ""PN06-2.edf"", ""PN06-4.edf""]}, {""validation_file"": ""PN06-4.edf"", ""train_files"": [""PN06-1.edf"", ""PN06-2.edf"", ""PN06-3.edf""]}]","[""PN06-1.edf"", ""PN06-2.edf"", ""PN06-3.edf"", ""PN06-4.edf""]",PN06,E0_LR,PN06-5.edf,nested
4,4,4,89,2,93,1660,37440,40,0,0,37400,1,1,8.5668449197860959,0,4,4,13,7.5,17.5,0,22,0.044385026737967917,70,0.75,False,False,"[{""validation_file"": ""PN06-1.edf"", ""train_files"": [""PN06-2.edf"", ""PN06-3.edf"", ""PN06-4.edf""]}, {""validation_file"": ""PN06-2.edf"", ""train_files"": [""PN06-1.edf"", ""PN06-3.edf"", ""PN06-4.edf""]}, {""validation_file"": ""PN06-3.edf"", ""train_files"": [""PN06-1.edf"", ""PN06-2.edf"", ""PN06-4.edf""]}, {""validation_file"": ""PN06-4.edf"", ""train_files"": [""PN06-1.edf"", ""PN06-2.edf"", ""PN06-3.edf""]}]","[""PN06-1.edf"", ""PN06-2.edf"", ""PN06-3.edf"", ""PN06-4.edf""]",PN06,E0_LR,PN06-5.edf,nested
4,4,4,81,2,85,1480,37440,40,0,0,37400,1,1,7.7967914438502675,0,4,4,13,7.5,17.5,0,22,0.039572192513368985,65,0.80000000000000004,False,False,"[{""validation_file"": ""PN06-1.edf"", ""train_files"": [""PN06-2.edf"", ""PN06-3.edf"", ""PN06-4.edf""]}, {""validation_file"": ""PN06-2.edf"", ""train_files"": [""PN06-1.edf"", ""PN06-3.edf"", ""PN06-4.edf""]}, {""validation_file"": ""PN06-3.edf"", ""train_files"": [""PN06-1.edf"", ""PN06-2.edf"", ""PN06-4.edf""]}, {""validation_file"": ""PN06-4.edf"", ""train_files"": [""PN06-1.edf"", ""PN06-2.edf"", ""PN06-3.edf""]}]","[""PN06-1.edf"", ""PN06-2.edf"", ""PN06-3.edf"", ""PN06-4.edf""]",PN06,E0_LR,PN06-5.edf,nested
4,4,4,71,2,75,1275,37440,40,0,0,37400,1,1,6.8342245989304811,0,4,4,13,7.5,17.5,0,22,0.034090909090909088,65,0.84999999999999998,False,False,"[{""validation_file"": ""PN06-1.edf"", ""train_files"": [""PN06-2.edf"", ""PN06-3.edf"", ""PN06-4.edf""]}, {""validation_file"": ""PN06-2.edf"", ""train_files"": [""PN06-1.edf"", ""PN06-3.edf"", ""PN06-4.edf""]}, {""validation_file"": ""PN06-3.edf"", ""train_files"": [""PN06-1.edf"", ""PN06-2.edf"", ""PN06-4.edf""]}, {""validation_file"": ""PN06-4.edf"", ""train_files"": [""PN06-1.edf"", ""PN06-2.edf"", ""PN06-3.edf""]}]","[""PN06-1.edf"", ""PN06-2.edf"", ""PN06-3.edf"", ""PN06-4.edf""]",PN06,E0_LR,PN06-5.edf,nested
4,4,4,60,2,64,1075,37440,40,0,0,37400,1,1,5.7754010695187166,0,4,4,13,7.5,17.5,0,22,0.028743315508021391,65,0.90000000000000002,False,False,"[{""validation_file"": ""PN06-1.edf"", ""train_files"": [""PN06-2.edf"", ""PN06-3.edf"", ""PN06-4.edf""]}, {""validation_file"": ""PN06-2.edf"", ""train_files"": [""PN06-1.edf"", ""PN06-3.edf"", ""PN06-4.edf""]}, {""validation_file"": ""PN06-3.edf"", ""train_files"": [""PN06-1.edf"", ""PN06-2.edf"", ""PN06-4.edf""]}, {""validation_file"": ""PN06-4.edf"", ""train_files"": [""PN06-1.edf"", ""PN06-2.edf"", ""PN06-3.edf""]}]","[""PN06-1.edf"", ""PN06-2.edf"", ""PN06-3.edf"", ""PN06-4.edf""]",PN06,E0_LR,PN06-5.edf,nested
4,4,4,51,2,55,880,37440,40,0,0,37400,1,1,4.9090909090909092,0,4,4,13,8.75,17.5,5,22,0.023529411764705882,65,0.94999999999999996,False,False,"[{""validation_file"": ""PN06-1.edf"", ""train_files"": [""PN06-2.edf"", ""PN06-3.edf"", ""PN06-4.edf""]}, {""validation_file"": ""PN06-2.edf"", ""train_files"": [""PN06-1.edf"", ""PN06-3.edf"", ""PN06-4.edf""]}, {""validation_file"": ""PN06-3.edf"", ""train_files"": [""PN06-1.edf"", ""PN06-2.edf"", ""PN06-4.edf""]}, {""validation_file"": ""PN06-4.edf"", ""train_files"": [""PN06-1.edf"", ""PN06-2.edf"", ""PN06-3.edf""]}]","[""PN06-1.edf"", ""PN06-2.edf"", ""PN06-3.edf"", ""PN06-4.edf""]",PN06,E0_LR,PN06-5.edf,nested
4,0,0,0,0,0,0,37440,40,0,0,37400,0,0,0,4,0,0,,,,,,0,0,1.01,True,True,"[{""validation_file"": ""PN06-1.edf"", ""train_files"": [""PN06-2.edf"", ""PN06-3.edf"", ""PN06-4.edf""]}, {""validation_file"": ""PN06-2.edf"", ""train_files"": [""PN06-1.edf"", ""PN06-3.edf"", ""PN06-4.edf""]}, {""validation_file"": ""PN06-3.edf"", ""train_files"": [""PN06-1.edf"", ""PN06-2.edf"", ""PN06-4.edf""]}, {""validation_file"": ""PN06-4.edf"", ""train_files"": [""PN06-1.edf"", ""PN06-2.edf"", ""PN06-3.edf""]}]","[""PN06-1.edf"", ""PN06-2.edf"", ""PN06-3.edf"", ""PN06-4.edf""]",PN06,E0_LR,PN06-5.edf,nested
4,1,4,356,0,357,7950,33847,40,0,0,33807,0.25,1,37.90930872304552,3,1,1,12,12,12,12,12,0.23515839914810543,305,0.050000000000000003,False,False,"[{""validation_file"": ""PN06-2.edf"", ""train_files"": [""PN06-3.edf"", ""PN06-4.edf"", ""PN06-5.edf""]}, {""validation_file"": ""PN06-3.edf"", ""train_files"": [""PN06-2.edf"", ""PN06-4.edf"", ""PN06-5.edf""]}, {""validation_file"": ""PN06-4.edf"", ""train_files"": [""PN06-2.edf"", ""PN06-3.edf"", ""PN06-5.edf""]}, {""validation_file"": ""PN06-5.edf"", ""train_files"": [""PN06-2.edf"", ""PN06-3.edf"", ""PN06-4.edf""]}]","[""PN06-2.edf"", ""PN06-3.edf"", ""PN06-4.edf"", ""PN06-5.edf""]",PN06,E1_RF,PN06-1.edf,nested
4,3,4,231,0,234,5060,33847,40,0,0,33807,0.75,1,24.59845594107729,1,3,3,12,6,14,0,16,0.14967314461502057,185,0.10000000000000001,False,False,"[{""validation_file"": ""PN06-2.edf"", ""train_files"": [""PN06-3.edf"", ""PN06-4.edf"", ""PN06-5.edf""]}, {""validation_file"": ""PN06-3.edf"", ""train_files"": [""PN06-2.edf"", ""PN06-4.edf"", ""PN06-5.edf""]}, {""validation_file"": ""PN06-4.edf"", ""train_files"": [""PN06-2.edf"", ""PN06-3.edf"", ""PN06-5.edf""]}, {""validation_file"": ""PN06-5.edf"", ""train_files"": [""PN06-2.edf"", ""PN06-3.edf"", ""PN06-4.edf""]}]","[""PN06-2.edf"", ""PN06-3.edf"", ""PN06-4.edf"", ""PN06-5.edf""]",PN06,E1_RF,PN06-1.edf,nested
4,4,4,175,0,179,3625,33847,40,0,0,33807,1,1,18.635193894755524,0,4,4,6,0,13,0,16,0.10722631407696631,160,0.14999999999999999,False,False,"[{""validation_file"": ""PN06-2.edf"", ""train_files"": [""PN06-3.edf"", ""PN06-4.edf"", ""PN06-5.edf""]}, {""validation_file"": ""PN06-3.edf"", ""train_files"": [""PN06-2.edf"", ""PN06-4.edf"", ""PN06-5.edf""]}, {""validation_file"": ""PN06-4.edf"", ""train_files"": [""PN06-2.edf"", ""PN06-3.edf"", ""PN06-5.edf""]}, {""validation_file"": ""PN06-5.edf"", ""train_files"": [""PN06-2.edf"", ""PN06-3.edf"", ""PN06-4.edf""]}]","[""PN06-2.edf"", ""PN06-3.edf"", ""PN06-4.edf"", ""PN06-5.edf""]",PN06,E1_RF,PN06-1.edf,nested
4,4,4,153,0,157,2995,33847,40,0,0,33807,1,1,16.292483805129116,0,4,4,8.5,3.75,13,0,16,0.088591120182210784,150,0.20000000000000001,False,False,"[{""validation_file"": ""PN06-2.edf"", ""train_files"": [""PN06-3.edf"", ""PN06-4.edf"", ""PN06-5.edf""]}, {""validation_file"": ""PN06-3.edf"", ""train_files"": [""PN06-2.edf"", ""PN06-4.edf"", ""PN06-5.edf""]}, {""validation_file"": ""PN06-4.edf"", ""train_files"": [""PN06-2.edf"", ""PN06-3.edf"", ""PN06-5.edf""]}, {""validation_file"": ""PN06-5.edf"", ""train_files"": [""PN06-2.edf"", ""PN06-3.edf"", ""PN06-4.edf""]}]","[""PN06-2.edf"", ""PN06-3.edf"", ""PN06-4.edf"", ""PN06-5.edf""]",PN06,E1_RF,PN06-1.edf,nested
4,4,4,122,0,126,2415,33847,40,0,0,33807,1,1,12.991392315200994,0,4,4,11,7.5,13,0,16,0.071434909929896179,130,0.25,False,False,"[{""validation_file"": ""PN06-2.edf"", ""train_files"": [""PN06-3.edf"", ""PN06-4.edf"", ""PN06-5.edf""]}, {""validation_file"": ""PN06-3.edf"", ""train_files"": [""PN06-2.edf"", ""PN06-4.edf"", ""PN06-5.edf""]}, {""validation_file"": ""PN06-4.edf"", ""train_files"": [""PN06-2.edf"", ""PN06-3.edf"", ""PN06-5.edf""]}, {""validation_file"": ""PN06-5.edf"", ""train_files"": [""PN06-2.edf"", ""PN06-3.edf"", ""PN06-4.edf""]}]","[""PN06-2.edf"", ""PN06-3.edf"", ""PN06-4.edf"", ""PN06-5.edf""]",PN06,E1_RF,PN06-1.edf,nested
4,4,4,103,0,107,1990,33847,40,0,0,33807,1,1,10.968142692341823,0,4,4,11,7.5,13,0,16,0.058863548969148402,120,0.29999999999999999,False,False,"[{""validation_file"": ""PN06-2.edf"", ""train_files"": [""PN06-3.edf"", ""PN06-4.edf"", ""PN06-5.edf""]}, {""validation_file"": ""PN06-3.edf"", ""train_files"": [""PN06-2.edf"", ""PN06-4.edf"", ""PN06-5.edf""]}, {""validation_file"": ""PN06-4.edf"", ""train_files"": [""PN06-2.edf"", ""PN06-3.edf"", ""PN06-5.edf""]}, {""validation_file"": ""PN06-5.edf"", ""train_files"": [""PN06-2.edf"", ""PN06-3.edf"", ""PN06-4.edf""]}]","[""PN06-2.edf"", ""PN06-3.edf"", ""PN06-4.edf"", ""PN06-5.edf""]",PN06,E1_RF,PN06-1.edf,nested
4,4,4,84,0,88,1635,33847,40,0,0,33807,1,1,8.9448930694826512,0,4,4,13,7.5,16.25,0,17,0.048362765107817909,115,0.34999999999999998,False,False,"[{""validation_file"": ""PN06-2.edf"", ""train_files"": [""PN06-3.edf"", ""PN06-4.edf"", ""PN06-5.edf""]}, {""validation_file"": ""PN06-3.edf"", ""train_files"": [""PN06-2.edf"", ""PN06-4.edf"", ""PN06-5.edf""]}, {""validation_file"": ""PN06-4.edf"", ""train_files"": [""PN06-2.edf"", ""PN06-3.edf"", ""PN06-5.edf""]}, {""validation_file"": ""PN06-5.edf"", ""train_files"": [""PN06-2.edf"", ""PN06-3.edf"", ""PN06-4.edf""]}]","[""PN06-2.edf"", ""PN06-3.edf"", ""PN06-4.edf"", ""PN06-5.edf""]",PN06,E1_RF,PN06-1.edf,nested
4,4,4,77,0,81,1360,33847,40,0,0,33807,1,1,8.1994853136924313,0,4,4,15.5,12.5,16.25,5,17,0.040228355074392874,115,0.40000000000000002,False,False,"[{""validation_file"": ""PN06-2.edf"", ""train_files"": [""PN06-3.edf"", ""PN06-4.edf"", ""PN06-5.edf""]}, {""validation_file"": ""PN06-3.edf"", ""train_files"": [""PN06-2.edf"", ""PN06-4.edf"", ""PN06-5.edf""]}, {""validation_file"": ""PN06-4.edf"", ""train_files"": [""PN06-2.edf"", ""PN06-3.edf"", ""PN06-5.edf""]}, {""validation_file"": ""PN06-5.edf"", ""train_files"": [""PN06-2.edf"", ""PN06-3.edf"", ""PN06-4.edf""]}]","[""PN06-2.edf"", ""PN06-3.edf"", ""PN06-4.edf"", ""PN06-5.edf""]",PN06,E1_RF,PN06-1.edf,nested
4,4,4,62,0,66,1140,33847,40,0,0,33807,1,1,6.6021829798562424,0,4,4,15.5,12.5,16.25,5,17,0.033720827047652856,115,0.45000000000000001,False,False,"[{""validation_file"": ""PN06-2.edf"", ""train_files"": [""PN06-3.edf"", ""PN06-4.edf"", ""PN06-5.edf""]}, {""validation_file"": ""PN06-3.edf"", ""train_files"": [""PN06-2.edf"", ""PN06-4.edf"", ""PN06-5.edf""]}, {""validation_file"": ""PN06-4.edf"", ""train_files"": [""PN06-2.edf"", ""PN06-3.edf"", ""PN06-5.edf""]}, {""validation_file"": ""PN06-5.edf"", ""train_files"": [""PN06-2.edf"", ""PN06-3.edf"", ""PN06-4.edf""]}]","[""PN06-2.edf"", ""PN06-3.edf"", ""PN06-4.edf"", ""PN06-5.edf""]",PN06,E1_RF,PN06-1.edf,nested
4,4,4,50,0,54,905,33847,40,0,0,33807,1,1,5.3243411127872928,0,4,4,15.5,12.5,16.25,5,17,0.026769603928180553,70,0.5,False,False,"[{""validation_file"": ""PN06-2.edf"", ""train_files"": [""PN06-3.edf"", ""PN06-4.edf"", ""PN06-5.edf""]}, {""validation_file"": ""PN06-3.edf"", ""train_files"": [""PN06-2.edf"", ""PN06-4.edf"", ""PN06-5.edf""]}, {""validation_file"": ""PN06-4.edf"", ""train_files"": [""PN06-2.edf"", ""PN06-3.edf"", ""PN06-5.edf""]}, {""validation_file"": ""PN06-5.edf"", ""train_files"": [""PN06-2.edf"", ""PN06-3.edf"", ""PN06-4.edf""]}]","[""PN06-2.edf"", ""PN06-3.edf"", ""PN06-4.edf"", ""PN06-5.edf""]",PN06,E1_RF,PN06-1.edf,nested
4,4,4,39,1,43,705,33847,40,0,0,33807,1,1,4.152986067974088,0,4,4,15.5,12.5,16.25,5,17,0.020853669358416895,70,0.55000000000000004,False,False,"[{""validation_file"": ""PN06-2.edf"", ""train_files"": [""PN06-3.edf"", ""PN06-4.edf"", ""PN06-5.edf""]}, {""validation_file"": ""PN06-3.edf"", ""train_files"": [""PN06-2.edf"", ""PN06-4.edf"", ""PN06-5.edf""]}, {""validation_file"": ""PN06-4.edf"", ""train_files"": [""PN06-2.edf"", ""PN06-3.edf"", ""PN06-5.edf""]}, {""validation_file"": ""PN06-5.edf"", ""train_files"": [""PN06-2.edf"", ""PN06-3.edf"", ""PN06-4.edf""]}]","[""PN06-2.edf"", ""PN06-3.edf"", ""PN06-4.edf"", ""PN06-5.edf""]",PN06,E1_RF,PN06-1.edf,nested
4,3,3,33,1,36,570,33847,40,0,0,33807,0.75,0.75,3.5140651344396132,1,3,3,16,10.5,19,5,22,0.016860413523826428,65,0.59999999999999998,False,False,"[{""validation_file"": ""PN06-2.edf"", ""train_files"": [""PN06-3.edf"", ""PN06-4.edf"", ""PN06-5.edf""]}, {""validation_file"": ""PN06-3.edf"", ""train_files"": [""PN06-2.edf"", ""PN06-4.edf"", ""PN06-5.edf""]}, {""validation_file"": ""PN06-4.edf"", ""train_files"": [""PN06-2.edf"", ""PN06-3.edf"", ""PN06-5.edf""]}, {""validation_file"": ""PN06-5.edf"", ""train_files"": [""PN06-2.edf"", ""PN06-3.edf"", ""PN06-4.edf""]}]","[""PN06-2.edf"", ""PN06-3.edf"", ""PN06-4.edf"", ""PN06-5.edf""]",PN06,E1_RF,PN06-1.edf,nested
4,3,3,32,1,35,490,33847,40,0,0,33807,0.75,0.75,3.4075783121838672,1,3,3,16,10.5,19,5,22,0.014494039695920963,60,0.65000000000000002,False,False,"[{""validation_file"": ""PN06-2.edf"", ""train_files"": [""PN06-3.edf"", ""PN06-4.edf"", ""PN06-5.edf""]}, {""validation_file"": ""PN06-3.edf"", ""train_files"": [""PN06-2.edf"", ""PN06-4.edf"", ""PN06-5.edf""]}, {""validation_file"": ""PN06-4.edf"", ""train_files"": [""PN06-2.edf"", ""PN06-3.edf"", ""PN06-5.edf""]}, {""validation_file"": ""PN06-5.edf"", ""train_files"": [""PN06-2.edf"", ""PN06-3.edf"", ""PN06-4.edf""]}]","[""PN06-2.edf"", ""PN06-3.edf"", ""PN06-4.edf"", ""PN06-5.edf""]",PN06,E1_RF,PN06-1.edf,nested
4,3,3,26,2,29,375,33847,40,0,0,33807,0.75,0.75,2.768657378649392,1,3,3,16,10.5,24,5,32,0.011092377318306859,45,0.69999999999999996,False,False,"[{""validation_file"": ""PN06-2.edf"", ""train_files"": [""PN06-3.edf"", ""PN06-4.edf"", ""PN06-5.edf""]}, {""validation_file"": ""PN06-3.edf"", ""train_files"": [""PN06-2.edf"", ""PN06-4.edf"", ""PN06-5.edf""]}, {""validation_file"": ""PN06-4.edf"", ""train_files"": [""PN06-2.edf"", ""PN06-3.edf"", ""PN06-5.edf""]}, {""validation_file"": ""PN06-5.edf"", ""train_files"": [""PN06-2.edf"", ""PN06-3.edf"", ""PN06-4.edf""]}]","[""PN06-2.edf"", ""PN06-3.edf"", ""PN06-4.edf"", ""PN06-5.edf""]",PN06,E1_RF,PN06-1.edf,nested
4,2,2,20,1,22,295,33847,40,0,0,33807,0.5,0.5,2.1297364451149172,2,2,2,23,14,32,5,41,0.0087260034904013961,45,0.75,False,False,"[{""validation_file"": ""PN06-2.edf"", ""train_files"": [""PN06-3.edf"", ""PN06-4.edf"", ""PN06-5.edf""]}, {""validation_file"": ""PN06-3.edf"", ""train_files"": [""PN06-2.edf"", ""PN06-4.edf"", ""PN06-5.edf""]}, {""validation_file"": ""PN06-4.edf"", ""train_files"": [""PN06-2.edf"", ""PN06-3.edf"", ""PN06-5.edf""]}, {""validation_file"": ""PN06-5.edf"", ""train_files"": [""PN06-2.edf"", ""PN06-3.edf"", ""PN06-4.edf""]}]","[""PN06-2.edf"", ""PN06-3.edf"", ""PN06-4.edf"", ""PN06-5.edf""]",PN06,E1_RF,PN06-1.edf,nested
4,2,2,17,2,19,225,33847,40,0,0,33807,0.5,0.5,1.8102759783476794,2,2,2,25.5,17.75,33.25,10,41,0.0066554263909841156,25,0.80000000000000004,False,False,"[{""validation_file"": ""PN06-2.edf"", ""train_files"": [""PN06-3.edf"", ""PN06-4.edf"", ""PN06-5.edf""]}, {""validation_file"": ""PN06-3.edf"", ""train_files"": [""PN06-2.edf"", ""PN06-4.edf"", ""PN06-5.edf""]}, {""validation_file"": ""PN06-4.edf"", ""train_files"": [""PN06-2.edf"", ""PN06-3.edf"", ""PN06-5.edf""]}, {""validation_file"": ""PN06-5.edf"", ""train_files"": [""PN06-2.edf"", ""PN06-3.edf"", ""PN06-4.edf""]}]","[""PN06-2.edf"", ""PN06-3.edf"", ""PN06-4.edf"", ""PN06-5.edf""]",PN06,E1_RF,PN06-1.edf,nested
4,2,2,13,1,15,180,33847,40,0,0,33807,0.5,0.5,1.384328689324696,2,2,2,25.5,17.75,33.25,10,41,0.0053243411127872923,25,0.84999999999999998,False,False,"[{""validation_file"": ""PN06-2.edf"", ""train_files"": [""PN06-3.edf"", ""PN06-4.edf"", ""PN06-5.edf""]}, {""validation_file"": ""PN06-3.edf"", ""train_files"": [""PN06-2.edf"", ""PN06-4.edf"", ""PN06-5.edf""]}, {""validation_file"": ""PN06-4.edf"", ""train_files"": [""PN06-2.edf"", ""PN06-3.edf"", ""PN06-5.edf""]}, {""validation_file"": ""PN06-5.edf"", ""train_files"": [""PN06-2.edf"", ""PN06-3.edf"", ""PN06-4.edf""]}]","[""PN06-2.edf"", ""PN06-3.edf"", ""PN06-4.edf"", ""PN06-5.edf""]",PN06,E1_RF,PN06-1.edf,nested
4,2,2,6,1,8,100,33847,40,0,0,33807,0.5,0.5,0.6389209335344751,2,2,2,25.5,17.75,33.25,10,41,0.0029579672848818292,25,0.90000000000000002,True,False,"[{""validation_file"": ""PN06-2.edf"", ""train_files"": [""PN06-3.edf"", ""PN06-4.edf"", ""PN06-5.edf""]}, {""validation_file"": ""PN06-3.edf"", ""train_files"": [""PN06-2.edf"", ""PN06-4.edf"", ""PN06-5.edf""]}, {""validation_file"": ""PN06-4.edf"", ""train_files"": [""PN06-2.edf"", ""PN06-3.edf"", ""PN06-5.edf""]}, {""validation_file"": ""PN06-5.edf"", ""train_files"": [""PN06-2.edf"", ""PN06-3.edf"", ""PN06-4.edf""]}]","[""PN06-2.edf"", ""PN06-3.edf"", ""PN06-4.edf"", ""PN06-5.edf""]",PN06,E1_RF,PN06-1.edf,nested
4,2,2,3,0,5,65,33847,40,0,0,33807,0.5,0.5,0.31946046676723755,2,2,2,25.5,17.75,33.25,10,41,0.001922678735173189,20,0.94999999999999996,True,True,"[{""validation_file"": ""PN06-2.edf"", ""train_files"": [""PN06-3.edf"", ""PN06-4.edf"", ""PN06-5.edf""]}, {""validation_file"": ""PN06-3.edf"", ""train_files"": [""PN06-2.edf"", ""PN06-4.edf"", ""PN06-5.edf""]}, {""validation_file"": ""PN06-4.edf"", ""train_files"": [""PN06-2.edf"", ""PN06-3.edf"", ""PN06-5.edf""]}, {""validation_file"": ""PN06-5.edf"", ""train_files"": [""PN06-2.edf"", ""PN06-3.edf"", ""PN06-4.edf""]}]","[""PN06-2.edf"", ""PN06-3.edf"", ""PN06-4.edf"", ""PN06-5.edf""]",PN06,E1_RF,PN06-1.edf,nested
4,0,0,0,0,0,0,33847,40,0,0,33807,0,0,0,4,0,0,,,,,,0,0,1.01,True,False,"[{""validation_file"": ""PN06-2.edf"", ""train_files"": [""PN06-3.edf"", ""PN06-4.edf"", ""PN06-5.edf""]}, {""validation_file"": ""PN06-3.edf"", ""train_files"": [""PN06-2.edf"", ""PN06-4.edf"", ""PN06-5.edf""]}, {""validation_file"": ""PN06-4.edf"", ""train_files"": [""PN06-2.edf"", ""PN06-3.edf"", ""PN06-5.edf""]}, {""validation_file"": ""PN06-5.edf"", ""train_files"": [""PN06-2.edf"", ""PN06-3.edf"", ""PN06-4.edf""]}]","[""PN06-2.edf"", ""PN06-3.edf"", ""PN06-4.edf"", ""PN06-5.edf""]",PN06,E1_RF,PN06-1.edf,nested
4,3,4,324,0,327,7620,30842,40,0,0,30802,0.75,1,37.867670930459063,1,3,3,12,6,12,0,12,0.24738653334199079,170,0.050000000000000003,False,False,"[{""validation_file"": ""PN06-1.edf"", ""train_files"": [""PN06-3.edf"", ""PN06-4.edf"", ""PN06-5.edf""]}, {""validation_file"": ""PN06-3.edf"", ""train_files"": [""PN06-1.edf"", ""PN06-4.edf"", ""PN06-5.edf""]}, {""validation_file"": ""PN06-4.edf"", ""train_files"": [""PN06-1.edf"", ""PN06-3.edf"", ""PN06-5.edf""]}, {""validation_file"": ""PN06-5.edf"", ""train_files"": [""PN06-1.edf"", ""PN06-3.edf"", ""PN06-4.edf""]}]","[""PN06-1.edf"", ""PN06-3.edf"", ""PN06-4.edf"", ""PN06-5.edf""]",PN06,E1_RF,PN06-2.edf,nested
4,3,4,235,0,238,5415,30842,40,0,0,30802,0.75,1,27.465748977339135,1,3,3,12,8.5,17,5,22,0.1758002727095643,160,0.10000000000000001,False,False,"[{""validation_file"": ""PN06-1.edf"", ""train_files"": [""PN06-3.edf"", ""PN06-4.edf"", ""PN06-5.edf""]}, {""validation_file"": ""PN06-3.edf"", ""train_files"": [""PN06-1.edf"", ""PN06-4.edf"", ""PN06-5.edf""]}, {""validation_file"": ""PN06-4.edf"", ""train_files"": [""PN06-1.edf"", ""PN06-3.edf"", ""PN06-5.edf""]}, {""validation_file"": ""PN06-5.edf"", ""train_files"": [""PN06-1.edf"", ""PN06-3.edf"", ""PN06-4.edf""]}]","[""PN06-1.edf"", ""PN06-3.edf"", ""PN06-4.edf"", ""PN06-5.edf""]",PN06,E1_RF,PN06-2.edf,nested
4,3,4,187,1,190,4335,30842,40,0,0,30802,0.75,1,21.855723654308161,1,3,3,12,8.5,17,5,22,0.14073761444062075,140,0.14999999999999999,False,False,"[{""validation_file"": ""PN06-1.edf"", ""train_files"": [""PN06-3.edf"", ""PN06-4.edf"", ""PN06-5.edf""]}, {""validation_file"": ""PN06-3.edf"", ""train_files"": [""PN06-1.edf"", ""PN06-4.edf"", ""PN06-5.edf""]}, {""validation_file"": ""PN06-4.edf"", ""train_files"": [""PN06-1.edf"", ""PN06-3.edf"", ""PN06-5.edf""]}, {""validation_file"": ""PN06-5.edf"", ""train_files"": [""PN06-1.edf"", ""PN06-3.edf"", ""PN06-4.edf""]}]","[""PN06-1.edf"", ""PN06-3.edf"", ""PN06-4.edf"", ""PN06-5.edf""]",PN06,E1_RF,PN06-2.edf,nested
4,3,4,156,0,159,3695,30842,40,0,0,30802,0.75,1,18.232582299850659,1,3,3,12,8.5,24.5,5,37,0.11995974287383936,140,0.20000000000000001,False,False,"[{""validation_file"": ""PN06-1.edf"", ""train_files"": [""PN06-3.edf"", ""PN06-4.edf"", ""PN06-5.edf""]}, {""validation_file"": ""PN06-3.edf"", ""train_files"": [""PN06-1.edf"", ""PN06-4.edf"", ""PN06-5.edf""]}, {""validation_file"": ""PN06-4.edf"", ""train_files"": [""PN06-1.edf"", ""PN06-3.edf"", ""PN06-5.edf""]}, {""validation_file"": ""PN06-5.edf"", ""train_files"": [""PN06-1.edf"", ""PN06-3.edf"", ""PN06-4.edf""]}]","[""PN06-1.edf"", ""PN06-3.edf"", ""PN06-4.edf"", ""PN06-5.edf""]",PN06,E1_RF,PN06-2.edf,nested
4,3,4,138,0,141,3215,30842,40,0,0,30802,0.75,1,16.128822803714044,1,3,3,12,11,24.5,10,37,0.10437633919875333,140,0.25,False,False,"[{""validation_file"": ""PN06-1.edf"", ""train_files"": [""PN06-3.edf"", ""PN06-4.edf"", ""PN06-5.edf""]}, {""validation_file"": ""PN06-3.edf"", ""train_files"": [""PN06-1.edf"", ""PN06-4.edf"", ""PN06-5.edf""]}, {""validation_file"": ""PN06-4.edf"", ""train_files"": [""PN06-1.edf"", ""PN06-3.edf"", ""PN06-5.edf""]}, {""validation_file"": ""PN06-5.edf"", ""train_files"": [""PN06-1.edf"", ""PN06-3.edf"", ""PN06-4.edf""]}]","[""PN06-1.edf"", ""PN06-3.edf"", ""PN06-4.edf"", ""PN06-5.edf""]",PN06,E1_RF,PN06-2.edf,nested
4,3,4,134,0,137,2925,30842,40,0,0,30802,0.75,1,15.661320693461464,1,3,3,17,16,27,15,37,0.094961366145055515,110,0.29999999999999999,False,False,"[{""validation_file"": ""PN06-1.edf"", ""train_files"": [""PN06-3.edf"", ""PN06-4.edf"", ""PN06-5.edf""]}, {""validation_file"": ""PN06-3.edf"", ""train_files"": [""PN06-1.edf"", ""PN06-4.edf"", ""PN06-5.edf""]}, {""validation_file"": ""PN06-4.edf"", ""train_files"": [""PN06-1.edf"", ""PN06-3.edf"", ""PN06-5.edf""]}, {""validation_file"": ""PN06-5.edf"", ""train_files"": [""PN06-1.edf"", ""PN06-3.edf"", ""PN06-4.edf""]}]","[""PN06-1.edf"", ""PN06-3.edf"", ""PN06-4.edf"", ""PN06-5.edf""]",PN06,E1_RF,PN06-2.edf,nested
4,3,4,126,0,129,2590,30842,40,0,0,30802,0.75,1,14.726316472956302,1,3,3,17,16,27,15,37,0.084085448996818385,105,0.34999999999999998,False,False,"[{""validation_file"": ""PN06-1.edf"", ""train_files"": [""PN06-3.edf"", ""PN06-4.edf"", ""PN06-5.edf""]}, {""validation_file"": ""PN06-3.edf"", ""train_files"": [""PN06-1.edf"", ""PN06-4.edf"", ""PN06-5.edf""]}, {""validation_file"": ""PN06-4.edf"", ""train_files"": [""PN06-1.edf"", ""PN06-3.edf"", ""PN06-5.edf""]}, {""validation_file"": ""PN06-5.edf"", ""train_files"": [""PN06-1.edf"", ""PN06-3.edf"", ""PN06-4.edf""]}]","[""PN06-1.edf"", ""PN06-3.edf"", ""PN06-4.edf"", ""PN06-5.edf""]",PN06,E1_RF,PN06-2.edf,nested
4,3,4,111,0,114,2240,30842,40,0,0,30802,0.75,1,12.973183559509122,1,3,3,17,16,27,15,37,0.072722550483734827,105,0.40000000000000002,False,False,"[{""validation_file"": ""PN06-1.edf"", ""train_files"": [""PN06-3.edf"", ""PN06-4.edf"", ""PN06-5.edf""]}, {""validation_file"": ""PN06-3.edf"", ""train_files"": [""PN06-1.edf"", ""PN06-4.edf"", ""PN06-5.edf""]}, {""validation_file"": ""PN06-4.edf"", ""train_files"": [""PN06-1.edf"", ""PN06-3.edf"", ""PN06-5.edf""]}, {""validation_file"": ""PN06-5.edf"", ""train_files"": [""PN06-1.edf"", ""PN06-3.edf"", ""PN06-4.edf""]}]","[""PN06-1.edf"", ""PN06-3.edf"", ""PN06-4.edf"", ""PN06-5.edf""]",PN06,E1_RF,PN06-2.edf,nested
4,3,4,99,0,102,1980,30842,40,0,0,30802,0.75,1,11.57067722875138,1,3,3,17,16,27,15,37,0.064281540159729894,105,0.45000000000000001,False,False,"[{""validation_file"": ""PN06-1.edf"", ""train_files"": [""PN06-3.edf"", ""PN06-4.edf"", ""PN06-5.edf""]}, {""validation_file"": ""PN06-3.edf"", ""train_files"": [""PN06-1.edf"", ""PN06-4.edf"", ""PN06-5.edf""]}, {""validation_file"": ""PN06-4.edf"", ""train_files"": [""PN06-1.edf"", ""PN06-3.edf"", ""PN06-5.edf""]}, {""validation_file"": ""PN06-5.edf"", ""train_files"": [""PN06-1.edf"", ""PN06-3.edf"", ""PN06-4.edf""]}]","[""PN06-1.edf"", ""PN06-3.edf"", ""PN06-4.edf"", ""PN06-5.edf""]",PN06,E1_RF,PN06-2.edf,nested
4,4,4,86,1,90,1605,30842,40,0,0,30802,1,1,10.051295370430491,0,4,4,23.5,18,28,6,37,0.052107006038568923,65,0.5,False,False,"[{""validation_file"": ""PN06-1.edf"", ""train_files"": [""PN06-3.edf"", ""PN06-4.edf"", ""PN06-5.edf""]}, {""validation_file"": ""PN06-3.edf"", ""train_files"": [""PN06-1.edf"", ""PN06-4.edf"", ""PN06-5.edf""]}, {""validation_file"": ""PN06-4.edf"", ""train_files"": [""PN06-1.edf"", ""PN06-3.edf"", ""PN06-5.edf""]}, {""validation_file"": ""PN06-5.edf"", ""train_files"": [""PN06-1.edf"", ""PN06-3.edf"", ""PN06-4.edf""]}]","[""PN06-1.edf"", ""PN06-3.edf"", ""PN06-4.edf"", ""PN06-5.edf""]",PN06,E1_RF,PN06-2.edf,nested
4,3,3,69,1,72,1235,30842,40,0,0,30802,0.75,0.75,8.0644114018570221,1,3,3,27,19,32,11,37,0.040094799039023438,60,0.55000000000000004,False,False,"[{""validation_file"": ""PN06-1.edf"", ""train_files"": [""PN06-3.edf"", ""PN06-4.edf"", ""PN06-5.edf""]}, {""validation_file"": ""PN06-3.edf"", ""train_files"": [""PN06-1.edf"", ""PN06-4.edf"", ""PN06-5.edf""]}, {""validation_file"": ""PN06-4.edf"", ""train_files"": [""PN06-1.edf"", ""PN06-3.edf"", ""PN06-5.edf""]}, {""validation_file"": ""PN06-5.edf"", ""train_files"": [""PN06-1.edf"", ""PN06-3.edf"", ""PN06-4.edf""]}]","[""PN06-1.edf"", ""PN06-3.edf"", ""PN06-4.edf"", ""PN06-5.edf""]",PN06,E1_RF,PN06-2.edf,nested
4,3,3,57,1,60,975,30842,40,0,0,30802,0.75,0.75,6.6619050710992793,1,3,3,27,19,32,11,37,0.031653788715018505,55,0.59999999999999998,False,False,"[{""validation_file"": ""PN06-1.edf"", ""train_files"": [""PN06-3.edf"", ""PN06-4.edf"", ""PN06-5.edf""]}, {""validation_file"": ""PN06-3.edf"", ""train_files"": [""PN06-1.edf"", ""PN06-4.edf"", ""PN06-5.edf""]}, {""validation_file"": ""PN06-4.edf"", ""train_files"": [""PN06-1.edf"", ""PN06-3.edf"", ""PN06-5.edf""]}, {""validation_file"": ""PN06-5.edf"", ""train_files"": [""PN06-1.edf"", ""PN06-3.edf"", ""PN06-4.edf""]}]","[""PN06-1.edf"", ""PN06-3.edf"", ""PN06-4.edf"", ""PN06-5.edf""]",PN06,E1_RF,PN06-2.edf,nested
4,3,3,49,1,52,810,30842,40,0,0,30802,0.75,0.75,5.7269008505941175,1,3,3,27,19,32,11,37,0.026296993701707683,55,0.65000000000000002,False,False,"[{""validation_file"": ""PN06-1.edf"", ""train_files"": [""PN06-3.edf"", ""PN06-4.edf"", ""PN06-5.edf""]}, {""validation_file"": ""PN06-3.edf"", ""train_files"": [""PN06-1.edf"", ""PN06-4.edf"", ""PN06-5.edf""]}, {""validation_file"": ""PN06-4.edf"", ""train_files"": [""PN06-1.edf"", ""PN06-3.edf"", ""PN06-5.edf""]}, {""validation_file"": ""PN06-5.edf"", ""train_files"": [""PN06-1.edf"", ""PN06-3.edf"", ""PN06-4.edf""]}]","[""PN06-1.edf"", ""PN06-3.edf"", ""PN06-4.edf"", ""PN06-5.edf""]",PN06,E1_RF,PN06-2.edf,nested
4,2,2,36,1,38,590,30842,40,0,0,30802,0.5,0.5,4.2075189922732292,2,2,2,24,17.5,30.5,11,37,0.019154600350626584,40,0.69999999999999996,False,False,"[{""validation_file"": ""PN06-1.edf"", ""train_files"": [""PN06-3.edf"", ""PN06-4.edf"", ""PN06-5.edf""]}, {""validation_file"": ""PN06-3.edf"", ""train_files"": [""PN06-1.edf"", ""PN06-4.edf"", ""PN06-5.edf""]}, {""validation_file"": ""PN06-4.edf"", ""train_files"": [""PN06-1.edf"", ""PN06-3.edf"", ""PN06-5.edf""]}, {""validation_file"": ""PN06-5.edf"", ""train_files"": [""PN06-1.edf"", ""PN06-3.edf"", ""PN06-4.edf""]}]","[""PN06-1.edf"", ""PN06-3.edf"", ""PN06-4.edf"", ""PN06-5.edf""]",PN06,E1_RF,PN06-2.edf,nested
4,2,2,31,1,33,490,30842,40,0,0,30802,0.5,0.5,3.6231413544575028,2,2,2,26.5,21.25,31.75,16,37,0.015908057918316992,40,0.75,False,False,"[{""validation_file"": ""PN06-1.edf"", ""train_files"": [""PN06-3.edf"", ""PN06-4.edf"", ""PN06-5.edf""]}, {""validation_file"": ""PN06-3.edf"", ""train_files"": [""PN06-1.edf"", ""PN06-4.edf"", ""PN06-5.edf""]}, {""validation_file"": ""PN06-4.edf"", ""train_files"": [""PN06-1.edf"", ""PN06-3.edf"", ""PN06-5.edf""]}, {""validation_file"": ""PN06-5.edf"", ""train_files"": [""PN06-1.edf"", ""PN06-3.edf"", ""PN06-4.edf""]}]","[""PN06-1.edf"", ""PN06-3.edf"", ""PN06-4.edf"", ""PN06-5.edf""]",PN06,E1_RF,PN06-2.edf,nested
4,2,2,21,1,23,310,30842,40,0,0,30802,0.5,0.5,2.4543860788260501,2,2,2,26.5,21.25,31.75,16,37,0.010064281540159731,35,0.80000000000000004,False,False,"[{""validation_file"": ""PN06-1.edf"", ""train_files"": [""PN06-3.edf"", ""PN06-4.edf"", ""PN06-5.edf""]}, {""validation_file"": ""PN06-3.edf"", ""train_files"": [""PN06-1.edf"", ""PN06-4.edf"", ""PN06-5.edf""]}, {""validation_file"": ""PN06-4.edf"", ""train_files"": [""PN06-1.edf"", ""PN06-3.edf"", ""PN06-5.edf""]}, {""validation_file"": ""PN06-5.edf"", ""train_files"": [""PN06-1.edf"", ""PN06-3.edf"", ""PN06-4.edf""]}]","[""PN06-1.edf"", ""PN06-3.edf"", ""PN06-4.edf"", ""PN06-5.edf""]",PN06,E1_RF,PN06-2.edf,nested
4,2,2,20,1,22,265,30842,40,0,0,30802,0.5,0.5,2.3375105512629051,2,2,2,31.5,23.75,39.25,16,47,0.0086033374456204147,20,0.84999999999999998,False,False,"[{""validation_file"": ""PN06-1.edf"", ""train_files"": [""PN06-3.edf"", ""PN06-4.edf"", ""PN06-5.edf""]}, {""validation_file"": ""PN06-3.edf"", ""train_files"": [""PN06-1.edf"", ""PN06-4.edf"", ""PN06-5.edf""]}, {""validation_file"": ""PN06-4.edf"", ""train_files"": [""PN06-1.edf"", ""PN06-3.edf"", ""PN06-5.edf""]}, {""validation_file"": ""PN06-5.edf"", ""train_files"": [""PN06-1.edf"", ""PN06-3.edf"", ""PN06-4.edf""]}]","[""PN06-1.edf"", ""PN06-3.edf"", ""PN06-4.edf"", ""PN06-5.edf""]",PN06,E1_RF,PN06-2.edf,nested
4,2,2,17,1,19,210,30842,40,0,0,30802,0.5,0.5,1.9868839685734692,2,2,2,31.5,23.75,39.25,16,47,0.00681773910785014,20,0.90000000000000002,False,False,"[{""validation_file"": ""PN06-1.edf"", ""train_files"": [""PN06-3.edf"", ""PN06-4.edf"", ""PN06-5.edf""]}, {""validation_file"": ""PN06-3.edf"", ""train_files"": [""PN06-1.edf"", ""PN06-4.edf"", ""PN06-5.edf""]}, {""validation_file"": ""PN06-4.edf"", ""train_files"": [""PN06-1.edf"", ""PN06-3.edf"", ""PN06-5.edf""]}, {""validation_file"": ""PN06-5.edf"", ""train_files"": [""PN06-1.edf"", ""PN06-3.edf"", ""PN06-4.edf""]}]","[""PN06-1.edf"", ""PN06-3.edf"", ""PN06-4.edf"", ""PN06-5.edf""]",PN06,E1_RF,PN06-2.edf,nested
4,2,2,4,0,6,60,30842,40,0,0,30802,0.5,0.5,0.46750211025258098,2,2,2,44,42.5,45.5,41,47,0.0019479254593857541,10,0.94999999999999996,True,True,"[{""validation_file"": ""PN06-1.edf"", ""train_files"": [""PN06-3.edf"", ""PN06-4.edf"", ""PN06-5.edf""]}, {""validation_file"": ""PN06-3.edf"", ""train_files"": [""PN06-1.edf"", ""PN06-4.edf"", ""PN06-5.edf""]}, {""validation_file"": ""PN06-4.edf"", ""train_files"": [""PN06-1.edf"", ""PN06-3.edf"", ""PN06-5.edf""]}, {""validation_file"": ""PN06-5.edf"", ""train_files"": [""PN06-1.edf"", ""PN06-3.edf"", ""PN06-4.edf""]}]","[""PN06-1.edf"", ""PN06-3.edf"", ""PN06-4.edf"", ""PN06-5.edf""]",PN06,E1_RF,PN06-2.edf,nested
4,0,0,0,0,0,0,30842,40,0,0,30802,0,0,0,4,0,0,,,,,,0,0,1.01,True,False,"[{""validation_file"": ""PN06-1.edf"", ""train_files"": [""PN06-3.edf"", ""PN06-4.edf"", ""PN06-5.edf""]}, {""validation_file"": ""PN06-3.edf"", ""train_files"": [""PN06-1.edf"", ""PN06-4.edf"", ""PN06-5.edf""]}, {""validation_file"": ""PN06-4.edf"", ""train_files"": [""PN06-1.edf"", ""PN06-3.edf"", ""PN06-5.edf""]}, {""validation_file"": ""PN06-5.edf"", ""train_files"": [""PN06-1.edf"", ""PN06-3.edf"", ""PN06-4.edf""]}]","[""PN06-1.edf"", ""PN06-3.edf"", ""PN06-4.edf"", ""PN06-5.edf""]",PN06,E1_RF,PN06-2.edf,nested
4,2,4,362,0,364,10285,35282,40,0,0,35242,0.5,1,36.978605073491856,2,2,2,12,12,12,12,12,0.29183928267408205,405,0.050000000000000003,False,False,"[{""validation_file"": ""PN06-1.edf"", ""train_files"": [""PN06-2.edf"", ""PN06-4.edf"", ""PN06-5.edf""]}, {""validation_file"": ""PN06-2.edf"", ""train_files"": [""PN06-1.edf"", ""PN06-4.edf"", ""PN06-5.edf""]}, {""validation_file"": ""PN06-4.edf"", ""train_files"": [""PN06-1.edf"", ""PN06-2.edf"", ""PN06-5.edf""]}, {""validation_file"": ""PN06-5.edf"", ""train_files"": [""PN06-1.edf"", ""PN06-2.edf"", ""PN06-4.edf""]}]","[""PN06-1.edf"", ""PN06-2.edf"", ""PN06-4.edf"", ""PN06-5.edf""]",PN06,E1_RF,PN06-3.edf,nested
4,3,4,269,0,272,7090,35282,40,0,0,35242,0.75,1,27.478576698257761,1,3,3,12,6,17,0,22,0.20118040973838033,295,0.10000000000000001,False,False,"[{""validation_file"": ""PN06-1.edf"", ""train_files"": [""PN06-2.edf"", ""PN06-4.edf"", ""PN06-5.edf""]}, {""validation_file"": ""PN06-2.edf"", ""train_files"": [""PN06-1.edf"", ""PN06-4.edf"", ""PN06-5.edf""]}, {""validation_file"": ""PN06-4.edf"", ""train_files"": [""PN06-1.edf"", ""PN06-2.edf"", ""PN06-5.edf""]}, {""validation_file"": ""PN06-5.edf"", ""train_files"": [""PN06-1.edf"", ""PN06-2.edf"", ""PN06-4.edf""]}]","[""PN06-1.edf"", ""PN06-2.edf"", ""PN06-4.edf"", ""PN06-5.edf""]",PN06,E1_RF,PN06-3.edf,nested
4,3,4,199,0,202,5650,35282,40,0,0,35242,0.75,1,20.328017706146074,1,3,3,17,11,22,5,27,0.16032007264059928,275,0.14999999999999999,False,False,"[{""validation_file"": ""PN06-1.edf"", ""train_files"": [""PN06-2.edf"", ""PN06-4.edf"", ""PN06-5.edf""]}, {""validation_file"": ""PN06-2.edf"", ""train_files"": [""PN06-1.edf"", ""PN06-4.edf"", ""PN06-5.edf""]}, {""validation_file"": ""PN06-4.edf"", ""train_files"": [""PN06-1.edf"", ""PN06-2.edf"", ""PN06-5.edf""]}, {""validation_file"": ""PN06-5.edf"", ""train_files"": [""PN06-1.edf"", ""PN06-2.edf"", ""PN06-4.edf""]}]","[""PN06-1.edf"", ""PN06-2.edf"", ""PN06-4.edf"", ""PN06-5.edf""]",PN06,E1_RF,PN06-3.edf,nested
4,3,4,171,0,174,4530,35282,40,0,0,35242,0.75,1,17.467794109301401,1,3,3,17,11,27,5,37,0.12853981045343624,230,0.20000000000000001,False,False,"[{""validation_file"": ""PN06-1.edf"", ""train_files"": [""PN06-2.edf"", ""PN06-4.edf"", ""PN06-5.edf""]}, {""validation_file"": ""PN06-2.edf"", ""train_files"": [""PN06-1.edf"", ""PN06-4.edf"", ""PN06-5.edf""]}, {""validation_file"": ""PN06-4.edf"", ""train_files"": [""PN06-1.edf"", ""PN06-2.edf"", ""PN06-5.edf""]}, {""validation_file"": ""PN06-5.edf"", ""train_files"": [""PN06-1.edf"", ""PN06-2.edf"", ""PN06-4.edf""]}]","[""PN06-1.edf"", ""PN06-2.edf"", ""PN06-4.edf"", ""PN06-5.edf""]",PN06,E1_RF,PN06-3.edf,nested
4,3,4,155,0,158,3895,35282,40,0,0,35242,0.75,1,15.833380625390159,1,3,3,17,11,27,5,37,0.11052153680267862,145,0.25,False,False,"[{""validation_file"": ""PN06-1.edf"", ""train_files"": [""PN06-2.edf"", ""PN06-4.edf"", ""PN06-5.edf""]}, {""validation_file"": ""PN06-2.edf"", ""train_files"": [""PN06-1.edf"", ""PN06-4.edf"", ""PN06-5.edf""]}, {""validation_file"": ""PN06-4.edf"", ""train_files"": [""PN06-1.edf"", ""PN06-2.edf"", ""PN06-5.edf""]}, {""validation_file"": ""PN06-5.edf"", ""train_files"": [""PN06-1.edf"", ""PN06-2.edf"", ""PN06-4.edf""]}]","[""PN06-1.edf"", ""PN06-2.edf"", ""PN06-4.edf"", ""PN06-5.edf""]",PN06,E1_RF,PN06-3.edf,nested
4,3,4,141,0,144,3455,35282,40,0,0,35242,0.75,1,14.403268826967823,1,3,3,17,11,27,5,37,0.098036433800578859,135,0.29999999999999999,False,False,"[{""validation_file"": ""PN06-1.edf"", ""train_files"": [""PN06-2.edf"", ""PN06-4.edf"", ""PN06-5.edf""]}, {""validation_file"": ""PN06-2.edf"", ""train_files"": [""PN06-1.edf"", ""PN06-4.edf"", ""PN06-5.edf""]}, {""validation_file"": ""PN06-4.edf"", ""train_files"": [""PN06-1.edf"", ""PN06-2.edf"", ""PN06-5.edf""]}, {""validation_file"": ""PN06-5.edf"", ""train_files"": [""PN06-1.edf"", ""PN06-2.edf"", ""PN06-4.edf""]}]","[""PN06-1.edf"", ""PN06-2.edf"", ""PN06-4.edf"", ""PN06-5.edf""]",PN06,E1_RF,PN06-3.edf,nested
4,3,4,137,0,140,3120,35282,40,0,0,35242,0.75,1,13.994665455990011,1,3,3,17,11,27,5,37,0.088530730378525629,115,0.34999999999999998,False,False,"[{""validation_file"": ""PN06-1.edf"", ""train_files"": [""PN06-2.edf"", ""PN06-4.edf"", ""PN06-5.edf""]}, {""validation_file"": ""PN06-2.edf"", ""train_files"": [""PN06-1.edf"", ""PN06-4.edf"", ""PN06-5.edf""]}, {""validation_file"": ""PN06-4.edf"", ""train_files"": [""PN06-1.edf"", ""PN06-2.edf"", ""PN06-5.edf""]}, {""validation_file"": ""PN06-5.edf"", ""train_files"": [""PN06-1.edf"", ""PN06-2.edf"", ""PN06-4.edf""]}]","[""PN06-1.edf"", ""PN06-2.edf"", ""PN06-4.edf"", ""PN06-5.edf""]",PN06,E1_RF,PN06-3.edf,nested
4,4,4,122,1,126,2775,35282,40,0,0,35242,1,1,12.462402814823223,0,4,4,11.5,5.75,22,5,37,0.078741274615515583,115,0.40000000000000002,False,False,"[{""validation_file"": ""PN06-1.edf"", ""train_files"": [""PN06-2.edf"", ""PN06-4.edf"", ""PN06-5.edf""]}, {""validation_file"": ""PN06-2.edf"", ""train_files"": [""PN06-1.edf"", ""PN06-4.edf"", ""PN06-5.edf""]}, {""validation_file"": ""PN06-4.edf"", ""train_files"": [""PN06-1.edf"", ""PN06-2.edf"", ""PN06-5.edf""]}, {""validation_file"": ""PN06-5.edf"", ""train_files"": [""PN06-1.edf"", ""PN06-2.edf"", ""PN06-4.edf""]}]","[""PN06-1.edf"", ""PN06-2.edf"", ""PN06-4.edf"", ""PN06-5.edf""]",PN06,E1_RF,PN06-3.edf,nested
4,4,4,112,2,116,2415,35282,40,0,0,35242,1,1,11.440894387378696,0,4,4,11.5,5.75,22,5,37,0.068526190341070312,110,0.45000000000000001,False,False,"[{""validation_file"": ""PN06-1.edf"", ""train_files"": [""PN06-2.edf"", ""PN06-4.edf"", ""PN06-5.edf""]}, {""validation_file"": ""PN06-2.edf"", ""train_files"": [""PN06-1.edf"", ""PN06-4.edf"", ""PN06-5.edf""]}, {""validation_file"": ""PN06-4.edf"", ""train_files"": [""PN06-1.edf"", ""PN06-2.edf"", ""PN06-5.edf""]}, {""validation_file"": ""PN06-5.edf"", ""train_files"": [""PN06-1.edf"", ""PN06-2.edf"", ""PN06-4.edf""]}]","[""PN06-1.edf"", ""PN06-2.edf"", ""PN06-4.edf"", ""PN06-5.edf""]",PN06,E1_RF,PN06-3.edf,nested
4,4,4,106,1,110,2180,35282,40,0,0,35242,1,1,10.827989330911979,0,4,4,14,5.75,25.75,5,37,0.061858010328585213,90,0.5,False,False,"[{""validation_file"": ""PN06-1.edf"", ""train_files"": [""PN06-2.edf"", ""PN06-4.edf"", ""PN06-5.edf""]}, {""validation_file"": ""PN06-2.edf"", ""train_files"": [""PN06-1.edf"", ""PN06-4.edf"", ""PN06-5.edf""]}, {""validation_file"": ""PN06-4.edf"", ""train_files"": [""PN06-1.edf"", ""PN06-2.edf"", ""PN06-5.edf""]}, {""validation_file"": ""PN06-5.edf"", ""train_files"": [""PN06-1.edf"", ""PN06-2.edf"", ""PN06-4.edf""]}]","[""PN06-1.edf"", ""PN06-2.edf"", ""PN06-4.edf"", ""PN06-5.edf""]",PN06,E1_RF,PN06-3.edf,nested
4,4,4,100,1,104,1960,35282,40,0,0,35242,1,1,10.215084274445264,0,4,4,16.5,5.75,29.5,5,37,0.055615458827535325,90,0.55000000000000004,False,False,"[{""validation_file"": ""PN06-1.edf"", ""train_files"": [""PN06-2.edf"", ""PN06-4.edf"", ""PN06-5.edf""]}, {""validation_file"": ""PN06-2.edf"", ""train_files"": [""PN06-1.edf"", ""PN06-4.edf"", ""PN06-5.edf""]}, {""validation_file"": ""PN06-4.edf"", ""train_files"": [""PN06-1.edf"", ""PN06-2.edf"", ""PN06-5.edf""]}, {""validation_file"": ""PN06-5.edf"", ""train_files"": [""PN06-1.edf"", ""PN06-2.edf"", ""PN06-4.edf""]}]","[""PN06-1.edf"", ""PN06-2.edf"", ""PN06-4.edf"", ""PN06-5.edf""]",PN06,E1_RF,PN06-3.edf,nested
4,4,4,90,1,94,1580,35282,40,0,0,35242,1,1,9.1935758470007372,0,4,4,16.5,5.75,29.5,5,37,0.044832869871176434,65,0.59999999999999998,False,False,"[{""validation_file"": ""PN06-1.edf"", ""train_files"": [""PN06-2.edf"", ""PN06-4.edf"", ""PN06-5.edf""]}, {""validation_file"": ""PN06-2.edf"", ""train_files"": [""PN06-1.edf"", ""PN06-4.edf"", ""PN06-5.edf""]}, {""validation_file"": ""PN06-4.edf"", ""train_files"": [""PN06-1.edf"", ""PN06-2.edf"", ""PN06-5.edf""]}, {""validation_file"": ""PN06-5.edf"", ""train_files"": [""PN06-1.edf"", ""PN06-2.edf"", ""PN06-4.edf""]}]","[""PN06-1.edf"", ""PN06-2.edf"", ""PN06-4.edf"", ""PN06-5.edf""]",PN06,E1_RF,PN06-3.edf,nested
4,4,4,79,1,83,1275,35282,40,0,0,35242,1,1,8.0699165768117584,0,4,4,19,10.75,29.5,10,37,0.036178423471993647,55,0.65000000000000002,False,False,"[{""validation_file"": ""PN06-1.edf"", ""train_files"": [""PN06-2.edf"", ""PN06-4.edf"", ""PN06-5.edf""]}, {""validation_file"": ""PN06-2.edf"", ""train_files"": [""PN06-1.edf"", ""PN06-4.edf"", ""PN06-5.edf""]}, {""validation_file"": ""PN06-4.edf"", ""train_files"": [""PN06-1.edf"", ""PN06-2.edf"", ""PN06-5.edf""]}, {""validation_file"": ""PN06-5.edf"", ""train_files"": [""PN06-1.edf"", ""PN06-2.edf"", ""PN06-4.edf""]}]","[""PN06-1.edf"", ""PN06-2.edf"", ""PN06-4.edf"", ""PN06-5.edf""]",PN06,E1_RF,PN06-3.edf,nested
4,4,4,54,1,58,900,35282,40,0,0,35242,1,1,5.5161455082004425,0,4,4,21.5,14.5,30.75,10,42,0.025537710686113161,55,0.69999999999999996,False,False,"[{""validation_file"": ""PN06-1.edf"", ""train_files"": [""PN06-2.edf"", ""PN06-4.edf"", ""PN06-5.edf""]}, {""validation_file"": ""PN06-2.edf"", ""train_files"": [""PN06-1.edf"", ""PN06-4.edf"", ""PN06-5.edf""]}, {""validation_file"": ""PN06-4.edf"", ""train_files"": [""PN06-1.edf"", ""PN06-2.edf"", ""PN06-5.edf""]}, {""validation_file"": ""PN06-5.edf"", ""train_files"": [""PN06-1.edf"", ""PN06-2.edf"", ""PN06-4.edf""]}]","[""PN06-1.edf"", ""PN06-2.edf"", ""PN06-4.edf"", ""PN06-5.edf""]",PN06,E1_RF,PN06-3.edf,nested
4,3,3,34,1,37,555,35282,40,0,0,35242,0.75,0.75,3.4731286533113899,1,3,3,16,13,29,10,42,0.015748254923103115,50,0.75,False,False,"[{""validation_file"": ""PN06-1.edf"", ""train_files"": [""PN06-2.edf"", ""PN06-4.edf"", ""PN06-5.edf""]}, {""validation_file"": ""PN06-2.edf"", ""train_files"": [""PN06-1.edf"", ""PN06-4.edf"", ""PN06-5.edf""]}, {""validation_file"": ""PN06-4.edf"", ""train_files"": [""PN06-1.edf"", ""PN06-2.edf"", ""PN06-5.edf""]}, {""validation_file"": ""PN06-5.edf"", ""train_files"": [""PN06-1.edf"", ""PN06-2.edf"", ""PN06-4.edf""]}]","[""PN06-1.edf"", ""PN06-2.edf"", ""PN06-4.edf"", ""PN06-5.edf""]",PN06,E1_RF,PN06-3.edf,nested
4,3,3,28,1,31,475,35282,40,0,0,35242,0.75,0.75,2.8602235968446741,1,3,3,16,13,29,10,42,0.013478236195448613,50,0.80000000000000004,False,False,"[{""validation_file"": ""PN06-1.edf"", ""train_files"": [""PN06-2.edf"", ""PN06-4.edf"", ""PN06-5.edf""]}, {""validation_file"": ""PN06-2.edf"", ""train_files"": [""PN06-1.edf"", ""PN06-4.edf"", ""PN06-5.edf""]}, {""validation_file"": ""PN06-4.edf"", ""train_files"": [""PN06-1.edf"", ""PN06-2.edf"", ""PN06-5.edf""]}, {""validation_file"": ""PN06-5.edf"", ""train_files"": [""PN06-1.edf"", ""PN06-2.edf"", ""PN06-4.edf""]}]","[""PN06-1.edf"", ""PN06-2.edf"", ""PN06-4.edf"", ""PN06-5.edf""]",PN06,E1_RF,PN06-3.edf,nested
4,3,3,21,2,24,345,35282,40,0,0,35242,0.75,0.75,2.1451676976335055,1,3,3,16,13,29,10,42,0.0097894557630100448,35,0.84999999999999998,False,False,"[{""validation_file"": ""PN06-1.edf"", ""train_files"": [""PN06-2.edf"", ""PN06-4.edf"", ""PN06-5.edf""]}, {""validation_file"": ""PN06-2.edf"", ""train_files"": [""PN06-1.edf"", ""PN06-4.edf"", ""PN06-5.edf""]}, {""validation_file"": ""PN06-4.edf"", ""train_files"": [""PN06-1.edf"", ""PN06-2.edf"", ""PN06-5.edf""]}, {""validation_file"": ""PN06-5.edf"", ""train_files"": [""PN06-1.edf"", ""PN06-2.edf"", ""PN06-4.edf""]}]","[""PN06-1.edf"", ""PN06-2.edf"", ""PN06-4.edf"", ""PN06-5.edf""]",PN06,E1_RF,PN06-3.edf,nested
4,3,3,15,1,18,255,35282,40,0,0,35242,0.75,0.75,1.5322626411667897,1,3,3,16,13,29,10,42,0.0072356846943987287,35,0.90000000000000002,False,False,"[{""validation_file"": ""PN06-1.edf"", ""train_files"": [""PN06-2.edf"", ""PN06-4.edf"", ""PN06-5.edf""]}, {""validation_file"": ""PN06-2.edf"", ""train_files"": [""PN06-1.edf"", ""PN06-4.edf"", ""PN06-5.edf""]}, {""validation_file"": ""PN06-4.edf"", ""train_files"": [""PN06-1.edf"", ""PN06-2.edf"", ""PN06-5.edf""]}, {""validation_file"": ""PN06-5.edf"", ""train_files"": [""PN06-1.edf"", ""PN06-2.edf"", ""PN06-4.edf""]}]","[""PN06-1.edf"", ""PN06-2.edf"", ""PN06-4.edf"", ""PN06-5.edf""]",PN06,E1_RF,PN06-3.edf,nested
4,1,1,4,0,5,70,35282,40,0,0,35242,0.25,0.25,0.40860337097781058,3,1,1,16,16,16,16,16,0.0019862663866976903,20,0.94999999999999996,True,True,"[{""validation_file"": ""PN06-1.edf"", ""train_files"": [""PN06-2.edf"", ""PN06-4.edf"", ""PN06-5.edf""]}, {""validation_file"": ""PN06-2.edf"", ""train_files"": [""PN06-1.edf"", ""PN06-4.edf"", ""PN06-5.edf""]}, {""validation_file"": ""PN06-4.edf"", ""train_files"": [""PN06-1.edf"", ""PN06-2.edf"", ""PN06-5.edf""]}, {""validation_file"": ""PN06-5.edf"", ""train_files"": [""PN06-1.edf"", ""PN06-2.edf"", ""PN06-4.edf""]}]","[""PN06-1.edf"", ""PN06-2.edf"", ""PN06-4.edf"", ""PN06-5.edf""]",PN06,E1_RF,PN06-3.edf,nested
4,0,0,0,0,0,0,35282,40,0,0,35242,0,0,0,4,0,0,,,,,,0,0,1.01,True,False,"[{""validation_file"": ""PN06-1.edf"", ""train_files"": [""PN06-2.edf"", ""PN06-4.edf"", ""PN06-5.edf""]}, {""validation_file"": ""PN06-2.edf"", ""train_files"": [""PN06-1.edf"", ""PN06-4.edf"", ""PN06-5.edf""]}, {""validation_file"": ""PN06-4.edf"", ""train_files"": [""PN06-1.edf"", ""PN06-2.edf"", ""PN06-5.edf""]}, {""validation_file"": ""PN06-5.edf"", ""train_files"": [""PN06-1.edf"", ""PN06-2.edf"", ""PN06-4.edf""]}]","[""PN06-1.edf"", ""PN06-2.edf"", ""PN06-4.edf"", ""PN06-5.edf""]",PN06,E1_RF,PN06-3.edf,nested
4,2,4,336,0,338,8140,36437,40,0,0,36397,0.5,1,33.233508256174957,2,2,2,22,17,27,12,32,0.22364480589059538,275,0.050000000000000003,False,False,"[{""validation_file"": ""PN06-1.edf"", ""train_files"": [""PN06-2.edf"", ""PN06-3.edf"", ""PN06-5.edf""]}, {""validation_file"": ""PN06-2.edf"", ""train_files"": [""PN06-1.edf"", ""PN06-3.edf"", ""PN06-5.edf""]}, {""validation_file"": ""PN06-3.edf"", ""train_files"": [""PN06-1.edf"", ""PN06-2.edf"", ""PN06-5.edf""]}, {""validation_file"": ""PN06-5.edf"", ""train_files"": [""PN06-1.edf"", ""PN06-2.edf"", ""PN06-3.edf""]}]","[""PN06-1.edf"", ""PN06-2.edf"", ""PN06-3.edf"", ""PN06-5.edf""]",PN06,E1_RF,PN06-4.edf,nested
4,2,4,240,0,242,5680,36437,40,0,0,36397,0.5,1,23.738220182982115,2,2,2,22,17,27,12,32,0.15605681786960462,190,0.10000000000000001,False,False,"[{""validation_file"": ""PN06-1.edf"", ""train_files"": [""PN06-2.edf"", ""PN06-3.edf"", ""PN06-5.edf""]}, {""validation_file"": ""PN06-2.edf"", ""train_files"": [""PN06-1.edf"", ""PN06-3.edf"", ""PN06-5.edf""]}, {""validation_file"": ""PN06-3.edf"", ""train_files"": [""PN06-1.edf"", ""PN06-2.edf"", ""PN06-5.edf""]}, {""validation_file"": ""PN06-5.edf"", ""train_files"": [""PN06-1.edf"", ""PN06-2.edf"", ""PN06-3.edf""]}]","[""PN06-1.edf"", ""PN06-2.edf"", ""PN06-3.edf"", ""PN06-5.edf""]",PN06,E1_RF,PN06-4.edf,nested
4,2,4,190,1,192,4460,36437,40,0,0,36397,0.5,1,18.792757644860838,2,2,2,24.5,18.25,30.75,12,37,0.12253757177789379,165,0.14999999999999999,False,False,"[{""validation_file"": ""PN06-1.edf"", ""train_files"": [""PN06-2.edf"", ""PN06-3.edf"", ""PN06-5.edf""]}, {""validation_file"": ""PN06-2.edf"", ""train_files"": [""PN06-1.edf"", ""PN06-3.edf"", ""PN06-5.edf""]}, {""validation_file"": ""PN06-3.edf"", ""train_files"": [""PN06-1.edf"", ""PN06-2.edf"", ""PN06-5.edf""]}, {""validation_file"": ""PN06-5.edf"", ""train_files"": [""PN06-1.edf"", ""PN06-2.edf"", ""PN06-3.edf""]}]","[""PN06-1.edf"", ""PN06-2.edf"", ""PN06-3.edf"", ""PN06-5.edf""]",PN06,E1_RF,PN06-4.edf,nested
4,4,4,167,2,171,3775,36437,40,0,0,36397,1,1,16.517844877325054,0,4,4,6,0,18.25,0,37,0.10371733934115449,165,0.20000000000000001,False,False,"[{""validation_file"": ""PN06-1.edf"", ""train_files"": [""PN06-2.edf"", ""PN06-3.edf"", ""PN06-5.edf""]}, {""validation_file"": ""PN06-2.edf"", ""train_files"": [""PN06-1.edf"", ""PN06-3.edf"", ""PN06-5.edf""]}, {""validation_file"": ""PN06-3.edf"", ""train_files"": [""PN06-1.edf"", ""PN06-2.edf"", ""PN06-5.edf""]}, {""validation_file"": ""PN06-5.edf"", ""train_files"": [""PN06-1.edf"", ""PN06-2.edf"", ""PN06-3.edf""]}]","[""PN06-1.edf"", ""PN06-2.edf"", ""PN06-3.edf"", ""PN06-5.edf""]",PN06,E1_RF,PN06-4.edf,nested
4,4,4,148,2,152,3235,36437,40,0,0,36397,1,1,14.638569112838971,0,4,4,16,9,24.25,0,37,0.088880951726790669,160,0.25,False,False,"[{""validation_file"": ""PN06-1.edf"", ""train_files"": [""PN06-2.edf"", ""PN06-3.edf"", ""PN06-5.edf""]}, {""validation_file"": ""PN06-2.edf"", ""train_files"": [""PN06-1.edf"", ""PN06-3.edf"", ""PN06-5.edf""]}, {""validation_file"": ""PN06-3.edf"", ""train_files"": [""PN06-1.edf"", ""PN06-2.edf"", ""PN06-5.edf""]}, {""validation_file"": ""PN06-5.edf"", ""train_files"": [""PN06-1.edf"", ""PN06-2.edf"", ""PN06-3.edf""]}]","[""PN06-1.edf"", ""PN06-2.edf"", ""PN06-3.edf"", ""PN06-5.edf""]",PN06,E1_RF,PN06-4.edf,nested
4,4,4,139,1,143,2875,36437,40,0,0,36397,1,1,13.748385855977141,0,4,4,23.5,9,35.5,0,37,0.07899002665054812,160,0.29999999999999999,False,False,"[{""validation_file"": ""PN06-1.edf"", ""train_files"": [""PN06-2.edf"", ""PN06-3.edf"", ""PN06-5.edf""]}, {""validation_file"": ""PN06-2.edf"", ""train_files"": [""PN06-1.edf"", ""PN06-3.edf"", ""PN06-5.edf""]}, {""validation_file"": ""PN06-3.edf"", ""train_files"": [""PN06-1.edf"", ""PN06-2.edf"", ""PN06-5.edf""]}, {""validation_file"": ""PN06-5.edf"", ""train_files"": [""PN06-1.edf"", ""PN06-2.edf"", ""PN06-3.edf""]}]","[""PN06-1.edf"", ""PN06-2.edf"", ""PN06-3.edf"", ""PN06-5.edf""]",PN06,E1_RF,PN06-4.edf,nested
4,3,3,124,1,127,2500,36437,40,0,0,36397,0.75,0.75,12.264747094540759,1,3,3,12,6,24.5,0,37,0.068686979696128803,160,0.34999999999999998,False,False,"[{""validation_file"": ""PN06-1.edf"", ""train_files"": [""PN06-2.edf"", ""PN06-3.edf"", ""PN06-5.edf""]}, {""validation_file"": ""PN06-2.edf"", ""train_files"": [""PN06-1.edf"", ""PN06-3.edf"", ""PN06-5.edf""]}, {""validation_file"": ""PN06-3.edf"", ""train_files"": [""PN06-1.edf"", ""PN06-2.edf"", ""PN06-5.edf""]}, {""validation_file"": ""PN06-5.edf"", ""train_files"": [""PN06-1.edf"", ""PN06-2.edf"", ""PN06-3.edf""]}]","[""PN06-1.edf"", ""PN06-2.edf"", ""PN06-3.edf"", ""PN06-5.edf""]",PN06,E1_RF,PN06-4.edf,nested
4,3,3,115,1,118,2305,36437,40,0,0,36397,0.75,0.75,11.374563837678929,1,3,3,12,6,24.5,0,37,0.063329395279830752,160,0.40000000000000002,False,False,"[{""validation_file"": ""PN06-1.edf"", ""train_files"": [""PN06-2.edf"", ""PN06-3.edf"", ""PN06-5.edf""]}, {""validation_file"": ""PN06-2.edf"", ""train_files"": [""PN06-1.edf"", ""PN06-3.edf"", ""PN06-5.edf""]}, {""validation_file"": ""PN06-3.edf"", ""train_files"": [""PN06-1.edf"", ""PN06-2.edf"", ""PN06-5.edf""]}, {""validation_file"": ""PN06-5.edf"", ""train_files"": [""PN06-1.edf"", ""PN06-2.edf"", ""PN06-3.edf""]}]","[""PN06-1.edf"", ""PN06-2.edf"", ""PN06-3.edf"", ""PN06-5.edf""]",PN06,E1_RF,PN06-4.edf,nested
4,3,3,106,1,109,2075,36437,40,0,0,36397,0.75,0.75,10.484380580817101,1,3,3,12,6,24.5,0,37,0.057010193147786908,125,0.45000000000000001,False,False,"[{""validation_file"": ""PN06-1.edf"", ""train_files"": [""PN06-2.edf"", ""PN06-3.edf"", ""PN06-5.edf""]}, {""validation_file"": ""PN06-2.edf"", ""train_files"": [""PN06-1.edf"", ""PN06-3.edf"", ""PN06-5.edf""]}, {""validation_file"": ""PN06-3.edf"", ""train_files"": [""PN06-1.edf"", ""PN06-2.edf"", ""PN06-5.edf""]}, {""validation_file"": ""PN06-5.edf"", ""train_files"": [""PN06-1.edf"", ""PN06-2.edf"", ""PN06-3.edf""]}]","[""PN06-1.edf"", ""PN06-2.edf"", ""PN06-3.edf"", ""PN06-5.edf""]",PN06,E1_RF,PN06-4.edf,nested
4,3,3,97,1,100,1855,36437,40,0,0,36397,0.75,0.75,9.5941973239552709,1,3,3,12,8.5,24.5,5,37,0.05096573893452757,120,0.5,False,False,"[{""validation_file"": ""PN06-1.edf"", ""train_files"": [""PN06-2.edf"", ""PN06-3.edf"", ""PN06-5.edf""]}, {""validation_file"": ""PN06-2.edf"", ""train_files"": [""PN06-1.edf"", ""PN06-3.edf"", ""PN06-5.edf""]}, {""validation_file"": ""PN06-3.edf"", ""train_files"": [""PN06-1.edf"", ""PN06-2.edf"", ""PN06-5.edf""]}, {""validation_file"": ""PN06-5.edf"", ""train_files"": [""PN06-1.edf"", ""PN06-2.edf"", ""PN06-3.edf""]}]","[""PN06-1.edf"", ""PN06-2.edf"", ""PN06-3.edf"", ""PN06-5.edf""]",PN06,E1_RF,PN06-4.edf,nested
4,3,3,83,1,86,1575,36437,40,0,0,36397,0.75,0.75,8.2094678132813144,1,3,3,12,8.5,24.5,5,37,0.043272797208561142,70,0.55000000000000004,False,False,"[{""validation_file"": ""PN06-1.edf"", ""train_files"": [""PN06-2.edf"", ""PN06-3.edf"", ""PN06-5.edf""]}, {""validation_file"": ""PN06-2.edf"", ""train_files"": [""PN06-1.edf"", ""PN06-3.edf"", ""PN06-5.edf""]}, {""validation_file"": ""PN06-3.edf"", ""train_files"": [""PN06-1.edf"", ""PN06-2.edf"", ""PN06-5.edf""]}, {""validation_file"": ""PN06-5.edf"", ""train_files"": [""PN06-1.edf"", ""PN06-2.edf"", ""PN06-3.edf""]}]","[""PN06-1.edf"", ""PN06-2.edf"", ""PN06-3.edf"", ""PN06-5.edf""]",PN06,E1_RF,PN06-4.edf,nested
4,3,3,77,1,80,1365,36437,40,0,0,36397,0.75,0.75,7.6160123087067619,1,3,3,12,8.5,24.5,5,37,0.037503090914086323,60,0.59999999999999998,False,False,"[{""validation_file"": ""PN06-1.edf"", ""train_files"": [""PN06-2.edf"", ""PN06-3.edf"", ""PN06-5.edf""]}, {""validation_file"": ""PN06-2.edf"", ""train_files"": [""PN06-1.edf"", ""PN06-3.edf"", ""PN06-5.edf""]}, {""validation_file"": ""PN06-3.edf"", ""train_files"": [""PN06-1.edf"", ""PN06-2.edf"", ""PN06-5.edf""]}, {""validation_file"": ""PN06-5.edf"", ""train_files"": [""PN06-1.edf"", ""PN06-2.edf"", ""PN06-3.edf""]}]","[""PN06-1.edf"", ""PN06-2.edf"", ""PN06-3.edf"", ""PN06-5.edf""]",PN06,E1_RF,PN06-4.edf,nested
4,3,3,72,1,75,1255,36437,40,0,0,36397,0.75,0.75,7.1214660548946345,1,3,3,12,8.5,24.5,5,37,0.034480863807456658,60,0.65000000000000002,False,False,"[{""validation_file"": ""PN06-1.edf"", ""train_files"": [""PN06-2.edf"", ""PN06-3.edf"", ""PN06-5.edf""]}, {""validation_file"": ""PN06-2.edf"", ""train_files"": [""PN06-1.edf"", ""PN06-3.edf"", ""PN06-5.edf""]}, {""validation_file"": ""PN06-3.edf"", ""train_files"": [""PN06-1.edf"", ""PN06-2.edf"", ""PN06-5.edf""]}, {""validation_file"": ""PN06-5.edf"", ""train_files"": [""PN06-1.edf"", ""PN06-2.edf"", ""PN06-3.edf""]}]","[""PN06-1.edf"", ""PN06-2.edf"", ""PN06-3.edf"", ""PN06-5.edf""]",PN06,E1_RF,PN06-4.edf,nested
4,3,3,59,0,62,1065,36437,40,0,0,36397,0.75,0.75,5.8356457949831029,1,3,3,37,21,37,5,37,0.029260653350550871,60,0.69999999999999996,False,False,"[{""validation_file"": ""PN06-1.edf"", ""train_files"": [""PN06-2.edf"", ""PN06-3.edf"", ""PN06-5.edf""]}, {""validation_file"": ""PN06-2.edf"", ""train_files"": [""PN06-1.edf"", ""PN06-3.edf"", ""PN06-5.edf""]}, {""validation_file"": ""PN06-3.edf"", ""train_files"": [""PN06-1.edf"", ""PN06-2.edf"", ""PN06-5.edf""]}, {""validation_file"": ""PN06-5.edf"", ""train_files"": [""PN06-1.edf"", ""PN06-2.edf"", ""PN06-3.edf""]}]","[""PN06-1.edf"", ""PN06-2.edf"", ""PN06-3.edf"", ""PN06-5.edf""]",PN06,E1_RF,PN06-4.edf,nested
4,3,3,51,0,54,910,36437,40,0,0,36397,0.75,0.75,5.0443717888836996,1,3,3,37,21,37,5,37,0.025002060609390885,60,0.75,False,False,"[{""validation_file"": ""PN06-1.edf"", ""train_files"": [""PN06-2.edf"", ""PN06-3.edf"", ""PN06-5.edf""]}, {""validation_file"": ""PN06-2.edf"", ""train_files"": [""PN06-1.edf"", ""PN06-3.edf"", ""PN06-5.edf""]}, {""validation_file"": ""PN06-3.edf"", ""train_files"": [""PN06-1.edf"", ""PN06-2.edf"", ""PN06-5.edf""]}, {""validation_file"": ""PN06-5.edf"", ""train_files"": [""PN06-1.edf"", ""PN06-2.edf"", ""PN06-3.edf""]}]","[""PN06-1.edf"", ""PN06-2.edf"", ""PN06-3.edf"", ""PN06-5.edf""]",PN06,E1_RF,PN06-4.edf,nested
4,3,3,38,0,41,725,36437,40,0,0,36397,0.75,0.75,3.758551528972168,1,3,3,37,21,39.5,5,42,0.019919224111877354,60,0.80000000000000004,False,False,"[{""validation_file"": ""PN06-1.edf"", ""train_files"": [""PN06-2.edf"", ""PN06-3.edf"", ""PN06-5.edf""]}, {""validation_file"": ""PN06-2.edf"", ""train_files"": [""PN06-1.edf"", ""PN06-3.edf"", ""PN06-5.edf""]}, {""validation_file"": ""PN06-3.edf"", ""train_files"": [""PN06-1.edf"", ""PN06-2.edf"", ""PN06-5.edf""]}, {""validation_file"": ""PN06-5.edf"", ""train_files"": [""PN06-1.edf"", ""PN06-2.edf"", ""PN06-3.edf""]}]","[""PN06-1.edf"", ""PN06-2.edf"", ""PN06-3.edf"", ""PN06-5.edf""]",PN06,E1_RF,PN06-4.edf,nested
4,3,3,30,0,33,580,36437,40,0,0,36397,0.75,0.75,2.9672775228727644,1,3,3,37,21,39.5,5,42,0.01593537928950188,60,0.84999999999999998,False,False,"[{""validation_file"": ""PN06-1.edf"", ""train_files"": [""PN06-2.edf"", ""PN06-3.edf"", ""PN06-5.edf""]}, {""validation_file"": ""PN06-2.edf"", ""train_files"": [""PN06-1.edf"", ""PN06-3.edf"", ""PN06-5.edf""]}, {""validation_file"": ""PN06-3.edf"", ""train_files"": [""PN06-1.edf"", ""PN06-2.edf"", ""PN06-5.edf""]}, {""validation_file"": ""PN06-5.edf"", ""train_files"": [""PN06-1.edf"", ""PN06-2.edf"", ""PN06-3.edf""]}]","[""PN06-1.edf"", ""PN06-2.edf"", ""PN06-3.edf"", ""PN06-5.edf""]",PN06,E1_RF,PN06-4.edf,nested
4,3,3,17,0,20,300,36437,40,0,0,36397,0.75,0.75,1.681457262961233,1,3,3,37,21,39.5,5,42,0.0082424375635354562,55,0.90000000000000002,False,False,"[{""validation_file"": ""PN06-1.edf"", ""train_files"": [""PN06-2.edf"", ""PN06-3.edf"", ""PN06-5.edf""]}, {""validation_file"": ""PN06-2.edf"", ""train_files"": [""PN06-1.edf"", ""PN06-3.edf"", ""PN06-5.edf""]}, {""validation_file"": ""PN06-3.edf"", ""train_files"": [""PN06-1.edf"", ""PN06-2.edf"", ""PN06-5.edf""]}, {""validation_file"": ""PN06-5.edf"", ""train_files"": [""PN06-1.edf"", ""PN06-2.edf"", ""PN06-3.edf""]}]","[""PN06-1.edf"", ""PN06-2.edf"", ""PN06-3.edf"", ""PN06-5.edf""]",PN06,E1_RF,PN06-4.edf,nested
4,2,2,1,0,3,70,36437,40,0,0,36397,0.5,0.5,0.098909250762425474,2,2,2,23.5,14.25,32.75,5,42,0.0019232354314916065,40,0.94999999999999996,True,True,"[{""validation_file"": ""PN06-1.edf"", ""train_files"": [""PN06-2.edf"", ""PN06-3.edf"", ""PN06-5.edf""]}, {""validation_file"": ""PN06-2.edf"", ""train_files"": [""PN06-1.edf"", ""PN06-3.edf"", ""PN06-5.edf""]}, {""validation_file"": ""PN06-3.edf"", ""train_files"": [""PN06-1.edf"", ""PN06-2.edf"", ""PN06-5.edf""]}, {""validation_file"": ""PN06-5.edf"", ""train_files"": [""PN06-1.edf"", ""PN06-2.edf"", ""PN06-3.edf""]}]","[""PN06-1.edf"", ""PN06-2.edf"", ""PN06-3.edf"", ""PN06-5.edf""]",PN06,E1_RF,PN06-4.edf,nested
4,0,0,0,0,0,0,36437,40,0,0,36397,0,0,0,4,0,0,,,,,,0,0,1.01,True,False,"[{""validation_file"": ""PN06-1.edf"", ""train_files"": [""PN06-2.edf"", ""PN06-3.edf"", ""PN06-5.edf""]}, {""validation_file"": ""PN06-2.edf"", ""train_files"": [""PN06-1.edf"", ""PN06-3.edf"", ""PN06-5.edf""]}, {""validation_file"": ""PN06-3.edf"", ""train_files"": [""PN06-1.edf"", ""PN06-2.edf"", ""PN06-5.edf""]}, {""validation_file"": ""PN06-5.edf"", ""train_files"": [""PN06-1.edf"", ""PN06-2.edf"", ""PN06-3.edf""]}]","[""PN06-1.edf"", ""PN06-2.edf"", ""PN06-3.edf"", ""PN06-5.edf""]",PN06,E1_RF,PN06-4.edf,nested
4,1,4,380,0,381,9290,37440,40,0,0,37400,0.25,1,36.577540106951872,3,1,1,12,12,12,12,12,0.24839572192513368,320,0.050000000000000003,False,False,"[{""validation_file"": ""PN06-1.edf"", ""train_files"": [""PN06-2.edf"", ""PN06-3.edf"", ""PN06-4.edf""]}, {""validation_file"": ""PN06-2.edf"", ""train_files"": [""PN06-1.edf"", ""PN06-3.edf"", ""PN06-4.edf""]}, {""validation_file"": ""PN06-3.edf"", ""train_files"": [""PN06-1.edf"", ""PN06-2.edf"", ""PN06-4.edf""]}, {""validation_file"": ""PN06-4.edf"", ""train_files"": [""PN06-1.edf"", ""PN06-2.edf"", ""PN06-3.edf""]}]","[""PN06-1.edf"", ""PN06-2.edf"", ""PN06-3.edf"", ""PN06-4.edf""]",PN06,E1_RF,PN06-5.edf,nested
4,2,4,258,0,260,6310,37440,40,0,0,37400,0.5,1,24.834224598930483,2,2,2,26.5,24.25,28.75,22,31,0.16871657754010697,180,0.10000000000000001,False,False,"[{""validation_file"": ""PN06-1.edf"", ""train_files"": [""PN06-2.edf"", ""PN06-3.edf"", ""PN06-4.edf""]}, {""validation_file"": ""PN06-2.edf"", ""train_files"": [""PN06-1.edf"", ""PN06-3.edf"", ""PN06-4.edf""]}, {""validation_file"": ""PN06-3.edf"", ""train_files"": [""PN06-1.edf"", ""PN06-2.edf"", ""PN06-4.edf""]}, {""validation_file"": ""PN06-4.edf"", ""train_files"": [""PN06-1.edf"", ""PN06-2.edf"", ""PN06-3.edf""]}]","[""PN06-1.edf"", ""PN06-2.edf"", ""PN06-3.edf"", ""PN06-4.edf""]",PN06,E1_RF,PN06-5.edf,nested
4,3,4,212,0,215,5210,37440,40,0,0,37400,0.75,1,20.406417112299465,1,3,3,22,11,26.5,0,31,0.13930481283422461,165,0.14999999999999999,False,False,"[{""validation_file"": ""PN06-1.edf"", ""train_files"": [""PN06-2.edf"", ""PN06-3.edf"", ""PN06-4.edf""]}, {""validation_file"": ""PN06-2.edf"", ""train_files"": [""PN06-1.edf"", ""PN06-3.edf"", ""PN06-4.edf""]}, {""validation_file"": ""PN06-3.edf"", ""train_files"": [""PN06-1.edf"", ""PN06-2.edf"", ""PN06-4.edf""]}, {""validation_file"": ""PN06-4.edf"", ""train_files"": [""PN06-1.edf"", ""PN06-2.edf"", ""PN06-3.edf""]}]","[""PN06-1.edf"", ""PN06-2.edf"", ""PN06-3.edf"", ""PN06-4.edf""]",PN06,E1_RF,PN06-5.edf,nested
4,4,4,175,0,179,4455,37440,40,0,0,37400,1,1,16.844919786096256,0,4,4,16,3.75,28,0,31,0.11911764705882352,165,0.20000000000000001,False,False,"[{""validation_file"": ""PN06-1.edf"", ""train_files"": [""PN06-2.edf"", ""PN06-3.edf"", ""PN06-4.edf""]}, {""validation_file"": ""PN06-2.edf"", ""train_files"": [""PN06-1.edf"", ""PN06-3.edf"", ""PN06-4.edf""]}, {""validation_file"": ""PN06-3.edf"", ""train_files"": [""PN06-1.edf"", ""PN06-2.edf"", ""PN06-4.edf""]}, {""validation_file"": ""PN06-4.edf"", ""train_files"": [""PN06-1.edf"", ""PN06-2.edf"", ""PN06-3.edf""]}]","[""PN06-1.edf"", ""PN06-2.edf"", ""PN06-3.edf"", ""PN06-4.edf""]",PN06,E1_RF,PN06-5.edf,nested
4,4,4,155,0,159,3920,37440,40,0,0,37400,1,1,14.919786096256685,0,4,4,18,3.75,32.5,0,37,0.10481283422459893,160,0.25,False,False,"[{""validation_file"": ""PN06-1.edf"", ""train_files"": [""PN06-2.edf"", ""PN06-3.edf"", ""PN06-4.edf""]}, {""validation_file"": ""PN06-2.edf"", ""train_files"": [""PN06-1.edf"", ""PN06-3.edf"", ""PN06-4.edf""]}, {""validation_file"": ""PN06-3.edf"", ""train_files"": [""PN06-1.edf"", ""PN06-2.edf"", ""PN06-4.edf""]}, {""validation_file"": ""PN06-4.edf"", ""train_files"": [""PN06-1.edf"", ""PN06-2.edf"", ""PN06-3.edf""]}]","[""PN06-1.edf"", ""PN06-2.edf"", ""PN06-3.edf"", ""PN06-4.edf""]",PN06,E1_RF,PN06-5.edf,nested
4,4,4,146,0,150,3560,37440,40,0,0,37400,1,1,14.053475935828876,0,4,4,18,3.75,32.5,0,37,0.095187165775401067,155,0.29999999999999999,False,False,"[{""validation_file"": ""PN06-1.edf"", ""train_files"": [""PN06-2.edf"", ""PN06-3.edf"", ""PN06-4.edf""]}, {""validation_file"": ""PN06-2.edf"", ""train_files"": [""PN06-1.edf"", ""PN06-3.edf"", ""PN06-4.edf""]}, {""validation_file"": ""PN06-3.edf"", ""train_files"": [""PN06-1.edf"", ""PN06-2.edf"", ""PN06-4.edf""]}, {""validation_file"": ""PN06-4.edf"", ""train_files"": [""PN06-1.edf"", ""PN06-2.edf"", ""PN06-3.edf""]}]","[""PN06-1.edf"", ""PN06-2.edf"", ""PN06-3.edf"", ""PN06-4.edf""]",PN06,E1_RF,PN06-5.edf,nested
4,4,4,131,0,135,3230,37440,40,0,0,37400,1,1,12.609625668449198,0,4,4,18,5,32.5,5,37,0.086363636363636365,155,0.34999999999999998,False,False,"[{""validation_file"": ""PN06-1.edf"", ""train_files"": [""PN06-2.edf"", ""PN06-3.edf"", ""PN06-4.edf""]}, {""validation_file"": ""PN06-2.edf"", ""train_files"": [""PN06-1.edf"", ""PN06-3.edf"", ""PN06-4.edf""]}, {""validation_file"": ""PN06-3.edf"", ""train_files"": [""PN06-1.edf"", ""PN06-2.edf"", ""PN06-4.edf""]}, {""validation_file"": ""PN06-4.edf"", ""train_files"": [""PN06-1.edf"", ""PN06-2.edf"", ""PN06-3.edf""]}]","[""PN06-1.edf"", ""PN06-2.edf"", ""PN06-3.edf"", ""PN06-4.edf""]",PN06,E1_RF,PN06-5.edf,nested
4,4,4,127,0,131,2950,37440,40,0,0,37400,1,1,12.224598930481283,0,4,4,23,12.5,32.5,5,37,0.078877005347593579,135,0.40000000000000002,False,False,"[{""validation_file"": ""PN06-1.edf"", ""train_files"": [""PN06-2.edf"", ""PN06-3.edf"", ""PN06-4.edf""]}, {""validation_file"": ""PN06-2.edf"", ""train_files"": [""PN06-1.edf"", ""PN06-3.edf"", ""PN06-4.edf""]}, {""validation_file"": ""PN06-3.edf"", ""train_files"": [""PN06-1.edf"", ""PN06-2.edf"", ""PN06-4.edf""]}, {""validation_file"": ""PN06-4.edf"", ""train_files"": [""PN06-1.edf"", ""PN06-2.edf"", ""PN06-3.edf""]}]","[""PN06-1.edf"", ""PN06-2.edf"", ""PN06-3.edf"", ""PN06-4.edf""]",PN06,E1_RF,PN06-5.edf,nested
4,4,4,118,1,122,2745,37440,40,0,0,37400,1,1,11.358288770053475,0,4,4,10.5,5.75,20.5,5,37,0.073395721925133689,135,0.45000000000000001,False,False,"[{""validation_file"": ""PN06-1.edf"", ""train_files"": [""PN06-2.edf"", ""PN06-3.edf"", ""PN06-4.edf""]}, {""validation_file"": ""PN06-2.edf"", ""train_files"": [""PN06-1.edf"", ""PN06-3.edf"", ""PN06-4.edf""]}, {""validation_file"": ""PN06-3.edf"", ""train_files"": [""PN06-1.edf"", ""PN06-2.edf"", ""PN06-4.edf""]}, {""validation_file"": ""PN06-4.edf"", ""train_files"": [""PN06-1.edf"", ""PN06-2.edf"", ""PN06-3.edf""]}]","[""PN06-1.edf"", ""PN06-2.edf"", ""PN06-3.edf"", ""PN06-4.edf""]",PN06,E1_RF,PN06-5.edf,nested
4,4,4,109,1,113,2460,37440,40,0,0,37400,1,1,10.491978609625669,0,4,4,10.5,5.75,20.5,5,37,0.065775401069518721,125,0.5,False,False,"[{""validation_file"": ""PN06-1.edf"", ""train_files"": [""PN06-2.edf"", ""PN06-3.edf"", ""PN06-4.edf""]}, {""validation_file"": ""PN06-2.edf"", ""train_files"": [""PN06-1.edf"", ""PN06-3.edf"", ""PN06-4.edf""]}, {""validation_file"": ""PN06-3.edf"", ""train_files"": [""PN06-1.edf"", ""PN06-2.edf"", ""PN06-4.edf""]}, {""validation_file"": ""PN06-4.edf"", ""train_files"": [""PN06-1.edf"", ""PN06-2.edf"", ""PN06-3.edf""]}]","[""PN06-1.edf"", ""PN06-2.edf"", ""PN06-3.edf"", ""PN06-4.edf""]",PN06,E1_RF,PN06-5.edf,nested
4,4,4,99,1,103,2195,37440,40,0,0,37400,1,1,9.5294117647058822,0,4,4,15.5,5.75,28,5,37,0.058689839572192516,125,0.55000000000000004,False,False,"[{""validation_file"": ""PN06-1.edf"", ""train_files"": [""PN06-2.edf"", ""PN06-3.edf"", ""PN06-4.edf""]}, {""validation_file"": ""PN06-2.edf"", ""train_files"": [""PN06-1.edf"", ""PN06-3.edf"", ""PN06-4.edf""]}, {""validation_file"": ""PN06-3.edf"", ""train_files"": [""PN06-1.edf"", ""PN06-2.edf"", ""PN06-4.edf""]}, {""validation_file"": ""PN06-4.edf"", ""train_files"": [""PN06-1.edf"", ""PN06-2.edf"", ""PN06-3.edf""]}]","[""PN06-1.edf"", ""PN06-2.edf"", ""PN06-3.edf"", ""PN06-4.edf""]",PN06,E1_RF,PN06-5.edf,nested
4,4,4,92,1,96,1890,37440,40,0,0,37400,1,1,8.855614973262032,0,4,4,15.5,5.75,28,5,37,0.050534759358288772,125,0.59999999999999998,False,False,"[{""validation_file"": ""PN06-1.edf"", ""train_files"": [""PN06-2.edf"", ""PN06-3.edf"", ""PN06-4.edf""]}, {""validation_file"": ""PN06-2.edf"", ""train_files"": [""PN06-1.edf"", ""PN06-3.edf"", ""PN06-4.edf""]}, {""validation_file"": ""PN06-3.edf"", ""train_files"": [""PN06-1.edf"", ""PN06-2.edf"", ""PN06-4.edf""]}, {""validation_file"": ""PN06-4.edf"", ""train_files"": [""PN06-1.edf"", ""PN06-2.edf"", ""PN06-3.edf""]}]","[""PN06-1.edf"", ""PN06-2.edf"", ""PN06-3.edf"", ""PN06-4.edf""]",PN06,E1_RF,PN06-5.edf,nested
4,4,4,85,1,89,1610,37440,40,0,0,37400,1,1,8.1818181818181817,0,4,4,15.5,5.75,28,5,37,0.043048128342245986,90,0.65000000000000002,False,False,"[{""validation_file"": ""PN06-1.edf"", ""train_files"": [""PN06-2.edf"", ""PN06-3.edf"", ""PN06-4.edf""]}, {""validation_file"": ""PN06-2.edf"", ""train_files"": [""PN06-1.edf"", ""PN06-3.edf"", ""PN06-4.edf""]}, {""validation_file"": ""PN06-3.edf"", ""train_files"": [""PN06-1.edf"", ""PN06-2.edf"", ""PN06-4.edf""]}, {""validation_file"": ""PN06-4.edf"", ""train_files"": [""PN06-1.edf"", ""PN06-2.edf"", ""PN06-3.edf""]}]","[""PN06-1.edf"", ""PN06-2.edf"", ""PN06-3.edf"", ""PN06-4.edf""]",PN06,E1_RF,PN06-5.edf,nested
4,3,3,78,1,81,1460,37440,40,0,0,37400,0.75,0.75,7.5080213903743314,1,3,3,6,5.5,21.5,5,37,0.039037433155080216,75,0.69999999999999996,False,False,"[{""validation_file"": ""PN06-1.edf"", ""train_files"": [""PN06-2.edf"", ""PN06-3.edf"", ""PN06-4.edf""]}, {""validation_file"": ""PN06-2.edf"", ""train_files"": [""PN06-1.edf"", ""PN06-3.edf"", ""PN06-4.edf""]}, {""validation_file"": ""PN06-3.edf"", ""train_files"": [""PN06-1.edf"", ""PN06-2.edf"", ""PN06-4.edf""]}, {""validation_file"": ""PN06-4.edf"", ""train_files"": [""PN06-1.edf"", ""PN06-2.edf"", ""PN06-3.edf""]}]","[""PN06-1.edf"", ""PN06-2.edf"", ""PN06-3.edf"", ""PN06-4.edf""]",PN06,E1_RF,PN06-5.edf,nested
4,3,3,68,1,71,1195,37440,40,0,0,37400,0.75,0.75,6.5454545454545459,1,3,3,16,10.5,26.5,5,37,0.031951871657754011,65,0.75,False,False,"[{""validation_file"": ""PN06-1.edf"", ""train_files"": [""PN06-2.edf"", ""PN06-3.edf"", ""PN06-4.edf""]}, {""validation_file"": ""PN06-2.edf"", ""train_files"": [""PN06-1.edf"", ""PN06-3.edf"", ""PN06-4.edf""]}, {""validation_file"": ""PN06-3.edf"", ""train_files"": [""PN06-1.edf"", ""PN06-2.edf"", ""PN06-4.edf""]}, {""validation_file"": ""PN06-4.edf"", ""train_files"": [""PN06-1.edf"", ""PN06-2.edf"", ""PN06-3.edf""]}]","[""PN06-1.edf"", ""PN06-2.edf"", ""PN06-3.edf"", ""PN06-4.edf""]",PN06,E1_RF,PN06-5.edf,nested
4,3,3,57,1,60,985,37440,40,0,0,37400,0.75,0.75,5.4866310160427805,1,3,3,16,10.5,29,5,42,0.026336898395721925,55,0.80000000000000004,False,False,"[{""validation_file"": ""PN06-1.edf"", ""train_files"": [""PN06-2.edf"", ""PN06-3.edf"", ""PN06-4.edf""]}, {""validation_file"": ""PN06-2.edf"", ""train_files"": [""PN06-1.edf"", ""PN06-3.edf"", ""PN06-4.edf""]}, {""validation_file"": ""PN06-3.edf"", ""train_files"": [""PN06-1.edf"", ""PN06-2.edf"", ""PN06-4.edf""]}, {""validation_file"": ""PN06-4.edf"", ""train_files"": [""PN06-1.edf"", ""PN06-2.edf"", ""PN06-3.edf""]}]","[""PN06-1.edf"", ""PN06-2.edf"", ""PN06-3.edf"", ""PN06-4.edf""]",PN06,E1_RF,PN06-5.edf,nested
4,3,3,44,1,47,710,37440,40,0,0,37400,0.75,0.75,4.2352941176470589,1,3,3,16,10.5,34,5,52,0.018983957219251339,55,0.84999999999999998,False,False,"[{""validation_file"": ""PN06-1.edf"", ""train_files"": [""PN06-2.edf"", ""PN06-3.edf"", ""PN06-4.edf""]}, {""validation_file"": ""PN06-2.edf"", ""train_files"": [""PN06-1.edf"", ""PN06-3.edf"", ""PN06-4.edf""]}, {""validation_file"": ""PN06-3.edf"", ""train_files"": [""PN06-1.edf"", ""PN06-2.edf"", ""PN06-4.edf""]}, {""validation_file"": ""PN06-4.edf"", ""train_files"": [""PN06-1.edf"", ""PN06-2.edf"", ""PN06-3.edf""]}]","[""PN06-1.edf"", ""PN06-2.edf"", ""PN06-3.edf"", ""PN06-4.edf""]",PN06,E1_RF,PN06-5.edf,nested
4,2,2,25,1,27,350,37440,40,0,0,37400,0.5,0.5,2.4064171122994651,2,2,2,10.5,7.75,13.25,5,16,0.0093582887700534752,55,0.90000000000000002,False,False,"[{""validation_file"": ""PN06-1.edf"", ""train_files"": [""PN06-2.edf"", ""PN06-3.edf"", ""PN06-4.edf""]}, {""validation_file"": ""PN06-2.edf"", ""train_files"": [""PN06-1.edf"", ""PN06-3.edf"", ""PN06-4.edf""]}, {""validation_file"": ""PN06-3.edf"", ""train_files"": [""PN06-1.edf"", ""PN06-2.edf"", ""PN06-4.edf""]}, {""validation_file"": ""PN06-4.edf"", ""train_files"": [""PN06-1.edf"", ""PN06-2.edf"", ""PN06-3.edf""]}]","[""PN06-1.edf"", ""PN06-2.edf"", ""PN06-3.edf"", ""PN06-4.edf""]",PN06,E1_RF,PN06-5.edf,nested
4,2,2,5,0,7,90,37440,40,0,0,37400,0.5,0.5,0.48128342245989303,2,2,2,33,26.5,39.5,20,46,0.0024064171122994654,30,0.94999999999999996,True,True,"[{""validation_file"": ""PN06-1.edf"", ""train_files"": [""PN06-2.edf"", ""PN06-3.edf"", ""PN06-4.edf""]}, {""validation_file"": ""PN06-2.edf"", ""train_files"": [""PN06-1.edf"", ""PN06-3.edf"", ""PN06-4.edf""]}, {""validation_file"": ""PN06-3.edf"", ""train_files"": [""PN06-1.edf"", ""PN06-2.edf"", ""PN06-4.edf""]}, {""validation_file"": ""PN06-4.edf"", ""train_files"": [""PN06-1.edf"", ""PN06-2.edf"", ""PN06-3.edf""]}]","[""PN06-1.edf"", ""PN06-2.edf"", ""PN06-3.edf"", ""PN06-4.edf""]",PN06,E1_RF,PN06-5.edf,nested
4,0,0,0,0,0,0,37440,40,0,0,37400,0,0,0,4,0,0,,,,,,0,0,1.01,True,False,"[{""validation_file"": ""PN06-1.edf"", ""train_files"": [""PN06-2.edf"", ""PN06-3.edf"", ""PN06-4.edf""]}, {""validation_file"": ""PN06-2.edf"", ""train_files"": [""PN06-1.edf"", ""PN06-3.edf"", ""PN06-4.edf""]}, {""validation_file"": ""PN06-3.edf"", ""train_files"": [""PN06-1.edf"", ""PN06-2.edf"", ""PN06-4.edf""]}, {""validation_file"": ""PN06-4.edf"", ""train_files"": [""PN06-1.edf"", ""PN06-2.edf"", ""PN06-3.edf""]}]","[""PN06-1.edf"", ""PN06-2.edf"", ""PN06-3.edf"", ""PN06-4.edf""]",PN06,E1_RF,PN06-5.edf,nested
9,6,9,1139,0,1145,22435,57435,50,27,110,57248,0.66666666666666663,1,71.625209614309668,3,6,6,4,2,6.75,1,10,0.39189141978759084,110,0.050000000000000003,False,False,"[{""validation_file"": ""PN10-10.edf"", ""train_files"": [""PN10-2.edf"", ""PN10-3.edf"", ""PN10-4.5.6.edf"", ""PN10-7.8.9.edf""]}, {""validation_file"": ""PN10-2.edf"", ""train_files"": [""PN10-10.edf"", ""PN10-3.edf"", ""PN10-4.5.6.edf"", ""PN10-7.8.9.edf""]}, {""validation_file"": ""PN10-3.edf"", ""train_files"": [""PN10-10.edf"", ""PN10-2.edf"", ""PN10-4.5.6.edf"", ""PN10-7.8.9.edf""]}, {""validation_file"": ""PN10-4.5.6.edf"", ""train_files"": [""PN10-10.edf"", ""PN10-2.edf"", ""PN10-3.edf"", ""PN10-7.8.9.edf""]}, {""validation_file"": ""PN10-7.8.9.edf"", ""train_files"": [""PN10-10.edf"", ""PN10-2.edf"", ""PN10-3.edf"", ""PN10-4.5.6.edf""]}]","[""PN10-10.edf"", ""PN10-2.edf"", ""PN10-3.edf"", ""PN10-4.5.6.edf"", ""PN10-7.8.9.edf""]",PN10,E0_LR,PN10-1.edf,nested
9,7,9,1010,0,1017,16910,57435,50,27,110,57248,0.77777777777777779,1,63.513135830072663,2,7,7,6,1.5,7,1,10,0.29538149804359976,100,0.10000000000000001,False,False,"[{""validation_file"": ""PN10-10.edf"", ""train_files"": [""PN10-2.edf"", ""PN10-3.edf"", ""PN10-4.5.6.edf"", ""PN10-7.8.9.edf""]}, {""validation_file"": ""PN10-2.edf"", ""train_files"": [""PN10-10.edf"", ""PN10-3.edf"", ""PN10-4.5.6.edf"", ""PN10-7.8.9.edf""]}, {""validation_file"": ""PN10-3.edf"", ""train_files"": [""PN10-10.edf"", ""PN10-2.edf"", ""PN10-4.5.6.edf"", ""PN10-7.8.9.edf""]}, {""validation_file"": ""PN10-4.5.6.edf"", ""train_files"": [""PN10-10.edf"", ""PN10-2.edf"", ""PN10-3.edf"", ""PN10-7.8.9.edf""]}, {""validation_file"": ""PN10-7.8.9.edf"", ""train_files"": [""PN10-10.edf"", ""PN10-2.edf"", ""PN10-3.edf"", ""PN10-4.5.6.edf""]}]","[""PN10-10.edf"", ""PN10-2.edf"", ""PN10-3.edf"", ""PN10-4.5.6.edf"", ""PN10-7.8.9.edf""]",PN10,E0_LR,PN10-1.edf,nested
9,7,9,885,0,892,13675,57435,50,27,110,57248,0.77777777777777779,1,55.652599217439914,2,7,7,6,1.5,7,1,10,0.23887297372833985,90,0.14999999999999999,False,False,"[{""validation_file"": ""PN10-10.edf"", ""train_files"": [""PN10-2.edf"", ""PN10-3.edf"", ""PN10-4.5.6.edf"", ""PN10-7.8.9.edf""]}, {""validation_file"": ""PN10-2.edf"", ""train_files"": [""PN10-10.edf"", ""PN10-3.edf"", ""PN10-4.5.6.edf"", ""PN10-7.8.9.edf""]}, {""validation_file"": ""PN10-3.edf"", ""train_files"": [""PN10-10.edf"", ""PN10-2.edf"", ""PN10-4.5.6.edf"", ""PN10-7.8.9.edf""]}, {""validation_file"": ""PN10-4.5.6.edf"", ""train_files"": [""PN10-10.edf"", ""PN10-2.edf"", ""PN10-3.edf"", ""PN10-7.8.9.edf""]}, {""validation_file"": ""PN10-7.8.9.edf"", ""train_files"": [""PN10-10.edf"", ""PN10-2.edf"", ""PN10-3.edf"", ""PN10-4.5.6.edf""]}]","[""PN10-10.edf"", ""PN10-2.edf"", ""PN10-3.edf"", ""PN10-4.5.6.edf"", ""PN10-7.8.9.edf""]",PN10,E0_LR,PN10-1.edf,nested
9,7,9,764,0,771,11475,57435,50,27,110,57248,0.77777777777777779,1,48.043599776411405,2,7,7,6,1.5,7,1,10,0.20044368362213527,90,0.20000000000000001,False,False,"[{""validation_file"": ""PN10-10.edf"", ""train_files"": [""PN10-2.edf"", ""PN10-3.edf"", ""PN10-4.5.6.edf"", ""PN10-7.8.9.edf""]}, {""validation_file"": ""PN10-2.edf"", ""train_files"": [""PN10-10.edf"", ""PN10-3.edf"", ""PN10-4.5.6.edf"", ""PN10-7.8.9.edf""]}, {""validation_file"": ""PN10-3.edf"", ""train_files"": [""PN10-10.edf"", ""PN10-2.edf"", ""PN10-4.5.6.edf"", ""PN10-7.8.9.edf""]}, {""validation_file"": ""PN10-4.5.6.edf"", ""train_files"": [""PN10-10.edf"", ""PN10-2.edf"", ""PN10-3.edf"", ""PN10-7.8.9.edf""]}, {""validation_file"": ""PN10-7.8.9.edf"", ""train_files"": [""PN10-10.edf"", ""PN10-2.edf"", ""PN10-3.edf"", ""PN10-4.5.6.edf""]}]","[""PN10-10.edf"", ""PN10-2.edf"", ""PN10-3.edf"", ""PN10-4.5.6.edf"", ""PN10-7.8.9.edf""]",PN10,E0_LR,PN10-1.edf,nested
9,9,9,680,0,689,9745,57435,50,27,110,57248,1,1,42.761319172722189,0,9,9,6,2,7,1,10,0.17022428731134712,70,0.25,False,False,"[{""validation_file"": ""PN10-10.edf"", ""train_files"": [""PN10-2.edf"", ""PN10-3.edf"", ""PN10-4.5.6.edf"", ""PN10-7.8.9.edf""]}, {""validation_file"": ""PN10-2.edf"", ""train_files"": [""PN10-10.edf"", ""PN10-3.edf"", ""PN10-4.5.6.edf"", ""PN10-7.8.9.edf""]}, {""validation_file"": ""PN10-3.edf"", ""train_files"": [""PN10-10.edf"", ""PN10-2.edf"", ""PN10-4.5.6.edf"", ""PN10-7.8.9.edf""]}, {""validation_file"": ""PN10-4.5.6.edf"", ""train_files"": [""PN10-10.edf"", ""PN10-2.edf"", ""PN10-3.edf"", ""PN10-7.8.9.edf""]}, {""validation_file"": ""PN10-7.8.9.edf"", ""train_files"": [""PN10-10.edf"", ""PN10-2.edf"", ""PN10-3.edf"", ""PN10-4.5.6.edf""]}]","[""PN10-10.edf"", ""PN10-2.edf"", ""PN10-3.edf"", ""PN10-4.5.6.edf"", ""PN10-7.8.9.edf""]",PN10,E0_LR,PN10-1.edf,nested
9,9,9,606,0,615,8440,57435,50,27,110,57248,1,1,38.107881498043596,0,9,9,6,2,7,1,10,0.14742873113471214,70,0.29999999999999999,False,False,"[{""validation_file"": ""PN10-10.edf"", ""train_files"": [""PN10-2.edf"", ""PN10-3.edf"", ""PN10-4.5.6.edf"", ""PN10-7.8.9.edf""]}, {""validation_file"": ""PN10-2.edf"", ""train_files"": [""PN10-10.edf"", ""PN10-3.edf"", ""PN10-4.5.6.edf"", ""PN10-7.8.9.edf""]}, {""validation_file"": ""PN10-3.edf"", ""train_files"": [""PN10-10.edf"", ""PN10-2.edf"", ""PN10-4.5.6.edf"", ""PN10-7.8.9.edf""]}, {""validation_file"": ""PN10-4.5.6.edf"", ""train_files"": [""PN10-10.edf"", ""PN10-2.edf"", ""PN10-3.edf"", ""PN10-7.8.9.edf""]}, {""validation_file"": ""PN10-7.8.9.edf"", ""train_files"": [""PN10-10.edf"", ""PN10-2.edf"", ""PN10-3.edf"", ""PN10-4.5.6.edf""]}]","[""PN10-10.edf"", ""PN10-2.edf"", ""PN10-3.edf"", ""PN10-4.5.6.edf"", ""PN10-7.8.9.edf""]",PN10,E0_LR,PN10-1.edf,nested
9,9,9,544,0,553,7510,57435,50,27,110,57248,1,1,34.209055338177755,0,9,9,6,2,7,1,10,0.1311836221352711,70,0.34999999999999998,False,False,"[{""validation_file"": ""PN10-10.edf"", ""train_files"": [""PN10-2.edf"", ""PN10-3.edf"", ""PN10-4.5.6.edf"", ""PN10-7.8.9.edf""]}, {""validation_file"": ""PN10-2.edf"", ""train_files"": [""PN10-10.edf"", ""PN10-3.edf"", ""PN10-4.5.6.edf"", ""PN10-7.8.9.edf""]}, {""validation_file"": ""PN10-3.edf"", ""train_files"": [""PN10-10.edf"", ""PN10-2.edf"", ""PN10-4.5.6.edf"", ""PN10-7.8.9.edf""]}, {""validation_file"": ""PN10-4.5.6.edf"", ""train_files"": [""PN10-10.edf"", ""PN10-2.edf"", ""PN10-3.edf"", ""PN10-7.8.9.edf""]}, {""validation_file"": ""PN10-7.8.9.edf"", ""train_files"": [""PN10-10.edf"", ""PN10-2.edf"", ""PN10-3.edf"", ""PN10-4.5.6.edf""]}]","[""PN10-10.edf"", ""PN10-2.edf"", ""PN10-3.edf"", ""PN10-4.5.6.edf"", ""PN10-7.8.9.edf""]",PN10,E0_LR,PN10-1.edf,nested
9,9,9,486,0,495,6595,57435,50,27,110,57248,1,1,30.561766349916155,0,9,9,6,3,7,1,10,0.11520053102291783,70,0.40000000000000002,False,False,"[{""validation_file"": ""PN10-10.edf"", ""train_files"": [""PN10-2.edf"", ""PN10-3.edf"", ""PN10-4.5.6.edf"", ""PN10-7.8.9.edf""]}, {""validation_file"": ""PN10-2.edf"", ""train_files"": [""PN10-10.edf"", ""PN10-3.edf"", ""PN10-4.5.6.edf"", ""PN10-7.8.9.edf""]}, {""validation_file"": ""PN10-3.edf"", ""train_files"": [""PN10-10.edf"", ""PN10-2.edf"", ""PN10-4.5.6.edf"", ""PN10-7.8.9.edf""]}, {""validation_file"": ""PN10-4.5.6.edf"", ""train_files"": [""PN10-10.edf"", ""PN10-2.edf"", ""PN10-3.edf"", ""PN10-7.8.9.edf""]}, {""validation_file"": ""PN10-7.8.9.edf"", ""train_files"": [""PN10-10.edf"", ""PN10-2.edf"", ""PN10-3.edf"", ""PN10-4.5.6.edf""]}]","[""PN10-10.edf"", ""PN10-2.edf"", ""PN10-3.edf"", ""PN10-4.5.6.edf"", ""PN10-7.8.9.edf""]",PN10,E0_LR,PN10-1.edf,nested
9,9,9,428,0,437,5760,57435,50,27,110,57248,1,1,26.914477361654555,0,9,9,6,3,7,1,10,0.10061486864169927,70,0.45000000000000001,False,False,"[{""validation_file"": ""PN10-10.edf"", ""train_files"": [""PN10-2.edf"", ""PN10-3.edf"", ""PN10-4.5.6.edf"", ""PN10-7.8.9.edf""]}, {""validation_file"": ""PN10-2.edf"", ""train_files"": [""PN10-10.edf"", ""PN10-3.edf"", ""PN10-4.5.6.edf"", ""PN10-7.8.9.edf""]}, {""validation_file"": ""PN10-3.edf"", ""train_files"": [""PN10-10.edf"", ""PN10-2.edf"", ""PN10-4.5.6.edf"", ""PN10-7.8.9.edf""]}, {""validation_file"": ""PN10-4.5.6.edf"", ""train_files"": [""PN10-10.edf"", ""PN10-2.edf"", ""PN10-3.edf"", ""PN10-7.8.9.edf""]}, {""validation_file"": ""PN10-7.8.9.edf"", ""train_files"": [""PN10-10.edf"", ""PN10-2.edf"", ""PN10-3.edf"", ""PN10-4.5.6.edf""]}]","[""PN10-10.edf"", ""PN10-2.edf"", ""PN10-3.edf"", ""PN10-4.5.6.edf"", ""PN10-7.8.9.edf""]",PN10,E0_LR,PN10-1.edf,nested
9,9,9,375,0,384,5010,57435,50,27,110,57248,1,1,23.581609837898267,0,9,9,6,3,7,1,10,0.08751397428731135,70,0.5,False,False,"[{""validation_file"": ""PN10-10.edf"", ""train_files"": [""PN10-2.edf"", ""PN10-3.edf"", ""PN10-4.5.6.edf"", ""PN10-7.8.9.edf""]}, {""validation_file"": ""PN10-2.edf"", ""train_files"": [""PN10-10.edf"", ""PN10-3.edf"", ""PN10-4.5.6.edf"", ""PN10-7.8.9.edf""]}, {""validation_file"": ""PN10-3.edf"", ""train_files"": [""PN10-10.edf"", ""PN10-2.edf"", ""PN10-4.5.6.edf"", ""PN10-7.8.9.edf""]}, {""validation_file"": ""PN10-4.5.6.edf"", ""train_files"": [""PN10-10.edf"", ""PN10-2.edf"", ""PN10-3.edf"", ""PN10-7.8.9.edf""]}, {""validation_file"": ""PN10-7.8.9.edf"", ""train_files"": [""PN10-10.edf"", ""PN10-2.edf"", ""PN10-3.edf"", ""PN10-4.5.6.edf""]}]","[""PN10-10.edf"", ""PN10-2.edf"", ""PN10-3.edf"", ""PN10-4.5.6.edf"", ""PN10-7.8.9.edf""]",PN10,E0_LR,PN10-1.edf,nested
9,9,9,329,0,338,4425,57435,50,27,110,57248,1,1,20.688932364449414,0,9,9,6,3,7,1,10,0.077295276690888759,70,0.55000000000000004,False,False,"[{""validation_file"": ""PN10-10.edf"", ""train_files"": [""PN10-2.edf"", ""PN10-3.edf"", ""PN10-4.5.6.edf"", ""PN10-7.8.9.edf""]}, {""validation_file"": ""PN10-2.edf"", ""train_files"": [""PN10-10.edf"", ""PN10-3.edf"", ""PN10-4.5.6.edf"", ""PN10-7.8.9.edf""]}, {""validation_file"": ""PN10-3.edf"", ""train_files"": [""PN10-10.edf"", ""PN10-2.edf"", ""PN10-4.5.6.edf"", ""PN10-7.8.9.edf""]}, {""validation_file"": ""PN10-4.5.6.edf"", ""train_files"": [""PN10-10.edf"", ""PN10-2.edf"", ""PN10-3.edf"", ""PN10-7.8.9.edf""]}, {""validation_file"": ""PN10-7.8.9.edf"", ""train_files"": [""PN10-10.edf"", ""PN10-2.edf"", ""PN10-3.edf"", ""PN10-4.5.6.edf""]}]","[""PN10-10.edf"", ""PN10-2.edf"", ""PN10-3.edf"", ""PN10-4.5.6.edf"", ""PN10-7.8.9.edf""]",PN10,E0_LR,PN10-1.edf,nested
9,9,9,288,0,297,3905,57435,50,27,110,57248,1,1,18.11067635550587,0,9,9,6,3,7,1,10,0.068211989938513129,70,0.59999999999999998,False,False,"[{""validation_file"": ""PN10-10.edf"", ""train_files"": [""PN10-2.edf"", ""PN10-3.edf"", ""PN10-4.5.6.edf"", ""PN10-7.8.9.edf""]}, {""validation_file"": ""PN10-2.edf"", ""train_files"": [""PN10-10.edf"", ""PN10-3.edf"", ""PN10-4.5.6.edf"", ""PN10-7.8.9.edf""]}, {""validation_file"": ""PN10-3.edf"", ""train_files"": [""PN10-10.edf"", ""PN10-2.edf"", ""PN10-4.5.6.edf"", ""PN10-7.8.9.edf""]}, {""validation_file"": ""PN10-4.5.6.edf"", ""train_files"": [""PN10-10.edf"", ""PN10-2.edf"", ""PN10-3.edf"", ""PN10-7.8.9.edf""]}, {""validation_file"": ""PN10-7.8.9.edf"", ""train_files"": [""PN10-10.edf"", ""PN10-2.edf"", ""PN10-3.edf"", ""PN10-4.5.6.edf""]}]","[""PN10-10.edf"", ""PN10-2.edf"", ""PN10-3.edf"", ""PN10-4.5.6.edf"", ""PN10-7.8.9.edf""]",PN10,E0_LR,PN10-1.edf,nested
9,9,9,253,0,262,3450,57435,50,27,110,57248,1,1,15.909726103968698,0,9,9,6,3,7,1,10,0.06026411403018446,70,0.65000000000000002,False,False,"[{""validation_file"": ""PN10-10.edf"", ""train_files"": [""PN10-2.edf"", ""PN10-3.edf"", ""PN10-4.5.6.edf"", ""PN10-7.8.9.edf""]}, {""validation_file"": ""PN10-2.edf"", ""train_files"": [""PN10-10.edf"", ""PN10-3.edf"", ""PN10-4.5.6.edf"", ""PN10-7.8.9.edf""]}, {""validation_file"": ""PN10-3.edf"", ""train_files"": [""PN10-10.edf"", ""PN10-2.edf"", ""PN10-4.5.6.edf"", ""PN10-7.8.9.edf""]}, {""validation_file"": ""PN10-4.5.6.edf"", ""train_files"": [""PN10-10.edf"", ""PN10-2.edf"", ""PN10-3.edf"", ""PN10-7.8.9.edf""]}, {""validation_file"": ""PN10-7.8.9.edf"", ""train_files"": [""PN10-10.edf"", ""PN10-2.edf"", ""PN10-3.edf"", ""PN10-4.5.6.edf""]}]","[""PN10-10.edf"", ""PN10-2.edf"", ""PN10-3.edf"", ""PN10-4.5.6.edf"", ""PN10-7.8.9.edf""]",PN10,E0_LR,PN10-1.edf,nested
9,9,9,225,0,234,3080,57435,50,27,110,57248,1,1,14.14896590273896,0,9,9,6,3,10,1,12,0.053801006148686416,70,0.69999999999999996,False,False,"[{""validation_file"": ""PN10-10.edf"", ""train_files"": [""PN10-2.edf"", ""PN10-3.edf"", ""PN10-4.5.6.edf"", ""PN10-7.8.9.edf""]}, {""validation_file"": ""PN10-2.edf"", ""train_files"": [""PN10-10.edf"", ""PN10-3.edf"", ""PN10-4.5.6.edf"", ""PN10-7.8.9.edf""]}, {""validation_file"": ""PN10-3.edf"", ""train_files"": [""PN10-10.edf"", ""PN10-2.edf"", ""PN10-4.5.6.edf"", ""PN10-7.8.9.edf""]}, {""validation_file"": ""PN10-4.5.6.edf"", ""train_files"": [""PN10-10.edf"", ""PN10-2.edf"", ""PN10-3.edf"", ""PN10-7.8.9.edf""]}, {""validation_file"": ""PN10-7.8.9.edf"", ""train_files"": [""PN10-10.edf"", ""PN10-2.edf"", ""PN10-3.edf"", ""PN10-4.5.6.edf""]}]","[""PN10-10.edf"", ""PN10-2.edf"", ""PN10-3.edf"", ""PN10-4.5.6.edf"", ""PN10-7.8.9.edf""]",PN10,E0_LR,PN10-1.edf,nested
9,8,8,201,0,209,2760,57435,50,27,110,57248,0.88888888888888884,0.88888888888888884,12.639742873113471,1,8,8,6.5,5.25,10,2,12,0.048211291224147572,65,0.75,False,False,"[{""validation_file"": ""PN10-10.edf"", ""train_files"": [""PN10-2.edf"", ""PN10-3.edf"", ""PN10-4.5.6.edf"", ""PN10-7.8.9.edf""]}, {""validation_file"": ""PN10-2.edf"", ""train_files"": [""PN10-10.edf"", ""PN10-3.edf"", ""PN10-4.5.6.edf"", ""PN10-7.8.9.edf""]}, {""validation_file"": ""PN10-3.edf"", ""train_files"": [""PN10-10.edf"", ""PN10-2.edf"", ""PN10-4.5.6.edf"", ""PN10-7.8.9.edf""]}, {""validation_file"": ""PN10-4.5.6.edf"", ""train_files"": [""PN10-10.edf"", ""PN10-2.edf"", ""PN10-3.edf"", ""PN10-7.8.9.edf""]}, {""validation_file"": ""PN10-7.8.9.edf"", ""train_files"": [""PN10-10.edf"", ""PN10-2.edf"", ""PN10-3.edf"", ""PN10-4.5.6.edf""]}]","[""PN10-10.edf"", ""PN10-2.edf"", ""PN10-3.edf"", ""PN10-4.5.6.edf"", ""PN10-7.8.9.edf""]",PN10,E0_LR,PN10-1.edf,nested
9,8,8,163,0,171,2290,57435,50,27,110,57248,0.88888888888888884,0.88888888888888884,10.250139742873113,1,8,8,6.5,5.25,10,2,12,0.040001397428731135,65,0.80000000000000004,False,False,"[{""validation_file"": ""PN10-10.edf"", ""train_files"": [""PN10-2.edf"", ""PN10-3.edf"", ""PN10-4.5.6.edf"", ""PN10-7.8.9.edf""]}, {""validation_file"": ""PN10-2.edf"", ""train_files"": [""PN10-10.edf"", ""PN10-3.edf"", ""PN10-4.5.6.edf"", ""PN10-7.8.9.edf""]}, {""validation_file"": ""PN10-3.edf"", ""train_files"": [""PN10-10.edf"", ""PN10-2.edf"", ""PN10-4.5.6.edf"", ""PN10-7.8.9.edf""]}, {""validation_file"": ""PN10-4.5.6.edf"", ""train_files"": [""PN10-10.edf"", ""PN10-2.edf"", ""PN10-3.edf"", ""PN10-7.8.9.edf""]}, {""validation_file"": ""PN10-7.8.9.edf"", ""train_files"": [""PN10-10.edf"", ""PN10-2.edf"", ""PN10-3.edf"", ""PN10-4.5.6.edf""]}]","[""PN10-10.edf"", ""PN10-2.edf"", ""PN10-3.edf"", ""PN10-4.5.6.edf"", ""PN10-7.8.9.edf""]",PN10,E0_LR,PN10-1.edf,nested
9,8,8,130,0,138,1910,57435,50,27,110,57248,0.88888888888888884,0.88888888888888884,8.1749580771380668,1,8,8,7.5,6,10,2,12,0.033363610955841255,65,0.84999999999999998,False,False,"[{""validation_file"": ""PN10-10.edf"", ""train_files"": [""PN10-2.edf"", ""PN10-3.edf"", ""PN10-4.5.6.edf"", ""PN10-7.8.9.edf""]}, {""validation_file"": ""PN10-2.edf"", ""train_files"": [""PN10-10.edf"", ""PN10-3.edf"", ""PN10-4.5.6.edf"", ""PN10-7.8.9.edf""]}, {""validation_file"": ""PN10-3.edf"", ""train_files"": [""PN10-10.edf"", ""PN10-2.edf"", ""PN10-4.5.6.edf"", ""PN10-7.8.9.edf""]}, {""validation_file"": ""PN10-4.5.6.edf"", ""train_files"": [""PN10-10.edf"", ""PN10-2.edf"", ""PN10-3.edf"", ""PN10-7.8.9.edf""]}, {""validation_file"": ""PN10-7.8.9.edf"", ""train_files"": [""PN10-10.edf"", ""PN10-2.edf"", ""PN10-3.edf"", ""PN10-4.5.6.edf""]}]","[""PN10-10.edf"", ""PN10-2.edf"", ""PN10-3.edf"", ""PN10-4.5.6.edf"", ""PN10-7.8.9.edf""]",PN10,E0_LR,PN10-1.edf,nested
9,8,8,95,1,103,1490,57435,50,27,110,57248,0.88888888888888884,0.88888888888888884,5.9740078256008946,1,8,8,7.5,6,10,2,12,0.026027110117384015,65,0.90000000000000002,False,False,"[{""validation_file"": ""PN10-10.edf"", ""train_files"": [""PN10-2.edf"", ""PN10-3.edf"", ""PN10-4.5.6.edf"", ""PN10-7.8.9.edf""]}, {""validation_file"": ""PN10-2.edf"", ""train_files"": [""PN10-10.edf"", ""PN10-3.edf"", ""PN10-4.5.6.edf"", ""PN10-7.8.9.edf""]}, {""validation_file"": ""PN10-3.edf"", ""train_files"": [""PN10-10.edf"", ""PN10-2.edf"", ""PN10-4.5.6.edf"", ""PN10-7.8.9.edf""]}, {""validation_file"": ""PN10-4.5.6.edf"", ""train_files"": [""PN10-10.edf"", ""PN10-2.edf"", ""PN10-3.edf"", ""PN10-7.8.9.edf""]}, {""validation_file"": ""PN10-7.8.9.edf"", ""train_files"": [""PN10-10.edf"", ""PN10-2.edf"", ""PN10-3.edf"", ""PN10-4.5.6.edf""]}]","[""PN10-10.edf"", ""PN10-2.edf"", ""PN10-3.edf"", ""PN10-4.5.6.edf"", ""PN10-7.8.9.edf""]",PN10,E0_LR,PN10-1.edf,nested
9,8,8,74,1,82,1200,57435,50,27,110,57248,0.88888888888888884,0.88888888888888884,4.6534376746785915,1,8,8,7.5,6,10,2,12,0.020961430967020682,55,0.94999999999999996,False,False,"[{""validation_file"": ""PN10-10.edf"", ""train_files"": [""PN10-2.edf"", ""PN10-3.edf"", ""PN10-4.5.6.edf"", ""PN10-7.8.9.edf""]}, {""validation_file"": ""PN10-2.edf"", ""train_files"": [""PN10-10.edf"", ""PN10-3.edf"", ""PN10-4.5.6.edf"", ""PN10-7.8.9.edf""]}, {""validation_file"": ""PN10-3.edf"", ""train_files"": [""PN10-10.edf"", ""PN10-2.edf"", ""PN10-4.5.6.edf"", ""PN10-7.8.9.edf""]}, {""validation_file"": ""PN10-4.5.6.edf"", ""train_files"": [""PN10-10.edf"", ""PN10-2.edf"", ""PN10-3.edf"", ""PN10-7.8.9.edf""]}, {""validation_file"": ""PN10-7.8.9.edf"", ""train_files"": [""PN10-10.edf"", ""PN10-2.edf"", ""PN10-3.edf"", ""PN10-4.5.6.edf""]}]","[""PN10-10.edf"", ""PN10-2.edf"", ""PN10-3.edf"", ""PN10-4.5.6.edf"", ""PN10-7.8.9.edf""]",PN10,E0_LR,PN10-1.edf,nested
9,0,0,0,0,0,0,57435,50,27,110,57248,0,0,0,9,0,0,,,,,,0,0,1.01,True,True,"[{""validation_file"": ""PN10-10.edf"", ""train_files"": [""PN10-2.edf"", ""PN10-3.edf"", ""PN10-4.5.6.edf"", ""PN10-7.8.9.edf""]}, {""validation_file"": ""PN10-2.edf"", ""train_files"": [""PN10-10.edf"", ""PN10-3.edf"", ""PN10-4.5.6.edf"", ""PN10-7.8.9.edf""]}, {""validation_file"": ""PN10-3.edf"", ""train_files"": [""PN10-10.edf"", ""PN10-2.edf"", ""PN10-4.5.6.edf"", ""PN10-7.8.9.edf""]}, {""validation_file"": ""PN10-4.5.6.edf"", ""train_files"": [""PN10-10.edf"", ""PN10-2.edf"", ""PN10-3.edf"", ""PN10-7.8.9.edf""]}, {""validation_file"": ""PN10-7.8.9.edf"", ""train_files"": [""PN10-10.edf"", ""PN10-2.edf"", ""PN10-3.edf"", ""PN10-4.5.6.edf""]}]","[""PN10-10.edf"", ""PN10-2.edf"", ""PN10-3.edf"", ""PN10-4.5.6.edf"", ""PN10-7.8.9.edf""]",PN10,E0_LR,PN10-1.edf,nested
9,5,9,957,0,962,35571,58852,50,27,110,58665,0.55555555555555558,1,58.726668371260544,4,5,5,7,6,10,1,10,0.60634108923548968,860,0.050000000000000003,False,False,"[{""validation_file"": ""PN10-1.edf"", ""train_files"": [""PN10-2.edf"", ""PN10-3.edf"", ""PN10-4.5.6.edf"", ""PN10-7.8.9.edf""]}, {""validation_file"": ""PN10-2.edf"", ""train_files"": [""PN10-1.edf"", ""PN10-3.edf"", ""PN10-4.5.6.edf"", ""PN10-7.8.9.edf""]}, {""validation_file"": ""PN10-3.edf"", ""train_files"": [""PN10-1.edf"", ""PN10-2.edf"", ""PN10-4.5.6.edf"", ""PN10-7.8.9.edf""]}, {""validation_file"": ""PN10-4.5.6.edf"", ""train_files"": [""PN10-1.edf"", ""PN10-2.edf"", ""PN10-3.edf"", ""PN10-7.8.9.edf""]}, {""validation_file"": ""PN10-7.8.9.edf"", ""train_files"": [""PN10-1.edf"", ""PN10-2.edf"", ""PN10-3.edf"", ""PN10-4.5.6.edf""]}]","[""PN10-1.edf"", ""PN10-2.edf"", ""PN10-3.edf"", ""PN10-4.5.6.edf"", ""PN10-7.8.9.edf""]",PN10,E0_LR,PN10-10.edf,nested
9,6,9,1043,0,1049,29651,58852,50,27,110,58665,0.66666666666666663,1,64.004091025313215,3,6,6,6.5,2.25,9.25,1,10,0.50542913150941793,625,0.10000000000000001,False,False,"[{""validation_file"": ""PN10-1.edf"", ""train_files"": [""PN10-2.edf"", ""PN10-3.edf"", ""PN10-4.5.6.edf"", ""PN10-7.8.9.edf""]}, {""validation_file"": ""PN10-2.edf"", ""train_files"": [""PN10-1.edf"", ""PN10-3.edf"", ""PN10-4.5.6.edf"", ""PN10-7.8.9.edf""]}, {""validation_file"": ""PN10-3.edf"", ""train_files"": [""PN10-1.edf"", ""PN10-2.edf"", ""PN10-4.5.6.edf"", ""PN10-7.8.9.edf""]}, {""validation_file"": ""PN10-4.5.6.edf"", ""train_files"": [""PN10-1.edf"", ""PN10-2.edf"", ""PN10-3.edf"", ""PN10-7.8.9.edf""]}, {""validation_file"": ""PN10-7.8.9.edf"", ""train_files"": [""PN10-1.edf"", ""PN10-2.edf"", ""PN10-3.edf"", ""PN10-4.5.6.edf""]}]","[""PN10-1.edf"", ""PN10-2.edf"", ""PN10-3.edf"", ""PN10-4.5.6.edf"", ""PN10-7.8.9.edf""]",PN10,E0_LR,PN10-10.edf,nested
9,7,9,1031,0,1038,25298,58852,50,27,110,58665,0.77777777777777779,1,63.267706468933774,2,7,7,6,3,8.5,1,10,0.43122815989090602,370,0.14999999999999999,False,False,"[{""validation_file"": ""PN10-1.edf"", ""train_files"": [""PN10-2.edf"", ""PN10-3.edf"", ""PN10-4.5.6.edf"", ""PN10-7.8.9.edf""]}, {""validation_file"": ""PN10-2.edf"", ""train_files"": [""PN10-1.edf"", ""PN10-3.edf"", ""PN10-4.5.6.edf"", ""PN10-7.8.9.edf""]}, {""validation_file"": ""PN10-3.edf"", ""train_files"": [""PN10-1.edf"", ""PN10-2.edf"", ""PN10-4.5.6.edf"", ""PN10-7.8.9.edf""]}, {""validation_file"": ""PN10-4.5.6.edf"", ""train_files"": [""PN10-1.edf"", ""PN10-2.edf"", ""PN10-3.edf"", ""PN10-7.8.9.edf""]}, {""validation_file"": ""PN10-7.8.9.edf"", ""train_files"": [""PN10-1.edf"", ""PN10-2.edf"", ""PN10-3.edf"", ""PN10-4.5.6.edf""]}]","[""PN10-1.edf"", ""PN10-2.edf"", ""PN10-3.edf"", ""PN10-4.5.6.edf"", ""PN10-7.8.9.edf""]",PN10,E0_LR,PN10-10.edf,nested
9,7,9,976,0,983,22013,58852,50,27,110,58665,0.77777777777777779,1,59.892610585527997,2,7,7,6,3,8.5,1,10,0.3752322509162192,355,0.20000000000000001,False,False,"[{""validation_file"": ""PN10-1.edf"", ""train_files"": [""PN10-2.edf"", ""PN10-3.edf"", ""PN10-4.5.6.edf"", ""PN10-7.8.9.edf""]}, {""validation_file"": ""PN10-2.edf"", ""train_files"": [""PN10-1.edf"", ""PN10-3.edf"", ""PN10-4.5.6.edf"", ""PN10-7.8.9.edf""]}, {""validation_file"": ""PN10-3.edf"", ""train_files"": [""PN10-1.edf"", ""PN10-2.edf"", ""PN10-4.5.6.edf"", ""PN10-7.8.9.edf""]}, {""validation_file"": ""PN10-4.5.6.edf"", ""train_files"": [""PN10-1.edf"", ""PN10-2.edf"", ""PN10-3.edf"", ""PN10-7.8.9.edf""]}, {""validation_file"": ""PN10-7.8.9.edf"", ""train_files"": [""PN10-1.edf"", ""PN10-2.edf"", ""PN10-3.edf"", ""PN10-4.5.6.edf""]}]","[""PN10-1.edf"", ""PN10-2.edf"", ""PN10-3.edf"", ""PN10-4.5.6.edf"", ""PN10-7.8.9.edf""]",PN10,E0_LR,PN10-10.edf,nested
9,8,9,897,0,905,19318,58852,50,27,110,58665,0.88888888888888884,1,55.044745589363338,1,8,8,6.5,1.75,10,1,10,0.32929344583652942,355,0.25,False,False,"[{""validation_file"": ""PN10-1.edf"", ""train_files"": [""PN10-2.edf"", ""PN10-3.edf"", ""PN10-4.5.6.edf"", ""PN10-7.8.9.edf""]}, {""validation_file"": ""PN10-2.edf"", ""train_files"": [""PN10-1.edf"", ""PN10-3.edf"", ""PN10-4.5.6.edf"", ""PN10-7.8.9.edf""]}, {""validation_file"": ""PN10-3.edf"", ""train_files"": [""PN10-1.edf"", ""PN10-2.edf"", ""PN10-4.5.6.edf"", ""PN10-7.8.9.edf""]}, {""validation_file"": ""PN10-4.5.6.edf"", ""train_files"": [""PN10-1.edf"", ""PN10-2.edf"", ""PN10-3.edf"", ""PN10-7.8.9.edf""]}, {""validation_file"": ""PN10-7.8.9.edf"", ""train_files"": [""PN10-1.edf"", ""PN10-2.edf"", ""PN10-3.edf"", ""PN10-4.5.6.edf""]}]","[""PN10-1.edf"", ""PN10-2.edf"", ""PN10-3.edf"", ""PN10-4.5.6.edf"", ""PN10-7.8.9.edf""]",PN10,E0_LR,PN10-10.edf,nested
9,8,9,823,0,831,17023,58852,50,27,110,58665,0.88888888888888884,1,50.503707491690108,1,8,8,6.5,5,10,1,10,0.29017301627887154,355,0.29999999999999999,False,False,"[{""validation_file"": ""PN10-1.edf"", ""train_files"": [""PN10-2.edf"", ""PN10-3.edf"", ""PN10-4.5.6.edf"", ""PN10-7.8.9.edf""]}, {""validation_file"": ""PN10-2.edf"", ""train_files"": [""PN10-1.edf"", ""PN10-3.edf"", ""PN10-4.5.6.edf"", ""PN10-7.8.9.edf""]}, {""validation_file"": ""PN10-3.edf"", ""train_files"": [""PN10-1.edf"", ""PN10-2.edf"", ""PN10-4.5.6.edf"", ""PN10-7.8.9.edf""]}, {""validation_file"": ""PN10-4.5.6.edf"", ""train_files"": [""PN10-1.edf"", ""PN10-2.edf"", ""PN10-3.edf"", ""PN10-7.8.9.edf""]}, {""validation_file"": ""PN10-7.8.9.edf"", ""train_files"": [""PN10-1.edf"", ""PN10-2.edf"", ""PN10-3.edf"", ""PN10-4.5.6.edf""]}]","[""PN10-1.edf"", ""PN10-2.edf"", ""PN10-3.edf"", ""PN10-4.5.6.edf"", ""PN10-7.8.9.edf""]",PN10,E0_LR,PN10-10.edf,nested
9,8,9,745,0,753,14863,58852,50,27,110,58665,0.88888888888888884,1,45.717207875223728,1,8,8,7,6,10,1,10,0.25335378845989942,355,0.34999999999999998,False,False,"[{""validation_file"": ""PN10-1.edf"", ""train_files"": [""PN10-2.edf"", ""PN10-3.edf"", ""PN10-4.5.6.edf"", ""PN10-7.8.9.edf""]}, {""validation_file"": ""PN10-2.edf"", ""train_files"": [""PN10-1.edf"", ""PN10-3.edf"", ""PN10-4.5.6.edf"", ""PN10-7.8.9.edf""]}, {""validation_file"": ""PN10-3.edf"", ""train_files"": [""PN10-1.edf"", ""PN10-2.edf"", ""PN10-4.5.6.edf"", ""PN10-7.8.9.edf""]}, {""validation_file"": ""PN10-4.5.6.edf"", ""train_files"": [""PN10-1.edf"", ""PN10-2.edf"", ""PN10-3.edf"", ""PN10-7.8.9.edf""]}, {""validation_file"": ""PN10-7.8.9.edf"", ""train_files"": [""PN10-1.edf"", ""PN10-2.edf"", ""PN10-3.edf"", ""PN10-4.5.6.edf""]}]","[""PN10-1.edf"", ""PN10-2.edf"", ""PN10-3.edf"", ""PN10-4.5.6.edf"", ""PN10-7.8.9.edf""]",PN10,E0_LR,PN10-10.edf,nested
9,7,8,688,0,695,13548,58852,50,27,110,58665,0.77777777777777779,0.88888888888888884,42.219381232421377,2,7,7,7,6.5,10,6,10,0.23093837893121963,355,0.40000000000000002,False,False,"[{""validation_file"": ""PN10-1.edf"", ""train_files"": [""PN10-2.edf"", ""PN10-3.edf"", ""PN10-4.5.6.edf"", ""PN10-7.8.9.edf""]}, {""validation_file"": ""PN10-2.edf"", ""train_files"": [""PN10-1.edf"", ""PN10-3.edf"", ""PN10-4.5.6.edf"", ""PN10-7.8.9.edf""]}, {""validation_file"": ""PN10-3.edf"", ""train_files"": [""PN10-1.edf"", ""PN10-2.edf"", ""PN10-4.5.6.edf"", ""PN10-7.8.9.edf""]}, {""validation_file"": ""PN10-4.5.6.edf"", ""train_files"": [""PN10-1.edf"", ""PN10-2.edf"", ""PN10-3.edf"", ""PN10-7.8.9.edf""]}, {""validation_file"": ""PN10-7.8.9.edf"", ""train_files"": [""PN10-1.edf"", ""PN10-2.edf"", ""PN10-3.edf"", ""PN10-4.5.6.edf""]}]","[""PN10-1.edf"", ""PN10-2.edf"", ""PN10-3.edf"", ""PN10-4.5.6.edf"", ""PN10-7.8.9.edf""]",PN10,E0_LR,PN10-10.edf,nested
9,8,8,630,0,638,12048,58852,50,27,110,58665,0.88888888888888884,0.88888888888888884,38.660189209920738,1,8,8,7,6,10,2,10,0.20536947072360009,355,0.45000000000000001,False,False,"[{""validation_file"": ""PN10-1.edf"", ""train_files"": [""PN10-2.edf"", ""PN10-3.edf"", ""PN10-4.5.6.edf"", ""PN10-7.8.9.edf""]}, {""validation_file"": ""PN10-2.edf"", ""train_files"": [""PN10-1.edf"", ""PN10-3.edf"", ""PN10-4.5.6.edf"", ""PN10-7.8.9.edf""]}, {""validation_file"": ""PN10-3.edf"", ""train_files"": [""PN10-1.edf"", ""PN10-2.edf"", ""PN10-4.5.6.edf"", ""PN10-7.8.9.edf""]}, {""validation_file"": ""PN10-4.5.6.edf"", ""train_files"": [""PN10-1.edf"", ""PN10-2.edf"", ""PN10-3.edf"", ""PN10-7.8.9.edf""]}, {""validation_file"": ""PN10-7.8.9.edf"", ""train_files"": [""PN10-1.edf"", ""PN10-2.edf"", ""PN10-3.edf"", ""PN10-4.5.6.edf""]}]","[""PN10-1.edf"", ""PN10-2.edf"", ""PN10-3.edf"", ""PN10-4.5.6.edf"", ""PN10-7.8.9.edf""]",PN10,E0_LR,PN10-10.edf,nested
9,8,8,557,0,565,10868,58852,50,27,110,58665,0.88888888888888884,0.88888888888888884,34.180516491945795,1,8,8,7,6,10,2,10,0.18525526293360606,355,0.5,False,False,"[{""validation_file"": ""PN10-1.edf"", ""train_files"": [""PN10-2.edf"", ""PN10-3.edf"", ""PN10-4.5.6.edf"", ""PN10-7.8.9.edf""]}, {""validation_file"": ""PN10-2.edf"", ""train_files"": [""PN10-1.edf"", ""PN10-3.edf"", ""PN10-4.5.6.edf"", ""PN10-7.8.9.edf""]}, {""validation_file"": ""PN10-3.edf"", ""train_files"": [""PN10-1.edf"", ""PN10-2.edf"", ""PN10-4.5.6.edf"", ""PN10-7.8.9.edf""]}, {""validation_file"": ""PN10-4.5.6.edf"", ""train_files"": [""PN10-1.edf"", ""PN10-2.edf"", ""PN10-3.edf"", ""PN10-7.8.9.edf""]}, {""validation_file"": ""PN10-7.8.9.edf"", ""train_files"": [""PN10-1.edf"", ""PN10-2.edf"", ""PN10-3.edf"", ""PN10-4.5.6.edf""]}]","[""PN10-1.edf"", ""PN10-2.edf"", ""PN10-3.edf"", ""PN10-4.5.6.edf"", ""PN10-7.8.9.edf""]",PN10,E0_LR,PN10-10.edf,nested
9,8,8,513,1,521,9863,58852,50,27,110,58665,0.88888888888888884,0.88888888888888884,31.480439785221172,1,8,8,7,6,10,2,10,0.16812409443450099,355,0.55000000000000004,False,False,"[{""validation_file"": ""PN10-1.edf"", ""train_files"": [""PN10-2.edf"", ""PN10-3.edf"", ""PN10-4.5.6.edf"", ""PN10-7.8.9.edf""]}, {""validation_file"": ""PN10-2.edf"", ""train_files"": [""PN10-1.edf"", ""PN10-3.edf"", ""PN10-4.5.6.edf"", ""PN10-7.8.9.edf""]}, {""validation_file"": ""PN10-3.edf"", ""train_files"": [""PN10-1.edf"", ""PN10-2.edf"", ""PN10-4.5.6.edf"", ""PN10-7.8.9.edf""]}, {""validation_file"": ""PN10-4.5.6.edf"", ""train_files"": [""PN10-1.edf"", ""PN10-2.edf"", ""PN10-3.edf"", ""PN10-7.8.9.edf""]}, {""validation_file"": ""PN10-7.8.9.edf"", ""train_files"": [""PN10-1.edf"", ""PN10-2.edf"", ""PN10-3.edf"", ""PN10-4.5.6.edf""]}]","[""PN10-1.edf"", ""PN10-2.edf"", ""PN10-3.edf"", ""PN10-4.5.6.edf"", ""PN10-7.8.9.edf""]",PN10,E0_LR,PN10-10.edf,nested
9,8,8,464,1,472,8923,58852,50,27,110,58665,0.88888888888888884,0.88888888888888884,28.473536180005112,1,8,8,7,6,10,2,10,0.15210091195772607,355,0.59999999999999998,False,False,"[{""validation_file"": ""PN10-1.edf"", ""train_files"": [""PN10-2.edf"", ""PN10-3.edf"", ""PN10-4.5.6.edf"", ""PN10-7.8.9.edf""]}, {""validation_file"": ""PN10-2.edf"", ""train_files"": [""PN10-1.edf"", ""PN10-3.edf"", ""PN10-4.5.6.edf"", ""PN10-7.8.9.edf""]}, {""validation_file"": ""PN10-3.edf"", ""train_files"": [""PN10-1.edf"", ""PN10-2.edf"", ""PN10-4.5.6.edf"", ""PN10-7.8.9.edf""]}, {""validation_file"": ""PN10-4.5.6.edf"", ""train_files"": [""PN10-1.edf"", ""PN10-2.edf"", ""PN10-3.edf"", ""PN10-7.8.9.edf""]}, {""validation_file"": ""PN10-7.8.9.edf"", ""train_files"": [""PN10-1.edf"", ""PN10-2.edf"", ""PN10-3.edf"", ""PN10-4.5.6.edf""]}]","[""PN10-1.edf"", ""PN10-2.edf"", ""PN10-3.edf"", ""PN10-4.5.6.edf"", ""PN10-7.8.9.edf""]",PN10,E0_LR,PN10-10.edf,nested
9,8,8,415,1,423,8093,58852,50,27,110,58665,0.88888888888888884,0.88888888888888884,25.466632574789056,1,8,8,7,6,10,2,10,0.13795278274950992,355,0.65000000000000002,False,False,"[{""validation_file"": ""PN10-1.edf"", ""train_files"": [""PN10-2.edf"", ""PN10-3.edf"", ""PN10-4.5.6.edf"", ""PN10-7.8.9.edf""]}, {""validation_file"": ""PN10-2.edf"", ""train_files"": [""PN10-1.edf"", ""PN10-3.edf"", ""PN10-4.5.6.edf"", ""PN10-7.8.9.edf""]}, {""validation_file"": ""PN10-3.edf"", ""train_files"": [""PN10-1.edf"", ""PN10-2.edf"", ""PN10-4.5.6.edf"", ""PN10-7.8.9.edf""]}, {""validation_file"": ""PN10-4.5.6.edf"", ""train_files"": [""PN10-1.edf"", ""PN10-2.edf"", ""PN10-3.edf"", ""PN10-7.8.9.edf""]}, {""validation_file"": ""PN10-7.8.9.edf"", ""train_files"": [""PN10-1.edf"", ""PN10-2.edf"", ""PN10-3.edf"", ""PN10-4.5.6.edf""]}]","[""PN10-1.edf"", ""PN10-2.edf"", ""PN10-3.edf"", ""PN10-4.5.6.edf"", ""PN10-7.8.9.edf""]",PN10,E0_LR,PN10-10.edf,nested
9,8,8,358,1,366,7148,58852,50,27,110,58665,0.88888888888888884,0.88888888888888884,21.968805931986704,1,8,8,7,6,10,2,15,0.12184437057870963,335,0.69999999999999996,False,False,"[{""validation_file"": ""PN10-1.edf"", ""train_files"": [""PN10-2.edf"", ""PN10-3.edf"", ""PN10-4.5.6.edf"", ""PN10-7.8.9.edf""]}, {""validation_file"": ""PN10-2.edf"", ""train_files"": [""PN10-1.edf"", ""PN10-3.edf"", ""PN10-4.5.6.edf"", ""PN10-7.8.9.edf""]}, {""validation_file"": ""PN10-3.edf"", ""train_files"": [""PN10-1.edf"", ""PN10-2.edf"", ""PN10-4.5.6.edf"", ""PN10-7.8.9.edf""]}, {""validation_file"": ""PN10-4.5.6.edf"", ""train_files"": [""PN10-1.edf"", ""PN10-2.edf"", ""PN10-3.edf"", ""PN10-7.8.9.edf""]}, {""validation_file"": ""PN10-7.8.9.edf"", ""train_files"": [""PN10-1.edf"", ""PN10-2.edf"", ""PN10-3.edf"", ""PN10-4.5.6.edf""]}]","[""PN10-1.edf"", ""PN10-2.edf"", ""PN10-3.edf"", ""PN10-4.5.6.edf"", ""PN10-7.8.9.edf""]",PN10,E0_LR,PN10-10.edf,nested
9,8,8,322,2,330,6498,58852,50,27,110,58665,0.88888888888888884,0.88888888888888884,19.759652262848377,1,8,8,8.5,6,10.5,2,15,0.11076451035540782,335,0.75,False,False,"[{""validation_file"": ""PN10-1.edf"", ""train_files"": [""PN10-2.edf"", ""PN10-3.edf"", ""PN10-4.5.6.edf"", ""PN10-7.8.9.edf""]}, {""validation_file"": ""PN10-2.edf"", ""train_files"": [""PN10-1.edf"", ""PN10-3.edf"", ""PN10-4.5.6.edf"", ""PN10-7.8.9.edf""]}, {""validation_file"": ""PN10-3.edf"", ""train_files"": [""PN10-1.edf"", ""PN10-2.edf"", ""PN10-4.5.6.edf"", ""PN10-7.8.9.edf""]}, {""validation_file"": ""PN10-4.5.6.edf"", ""train_files"": [""PN10-1.edf"", ""PN10-2.edf"", ""PN10-3.edf"", ""PN10-7.8.9.edf""]}, {""validation_file"": ""PN10-7.8.9.edf"", ""train_files"": [""PN10-1.edf"", ""PN10-2.edf"", ""PN10-3.edf"", ""PN10-4.5.6.edf""]}]","[""PN10-1.edf"", ""PN10-2.edf"", ""PN10-3.edf"", ""PN10-4.5.6.edf"", ""PN10-7.8.9.edf""]",PN10,E0_LR,PN10-10.edf,nested
9,8,8,285,3,293,5853,58852,50,27,110,58665,0.88888888888888884,0.88888888888888884,17.489133214011762,1,8,8,8.5,6,10.5,2,15,0.099769879826131419,335,0.80000000000000004,False,False,"[{""validation_file"": ""PN10-1.edf"", ""train_files"": [""PN10-2.edf"", ""PN10-3.edf"", ""PN10-4.5.6.edf"", ""PN10-7.8.9.edf""]}, {""validation_file"": ""PN10-2.edf"", ""train_files"": [""PN10-1.edf"", ""PN10-3.edf"", ""PN10-4.5.6.edf"", ""PN10-7.8.9.edf""]}, {""validation_file"": ""PN10-3.edf"", ""train_files"": [""PN10-1.edf"", ""PN10-2.edf"", ""PN10-4.5.6.edf"", ""PN10-7.8.9.edf""]}, {""validation_file"": ""PN10-4.5.6.edf"", ""train_files"": [""PN10-1.edf"", ""PN10-2.edf"", ""PN10-3.edf"", ""PN10-7.8.9.edf""]}, {""validation_file"": ""PN10-7.8.9.edf"", ""train_files"": [""PN10-1.edf"", ""PN10-2.edf"", ""PN10-3.edf"", ""PN10-4.5.6.edf""]}]","[""PN10-1.edf"", ""PN10-2.edf"", ""PN10-3.edf"", ""PN10-4.5.6.edf"", ""PN10-7.8.9.edf""]",PN10,E0_LR,PN10-10.edf,nested
9,8,8,250,3,258,5208,58852,50,27,110,58665,0.88888888888888884,0.88888888888888884,15.34134492457172,1,8,8,10,6.75,11.25,2,15,0.088775249296855027,335,0.84999999999999998,False,False,"[{""validation_file"": ""PN10-1.edf"", ""train_files"": [""PN10-2.edf"", ""PN10-3.edf"", ""PN10-4.5.6.edf"", ""PN10-7.8.9.edf""]}, {""validation_file"": ""PN10-2.edf"", ""train_files"": [""PN10-1.edf"", ""PN10-3.edf"", ""PN10-4.5.6.edf"", ""PN10-7.8.9.edf""]}, {""validation_file"": ""PN10-3.edf"", ""train_files"": [""PN10-1.edf"", ""PN10-2.edf"", ""PN10-4.5.6.edf"", ""PN10-7.8.9.edf""]}, {""validation_file"": ""PN10-4.5.6.edf"", ""train_files"": [""PN10-1.edf"", ""PN10-2.edf"", ""PN10-3.edf"", ""PN10-7.8.9.edf""]}, {""validation_file"": ""PN10-7.8.9.edf"", ""train_files"": [""PN10-1.edf"", ""PN10-2.edf"", ""PN10-3.edf"", ""PN10-4.5.6.edf""]}]","[""PN10-1.edf"", ""PN10-2.edf"", ""PN10-3.edf"", ""PN10-4.5.6.edf"", ""PN10-7.8.9.edf""]",PN10,E0_LR,PN10-10.edf,nested
9,8,8,205,3,213,4495,58852,50,27,110,58665,0.88888888888888884,0.88888888888888884,12.579902838148811,1,8,8,10,6.75,11.25,2,15,0.076621494928833203,335,0.90000000000000002,False,False,"[{""validation_file"": ""PN10-1.edf"", ""train_files"": [""PN10-2.edf"", ""PN10-3.edf"", ""PN10-4.5.6.edf"", ""PN10-7.8.9.edf""]}, {""validation_file"": ""PN10-2.edf"", ""train_files"": [""PN10-1.edf"", ""PN10-3.edf"", ""PN10-4.5.6.edf"", ""PN10-7.8.9.edf""]}, {""validation_file"": ""PN10-3.edf"", ""train_files"": [""PN10-1.edf"", ""PN10-2.edf"", ""PN10-4.5.6.edf"", ""PN10-7.8.9.edf""]}, {""validation_file"": ""PN10-4.5.6.edf"", ""train_files"": [""PN10-1.edf"", ""PN10-2.edf"", ""PN10-3.edf"", ""PN10-7.8.9.edf""]}, {""validation_file"": ""PN10-7.8.9.edf"", ""train_files"": [""PN10-1.edf"", ""PN10-2.edf"", ""PN10-3.edf"", ""PN10-4.5.6.edf""]}]","[""PN10-1.edf"", ""PN10-2.edf"", ""PN10-3.edf"", ""PN10-4.5.6.edf"", ""PN10-7.8.9.edf""]",PN10,E0_LR,PN10-10.edf,nested
9,8,8,159,2,167,3735,58852,50,27,110,58665,0.88888888888888884,0.88888888888888884,9.7570953720276137,1,8,8,10.5,6.75,12.75,2,40,0.063666581436972638,335,0.94999999999999996,False,False,"[{""validation_file"": ""PN10-1.edf"", ""train_files"": [""PN10-2.edf"", ""PN10-3.edf"", ""PN10-4.5.6.edf"", ""PN10-7.8.9.edf""]}, {""validation_file"": ""PN10-2.edf"", ""train_files"": [""PN10-1.edf"", ""PN10-3.edf"", ""PN10-4.5.6.edf"", ""PN10-7.8.9.edf""]}, {""validation_file"": ""PN10-3.edf"", ""train_files"": [""PN10-1.edf"", ""PN10-2.edf"", ""PN10-4.5.6.edf"", ""PN10-7.8.9.edf""]}, {""validation_file"": ""PN10-4.5.6.edf"", ""train_files"": [""PN10-1.edf"", ""PN10-2.edf"", ""PN10-3.edf"", ""PN10-7.8.9.edf""]}, {""validation_file"": ""PN10-7.8.9.edf"", ""train_files"": [""PN10-1.edf"", ""PN10-2.edf"", ""PN10-3.edf"", ""PN10-4.5.6.edf""]}]","[""PN10-1.edf"", ""PN10-2.edf"", ""PN10-3.edf"", ""PN10-4.5.6.edf"", ""PN10-7.8.9.edf""]",PN10,E0_LR,PN10-10.edf,nested
9,0,0,0,0,0,0,58852,50,27,110,58665,0,0,0,9,0,0,,,,,,0,0,1.01,True,True,"[{""validation_file"": ""PN10-1.edf"", ""train_files"": [""PN10-2.edf"", ""PN10-3.edf"", ""PN10-4.5.6.edf"", ""PN10-7.8.9.edf""]}, {""validation_file"": ""PN10-2.edf"", ""train_files"": [""PN10-1.edf"", ""PN10-3.edf"", ""PN10-4.5.6.edf"", ""PN10-7.8.9.edf""]}, {""validation_file"": ""PN10-3.edf"", ""train_files"": [""PN10-1.edf"", ""PN10-2.edf"", ""PN10-4.5.6.edf"", ""PN10-7.8.9.edf""]}, {""validation_file"": ""PN10-4.5.6.edf"", ""train_files"": [""PN10-1.edf"", ""PN10-2.edf"", ""PN10-3.edf"", ""PN10-7.8.9.edf""]}, {""validation_file"": ""PN10-7.8.9.edf"", ""train_files"": [""PN10-1.edf"", ""PN10-2.edf"", ""PN10-3.edf"", ""PN10-4.5.6.edf""]}]","[""PN10-1.edf"", ""PN10-2.edf"", ""PN10-3.edf"", ""PN10-4.5.6.edf"", ""PN10-7.8.9.edf""]",PN10,E0_LR,PN10-10.edf,nested
9,6,9,1035,0,1041,34228,58863,50,6,110,58697,0.66666666666666663,1,63.478542344583197,3,6,6,6.5,6,9.25,1,10,0.58313031330391674,620,0.050000000000000003,False,False,"[{""validation_file"": ""PN10-1.edf"", ""train_files"": [""PN10-10.edf"", ""PN10-3.edf"", ""PN10-4.5.6.edf"", ""PN10-7.8.9.edf""]}, {""validation_file"": ""PN10-10.edf"", ""train_files"": [""PN10-1.edf"", ""PN10-3.edf"", ""PN10-4.5.6.edf"", ""PN10-7.8.9.edf""]}, {""validation_file"": ""PN10-3.edf"", ""train_files"": [""PN10-1.edf"", ""PN10-10.edf"", ""PN10-4.5.6.edf"", ""PN10-7.8.9.edf""]}, {""validation_file"": ""PN10-4.5.6.edf"", ""train_files"": [""PN10-1.edf"", ""PN10-10.edf"", ""PN10-3.edf"", ""PN10-7.8.9.edf""]}, {""validation_file"": ""PN10-7.8.9.edf"", ""train_files"": [""PN10-1.edf"", ""PN10-10.edf"", ""PN10-3.edf"", ""PN10-4.5.6.edf""]}]","[""PN10-1.edf"", ""PN10-10.edf"", ""PN10-3.edf"", ""PN10-4.5.6.edf"", ""PN10-7.8.9.edf""]",PN10,E0_LR,PN10-2.edf,nested
9,7,9,1108,0,1115,28383,58863,50,6,110,58697,0.77777777777777779,1,67.955772867437858,2,7,7,6,4.5,8.5,1,10,0.4835511184557984,425,0.10000000000000001,False,False,"[{""validation_file"": ""PN10-1.edf"", ""train_files"": [""PN10-10.edf"", ""PN10-3.edf"", ""PN10-4.5.6.edf"", ""PN10-7.8.9.edf""]}, {""validation_file"": ""PN10-10.edf"", ""train_files"": [""PN10-1.edf"", ""PN10-3.edf"", ""PN10-4.5.6.edf"", ""PN10-7.8.9.edf""]}, {""validation_file"": ""PN10-3.edf"", ""train_files"": [""PN10-1.edf"", ""PN10-10.edf"", ""PN10-4.5.6.edf"", ""PN10-7.8.9.edf""]}, {""validation_file"": ""PN10-4.5.6.edf"", ""train_files"": [""PN10-1.edf"", ""PN10-10.edf"", ""PN10-3.edf"", ""PN10-7.8.9.edf""]}, {""validation_file"": ""PN10-7.8.9.edf"", ""train_files"": [""PN10-1.edf"", ""PN10-10.edf"", ""PN10-3.edf"", ""PN10-4.5.6.edf""]}]","[""PN10-1.edf"", ""PN10-10.edf"", ""PN10-3.edf"", ""PN10-4.5.6.edf"", ""PN10-7.8.9.edf""]",PN10,E0_LR,PN10-2.edf,nested
9,8,9,1091,0,1099,24183,58863,50,6,110,58697,0.88888888888888884,1,66.913130142937462,1,8,8,6.5,5.25,10,1,15,0.41199720599008466,295,0.14999999999999999,False,False,"[{""validation_file"": ""PN10-1.edf"", ""train_files"": [""PN10-10.edf"", ""PN10-3.edf"", ""PN10-4.5.6.edf"", ""PN10-7.8.9.edf""]}, {""validation_file"": ""PN10-10.edf"", ""train_files"": [""PN10-1.edf"", ""PN10-3.edf"", ""PN10-4.5.6.edf"", ""PN10-7.8.9.edf""]}, {""validation_file"": ""PN10-3.edf"", ""train_files"": [""PN10-1.edf"", ""PN10-10.edf"", ""PN10-4.5.6.edf"", ""PN10-7.8.9.edf""]}, {""validation_file"": ""PN10-4.5.6.edf"", ""train_files"": [""PN10-1.edf"", ""PN10-10.edf"", ""PN10-3.edf"", ""PN10-7.8.9.edf""]}, {""validation_file"": ""PN10-7.8.9.edf"", ""train_files"": [""PN10-1.edf"", ""PN10-10.edf"", ""PN10-3.edf"", ""PN10-4.5.6.edf""]}]","[""PN10-1.edf"", ""PN10-10.edf"", ""PN10-3.edf"", ""PN10-4.5.6.edf"", ""PN10-7.8.9.edf""]",PN10,E0_LR,PN10-2.edf,nested
9,8,9,1006,0,1014,20643,58863,50,6,110,58697,0.88888888888888884,1,61.699916520435458,1,8,8,6.5,5.25,10,1,15,0.35168747976898307,295,0.20000000000000001,False,False,"[{""validation_file"": ""PN10-1.edf"", ""train_files"": [""PN10-10.edf"", ""PN10-3.edf"", ""PN10-4.5.6.edf"", ""PN10-7.8.9.edf""]}, {""validation_file"": ""PN10-10.edf"", ""train_files"": [""PN10-1.edf"", ""PN10-3.edf"", ""PN10-4.5.6.edf"", ""PN10-7.8.9.edf""]}, {""validation_file"": ""PN10-3.edf"", ""train_files"": [""PN10-1.edf"", ""PN10-10.edf"", ""PN10-4.5.6.edf"", ""PN10-7.8.9.edf""]}, {""validation_file"": ""PN10-4.5.6.edf"", ""train_files"": [""PN10-1.edf"", ""PN10-10.edf"", ""PN10-3.edf"", ""PN10-7.8.9.edf""]}, {""validation_file"": ""PN10-7.8.9.edf"", ""train_files"": [""PN10-1.edf"", ""PN10-10.edf"", ""PN10-3.edf"", ""PN10-4.5.6.edf""]}]","[""PN10-1.edf"", ""PN10-10.edf"", ""PN10-3.edf"", ""PN10-4.5.6.edf"", ""PN10-7.8.9.edf""]",PN10,E0_LR,PN10-2.edf,nested
9,7,8,911,0,918,18043,58863,50,6,110,58697,0.77777777777777779,0.88888888888888884,55.873383648227339,2,7,7,7,6,10,3,15,0.30739220062354122,295,0.25,False,False,"[{""validation_file"": ""PN10-1.edf"", ""train_files"": [""PN10-10.edf"", ""PN10-3.edf"", ""PN10-4.5.6.edf"", ""PN10-7.8.9.edf""]}, {""validation_file"": ""PN10-10.edf"", ""train_files"": [""PN10-1.edf"", ""PN10-3.edf"", ""PN10-4.5.6.edf"", ""PN10-7.8.9.edf""]}, {""validation_file"": ""PN10-3.edf"", ""train_files"": [""PN10-1.edf"", ""PN10-10.edf"", ""PN10-4.5.6.edf"", ""PN10-7.8.9.edf""]}, {""validation_file"": ""PN10-4.5.6.edf"", ""train_files"": [""PN10-1.edf"", ""PN10-10.edf"", ""PN10-3.edf"", ""PN10-7.8.9.edf""]}, {""validation_file"": ""PN10-7.8.9.edf"", ""train_files"": [""PN10-1.edf"", ""PN10-10.edf"", ""PN10-3.edf"", ""PN10-4.5.6.edf""]}]","[""PN10-1.edf"", ""PN10-10.edf"", ""PN10-3.edf"", ""PN10-4.5.6.edf"", ""PN10-7.8.9.edf""]",PN10,E0_LR,PN10-2.edf,nested
9,8,8,834,0,842,15953,58863,50,6,110,58697,0.88888888888888884,0.88888888888888884,51.150825425490233,1,8,8,6.5,5.25,10,2,15,0.27178561084893604,275,0.29999999999999999,False,False,"[{""validation_file"": ""PN10-1.edf"", ""train_files"": [""PN10-10.edf"", ""PN10-3.edf"", ""PN10-4.5.6.edf"", ""PN10-7.8.9.edf""]}, {""validation_file"": ""PN10-10.edf"", ""train_files"": [""PN10-1.edf"", ""PN10-3.edf"", ""PN10-4.5.6.edf"", ""PN10-7.8.9.edf""]}, {""validation_file"": ""PN10-3.edf"", ""train_files"": [""PN10-1.edf"", ""PN10-10.edf"", ""PN10-4.5.6.edf"", ""PN10-7.8.9.edf""]}, {""validation_file"": ""PN10-4.5.6.edf"", ""train_files"": [""PN10-1.edf"", ""PN10-10.edf"", ""PN10-3.edf"", ""PN10-7.8.9.edf""]}, {""validation_file"": ""PN10-7.8.9.edf"", ""train_files"": [""PN10-1.edf"", ""PN10-10.edf"", ""PN10-3.edf"", ""PN10-4.5.6.edf""]}]","[""PN10-1.edf"", ""PN10-10.edf"", ""PN10-3.edf"", ""PN10-4.5.6.edf"", ""PN10-7.8.9.edf""]",PN10,E0_LR,PN10-2.edf,nested
9,8,8,760,0,768,14210,58863,50,6,110,58697,0.88888888888888884,0.88888888888888884,46.612262977664955,1,8,8,6.5,5.25,10,2,15,0.24209073717566484,275,0.34999999999999998,False,False,"[{""validation_file"": ""PN10-1.edf"", ""train_files"": [""PN10-10.edf"", ""PN10-3.edf"", ""PN10-4.5.6.edf"", ""PN10-7.8.9.edf""]}, {""validation_file"": ""PN10-10.edf"", ""train_files"": [""PN10-1.edf"", ""PN10-3.edf"", ""PN10-4.5.6.edf"", ""PN10-7.8.9.edf""]}, {""validation_file"": ""PN10-3.edf"", ""train_files"": [""PN10-1.edf"", ""PN10-10.edf"", ""PN10-4.5.6.edf"", ""PN10-7.8.9.edf""]}, {""validation_file"": ""PN10-4.5.6.edf"", ""train_files"": [""PN10-1.edf"", ""PN10-10.edf"", ""PN10-3.edf"", ""PN10-7.8.9.edf""]}, {""validation_file"": ""PN10-7.8.9.edf"", ""train_files"": [""PN10-1.edf"", ""PN10-10.edf"", ""PN10-3.edf"", ""PN10-4.5.6.edf""]}]","[""PN10-1.edf"", ""PN10-10.edf"", ""PN10-3.edf"", ""PN10-4.5.6.edf"", ""PN10-7.8.9.edf""]",PN10,E0_LR,PN10-2.edf,nested
9,8,8,692,0,700,12850,58863,50,6,110,58697,0.88888888888888884,0.88888888888888884,42.441692079663355,1,8,8,6.5,5.25,10,2,15,0.21892089885343374,275,0.40000000000000002,False,False,"[{""validation_file"": ""PN10-1.edf"", ""train_files"": [""PN10-10.edf"", ""PN10-3.edf"", ""PN10-4.5.6.edf"", ""PN10-7.8.9.edf""]}, {""validation_file"": ""PN10-10.edf"", ""train_files"": [""PN10-1.edf"", ""PN10-3.edf"", ""PN10-4.5.6.edf"", ""PN10-7.8.9.edf""]}, {""validation_file"": ""PN10-3.edf"", ""train_files"": [""PN10-1.edf"", ""PN10-10.edf"", ""PN10-4.5.6.edf"", ""PN10-7.8.9.edf""]}, {""validation_file"": ""PN10-4.5.6.edf"", ""train_files"": [""PN10-1.edf"", ""PN10-10.edf"", ""PN10-3.edf"", ""PN10-7.8.9.edf""]}, {""validation_file"": ""PN10-7.8.9.edf"", ""train_files"": [""PN10-1.edf"", ""PN10-10.edf"", ""PN10-3.edf"", ""PN10-4.5.6.edf""]}]","[""PN10-1.edf"", ""PN10-10.edf"", ""PN10-3.edf"", ""PN10-4.5.6.edf"", ""PN10-7.8.9.edf""]",PN10,E0_LR,PN10-2.edf,nested
9,8,8,633,1,641,11565,58863,50,6,110,58697,0.88888888888888884,0.88888888888888884,38.823108506397261,1,8,8,6.5,5.25,10,2,15,0.19702880896809036,275,0.45000000000000001,False,False,"[{""validation_file"": ""PN10-1.edf"", ""train_files"": [""PN10-10.edf"", ""PN10-3.edf"", ""PN10-4.5.6.edf"", ""PN10-7.8.9.edf""]}, {""validation_file"": ""PN10-10.edf"", ""train_files"": [""PN10-1.edf"", ""PN10-3.edf"", ""PN10-4.5.6.edf"", ""PN10-7.8.9.edf""]}, {""validation_file"": ""PN10-3.edf"", ""train_files"": [""PN10-1.edf"", ""PN10-10.edf"", ""PN10-4.5.6.edf"", ""PN10-7.8.9.edf""]}, {""validation_file"": ""PN10-4.5.6.edf"", ""train_files"": [""PN10-1.edf"", ""PN10-10.edf"", ""PN10-3.edf"", ""PN10-7.8.9.edf""]}, {""validation_file"": ""PN10-7.8.9.edf"", ""train_files"": [""PN10-1.edf"", ""PN10-10.edf"", ""PN10-3.edf"", ""PN10-4.5.6.edf""]}]","[""PN10-1.edf"", ""PN10-10.edf"", ""PN10-3.edf"", ""PN10-4.5.6.edf"", ""PN10-7.8.9.edf""]",PN10,E0_LR,PN10-2.edf,nested
9,8,8,561,1,569,10355,58863,50,6,110,58697,0.88888888888888884,0.88888888888888884,34.407209908513209,1,8,8,6.5,5.25,10,2,15,0.17641446751963474,275,0.5,False,False,"[{""validation_file"": ""PN10-1.edf"", ""train_files"": [""PN10-10.edf"", ""PN10-3.edf"", ""PN10-4.5.6.edf"", ""PN10-7.8.9.edf""]}, {""validation_file"": ""PN10-10.edf"", ""train_files"": [""PN10-1.edf"", ""PN10-3.edf"", ""PN10-4.5.6.edf"", ""PN10-7.8.9.edf""]}, {""validation_file"": ""PN10-3.edf"", ""train_files"": [""PN10-1.edf"", ""PN10-10.edf"", ""PN10-4.5.6.edf"", ""PN10-7.8.9.edf""]}, {""validation_file"": ""PN10-4.5.6.edf"", ""train_files"": [""PN10-1.edf"", ""PN10-10.edf"", ""PN10-3.edf"", ""PN10-7.8.9.edf""]}, {""validation_file"": ""PN10-7.8.9.edf"", ""train_files"": [""PN10-1.edf"", ""PN10-10.edf"", ""PN10-3.edf"", ""PN10-4.5.6.edf""]}]","[""PN10-1.edf"", ""PN10-10.edf"", ""PN10-3.edf"", ""PN10-4.5.6.edf"", ""PN10-7.8.9.edf""]",PN10,E0_LR,PN10-2.edf,nested
9,8,8,495,1,503,9225,58863,50,6,110,58697,0.88888888888888884,0.88888888888888884,30.359302860452836,1,8,8,7,6,10,3,15,0.15716305773719269,275,0.55000000000000004,False,False,"[{""validation_file"": ""PN10-1.edf"", ""train_files"": [""PN10-10.edf"", ""PN10-3.edf"", ""PN10-4.5.6.edf"", ""PN10-7.8.9.edf""]}, {""validation_file"": ""PN10-10.edf"", ""train_files"": [""PN10-1.edf"", ""PN10-3.edf"", ""PN10-4.5.6.edf"", ""PN10-7.8.9.edf""]}, {""validation_file"": ""PN10-3.edf"", ""train_files"": [""PN10-1.edf"", ""PN10-10.edf"", ""PN10-4.5.6.edf"", ""PN10-7.8.9.edf""]}, {""validation_file"": ""PN10-4.5.6.edf"", ""train_files"": [""PN10-1.edf"", ""PN10-10.edf"", ""PN10-3.edf"", ""PN10-7.8.9.edf""]}, {""validation_file"": ""PN10-7.8.9.edf"", ""train_files"": [""PN10-1.edf"", ""PN10-10.edf"", ""PN10-3.edf"", ""PN10-4.5.6.edf""]}]","[""PN10-1.edf"", ""PN10-10.edf"", ""PN10-3.edf"", ""PN10-4.5.6.edf"", ""PN10-7.8.9.edf""]",PN10,E0_LR,PN10-2.edf,nested
9,8,8,444,2,452,8235,58863,50,6,110,58697,0.88888888888888884,0.88888888888888884,27.231374686951632,1,8,8,7,6,10,3,15,0.14029677837027446,275,0.59999999999999998,False,False,"[{""validation_file"": ""PN10-1.edf"", ""train_files"": [""PN10-10.edf"", ""PN10-3.edf"", ""PN10-4.5.6.edf"", ""PN10-7.8.9.edf""]}, {""validation_file"": ""PN10-10.edf"", ""train_files"": [""PN10-1.edf"", ""PN10-3.edf"", ""PN10-4.5.6.edf"", ""PN10-7.8.9.edf""]}, {""validation_file"": ""PN10-3.edf"", ""train_files"": [""PN10-1.edf"", ""PN10-10.edf"", ""PN10-4.5.6.edf"", ""PN10-7.8.9.edf""]}, {""validation_file"": ""PN10-4.5.6.edf"", ""train_files"": [""PN10-1.edf"", ""PN10-10.edf"", ""PN10-3.edf"", ""PN10-7.8.9.edf""]}, {""validation_file"": ""PN10-7.8.9.edf"", ""train_files"": [""PN10-1.edf"", ""PN10-10.edf"", ""PN10-3.edf"", ""PN10-4.5.6.edf""]}]","[""PN10-1.edf"", ""PN10-10.edf"", ""PN10-3.edf"", ""PN10-4.5.6.edf"", ""PN10-7.8.9.edf""]",PN10,E0_LR,PN10-2.edf,nested
9,8,8,390,2,398,7345,58863,50,6,110,58697,0.88888888888888884,0.88888888888888884,23.919450738538597,1,8,8,7,6,10,3,15,0.1251341635858732,275,0.65000000000000002,False,False,"[{""validation_file"": ""PN10-1.edf"", ""train_files"": [""PN10-10.edf"", ""PN10-3.edf"", ""PN10-4.5.6.edf"", ""PN10-7.8.9.edf""]}, {""validation_file"": ""PN10-10.edf"", ""train_files"": [""PN10-1.edf"", ""PN10-3.edf"", ""PN10-4.5.6.edf"", ""PN10-7.8.9.edf""]}, {""validation_file"": ""PN10-3.edf"", ""train_files"": [""PN10-1.edf"", ""PN10-10.edf"", ""PN10-4.5.6.edf"", ""PN10-7.8.9.edf""]}, {""validation_file"": ""PN10-4.5.6.edf"", ""train_files"": [""PN10-1.edf"", ""PN10-10.edf"", ""PN10-3.edf"", ""PN10-7.8.9.edf""]}, {""validation_file"": ""PN10-7.8.9.edf"", ""train_files"": [""PN10-1.edf"", ""PN10-10.edf"", ""PN10-3.edf"", ""PN10-4.5.6.edf""]}]","[""PN10-1.edf"", ""PN10-10.edf"", ""PN10-3.edf"", ""PN10-4.5.6.edf"", ""PN10-7.8.9.edf""]",PN10,E0_LR,PN10-2.edf,nested
9,8,8,352,2,360,6630,58863,50,6,110,58697,0.88888888888888884,0.88888888888888884,21.588837589655348,1,8,8,8.5,6,10.5,3,15,0.1129529618208767,275,0.69999999999999996,False,False,"[{""validation_file"": ""PN10-1.edf"", ""train_files"": [""PN10-10.edf"", ""PN10-3.edf"", ""PN10-4.5.6.edf"", ""PN10-7.8.9.edf""]}, {""validation_file"": ""PN10-10.edf"", ""train_files"": [""PN10-1.edf"", ""PN10-3.edf"", ""PN10-4.5.6.edf"", ""PN10-7.8.9.edf""]}, {""validation_file"": ""PN10-3.edf"", ""train_files"": [""PN10-1.edf"", ""PN10-10.edf"", ""PN10-4.5.6.edf"", ""PN10-7.8.9.edf""]}, {""validation_file"": ""PN10-4.5.6.edf"", ""train_files"": [""PN10-1.edf"", ""PN10-10.edf"", ""PN10-3.edf"", ""PN10-7.8.9.edf""]}, {""validation_file"": ""PN10-7.8.9.edf"", ""train_files"": [""PN10-1.edf"", ""PN10-10.edf"", ""PN10-3.edf"", ""PN10-4.5.6.edf""]}]","[""PN10-1.edf"", ""PN10-10.edf"", ""PN10-3.edf"", ""PN10-4.5.6.edf"", ""PN10-7.8.9.edf""]",PN10,E0_LR,PN10-2.edf,nested
9,8,8,313,2,321,6015,58863,50,6,110,58697,0.88888888888888884,0.88888888888888884,19.19689251580149,1,8,8,8.5,6,10.5,3,15,0.10247542463839719,270,0.75,False,False,"[{""validation_file"": ""PN10-1.edf"", ""train_files"": [""PN10-10.edf"", ""PN10-3.edf"", ""PN10-4.5.6.edf"", ""PN10-7.8.9.edf""]}, {""validation_file"": ""PN10-10.edf"", ""train_files"": [""PN10-1.edf"", ""PN10-3.edf"", ""PN10-4.5.6.edf"", ""PN10-7.8.9.edf""]}, {""validation_file"": ""PN10-3.edf"", ""train_files"": [""PN10-1.edf"", ""PN10-10.edf"", ""PN10-4.5.6.edf"", ""PN10-7.8.9.edf""]}, {""validation_file"": ""PN10-4.5.6.edf"", ""train_files"": [""PN10-1.edf"", ""PN10-10.edf"", ""PN10-3.edf"", ""PN10-7.8.9.edf""]}, {""validation_file"": ""PN10-7.8.9.edf"", ""train_files"": [""PN10-1.edf"", ""PN10-10.edf"", ""PN10-3.edf"", ""PN10-4.5.6.edf""]}]","[""PN10-1.edf"", ""PN10-10.edf"", ""PN10-3.edf"", ""PN10-4.5.6.edf"", ""PN10-7.8.9.edf""]",PN10,E0_LR,PN10-2.edf,nested
9,8,8,276,2,284,5480,58863,50,6,110,58697,0.88888888888888884,0.88888888888888884,16.927611291888851,1,8,8,8.5,6,10.5,3,15,0.093360819121931268,270,0.80000000000000004,False,False,"[{""validation_file"": ""PN10-1.edf"", ""train_files"": [""PN10-10.edf"", ""PN10-3.edf"", ""PN10-4.5.6.edf"", ""PN10-7.8.9.edf""]}, {""validation_file"": ""PN10-10.edf"", ""train_files"": [""PN10-1.edf"", ""PN10-3.edf"", ""PN10-4.5.6.edf"", ""PN10-7.8.9.edf""]}, {""validation_file"": ""PN10-3.edf"", ""train_files"": [""PN10-1.edf"", ""PN10-10.edf"", ""PN10-4.5.6.edf"", ""PN10-7.8.9.edf""]}, {""validation_file"": ""PN10-4.5.6.edf"", ""train_files"": [""PN10-1.edf"", ""PN10-10.edf"", ""PN10-3.edf"", ""PN10-7.8.9.edf""]}, {""validation_file"": ""PN10-7.8.9.edf"", ""train_files"": [""PN10-1.edf"", ""PN10-10.edf"", ""PN10-3.edf"", ""PN10-4.5.6.edf""]}]","[""PN10-1.edf"", ""PN10-10.edf"", ""PN10-3.edf"", ""PN10-4.5.6.edf"", ""PN10-7.8.9.edf""]",PN10,E0_LR,PN10-2.edf,nested
9,8,8,231,2,239,4760,58863,50,6,110,58697,0.88888888888888884,0.88888888888888884,14.167674668211323,1,8,8,8.5,6,10.5,3,15,0.081094434127808923,270,0.84999999999999998,False,False,"[{""validation_file"": ""PN10-1.edf"", ""train_files"": [""PN10-10.edf"", ""PN10-3.edf"", ""PN10-4.5.6.edf"", ""PN10-7.8.9.edf""]}, {""validation_file"": ""PN10-10.edf"", ""train_files"": [""PN10-1.edf"", ""PN10-3.edf"", ""PN10-4.5.6.edf"", ""PN10-7.8.9.edf""]}, {""validation_file"": ""PN10-3.edf"", ""train_files"": [""PN10-1.edf"", ""PN10-10.edf"", ""PN10-4.5.6.edf"", ""PN10-7.8.9.edf""]}, {""validation_file"": ""PN10-4.5.6.edf"", ""train_files"": [""PN10-1.edf"", ""PN10-10.edf"", ""PN10-3.edf"", ""PN10-7.8.9.edf""]}, {""validation_file"": ""PN10-7.8.9.edf"", ""train_files"": [""PN10-1.edf"", ""PN10-10.edf"", ""PN10-3.edf"", ""PN10-4.5.6.edf""]}]","[""PN10-1.edf"", ""PN10-10.edf"", ""PN10-3.edf"", ""PN10-4.5.6.edf"", ""PN10-7.8.9.edf""]",PN10,E0_LR,PN10-2.edf,nested
9,8,8,194,3,202,4150,58863,50,6,110,58697,0.88888888888888884,0.88888888888888884,11.898393444298687,1,8,8,9,6.75,10.5,6,15,0.070702080174455256,270,0.90000000000000002,False,False,"[{""validation_file"": ""PN10-1.edf"", ""train_files"": [""PN10-10.edf"", ""PN10-3.edf"", ""PN10-4.5.6.edf"", ""PN10-7.8.9.edf""]}, {""validation_file"": ""PN10-10.edf"", ""train_files"": [""PN10-1.edf"", ""PN10-3.edf"", ""PN10-4.5.6.edf"", ""PN10-7.8.9.edf""]}, {""validation_file"": ""PN10-3.edf"", ""train_files"": [""PN10-1.edf"", ""PN10-10.edf"", ""PN10-4.5.6.edf"", ""PN10-7.8.9.edf""]}, {""validation_file"": ""PN10-4.5.6.edf"", ""train_files"": [""PN10-1.edf"", ""PN10-10.edf"", ""PN10-3.edf"", ""PN10-7.8.9.edf""]}, {""validation_file"": ""PN10-7.8.9.edf"", ""train_files"": [""PN10-1.edf"", ""PN10-10.edf"", ""PN10-3.edf"", ""PN10-4.5.6.edf""]}]","[""PN10-1.edf"", ""PN10-10.edf"", ""PN10-3.edf"", ""PN10-4.5.6.edf"", ""PN10-7.8.9.edf""]",PN10,E0_LR,PN10-2.edf,nested
9,8,8,158,2,166,3415,58863,50,6,110,58697,0.88888888888888884,0.88888888888888884,9.690444145356663,1,8,8,9,6.75,12.75,6,35,0.058180145492955346,270,0.94999999999999996,False,False,"[{""validation_file"": ""PN10-1.edf"", ""train_files"": [""PN10-10.edf"", ""PN10-3.edf"", ""PN10-4.5.6.edf"", ""PN10-7.8.9.edf""]}, {""validation_file"": ""PN10-10.edf"", ""train_files"": [""PN10-1.edf"", ""PN10-3.edf"", ""PN10-4.5.6.edf"", ""PN10-7.8.9.edf""]}, {""validation_file"": ""PN10-3.edf"", ""train_files"": [""PN10-1.edf"", ""PN10-10.edf"", ""PN10-4.5.6.edf"", ""PN10-7.8.9.edf""]}, {""validation_file"": ""PN10-4.5.6.edf"", ""train_files"": [""PN10-1.edf"", ""PN10-10.edf"", ""PN10-3.edf"", ""PN10-7.8.9.edf""]}, {""validation_file"": ""PN10-7.8.9.edf"", ""train_files"": [""PN10-1.edf"", ""PN10-10.edf"", ""PN10-3.edf"", ""PN10-4.5.6.edf""]}]","[""PN10-1.edf"", ""PN10-10.edf"", ""PN10-3.edf"", ""PN10-4.5.6.edf"", ""PN10-7.8.9.edf""]",PN10,E0_LR,PN10-2.edf,nested
9,0,0,0,0,0,0,58863,50,6,110,58697,0,0,0,9,0,0,,,,,,0,0,1.01,True,True,"[{""validation_file"": ""PN10-1.edf"", ""train_files"": [""PN10-10.edf"", ""PN10-3.edf"", ""PN10-4.5.6.edf"", ""PN10-7.8.9.edf""]}, {""validation_file"": ""PN10-10.edf"", ""train_files"": [""PN10-1.edf"", ""PN10-3.edf"", ""PN10-4.5.6.edf"", ""PN10-7.8.9.edf""]}, {""validation_file"": ""PN10-3.edf"", ""train_files"": [""PN10-1.edf"", ""PN10-10.edf"", ""PN10-4.5.6.edf"", ""PN10-7.8.9.edf""]}, {""validation_file"": ""PN10-4.5.6.edf"", ""train_files"": [""PN10-1.edf"", ""PN10-10.edf"", ""PN10-3.edf"", ""PN10-7.8.9.edf""]}, {""validation_file"": ""PN10-7.8.9.edf"", ""train_files"": [""PN10-1.edf"", ""PN10-10.edf"", ""PN10-3.edf"", ""PN10-4.5.6.edf""]}]","[""PN10-1.edf"", ""PN10-10.edf"", ""PN10-3.edf"", ""PN10-4.5.6.edf"", ""PN10-7.8.9.edf""]",PN10,E0_LR,PN10-2.edf,nested
9,4,9,1044,0,1048,34493,58704,50,21,105,58528,0.44444444444444442,1,64.215418261344993,5,4,4,4,1,7.75,1,10,0.58934185347184254,620,0.050000000000000003,False,False,"[{""validation_file"": ""PN10-1.edf"", ""train_files"": [""PN10-10.edf"", ""PN10-2.edf"", ""PN10-4.5.6.edf"", ""PN10-7.8.9.edf""]}, {""validation_file"": ""PN10-10.edf"", ""train_files"": [""PN10-1.edf"", ""PN10-2.edf"", ""PN10-4.5.6.edf"", ""PN10-7.8.9.edf""]}, {""validation_file"": ""PN10-2.edf"", ""train_files"": [""PN10-1.edf"", ""PN10-10.edf"", ""PN10-4.5.6.edf"", ""PN10-7.8.9.edf""]}, {""validation_file"": ""PN10-4.5.6.edf"", ""train_files"": [""PN10-1.edf"", ""PN10-10.edf"", ""PN10-2.edf"", ""PN10-7.8.9.edf""]}, {""validation_file"": ""PN10-7.8.9.edf"", ""train_files"": [""PN10-1.edf"", ""PN10-10.edf"", ""PN10-2.edf"", ""PN10-4.5.6.edf""]}]","[""PN10-1.edf"", ""PN10-10.edf"", ""PN10-2.edf"", ""PN10-4.5.6.edf"", ""PN10-7.8.9.edf""]",PN10,E0_LR,PN10-3.edf,nested
9,5,9,1063,0,1068,28148,58704,50,21,105,58528,0.55555555555555558,1,65.384089666484414,4,5,5,3,1,7,1,10,0.4809322033898305,430,0.10000000000000001,False,False,"[{""validation_file"": ""PN10-1.edf"", ""train_files"": [""PN10-10.edf"", ""PN10-2.edf"", ""PN10-4.5.6.edf"", ""PN10-7.8.9.edf""]}, {""validation_file"": ""PN10-10.edf"", ""train_files"": [""PN10-1.edf"", ""PN10-2.edf"", ""PN10-4.5.6.edf"", ""PN10-7.8.9.edf""]}, {""validation_file"": ""PN10-2.edf"", ""train_files"": [""PN10-1.edf"", ""PN10-10.edf"", ""PN10-4.5.6.edf"", ""PN10-7.8.9.edf""]}, {""validation_file"": ""PN10-4.5.6.edf"", ""train_files"": [""PN10-1.edf"", ""PN10-10.edf"", ""PN10-2.edf"", ""PN10-7.8.9.edf""]}, {""validation_file"": ""PN10-7.8.9.edf"", ""train_files"": [""PN10-1.edf"", ""PN10-10.edf"", ""PN10-2.edf"", ""PN10-4.5.6.edf""]}]","[""PN10-1.edf"", ""PN10-10.edf"", ""PN10-2.edf"", ""PN10-4.5.6.edf"", ""PN10-7.8.9.edf""]",PN10,E0_LR,PN10-3.edf,nested
9,7,9,1047,0,1054,24068,58704,50,21,105,58528,0.77777777777777779,1,64.399945325314377,2,7,7,5,2,6.5,1,10,0.41122197922361947,430,0.14999999999999999,False,False,"[{""validation_file"": ""PN10-1.edf"", ""train_files"": [""PN10-10.edf"", ""PN10-2.edf"", ""PN10-4.5.6.edf"", ""PN10-7.8.9.edf""]}, {""validation_file"": ""PN10-10.edf"", ""train_files"": [""PN10-1.edf"", ""PN10-2.edf"", ""PN10-4.5.6.edf"", ""PN10-7.8.9.edf""]}, {""validation_file"": ""PN10-2.edf"", ""train_files"": [""PN10-1.edf"", ""PN10-10.edf"", ""PN10-4.5.6.edf"", ""PN10-7.8.9.edf""]}, {""validation_file"": ""PN10-4.5.6.edf"", ""train_files"": [""PN10-1.edf"", ""PN10-10.edf"", ""PN10-2.edf"", ""PN10-7.8.9.edf""]}, {""validation_file"": ""PN10-7.8.9.edf"", ""train_files"": [""PN10-1.edf"", ""PN10-10.edf"", ""PN10-2.edf"", ""PN10-4.5.6.edf""]}]","[""PN10-1.edf"", ""PN10-10.edf"", ""PN10-2.edf"", ""PN10-4.5.6.edf"", ""PN10-7.8.9.edf""]",PN10,E0_LR,PN10-3.edf,nested
9,7,9,986,0,993,20853,58704,50,21,105,58528,0.77777777777777779,1,60.647895024603606,2,7,7,6,4,6.5,1,10,0.35629100601421543,350,0.20000000000000001,False,False,"[{""validation_file"": ""PN10-1.edf"", ""train_files"": [""PN10-10.edf"", ""PN10-2.edf"", ""PN10-4.5.6.edf"", ""PN10-7.8.9.edf""]}, {""validation_file"": ""PN10-10.edf"", ""train_files"": [""PN10-1.edf"", ""PN10-2.edf"", ""PN10-4.5.6.edf"", ""PN10-7.8.9.edf""]}, {""validation_file"": ""PN10-2.edf"", ""train_files"": [""PN10-1.edf"", ""PN10-10.edf"", ""PN10-4.5.6.edf"", ""PN10-7.8.9.edf""]}, {""validation_file"": ""PN10-4.5.6.edf"", ""train_files"": [""PN10-1.edf"", ""PN10-10.edf"", ""PN10-2.edf"", ""PN10-7.8.9.edf""]}, {""validation_file"": ""PN10-7.8.9.edf"", ""train_files"": [""PN10-1.edf"", ""PN10-10.edf"", ""PN10-2.edf"", ""PN10-4.5.6.edf""]}]","[""PN10-1.edf"", ""PN10-10.edf"", ""PN10-2.edf"", ""PN10-4.5.6.edf"", ""PN10-7.8.9.edf""]",PN10,E0_LR,PN10-3.edf,nested
9,8,9,899,0,907,18363,58704,50,21,105,58528,0.88888888888888884,1,55.296610169491522,1,8,8,6,2.75,7.75,1,10,0.31374726626571897,350,0.25,False,False,"[{""validation_file"": ""PN10-1.edf"", ""train_files"": [""PN10-10.edf"", ""PN10-2.edf"", ""PN10-4.5.6.edf"", ""PN10-7.8.9.edf""]}, {""validation_file"": ""PN10-10.edf"", ""train_files"": [""PN10-1.edf"", ""PN10-2.edf"", ""PN10-4.5.6.edf"", ""PN10-7.8.9.edf""]}, {""validation_file"": ""PN10-2.edf"", ""train_files"": [""PN10-1.edf"", ""PN10-10.edf"", ""PN10-4.5.6.edf"", ""PN10-7.8.9.edf""]}, {""validation_file"": ""PN10-4.5.6.edf"", ""train_files"": [""PN10-1.edf"", ""PN10-10.edf"", ""PN10-2.edf"", ""PN10-7.8.9.edf""]}, {""validation_file"": ""PN10-7.8.9.edf"", ""train_files"": [""PN10-1.edf"", ""PN10-10.edf"", ""PN10-2.edf"", ""PN10-4.5.6.edf""]}]","[""PN10-1.edf"", ""PN10-10.edf"", ""PN10-2.edf"", ""PN10-4.5.6.edf"", ""PN10-7.8.9.edf""]",PN10,E0_LR,PN10-3.edf,nested
9,8,9,823,0,831,16168,58704,50,21,105,58528,0.88888888888888884,1,50.621924548933841,1,8,8,6.5,5.25,7.75,1,10,0.2762438490978677,350,0.29999999999999999,False,False,"[{""validation_file"": ""PN10-1.edf"", ""train_files"": [""PN10-10.edf"", ""PN10-2.edf"", ""PN10-4.5.6.edf"", ""PN10-7.8.9.edf""]}, {""validation_file"": ""PN10-10.edf"", ""train_files"": [""PN10-1.edf"", ""PN10-2.edf"", ""PN10-4.5.6.edf"", ""PN10-7.8.9.edf""]}, {""validation_file"": ""PN10-2.edf"", ""train_files"": [""PN10-1.edf"", ""PN10-10.edf"", ""PN10-4.5.6.edf"", ""PN10-7.8.9.edf""]}, {""validation_file"": ""PN10-4.5.6.edf"", ""train_files"": [""PN10-1.edf"", ""PN10-10.edf"", ""PN10-2.edf"", ""PN10-7.8.9.edf""]}, {""validation_file"": ""PN10-7.8.9.edf"", ""train_files"": [""PN10-1.edf"", ""PN10-10.edf"", ""PN10-2.edf"", ""PN10-4.5.6.edf""]}]","[""PN10-1.edf"", ""PN10-10.edf"", ""PN10-2.edf"", ""PN10-4.5.6.edf"", ""PN10-7.8.9.edf""]",PN10,E0_LR,PN10-3.edf,nested
9,9,9,745,0,754,14393,58704,50,21,105,58528,1,1,45.824220885729908,0,9,9,6,3,7,1,10,0.2459164844177146,350,0.34999999999999998,False,False,"[{""validation_file"": ""PN10-1.edf"", ""train_files"": [""PN10-10.edf"", ""PN10-2.edf"", ""PN10-4.5.6.edf"", ""PN10-7.8.9.edf""]}, {""validation_file"": ""PN10-10.edf"", ""train_files"": [""PN10-1.edf"", ""PN10-2.edf"", ""PN10-4.5.6.edf"", ""PN10-7.8.9.edf""]}, {""validation_file"": ""PN10-2.edf"", ""train_files"": [""PN10-1.edf"", ""PN10-10.edf"", ""PN10-4.5.6.edf"", ""PN10-7.8.9.edf""]}, {""validation_file"": ""PN10-4.5.6.edf"", ""train_files"": [""PN10-1.edf"", ""PN10-10.edf"", ""PN10-2.edf"", ""PN10-7.8.9.edf""]}, {""validation_file"": ""PN10-7.8.9.edf"", ""train_files"": [""PN10-1.edf"", ""PN10-10.edf"", ""PN10-2.edf"", ""PN10-4.5.6.edf""]}]","[""PN10-1.edf"", ""PN10-10.edf"", ""PN10-2.edf"", ""PN10-4.5.6.edf"", ""PN10-7.8.9.edf""]",PN10,E0_LR,PN10-3.edf,nested
9,9,9,684,0,693,12953,58704,50,21,105,58528,1,1,42.072170585019137,0,9,9,6,3,7,1,10,0.22131287588846363,335,0.40000000000000002,False,False,"[{""validation_file"": ""PN10-1.edf"", ""train_files"": [""PN10-10.edf"", ""PN10-2.edf"", ""PN10-4.5.6.edf"", ""PN10-7.8.9.edf""]}, {""validation_file"": ""PN10-10.edf"", ""train_files"": [""PN10-1.edf"", ""PN10-2.edf"", ""PN10-4.5.6.edf"", ""PN10-7.8.9.edf""]}, {""validation_file"": ""PN10-2.edf"", ""train_files"": [""PN10-1.edf"", ""PN10-10.edf"", ""PN10-4.5.6.edf"", ""PN10-7.8.9.edf""]}, {""validation_file"": ""PN10-4.5.6.edf"", ""train_files"": [""PN10-1.edf"", ""PN10-10.edf"", ""PN10-2.edf"", ""PN10-7.8.9.edf""]}, {""validation_file"": ""PN10-7.8.9.edf"", ""train_files"": [""PN10-1.edf"", ""PN10-10.edf"", ""PN10-2.edf"", ""PN10-4.5.6.edf""]}]","[""PN10-1.edf"", ""PN10-10.edf"", ""PN10-2.edf"", ""PN10-4.5.6.edf"", ""PN10-7.8.9.edf""]",PN10,E0_LR,PN10-3.edf,nested
9,9,9,630,0,639,11688,58704,50,21,105,58528,1,1,38.750683433570259,0,9,9,6,3,7,1,15,0.19969928922908695,335,0.45000000000000001,False,False,"[{""validation_file"": ""PN10-1.edf"", ""train_files"": [""PN10-10.edf"", ""PN10-2.edf"", ""PN10-4.5.6.edf"", ""PN10-7.8.9.edf""]}, {""validation_file"": ""PN10-10.edf"", ""train_files"": [""PN10-1.edf"", ""PN10-2.edf"", ""PN10-4.5.6.edf"", ""PN10-7.8.9.edf""]}, {""validation_file"": ""PN10-2.edf"", ""train_files"": [""PN10-1.edf"", ""PN10-10.edf"", ""PN10-4.5.6.edf"", ""PN10-7.8.9.edf""]}, {""validation_file"": ""PN10-4.5.6.edf"", ""train_files"": [""PN10-1.edf"", ""PN10-10.edf"", ""PN10-2.edf"", ""PN10-7.8.9.edf""]}, {""validation_file"": ""PN10-7.8.9.edf"", ""train_files"": [""PN10-1.edf"", ""PN10-10.edf"", ""PN10-2.edf"", ""PN10-4.5.6.edf""]}]","[""PN10-1.edf"", ""PN10-10.edf"", ""PN10-2.edf"", ""PN10-4.5.6.edf"", ""PN10-7.8.9.edf""]",PN10,E0_LR,PN10-3.edf,nested
9,8,8,566,0,574,10453,58704,50,21,105,58528,0.88888888888888884,0.88888888888888884,34.814106068890105,1,8,8,6.5,5.25,7.75,2,15,0.17859827774740294,335,0.5,False,False,"[{""validation_file"": ""PN10-1.edf"", ""train_files"": [""PN10-10.edf"", ""PN10-2.edf"", ""PN10-4.5.6.edf"", ""PN10-7.8.9.edf""]}, {""validation_file"": ""PN10-10.edf"", ""train_files"": [""PN10-1.edf"", ""PN10-2.edf"", ""PN10-4.5.6.edf"", ""PN10-7.8.9.edf""]}, {""validation_file"": ""PN10-2.edf"", ""train_files"": [""PN10-1.edf"", ""PN10-10.edf"", ""PN10-4.5.6.edf"", ""PN10-7.8.9.edf""]}, {""validation_file"": ""PN10-4.5.6.edf"", ""train_files"": [""PN10-1.edf"", ""PN10-10.edf"", ""PN10-2.edf"", ""PN10-7.8.9.edf""]}, {""validation_file"": ""PN10-7.8.9.edf"", ""train_files"": [""PN10-1.edf"", ""PN10-10.edf"", ""PN10-2.edf"", ""PN10-4.5.6.edf""]}]","[""PN10-1.edf"", ""PN10-10.edf"", ""PN10-2.edf"", ""PN10-4.5.6.edf"", ""PN10-7.8.9.edf""]",PN10,E0_LR,PN10-3.edf,nested
9,8,8,512,0,520,9498,58704,50,21,105,58528,0.88888888888888884,0.88888888888888884,31.492618917441224,1,8,8,6.5,5.25,7.75,2,15,0.16228130125751777,335,0.55000000000000004,False,False,"[{""validation_file"": ""PN10-1.edf"", ""train_files"": [""PN10-10.edf"", ""PN10-2.edf"", ""PN10-4.5.6.edf"", ""PN10-7.8.9.edf""]}, {""validation_file"": ""PN10-10.edf"", ""train_files"": [""PN10-1.edf"", ""PN10-2.edf"", ""PN10-4.5.6.edf"", ""PN10-7.8.9.edf""]}, {""validation_file"": ""PN10-2.edf"", ""train_files"": [""PN10-1.edf"", ""PN10-10.edf"", ""PN10-4.5.6.edf"", ""PN10-7.8.9.edf""]}, {""validation_file"": ""PN10-4.5.6.edf"", ""train_files"": [""PN10-1.edf"", ""PN10-10.edf"", ""PN10-2.edf"", ""PN10-7.8.9.edf""]}, {""validation_file"": ""PN10-7.8.9.edf"", ""train_files"": [""PN10-1.edf"", ""PN10-10.edf"", ""PN10-2.edf"", ""PN10-4.5.6.edf""]}]","[""PN10-1.edf"", ""PN10-10.edf"", ""PN10-2.edf"", ""PN10-4.5.6.edf"", ""PN10-7.8.9.edf""]",PN10,E0_LR,PN10-3.edf,nested
9,8,8,450,0,458,8488,58704,50,21,105,58528,0.88888888888888884,0.88888888888888884,27.679059595407328,1,8,8,6.5,5.25,7.75,2,15,0.14502460360852926,335,0.59999999999999998,False,False,"[{""validation_file"": ""PN10-1.edf"", ""train_files"": [""PN10-10.edf"", ""PN10-2.edf"", ""PN10-4.5.6.edf"", ""PN10-7.8.9.edf""]}, {""validation_file"": ""PN10-10.edf"", ""train_files"": [""PN10-1.edf"", ""PN10-2.edf"", ""PN10-4.5.6.edf"", ""PN10-7.8.9.edf""]}, {""validation_file"": ""PN10-2.edf"", ""train_files"": [""PN10-1.edf"", ""PN10-10.edf"", ""PN10-4.5.6.edf"", ""PN10-7.8.9.edf""]}, {""validation_file"": ""PN10-4.5.6.edf"", ""train_files"": [""PN10-1.edf"", ""PN10-10.edf"", ""PN10-2.edf"", ""PN10-7.8.9.edf""]}, {""validation_file"": ""PN10-7.8.9.edf"", ""train_files"": [""PN10-1.edf"", ""PN10-10.edf"", ""PN10-2.edf"", ""PN10-4.5.6.edf""]}]","[""PN10-1.edf"", ""PN10-10.edf"", ""PN10-2.edf"", ""PN10-4.5.6.edf"", ""PN10-7.8.9.edf""]",PN10,E0_LR,PN10-3.edf,nested
9,8,8,412,0,420,7783,58704,50,21,105,58528,0.88888888888888884,0.88888888888888884,25.341716785128487,1,8,8,6.5,5.25,7.75,2,15,0.13297908693275012,335,0.65000000000000002,False,False,"[{""validation_file"": ""PN10-1.edf"", ""train_files"": [""PN10-10.edf"", ""PN10-2.edf"", ""PN10-4.5.6.edf"", ""PN10-7.8.9.edf""]}, {""validation_file"": ""PN10-10.edf"", ""train_files"": [""PN10-1.edf"", ""PN10-2.edf"", ""PN10-4.5.6.edf"", ""PN10-7.8.9.edf""]}, {""validation_file"": ""PN10-2.edf"", ""train_files"": [""PN10-1.edf"", ""PN10-10.edf"", ""PN10-4.5.6.edf"", ""PN10-7.8.9.edf""]}, {""validation_file"": ""PN10-4.5.6.edf"", ""train_files"": [""PN10-1.edf"", ""PN10-10.edf"", ""PN10-2.edf"", ""PN10-7.8.9.edf""]}, {""validation_file"": ""PN10-7.8.9.edf"", ""train_files"": [""PN10-1.edf"", ""PN10-10.edf"", ""PN10-2.edf"", ""PN10-4.5.6.edf""]}]","[""PN10-1.edf"", ""PN10-10.edf"", ""PN10-2.edf"", ""PN10-4.5.6.edf"", ""PN10-7.8.9.edf""]",PN10,E0_LR,PN10-3.edf,nested
9,8,8,364,1,372,7023,58704,50,21,105,58528,0.88888888888888884,0.88888888888888884,22.389283761618369,1,8,8,6.5,5.25,7.75,2,15,0.11999384909786769,330,0.69999999999999996,False,False,"[{""validation_file"": ""PN10-1.edf"", ""train_files"": [""PN10-10.edf"", ""PN10-2.edf"", ""PN10-4.5.6.edf"", ""PN10-7.8.9.edf""]}, {""validation_file"": ""PN10-10.edf"", ""train_files"": [""PN10-1.edf"", ""PN10-2.edf"", ""PN10-4.5.6.edf"", ""PN10-7.8.9.edf""]}, {""validation_file"": ""PN10-2.edf"", ""train_files"": [""PN10-1.edf"", ""PN10-10.edf"", ""PN10-4.5.6.edf"", ""PN10-7.8.9.edf""]}, {""validation_file"": ""PN10-4.5.6.edf"", ""train_files"": [""PN10-1.edf"", ""PN10-10.edf"", ""PN10-2.edf"", ""PN10-7.8.9.edf""]}, {""validation_file"": ""PN10-7.8.9.edf"", ""train_files"": [""PN10-1.edf"", ""PN10-10.edf"", ""PN10-2.edf"", ""PN10-4.5.6.edf""]}]","[""PN10-1.edf"", ""PN10-10.edf"", ""PN10-2.edf"", ""PN10-4.5.6.edf"", ""PN10-7.8.9.edf""]",PN10,E0_LR,PN10-3.edf,nested
9,8,8,336,2,344,6358,58704,50,21,105,58528,0.88888888888888884,0.88888888888888884,20.667031164570805,1,8,8,6.5,5.25,7.75,2,15,0.10863176599234554,330,0.75,False,False,"[{""validation_file"": ""PN10-1.edf"", ""train_files"": [""PN10-10.edf"", ""PN10-2.edf"", ""PN10-4.5.6.edf"", ""PN10-7.8.9.edf""]}, {""validation_file"": ""PN10-10.edf"", ""train_files"": [""PN10-1.edf"", ""PN10-2.edf"", ""PN10-4.5.6.edf"", ""PN10-7.8.9.edf""]}, {""validation_file"": ""PN10-2.edf"", ""train_files"": [""PN10-1.edf"", ""PN10-10.edf"", ""PN10-4.5.6.edf"", ""PN10-7.8.9.edf""]}, {""validation_file"": ""PN10-4.5.6.edf"", ""train_files"": [""PN10-1.edf"", ""PN10-10.edf"", ""PN10-2.edf"", ""PN10-7.8.9.edf""]}, {""validation_file"": ""PN10-7.8.9.edf"", ""train_files"": [""PN10-1.edf"", ""PN10-10.edf"", ""PN10-2.edf"", ""PN10-4.5.6.edf""]}]","[""PN10-1.edf"", ""PN10-10.edf"", ""PN10-2.edf"", ""PN10-4.5.6.edf"", ""PN10-7.8.9.edf""]",PN10,E0_LR,PN10-3.edf,nested
9,8,8,286,2,294,5663,58704,50,21,105,58528,0.88888888888888884,0.88888888888888884,17.591580098414433,1,8,8,6.5,5.25,7.75,2,15,0.096757107709130666,330,0.80000000000000004,False,False,"[{""validation_file"": ""PN10-1.edf"", ""train_files"": [""PN10-10.edf"", ""PN10-2.edf"", ""PN10-4.5.6.edf"", ""PN10-7.8.9.edf""]}, {""validation_file"": ""PN10-10.edf"", ""train_files"": [""PN10-1.edf"", ""PN10-2.edf"", ""PN10-4.5.6.edf"", ""PN10-7.8.9.edf""]}, {""validation_file"": ""PN10-2.edf"", ""train_files"": [""PN10-1.edf"", ""PN10-10.edf"", ""PN10-4.5.6.edf"", ""PN10-7.8.9.edf""]}, {""validation_file"": ""PN10-4.5.6.edf"", ""train_files"": [""PN10-1.edf"", ""PN10-10.edf"", ""PN10-2.edf"", ""PN10-7.8.9.edf""]}, {""validation_file"": ""PN10-7.8.9.edf"", ""train_files"": [""PN10-1.edf"", ""PN10-10.edf"", ""PN10-2.edf"", ""PN10-4.5.6.edf""]}]","[""PN10-1.edf"", ""PN10-10.edf"", ""PN10-2.edf"", ""PN10-4.5.6.edf"", ""PN10-7.8.9.edf""]",PN10,E0_LR,PN10-3.edf,nested
9,8,8,251,2,259,5043,58704,50,21,105,58528,0.88888888888888884,0.88888888888888884,15.438764352104975,1,8,8,7,5.25,10.25,2,15,0.086163887370147615,330,0.84999999999999998,False,False,"[{""validation_file"": ""PN10-1.edf"", ""train_files"": [""PN10-10.edf"", ""PN10-2.edf"", ""PN10-4.5.6.edf"", ""PN10-7.8.9.edf""]}, {""validation_file"": ""PN10-10.edf"", ""train_files"": [""PN10-1.edf"", ""PN10-2.edf"", ""PN10-4.5.6.edf"", ""PN10-7.8.9.edf""]}, {""validation_file"": ""PN10-2.edf"", ""train_files"": [""PN10-1.edf"", ""PN10-10.edf"", ""PN10-4.5.6.edf"", ""PN10-7.8.9.edf""]}, {""validation_file"": ""PN10-4.5.6.edf"", ""train_files"": [""PN10-1.edf"", ""PN10-10.edf"", ""PN10-2.edf"", ""PN10-7.8.9.edf""]}, {""validation_file"": ""PN10-7.8.9.edf"", ""train_files"": [""PN10-1.edf"", ""PN10-10.edf"", ""PN10-2.edf"", ""PN10-4.5.6.edf""]}]","[""PN10-1.edf"", ""PN10-10.edf"", ""PN10-2.edf"", ""PN10-4.5.6.edf"", ""PN10-7.8.9.edf""]",PN10,E0_LR,PN10-3.edf,nested
9,8,8,203,2,211,4278,58704,50,21,105,58528,0.88888888888888884,0.88888888888888884,12.486331328594861,1,8,8,9,6.75,11.25,2,15,0.07309322033898305,330,0.90000000000000002,False,False,"[{""validation_file"": ""PN10-1.edf"", ""train_files"": [""PN10-10.edf"", ""PN10-2.edf"", ""PN10-4.5.6.edf"", ""PN10-7.8.9.edf""]}, {""validation_file"": ""PN10-10.edf"", ""train_files"": [""PN10-1.edf"", ""PN10-2.edf"", ""PN10-4.5.6.edf"", ""PN10-7.8.9.edf""]}, {""validation_file"": ""PN10-2.edf"", ""train_files"": [""PN10-1.edf"", ""PN10-10.edf"", ""PN10-4.5.6.edf"", ""PN10-7.8.9.edf""]}, {""validation_file"": ""PN10-4.5.6.edf"", ""train_files"": [""PN10-1.edf"", ""PN10-10.edf"", ""PN10-2.edf"", ""PN10-7.8.9.edf""]}, {""validation_file"": ""PN10-7.8.9.edf"", ""train_files"": [""PN10-1.edf"", ""PN10-10.edf"", ""PN10-2.edf"", ""PN10-4.5.6.edf""]}]","[""PN10-1.edf"", ""PN10-10.edf"", ""PN10-2.edf"", ""PN10-4.5.6.edf"", ""PN10-7.8.9.edf""]",PN10,E0_LR,PN10-3.edf,nested
9,8,8,159,2,167,3585,58704,50,21,105,58528,0.88888888888888884,0.88888888888888884,9.7799343903772549,1,8,8,9,6.75,11.25,2,15,0.061252733734281029,330,0.94999999999999996,False,False,"[{""validation_file"": ""PN10-1.edf"", ""train_files"": [""PN10-10.edf"", ""PN10-2.edf"", ""PN10-4.5.6.edf"", ""PN10-7.8.9.edf""]}, {""validation_file"": ""PN10-10.edf"", ""train_files"": [""PN10-1.edf"", ""PN10-2.edf"", ""PN10-4.5.6.edf"", ""PN10-7.8.9.edf""]}, {""validation_file"": ""PN10-2.edf"", ""train_files"": [""PN10-1.edf"", ""PN10-10.edf"", ""PN10-4.5.6.edf"", ""PN10-7.8.9.edf""]}, {""validation_file"": ""PN10-4.5.6.edf"", ""train_files"": [""PN10-1.edf"", ""PN10-10.edf"", ""PN10-2.edf"", ""PN10-7.8.9.edf""]}, {""validation_file"": ""PN10-7.8.9.edf"", ""train_files"": [""PN10-1.edf"", ""PN10-10.edf"", ""PN10-2.edf"", ""PN10-4.5.6.edf""]}]","[""PN10-1.edf"", ""PN10-10.edf"", ""PN10-2.edf"", ""PN10-4.5.6.edf"", ""PN10-7.8.9.edf""]",PN10,E0_LR,PN10-3.edf,nested
9,0,0,0,0,0,0,58704,50,21,105,58528,0,0,0,9,0,0,,,,,,0,0,1.01,True,True,"[{""validation_file"": ""PN10-1.edf"", ""train_files"": [""PN10-10.edf"", ""PN10-2.edf"", ""PN10-4.5.6.edf"", ""PN10-7.8.9.edf""]}, {""validation_file"": ""PN10-10.edf"", ""train_files"": [""PN10-1.edf"", ""PN10-2.edf"", ""PN10-4.5.6.edf"", ""PN10-7.8.9.edf""]}, {""validation_file"": ""PN10-2.edf"", ""train_files"": [""PN10-1.edf"", ""PN10-10.edf"", ""PN10-4.5.6.edf"", ""PN10-7.8.9.edf""]}, {""validation_file"": ""PN10-4.5.6.edf"", ""train_files"": [""PN10-1.edf"", ""PN10-10.edf"", ""PN10-2.edf"", ""PN10-7.8.9.edf""]}, {""validation_file"": ""PN10-7.8.9.edf"", ""train_files"": [""PN10-1.edf"", ""PN10-10.edf"", ""PN10-2.edf"", ""PN10-4.5.6.edf""]}]","[""PN10-1.edf"", ""PN10-10.edf"", ""PN10-2.edf"", ""PN10-4.5.6.edf"", ""PN10-7.8.9.edf""]",PN10,E0_LR,PN10-3.edf,nested
7,5,7,853,0,858,27593,50769,50,27,110,50582,0.7142857142857143,1,60.709343244632478,2,5,5,7,6,10,2,10,0.54551026056700014,2685,0.050000000000000003,False,False,"[{""validation_file"": ""PN10-1.edf"", ""train_files"": [""PN10-10.edf"", ""PN10-2.edf"", ""PN10-3.edf"", ""PN10-7.8.9.edf""]}, {""validation_file"": ""PN10-10.edf"", ""train_files"": [""PN10-1.edf"", ""PN10-2.edf"", ""PN10-3.edf"", ""PN10-7.8.9.edf""]}, {""validation_file"": ""PN10-2.edf"", ""train_files"": [""PN10-1.edf"", ""PN10-10.edf"", ""PN10-3.edf"", ""PN10-7.8.9.edf""]}, {""validation_file"": ""PN10-3.edf"", ""train_files"": [""PN10-1.edf"", ""PN10-10.edf"", ""PN10-2.edf"", ""PN10-7.8.9.edf""]}, {""validation_file"": ""PN10-7.8.9.edf"", ""train_files"": [""PN10-1.edf"", ""PN10-10.edf"", ""PN10-2.edf"", ""PN10-3.edf""]}]","[""PN10-1.edf"", ""PN10-10.edf"", ""PN10-2.edf"", ""PN10-3.edf"", ""PN10-7.8.9.edf""]",PN10,E0_LR,PN10-4.5.6.edf,nested
7,6,7,794,0,800,22693,50769,50,27,110,50582,0.8571428571428571,1,56.510221027242892,1,6,6,6.5,3.75,9.25,2,10,0.44863785536356809,2650,0.10000000000000001,False,False,"[{""validation_file"": ""PN10-1.edf"", ""train_files"": [""PN10-10.edf"", ""PN10-2.edf"", ""PN10-3.edf"", ""PN10-7.8.9.edf""]}, {""validation_file"": ""PN10-10.edf"", ""train_files"": [""PN10-1.edf"", ""PN10-2.edf"", ""PN10-3.edf"", ""PN10-7.8.9.edf""]}, {""validation_file"": ""PN10-2.edf"", ""train_files"": [""PN10-1.edf"", ""PN10-10.edf"", ""PN10-3.edf"", ""PN10-7.8.9.edf""]}, {""validation_file"": ""PN10-3.edf"", ""train_files"": [""PN10-1.edf"", ""PN10-10.edf"", ""PN10-2.edf"", ""PN10-7.8.9.edf""]}, {""validation_file"": ""PN10-7.8.9.edf"", ""train_files"": [""PN10-1.edf"", ""PN10-10.edf"", ""PN10-2.edf"", ""PN10-3.edf""]}]","[""PN10-1.edf"", ""PN10-10.edf"", ""PN10-2.edf"", ""PN10-3.edf"", ""PN10-7.8.9.edf""]",PN10,E0_LR,PN10-4.5.6.edf,nested
7,6,7,728,0,734,19503,50769,50,27,110,50582,0.8571428571428571,1,51.812897868807084,1,6,6,6.5,3.75,9.25,2,10,0.38557194258827249,2650,0.14999999999999999,False,False,"[{""validation_file"": ""PN10-1.edf"", ""train_files"": [""PN10-10.edf"", ""PN10-2.edf"", ""PN10-3.edf"", ""PN10-7.8.9.edf""]}, {""validation_file"": ""PN10-10.edf"", ""train_files"": [""PN10-1.edf"", ""PN10-2.edf"", ""PN10-3.edf"", ""PN10-7.8.9.edf""]}, {""validation_file"": ""PN10-2.edf"", ""train_files"": [""PN10-1.edf"", ""PN10-10.edf"", ""PN10-3.edf"", ""PN10-7.8.9.edf""]}, {""validation_file"": ""PN10-3.edf"", ""train_files"": [""PN10-1.edf"", ""PN10-10.edf"", ""PN10-2.edf"", ""PN10-7.8.9.edf""]}, {""validation_file"": ""PN10-7.8.9.edf"", ""train_files"": [""PN10-1.edf"", ""PN10-10.edf"", ""PN10-2.edf"", ""PN10-3.edf""]}]","[""PN10-1.edf"", ""PN10-10.edf"", ""PN10-2.edf"", ""PN10-3.edf"", ""PN10-7.8.9.edf""]",PN10,E0_LR,PN10-4.5.6.edf,nested
7,6,7,680,0,686,17588,50769,50,27,110,50582,0.8571428571428571,1,48.396662844490137,1,6,6,6.5,3.75,9.25,2,10,0.34771262504448225,1350,0.20000000000000001,False,False,"[{""validation_file"": ""PN10-1.edf"", ""train_files"": [""PN10-10.edf"", ""PN10-2.edf"", ""PN10-3.edf"", ""PN10-7.8.9.edf""]}, {""validation_file"": ""PN10-10.edf"", ""train_files"": [""PN10-1.edf"", ""PN10-2.edf"", ""PN10-3.edf"", ""PN10-7.8.9.edf""]}, {""validation_file"": ""PN10-2.edf"", ""train_files"": [""PN10-1.edf"", ""PN10-10.edf"", ""PN10-3.edf"", ""PN10-7.8.9.edf""]}, {""validation_file"": ""PN10-3.edf"", ""train_files"": [""PN10-1.edf"", ""PN10-10.edf"", ""PN10-2.edf"", ""PN10-7.8.9.edf""]}, {""validation_file"": ""PN10-7.8.9.edf"", ""train_files"": [""PN10-1.edf"", ""PN10-10.edf"", ""PN10-2.edf"", ""PN10-3.edf""]}]","[""PN10-1.edf"", ""PN10-10.edf"", ""PN10-2.edf"", ""PN10-3.edf"", ""PN10-7.8.9.edf""]",PN10,E0_LR,PN10-4.5.6.edf,nested
7,6,7,628,0,634,16103,50769,50,27,110,50582,0.8571428571428571,1,44.695741568146772,1,6,6,6.5,3.75,9.25,2,10,0.31835435530425843,1350,0.25,False,False,"[{""validation_file"": ""PN10-1.edf"", ""train_files"": [""PN10-10.edf"", ""PN10-2.edf"", ""PN10-3.edf"", ""PN10-7.8.9.edf""]}, {""validation_file"": ""PN10-10.edf"", ""train_files"": [""PN10-1.edf"", ""PN10-2.edf"", ""PN10-3.edf"", ""PN10-7.8.9.edf""]}, {""validation_file"": ""PN10-2.edf"", ""train_files"": [""PN10-1.edf"", ""PN10-10.edf"", ""PN10-3.edf"", ""PN10-7.8.9.edf""]}, {""validation_file"": ""PN10-3.edf"", ""train_files"": [""PN10-1.edf"", ""PN10-10.edf"", ""PN10-2.edf"", ""PN10-7.8.9.edf""]}, {""validation_file"": ""PN10-7.8.9.edf"", ""train_files"": [""PN10-1.edf"", ""PN10-10.edf"", ""PN10-2.edf"", ""PN10-3.edf""]}]","[""PN10-1.edf"", ""PN10-10.edf"", ""PN10-2.edf"", ""PN10-3.edf"", ""PN10-7.8.9.edf""]",PN10,E0_LR,PN10-4.5.6.edf,nested
7,6,7,577,1,583,14783,50769,50,27,110,50582,0.8571428571428571,1,41.065991854810008,1,6,6,6.5,3.75,9.25,2,10,0.29225811553517062,1285,0.29999999999999999,False,False,"[{""validation_file"": ""PN10-1.edf"", ""train_files"": [""PN10-10.edf"", ""PN10-2.edf"", ""PN10-3.edf"", ""PN10-7.8.9.edf""]}, {""validation_file"": ""PN10-10.edf"", ""train_files"": [""PN10-1.edf"", ""PN10-2.edf"", ""PN10-3.edf"", ""PN10-7.8.9.edf""]}, {""validation_file"": ""PN10-2.edf"", ""train_files"": [""PN10-1.edf"", ""PN10-10.edf"", ""PN10-3.edf"", ""PN10-7.8.9.edf""]}, {""validation_file"": ""PN10-3.edf"", ""train_files"": [""PN10-1.edf"", ""PN10-10.edf"", ""PN10-2.edf"", ""PN10-7.8.9.edf""]}, {""validation_file"": ""PN10-7.8.9.edf"", ""train_files"": [""PN10-1.edf"", ""PN10-10.edf"", ""PN10-2.edf"", ""PN10-3.edf""]}]","[""PN10-1.edf"", ""PN10-10.edf"", ""PN10-2.edf"", ""PN10-3.edf"", ""PN10-7.8.9.edf""]",PN10,E0_LR,PN10-4.5.6.edf,nested
7,6,7,535,1,541,13663,50769,50,27,110,50582,0.8571428571428571,1,38.076786208532681,1,6,6,6.5,3.75,9.25,2,10,0.27011585148867184,1285,0.34999999999999998,False,False,"[{""validation_file"": ""PN10-1.edf"", ""train_files"": [""PN10-10.edf"", ""PN10-2.edf"", ""PN10-3.edf"", ""PN10-7.8.9.edf""]}, {""validation_file"": ""PN10-10.edf"", ""train_files"": [""PN10-1.edf"", ""PN10-2.edf"", ""PN10-3.edf"", ""PN10-7.8.9.edf""]}, {""validation_file"": ""PN10-2.edf"", ""train_files"": [""PN10-1.edf"", ""PN10-10.edf"", ""PN10-3.edf"", ""PN10-7.8.9.edf""]}, {""validation_file"": ""PN10-3.edf"", ""train_files"": [""PN10-1.edf"", ""PN10-10.edf"", ""PN10-2.edf"", ""PN10-7.8.9.edf""]}, {""validation_file"": ""PN10-7.8.9.edf"", ""train_files"": [""PN10-1.edf"", ""PN10-10.edf"", ""PN10-2.edf"", ""PN10-3.edf""]}]","[""PN10-1.edf"", ""PN10-10.edf"", ""PN10-2.edf"", ""PN10-3.edf"", ""PN10-7.8.9.edf""]",PN10,E0_LR,PN10-4.5.6.edf,nested
7,7,7,474,1,481,12583,50769,50,27,110,50582,1,1,33.735320865129886,0,7,7,7,4.5,8.5,2,10,0.24876438258669092,1285,0.40000000000000002,False,False,"[{""validation_file"": ""PN10-1.edf"", ""train_files"": [""PN10-10.edf"", ""PN10-2.edf"", ""PN10-3.edf"", ""PN10-7.8.9.edf""]}, {""validation_file"": ""PN10-10.edf"", ""train_files"": [""PN10-1.edf"", ""PN10-2.edf"", ""PN10-3.edf"", ""PN10-7.8.9.edf""]}, {""validation_file"": ""PN10-2.edf"", ""train_files"": [""PN10-1.edf"", ""PN10-10.edf"", ""PN10-3.edf"", ""PN10-7.8.9.edf""]}, {""validation_file"": ""PN10-3.edf"", ""train_files"": [""PN10-1.edf"", ""PN10-10.edf"", ""PN10-2.edf"", ""PN10-7.8.9.edf""]}, {""validation_file"": ""PN10-7.8.9.edf"", ""train_files"": [""PN10-1.edf"", ""PN10-10.edf"", ""PN10-2.edf"", ""PN10-3.edf""]}]","[""PN10-1.edf"", ""PN10-10.edf"", ""PN10-2.edf"", ""PN10-3.edf"", ""PN10-7.8.9.edf""]",PN10,E0_LR,PN10-4.5.6.edf,nested
7,7,7,423,1,430,11633,50769,50,27,110,50582,1,1,30.105571151793129,0,7,7,7,4.5,8.5,2,10,0.22998299790439286,1285,0.45000000000000001,False,False,"[{""validation_file"": ""PN10-1.edf"", ""train_files"": [""PN10-10.edf"", ""PN10-2.edf"", ""PN10-3.edf"", ""PN10-7.8.9.edf""]}, {""validation_file"": ""PN10-10.edf"", ""train_files"": [""PN10-1.edf"", ""PN10-2.edf"", ""PN10-3.edf"", ""PN10-7.8.9.edf""]}, {""validation_file"": ""PN10-2.edf"", ""train_files"": [""PN10-1.edf"", ""PN10-10.edf"", ""PN10-3.edf"", ""PN10-7.8.9.edf""]}, {""validation_file"": ""PN10-3.edf"", ""train_files"": [""PN10-1.edf"", ""PN10-10.edf"", ""PN10-2.edf"", ""PN10-7.8.9.edf""]}, {""validation_file"": ""PN10-7.8.9.edf"", ""train_files"": [""PN10-1.edf"", ""PN10-10.edf"", ""PN10-2.edf"", ""PN10-3.edf""]}]","[""PN10-1.edf"", ""PN10-10.edf"", ""PN10-2.edf"", ""PN10-3.edf"", ""PN10-7.8.9.edf""]",PN10,E0_LR,PN10-4.5.6.edf,nested
7,7,7,392,1,399,10968,50769,50,27,110,50582,1,1,27.89925269858843,0,7,7,7,4.5,8.5,2,10,0.21683602862678422,1225,0.5,False,False,"[{""validation_file"": ""PN10-1.edf"", ""train_files"": [""PN10-10.edf"", ""PN10-2.edf"", ""PN10-3.edf"", ""PN10-7.8.9.edf""]}, {""validation_file"": ""PN10-10.edf"", ""train_files"": [""PN10-1.edf"", ""PN10-2.edf"", ""PN10-3.edf"", ""PN10-7.8.9.edf""]}, {""validation_file"": ""PN10-2.edf"", ""train_files"": [""PN10-1.edf"", ""PN10-10.edf"", ""PN10-3.edf"", ""PN10-7.8.9.edf""]}, {""validation_file"": ""PN10-3.edf"", ""train_files"": [""PN10-1.edf"", ""PN10-10.edf"", ""PN10-2.edf"", ""PN10-7.8.9.edf""]}, {""validation_file"": ""PN10-7.8.9.edf"", ""train_files"": [""PN10-1.edf"", ""PN10-10.edf"", ""PN10-2.edf"", ""PN10-3.edf""]}]","[""PN10-1.edf"", ""PN10-10.edf"", ""PN10-2.edf"", ""PN10-3.edf"", ""PN10-7.8.9.edf""]",PN10,E0_LR,PN10-4.5.6.edf,nested
7,7,7,358,2,365,10323,50769,50,27,110,50582,1,1,25.479419556363926,0,7,7,7,4.5,8.5,2,10,0.20408445692143451,1225,0.55000000000000004,False,False,"[{""validation_file"": ""PN10-1.edf"", ""train_files"": [""PN10-10.edf"", ""PN10-2.edf"", ""PN10-3.edf"", ""PN10-7.8.9.edf""]}, {""validation_file"": ""PN10-10.edf"", ""train_files"": [""PN10-1.edf"", ""PN10-2.edf"", ""PN10-3.edf"", ""PN10-7.8.9.edf""]}, {""validation_file"": ""PN10-2.edf"", ""train_files"": [""PN10-1.edf"", ""PN10-10.edf"", ""PN10-3.edf"", ""PN10-7.8.9.edf""]}, {""validation_file"": ""PN10-3.edf"", ""train_files"": [""PN10-1.edf"", ""PN10-10.edf"", ""PN10-2.edf"", ""PN10-7.8.9.edf""]}, {""validation_file"": ""PN10-7.8.9.edf"", ""train_files"": [""PN10-1.edf"", ""PN10-10.edf"", ""PN10-2.edf"", ""PN10-3.edf""]}]","[""PN10-1.edf"", ""PN10-10.edf"", ""PN10-2.edf"", ""PN10-3.edf"", ""PN10-7.8.9.edf""]",PN10,E0_LR,PN10-4.5.6.edf,nested
7,7,7,333,2,340,9708,50769,50,27,110,50582,1,1,23.700130481198844,0,7,7,7,6.5,8.5,3,10,0.19192598157447313,1225,0.59999999999999998,False,False,"[{""validation_file"": ""PN10-1.edf"", ""train_files"": [""PN10-10.edf"", ""PN10-2.edf"", ""PN10-3.edf"", ""PN10-7.8.9.edf""]}, {""validation_file"": ""PN10-10.edf"", ""train_files"": [""PN10-1.edf"", ""PN10-2.edf"", ""PN10-3.edf"", ""PN10-7.8.9.edf""]}, {""validation_file"": ""PN10-2.edf"", ""train_files"": [""PN10-1.edf"", ""PN10-10.edf"", ""PN10-3.edf"", ""PN10-7.8.9.edf""]}, {""validation_file"": ""PN10-3.edf"", ""train_files"": [""PN10-1.edf"", ""PN10-10.edf"", ""PN10-2.edf"", ""PN10-7.8.9.edf""]}, {""validation_file"": ""PN10-7.8.9.edf"", ""train_files"": [""PN10-1.edf"", ""PN10-10.edf"", ""PN10-2.edf"", ""PN10-3.edf""]}]","[""PN10-1.edf"", ""PN10-10.edf"", ""PN10-2.edf"", ""PN10-3.edf"", ""PN10-7.8.9.edf""]",PN10,E0_LR,PN10-4.5.6.edf,nested
7,7,7,300,2,307,9083,50769,50,27,110,50582,1,1,21.35146890198094,0,7,7,10,6.5,11,3,17,0.17956980744138232,1220,0.65000000000000002,False,False,"[{""validation_file"": ""PN10-1.edf"", ""train_files"": [""PN10-10.edf"", ""PN10-2.edf"", ""PN10-3.edf"", ""PN10-7.8.9.edf""]}, {""validation_file"": ""PN10-10.edf"", ""train_files"": [""PN10-1.edf"", ""PN10-2.edf"", ""PN10-3.edf"", ""PN10-7.8.9.edf""]}, {""validation_file"": ""PN10-2.edf"", ""train_files"": [""PN10-1.edf"", ""PN10-10.edf"", ""PN10-3.edf"", ""PN10-7.8.9.edf""]}, {""validation_file"": ""PN10-3.edf"", ""train_files"": [""PN10-1.edf"", ""PN10-10.edf"", ""PN10-2.edf"", ""PN10-7.8.9.edf""]}, {""validation_file"": ""PN10-7.8.9.edf"", ""train_files"": [""PN10-1.edf"", ""PN10-10.edf"", ""PN10-2.edf"", ""PN10-3.edf""]}]","[""PN10-1.edf"", ""PN10-10.edf"", ""PN10-2.edf"", ""PN10-3.edf"", ""PN10-7.8.9.edf""]",PN10,E0_LR,PN10-4.5.6.edf,nested
7,7,7,270,2,277,8573,50769,50,27,110,50582,1,1,19.216322011782847,0,7,7,10,6.5,11,3,17,0.16948716934878019,985,0.69999999999999996,False,False,"[{""validation_file"": ""PN10-1.edf"", ""train_files"": [""PN10-10.edf"", ""PN10-2.edf"", ""PN10-3.edf"", ""PN10-7.8.9.edf""]}, {""validation_file"": ""PN10-10.edf"", ""train_files"": [""PN10-1.edf"", ""PN10-2.edf"", ""PN10-3.edf"", ""PN10-7.8.9.edf""]}, {""validation_file"": ""PN10-2.edf"", ""train_files"": [""PN10-1.edf"", ""PN10-10.edf"", ""PN10-3.edf"", ""PN10-7.8.9.edf""]}, {""validation_file"": ""PN10-3.edf"", ""train_files"": [""PN10-1.edf"", ""PN10-10.edf"", ""PN10-2.edf"", ""PN10-7.8.9.edf""]}, {""validation_file"": ""PN10-7.8.9.edf"", ""train_files"": [""PN10-1.edf"", ""PN10-10.edf"", ""PN10-2.edf"", ""PN10-3.edf""]}]","[""PN10-1.edf"", ""PN10-10.edf"", ""PN10-2.edf"", ""PN10-3.edf"", ""PN10-7.8.9.edf""]",PN10,E0_LR,PN10-4.5.6.edf,nested
7,7,7,252,2,259,8193,50769,50,27,110,50582,1,1,17.93523387766399,0,7,7,10,6.5,11,3,17,0.16197461547586098,490,0.75,False,False,"[{""validation_file"": ""PN10-1.edf"", ""train_files"": [""PN10-10.edf"", ""PN10-2.edf"", ""PN10-3.edf"", ""PN10-7.8.9.edf""]}, {""validation_file"": ""PN10-10.edf"", ""train_files"": [""PN10-1.edf"", ""PN10-2.edf"", ""PN10-3.edf"", ""PN10-7.8.9.edf""]}, {""validation_file"": ""PN10-2.edf"", ""train_files"": [""PN10-1.edf"", ""PN10-10.edf"", ""PN10-3.edf"", ""PN10-7.8.9.edf""]}, {""validation_file"": ""PN10-3.edf"", ""train_files"": [""PN10-1.edf"", ""PN10-10.edf"", ""PN10-2.edf"", ""PN10-7.8.9.edf""]}, {""validation_file"": ""PN10-7.8.9.edf"", ""train_files"": [""PN10-1.edf"", ""PN10-10.edf"", ""PN10-2.edf"", ""PN10-3.edf""]}]","[""PN10-1.edf"", ""PN10-10.edf"", ""PN10-2.edf"", ""PN10-3.edf"", ""PN10-7.8.9.edf""]",PN10,E0_LR,PN10-4.5.6.edf,nested
7,7,7,228,2,235,7683,50769,50,27,110,50582,1,1,16.227116365505516,0,7,7,10,6.5,13.5,3,22,0.15189197738325888,485,0.80000000000000004,False,False,"[{""validation_file"": ""PN10-1.edf"", ""train_files"": [""PN10-10.edf"", ""PN10-2.edf"", ""PN10-3.edf"", ""PN10-7.8.9.edf""]}, {""validation_file"": ""PN10-10.edf"", ""train_files"": [""PN10-1.edf"", ""PN10-2.edf"", ""PN10-3.edf"", ""PN10-7.8.9.edf""]}, {""validation_file"": ""PN10-2.edf"", ""train_files"": [""PN10-1.edf"", ""PN10-10.edf"", ""PN10-3.edf"", ""PN10-7.8.9.edf""]}, {""validation_file"": ""PN10-3.edf"", ""train_files"": [""PN10-1.edf"", ""PN10-10.edf"", ""PN10-2.edf"", ""PN10-7.8.9.edf""]}, {""validation_file"": ""PN10-7.8.9.edf"", ""train_files"": [""PN10-1.edf"", ""PN10-10.edf"", ""PN10-2.edf"", ""PN10-3.edf""]}]","[""PN10-1.edf"", ""PN10-10.edf"", ""PN10-2.edf"", ""PN10-3.edf"", ""PN10-7.8.9.edf""]",PN10,E0_LR,PN10-4.5.6.edf,nested
7,7,7,210,1,217,7113,50769,50,27,110,50582,1,1,14.946028231386659,0,7,7,10,6.5,17,3,40,0.14062314657388003,355,0.84999999999999998,False,False,"[{""validation_file"": ""PN10-1.edf"", ""train_files"": [""PN10-10.edf"", ""PN10-2.edf"", ""PN10-3.edf"", ""PN10-7.8.9.edf""]}, {""validation_file"": ""PN10-10.edf"", ""train_files"": [""PN10-1.edf"", ""PN10-2.edf"", ""PN10-3.edf"", ""PN10-7.8.9.edf""]}, {""validation_file"": ""PN10-2.edf"", ""train_files"": [""PN10-1.edf"", ""PN10-10.edf"", ""PN10-3.edf"", ""PN10-7.8.9.edf""]}, {""validation_file"": ""PN10-3.edf"", ""train_files"": [""PN10-1.edf"", ""PN10-10.edf"", ""PN10-2.edf"", ""PN10-7.8.9.edf""]}, {""validation_file"": ""PN10-7.8.9.edf"", ""train_files"": [""PN10-1.edf"", ""PN10-10.edf"", ""PN10-2.edf"", ""PN10-3.edf""]}]","[""PN10-1.edf"", ""PN10-10.edf"", ""PN10-2.edf"", ""PN10-3.edf"", ""PN10-7.8.9.edf""]",PN10,E0_LR,PN10-4.5.6.edf,nested
7,7,7,183,1,190,6608,50769,50,27,110,50582,1,1,13.024396030208374,0,7,7,10,7.5,17,6,40,0.13063935787434267,355,0.90000000000000002,False,False,"[{""validation_file"": ""PN10-1.edf"", ""train_files"": [""PN10-10.edf"", ""PN10-2.edf"", ""PN10-3.edf"", ""PN10-7.8.9.edf""]}, {""validation_file"": ""PN10-10.edf"", ""train_files"": [""PN10-1.edf"", ""PN10-2.edf"", ""PN10-3.edf"", ""PN10-7.8.9.edf""]}, {""validation_file"": ""PN10-2.edf"", ""train_files"": [""PN10-1.edf"", ""PN10-10.edf"", ""PN10-3.edf"", ""PN10-7.8.9.edf""]}, {""validation_file"": ""PN10-3.edf"", ""train_files"": [""PN10-1.edf"", ""PN10-10.edf"", ""PN10-2.edf"", ""PN10-7.8.9.edf""]}, {""validation_file"": ""PN10-7.8.9.edf"", ""train_files"": [""PN10-1.edf"", ""PN10-10.edf"", ""PN10-2.edf"", ""PN10-3.edf""]}]","[""PN10-1.edf"", ""PN10-10.edf"", ""PN10-2.edf"", ""PN10-3.edf"", ""PN10-7.8.9.edf""]",PN10,E0_LR,PN10-4.5.6.edf,nested
7,6,6,173,1,179,6015,50769,50,27,110,50582,0.8571428571428571,0.8571428571428571,12.312680400142343,1,6,6,9,7.25,11.5,6,40,0.11891581985686608,355,0.94999999999999996,False,False,"[{""validation_file"": ""PN10-1.edf"", ""train_files"": [""PN10-10.edf"", ""PN10-2.edf"", ""PN10-3.edf"", ""PN10-7.8.9.edf""]}, {""validation_file"": ""PN10-10.edf"", ""train_files"": [""PN10-1.edf"", ""PN10-2.edf"", ""PN10-3.edf"", ""PN10-7.8.9.edf""]}, {""validation_file"": ""PN10-2.edf"", ""train_files"": [""PN10-1.edf"", ""PN10-10.edf"", ""PN10-3.edf"", ""PN10-7.8.9.edf""]}, {""validation_file"": ""PN10-3.edf"", ""train_files"": [""PN10-1.edf"", ""PN10-10.edf"", ""PN10-2.edf"", ""PN10-7.8.9.edf""]}, {""validation_file"": ""PN10-7.8.9.edf"", ""train_files"": [""PN10-1.edf"", ""PN10-10.edf"", ""PN10-2.edf"", ""PN10-3.edf""]}]","[""PN10-1.edf"", ""PN10-10.edf"", ""PN10-2.edf"", ""PN10-3.edf"", ""PN10-7.8.9.edf""]",PN10,E0_LR,PN10-4.5.6.edf,nested
7,0,0,0,0,0,0,50769,50,27,110,50582,0,0,0,7,0,0,,,,,,0,0,1.01,True,True,"[{""validation_file"": ""PN10-1.edf"", ""train_files"": [""PN10-10.edf"", ""PN10-2.edf"", ""PN10-3.edf"", ""PN10-7.8.9.edf""]}, {""validation_file"": ""PN10-10.edf"", ""train_files"": [""PN10-1.edf"", ""PN10-2.edf"", ""PN10-3.edf"", ""PN10-7.8.9.edf""]}, {""validation_file"": ""PN10-2.edf"", ""train_files"": [""PN10-1.edf"", ""PN10-10.edf"", ""PN10-3.edf"", ""PN10-7.8.9.edf""]}, {""validation_file"": ""PN10-3.edf"", ""train_files"": [""PN10-1.edf"", ""PN10-10.edf"", ""PN10-2.edf"", ""PN10-7.8.9.edf""]}, {""validation_file"": ""PN10-7.8.9.edf"", ""train_files"": [""PN10-1.edf"", ""PN10-10.edf"", ""PN10-2.edf"", ""PN10-3.edf""]}]","[""PN10-1.edf"", ""PN10-10.edf"", ""PN10-2.edf"", ""PN10-3.edf"", ""PN10-7.8.9.edf""]",PN10,E0_LR,PN10-4.5.6.edf,nested
7,3,6,821,0,824,24071,52462,50,27,5,52380,0.42857142857142855,0.8571428571428571,56.426116838487971,4,3,3,10,7.5,10,5,10,0.45954562810232913,505,0.050000000000000003,False,False,"[{""validation_file"": ""PN10-1.edf"", ""train_files"": [""PN10-10.edf"", ""PN10-2.edf"", ""PN10-3.edf"", ""PN10-4.5.6.edf""]}, {""validation_file"": ""PN10-10.edf"", ""train_files"": [""PN10-1.edf"", ""PN10-2.edf"", ""PN10-3.edf"", ""PN10-4.5.6.edf""]}, {""validation_file"": ""PN10-2.edf"", ""train_files"": [""PN10-1.edf"", ""PN10-10.edf"", ""PN10-3.edf"", ""PN10-4.5.6.edf""]}, {""validation_file"": ""PN10-3.edf"", ""train_files"": [""PN10-1.edf"", ""PN10-10.edf"", ""PN10-2.edf"", ""PN10-4.5.6.edf""]}, {""validation_file"": ""PN10-4.5.6.edf"", ""train_files"": [""PN10-1.edf"", ""PN10-10.edf"", ""PN10-2.edf"", ""PN10-3.edf""]}]","[""PN10-1.edf"", ""PN10-10.edf"", ""PN10-2.edf"", ""PN10-3.edf"", ""PN10-4.5.6.edf""]",PN10,E0_LR,PN10-7.8.9.edf,nested
7,5,6,786,0,791,19526,52462,50,27,5,52380,0.7142857142857143,0.8571428571428571,54.020618556701031,2,5,5,10,6,10,3,10,0.37277586865215734,505,0.10000000000000001,False,False,"[{""validation_file"": ""PN10-1.edf"", ""train_files"": [""PN10-10.edf"", ""PN10-2.edf"", ""PN10-3.edf"", ""PN10-4.5.6.edf""]}, {""validation_file"": ""PN10-10.edf"", ""train_files"": [""PN10-1.edf"", ""PN10-2.edf"", ""PN10-3.edf"", ""PN10-4.5.6.edf""]}, {""validation_file"": ""PN10-2.edf"", ""train_files"": [""PN10-1.edf"", ""PN10-10.edf"", ""PN10-3.edf"", ""PN10-4.5.6.edf""]}, {""validation_file"": ""PN10-3.edf"", ""train_files"": [""PN10-1.edf"", ""PN10-10.edf"", ""PN10-2.edf"", ""PN10-4.5.6.edf""]}, {""validation_file"": ""PN10-4.5.6.edf"", ""train_files"": [""PN10-1.edf"", ""PN10-10.edf"", ""PN10-2.edf"", ""PN10-3.edf""]}]","[""PN10-1.edf"", ""PN10-10.edf"", ""PN10-2.edf"", ""PN10-3.edf"", ""PN10-4.5.6.edf""]",PN10,E0_LR,PN10-7.8.9.edf,nested
7,5,6,714,0,719,16753,52462,50,27,5,52380,0.7142857142857143,0.8571428571428571,49.072164948453612,2,5,5,10,6,10,3,10,0.31983581519663995,500,0.14999999999999999,False,False,"[{""validation_file"": ""PN10-1.edf"", ""train_files"": [""PN10-10.edf"", ""PN10-2.edf"", ""PN10-3.edf"", ""PN10-4.5.6.edf""]}, {""validation_file"": ""PN10-10.edf"", ""train_files"": [""PN10-1.edf"", ""PN10-2.edf"", ""PN10-3.edf"", ""PN10-4.5.6.edf""]}, {""validation_file"": ""PN10-2.edf"", ""train_files"": [""PN10-1.edf"", ""PN10-10.edf"", ""PN10-3.edf"", ""PN10-4.5.6.edf""]}, {""validation_file"": ""PN10-3.edf"", ""train_files"": [""PN10-1.edf"", ""PN10-10.edf"", ""PN10-2.edf"", ""PN10-4.5.6.edf""]}, {""validation_file"": ""PN10-4.5.6.edf"", ""train_files"": [""PN10-1.edf"", ""PN10-10.edf"", ""PN10-2.edf"", ""PN10-3.edf""]}]","[""PN10-1.edf"", ""PN10-10.edf"", ""PN10-2.edf"", ""PN10-3.edf"", ""PN10-4.5.6.edf""]",PN10,E0_LR,PN10-7.8.9.edf,nested
7,5,6,655,0,660,14778,52462,50,27,5,52380,0.7142857142857143,0.8571428571428571,45.017182130584196,2,5,5,10,6,10,3,10,0.28213058419243986,355,0.20000000000000001,False,False,"[{""validation_file"": ""PN10-1.edf"", ""train_files"": [""PN10-10.edf"", ""PN10-2.edf"", ""PN10-3.edf"", ""PN10-4.5.6.edf""]}, {""validation_file"": ""PN10-10.edf"", ""train_files"": [""PN10-1.edf"", ""PN10-2.edf"", ""PN10-3.edf"", ""PN10-4.5.6.edf""]}, {""validation_file"": ""PN10-2.edf"", ""train_files"": [""PN10-1.edf"", ""PN10-10.edf"", ""PN10-3.edf"", ""PN10-4.5.6.edf""]}, {""validation_file"": ""PN10-3.edf"", ""train_files"": [""PN10-1.edf"", ""PN10-10.edf"", ""PN10-2.edf"", ""PN10-4.5.6.edf""]}, {""validation_file"": ""PN10-4.5.6.edf"", ""train_files"": [""PN10-1.edf"", ""PN10-10.edf"", ""PN10-2.edf"", ""PN10-3.edf""]}]","[""PN10-1.edf"", ""PN10-10.edf"", ""PN10-2.edf"", ""PN10-3.edf"", ""PN10-4.5.6.edf""]",PN10,E0_LR,PN10-7.8.9.edf,nested
7,5,6,606,0,611,13418,52462,50,27,5,52380,0.7142857142857143,0.8571428571428571,41.649484536082475,2,5,5,10,6,10,3,10,0.25616647575410462,355,0.25,False,False,"[{""validation_file"": ""PN10-1.edf"", ""train_files"": [""PN10-10.edf"", ""PN10-2.edf"", ""PN10-3.edf"", ""PN10-4.5.6.edf""]}, {""validation_file"": ""PN10-10.edf"", ""train_files"": [""PN10-1.edf"", ""PN10-2.edf"", ""PN10-3.edf"", ""PN10-4.5.6.edf""]}, {""validation_file"": ""PN10-2.edf"", ""train_files"": [""PN10-1.edf"", ""PN10-10.edf"", ""PN10-3.edf"", ""PN10-4.5.6.edf""]}, {""validation_file"": ""PN10-3.edf"", ""train_files"": [""PN10-1.edf"", ""PN10-10.edf"", ""PN10-2.edf"", ""PN10-4.5.6.edf""]}, {""validation_file"": ""PN10-4.5.6.edf"", ""train_files"": [""PN10-1.edf"", ""PN10-10.edf"", ""PN10-2.edf"", ""PN10-3.edf""]}]","[""PN10-1.edf"", ""PN10-10.edf"", ""PN10-2.edf"", ""PN10-3.edf"", ""PN10-4.5.6.edf""]",PN10,E0_LR,PN10-7.8.9.edf,nested
7,6,6,547,0,553,12073,52462,50,27,5,52380,0.8571428571428571,0.8571428571428571,37.59450171821306,1,6,6,8,3.75,10,2,10,0.23048873615883925,350,0.29999999999999999,False,False,"[{""validation_file"": ""PN10-1.edf"", ""train_files"": [""PN10-10.edf"", ""PN10-2.edf"", ""PN10-3.edf"", ""PN10-4.5.6.edf""]}, {""validation_file"": ""PN10-10.edf"", ""train_files"": [""PN10-1.edf"", ""PN10-2.edf"", ""PN10-3.edf"", ""PN10-4.5.6.edf""]}, {""validation_file"": ""PN10-2.edf"", ""train_files"": [""PN10-1.edf"", ""PN10-10.edf"", ""PN10-3.edf"", ""PN10-4.5.6.edf""]}, {""validation_file"": ""PN10-3.edf"", ""train_files"": [""PN10-1.edf"", ""PN10-10.edf"", ""PN10-2.edf"", ""PN10-4.5.6.edf""]}, {""validation_file"": ""PN10-4.5.6.edf"", ""train_files"": [""PN10-1.edf"", ""PN10-10.edf"", ""PN10-2.edf"", ""PN10-3.edf""]}]","[""PN10-1.edf"", ""PN10-10.edf"", ""PN10-2.edf"", ""PN10-3.edf"", ""PN10-4.5.6.edf""]",PN10,E0_LR,PN10-7.8.9.edf,nested
7,6,6,501,0,507,11133,52462,50,27,5,52380,0.8571428571428571,0.8571428571428571,34.432989690721648,1,6,6,8,3.75,10,2,10,0.21254295532646048,350,0.34999999999999998,False,False,"[{""validation_file"": ""PN10-1.edf"", ""train_files"": [""PN10-10.edf"", ""PN10-2.edf"", ""PN10-3.edf"", ""PN10-4.5.6.edf""]}, {""validation_file"": ""PN10-10.edf"", ""train_files"": [""PN10-1.edf"", ""PN10-2.edf"", ""PN10-3.edf"", ""PN10-4.5.6.edf""]}, {""validation_file"": ""PN10-2.edf"", ""train_files"": [""PN10-1.edf"", ""PN10-10.edf"", ""PN10-3.edf"", ""PN10-4.5.6.edf""]}, {""validation_file"": ""PN10-3.edf"", ""train_files"": [""PN10-1.edf"", ""PN10-10.edf"", ""PN10-2.edf"", ""PN10-4.5.6.edf""]}, {""validation_file"": ""PN10-4.5.6.edf"", ""train_files"": [""PN10-1.edf"", ""PN10-10.edf"", ""PN10-2.edf"", ""PN10-3.edf""]}]","[""PN10-1.edf"", ""PN10-10.edf"", ""PN10-2.edf"", ""PN10-3.edf"", ""PN10-4.5.6.edf""]",PN10,E0_LR,PN10-7.8.9.edf,nested
7,6,6,458,0,464,10328,52462,50,27,5,52380,0.8571428571428571,0.8571428571428571,31.477663230240548,1,6,6,8,3.75,10,2,10,0.19717449408171059,350,0.40000000000000002,False,False,"[{""validation_file"": ""PN10-1.edf"", ""train_files"": [""PN10-10.edf"", ""PN10-2.edf"", ""PN10-3.edf"", ""PN10-4.5.6.edf""]}, {""validation_file"": ""PN10-10.edf"", ""train_files"": [""PN10-1.edf"", ""PN10-2.edf"", ""PN10-3.edf"", ""PN10-4.5.6.edf""]}, {""validation_file"": ""PN10-2.edf"", ""train_files"": [""PN10-1.edf"", ""PN10-10.edf"", ""PN10-3.edf"", ""PN10-4.5.6.edf""]}, {""validation_file"": ""PN10-3.edf"", ""train_files"": [""PN10-1.edf"", ""PN10-10.edf"", ""PN10-2.edf"", ""PN10-4.5.6.edf""]}, {""validation_file"": ""PN10-4.5.6.edf"", ""train_files"": [""PN10-1.edf"", ""PN10-10.edf"", ""PN10-2.edf"", ""PN10-3.edf""]}]","[""PN10-1.edf"", ""PN10-10.edf"", ""PN10-2.edf"", ""PN10-3.edf"", ""PN10-4.5.6.edf""]",PN10,E0_LR,PN10-7.8.9.edf,nested
7,6,6,430,0,436,9758,52462,50,27,5,52380,0.8571428571428571,0.8571428571428571,29.553264604810998,1,6,6,8,3.75,10,2,10,0.18629247804505536,335,0.45000000000000001,False,False,"[{""validation_file"": ""PN10-1.edf"", ""train_files"": [""PN10-10.edf"", ""PN10-2.edf"", ""PN10-3.edf"", ""PN10-4.5.6.edf""]}, {""validation_file"": ""PN10-10.edf"", ""train_files"": [""PN10-1.edf"", ""PN10-2.edf"", ""PN10-3.edf"", ""PN10-4.5.6.edf""]}, {""validation_file"": ""PN10-2.edf"", ""train_files"": [""PN10-1.edf"", ""PN10-10.edf"", ""PN10-3.edf"", ""PN10-4.5.6.edf""]}, {""validation_file"": ""PN10-3.edf"", ""train_files"": [""PN10-1.edf"", ""PN10-10.edf"", ""PN10-2.edf"", ""PN10-4.5.6.edf""]}, {""validation_file"": ""PN10-4.5.6.edf"", ""train_files"": [""PN10-1.edf"", ""PN10-10.edf"", ""PN10-2.edf"", ""PN10-3.edf""]}]","[""PN10-1.edf"", ""PN10-10.edf"", ""PN10-2.edf"", ""PN10-3.edf"", ""PN10-4.5.6.edf""]",PN10,E0_LR,PN10-7.8.9.edf,nested
7,6,6,404,0,410,9138,52462,50,27,5,52380,0.8571428571428571,0.8571428571428571,27.766323024054984,1,6,6,8,3.75,10,2,10,0.17445589919816723,335,0.5,False,False,"[{""validation_file"": ""PN10-1.edf"", ""train_files"": [""PN10-10.edf"", ""PN10-2.edf"", ""PN10-3.edf"", ""PN10-4.5.6.edf""]}, {""validation_file"": ""PN10-10.edf"", ""train_files"": [""PN10-1.edf"", ""PN10-2.edf"", ""PN10-3.edf"", ""PN10-4.5.6.edf""]}, {""validation_file"": ""PN10-2.edf"", ""train_files"": [""PN10-1.edf"", ""PN10-10.edf"", ""PN10-3.edf"", ""PN10-4.5.6.edf""]}, {""validation_file"": ""PN10-3.edf"", ""train_files"": [""PN10-1.edf"", ""PN10-10.edf"", ""PN10-2.edf"", ""PN10-4.5.6.edf""]}, {""validation_file"": ""PN10-4.5.6.edf"", ""train_files"": [""PN10-1.edf"", ""PN10-10.edf"", ""PN10-2.edf"", ""PN10-3.edf""]}]","[""PN10-1.edf"", ""PN10-10.edf"", ""PN10-2.edf"", ""PN10-3.edf"", ""PN10-4.5.6.edf""]",PN10,E0_LR,PN10-7.8.9.edf,nested
7,6,6,367,0,373,8503,52462,50,27,5,52380,0.8571428571428571,0.8571428571428571,25.223367697594501,1,6,6,8,3.75,10,2,10,0.16233295150820923,335,0.55000000000000004,False,False,"[{""validation_file"": ""PN10-1.edf"", ""train_files"": [""PN10-10.edf"", ""PN10-2.edf"", ""PN10-3.edf"", ""PN10-4.5.6.edf""]}, {""validation_file"": ""PN10-10.edf"", ""train_files"": [""PN10-1.edf"", ""PN10-2.edf"", ""PN10-3.edf"", ""PN10-4.5.6.edf""]}, {""validation_file"": ""PN10-2.edf"", ""train_files"": [""PN10-1.edf"", ""PN10-10.edf"", ""PN10-3.edf"", ""PN10-4.5.6.edf""]}, {""validation_file"": ""PN10-3.edf"", ""train_files"": [""PN10-1.edf"", ""PN10-10.edf"", ""PN10-2.edf"", ""PN10-4.5.6.edf""]}, {""validation_file"": ""PN10-4.5.6.edf"", ""train_files"": [""PN10-1.edf"", ""PN10-10.edf"", ""PN10-2.edf"", ""PN10-3.edf""]}]","[""PN10-1.edf"", ""PN10-10.edf"", ""PN10-2.edf"", ""PN10-3.edf"", ""PN10-4.5.6.edf""]",PN10,E0_LR,PN10-7.8.9.edf,nested
7,6,6,338,0,344,8063,52462,50,27,5,52380,0.8571428571428571,0.8571428571428571,23.230240549828178,1,6,6,8,3.75,10,2,10,0.1539327987781596,335,0.59999999999999998,False,False,"[{""validation_file"": ""PN10-1.edf"", ""train_files"": [""PN10-10.edf"", ""PN10-2.edf"", ""PN10-3.edf"", ""PN10-4.5.6.edf""]}, {""validation_file"": ""PN10-10.edf"", ""train_files"": [""PN10-1.edf"", ""PN10-2.edf"", ""PN10-3.edf"", ""PN10-4.5.6.edf""]}, {""validation_file"": ""PN10-2.edf"", ""train_files"": [""PN10-1.edf"", ""PN10-10.edf"", ""PN10-3.edf"", ""PN10-4.5.6.edf""]}, {""validation_file"": ""PN10-3.edf"", ""train_files"": [""PN10-1.edf"", ""PN10-10.edf"", ""PN10-2.edf"", ""PN10-4.5.6.edf""]}, {""validation_file"": ""PN10-4.5.6.edf"", ""train_files"": [""PN10-1.edf"", ""PN10-10.edf"", ""PN10-2.edf"", ""PN10-3.edf""]}]","[""PN10-1.edf"", ""PN10-10.edf"", ""PN10-2.edf"", ""PN10-3.edf"", ""PN10-4.5.6.edf""]",PN10,E0_LR,PN10-7.8.9.edf,nested
7,6,6,303,0,309,7508,52462,50,27,5,52380,0.8571428571428571,0.8571428571428571,20.824742268041238,1,6,6,8,3.75,10,2,10,0.14333715158457427,335,0.65000000000000002,False,False,"[{""validation_file"": ""PN10-1.edf"", ""train_files"": [""PN10-10.edf"", ""PN10-2.edf"", ""PN10-3.edf"", ""PN10-4.5.6.edf""]}, {""validation_file"": ""PN10-10.edf"", ""train_files"": [""PN10-1.edf"", ""PN10-2.edf"", ""PN10-3.edf"", ""PN10-4.5.6.edf""]}, {""validation_file"": ""PN10-2.edf"", ""train_files"": [""PN10-1.edf"", ""PN10-10.edf"", ""PN10-3.edf"", ""PN10-4.5.6.edf""]}, {""validation_file"": ""PN10-3.edf"", ""train_files"": [""PN10-1.edf"", ""PN10-10.edf"", ""PN10-2.edf"", ""PN10-4.5.6.edf""]}, {""validation_file"": ""PN10-4.5.6.edf"", ""train_files"": [""PN10-1.edf"", ""PN10-10.edf"", ""PN10-2.edf"", ""PN10-3.edf""]}]","[""PN10-1.edf"", ""PN10-10.edf"", ""PN10-2.edf"", ""PN10-3.edf"", ""PN10-4.5.6.edf""]",PN10,E0_LR,PN10-7.8.9.edf,nested
7,6,6,284,2,290,7035,52462,50,27,5,52380,0.8571428571428571,0.8571428571428571,19.518900343642613,1,6,6,8,3.75,10,2,10,0.1343069873997709,335,0.69999999999999996,False,False,"[{""validation_file"": ""PN10-1.edf"", ""train_files"": [""PN10-10.edf"", ""PN10-2.edf"", ""PN10-3.edf"", ""PN10-4.5.6.edf""]}, {""validation_file"": ""PN10-10.edf"", ""train_files"": [""PN10-1.edf"", ""PN10-2.edf"", ""PN10-3.edf"", ""PN10-4.5.6.edf""]}, {""validation_file"": ""PN10-2.edf"", ""train_files"": [""PN10-1.edf"", ""PN10-10.edf"", ""PN10-3.edf"", ""PN10-4.5.6.edf""]}, {""validation_file"": ""PN10-3.edf"", ""train_files"": [""PN10-1.edf"", ""PN10-10.edf"", ""PN10-2.edf"", ""PN10-4.5.6.edf""]}, {""validation_file"": ""PN10-4.5.6.edf"", ""train_files"": [""PN10-1.edf"", ""PN10-10.edf"", ""PN10-2.edf"", ""PN10-3.edf""]}]","[""PN10-1.edf"", ""PN10-10.edf"", ""PN10-2.edf"", ""PN10-3.edf"", ""PN10-4.5.6.edf""]",PN10,E0_LR,PN10-7.8.9.edf,nested
7,6,6,271,2,277,6665,52462,50,27,5,52380,0.8571428571428571,0.8571428571428571,18.625429553264606,1,6,6,8,3.75,10,2,10,0.12724322260404736,335,0.75,False,False,"[{""validation_file"": ""PN10-1.edf"", ""train_files"": [""PN10-10.edf"", ""PN10-2.edf"", ""PN10-3.edf"", ""PN10-4.5.6.edf""]}, {""validation_file"": ""PN10-10.edf"", ""train_files"": [""PN10-1.edf"", ""PN10-2.edf"", ""PN10-3.edf"", ""PN10-4.5.6.edf""]}, {""validation_file"": ""PN10-2.edf"", ""train_files"": [""PN10-1.edf"", ""PN10-10.edf"", ""PN10-3.edf"", ""PN10-4.5.6.edf""]}, {""validation_file"": ""PN10-3.edf"", ""train_files"": [""PN10-1.edf"", ""PN10-10.edf"", ""PN10-2.edf"", ""PN10-4.5.6.edf""]}, {""validation_file"": ""PN10-4.5.6.edf"", ""train_files"": [""PN10-1.edf"", ""PN10-10.edf"", ""PN10-2.edf"", ""PN10-3.edf""]}]","[""PN10-1.edf"", ""PN10-10.edf"", ""PN10-2.edf"", ""PN10-3.edf"", ""PN10-4.5.6.edf""]",PN10,E0_LR,PN10-7.8.9.edf,nested
7,6,6,249,2,255,6245,52462,50,27,5,52380,0.8571428571428571,0.8571428571428571,17.11340206185567,1,6,6,8,3.75,10,2,10,0.11922489499809087,335,0.80000000000000004,False,False,"[{""validation_file"": ""PN10-1.edf"", ""train_files"": [""PN10-10.edf"", ""PN10-2.edf"", ""PN10-3.edf"", ""PN10-4.5.6.edf""]}, {""validation_file"": ""PN10-10.edf"", ""train_files"": [""PN10-1.edf"", ""PN10-2.edf"", ""PN10-3.edf"", ""PN10-4.5.6.edf""]}, {""validation_file"": ""PN10-2.edf"", ""train_files"": [""PN10-1.edf"", ""PN10-10.edf"", ""PN10-3.edf"", ""PN10-4.5.6.edf""]}, {""validation_file"": ""PN10-3.edf"", ""train_files"": [""PN10-1.edf"", ""PN10-10.edf"", ""PN10-2.edf"", ""PN10-4.5.6.edf""]}, {""validation_file"": ""PN10-4.5.6.edf"", ""train_files"": [""PN10-1.edf"", ""PN10-10.edf"", ""PN10-2.edf"", ""PN10-3.edf""]}]","[""PN10-1.edf"", ""PN10-10.edf"", ""PN10-2.edf"", ""PN10-3.edf"", ""PN10-4.5.6.edf""]",PN10,E0_LR,PN10-7.8.9.edf,nested
7,6,6,218,2,224,5725,52462,50,27,5,52380,0.8571428571428571,0.8571428571428571,14.982817869415808,1,6,6,8,3.75,10,2,10,0.10929744177166857,335,0.84999999999999998,False,False,"[{""validation_file"": ""PN10-1.edf"", ""train_files"": [""PN10-10.edf"", ""PN10-2.edf"", ""PN10-3.edf"", ""PN10-4.5.6.edf""]}, {""validation_file"": ""PN10-10.edf"", ""train_files"": [""PN10-1.edf"", ""PN10-2.edf"", ""PN10-3.edf"", ""PN10-4.5.6.edf""]}, {""validation_file"": ""PN10-2.edf"", ""train_files"": [""PN10-1.edf"", ""PN10-10.edf"", ""PN10-3.edf"", ""PN10-4.5.6.edf""]}, {""validation_file"": ""PN10-3.edf"", ""train_files"": [""PN10-1.edf"", ""PN10-10.edf"", ""PN10-2.edf"", ""PN10-4.5.6.edf""]}, {""validation_file"": ""PN10-4.5.6.edf"", ""train_files"": [""PN10-1.edf"", ""PN10-10.edf"", ""PN10-2.edf"", ""PN10-3.edf""]}]","[""PN10-1.edf"", ""PN10-10.edf"", ""PN10-2.edf"", ""PN10-3.edf"", ""PN10-4.5.6.edf""]",PN10,E0_LR,PN10-7.8.9.edf,nested
7,6,6,193,2,199,5165,52462,50,27,5,52380,0.8571428571428571,0.8571428571428571,13.264604810996564,1,6,6,9,6.5,10,2,10,0.098606338297059948,335,0.90000000000000002,False,False,"[{""validation_file"": ""PN10-1.edf"", ""train_files"": [""PN10-10.edf"", ""PN10-2.edf"", ""PN10-3.edf"", ""PN10-4.5.6.edf""]}, {""validation_file"": ""PN10-10.edf"", ""train_files"": [""PN10-1.edf"", ""PN10-2.edf"", ""PN10-3.edf"", ""PN10-4.5.6.edf""]}, {""validation_file"": ""PN10-2.edf"", ""train_files"": [""PN10-1.edf"", ""PN10-10.edf"", ""PN10-3.edf"", ""PN10-4.5.6.edf""]}, {""validation_file"": ""PN10-3.edf"", ""train_files"": [""PN10-1.edf"", ""PN10-10.edf"", ""PN10-2.edf"", ""PN10-4.5.6.edf""]}, {""validation_file"": ""PN10-4.5.6.edf"", ""train_files"": [""PN10-1.edf"", ""PN10-10.edf"", ""PN10-2.edf"", ""PN10-3.edf""]}]","[""PN10-1.edf"", ""PN10-10.edf"", ""PN10-2.edf"", ""PN10-3.edf"", ""PN10-4.5.6.edf""]",PN10,E0_LR,PN10-7.8.9.edf,nested
7,6,6,172,2,178,4665,52462,50,27,5,52380,0.8571428571428571,0.8571428571428571,11.821305841924399,1,6,6,10,8.5,10,2,11,0.089060710194730816,335,0.94999999999999996,False,False,"[{""validation_file"": ""PN10-1.edf"", ""train_files"": [""PN10-10.edf"", ""PN10-2.edf"", ""PN10-3.edf"", ""PN10-4.5.6.edf""]}, {""validation_file"": ""PN10-10.edf"", ""train_files"": [""PN10-1.edf"", ""PN10-2.edf"", ""PN10-3.edf"", ""PN10-4.5.6.edf""]}, {""validation_file"": ""PN10-2.edf"", ""train_files"": [""PN10-1.edf"", ""PN10-10.edf"", ""PN10-3.edf"", ""PN10-4.5.6.edf""]}, {""validation_file"": ""PN10-3.edf"", ""train_files"": [""PN10-1.edf"", ""PN10-10.edf"", ""PN10-2.edf"", ""PN10-4.5.6.edf""]}, {""validation_file"": ""PN10-4.5.6.edf"", ""train_files"": [""PN10-1.edf"", ""PN10-10.edf"", ""PN10-2.edf"", ""PN10-3.edf""]}]","[""PN10-1.edf"", ""PN10-10.edf"", ""PN10-2.edf"", ""PN10-3.edf"", ""PN10-4.5.6.edf""]",PN10,E0_LR,PN10-7.8.9.edf,nested
7,0,0,0,0,0,0,52462,50,27,5,52380,0,0,0,7,0,0,,,,,,0,0,1.01,True,True,"[{""validation_file"": ""PN10-1.edf"", ""train_files"": [""PN10-10.edf"", ""PN10-2.edf"", ""PN10-3.edf"", ""PN10-4.5.6.edf""]}, {""validation_file"": ""PN10-10.edf"", ""train_files"": [""PN10-1.edf"", ""PN10-2.edf"", ""PN10-3.edf"", ""PN10-4.5.6.edf""]}, {""validation_file"": ""PN10-2.edf"", ""train_files"": [""PN10-1.edf"", ""PN10-10.edf"", ""PN10-3.edf"", ""PN10-4.5.6.edf""]}, {""validation_file"": ""PN10-3.edf"", ""train_files"": [""PN10-1.edf"", ""PN10-10.edf"", ""PN10-2.edf"", ""PN10-4.5.6.edf""]}, {""validation_file"": ""PN10-4.5.6.edf"", ""train_files"": [""PN10-1.edf"", ""PN10-10.edf"", ""PN10-2.edf"", ""PN10-3.edf""]}]","[""PN10-1.edf"", ""PN10-10.edf"", ""PN10-2.edf"", ""PN10-3.edf"", ""PN10-4.5.6.edf""]",PN10,E0_LR,PN10-7.8.9.edf,nested
9,6,8,974,0,980,24703,57435,50,27,110,57248,0.66666666666666663,0.88888888888888884,61.249301285634431,3,6,6,6.5,6,9.25,2,10,0.43150852431525993,355,0.050000000000000003,False,False,"[{""validation_file"": ""PN10-10.edf"", ""train_files"": [""PN10-2.edf"", ""PN10-3.edf"", ""PN10-4.5.6.edf"", ""PN10-7.8.9.edf""]}, {""validation_file"": ""PN10-2.edf"", ""train_files"": [""PN10-10.edf"", ""PN10-3.edf"", ""PN10-4.5.6.edf"", ""PN10-7.8.9.edf""]}, {""validation_file"": ""PN10-3.edf"", ""train_files"": [""PN10-10.edf"", ""PN10-2.edf"", ""PN10-4.5.6.edf"", ""PN10-7.8.9.edf""]}, {""validation_file"": ""PN10-4.5.6.edf"", ""train_files"": [""PN10-10.edf"", ""PN10-2.edf"", ""PN10-3.edf"", ""PN10-7.8.9.edf""]}, {""validation_file"": ""PN10-7.8.9.edf"", ""train_files"": [""PN10-10.edf"", ""PN10-2.edf"", ""PN10-3.edf"", ""PN10-4.5.6.edf""]}]","[""PN10-10.edf"", ""PN10-2.edf"", ""PN10-3.edf"", ""PN10-4.5.6.edf"", ""PN10-7.8.9.edf""]",PN10,E1_RF,PN10-1.edf,nested
9,8,8,677,0,685,12205,57435,50,27,110,57248,0.88888888888888884,0.88888888888888884,42.572666294019008,1,8,8,6.5,5.25,7.75,2,10,0.21319522079373951,135,0.10000000000000001,False,False,"[{""validation_file"": ""PN10-10.edf"", ""train_files"": [""PN10-2.edf"", ""PN10-3.edf"", ""PN10-4.5.6.edf"", ""PN10-7.8.9.edf""]}, {""validation_file"": ""PN10-2.edf"", ""train_files"": [""PN10-10.edf"", ""PN10-3.edf"", ""PN10-4.5.6.edf"", ""PN10-7.8.9.edf""]}, {""validation_file"": ""PN10-3.edf"", ""train_files"": [""PN10-10.edf"", ""PN10-2.edf"", ""PN10-4.5.6.edf"", ""PN10-7.8.9.edf""]}, {""validation_file"": ""PN10-4.5.6.edf"", ""train_files"": [""PN10-10.edf"", ""PN10-2.edf"", ""PN10-3.edf"", ""PN10-7.8.9.edf""]}, {""validation_file"": ""PN10-7.8.9.edf"", ""train_files"": [""PN10-10.edf"", ""PN10-2.edf"", ""PN10-3.edf"", ""PN10-4.5.6.edf""]}]","[""PN10-10.edf"", ""PN10-2.edf"", ""PN10-3.edf"", ""PN10-4.5.6.edf"", ""PN10-7.8.9.edf""]",PN10,E1_RF,PN10-1.edf,nested
9,8,8,445,0,453,6945,57435,50,27,110,57248,0.88888888888888884,0.88888888888888884,27.983510340972611,1,8,8,6.5,5.25,7.75,2,10,0.12131428172163219,135,0.14999999999999999,False,False,"[{""validation_file"": ""PN10-10.edf"", ""train_files"": [""PN10-2.edf"", ""PN10-3.edf"", ""PN10-4.5.6.edf"", ""PN10-7.8.9.edf""]}, {""validation_file"": ""PN10-2.edf"", ""train_files"": [""PN10-10.edf"", ""PN10-3.edf"", ""PN10-4.5.6.edf"", ""PN10-7.8.9.edf""]}, {""validation_file"": ""PN10-3.edf"", ""train_files"": [""PN10-10.edf"", ""PN10-2.edf"", ""PN10-4.5.6.edf"", ""PN10-7.8.9.edf""]}, {""validation_file"": ""PN10-4.5.6.edf"", ""train_files"": [""PN10-10.edf"", ""PN10-2.edf"", ""PN10-3.edf"", ""PN10-7.8.9.edf""]}, {""validation_file"": ""PN10-7.8.9.edf"", ""train_files"": [""PN10-10.edf"", ""PN10-2.edf"", ""PN10-3.edf"", ""PN10-4.5.6.edf""]}]","[""PN10-10.edf"", ""PN10-2.edf"", ""PN10-3.edf"", ""PN10-4.5.6.edf"", ""PN10-7.8.9.edf""]",PN10,E1_RF,PN10-1.edf,nested
9,8,8,271,0,279,4235,57435,50,27,110,57248,0.88888888888888884,0.88888888888888884,17.041643376187814,1,8,8,6.5,5.25,7.75,2,10,0.073976383454443823,135,0.20000000000000001,False,False,"[{""validation_file"": ""PN10-10.edf"", ""train_files"": [""PN10-2.edf"", ""PN10-3.edf"", ""PN10-4.5.6.edf"", ""PN10-7.8.9.edf""]}, {""validation_file"": ""PN10-2.edf"", ""train_files"": [""PN10-10.edf"", ""PN10-3.edf"", ""PN10-4.5.6.edf"", ""PN10-7.8.9.edf""]}, {""validation_file"": ""PN10-3.edf"", ""train_files"": [""PN10-10.edf"", ""PN10-2.edf"", ""PN10-4.5.6.edf"", ""PN10-7.8.9.edf""]}, {""validation_file"": ""PN10-4.5.6.edf"", ""train_files"": [""PN10-10.edf"", ""PN10-2.edf"", ""PN10-3.edf"", ""PN10-7.8.9.edf""]}, {""validation_file"": ""PN10-7.8.9.edf"", ""train_files"": [""PN10-10.edf"", ""PN10-2.edf"", ""PN10-3.edf"", ""PN10-4.5.6.edf""]}]","[""PN10-10.edf"", ""PN10-2.edf"", ""PN10-3.edf"", ""PN10-4.5.6.edf"", ""PN10-7.8.9.edf""]",PN10,E1_RF,PN10-1.edf,nested
9,8,8,192,0,200,3045,57435,50,27,110,57248,0.88888888888888884,0.88888888888888884,12.073784237003913,1,8,8,6.5,5.25,7.75,2,10,0.053189631078814983,85,0.25,False,False,"[{""validation_file"": ""PN10-10.edf"", ""train_files"": [""PN10-2.edf"", ""PN10-3.edf"", ""PN10-4.5.6.edf"", ""PN10-7.8.9.edf""]}, {""validation_file"": ""PN10-2.edf"", ""train_files"": [""PN10-10.edf"", ""PN10-3.edf"", ""PN10-4.5.6.edf"", ""PN10-7.8.9.edf""]}, {""validation_file"": ""PN10-3.edf"", ""train_files"": [""PN10-10.edf"", ""PN10-2.edf"", ""PN10-4.5.6.edf"", ""PN10-7.8.9.edf""]}, {""validation_file"": ""PN10-4.5.6.edf"", ""train_files"": [""PN10-10.edf"", ""PN10-2.edf"", ""PN10-3.edf"", ""PN10-7.8.9.edf""]}, {""validation_file"": ""PN10-7.8.9.edf"", ""train_files"": [""PN10-10.edf"", ""PN10-2.edf"", ""PN10-3.edf"", ""PN10-4.5.6.edf""]}]","[""PN10-10.edf"", ""PN10-2.edf"", ""PN10-3.edf"", ""PN10-4.5.6.edf"", ""PN10-7.8.9.edf""]",PN10,E1_RF,PN10-1.edf,nested
9,8,8,152,0,160,2360,57435,50,27,110,57248,0.88888888888888884,0.88888888888888884,9.558412520961431,1,8,8,6.5,5.25,7.75,2,10,0.041224147568474007,85,0.29999999999999999,False,False,"[{""validation_file"": ""PN10-10.edf"", ""train_files"": [""PN10-2.edf"", ""PN10-3.edf"", ""PN10-4.5.6.edf"", ""PN10-7.8.9.edf""]}, {""validation_file"": ""PN10-2.edf"", ""train_files"": [""PN10-10.edf"", ""PN10-3.edf"", ""PN10-4.5.6.edf"", ""PN10-7.8.9.edf""]}, {""validation_file"": ""PN10-3.edf"", ""train_files"": [""PN10-10.edf"", ""PN10-2.edf"", ""PN10-4.5.6.edf"", ""PN10-7.8.9.edf""]}, {""validation_file"": ""PN10-4.5.6.edf"", ""train_files"": [""PN10-10.edf"", ""PN10-2.edf"", ""PN10-3.edf"", ""PN10-7.8.9.edf""]}, {""validation_file"": ""PN10-7.8.9.edf"", ""train_files"": [""PN10-10.edf"", ""PN10-2.edf"", ""PN10-3.edf"", ""PN10-4.5.6.edf""]}]","[""PN10-10.edf"", ""PN10-2.edf"", ""PN10-3.edf"", ""PN10-4.5.6.edf"", ""PN10-7.8.9.edf""]",PN10,E1_RF,PN10-1.edf,nested
9,8,8,116,0,124,1875,57435,50,27,110,57248,0.88888888888888884,0.88888888888888884,7.2945779765231977,1,8,8,7,6,8.5,2,10,0.032752235885969816,85,0.34999999999999998,False,False,"[{""validation_file"": ""PN10-10.edf"", ""train_files"": [""PN10-2.edf"", ""PN10-3.edf"", ""PN10-4.5.6.edf"", ""PN10-7.8.9.edf""]}, {""validation_file"": ""PN10-2.edf"", ""train_files"": [""PN10-10.edf"", ""PN10-3.edf"", ""PN10-4.5.6.edf"", ""PN10-7.8.9.edf""]}, {""validation_file"": ""PN10-3.edf"", ""train_files"": [""PN10-10.edf"", ""PN10-2.edf"", ""PN10-4.5.6.edf"", ""PN10-7.8.9.edf""]}, {""validation_file"": ""PN10-4.5.6.edf"", ""train_files"": [""PN10-10.edf"", ""PN10-2.edf"", ""PN10-3.edf"", ""PN10-7.8.9.edf""]}, {""validation_file"": ""PN10-7.8.9.edf"", ""train_files"": [""PN10-10.edf"", ""PN10-2.edf"", ""PN10-3.edf"", ""PN10-4.5.6.edf""]}]","[""PN10-10.edf"", ""PN10-2.edf"", ""PN10-3.edf"", ""PN10-4.5.6.edf"", ""PN10-7.8.9.edf""]",PN10,E1_RF,PN10-1.edf,nested
9,8,8,88,0,96,1495,57435,50,27,110,57248,0.88888888888888884,0.88888888888888884,5.5338177752934596,1,8,8,7.5,7,10.25,6,15,0.026114449413079933,65,0.40000000000000002,False,False,"[{""validation_file"": ""PN10-10.edf"", ""train_files"": [""PN10-2.edf"", ""PN10-3.edf"", ""PN10-4.5.6.edf"", ""PN10-7.8.9.edf""]}, {""validation_file"": ""PN10-2.edf"", ""train_files"": [""PN10-10.edf"", ""PN10-3.edf"", ""PN10-4.5.6.edf"", ""PN10-7.8.9.edf""]}, {""validation_file"": ""PN10-3.edf"", ""train_files"": [""PN10-10.edf"", ""PN10-2.edf"", ""PN10-4.5.6.edf"", ""PN10-7.8.9.edf""]}, {""validation_file"": ""PN10-4.5.6.edf"", ""train_files"": [""PN10-10.edf"", ""PN10-2.edf"", ""PN10-3.edf"", ""PN10-7.8.9.edf""]}, {""validation_file"": ""PN10-7.8.9.edf"", ""train_files"": [""PN10-10.edf"", ""PN10-2.edf"", ""PN10-3.edf"", ""PN10-4.5.6.edf""]}]","[""PN10-10.edf"", ""PN10-2.edf"", ""PN10-3.edf"", ""PN10-4.5.6.edf"", ""PN10-7.8.9.edf""]",PN10,E1_RF,PN10-1.edf,nested
9,8,8,73,0,81,1275,57435,50,27,110,57248,0.88888888888888884,0.88888888888888884,4.5905533817775295,1,8,8,7.5,7,10.25,6,15,0.022271520402459475,65,0.45000000000000001,False,False,"[{""validation_file"": ""PN10-10.edf"", ""train_files"": [""PN10-2.edf"", ""PN10-3.edf"", ""PN10-4.5.6.edf"", ""PN10-7.8.9.edf""]}, {""validation_file"": ""PN10-2.edf"", ""train_files"": [""PN10-10.edf"", ""PN10-3.edf"", ""PN10-4.5.6.edf"", ""PN10-7.8.9.edf""]}, {""validation_file"": ""PN10-3.edf"", ""train_files"": [""PN10-10.edf"", ""PN10-2.edf"", ""PN10-4.5.6.edf"", ""PN10-7.8.9.edf""]}, {""validation_file"": ""PN10-4.5.6.edf"", ""train_files"": [""PN10-10.edf"", ""PN10-2.edf"", ""PN10-3.edf"", ""PN10-7.8.9.edf""]}, {""validation_file"": ""PN10-7.8.9.edf"", ""train_files"": [""PN10-10.edf"", ""PN10-2.edf"", ""PN10-3.edf"", ""PN10-4.5.6.edf""]}]","[""PN10-10.edf"", ""PN10-2.edf"", ""PN10-3.edf"", ""PN10-4.5.6.edf"", ""PN10-7.8.9.edf""]",PN10,E1_RF,PN10-1.edf,nested
9,8,8,63,0,71,1135,57435,50,27,110,57248,0.88888888888888884,0.88888888888888884,3.9617104527669089,1,8,8,7.5,7,10.25,6,15,0.019826020122973728,65,0.5,False,False,"[{""validation_file"": ""PN10-10.edf"", ""train_files"": [""PN10-2.edf"", ""PN10-3.edf"", ""PN10-4.5.6.edf"", ""PN10-7.8.9.edf""]}, {""validation_file"": ""PN10-2.edf"", ""train_files"": [""PN10-10.edf"", ""PN10-3.edf"", ""PN10-4.5.6.edf"", ""PN10-7.8.9.edf""]}, {""validation_file"": ""PN10-3.edf"", ""train_files"": [""PN10-10.edf"", ""PN10-2.edf"", ""PN10-4.5.6.edf"", ""PN10-7.8.9.edf""]}, {""validation_file"": ""PN10-4.5.6.edf"", ""train_files"": [""PN10-10.edf"", ""PN10-2.edf"", ""PN10-3.edf"", ""PN10-7.8.9.edf""]}, {""validation_file"": ""PN10-7.8.9.edf"", ""train_files"": [""PN10-10.edf"", ""PN10-2.edf"", ""PN10-3.edf"", ""PN10-4.5.6.edf""]}]","[""PN10-10.edf"", ""PN10-2.edf"", ""PN10-3.edf"", ""PN10-4.5.6.edf"", ""PN10-7.8.9.edf""]",PN10,E1_RF,PN10-1.edf,nested
9,8,8,57,0,65,1055,57435,50,27,110,57248,0.88888888888888884,0.88888888888888884,3.5844046953605364,1,8,8,9,7,11,7,15,0.018428591391839017,65,0.55000000000000004,False,False,"[{""validation_file"": ""PN10-10.edf"", ""train_files"": [""PN10-2.edf"", ""PN10-3.edf"", ""PN10-4.5.6.edf"", ""PN10-7.8.9.edf""]}, {""validation_file"": ""PN10-2.edf"", ""train_files"": [""PN10-10.edf"", ""PN10-3.edf"", ""PN10-4.5.6.edf"", ""PN10-7.8.9.edf""]}, {""validation_file"": ""PN10-3.edf"", ""train_files"": [""PN10-10.edf"", ""PN10-2.edf"", ""PN10-4.5.6.edf"", ""PN10-7.8.9.edf""]}, {""validation_file"": ""PN10-4.5.6.edf"", ""train_files"": [""PN10-10.edf"", ""PN10-2.edf"", ""PN10-3.edf"", ""PN10-7.8.9.edf""]}, {""validation_file"": ""PN10-7.8.9.edf"", ""train_files"": [""PN10-10.edf"", ""PN10-2.edf"", ""PN10-3.edf"", ""PN10-4.5.6.edf""]}]","[""PN10-10.edf"", ""PN10-2.edf"", ""PN10-3.edf"", ""PN10-4.5.6.edf"", ""PN10-7.8.9.edf""]",PN10,E1_RF,PN10-1.edf,nested
9,8,8,53,1,61,955,57435,50,27,110,57248,0.88888888888888884,0.88888888888888884,3.3328675237562884,1,8,8,11,7.75,15,7,17,0.016681805477920628,65,0.59999999999999998,False,False,"[{""validation_file"": ""PN10-10.edf"", ""train_files"": [""PN10-2.edf"", ""PN10-3.edf"", ""PN10-4.5.6.edf"", ""PN10-7.8.9.edf""]}, {""validation_file"": ""PN10-2.edf"", ""train_files"": [""PN10-10.edf"", ""PN10-3.edf"", ""PN10-4.5.6.edf"", ""PN10-7.8.9.edf""]}, {""validation_file"": ""PN10-3.edf"", ""train_files"": [""PN10-10.edf"", ""PN10-2.edf"", ""PN10-4.5.6.edf"", ""PN10-7.8.9.edf""]}, {""validation_file"": ""PN10-4.5.6.edf"", ""train_files"": [""PN10-10.edf"", ""PN10-2.edf"", ""PN10-3.edf"", ""PN10-7.8.9.edf""]}, {""validation_file"": ""PN10-7.8.9.edf"", ""train_files"": [""PN10-10.edf"", ""PN10-2.edf"", ""PN10-3.edf"", ""PN10-4.5.6.edf""]}]","[""PN10-10.edf"", ""PN10-2.edf"", ""PN10-3.edf"", ""PN10-4.5.6.edf"", ""PN10-7.8.9.edf""]",PN10,E1_RF,PN10-1.edf,nested
9,7,7,47,1,54,825,57435,50,27,110,57248,0.77777777777777779,0.77777777777777779,2.9555617663499163,2,7,7,11,9.5,18.5,7,30,0.014410983789826718,50,0.65000000000000002,False,False,"[{""validation_file"": ""PN10-10.edf"", ""train_files"": [""PN10-2.edf"", ""PN10-3.edf"", ""PN10-4.5.6.edf"", ""PN10-7.8.9.edf""]}, {""validation_file"": ""PN10-2.edf"", ""train_files"": [""PN10-10.edf"", ""PN10-3.edf"", ""PN10-4.5.6.edf"", ""PN10-7.8.9.edf""]}, {""validation_file"": ""PN10-3.edf"", ""train_files"": [""PN10-10.edf"", ""PN10-2.edf"", ""PN10-4.5.6.edf"", ""PN10-7.8.9.edf""]}, {""validation_file"": ""PN10-4.5.6.edf"", ""train_files"": [""PN10-10.edf"", ""PN10-2.edf"", ""PN10-3.edf"", ""PN10-7.8.9.edf""]}, {""validation_file"": ""PN10-7.8.9.edf"", ""train_files"": [""PN10-10.edf"", ""PN10-2.edf"", ""PN10-3.edf"", ""PN10-4.5.6.edf""]}]","[""PN10-10.edf"", ""PN10-2.edf"", ""PN10-3.edf"", ""PN10-4.5.6.edf"", ""PN10-7.8.9.edf""]",PN10,E1_RF,PN10-1.edf,nested
9,7,7,43,0,50,710,57435,50,27,110,57248,0.77777777777777779,0.77777777777777779,2.7040245947456678,2,7,7,12,11,27.5,8,32,0.01240217998882057,50,0.69999999999999996,False,False,"[{""validation_file"": ""PN10-10.edf"", ""train_files"": [""PN10-2.edf"", ""PN10-3.edf"", ""PN10-4.5.6.edf"", ""PN10-7.8.9.edf""]}, {""validation_file"": ""PN10-2.edf"", ""train_files"": [""PN10-10.edf"", ""PN10-3.edf"", ""PN10-4.5.6.edf"", ""PN10-7.8.9.edf""]}, {""validation_file"": ""PN10-3.edf"", ""train_files"": [""PN10-10.edf"", ""PN10-2.edf"", ""PN10-4.5.6.edf"", ""PN10-7.8.9.edf""]}, {""validation_file"": ""PN10-4.5.6.edf"", ""train_files"": [""PN10-10.edf"", ""PN10-2.edf"", ""PN10-3.edf"", ""PN10-7.8.9.edf""]}, {""validation_file"": ""PN10-7.8.9.edf"", ""train_files"": [""PN10-10.edf"", ""PN10-2.edf"", ""PN10-3.edf"", ""PN10-4.5.6.edf""]}]","[""PN10-10.edf"", ""PN10-2.edf"", ""PN10-3.edf"", ""PN10-4.5.6.edf"", ""PN10-7.8.9.edf""]",PN10,E1_RF,PN10-1.edf,nested
9,7,7,34,0,41,585,57435,50,27,110,57248,0.77777777777777779,0.77777777777777779,2.1380659586361097,2,7,7,12,11,30,8,32,0.010218697596422582,50,0.75,False,False,"[{""validation_file"": ""PN10-10.edf"", ""train_files"": [""PN10-2.edf"", ""PN10-3.edf"", ""PN10-4.5.6.edf"", ""PN10-7.8.9.edf""]}, {""validation_file"": ""PN10-2.edf"", ""train_files"": [""PN10-10.edf"", ""PN10-3.edf"", ""PN10-4.5.6.edf"", ""PN10-7.8.9.edf""]}, {""validation_file"": ""PN10-3.edf"", ""train_files"": [""PN10-10.edf"", ""PN10-2.edf"", ""PN10-4.5.6.edf"", ""PN10-7.8.9.edf""]}, {""validation_file"": ""PN10-4.5.6.edf"", ""train_files"": [""PN10-10.edf"", ""PN10-2.edf"", ""PN10-3.edf"", ""PN10-7.8.9.edf""]}, {""validation_file"": ""PN10-7.8.9.edf"", ""train_files"": [""PN10-10.edf"", ""PN10-2.edf"", ""PN10-3.edf"", ""PN10-4.5.6.edf""]}]","[""PN10-10.edf"", ""PN10-2.edf"", ""PN10-3.edf"", ""PN10-4.5.6.edf"", ""PN10-7.8.9.edf""]",PN10,E1_RF,PN10-1.edf,nested
9,7,7,26,0,33,450,57435,50,27,110,57248,0.77777777777777779,0.77777777777777779,1.6349916154276132,2,7,7,12,11,30,8,32,0.0078605366126327566,50,0.80000000000000004,False,False,"[{""validation_file"": ""PN10-10.edf"", ""train_files"": [""PN10-2.edf"", ""PN10-3.edf"", ""PN10-4.5.6.edf"", ""PN10-7.8.9.edf""]}, {""validation_file"": ""PN10-2.edf"", ""train_files"": [""PN10-10.edf"", ""PN10-3.edf"", ""PN10-4.5.6.edf"", ""PN10-7.8.9.edf""]}, {""validation_file"": ""PN10-3.edf"", ""train_files"": [""PN10-10.edf"", ""PN10-2.edf"", ""PN10-4.5.6.edf"", ""PN10-7.8.9.edf""]}, {""validation_file"": ""PN10-4.5.6.edf"", ""train_files"": [""PN10-10.edf"", ""PN10-2.edf"", ""PN10-3.edf"", ""PN10-7.8.9.edf""]}, {""validation_file"": ""PN10-7.8.9.edf"", ""train_files"": [""PN10-10.edf"", ""PN10-2.edf"", ""PN10-3.edf"", ""PN10-4.5.6.edf""]}]","[""PN10-10.edf"", ""PN10-2.edf"", ""PN10-3.edf"", ""PN10-4.5.6.edf"", ""PN10-7.8.9.edf""]",PN10,E1_RF,PN10-1.edf,nested
9,7,7,20,0,27,370,57435,50,27,110,57248,0.77777777777777779,0.77777777777777779,1.2576858580212409,2,7,7,12,11,30,8,32,0.0064631078814980439,50,0.84999999999999998,False,False,"[{""validation_file"": ""PN10-10.edf"", ""train_files"": [""PN10-2.edf"", ""PN10-3.edf"", ""PN10-4.5.6.edf"", ""PN10-7.8.9.edf""]}, {""validation_file"": ""PN10-2.edf"", ""train_files"": [""PN10-10.edf"", ""PN10-3.edf"", ""PN10-4.5.6.edf"", ""PN10-7.8.9.edf""]}, {""validation_file"": ""PN10-3.edf"", ""train_files"": [""PN10-10.edf"", ""PN10-2.edf"", ""PN10-4.5.6.edf"", ""PN10-7.8.9.edf""]}, {""validation_file"": ""PN10-4.5.6.edf"", ""train_files"": [""PN10-10.edf"", ""PN10-2.edf"", ""PN10-3.edf"", ""PN10-7.8.9.edf""]}, {""validation_file"": ""PN10-7.8.9.edf"", ""train_files"": [""PN10-10.edf"", ""PN10-2.edf"", ""PN10-3.edf"", ""PN10-4.5.6.edf""]}]","[""PN10-10.edf"", ""PN10-2.edf"", ""PN10-3.edf"", ""PN10-4.5.6.edf"", ""PN10-7.8.9.edf""]",PN10,E1_RF,PN10-1.edf,nested
9,5,5,11,2,16,205,57435,50,27,110,57248,0.55555555555555558,0.55555555555555558,0.69172722191168245,4,5,5,30,11,30,11,32,0.0035809111235326997,30,0.90000000000000002,True,True,"[{""validation_file"": ""PN10-10.edf"", ""train_files"": [""PN10-2.edf"", ""PN10-3.edf"", ""PN10-4.5.6.edf"", ""PN10-7.8.9.edf""]}, {""validation_file"": ""PN10-2.edf"", ""train_files"": [""PN10-10.edf"", ""PN10-3.edf"", ""PN10-4.5.6.edf"", ""PN10-7.8.9.edf""]}, {""validation_file"": ""PN10-3.edf"", ""train_files"": [""PN10-10.edf"", ""PN10-2.edf"", ""PN10-4.5.6.edf"", ""PN10-7.8.9.edf""]}, {""validation_file"": ""PN10-4.5.6.edf"", ""train_files"": [""PN10-10.edf"", ""PN10-2.edf"", ""PN10-3.edf"", ""PN10-7.8.9.edf""]}, {""validation_file"": ""PN10-7.8.9.edf"", ""train_files"": [""PN10-10.edf"", ""PN10-2.edf"", ""PN10-3.edf"", ""PN10-4.5.6.edf""]}]","[""PN10-10.edf"", ""PN10-2.edf"", ""PN10-3.edf"", ""PN10-4.5.6.edf"", ""PN10-7.8.9.edf""]",PN10,E1_RF,PN10-1.edf,nested
9,3,3,3,2,6,85,57435,50,27,110,57248,0.33333333333333331,0.33333333333333331,0.18865287870318614,6,3,3,30,30,33.5,30,37,0.0014847680268306317,25,0.94999999999999996,True,False,"[{""validation_file"": ""PN10-10.edf"", ""train_files"": [""PN10-2.edf"", ""PN10-3.edf"", ""PN10-4.5.6.edf"", ""PN10-7.8.9.edf""]}, {""validation_file"": ""PN10-2.edf"", ""train_files"": [""PN10-10.edf"", ""PN10-3.edf"", ""PN10-4.5.6.edf"", ""PN10-7.8.9.edf""]}, {""validation_file"": ""PN10-3.edf"", ""train_files"": [""PN10-10.edf"", ""PN10-2.edf"", ""PN10-4.5.6.edf"", ""PN10-7.8.9.edf""]}, {""validation_file"": ""PN10-4.5.6.edf"", ""train_files"": [""PN10-10.edf"", ""PN10-2.edf"", ""PN10-3.edf"", ""PN10-7.8.9.edf""]}, {""validation_file"": ""PN10-7.8.9.edf"", ""train_files"": [""PN10-10.edf"", ""PN10-2.edf"", ""PN10-3.edf"", ""PN10-4.5.6.edf""]}]","[""PN10-10.edf"", ""PN10-2.edf"", ""PN10-3.edf"", ""PN10-4.5.6.edf"", ""PN10-7.8.9.edf""]",PN10,E1_RF,PN10-1.edf,nested
9,0,0,0,0,0,0,57435,50,27,110,57248,0,0,0,9,0,0,,,,,,0,0,1.01,True,False,"[{""validation_file"": ""PN10-10.edf"", ""train_files"": [""PN10-2.edf"", ""PN10-3.edf"", ""PN10-4.5.6.edf"", ""PN10-7.8.9.edf""]}, {""validation_file"": ""PN10-2.edf"", ""train_files"": [""PN10-10.edf"", ""PN10-3.edf"", ""PN10-4.5.6.edf"", ""PN10-7.8.9.edf""]}, {""validation_file"": ""PN10-3.edf"", ""train_files"": [""PN10-10.edf"", ""PN10-2.edf"", ""PN10-4.5.6.edf"", ""PN10-7.8.9.edf""]}, {""validation_file"": ""PN10-4.5.6.edf"", ""train_files"": [""PN10-10.edf"", ""PN10-2.edf"", ""PN10-3.edf"", ""PN10-7.8.9.edf""]}, {""validation_file"": ""PN10-7.8.9.edf"", ""train_files"": [""PN10-10.edf"", ""PN10-2.edf"", ""PN10-3.edf"", ""PN10-4.5.6.edf""]}]","[""PN10-10.edf"", ""PN10-2.edf"", ""PN10-3.edf"", ""PN10-4.5.6.edf"", ""PN10-7.8.9.edf""]",PN10,E1_RF,PN10-1.edf,nested
9,7,9,857,0,864,30735,58852,50,27,110,58665,0.77777777777777779,1,52.590130401431857,2,7,7,6,1.5,8.5,1,10,0.52390692917412429,1415,0.050000000000000003,False,False,"[{""validation_file"": ""PN10-1.edf"", ""train_files"": [""PN10-2.edf"", ""PN10-3.edf"", ""PN10-4.5.6.edf"", ""PN10-7.8.9.edf""]}, {""validation_file"": ""PN10-2.edf"", ""train_files"": [""PN10-1.edf"", ""PN10-3.edf"", ""PN10-4.5.6.edf"", ""PN10-7.8.9.edf""]}, {""validation_file"": ""PN10-3.edf"", ""train_files"": [""PN10-1.edf"", ""PN10-2.edf"", ""PN10-4.5.6.edf"", ""PN10-7.8.9.edf""]}, {""validation_file"": ""PN10-4.5.6.edf"", ""train_files"": [""PN10-1.edf"", ""PN10-2.edf"", ""PN10-3.edf"", ""PN10-7.8.9.edf""]}, {""validation_file"": ""PN10-7.8.9.edf"", ""train_files"": [""PN10-1.edf"", ""PN10-2.edf"", ""PN10-3.edf"", ""PN10-4.5.6.edf""]}]","[""PN10-1.edf"", ""PN10-2.edf"", ""PN10-3.edf"", ""PN10-4.5.6.edf"", ""PN10-7.8.9.edf""]",PN10,E1_RF,PN10-10.edf,nested
9,7,8,715,0,722,19163,58852,50,27,110,58665,0.77777777777777779,0.88888888888888884,43.876246484275121,2,7,7,7,6.5,10,6,60,0.32665132532174207,760,0.10000000000000001,False,False,"[{""validation_file"": ""PN10-1.edf"", ""train_files"": [""PN10-2.edf"", ""PN10-3.edf"", ""PN10-4.5.6.edf"", ""PN10-7.8.9.edf""]}, {""validation_file"": ""PN10-2.edf"", ""train_files"": [""PN10-1.edf"", ""PN10-3.edf"", ""PN10-4.5.6.edf"", ""PN10-7.8.9.edf""]}, {""validation_file"": ""PN10-3.edf"", ""train_files"": [""PN10-1.edf"", ""PN10-2.edf"", ""PN10-4.5.6.edf"", ""PN10-7.8.9.edf""]}, {""validation_file"": ""PN10-4.5.6.edf"", ""train_files"": [""PN10-1.edf"", ""PN10-2.edf"", ""PN10-3.edf"", ""PN10-7.8.9.edf""]}, {""validation_file"": ""PN10-7.8.9.edf"", ""train_files"": [""PN10-1.edf"", ""PN10-2.edf"", ""PN10-3.edf"", ""PN10-4.5.6.edf""]}]","[""PN10-1.edf"", ""PN10-2.edf"", ""PN10-3.edf"", ""PN10-4.5.6.edf"", ""PN10-7.8.9.edf""]",PN10,E1_RF,PN10-10.edf,nested
9,8,8,575,1,583,13585,58852,50,27,110,58665,0.88888888888888884,0.88888888888888884,35.285093326514961,1,8,8,6.5,5.75,7.75,2,10,0.23156907866700757,570,0.14999999999999999,False,False,"[{""validation_file"": ""PN10-1.edf"", ""train_files"": [""PN10-2.edf"", ""PN10-3.edf"", ""PN10-4.5.6.edf"", ""PN10-7.8.9.edf""]}, {""validation_file"": ""PN10-2.edf"", ""train_files"": [""PN10-1.edf"", ""PN10-3.edf"", ""PN10-4.5.6.edf"", ""PN10-7.8.9.edf""]}, {""validation_file"": ""PN10-3.edf"", ""train_files"": [""PN10-1.edf"", ""PN10-2.edf"", ""PN10-4.5.6.edf"", ""PN10-7.8.9.edf""]}, {""validation_file"": ""PN10-4.5.6.edf"", ""train_files"": [""PN10-1.edf"", ""PN10-2.edf"", ""PN10-3.edf"", ""PN10-7.8.9.edf""]}, {""validation_file"": ""PN10-7.8.9.edf"", ""train_files"": [""PN10-1.edf"", ""PN10-2.edf"", ""PN10-3.edf"", ""PN10-4.5.6.edf""]}]","[""PN10-1.edf"", ""PN10-2.edf"", ""PN10-3.edf"", ""PN10-4.5.6.edf"", ""PN10-7.8.9.edf""]",PN10,E1_RF,PN10-10.edf,nested
9,8,8,480,1,488,10480,58852,50,27,110,58665,0.88888888888888884,0.88888888888888884,29.455382255177703,1,8,8,7,6,10,2,10,0.17864143867723514,425,0.20000000000000001,False,False,"[{""validation_file"": ""PN10-1.edf"", ""train_files"": [""PN10-2.edf"", ""PN10-3.edf"", ""PN10-4.5.6.edf"", ""PN10-7.8.9.edf""]}, {""validation_file"": ""PN10-2.edf"", ""train_files"": [""PN10-1.edf"", ""PN10-3.edf"", ""PN10-4.5.6.edf"", ""PN10-7.8.9.edf""]}, {""validation_file"": ""PN10-3.edf"", ""train_files"": [""PN10-1.edf"", ""PN10-2.edf"", ""PN10-4.5.6.edf"", ""PN10-7.8.9.edf""]}, {""validation_file"": ""PN10-4.5.6.edf"", ""train_files"": [""PN10-1.edf"", ""PN10-2.edf"", ""PN10-3.edf"", ""PN10-7.8.9.edf""]}, {""validation_file"": ""PN10-7.8.9.edf"", ""train_files"": [""PN10-1.edf"", ""PN10-2.edf"", ""PN10-3.edf"", ""PN10-4.5.6.edf""]}]","[""PN10-1.edf"", ""PN10-2.edf"", ""PN10-3.edf"", ""PN10-4.5.6.edf"", ""PN10-7.8.9.edf""]",PN10,E1_RF,PN10-10.edf,nested
9,8,8,402,1,410,8460,58852,50,27,110,58665,0.88888888888888884,0.88888888888888884,24.668882638711327,1,8,8,7,6,10,2,10,0.14420864229097419,420,0.25,False,False,"[{""validation_file"": ""PN10-1.edf"", ""train_files"": [""PN10-2.edf"", ""PN10-3.edf"", ""PN10-4.5.6.edf"", ""PN10-7.8.9.edf""]}, {""validation_file"": ""PN10-2.edf"", ""train_files"": [""PN10-1.edf"", ""PN10-3.edf"", ""PN10-4.5.6.edf"", ""PN10-7.8.9.edf""]}, {""validation_file"": ""PN10-3.edf"", ""train_files"": [""PN10-1.edf"", ""PN10-2.edf"", ""PN10-4.5.6.edf"", ""PN10-7.8.9.edf""]}, {""validation_file"": ""PN10-4.5.6.edf"", ""train_files"": [""PN10-1.edf"", ""PN10-2.edf"", ""PN10-3.edf"", ""PN10-7.8.9.edf""]}, {""validation_file"": ""PN10-7.8.9.edf"", ""train_files"": [""PN10-1.edf"", ""PN10-2.edf"", ""PN10-3.edf"", ""PN10-4.5.6.edf""]}]","[""PN10-1.edf"", ""PN10-2.edf"", ""PN10-3.edf"", ""PN10-4.5.6.edf"", ""PN10-7.8.9.edf""]",PN10,E1_RF,PN10-10.edf,nested
9,8,8,345,1,353,7050,58852,50,27,110,58665,0.88888888888888884,0.88888888888888884,21.171055995908976,1,8,8,7,6,10,2,10,0.12017386857581182,255,0.29999999999999999,False,False,"[{""validation_file"": ""PN10-1.edf"", ""train_files"": [""PN10-2.edf"", ""PN10-3.edf"", ""PN10-4.5.6.edf"", ""PN10-7.8.9.edf""]}, {""validation_file"": ""PN10-2.edf"", ""train_files"": [""PN10-1.edf"", ""PN10-3.edf"", ""PN10-4.5.6.edf"", ""PN10-7.8.9.edf""]}, {""validation_file"": ""PN10-3.edf"", ""train_files"": [""PN10-1.edf"", ""PN10-2.edf"", ""PN10-4.5.6.edf"", ""PN10-7.8.9.edf""]}, {""validation_file"": ""PN10-4.5.6.edf"", ""train_files"": [""PN10-1.edf"", ""PN10-2.edf"", ""PN10-3.edf"", ""PN10-7.8.9.edf""]}, {""validation_file"": ""PN10-7.8.9.edf"", ""train_files"": [""PN10-1.edf"", ""PN10-2.edf"", ""PN10-3.edf"", ""PN10-4.5.6.edf""]}]","[""PN10-1.edf"", ""PN10-2.edf"", ""PN10-3.edf"", ""PN10-4.5.6.edf"", ""PN10-7.8.9.edf""]",PN10,E1_RF,PN10-10.edf,nested
9,8,8,278,2,286,5890,58852,50,27,110,58665,0.88888888888888884,0.88888888888888884,17.059575556123754,1,8,8,8.5,6.75,10,2,11,0.10040057956191938,255,0.34999999999999998,False,False,"[{""validation_file"": ""PN10-1.edf"", ""train_files"": [""PN10-2.edf"", ""PN10-3.edf"", ""PN10-4.5.6.edf"", ""PN10-7.8.9.edf""]}, {""validation_file"": ""PN10-2.edf"", ""train_files"": [""PN10-1.edf"", ""PN10-3.edf"", ""PN10-4.5.6.edf"", ""PN10-7.8.9.edf""]}, {""validation_file"": ""PN10-3.edf"", ""train_files"": [""PN10-1.edf"", ""PN10-2.edf"", ""PN10-4.5.6.edf"", ""PN10-7.8.9.edf""]}, {""validation_file"": ""PN10-4.5.6.edf"", ""train_files"": [""PN10-1.edf"", ""PN10-2.edf"", ""PN10-3.edf"", ""PN10-7.8.9.edf""]}, {""validation_file"": ""PN10-7.8.9.edf"", ""train_files"": [""PN10-1.edf"", ""PN10-2.edf"", ""PN10-3.edf"", ""PN10-4.5.6.edf""]}]","[""PN10-1.edf"", ""PN10-2.edf"", ""PN10-3.edf"", ""PN10-4.5.6.edf"", ""PN10-7.8.9.edf""]",PN10,E1_RF,PN10-10.edf,nested
9,8,8,243,2,251,5160,58852,50,27,110,58665,0.88888888888888884,0.88888888888888884,14.911787266683712,1,8,8,8.5,6.75,10,2,11,0.087957044234211204,255,0.40000000000000002,False,False,"[{""validation_file"": ""PN10-1.edf"", ""train_files"": [""PN10-2.edf"", ""PN10-3.edf"", ""PN10-4.5.6.edf"", ""PN10-7.8.9.edf""]}, {""validation_file"": ""PN10-2.edf"", ""train_files"": [""PN10-1.edf"", ""PN10-3.edf"", ""PN10-4.5.6.edf"", ""PN10-7.8.9.edf""]}, {""validation_file"": ""PN10-3.edf"", ""train_files"": [""PN10-1.edf"", ""PN10-2.edf"", ""PN10-4.5.6.edf"", ""PN10-7.8.9.edf""]}, {""validation_file"": ""PN10-4.5.6.edf"", ""train_files"": [""PN10-1.edf"", ""PN10-2.edf"", ""PN10-3.edf"", ""PN10-7.8.9.edf""]}, {""validation_file"": ""PN10-7.8.9.edf"", ""train_files"": [""PN10-1.edf"", ""PN10-2.edf"", ""PN10-3.edf"", ""PN10-4.5.6.edf""]}]","[""PN10-1.edf"", ""PN10-2.edf"", ""PN10-3.edf"", ""PN10-4.5.6.edf"", ""PN10-7.8.9.edf""]",PN10,E1_RF,PN10-10.edf,nested
9,8,8,209,2,217,4630,58852,50,27,110,58665,0.88888888888888884,0.88888888888888884,12.825364356941959,1,8,8,8.5,6.75,10,2,11,0.078922696667518957,250,0.45000000000000001,False,False,"[{""validation_file"": ""PN10-1.edf"", ""train_files"": [""PN10-2.edf"", ""PN10-3.edf"", ""PN10-4.5.6.edf"", ""PN10-7.8.9.edf""]}, {""validation_file"": ""PN10-2.edf"", ""train_files"": [""PN10-1.edf"", ""PN10-3.edf"", ""PN10-4.5.6.edf"", ""PN10-7.8.9.edf""]}, {""validation_file"": ""PN10-3.edf"", ""train_files"": [""PN10-1.edf"", ""PN10-2.edf"", ""PN10-4.5.6.edf"", ""PN10-7.8.9.edf""]}, {""validation_file"": ""PN10-4.5.6.edf"", ""train_files"": [""PN10-1.edf"", ""PN10-2.edf"", ""PN10-3.edf"", ""PN10-7.8.9.edf""]}, {""validation_file"": ""PN10-7.8.9.edf"", ""train_files"": [""PN10-1.edf"", ""PN10-2.edf"", ""PN10-3.edf"", ""PN10-4.5.6.edf""]}]","[""PN10-1.edf"", ""PN10-2.edf"", ""PN10-3.edf"", ""PN10-4.5.6.edf"", ""PN10-7.8.9.edf""]",PN10,E1_RF,PN10-10.edf,nested
9,8,8,191,3,199,4165,58852,50,27,110,58665,0.88888888888888884,0.88888888888888884,11.720787522372795,1,8,8,10.5,9.25,12.75,6,17,0.070996335123156909,250,0.5,False,False,"[{""validation_file"": ""PN10-1.edf"", ""train_files"": [""PN10-2.edf"", ""PN10-3.edf"", ""PN10-4.5.6.edf"", ""PN10-7.8.9.edf""]}, {""validation_file"": ""PN10-2.edf"", ""train_files"": [""PN10-1.edf"", ""PN10-3.edf"", ""PN10-4.5.6.edf"", ""PN10-7.8.9.edf""]}, {""validation_file"": ""PN10-3.edf"", ""train_files"": [""PN10-1.edf"", ""PN10-2.edf"", ""PN10-4.5.6.edf"", ""PN10-7.8.9.edf""]}, {""validation_file"": ""PN10-4.5.6.edf"", ""train_files"": [""PN10-1.edf"", ""PN10-2.edf"", ""PN10-3.edf"", ""PN10-7.8.9.edf""]}, {""validation_file"": ""PN10-7.8.9.edf"", ""train_files"": [""PN10-1.edf"", ""PN10-2.edf"", ""PN10-3.edf"", ""PN10-4.5.6.edf""]}]","[""PN10-1.edf"", ""PN10-2.edf"", ""PN10-3.edf"", ""PN10-4.5.6.edf"", ""PN10-7.8.9.edf""]",PN10,E1_RF,PN10-10.edf,nested
9,8,8,170,3,178,3795,58852,50,27,110,58665,0.88888888888888884,0.88888888888888884,10.432114548708769,1,8,8,10.5,9.25,12.75,6,17,0.064689337765277424,245,0.55000000000000004,False,False,"[{""validation_file"": ""PN10-1.edf"", ""train_files"": [""PN10-2.edf"", ""PN10-3.edf"", ""PN10-4.5.6.edf"", ""PN10-7.8.9.edf""]}, {""validation_file"": ""PN10-2.edf"", ""train_files"": [""PN10-1.edf"", ""PN10-3.edf"", ""PN10-4.5.6.edf"", ""PN10-7.8.9.edf""]}, {""validation_file"": ""PN10-3.edf"", ""train_files"": [""PN10-1.edf"", ""PN10-2.edf"", ""PN10-4.5.6.edf"", ""PN10-7.8.9.edf""]}, {""validation_file"": ""PN10-4.5.6.edf"", ""train_files"": [""PN10-1.edf"", ""PN10-2.edf"", ""PN10-3.edf"", ""PN10-7.8.9.edf""]}, {""validation_file"": ""PN10-7.8.9.edf"", ""train_files"": [""PN10-1.edf"", ""PN10-2.edf"", ""PN10-3.edf"", ""PN10-4.5.6.edf""]}]","[""PN10-1.edf"", ""PN10-2.edf"", ""PN10-3.edf"", ""PN10-4.5.6.edf"", ""PN10-7.8.9.edf""]",PN10,E1_RF,PN10-10.edf,nested
9,8,8,153,3,161,3495,58852,50,27,110,58665,0.88888888888888884,0.88888888888888884,9.388903093837893,1,8,8,10.5,9.25,12.75,6,17,0.059575556123753516,185,0.59999999999999998,False,False,"[{""validation_file"": ""PN10-1.edf"", ""train_files"": [""PN10-2.edf"", ""PN10-3.edf"", ""PN10-4.5.6.edf"", ""PN10-7.8.9.edf""]}, {""validation_file"": ""PN10-2.edf"", ""train_files"": [""PN10-1.edf"", ""PN10-3.edf"", ""PN10-4.5.6.edf"", ""PN10-7.8.9.edf""]}, {""validation_file"": ""PN10-3.edf"", ""train_files"": [""PN10-1.edf"", ""PN10-2.edf"", ""PN10-4.5.6.edf"", ""PN10-7.8.9.edf""]}, {""validation_file"": ""PN10-4.5.6.edf"", ""train_files"": [""PN10-1.edf"", ""PN10-2.edf"", ""PN10-3.edf"", ""PN10-7.8.9.edf""]}, {""validation_file"": ""PN10-7.8.9.edf"", ""train_files"": [""PN10-1.edf"", ""PN10-2.edf"", ""PN10-3.edf"", ""PN10-4.5.6.edf""]}]","[""PN10-1.edf"", ""PN10-2.edf"", ""PN10-3.edf"", ""PN10-4.5.6.edf"", ""PN10-7.8.9.edf""]",PN10,E1_RF,PN10-10.edf,nested
9,7,7,140,4,147,3190,58852,50,27,110,58665,0.77777777777777779,0.77777777777777779,8.5911531577601643,2,7,7,11,8.5,13.5,6,15,0.054376544788204209,175,0.65000000000000002,False,False,"[{""validation_file"": ""PN10-1.edf"", ""train_files"": [""PN10-2.edf"", ""PN10-3.edf"", ""PN10-4.5.6.edf"", ""PN10-7.8.9.edf""]}, {""validation_file"": ""PN10-2.edf"", ""train_files"": [""PN10-1.edf"", ""PN10-3.edf"", ""PN10-4.5.6.edf"", ""PN10-7.8.9.edf""]}, {""validation_file"": ""PN10-3.edf"", ""train_files"": [""PN10-1.edf"", ""PN10-2.edf"", ""PN10-4.5.6.edf"", ""PN10-7.8.9.edf""]}, {""validation_file"": ""PN10-4.5.6.edf"", ""train_files"": [""PN10-1.edf"", ""PN10-2.edf"", ""PN10-3.edf"", ""PN10-7.8.9.edf""]}, {""validation_file"": ""PN10-7.8.9.edf"", ""train_files"": [""PN10-1.edf"", ""PN10-2.edf"", ""PN10-3.edf"", ""PN10-4.5.6.edf""]}]","[""PN10-1.edf"", ""PN10-2.edf"", ""PN10-3.edf"", ""PN10-4.5.6.edf"", ""PN10-7.8.9.edf""]",PN10,E1_RF,PN10-10.edf,nested
9,7,7,136,3,143,2905,58852,50,27,110,58665,0.77777777777777779,0.77777777777777779,8.3456916389670166,2,7,7,12,10.5,13.5,6,35,0.049518452228756497,130,0.69999999999999996,False,False,"[{""validation_file"": ""PN10-1.edf"", ""train_files"": [""PN10-2.edf"", ""PN10-3.edf"", ""PN10-4.5.6.edf"", ""PN10-7.8.9.edf""]}, {""validation_file"": ""PN10-2.edf"", ""train_files"": [""PN10-1.edf"", ""PN10-3.edf"", ""PN10-4.5.6.edf"", ""PN10-7.8.9.edf""]}, {""validation_file"": ""PN10-3.edf"", ""train_files"": [""PN10-1.edf"", ""PN10-2.edf"", ""PN10-4.5.6.edf"", ""PN10-7.8.9.edf""]}, {""validation_file"": ""PN10-4.5.6.edf"", ""train_files"": [""PN10-1.edf"", ""PN10-2.edf"", ""PN10-3.edf"", ""PN10-7.8.9.edf""]}, {""validation_file"": ""PN10-7.8.9.edf"", ""train_files"": [""PN10-1.edf"", ""PN10-2.edf"", ""PN10-3.edf"", ""PN10-4.5.6.edf""]}]","[""PN10-1.edf"", ""PN10-2.edf"", ""PN10-3.edf"", ""PN10-4.5.6.edf"", ""PN10-7.8.9.edf""]",PN10,E1_RF,PN10-10.edf,nested
9,7,7,135,1,142,2585,58852,50,27,110,58665,0.77777777777777779,0.77777777777777779,8.2843262592687292,2,7,7,12,10.5,23.5,6,35,0.044063751811131001,65,0.75,False,False,"[{""validation_file"": ""PN10-1.edf"", ""train_files"": [""PN10-2.edf"", ""PN10-3.edf"", ""PN10-4.5.6.edf"", ""PN10-7.8.9.edf""]}, {""validation_file"": ""PN10-2.edf"", ""train_files"": [""PN10-1.edf"", ""PN10-3.edf"", ""PN10-4.5.6.edf"", ""PN10-7.8.9.edf""]}, {""validation_file"": ""PN10-3.edf"", ""train_files"": [""PN10-1.edf"", ""PN10-2.edf"", ""PN10-4.5.6.edf"", ""PN10-7.8.9.edf""]}, {""validation_file"": ""PN10-4.5.6.edf"", ""train_files"": [""PN10-1.edf"", ""PN10-2.edf"", ""PN10-3.edf"", ""PN10-7.8.9.edf""]}, {""validation_file"": ""PN10-7.8.9.edf"", ""train_files"": [""PN10-1.edf"", ""PN10-2.edf"", ""PN10-3.edf"", ""PN10-4.5.6.edf""]}]","[""PN10-1.edf"", ""PN10-2.edf"", ""PN10-3.edf"", ""PN10-4.5.6.edf"", ""PN10-7.8.9.edf""]",PN10,E1_RF,PN10-10.edf,nested
9,7,7,127,0,134,2190,58852,50,27,110,58665,0.77777777777777779,0.77777777777777779,7.7934032216824338,2,7,7,12,11,33.5,10,35,0.037330605983124522,60,0.80000000000000004,False,False,"[{""validation_file"": ""PN10-1.edf"", ""train_files"": [""PN10-2.edf"", ""PN10-3.edf"", ""PN10-4.5.6.edf"", ""PN10-7.8.9.edf""]}, {""validation_file"": ""PN10-2.edf"", ""train_files"": [""PN10-1.edf"", ""PN10-3.edf"", ""PN10-4.5.6.edf"", ""PN10-7.8.9.edf""]}, {""validation_file"": ""PN10-3.edf"", ""train_files"": [""PN10-1.edf"", ""PN10-2.edf"", ""PN10-4.5.6.edf"", ""PN10-7.8.9.edf""]}, {""validation_file"": ""PN10-4.5.6.edf"", ""train_files"": [""PN10-1.edf"", ""PN10-2.edf"", ""PN10-3.edf"", ""PN10-7.8.9.edf""]}, {""validation_file"": ""PN10-7.8.9.edf"", ""train_files"": [""PN10-1.edf"", ""PN10-2.edf"", ""PN10-3.edf"", ""PN10-4.5.6.edf""]}]","[""PN10-1.edf"", ""PN10-2.edf"", ""PN10-3.edf"", ""PN10-4.5.6.edf"", ""PN10-7.8.9.edf""]",PN10,E1_RF,PN10-10.edf,nested
9,5,5,109,1,114,1605,58852,50,27,110,58665,0.55555555555555558,0.55555555555555558,6.68882638711327,4,5,5,32,12,35,11,35,0.027358731782152902,40,0.84999999999999998,False,False,"[{""validation_file"": ""PN10-1.edf"", ""train_files"": [""PN10-2.edf"", ""PN10-3.edf"", ""PN10-4.5.6.edf"", ""PN10-7.8.9.edf""]}, {""validation_file"": ""PN10-2.edf"", ""train_files"": [""PN10-1.edf"", ""PN10-3.edf"", ""PN10-4.5.6.edf"", ""PN10-7.8.9.edf""]}, {""validation_file"": ""PN10-3.edf"", ""train_files"": [""PN10-1.edf"", ""PN10-2.edf"", ""PN10-4.5.6.edf"", ""PN10-7.8.9.edf""]}, {""validation_file"": ""PN10-4.5.6.edf"", ""train_files"": [""PN10-1.edf"", ""PN10-2.edf"", ""PN10-3.edf"", ""PN10-7.8.9.edf""]}, {""validation_file"": ""PN10-7.8.9.edf"", ""train_files"": [""PN10-1.edf"", ""PN10-2.edf"", ""PN10-3.edf"", ""PN10-4.5.6.edf""]}]","[""PN10-1.edf"", ""PN10-2.edf"", ""PN10-3.edf"", ""PN10-4.5.6.edf"", ""PN10-7.8.9.edf""]",PN10,E1_RF,PN10-10.edf,nested
9,5,5,72,0,77,930,58852,50,27,110,58665,0.55555555555555558,0.55555555555555558,4.418307338276656,4,5,5,32,12,35,11,50,0.015852723088724111,25,0.90000000000000002,False,False,"[{""validation_file"": ""PN10-1.edf"", ""train_files"": [""PN10-2.edf"", ""PN10-3.edf"", ""PN10-4.5.6.edf"", ""PN10-7.8.9.edf""]}, {""validation_file"": ""PN10-2.edf"", ""train_files"": [""PN10-1.edf"", ""PN10-3.edf"", ""PN10-4.5.6.edf"", ""PN10-7.8.9.edf""]}, {""validation_file"": ""PN10-3.edf"", ""train_files"": [""PN10-1.edf"", ""PN10-2.edf"", ""PN10-4.5.6.edf"", ""PN10-7.8.9.edf""]}, {""validation_file"": ""PN10-4.5.6.edf"", ""train_files"": [""PN10-1.edf"", ""PN10-2.edf"", ""PN10-3.edf"", ""PN10-7.8.9.edf""]}, {""validation_file"": ""PN10-7.8.9.edf"", ""train_files"": [""PN10-1.edf"", ""PN10-2.edf"", ""PN10-3.edf"", ""PN10-4.5.6.edf""]}]","[""PN10-1.edf"", ""PN10-2.edf"", ""PN10-3.edf"", ""PN10-4.5.6.edf"", ""PN10-7.8.9.edf""]",PN10,E1_RF,PN10-10.edf,nested
9,1,1,21,0,22,240,58852,50,27,110,58665,0.1111111111111111,0.1111111111111111,1.2886729736640246,8,1,1,50,50,50,50,50,0.0040910253132191259,15,0.94999999999999996,False,False,"[{""validation_file"": ""PN10-1.edf"", ""train_files"": [""PN10-2.edf"", ""PN10-3.edf"", ""PN10-4.5.6.edf"", ""PN10-7.8.9.edf""]}, {""validation_file"": ""PN10-2.edf"", ""train_files"": [""PN10-1.edf"", ""PN10-3.edf"", ""PN10-4.5.6.edf"", ""PN10-7.8.9.edf""]}, {""validation_file"": ""PN10-3.edf"", ""train_files"": [""PN10-1.edf"", ""PN10-2.edf"", ""PN10-4.5.6.edf"", ""PN10-7.8.9.edf""]}, {""validation_file"": ""PN10-4.5.6.edf"", ""train_files"": [""PN10-1.edf"", ""PN10-2.edf"", ""PN10-3.edf"", ""PN10-7.8.9.edf""]}, {""validation_file"": ""PN10-7.8.9.edf"", ""train_files"": [""PN10-1.edf"", ""PN10-2.edf"", ""PN10-3.edf"", ""PN10-4.5.6.edf""]}]","[""PN10-1.edf"", ""PN10-2.edf"", ""PN10-3.edf"", ""PN10-4.5.6.edf"", ""PN10-7.8.9.edf""]",PN10,E1_RF,PN10-10.edf,nested
9,0,0,0,0,0,0,58852,50,27,110,58665,0,0,0,9,0,0,,,,,,0,0,1.01,True,True,"[{""validation_file"": ""PN10-1.edf"", ""train_files"": [""PN10-2.edf"", ""PN10-3.edf"", ""PN10-4.5.6.edf"", ""PN10-7.8.9.edf""]}, {""validation_file"": ""PN10-2.edf"", ""train_files"": [""PN10-1.edf"", ""PN10-3.edf"", ""PN10-4.5.6.edf"", ""PN10-7.8.9.edf""]}, {""validation_file"": ""PN10-3.edf"", ""train_files"": [""PN10-1.edf"", ""PN10-2.edf"", ""PN10-4.5.6.edf"", ""PN10-7.8.9.edf""]}, {""validation_file"": ""PN10-4.5.6.edf"", ""train_files"": [""PN10-1.edf"", ""PN10-2.edf"", ""PN10-3.edf"", ""PN10-7.8.9.edf""]}, {""validation_file"": ""PN10-7.8.9.edf"", ""train_files"": [""PN10-1.edf"", ""PN10-2.edf"", ""PN10-3.edf"", ""PN10-4.5.6.edf""]}]","[""PN10-1.edf"", ""PN10-2.edf"", ""PN10-3.edf"", ""PN10-4.5.6.edf"", ""PN10-7.8.9.edf""]",PN10,E1_RF,PN10-10.edf,nested
9,4,8,967,0,971,33330,58863,50,6,110,58697,0.44444444444444442,0.88888888888888884,59.307971446581597,5,4,4,8,4.75,10,1,10,0.5678314053529141,1025,0.050000000000000003,False,False,"[{""validation_file"": ""PN10-1.edf"", ""train_files"": [""PN10-10.edf"", ""PN10-3.edf"", ""PN10-4.5.6.edf"", ""PN10-7.8.9.edf""]}, {""validation_file"": ""PN10-10.edf"", ""train_files"": [""PN10-1.edf"", ""PN10-3.edf"", ""PN10-4.5.6.edf"", ""PN10-7.8.9.edf""]}, {""validation_file"": ""PN10-3.edf"", ""train_files"": [""PN10-1.edf"", ""PN10-10.edf"", ""PN10-4.5.6.edf"", ""PN10-7.8.9.edf""]}, {""validation_file"": ""PN10-4.5.6.edf"", ""train_files"": [""PN10-1.edf"", ""PN10-10.edf"", ""PN10-3.edf"", ""PN10-7.8.9.edf""]}, {""validation_file"": ""PN10-7.8.9.edf"", ""train_files"": [""PN10-1.edf"", ""PN10-10.edf"", ""PN10-3.edf"", ""PN10-4.5.6.edf""]}]","[""PN10-1.edf"", ""PN10-10.edf"", ""PN10-3.edf"", ""PN10-4.5.6.edf"", ""PN10-7.8.9.edf""]",PN10,E1_RF,PN10-2.edf,nested
9,7,8,949,1,956,19730,58863,50,6,110,58697,0.77777777777777779,0.88888888888888884,58.203996797110584,2,7,7,7,6,10,2,10,0.33613302213060292,485,0.10000000000000001,False,False,"[{""validation_file"": ""PN10-1.edf"", ""train_files"": [""PN10-10.edf"", ""PN10-3.edf"", ""PN10-4.5.6.edf"", ""PN10-7.8.9.edf""]}, {""validation_file"": ""PN10-10.edf"", ""train_files"": [""PN10-1.edf"", ""PN10-3.edf"", ""PN10-4.5.6.edf"", ""PN10-7.8.9.edf""]}, {""validation_file"": ""PN10-3.edf"", ""train_files"": [""PN10-1.edf"", ""PN10-10.edf"", ""PN10-4.5.6.edf"", ""PN10-7.8.9.edf""]}, {""validation_file"": ""PN10-4.5.6.edf"", ""train_files"": [""PN10-1.edf"", ""PN10-10.edf"", ""PN10-3.edf"", ""PN10-7.8.9.edf""]}, {""validation_file"": ""PN10-7.8.9.edf"", ""train_files"": [""PN10-1.edf"", ""PN10-10.edf"", ""PN10-3.edf"", ""PN10-4.5.6.edf""]}]","[""PN10-1.edf"", ""PN10-10.edf"", ""PN10-3.edf"", ""PN10-4.5.6.edf"", ""PN10-7.8.9.edf""]",PN10,E1_RF,PN10-2.edf,nested
9,8,8,651,0,659,12150,58863,50,6,110,58697,0.88888888888888884,0.88888888888888884,39.927083155868274,1,8,8,6.5,5.25,10,2,10,0.20699524677581477,335,0.14999999999999999,False,False,"[{""validation_file"": ""PN10-1.edf"", ""train_files"": [""PN10-10.edf"", ""PN10-3.edf"", ""PN10-4.5.6.edf"", ""PN10-7.8.9.edf""]}, {""validation_file"": ""PN10-10.edf"", ""train_files"": [""PN10-1.edf"", ""PN10-3.edf"", ""PN10-4.5.6.edf"", ""PN10-7.8.9.edf""]}, {""validation_file"": ""PN10-3.edf"", ""train_files"": [""PN10-1.edf"", ""PN10-10.edf"", ""PN10-4.5.6.edf"", ""PN10-7.8.9.edf""]}, {""validation_file"": ""PN10-4.5.6.edf"", ""train_files"": [""PN10-1.edf"", ""PN10-10.edf"", ""PN10-3.edf"", ""PN10-7.8.9.edf""]}, {""validation_file"": ""PN10-7.8.9.edf"", ""train_files"": [""PN10-1.edf"", ""PN10-10.edf"", ""PN10-3.edf"", ""PN10-4.5.6.edf""]}]","[""PN10-1.edf"", ""PN10-10.edf"", ""PN10-3.edf"", ""PN10-4.5.6.edf"", ""PN10-7.8.9.edf""]",PN10,E1_RF,PN10-2.edf,nested
9,8,8,475,0,483,8900,58863,50,6,110,58697,0.88888888888888884,0.88888888888888884,29.132664361040597,1,8,8,6.5,5.25,10,2,10,0.15162614784401246,335,0.20000000000000001,False,False,"[{""validation_file"": ""PN10-1.edf"", ""train_files"": [""PN10-10.edf"", ""PN10-3.edf"", ""PN10-4.5.6.edf"", ""PN10-7.8.9.edf""]}, {""validation_file"": ""PN10-10.edf"", ""train_files"": [""PN10-1.edf"", ""PN10-3.edf"", ""PN10-4.5.6.edf"", ""PN10-7.8.9.edf""]}, {""validation_file"": ""PN10-3.edf"", ""train_files"": [""PN10-1.edf"", ""PN10-10.edf"", ""PN10-4.5.6.edf"", ""PN10-7.8.9.edf""]}, {""validation_file"": ""PN10-4.5.6.edf"", ""train_files"": [""PN10-1.edf"", ""PN10-10.edf"", ""PN10-3.edf"", ""PN10-7.8.9.edf""]}, {""validation_file"": ""PN10-7.8.9.edf"", ""train_files"": [""PN10-1.edf"", ""PN10-10.edf"", ""PN10-3.edf"", ""PN10-4.5.6.edf""]}]","[""PN10-1.edf"", ""PN10-10.edf"", ""PN10-3.edf"", ""PN10-4.5.6.edf"", ""PN10-7.8.9.edf""]",PN10,E1_RF,PN10-2.edf,nested
9,8,8,361,1,369,6850,58863,50,6,110,58697,0.88888888888888884,0.88888888888888884,22.140824914390855,1,8,8,6.5,5.25,10,2,10,0.11670102390241409,185,0.25,False,False,"[{""validation_file"": ""PN10-1.edf"", ""train_files"": [""PN10-10.edf"", ""PN10-3.edf"", ""PN10-4.5.6.edf"", ""PN10-7.8.9.edf""]}, {""validation_file"": ""PN10-10.edf"", ""train_files"": [""PN10-1.edf"", ""PN10-3.edf"", ""PN10-4.5.6.edf"", ""PN10-7.8.9.edf""]}, {""validation_file"": ""PN10-3.edf"", ""train_files"": [""PN10-1.edf"", ""PN10-10.edf"", ""PN10-4.5.6.edf"", ""PN10-7.8.9.edf""]}, {""validation_file"": ""PN10-4.5.6.edf"", ""train_files"": [""PN10-1.edf"", ""PN10-10.edf"", ""PN10-3.edf"", ""PN10-7.8.9.edf""]}, {""validation_file"": ""PN10-7.8.9.edf"", ""train_files"": [""PN10-1.edf"", ""PN10-10.edf"", ""PN10-3.edf"", ""PN10-4.5.6.edf""]}]","[""PN10-1.edf"", ""PN10-10.edf"", ""PN10-3.edf"", ""PN10-4.5.6.edf"", ""PN10-7.8.9.edf""]",PN10,E1_RF,PN10-2.edf,nested
9,8,8,298,1,306,5820,58863,50,6,110,58697,0.88888888888888884,0.88888888888888884,18.276913641242313,1,8,8,8,5.25,10,2,12,0.099153278702489051,145,0.29999999999999999,False,False,"[{""validation_file"": ""PN10-1.edf"", ""train_files"": [""PN10-10.edf"", ""PN10-3.edf"", ""PN10-4.5.6.edf"", ""PN10-7.8.9.edf""]}, {""validation_file"": ""PN10-10.edf"", ""train_files"": [""PN10-1.edf"", ""PN10-3.edf"", ""PN10-4.5.6.edf"", ""PN10-7.8.9.edf""]}, {""validation_file"": ""PN10-3.edf"", ""train_files"": [""PN10-1.edf"", ""PN10-10.edf"", ""PN10-4.5.6.edf"", ""PN10-7.8.9.edf""]}, {""validation_file"": ""PN10-4.5.6.edf"", ""train_files"": [""PN10-1.edf"", ""PN10-10.edf"", ""PN10-3.edf"", ""PN10-7.8.9.edf""]}, {""validation_file"": ""PN10-7.8.9.edf"", ""train_files"": [""PN10-1.edf"", ""PN10-10.edf"", ""PN10-3.edf"", ""PN10-4.5.6.edf""]}]","[""PN10-1.edf"", ""PN10-10.edf"", ""PN10-3.edf"", ""PN10-4.5.6.edf"", ""PN10-7.8.9.edf""]",PN10,E1_RF,PN10-2.edf,nested
9,8,8,255,2,263,5185,58863,50,6,110,58697,0.88888888888888884,0.88888888888888884,15.639640867506005,1,8,8,9,6.75,10.5,6,15,0.08833500860350614,145,0.34999999999999998,False,False,"[{""validation_file"": ""PN10-1.edf"", ""train_files"": [""PN10-10.edf"", ""PN10-3.edf"", ""PN10-4.5.6.edf"", ""PN10-7.8.9.edf""]}, {""validation_file"": ""PN10-10.edf"", ""train_files"": [""PN10-1.edf"", ""PN10-3.edf"", ""PN10-4.5.6.edf"", ""PN10-7.8.9.edf""]}, {""validation_file"": ""PN10-3.edf"", ""train_files"": [""PN10-1.edf"", ""PN10-10.edf"", ""PN10-4.5.6.edf"", ""PN10-7.8.9.edf""]}, {""validation_file"": ""PN10-4.5.6.edf"", ""train_files"": [""PN10-1.edf"", ""PN10-10.edf"", ""PN10-3.edf"", ""PN10-7.8.9.edf""]}, {""validation_file"": ""PN10-7.8.9.edf"", ""train_files"": [""PN10-1.edf"", ""PN10-10.edf"", ""PN10-3.edf"", ""PN10-4.5.6.edf""]}]","[""PN10-1.edf"", ""PN10-10.edf"", ""PN10-3.edf"", ""PN10-4.5.6.edf"", ""PN10-7.8.9.edf""]",PN10,E1_RF,PN10-2.edf,nested
9,8,8,226,3,234,4670,58863,50,6,110,58697,0.88888888888888884,0.88888888888888884,13.861015043358263,1,8,8,9,6.75,12.75,6,15,0.079561136003543628,145,0.40000000000000002,False,False,"[{""validation_file"": ""PN10-1.edf"", ""train_files"": [""PN10-10.edf"", ""PN10-3.edf"", ""PN10-4.5.6.edf"", ""PN10-7.8.9.edf""]}, {""validation_file"": ""PN10-10.edf"", ""train_files"": [""PN10-1.edf"", ""PN10-3.edf"", ""PN10-4.5.6.edf"", ""PN10-7.8.9.edf""]}, {""validation_file"": ""PN10-3.edf"", ""train_files"": [""PN10-1.edf"", ""PN10-10.edf"", ""PN10-4.5.6.edf"", ""PN10-7.8.9.edf""]}, {""validation_file"": ""PN10-4.5.6.edf"", ""train_files"": [""PN10-1.edf"", ""PN10-10.edf"", ""PN10-3.edf"", ""PN10-7.8.9.edf""]}, {""validation_file"": ""PN10-7.8.9.edf"", ""train_files"": [""PN10-1.edf"", ""PN10-10.edf"", ""PN10-3.edf"", ""PN10-4.5.6.edf""]}]","[""PN10-1.edf"", ""PN10-10.edf"", ""PN10-3.edf"", ""PN10-4.5.6.edf"", ""PN10-7.8.9.edf""]",PN10,E1_RF,PN10-2.edf,nested
9,8,8,209,3,217,4335,58863,50,6,110,58697,0.88888888888888884,0.88888888888888884,12.818372318857863,1,8,8,9,6.75,12.75,6,15,0.073853859652111692,145,0.45000000000000001,False,False,"[{""validation_file"": ""PN10-1.edf"", ""train_files"": [""PN10-10.edf"", ""PN10-3.edf"", ""PN10-4.5.6.edf"", ""PN10-7.8.9.edf""]}, {""validation_file"": ""PN10-10.edf"", ""train_files"": [""PN10-1.edf"", ""PN10-3.edf"", ""PN10-4.5.6.edf"", ""PN10-7.8.9.edf""]}, {""validation_file"": ""PN10-3.edf"", ""train_files"": [""PN10-1.edf"", ""PN10-10.edf"", ""PN10-4.5.6.edf"", ""PN10-7.8.9.edf""]}, {""validation_file"": ""PN10-4.5.6.edf"", ""train_files"": [""PN10-1.edf"", ""PN10-10.edf"", ""PN10-3.edf"", ""PN10-7.8.9.edf""]}, {""validation_file"": ""PN10-7.8.9.edf"", ""train_files"": [""PN10-1.edf"", ""PN10-10.edf"", ""PN10-3.edf"", ""PN10-4.5.6.edf""]}]","[""PN10-1.edf"", ""PN10-10.edf"", ""PN10-3.edf"", ""PN10-4.5.6.edf"", ""PN10-7.8.9.edf""]",PN10,E1_RF,PN10-2.edf,nested
9,8,8,185,3,193,3915,58863,50,6,110,58697,0.88888888888888884,0.88888888888888884,11.346406119563181,1,8,8,9,6.75,12.75,6,15,0.06669846840554032,145,0.5,False,False,"[{""validation_file"": ""PN10-1.edf"", ""train_files"": [""PN10-10.edf"", ""PN10-3.edf"", ""PN10-4.5.6.edf"", ""PN10-7.8.9.edf""]}, {""validation_file"": ""PN10-10.edf"", ""train_files"": [""PN10-1.edf"", ""PN10-3.edf"", ""PN10-4.5.6.edf"", ""PN10-7.8.9.edf""]}, {""validation_file"": ""PN10-3.edf"", ""train_files"": [""PN10-1.edf"", ""PN10-10.edf"", ""PN10-4.5.6.edf"", ""PN10-7.8.9.edf""]}, {""validation_file"": ""PN10-4.5.6.edf"", ""train_files"": [""PN10-1.edf"", ""PN10-10.edf"", ""PN10-3.edf"", ""PN10-7.8.9.edf""]}, {""validation_file"": ""PN10-7.8.9.edf"", ""train_files"": [""PN10-1.edf"", ""PN10-10.edf"", ""PN10-3.edf"", ""PN10-4.5.6.edf""]}]","[""PN10-1.edf"", ""PN10-10.edf"", ""PN10-3.edf"", ""PN10-4.5.6.edf"", ""PN10-7.8.9.edf""]",PN10,E1_RF,PN10-2.edf,nested
9,8,8,164,2,172,3470,58863,50,6,110,58697,0.88888888888888884,0.88888888888888884,10.058435695180332,1,8,8,10.5,7.75,12.75,6,35,0.059117161013339692,145,0.55000000000000004,False,False,"[{""validation_file"": ""PN10-1.edf"", ""train_files"": [""PN10-10.edf"", ""PN10-3.edf"", ""PN10-4.5.6.edf"", ""PN10-7.8.9.edf""]}, {""validation_file"": ""PN10-10.edf"", ""train_files"": [""PN10-1.edf"", ""PN10-3.edf"", ""PN10-4.5.6.edf"", ""PN10-7.8.9.edf""]}, {""validation_file"": ""PN10-3.edf"", ""train_files"": [""PN10-1.edf"", ""PN10-10.edf"", ""PN10-4.5.6.edf"", ""PN10-7.8.9.edf""]}, {""validation_file"": ""PN10-4.5.6.edf"", ""train_files"": [""PN10-1.edf"", ""PN10-10.edf"", ""PN10-3.edf"", ""PN10-7.8.9.edf""]}, {""validation_file"": ""PN10-7.8.9.edf"", ""train_files"": [""PN10-1.edf"", ""PN10-10.edf"", ""PN10-3.edf"", ""PN10-4.5.6.edf""]}]","[""PN10-1.edf"", ""PN10-10.edf"", ""PN10-3.edf"", ""PN10-4.5.6.edf"", ""PN10-7.8.9.edf""]",PN10,E1_RF,PN10-2.edf,nested
9,8,8,146,2,154,3170,58863,50,6,110,58697,0.88888888888888884,0.88888888888888884,8.954461045709321,1,8,8,10.5,7.75,12.75,6,35,0.054006167265788711,145,0.59999999999999998,False,False,"[{""validation_file"": ""PN10-1.edf"", ""train_files"": [""PN10-10.edf"", ""PN10-3.edf"", ""PN10-4.5.6.edf"", ""PN10-7.8.9.edf""]}, {""validation_file"": ""PN10-10.edf"", ""train_files"": [""PN10-1.edf"", ""PN10-3.edf"", ""PN10-4.5.6.edf"", ""PN10-7.8.9.edf""]}, {""validation_file"": ""PN10-3.edf"", ""train_files"": [""PN10-1.edf"", ""PN10-10.edf"", ""PN10-4.5.6.edf"", ""PN10-7.8.9.edf""]}, {""validation_file"": ""PN10-4.5.6.edf"", ""train_files"": [""PN10-1.edf"", ""PN10-10.edf"", ""PN10-3.edf"", ""PN10-7.8.9.edf""]}, {""validation_file"": ""PN10-7.8.9.edf"", ""train_files"": [""PN10-1.edf"", ""PN10-10.edf"", ""PN10-3.edf"", ""PN10-4.5.6.edf""]}]","[""PN10-1.edf"", ""PN10-10.edf"", ""PN10-3.edf"", ""PN10-4.5.6.edf"", ""PN10-7.8.9.edf""]",PN10,E1_RF,PN10-2.edf,nested
9,8,8,137,2,145,2960,58863,50,6,110,58697,0.88888888888888884,0.88888888888888884,8.4024737209738145,1,8,8,11.5,9.25,13.5,6,35,0.050428471642503025,135,0.65000000000000002,False,False,"[{""validation_file"": ""PN10-1.edf"", ""train_files"": [""PN10-10.edf"", ""PN10-3.edf"", ""PN10-4.5.6.edf"", ""PN10-7.8.9.edf""]}, {""validation_file"": ""PN10-10.edf"", ""train_files"": [""PN10-1.edf"", ""PN10-3.edf"", ""PN10-4.5.6.edf"", ""PN10-7.8.9.edf""]}, {""validation_file"": ""PN10-3.edf"", ""train_files"": [""PN10-1.edf"", ""PN10-10.edf"", ""PN10-4.5.6.edf"", ""PN10-7.8.9.edf""]}, {""validation_file"": ""PN10-4.5.6.edf"", ""train_files"": [""PN10-1.edf"", ""PN10-10.edf"", ""PN10-3.edf"", ""PN10-7.8.9.edf""]}, {""validation_file"": ""PN10-7.8.9.edf"", ""train_files"": [""PN10-1.edf"", ""PN10-10.edf"", ""PN10-3.edf"", ""PN10-4.5.6.edf""]}]","[""PN10-1.edf"", ""PN10-10.edf"", ""PN10-3.edf"", ""PN10-4.5.6.edf"", ""PN10-7.8.9.edf""]",PN10,E1_RF,PN10-2.edf,nested
9,8,8,131,2,139,2745,58863,50,6,110,58697,0.88888888888888884,0.88888888888888884,8.0344821711501435,1,8,8,11.5,9.25,17.25,6,35,0.046765592790091487,130,0.69999999999999996,False,False,"[{""validation_file"": ""PN10-1.edf"", ""train_files"": [""PN10-10.edf"", ""PN10-3.edf"", ""PN10-4.5.6.edf"", ""PN10-7.8.9.edf""]}, {""validation_file"": ""PN10-10.edf"", ""train_files"": [""PN10-1.edf"", ""PN10-3.edf"", ""PN10-4.5.6.edf"", ""PN10-7.8.9.edf""]}, {""validation_file"": ""PN10-3.edf"", ""train_files"": [""PN10-1.edf"", ""PN10-10.edf"", ""PN10-4.5.6.edf"", ""PN10-7.8.9.edf""]}, {""validation_file"": ""PN10-4.5.6.edf"", ""train_files"": [""PN10-1.edf"", ""PN10-10.edf"", ""PN10-3.edf"", ""PN10-7.8.9.edf""]}, {""validation_file"": ""PN10-7.8.9.edf"", ""train_files"": [""PN10-1.edf"", ""PN10-10.edf"", ""PN10-3.edf"", ""PN10-4.5.6.edf""]}]","[""PN10-1.edf"", ""PN10-10.edf"", ""PN10-3.edf"", ""PN10-4.5.6.edf"", ""PN10-7.8.9.edf""]",PN10,E1_RF,PN10-2.edf,nested
9,8,8,130,2,138,2515,58863,50,6,110,58697,0.88888888888888884,0.88888888888888884,7.9731502461795323,1,8,8,11.5,9.25,17.25,6,35,0.042847164250302404,85,0.75,False,False,"[{""validation_file"": ""PN10-1.edf"", ""train_files"": [""PN10-10.edf"", ""PN10-3.edf"", ""PN10-4.5.6.edf"", ""PN10-7.8.9.edf""]}, {""validation_file"": ""PN10-10.edf"", ""train_files"": [""PN10-1.edf"", ""PN10-3.edf"", ""PN10-4.5.6.edf"", ""PN10-7.8.9.edf""]}, {""validation_file"": ""PN10-3.edf"", ""train_files"": [""PN10-1.edf"", ""PN10-10.edf"", ""PN10-4.5.6.edf"", ""PN10-7.8.9.edf""]}, {""validation_file"": ""PN10-4.5.6.edf"", ""train_files"": [""PN10-1.edf"", ""PN10-10.edf"", ""PN10-3.edf"", ""PN10-7.8.9.edf""]}, {""validation_file"": ""PN10-7.8.9.edf"", ""train_files"": [""PN10-1.edf"", ""PN10-10.edf"", ""PN10-3.edf"", ""PN10-4.5.6.edf""]}]","[""PN10-1.edf"", ""PN10-10.edf"", ""PN10-3.edf"", ""PN10-4.5.6.edf"", ""PN10-7.8.9.edf""]",PN10,E1_RF,PN10-2.edf,nested
9,6,6,121,0,127,2110,58863,50,6,110,58697,0.66666666666666663,0.66666666666666663,7.4211629214440258,3,6,6,11.5,11,25.5,10,35,0.035947322691108577,60,0.80000000000000004,False,False,"[{""validation_file"": ""PN10-1.edf"", ""train_files"": [""PN10-10.edf"", ""PN10-3.edf"", ""PN10-4.5.6.edf"", ""PN10-7.8.9.edf""]}, {""validation_file"": ""PN10-10.edf"", ""train_files"": [""PN10-1.edf"", ""PN10-3.edf"", ""PN10-4.5.6.edf"", ""PN10-7.8.9.edf""]}, {""validation_file"": ""PN10-3.edf"", ""train_files"": [""PN10-1.edf"", ""PN10-10.edf"", ""PN10-4.5.6.edf"", ""PN10-7.8.9.edf""]}, {""validation_file"": ""PN10-4.5.6.edf"", ""train_files"": [""PN10-1.edf"", ""PN10-10.edf"", ""PN10-3.edf"", ""PN10-7.8.9.edf""]}, {""validation_file"": ""PN10-7.8.9.edf"", ""train_files"": [""PN10-1.edf"", ""PN10-10.edf"", ""PN10-3.edf"", ""PN10-4.5.6.edf""]}]","[""PN10-1.edf"", ""PN10-10.edf"", ""PN10-3.edf"", ""PN10-4.5.6.edf"", ""PN10-7.8.9.edf""]",PN10,E1_RF,PN10-2.edf,nested
9,5,5,108,1,113,1605,58863,50,6,110,58697,0.55555555555555558,0.55555555555555558,6.6238478968260726,4,5,5,12,11,35,10,35,0.027343816549397753,55,0.84999999999999998,False,False,"[{""validation_file"": ""PN10-1.edf"", ""train_files"": [""PN10-10.edf"", ""PN10-3.edf"", ""PN10-4.5.6.edf"", ""PN10-7.8.9.edf""]}, {""validation_file"": ""PN10-10.edf"", ""train_files"": [""PN10-1.edf"", ""PN10-3.edf"", ""PN10-4.5.6.edf"", ""PN10-7.8.9.edf""]}, {""validation_file"": ""PN10-3.edf"", ""train_files"": [""PN10-1.edf"", ""PN10-10.edf"", ""PN10-4.5.6.edf"", ""PN10-7.8.9.edf""]}, {""validation_file"": ""PN10-4.5.6.edf"", ""train_files"": [""PN10-1.edf"", ""PN10-10.edf"", ""PN10-3.edf"", ""PN10-7.8.9.edf""]}, {""validation_file"": ""PN10-7.8.9.edf"", ""train_files"": [""PN10-1.edf"", ""PN10-10.edf"", ""PN10-3.edf"", ""PN10-4.5.6.edf""]}]","[""PN10-1.edf"", ""PN10-10.edf"", ""PN10-3.edf"", ""PN10-4.5.6.edf"", ""PN10-7.8.9.edf""]",PN10,E1_RF,PN10-2.edf,nested
9,4,4,72,1,76,1005,58863,50,6,110,58697,0.44444444444444442,0.44444444444444442,4.4158985978840484,5,4,4,23.5,11.75,35,11,35,0.017121829054295792,30,0.90000000000000002,False,False,"[{""validation_file"": ""PN10-1.edf"", ""train_files"": [""PN10-10.edf"", ""PN10-3.edf"", ""PN10-4.5.6.edf"", ""PN10-7.8.9.edf""]}, {""validation_file"": ""PN10-10.edf"", ""train_files"": [""PN10-1.edf"", ""PN10-3.edf"", ""PN10-4.5.6.edf"", ""PN10-7.8.9.edf""]}, {""validation_file"": ""PN10-3.edf"", ""train_files"": [""PN10-1.edf"", ""PN10-10.edf"", ""PN10-4.5.6.edf"", ""PN10-7.8.9.edf""]}, {""validation_file"": ""PN10-4.5.6.edf"", ""train_files"": [""PN10-1.edf"", ""PN10-10.edf"", ""PN10-3.edf"", ""PN10-7.8.9.edf""]}, {""validation_file"": ""PN10-7.8.9.edf"", ""train_files"": [""PN10-1.edf"", ""PN10-10.edf"", ""PN10-3.edf"", ""PN10-4.5.6.edf""]}]","[""PN10-1.edf"", ""PN10-10.edf"", ""PN10-3.edf"", ""PN10-4.5.6.edf"", ""PN10-7.8.9.edf""]",PN10,E1_RF,PN10-2.edf,nested
9,3,3,30,0,33,380,58863,50,6,110,58697,0.33333333333333331,0.33333333333333331,1.8399577491183536,6,3,3,35,23.5,42.5,12,50,0.0064739254135645777,20,0.94999999999999996,False,False,"[{""validation_file"": ""PN10-1.edf"", ""train_files"": [""PN10-10.edf"", ""PN10-3.edf"", ""PN10-4.5.6.edf"", ""PN10-7.8.9.edf""]}, {""validation_file"": ""PN10-10.edf"", ""train_files"": [""PN10-1.edf"", ""PN10-3.edf"", ""PN10-4.5.6.edf"", ""PN10-7.8.9.edf""]}, {""validation_file"": ""PN10-3.edf"", ""train_files"": [""PN10-1.edf"", ""PN10-10.edf"", ""PN10-4.5.6.edf"", ""PN10-7.8.9.edf""]}, {""validation_file"": ""PN10-4.5.6.edf"", ""train_files"": [""PN10-1.edf"", ""PN10-10.edf"", ""PN10-3.edf"", ""PN10-7.8.9.edf""]}, {""validation_file"": ""PN10-7.8.9.edf"", ""train_files"": [""PN10-1.edf"", ""PN10-10.edf"", ""PN10-3.edf"", ""PN10-4.5.6.edf""]}]","[""PN10-1.edf"", ""PN10-10.edf"", ""PN10-3.edf"", ""PN10-4.5.6.edf"", ""PN10-7.8.9.edf""]",PN10,E1_RF,PN10-2.edf,nested
9,0,0,0,0,0,0,58863,50,6,110,58697,0,0,0,9,0,0,,,,,,0,0,1.01,True,True,"[{""validation_file"": ""PN10-1.edf"", ""train_files"": [""PN10-10.edf"", ""PN10-3.edf"", ""PN10-4.5.6.edf"", ""PN10-7.8.9.edf""]}, {""validation_file"": ""PN10-10.edf"", ""train_files"": [""PN10-1.edf"", ""PN10-3.edf"", ""PN10-4.5.6.edf"", ""PN10-7.8.9.edf""]}, {""validation_file"": ""PN10-3.edf"", ""train_files"": [""PN10-1.edf"", ""PN10-10.edf"", ""PN10-4.5.6.edf"", ""PN10-7.8.9.edf""]}, {""validation_file"": ""PN10-4.5.6.edf"", ""train_files"": [""PN10-1.edf"", ""PN10-10.edf"", ""PN10-3.edf"", ""PN10-7.8.9.edf""]}, {""validation_file"": ""PN10-7.8.9.edf"", ""train_files"": [""PN10-1.edf"", ""PN10-10.edf"", ""PN10-3.edf"", ""PN10-4.5.6.edf""]}]","[""PN10-1.edf"", ""PN10-10.edf"", ""PN10-3.edf"", ""PN10-4.5.6.edf"", ""PN10-7.8.9.edf""]",PN10,E1_RF,PN10-2.edf,nested
9,6,8,805,0,811,33805,58704,50,21,105,58528,0.66666666666666663,0.88888888888888884,49.514762165117553,3,6,6,4,2,9,1,60,0.57758679606342267,2625,0.050000000000000003,False,False,"[{""validation_file"": ""PN10-1.edf"", ""train_files"": [""PN10-10.edf"", ""PN10-2.edf"", ""PN10-4.5.6.edf"", ""PN10-7.8.9.edf""]}, {""validation_file"": ""PN10-10.edf"", ""train_files"": [""PN10-1.edf"", ""PN10-2.edf"", ""PN10-4.5.6.edf"", ""PN10-7.8.9.edf""]}, {""validation_file"": ""PN10-2.edf"", ""train_files"": [""PN10-1.edf"", ""PN10-10.edf"", ""PN10-4.5.6.edf"", ""PN10-7.8.9.edf""]}, {""validation_file"": ""PN10-4.5.6.edf"", ""train_files"": [""PN10-1.edf"", ""PN10-10.edf"", ""PN10-2.edf"", ""PN10-7.8.9.edf""]}, {""validation_file"": ""PN10-7.8.9.edf"", ""train_files"": [""PN10-1.edf"", ""PN10-10.edf"", ""PN10-2.edf"", ""PN10-4.5.6.edf""]}]","[""PN10-1.edf"", ""PN10-10.edf"", ""PN10-2.edf"", ""PN10-4.5.6.edf"", ""PN10-7.8.9.edf""]",PN10,E1_RF,PN10-3.edf,nested
9,6,8,767,0,773,20780,58704,50,21,105,58528,0.66666666666666663,0.88888888888888884,47.177419354838712,3,6,6,6.5,6,7,5,10,0.35504373974849646,760,0.10000000000000001,False,False,"[{""validation_file"": ""PN10-1.edf"", ""train_files"": [""PN10-10.edf"", ""PN10-2.edf"", ""PN10-4.5.6.edf"", ""PN10-7.8.9.edf""]}, {""validation_file"": ""PN10-10.edf"", ""train_files"": [""PN10-1.edf"", ""PN10-2.edf"", ""PN10-4.5.6.edf"", ""PN10-7.8.9.edf""]}, {""validation_file"": ""PN10-2.edf"", ""train_files"": [""PN10-1.edf"", ""PN10-10.edf"", ""PN10-4.5.6.edf"", ""PN10-7.8.9.edf""]}, {""validation_file"": ""PN10-4.5.6.edf"", ""train_files"": [""PN10-1.edf"", ""PN10-10.edf"", ""PN10-2.edf"", ""PN10-7.8.9.edf""]}, {""validation_file"": ""PN10-7.8.9.edf"", ""train_files"": [""PN10-1.edf"", ""PN10-10.edf"", ""PN10-2.edf"", ""PN10-4.5.6.edf""]}]","[""PN10-1.edf"", ""PN10-10.edf"", ""PN10-2.edf"", ""PN10-4.5.6.edf"", ""PN10-7.8.9.edf""]",PN10,E1_RF,PN10-3.edf,nested
9,6,8,591,0,597,14035,58704,50,21,105,58528,0.66666666666666663,0.88888888888888884,36.351831601968286,3,6,6,7,6.25,9.25,6,10,0.2397997539639147,570,0.14999999999999999,False,False,"[{""validation_file"": ""PN10-1.edf"", ""train_files"": [""PN10-10.edf"", ""PN10-2.edf"", ""PN10-4.5.6.edf"", ""PN10-7.8.9.edf""]}, {""validation_file"": ""PN10-10.edf"", ""train_files"": [""PN10-1.edf"", ""PN10-2.edf"", ""PN10-4.5.6.edf"", ""PN10-7.8.9.edf""]}, {""validation_file"": ""PN10-2.edf"", ""train_files"": [""PN10-1.edf"", ""PN10-10.edf"", ""PN10-4.5.6.edf"", ""PN10-7.8.9.edf""]}, {""validation_file"": ""PN10-4.5.6.edf"", ""train_files"": [""PN10-1.edf"", ""PN10-10.edf"", ""PN10-2.edf"", ""PN10-7.8.9.edf""]}, {""validation_file"": ""PN10-7.8.9.edf"", ""train_files"": [""PN10-1.edf"", ""PN10-10.edf"", ""PN10-2.edf"", ""PN10-4.5.6.edf""]}]","[""PN10-1.edf"", ""PN10-10.edf"", ""PN10-2.edf"", ""PN10-4.5.6.edf"", ""PN10-7.8.9.edf""]",PN10,E1_RF,PN10-3.edf,nested
9,8,8,502,0,510,10445,58704,50,21,105,58528,0.88888888888888884,0.88888888888888884,30.877528704209951,1,8,8,6.5,5.25,7.75,2,10,0.17846159103335155,570,0.20000000000000001,False,False,"[{""validation_file"": ""PN10-1.edf"", ""train_files"": [""PN10-10.edf"", ""PN10-2.edf"", ""PN10-4.5.6.edf"", ""PN10-7.8.9.edf""]}, {""validation_file"": ""PN10-10.edf"", ""train_files"": [""PN10-1.edf"", ""PN10-2.edf"", ""PN10-4.5.6.edf"", ""PN10-7.8.9.edf""]}, {""validation_file"": ""PN10-2.edf"", ""train_files"": [""PN10-1.edf"", ""PN10-10.edf"", ""PN10-4.5.6.edf"", ""PN10-7.8.9.edf""]}, {""validation_file"": ""PN10-4.5.6.edf"", ""train_files"": [""PN10-1.edf"", ""PN10-10.edf"", ""PN10-2.edf"", ""PN10-7.8.9.edf""]}, {""validation_file"": ""PN10-7.8.9.edf"", ""train_files"": [""PN10-1.edf"", ""PN10-10.edf"", ""PN10-2.edf"", ""PN10-4.5.6.edf""]}]","[""PN10-1.edf"", ""PN10-10.edf"", ""PN10-2.edf"", ""PN10-4.5.6.edf"", ""PN10-7.8.9.edf""]",PN10,E1_RF,PN10-3.edf,nested
9,8,8,396,0,404,7955,58704,50,21,105,58528,0.88888888888888884,0.88888888888888884,24.357572443958446,1,8,8,6.5,5.25,7.75,2,10,0.13591785128485512,425,0.25,False,False,"[{""validation_file"": ""PN10-1.edf"", ""train_files"": [""PN10-10.edf"", ""PN10-2.edf"", ""PN10-4.5.6.edf"", ""PN10-7.8.9.edf""]}, {""validation_file"": ""PN10-10.edf"", ""train_files"": [""PN10-1.edf"", ""PN10-2.edf"", ""PN10-4.5.6.edf"", ""PN10-7.8.9.edf""]}, {""validation_file"": ""PN10-2.edf"", ""train_files"": [""PN10-1.edf"", ""PN10-10.edf"", ""PN10-4.5.6.edf"", ""PN10-7.8.9.edf""]}, {""validation_file"": ""PN10-4.5.6.edf"", ""train_files"": [""PN10-1.edf"", ""PN10-10.edf"", ""PN10-2.edf"", ""PN10-7.8.9.edf""]}, {""validation_file"": ""PN10-7.8.9.edf"", ""train_files"": [""PN10-1.edf"", ""PN10-10.edf"", ""PN10-2.edf"", ""PN10-4.5.6.edf""]}]","[""PN10-1.edf"", ""PN10-10.edf"", ""PN10-2.edf"", ""PN10-4.5.6.edf"", ""PN10-7.8.9.edf""]",PN10,E1_RF,PN10-3.edf,nested
9,8,8,303,1,311,6255,58704,50,21,105,58528,0.88888888888888884,0.88888888888888884,18.637233460907598,1,8,8,7,6,8.5,2,10,0.10687192454893385,250,0.29999999999999999,False,False,"[{""validation_file"": ""PN10-1.edf"", ""train_files"": [""PN10-10.edf"", ""PN10-2.edf"", ""PN10-4.5.6.edf"", ""PN10-7.8.9.edf""]}, {""validation_file"": ""PN10-10.edf"", ""train_files"": [""PN10-1.edf"", ""PN10-2.edf"", ""PN10-4.5.6.edf"", ""PN10-7.8.9.edf""]}, {""validation_file"": ""PN10-2.edf"", ""train_files"": [""PN10-1.edf"", ""PN10-10.edf"", ""PN10-4.5.6.edf"", ""PN10-7.8.9.edf""]}, {""validation_file"": ""PN10-4.5.6.edf"", ""train_files"": [""PN10-1.edf"", ""PN10-10.edf"", ""PN10-2.edf"", ""PN10-7.8.9.edf""]}, {""validation_file"": ""PN10-7.8.9.edf"", ""train_files"": [""PN10-1.edf"", ""PN10-10.edf"", ""PN10-2.edf"", ""PN10-4.5.6.edf""]}]","[""PN10-1.edf"", ""PN10-10.edf"", ""PN10-2.edf"", ""PN10-4.5.6.edf"", ""PN10-7.8.9.edf""]",PN10,E1_RF,PN10-3.edf,nested
9,8,8,248,1,256,5330,58704,50,21,105,58528,0.88888888888888884,0.88888888888888884,15.254237288135593,1,8,8,7,6,8.5,2,10,0.091067523236741388,250,0.34999999999999998,False,False,"[{""validation_file"": ""PN10-1.edf"", ""train_files"": [""PN10-10.edf"", ""PN10-2.edf"", ""PN10-4.5.6.edf"", ""PN10-7.8.9.edf""]}, {""validation_file"": ""PN10-10.edf"", ""train_files"": [""PN10-1.edf"", ""PN10-2.edf"", ""PN10-4.5.6.edf"", ""PN10-7.8.9.edf""]}, {""validation_file"": ""PN10-2.edf"", ""train_files"": [""PN10-1.edf"", ""PN10-10.edf"", ""PN10-4.5.6.edf"", ""PN10-7.8.9.edf""]}, {""validation_file"": ""PN10-4.5.6.edf"", ""train_files"": [""PN10-1.edf"", ""PN10-10.edf"", ""PN10-2.edf"", ""PN10-7.8.9.edf""]}, {""validation_file"": ""PN10-7.8.9.edf"", ""train_files"": [""PN10-1.edf"", ""PN10-10.edf"", ""PN10-2.edf"", ""PN10-4.5.6.edf""]}]","[""PN10-1.edf"", ""PN10-10.edf"", ""PN10-2.edf"", ""PN10-4.5.6.edf"", ""PN10-7.8.9.edf""]",PN10,E1_RF,PN10-3.edf,nested
9,8,8,217,1,225,4730,58704,50,21,105,58528,0.88888888888888884,0.88888888888888884,13.347457627118644,1,8,8,7,6,8.5,2,10,0.080816019682886819,250,0.40000000000000002,False,False,"[{""validation_file"": ""PN10-1.edf"", ""train_files"": [""PN10-10.edf"", ""PN10-2.edf"", ""PN10-4.5.6.edf"", ""PN10-7.8.9.edf""]}, {""validation_file"": ""PN10-10.edf"", ""train_files"": [""PN10-1.edf"", ""PN10-2.edf"", ""PN10-4.5.6.edf"", ""PN10-7.8.9.edf""]}, {""validation_file"": ""PN10-2.edf"", ""train_files"": [""PN10-1.edf"", ""PN10-10.edf"", ""PN10-4.5.6.edf"", ""PN10-7.8.9.edf""]}, {""validation_file"": ""PN10-4.5.6.edf"", ""train_files"": [""PN10-1.edf"", ""PN10-10.edf"", ""PN10-2.edf"", ""PN10-7.8.9.edf""]}, {""validation_file"": ""PN10-7.8.9.edf"", ""train_files"": [""PN10-1.edf"", ""PN10-10.edf"", ""PN10-2.edf"", ""PN10-4.5.6.edf""]}]","[""PN10-1.edf"", ""PN10-10.edf"", ""PN10-2.edf"", ""PN10-4.5.6.edf"", ""PN10-7.8.9.edf""]",PN10,E1_RF,PN10-3.edf,nested
9,8,8,188,2,196,4245,58704,50,21,105,58528,0.88888888888888884,0.88888888888888884,11.56369600874795,1,8,8,7,6,8.5,2,10,0.072529387643521057,250,0.45000000000000001,False,False,"[{""validation_file"": ""PN10-1.edf"", ""train_files"": [""PN10-10.edf"", ""PN10-2.edf"", ""PN10-4.5.6.edf"", ""PN10-7.8.9.edf""]}, {""validation_file"": ""PN10-10.edf"", ""train_files"": [""PN10-1.edf"", ""PN10-2.edf"", ""PN10-4.5.6.edf"", ""PN10-7.8.9.edf""]}, {""validation_file"": ""PN10-2.edf"", ""train_files"": [""PN10-1.edf"", ""PN10-10.edf"", ""PN10-4.5.6.edf"", ""PN10-7.8.9.edf""]}, {""validation_file"": ""PN10-4.5.6.edf"", ""train_files"": [""PN10-1.edf"", ""PN10-10.edf"", ""PN10-2.edf"", ""PN10-7.8.9.edf""]}, {""validation_file"": ""PN10-7.8.9.edf"", ""train_files"": [""PN10-1.edf"", ""PN10-10.edf"", ""PN10-2.edf"", ""PN10-4.5.6.edf""]}]","[""PN10-1.edf"", ""PN10-10.edf"", ""PN10-2.edf"", ""PN10-4.5.6.edf"", ""PN10-7.8.9.edf""]",PN10,E1_RF,PN10-3.edf,nested
9,8,8,170,2,178,3840,58704,50,21,105,58528,0.88888888888888884,0.88888888888888884,10.456533624931657,1,8,8,7.5,6.75,10.25,2,15,0.065609622744669222,240,0.5,False,False,"[{""validation_file"": ""PN10-1.edf"", ""train_files"": [""PN10-10.edf"", ""PN10-2.edf"", ""PN10-4.5.6.edf"", ""PN10-7.8.9.edf""]}, {""validation_file"": ""PN10-10.edf"", ""train_files"": [""PN10-1.edf"", ""PN10-2.edf"", ""PN10-4.5.6.edf"", ""PN10-7.8.9.edf""]}, {""validation_file"": ""PN10-2.edf"", ""train_files"": [""PN10-1.edf"", ""PN10-10.edf"", ""PN10-4.5.6.edf"", ""PN10-7.8.9.edf""]}, {""validation_file"": ""PN10-4.5.6.edf"", ""train_files"": [""PN10-1.edf"", ""PN10-10.edf"", ""PN10-2.edf"", ""PN10-7.8.9.edf""]}, {""validation_file"": ""PN10-7.8.9.edf"", ""train_files"": [""PN10-1.edf"", ""PN10-10.edf"", ""PN10-2.edf"", ""PN10-4.5.6.edf""]}]","[""PN10-1.edf"", ""PN10-10.edf"", ""PN10-2.edf"", ""PN10-4.5.6.edf"", ""PN10-7.8.9.edf""]",PN10,E1_RF,PN10-3.edf,nested
9,8,8,159,2,167,3415,58704,50,21,105,58528,0.88888888888888884,0.88888888888888884,9.7799343903772549,1,8,8,9,7,12,6,17,0.058348141060688904,130,0.55000000000000004,False,False,"[{""validation_file"": ""PN10-1.edf"", ""train_files"": [""PN10-10.edf"", ""PN10-2.edf"", ""PN10-4.5.6.edf"", ""PN10-7.8.9.edf""]}, {""validation_file"": ""PN10-10.edf"", ""train_files"": [""PN10-1.edf"", ""PN10-2.edf"", ""PN10-4.5.6.edf"", ""PN10-7.8.9.edf""]}, {""validation_file"": ""PN10-2.edf"", ""train_files"": [""PN10-1.edf"", ""PN10-10.edf"", ""PN10-4.5.6.edf"", ""PN10-7.8.9.edf""]}, {""validation_file"": ""PN10-4.5.6.edf"", ""train_files"": [""PN10-1.edf"", ""PN10-10.edf"", ""PN10-2.edf"", ""PN10-7.8.9.edf""]}, {""validation_file"": ""PN10-7.8.9.edf"", ""train_files"": [""PN10-1.edf"", ""PN10-10.edf"", ""PN10-2.edf"", ""PN10-4.5.6.edf""]}]","[""PN10-1.edf"", ""PN10-10.edf"", ""PN10-2.edf"", ""PN10-4.5.6.edf"", ""PN10-7.8.9.edf""]",PN10,E1_RF,PN10-3.edf,nested
9,8,8,153,2,161,3130,58704,50,21,105,58528,0.88888888888888884,0.88888888888888884,9.4108802624384911,1,8,8,10.5,7.75,12.75,6,17,0.053478676872607982,110,0.59999999999999998,False,False,"[{""validation_file"": ""PN10-1.edf"", ""train_files"": [""PN10-10.edf"", ""PN10-2.edf"", ""PN10-4.5.6.edf"", ""PN10-7.8.9.edf""]}, {""validation_file"": ""PN10-10.edf"", ""train_files"": [""PN10-1.edf"", ""PN10-2.edf"", ""PN10-4.5.6.edf"", ""PN10-7.8.9.edf""]}, {""validation_file"": ""PN10-2.edf"", ""train_files"": [""PN10-1.edf"", ""PN10-10.edf"", ""PN10-4.5.6.edf"", ""PN10-7.8.9.edf""]}, {""validation_file"": ""PN10-4.5.6.edf"", ""train_files"": [""PN10-1.edf"", ""PN10-10.edf"", ""PN10-2.edf"", ""PN10-7.8.9.edf""]}, {""validation_file"": ""PN10-7.8.9.edf"", ""train_files"": [""PN10-1.edf"", ""PN10-10.edf"", ""PN10-2.edf"", ""PN10-4.5.6.edf""]}]","[""PN10-1.edf"", ""PN10-10.edf"", ""PN10-2.edf"", ""PN10-4.5.6.edf"", ""PN10-7.8.9.edf""]",PN10,E1_RF,PN10-3.edf,nested
9,8,8,149,2,157,2885,58704,50,21,105,58528,0.88888888888888884,0.88888888888888884,9.1648441771459819,1,8,8,10.5,7.75,12.75,6,17,0.049292646254784037,65,0.65000000000000002,False,False,"[{""validation_file"": ""PN10-1.edf"", ""train_files"": [""PN10-10.edf"", ""PN10-2.edf"", ""PN10-4.5.6.edf"", ""PN10-7.8.9.edf""]}, {""validation_file"": ""PN10-10.edf"", ""train_files"": [""PN10-1.edf"", ""PN10-2.edf"", ""PN10-4.5.6.edf"", ""PN10-7.8.9.edf""]}, {""validation_file"": ""PN10-2.edf"", ""train_files"": [""PN10-1.edf"", ""PN10-10.edf"", ""PN10-4.5.6.edf"", ""PN10-7.8.9.edf""]}, {""validation_file"": ""PN10-4.5.6.edf"", ""train_files"": [""PN10-1.edf"", ""PN10-10.edf"", ""PN10-2.edf"", ""PN10-7.8.9.edf""]}, {""validation_file"": ""PN10-7.8.9.edf"", ""train_files"": [""PN10-1.edf"", ""PN10-10.edf"", ""PN10-2.edf"", ""PN10-4.5.6.edf""]}]","[""PN10-1.edf"", ""PN10-10.edf"", ""PN10-2.edf"", ""PN10-4.5.6.edf"", ""PN10-7.8.9.edf""]",PN10,E1_RF,PN10-3.edf,nested
9,7,7,141,1,148,2475,58704,50,21,105,58528,0.77777777777777779,0.77777777777777779,8.6727720065609617,2,7,7,11,9,11.5,7,35,0.042287452159650081,50,0.69999999999999996,False,False,"[{""validation_file"": ""PN10-1.edf"", ""train_files"": [""PN10-10.edf"", ""PN10-2.edf"", ""PN10-4.5.6.edf"", ""PN10-7.8.9.edf""]}, {""validation_file"": ""PN10-10.edf"", ""train_files"": [""PN10-1.edf"", ""PN10-2.edf"", ""PN10-4.5.6.edf"", ""PN10-7.8.9.edf""]}, {""validation_file"": ""PN10-2.edf"", ""train_files"": [""PN10-1.edf"", ""PN10-10.edf"", ""PN10-4.5.6.edf"", ""PN10-7.8.9.edf""]}, {""validation_file"": ""PN10-4.5.6.edf"", ""train_files"": [""PN10-1.edf"", ""PN10-10.edf"", ""PN10-2.edf"", ""PN10-7.8.9.edf""]}, {""validation_file"": ""PN10-7.8.9.edf"", ""train_files"": [""PN10-1.edf"", ""PN10-10.edf"", ""PN10-2.edf"", ""PN10-4.5.6.edf""]}]","[""PN10-1.edf"", ""PN10-10.edf"", ""PN10-2.edf"", ""PN10-4.5.6.edf"", ""PN10-7.8.9.edf""]",PN10,E1_RF,PN10-3.edf,nested
9,6,6,124,1,130,2045,58704,50,21,105,58528,0.66666666666666663,0.66666666666666663,7.6271186440677967,3,6,6,11.5,10.25,12.75,7,35,0.034940541279387644,40,0.75,False,False,"[{""validation_file"": ""PN10-1.edf"", ""train_files"": [""PN10-10.edf"", ""PN10-2.edf"", ""PN10-4.5.6.edf"", ""PN10-7.8.9.edf""]}, {""validation_file"": ""PN10-10.edf"", ""train_files"": [""PN10-1.edf"", ""PN10-2.edf"", ""PN10-4.5.6.edf"", ""PN10-7.8.9.edf""]}, {""validation_file"": ""PN10-2.edf"", ""train_files"": [""PN10-1.edf"", ""PN10-10.edf"", ""PN10-4.5.6.edf"", ""PN10-7.8.9.edf""]}, {""validation_file"": ""PN10-4.5.6.edf"", ""train_files"": [""PN10-1.edf"", ""PN10-10.edf"", ""PN10-2.edf"", ""PN10-7.8.9.edf""]}, {""validation_file"": ""PN10-7.8.9.edf"", ""train_files"": [""PN10-1.edf"", ""PN10-10.edf"", ""PN10-2.edf"", ""PN10-4.5.6.edf""]}]","[""PN10-1.edf"", ""PN10-10.edf"", ""PN10-2.edf"", ""PN10-4.5.6.edf"", ""PN10-7.8.9.edf""]",PN10,E1_RF,PN10-3.edf,nested
9,6,6,105,0,111,1615,58704,50,21,105,58528,0.66666666666666663,0.66666666666666663,6.4584472389283762,3,6,6,12.5,11.25,27.25,10,35,0.027593630399125206,40,0.80000000000000004,False,False,"[{""validation_file"": ""PN10-1.edf"", ""train_files"": [""PN10-10.edf"", ""PN10-2.edf"", ""PN10-4.5.6.edf"", ""PN10-7.8.9.edf""]}, {""validation_file"": ""PN10-10.edf"", ""train_files"": [""PN10-1.edf"", ""PN10-2.edf"", ""PN10-4.5.6.edf"", ""PN10-7.8.9.edf""]}, {""validation_file"": ""PN10-2.edf"", ""train_files"": [""PN10-1.edf"", ""PN10-10.edf"", ""PN10-4.5.6.edf"", ""PN10-7.8.9.edf""]}, {""validation_file"": ""PN10-4.5.6.edf"", ""train_files"": [""PN10-1.edf"", ""PN10-10.edf"", ""PN10-2.edf"", ""PN10-7.8.9.edf""]}, {""validation_file"": ""PN10-7.8.9.edf"", ""train_files"": [""PN10-1.edf"", ""PN10-10.edf"", ""PN10-2.edf"", ""PN10-4.5.6.edf""]}]","[""PN10-1.edf"", ""PN10-10.edf"", ""PN10-2.edf"", ""PN10-4.5.6.edf"", ""PN10-7.8.9.edf""]",PN10,E1_RF,PN10-3.edf,nested
9,6,6,80,0,86,1210,58704,50,21,105,58528,0.66666666666666663,0.66666666666666663,4.9207217058501911,3,6,6,12.5,11.25,27.25,10,35,0.020673865500273374,35,0.84999999999999998,False,False,"[{""validation_file"": ""PN10-1.edf"", ""train_files"": [""PN10-10.edf"", ""PN10-2.edf"", ""PN10-4.5.6.edf"", ""PN10-7.8.9.edf""]}, {""validation_file"": ""PN10-10.edf"", ""train_files"": [""PN10-1.edf"", ""PN10-2.edf"", ""PN10-4.5.6.edf"", ""PN10-7.8.9.edf""]}, {""validation_file"": ""PN10-2.edf"", ""train_files"": [""PN10-1.edf"", ""PN10-10.edf"", ""PN10-4.5.6.edf"", ""PN10-7.8.9.edf""]}, {""validation_file"": ""PN10-4.5.6.edf"", ""train_files"": [""PN10-1.edf"", ""PN10-10.edf"", ""PN10-2.edf"", ""PN10-7.8.9.edf""]}, {""validation_file"": ""PN10-7.8.9.edf"", ""train_files"": [""PN10-1.edf"", ""PN10-10.edf"", ""PN10-2.edf"", ""PN10-4.5.6.edf""]}]","[""PN10-1.edf"", ""PN10-10.edf"", ""PN10-2.edf"", ""PN10-4.5.6.edf"", ""PN10-7.8.9.edf""]",PN10,E1_RF,PN10-3.edf,nested
9,2,2,51,0,53,630,58704,50,21,105,58528,0.22222222222222221,0.22222222222222221,3.1369600874794972,7,2,2,23.5,17.75,29.25,12,35,0.010764078731547293,25,0.90000000000000002,False,False,"[{""validation_file"": ""PN10-1.edf"", ""train_files"": [""PN10-10.edf"", ""PN10-2.edf"", ""PN10-4.5.6.edf"", ""PN10-7.8.9.edf""]}, {""validation_file"": ""PN10-10.edf"", ""train_files"": [""PN10-1.edf"", ""PN10-2.edf"", ""PN10-4.5.6.edf"", ""PN10-7.8.9.edf""]}, {""validation_file"": ""PN10-2.edf"", ""train_files"": [""PN10-1.edf"", ""PN10-10.edf"", ""PN10-4.5.6.edf"", ""PN10-7.8.9.edf""]}, {""validation_file"": ""PN10-4.5.6.edf"", ""train_files"": [""PN10-1.edf"", ""PN10-10.edf"", ""PN10-2.edf"", ""PN10-7.8.9.edf""]}, {""validation_file"": ""PN10-7.8.9.edf"", ""train_files"": [""PN10-1.edf"", ""PN10-10.edf"", ""PN10-2.edf"", ""PN10-4.5.6.edf""]}]","[""PN10-1.edf"", ""PN10-10.edf"", ""PN10-2.edf"", ""PN10-4.5.6.edf"", ""PN10-7.8.9.edf""]",PN10,E1_RF,PN10-3.edf,nested
9,2,2,16,0,18,195,58704,50,21,105,58528,0.22222222222222221,0.22222222222222221,0.98414434117003824,7,2,2,23.5,17.75,29.25,12,35,0.0033317386550027338,15,0.94999999999999996,True,True,"[{""validation_file"": ""PN10-1.edf"", ""train_files"": [""PN10-10.edf"", ""PN10-2.edf"", ""PN10-4.5.6.edf"", ""PN10-7.8.9.edf""]}, {""validation_file"": ""PN10-10.edf"", ""train_files"": [""PN10-1.edf"", ""PN10-2.edf"", ""PN10-4.5.6.edf"", ""PN10-7.8.9.edf""]}, {""validation_file"": ""PN10-2.edf"", ""train_files"": [""PN10-1.edf"", ""PN10-10.edf"", ""PN10-4.5.6.edf"", ""PN10-7.8.9.edf""]}, {""validation_file"": ""PN10-4.5.6.edf"", ""train_files"": [""PN10-1.edf"", ""PN10-10.edf"", ""PN10-2.edf"", ""PN10-7.8.9.edf""]}, {""validation_file"": ""PN10-7.8.9.edf"", ""train_files"": [""PN10-1.edf"", ""PN10-10.edf"", ""PN10-2.edf"", ""PN10-4.5.6.edf""]}]","[""PN10-1.edf"", ""PN10-10.edf"", ""PN10-2.edf"", ""PN10-4.5.6.edf"", ""PN10-7.8.9.edf""]",PN10,E1_RF,PN10-3.edf,nested
9,0,0,0,0,0,0,58704,50,21,105,58528,0,0,0,9,0,0,,,,,,0,0,1.01,True,False,"[{""validation_file"": ""PN10-1.edf"", ""train_files"": [""PN10-10.edf"", ""PN10-2.edf"", ""PN10-4.5.6.edf"", ""PN10-7.8.9.edf""]}, {""validation_file"": ""PN10-10.edf"", ""train_files"": [""PN10-1.edf"", ""PN10-2.edf"", ""PN10-4.5.6.edf"", ""PN10-7.8.9.edf""]}, {""validation_file"": ""PN10-2.edf"", ""train_files"": [""PN10-1.edf"", ""PN10-10.edf"", ""PN10-4.5.6.edf"", ""PN10-7.8.9.edf""]}, {""validation_file"": ""PN10-4.5.6.edf"", ""train_files"": [""PN10-1.edf"", ""PN10-10.edf"", ""PN10-2.edf"", ""PN10-7.8.9.edf""]}, {""validation_file"": ""PN10-7.8.9.edf"", ""train_files"": [""PN10-1.edf"", ""PN10-10.edf"", ""PN10-2.edf"", ""PN10-4.5.6.edf""]}]","[""PN10-1.edf"", ""PN10-10.edf"", ""PN10-2.edf"", ""PN10-4.5.6.edf"", ""PN10-7.8.9.edf""]",PN10,E1_RF,PN10-3.edf,nested
7,5,7,723,0,728,25175,50769,50,27,110,50582,0.7142857142857143,1,51.457040053774072,2,5,5,3,2,7,1,10,0.49770669408089835,645,0.050000000000000003,False,False,"[{""validation_file"": ""PN10-1.edf"", ""train_files"": [""PN10-10.edf"", ""PN10-2.edf"", ""PN10-3.edf"", ""PN10-7.8.9.edf""]}, {""validation_file"": ""PN10-10.edf"", ""train_files"": [""PN10-1.edf"", ""PN10-2.edf"", ""PN10-3.edf"", ""PN10-7.8.9.edf""]}, {""validation_file"": ""PN10-2.edf"", ""train_files"": [""PN10-1.edf"", ""PN10-10.edf"", ""PN10-3.edf"", ""PN10-7.8.9.edf""]}, {""validation_file"": ""PN10-3.edf"", ""train_files"": [""PN10-1.edf"", ""PN10-10.edf"", ""PN10-2.edf"", ""PN10-7.8.9.edf""]}, {""validation_file"": ""PN10-7.8.9.edf"", ""train_files"": [""PN10-1.edf"", ""PN10-10.edf"", ""PN10-2.edf"", ""PN10-3.edf""]}]","[""PN10-1.edf"", ""PN10-10.edf"", ""PN10-2.edf"", ""PN10-3.edf"", ""PN10-7.8.9.edf""]",PN10,E1_RF,PN10-4.5.6.edf,nested
7,6,7,641,1,647,16365,50769,50,27,110,50582,0.8571428571428571,1,45.620971887232614,1,6,6,6.5,5.25,7,3,10,0.32353406350085012,625,0.10000000000000001,False,False,"[{""validation_file"": ""PN10-1.edf"", ""train_files"": [""PN10-10.edf"", ""PN10-2.edf"", ""PN10-3.edf"", ""PN10-7.8.9.edf""]}, {""validation_file"": ""PN10-10.edf"", ""train_files"": [""PN10-1.edf"", ""PN10-2.edf"", ""PN10-3.edf"", ""PN10-7.8.9.edf""]}, {""validation_file"": ""PN10-2.edf"", ""train_files"": [""PN10-1.edf"", ""PN10-10.edf"", ""PN10-3.edf"", ""PN10-7.8.9.edf""]}, {""validation_file"": ""PN10-3.edf"", ""train_files"": [""PN10-1.edf"", ""PN10-10.edf"", ""PN10-2.edf"", ""PN10-7.8.9.edf""]}, {""validation_file"": ""PN10-7.8.9.edf"", ""train_files"": [""PN10-1.edf"", ""PN10-10.edf"", ""PN10-2.edf"", ""PN10-3.edf""]}]","[""PN10-1.edf"", ""PN10-10.edf"", ""PN10-2.edf"", ""PN10-3.edf"", ""PN10-7.8.9.edf""]",PN10,E1_RF,PN10-4.5.6.edf,nested
7,6,7,498,2,504,11560,50769,50,27,110,50582,0.8571428571428571,1,35.443438377288366,1,6,6,7,6.25,9.25,3,10,0.22853979676564787,425,0.14999999999999999,False,False,"[{""validation_file"": ""PN10-1.edf"", ""train_files"": [""PN10-10.edf"", ""PN10-2.edf"", ""PN10-3.edf"", ""PN10-7.8.9.edf""]}, {""validation_file"": ""PN10-10.edf"", ""train_files"": [""PN10-1.edf"", ""PN10-2.edf"", ""PN10-3.edf"", ""PN10-7.8.9.edf""]}, {""validation_file"": ""PN10-2.edf"", ""train_files"": [""PN10-1.edf"", ""PN10-10.edf"", ""PN10-3.edf"", ""PN10-7.8.9.edf""]}, {""validation_file"": ""PN10-3.edf"", ""train_files"": [""PN10-1.edf"", ""PN10-10.edf"", ""PN10-2.edf"", ""PN10-7.8.9.edf""]}, {""validation_file"": ""PN10-7.8.9.edf"", ""train_files"": [""PN10-1.edf"", ""PN10-10.edf"", ""PN10-2.edf"", ""PN10-3.edf""]}]","[""PN10-1.edf"", ""PN10-10.edf"", ""PN10-2.edf"", ""PN10-3.edf"", ""PN10-7.8.9.edf""]",PN10,E1_RF,PN10-4.5.6.edf,nested
7,7,7,374,1,381,8555,50769,50,27,110,50582,1,1,26.618164564469573,0,7,7,7,6.5,9,2,10,0.16913131153374719,420,0.20000000000000001,False,False,"[{""validation_file"": ""PN10-1.edf"", ""train_files"": [""PN10-10.edf"", ""PN10-2.edf"", ""PN10-3.edf"", ""PN10-7.8.9.edf""]}, {""validation_file"": ""PN10-10.edf"", ""train_files"": [""PN10-1.edf"", ""PN10-2.edf"", ""PN10-3.edf"", ""PN10-7.8.9.edf""]}, {""validation_file"": ""PN10-2.edf"", ""train_files"": [""PN10-1.edf"", ""PN10-10.edf"", ""PN10-3.edf"", ""PN10-7.8.9.edf""]}, {""validation_file"": ""PN10-3.edf"", ""train_files"": [""PN10-1.edf"", ""PN10-10.edf"", ""PN10-2.edf"", ""PN10-7.8.9.edf""]}, {""validation_file"": ""PN10-7.8.9.edf"", ""train_files"": [""PN10-1.edf"", ""PN10-10.edf"", ""PN10-2.edf"", ""PN10-3.edf""]}]","[""PN10-1.edf"", ""PN10-10.edf"", ""PN10-2.edf"", ""PN10-3.edf"", ""PN10-7.8.9.edf""]",PN10,E1_RF,PN10-4.5.6.edf,nested
7,7,7,316,2,323,7195,50769,50,27,110,50582,1,1,22.490213910086592,0,7,7,7,6.5,9,2,10,0.14224427662014155,420,0.25,False,False,"[{""validation_file"": ""PN10-1.edf"", ""train_files"": [""PN10-10.edf"", ""PN10-2.edf"", ""PN10-3.edf"", ""PN10-7.8.9.edf""]}, {""validation_file"": ""PN10-10.edf"", ""train_files"": [""PN10-1.edf"", ""PN10-2.edf"", ""PN10-3.edf"", ""PN10-7.8.9.edf""]}, {""validation_file"": ""PN10-2.edf"", ""train_files"": [""PN10-1.edf"", ""PN10-10.edf"", ""PN10-3.edf"", ""PN10-7.8.9.edf""]}, {""validation_file"": ""PN10-3.edf"", ""train_files"": [""PN10-1.edf"", ""PN10-10.edf"", ""PN10-2.edf"", ""PN10-7.8.9.edf""]}, {""validation_file"": ""PN10-7.8.9.edf"", ""train_files"": [""PN10-1.edf"", ""PN10-10.edf"", ""PN10-2.edf"", ""PN10-3.edf""]}]","[""PN10-1.edf"", ""PN10-10.edf"", ""PN10-2.edf"", ""PN10-3.edf"", ""PN10-7.8.9.edf""]",PN10,E1_RF,PN10-4.5.6.edf,nested
7,7,7,266,2,273,6260,50769,50,27,110,50582,1,1,18.931635759756436,0,7,7,8,7,10,6,17,0.12375944011703768,415,0.29999999999999999,False,False,"[{""validation_file"": ""PN10-1.edf"", ""train_files"": [""PN10-10.edf"", ""PN10-2.edf"", ""PN10-3.edf"", ""PN10-7.8.9.edf""]}, {""validation_file"": ""PN10-10.edf"", ""train_files"": [""PN10-1.edf"", ""PN10-2.edf"", ""PN10-3.edf"", ""PN10-7.8.9.edf""]}, {""validation_file"": ""PN10-2.edf"", ""train_files"": [""PN10-1.edf"", ""PN10-10.edf"", ""PN10-3.edf"", ""PN10-7.8.9.edf""]}, {""validation_file"": ""PN10-3.edf"", ""train_files"": [""PN10-1.edf"", ""PN10-10.edf"", ""PN10-2.edf"", ""PN10-7.8.9.edf""]}, {""validation_file"": ""PN10-7.8.9.edf"", ""train_files"": [""PN10-1.edf"", ""PN10-10.edf"", ""PN10-2.edf"", ""PN10-3.edf""]}]","[""PN10-1.edf"", ""PN10-10.edf"", ""PN10-2.edf"", ""PN10-3.edf"", ""PN10-7.8.9.edf""]",PN10,E1_RF,PN10-4.5.6.edf,nested
7,7,7,235,2,242,5580,50769,50,27,110,50582,1,1,16.725317306551737,0,7,7,8,7,12.5,6,17,0.11031592266023486,250,0.34999999999999998,False,False,"[{""validation_file"": ""PN10-1.edf"", ""train_files"": [""PN10-10.edf"", ""PN10-2.edf"", ""PN10-3.edf"", ""PN10-7.8.9.edf""]}, {""validation_file"": ""PN10-10.edf"", ""train_files"": [""PN10-1.edf"", ""PN10-2.edf"", ""PN10-3.edf"", ""PN10-7.8.9.edf""]}, {""validation_file"": ""PN10-2.edf"", ""train_files"": [""PN10-1.edf"", ""PN10-10.edf"", ""PN10-3.edf"", ""PN10-7.8.9.edf""]}, {""validation_file"": ""PN10-3.edf"", ""train_files"": [""PN10-1.edf"", ""PN10-10.edf"", ""PN10-2.edf"", ""PN10-7.8.9.edf""]}, {""validation_file"": ""PN10-7.8.9.edf"", ""train_files"": [""PN10-1.edf"", ""PN10-10.edf"", ""PN10-2.edf"", ""PN10-3.edf""]}]","[""PN10-1.edf"", ""PN10-10.edf"", ""PN10-2.edf"", ""PN10-3.edf"", ""PN10-7.8.9.edf""]",PN10,E1_RF,PN10-4.5.6.edf,nested
7,7,7,222,3,229,5080,50769,50,27,110,50582,1,1,15.800086987465898,0,7,7,10,7.5,13.5,6,17,0.1004309833537622,250,0.40000000000000002,False,False,"[{""validation_file"": ""PN10-1.edf"", ""train_files"": [""PN10-10.edf"", ""PN10-2.edf"", ""PN10-3.edf"", ""PN10-7.8.9.edf""]}, {""validation_file"": ""PN10-10.edf"", ""train_files"": [""PN10-1.edf"", ""PN10-2.edf"", ""PN10-3.edf"", ""PN10-7.8.9.edf""]}, {""validation_file"": ""PN10-2.edf"", ""train_files"": [""PN10-1.edf"", ""PN10-10.edf"", ""PN10-3.edf"", ""PN10-7.8.9.edf""]}, {""validation_file"": ""PN10-3.edf"", ""train_files"": [""PN10-1.edf"", ""PN10-10.edf"", ""PN10-2.edf"", ""PN10-7.8.9.edf""]}, {""validation_file"": ""PN10-7.8.9.edf"", ""train_files"": [""PN10-1.edf"", ""PN10-10.edf"", ""PN10-2.edf"", ""PN10-3.edf""]}]","[""PN10-1.edf"", ""PN10-10.edf"", ""PN10-2.edf"", ""PN10-3.edf"", ""PN10-7.8.9.edf""]",PN10,E1_RF,PN10-4.5.6.edf,nested
7,7,7,207,2,214,4710,50769,50,27,110,50582,1,1,14.732513542366849,0,7,7,10,7.5,13.5,6,17,0.093116128266972437,245,0.45000000000000001,False,False,"[{""validation_file"": ""PN10-1.edf"", ""train_files"": [""PN10-10.edf"", ""PN10-2.edf"", ""PN10-3.edf"", ""PN10-7.8.9.edf""]}, {""validation_file"": ""PN10-10.edf"", ""train_files"": [""PN10-1.edf"", ""PN10-2.edf"", ""PN10-3.edf"", ""PN10-7.8.9.edf""]}, {""validation_file"": ""PN10-2.edf"", ""train_files"": [""PN10-1.edf"", ""PN10-10.edf"", ""PN10-3.edf"", ""PN10-7.8.9.edf""]}, {""validation_file"": ""PN10-3.edf"", ""train_files"": [""PN10-1.edf"", ""PN10-10.edf"", ""PN10-2.edf"", ""PN10-7.8.9.edf""]}, {""validation_file"": ""PN10-7.8.9.edf"", ""train_files"": [""PN10-1.edf"", ""PN10-10.edf"", ""PN10-2.edf"", ""PN10-3.edf""]}]","[""PN10-1.edf"", ""PN10-10.edf"", ""PN10-2.edf"", ""PN10-3.edf"", ""PN10-7.8.9.edf""]",PN10,E1_RF,PN10-4.5.6.edf,nested
7,7,7,187,2,194,4230,50769,50,27,110,50582,1,1,13.309082282234787,0,7,7,10,7.5,13.5,6,17,0.083626586532758687,245,0.5,False,False,"[{""validation_file"": ""PN10-1.edf"", ""train_files"": [""PN10-10.edf"", ""PN10-2.edf"", ""PN10-3.edf"", ""PN10-7.8.9.edf""]}, {""validation_file"": ""PN10-10.edf"", ""train_files"": [""PN10-1.edf"", ""PN10-2.edf"", ""PN10-3.edf"", ""PN10-7.8.9.edf""]}, {""validation_file"": ""PN10-2.edf"", ""train_files"": [""PN10-1.edf"", ""PN10-10.edf"", ""PN10-3.edf"", ""PN10-7.8.9.edf""]}, {""validation_file"": ""PN10-3.edf"", ""train_files"": [""PN10-1.edf"", ""PN10-10.edf"", ""PN10-2.edf"", ""PN10-7.8.9.edf""]}, {""validation_file"": ""PN10-7.8.9.edf"", ""train_files"": [""PN10-1.edf"", ""PN10-10.edf"", ""PN10-2.edf"", ""PN10-3.edf""]}]","[""PN10-1.edf"", ""PN10-10.edf"", ""PN10-2.edf"", ""PN10-3.edf"", ""PN10-7.8.9.edf""]",PN10,E1_RF,PN10-4.5.6.edf,nested
7,6,6,167,1,173,3745,50769,50,27,110,50582,0.8571428571428571,0.8571428571428571,11.885651022102724,1,6,6,9,7.25,11.5,6,35,0.074038195405480206,200,0.55000000000000004,False,False,"[{""validation_file"": ""PN10-1.edf"", ""train_files"": [""PN10-10.edf"", ""PN10-2.edf"", ""PN10-3.edf"", ""PN10-7.8.9.edf""]}, {""validation_file"": ""PN10-10.edf"", ""train_files"": [""PN10-1.edf"", ""PN10-2.edf"", ""PN10-3.edf"", ""PN10-7.8.9.edf""]}, {""validation_file"": ""PN10-2.edf"", ""train_files"": [""PN10-1.edf"", ""PN10-10.edf"", ""PN10-3.edf"", ""PN10-7.8.9.edf""]}, {""validation_file"": ""PN10-3.edf"", ""train_files"": [""PN10-1.edf"", ""PN10-10.edf"", ""PN10-2.edf"", ""PN10-7.8.9.edf""]}, {""validation_file"": ""PN10-7.8.9.edf"", ""train_files"": [""PN10-1.edf"", ""PN10-10.edf"", ""PN10-2.edf"", ""PN10-3.edf""]}]","[""PN10-1.edf"", ""PN10-10.edf"", ""PN10-2.edf"", ""PN10-3.edf"", ""PN10-7.8.9.edf""]",PN10,E1_RF,PN10-4.5.6.edf,nested
7,6,6,151,1,157,3205,50769,50,27,110,50582,0.8571428571428571,0.8571428571428571,10.746906013997075,1,6,6,9,7.25,11.5,6,35,0.063362460954489733,140,0.59999999999999998,False,False,"[{""validation_file"": ""PN10-1.edf"", ""train_files"": [""PN10-10.edf"", ""PN10-2.edf"", ""PN10-3.edf"", ""PN10-7.8.9.edf""]}, {""validation_file"": ""PN10-10.edf"", ""train_files"": [""PN10-1.edf"", ""PN10-2.edf"", ""PN10-3.edf"", ""PN10-7.8.9.edf""]}, {""validation_file"": ""PN10-2.edf"", ""train_files"": [""PN10-1.edf"", ""PN10-10.edf"", ""PN10-3.edf"", ""PN10-7.8.9.edf""]}, {""validation_file"": ""PN10-3.edf"", ""train_files"": [""PN10-1.edf"", ""PN10-10.edf"", ""PN10-2.edf"", ""PN10-7.8.9.edf""]}, {""validation_file"": ""PN10-7.8.9.edf"", ""train_files"": [""PN10-1.edf"", ""PN10-10.edf"", ""PN10-2.edf"", ""PN10-3.edf""]}]","[""PN10-1.edf"", ""PN10-10.edf"", ""PN10-2.edf"", ""PN10-3.edf"", ""PN10-7.8.9.edf""]",PN10,E1_RF,PN10-4.5.6.edf,nested
7,5,5,136,1,141,2760,50769,50,27,110,50582,0.7142857142857143,0.7142857142857143,9.6793325688980278,2,5,5,10,7,12,6,35,0.054564864971729077,85,0.65000000000000002,False,False,"[{""validation_file"": ""PN10-1.edf"", ""train_files"": [""PN10-10.edf"", ""PN10-2.edf"", ""PN10-3.edf"", ""PN10-7.8.9.edf""]}, {""validation_file"": ""PN10-10.edf"", ""train_files"": [""PN10-1.edf"", ""PN10-2.edf"", ""PN10-3.edf"", ""PN10-7.8.9.edf""]}, {""validation_file"": ""PN10-2.edf"", ""train_files"": [""PN10-1.edf"", ""PN10-10.edf"", ""PN10-3.edf"", ""PN10-7.8.9.edf""]}, {""validation_file"": ""PN10-3.edf"", ""train_files"": [""PN10-1.edf"", ""PN10-10.edf"", ""PN10-2.edf"", ""PN10-7.8.9.edf""]}, {""validation_file"": ""PN10-7.8.9.edf"", ""train_files"": [""PN10-1.edf"", ""PN10-10.edf"", ""PN10-2.edf"", ""PN10-3.edf""]}]","[""PN10-1.edf"", ""PN10-10.edf"", ""PN10-2.edf"", ""PN10-3.edf"", ""PN10-7.8.9.edf""]",PN10,E1_RF,PN10-4.5.6.edf,nested
7,4,4,126,0,130,2350,50769,50,27,110,50582,0.5714285714285714,0.5714285714285714,8.9676169388319948,3,4,4,22,11.5,32.75,10,35,0.046459214740421494,60,0.69999999999999996,False,False,"[{""validation_file"": ""PN10-1.edf"", ""train_files"": [""PN10-10.edf"", ""PN10-2.edf"", ""PN10-3.edf"", ""PN10-7.8.9.edf""]}, {""validation_file"": ""PN10-10.edf"", ""train_files"": [""PN10-1.edf"", ""PN10-2.edf"", ""PN10-3.edf"", ""PN10-7.8.9.edf""]}, {""validation_file"": ""PN10-2.edf"", ""train_files"": [""PN10-1.edf"", ""PN10-10.edf"", ""PN10-3.edf"", ""PN10-7.8.9.edf""]}, {""validation_file"": ""PN10-3.edf"", ""train_files"": [""PN10-1.edf"", ""PN10-10.edf"", ""PN10-2.edf"", ""PN10-7.8.9.edf""]}, {""validation_file"": ""PN10-7.8.9.edf"", ""train_files"": [""PN10-1.edf"", ""PN10-10.edf"", ""PN10-2.edf"", ""PN10-3.edf""]}]","[""PN10-1.edf"", ""PN10-10.edf"", ""PN10-2.edf"", ""PN10-3.edf"", ""PN10-7.8.9.edf""]",PN10,E1_RF,PN10-4.5.6.edf,nested
7,4,4,115,0,119,1920,50769,50,27,110,50582,0.5714285714285714,0.5714285714285714,8.1847297457593609,3,4,4,22,11.5,34,10,40,0.037958166936855005,60,0.75,False,False,"[{""validation_file"": ""PN10-1.edf"", ""train_files"": [""PN10-10.edf"", ""PN10-2.edf"", ""PN10-3.edf"", ""PN10-7.8.9.edf""]}, {""validation_file"": ""PN10-10.edf"", ""train_files"": [""PN10-1.edf"", ""PN10-2.edf"", ""PN10-3.edf"", ""PN10-7.8.9.edf""]}, {""validation_file"": ""PN10-2.edf"", ""train_files"": [""PN10-1.edf"", ""PN10-10.edf"", ""PN10-3.edf"", ""PN10-7.8.9.edf""]}, {""validation_file"": ""PN10-3.edf"", ""train_files"": [""PN10-1.edf"", ""PN10-10.edf"", ""PN10-2.edf"", ""PN10-7.8.9.edf""]}, {""validation_file"": ""PN10-7.8.9.edf"", ""train_files"": [""PN10-1.edf"", ""PN10-10.edf"", ""PN10-2.edf"", ""PN10-3.edf""]}]","[""PN10-1.edf"", ""PN10-10.edf"", ""PN10-2.edf"", ""PN10-3.edf"", ""PN10-7.8.9.edf""]",PN10,E1_RF,PN10-4.5.6.edf,nested
7,4,4,97,0,101,1510,50769,50,27,110,50582,0.5714285714285714,0.5714285714285714,6.9036416116405048,3,4,4,22,11.5,35.25,10,45,0.029852516705547429,35,0.80000000000000004,False,False,"[{""validation_file"": ""PN10-1.edf"", ""train_files"": [""PN10-10.edf"", ""PN10-2.edf"", ""PN10-3.edf"", ""PN10-7.8.9.edf""]}, {""validation_file"": ""PN10-10.edf"", ""train_files"": [""PN10-1.edf"", ""PN10-2.edf"", ""PN10-3.edf"", ""PN10-7.8.9.edf""]}, {""validation_file"": ""PN10-2.edf"", ""train_files"": [""PN10-1.edf"", ""PN10-10.edf"", ""PN10-3.edf"", ""PN10-7.8.9.edf""]}, {""validation_file"": ""PN10-3.edf"", ""train_files"": [""PN10-1.edf"", ""PN10-10.edf"", ""PN10-2.edf"", ""PN10-7.8.9.edf""]}, {""validation_file"": ""PN10-7.8.9.edf"", ""train_files"": [""PN10-1.edf"", ""PN10-10.edf"", ""PN10-2.edf"", ""PN10-3.edf""]}]","[""PN10-1.edf"", ""PN10-10.edf"", ""PN10-2.edf"", ""PN10-3.edf"", ""PN10-7.8.9.edf""]",PN10,E1_RF,PN10-4.5.6.edf,nested
7,3,3,79,0,82,1085,50769,50,27,110,50582,0.42857142857142855,0.42857142857142855,5.6225534775216479,4,3,3,12,11,22,10,32,0.021450318295045668,30,0.84999999999999998,False,False,"[{""validation_file"": ""PN10-1.edf"", ""train_files"": [""PN10-10.edf"", ""PN10-2.edf"", ""PN10-3.edf"", ""PN10-7.8.9.edf""]}, {""validation_file"": ""PN10-10.edf"", ""train_files"": [""PN10-1.edf"", ""PN10-2.edf"", ""PN10-3.edf"", ""PN10-7.8.9.edf""]}, {""validation_file"": ""PN10-2.edf"", ""train_files"": [""PN10-1.edf"", ""PN10-10.edf"", ""PN10-3.edf"", ""PN10-7.8.9.edf""]}, {""validation_file"": ""PN10-3.edf"", ""train_files"": [""PN10-1.edf"", ""PN10-10.edf"", ""PN10-2.edf"", ""PN10-7.8.9.edf""]}, {""validation_file"": ""PN10-7.8.9.edf"", ""train_files"": [""PN10-1.edf"", ""PN10-10.edf"", ""PN10-2.edf"", ""PN10-3.edf""]}]","[""PN10-1.edf"", ""PN10-10.edf"", ""PN10-2.edf"", ""PN10-3.edf"", ""PN10-7.8.9.edf""]",PN10,E1_RF,PN10-4.5.6.edf,nested
7,1,1,37,0,38,475,50769,50,27,110,50582,0.14285714285714285,0.14285714285714285,2.6333478312443162,6,1,1,12,12,12,12,12,0.0093906923411490248,25,0.90000000000000002,False,False,"[{""validation_file"": ""PN10-1.edf"", ""train_files"": [""PN10-10.edf"", ""PN10-2.edf"", ""PN10-3.edf"", ""PN10-7.8.9.edf""]}, {""validation_file"": ""PN10-10.edf"", ""train_files"": [""PN10-1.edf"", ""PN10-2.edf"", ""PN10-3.edf"", ""PN10-7.8.9.edf""]}, {""validation_file"": ""PN10-2.edf"", ""train_files"": [""PN10-1.edf"", ""PN10-10.edf"", ""PN10-3.edf"", ""PN10-7.8.9.edf""]}, {""validation_file"": ""PN10-3.edf"", ""train_files"": [""PN10-1.edf"", ""PN10-10.edf"", ""PN10-2.edf"", ""PN10-7.8.9.edf""]}, {""validation_file"": ""PN10-7.8.9.edf"", ""train_files"": [""PN10-1.edf"", ""PN10-10.edf"", ""PN10-2.edf"", ""PN10-3.edf""]}]","[""PN10-1.edf"", ""PN10-10.edf"", ""PN10-2.edf"", ""PN10-3.edf"", ""PN10-7.8.9.edf""]",PN10,E1_RF,PN10-4.5.6.edf,nested
7,0,0,21,0,21,240,50769,50,27,110,50582,0,0,1.4946028231386659,7,0,0,,,,,,0.0047447708671068756,25,0.94999999999999996,False,False,"[{""validation_file"": ""PN10-1.edf"", ""train_files"": [""PN10-10.edf"", ""PN10-2.edf"", ""PN10-3.edf"", ""PN10-7.8.9.edf""]}, {""validation_file"": ""PN10-10.edf"", ""train_files"": [""PN10-1.edf"", ""PN10-2.edf"", ""PN10-3.edf"", ""PN10-7.8.9.edf""]}, {""validation_file"": ""PN10-2.edf"", ""train_files"": [""PN10-1.edf"", ""PN10-10.edf"", ""PN10-3.edf"", ""PN10-7.8.9.edf""]}, {""validation_file"": ""PN10-3.edf"", ""train_files"": [""PN10-1.edf"", ""PN10-10.edf"", ""PN10-2.edf"", ""PN10-7.8.9.edf""]}, {""validation_file"": ""PN10-7.8.9.edf"", ""train_files"": [""PN10-1.edf"", ""PN10-10.edf"", ""PN10-2.edf"", ""PN10-3.edf""]}]","[""PN10-1.edf"", ""PN10-10.edf"", ""PN10-2.edf"", ""PN10-3.edf"", ""PN10-7.8.9.edf""]",PN10,E1_RF,PN10-4.5.6.edf,nested
7,0,0,0,0,0,0,50769,50,27,110,50582,0,0,0,7,0,0,,,,,,0,0,1.01,True,True,"[{""validation_file"": ""PN10-1.edf"", ""train_files"": [""PN10-10.edf"", ""PN10-2.edf"", ""PN10-3.edf"", ""PN10-7.8.9.edf""]}, {""validation_file"": ""PN10-10.edf"", ""train_files"": [""PN10-1.edf"", ""PN10-2.edf"", ""PN10-3.edf"", ""PN10-7.8.9.edf""]}, {""validation_file"": ""PN10-2.edf"", ""train_files"": [""PN10-1.edf"", ""PN10-10.edf"", ""PN10-3.edf"", ""PN10-7.8.9.edf""]}, {""validation_file"": ""PN10-3.edf"", ""train_files"": [""PN10-1.edf"", ""PN10-10.edf"", ""PN10-2.edf"", ""PN10-7.8.9.edf""]}, {""validation_file"": ""PN10-7.8.9.edf"", ""train_files"": [""PN10-1.edf"", ""PN10-10.edf"", ""PN10-2.edf"", ""PN10-3.edf""]}]","[""PN10-1.edf"", ""PN10-10.edf"", ""PN10-2.edf"", ""PN10-3.edf"", ""PN10-7.8.9.edf""]",PN10,E1_RF,PN10-4.5.6.edf,nested
7,4,6,636,0,640,22860,52462,50,27,5,52380,0.5714285714285714,0.8571428571428571,43.711340206185568,3,4,4,10,9,22.5,6,60,0.43642611683848798,880,0.050000000000000003,False,False,"[{""validation_file"": ""PN10-1.edf"", ""train_files"": [""PN10-10.edf"", ""PN10-2.edf"", ""PN10-3.edf"", ""PN10-4.5.6.edf""]}, {""validation_file"": ""PN10-10.edf"", ""train_files"": [""PN10-1.edf"", ""PN10-2.edf"", ""PN10-3.edf"", ""PN10-4.5.6.edf""]}, {""validation_file"": ""PN10-2.edf"", ""train_files"": [""PN10-1.edf"", ""PN10-10.edf"", ""PN10-3.edf"", ""PN10-4.5.6.edf""]}, {""validation_file"": ""PN10-3.edf"", ""train_files"": [""PN10-1.edf"", ""PN10-10.edf"", ""PN10-2.edf"", ""PN10-4.5.6.edf""]}, {""validation_file"": ""PN10-4.5.6.edf"", ""train_files"": [""PN10-1.edf"", ""PN10-10.edf"", ""PN10-2.edf"", ""PN10-3.edf""]}]","[""PN10-1.edf"", ""PN10-10.edf"", ""PN10-2.edf"", ""PN10-3.edf"", ""PN10-4.5.6.edf""]",PN10,E1_RF,PN10-7.8.9.edf,nested
7,4,6,549,2,553,15430,52462,50,27,5,52380,0.5714285714285714,0.8571428571428571,37.731958762886599,3,4,4,10,9,10,6,10,0.29457808323787704,585,0.10000000000000001,False,False,"[{""validation_file"": ""PN10-1.edf"", ""train_files"": [""PN10-10.edf"", ""PN10-2.edf"", ""PN10-3.edf"", ""PN10-4.5.6.edf""]}, {""validation_file"": ""PN10-10.edf"", ""train_files"": [""PN10-1.edf"", ""PN10-2.edf"", ""PN10-3.edf"", ""PN10-4.5.6.edf""]}, {""validation_file"": ""PN10-2.edf"", ""train_files"": [""PN10-1.edf"", ""PN10-10.edf"", ""PN10-3.edf"", ""PN10-4.5.6.edf""]}, {""validation_file"": ""PN10-3.edf"", ""train_files"": [""PN10-1.edf"", ""PN10-10.edf"", ""PN10-2.edf"", ""PN10-4.5.6.edf""]}, {""validation_file"": ""PN10-4.5.6.edf"", ""train_files"": [""PN10-1.edf"", ""PN10-10.edf"", ""PN10-2.edf"", ""PN10-3.edf""]}]","[""PN10-1.edf"", ""PN10-10.edf"", ""PN10-2.edf"", ""PN10-3.edf"", ""PN10-4.5.6.edf""]",PN10,E1_RF,PN10-7.8.9.edf,nested
7,5,6,471,1,476,11955,52462,50,27,5,52380,0.7142857142857143,0.8571428571428571,32.371134020618555,2,5,5,10,6,10,2,10,0.22823596792668957,425,0.14999999999999999,False,False,"[{""validation_file"": ""PN10-1.edf"", ""train_files"": [""PN10-10.edf"", ""PN10-2.edf"", ""PN10-3.edf"", ""PN10-4.5.6.edf""]}, {""validation_file"": ""PN10-10.edf"", ""train_files"": [""PN10-1.edf"", ""PN10-2.edf"", ""PN10-3.edf"", ""PN10-4.5.6.edf""]}, {""validation_file"": ""PN10-2.edf"", ""train_files"": [""PN10-1.edf"", ""PN10-10.edf"", ""PN10-3.edf"", ""PN10-4.5.6.edf""]}, {""validation_file"": ""PN10-3.edf"", ""train_files"": [""PN10-1.edf"", ""PN10-10.edf"", ""PN10-2.edf"", ""PN10-4.5.6.edf""]}, {""validation_file"": ""PN10-4.5.6.edf"", ""train_files"": [""PN10-1.edf"", ""PN10-10.edf"", ""PN10-2.edf"", ""PN10-3.edf""]}]","[""PN10-1.edf"", ""PN10-10.edf"", ""PN10-2.edf"", ""PN10-3.edf"", ""PN10-4.5.6.edf""]",PN10,E1_RF,PN10-7.8.9.edf,nested
7,5,6,406,1,411,9710,52462,50,27,5,52380,0.7142857142857143,0.8571428571428571,27.903780068728523,2,5,5,10,6,10,2,10,0.18537609774723177,425,0.20000000000000001,False,False,"[{""validation_file"": ""PN10-1.edf"", ""train_files"": [""PN10-10.edf"", ""PN10-2.edf"", ""PN10-3.edf"", ""PN10-4.5.6.edf""]}, {""validation_file"": ""PN10-10.edf"", ""train_files"": [""PN10-1.edf"", ""PN10-2.edf"", ""PN10-3.edf"", ""PN10-4.5.6.edf""]}, {""validation_file"": ""PN10-2.edf"", ""train_files"": [""PN10-1.edf"", ""PN10-10.edf"", ""PN10-3.edf"", ""PN10-4.5.6.edf""]}, {""validation_file"": ""PN10-3.edf"", ""train_files"": [""PN10-1.edf"", ""PN10-10.edf"", ""PN10-2.edf"", ""PN10-4.5.6.edf""]}, {""validation_file"": ""PN10-4.5.6.edf"", ""train_files"": [""PN10-1.edf"", ""PN10-10.edf"", ""PN10-2.edf"", ""PN10-3.edf""]}]","[""PN10-1.edf"", ""PN10-10.edf"", ""PN10-2.edf"", ""PN10-3.edf"", ""PN10-4.5.6.edf""]",PN10,E1_RF,PN10-7.8.9.edf,nested
7,6,6,364,3,370,8250,52462,50,27,5,52380,0.8571428571428571,0.8571428571428571,25.017182130584192,1,6,6,9,6.5,10,2,10,0.15750286368843069,420,0.25,False,False,"[{""validation_file"": ""PN10-1.edf"", ""train_files"": [""PN10-10.edf"", ""PN10-2.edf"", ""PN10-3.edf"", ""PN10-4.5.6.edf""]}, {""validation_file"": ""PN10-10.edf"", ""train_files"": [""PN10-1.edf"", ""PN10-2.edf"", ""PN10-3.edf"", ""PN10-4.5.6.edf""]}, {""validation_file"": ""PN10-2.edf"", ""train_files"": [""PN10-1.edf"", ""PN10-10.edf"", ""PN10-3.edf"", ""PN10-4.5.6.edf""]}, {""validation_file"": ""PN10-3.edf"", ""train_files"": [""PN10-1.edf"", ""PN10-10.edf"", ""PN10-2.edf"", ""PN10-4.5.6.edf""]}, {""validation_file"": ""PN10-4.5.6.edf"", ""train_files"": [""PN10-1.edf"", ""PN10-10.edf"", ""PN10-2.edf"", ""PN10-3.edf""]}]","[""PN10-1.edf"", ""PN10-10.edf"", ""PN10-2.edf"", ""PN10-3.edf"", ""PN10-4.5.6.edf""]",PN10,E1_RF,PN10-7.8.9.edf,nested
7,6,6,320,2,326,7190,52462,50,27,5,52380,0.8571428571428571,0.8571428571428571,21.993127147766323,1,6,6,10,8.5,10,6,17,0.13726613211149294,420,0.29999999999999999,False,False,"[{""validation_file"": ""PN10-1.edf"", ""train_files"": [""PN10-10.edf"", ""PN10-2.edf"", ""PN10-3.edf"", ""PN10-4.5.6.edf""]}, {""validation_file"": ""PN10-10.edf"", ""train_files"": [""PN10-1.edf"", ""PN10-2.edf"", ""PN10-3.edf"", ""PN10-4.5.6.edf""]}, {""validation_file"": ""PN10-2.edf"", ""train_files"": [""PN10-1.edf"", ""PN10-10.edf"", ""PN10-3.edf"", ""PN10-4.5.6.edf""]}, {""validation_file"": ""PN10-3.edf"", ""train_files"": [""PN10-1.edf"", ""PN10-10.edf"", ""PN10-2.edf"", ""PN10-4.5.6.edf""]}, {""validation_file"": ""PN10-4.5.6.edf"", ""train_files"": [""PN10-1.edf"", ""PN10-10.edf"", ""PN10-2.edf"", ""PN10-3.edf""]}]","[""PN10-1.edf"", ""PN10-10.edf"", ""PN10-2.edf"", ""PN10-3.edf"", ""PN10-4.5.6.edf""]",PN10,E1_RF,PN10-7.8.9.edf,nested
7,6,6,275,2,281,6270,52462,50,27,5,52380,0.8571428571428571,0.8571428571428571,18.900343642611684,1,6,6,10,8.5,10,6,17,0.11970217640320734,405,0.34999999999999998,False,False,"[{""validation_file"": ""PN10-1.edf"", ""train_files"": [""PN10-10.edf"", ""PN10-2.edf"", ""PN10-3.edf"", ""PN10-4.5.6.edf""]}, {""validation_file"": ""PN10-10.edf"", ""train_files"": [""PN10-1.edf"", ""PN10-2.edf"", ""PN10-3.edf"", ""PN10-4.5.6.edf""]}, {""validation_file"": ""PN10-2.edf"", ""train_files"": [""PN10-1.edf"", ""PN10-10.edf"", ""PN10-3.edf"", ""PN10-4.5.6.edf""]}, {""validation_file"": ""PN10-3.edf"", ""train_files"": [""PN10-1.edf"", ""PN10-10.edf"", ""PN10-2.edf"", ""PN10-4.5.6.edf""]}, {""validation_file"": ""PN10-4.5.6.edf"", ""train_files"": [""PN10-1.edf"", ""PN10-10.edf"", ""PN10-2.edf"", ""PN10-3.edf""]}]","[""PN10-1.edf"", ""PN10-10.edf"", ""PN10-2.edf"", ""PN10-3.edf"", ""PN10-4.5.6.edf""]",PN10,E1_RF,PN10-7.8.9.edf,nested
7,6,6,248,3,254,5570,52462,50,27,5,52380,0.8571428571428571,0.8571428571428571,17.0446735395189,1,6,6,10,8.5,10,6,17,0.10633829705994655,255,0.40000000000000002,False,False,"[{""validation_file"": ""PN10-1.edf"", ""train_files"": [""PN10-10.edf"", ""PN10-2.edf"", ""PN10-3.edf"", ""PN10-4.5.6.edf""]}, {""validation_file"": ""PN10-10.edf"", ""train_files"": [""PN10-1.edf"", ""PN10-2.edf"", ""PN10-3.edf"", ""PN10-4.5.6.edf""]}, {""validation_file"": ""PN10-2.edf"", ""train_files"": [""PN10-1.edf"", ""PN10-10.edf"", ""PN10-3.edf"", ""PN10-4.5.6.edf""]}, {""validation_file"": ""PN10-3.edf"", ""train_files"": [""PN10-1.edf"", ""PN10-10.edf"", ""PN10-2.edf"", ""PN10-4.5.6.edf""]}, {""validation_file"": ""PN10-4.5.6.edf"", ""train_files"": [""PN10-1.edf"", ""PN10-10.edf"", ""PN10-2.edf"", ""PN10-3.edf""]}]","[""PN10-1.edf"", ""PN10-10.edf"", ""PN10-2.edf"", ""PN10-3.edf"", ""PN10-4.5.6.edf""]",PN10,E1_RF,PN10-7.8.9.edf,nested
7,6,6,230,4,236,4975,52462,50,27,5,52380,0.8571428571428571,0.8571428571428571,15.807560137457045,1,6,6,10,8.5,13.75,6,17,0.094978999618174881,255,0.45000000000000001,False,False,"[{""validation_file"": ""PN10-1.edf"", ""train_files"": [""PN10-10.edf"", ""PN10-2.edf"", ""PN10-3.edf"", ""PN10-4.5.6.edf""]}, {""validation_file"": ""PN10-10.edf"", ""train_files"": [""PN10-1.edf"", ""PN10-2.edf"", ""PN10-3.edf"", ""PN10-4.5.6.edf""]}, {""validation_file"": ""PN10-2.edf"", ""train_files"": [""PN10-1.edf"", ""PN10-10.edf"", ""PN10-3.edf"", ""PN10-4.5.6.edf""]}, {""validation_file"": ""PN10-3.edf"", ""train_files"": [""PN10-1.edf"", ""PN10-10.edf"", ""PN10-2.edf"", ""PN10-4.5.6.edf""]}, {""validation_file"": ""PN10-4.5.6.edf"", ""train_files"": [""PN10-1.edf"", ""PN10-10.edf"", ""PN10-2.edf"", ""PN10-3.edf""]}]","[""PN10-1.edf"", ""PN10-10.edf"", ""PN10-2.edf"", ""PN10-3.edf"", ""PN10-4.5.6.edf""]",PN10,E1_RF,PN10-7.8.9.edf,nested
7,6,6,211,4,217,4500,52462,50,27,5,52380,0.8571428571428571,0.8571428571428571,14.501718213058419,1,6,6,10,8.5,13.75,6,17,0.085910652920962199,185,0.5,False,False,"[{""validation_file"": ""PN10-1.edf"", ""train_files"": [""PN10-10.edf"", ""PN10-2.edf"", ""PN10-3.edf"", ""PN10-4.5.6.edf""]}, {""validation_file"": ""PN10-10.edf"", ""train_files"": [""PN10-1.edf"", ""PN10-2.edf"", ""PN10-3.edf"", ""PN10-4.5.6.edf""]}, {""validation_file"": ""PN10-2.edf"", ""train_files"": [""PN10-1.edf"", ""PN10-10.edf"", ""PN10-3.edf"", ""PN10-4.5.6.edf""]}, {""validation_file"": ""PN10-3.edf"", ""train_files"": [""PN10-1.edf"", ""PN10-10.edf"", ""PN10-2.edf"", ""PN10-4.5.6.edf""]}, {""validation_file"": ""PN10-4.5.6.edf"", ""train_files"": [""PN10-1.edf"", ""PN10-10.edf"", ""PN10-2.edf"", ""PN10-3.edf""]}]","[""PN10-1.edf"", ""PN10-10.edf"", ""PN10-2.edf"", ""PN10-3.edf"", ""PN10-4.5.6.edf""]",PN10,E1_RF,PN10-7.8.9.edf,nested
7,6,6,190,4,196,4020,52462,50,27,5,52380,0.8571428571428571,0.8571428571428571,13.058419243986254,1,6,6,10,8.5,13.75,6,17,0.076746849942726236,185,0.55000000000000004,False,False,"[{""validation_file"": ""PN10-1.edf"", ""train_files"": [""PN10-10.edf"", ""PN10-2.edf"", ""PN10-3.edf"", ""PN10-4.5.6.edf""]}, {""validation_file"": ""PN10-10.edf"", ""train_files"": [""PN10-1.edf"", ""PN10-2.edf"", ""PN10-3.edf"", ""PN10-4.5.6.edf""]}, {""validation_file"": ""PN10-2.edf"", ""train_files"": [""PN10-1.edf"", ""PN10-10.edf"", ""PN10-3.edf"", ""PN10-4.5.6.edf""]}, {""validation_file"": ""PN10-3.edf"", ""train_files"": [""PN10-1.edf"", ""PN10-10.edf"", ""PN10-2.edf"", ""PN10-4.5.6.edf""]}, {""validation_file"": ""PN10-4.5.6.edf"", ""train_files"": [""PN10-1.edf"", ""PN10-10.edf"", ""PN10-2.edf"", ""PN10-3.edf""]}]","[""PN10-1.edf"", ""PN10-10.edf"", ""PN10-2.edf"", ""PN10-3.edf"", ""PN10-4.5.6.edf""]",PN10,E1_RF,PN10-7.8.9.edf,nested
7,5,5,155,3,160,3440,52462,50,27,5,52380,0.7142857142857143,0.7142857142857143,10.652920962199312,2,5,5,10,10,11,8,15,0.06567392134402443,145,0.59999999999999998,False,False,"[{""validation_file"": ""PN10-1.edf"", ""train_files"": [""PN10-10.edf"", ""PN10-2.edf"", ""PN10-3.edf"", ""PN10-4.5.6.edf""]}, {""validation_file"": ""PN10-10.edf"", ""train_files"": [""PN10-1.edf"", ""PN10-2.edf"", ""PN10-3.edf"", ""PN10-4.5.6.edf""]}, {""validation_file"": ""PN10-2.edf"", ""train_files"": [""PN10-1.edf"", ""PN10-10.edf"", ""PN10-3.edf"", ""PN10-4.5.6.edf""]}, {""validation_file"": ""PN10-3.edf"", ""train_files"": [""PN10-1.edf"", ""PN10-10.edf"", ""PN10-2.edf"", ""PN10-4.5.6.edf""]}, {""validation_file"": ""PN10-4.5.6.edf"", ""train_files"": [""PN10-1.edf"", ""PN10-10.edf"", ""PN10-2.edf"", ""PN10-3.edf""]}]","[""PN10-1.edf"", ""PN10-10.edf"", ""PN10-2.edf"", ""PN10-3.edf"", ""PN10-4.5.6.edf""]",PN10,E1_RF,PN10-7.8.9.edf,nested
7,5,5,145,1,150,3055,52462,50,27,5,52380,0.7142857142857143,0.7142857142857143,9.9656357388316152,2,5,5,10,10,11,8,30,0.058323787705231007,145,0.65000000000000002,False,False,"[{""validation_file"": ""PN10-1.edf"", ""train_files"": [""PN10-10.edf"", ""PN10-2.edf"", ""PN10-3.edf"", ""PN10-4.5.6.edf""]}, {""validation_file"": ""PN10-10.edf"", ""train_files"": [""PN10-1.edf"", ""PN10-2.edf"", ""PN10-3.edf"", ""PN10-4.5.6.edf""]}, {""validation_file"": ""PN10-2.edf"", ""train_files"": [""PN10-1.edf"", ""PN10-10.edf"", ""PN10-3.edf"", ""PN10-4.5.6.edf""]}, {""validation_file"": ""PN10-3.edf"", ""train_files"": [""PN10-1.edf"", ""PN10-10.edf"", ""PN10-2.edf"", ""PN10-4.5.6.edf""]}, {""validation_file"": ""PN10-4.5.6.edf"", ""train_files"": [""PN10-1.edf"", ""PN10-10.edf"", ""PN10-2.edf"", ""PN10-3.edf""]}]","[""PN10-1.edf"", ""PN10-10.edf"", ""PN10-2.edf"", ""PN10-3.edf"", ""PN10-4.5.6.edf""]",PN10,E1_RF,PN10-7.8.9.edf,nested
7,5,5,126,1,131,2680,52462,50,27,5,52380,0.7142857142857143,0.7142857142857143,8.6597938144329891,2,5,5,10,10,11,8,35,0.051164566628484155,145,0.69999999999999996,False,False,"[{""validation_file"": ""PN10-1.edf"", ""train_files"": [""PN10-10.edf"", ""PN10-2.edf"", ""PN10-3.edf"", ""PN10-4.5.6.edf""]}, {""validation_file"": ""PN10-10.edf"", ""train_files"": [""PN10-1.edf"", ""PN10-2.edf"", ""PN10-3.edf"", ""PN10-4.5.6.edf""]}, {""validation_file"": ""PN10-2.edf"", ""train_files"": [""PN10-1.edf"", ""PN10-10.edf"", ""PN10-3.edf"", ""PN10-4.5.6.edf""]}, {""validation_file"": ""PN10-3.edf"", ""train_files"": [""PN10-1.edf"", ""PN10-10.edf"", ""PN10-2.edf"", ""PN10-4.5.6.edf""]}, {""validation_file"": ""PN10-4.5.6.edf"", ""train_files"": [""PN10-1.edf"", ""PN10-10.edf"", ""PN10-2.edf"", ""PN10-3.edf""]}]","[""PN10-1.edf"", ""PN10-10.edf"", ""PN10-2.edf"", ""PN10-3.edf"", ""PN10-4.5.6.edf""]",PN10,E1_RF,PN10-7.8.9.edf,nested
7,4,4,125,1,129,2480,52462,50,27,5,52380,0.5714285714285714,0.5714285714285714,8.5910652920962196,3,4,4,10.5,10,17,10,35,0.047346315387552504,130,0.75,False,False,"[{""validation_file"": ""PN10-1.edf"", ""train_files"": [""PN10-10.edf"", ""PN10-2.edf"", ""PN10-3.edf"", ""PN10-4.5.6.edf""]}, {""validation_file"": ""PN10-10.edf"", ""train_files"": [""PN10-1.edf"", ""PN10-2.edf"", ""PN10-3.edf"", ""PN10-4.5.6.edf""]}, {""validation_file"": ""PN10-2.edf"", ""train_files"": [""PN10-1.edf"", ""PN10-10.edf"", ""PN10-3.edf"", ""PN10-4.5.6.edf""]}, {""validation_file"": ""PN10-3.edf"", ""train_files"": [""PN10-1.edf"", ""PN10-10.edf"", ""PN10-2.edf"", ""PN10-4.5.6.edf""]}, {""validation_file"": ""PN10-4.5.6.edf"", ""train_files"": [""PN10-1.edf"", ""PN10-10.edf"", ""PN10-2.edf"", ""PN10-3.edf""]}]","[""PN10-1.edf"", ""PN10-10.edf"", ""PN10-2.edf"", ""PN10-3.edf"", ""PN10-4.5.6.edf""]",PN10,E1_RF,PN10-7.8.9.edf,nested
7,3,3,117,1,120,2150,52462,50,27,5,52380,0.42857142857142855,0.42857142857142855,8.0412371134020617,4,3,3,11,10.5,23,10,35,0.041046200840015271,130,0.80000000000000004,False,False,"[{""validation_file"": ""PN10-1.edf"", ""train_files"": [""PN10-10.edf"", ""PN10-2.edf"", ""PN10-3.edf"", ""PN10-4.5.6.edf""]}, {""validation_file"": ""PN10-10.edf"", ""train_files"": [""PN10-1.edf"", ""PN10-2.edf"", ""PN10-3.edf"", ""PN10-4.5.6.edf""]}, {""validation_file"": ""PN10-2.edf"", ""train_files"": [""PN10-1.edf"", ""PN10-10.edf"", ""PN10-3.edf"", ""PN10-4.5.6.edf""]}, {""validation_file"": ""PN10-3.edf"", ""train_files"": [""PN10-1.edf"", ""PN10-10.edf"", ""PN10-2.edf"", ""PN10-4.5.6.edf""]}, {""validation_file"": ""PN10-4.5.6.edf"", ""train_files"": [""PN10-1.edf"", ""PN10-10.edf"", ""PN10-2.edf"", ""PN10-3.edf""]}]","[""PN10-1.edf"", ""PN10-10.edf"", ""PN10-2.edf"", ""PN10-3.edf"", ""PN10-4.5.6.edf""]",PN10,E1_RF,PN10-7.8.9.edf,nested
7,2,2,103,1,105,1625,52462,50,27,5,52380,0.2857142857142857,0.2857142857142857,7.0790378006872849,5,2,2,23,17,29,11,35,0.031023291332569682,50,0.84999999999999998,False,False,"[{""validation_file"": ""PN10-1.edf"", ""train_files"": [""PN10-10.edf"", ""PN10-2.edf"", ""PN10-3.edf"", ""PN10-4.5.6.edf""]}, {""validation_file"": ""PN10-10.edf"", ""train_files"": [""PN10-1.edf"", ""PN10-2.edf"", ""PN10-3.edf"", ""PN10-4.5.6.edf""]}, {""validation_file"": ""PN10-2.edf"", ""train_files"": [""PN10-1.edf"", ""PN10-10.edf"", ""PN10-3.edf"", ""PN10-4.5.6.edf""]}, {""validation_file"": ""PN10-3.edf"", ""train_files"": [""PN10-1.edf"", ""PN10-10.edf"", ""PN10-2.edf"", ""PN10-4.5.6.edf""]}, {""validation_file"": ""PN10-4.5.6.edf"", ""train_files"": [""PN10-1.edf"", ""PN10-10.edf"", ""PN10-2.edf"", ""PN10-3.edf""]}]","[""PN10-1.edf"", ""PN10-10.edf"", ""PN10-2.edf"", ""PN10-3.edf"", ""PN10-4.5.6.edf""]",PN10,E1_RF,PN10-7.8.9.edf,nested
7,2,2,69,1,71,935,52462,50,27,5,52380,0.2857142857142857,0.2857142857142857,4.7422680412371134,5,2,2,23,17,29,11,35,0.017850324551355479,35,0.90000000000000002,False,False,"[{""validation_file"": ""PN10-1.edf"", ""train_files"": [""PN10-10.edf"", ""PN10-2.edf"", ""PN10-3.edf"", ""PN10-4.5.6.edf""]}, {""validation_file"": ""PN10-10.edf"", ""train_files"": [""PN10-1.edf"", ""PN10-2.edf"", ""PN10-3.edf"", ""PN10-4.5.6.edf""]}, {""validation_file"": ""PN10-2.edf"", ""train_files"": [""PN10-1.edf"", ""PN10-10.edf"", ""PN10-3.edf"", ""PN10-4.5.6.edf""]}, {""validation_file"": ""PN10-3.edf"", ""train_files"": [""PN10-1.edf"", ""PN10-10.edf"", ""PN10-2.edf"", ""PN10-4.5.6.edf""]}, {""validation_file"": ""PN10-4.5.6.edf"", ""train_files"": [""PN10-1.edf"", ""PN10-10.edf"", ""PN10-2.edf"", ""PN10-3.edf""]}]","[""PN10-1.edf"", ""PN10-10.edf"", ""PN10-2.edf"", ""PN10-3.edf"", ""PN10-4.5.6.edf""]",PN10,E1_RF,PN10-7.8.9.edf,nested
7,1,1,15,0,16,165,52462,50,27,5,52380,0.14285714285714285,0.14285714285714285,1.0309278350515463,6,1,1,50,50,50,50,50,0.0031500572737686141,15,0.94999999999999996,False,False,"[{""validation_file"": ""PN10-1.edf"", ""train_files"": [""PN10-10.edf"", ""PN10-2.edf"", ""PN10-3.edf"", ""PN10-4.5.6.edf""]}, {""validation_file"": ""PN10-10.edf"", ""train_files"": [""PN10-1.edf"", ""PN10-2.edf"", ""PN10-3.edf"", ""PN10-4.5.6.edf""]}, {""validation_file"": ""PN10-2.edf"", ""train_files"": [""PN10-1.edf"", ""PN10-10.edf"", ""PN10-3.edf"", ""PN10-4.5.6.edf""]}, {""validation_file"": ""PN10-3.edf"", ""train_files"": [""PN10-1.edf"", ""PN10-10.edf"", ""PN10-2.edf"", ""PN10-4.5.6.edf""]}, {""validation_file"": ""PN10-4.5.6.edf"", ""train_files"": [""PN10-1.edf"", ""PN10-10.edf"", ""PN10-2.edf"", ""PN10-3.edf""]}]","[""PN10-1.edf"", ""PN10-10.edf"", ""PN10-2.edf"", ""PN10-3.edf"", ""PN10-4.5.6.edf""]",PN10,E1_RF,PN10-7.8.9.edf,nested
7,0,0,0,0,0,0,52462,50,27,5,52380,0,0,0,7,0,0,,,,,,0,0,1.01,True,True,"[{""validation_file"": ""PN10-1.edf"", ""train_files"": [""PN10-10.edf"", ""PN10-2.edf"", ""PN10-3.edf"", ""PN10-4.5.6.edf""]}, {""validation_file"": ""PN10-10.edf"", ""train_files"": [""PN10-1.edf"", ""PN10-2.edf"", ""PN10-3.edf"", ""PN10-4.5.6.edf""]}, {""validation_file"": ""PN10-2.edf"", ""train_files"": [""PN10-1.edf"", ""PN10-10.edf"", ""PN10-3.edf"", ""PN10-4.5.6.edf""]}, {""validation_file"": ""PN10-3.edf"", ""train_files"": [""PN10-1.edf"", ""PN10-10.edf"", ""PN10-2.edf"", ""PN10-4.5.6.edf""]}, {""validation_file"": ""PN10-4.5.6.edf"", ""train_files"": [""PN10-1.edf"", ""PN10-10.edf"", ""PN10-2.edf"", ""PN10-3.edf""]}]","[""PN10-1.edf"", ""PN10-10.edf"", ""PN10-2.edf"", ""PN10-3.edf"", ""PN10-4.5.6.edf""]",PN10,E1_RF,PN10-7.8.9.edf,nested
2,2,2,81,2,83,1459,12183,20,0,0,12163,1,1,23.974348433774562,0,2,2,5.5,4.25,6.75,3,8,0.11995395872728767,135,0.050000000000000003,False,False,"[{""validation_file"": ""PN12-3.edf"", ""train_files"": [""PN12-4.edf""]}, {""validation_file"": ""PN12-4.edf"", ""train_files"": [""PN12-3.edf""]}]","[""PN12-3.edf"", ""PN12-4.edf""]",PN12,E0_LR,PN12-1.2.edf,nested
2,2,2,56,2,58,1009,12183,20,0,0,12163,1,1,16.574858176436734,0,2,2,5.5,4.25,6.75,3,8,0.082956507440598543,135,0.10000000000000001,False,False,"[{""validation_file"": ""PN12-3.edf"", ""train_files"": [""PN12-4.edf""]}, {""validation_file"": ""PN12-4.edf"", ""train_files"": [""PN12-3.edf""]}]","[""PN12-3.edf"", ""PN12-4.edf""]",PN12,E0_LR,PN12-1.2.edf,nested
2,2,2,40,2,42,739,12183,20,0,0,12163,1,1,11.839184411740524,0,2,2,5.5,4.25,6.75,3,8,0.06075803666858505,135,0.14999999999999999,False,False,"[{""validation_file"": ""PN12-3.edf"", ""train_files"": [""PN12-4.edf""]}, {""validation_file"": ""PN12-4.edf"", ""train_files"": [""PN12-3.edf""]}]","[""PN12-3.edf"", ""PN12-4.edf""]",PN12,E0_LR,PN12-1.2.edf,nested
2,2,2,33,2,35,649,12183,20,0,0,12163,1,1,9.767327139685932,0,2,2,5.5,4.25,6.75,3,8,0.053358546411247224,135,0.20000000000000001,False,False,"[{""validation_file"": ""PN12-3.edf"", ""train_files"": [""PN12-4.edf""]}, {""validation_file"": ""PN12-4.edf"", ""train_files"": [""PN12-3.edf""]}]","[""PN12-3.edf"", ""PN12-4.edf""]",PN12,E0_LR,PN12-1.2.edf,nested
2,2,2,30,2,32,554,12183,20,0,0,12163,1,1,8.8793883088053942,0,2,2,5.5,4.25,6.75,3,8,0.045547973361835074,95,0.25,False,False,"[{""validation_file"": ""PN12-3.edf"", ""train_files"": [""PN12-4.edf""]}, {""validation_file"": ""PN12-4.edf"", ""train_files"": [""PN12-3.edf""]}]","[""PN12-3.edf"", ""PN12-4.edf""]",PN12,E0_LR,PN12-1.2.edf,nested
2,2,2,27,1,29,505,12183,20,0,0,12163,1,1,7.9914494779248537,0,2,2,5.5,4.25,6.75,3,8,0.041519361999506697,90,0.29999999999999999,False,False,"[{""validation_file"": ""PN12-3.edf"", ""train_files"": [""PN12-4.edf""]}, {""validation_file"": ""PN12-4.edf"", ""train_files"": [""PN12-3.edf""]}]","[""PN12-3.edf"", ""PN12-4.edf""]",PN12,E0_LR,PN12-1.2.edf,nested
2,2,2,25,1,27,480,12183,20,0,0,12163,1,1,7.3994902573378276,0,2,2,5.5,4.25,6.75,3,8,0.039463948039135083,90,0.34999999999999998,False,False,"[{""validation_file"": ""PN12-3.edf"", ""train_files"": [""PN12-4.edf""]}, {""validation_file"": ""PN12-4.edf"", ""train_files"": [""PN12-3.edf""]}]","[""PN12-3.edf"", ""PN12-4.edf""]",PN12,E0_LR,PN12-1.2.edf,nested
2,2,2,22,1,24,445,12183,20,0,0,12163,1,1,6.5115514264572889,0,2,2,5.5,4.25,6.75,3,8,0.036586368494614815,90,0.40000000000000002,False,False,"[{""validation_file"": ""PN12-3.edf"", ""train_files"": [""PN12-4.edf""]}, {""validation_file"": ""PN12-4.edf"", ""train_files"": [""PN12-3.edf""]}]","[""PN12-3.edf"", ""PN12-4.edf""]",PN12,E0_LR,PN12-1.2.edf,nested
2,2,2,19,1,21,410,12183,20,0,0,12163,1,1,5.6236125955767493,0,2,2,5.5,4.25,6.75,3,8,0.033708788950094548,90,0.45000000000000001,False,False,"[{""validation_file"": ""PN12-3.edf"", ""train_files"": [""PN12-4.edf""]}, {""validation_file"": ""PN12-4.edf"", ""train_files"": [""PN12-3.edf""]}]","[""PN12-3.edf"", ""PN12-4.edf""]",PN12,E0_LR,PN12-1.2.edf,nested
2,2,2,17,1,19,390,12183,20,0,0,12163,1,1,5.0316533749897232,0,2,2,5.5,4.25,6.75,3,8,0.032064457781797256,90,0.5,False,False,"[{""validation_file"": ""PN12-3.edf"", ""train_files"": [""PN12-4.edf""]}, {""validation_file"": ""PN12-4.edf"", ""train_files"": [""PN12-3.edf""]}]","[""PN12-3.edf"", ""PN12-4.edf""]",PN12,E0_LR,PN12-1.2.edf,nested
2,2,2,16,1,18,355,12183,20,0,0,12163,1,1,4.7356737646962097,0,2,2,5.5,4.25,6.75,3,8,0.029186878237276989,80,0.55000000000000004,False,False,"[{""validation_file"": ""PN12-3.edf"", ""train_files"": [""PN12-4.edf""]}, {""validation_file"": ""PN12-4.edf"", ""train_files"": [""PN12-3.edf""]}]","[""PN12-3.edf"", ""PN12-4.edf""]",PN12,E0_LR,PN12-1.2.edf,nested
2,2,2,16,1,18,350,12183,20,0,0,12163,1,1,4.7356737646962097,0,2,2,5.5,4.25,6.75,3,8,0.028775795445202663,80,0.59999999999999998,False,False,"[{""validation_file"": ""PN12-3.edf"", ""train_files"": [""PN12-4.edf""]}, {""validation_file"": ""PN12-4.edf"", ""train_files"": [""PN12-3.edf""]}]","[""PN12-3.edf"", ""PN12-4.edf""]",PN12,E0_LR,PN12-1.2.edf,nested
2,2,2,14,1,16,320,12183,20,0,0,12163,1,1,4.1437145441091836,0,2,2,5.5,4.25,6.75,3,8,0.026309298692756722,80,0.65000000000000002,False,False,"[{""validation_file"": ""PN12-3.edf"", ""train_files"": [""PN12-4.edf""]}, {""validation_file"": ""PN12-4.edf"", ""train_files"": [""PN12-3.edf""]}]","[""PN12-3.edf"", ""PN12-4.edf""]",PN12,E0_LR,PN12-1.2.edf,nested
2,2,2,14,1,16,320,12183,20,0,0,12163,1,1,4.1437145441091836,0,2,2,5.5,4.25,6.75,3,8,0.026309298692756722,80,0.69999999999999996,False,False,"[{""validation_file"": ""PN12-3.edf"", ""train_files"": [""PN12-4.edf""]}, {""validation_file"": ""PN12-4.edf"", ""train_files"": [""PN12-3.edf""]}]","[""PN12-3.edf"", ""PN12-4.edf""]",PN12,E0_LR,PN12-1.2.edf,nested
2,2,2,13,1,15,310,12183,20,0,0,12163,1,1,3.8477349338156706,0,2,2,5.5,4.25,6.75,3,8,0.025487133108608073,80,0.75,False,False,"[{""validation_file"": ""PN12-3.edf"", ""train_files"": [""PN12-4.edf""]}, {""validation_file"": ""PN12-4.edf"", ""train_files"": [""PN12-3.edf""]}]","[""PN12-3.edf"", ""PN12-4.edf""]",PN12,E0_LR,PN12-1.2.edf,nested
2,2,2,11,1,13,290,12183,20,0,0,12163,1,1,3.2557757132286445,0,2,2,5.5,4.25,6.75,3,8,0.023842801940310777,80,0.80000000000000004,False,False,"[{""validation_file"": ""PN12-3.edf"", ""train_files"": [""PN12-4.edf""]}, {""validation_file"": ""PN12-4.edf"", ""train_files"": [""PN12-3.edf""]}]","[""PN12-3.edf"", ""PN12-4.edf""]",PN12,E0_LR,PN12-1.2.edf,nested
2,2,2,9,1,11,270,12183,20,0,0,12163,1,1,2.6638164926416179,0,2,2,5.5,4.25,6.75,3,8,0.022198470772013482,80,0.84999999999999998,False,False,"[{""validation_file"": ""PN12-3.edf"", ""train_files"": [""PN12-4.edf""]}, {""validation_file"": ""PN12-4.edf"", ""train_files"": [""PN12-3.edf""]}]","[""PN12-3.edf"", ""PN12-4.edf""]",PN12,E0_LR,PN12-1.2.edf,nested
2,2,2,8,1,10,255,12183,20,0,0,12163,1,1,2.3678368823481049,0,2,2,5.5,4.25,6.75,3,8,0.020965222395790514,80,0.90000000000000002,False,False,"[{""validation_file"": ""PN12-3.edf"", ""train_files"": [""PN12-4.edf""]}, {""validation_file"": ""PN12-4.edf"", ""train_files"": [""PN12-3.edf""]}]","[""PN12-3.edf"", ""PN12-4.edf""]",PN12,E0_LR,PN12-1.2.edf,nested
2,2,2,8,1,10,225,12183,20,0,0,12163,1,1,2.3678368823481049,0,2,2,10.5,9.25,11.75,8,13,0.018498725643344569,55,0.94999999999999996,False,False,"[{""validation_file"": ""PN12-3.edf"", ""train_files"": [""PN12-4.edf""]}, {""validation_file"": ""PN12-4.edf"", ""train_files"": [""PN12-3.edf""]}]","[""PN12-3.edf"", ""PN12-4.edf""]",PN12,E0_LR,PN12-1.2.edf,nested
2,0,0,0,0,0,0,12183,20,0,0,12163,0,0,0,2,0,0,,,,,,0,0,1.01,True,True,"[{""validation_file"": ""PN12-3.edf"", ""train_files"": [""PN12-4.edf""]}, {""validation_file"": ""PN12-4.edf"", ""train_files"": [""PN12-3.edf""]}]","[""PN12-3.edf"", ""PN12-4.edf""]",PN12,E0_LR,PN12-1.2.edf,nested
3,1,3,107,0,108,1925,19968,20,0,0,19948,0.33333333333333331,1,19.310206536996191,2,1,1,15,15,15,15,15,0.096500902346099857,120,0.050000000000000003,False,False,"[{""validation_file"": ""PN12-1.2.edf"", ""train_files"": [""PN12-4.edf""]}, {""validation_file"": ""PN12-4.edf"", ""train_files"": [""PN12-1.2.edf""]}]","[""PN12-1.2.edf"", ""PN12-4.edf""]",PN12,E0_LR,PN12-3.edf,nested
3,2,3,81,0,83,1380,19968,20,0,0,19948,0.66666666666666663,1,14.618006817726087,1,2,2,11.5,9.75,13.25,8,15,0.06917986765590535,95,0.10000000000000001,False,False,"[{""validation_file"": ""PN12-1.2.edf"", ""train_files"": [""PN12-4.edf""]}, {""validation_file"": ""PN12-4.edf"", ""train_files"": [""PN12-1.2.edf""]}]","[""PN12-1.2.edf"", ""PN12-4.edf""]",PN12,E0_LR,PN12-3.edf,nested
3,2,3,61,0,63,1035,19968,20,0,0,19948,0.66666666666666663,1,11.008622418287548,1,2,2,11.5,9.75,13.25,8,15,0.051884900741929016,95,0.14999999999999999,False,False,"[{""validation_file"": ""PN12-1.2.edf"", ""train_files"": [""PN12-4.edf""]}, {""validation_file"": ""PN12-4.edf"", ""train_files"": [""PN12-1.2.edf""]}]","[""PN12-1.2.edf"", ""PN12-4.edf""]",PN12,E0_LR,PN12-3.edf,nested
3,2,3,50,0,52,840,19968,20,0,0,19948,0.66666666666666663,1,9.0234609985963505,1,2,2,11.5,9.75,13.25,8,15,0.042109484660116304,90,0.20000000000000001,False,False,"[{""validation_file"": ""PN12-1.2.edf"", ""train_files"": [""PN12-4.edf""]}, {""validation_file"": ""PN12-4.edf"", ""train_files"": [""PN12-1.2.edf""]}]","[""PN12-1.2.edf"", ""PN12-4.edf""]",PN12,E0_LR,PN12-3.edf,nested
3,3,3,40,0,43,710,19968,20,0,0,19948,1,1,7.2187687988770808,0,3,3,8,5.5,11.5,3,15,0.035592540605574492,70,0.25,False,False,"[{""validation_file"": ""PN12-1.2.edf"", ""train_files"": [""PN12-4.edf""]}, {""validation_file"": ""PN12-4.edf"", ""train_files"": [""PN12-1.2.edf""]}]","[""PN12-1.2.edf"", ""PN12-4.edf""]",PN12,E0_LR,PN12-3.edf,nested
3,3,3,35,0,38,645,19968,20,0,0,19948,1,1,6.316422699017445,0,3,3,8,5.5,11.5,3,15,0.032334068578303586,70,0.29999999999999999,False,False,"[{""validation_file"": ""PN12-1.2.edf"", ""train_files"": [""PN12-4.edf""]}, {""validation_file"": ""PN12-4.edf"", ""train_files"": [""PN12-1.2.edf""]}]","[""PN12-1.2.edf"", ""PN12-4.edf""]",PN12,E0_LR,PN12-3.edf,nested
3,3,3,30,0,33,585,19968,20,0,0,19948,1,1,5.4140765991578101,0,3,3,8,5.5,11.5,3,15,0.029326248245438138,70,0.34999999999999998,False,False,"[{""validation_file"": ""PN12-1.2.edf"", ""train_files"": [""PN12-4.edf""]}, {""validation_file"": ""PN12-4.edf"", ""train_files"": [""PN12-1.2.edf""]}]","[""PN12-1.2.edf"", ""PN12-4.edf""]",PN12,E0_LR,PN12-3.edf,nested
3,3,3,28,0,31,560,19968,20,0,0,19948,1,1,5.0531381592139564,0,3,3,8,5.5,11.5,3,15,0.02807298977341087,70,0.40000000000000002,False,False,"[{""validation_file"": ""PN12-1.2.edf"", ""train_files"": [""PN12-4.edf""]}, {""validation_file"": ""PN12-4.edf"", ""train_files"": [""PN12-1.2.edf""]}]","[""PN12-1.2.edf"", ""PN12-4.edf""]",PN12,E0_LR,PN12-3.edf,nested
3,3,3,22,0,25,490,19968,20,0,0,19948,1,1,3.9703228393823942,0,3,3,8,5.5,11.5,3,15,0.024563866051734509,70,0.45000000000000001,False,False,"[{""validation_file"": ""PN12-1.2.edf"", ""train_files"": [""PN12-4.edf""]}, {""validation_file"": ""PN12-4.edf"", ""train_files"": [""PN12-1.2.edf""]}]","[""PN12-1.2.edf"", ""PN12-4.edf""]",PN12,E0_LR,PN12-3.edf,nested
3,3,3,21,0,24,460,19968,20,0,0,19948,1,1,3.7898536194104673,0,3,3,8,5.5,11.5,3,15,0.023059955885301783,70,0.5,False,False,"[{""validation_file"": ""PN12-1.2.edf"", ""train_files"": [""PN12-4.edf""]}, {""validation_file"": ""PN12-4.edf"", ""train_files"": [""PN12-1.2.edf""]}]","[""PN12-1.2.edf"", ""PN12-4.edf""]",PN12,E0_LR,PN12-3.edf,nested
3,3,3,14,0,17,380,19968,20,0,0,19948,1,1,2.5265690796069782,0,3,3,8,5.5,11.5,3,15,0.019049528774814518,70,0.55000000000000004,False,False,"[{""validation_file"": ""PN12-1.2.edf"", ""train_files"": [""PN12-4.edf""]}, {""validation_file"": ""PN12-4.edf"", ""train_files"": [""PN12-1.2.edf""]}]","[""PN12-1.2.edf"", ""PN12-4.edf""]",PN12,E0_LR,PN12-3.edf,nested
3,3,3,12,0,15,350,19968,20,0,0,19948,1,1,2.165630639663124,0,3,3,8,8,11.5,8,15,0.017545618608381792,65,0.59999999999999998,False,False,"[{""validation_file"": ""PN12-1.2.edf"", ""train_files"": [""PN12-4.edf""]}, {""validation_file"": ""PN12-4.edf"", ""train_files"": [""PN12-1.2.edf""]}]","[""PN12-1.2.edf"", ""PN12-4.edf""]",PN12,E0_LR,PN12-3.edf,nested
3,3,3,12,0,15,340,19968,20,0,0,19948,1,1,2.165630639663124,0,3,3,8,8,11.5,8,15,0.017044315219570883,65,0.65000000000000002,False,False,"[{""validation_file"": ""PN12-1.2.edf"", ""train_files"": [""PN12-4.edf""]}, {""validation_file"": ""PN12-4.edf"", ""train_files"": [""PN12-1.2.edf""]}]","[""PN12-1.2.edf"", ""PN12-4.edf""]",PN12,E0_LR,PN12-3.edf,nested
3,3,3,12,0,15,335,19968,20,0,0,19948,1,1,2.165630639663124,0,3,3,8,8,11.5,8,15,0.016793663525165429,65,0.69999999999999996,False,False,"[{""validation_file"": ""PN12-1.2.edf"", ""train_files"": [""PN12-4.edf""]}, {""validation_file"": ""PN12-4.edf"", ""train_files"": [""PN12-1.2.edf""]}]","[""PN12-1.2.edf"", ""PN12-4.edf""]",PN12,E0_LR,PN12-3.edf,nested
3,3,3,9,0,12,300,19968,20,0,0,19948,1,1,1.6242229797473431,0,3,3,8,8,11.5,8,15,0.01503910166432725,65,0.75,False,False,"[{""validation_file"": ""PN12-1.2.edf"", ""train_files"": [""PN12-4.edf""]}, {""validation_file"": ""PN12-4.edf"", ""train_files"": [""PN12-1.2.edf""]}]","[""PN12-1.2.edf"", ""PN12-4.edf""]",PN12,E0_LR,PN12-3.edf,nested
3,3,3,8,0,11,285,19968,20,0,0,19948,1,1,1.443753759775416,0,3,3,8,8,11.5,8,15,0.014287146581110889,65,0.80000000000000004,False,False,"[{""validation_file"": ""PN12-1.2.edf"", ""train_files"": [""PN12-4.edf""]}, {""validation_file"": ""PN12-4.edf"", ""train_files"": [""PN12-1.2.edf""]}]","[""PN12-1.2.edf"", ""PN12-4.edf""]",PN12,E0_LR,PN12-3.edf,nested
3,3,3,6,0,9,260,19968,20,0,0,19948,1,1,1.082815319831562,0,3,3,8,8,11.5,8,15,0.013033888109083618,65,0.84999999999999998,False,False,"[{""validation_file"": ""PN12-1.2.edf"", ""train_files"": [""PN12-4.edf""]}, {""validation_file"": ""PN12-4.edf"", ""train_files"": [""PN12-1.2.edf""]}]","[""PN12-1.2.edf"", ""PN12-4.edf""]",PN12,E0_LR,PN12-3.edf,nested
3,3,3,5,0,8,245,19968,20,0,0,19948,1,1,0.9023460998596351,0,3,3,13,10.5,14,8,15,0.012281933025867255,65,0.90000000000000002,True,False,"[{""validation_file"": ""PN12-1.2.edf"", ""train_files"": [""PN12-4.edf""]}, {""validation_file"": ""PN12-4.edf"", ""train_files"": [""PN12-1.2.edf""]}]","[""PN12-1.2.edf"", ""PN12-4.edf""]",PN12,E0_LR,PN12-3.edf,nested
3,3,3,1,0,4,195,19968,20,0,0,19948,1,1,0.180469219971927,0,3,3,13,10.5,14,8,15,0.0097754160818127132,65,0.94999999999999996,True,True,"[{""validation_file"": ""PN12-1.2.edf"", ""train_files"": [""PN12-4.edf""]}, {""validation_file"": ""PN12-4.edf"", ""train_files"": [""PN12-1.2.edf""]}]","[""PN12-1.2.edf"", ""PN12-4.edf""]",PN12,E0_LR,PN12-3.edf,nested
3,0,0,0,0,0,0,19968,20,0,0,19948,0,0,0,3,0,0,,,,,,0,0,1.01,True,False,"[{""validation_file"": ""PN12-1.2.edf"", ""train_files"": [""PN12-4.edf""]}, {""validation_file"": ""PN12-4.edf"", ""train_files"": [""PN12-1.2.edf""]}]","[""PN12-1.2.edf"", ""PN12-4.edf""]",PN12,E0_LR,PN12-3.edf,nested
3,3,3,142,0,145,3033,11763,20,0,0,11743,1,1,43.532317125095801,0,3,3,8,6.5,38,5,68,0.25828152942178317,199,0.050000000000000003,False,False,"[{""validation_file"": ""PN12-1.2.edf"", ""train_files"": [""PN12-3.edf""]}, {""validation_file"": ""PN12-3.edf"", ""train_files"": [""PN12-1.2.edf""]}]","[""PN12-1.2.edf"", ""PN12-3.edf""]",PN12,E0_LR,PN12-4.edf,nested
3,3,3,112,1,115,2244,11763,20,0,0,11743,1,1,34.335348718385418,0,3,3,8,5.5,11.5,3,15,0.19109256578387124,100,0.10000000000000001,False,False,"[{""validation_file"": ""PN12-1.2.edf"", ""train_files"": [""PN12-3.edf""]}, {""validation_file"": ""PN12-3.edf"", ""train_files"": [""PN12-1.2.edf""]}]","[""PN12-1.2.edf"", ""PN12-3.edf""]",PN12,E0_LR,PN12-4.edf,nested
3,3,3,96,1,99,1804,11763,20,0,0,11743,1,1,29.430298901473218,0,3,3,8,5.5,11.5,3,15,0.15362343523801414,100,0.14999999999999999,False,False,"[{""validation_file"": ""PN12-1.2.edf"", ""train_files"": [""PN12-3.edf""]}, {""validation_file"": ""PN12-3.edf"", ""train_files"": [""PN12-1.2.edf""]}]","[""PN12-1.2.edf"", ""PN12-3.edf""]",PN12,E0_LR,PN12-4.edf,nested
3,3,3,78,1,81,1444,11763,20,0,0,11743,1,1,23.91211785744699,0,3,3,8,5.5,11.5,3,15,0.12296687388231287,100,0.20000000000000001,False,False,"[{""validation_file"": ""PN12-1.2.edf"", ""train_files"": [""PN12-3.edf""]}, {""validation_file"": ""PN12-3.edf"", ""train_files"": [""PN12-1.2.edf""]}]","[""PN12-1.2.edf"", ""PN12-3.edf""]",PN12,E0_LR,PN12-4.edf,nested
3,3,3,75,1,78,1334,11763,20,0,0,11743,1,1,22.992421016775953,0,3,3,8,5.5,11.5,3,15,0.11359959124584859,100,0.25,False,False,"[{""validation_file"": ""PN12-1.2.edf"", ""train_files"": [""PN12-3.edf""]}, {""validation_file"": ""PN12-3.edf"", ""train_files"": [""PN12-1.2.edf""]}]","[""PN12-1.2.edf"", ""PN12-3.edf""]",PN12,E0_LR,PN12-4.edf,nested
3,3,3,65,1,68,1209,11763,20,0,0,11743,1,1,19.926764881205823,0,3,3,8,5.5,11.5,3,15,0.10295495188623009,100,0.29999999999999999,False,False,"[{""validation_file"": ""PN12-1.2.edf"", ""train_files"": [""PN12-3.edf""]}, {""validation_file"": ""PN12-3.edf"", ""train_files"": [""PN12-1.2.edf""]}]","[""PN12-1.2.edf"", ""PN12-3.edf""]",PN12,E0_LR,PN12-4.edf,nested
3,3,3,59,1,62,1094,11763,20,0,0,11743,1,1,18.08737119986375,0,3,3,8,5.5,11.5,3,15,0.093161883675381071,100,0.34999999999999998,False,False,"[{""validation_file"": ""PN12-1.2.edf"", ""train_files"": [""PN12-3.edf""]}, {""validation_file"": ""PN12-3.edf"", ""train_files"": [""PN12-1.2.edf""]}]","[""PN12-1.2.edf"", ""PN12-3.edf""]",PN12,E0_LR,PN12-4.edf,nested
3,3,3,50,2,53,969,11763,20,0,0,11743,1,1,15.328280677850634,0,3,3,8,5.5,11.5,3,15,0.082517244315762586,100,0.40000000000000002,False,False,"[{""validation_file"": ""PN12-1.2.edf"", ""train_files"": [""PN12-3.edf""]}, {""validation_file"": ""PN12-3.edf"", ""train_files"": [""PN12-1.2.edf""]}]","[""PN12-1.2.edf"", ""PN12-3.edf""]",PN12,E0_LR,PN12-4.edf,nested
3,3,3,44,2,47,879,11763,20,0,0,11743,1,1,13.488886996508558,0,3,3,8,5.5,11.5,3,15,0.074853103976837268,80,0.45000000000000001,False,False,"[{""validation_file"": ""PN12-1.2.edf"", ""train_files"": [""PN12-3.edf""]}, {""validation_file"": ""PN12-3.edf"", ""train_files"": [""PN12-1.2.edf""]}]","[""PN12-1.2.edf"", ""PN12-3.edf""]",PN12,E0_LR,PN12-4.edf,nested
3,3,3,40,2,43,829,11763,20,0,0,11743,1,1,12.262624542280507,0,3,3,8,5.5,11.5,3,15,0.070595248232989863,80,0.5,False,False,"[{""validation_file"": ""PN12-1.2.edf"", ""train_files"": [""PN12-3.edf""]}, {""validation_file"": ""PN12-3.edf"", ""train_files"": [""PN12-1.2.edf""]}]","[""PN12-1.2.edf"", ""PN12-3.edf""]",PN12,E0_LR,PN12-4.edf,nested
3,3,3,38,2,41,789,11763,20,0,0,11743,1,1,11.649493315166483,0,3,3,8,5.5,11.5,3,15,0.06718896363791195,80,0.55000000000000004,False,False,"[{""validation_file"": ""PN12-1.2.edf"", ""train_files"": [""PN12-3.edf""]}, {""validation_file"": ""PN12-3.edf"", ""train_files"": [""PN12-1.2.edf""]}]","[""PN12-1.2.edf"", ""PN12-3.edf""]",PN12,E0_LR,PN12-4.edf,nested
3,3,3,39,2,42,769,11763,20,0,0,11743,1,1,11.956058928723495,0,3,3,8,5.5,11.5,3,15,0.065485821340372993,80,0.59999999999999998,False,False,"[{""validation_file"": ""PN12-1.2.edf"", ""train_files"": [""PN12-3.edf""]}, {""validation_file"": ""PN12-3.edf"", ""train_files"": [""PN12-1.2.edf""]}]","[""PN12-1.2.edf"", ""PN12-3.edf""]",PN12,E0_LR,PN12-4.edf,nested
3,3,3,37,2,40,714,11763,20,0,0,11743,1,1,11.342927701609469,0,3,3,8,5.5,11.5,3,15,0.060802180022140849,75,0.65000000000000002,False,False,"[{""validation_file"": ""PN12-1.2.edf"", ""train_files"": [""PN12-3.edf""]}, {""validation_file"": ""PN12-3.edf"", ""train_files"": [""PN12-1.2.edf""]}]","[""PN12-1.2.edf"", ""PN12-3.edf""]",PN12,E0_LR,PN12-4.edf,nested
3,3,3,36,2,39,664,11763,20,0,0,11743,1,1,11.036362088052456,0,3,3,8,5.5,11.5,3,15,0.056544324278293451,75,0.69999999999999996,False,False,"[{""validation_file"": ""PN12-1.2.edf"", ""train_files"": [""PN12-3.edf""]}, {""validation_file"": ""PN12-3.edf"", ""train_files"": [""PN12-1.2.edf""]}]","[""PN12-1.2.edf"", ""PN12-3.edf""]",PN12,E0_LR,PN12-4.edf,nested
3,3,3,33,1,36,624,11763,20,0,0,11743,1,1,10.11666524738142,0,3,3,8,5.5,11.5,3,15,0.053138039683215531,70,0.75,False,False,"[{""validation_file"": ""PN12-1.2.edf"", ""train_files"": [""PN12-3.edf""]}, {""validation_file"": ""PN12-3.edf"", ""train_files"": [""PN12-1.2.edf""]}]","[""PN12-1.2.edf"", ""PN12-3.edf""]",PN12,E0_LR,PN12-4.edf,nested
3,3,3,28,1,31,574,11763,20,0,0,11743,1,1,8.5838371795963546,0,3,3,8,5.5,11.5,3,15,0.048880183939368133,70,0.80000000000000004,False,False,"[{""validation_file"": ""PN12-1.2.edf"", ""train_files"": [""PN12-3.edf""]}, {""validation_file"": ""PN12-3.edf"", ""train_files"": [""PN12-1.2.edf""]}]","[""PN12-1.2.edf"", ""PN12-3.edf""]",PN12,E0_LR,PN12-4.edf,nested
3,3,3,27,1,30,549,11763,20,0,0,11743,1,1,8.2772715660393423,0,3,3,8,5.5,11.5,3,15,0.046751256067444437,70,0.84999999999999998,False,False,"[{""validation_file"": ""PN12-1.2.edf"", ""train_files"": [""PN12-3.edf""]}, {""validation_file"": ""PN12-3.edf"", ""train_files"": [""PN12-1.2.edf""]}]","[""PN12-1.2.edf"", ""PN12-3.edf""]",PN12,E0_LR,PN12-4.edf,nested
3,3,3,26,1,29,509,11763,20,0,0,11743,1,1,7.97070595248233,0,3,3,8,5.5,11.5,3,15,0.043344971472366517,60,0.90000000000000002,False,False,"[{""validation_file"": ""PN12-1.2.edf"", ""train_files"": [""PN12-3.edf""]}, {""validation_file"": ""PN12-3.edf"", ""train_files"": [""PN12-1.2.edf""]}]","[""PN12-1.2.edf"", ""PN12-3.edf""]",PN12,E0_LR,PN12-4.edf,nested
3,3,3,20,1,23,399,11763,20,0,0,11743,1,1,6.1313122711402537,0,3,3,13,10.5,14,8,15,0.033977688835902242,50,0.94999999999999996,False,False,"[{""validation_file"": ""PN12-1.2.edf"", ""train_files"": [""PN12-3.edf""]}, {""validation_file"": ""PN12-3.edf"", ""train_files"": [""PN12-1.2.edf""]}]","[""PN12-1.2.edf"", ""PN12-3.edf""]",PN12,E0_LR,PN12-4.edf,nested
3,0,0,0,0,0,0,11763,20,0,0,11743,0,0,0,3,0,0,,,,,,0,0,1.01,True,True,"[{""validation_file"": ""PN12-1.2.edf"", ""train_files"": [""PN12-3.edf""]}, {""validation_file"": ""PN12-3.edf"", ""train_files"": [""PN12-1.2.edf""]}]","[""PN12-1.2.edf"", ""PN12-3.edf""]",PN12,E0_LR,PN12-4.edf,nested
2,1,2,151,0,152,6304,12183,20,0,0,12163,0.5,1,44.69292115432048,1,1,1,3,3,3,3,3,0.51829318424730741,385,0.050000000000000003,False,False,"[{""validation_file"": ""PN12-3.edf"", ""train_files"": [""PN12-4.edf""]}, {""validation_file"": ""PN12-4.edf"", ""train_files"": [""PN12-3.edf""]}]","[""PN12-3.edf"", ""PN12-4.edf""]",PN12,E1_RF,PN12-1.2.edf,nested
2,1,2,136,0,137,3689,12183,20,0,0,12163,0.5,1,40.253226999917786,1,1,1,8,8,8,8,8,0.30329688399243609,305,0.10000000000000001,False,False,"[{""validation_file"": ""PN12-3.edf"", ""train_files"": [""PN12-4.edf""]}, {""validation_file"": ""PN12-4.edf"", ""train_files"": [""PN12-3.edf""]}]","[""PN12-3.edf"", ""PN12-4.edf""]",PN12,E1_RF,PN12-1.2.edf,nested
2,2,2,86,0,88,1784,12183,20,0,0,12163,1,1,25.454246485242127,0,2,2,8,8,8,8,8,0.14667434021211873,245,0.14999999999999999,False,False,"[{""validation_file"": ""PN12-3.edf"", ""train_files"": [""PN12-4.edf""]}, {""validation_file"": ""PN12-4.edf"", ""train_files"": [""PN12-3.edf""]}]","[""PN12-3.edf"", ""PN12-4.edf""]",PN12,E1_RF,PN12-1.2.edf,nested
2,2,2,56,1,58,1130,12183,20,0,0,12163,1,1,16.574858176436734,0,2,2,8,8,8,8,8,0.092904711008797172,135,0.20000000000000001,False,False,"[{""validation_file"": ""PN12-3.edf"", ""train_files"": [""PN12-4.edf""]}, {""validation_file"": ""PN12-4.edf"", ""train_files"": [""PN12-3.edf""]}]","[""PN12-3.edf"", ""PN12-4.edf""]",PN12,E1_RF,PN12-1.2.edf,nested
2,2,2,47,2,49,875,12183,20,0,0,12163,1,1,13.911041683795116,0,2,2,8,8,8,8,8,0.071939488613006655,135,0.25,False,False,"[{""validation_file"": ""PN12-3.edf"", ""train_files"": [""PN12-4.edf""]}, {""validation_file"": ""PN12-4.edf"", ""train_files"": [""PN12-3.edf""]}]","[""PN12-3.edf"", ""PN12-4.edf""]",PN12,E1_RF,PN12-1.2.edf,nested
2,2,2,31,0,33,610,12183,20,0,0,12163,1,1,9.1753679190989068,0,2,2,10.5,9.25,11.75,8,13,0.050152100633067499,125,0.29999999999999999,False,False,"[{""validation_file"": ""PN12-3.edf"", ""train_files"": [""PN12-4.edf""]}, {""validation_file"": ""PN12-4.edf"", ""train_files"": [""PN12-3.edf""]}]","[""PN12-3.edf"", ""PN12-4.edf""]",PN12,E1_RF,PN12-1.2.edf,nested
2,2,2,21,0,23,460,12183,20,0,0,12163,1,1,6.2155718161637754,0,2,2,10.5,9.25,11.75,8,13,0.037819616870837784,125,0.34999999999999998,False,False,"[{""validation_file"": ""PN12-3.edf"", ""train_files"": [""PN12-4.edf""]}, {""validation_file"": ""PN12-4.edf"", ""train_files"": [""PN12-3.edf""]}]","[""PN12-3.edf"", ""PN12-4.edf""]",PN12,E1_RF,PN12-1.2.edf,nested
2,2,2,14,0,16,345,12183,20,0,0,12163,1,1,4.1437145441091836,0,2,2,10.5,9.25,11.75,8,13,0.02836471265312834,125,0.40000000000000002,False,False,"[{""validation_file"": ""PN12-3.edf"", ""train_files"": [""PN12-4.edf""]}, {""validation_file"": ""PN12-4.edf"", ""train_files"": [""PN12-3.edf""]}]","[""PN12-3.edf"", ""PN12-4.edf""]",PN12,E1_RF,PN12-1.2.edf,nested
2,2,2,11,0,13,305,12183,20,0,0,12163,1,1,3.2557757132286445,0,2,2,10.5,9.25,11.75,8,13,0.02507605031653375,125,0.45000000000000001,False,False,"[{""validation_file"": ""PN12-3.edf"", ""train_files"": [""PN12-4.edf""]}, {""validation_file"": ""PN12-4.edf"", ""train_files"": [""PN12-3.edf""]}]","[""PN12-3.edf"", ""PN12-4.edf""]",PN12,E1_RF,PN12-1.2.edf,nested
2,2,2,7,0,9,220,12183,20,0,0,12163,1,1,2.0718572720545918,0,2,2,10.5,9.25,11.75,8,13,0.018087642851270246,65,0.5,False,False,"[{""validation_file"": ""PN12-3.edf"", ""train_files"": [""PN12-4.edf""]}, {""validation_file"": ""PN12-4.edf"", ""train_files"": [""PN12-3.edf""]}]","[""PN12-3.edf"", ""PN12-4.edf""]",PN12,E1_RF,PN12-1.2.edf,nested
2,2,2,6,0,8,200,12183,20,0,0,12163,1,1,1.7758776617610788,0,2,2,10.5,9.25,11.75,8,13,0.016443311682972951,60,0.55000000000000004,False,False,"[{""validation_file"": ""PN12-3.edf"", ""train_files"": [""PN12-4.edf""]}, {""validation_file"": ""PN12-4.edf"", ""train_files"": [""PN12-3.edf""]}]","[""PN12-3.edf"", ""PN12-4.edf""]",PN12,E1_RF,PN12-1.2.edf,nested
2,2,2,5,0,7,180,12183,20,0,0,12163,1,1,1.4798980514675655,0,2,2,10.5,9.25,11.75,8,13,0.014798980514675656,60,0.59999999999999998,False,False,"[{""validation_file"": ""PN12-3.edf"", ""train_files"": [""PN12-4.edf""]}, {""validation_file"": ""PN12-4.edf"", ""train_files"": [""PN12-3.edf""]}]","[""PN12-3.edf"", ""PN12-4.edf""]",PN12,E1_RF,PN12-1.2.edf,nested
2,2,2,3,1,5,135,12183,20,0,0,12163,1,1,0.88793883088053938,0,2,2,10.5,9.25,11.75,8,13,0.011099235386006741,60,0.65000000000000002,True,False,"[{""validation_file"": ""PN12-3.edf"", ""train_files"": [""PN12-4.edf""]}, {""validation_file"": ""PN12-4.edf"", ""train_files"": [""PN12-3.edf""]}]","[""PN12-3.edf"", ""PN12-4.edf""]",PN12,E1_RF,PN12-1.2.edf,nested
2,2,2,3,2,5,110,12183,20,0,0,12163,1,1,0.88793883088053938,0,2,2,10.5,9.25,11.75,8,13,0.0090438214256351231,35,0.69999999999999996,True,False,"[{""validation_file"": ""PN12-3.edf"", ""train_files"": [""PN12-4.edf""]}, {""validation_file"": ""PN12-4.edf"", ""train_files"": [""PN12-3.edf""]}]","[""PN12-3.edf"", ""PN12-4.edf""]",PN12,E1_RF,PN12-1.2.edf,nested
2,2,2,3,2,5,110,12183,20,0,0,12163,1,1,0.88793883088053938,0,2,2,10.5,9.25,11.75,8,13,0.0090438214256351231,35,0.75,True,False,"[{""validation_file"": ""PN12-3.edf"", ""train_files"": [""PN12-4.edf""]}, {""validation_file"": ""PN12-4.edf"", ""train_files"": [""PN12-3.edf""]}]","[""PN12-3.edf"", ""PN12-4.edf""]",PN12,E1_RF,PN12-1.2.edf,nested
2,2,2,2,2,4,90,12183,20,0,0,12163,1,1,0.59195922058702621,0,2,2,13,13,13,13,13,0.007399490257337828,35,0.80000000000000004,True,False,"[{""validation_file"": ""PN12-3.edf"", ""train_files"": [""PN12-4.edf""]}, {""validation_file"": ""PN12-4.edf"", ""train_files"": [""PN12-3.edf""]}]","[""PN12-3.edf"", ""PN12-4.edf""]",PN12,E1_RF,PN12-1.2.edf,nested
2,2,2,2,2,4,75,12183,20,0,0,12163,1,1,0.59195922058702621,0,2,2,15.5,14.25,16.75,13,18,0.0061662418811148567,30,0.84999999999999998,True,False,"[{""validation_file"": ""PN12-3.edf"", ""train_files"": [""PN12-4.edf""]}, {""validation_file"": ""PN12-4.edf"", ""train_files"": [""PN12-3.edf""]}]","[""PN12-3.edf"", ""PN12-4.edf""]",PN12,E1_RF,PN12-1.2.edf,nested
2,2,2,1,1,3,50,12183,20,0,0,12163,1,1,0.29597961029351311,0,2,2,30.5,26.75,34.25,23,38,0.0041108279207432378,20,0.90000000000000002,True,False,"[{""validation_file"": ""PN12-3.edf"", ""train_files"": [""PN12-4.edf""]}, {""validation_file"": ""PN12-4.edf"", ""train_files"": [""PN12-3.edf""]}]","[""PN12-3.edf"", ""PN12-4.edf""]",PN12,E1_RF,PN12-1.2.edf,nested
2,2,2,1,1,3,35,12183,20,0,0,12163,1,1,0.29597961029351311,0,2,2,30.5,26.75,34.25,23,38,0.0028775795445202665,15,0.94999999999999996,True,True,"[{""validation_file"": ""PN12-3.edf"", ""train_files"": [""PN12-4.edf""]}, {""validation_file"": ""PN12-4.edf"", ""train_files"": [""PN12-3.edf""]}]","[""PN12-3.edf"", ""PN12-4.edf""]",PN12,E1_RF,PN12-1.2.edf,nested
2,0,0,0,0,0,0,12183,20,0,0,12163,0,0,0,2,0,0,,,,,,0,0,1.01,True,False,"[{""validation_file"": ""PN12-3.edf"", ""train_files"": [""PN12-4.edf""]}, {""validation_file"": ""PN12-4.edf"", ""train_files"": [""PN12-3.edf""]}]","[""PN12-3.edf"", ""PN12-4.edf""]",PN12,E1_RF,PN12-1.2.edf,nested
3,2,3,243,0,245,5923,19968,20,0,0,19948,0.66666666666666663,1,43.854020453178265,1,2,2,9,8.5,9.5,8,10,0.29692199719270101,430,0.050000000000000003,False,False,"[{""validation_file"": ""PN12-1.2.edf"", ""train_files"": [""PN12-4.edf""]}, {""validation_file"": ""PN12-4.edf"", ""train_files"": [""PN12-1.2.edf""]}]","[""PN12-1.2.edf"", ""PN12-4.edf""]",PN12,E1_RF,PN12-3.edf,nested
3,2,3,153,0,155,3269,19968,20,0,0,19948,0.66666666666666663,1,27.611790655704834,1,2,2,11.5,9.75,13.25,8,15,0.16387607780228594,245,0.10000000000000001,False,False,"[{""validation_file"": ""PN12-1.2.edf"", ""train_files"": [""PN12-4.edf""]}, {""validation_file"": ""PN12-4.edf"", ""train_files"": [""PN12-1.2.edf""]}]","[""PN12-1.2.edf"", ""PN12-4.edf""]",PN12,E1_RF,PN12-3.edf,nested
3,2,3,108,0,110,2244,19968,20,0,0,19948,0.66666666666666663,1,19.490675756968116,1,2,2,11.5,9.75,13.25,8,15,0.11249248044916783,170,0.14999999999999999,False,False,"[{""validation_file"": ""PN12-1.2.edf"", ""train_files"": [""PN12-4.edf""]}, {""validation_file"": ""PN12-4.edf"", ""train_files"": [""PN12-1.2.edf""]}]","[""PN12-1.2.edf"", ""PN12-4.edf""]",PN12,E1_RF,PN12-3.edf,nested
3,3,3,74,0,77,1474,19968,20,0,0,19948,1,1,13.354722277922599,0,3,3,8,8,11.5,8,15,0.073892119510727897,95,0.20000000000000001,False,False,"[{""validation_file"": ""PN12-1.2.edf"", ""train_files"": [""PN12-4.edf""]}, {""validation_file"": ""PN12-4.edf"", ""train_files"": [""PN12-1.2.edf""]}]","[""PN12-1.2.edf"", ""PN12-4.edf""]",PN12,E1_RF,PN12-3.edf,nested
3,3,3,57,0,60,1005,19968,20,0,0,19948,1,1,10.28674553839984,0,3,3,8,8,11.5,8,15,0.05038099057549629,85,0.25,False,False,"[{""validation_file"": ""PN12-1.2.edf"", ""train_files"": [""PN12-4.edf""]}, {""validation_file"": ""PN12-4.edf"", ""train_files"": [""PN12-1.2.edf""]}]","[""PN12-1.2.edf"", ""PN12-4.edf""]",PN12,E1_RF,PN12-3.edf,nested
3,3,3,41,0,44,730,19968,20,0,0,19948,1,1,7.3992380188490072,0,3,3,8,8,11.5,8,15,0.036595147383196309,85,0.29999999999999999,False,False,"[{""validation_file"": ""PN12-1.2.edf"", ""train_files"": [""PN12-4.edf""]}, {""validation_file"": ""PN12-4.edf"", ""train_files"": [""PN12-1.2.edf""]}]","[""PN12-1.2.edf"", ""PN12-4.edf""]",PN12,E1_RF,PN12-3.edf,nested
3,3,3,26,0,29,515,19968,20,0,0,19948,1,1,4.6921997192701026,0,3,3,8,8,11.5,8,15,0.025817124523761781,70,0.34999999999999998,False,False,"[{""validation_file"": ""PN12-1.2.edf"", ""train_files"": [""PN12-4.edf""]}, {""validation_file"": ""PN12-4.edf"", ""train_files"": [""PN12-1.2.edf""]}]","[""PN12-1.2.edf"", ""PN12-4.edf""]",PN12,E1_RF,PN12-3.edf,nested
3,3,3,18,0,21,415,19968,20,0,0,19948,1,1,3.2484459594946862,0,3,3,8,8,11.5,8,15,0.020804090635652698,65,0.40000000000000002,False,False,"[{""validation_file"": ""PN12-1.2.edf"", ""train_files"": [""PN12-4.edf""]}, {""validation_file"": ""PN12-4.edf"", ""train_files"": [""PN12-1.2.edf""]}]","[""PN12-1.2.edf"", ""PN12-4.edf""]",PN12,E1_RF,PN12-3.edf,nested
3,3,3,14,0,17,365,19968,20,0,0,19948,1,1,2.5265690796069782,0,3,3,13,10.5,14,8,15,0.018297573691598155,65,0.45000000000000001,False,False,"[{""validation_file"": ""PN12-1.2.edf"", ""train_files"": [""PN12-4.edf""]}, {""validation_file"": ""PN12-4.edf"", ""train_files"": [""PN12-1.2.edf""]}]","[""PN12-1.2.edf"", ""PN12-4.edf""]",PN12,E1_RF,PN12-3.edf,nested
3,3,3,10,0,13,290,19968,20,0,0,19948,1,1,1.8046921997192702,0,3,3,13,13,14,13,15,0.014537798275516342,65,0.5,False,False,"[{""validation_file"": ""PN12-1.2.edf"", ""train_files"": [""PN12-4.edf""]}, {""validation_file"": ""PN12-4.edf"", ""train_files"": [""PN12-1.2.edf""]}]","[""PN12-1.2.edf"", ""PN12-4.edf""]",PN12,E1_RF,PN12-3.edf,nested
3,3,3,8,0,11,270,19968,20,0,0,19948,1,1,1.443753759775416,0,3,3,13,13,14,13,15,0.013535191497894526,65,0.55000000000000004,False,False,"[{""validation_file"": ""PN12-1.2.edf"", ""train_files"": [""PN12-4.edf""]}, {""validation_file"": ""PN12-4.edf"", ""train_files"": [""PN12-1.2.edf""]}]","[""PN12-1.2.edf"", ""PN12-4.edf""]",PN12,E1_RF,PN12-3.edf,nested
3,3,3,6,0,9,240,19968,20,0,0,19948,1,1,1.082815319831562,0,3,3,18,16.5,18,15,18,0.0120312813314618,65,0.59999999999999998,False,False,"[{""validation_file"": ""PN12-1.2.edf"", ""train_files"": [""PN12-4.edf""]}, {""validation_file"": ""PN12-4.edf"", ""train_files"": [""PN12-1.2.edf""]}]","[""PN12-1.2.edf"", ""PN12-4.edf""]",PN12,E1_RF,PN12-3.edf,nested
3,3,3,5,0,8,210,19968,20,0,0,19948,1,1,0.9023460998596351,0,3,3,18,18,19,18,20,0.010527371165029076,60,0.65000000000000002,True,False,"[{""validation_file"": ""PN12-1.2.edf"", ""train_files"": [""PN12-4.edf""]}, {""validation_file"": ""PN12-4.edf"", ""train_files"": [""PN12-1.2.edf""]}]","[""PN12-1.2.edf"", ""PN12-4.edf""]",PN12,E1_RF,PN12-3.edf,nested
3,3,3,4,1,7,185,19968,20,0,0,19948,1,1,0.72187687988770799,0,3,3,18,18,19,18,20,0.0092741126930018045,55,0.69999999999999996,True,False,"[{""validation_file"": ""PN12-1.2.edf"", ""train_files"": [""PN12-4.edf""]}, {""validation_file"": ""PN12-4.edf"", ""train_files"": [""PN12-1.2.edf""]}]","[""PN12-1.2.edf"", ""PN12-4.edf""]",PN12,E1_RF,PN12-3.edf,nested
3,3,3,4,2,7,165,19968,20,0,0,19948,1,1,0.72187687988770799,0,3,3,18,18,19,18,20,0.0082715059153799873,55,0.75,True,False,"[{""validation_file"": ""PN12-1.2.edf"", ""train_files"": [""PN12-4.edf""]}, {""validation_file"": ""PN12-4.edf"", ""train_files"": [""PN12-1.2.edf""]}]","[""PN12-1.2.edf"", ""PN12-4.edf""]",PN12,E1_RF,PN12-3.edf,nested
3,3,3,3,1,6,145,19968,20,0,0,19948,1,1,0.54140765991578099,0,3,3,18,18,31.5,18,45,0.0072688991377581709,55,0.80000000000000004,True,False,"[{""validation_file"": ""PN12-1.2.edf"", ""train_files"": [""PN12-4.edf""]}, {""validation_file"": ""PN12-4.edf"", ""train_files"": [""PN12-1.2.edf""]}]","[""PN12-1.2.edf"", ""PN12-4.edf""]",PN12,E1_RF,PN12-3.edf,nested
3,3,3,0,0,3,80,19968,20,0,0,19948,1,1,0,0,3,3,43,33,49,23,55,0.0040104271104872665,45,0.84999999999999998,True,True,"[{""validation_file"": ""PN12-1.2.edf"", ""train_files"": [""PN12-4.edf""]}, {""validation_file"": ""PN12-4.edf"", ""train_files"": [""PN12-1.2.edf""]}]","[""PN12-1.2.edf"", ""PN12-4.edf""]",PN12,E1_RF,PN12-3.edf,nested
3,2,2,0,0,2,50,19968,20,0,0,19948,0.66666666666666663,0.66666666666666663,0,1,2,2,44,38.5,49.5,33,55,0.0025065169440545419,35,0.90000000000000002,True,False,"[{""validation_file"": ""PN12-1.2.edf"", ""train_files"": [""PN12-4.edf""]}, {""validation_file"": ""PN12-4.edf"", ""train_files"": [""PN12-1.2.edf""]}]","[""PN12-1.2.edf"", ""PN12-4.edf""]",PN12,E1_RF,PN12-3.edf,nested
3,1,1,0,0,1,25,19968,20,0,0,19948,0.33333333333333331,0.33333333333333331,0,2,1,1,33,33,33,33,33,0.0012532584720272709,25,0.94999999999999996,True,False,"[{""validation_file"": ""PN12-1.2.edf"", ""train_files"": [""PN12-4.edf""]}, {""validation_file"": ""PN12-4.edf"", ""train_files"": [""PN12-1.2.edf""]}]","[""PN12-1.2.edf"", ""PN12-4.edf""]",PN12,E1_RF,PN12-3.edf,nested
3,0,0,0,0,0,0,19968,20,0,0,19948,0,0,0,3,0,0,,,,,,0,0,1.01,True,False,"[{""validation_file"": ""PN12-1.2.edf"", ""train_files"": [""PN12-4.edf""]}, {""validation_file"": ""PN12-4.edf"", ""train_files"": [""PN12-1.2.edf""]}]","[""PN12-1.2.edf"", ""PN12-4.edf""]",PN12,E1_RF,PN12-3.edf,nested
3,1,3,178,0,179,6994,11763,20,0,0,11743,0.33333333333333331,1,54.568679213148258,2,1,1,0,0,0,0,0,0.59558886144937406,490,0.050000000000000003,False,False,"[{""validation_file"": ""PN12-1.2.edf"", ""train_files"": [""PN12-3.edf""]}, {""validation_file"": ""PN12-3.edf"", ""train_files"": [""PN12-1.2.edf""]}]","[""PN12-1.2.edf"", ""PN12-3.edf""]",PN12,E1_RF,PN12-4.edf,nested
3,2,3,162,0,164,4129,11763,20,0,0,11743,0.66666666666666663,1,49.663629396236054,1,2,2,11.5,9.75,13.25,8,15,0.35161372732691815,189,0.10000000000000001,False,False,"[{""validation_file"": ""PN12-1.2.edf"", ""train_files"": [""PN12-3.edf""]}, {""validation_file"": ""PN12-3.edf"", ""train_files"": [""PN12-1.2.edf""]}]","[""PN12-1.2.edf"", ""PN12-3.edf""]",PN12,E1_RF,PN12-4.edf,nested
3,3,3,104,0,107,2534,11763,20,0,0,11743,1,1,31.88282380992932,0,3,3,8,5.5,11.5,3,15,0.21578812909818615,189,0.14999999999999999,False,False,"[{""validation_file"": ""PN12-1.2.edf"", ""train_files"": [""PN12-3.edf""]}, {""validation_file"": ""PN12-3.edf"", ""train_files"": [""PN12-1.2.edf""]}]","[""PN12-1.2.edf"", ""PN12-3.edf""]",PN12,E1_RF,PN12-4.edf,nested
3,3,3,67,0,70,1724,11763,20,0,0,11743,1,1,20.539896108319851,0,3,3,8,5.5,11.5,3,15,0.14681086604785828,189,0.20000000000000001,False,False,"[{""validation_file"": ""PN12-1.2.edf"", ""train_files"": [""PN12-3.edf""]}, {""validation_file"": ""PN12-3.edf"", ""train_files"": [""PN12-1.2.edf""]}]","[""PN12-1.2.edf"", ""PN12-3.edf""]",PN12,E1_RF,PN12-4.edf,nested
3,3,3,46,1,49,1304,11763,20,0,0,11743,1,1,14.102018223622583,0,3,3,8,8,11.5,8,15,0.11104487779954016,189,0.25,False,False,"[{""validation_file"": ""PN12-1.2.edf"", ""train_files"": [""PN12-3.edf""]}, {""validation_file"": ""PN12-3.edf"", ""train_files"": [""PN12-1.2.edf""]}]","[""PN12-1.2.edf"", ""PN12-3.edf""]",PN12,E1_RF,PN12-4.edf,nested
3,3,3,40,1,43,1089,11763,20,0,0,11743,1,1,12.262624542280507,0,3,3,13,10.5,14,8,15,0.092736098100996339,189,0.29999999999999999,False,False,"[{""validation_file"": ""PN12-1.2.edf"", ""train_files"": [""PN12-3.edf""]}, {""validation_file"": ""PN12-3.edf"", ""train_files"": [""PN12-1.2.edf""]}]","[""PN12-1.2.edf"", ""PN12-3.edf""]",PN12,E1_RF,PN12-4.edf,nested
3,3,3,29,1,32,884,11763,20,0,0,11743,1,1,8.8904027931533687,0,3,3,13,10.5,14,8,15,0.075278889551222,170,0.34999999999999998,False,False,"[{""validation_file"": ""PN12-1.2.edf"", ""train_files"": [""PN12-3.edf""]}, {""validation_file"": ""PN12-3.edf"", ""train_files"": [""PN12-1.2.edf""]}]","[""PN12-1.2.edf"", ""PN12-3.edf""]",PN12,E1_RF,PN12-4.edf,nested
3,3,3,28,0,31,794,11763,20,0,0,11743,1,1,8.5838371795963546,0,3,3,13,10.5,14,8,15,0.067614749212296682,170,0.40000000000000002,False,False,"[{""validation_file"": ""PN12-1.2.edf"", ""train_files"": [""PN12-3.edf""]}, {""validation_file"": ""PN12-3.edf"", ""train_files"": [""PN12-1.2.edf""]}]","[""PN12-1.2.edf"", ""PN12-3.edf""]",PN12,E1_RF,PN12-4.edf,nested
3,3,3,24,0,27,679,11763,20,0,0,11743,1,1,7.3575747253683046,0,3,3,13,10.5,14,8,15,0.057821681001447668,170,0.45000000000000001,False,False,"[{""validation_file"": ""PN12-1.2.edf"", ""train_files"": [""PN12-3.edf""]}, {""validation_file"": ""PN12-3.edf"", ""train_files"": [""PN12-1.2.edf""]}]","[""PN12-1.2.edf"", ""PN12-3.edf""]",PN12,E1_RF,PN12-4.edf,nested
3,3,3,17,0,20,569,11763,20,0,0,11743,1,1,5.2116154304692159,0,3,3,13,10.5,14,8,15,0.048454398364983393,170,0.5,False,False,"[{""validation_file"": ""PN12-1.2.edf"", ""train_files"": [""PN12-3.edf""]}, {""validation_file"": ""PN12-3.edf"", ""train_files"": [""PN12-1.2.edf""]}]","[""PN12-1.2.edf"", ""PN12-3.edf""]",PN12,E1_RF,PN12-4.edf,nested
3,3,3,17,1,20,494,11763,20,0,0,11743,1,1,5.2116154304692159,0,3,3,13,10.5,16.5,8,20,0.0420676147492123,145,0.55000000000000004,False,False,"[{""validation_file"": ""PN12-1.2.edf"", ""train_files"": [""PN12-3.edf""]}, {""validation_file"": ""PN12-3.edf"", ""train_files"": [""PN12-1.2.edf""]}]","[""PN12-1.2.edf"", ""PN12-3.edf""]",PN12,E1_RF,PN12-4.edf,nested
3,3,3,18,2,21,419,11763,20,0,0,11743,1,1,5.5181810440262282,0,3,3,18,13,19,8,20,0.035680831133441199,65,0.59999999999999998,False,False,"[{""validation_file"": ""PN12-1.2.edf"", ""train_files"": [""PN12-3.edf""]}, {""validation_file"": ""PN12-3.edf"", ""train_files"": [""PN12-1.2.edf""]}]","[""PN12-1.2.edf"", ""PN12-3.edf""]",PN12,E1_RF,PN12-4.edf,nested
3,3,3,15,2,18,345,11763,20,0,0,11743,1,1,4.5984842033551905,0,3,3,18,13,19,8,20,0.029379204632547049,50,0.65000000000000002,False,False,"[{""validation_file"": ""PN12-1.2.edf"", ""train_files"": [""PN12-3.edf""]}, {""validation_file"": ""PN12-3.edf"", ""train_files"": [""PN12-1.2.edf""]}]","[""PN12-1.2.edf"", ""PN12-3.edf""]",PN12,E1_RF,PN12-4.edf,nested
3,3,3,10,2,13,255,11763,20,0,0,11743,1,1,3.0656561355701268,0,3,3,18,15.5,19,13,20,0.021715064293621734,45,0.69999999999999996,False,False,"[{""validation_file"": ""PN12-1.2.edf"", ""train_files"": [""PN12-3.edf""]}, {""validation_file"": ""PN12-3.edf"", ""train_files"": [""PN12-1.2.edf""]}]","[""PN12-1.2.edf"", ""PN12-3.edf""]",PN12,E1_RF,PN12-4.edf,nested
3,3,3,8,2,11,200,11763,20,0,0,11743,1,1,2.4525249084561014,0,3,3,18,15.5,19,13,20,0.017031422975389593,45,0.75,False,False,"[{""validation_file"": ""PN12-1.2.edf"", ""train_files"": [""PN12-3.edf""]}, {""validation_file"": ""PN12-3.edf"", ""train_files"": [""PN12-1.2.edf""]}]","[""PN12-1.2.edf"", ""PN12-3.edf""]",PN12,E1_RF,PN12-4.edf,nested
3,3,3,5,2,8,150,11763,20,0,0,11743,1,1,1.5328280677850634,0,3,3,18,15.5,19,13,20,0.012773567231542195,45,0.80000000000000004,False,False,"[{""validation_file"": ""PN12-1.2.edf"", ""train_files"": [""PN12-3.edf""]}, {""validation_file"": ""PN12-3.edf"", ""train_files"": [""PN12-1.2.edf""]}]","[""PN12-1.2.edf"", ""PN12-3.edf""]",PN12,E1_RF,PN12-4.edf,nested
3,3,3,4,2,7,135,11763,20,0,0,11743,1,1,1.2262624542280507,0,3,3,18,15.5,19,13,20,0.011496210508387976,45,0.84999999999999998,False,False,"[{""validation_file"": ""PN12-1.2.edf"", ""train_files"": [""PN12-3.edf""]}, {""validation_file"": ""PN12-3.edf"", ""train_files"": [""PN12-1.2.edf""]}]","[""PN12-1.2.edf"", ""PN12-3.edf""]",PN12,E1_RF,PN12-4.edf,nested
3,3,3,3,2,6,90,11763,20,0,0,11743,1,1,0.91969684067103807,0,3,3,20,16.5,31.5,13,43,0.0076641403389253173,30,0.90000000000000002,True,True,"[{""validation_file"": ""PN12-1.2.edf"", ""train_files"": [""PN12-3.edf""]}, {""validation_file"": ""PN12-3.edf"", ""train_files"": [""PN12-1.2.edf""]}]","[""PN12-1.2.edf"", ""PN12-3.edf""]",PN12,E1_RF,PN12-4.edf,nested
3,1,1,1,1,2,35,11763,20,0,0,11743,0.33333333333333331,0.33333333333333331,0.30656561355701267,2,1,1,20,20,20,20,20,0.0029804990206931791,25,0.94999999999999996,True,False,"[{""validation_file"": ""PN12-1.2.edf"", ""train_files"": [""PN12-3.edf""]}, {""validation_file"": ""PN12-3.edf"", ""train_files"": [""PN12-1.2.edf""]}]","[""PN12-1.2.edf"", ""PN12-3.edf""]",PN12,E1_RF,PN12-4.edf,nested
3,0,0,0,0,0,0,11763,20,0,0,11743,0,0,0,3,0,0,,,,,,0,0,1.01,True,False,"[{""validation_file"": ""PN12-1.2.edf"", ""train_files"": [""PN12-3.edf""]}, {""validation_file"": ""PN12-3.edf"", ""train_files"": [""PN12-1.2.edf""]}]","[""PN12-1.2.edf"", ""PN12-3.edf""]",PN12,E1_RF,PN12-4.edf,nested
3,3,3,552,1,555,21090,65802,30,0,5,65767,1,1,30.215761704198155,0,3,3,7,6.5,21,6,35,0.32067754344884214,1835,0.050000000000000003,False,False,"[{""validation_file"": ""PN14-2.edf"", ""train_files"": [""PN14-3.edf"", ""PN14-4.edf""]}, {""validation_file"": ""PN14-3.edf"", ""train_files"": [""PN14-2.edf"", ""PN14-4.edf""]}, {""validation_file"": ""PN14-4.edf"", ""train_files"": [""PN14-2.edf"", ""PN14-3.edf""]}]","[""PN14-2.edf"", ""PN14-3.edf"", ""PN14-4.edf""]",PN14,E0_LR,PN14-1.edf,nested
3,3,3,516,0,519,18810,65802,30,0,5,65767,1,1,28.245168549576537,0,3,3,22,14,28.5,6,35,0.28600970091383215,1785,0.10000000000000001,False,False,"[{""validation_file"": ""PN14-2.edf"", ""train_files"": [""PN14-3.edf"", ""PN14-4.edf""]}, {""validation_file"": ""PN14-3.edf"", ""train_files"": [""PN14-2.edf"", ""PN14-4.edf""]}, {""validation_file"": ""PN14-4.edf"", ""train_files"": [""PN14-2.edf"", ""PN14-3.edf""]}]","[""PN14-2.edf"", ""PN14-3.edf"", ""PN14-4.edf""]",PN14,E0_LR,PN14-1.edf,nested
3,3,3,488,0,491,17605,65802,30,0,5,65767,1,1,26.71248498487083,0,3,3,22,14,28.5,6,35,0.26768744203019751,985,0.14999999999999999,False,False,"[{""validation_file"": ""PN14-2.edf"", ""train_files"": [""PN14-3.edf"", ""PN14-4.edf""]}, {""validation_file"": ""PN14-3.edf"", ""train_files"": [""PN14-2.edf"", ""PN14-4.edf""]}, {""validation_file"": ""PN14-4.edf"", ""train_files"": [""PN14-2.edf"", ""PN14-3.edf""]}]","[""PN14-2.edf"", ""PN14-3.edf"", ""PN14-4.edf""]",PN14,E0_LR,PN14-1.edf,nested
3,3,3,473,0,476,16750,65802,30,0,5,65767,1,1,25.891404503778492,0,3,3,22,14,28.5,6,35,0.25468700107956876,985,0.20000000000000001,False,False,"[{""validation_file"": ""PN14-2.edf"", ""train_files"": [""PN14-3.edf"", ""PN14-4.edf""]}, {""validation_file"": ""PN14-3.edf"", ""train_files"": [""PN14-2.edf"", ""PN14-4.edf""]}, {""validation_file"": ""PN14-4.edf"", ""train_files"": [""PN14-2.edf"", ""PN14-3.edf""]}]","[""PN14-2.edf"", ""PN14-3.edf"", ""PN14-4.edf""]",PN14,E0_LR,PN14-1.edf,nested
3,3,3,460,0,463,15955,65802,30,0,5,65767,1,1,25.179801420165127,0,3,3,22,14,28.5,6,35,0.24259887177459821,985,0.25,False,False,"[{""validation_file"": ""PN14-2.edf"", ""train_files"": [""PN14-3.edf"", ""PN14-4.edf""]}, {""validation_file"": ""PN14-3.edf"", ""train_files"": [""PN14-2.edf"", ""PN14-4.edf""]}, {""validation_file"": ""PN14-4.edf"", ""train_files"": [""PN14-2.edf"", ""PN14-3.edf""]}]","[""PN14-2.edf"", ""PN14-3.edf"", ""PN14-4.edf""]",PN14,E0_LR,PN14-1.edf,nested
3,3,3,452,0,455,15325,65802,30,0,5,65767,1,1,24.741891830249212,0,3,3,22,14,28.5,6,35,0.23301959949518755,690,0.29999999999999999,False,False,"[{""validation_file"": ""PN14-2.edf"", ""train_files"": [""PN14-3.edf"", ""PN14-4.edf""]}, {""validation_file"": ""PN14-3.edf"", ""train_files"": [""PN14-2.edf"", ""PN14-4.edf""]}, {""validation_file"": ""PN14-4.edf"", ""train_files"": [""PN14-2.edf"", ""PN14-3.edf""]}]","[""PN14-2.edf"", ""PN14-3.edf"", ""PN14-4.edf""]",PN14,E0_LR,PN14-1.edf,nested
3,3,3,442,0,445,14730,65802,30,0,5,65767,1,1,24.194504842854318,0,3,3,22,14,28.5,6,35,0.2239725090090775,675,0.34999999999999998,False,False,"[{""validation_file"": ""PN14-2.edf"", ""train_files"": [""PN14-3.edf"", ""PN14-4.edf""]}, {""validation_file"": ""PN14-3.edf"", ""train_files"": [""PN14-2.edf"", ""PN14-4.edf""]}, {""validation_file"": ""PN14-4.edf"", ""train_files"": [""PN14-2.edf"", ""PN14-3.edf""]}]","[""PN14-2.edf"", ""PN14-3.edf"", ""PN14-4.edf""]",PN14,E0_LR,PN14-1.edf,nested
3,3,3,442,0,445,14290,65802,30,0,5,65767,1,1,24.194504842854318,0,3,3,22,14,28.5,6,35,0.21728222360758434,650,0.40000000000000002,False,False,"[{""validation_file"": ""PN14-2.edf"", ""train_files"": [""PN14-3.edf"", ""PN14-4.edf""]}, {""validation_file"": ""PN14-3.edf"", ""train_files"": [""PN14-2.edf"", ""PN14-4.edf""]}, {""validation_file"": ""PN14-4.edf"", ""train_files"": [""PN14-2.edf"", ""PN14-3.edf""]}]","[""PN14-2.edf"", ""PN14-3.edf"", ""PN14-4.edf""]",PN14,E0_LR,PN14-1.edf,nested
3,3,3,432,0,435,13815,65802,30,0,5,65767,1,1,23.647117855459424,0,3,3,22,14,28.5,6,35,0.21005975641279062,650,0.45000000000000001,False,False,"[{""validation_file"": ""PN14-2.edf"", ""train_files"": [""PN14-3.edf"", ""PN14-4.edf""]}, {""validation_file"": ""PN14-3.edf"", ""train_files"": [""PN14-2.edf"", ""PN14-4.edf""]}, {""validation_file"": ""PN14-4.edf"", ""train_files"": [""PN14-2.edf"", ""PN14-3.edf""]}]","[""PN14-2.edf"", ""PN14-3.edf"", ""PN14-4.edf""]",PN14,E0_LR,PN14-1.edf,nested
3,3,3,418,0,421,13250,65802,30,0,5,65767,1,1,22.880776073106574,0,3,3,22,14,28.5,6,35,0.20146882174950964,650,0.5,False,False,"[{""validation_file"": ""PN14-2.edf"", ""train_files"": [""PN14-3.edf"", ""PN14-4.edf""]}, {""validation_file"": ""PN14-3.edf"", ""train_files"": [""PN14-2.edf"", ""PN14-4.edf""]}, {""validation_file"": ""PN14-4.edf"", ""train_files"": [""PN14-2.edf"", ""PN14-3.edf""]}]","[""PN14-2.edf"", ""PN14-3.edf"", ""PN14-4.edf""]",PN14,E0_LR,PN14-1.edf,nested
3,3,3,401,0,404,12795,65802,30,0,5,65767,1,1,21.950218194535253,0,3,3,22,14,28.5,6,35,0.19455045843660193,650,0.55000000000000004,False,False,"[{""validation_file"": ""PN14-2.edf"", ""train_files"": [""PN14-3.edf"", ""PN14-4.edf""]}, {""validation_file"": ""PN14-3.edf"", ""train_files"": [""PN14-2.edf"", ""PN14-4.edf""]}, {""validation_file"": ""PN14-4.edf"", ""train_files"": [""PN14-2.edf"", ""PN14-3.edf""]}]","[""PN14-2.edf"", ""PN14-3.edf"", ""PN14-4.edf""]",PN14,E0_LR,PN14-1.edf,nested
3,3,3,395,0,398,12385,65802,30,0,5,65767,1,1,21.621786002098318,0,3,3,22,14,28.5,6,35,0.18831632885793786,650,0.59999999999999998,False,False,"[{""validation_file"": ""PN14-2.edf"", ""train_files"": [""PN14-3.edf"", ""PN14-4.edf""]}, {""validation_file"": ""PN14-3.edf"", ""train_files"": [""PN14-2.edf"", ""PN14-4.edf""]}, {""validation_file"": ""PN14-4.edf"", ""train_files"": [""PN14-2.edf"", ""PN14-3.edf""]}]","[""PN14-2.edf"", ""PN14-3.edf"", ""PN14-4.edf""]",PN14,E0_LR,PN14-1.edf,nested
3,3,3,379,0,382,11805,65802,30,0,5,65767,1,1,20.745966822266485,0,3,3,22,14,28.5,6,35,0.17949731628324236,560,0.65000000000000002,False,False,"[{""validation_file"": ""PN14-2.edf"", ""train_files"": [""PN14-3.edf"", ""PN14-4.edf""]}, {""validation_file"": ""PN14-3.edf"", ""train_files"": [""PN14-2.edf"", ""PN14-4.edf""]}, {""validation_file"": ""PN14-4.edf"", ""train_files"": [""PN14-2.edf"", ""PN14-3.edf""]}]","[""PN14-2.edf"", ""PN14-3.edf"", ""PN14-4.edf""]",PN14,E0_LR,PN14-1.edf,nested
3,3,3,377,0,380,11280,65802,30,0,5,65767,1,1,20.636489424787506,0,3,3,22,14,28.5,6,35,0.17151458938373348,460,0.69999999999999996,False,False,"[{""validation_file"": ""PN14-2.edf"", ""train_files"": [""PN14-3.edf"", ""PN14-4.edf""]}, {""validation_file"": ""PN14-3.edf"", ""train_files"": [""PN14-2.edf"", ""PN14-4.edf""]}, {""validation_file"": ""PN14-4.edf"", ""train_files"": [""PN14-2.edf"", ""PN14-3.edf""]}]","[""PN14-2.edf"", ""PN14-3.edf"", ""PN14-4.edf""]",PN14,E0_LR,PN14-1.edf,nested
3,3,3,368,0,371,10840,65802,30,0,5,65767,1,1,20.143841136132103,0,3,3,22,14,28.5,6,35,0.16482430398224032,460,0.75,False,False,"[{""validation_file"": ""PN14-2.edf"", ""train_files"": [""PN14-3.edf"", ""PN14-4.edf""]}, {""validation_file"": ""PN14-3.edf"", ""train_files"": [""PN14-2.edf"", ""PN14-4.edf""]}, {""validation_file"": ""PN14-4.edf"", ""train_files"": [""PN14-2.edf"", ""PN14-3.edf""]}]","[""PN14-2.edf"", ""PN14-3.edf"", ""PN14-4.edf""]",PN14,E0_LR,PN14-1.edf,nested
3,3,3,358,0,361,10200,65802,30,0,5,65767,1,1,19.596454148737209,0,3,3,22,14,28.5,6,35,0.15509297976188666,460,0.80000000000000004,False,False,"[{""validation_file"": ""PN14-2.edf"", ""train_files"": [""PN14-3.edf"", ""PN14-4.edf""]}, {""validation_file"": ""PN14-3.edf"", ""train_files"": [""PN14-2.edf"", ""PN14-4.edf""]}, {""validation_file"": ""PN14-4.edf"", ""train_files"": [""PN14-2.edf"", ""PN14-3.edf""]}]","[""PN14-2.edf"", ""PN14-3.edf"", ""PN14-4.edf""]",PN14,E0_LR,PN14-1.edf,nested
3,3,3,349,0,352,9505,65802,30,0,5,65767,1,1,19.103805860081803,0,3,3,22,14,28.5,6,35,0.14452536986634634,460,0.84999999999999998,False,False,"[{""validation_file"": ""PN14-2.edf"", ""train_files"": [""PN14-3.edf"", ""PN14-4.edf""]}, {""validation_file"": ""PN14-3.edf"", ""train_files"": [""PN14-2.edf"", ""PN14-4.edf""]}, {""validation_file"": ""PN14-4.edf"", ""train_files"": [""PN14-2.edf"", ""PN14-3.edf""]}]","[""PN14-2.edf"", ""PN14-3.edf"", ""PN14-4.edf""]",PN14,E0_LR,PN14-1.edf,nested
3,2,2,335,0,337,8620,65802,30,0,5,65767,0.66666666666666663,0.66666666666666663,18.337464077728953,1,2,2,16.5,13.75,19.25,11,22,0.13106877309288853,250,0.90000000000000002,False,False,"[{""validation_file"": ""PN14-2.edf"", ""train_files"": [""PN14-3.edf"", ""PN14-4.edf""]}, {""validation_file"": ""PN14-3.edf"", ""train_files"": [""PN14-2.edf"", ""PN14-4.edf""]}, {""validation_file"": ""PN14-4.edf"", ""train_files"": [""PN14-2.edf"", ""PN14-3.edf""]}]","[""PN14-2.edf"", ""PN14-3.edf"", ""PN14-4.edf""]",PN14,E0_LR,PN14-1.edf,nested
3,2,2,313,0,315,7035,65802,30,0,5,65767,0.66666666666666663,0.66666666666666663,17.133212705460185,1,2,2,16.5,13.75,19.25,11,22,0.10696854045341889,180,0.94999999999999996,False,False,"[{""validation_file"": ""PN14-2.edf"", ""train_files"": [""PN14-3.edf"", ""PN14-4.edf""]}, {""validation_file"": ""PN14-3.edf"", ""train_files"": [""PN14-2.edf"", ""PN14-4.edf""]}, {""validation_file"": ""PN14-4.edf"", ""train_files"": [""PN14-2.edf"", ""PN14-3.edf""]}]","[""PN14-2.edf"", ""PN14-3.edf"", ""PN14-4.edf""]",PN14,E0_LR,PN14-1.edf,nested
3,0,0,0,0,0,0,65802,30,0,5,65767,0,0,0,3,0,0,,,,,,0,0,1.01,True,True,"[{""validation_file"": ""PN14-2.edf"", ""train_files"": [""PN14-3.edf"", ""PN14-4.edf""]}, {""validation_file"": ""PN14-3.edf"", ""train_files"": [""PN14-2.edf"", ""PN14-4.edf""]}, {""validation_file"": ""PN14-4.edf"", ""train_files"": [""PN14-2.edf"", ""PN14-3.edf""]}]","[""PN14-2.edf"", ""PN14-3.edf"", ""PN14-4.edf""]",PN14,E0_LR,PN14-1.edf,nested
3,2,2,551,1,553,8060,64505,30,0,5,64470,0.66666666666666663,0.66666666666666663,30.767798976268033,1,2,2,18.5,14.25,22.75,10,27,0.12501938886303707,75,0.050000000000000003,False,False,"[{""validation_file"": ""PN14-1.edf"", ""train_files"": [""PN14-3.edf"", ""PN14-4.edf""]}, {""validation_file"": ""PN14-3.edf"", ""train_files"": [""PN14-1.edf"", ""PN14-4.edf""]}, {""validation_file"": ""PN14-4.edf"", ""train_files"": [""PN14-1.edf"", ""PN14-3.edf""]}]","[""PN14-1.edf"", ""PN14-3.edf"", ""PN14-4.edf""]",PN14,E0_LR,PN14-2.edf,nested
3,2,2,451,1,453,6405,64505,30,0,5,64470,0.66666666666666663,0.66666666666666663,25.183806421591438,1,2,2,18.5,14.25,22.75,10,27,0.0993485342019544,70,0.10000000000000001,False,False,"[{""validation_file"": ""PN14-1.edf"", ""train_files"": [""PN14-3.edf"", ""PN14-4.edf""]}, {""validation_file"": ""PN14-3.edf"", ""train_files"": [""PN14-1.edf"", ""PN14-4.edf""]}, {""validation_file"": ""PN14-4.edf"", ""train_files"": [""PN14-1.edf"", ""PN14-3.edf""]}]","[""PN14-1.edf"", ""PN14-3.edf"", ""PN14-4.edf""]",PN14,E0_LR,PN14-2.edf,nested
3,2,2,396,2,398,5460,64505,30,0,5,64470,0.66666666666666663,0.66666666666666663,22.112610516519311,1,2,2,18.5,14.25,22.75,10,27,0.084690553745928335,65,0.14999999999999999,False,False,"[{""validation_file"": ""PN14-1.edf"", ""train_files"": [""PN14-3.edf"", ""PN14-4.edf""]}, {""validation_file"": ""PN14-3.edf"", ""train_files"": [""PN14-1.edf"", ""PN14-4.edf""]}, {""validation_file"": ""PN14-4.edf"", ""train_files"": [""PN14-1.edf"", ""PN14-3.edf""]}]","[""PN14-1.edf"", ""PN14-3.edf"", ""PN14-4.edf""]",PN14,E0_LR,PN14-2.edf,nested
3,2,2,360,2,362,4880,64505,30,0,5,64470,0.66666666666666663,0.66666666666666663,20.102373196835739,1,2,2,18.5,14.25,22.75,10,27,0.07569412129672716,65,0.20000000000000001,False,False,"[{""validation_file"": ""PN14-1.edf"", ""train_files"": [""PN14-3.edf"", ""PN14-4.edf""]}, {""validation_file"": ""PN14-3.edf"", ""train_files"": [""PN14-1.edf"", ""PN14-4.edf""]}, {""validation_file"": ""PN14-4.edf"", ""train_files"": [""PN14-1.edf"", ""PN14-3.edf""]}]","[""PN14-1.edf"", ""PN14-3.edf"", ""PN14-4.edf""]",PN14,E0_LR,PN14-2.edf,nested
3,2,2,335,2,337,4480,64505,30,0,5,64470,0.66666666666666663,0.66666666666666663,18.706375058166589,1,2,2,18.5,14.25,22.75,10,27,0.069489685124864281,65,0.25,False,False,"[{""validation_file"": ""PN14-1.edf"", ""train_files"": [""PN14-3.edf"", ""PN14-4.edf""]}, {""validation_file"": ""PN14-3.edf"", ""train_files"": [""PN14-1.edf"", ""PN14-4.edf""]}, {""validation_file"": ""PN14-4.edf"", ""train_files"": [""PN14-1.edf"", ""PN14-3.edf""]}]","[""PN14-1.edf"", ""PN14-3.edf"", ""PN14-4.edf""]",PN14,E0_LR,PN14-2.edf,nested
3,2,2,309,2,311,4100,64505,30,0,5,64470,0.66666666666666663,0.66666666666666663,17.254536993950676,1,2,2,18.5,14.25,22.75,10,27,0.063595470761594539,65,0.29999999999999999,False,False,"[{""validation_file"": ""PN14-1.edf"", ""train_files"": [""PN14-3.edf"", ""PN14-4.edf""]}, {""validation_file"": ""PN14-3.edf"", ""train_files"": [""PN14-1.edf"", ""PN14-4.edf""]}, {""validation_file"": ""PN14-4.edf"", ""train_files"": [""PN14-1.edf"", ""PN14-3.edf""]}]","[""PN14-1.edf"", ""PN14-3.edf"", ""PN14-4.edf""]",PN14,E0_LR,PN14-2.edf,nested
3,2,2,282,0,284,3780,64505,30,0,5,64470,0.66666666666666663,0.66666666666666663,15.746859004187995,1,2,2,33.5,29.25,37.75,25,42,0.058631921824104233,65,0.34999999999999998,False,False,"[{""validation_file"": ""PN14-1.edf"", ""train_files"": [""PN14-3.edf"", ""PN14-4.edf""]}, {""validation_file"": ""PN14-3.edf"", ""train_files"": [""PN14-1.edf"", ""PN14-4.edf""]}, {""validation_file"": ""PN14-4.edf"", ""train_files"": [""PN14-1.edf"", ""PN14-3.edf""]}]","[""PN14-1.edf"", ""PN14-3.edf"", ""PN14-4.edf""]",PN14,E0_LR,PN14-2.edf,nested
3,2,2,262,0,264,3510,64505,30,0,5,64470,0.66666666666666663,0.66666666666666663,14.630060493252676,1,2,2,33.5,29.25,37.75,25,42,0.054443927408096789,65,0.40000000000000002,False,False,"[{""validation_file"": ""PN14-1.edf"", ""train_files"": [""PN14-3.edf"", ""PN14-4.edf""]}, {""validation_file"": ""PN14-3.edf"", ""train_files"": [""PN14-1.edf"", ""PN14-4.edf""]}, {""validation_file"": ""PN14-4.edf"", ""train_files"": [""PN14-1.edf"", ""PN14-3.edf""]}]","[""PN14-1.edf"", ""PN14-3.edf"", ""PN14-4.edf""]",PN14,E0_LR,PN14-2.edf,nested
3,2,2,246,0,248,3295,64505,30,0,5,64470,0.66666666666666663,0.66666666666666663,13.736621684504421,1,2,2,33.5,29.25,37.75,25,42,0.05110904296572049,65,0.45000000000000001,False,False,"[{""validation_file"": ""PN14-1.edf"", ""train_files"": [""PN14-3.edf"", ""PN14-4.edf""]}, {""validation_file"": ""PN14-3.edf"", ""train_files"": [""PN14-1.edf"", ""PN14-4.edf""]}, {""validation_file"": ""PN14-4.edf"", ""train_files"": [""PN14-1.edf"", ""PN14-3.edf""]}]","[""PN14-1.edf"", ""PN14-3.edf"", ""PN14-4.edf""]",PN14,E0_LR,PN14-2.edf,nested
3,2,2,228,0,230,3055,64505,30,0,5,64470,0.66666666666666663,0.66666666666666663,12.731503024662635,1,2,2,33.5,29.25,37.75,25,42,0.047386381262602764,40,0.5,False,False,"[{""validation_file"": ""PN14-1.edf"", ""train_files"": [""PN14-3.edf"", ""PN14-4.edf""]}, {""validation_file"": ""PN14-3.edf"", ""train_files"": [""PN14-1.edf"", ""PN14-4.edf""]}, {""validation_file"": ""PN14-4.edf"", ""train_files"": [""PN14-1.edf"", ""PN14-3.edf""]}]","[""PN14-1.edf"", ""PN14-3.edf"", ""PN14-4.edf""]",PN14,E0_LR,PN14-2.edf,nested
3,2,2,215,0,217,2820,64505,30,0,5,64470,0.66666666666666663,0.66666666666666663,12.005583992554676,1,2,2,33.5,29.25,37.75,25,42,0.043741275011633315,40,0.55000000000000004,False,False,"[{""validation_file"": ""PN14-1.edf"", ""train_files"": [""PN14-3.edf"", ""PN14-4.edf""]}, {""validation_file"": ""PN14-3.edf"", ""train_files"": [""PN14-1.edf"", ""PN14-4.edf""]}, {""validation_file"": ""PN14-4.edf"", ""train_files"": [""PN14-1.edf"", ""PN14-3.edf""]}]","[""PN14-1.edf"", ""PN14-3.edf"", ""PN14-4.edf""]",PN14,E0_LR,PN14-2.edf,nested
3,2,2,201,0,203,2630,64505,30,0,5,64470,0.66666666666666663,0.66666666666666663,11.223825034899953,1,2,2,33.5,29.25,37.75,25,42,0.040794167829998451,40,0.59999999999999998,False,False,"[{""validation_file"": ""PN14-1.edf"", ""train_files"": [""PN14-3.edf"", ""PN14-4.edf""]}, {""validation_file"": ""PN14-3.edf"", ""train_files"": [""PN14-1.edf"", ""PN14-4.edf""]}, {""validation_file"": ""PN14-4.edf"", ""train_files"": [""PN14-1.edf"", ""PN14-3.edf""]}]","[""PN14-1.edf"", ""PN14-3.edf"", ""PN14-4.edf""]",PN14,E0_LR,PN14-2.edf,nested
3,2,2,189,0,191,2435,64505,30,0,5,64470,0.66666666666666663,0.66666666666666663,10.553745928338762,1,2,2,33.5,29.25,37.75,25,42,0.037769505196215296,40,0.65000000000000002,False,False,"[{""validation_file"": ""PN14-1.edf"", ""train_files"": [""PN14-3.edf"", ""PN14-4.edf""]}, {""validation_file"": ""PN14-3.edf"", ""train_files"": [""PN14-1.edf"", ""PN14-4.edf""]}, {""validation_file"": ""PN14-4.edf"", ""train_files"": [""PN14-1.edf"", ""PN14-3.edf""]}]","[""PN14-1.edf"", ""PN14-3.edf"", ""PN14-4.edf""]",PN14,E0_LR,PN14-2.edf,nested
3,2,2,177,0,179,2295,64505,30,0,5,64470,0.66666666666666663,0.66666666666666663,9.8836668217775703,1,2,2,33.5,29.25,37.75,25,42,0.035597952536063286,40,0.69999999999999996,False,False,"[{""validation_file"": ""PN14-1.edf"", ""train_files"": [""PN14-3.edf"", ""PN14-4.edf""]}, {""validation_file"": ""PN14-3.edf"", ""train_files"": [""PN14-1.edf"", ""PN14-4.edf""]}, {""validation_file"": ""PN14-4.edf"", ""train_files"": [""PN14-1.edf"", ""PN14-3.edf""]}]","[""PN14-1.edf"", ""PN14-3.edf"", ""PN14-4.edf""]",PN14,E0_LR,PN14-2.edf,nested
3,2,2,158,0,160,2030,64505,30,0,5,64470,0.66666666666666663,0.66666666666666663,8.822708236389019,1,2,2,33.5,29.25,37.75,25,42,0.031487513572204126,40,0.75,False,False,"[{""validation_file"": ""PN14-1.edf"", ""train_files"": [""PN14-3.edf"", ""PN14-4.edf""]}, {""validation_file"": ""PN14-3.edf"", ""train_files"": [""PN14-1.edf"", ""PN14-4.edf""]}, {""validation_file"": ""PN14-4.edf"", ""train_files"": [""PN14-1.edf"", ""PN14-3.edf""]}]","[""PN14-1.edf"", ""PN14-3.edf"", ""PN14-4.edf""]",PN14,E0_LR,PN14-2.edf,nested
3,2,2,149,0,151,1850,64505,30,0,5,64470,0.66666666666666663,0.66666666666666663,8.3201489064681251,1,2,2,33.5,29.25,37.75,25,42,0.02869551729486583,30,0.80000000000000004,False,False,"[{""validation_file"": ""PN14-1.edf"", ""train_files"": [""PN14-3.edf"", ""PN14-4.edf""]}, {""validation_file"": ""PN14-3.edf"", ""train_files"": [""PN14-1.edf"", ""PN14-4.edf""]}, {""validation_file"": ""PN14-4.edf"", ""train_files"": [""PN14-1.edf"", ""PN14-3.edf""]}]","[""PN14-1.edf"", ""PN14-3.edf"", ""PN14-4.edf""]",PN14,E0_LR,PN14-2.edf,nested
3,2,2,139,0,141,1700,64505,30,0,5,64470,0.66666666666666663,0.66666666666666663,7.7617496510004651,1,2,2,33.5,29.25,37.75,25,42,0.026368853730417249,30,0.84999999999999998,False,False,"[{""validation_file"": ""PN14-1.edf"", ""train_files"": [""PN14-3.edf"", ""PN14-4.edf""]}, {""validation_file"": ""PN14-3.edf"", ""train_files"": [""PN14-1.edf"", ""PN14-4.edf""]}, {""validation_file"": ""PN14-4.edf"", ""train_files"": [""PN14-1.edf"", ""PN14-3.edf""]}]","[""PN14-1.edf"", ""PN14-3.edf"", ""PN14-4.edf""]",PN14,E0_LR,PN14-2.edf,nested
3,2,2,125,0,127,1510,64505,30,0,5,64470,0.66666666666666663,0.66666666666666663,6.9799906933457425,1,2,2,33.5,29.25,37.75,25,42,0.023421746548782381,30,0.90000000000000002,False,False,"[{""validation_file"": ""PN14-1.edf"", ""train_files"": [""PN14-3.edf"", ""PN14-4.edf""]}, {""validation_file"": ""PN14-3.edf"", ""train_files"": [""PN14-1.edf"", ""PN14-4.edf""]}, {""validation_file"": ""PN14-4.edf"", ""train_files"": [""PN14-1.edf"", ""PN14-3.edf""]}]","[""PN14-1.edf"", ""PN14-3.edf"", ""PN14-4.edf""]",PN14,E0_LR,PN14-2.edf,nested
3,2,2,88,0,90,1095,64505,30,0,5,64470,0.66666666666666663,0.66666666666666663,4.9139134481154025,1,2,2,33.5,29.25,37.75,25,42,0.016984644020474639,25,0.94999999999999996,False,False,"[{""validation_file"": ""PN14-1.edf"", ""train_files"": [""PN14-3.edf"", ""PN14-4.edf""]}, {""validation_file"": ""PN14-3.edf"", ""train_files"": [""PN14-1.edf"", ""PN14-4.edf""]}, {""validation_file"": ""PN14-4.edf"", ""train_files"": [""PN14-1.edf"", ""PN14-3.edf""]}]","[""PN14-1.edf"", ""PN14-3.edf"", ""PN14-4.edf""]",PN14,E0_LR,PN14-2.edf,nested
3,0,0,0,0,0,0,64505,30,0,5,64470,0,0,0,3,0,0,,,,,,0,0,1.01,True,True,"[{""validation_file"": ""PN14-1.edf"", ""train_files"": [""PN14-3.edf"", ""PN14-4.edf""]}, {""validation_file"": ""PN14-3.edf"", ""train_files"": [""PN14-1.edf"", ""PN14-4.edf""]}, {""validation_file"": ""PN14-4.edf"", ""train_files"": [""PN14-1.edf"", ""PN14-3.edf""]}]","[""PN14-1.edf"", ""PN14-3.edf"", ""PN14-4.edf""]",PN14,E0_LR,PN14-2.edf,nested
3,2,2,298,1,300,7615,31675,30,0,5,31640,0.66666666666666663,0.66666666666666663,33.906447534766116,1,2,2,6.5,6.25,6.75,6,7,0.24067635903919091,395,0.050000000000000003,False,False,"[{""validation_file"": ""PN14-1.edf"", ""train_files"": [""PN14-2.edf"", ""PN14-4.edf""]}, {""validation_file"": ""PN14-2.edf"", ""train_files"": [""PN14-1.edf"", ""PN14-4.edf""]}, {""validation_file"": ""PN14-4.edf"", ""train_files"": [""PN14-1.edf"", ""PN14-2.edf""]}]","[""PN14-1.edf"", ""PN14-2.edf"", ""PN14-4.edf""]",PN14,E0_LR,PN14-3.edf,nested
3,2,2,275,1,277,6340,31675,30,0,5,31640,0.66666666666666663,0.66666666666666663,31.289506953223768,1,2,2,6.5,6.25,6.75,6,7,0.20037926675094817,395,0.10000000000000001,False,False,"[{""validation_file"": ""PN14-1.edf"", ""train_files"": [""PN14-2.edf"", ""PN14-4.edf""]}, {""validation_file"": ""PN14-2.edf"", ""train_files"": [""PN14-1.edf"", ""PN14-4.edf""]}, {""validation_file"": ""PN14-4.edf"", ""train_files"": [""PN14-1.edf"", ""PN14-2.edf""]}]","[""PN14-1.edf"", ""PN14-2.edf"", ""PN14-4.edf""]",PN14,E0_LR,PN14-3.edf,nested
3,2,2,256,1,258,5650,31675,30,0,5,31640,0.66666666666666663,0.66666666666666663,29.127686472819217,1,2,2,6.5,6.25,6.75,6,7,0.17857142857142858,395,0.14999999999999999,False,False,"[{""validation_file"": ""PN14-1.edf"", ""train_files"": [""PN14-2.edf"", ""PN14-4.edf""]}, {""validation_file"": ""PN14-2.edf"", ""train_files"": [""PN14-1.edf"", ""PN14-4.edf""]}, {""validation_file"": ""PN14-4.edf"", ""train_files"": [""PN14-1.edf"", ""PN14-2.edf""]}]","[""PN14-1.edf"", ""PN14-2.edf"", ""PN14-4.edf""]",PN14,E0_LR,PN14-3.edf,nested
3,2,2,236,1,238,5135,31675,30,0,5,31640,0.66666666666666663,0.66666666666666663,26.852085967130215,1,2,2,6.5,6.25,6.75,6,7,0.1622945638432364,295,0.20000000000000001,False,False,"[{""validation_file"": ""PN14-1.edf"", ""train_files"": [""PN14-2.edf"", ""PN14-4.edf""]}, {""validation_file"": ""PN14-2.edf"", ""train_files"": [""PN14-1.edf"", ""PN14-4.edf""]}, {""validation_file"": ""PN14-4.edf"", ""train_files"": [""PN14-1.edf"", ""PN14-2.edf""]}]","[""PN14-1.edf"", ""PN14-2.edf"", ""PN14-4.edf""]",PN14,E0_LR,PN14-3.edf,nested
3,2,2,222,1,224,4790,31675,30,0,5,31640,0.66666666666666663,0.66666666666666663,25.259165613147914,1,2,2,6.5,6.25,6.75,6,7,0.15139064475347661,295,0.25,False,False,"[{""validation_file"": ""PN14-1.edf"", ""train_files"": [""PN14-2.edf"", ""PN14-4.edf""]}, {""validation_file"": ""PN14-2.edf"", ""train_files"": [""PN14-1.edf"", ""PN14-4.edf""]}, {""validation_file"": ""PN14-4.edf"", ""train_files"": [""PN14-1.edf"", ""PN14-2.edf""]}]","[""PN14-1.edf"", ""PN14-2.edf"", ""PN14-4.edf""]",PN14,E0_LR,PN14-3.edf,nested
3,2,2,208,1,210,4415,31675,30,0,5,31640,0.66666666666666663,0.66666666666666663,23.666245259165613,1,2,2,6.5,6.25,6.75,6,7,0.13953855878634638,295,0.29999999999999999,False,False,"[{""validation_file"": ""PN14-1.edf"", ""train_files"": [""PN14-2.edf"", ""PN14-4.edf""]}, {""validation_file"": ""PN14-2.edf"", ""train_files"": [""PN14-1.edf"", ""PN14-4.edf""]}, {""validation_file"": ""PN14-4.edf"", ""train_files"": [""PN14-1.edf"", ""PN14-2.edf""]}]","[""PN14-1.edf"", ""PN14-2.edf"", ""PN14-4.edf""]",PN14,E0_LR,PN14-3.edf,nested
3,2,2,200,1,202,4115,31675,30,0,5,31640,0.66666666666666663,0.66666666666666663,22.756005056890011,1,2,2,6.5,6.25,6.75,6,7,0.13005689001264223,295,0.34999999999999998,False,False,"[{""validation_file"": ""PN14-1.edf"", ""train_files"": [""PN14-2.edf"", ""PN14-4.edf""]}, {""validation_file"": ""PN14-2.edf"", ""train_files"": [""PN14-1.edf"", ""PN14-4.edf""]}, {""validation_file"": ""PN14-4.edf"", ""train_files"": [""PN14-1.edf"", ""PN14-2.edf""]}]","[""PN14-1.edf"", ""PN14-2.edf"", ""PN14-4.edf""]",PN14,E0_LR,PN14-3.edf,nested
3,2,2,191,1,193,3830,31675,30,0,5,31640,0.66666666666666663,0.66666666666666663,21.731984829329964,1,2,2,6.5,6.25,6.75,6,7,0.12104930467762326,260,0.40000000000000002,False,False,"[{""validation_file"": ""PN14-1.edf"", ""train_files"": [""PN14-2.edf"", ""PN14-4.edf""]}, {""validation_file"": ""PN14-2.edf"", ""train_files"": [""PN14-1.edf"", ""PN14-4.edf""]}, {""validation_file"": ""PN14-4.edf"", ""train_files"": [""PN14-1.edf"", ""PN14-2.edf""]}]","[""PN14-1.edf"", ""PN14-2.edf"", ""PN14-4.edf""]",PN14,E0_LR,PN14-3.edf,nested
3,2,2,180,1,182,3640,31675,30,0,5,31640,0.66666666666666663,0.66666666666666663,20.480404551201012,1,2,2,6.5,6.25,6.75,6,7,0.11504424778761062,260,0.45000000000000001,False,False,"[{""validation_file"": ""PN14-1.edf"", ""train_files"": [""PN14-2.edf"", ""PN14-4.edf""]}, {""validation_file"": ""PN14-2.edf"", ""train_files"": [""PN14-1.edf"", ""PN14-4.edf""]}, {""validation_file"": ""PN14-4.edf"", ""train_files"": [""PN14-1.edf"", ""PN14-2.edf""]}]","[""PN14-1.edf"", ""PN14-2.edf"", ""PN14-4.edf""]",PN14,E0_LR,PN14-3.edf,nested
3,2,2,165,1,167,3390,31675,30,0,5,31640,0.66666666666666663,0.66666666666666663,18.773704171934259,1,2,2,6.5,6.25,6.75,6,7,0.10714285714285714,260,0.5,False,False,"[{""validation_file"": ""PN14-1.edf"", ""train_files"": [""PN14-2.edf"", ""PN14-4.edf""]}, {""validation_file"": ""PN14-2.edf"", ""train_files"": [""PN14-1.edf"", ""PN14-4.edf""]}, {""validation_file"": ""PN14-4.edf"", ""train_files"": [""PN14-1.edf"", ""PN14-2.edf""]}]","[""PN14-1.edf"", ""PN14-2.edf"", ""PN14-4.edf""]",PN14,E0_LR,PN14-3.edf,nested
3,2,2,157,1,159,3160,31675,30,0,5,31640,0.66666666666666663,0.66666666666666663,17.86346396965866,1,2,2,9,8,10,7,11,0.099873577749683945,260,0.55000000000000004,False,False,"[{""validation_file"": ""PN14-1.edf"", ""train_files"": [""PN14-2.edf"", ""PN14-4.edf""]}, {""validation_file"": ""PN14-2.edf"", ""train_files"": [""PN14-1.edf"", ""PN14-4.edf""]}, {""validation_file"": ""PN14-4.edf"", ""train_files"": [""PN14-1.edf"", ""PN14-2.edf""]}]","[""PN14-1.edf"", ""PN14-2.edf"", ""PN14-4.edf""]",PN14,E0_LR,PN14-3.edf,nested
3,2,2,151,1,153,2985,31675,30,0,5,31640,0.66666666666666663,0.66666666666666663,17.180783817951959,1,2,2,9,8,10,7,11,0.094342604298356517,150,0.59999999999999998,False,False,"[{""validation_file"": ""PN14-1.edf"", ""train_files"": [""PN14-2.edf"", ""PN14-4.edf""]}, {""validation_file"": ""PN14-2.edf"", ""train_files"": [""PN14-1.edf"", ""PN14-4.edf""]}, {""validation_file"": ""PN14-4.edf"", ""train_files"": [""PN14-1.edf"", ""PN14-2.edf""]}]","[""PN14-1.edf"", ""PN14-2.edf"", ""PN14-4.edf""]",PN14,E0_LR,PN14-3.edf,nested
3,2,2,137,1,139,2770,31675,30,0,5,31640,0.66666666666666663,0.66666666666666663,15.587863463969658,1,2,2,9,8,10,7,11,0.087547408343868524,150,0.65000000000000002,False,False,"[{""validation_file"": ""PN14-1.edf"", ""train_files"": [""PN14-2.edf"", ""PN14-4.edf""]}, {""validation_file"": ""PN14-2.edf"", ""train_files"": [""PN14-1.edf"", ""PN14-4.edf""]}, {""validation_file"": ""PN14-4.edf"", ""train_files"": [""PN14-1.edf"", ""PN14-2.edf""]}]","[""PN14-1.edf"", ""PN14-2.edf"", ""PN14-4.edf""]",PN14,E0_LR,PN14-3.edf,nested
3,2,2,126,1,128,2560,31675,30,0,5,31640,0.66666666666666663,0.66666666666666663,14.336283185840708,1,2,2,9,8,10,7,11,0.080910240202275607,150,0.69999999999999996,False,False,"[{""validation_file"": ""PN14-1.edf"", ""train_files"": [""PN14-2.edf"", ""PN14-4.edf""]}, {""validation_file"": ""PN14-2.edf"", ""train_files"": [""PN14-1.edf"", ""PN14-4.edf""]}, {""validation_file"": ""PN14-4.edf"", ""train_files"": [""PN14-1.edf"", ""PN14-2.edf""]}]","[""PN14-1.edf"", ""PN14-2.edf"", ""PN14-4.edf""]",PN14,E0_LR,PN14-3.edf,nested
3,2,2,123,1,125,2415,31675,30,0,5,31640,0.66666666666666663,0.66666666666666663,13.994943109987357,1,2,2,9,8,10,7,11,0.076327433628318578,150,0.75,False,False,"[{""validation_file"": ""PN14-1.edf"", ""train_files"": [""PN14-2.edf"", ""PN14-4.edf""]}, {""validation_file"": ""PN14-2.edf"", ""train_files"": [""PN14-1.edf"", ""PN14-4.edf""]}, {""validation_file"": ""PN14-4.edf"", ""train_files"": [""PN14-1.edf"", ""PN14-2.edf""]}]","[""PN14-1.edf"", ""PN14-2.edf"", ""PN14-4.edf""]",PN14,E0_LR,PN14-3.edf,nested
3,2,2,111,1,113,2270,31675,30,0,5,31640,0.66666666666666663,0.66666666666666663,12.629582806573957,1,2,2,9,8,10,7,11,0.071744627054361562,150,0.80000000000000004,False,False,"[{""validation_file"": ""PN14-1.edf"", ""train_files"": [""PN14-2.edf"", ""PN14-4.edf""]}, {""validation_file"": ""PN14-2.edf"", ""train_files"": [""PN14-1.edf"", ""PN14-4.edf""]}, {""validation_file"": ""PN14-4.edf"", ""train_files"": [""PN14-1.edf"", ""PN14-2.edf""]}]","[""PN14-1.edf"", ""PN14-2.edf"", ""PN14-4.edf""]",PN14,E0_LR,PN14-3.edf,nested
3,2,2,103,1,105,2065,31675,30,0,5,31640,0.66666666666666663,0.66666666666666663,11.719342604298356,1,2,2,9,8,10,7,11,0.065265486725663721,150,0.84999999999999998,False,False,"[{""validation_file"": ""PN14-1.edf"", ""train_files"": [""PN14-2.edf"", ""PN14-4.edf""]}, {""validation_file"": ""PN14-2.edf"", ""train_files"": [""PN14-1.edf"", ""PN14-4.edf""]}, {""validation_file"": ""PN14-4.edf"", ""train_files"": [""PN14-1.edf"", ""PN14-2.edf""]}]","[""PN14-1.edf"", ""PN14-2.edf"", ""PN14-4.edf""]",PN14,E0_LR,PN14-3.edf,nested
3,2,2,95,1,97,1810,31675,30,0,5,31640,0.66666666666666663,0.66666666666666663,10.809102402022756,1,2,2,9,8,10,7,11,0.057206068268015171,150,0.90000000000000002,False,False,"[{""validation_file"": ""PN14-1.edf"", ""train_files"": [""PN14-2.edf"", ""PN14-4.edf""]}, {""validation_file"": ""PN14-2.edf"", ""train_files"": [""PN14-1.edf"", ""PN14-4.edf""]}, {""validation_file"": ""PN14-4.edf"", ""train_files"": [""PN14-1.edf"", ""PN14-2.edf""]}]","[""PN14-1.edf"", ""PN14-2.edf"", ""PN14-4.edf""]",PN14,E0_LR,PN14-3.edf,nested
3,2,2,84,0,86,1565,31675,30,0,5,31640,0.66666666666666663,0.66666666666666663,9.557522123893806,1,2,2,26.5,18.75,34.25,11,42,0.049462705436156766,110,0.94999999999999996,False,False,"[{""validation_file"": ""PN14-1.edf"", ""train_files"": [""PN14-2.edf"", ""PN14-4.edf""]}, {""validation_file"": ""PN14-2.edf"", ""train_files"": [""PN14-1.edf"", ""PN14-4.edf""]}, {""validation_file"": ""PN14-4.edf"", ""train_files"": [""PN14-1.edf"", ""PN14-2.edf""]}]","[""PN14-1.edf"", ""PN14-2.edf"", ""PN14-4.edf""]",PN14,E0_LR,PN14-3.edf,nested
3,0,0,0,0,0,0,31675,30,0,5,31640,0,0,0,3,0,0,,,,,,0,0,1.01,True,True,"[{""validation_file"": ""PN14-1.edf"", ""train_files"": [""PN14-2.edf"", ""PN14-4.edf""]}, {""validation_file"": ""PN14-2.edf"", ""train_files"": [""PN14-1.edf"", ""PN14-4.edf""]}, {""validation_file"": ""PN14-4.edf"", ""train_files"": [""PN14-1.edf"", ""PN14-2.edf""]}]","[""PN14-1.edf"", ""PN14-2.edf"", ""PN14-4.edf""]",PN14,E0_LR,PN14-3.edf,nested
3,1,1,628,0,629,26925,59028,30,0,0,58998,0.33333333333333331,0.33333333333333331,38.319943048916912,2,1,1,10,10,10,10,10,0.45637140242042101,1580,0.050000000000000003,False,False,"[{""validation_file"": ""PN14-1.edf"", ""train_files"": [""PN14-2.edf"", ""PN14-3.edf""]}, {""validation_file"": ""PN14-2.edf"", ""train_files"": [""PN14-1.edf"", ""PN14-3.edf""]}, {""validation_file"": ""PN14-3.edf"", ""train_files"": [""PN14-1.edf"", ""PN14-2.edf""]}]","[""PN14-1.edf"", ""PN14-2.edf"", ""PN14-3.edf""]",PN14,E0_LR,PN14-4.edf,nested
3,1,1,630,0,631,24440,59028,30,0,0,58998,0.33333333333333331,0.33333333333333331,38.441981084104548,2,1,1,15,15,15,15,15,0.4142513305535781,965,0.10000000000000001,False,False,"[{""validation_file"": ""PN14-1.edf"", ""train_files"": [""PN14-2.edf"", ""PN14-3.edf""]}, {""validation_file"": ""PN14-2.edf"", ""train_files"": [""PN14-1.edf"", ""PN14-3.edf""]}, {""validation_file"": ""PN14-3.edf"", ""train_files"": [""PN14-1.edf"", ""PN14-2.edf""]}]","[""PN14-1.edf"", ""PN14-2.edf"", ""PN14-3.edf""]",PN14,E0_LR,PN14-4.edf,nested
3,1,1,628,0,629,22885,59028,30,0,0,58998,0.33333333333333331,0.33333333333333331,38.319943048916912,2,1,1,15,15,15,15,15,0.38789450489847116,965,0.14999999999999999,False,False,"[{""validation_file"": ""PN14-1.edf"", ""train_files"": [""PN14-2.edf"", ""PN14-3.edf""]}, {""validation_file"": ""PN14-2.edf"", ""train_files"": [""PN14-1.edf"", ""PN14-3.edf""]}, {""validation_file"": ""PN14-3.edf"", ""train_files"": [""PN14-1.edf"", ""PN14-2.edf""]}]","[""PN14-1.edf"", ""PN14-2.edf"", ""PN14-3.edf""]",PN14,E0_LR,PN14-4.edf,nested
3,1,1,623,0,624,21695,59028,30,0,0,58998,0.33333333333333331,0.33333333333333331,38.014847960947826,2,1,1,15,15,15,15,15,0.36772432963829282,955,0.20000000000000001,False,False,"[{""validation_file"": ""PN14-1.edf"", ""train_files"": [""PN14-2.edf"", ""PN14-3.edf""]}, {""validation_file"": ""PN14-2.edf"", ""train_files"": [""PN14-1.edf"", ""PN14-3.edf""]}, {""validation_file"": ""PN14-3.edf"", ""train_files"": [""PN14-1.edf"", ""PN14-2.edf""]}]","[""PN14-1.edf"", ""PN14-2.edf"", ""PN14-3.edf""]",PN14,E0_LR,PN14-4.edf,nested
3,1,1,618,0,619,20865,59028,30,0,0,58998,0.33333333333333331,0.33333333333333331,37.709752872978747,2,1,1,15,15,15,15,15,0.35365605613749618,955,0.25,False,False,"[{""validation_file"": ""PN14-1.edf"", ""train_files"": [""PN14-2.edf"", ""PN14-3.edf""]}, {""validation_file"": ""PN14-2.edf"", ""train_files"": [""PN14-1.edf"", ""PN14-3.edf""]}, {""validation_file"": ""PN14-3.edf"", ""train_files"": [""PN14-1.edf"", ""PN14-2.edf""]}]","[""PN14-1.edf"", ""PN14-2.edf"", ""PN14-3.edf""]",PN14,E0_LR,PN14-4.edf,nested
3,1,1,622,0,623,20105,59028,30,0,0,58998,0.33333333333333331,0.33333333333333331,37.953828943354011,2,1,1,15,15,15,15,15,0.34077426353435708,955,0.29999999999999999,False,False,"[{""validation_file"": ""PN14-1.edf"", ""train_files"": [""PN14-2.edf"", ""PN14-3.edf""]}, {""validation_file"": ""PN14-2.edf"", ""train_files"": [""PN14-1.edf"", ""PN14-3.edf""]}, {""validation_file"": ""PN14-3.edf"", ""train_files"": [""PN14-1.edf"", ""PN14-2.edf""]}]","[""PN14-1.edf"", ""PN14-2.edf"", ""PN14-3.edf""]",PN14,E0_LR,PN14-4.edf,nested
3,1,1,609,0,610,19315,59028,30,0,0,58998,0.33333333333333331,0.33333333333333331,37.160581714634397,2,1,1,15,15,15,15,15,0.32738397911793621,955,0.34999999999999998,False,False,"[{""validation_file"": ""PN14-1.edf"", ""train_files"": [""PN14-2.edf"", ""PN14-3.edf""]}, {""validation_file"": ""PN14-2.edf"", ""train_files"": [""PN14-1.edf"", ""PN14-3.edf""]}, {""validation_file"": ""PN14-3.edf"", ""train_files"": [""PN14-1.edf"", ""PN14-2.edf""]}]","[""PN14-1.edf"", ""PN14-2.edf"", ""PN14-3.edf""]",PN14,E0_LR,PN14-4.edf,nested
3,1,1,603,0,604,18585,59028,30,0,0,58998,0.33333333333333331,0.33333333333333331,36.794467609071496,2,1,1,15,15,15,15,15,0.31501067832807894,955,0.40000000000000002,False,False,"[{""validation_file"": ""PN14-1.edf"", ""train_files"": [""PN14-2.edf"", ""PN14-3.edf""]}, {""validation_file"": ""PN14-2.edf"", ""train_files"": [""PN14-1.edf"", ""PN14-3.edf""]}, {""validation_file"": ""PN14-3.edf"", ""train_files"": [""PN14-1.edf"", ""PN14-2.edf""]}]","[""PN14-1.edf"", ""PN14-2.edf"", ""PN14-3.edf""]",PN14,E0_LR,PN14-4.edf,nested
3,1,1,585,0,586,17935,59028,30,0,0,58998,0.33333333333333331,0.33333333333333331,35.696125292382796,2,1,1,15,15,15,15,15,0.30399335570697311,770,0.45000000000000001,False,False,"[{""validation_file"": ""PN14-1.edf"", ""train_files"": [""PN14-2.edf"", ""PN14-3.edf""]}, {""validation_file"": ""PN14-2.edf"", ""train_files"": [""PN14-1.edf"", ""PN14-3.edf""]}, {""validation_file"": ""PN14-3.edf"", ""train_files"": [""PN14-1.edf"", ""PN14-2.edf""]}]","[""PN14-1.edf"", ""PN14-2.edf"", ""PN14-3.edf""]",PN14,E0_LR,PN14-4.edf,nested
3,1,1,567,0,568,17290,59028,30,0,0,58998,0.33333333333333331,0.33333333333333331,34.597782975694088,2,1,1,15,15,15,15,15,0.29306078172141431,550,0.5,False,False,"[{""validation_file"": ""PN14-1.edf"", ""train_files"": [""PN14-2.edf"", ""PN14-3.edf""]}, {""validation_file"": ""PN14-2.edf"", ""train_files"": [""PN14-1.edf"", ""PN14-3.edf""]}, {""validation_file"": ""PN14-3.edf"", ""train_files"": [""PN14-1.edf"", ""PN14-2.edf""]}]","[""PN14-1.edf"", ""PN14-2.edf"", ""PN14-3.edf""]",PN14,E0_LR,PN14-4.edf,nested
3,1,1,555,0,556,16750,59028,30,0,0,58998,0.33333333333333331,0.33333333333333331,33.865554764568287,2,1,1,15,15,15,15,15,0.28390792908234175,545,0.55000000000000004,False,False,"[{""validation_file"": ""PN14-1.edf"", ""train_files"": [""PN14-2.edf"", ""PN14-3.edf""]}, {""validation_file"": ""PN14-2.edf"", ""train_files"": [""PN14-1.edf"", ""PN14-3.edf""]}, {""validation_file"": ""PN14-3.edf"", ""train_files"": [""PN14-1.edf"", ""PN14-2.edf""]}]","[""PN14-1.edf"", ""PN14-2.edf"", ""PN14-3.edf""]",PN14,E0_LR,PN14-4.edf,nested
3,1,1,548,0,549,16165,59028,30,0,0,58998,0.33333333333333331,0.33333333333333331,33.438421641411573,2,1,1,15,15,15,15,15,0.27399233872334655,545,0.59999999999999998,False,False,"[{""validation_file"": ""PN14-1.edf"", ""train_files"": [""PN14-2.edf"", ""PN14-3.edf""]}, {""validation_file"": ""PN14-2.edf"", ""train_files"": [""PN14-1.edf"", ""PN14-3.edf""]}, {""validation_file"": ""PN14-3.edf"", ""train_files"": [""PN14-1.edf"", ""PN14-2.edf""]}]","[""PN14-1.edf"", ""PN14-2.edf"", ""PN14-3.edf""]",PN14,E0_LR,PN14-4.edf,nested
3,1,1,538,0,539,15490,59028,30,0,0,58998,0.33333333333333331,0.33333333333333331,32.828231465473408,2,1,1,15,15,15,15,15,0.26255127292450592,510,0.65000000000000002,False,False,"[{""validation_file"": ""PN14-1.edf"", ""train_files"": [""PN14-2.edf"", ""PN14-3.edf""]}, {""validation_file"": ""PN14-2.edf"", ""train_files"": [""PN14-1.edf"", ""PN14-3.edf""]}, {""validation_file"": ""PN14-3.edf"", ""train_files"": [""PN14-1.edf"", ""PN14-2.edf""]}]","[""PN14-1.edf"", ""PN14-2.edf"", ""PN14-3.edf""]",PN14,E0_LR,PN14-4.edf,nested
3,1,1,519,0,520,14830,59028,30,0,0,58998,0.33333333333333331,0.33333333333333331,31.668870131190889,2,1,1,15,15,15,15,15,0.2513644530323062,480,0.69999999999999996,False,False,"[{""validation_file"": ""PN14-1.edf"", ""train_files"": [""PN14-2.edf"", ""PN14-3.edf""]}, {""validation_file"": ""PN14-2.edf"", ""train_files"": [""PN14-1.edf"", ""PN14-3.edf""]}, {""validation_file"": ""PN14-3.edf"", ""train_files"": [""PN14-1.edf"", ""PN14-2.edf""]}]","[""PN14-1.edf"", ""PN14-2.edf"", ""PN14-3.edf""]",PN14,E0_LR,PN14-4.edf,nested
3,1,1,518,0,519,14150,59028,30,0,0,58998,0.33333333333333331,0.33333333333333331,31.607851113597071,2,1,1,15,15,15,15,15,0.23983863859791857,375,0.75,False,False,"[{""validation_file"": ""PN14-1.edf"", ""train_files"": [""PN14-2.edf"", ""PN14-3.edf""]}, {""validation_file"": ""PN14-2.edf"", ""train_files"": [""PN14-1.edf"", ""PN14-3.edf""]}, {""validation_file"": ""PN14-3.edf"", ""train_files"": [""PN14-1.edf"", ""PN14-2.edf""]}]","[""PN14-1.edf"", ""PN14-2.edf"", ""PN14-3.edf""]",PN14,E0_LR,PN14-4.edf,nested
3,1,1,491,0,492,13390,59028,30,0,0,58998,0.33333333333333331,0.33333333333333331,29.96033763856402,2,1,1,15,15,15,15,15,0.22695684599477947,375,0.80000000000000004,False,False,"[{""validation_file"": ""PN14-1.edf"", ""train_files"": [""PN14-2.edf"", ""PN14-3.edf""]}, {""validation_file"": ""PN14-2.edf"", ""train_files"": [""PN14-1.edf"", ""PN14-3.edf""]}, {""validation_file"": ""PN14-3.edf"", ""train_files"": [""PN14-1.edf"", ""PN14-2.edf""]}]","[""PN14-1.edf"", ""PN14-2.edf"", ""PN14-3.edf""]",PN14,E0_LR,PN14-4.edf,nested
3,1,1,464,0,465,12550,59028,30,0,0,58998,0.33333333333333331,0.33333333333333331,28.312824163530966,2,1,1,15,15,15,15,15,0.21271907522288891,375,0.84999999999999998,False,False,"[{""validation_file"": ""PN14-1.edf"", ""train_files"": [""PN14-2.edf"", ""PN14-3.edf""]}, {""validation_file"": ""PN14-2.edf"", ""train_files"": [""PN14-1.edf"", ""PN14-3.edf""]}, {""validation_file"": ""PN14-3.edf"", ""train_files"": [""PN14-1.edf"", ""PN14-2.edf""]}]","[""PN14-1.edf"", ""PN14-2.edf"", ""PN14-3.edf""]",PN14,E0_LR,PN14-4.edf,nested
3,1,1,463,0,464,11350,59028,30,0,0,58998,0.33333333333333331,0.33333333333333331,28.251805145937151,2,1,1,15,15,15,15,15,0.19237940269161666,325,0.90000000000000002,False,False,"[{""validation_file"": ""PN14-1.edf"", ""train_files"": [""PN14-2.edf"", ""PN14-3.edf""]}, {""validation_file"": ""PN14-2.edf"", ""train_files"": [""PN14-1.edf"", ""PN14-3.edf""]}, {""validation_file"": ""PN14-3.edf"", ""train_files"": [""PN14-1.edf"", ""PN14-2.edf""]}]","[""PN14-1.edf"", ""PN14-2.edf"", ""PN14-3.edf""]",PN14,E0_LR,PN14-4.edf,nested
3,0,0,425,0,425,9620,59028,30,0,0,58998,0,0,25.933082477372114,3,0,0,,,,,,0.16305637479236584,185,0.94999999999999996,False,False,"[{""validation_file"": ""PN14-1.edf"", ""train_files"": [""PN14-2.edf"", ""PN14-3.edf""]}, {""validation_file"": ""PN14-2.edf"", ""train_files"": [""PN14-1.edf"", ""PN14-3.edf""]}, {""validation_file"": ""PN14-3.edf"", ""train_files"": [""PN14-1.edf"", ""PN14-2.edf""]}]","[""PN14-1.edf"", ""PN14-2.edf"", ""PN14-3.edf""]",PN14,E0_LR,PN14-4.edf,nested
3,0,0,0,0,0,0,59028,30,0,0,58998,0,0,0,3,0,0,,,,,,0,0,1.01,True,True,"[{""validation_file"": ""PN14-1.edf"", ""train_files"": [""PN14-2.edf"", ""PN14-3.edf""]}, {""validation_file"": ""PN14-2.edf"", ""train_files"": [""PN14-1.edf"", ""PN14-3.edf""]}, {""validation_file"": ""PN14-3.edf"", ""train_files"": [""PN14-1.edf"", ""PN14-2.edf""]}]","[""PN14-1.edf"", ""PN14-2.edf"", ""PN14-3.edf""]",PN14,E0_LR,PN14-4.edf,nested
3,3,3,648,0,651,25925,65802,30,0,5,65767,1,1,35.470676783189134,0,3,3,12,9,18.5,6,25,0.39419465689479527,1915,0.050000000000000003,False,False,"[{""validation_file"": ""PN14-2.edf"", ""train_files"": [""PN14-3.edf"", ""PN14-4.edf""]}, {""validation_file"": ""PN14-3.edf"", ""train_files"": [""PN14-2.edf"", ""PN14-4.edf""]}, {""validation_file"": ""PN14-4.edf"", ""train_files"": [""PN14-2.edf"", ""PN14-3.edf""]}]","[""PN14-2.edf"", ""PN14-3.edf"", ""PN14-4.edf""]",PN14,E1_RF,PN14-1.edf,nested
3,3,3,556,0,559,21880,65802,30,0,5,65767,1,1,30.43471649915611,0,3,3,12,11.5,18.5,11,25,0.33268964678334118,1095,0.10000000000000001,False,False,"[{""validation_file"": ""PN14-2.edf"", ""train_files"": [""PN14-3.edf"", ""PN14-4.edf""]}, {""validation_file"": ""PN14-3.edf"", ""train_files"": [""PN14-2.edf"", ""PN14-4.edf""]}, {""validation_file"": ""PN14-4.edf"", ""train_files"": [""PN14-2.edf"", ""PN14-3.edf""]}]","[""PN14-2.edf"", ""PN14-3.edf"", ""PN14-4.edf""]",PN14,E1_RF,PN14-1.edf,nested
3,3,3,533,0,536,19335,65802,30,0,5,65767,1,1,29.175726428147854,0,3,3,12,11.5,21,11,30,0.29399242781334106,795,0.14999999999999999,False,False,"[{""validation_file"": ""PN14-2.edf"", ""train_files"": [""PN14-3.edf"", ""PN14-4.edf""]}, {""validation_file"": ""PN14-3.edf"", ""train_files"": [""PN14-2.edf"", ""PN14-4.edf""]}, {""validation_file"": ""PN14-4.edf"", ""train_files"": [""PN14-2.edf"", ""PN14-3.edf""]}]","[""PN14-2.edf"", ""PN14-3.edf"", ""PN14-4.edf""]",PN14,E1_RF,PN14-1.edf,nested
3,3,3,518,0,521,17615,65802,30,0,5,65767,1,1,28.354645947055513,0,3,3,22,16.5,26,11,30,0.26783949397114054,665,0.20000000000000001,False,False,"[{""validation_file"": ""PN14-2.edf"", ""train_files"": [""PN14-3.edf"", ""PN14-4.edf""]}, {""validation_file"": ""PN14-3.edf"", ""train_files"": [""PN14-2.edf"", ""PN14-4.edf""]}, {""validation_file"": ""PN14-4.edf"", ""train_files"": [""PN14-2.edf"", ""PN14-3.edf""]}]","[""PN14-2.edf"", ""PN14-3.edf"", ""PN14-4.edf""]",PN14,E1_RF,PN14-1.edf,nested
3,3,3,456,0,459,14685,65802,30,0,5,65767,1,1,24.960846625207171,0,3,3,22,16.5,26,11,30,0.22328827527483389,400,0.25,False,False,"[{""validation_file"": ""PN14-2.edf"", ""train_files"": [""PN14-3.edf"", ""PN14-4.edf""]}, {""validation_file"": ""PN14-3.edf"", ""train_files"": [""PN14-2.edf"", ""PN14-4.edf""]}, {""validation_file"": ""PN14-4.edf"", ""train_files"": [""PN14-2.edf"", ""PN14-3.edf""]}]","[""PN14-2.edf"", ""PN14-3.edf"", ""PN14-4.edf""]",PN14,E1_RF,PN14-1.edf,nested
3,3,3,429,0,432,11030,65802,30,0,5,65767,1,1,23.482901759240956,0,3,3,22,16.5,26,11,30,0.16771329086015782,230,0.29999999999999999,False,False,"[{""validation_file"": ""PN14-2.edf"", ""train_files"": [""PN14-3.edf"", ""PN14-4.edf""]}, {""validation_file"": ""PN14-3.edf"", ""train_files"": [""PN14-2.edf"", ""PN14-4.edf""]}, {""validation_file"": ""PN14-4.edf"", ""train_files"": [""PN14-2.edf"", ""PN14-3.edf""]}]","[""PN14-2.edf"", ""PN14-3.edf"", ""PN14-4.edf""]",PN14,E1_RF,PN14-1.edf,nested
3,3,3,382,0,385,6895,65802,30,0,5,65767,1,1,20.910182918484953,0,3,3,22,16.5,26,11,30,0.10483981328021652,130,0.34999999999999998,False,False,"[{""validation_file"": ""PN14-2.edf"", ""train_files"": [""PN14-3.edf"", ""PN14-4.edf""]}, {""validation_file"": ""PN14-3.edf"", ""train_files"": [""PN14-2.edf"", ""PN14-4.edf""]}, {""validation_file"": ""PN14-4.edf"", ""train_files"": [""PN14-2.edf"", ""PN14-3.edf""]}]","[""PN14-2.edf"", ""PN14-3.edf"", ""PN14-4.edf""]",PN14,E1_RF,PN14-1.edf,nested
3,3,3,257,0,260,3760,65802,30,0,5,65767,1,1,14.067845576048779,0,3,3,22,16.5,26,11,30,0.057171529794577826,115,0.40000000000000002,False,False,"[{""validation_file"": ""PN14-2.edf"", ""train_files"": [""PN14-3.edf"", ""PN14-4.edf""]}, {""validation_file"": ""PN14-3.edf"", ""train_files"": [""PN14-2.edf"", ""PN14-4.edf""]}, {""validation_file"": ""PN14-4.edf"", ""train_files"": [""PN14-2.edf"", ""PN14-3.edf""]}]","[""PN14-2.edf"", ""PN14-3.edf"", ""PN14-4.edf""]",PN14,E1_RF,PN14-1.edf,nested
3,3,3,154,0,157,2065,65802,30,0,5,65767,1,1,8.4297596058813689,0,3,3,22,16.5,26,11,30,0.031398725804734899,60,0.45000000000000001,False,False,"[{""validation_file"": ""PN14-2.edf"", ""train_files"": [""PN14-3.edf"", ""PN14-4.edf""]}, {""validation_file"": ""PN14-3.edf"", ""train_files"": [""PN14-2.edf"", ""PN14-4.edf""]}, {""validation_file"": ""PN14-4.edf"", ""train_files"": [""PN14-2.edf"", ""PN14-3.edf""]}]","[""PN14-2.edf"", ""PN14-3.edf"", ""PN14-4.edf""]",PN14,E1_RF,PN14-1.edf,nested
3,3,3,92,0,95,1160,65802,30,0,5,65767,1,1,5.0359602840330258,0,3,3,22,16.5,26,11,30,0.017638025149391032,45,0.5,False,False,"[{""validation_file"": ""PN14-2.edf"", ""train_files"": [""PN14-3.edf"", ""PN14-4.edf""]}, {""validation_file"": ""PN14-3.edf"", ""train_files"": [""PN14-2.edf"", ""PN14-4.edf""]}, {""validation_file"": ""PN14-4.edf"", ""train_files"": [""PN14-2.edf"", ""PN14-3.edf""]}]","[""PN14-2.edf"", ""PN14-3.edf"", ""PN14-4.edf""]",PN14,E1_RF,PN14-1.edf,nested
3,2,2,52,0,54,690,65802,30,0,5,65767,0.66666666666666663,0.66666666666666663,2.8464123344534493,1,2,2,28.5,25.25,31.75,22,35,0.010491583925068803,45,0.55000000000000004,False,False,"[{""validation_file"": ""PN14-2.edf"", ""train_files"": [""PN14-3.edf"", ""PN14-4.edf""]}, {""validation_file"": ""PN14-3.edf"", ""train_files"": [""PN14-2.edf"", ""PN14-4.edf""]}, {""validation_file"": ""PN14-4.edf"", ""train_files"": [""PN14-2.edf"", ""PN14-3.edf""]}]","[""PN14-2.edf"", ""PN14-3.edf"", ""PN14-4.edf""]",PN14,E1_RF,PN14-1.edf,nested
3,2,2,33,0,35,445,65802,30,0,5,65767,0.66666666666666663,0.66666666666666663,1.8063770584031504,1,2,2,28.5,25.25,31.75,22,35,0.0067663113719646627,45,0.59999999999999998,False,False,"[{""validation_file"": ""PN14-2.edf"", ""train_files"": [""PN14-3.edf"", ""PN14-4.edf""]}, {""validation_file"": ""PN14-3.edf"", ""train_files"": [""PN14-2.edf"", ""PN14-4.edf""]}, {""validation_file"": ""PN14-4.edf"", ""train_files"": [""PN14-2.edf"", ""PN14-3.edf""]}]","[""PN14-2.edf"", ""PN14-3.edf"", ""PN14-4.edf""]",PN14,E1_RF,PN14-1.edf,nested
3,2,2,22,0,24,300,65802,30,0,5,65767,0.66666666666666663,0.66666666666666663,1.2042513722687671,1,2,2,28.5,25.25,31.75,22,35,0.0045615582282907841,45,0.65000000000000002,False,False,"[{""validation_file"": ""PN14-2.edf"", ""train_files"": [""PN14-3.edf"", ""PN14-4.edf""]}, {""validation_file"": ""PN14-3.edf"", ""train_files"": [""PN14-2.edf"", ""PN14-4.edf""]}, {""validation_file"": ""PN14-4.edf"", ""train_files"": [""PN14-2.edf"", ""PN14-3.edf""]}]","[""PN14-2.edf"", ""PN14-3.edf"", ""PN14-4.edf""]",PN14,E1_RF,PN14-1.edf,nested
3,2,2,14,0,16,220,65802,30,0,5,65767,0.66666666666666663,0.66666666666666663,0.76634178235285177,1,2,2,28.5,25.25,31.75,22,35,0.0033451427007465751,45,0.69999999999999996,True,False,"[{""validation_file"": ""PN14-2.edf"", ""train_files"": [""PN14-3.edf"", ""PN14-4.edf""]}, {""validation_file"": ""PN14-3.edf"", ""train_files"": [""PN14-2.edf"", ""PN14-4.edf""]}, {""validation_file"": ""PN14-4.edf"", ""train_files"": [""PN14-2.edf"", ""PN14-3.edf""]}]","[""PN14-2.edf"", ""PN14-3.edf"", ""PN14-4.edf""]",PN14,E1_RF,PN14-1.edf,nested
3,2,2,11,0,13,170,65802,30,0,5,65767,0.66666666666666663,0.66666666666666663,0.60212568613438355,1,2,2,28.5,25.25,31.75,22,35,0.0025848829960314445,45,0.75,True,False,"[{""validation_file"": ""PN14-2.edf"", ""train_files"": [""PN14-3.edf"", ""PN14-4.edf""]}, {""validation_file"": ""PN14-3.edf"", ""train_files"": [""PN14-2.edf"", ""PN14-4.edf""]}, {""validation_file"": ""PN14-4.edf"", ""train_files"": [""PN14-2.edf"", ""PN14-3.edf""]}]","[""PN14-2.edf"", ""PN14-3.edf"", ""PN14-4.edf""]",PN14,E1_RF,PN14-1.edf,nested
3,2,2,7,0,9,130,65802,30,0,5,65767,0.66666666666666663,0.66666666666666663,0.38317089117642589,1,2,2,28.5,25.25,31.75,22,35,0.0019766752322593396,45,0.80000000000000004,True,False,"[{""validation_file"": ""PN14-2.edf"", ""train_files"": [""PN14-3.edf"", ""PN14-4.edf""]}, {""validation_file"": ""PN14-3.edf"", ""train_files"": [""PN14-2.edf"", ""PN14-4.edf""]}, {""validation_file"": ""PN14-4.edf"", ""train_files"": [""PN14-2.edf"", ""PN14-3.edf""]}]","[""PN14-2.edf"", ""PN14-3.edf"", ""PN14-4.edf""]",PN14,E1_RF,PN14-1.edf,nested
3,2,2,4,0,6,95,65802,30,0,5,65767,0.66666666666666663,0.66666666666666663,0.21895479495795764,1,2,2,28.5,25.25,31.75,22,35,0.0014444934389587483,45,0.84999999999999998,True,False,"[{""validation_file"": ""PN14-2.edf"", ""train_files"": [""PN14-3.edf"", ""PN14-4.edf""]}, {""validation_file"": ""PN14-3.edf"", ""train_files"": [""PN14-2.edf"", ""PN14-4.edf""]}, {""validation_file"": ""PN14-4.edf"", ""train_files"": [""PN14-2.edf"", ""PN14-3.edf""]}]","[""PN14-2.edf"", ""PN14-3.edf"", ""PN14-4.edf""]",PN14,E1_RF,PN14-1.edf,nested
3,2,2,1,0,3,60,65802,30,0,5,65767,0.66666666666666663,0.66666666666666663,0.05473869873948941,1,2,2,31,29,33,27,35,0.00091231164565815678,40,0.90000000000000002,True,True,"[{""validation_file"": ""PN14-2.edf"", ""train_files"": [""PN14-3.edf"", ""PN14-4.edf""]}, {""validation_file"": ""PN14-3.edf"", ""train_files"": [""PN14-2.edf"", ""PN14-4.edf""]}, {""validation_file"": ""PN14-4.edf"", ""train_files"": [""PN14-2.edf"", ""PN14-3.edf""]}]","[""PN14-2.edf"", ""PN14-3.edf"", ""PN14-4.edf""]",PN14,E1_RF,PN14-1.edf,nested
3,1,1,1,0,2,45,65802,30,0,5,65767,0.33333333333333331,0.33333333333333331,0.05473869873948941,2,1,1,27,27,27,27,27,0.00068423373424361764,35,0.94999999999999996,True,False,"[{""validation_file"": ""PN14-2.edf"", ""train_files"": [""PN14-3.edf"", ""PN14-4.edf""]}, {""validation_file"": ""PN14-3.edf"", ""train_files"": [""PN14-2.edf"", ""PN14-4.edf""]}, {""validation_file"": ""PN14-4.edf"", ""train_files"": [""PN14-2.edf"", ""PN14-3.edf""]}]","[""PN14-2.edf"", ""PN14-3.edf"", ""PN14-4.edf""]",PN14,E1_RF,PN14-1.edf,nested
3,0,0,0,0,0,0,65802,30,0,5,65767,0,0,0,3,0,0,,,,,,0,0,1.01,True,False,"[{""validation_file"": ""PN14-2.edf"", ""train_files"": [""PN14-3.edf"", ""PN14-4.edf""]}, {""validation_file"": ""PN14-3.edf"", ""train_files"": [""PN14-2.edf"", ""PN14-4.edf""]}, {""validation_file"": ""PN14-4.edf"", ""train_files"": [""PN14-2.edf"", ""PN14-3.edf""]}]","[""PN14-2.edf"", ""PN14-3.edf"", ""PN14-4.edf""]",PN14,E1_RF,PN14-1.edf,nested
3,3,3,628,1,631,10605,64505,30,0,5,64470,1,1,35.067473243369008,0,3,3,8,7.5,16.5,7,25,0.16449511400651465,100,0.050000000000000003,False,False,"[{""validation_file"": ""PN14-1.edf"", ""train_files"": [""PN14-3.edf"", ""PN14-4.edf""]}, {""validation_file"": ""PN14-3.edf"", ""train_files"": [""PN14-1.edf"", ""PN14-4.edf""]}, {""validation_file"": ""PN14-4.edf"", ""train_files"": [""PN14-1.edf"", ""PN14-3.edf""]}]","[""PN14-1.edf"", ""PN14-3.edf"", ""PN14-4.edf""]",PN14,E1_RF,PN14-2.edf,nested
3,3,3,443,1,446,6835,64505,30,0,5,64470,1,1,24.737087017217309,0,3,3,10,9,16,8,22,0.106018303086707,90,0.10000000000000001,False,False,"[{""validation_file"": ""PN14-1.edf"", ""train_files"": [""PN14-3.edf"", ""PN14-4.edf""]}, {""validation_file"": ""PN14-3.edf"", ""train_files"": [""PN14-1.edf"", ""PN14-4.edf""]}, {""validation_file"": ""PN14-4.edf"", ""train_files"": [""PN14-1.edf"", ""PN14-3.edf""]}]","[""PN14-1.edf"", ""PN14-3.edf"", ""PN14-4.edf""]",PN14,E1_RF,PN14-2.edf,nested
3,3,3,285,1,288,4360,64505,30,0,5,64470,1,1,15.914378780828292,0,3,3,13,11.5,17.5,10,22,0.067628354273305408,80,0.14999999999999999,False,False,"[{""validation_file"": ""PN14-1.edf"", ""train_files"": [""PN14-3.edf"", ""PN14-4.edf""]}, {""validation_file"": ""PN14-3.edf"", ""train_files"": [""PN14-1.edf"", ""PN14-4.edf""]}, {""validation_file"": ""PN14-4.edf"", ""train_files"": [""PN14-1.edf"", ""PN14-3.edf""]}]","[""PN14-1.edf"", ""PN14-3.edf"", ""PN14-4.edf""]",PN14,E1_RF,PN14-2.edf,nested
3,3,3,190,1,193,3005,64505,30,0,5,64470,1,1,10.609585853885529,0,3,3,13,11.5,17.5,10,22,0.046610826741119903,80,0.20000000000000001,False,False,"[{""validation_file"": ""PN14-1.edf"", ""train_files"": [""PN14-3.edf"", ""PN14-4.edf""]}, {""validation_file"": ""PN14-3.edf"", ""train_files"": [""PN14-1.edf"", ""PN14-4.edf""]}, {""validation_file"": ""PN14-4.edf"", ""train_files"": [""PN14-1.edf"", ""PN14-3.edf""]}]","[""PN14-1.edf"", ""PN14-3.edf"", ""PN14-4.edf""]",PN14,E1_RF,PN14-2.edf,nested
3,3,3,143,0,146,2340,64505,30,0,5,64470,1,1,7.9851093531875295,0,3,3,22,17.5,26,13,30,0.036295951605397857,80,0.25,False,False,"[{""validation_file"": ""PN14-1.edf"", ""train_files"": [""PN14-3.edf"", ""PN14-4.edf""]}, {""validation_file"": ""PN14-3.edf"", ""train_files"": [""PN14-1.edf"", ""PN14-4.edf""]}, {""validation_file"": ""PN14-4.edf"", ""train_files"": [""PN14-1.edf"", ""PN14-3.edf""]}]","[""PN14-1.edf"", ""PN14-3.edf"", ""PN14-4.edf""]",PN14,E1_RF,PN14-2.edf,nested
3,3,3,125,0,128,1900,64505,30,0,5,64470,1,1,6.9799906933457425,0,3,3,22,17.5,26,13,30,0.029471071816348688,65,0.29999999999999999,False,False,"[{""validation_file"": ""PN14-1.edf"", ""train_files"": [""PN14-3.edf"", ""PN14-4.edf""]}, {""validation_file"": ""PN14-3.edf"", ""train_files"": [""PN14-1.edf"", ""PN14-4.edf""]}, {""validation_file"": ""PN14-4.edf"", ""train_files"": [""PN14-1.edf"", ""PN14-3.edf""]}]","[""PN14-1.edf"", ""PN14-3.edf"", ""PN14-4.edf""]",PN14,E1_RF,PN14-2.edf,nested
3,2,2,100,0,102,1465,64505,30,0,5,64470,0.66666666666666663,0.66666666666666663,5.5839925546765938,1,2,2,26,24,28,22,30,0.022723747479447807,65,0.34999999999999998,False,False,"[{""validation_file"": ""PN14-1.edf"", ""train_files"": [""PN14-3.edf"", ""PN14-4.edf""]}, {""validation_file"": ""PN14-3.edf"", ""train_files"": [""PN14-1.edf"", ""PN14-4.edf""]}, {""validation_file"": ""PN14-4.edf"", ""train_files"": [""PN14-1.edf"", ""PN14-3.edf""]}]","[""PN14-1.edf"", ""PN14-3.edf"", ""PN14-4.edf""]",PN14,E1_RF,PN14-2.edf,nested
3,2,2,84,0,86,1230,64505,30,0,5,64470,0.66666666666666663,0.66666666666666663,4.6905537459283391,1,2,2,26,24,28,22,30,0.019078641228478362,65,0.40000000000000002,False,False,"[{""validation_file"": ""PN14-1.edf"", ""train_files"": [""PN14-3.edf"", ""PN14-4.edf""]}, {""validation_file"": ""PN14-3.edf"", ""train_files"": [""PN14-1.edf"", ""PN14-4.edf""]}, {""validation_file"": ""PN14-4.edf"", ""train_files"": [""PN14-1.edf"", ""PN14-3.edf""]}]","[""PN14-1.edf"", ""PN14-3.edf"", ""PN14-4.edf""]",PN14,E1_RF,PN14-2.edf,nested
3,2,2,56,0,58,880,64505,30,0,5,64470,0.66666666666666663,0.66666666666666663,3.1270358306188926,1,2,2,26,24,28,22,30,0.013649759578098341,65,0.45000000000000001,False,False,"[{""validation_file"": ""PN14-1.edf"", ""train_files"": [""PN14-3.edf"", ""PN14-4.edf""]}, {""validation_file"": ""PN14-3.edf"", ""train_files"": [""PN14-1.edf"", ""PN14-4.edf""]}, {""validation_file"": ""PN14-4.edf"", ""train_files"": [""PN14-1.edf"", ""PN14-3.edf""]}]","[""PN14-1.edf"", ""PN14-3.edf"", ""PN14-4.edf""]",PN14,E1_RF,PN14-2.edf,nested
3,2,2,43,0,45,660,64505,30,0,5,64470,0.66666666666666663,0.66666666666666663,2.4011167985109352,1,2,2,26,24,28,22,30,0.010237319683573755,45,0.5,False,False,"[{""validation_file"": ""PN14-1.edf"", ""train_files"": [""PN14-3.edf"", ""PN14-4.edf""]}, {""validation_file"": ""PN14-3.edf"", ""train_files"": [""PN14-1.edf"", ""PN14-4.edf""]}, {""validation_file"": ""PN14-4.edf"", ""train_files"": [""PN14-1.edf"", ""PN14-3.edf""]}]","[""PN14-1.edf"", ""PN14-3.edf"", ""PN14-4.edf""]",PN14,E1_RF,PN14-2.edf,nested
3,2,2,34,0,36,515,64505,30,0,5,64470,0.66666666666666663,0.66666666666666663,1.8985574685900419,1,2,2,28.5,27.75,29.25,27,30,0.0079882115712734611,40,0.55000000000000004,False,False,"[{""validation_file"": ""PN14-1.edf"", ""train_files"": [""PN14-3.edf"", ""PN14-4.edf""]}, {""validation_file"": ""PN14-3.edf"", ""train_files"": [""PN14-1.edf"", ""PN14-4.edf""]}, {""validation_file"": ""PN14-4.edf"", ""train_files"": [""PN14-1.edf"", ""PN14-3.edf""]}]","[""PN14-1.edf"", ""PN14-3.edf"", ""PN14-4.edf""]",PN14,E1_RF,PN14-2.edf,nested
3,2,2,29,0,31,430,64505,30,0,5,64470,0.66666666666666663,0.66666666666666663,1.6193578408562121,1,2,2,28.5,27.75,29.25,27,30,0.006669768884752598,40,0.59999999999999998,False,False,"[{""validation_file"": ""PN14-1.edf"", ""train_files"": [""PN14-3.edf"", ""PN14-4.edf""]}, {""validation_file"": ""PN14-3.edf"", ""train_files"": [""PN14-1.edf"", ""PN14-4.edf""]}, {""validation_file"": ""PN14-4.edf"", ""train_files"": [""PN14-1.edf"", ""PN14-3.edf""]}]","[""PN14-1.edf"", ""PN14-3.edf"", ""PN14-4.edf""]",PN14,E1_RF,PN14-2.edf,nested
3,2,2,16,0,18,270,64505,30,0,5,64470,0.66666666666666663,0.66666666666666663,0.89343880874825499,1,2,2,28.5,27.75,29.25,27,30,0.0041879944160074451,40,0.65000000000000002,True,False,"[{""validation_file"": ""PN14-1.edf"", ""train_files"": [""PN14-3.edf"", ""PN14-4.edf""]}, {""validation_file"": ""PN14-3.edf"", ""train_files"": [""PN14-1.edf"", ""PN14-4.edf""]}, {""validation_file"": ""PN14-4.edf"", ""train_files"": [""PN14-1.edf"", ""PN14-3.edf""]}]","[""PN14-1.edf"", ""PN14-3.edf"", ""PN14-4.edf""]",PN14,E1_RF,PN14-2.edf,nested
3,2,2,13,0,15,240,64505,30,0,5,64470,0.66666666666666663,0.66666666666666663,0.72591903210795716,1,2,2,28.5,27.75,29.25,27,30,0.0037226617031177293,40,0.69999999999999996,True,False,"[{""validation_file"": ""PN14-1.edf"", ""train_files"": [""PN14-3.edf"", ""PN14-4.edf""]}, {""validation_file"": ""PN14-3.edf"", ""train_files"": [""PN14-1.edf"", ""PN14-4.edf""]}, {""validation_file"": ""PN14-4.edf"", ""train_files"": [""PN14-1.edf"", ""PN14-3.edf""]}]","[""PN14-1.edf"", ""PN14-3.edf"", ""PN14-4.edf""]",PN14,E1_RF,PN14-2.edf,nested
3,2,2,11,0,13,210,64505,30,0,5,64470,0.66666666666666663,0.66666666666666663,0.61423918101442532,1,2,2,28.5,27.75,29.25,27,30,0.0032573289902280132,40,0.75,True,False,"[{""validation_file"": ""PN14-1.edf"", ""train_files"": [""PN14-3.edf"", ""PN14-4.edf""]}, {""validation_file"": ""PN14-3.edf"", ""train_files"": [""PN14-1.edf"", ""PN14-4.edf""]}, {""validation_file"": ""PN14-4.edf"", ""train_files"": [""PN14-1.edf"", ""PN14-3.edf""]}]","[""PN14-1.edf"", ""PN14-3.edf"", ""PN14-4.edf""]",PN14,E1_RF,PN14-2.edf,nested
3,2,2,10,0,12,195,64505,30,0,5,64470,0.66666666666666663,0.66666666666666663,0.55839925546765934,1,2,2,31,29,33,27,35,0.0030246626337831549,40,0.80000000000000004,True,False,"[{""validation_file"": ""PN14-1.edf"", ""train_files"": [""PN14-3.edf"", ""PN14-4.edf""]}, {""validation_file"": ""PN14-3.edf"", ""train_files"": [""PN14-1.edf"", ""PN14-4.edf""]}, {""validation_file"": ""PN14-4.edf"", ""train_files"": [""PN14-1.edf"", ""PN14-3.edf""]}]","[""PN14-1.edf"", ""PN14-3.edf"", ""PN14-4.edf""]",PN14,E1_RF,PN14-2.edf,nested
3,2,2,8,0,10,160,64505,30,0,5,64470,0.66666666666666663,0.66666666666666663,0.44671940437412749,1,2,2,31,29,33,27,35,0.0024817744687451529,40,0.84999999999999998,True,False,"[{""validation_file"": ""PN14-1.edf"", ""train_files"": [""PN14-3.edf"", ""PN14-4.edf""]}, {""validation_file"": ""PN14-3.edf"", ""train_files"": [""PN14-1.edf"", ""PN14-4.edf""]}, {""validation_file"": ""PN14-4.edf"", ""train_files"": [""PN14-1.edf"", ""PN14-3.edf""]}]","[""PN14-1.edf"", ""PN14-3.edf"", ""PN14-4.edf""]",PN14,E1_RF,PN14-2.edf,nested
3,2,2,8,0,10,155,64505,30,0,5,64470,0.66666666666666663,0.66666666666666663,0.44671940437412749,1,2,2,31,29,33,27,35,0.0024042190165968667,40,0.90000000000000002,True,False,"[{""validation_file"": ""PN14-1.edf"", ""train_files"": [""PN14-3.edf"", ""PN14-4.edf""]}, {""validation_file"": ""PN14-3.edf"", ""train_files"": [""PN14-1.edf"", ""PN14-4.edf""]}, {""validation_file"": ""PN14-4.edf"", ""train_files"": [""PN14-1.edf"", ""PN14-3.edf""]}]","[""PN14-1.edf"", ""PN14-3.edf"", ""PN14-4.edf""]",PN14,E1_RF,PN14-2.edf,nested
3,2,2,2,0,4,55,64505,30,0,5,64470,0.66666666666666663,0.66666666666666663,0.11167985109353187,1,2,2,31,29,33,27,35,0.00085310997363114631,25,0.94999999999999996,True,True,"[{""validation_file"": ""PN14-1.edf"", ""train_files"": [""PN14-3.edf"", ""PN14-4.edf""]}, {""validation_file"": ""PN14-3.edf"", ""train_files"": [""PN14-1.edf"", ""PN14-4.edf""]}, {""validation_file"": ""PN14-4.edf"", ""train_files"": [""PN14-1.edf"", ""PN14-3.edf""]}]","[""PN14-1.edf"", ""PN14-3.edf"", ""PN14-4.edf""]",PN14,E1_RF,PN14-2.edf,nested
3,0,0,0,0,0,0,64505,30,0,5,64470,0,0,0,3,0,0,,,,,,0,0,1.01,True,False,"[{""validation_file"": ""PN14-1.edf"", ""train_files"": [""PN14-3.edf"", ""PN14-4.edf""]}, {""validation_file"": ""PN14-3.edf"", ""train_files"": [""PN14-1.edf"", ""PN14-4.edf""]}, {""validation_file"": ""PN14-4.edf"", ""train_files"": [""PN14-1.edf"", ""PN14-3.edf""]}]","[""PN14-1.edf"", ""PN14-3.edf"", ""PN14-4.edf""]",PN14,E1_RF,PN14-2.edf,nested
3,3,3,188,0,191,11755,31675,30,0,5,31640,1,1,21.390644753476611,0,3,3,13,9.5,42.5,6,72,0.37152338811630847,940,0.050000000000000003,False,False,"[{""validation_file"": ""PN14-1.edf"", ""train_files"": [""PN14-2.edf"", ""PN14-4.edf""]}, {""validation_file"": ""PN14-2.edf"", ""train_files"": [""PN14-1.edf"", ""PN14-4.edf""]}, {""validation_file"": ""PN14-4.edf"", ""train_files"": [""PN14-1.edf"", ""PN14-2.edf""]}]","[""PN14-1.edf"", ""PN14-2.edf"", ""PN14-4.edf""]",PN14,E1_RF,PN14-3.edf,nested
3,3,3,251,0,254,9140,31675,30,0,5,31640,1,1,28.558786346396968,0,3,3,13,9.5,47.5,6,82,0.2888748419721871,335,0.10000000000000001,False,False,"[{""validation_file"": ""PN14-1.edf"", ""train_files"": [""PN14-2.edf"", ""PN14-4.edf""]}, {""validation_file"": ""PN14-2.edf"", ""train_files"": [""PN14-1.edf"", ""PN14-4.edf""]}, {""validation_file"": ""PN14-4.edf"", ""train_files"": [""PN14-1.edf"", ""PN14-2.edf""]}]","[""PN14-1.edf"", ""PN14-2.edf"", ""PN14-4.edf""]",PN14,E1_RF,PN14-3.edf,nested
3,2,2,260,1,262,6380,31675,30,0,5,31640,0.66666666666666663,0.66666666666666663,29.582806573957015,1,2,2,6.5,6.25,6.75,6,7,0.20164348925410872,275,0.14999999999999999,False,False,"[{""validation_file"": ""PN14-1.edf"", ""train_files"": [""PN14-2.edf"", ""PN14-4.edf""]}, {""validation_file"": ""PN14-2.edf"", ""train_files"": [""PN14-1.edf"", ""PN14-4.edf""]}, {""validation_file"": ""PN14-4.edf"", ""train_files"": [""PN14-1.edf"", ""PN14-2.edf""]}]","[""PN14-1.edf"", ""PN14-2.edf"", ""PN14-4.edf""]",PN14,E1_RF,PN14-3.edf,nested
3,2,2,231,2,233,4305,31675,30,0,5,31640,0.66666666666666663,0.66666666666666663,26.283185840707965,1,2,2,6.5,6.25,6.75,6,7,0.13606194690265486,110,0.20000000000000001,False,False,"[{""validation_file"": ""PN14-1.edf"", ""train_files"": [""PN14-2.edf"", ""PN14-4.edf""]}, {""validation_file"": ""PN14-2.edf"", ""train_files"": [""PN14-1.edf"", ""PN14-4.edf""]}, {""validation_file"": ""PN14-4.edf"", ""train_files"": [""PN14-1.edf"", ""PN14-2.edf""]}]","[""PN14-1.edf"", ""PN14-2.edf"", ""PN14-4.edf""]",PN14,E1_RF,PN14-3.edf,nested
3,2,2,163,2,165,2605,31675,30,0,5,31640,0.66666666666666663,0.66666666666666663,18.546144121365359,1,2,2,6.5,6.25,6.75,6,7,0.082332490518331219,100,0.25,False,False,"[{""validation_file"": ""PN14-1.edf"", ""train_files"": [""PN14-2.edf"", ""PN14-4.edf""]}, {""validation_file"": ""PN14-2.edf"", ""train_files"": [""PN14-1.edf"", ""PN14-4.edf""]}, {""validation_file"": ""PN14-4.edf"", ""train_files"": [""PN14-1.edf"", ""PN14-2.edf""]}]","[""PN14-1.edf"", ""PN14-2.edf"", ""PN14-4.edf""]",PN14,E1_RF,PN14-3.edf,nested
3,2,2,114,2,116,1715,31675,30,0,5,31640,0.66666666666666663,0.66666666666666663,12.970922882427308,1,2,2,6.5,6.25,6.75,6,7,0.054203539823008851,50,0.29999999999999999,False,False,"[{""validation_file"": ""PN14-1.edf"", ""train_files"": [""PN14-2.edf"", ""PN14-4.edf""]}, {""validation_file"": ""PN14-2.edf"", ""train_files"": [""PN14-1.edf"", ""PN14-4.edf""]}, {""validation_file"": ""PN14-4.edf"", ""train_files"": [""PN14-1.edf"", ""PN14-2.edf""]}]","[""PN14-1.edf"", ""PN14-2.edf"", ""PN14-4.edf""]",PN14,E1_RF,PN14-3.edf,nested
3,2,2,81,2,83,1185,31675,30,0,5,31640,0.66666666666666663,0.66666666666666663,9.216182048040455,1,2,2,6.5,6.25,6.75,6,7,0.037452591656131476,50,0.34999999999999998,False,False,"[{""validation_file"": ""PN14-1.edf"", ""train_files"": [""PN14-2.edf"", ""PN14-4.edf""]}, {""validation_file"": ""PN14-2.edf"", ""train_files"": [""PN14-1.edf"", ""PN14-4.edf""]}, {""validation_file"": ""PN14-4.edf"", ""train_files"": [""PN14-1.edf"", ""PN14-2.edf""]}]","[""PN14-1.edf"", ""PN14-2.edf"", ""PN14-4.edf""]",PN14,E1_RF,PN14-3.edf,nested
3,2,2,60,1,62,830,31675,30,0,5,31640,0.66666666666666663,0.66666666666666663,6.826801517067004,1,2,2,6.5,6.25,6.75,6,7,0.026232616940581543,50,0.40000000000000002,False,False,"[{""validation_file"": ""PN14-1.edf"", ""train_files"": [""PN14-2.edf"", ""PN14-4.edf""]}, {""validation_file"": ""PN14-2.edf"", ""train_files"": [""PN14-1.edf"", ""PN14-4.edf""]}, {""validation_file"": ""PN14-4.edf"", ""train_files"": [""PN14-1.edf"", ""PN14-2.edf""]}]","[""PN14-1.edf"", ""PN14-2.edf"", ""PN14-4.edf""]",PN14,E1_RF,PN14-3.edf,nested
3,2,2,42,0,44,560,31675,30,0,5,31640,0.66666666666666663,0.66666666666666663,4.778761061946903,1,2,2,26.5,16.25,36.75,6,47,0.017699115044247787,50,0.45000000000000001,False,False,"[{""validation_file"": ""PN14-1.edf"", ""train_files"": [""PN14-2.edf"", ""PN14-4.edf""]}, {""validation_file"": ""PN14-2.edf"", ""train_files"": [""PN14-1.edf"", ""PN14-4.edf""]}, {""validation_file"": ""PN14-4.edf"", ""train_files"": [""PN14-1.edf"", ""PN14-2.edf""]}]","[""PN14-1.edf"", ""PN14-2.edf"", ""PN14-4.edf""]",PN14,E1_RF,PN14-3.edf,nested
3,1,1,33,0,34,415,31675,30,0,5,31640,0.33333333333333331,0.33333333333333331,3.754740834386852,2,1,1,11,11,11,11,11,0.013116308470290772,45,0.5,False,False,"[{""validation_file"": ""PN14-1.edf"", ""train_files"": [""PN14-2.edf"", ""PN14-4.edf""]}, {""validation_file"": ""PN14-2.edf"", ""train_files"": [""PN14-1.edf"", ""PN14-4.edf""]}, {""validation_file"": ""PN14-4.edf"", ""train_files"": [""PN14-1.edf"", ""PN14-2.edf""]}]","[""PN14-1.edf"", ""PN14-2.edf"", ""PN14-4.edf""]",PN14,E1_RF,PN14-3.edf,nested
3,1,1,22,0,23,280,31675,30,0,5,31640,0.33333333333333331,0.33333333333333331,2.5031605562579013,2,1,1,11,11,11,11,11,0.0088495575221238937,35,0.55000000000000004,False,False,"[{""validation_file"": ""PN14-1.edf"", ""train_files"": [""PN14-2.edf"", ""PN14-4.edf""]}, {""validation_file"": ""PN14-2.edf"", ""train_files"": [""PN14-1.edf"", ""PN14-4.edf""]}, {""validation_file"": ""PN14-4.edf"", ""train_files"": [""PN14-1.edf"", ""PN14-2.edf""]}]","[""PN14-1.edf"", ""PN14-2.edf"", ""PN14-4.edf""]",PN14,E1_RF,PN14-3.edf,nested
3,1,1,17,0,18,210,31675,30,0,5,31640,0.33333333333333331,0.33333333333333331,1.9342604298356512,2,1,1,11,11,11,11,11,0.0066371681415929203,15,0.59999999999999998,False,False,"[{""validation_file"": ""PN14-1.edf"", ""train_files"": [""PN14-2.edf"", ""PN14-4.edf""]}, {""validation_file"": ""PN14-2.edf"", ""train_files"": [""PN14-1.edf"", ""PN14-4.edf""]}, {""validation_file"": ""PN14-4.edf"", ""train_files"": [""PN14-1.edf"", ""PN14-2.edf""]}]","[""PN14-1.edf"", ""PN14-2.edf"", ""PN14-4.edf""]",PN14,E1_RF,PN14-3.edf,nested
3,1,1,10,0,11,135,31675,30,0,5,31640,0.33333333333333331,0.33333333333333331,1.1378002528445006,2,1,1,11,11,11,11,11,0.0042667509481668772,15,0.65000000000000002,False,False,"[{""validation_file"": ""PN14-1.edf"", ""train_files"": [""PN14-2.edf"", ""PN14-4.edf""]}, {""validation_file"": ""PN14-2.edf"", ""train_files"": [""PN14-1.edf"", ""PN14-4.edf""]}, {""validation_file"": ""PN14-4.edf"", ""train_files"": [""PN14-1.edf"", ""PN14-2.edf""]}]","[""PN14-1.edf"", ""PN14-2.edf"", ""PN14-4.edf""]",PN14,E1_RF,PN14-3.edf,nested
3,1,1,8,0,9,100,31675,30,0,5,31640,0.33333333333333331,0.33333333333333331,0.91024020227560054,2,1,1,11,11,11,11,11,0.0031605562579013905,15,0.69999999999999996,True,True,"[{""validation_file"": ""PN14-1.edf"", ""train_files"": [""PN14-2.edf"", ""PN14-4.edf""]}, {""validation_file"": ""PN14-2.edf"", ""train_files"": [""PN14-1.edf"", ""PN14-4.edf""]}, {""validation_file"": ""PN14-4.edf"", ""train_files"": [""PN14-1.edf"", ""PN14-2.edf""]}]","[""PN14-1.edf"", ""PN14-2.edf"", ""PN14-4.edf""]",PN14,E1_RF,PN14-3.edf,nested
3,0,0,4,0,4,45,31675,30,0,5,31640,0,0,0.45512010113780027,3,0,0,,,,,,0.0014222503160556258,15,0.75,True,False,"[{""validation_file"": ""PN14-1.edf"", ""train_files"": [""PN14-2.edf"", ""PN14-4.edf""]}, {""validation_file"": ""PN14-2.edf"", ""train_files"": [""PN14-1.edf"", ""PN14-4.edf""]}, {""validation_file"": ""PN14-4.edf"", ""train_files"": [""PN14-1.edf"", ""PN14-2.edf""]}]","[""PN14-1.edf"", ""PN14-2.edf"", ""PN14-4.edf""]",PN14,E1_RF,PN14-3.edf,nested
3,0,0,2,0,2,25,31675,30,0,5,31640,0,0,0.22756005056890014,3,0,0,,,,,,0.00079013906447534762,15,0.80000000000000004,True,False,"[{""validation_file"": ""PN14-1.edf"", ""train_files"": [""PN14-2.edf"", ""PN14-4.edf""]}, {""validation_file"": ""PN14-2.edf"", ""train_files"": [""PN14-1.edf"", ""PN14-4.edf""]}, {""validation_file"": ""PN14-4.edf"", ""train_files"": [""PN14-1.edf"", ""PN14-2.edf""]}]","[""PN14-1.edf"", ""PN14-2.edf"", ""PN14-4.edf""]",PN14,E1_RF,PN14-3.edf,nested
3,0,0,0,0,0,0,31675,30,0,5,31640,0,0,0,3,0,0,,,,,,0,0,0.84999999999999998,True,False,"[{""validation_file"": ""PN14-1.edf"", ""train_files"": [""PN14-2.edf"", ""PN14-4.edf""]}, {""validation_file"": ""PN14-2.edf"", ""train_files"": [""PN14-1.edf"", ""PN14-4.edf""]}, {""validation_file"": ""PN14-4.edf"", ""train_files"": [""PN14-1.edf"", ""PN14-2.edf""]}]","[""PN14-1.edf"", ""PN14-2.edf"", ""PN14-4.edf""]",PN14,E1_RF,PN14-3.edf,nested
3,0,0,0,0,0,0,31675,30,0,5,31640,0,0,0,3,0,0,,,,,,0,0,0.90000000000000002,True,False,"[{""validation_file"": ""PN14-1.edf"", ""train_files"": [""PN14-2.edf"", ""PN14-4.edf""]}, {""validation_file"": ""PN14-2.edf"", ""train_files"": [""PN14-1.edf"", ""PN14-4.edf""]}, {""validation_file"": ""PN14-4.edf"", ""train_files"": [""PN14-1.edf"", ""PN14-2.edf""]}]","[""PN14-1.edf"", ""PN14-2.edf"", ""PN14-4.edf""]",PN14,E1_RF,PN14-3.edf,nested
3,0,0,0,0,0,0,31675,30,0,5,31640,0,0,0,3,0,0,,,,,,0,0,0.94999999999999996,True,False,"[{""validation_file"": ""PN14-1.edf"", ""train_files"": [""PN14-2.edf"", ""PN14-4.edf""]}, {""validation_file"": ""PN14-2.edf"", ""train_files"": [""PN14-1.edf"", ""PN14-4.edf""]}, {""validation_file"": ""PN14-4.edf"", ""train_files"": [""PN14-1.edf"", ""PN14-2.edf""]}]","[""PN14-1.edf"", ""PN14-2.edf"", ""PN14-4.edf""]",PN14,E1_RF,PN14-3.edf,nested
3,0,0,0,0,0,0,31675,30,0,5,31640,0,0,0,3,0,0,,,,,,0,0,1.01,True,False,"[{""validation_file"": ""PN14-1.edf"", ""train_files"": [""PN14-2.edf"", ""PN14-4.edf""]}, {""validation_file"": ""PN14-2.edf"", ""train_files"": [""PN14-1.edf"", ""PN14-4.edf""]}, {""validation_file"": ""PN14-4.edf"", ""train_files"": [""PN14-1.edf"", ""PN14-2.edf""]}]","[""PN14-1.edf"", ""PN14-2.edf"", ""PN14-4.edf""]",PN14,E1_RF,PN14-3.edf,nested
3,2,3,335,0,337,37310,59028,30,0,0,58998,0.66666666666666663,1,20.441370893928607,1,2,2,9.5,8.75,10.25,8,11,0.63239431845147298,4300,0.050000000000000003,False,False,"[{""validation_file"": ""PN14-1.edf"", ""train_files"": [""PN14-2.edf"", ""PN14-3.edf""]}, {""validation_file"": ""PN14-2.edf"", ""train_files"": [""PN14-1.edf"", ""PN14-3.edf""]}, {""validation_file"": ""PN14-3.edf"", ""train_files"": [""PN14-1.edf"", ""PN14-2.edf""]}]","[""PN14-1.edf"", ""PN14-2.edf"", ""PN14-3.edf""]",PN14,E1_RF,PN14-4.edf,nested
3,1,2,401,0,402,33935,59028,30,0,0,58998,0.33333333333333331,0.66666666666666663,24.468626055120513,2,1,1,8,8,8,8,8,0.57518898945726971,2045,0.10000000000000001,False,False,"[{""validation_file"": ""PN14-1.edf"", ""train_files"": [""PN14-2.edf"", ""PN14-3.edf""]}, {""validation_file"": ""PN14-2.edf"", ""train_files"": [""PN14-1.edf"", ""PN14-3.edf""]}, {""validation_file"": ""PN14-3.edf"", ""train_files"": [""PN14-1.edf"", ""PN14-2.edf""]}]","[""PN14-1.edf"", ""PN14-2.edf"", ""PN14-3.edf""]",PN14,E1_RF,PN14-4.edf,nested
3,1,2,471,0,472,29205,59028,30,0,0,58998,0.33333333333333331,0.66666666666666663,28.739957286687684,2,1,1,8,8,8,8,8,0.4950167802298383,1920,0.14999999999999999,False,False,"[{""validation_file"": ""PN14-1.edf"", ""train_files"": [""PN14-2.edf"", ""PN14-3.edf""]}, {""validation_file"": ""PN14-2.edf"", ""train_files"": [""PN14-1.edf"", ""PN14-3.edf""]}, {""validation_file"": ""PN14-3.edf"", ""train_files"": [""PN14-1.edf"", ""PN14-2.edf""]}]","[""PN14-1.edf"", ""PN14-2.edf"", ""PN14-3.edf""]",PN14,E1_RF,PN14-4.edf,nested
3,1,2,503,0,504,24840,59028,30,0,0,58998,0.33333333333333331,0.66666666666666663,30.692565849689821,2,1,1,8,8,8,8,8,0.42103122139733551,1790,0.20000000000000001,False,False,"[{""validation_file"": ""PN14-1.edf"", ""train_files"": [""PN14-2.edf"", ""PN14-3.edf""]}, {""validation_file"": ""PN14-2.edf"", ""train_files"": [""PN14-1.edf"", ""PN14-3.edf""]}, {""validation_file"": ""PN14-3.edf"", ""train_files"": [""PN14-1.edf"", ""PN14-2.edf""]}]","[""PN14-1.edf"", ""PN14-2.edf"", ""PN14-3.edf""]",PN14,E1_RF,PN14-4.edf,nested
3,1,2,456,0,457,18865,59028,30,0,0,58998,0.33333333333333331,0.66666666666666663,27.824672022780433,2,1,1,8,8,8,8,8,0.31975660191870908,1740,0.25,False,False,"[{""validation_file"": ""PN14-1.edf"", ""train_files"": [""PN14-2.edf"", ""PN14-3.edf""]}, {""validation_file"": ""PN14-2.edf"", ""train_files"": [""PN14-1.edf"", ""PN14-3.edf""]}, {""validation_file"": ""PN14-3.edf"", ""train_files"": [""PN14-1.edf"", ""PN14-2.edf""]}]","[""PN14-1.edf"", ""PN14-2.edf"", ""PN14-3.edf""]",PN14,E1_RF,PN14-4.edf,nested
3,2,2,363,0,365,15385,59028,30,0,0,58998,0.66666666666666663,0.66666666666666663,22.149903386555476,1,2,2,9,8.5,9.5,8,10,0.26077155157801957,1720,0.29999999999999999,False,False,"[{""validation_file"": ""PN14-1.edf"", ""train_files"": [""PN14-2.edf"", ""PN14-3.edf""]}, {""validation_file"": ""PN14-2.edf"", ""train_files"": [""PN14-1.edf"", ""PN14-3.edf""]}, {""validation_file"": ""PN14-3.edf"", ""train_files"": [""PN14-1.edf"", ""PN14-2.edf""]}]","[""PN14-1.edf"", ""PN14-2.edf"", ""PN14-3.edf""]",PN14,E1_RF,PN14-4.edf,nested
3,2,2,313,0,315,12590,59028,30,0,0,58998,0.66666666666666663,0.66666666666666663,19.098952506864638,1,2,2,11.5,10.75,12.25,10,13,0.21339706430726466,660,0.34999999999999998,False,False,"[{""validation_file"": ""PN14-1.edf"", ""train_files"": [""PN14-2.edf"", ""PN14-3.edf""]}, {""validation_file"": ""PN14-2.edf"", ""train_files"": [""PN14-1.edf"", ""PN14-3.edf""]}, {""validation_file"": ""PN14-3.edf"", ""train_files"": [""PN14-1.edf"", ""PN14-2.edf""]}]","[""PN14-1.edf"", ""PN14-2.edf"", ""PN14-3.edf""]",PN14,E1_RF,PN14-4.edf,nested
3,2,2,332,0,334,10105,59028,30,0,0,58998,0.66666666666666663,0.66666666666666663,20.258313841147157,1,2,2,11.5,10.75,12.25,10,13,0.17127699244042172,280,0.40000000000000002,False,False,"[{""validation_file"": ""PN14-1.edf"", ""train_files"": [""PN14-2.edf"", ""PN14-3.edf""]}, {""validation_file"": ""PN14-2.edf"", ""train_files"": [""PN14-1.edf"", ""PN14-3.edf""]}, {""validation_file"": ""PN14-3.edf"", ""train_files"": [""PN14-1.edf"", ""PN14-2.edf""]}]","[""PN14-1.edf"", ""PN14-2.edf"", ""PN14-3.edf""]",PN14,E1_RF,PN14-4.edf,nested
3,2,2,322,0,324,6225,59028,30,0,0,58998,0.66666666666666663,0.66666666666666663,19.648123665208992,1,2,2,11.5,10.75,12.25,10,13,0.10551205125597478,185,0.45000000000000001,False,False,"[{""validation_file"": ""PN14-1.edf"", ""train_files"": [""PN14-2.edf"", ""PN14-3.edf""]}, {""validation_file"": ""PN14-2.edf"", ""train_files"": [""PN14-1.edf"", ""PN14-3.edf""]}, {""validation_file"": ""PN14-3.edf"", ""train_files"": [""PN14-1.edf"", ""PN14-2.edf""]}]","[""PN14-1.edf"", ""PN14-2.edf"", ""PN14-3.edf""]",PN14,E1_RF,PN14-4.edf,nested
3,2,2,225,0,227,3350,59028,30,0,0,58998,0.66666666666666663,0.66666666666666663,13.729278958608766,1,2,2,11.5,10.75,12.25,10,13,0.056781585816468354,75,0.5,False,False,"[{""validation_file"": ""PN14-1.edf"", ""train_files"": [""PN14-2.edf"", ""PN14-3.edf""]}, {""validation_file"": ""PN14-2.edf"", ""train_files"": [""PN14-1.edf"", ""PN14-3.edf""]}, {""validation_file"": ""PN14-3.edf"", ""train_files"": [""PN14-1.edf"", ""PN14-2.edf""]}]","[""PN14-1.edf"", ""PN14-2.edf"", ""PN14-3.edf""]",PN14,E1_RF,PN14-4.edf,nested
3,1,1,132,0,133,1670,59028,30,0,0,58998,0.33333333333333331,0.33333333333333331,8.054510322383809,2,1,1,13,13,13,13,13,0.028306044272687209,55,0.55000000000000004,False,False,"[{""validation_file"": ""PN14-1.edf"", ""train_files"": [""PN14-2.edf"", ""PN14-3.edf""]}, {""validation_file"": ""PN14-2.edf"", ""train_files"": [""PN14-1.edf"", ""PN14-3.edf""]}, {""validation_file"": ""PN14-3.edf"", ""train_files"": [""PN14-1.edf"", ""PN14-2.edf""]}]","[""PN14-1.edf"", ""PN14-2.edf"", ""PN14-3.edf""]",PN14,E1_RF,PN14-4.edf,nested
3,0,0,46,0,46,520,59028,30,0,0,58998,0,0,2.8068748093155702,3,0,0,,,,,,0.00881385809688464,30,0.59999999999999998,False,False,"[{""validation_file"": ""PN14-1.edf"", ""train_files"": [""PN14-2.edf"", ""PN14-3.edf""]}, {""validation_file"": ""PN14-2.edf"", ""train_files"": [""PN14-1.edf"", ""PN14-3.edf""]}, {""validation_file"": ""PN14-3.edf"", ""train_files"": [""PN14-1.edf"", ""PN14-2.edf""]}]","[""PN14-1.edf"", ""PN14-2.edf"", ""PN14-3.edf""]",PN14,E1_RF,PN14-4.edf,nested
3,0,0,16,0,16,170,59028,30,0,0,58998,0,0,0.97630428150106785,3,0,0,,,,,,0.0028814536085969016,20,0.65000000000000002,True,False,"[{""validation_file"": ""PN14-1.edf"", ""train_files"": [""PN14-2.edf"", ""PN14-3.edf""]}, {""validation_file"": ""PN14-2.edf"", ""train_files"": [""PN14-1.edf"", ""PN14-3.edf""]}, {""validation_file"": ""PN14-3.edf"", ""train_files"": [""PN14-1.edf"", ""PN14-2.edf""]}]","[""PN14-1.edf"", ""PN14-2.edf"", ""PN14-3.edf""]",PN14,E1_RF,PN14-4.edf,nested
3,0,0,11,0,11,120,59028,30,0,0,58998,0,0,0.67120919353198416,3,0,0,,,,,,0.0020339672531272247,20,0.69999999999999996,True,False,"[{""validation_file"": ""PN14-1.edf"", ""train_files"": [""PN14-2.edf"", ""PN14-3.edf""]}, {""validation_file"": ""PN14-2.edf"", ""train_files"": [""PN14-1.edf"", ""PN14-3.edf""]}, {""validation_file"": ""PN14-3.edf"", ""train_files"": [""PN14-1.edf"", ""PN14-2.edf""]}]","[""PN14-1.edf"", ""PN14-2.edf"", ""PN14-3.edf""]",PN14,E1_RF,PN14-4.edf,nested
3,0,0,6,0,6,70,59028,30,0,0,58998,0,0,0.36611410556290042,3,0,0,,,,,,0.0011864808976575476,20,0.75,True,False,"[{""validation_file"": ""PN14-1.edf"", ""train_files"": [""PN14-2.edf"", ""PN14-3.edf""]}, {""validation_file"": ""PN14-2.edf"", ""train_files"": [""PN14-1.edf"", ""PN14-3.edf""]}, {""validation_file"": ""PN14-3.edf"", ""train_files"": [""PN14-1.edf"", ""PN14-2.edf""]}]","[""PN14-1.edf"", ""PN14-2.edf"", ""PN14-3.edf""]",PN14,E1_RF,PN14-4.edf,nested
3,0,0,5,0,5,60,59028,30,0,0,58998,0,0,0.30509508796908369,3,0,0,,,,,,0.0010169836265636124,20,0.80000000000000004,True,False,"[{""validation_file"": ""PN14-1.edf"", ""train_files"": [""PN14-2.edf"", ""PN14-3.edf""]}, {""validation_file"": ""PN14-2.edf"", ""train_files"": [""PN14-1.edf"", ""PN14-3.edf""]}, {""validation_file"": ""PN14-3.edf"", ""train_files"": [""PN14-1.edf"", ""PN14-2.edf""]}]","[""PN14-1.edf"", ""PN14-2.edf"", ""PN14-3.edf""]",PN14,E1_RF,PN14-4.edf,nested
3,0,0,5,0,5,60,59028,30,0,0,58998,0,0,0.30509508796908369,3,0,0,,,,,,0.0010169836265636124,20,0.84999999999999998,True,False,"[{""validation_file"": ""PN14-1.edf"", ""train_files"": [""PN14-2.edf"", ""PN14-3.edf""]}, {""validation_file"": ""PN14-2.edf"", ""train_files"": [""PN14-1.edf"", ""PN14-3.edf""]}, {""validation_file"": ""PN14-3.edf"", ""train_files"": [""PN14-1.edf"", ""PN14-2.edf""]}]","[""PN14-1.edf"", ""PN14-2.edf"", ""PN14-3.edf""]",PN14,E1_RF,PN14-4.edf,nested
3,0,0,2,0,2,25,59028,30,0,0,58998,0,0,0.12203803518763348,3,0,0,,,,,,0.00042374317773483848,15,0.90000000000000002,True,False,"[{""validation_file"": ""PN14-1.edf"", ""train_files"": [""PN14-2.edf"", ""PN14-3.edf""]}, {""validation_file"": ""PN14-2.edf"", ""train_files"": [""PN14-1.edf"", ""PN14-3.edf""]}, {""validation_file"": ""PN14-3.edf"", ""train_files"": [""PN14-1.edf"", ""PN14-2.edf""]}]","[""PN14-1.edf"", ""PN14-2.edf"", ""PN14-3.edf""]",PN14,E1_RF,PN14-4.edf,nested
3,0,0,0,0,0,0,59028,30,0,0,58998,0,0,0,3,0,0,,,,,,0,0,0.94999999999999996,True,False,"[{""validation_file"": ""PN14-1.edf"", ""train_files"": [""PN14-2.edf"", ""PN14-3.edf""]}, {""validation_file"": ""PN14-2.edf"", ""train_files"": [""PN14-1.edf"", ""PN14-3.edf""]}, {""validation_file"": ""PN14-3.edf"", ""train_files"": [""PN14-1.edf"", ""PN14-2.edf""]}]","[""PN14-1.edf"", ""PN14-2.edf"", ""PN14-3.edf""]",PN14,E1_RF,PN14-4.edf,nested
3,0,0,0,0,0,0,59028,30,0,0,58998,0,0,0,3,0,0,,,,,,0,0,1.01,True,True,"[{""validation_file"": ""PN14-1.edf"", ""train_files"": [""PN14-2.edf"", ""PN14-3.edf""]}, {""validation_file"": ""PN14-2.edf"", ""train_files"": [""PN14-1.edf"", ""PN14-3.edf""]}, {""validation_file"": ""PN14-3.edf"", ""train_files"": [""PN14-1.edf"", ""PN14-2.edf""]}]","[""PN14-1.edf"", ""PN14-2.edf"", ""PN14-3.edf""]",PN14,E1_RF,PN14-4.edf,nested
