patient,file_name,row_index,anchor_s,label,model,probability
PN00,PN00-1.edf,0,60.0,0,EEG_only,0.021360823925529807
PN00,PN00-1.edf,1,65.0,0,EEG_only,0.0
PN00,PN00-1.edf,2,70.0,0,EEG_only,0.014659932659932661
PN00,PN00-1.edf,3,75.0,0,EEG_only,0.029973785038490918
PN00,PN00-1.edf,4,80.0,0,EEG_only,0.03723899667870256
PN00,PN00-1.edf,5,85.0,0,EEG_only,0.39080742361984533
PN00,PN00-1.edf,6,90.0,0,EEG_only,0.04314399523764849
PN00,PN00-1.edf,7,95.0,0,EEG_only,0.10759534651794714
PN00,PN00-1.edf,8,100.0,0,EEG_only,0.17017389915725828
PN00,PN00-1.edf,9,105.0,0,EEG_only,0.012962962962962963
PN00,PN00-1.edf,10,110.0,0,EEG_only,0.06683014578014579
PN00,PN00-1.edf,11,115.0,0,EEG_only,0.0
PN00,PN00-1.edf,12,120.0,0,EEG_only,0.002666666666666667
PN00,PN00-1.edf,13,125.0,0,EEG_only,0.008888888888888889
PN00,PN00-1.edf,14,130.0,0,EEG_only,0.006666666666666667
PN00,PN00-1.edf,15,135.0,0,EEG_only,0.006333333333333333
PN00,PN00-1.edf,16,140.0,0,EEG_only,0.052887169312169316
PN00,PN00-1.edf,17,145.0,0,EEG_only,0.0
PN00,PN00-1.edf,18,150.0,0,EEG_only,0.019523809523809527
PN00,PN00-1.edf,19,155.0,0,EEG_only,0.0
PN00,PN00-1.edf,20,160.0,0,EEG_only,0.0
PN00,PN00-1.edf,21,165.0,0,EEG_only,0.0033333333333333335
PN00,PN00-1.edf,22,170.0,0,EEG_only,0.012166666666666666
PN00,PN00-1.edf,23,175.0,0,EEG_only,0.07376897546897547
PN00,PN00-1.edf,24,180.0,0,EEG_only,0.0
PN00,PN00-1.edf,25,185.0,0,EEG_only,0.0
PN00,PN00-1.edf,26,190.0,0,EEG_only,0.05240040962621608
PN00,PN00-1.edf,27,195.0,0,EEG_only,0.10899237677527152
PN00,PN00-1.edf,28,200.0,0,EEG_only,0.0
PN00,PN00-1.edf,29,205.0,0,EEG_only,0.002857142857142857
PN00,PN00-1.edf,30,210.0,0,EEG_only,0.0033333333333333335
PN00,PN00-1.edf,31,215.0,0,EEG_only,0.0033333333333333335
PN00,PN00-1.edf,32,220.0,0,EEG_only,0.0
PN00,PN00-1.edf,33,225.0,0,EEG_only,0.0
PN00,PN00-1.edf,34,230.0,0,EEG_only,0.0
PN00,PN00-1.edf,35,235.0,0,EEG_only,0.005523809523809524
PN00,PN00-1.edf,36,240.0,0,EEG_only,0.09787462863933451
PN00,PN00-1.edf,37,245.0,0,EEG_only,0.0948365985865986
PN00,PN00-1.edf,38,250.0,0,EEG_only,0.12245797405209169
PN00,PN00-1.edf,39,255.0,0,EEG_only,0.0
PN00,PN00-1.edf,40,260.0,0,EEG_only,0.002916666666666667
PN00,PN00-1.edf,41,265.0,0,EEG_only,0.0
PN00,PN00-1.edf,42,270.0,0,EEG_only,0.0687125789383854
PN00,PN00-1.edf,43,275.0,0,EEG_only,0.046137254901960786
PN00,PN00-1.edf,44,280.0,0,EEG_only,0.0
PN00,PN00-1.edf,45,285.0,0,EEG_only,0.0
PN00,PN00-1.edf,46,290.0,0,EEG_only,0.0
PN00,PN00-1.edf,47,295.0,0,EEG_only,0.0
PN00,PN00-1.edf,48,300.0,0,EEG_only,0.0
PN00,PN00-1.edf,49,305.0,0,EEG_only,0.0
PN00,PN00-1.edf,50,310.0,0,EEG_only,0.0
PN00,PN00-1.edf,51,315.0,0,EEG_only,0.0
PN00,PN00-1.edf,52,320.0,0,EEG_only,0.0
PN00,PN00-1.edf,53,325.0,0,EEG_only,0.0
PN00,PN00-1.edf,54,330.0,0,EEG_only,0.0
PN00,PN00-1.edf,55,335.0,0,EEG_only,0.014682946682946684
PN00,PN00-1.edf,56,340.0,0,EEG_only,0.002916666666666667
PN00,PN00-1.edf,57,345.0,0,EEG_only,0.012249999999999999
PN00,PN00-1.edf,58,350.0,0,EEG_only,0.036638827546722284
PN00,PN00-1.edf,59,355.0,0,EEG_only,0.022208994708994706
PN00,PN00-1.edf,60,360.0,0,EEG_only,0.0
PN00,PN00-1.edf,61,365.0,0,EEG_only,0.0
PN00,PN00-1.edf,62,370.0,0,EEG_only,0.0
PN00,PN00-1.edf,63,375.0,0,EEG_only,0.0
PN00,PN00-1.edf,64,380.0,0,EEG_only,0.0
PN00,PN00-1.edf,65,385.0,0,EEG_only,0.0
PN00,PN00-1.edf,66,390.0,0,EEG_only,0.0
PN00,PN00-1.edf,67,395.0,0,EEG_only,0.0
PN00,PN00-1.edf,68,400.0,0,EEG_only,0.0
PN00,PN00-1.edf,69,405.0,0,EEG_only,0.0
PN00,PN00-1.edf,70,410.0,0,EEG_only,0.003
PN00,PN00-1.edf,71,415.0,0,EEG_only,0.0
PN00,PN00-1.edf,72,420.0,0,EEG_only,0.0
PN00,PN00-1.edf,73,425.0,0,EEG_only,0.006333333333333333
PN00,PN00-1.edf,74,430.0,0,EEG_only,0.0
PN00,PN00-1.edf,75,435.0,0,EEG_only,0.0
PN00,PN00-1.edf,76,440.0,0,EEG_only,0.06649315782256959
PN00,PN00-1.edf,77,445.0,0,EEG_only,0.0494611005552182
PN00,PN00-1.edf,78,450.0,0,EEG_only,0.0025925925925925925
PN00,PN00-1.edf,79,455.0,0,EEG_only,0.0
PN00,PN00-1.edf,80,460.0,0,EEG_only,0.0
PN00,PN00-1.edf,81,465.0,0,EEG_only,0.0
PN00,PN00-1.edf,82,470.0,0,EEG_only,0.0
PN00,PN00-1.edf,83,475.0,0,EEG_only,0.0
PN00,PN00-1.edf,84,480.0,0,EEG_only,0.0
PN00,PN00-1.edf,85,485.0,0,EEG_only,0.0
PN00,PN00-1.edf,86,490.0,0,EEG_only,0.0
PN00,PN00-1.edf,87,495.0,0,EEG_only,0.0060606060606060615
PN00,PN00-1.edf,88,500.0,0,EEG_only,0.0022222222222222222
PN00,PN00-1.edf,89,505.0,0,EEG_only,0.0
PN00,PN00-1.edf,90,510.0,0,EEG_only,0.0
PN00,PN00-1.edf,91,515.0,0,EEG_only,0.0
PN00,PN00-1.edf,92,520.0,0,EEG_only,0.0
PN00,PN00-1.edf,93,525.0,0,EEG_only,0.0
PN00,PN00-1.edf,94,530.0,0,EEG_only,0.0
PN00,PN00-1.edf,95,535.0,0,EEG_only,0.0
PN00,PN00-1.edf,96,540.0,0,EEG_only,0.0
PN00,PN00-1.edf,97,545.0,0,EEG_only,0.0
PN00,PN00-1.edf,98,550.0,0,EEG_only,0.007893939393939394
PN00,PN00-1.edf,99,555.0,0,EEG_only,0.0
PN00,PN00-1.edf,100,560.0,0,EEG_only,0.0
PN00,PN00-1.edf,101,565.0,0,EEG_only,0.0
PN00,PN00-1.edf,102,570.0,0,EEG_only,0.0
PN00,PN00-1.edf,103,575.0,0,EEG_only,0.0
PN00,PN00-1.edf,104,580.0,0,EEG_only,0.02357977207977208
PN00,PN00-1.edf,105,585.0,0,EEG_only,0.2601478168517642
PN00,PN00-1.edf,106,590.0,0,EEG_only,0.32562734487734485
PN00,PN00-1.edf,107,595.0,0,EEG_only,0.015722222222222224
PN00,PN00-1.edf,108,600.0,0,EEG_only,0.0
PN00,PN00-1.edf,109,605.0,0,EEG_only,0.0
PN00,PN00-1.edf,110,610.0,0,EEG_only,0.003125
PN00,PN00-1.edf,111,615.0,0,EEG_only,0.0
PN00,PN00-1.edf,112,620.0,0,EEG_only,0.0
PN00,PN00-1.edf,113,625.0,0,EEG_only,0.0
PN00,PN00-1.edf,114,630.0,0,EEG_only,0.0
PN00,PN00-1.edf,115,635.0,0,EEG_only,0.0
PN00,PN00-1.edf,116,640.0,0,EEG_only,0.0
PN00,PN00-1.edf,117,645.0,0,EEG_only,0.0033333333333333335
PN00,PN00-1.edf,118,650.0,0,EEG_only,0.0
PN00,PN00-1.edf,119,655.0,0,EEG_only,0.0
PN00,PN00-1.edf,120,660.0,0,EEG_only,0.0
PN00,PN00-1.edf,121,665.0,0,EEG_only,0.005501165501165501
PN00,PN00-1.edf,122,670.0,0,EEG_only,0.018684149184149186
PN00,PN00-1.edf,123,675.0,0,EEG_only,0.0
PN00,PN00-1.edf,124,680.0,0,EEG_only,0.0
PN00,PN00-1.edf,125,685.0,0,EEG_only,0.0
PN00,PN00-1.edf,126,690.0,0,EEG_only,0.0
PN00,PN00-1.edf,127,695.0,0,EEG_only,0.0
PN00,PN00-1.edf,128,700.0,0,EEG_only,0.0
PN00,PN00-1.edf,129,705.0,0,EEG_only,0.0
PN00,PN00-1.edf,130,710.0,0,EEG_only,0.0
PN00,PN00-1.edf,131,715.0,0,EEG_only,0.08450593659214349
PN00,PN00-1.edf,132,720.0,0,EEG_only,0.2002357952411197
PN00,PN00-1.edf,133,725.0,0,EEG_only,0.0
PN00,PN00-1.edf,134,730.0,0,EEG_only,0.0
PN00,PN00-1.edf,135,735.0,0,EEG_only,0.0
PN00,PN00-1.edf,136,740.0,0,EEG_only,0.0
PN00,PN00-1.edf,137,745.0,0,EEG_only,0.0
PN00,PN00-1.edf,138,750.0,0,EEG_only,0.0
PN00,PN00-1.edf,139,755.0,0,EEG_only,0.0
PN00,PN00-1.edf,140,760.0,0,EEG_only,0.0
PN00,PN00-1.edf,141,765.0,0,EEG_only,0.0
PN00,PN00-1.edf,142,770.0,0,EEG_only,0.0
PN00,PN00-1.edf,143,775.0,0,EEG_only,0.0
PN00,PN00-1.edf,144,780.0,0,EEG_only,0.0
PN00,PN00-1.edf,145,785.0,0,EEG_only,0.0
PN00,PN00-1.edf,146,790.0,0,EEG_only,0.0
PN00,PN00-1.edf,147,795.0,0,EEG_only,0.0
PN00,PN00-1.edf,148,800.0,0,EEG_only,0.08539216104307383
PN00,PN00-1.edf,149,805.0,0,EEG_only,0.0
PN00,PN00-1.edf,150,810.0,0,EEG_only,0.0
PN00,PN00-1.edf,151,815.0,0,EEG_only,0.0
PN00,PN00-1.edf,152,820.0,0,EEG_only,0.0
PN00,PN00-1.edf,153,825.0,0,EEG_only,0.0
PN00,PN00-1.edf,154,830.0,0,EEG_only,0.0
PN00,PN00-1.edf,155,835.0,0,EEG_only,0.0
PN00,PN00-1.edf,156,840.0,0,EEG_only,0.003137254901960784
PN00,PN00-1.edf,157,1145.0,1,EEG_only,0.01989247311827957
PN00,PN00-1.edf,158,1150.0,1,EEG_only,0.0
PN00,PN00-1.edf,159,1155.0,1,EEG_only,0.2640770253138674
PN00,PN00-1.edf,160,1160.0,1,EEG_only,0.5350179321255799
PN00,PN00-1.edf,161,1165.0,1,EEG_only,0.8779014966514965
PN00,PN00-1.edf,162,1170.0,1,EEG_only,0.8963557754644711
PN00,PN00-1.edf,163,1175.0,1,EEG_only,0.8916983359777475
PN00,PN00-1.edf,164,1180.0,1,EEG_only,0.996
PN00,PN00-1.edf,165,1185.0,1,EEG_only,0.9933333333333333
PN00,PN00-1.edf,166,1190.0,1,EEG_only,1.0
PN00,PN00-1.edf,167,1195.0,1,EEG_only,0.9862051467051468
PN00,PN00-1.edf,168,1200.0,1,EEG_only,0.9996666666666666
PN00,PN00-1.edf,169,1205.0,1,EEG_only,0.9016591804881279
PN00,PN00-1.edf,170,1210.0,1,EEG_only,0.9727746373996374
PN00,PN00-1.edf,171,1515.0,0,EEG_only,0.0
PN00,PN00-1.edf,172,1520.0,0,EEG_only,0.0
PN00,PN00-1.edf,173,1525.0,0,EEG_only,0.0033333333333333335
PN00,PN00-1.edf,174,1530.0,0,EEG_only,0.0033333333333333335
PN00,PN00-1.edf,175,1535.0,0,EEG_only,0.0
PN00,PN00-1.edf,176,1540.0,0,EEG_only,0.002962962962962963
PN00,PN00-1.edf,177,1545.0,0,EEG_only,0.0
PN00,PN00-1.edf,178,1550.0,0,EEG_only,0.0
PN00,PN00-1.edf,179,1555.0,0,EEG_only,0.0
PN00,PN00-1.edf,180,1560.0,0,EEG_only,0.0
PN00,PN00-1.edf,181,1565.0,0,EEG_only,0.0
PN00,PN00-1.edf,182,1570.0,0,EEG_only,0.0
PN00,PN00-1.edf,183,1575.0,0,EEG_only,0.0
PN00,PN00-1.edf,184,1580.0,0,EEG_only,0.0
PN00,PN00-1.edf,185,1585.0,0,EEG_only,0.12571414929447383
PN00,PN00-1.edf,186,1590.0,0,EEG_only,0.30604610610598726
PN00,PN00-1.edf,187,1595.0,0,EEG_only,0.05098082692448017
PN00,PN00-1.edf,188,1600.0,0,EEG_only,0.0
PN00,PN00-1.edf,189,1605.0,0,EEG_only,0.0
PN00,PN00-1.edf,190,1610.0,0,EEG_only,0.009373366013071895
PN00,PN00-1.edf,191,1615.0,0,EEG_only,0.018184149184149182
PN00,PN00-1.edf,192,1620.0,0,EEG_only,0.06525583198163844
PN00,PN00-1.edf,193,1625.0,0,EEG_only,0.0
PN00,PN00-1.edf,194,1630.0,0,EEG_only,0.0
PN00,PN00-1.edf,195,1635.0,0,EEG_only,0.0033333333333333335
PN00,PN00-1.edf,196,1640.0,0,EEG_only,0.012403846153846154
PN00,PN00-1.edf,197,1645.0,0,EEG_only,0.0
PN00,PN00-1.edf,198,1650.0,0,EEG_only,0.0
PN00,PN00-1.edf,199,1655.0,0,EEG_only,0.0
PN00,PN00-1.edf,200,1660.0,0,EEG_only,0.0022222222222222222
PN00,PN00-1.edf,201,1665.0,0,EEG_only,0.12443338484127957
PN00,PN00-1.edf,202,1670.0,0,EEG_only,0.0931110744547277
PN00,PN00-1.edf,203,1675.0,0,EEG_only,0.04382972617337942
PN00,PN00-1.edf,204,1680.0,0,EEG_only,0.11103148104618692
PN00,PN00-1.edf,205,1685.0,0,EEG_only,0.011733333333333332
PN00,PN00-1.edf,206,1690.0,0,EEG_only,0.0
PN00,PN00-1.edf,207,1695.0,0,EEG_only,0.0
PN00,PN00-1.edf,208,1700.0,0,EEG_only,0.0
PN00,PN00-1.edf,209,1705.0,0,EEG_only,0.0
PN00,PN00-1.edf,210,1710.0,0,EEG_only,0.0
PN00,PN00-1.edf,211,1715.0,0,EEG_only,0.0
PN00,PN00-1.edf,212,1720.0,0,EEG_only,0.0
PN00,PN00-1.edf,213,1725.0,0,EEG_only,0.003076923076923077
PN00,PN00-1.edf,214,1730.0,0,EEG_only,0.021739718614718614
PN00,PN00-1.edf,215,1735.0,0,EEG_only,0.08776032008926747
PN00,PN00-1.edf,216,1740.0,0,EEG_only,0.002777777777777778
PN00,PN00-1.edf,217,1745.0,0,EEG_only,0.006458333333333333
PN00,PN00-1.edf,218,1750.0,0,EEG_only,0.0
PN00,PN00-1.edf,219,1755.0,0,EEG_only,0.0
PN00,PN00-1.edf,220,1760.0,0,EEG_only,0.14220551997022582
PN00,PN00-1.edf,221,1765.0,0,EEG_only,0.11004081308841367
PN00,PN00-1.edf,222,1770.0,0,EEG_only,0.03870355896826485
PN00,PN00-1.edf,223,1775.0,0,EEG_only,0.0060416666666666665
PN00,PN00-1.edf,224,1780.0,0,EEG_only,0.0060606060606060615
PN00,PN00-1.edf,225,1785.0,0,EEG_only,0.006153846153846154
PN00,PN00-1.edf,226,1790.0,0,EEG_only,0.006
PN00,PN00-1.edf,227,1795.0,0,EEG_only,0.002916666666666667
PN00,PN00-1.edf,228,1800.0,0,EEG_only,0.0
PN00,PN00-1.edf,229,1805.0,0,EEG_only,0.0
PN00,PN00-1.edf,230,1810.0,0,EEG_only,0.0
PN00,PN00-1.edf,231,1815.0,0,EEG_only,0.0
PN00,PN00-1.edf,232,1820.0,0,EEG_only,0.0
PN00,PN00-1.edf,233,1825.0,0,EEG_only,0.0
PN00,PN00-1.edf,234,1830.0,0,EEG_only,0.0
PN00,PN00-1.edf,235,1835.0,0,EEG_only,0.0
PN00,PN00-1.edf,236,1840.0,0,EEG_only,0.0
PN00,PN00-1.edf,237,1845.0,0,EEG_only,0.0
PN00,PN00-1.edf,238,1850.0,0,EEG_only,0.0
PN00,PN00-1.edf,239,1855.0,0,EEG_only,0.0
PN00,PN00-1.edf,240,1860.0,0,EEG_only,0.0
PN00,PN00-1.edf,241,1865.0,0,EEG_only,0.009166666666666667
PN00,PN00-1.edf,242,1870.0,0,EEG_only,0.14420092343078353
PN00,PN00-1.edf,243,1875.0,0,EEG_only,0.13886773428001495
PN00,PN00-1.edf,244,1880.0,0,EEG_only,0.0033333333333333335
PN00,PN00-1.edf,245,1885.0,0,EEG_only,0.0
PN00,PN00-1.edf,246,1890.0,0,EEG_only,0.0060606060606060615
PN00,PN00-1.edf,247,1895.0,0,EEG_only,0.0
PN00,PN00-1.edf,248,1900.0,0,EEG_only,0.0
PN00,PN00-1.edf,249,1905.0,0,EEG_only,0.0
PN00,PN00-1.edf,250,1910.0,0,EEG_only,0.009487179487179488
PN00,PN00-1.edf,251,1915.0,0,EEG_only,0.0233482905982906
PN00,PN00-1.edf,252,1920.0,0,EEG_only,0.04067171717171717
PN00,PN00-1.edf,253,1925.0,0,EEG_only,0.0
PN00,PN00-1.edf,254,1930.0,0,EEG_only,0.0033333333333333335
PN00,PN00-1.edf,255,1935.0,0,EEG_only,0.0
PN00,PN00-1.edf,256,1940.0,0,EEG_only,0.029056446821152708
PN00,PN00-1.edf,257,1945.0,0,EEG_only,0.0
PN00,PN00-1.edf,258,1950.0,0,EEG_only,0.0
PN00,PN00-1.edf,259,1955.0,0,EEG_only,0.0
PN00,PN00-1.edf,260,1960.0,0,EEG_only,0.0
PN00,PN00-1.edf,261,1965.0,0,EEG_only,0.0
PN00,PN00-1.edf,262,1970.0,0,EEG_only,0.0
PN00,PN00-1.edf,263,1975.0,0,EEG_only,0.0
PN00,PN00-1.edf,264,1980.0,0,EEG_only,0.0
PN00,PN00-1.edf,265,1985.0,0,EEG_only,0.003137254901960784
PN00,PN00-1.edf,266,1990.0,0,EEG_only,0.0
PN00,PN00-1.edf,267,1995.0,0,EEG_only,0.0
PN00,PN00-1.edf,268,2000.0,0,EEG_only,0.012583333333333334
PN00,PN00-1.edf,269,2005.0,0,EEG_only,0.053634800384800375
PN00,PN00-1.edf,270,2010.0,0,EEG_only,0.016055555555555556
PN00,PN00-1.edf,271,2015.0,0,EEG_only,0.026715127465127466
PN00,PN00-1.edf,272,2020.0,0,EEG_only,0.009010270774976658
PN00,PN00-1.edf,273,2025.0,0,EEG_only,0.07090633275393338
PN00,PN00-1.edf,274,2030.0,0,EEG_only,0.05375914918414919
PN00,PN00-1.edf,275,2035.0,0,EEG_only,0.008833333333333334
PN00,PN00-1.edf,276,2040.0,0,EEG_only,0.06413323713323714
PN00,PN00-1.edf,277,2045.0,0,EEG_only,0.008962962962962964
PN00,PN00-1.edf,278,2050.0,0,EEG_only,0.056558327637275
PN00,PN00-1.edf,279,2055.0,0,EEG_only,0.12828488597459184
PN00,PN00-1.edf,280,2060.0,0,EEG_only,0.033562002376708255
PN00,PN00-1.edf,281,2065.0,0,EEG_only,0.04913866046807223
PN00,PN00-1.edf,282,2070.0,0,EEG_only,0.008472222222222221
PN00,PN00-1.edf,283,2075.0,0,EEG_only,0.005916666666666666
PN00,PN00-1.edf,284,2080.0,0,EEG_only,0.005629629629629629
PN00,PN00-1.edf,285,2085.0,0,EEG_only,0.009098484848484849
PN00,PN00-1.edf,286,2090.0,0,EEG_only,0.003181818181818182
PN00,PN00-1.edf,287,2095.0,0,EEG_only,0.0
PN00,PN00-1.edf,288,2100.0,0,EEG_only,0.0
PN00,PN00-1.edf,289,2105.0,0,EEG_only,0.0
PN00,PN00-1.edf,290,2110.0,0,EEG_only,0.0
PN00,PN00-1.edf,291,2115.0,0,EEG_only,0.003076923076923077
PN00,PN00-1.edf,292,2120.0,0,EEG_only,0.003181818181818182
PN00,PN00-1.edf,293,2125.0,0,EEG_only,0.0
PN00,PN00-1.edf,294,2130.0,0,EEG_only,0.0
PN00,PN00-1.edf,295,2135.0,0,EEG_only,0.0
PN00,PN00-1.edf,296,2140.0,0,EEG_only,0.0
PN00,PN00-1.edf,297,2145.0,0,EEG_only,0.050532828282828283
PN00,PN00-1.edf,298,2150.0,0,EEG_only,0.1046534018612966
PN00,PN00-1.edf,299,2155.0,0,EEG_only,0.03648653198653199
PN00,PN00-1.edf,300,2160.0,0,EEG_only,0.011696969696969695
PN00,PN00-1.edf,301,2165.0,0,EEG_only,0.04871287407123321
PN00,PN00-1.edf,302,2170.0,0,EEG_only,0.006363636363636364
PN00,PN00-1.edf,303,2175.0,0,EEG_only,0.0
PN00,PN00-1.edf,304,2180.0,0,EEG_only,0.0
PN00,PN00-1.edf,305,2185.0,0,EEG_only,0.0
PN00,PN00-1.edf,306,2190.0,0,EEG_only,0.0
PN00,PN00-1.edf,307,2195.0,0,EEG_only,0.0
PN00,PN00-1.edf,308,2200.0,0,EEG_only,0.0
PN00,PN00-1.edf,309,2205.0,0,EEG_only,0.0
PN00,PN00-1.edf,310,2210.0,0,EEG_only,0.0
PN00,PN00-1.edf,311,2215.0,0,EEG_only,0.0030666666666666668
PN00,PN00-1.edf,312,2220.0,0,EEG_only,0.006
PN00,PN00-1.edf,313,2225.0,0,EEG_only,0.044122960372960374
PN00,PN00-1.edf,314,2230.0,0,EEG_only,0.0
PN00,PN00-1.edf,315,2235.0,0,EEG_only,0.002916666666666667
PN00,PN00-1.edf,316,2240.0,0,EEG_only,0.0
PN00,PN00-1.edf,317,2245.0,0,EEG_only,0.0
PN00,PN00-1.edf,318,2250.0,0,EEG_only,0.0
PN00,PN00-1.edf,319,2255.0,0,EEG_only,0.0
PN00,PN00-1.edf,320,2260.0,0,EEG_only,0.0
PN00,PN00-1.edf,321,2265.0,0,EEG_only,0.002857142857142857
PN00,PN00-1.edf,322,2270.0,0,EEG_only,0.0
PN00,PN00-1.edf,323,2275.0,0,EEG_only,0.0
PN00,PN00-1.edf,324,2280.0,0,EEG_only,0.005782828282828283
PN00,PN00-1.edf,325,2285.0,0,EEG_only,0.0027272727272727275
PN00,PN00-1.edf,326,2290.0,0,EEG_only,0.0
PN00,PN00-1.edf,327,2295.0,0,EEG_only,0.0
PN00,PN00-1.edf,328,2300.0,0,EEG_only,0.0
PN00,PN00-1.edf,329,2305.0,0,EEG_only,0.0
PN00,PN00-1.edf,330,2310.0,0,EEG_only,0.002962962962962963
PN00,PN00-1.edf,331,2315.0,0,EEG_only,0.0
PN00,PN00-1.edf,332,2320.0,0,EEG_only,0.0
PN00,PN00-1.edf,333,2325.0,0,EEG_only,0.0
PN00,PN00-1.edf,334,2330.0,0,EEG_only,0.0
PN00,PN00-1.edf,335,2335.0,0,EEG_only,0.0
PN00,PN00-1.edf,336,2340.0,0,EEG_only,0.0
PN00,PN00-1.edf,337,2345.0,0,EEG_only,0.0
PN00,PN00-1.edf,338,2350.0,0,EEG_only,0.08787627470568647
PN00,PN00-1.edf,339,2355.0,0,EEG_only,0.0261002886002886
PN00,PN00-1.edf,340,2360.0,0,EEG_only,0.002666666666666667
PN00,PN00-1.edf,341,2365.0,0,EEG_only,0.0027272727272727275
PN00,PN00-1.edf,342,2370.0,0,EEG_only,0.002857142857142857
PN00,PN00-1.edf,343,2375.0,0,EEG_only,0.0
PN00,PN00-1.edf,344,2380.0,0,EEG_only,0.1682289192289192
PN00,PN00-1.edf,345,2385.0,0,EEG_only,0.2994816797821797
PN00,PN00-1.edf,346,2390.0,0,EEG_only,0.19746206823999335
PN00,PN00-1.edf,347,2395.0,0,EEG_only,0.03770995670995672
PN00,PN00-1.edf,348,2400.0,0,EEG_only,0.02925
PN00,PN00-1.edf,349,2405.0,0,EEG_only,0.0
PN00,PN00-1.edf,350,2410.0,0,EEG_only,0.0
PN00,PN00-1.edf,351,2415.0,0,EEG_only,0.0
PN00,PN00-1.edf,352,2420.0,0,EEG_only,0.0
PN00,PN00-1.edf,353,2425.0,0,EEG_only,0.0
PN00,PN00-1.edf,354,2430.0,0,EEG_only,0.0
PN00,PN00-1.edf,355,2435.0,0,EEG_only,0.0
PN00,PN00-1.edf,356,2440.0,0,EEG_only,0.0
PN00,PN00-1.edf,357,2445.0,0,EEG_only,0.0
PN00,PN00-1.edf,358,2450.0,0,EEG_only,0.0
PN00,PN00-1.edf,359,2455.0,0,EEG_only,0.0
PN00,PN00-1.edf,360,2460.0,0,EEG_only,0.0
PN00,PN00-1.edf,361,2465.0,0,EEG_only,0.0
PN00,PN00-1.edf,362,2470.0,0,EEG_only,0.0
PN00,PN00-1.edf,363,2475.0,0,EEG_only,0.0
PN00,PN00-1.edf,364,2480.0,0,EEG_only,0.0
PN00,PN00-1.edf,365,2485.0,0,EEG_only,0.0
PN00,PN00-1.edf,366,2490.0,0,EEG_only,0.0
PN00,PN00-1.edf,367,2495.0,0,EEG_only,0.17599170142934437
PN00,PN00-1.edf,368,2500.0,0,EEG_only,0.06652266286631611
PN00,PN00-1.edf,369,2505.0,0,EEG_only,0.0
PN00,PN00-1.edf,370,2510.0,0,EEG_only,0.05123288704759293
PN00,PN00-1.edf,371,2515.0,0,EEG_only,0.27102904133974937
PN00,PN00-1.edf,372,2520.0,0,EEG_only,0.17045418803592288
PN00,PN00-1.edf,373,2525.0,0,EEG_only,0.2310768865190273
PN00,PN00-1.edf,374,2530.0,0,EEG_only,0.08993250268250269
PN00,PN00-1.edf,375,2535.0,0,EEG_only,0.01586106442577031
PN00,PN00-1.edf,376,2540.0,0,EEG_only,0.0435986177565125
PN00,PN00-1.edf,377,2545.0,0,EEG_only,0.04839335080124554
PN00,PN00-1.edf,378,2550.0,0,EEG_only,0.006296296296296296
PN00,PN00-1.edf,379,2555.0,0,EEG_only,0.0
PN00,PN00-1.edf,380,2560.0,0,EEG_only,0.0
PN00,PN00-1.edf,381,2565.0,0,EEG_only,0.0
PN00,PN00-1.edf,382,2570.0,0,EEG_only,0.012202380952380954
PN00,PN00-1.edf,383,2575.0,0,EEG_only,0.02808441558441558
PN00,PN00-1.edf,384,2580.0,0,EEG_only,0.0033333333333333335
PN00,PN00-1.edf,385,2585.0,0,EEG_only,0.0
PN00,PN00-1.edf,386,2590.0,0,EEG_only,0.0
PN00,PN00-1.edf,387,2595.0,0,EEG_only,0.0
PN00,PN00-1.edf,388,2600.0,0,EEG_only,0.0
PN00,PN00-1.edf,389,2605.0,0,EEG_only,0.0
PN00,PN00-1.edf,390,2610.0,0,EEG_only,0.0
PN00,PN00-1.edf,391,2615.0,0,EEG_only,0.0
PN00,PN00-1.edf,392,2620.0,0,EEG_only,0.0
PN00,PN00-1.edf,393,2625.0,0,EEG_only,0.0
PN00,PN00-1.edf,0,60.0,0,ECG_only,0.0
PN00,PN00-1.edf,1,65.0,0,ECG_only,0.0
PN00,PN00-1.edf,2,70.0,0,ECG_only,0.002777777777777778
PN00,PN00-1.edf,3,75.0,0,ECG_only,0.002777777777777778
PN00,PN00-1.edf,4,80.0,0,ECG_only,0.002777777777777778
PN00,PN00-1.edf,5,85.0,0,ECG_only,0.0
PN00,PN00-1.edf,6,90.0,0,ECG_only,0.07292916377281702
PN00,PN00-1.edf,7,95.0,0,ECG_only,0.08676552069996679
PN00,PN00-1.edf,8,100.0,0,ECG_only,0.1123997843831435
PN00,PN00-1.edf,9,105.0,0,ECG_only,0.1294715673759791
PN00,PN00-1.edf,10,110.0,0,ECG_only,0.043532634032634035
PN00,PN00-1.edf,11,115.0,0,ECG_only,0.018735545500251385
PN00,PN00-1.edf,12,120.0,0,ECG_only,0.0856548670627618
PN00,PN00-1.edf,13,125.0,0,ECG_only,0.06320176460965936
PN00,PN00-1.edf,14,130.0,0,ECG_only,0.06931287572077047
PN00,PN00-1.edf,15,135.0,0,ECG_only,0.09147253088042563
PN00,PN00-1.edf,16,140.0,0,ECG_only,0.22895029021608304
PN00,PN00-1.edf,17,145.0,0,ECG_only,0.0609438155108445
PN00,PN00-1.edf,18,150.0,0,ECG_only,0.17452805854276437
PN00,PN00-1.edf,19,155.0,0,ECG_only,0.04763845740316328
PN00,PN00-1.edf,20,160.0,0,ECG_only,0.10561143986143985
PN00,PN00-1.edf,21,165.0,0,ECG_only,0.05292589771893574
PN00,PN00-1.edf,22,170.0,0,ECG_only,0.051125522625522626
PN00,PN00-1.edf,23,175.0,0,ECG_only,0.12218814382784972
PN00,PN00-1.edf,24,180.0,0,ECG_only,0.07421283210253798
PN00,PN00-1.edf,25,185.0,0,ECG_only,0.01816774891774892
PN00,PN00-1.edf,26,190.0,0,ECG_only,0.023714816229522116
PN00,PN00-1.edf,27,195.0,0,ECG_only,0.06010343278725631
PN00,PN00-1.edf,28,200.0,0,ECG_only,0.02783800186741363
PN00,PN00-1.edf,29,205.0,0,ECG_only,0.025555555555555557
PN00,PN00-1.edf,30,210.0,0,ECG_only,0.074153626602156
PN00,PN00-1.edf,31,215.0,0,ECG_only,0.07006562473474238
PN00,PN00-1.edf,32,220.0,0,ECG_only,0.021593567251461988
PN00,PN00-1.edf,33,225.0,0,ECG_only,0.025317460317460315
PN00,PN00-1.edf,34,230.0,0,ECG_only,0.025317460317460315
PN00,PN00-1.edf,35,235.0,0,ECG_only,0.09307607506872212
PN00,PN00-1.edf,36,240.0,0,ECG_only,0.03774336774336774
PN00,PN00-1.edf,37,245.0,0,ECG_only,0.07093782715106245
PN00,PN00-1.edf,38,250.0,0,ECG_only,0.04593864060775825
PN00,PN00-1.edf,39,255.0,0,ECG_only,0.07052116048439579
PN00,PN00-1.edf,40,260.0,0,ECG_only,0.06590042936366465
PN00,PN00-1.edf,41,265.0,0,ECG_only,0.041534030784030784
PN00,PN00-1.edf,42,270.0,0,ECG_only,0.04557671603995134
PN00,PN00-1.edf,43,275.0,0,ECG_only,0.05942327688651219
PN00,PN00-1.edf,44,280.0,0,ECG_only,0.0690518843901197
PN00,PN00-1.edf,45,285.0,0,ECG_only,0.06846743643067174
PN00,PN00-1.edf,46,290.0,0,ECG_only,0.06917300054606557
PN00,PN00-1.edf,47,295.0,0,ECG_only,0.03706479631479631
PN00,PN00-1.edf,48,300.0,0,ECG_only,0.025760683760683762
PN00,PN00-1.edf,49,305.0,0,ECG_only,0.046045479574891336
PN00,PN00-1.edf,50,310.0,0,ECG_only,0.025457653457653457
PN00,PN00-1.edf,51,315.0,0,ECG_only,0.022316239316239318
PN00,PN00-1.edf,52,320.0,0,ECG_only,0.019141414141414143
PN00,PN00-1.edf,53,325.0,0,ECG_only,0.021109006734006737
PN00,PN00-1.edf,54,330.0,0,ECG_only,0.016991943241943242
PN00,PN00-1.edf,55,335.0,0,ECG_only,0.12376821215631956
PN00,PN00-1.edf,56,340.0,0,ECG_only,0.04222294372294373
PN00,PN00-1.edf,57,345.0,0,ECG_only,0.08716682119623295
PN00,PN00-1.edf,58,350.0,0,ECG_only,0.14151227033835725
PN00,PN00-1.edf,59,355.0,0,ECG_only,0.07319444561398585
PN00,PN00-1.edf,60,360.0,0,ECG_only,0.021268077601410935
PN00,PN00-1.edf,61,365.0,0,ECG_only,0.03578860953860954
PN00,PN00-1.edf,62,370.0,0,ECG_only,0.00922077922077922
PN00,PN00-1.edf,63,375.0,0,ECG_only,0.03397483380816715
PN00,PN00-1.edf,64,380.0,0,ECG_only,0.09745904095904097
PN00,PN00-1.edf,65,385.0,0,ECG_only,0.01402116402116402
PN00,PN00-1.edf,66,390.0,0,ECG_only,0.04360337810337811
PN00,PN00-1.edf,67,395.0,0,ECG_only,0.017234126984126987
PN00,PN00-1.edf,68,400.0,0,ECG_only,0.0020833333333333333
PN00,PN00-1.edf,69,405.0,0,ECG_only,0.010968337218337218
PN00,PN00-1.edf,70,410.0,0,ECG_only,0.0
PN00,PN00-1.edf,71,415.0,0,ECG_only,0.005808080808080808
PN00,PN00-1.edf,72,420.0,0,ECG_only,0.0
PN00,PN00-1.edf,73,425.0,0,ECG_only,0.028947440087145962
PN00,PN00-1.edf,74,430.0,0,ECG_only,0.0
PN00,PN00-1.edf,75,435.0,0,ECG_only,0.0
PN00,PN00-1.edf,76,440.0,0,ECG_only,0.0
PN00,PN00-1.edf,77,445.0,0,ECG_only,0.0
PN00,PN00-1.edf,78,450.0,0,ECG_only,0.0
PN00,PN00-1.edf,79,455.0,0,ECG_only,0.003148148148148148
PN00,PN00-1.edf,80,460.0,0,ECG_only,0.0
PN00,PN00-1.edf,81,465.0,0,ECG_only,0.0
PN00,PN00-1.edf,82,470.0,0,ECG_only,0.0
PN00,PN00-1.edf,83,475.0,0,ECG_only,0.0
PN00,PN00-1.edf,84,480.0,0,ECG_only,0.003137254901960784
PN00,PN00-1.edf,85,485.0,0,ECG_only,0.003137254901960784
PN00,PN00-1.edf,86,490.0,0,ECG_only,0.003137254901960784
PN00,PN00-1.edf,87,495.0,0,ECG_only,0.050416712916712916
PN00,PN00-1.edf,88,500.0,0,ECG_only,0.32425152976824806
PN00,PN00-1.edf,89,505.0,0,ECG_only,0.21867746659658419
PN00,PN00-1.edf,90,510.0,0,ECG_only,0.13425407244322052
PN00,PN00-1.edf,91,515.0,0,ECG_only,0.11218797731830187
PN00,PN00-1.edf,92,520.0,0,ECG_only,0.06151367784262521
PN00,PN00-1.edf,93,525.0,0,ECG_only,0.00641025641025641
PN00,PN00-1.edf,94,530.0,0,ECG_only,0.023676994301994304
PN00,PN00-1.edf,95,535.0,0,ECG_only,0.07372222222222223
PN00,PN00-1.edf,96,540.0,0,ECG_only,0.0779162087912088
PN00,PN00-1.edf,97,545.0,0,ECG_only,0.04377070614570615
PN00,PN00-1.edf,98,550.0,0,ECG_only,0.07394556539951277
PN00,PN00-1.edf,99,555.0,0,ECG_only,0.009258112601765853
PN00,PN00-1.edf,100,560.0,0,ECG_only,0.0
PN00,PN00-1.edf,101,565.0,0,ECG_only,0.0
PN00,PN00-1.edf,102,570.0,0,ECG_only,0.0
PN00,PN00-1.edf,103,575.0,0,ECG_only,0.015438034188034189
PN00,PN00-1.edf,104,580.0,0,ECG_only,0.06363680009074746
PN00,PN00-1.edf,105,585.0,0,ECG_only,0.018353257853257855
PN00,PN00-1.edf,106,590.0,0,ECG_only,0.009261904761904761
PN00,PN00-1.edf,107,595.0,0,ECG_only,0.009317460317460316
PN00,PN00-1.edf,108,600.0,0,ECG_only,0.00892857142857143
PN00,PN00-1.edf,109,605.0,0,ECG_only,0.0065
PN00,PN00-1.edf,110,610.0,0,ECG_only,0.012143939393939394
PN00,PN00-1.edf,111,615.0,0,ECG_only,0.011873219373219373
PN00,PN00-1.edf,112,620.0,0,ECG_only,0.008745791245791246
PN00,PN00-1.edf,113,625.0,0,ECG_only,0.0027272727272727275
PN00,PN00-1.edf,114,630.0,0,ECG_only,0.006190476190476191
PN00,PN00-1.edf,115,635.0,0,ECG_only,0.010773809523809524
PN00,PN00-1.edf,116,640.0,0,ECG_only,0.11247354343187675
PN00,PN00-1.edf,117,645.0,0,ECG_only,0.011629582267689686
PN00,PN00-1.edf,118,650.0,0,ECG_only,0.0064285714285714285
PN00,PN00-1.edf,119,655.0,0,ECG_only,0.04028364389233955
PN00,PN00-1.edf,120,660.0,0,ECG_only,0.0033333333333333335
PN00,PN00-1.edf,121,665.0,0,ECG_only,0.01795031055900621
PN00,PN00-1.edf,122,670.0,0,ECG_only,0.0
PN00,PN00-1.edf,123,675.0,0,ECG_only,0.0033333333333333335
PN00,PN00-1.edf,124,680.0,0,ECG_only,0.0063003663003663
PN00,PN00-1.edf,125,685.0,0,ECG_only,0.0
PN00,PN00-1.edf,126,690.0,0,ECG_only,0.0
PN00,PN00-1.edf,127,695.0,0,ECG_only,0.0
PN00,PN00-1.edf,128,700.0,0,ECG_only,0.0
PN00,PN00-1.edf,129,705.0,0,ECG_only,0.0
PN00,PN00-1.edf,130,710.0,0,ECG_only,0.0
PN00,PN00-1.edf,131,715.0,0,ECG_only,0.031870791245791244
PN00,PN00-1.edf,132,720.0,0,ECG_only,0.04987817275317275
PN00,PN00-1.edf,133,725.0,0,ECG_only,0.00590909090909091
PN00,PN00-1.edf,134,730.0,0,ECG_only,0.01812121212121212
PN00,PN00-1.edf,135,735.0,0,ECG_only,0.006666666666666667
PN00,PN00-1.edf,136,740.0,0,ECG_only,0.01859180035650624
PN00,PN00-1.edf,137,745.0,0,ECG_only,0.0
PN00,PN00-1.edf,138,750.0,0,ECG_only,0.0
PN00,PN00-1.edf,139,755.0,0,ECG_only,0.0030952380952380953
PN00,PN00-1.edf,140,760.0,0,ECG_only,0.022510620915032684
PN00,PN00-1.edf,141,765.0,0,ECG_only,0.03942857142857143
PN00,PN00-1.edf,142,770.0,0,ECG_only,0.06980137917637917
PN00,PN00-1.edf,143,775.0,0,ECG_only,0.0
PN00,PN00-1.edf,144,780.0,0,ECG_only,0.0
PN00,PN00-1.edf,145,785.0,0,ECG_only,0.0
PN00,PN00-1.edf,146,790.0,0,ECG_only,0.0031666666666666666
PN00,PN00-1.edf,147,795.0,0,ECG_only,0.009273148148148147
PN00,PN00-1.edf,148,800.0,0,ECG_only,0.002
PN00,PN00-1.edf,149,805.0,0,ECG_only,0.0
PN00,PN00-1.edf,150,810.0,0,ECG_only,0.009180555555555555
PN00,PN00-1.edf,151,815.0,0,ECG_only,0.0
PN00,PN00-1.edf,152,820.0,0,ECG_only,0.0
PN00,PN00-1.edf,153,825.0,0,ECG_only,0.0
PN00,PN00-1.edf,154,830.0,0,ECG_only,0.0
PN00,PN00-1.edf,155,835.0,0,ECG_only,0.0
PN00,PN00-1.edf,156,840.0,0,ECG_only,0.0
PN00,PN00-1.edf,157,1145.0,1,ECG_only,0.018251729751729753
PN00,PN00-1.edf,158,1150.0,1,ECG_only,0.02423708236208236
PN00,PN00-1.edf,159,1155.0,1,ECG_only,0.0
PN00,PN00-1.edf,160,1160.0,1,ECG_only,0.028874643874643873
PN00,PN00-1.edf,161,1165.0,1,ECG_only,0.030894383394383395
PN00,PN00-1.edf,162,1170.0,1,ECG_only,0.016095238095238096
PN00,PN00-1.edf,163,1175.0,1,ECG_only,0.06550519388019388
PN00,PN00-1.edf,164,1180.0,1,ECG_only,0.047875180375180376
PN00,PN00-1.edf,165,1185.0,1,ECG_only,0.0659369044697992
PN00,PN00-1.edf,166,1190.0,1,ECG_only,0.06586728644449233
PN00,PN00-1.edf,167,1195.0,1,ECG_only,0.09330769582080324
PN00,PN00-1.edf,168,1200.0,1,ECG_only,0.09422516105250997
PN00,PN00-1.edf,169,1205.0,1,ECG_only,0.12422820104084406
PN00,PN00-1.edf,170,1210.0,1,ECG_only,0.06918674089068827
PN00,PN00-1.edf,171,1515.0,0,ECG_only,0.09192306495247672
PN00,PN00-1.edf,172,1520.0,0,ECG_only,0.009743589743589744
PN00,PN00-1.edf,173,1525.0,0,ECG_only,0.03386375062845651
PN00,PN00-1.edf,174,1530.0,0,ECG_only,0.003125
PN00,PN00-1.edf,175,1535.0,0,ECG_only,0.0
PN00,PN00-1.edf,176,1540.0,0,ECG_only,0.0
PN00,PN00-1.edf,177,1545.0,0,ECG_only,0.0
PN00,PN00-1.edf,178,1550.0,0,ECG_only,0.0
PN00,PN00-1.edf,179,1555.0,0,ECG_only,0.0
PN00,PN00-1.edf,180,1560.0,0,ECG_only,0.0
PN00,PN00-1.edf,181,1565.0,0,ECG_only,0.0
PN00,PN00-1.edf,182,1570.0,0,ECG_only,0.0
PN00,PN00-1.edf,183,1575.0,0,ECG_only,0.0
PN00,PN00-1.edf,184,1580.0,0,ECG_only,0.0
PN00,PN00-1.edf,185,1585.0,0,ECG_only,0.01233164983164983
PN00,PN00-1.edf,186,1590.0,0,ECG_only,0.005505050505050505
PN00,PN00-1.edf,187,1595.0,0,ECG_only,0.005393939393939394
PN00,PN00-1.edf,188,1600.0,0,ECG_only,0.0
PN00,PN00-1.edf,189,1605.0,0,ECG_only,0.0
PN00,PN00-1.edf,190,1610.0,0,ECG_only,0.1239996611575559
PN00,PN00-1.edf,191,1615.0,0,ECG_only,0.031104797979797982
PN00,PN00-1.edf,192,1620.0,0,ECG_only,0.016111111111111114
PN00,PN00-1.edf,193,1625.0,0,ECG_only,0.03574074074074074
PN00,PN00-1.edf,194,1630.0,0,ECG_only,0.021157407407407406
PN00,PN00-1.edf,195,1635.0,0,ECG_only,0.002962962962962963
PN00,PN00-1.edf,196,1640.0,0,ECG_only,0.0
PN00,PN00-1.edf,197,1645.0,0,ECG_only,0.0
PN00,PN00-1.edf,198,1650.0,0,ECG_only,0.002962962962962963
PN00,PN00-1.edf,199,1655.0,0,ECG_only,0.002962962962962963
PN00,PN00-1.edf,200,1660.0,0,ECG_only,0.015335978835978835
PN00,PN00-1.edf,201,1665.0,0,ECG_only,0.00939153439153439
PN00,PN00-1.edf,202,1670.0,0,ECG_only,0.017632275132275128
PN00,PN00-1.edf,203,1675.0,0,ECG_only,0.030863932707585966
PN00,PN00-1.edf,204,1680.0,0,ECG_only,0.03904911789277114
PN00,PN00-1.edf,205,1685.0,0,ECG_only,0.014965608465608465
PN00,PN00-1.edf,206,1690.0,0,ECG_only,0.02873036223036223
PN00,PN00-1.edf,207,1695.0,0,ECG_only,0.01934802043422733
PN00,PN00-1.edf,208,1700.0,0,ECG_only,0.018407407407407407
PN00,PN00-1.edf,209,1705.0,0,ECG_only,0.012666666666666666
PN00,PN00-1.edf,210,1710.0,0,ECG_only,0.03257519819859974
PN00,PN00-1.edf,211,1715.0,0,ECG_only,0.0155026455026455
PN00,PN00-1.edf,212,1720.0,0,ECG_only,0.011962962962962963
PN00,PN00-1.edf,213,1725.0,0,ECG_only,0.029077380952380955
PN00,PN00-1.edf,214,1730.0,0,ECG_only,0.006002331002331003
PN00,PN00-1.edf,215,1735.0,0,ECG_only,0.0
PN00,PN00-1.edf,216,1740.0,0,ECG_only,0.0
PN00,PN00-1.edf,217,1745.0,0,ECG_only,0.0
PN00,PN00-1.edf,218,1750.0,0,ECG_only,0.0
PN00,PN00-1.edf,219,1755.0,0,ECG_only,0.0
PN00,PN00-1.edf,220,1760.0,0,ECG_only,0.0
PN00,PN00-1.edf,221,1765.0,0,ECG_only,0.0
PN00,PN00-1.edf,222,1770.0,0,ECG_only,0.0
PN00,PN00-1.edf,223,1775.0,0,ECG_only,0.003
PN00,PN00-1.edf,224,1780.0,0,ECG_only,0.011958874458874459
PN00,PN00-1.edf,225,1785.0,0,ECG_only,0.0030303030303030303
PN00,PN00-1.edf,226,1790.0,0,ECG_only,0.0
PN00,PN00-1.edf,227,1795.0,0,ECG_only,0.002962962962962963
PN00,PN00-1.edf,228,1800.0,0,ECG_only,0.0
PN00,PN00-1.edf,229,1805.0,0,ECG_only,0.0
PN00,PN00-1.edf,230,1810.0,0,ECG_only,0.0
PN00,PN00-1.edf,231,1815.0,0,ECG_only,0.0
PN00,PN00-1.edf,232,1820.0,0,ECG_only,0.003076923076923077
PN00,PN00-1.edf,233,1825.0,0,ECG_only,0.0
PN00,PN00-1.edf,234,1830.0,0,ECG_only,0.0
PN00,PN00-1.edf,235,1835.0,0,ECG_only,0.002962962962962963
PN00,PN00-1.edf,236,1840.0,0,ECG_only,0.0
PN00,PN00-1.edf,237,1845.0,0,ECG_only,0.0
PN00,PN00-1.edf,238,1850.0,0,ECG_only,0.003205128205128205
PN00,PN00-1.edf,239,1855.0,0,ECG_only,0.018261072261072264
PN00,PN00-1.edf,240,1860.0,0,ECG_only,0.003157894736842105
PN00,PN00-1.edf,241,1865.0,0,ECG_only,0.02370436507936508
PN00,PN00-1.edf,242,1870.0,0,ECG_only,0.15411565669706814
PN00,PN00-1.edf,243,1875.0,0,ECG_only,0.0827999860553106
PN00,PN00-1.edf,244,1880.0,0,ECG_only,0.02479225921137686
PN00,PN00-1.edf,245,1885.0,0,ECG_only,0.06786999202332415
PN00,PN00-1.edf,246,1890.0,0,ECG_only,0.024043580971000324
PN00,PN00-1.edf,247,1895.0,0,ECG_only,0.03911856525827114
PN00,PN00-1.edf,248,1900.0,0,ECG_only,0.03661856525827114
PN00,PN00-1.edf,249,1905.0,0,ECG_only,0.04888948877919466
PN00,PN00-1.edf,250,1910.0,0,ECG_only,0.02167998994469583
PN00,PN00-1.edf,251,1915.0,0,ECG_only,0.029614089614089612
PN00,PN00-1.edf,252,1920.0,0,ECG_only,0.054728843868549766
PN00,PN00-1.edf,253,1925.0,0,ECG_only,0.0
PN00,PN00-1.edf,254,1930.0,0,ECG_only,0.011783475783475782
PN00,PN00-1.edf,255,1935.0,0,ECG_only,0.0
PN00,PN00-1.edf,256,1940.0,0,ECG_only,0.002962962962962963
PN00,PN00-1.edf,257,1945.0,0,ECG_only,0.0
PN00,PN00-1.edf,258,1950.0,0,ECG_only,0.0
PN00,PN00-1.edf,259,1955.0,0,ECG_only,0.0
PN00,PN00-1.edf,260,1960.0,0,ECG_only,0.0
PN00,PN00-1.edf,261,1965.0,0,ECG_only,0.0
PN00,PN00-1.edf,262,1970.0,0,ECG_only,0.0
PN00,PN00-1.edf,263,1975.0,0,ECG_only,0.0
PN00,PN00-1.edf,264,1980.0,0,ECG_only,0.0
PN00,PN00-1.edf,265,1985.0,0,ECG_only,0.0
PN00,PN00-1.edf,266,1990.0,0,ECG_only,0.0
PN00,PN00-1.edf,267,1995.0,0,ECG_only,0.0
PN00,PN00-1.edf,268,2000.0,0,ECG_only,0.005935672514619883
PN00,PN00-1.edf,269,2005.0,0,ECG_only,0.06309267584267583
PN00,PN00-1.edf,270,2010.0,0,ECG_only,0.05508287545787546
PN00,PN00-1.edf,271,2015.0,0,ECG_only,0.10366005261166551
PN00,PN00-1.edf,272,2020.0,0,ECG_only,0.06878770444326472
PN00,PN00-1.edf,273,2025.0,0,ECG_only,0.13303883927334686
PN00,PN00-1.edf,274,2030.0,0,ECG_only,0.05997900247900247
PN00,PN00-1.edf,275,2035.0,0,ECG_only,0.009206552706552707
PN00,PN00-1.edf,276,2040.0,0,ECG_only,0.005227272727272728
PN00,PN00-1.edf,277,2045.0,0,ECG_only,0.014282828282828284
PN00,PN00-1.edf,278,2050.0,0,ECG_only,0.0
PN00,PN00-1.edf,279,2055.0,0,ECG_only,0.008547378547378548
PN00,PN00-1.edf,280,2060.0,0,ECG_only,0.0027083333333333334
PN00,PN00-1.edf,281,2065.0,0,ECG_only,0.0030303030303030303
PN00,PN00-1.edf,282,2070.0,0,ECG_only,0.005833333333333334
PN00,PN00-1.edf,283,2075.0,0,ECG_only,0.0
PN00,PN00-1.edf,284,2080.0,0,ECG_only,0.0
PN00,PN00-1.edf,285,2085.0,0,ECG_only,0.0
PN00,PN00-1.edf,286,2090.0,0,ECG_only,0.0028205128205128203
PN00,PN00-1.edf,287,2095.0,0,ECG_only,0.0
PN00,PN00-1.edf,288,2100.0,0,ECG_only,0.0
PN00,PN00-1.edf,289,2105.0,0,ECG_only,0.0
PN00,PN00-1.edf,290,2110.0,0,ECG_only,0.0
PN00,PN00-1.edf,291,2115.0,0,ECG_only,0.003076923076923077
PN00,PN00-1.edf,292,2120.0,0,ECG_only,0.0
PN00,PN00-1.edf,293,2125.0,0,ECG_only,0.0
PN00,PN00-1.edf,294,2130.0,0,ECG_only,0.0
PN00,PN00-1.edf,295,2135.0,0,ECG_only,0.0
PN00,PN00-1.edf,296,2140.0,0,ECG_only,0.0
PN00,PN00-1.edf,297,2145.0,0,ECG_only,0.0
PN00,PN00-1.edf,298,2150.0,0,ECG_only,0.0
PN00,PN00-1.edf,299,2155.0,0,ECG_only,0.0
PN00,PN00-1.edf,300,2160.0,0,ECG_only,0.005393939393939394
PN00,PN00-1.edf,301,2165.0,0,ECG_only,0.015116161616161618
PN00,PN00-1.edf,302,2170.0,0,ECG_only,0.11522818028110544
PN00,PN00-1.edf,303,2175.0,0,ECG_only,0.05326776501776503
PN00,PN00-1.edf,304,2180.0,0,ECG_only,0.047913267663267665
PN00,PN00-1.edf,305,2185.0,0,ECG_only,0.008977272727272728
PN00,PN00-1.edf,306,2190.0,0,ECG_only,0.01722888222888223
PN00,PN00-1.edf,307,2195.0,0,ECG_only,0.0120016095016095
PN00,PN00-1.edf,308,2200.0,0,ECG_only,0.0030303030303030303
PN00,PN00-1.edf,309,2205.0,0,ECG_only,0.06178347578347579
PN00,PN00-1.edf,310,2210.0,0,ECG_only,0.06412189662189663
PN00,PN00-1.edf,311,2215.0,0,ECG_only,0.018694444444444444
PN00,PN00-1.edf,312,2220.0,0,ECG_only,0.059410897744231084
PN00,PN00-1.edf,313,2225.0,0,ECG_only,0.002916666666666667
PN00,PN00-1.edf,314,2230.0,0,ECG_only,0.0
PN00,PN00-1.edf,315,2235.0,0,ECG_only,0.003181818181818182
PN00,PN00-1.edf,316,2240.0,0,ECG_only,0.0
PN00,PN00-1.edf,317,2245.0,0,ECG_only,0.0
PN00,PN00-1.edf,318,2250.0,0,ECG_only,0.0
PN00,PN00-1.edf,319,2255.0,0,ECG_only,0.006666666666666667
PN00,PN00-1.edf,320,2260.0,0,ECG_only,0.009345238095238096
PN00,PN00-1.edf,321,2265.0,0,ECG_only,0.0
PN00,PN00-1.edf,322,2270.0,0,ECG_only,0.0064444444444444445
PN00,PN00-1.edf,323,2275.0,0,ECG_only,0.0031111111111111114
PN00,PN00-1.edf,324,2280.0,0,ECG_only,0.009361111111111112
PN00,PN00-1.edf,325,2285.0,0,ECG_only,0.008487179487179489
PN00,PN00-1.edf,326,2290.0,0,ECG_only,0.049487612877318767
PN00,PN00-1.edf,327,2295.0,0,ECG_only,0.0033333333333333335
PN00,PN00-1.edf,328,2300.0,0,ECG_only,0.0025
PN00,PN00-1.edf,329,2305.0,0,ECG_only,0.0
PN00,PN00-1.edf,330,2310.0,0,ECG_only,0.002666666666666667
PN00,PN00-1.edf,331,2315.0,0,ECG_only,0.0
PN00,PN00-1.edf,332,2320.0,0,ECG_only,0.003137254901960784
PN00,PN00-1.edf,333,2325.0,0,ECG_only,0.0
PN00,PN00-1.edf,334,2330.0,0,ECG_only,0.003125
PN00,PN00-1.edf,335,2335.0,0,ECG_only,0.0
PN00,PN00-1.edf,336,2340.0,0,ECG_only,0.0
PN00,PN00-1.edf,337,2345.0,0,ECG_only,0.003137254901960784
PN00,PN00-1.edf,338,2350.0,0,ECG_only,0.0
PN00,PN00-1.edf,339,2355.0,0,ECG_only,0.0
PN00,PN00-1.edf,340,2360.0,0,ECG_only,0.0
PN00,PN00-1.edf,341,2365.0,0,ECG_only,0.0
PN00,PN00-1.edf,342,2370.0,0,ECG_only,0.0
PN00,PN00-1.edf,343,2375.0,0,ECG_only,0.0
PN00,PN00-1.edf,344,2380.0,0,ECG_only,0.0033333333333333335
PN00,PN00-1.edf,345,2385.0,0,ECG_only,0.07659708347208348
PN00,PN00-1.edf,346,2390.0,0,ECG_only,0.033168072668072666
PN00,PN00-1.edf,347,2395.0,0,ECG_only,0.01623361823361823
PN00,PN00-1.edf,348,2400.0,0,ECG_only,0.022363247863247865
PN00,PN00-1.edf,349,2405.0,0,ECG_only,0.0062435897435897435
PN00,PN00-1.edf,350,2410.0,0,ECG_only,0.0
PN00,PN00-1.edf,351,2415.0,0,ECG_only,0.0
PN00,PN00-1.edf,352,2420.0,0,ECG_only,0.0175551704630652
PN00,PN00-1.edf,353,2425.0,0,ECG_only,0.07365182811016145
PN00,PN00-1.edf,354,2430.0,0,ECG_only,0.017473951973951973
PN00,PN00-1.edf,355,2435.0,0,ECG_only,0.08046268854602188
PN00,PN00-1.edf,356,2440.0,0,ECG_only,0.01588888888888889
PN00,PN00-1.edf,357,2445.0,0,ECG_only,0.0
PN00,PN00-1.edf,358,2450.0,0,ECG_only,0.0033333333333333335
PN00,PN00-1.edf,359,2455.0,0,ECG_only,0.01577095453566042
PN00,PN00-1.edf,360,2460.0,0,ECG_only,0.021591060355766238
PN00,PN00-1.edf,361,2465.0,0,ECG_only,0.0
PN00,PN00-1.edf,362,2470.0,0,ECG_only,0.02153968253968254
PN00,PN00-1.edf,363,2475.0,0,ECG_only,0.014567460317460318
PN00,PN00-1.edf,364,2480.0,0,ECG_only,0.0
PN00,PN00-1.edf,365,2485.0,0,ECG_only,0.0
PN00,PN00-1.edf,366,2490.0,0,ECG_only,0.02348905723905724
PN00,PN00-1.edf,367,2495.0,0,ECG_only,0.26372357207254976
PN00,PN00-1.edf,368,2500.0,0,ECG_only,0.2154401209842386
PN00,PN00-1.edf,369,2505.0,0,ECG_only,0.09393681818681819
PN00,PN00-1.edf,370,2510.0,0,ECG_only,0.15057235357235357
PN00,PN00-1.edf,371,2515.0,0,ECG_only,0.03342568542568543
PN00,PN00-1.edf,372,2520.0,0,ECG_only,0.01803360990860991
PN00,PN00-1.edf,373,2525.0,0,ECG_only,0.014892075517075517
PN00,PN00-1.edf,374,2530.0,0,ECG_only,0.009067460317460318
PN00,PN00-1.edf,375,2535.0,0,ECG_only,0.0030952380952380953
PN00,PN00-1.edf,376,2540.0,0,ECG_only,0.006011904761904762
PN00,PN00-1.edf,377,2545.0,0,ECG_only,0.006011904761904762
PN00,PN00-1.edf,378,2550.0,0,ECG_only,0.009345238095238096
PN00,PN00-1.edf,379,2555.0,0,ECG_only,0.009345238095238096
PN00,PN00-1.edf,380,2560.0,0,ECG_only,0.03263888888888889
PN00,PN00-1.edf,381,2565.0,0,ECG_only,0.009583333333333333
PN00,PN00-1.edf,382,2570.0,0,ECG_only,0.008842592592592593
PN00,PN00-1.edf,383,2575.0,0,ECG_only,0.022743961352657004
PN00,PN00-1.edf,384,2580.0,0,ECG_only,0.006
PN00,PN00-1.edf,385,2585.0,0,ECG_only,0.05652758352758353
PN00,PN00-1.edf,386,2590.0,0,ECG_only,0.0
PN00,PN00-1.edf,387,2595.0,0,ECG_only,0.009338827838827838
PN00,PN00-1.edf,388,2600.0,0,ECG_only,0.00932051282051282
PN00,PN00-1.edf,389,2605.0,0,ECG_only,0.0032098765432098763
PN00,PN00-1.edf,390,2610.0,0,ECG_only,0.0
PN00,PN00-1.edf,391,2615.0,0,ECG_only,0.021738095238095237
PN00,PN00-1.edf,392,2620.0,0,ECG_only,0.05610189810189811
PN00,PN00-1.edf,393,2625.0,0,ECG_only,0.016574074074074074
PN00,PN00-1.edf,0,60.0,0,Early_fusion,0.02109221796721797
PN00,PN00-1.edf,1,65.0,0,Early_fusion,0.003125
PN00,PN00-1.edf,2,70.0,0,Early_fusion,0.008746438746438746
PN00,PN00-1.edf,3,75.0,0,Early_fusion,0.034766159766159765
PN00,PN00-1.edf,4,80.0,0,Early_fusion,0.02567765567765568
PN00,PN00-1.edf,5,85.0,0,Early_fusion,0.15510193233402952
PN00,PN00-1.edf,6,90.0,0,Early_fusion,0.02402983454454043
PN00,PN00-1.edf,7,95.0,0,Early_fusion,0.08647035834535835
PN00,PN00-1.edf,8,100.0,0,Early_fusion,0.18920756612668374
PN00,PN00-1.edf,9,105.0,0,Early_fusion,0.04517486772486773
PN00,PN00-1.edf,10,110.0,0,Early_fusion,0.10532096607096607
PN00,PN00-1.edf,11,115.0,0,Early_fusion,0.003
PN00,PN00-1.edf,12,120.0,0,Early_fusion,0.009363636363636364
PN00,PN00-1.edf,13,125.0,0,Early_fusion,0.022421977124183007
PN00,PN00-1.edf,14,130.0,0,Early_fusion,0.003137254901960784
PN00,PN00-1.edf,15,135.0,0,Early_fusion,0.025051790801790805
PN00,PN00-1.edf,16,140.0,0,Early_fusion,0.10654449254449255
PN00,PN00-1.edf,17,145.0,0,Early_fusion,0.026071428571428575
PN00,PN00-1.edf,18,150.0,0,Early_fusion,0.006491228070175438
PN00,PN00-1.edf,19,155.0,0,Early_fusion,0.0033333333333333335
PN00,PN00-1.edf,20,160.0,0,Early_fusion,0.0
PN00,PN00-1.edf,21,165.0,0,Early_fusion,0.0033333333333333335
PN00,PN00-1.edf,22,170.0,0,Early_fusion,0.021333333333333336
PN00,PN00-1.edf,23,175.0,0,Early_fusion,0.09618596218596218
PN00,PN00-1.edf,24,180.0,0,Early_fusion,0.0
PN00,PN00-1.edf,25,185.0,0,Early_fusion,0.0
PN00,PN00-1.edf,26,190.0,0,Early_fusion,0.03319444444444444
PN00,PN00-1.edf,27,195.0,0,Early_fusion,0.07771581196581197
PN00,PN00-1.edf,28,200.0,0,Early_fusion,0.009333333333333332
PN00,PN00-1.edf,29,205.0,0,Early_fusion,0.003
PN00,PN00-1.edf,30,210.0,0,Early_fusion,0.0
PN00,PN00-1.edf,31,215.0,0,Early_fusion,0.006333333333333333
PN00,PN00-1.edf,32,220.0,0,Early_fusion,0.006666666666666667
PN00,PN00-1.edf,33,225.0,0,Early_fusion,0.0
PN00,PN00-1.edf,34,230.0,0,Early_fusion,0.0030303030303030303
PN00,PN00-1.edf,35,235.0,0,Early_fusion,0.015147435897435899
PN00,PN00-1.edf,36,240.0,0,Early_fusion,0.12160974673474671
PN00,PN00-1.edf,37,245.0,0,Early_fusion,0.12624323824323821
PN00,PN00-1.edf,38,250.0,0,Early_fusion,0.13369606510047682
PN00,PN00-1.edf,39,255.0,0,Early_fusion,0.0033333333333333335
PN00,PN00-1.edf,40,260.0,0,Early_fusion,0.0033333333333333335
PN00,PN00-1.edf,41,265.0,0,Early_fusion,0.006333333333333333
PN00,PN00-1.edf,42,270.0,0,Early_fusion,0.06052672382084148
PN00,PN00-1.edf,43,275.0,0,Early_fusion,0.019021164021164022
PN00,PN00-1.edf,44,280.0,0,Early_fusion,0.0
PN00,PN00-1.edf,45,285.0,0,Early_fusion,0.0
PN00,PN00-1.edf,46,290.0,0,Early_fusion,0.0
PN00,PN00-1.edf,47,295.0,0,Early_fusion,0.0
PN00,PN00-1.edf,48,300.0,0,Early_fusion,0.0
PN00,PN00-1.edf,49,305.0,0,Early_fusion,0.0
PN00,PN00-1.edf,50,310.0,0,Early_fusion,0.0
PN00,PN00-1.edf,51,315.0,0,Early_fusion,0.0
PN00,PN00-1.edf,52,320.0,0,Early_fusion,0.0
PN00,PN00-1.edf,53,325.0,0,Early_fusion,0.0
PN00,PN00-1.edf,54,330.0,0,Early_fusion,0.0
PN00,PN00-1.edf,55,335.0,0,Early_fusion,0.015437710437710438
PN00,PN00-1.edf,56,340.0,0,Early_fusion,0.012592592592592593
PN00,PN00-1.edf,57,345.0,0,Early_fusion,0.041285978835978836
PN00,PN00-1.edf,58,350.0,0,Early_fusion,0.12840269082769085
PN00,PN00-1.edf,59,355.0,0,Early_fusion,0.011959876543209876
PN00,PN00-1.edf,60,360.0,0,Early_fusion,0.0
PN00,PN00-1.edf,61,365.0,0,Early_fusion,0.0
PN00,PN00-1.edf,62,370.0,0,Early_fusion,0.003
PN00,PN00-1.edf,63,375.0,0,Early_fusion,0.0
PN00,PN00-1.edf,64,380.0,0,Early_fusion,0.003
PN00,PN00-1.edf,65,385.0,0,Early_fusion,0.0
PN00,PN00-1.edf,66,390.0,0,Early_fusion,0.0030952380952380953
PN00,PN00-1.edf,67,395.0,0,Early_fusion,0.0
PN00,PN00-1.edf,68,400.0,0,Early_fusion,0.0
PN00,PN00-1.edf,69,405.0,0,Early_fusion,0.0
PN00,PN00-1.edf,70,410.0,0,Early_fusion,0.003076923076923077
PN00,PN00-1.edf,71,415.0,0,Early_fusion,0.009039886039886041
PN00,PN00-1.edf,72,420.0,0,Early_fusion,0.0
PN00,PN00-1.edf,73,425.0,0,Early_fusion,0.01853988603988604
PN00,PN00-1.edf,74,430.0,0,Early_fusion,0.0
PN00,PN00-1.edf,75,435.0,0,Early_fusion,0.0
PN00,PN00-1.edf,76,440.0,0,Early_fusion,0.05929963906274648
PN00,PN00-1.edf,77,445.0,0,Early_fusion,0.04946021922332665
PN00,PN00-1.edf,78,450.0,0,Early_fusion,0.00943840579710145
PN00,PN00-1.edf,79,455.0,0,Early_fusion,0.0
PN00,PN00-1.edf,80,460.0,0,Early_fusion,0.0
PN00,PN00-1.edf,81,465.0,0,Early_fusion,0.0
PN00,PN00-1.edf,82,470.0,0,Early_fusion,0.0
PN00,PN00-1.edf,83,475.0,0,Early_fusion,0.0
PN00,PN00-1.edf,84,480.0,0,Early_fusion,0.0
PN00,PN00-1.edf,85,485.0,0,Early_fusion,0.0
PN00,PN00-1.edf,86,490.0,0,Early_fusion,0.0
PN00,PN00-1.edf,87,495.0,0,Early_fusion,0.006363636363636364
PN00,PN00-1.edf,88,500.0,0,Early_fusion,0.02566025641025641
PN00,PN00-1.edf,89,505.0,0,Early_fusion,0.0
PN00,PN00-1.edf,90,510.0,0,Early_fusion,0.0
PN00,PN00-1.edf,91,515.0,0,Early_fusion,0.0
PN00,PN00-1.edf,92,520.0,0,Early_fusion,0.0
PN00,PN00-1.edf,93,525.0,0,Early_fusion,0.0
PN00,PN00-1.edf,94,530.0,0,Early_fusion,0.0
PN00,PN00-1.edf,95,535.0,0,Early_fusion,0.0031746031746031746
PN00,PN00-1.edf,96,540.0,0,Early_fusion,0.0030952380952380953
PN00,PN00-1.edf,97,545.0,0,Early_fusion,0.0
PN00,PN00-1.edf,98,550.0,0,Early_fusion,0.018742229992229995
PN00,PN00-1.edf,99,555.0,0,Early_fusion,0.006333333333333333
PN00,PN00-1.edf,100,560.0,0,Early_fusion,0.0
PN00,PN00-1.edf,101,565.0,0,Early_fusion,0.0
PN00,PN00-1.edf,102,570.0,0,Early_fusion,0.0
PN00,PN00-1.edf,103,575.0,0,Early_fusion,0.0
PN00,PN00-1.edf,104,580.0,0,Early_fusion,0.01514141414141414
PN00,PN00-1.edf,105,585.0,0,Early_fusion,0.1588476615976616
PN00,PN00-1.edf,106,590.0,0,Early_fusion,0.1891613365499235
PN00,PN00-1.edf,107,595.0,0,Early_fusion,0.011956228956228956
PN00,PN00-1.edf,108,600.0,0,Early_fusion,0.0
PN00,PN00-1.edf,109,605.0,0,Early_fusion,0.0
PN00,PN00-1.edf,110,610.0,0,Early_fusion,0.0
PN00,PN00-1.edf,111,615.0,0,Early_fusion,0.0
PN00,PN00-1.edf,112,620.0,0,Early_fusion,0.0
PN00,PN00-1.edf,113,625.0,0,Early_fusion,0.0
PN00,PN00-1.edf,114,630.0,0,Early_fusion,0.0
PN00,PN00-1.edf,115,635.0,0,Early_fusion,0.0
PN00,PN00-1.edf,116,640.0,0,Early_fusion,0.0
PN00,PN00-1.edf,117,645.0,0,Early_fusion,0.0
PN00,PN00-1.edf,118,650.0,0,Early_fusion,0.0
PN00,PN00-1.edf,119,655.0,0,Early_fusion,0.0
PN00,PN00-1.edf,120,660.0,0,Early_fusion,0.0
PN00,PN00-1.edf,121,665.0,0,Early_fusion,0.009212962962962963
PN00,PN00-1.edf,122,670.0,0,Early_fusion,0.030774590037697454
PN00,PN00-1.edf,123,675.0,0,Early_fusion,0.0
PN00,PN00-1.edf,124,680.0,0,Early_fusion,0.0
PN00,PN00-1.edf,125,685.0,0,Early_fusion,0.0
PN00,PN00-1.edf,126,690.0,0,Early_fusion,0.0
PN00,PN00-1.edf,127,695.0,0,Early_fusion,0.0
PN00,PN00-1.edf,128,700.0,0,Early_fusion,0.0
PN00,PN00-1.edf,129,705.0,0,Early_fusion,0.0
PN00,PN00-1.edf,130,710.0,0,Early_fusion,0.0
PN00,PN00-1.edf,131,715.0,0,Early_fusion,0.06554659556130144
PN00,PN00-1.edf,132,720.0,0,Early_fusion,0.17773434696164875
PN00,PN00-1.edf,133,725.0,0,Early_fusion,0.0
PN00,PN00-1.edf,134,730.0,0,Early_fusion,0.0
PN00,PN00-1.edf,135,735.0,0,Early_fusion,0.0
PN00,PN00-1.edf,136,740.0,0,Early_fusion,0.0
PN00,PN00-1.edf,137,745.0,0,Early_fusion,0.0
PN00,PN00-1.edf,138,750.0,0,Early_fusion,0.0
PN00,PN00-1.edf,139,755.0,0,Early_fusion,0.0
PN00,PN00-1.edf,140,760.0,0,Early_fusion,0.0
PN00,PN00-1.edf,141,765.0,0,Early_fusion,0.0
PN00,PN00-1.edf,142,770.0,0,Early_fusion,0.0030952380952380953
PN00,PN00-1.edf,143,775.0,0,Early_fusion,0.0
PN00,PN00-1.edf,144,780.0,0,Early_fusion,0.0
PN00,PN00-1.edf,145,785.0,0,Early_fusion,0.0
PN00,PN00-1.edf,146,790.0,0,Early_fusion,0.0030303030303030303
PN00,PN00-1.edf,147,795.0,0,Early_fusion,0.0
PN00,PN00-1.edf,148,800.0,0,Early_fusion,0.06544912247693578
PN00,PN00-1.edf,149,805.0,0,Early_fusion,0.0
PN00,PN00-1.edf,150,810.0,0,Early_fusion,0.0
PN00,PN00-1.edf,151,815.0,0,Early_fusion,0.0
PN00,PN00-1.edf,152,820.0,0,Early_fusion,0.0
PN00,PN00-1.edf,153,825.0,0,Early_fusion,0.0
PN00,PN00-1.edf,154,830.0,0,Early_fusion,0.0
PN00,PN00-1.edf,155,835.0,0,Early_fusion,0.0
PN00,PN00-1.edf,156,840.0,0,Early_fusion,0.0
PN00,PN00-1.edf,157,1145.0,1,Early_fusion,0.0033333333333333335
PN00,PN00-1.edf,158,1150.0,1,Early_fusion,0.00623015873015873
PN00,PN00-1.edf,159,1155.0,1,Early_fusion,0.1597691425339914
PN00,PN00-1.edf,160,1160.0,1,Early_fusion,0.29880392100801134
PN00,PN00-1.edf,161,1165.0,1,Early_fusion,0.6142467254967254
PN00,PN00-1.edf,162,1170.0,1,Early_fusion,0.6213242038226053
PN00,PN00-1.edf,163,1175.0,1,Early_fusion,0.6204253254678447
PN00,PN00-1.edf,164,1180.0,1,Early_fusion,0.7174434084434085
PN00,PN00-1.edf,165,1185.0,1,Early_fusion,0.7107767417767418
PN00,PN00-1.edf,166,1190.0,1,Early_fusion,0.7236338846338847
PN00,PN00-1.edf,167,1195.0,1,Early_fusion,0.6992034123284123
PN00,PN00-1.edf,168,1200.0,1,Early_fusion,0.7198508158508159
PN00,PN00-1.edf,169,1205.0,1,Early_fusion,0.6528812345062344
PN00,PN00-1.edf,170,1210.0,1,Early_fusion,0.682924432049432
PN00,PN00-1.edf,171,1515.0,0,Early_fusion,0.003076923076923077
PN00,PN00-1.edf,172,1520.0,0,Early_fusion,0.0
PN00,PN00-1.edf,173,1525.0,0,Early_fusion,0.0
PN00,PN00-1.edf,174,1530.0,0,Early_fusion,0.0
PN00,PN00-1.edf,175,1535.0,0,Early_fusion,0.0
PN00,PN00-1.edf,176,1540.0,0,Early_fusion,0.0
PN00,PN00-1.edf,177,1545.0,0,Early_fusion,0.0
PN00,PN00-1.edf,178,1550.0,0,Early_fusion,0.0
PN00,PN00-1.edf,179,1555.0,0,Early_fusion,0.0
PN00,PN00-1.edf,180,1560.0,0,Early_fusion,0.0
PN00,PN00-1.edf,181,1565.0,0,Early_fusion,0.0
PN00,PN00-1.edf,182,1570.0,0,Early_fusion,0.0
PN00,PN00-1.edf,183,1575.0,0,Early_fusion,0.003
PN00,PN00-1.edf,184,1580.0,0,Early_fusion,0.003
PN00,PN00-1.edf,185,1585.0,0,Early_fusion,0.05283556580295711
PN00,PN00-1.edf,186,1590.0,0,Early_fusion,0.18695252462386325
PN00,PN00-1.edf,187,1595.0,0,Early_fusion,0.02211880711880712
PN00,PN00-1.edf,188,1600.0,0,Early_fusion,0.006111111111111111
PN00,PN00-1.edf,189,1605.0,0,Early_fusion,0.0
PN00,PN00-1.edf,190,1610.0,0,Early_fusion,0.015500000000000002
PN00,PN00-1.edf,191,1615.0,0,Early_fusion,0.03691750841750842
PN00,PN00-1.edf,192,1620.0,0,Early_fusion,0.02587962962962963
PN00,PN00-1.edf,193,1625.0,0,Early_fusion,0.0
PN00,PN00-1.edf,194,1630.0,0,Early_fusion,0.003
PN00,PN00-1.edf,195,1635.0,0,Early_fusion,0.006224747474747475
PN00,PN00-1.edf,196,1640.0,0,Early_fusion,0.026363636363636363
PN00,PN00-1.edf,197,1645.0,0,Early_fusion,0.0
PN00,PN00-1.edf,198,1650.0,0,Early_fusion,0.003
PN00,PN00-1.edf,199,1655.0,0,Early_fusion,0.0
PN00,PN00-1.edf,200,1660.0,0,Early_fusion,0.0
PN00,PN00-1.edf,201,1665.0,0,Early_fusion,0.03234848484848485
PN00,PN00-1.edf,202,1670.0,0,Early_fusion,0.03063977688977689
PN00,PN00-1.edf,203,1675.0,0,Early_fusion,0.0379455266955267
PN00,PN00-1.edf,204,1680.0,0,Early_fusion,0.09973585673585673
PN00,PN00-1.edf,205,1685.0,0,Early_fusion,0.02160526836997425
PN00,PN00-1.edf,206,1690.0,0,Early_fusion,0.003137254901960784
PN00,PN00-1.edf,207,1695.0,0,Early_fusion,0.003137254901960784
PN00,PN00-1.edf,208,1700.0,0,Early_fusion,0.0
PN00,PN00-1.edf,209,1705.0,0,Early_fusion,0.0
PN00,PN00-1.edf,210,1710.0,0,Early_fusion,0.0
PN00,PN00-1.edf,211,1715.0,0,Early_fusion,0.0030952380952380953
PN00,PN00-1.edf,212,1720.0,0,Early_fusion,0.005761904761904762
PN00,PN00-1.edf,213,1725.0,0,Early_fusion,0.008581699346405227
PN00,PN00-1.edf,214,1730.0,0,Early_fusion,0.01227931488801054
PN00,PN00-1.edf,215,1735.0,0,Early_fusion,0.04353030303030303
PN00,PN00-1.edf,216,1740.0,0,Early_fusion,0.009761904761904763
PN00,PN00-1.edf,217,1745.0,0,Early_fusion,0.015474747474747474
PN00,PN00-1.edf,218,1750.0,0,Early_fusion,0.003
PN00,PN00-1.edf,219,1755.0,0,Early_fusion,0.003
PN00,PN00-1.edf,220,1760.0,0,Early_fusion,0.12467333357424633
PN00,PN00-1.edf,221,1765.0,0,Early_fusion,0.043100767686974586
PN00,PN00-1.edf,222,1770.0,0,Early_fusion,0.01799074074074074
PN00,PN00-1.edf,223,1775.0,0,Early_fusion,0.009444444444444445
PN00,PN00-1.edf,224,1780.0,0,Early_fusion,0.003
PN00,PN00-1.edf,225,1785.0,0,Early_fusion,0.0
PN00,PN00-1.edf,226,1790.0,0,Early_fusion,0.00919047619047619
PN00,PN00-1.edf,227,1795.0,0,Early_fusion,0.012321404086109967
PN00,PN00-1.edf,228,1800.0,0,Early_fusion,0.0
PN00,PN00-1.edf,229,1805.0,0,Early_fusion,0.0
PN00,PN00-1.edf,230,1810.0,0,Early_fusion,0.0
PN00,PN00-1.edf,231,1815.0,0,Early_fusion,0.0
PN00,PN00-1.edf,232,1820.0,0,Early_fusion,0.0
PN00,PN00-1.edf,233,1825.0,0,Early_fusion,0.0
PN00,PN00-1.edf,234,1830.0,0,Early_fusion,0.0
PN00,PN00-1.edf,235,1835.0,0,Early_fusion,0.0
PN00,PN00-1.edf,236,1840.0,0,Early_fusion,0.0
PN00,PN00-1.edf,237,1845.0,0,Early_fusion,0.0
PN00,PN00-1.edf,238,1850.0,0,Early_fusion,0.0
PN00,PN00-1.edf,239,1855.0,0,Early_fusion,0.0
PN00,PN00-1.edf,240,1860.0,0,Early_fusion,0.0
PN00,PN00-1.edf,241,1865.0,0,Early_fusion,0.016333333333333335
PN00,PN00-1.edf,242,1870.0,0,Early_fusion,0.09488434522055213
PN00,PN00-1.edf,243,1875.0,0,Early_fusion,0.12096479255099943
PN00,PN00-1.edf,244,1880.0,0,Early_fusion,0.013333333333333334
PN00,PN00-1.edf,245,1885.0,0,Early_fusion,0.0
PN00,PN00-1.edf,246,1890.0,0,Early_fusion,0.0031944444444444446
PN00,PN00-1.edf,247,1895.0,0,Early_fusion,0.003
PN00,PN00-1.edf,248,1900.0,0,Early_fusion,0.0
PN00,PN00-1.edf,249,1905.0,0,Early_fusion,0.003
PN00,PN00-1.edf,250,1910.0,0,Early_fusion,0.01799214674214674
PN00,PN00-1.edf,251,1915.0,0,Early_fusion,0.052104543604543606
PN00,PN00-1.edf,252,1920.0,0,Early_fusion,0.055458800458800465
PN00,PN00-1.edf,253,1925.0,0,Early_fusion,0.0033333333333333335
PN00,PN00-1.edf,254,1930.0,0,Early_fusion,0.005777777777777778
PN00,PN00-1.edf,255,1935.0,0,Early_fusion,0.0
PN00,PN00-1.edf,256,1940.0,0,Early_fusion,0.036531765018607124
PN00,PN00-1.edf,257,1945.0,0,Early_fusion,0.003076923076923077
PN00,PN00-1.edf,258,1950.0,0,Early_fusion,0.0
PN00,PN00-1.edf,259,1955.0,0,Early_fusion,0.0
PN00,PN00-1.edf,260,1960.0,0,Early_fusion,0.0
PN00,PN00-1.edf,261,1965.0,0,Early_fusion,0.0
PN00,PN00-1.edf,262,1970.0,0,Early_fusion,0.0
PN00,PN00-1.edf,263,1975.0,0,Early_fusion,0.0
PN00,PN00-1.edf,264,1980.0,0,Early_fusion,0.0
PN00,PN00-1.edf,265,1985.0,0,Early_fusion,0.0
PN00,PN00-1.edf,266,1990.0,0,Early_fusion,0.0033333333333333335
PN00,PN00-1.edf,267,1995.0,0,Early_fusion,0.0
PN00,PN00-1.edf,268,2000.0,0,Early_fusion,0.024398148148148148
PN00,PN00-1.edf,269,2005.0,0,Early_fusion,0.09174114774114775
PN00,PN00-1.edf,270,2010.0,0,Early_fusion,0.031058080808080805
PN00,PN00-1.edf,271,2015.0,0,Early_fusion,0.018186196700902584
PN00,PN00-1.edf,272,2020.0,0,Early_fusion,0.02436868686868687
PN00,PN00-1.edf,273,2025.0,0,Early_fusion,0.012138888888888888
PN00,PN00-1.edf,274,2030.0,0,Early_fusion,0.0688329587079587
PN00,PN00-1.edf,275,2035.0,0,Early_fusion,0.034344081844081845
PN00,PN00-1.edf,276,2040.0,0,Early_fusion,0.09646019258519259
PN00,PN00-1.edf,277,2045.0,0,Early_fusion,0.006388888888888888
PN00,PN00-1.edf,278,2050.0,0,Early_fusion,0.04362121212121212
PN00,PN00-1.edf,279,2055.0,0,Early_fusion,0.13680837064170398
PN00,PN00-1.edf,280,2060.0,0,Early_fusion,0.03115174177674178
PN00,PN00-1.edf,281,2065.0,0,Early_fusion,0.05184949500390677
PN00,PN00-1.edf,282,2070.0,0,Early_fusion,0.028177415177415177
PN00,PN00-1.edf,283,2075.0,0,Early_fusion,0.002857142857142857
PN00,PN00-1.edf,284,2080.0,0,Early_fusion,0.006666666666666667
PN00,PN00-1.edf,285,2085.0,0,Early_fusion,0.008796296296296297
PN00,PN00-1.edf,286,2090.0,0,Early_fusion,0.0
PN00,PN00-1.edf,287,2095.0,0,Early_fusion,0.0
PN00,PN00-1.edf,288,2100.0,0,Early_fusion,0.0
PN00,PN00-1.edf,289,2105.0,0,Early_fusion,0.0
PN00,PN00-1.edf,290,2110.0,0,Early_fusion,0.0
PN00,PN00-1.edf,291,2115.0,0,Early_fusion,0.002777777777777778
PN00,PN00-1.edf,292,2120.0,0,Early_fusion,0.0
PN00,PN00-1.edf,293,2125.0,0,Early_fusion,0.0
PN00,PN00-1.edf,294,2130.0,0,Early_fusion,0.0
PN00,PN00-1.edf,295,2135.0,0,Early_fusion,0.0
PN00,PN00-1.edf,296,2140.0,0,Early_fusion,0.0
PN00,PN00-1.edf,297,2145.0,0,Early_fusion,0.02919049013251912
PN00,PN00-1.edf,298,2150.0,0,Early_fusion,0.064196202013231
PN00,PN00-1.edf,299,2155.0,0,Early_fusion,0.024417735042735044
PN00,PN00-1.edf,300,2160.0,0,Early_fusion,0.022624434389140274
PN00,PN00-1.edf,301,2165.0,0,Early_fusion,0.029247483997484003
PN00,PN00-1.edf,302,2170.0,0,Early_fusion,0.013
PN00,PN00-1.edf,303,2175.0,0,Early_fusion,0.0
PN00,PN00-1.edf,304,2180.0,0,Early_fusion,0.0
PN00,PN00-1.edf,305,2185.0,0,Early_fusion,0.0
PN00,PN00-1.edf,306,2190.0,0,Early_fusion,0.0
PN00,PN00-1.edf,307,2195.0,0,Early_fusion,0.0
PN00,PN00-1.edf,308,2200.0,0,Early_fusion,0.0
PN00,PN00-1.edf,309,2205.0,0,Early_fusion,0.0
PN00,PN00-1.edf,310,2210.0,0,Early_fusion,0.0
PN00,PN00-1.edf,311,2215.0,0,Early_fusion,0.008485838779956427
PN00,PN00-1.edf,312,2220.0,0,Early_fusion,0.016666666666666666
PN00,PN00-1.edf,313,2225.0,0,Early_fusion,0.028564102564102564
PN00,PN00-1.edf,314,2230.0,0,Early_fusion,0.0
PN00,PN00-1.edf,315,2235.0,0,Early_fusion,0.003076923076923077
PN00,PN00-1.edf,316,2240.0,0,Early_fusion,0.0
PN00,PN00-1.edf,317,2245.0,0,Early_fusion,0.0
PN00,PN00-1.edf,318,2250.0,0,Early_fusion,0.0
PN00,PN00-1.edf,319,2255.0,0,Early_fusion,0.0
PN00,PN00-1.edf,320,2260.0,0,Early_fusion,0.0
PN00,PN00-1.edf,321,2265.0,0,Early_fusion,0.0033333333333333335
PN00,PN00-1.edf,322,2270.0,0,Early_fusion,0.0
PN00,PN00-1.edf,323,2275.0,0,Early_fusion,0.0
PN00,PN00-1.edf,324,2280.0,0,Early_fusion,0.003
PN00,PN00-1.edf,325,2285.0,0,Early_fusion,0.009018518518518518
PN00,PN00-1.edf,326,2290.0,0,Early_fusion,0.0
PN00,PN00-1.edf,327,2295.0,0,Early_fusion,0.0
PN00,PN00-1.edf,328,2300.0,0,Early_fusion,0.0
PN00,PN00-1.edf,329,2305.0,0,Early_fusion,0.0
PN00,PN00-1.edf,330,2310.0,0,Early_fusion,0.0
PN00,PN00-1.edf,331,2315.0,0,Early_fusion,0.0
PN00,PN00-1.edf,332,2320.0,0,Early_fusion,0.0
PN00,PN00-1.edf,333,2325.0,0,Early_fusion,0.002666666666666667
PN00,PN00-1.edf,334,2330.0,0,Early_fusion,0.0
PN00,PN00-1.edf,335,2335.0,0,Early_fusion,0.0
PN00,PN00-1.edf,336,2340.0,0,Early_fusion,0.0
PN00,PN00-1.edf,337,2345.0,0,Early_fusion,0.003
PN00,PN00-1.edf,338,2350.0,0,Early_fusion,0.0767435176479294
PN00,PN00-1.edf,339,2355.0,0,Early_fusion,0.030553958387291722
PN00,PN00-1.edf,340,2360.0,0,Early_fusion,0.012666666666666666
PN00,PN00-1.edf,341,2365.0,0,Early_fusion,0.0
PN00,PN00-1.edf,342,2370.0,0,Early_fusion,0.0
PN00,PN00-1.edf,343,2375.0,0,Early_fusion,0.0
PN00,PN00-1.edf,344,2380.0,0,Early_fusion,0.09801286676286676
PN00,PN00-1.edf,345,2385.0,0,Early_fusion,0.1608787895733556
PN00,PN00-1.edf,346,2390.0,0,Early_fusion,0.09405236591106156
PN00,PN00-1.edf,347,2395.0,0,Early_fusion,0.049828612926652145
PN00,PN00-1.edf,348,2400.0,0,Early_fusion,0.03754295241795243
PN00,PN00-1.edf,349,2405.0,0,Early_fusion,0.0
PN00,PN00-1.edf,350,2410.0,0,Early_fusion,0.0
PN00,PN00-1.edf,351,2415.0,0,Early_fusion,0.0
PN00,PN00-1.edf,352,2420.0,0,Early_fusion,0.0
PN00,PN00-1.edf,353,2425.0,0,Early_fusion,0.0
PN00,PN00-1.edf,354,2430.0,0,Early_fusion,0.0
PN00,PN00-1.edf,355,2435.0,0,Early_fusion,0.0
PN00,PN00-1.edf,356,2440.0,0,Early_fusion,0.0
PN00,PN00-1.edf,357,2445.0,0,Early_fusion,0.0
PN00,PN00-1.edf,358,2450.0,0,Early_fusion,0.0
PN00,PN00-1.edf,359,2455.0,0,Early_fusion,0.0
PN00,PN00-1.edf,360,2460.0,0,Early_fusion,0.0
PN00,PN00-1.edf,361,2465.0,0,Early_fusion,0.0
PN00,PN00-1.edf,362,2470.0,0,Early_fusion,0.0
PN00,PN00-1.edf,363,2475.0,0,Early_fusion,0.0
PN00,PN00-1.edf,364,2480.0,0,Early_fusion,0.0
PN00,PN00-1.edf,365,2485.0,0,Early_fusion,0.0
PN00,PN00-1.edf,366,2490.0,0,Early_fusion,0.0
PN00,PN00-1.edf,367,2495.0,0,Early_fusion,0.22056793857369295
PN00,PN00-1.edf,368,2500.0,0,Early_fusion,0.09248004634609493
PN00,PN00-1.edf,369,2505.0,0,Early_fusion,0.0
PN00,PN00-1.edf,370,2510.0,0,Early_fusion,0.0407846339390457
PN00,PN00-1.edf,371,2515.0,0,Early_fusion,0.1762226995226995
PN00,PN00-1.edf,372,2520.0,0,Early_fusion,0.11529546379546379
PN00,PN00-1.edf,373,2525.0,0,Early_fusion,0.17257093079396998
PN00,PN00-1.edf,374,2530.0,0,Early_fusion,0.0791260175010175
PN00,PN00-1.edf,375,2535.0,0,Early_fusion,0.009488636363636364
PN00,PN00-1.edf,376,2540.0,0,Early_fusion,0.038582875457875455
PN00,PN00-1.edf,377,2545.0,0,Early_fusion,0.03128722992693581
PN00,PN00-1.edf,378,2550.0,0,Early_fusion,0.012708333333333334
PN00,PN00-1.edf,379,2555.0,0,Early_fusion,0.0
PN00,PN00-1.edf,380,2560.0,0,Early_fusion,0.0
PN00,PN00-1.edf,381,2565.0,0,Early_fusion,0.0
PN00,PN00-1.edf,382,2570.0,0,Early_fusion,0.00919047619047619
PN00,PN00-1.edf,383,2575.0,0,Early_fusion,0.022403846153846156
PN00,PN00-1.edf,384,2580.0,0,Early_fusion,0.0033333333333333335
PN00,PN00-1.edf,385,2585.0,0,Early_fusion,0.0
PN00,PN00-1.edf,386,2590.0,0,Early_fusion,0.0
PN00,PN00-1.edf,387,2595.0,0,Early_fusion,0.0
PN00,PN00-1.edf,388,2600.0,0,Early_fusion,0.0
PN00,PN00-1.edf,389,2605.0,0,Early_fusion,0.0
PN00,PN00-1.edf,390,2610.0,0,Early_fusion,0.0
PN00,PN00-1.edf,391,2615.0,0,Early_fusion,0.0
PN00,PN00-1.edf,392,2620.0,0,Early_fusion,0.0
PN00,PN00-1.edf,393,2625.0,0,Early_fusion,0.0
PN00,PN00-1.edf,0,60.0,0,Late_fusion_alpha_0.5,0.010680411962764903
PN00,PN00-1.edf,1,65.0,0,Late_fusion_alpha_0.5,0.0
PN00,PN00-1.edf,2,70.0,0,Late_fusion_alpha_0.5,0.00871885521885522
PN00,PN00-1.edf,3,75.0,0,Late_fusion_alpha_0.5,0.016375781408134348
PN00,PN00-1.edf,4,80.0,0,Late_fusion_alpha_0.5,0.02000838722824017
PN00,PN00-1.edf,5,85.0,0,Late_fusion_alpha_0.5,0.19540371180992266
PN00,PN00-1.edf,6,90.0,0,Late_fusion_alpha_0.5,0.058036579505232756
PN00,PN00-1.edf,7,95.0,0,Late_fusion_alpha_0.5,0.09718043360895696
PN00,PN00-1.edf,8,100.0,0,Late_fusion_alpha_0.5,0.1412868417702009
PN00,PN00-1.edf,9,105.0,0,Late_fusion_alpha_0.5,0.07121726516947102
PN00,PN00-1.edf,10,110.0,0,Late_fusion_alpha_0.5,0.05518138990638991
PN00,PN00-1.edf,11,115.0,0,Late_fusion_alpha_0.5,0.009367772750125692
PN00,PN00-1.edf,12,120.0,0,Late_fusion_alpha_0.5,0.044160766864714235
PN00,PN00-1.edf,13,125.0,0,Late_fusion_alpha_0.5,0.036045326749274124
PN00,PN00-1.edf,14,130.0,0,Late_fusion_alpha_0.5,0.03798977119371857
PN00,PN00-1.edf,15,135.0,0,Late_fusion_alpha_0.5,0.04890293210687948
PN00,PN00-1.edf,16,140.0,0,Late_fusion_alpha_0.5,0.14091872976412617
PN00,PN00-1.edf,17,145.0,0,Late_fusion_alpha_0.5,0.03047190775542225
PN00,PN00-1.edf,18,150.0,0,Late_fusion_alpha_0.5,0.09702593403328695
PN00,PN00-1.edf,19,155.0,0,Late_fusion_alpha_0.5,0.02381922870158164
PN00,PN00-1.edf,20,160.0,0,Late_fusion_alpha_0.5,0.052805719930719926
PN00,PN00-1.edf,21,165.0,0,Late_fusion_alpha_0.5,0.028129615526134535
PN00,PN00-1.edf,22,170.0,0,Late_fusion_alpha_0.5,0.03164609464609465
PN00,PN00-1.edf,23,175.0,0,Late_fusion_alpha_0.5,0.0979785596484126
PN00,PN00-1.edf,24,180.0,0,Late_fusion_alpha_0.5,0.03710641605126899
PN00,PN00-1.edf,25,185.0,0,Late_fusion_alpha_0.5,0.00908387445887446
PN00,PN00-1.edf,26,190.0,0,Late_fusion_alpha_0.5,0.0380576129278691
PN00,PN00-1.edf,27,195.0,0,Late_fusion_alpha_0.5,0.08454790478126391
PN00,PN00-1.edf,28,200.0,0,Late_fusion_alpha_0.5,0.013919000933706816
PN00,PN00-1.edf,29,205.0,0,Late_fusion_alpha_0.5,0.014206349206349207
PN00,PN00-1.edf,30,210.0,0,Late_fusion_alpha_0.5,0.038743479967744666
PN00,PN00-1.edf,31,215.0,0,Late_fusion_alpha_0.5,0.036699479034037856
PN00,PN00-1.edf,32,220.0,0,Late_fusion_alpha_0.5,0.010796783625730994
PN00,PN00-1.edf,33,225.0,0,Late_fusion_alpha_0.5,0.012658730158730157
PN00,PN00-1.edf,34,230.0,0,Late_fusion_alpha_0.5,0.012658730158730157
PN00,PN00-1.edf,35,235.0,0,Late_fusion_alpha_0.5,0.049299942296265824
PN00,PN00-1.edf,36,240.0,0,Late_fusion_alpha_0.5,0.06780899819135112
PN00,PN00-1.edf,37,245.0,0,Late_fusion_alpha_0.5,0.08288721286883052
PN00,PN00-1.edf,38,250.0,0,Late_fusion_alpha_0.5,0.08419830732992498
PN00,PN00-1.edf,39,255.0,0,Late_fusion_alpha_0.5,0.03526058024219789
PN00,PN00-1.edf,40,260.0,0,Late_fusion_alpha_0.5,0.03440854801516566
PN00,PN00-1.edf,41,265.0,0,Late_fusion_alpha_0.5,0.020767015392015392
PN00,PN00-1.edf,42,270.0,0,Late_fusion_alpha_0.5,0.057144647489168365
PN00,PN00-1.edf,43,275.0,0,Late_fusion_alpha_0.5,0.05278026589423648
PN00,PN00-1.edf,44,280.0,0,Late_fusion_alpha_0.5,0.03452594219505985
PN00,PN00-1.edf,45,285.0,0,Late_fusion_alpha_0.5,0.03423371821533587
PN00,PN00-1.edf,46,290.0,0,Late_fusion_alpha_0.5,0.03458650027303278
PN00,PN00-1.edf,47,295.0,0,Late_fusion_alpha_0.5,0.018532398157398156
PN00,PN00-1.edf,48,300.0,0,Late_fusion_alpha_0.5,0.012880341880341881
PN00,PN00-1.edf,49,305.0,0,Late_fusion_alpha_0.5,0.023022739787445668
PN00,PN00-1.edf,50,310.0,0,Late_fusion_alpha_0.5,0.012728826728826729
PN00,PN00-1.edf,51,315.0,0,Late_fusion_alpha_0.5,0.011158119658119659
PN00,PN00-1.edf,52,320.0,0,Late_fusion_alpha_0.5,0.009570707070707072
PN00,PN00-1.edf,53,325.0,0,Late_fusion_alpha_0.5,0.010554503367003368
PN00,PN00-1.edf,54,330.0,0,Late_fusion_alpha_0.5,0.008495971620971621
PN00,PN00-1.edf,55,335.0,0,Late_fusion_alpha_0.5,0.06922557941963312
PN00,PN00-1.edf,56,340.0,0,Late_fusion_alpha_0.5,0.022569805194805198
PN00,PN00-1.edf,57,345.0,0,Late_fusion_alpha_0.5,0.049708410598116474
PN00,PN00-1.edf,58,350.0,0,Late_fusion_alpha_0.5,0.08907554894253977
PN00,PN00-1.edf,59,355.0,0,Late_fusion_alpha_0.5,0.047701720161490276
PN00,PN00-1.edf,60,360.0,0,Late_fusion_alpha_0.5,0.010634038800705467
PN00,PN00-1.edf,61,365.0,0,Late_fusion_alpha_0.5,0.01789430476930477
PN00,PN00-1.edf,62,370.0,0,Late_fusion_alpha_0.5,0.00461038961038961
PN00,PN00-1.edf,63,375.0,0,Late_fusion_alpha_0.5,0.016987416904083574
PN00,PN00-1.edf,64,380.0,0,Late_fusion_alpha_0.5,0.048729520479520484
PN00,PN00-1.edf,65,385.0,0,Late_fusion_alpha_0.5,0.00701058201058201
PN00,PN00-1.edf,66,390.0,0,Late_fusion_alpha_0.5,0.021801689051689055
PN00,PN00-1.edf,67,395.0,0,Late_fusion_alpha_0.5,0.008617063492063494
PN00,PN00-1.edf,68,400.0,0,Late_fusion_alpha_0.5,0.0010416666666666667
PN00,PN00-1.edf,69,405.0,0,Late_fusion_alpha_0.5,0.005484168609168609
PN00,PN00-1.edf,70,410.0,0,Late_fusion_alpha_0.5,0.0015
PN00,PN00-1.edf,71,415.0,0,Late_fusion_alpha_0.5,0.002904040404040404
PN00,PN00-1.edf,72,420.0,0,Late_fusion_alpha_0.5,0.0
PN00,PN00-1.edf,73,425.0,0,Late_fusion_alpha_0.5,0.017640386710239646
PN00,PN00-1.edf,74,430.0,0,Late_fusion_alpha_0.5,0.0
PN00,PN00-1.edf,75,435.0,0,Late_fusion_alpha_0.5,0.0
PN00,PN00-1.edf,76,440.0,0,Late_fusion_alpha_0.5,0.033246578911284796
PN00,PN00-1.edf,77,445.0,0,Late_fusion_alpha_0.5,0.0247305502776091
PN00,PN00-1.edf,78,450.0,0,Late_fusion_alpha_0.5,0.0012962962962962963
PN00,PN00-1.edf,79,455.0,0,Late_fusion_alpha_0.5,0.001574074074074074
PN00,PN00-1.edf,80,460.0,0,Late_fusion_alpha_0.5,0.0
PN00,PN00-1.edf,81,465.0,0,Late_fusion_alpha_0.5,0.0
PN00,PN00-1.edf,82,470.0,0,Late_fusion_alpha_0.5,0.0
PN00,PN00-1.edf,83,475.0,0,Late_fusion_alpha_0.5,0.0
PN00,PN00-1.edf,84,480.0,0,Late_fusion_alpha_0.5,0.001568627450980392
PN00,PN00-1.edf,85,485.0,0,Late_fusion_alpha_0.5,0.001568627450980392
PN00,PN00-1.edf,86,490.0,0,Late_fusion_alpha_0.5,0.001568627450980392
PN00,PN00-1.edf,87,495.0,0,Late_fusion_alpha_0.5,0.028238659488659487
PN00,PN00-1.edf,88,500.0,0,Late_fusion_alpha_0.5,0.16323687599523515
PN00,PN00-1.edf,89,505.0,0,Late_fusion_alpha_0.5,0.10933873329829209
PN00,PN00-1.edf,90,510.0,0,Late_fusion_alpha_0.5,0.06712703622161026
PN00,PN00-1.edf,91,515.0,0,Late_fusion_alpha_0.5,0.05609398865915093
PN00,PN00-1.edf,92,520.0,0,Late_fusion_alpha_0.5,0.030756838921312604
PN00,PN00-1.edf,93,525.0,0,Late_fusion_alpha_0.5,0.003205128205128205
PN00,PN00-1.edf,94,530.0,0,Late_fusion_alpha_0.5,0.011838497150997152
PN00,PN00-1.edf,95,535.0,0,Late_fusion_alpha_0.5,0.036861111111111115
PN00,PN00-1.edf,96,540.0,0,Late_fusion_alpha_0.5,0.0389581043956044
PN00,PN00-1.edf,97,545.0,0,Late_fusion_alpha_0.5,0.021885353072853074
PN00,PN00-1.edf,98,550.0,0,Late_fusion_alpha_0.5,0.040919752396726086
PN00,PN00-1.edf,99,555.0,0,Late_fusion_alpha_0.5,0.0046290563008829265
PN00,PN00-1.edf,100,560.0,0,Late_fusion_alpha_0.5,0.0
PN00,PN00-1.edf,101,565.0,0,Late_fusion_alpha_0.5,0.0
PN00,PN00-1.edf,102,570.0,0,Late_fusion_alpha_0.5,0.0
PN00,PN00-1.edf,103,575.0,0,Late_fusion_alpha_0.5,0.007719017094017094
PN00,PN00-1.edf,104,580.0,0,Late_fusion_alpha_0.5,0.04360828608525977
PN00,PN00-1.edf,105,585.0,0,Late_fusion_alpha_0.5,0.13925053735251103
PN00,PN00-1.edf,106,590.0,0,Late_fusion_alpha_0.5,0.1674446248196248
PN00,PN00-1.edf,107,595.0,0,Late_fusion_alpha_0.5,0.012519841269841271
PN00,PN00-1.edf,108,600.0,0,Late_fusion_alpha_0.5,0.004464285714285715
PN00,PN00-1.edf,109,605.0,0,Late_fusion_alpha_0.5,0.00325
PN00,PN00-1.edf,110,610.0,0,Late_fusion_alpha_0.5,0.007634469696969697
PN00,PN00-1.edf,111,615.0,0,Late_fusion_alpha_0.5,0.0059366096866096865
PN00,PN00-1.edf,112,620.0,0,Late_fusion_alpha_0.5,0.004372895622895623
PN00,PN00-1.edf,113,625.0,0,Late_fusion_alpha_0.5,0.0013636363636363637
PN00,PN00-1.edf,114,630.0,0,Late_fusion_alpha_0.5,0.0030952380952380953
PN00,PN00-1.edf,115,635.0,0,Late_fusion_alpha_0.5,0.005386904761904762
PN00,PN00-1.edf,116,640.0,0,Late_fusion_alpha_0.5,0.056236771715938376
PN00,PN00-1.edf,117,645.0,0,Late_fusion_alpha_0.5,0.00748145780051151
PN00,PN00-1.edf,118,650.0,0,Late_fusion_alpha_0.5,0.0032142857142857142
PN00,PN00-1.edf,119,655.0,0,Late_fusion_alpha_0.5,0.020141821946169775
PN00,PN00-1.edf,120,660.0,0,Late_fusion_alpha_0.5,0.0016666666666666668
PN00,PN00-1.edf,121,665.0,0,Late_fusion_alpha_0.5,0.011725738030085855
PN00,PN00-1.edf,122,670.0,0,Late_fusion_alpha_0.5,0.009342074592074593
PN00,PN00-1.edf,123,675.0,0,Late_fusion_alpha_0.5,0.0016666666666666668
PN00,PN00-1.edf,124,680.0,0,Late_fusion_alpha_0.5,0.00315018315018315
PN00,PN00-1.edf,125,685.0,0,Late_fusion_alpha_0.5,0.0
PN00,PN00-1.edf,126,690.0,0,Late_fusion_alpha_0.5,0.0
PN00,PN00-1.edf,127,695.0,0,Late_fusion_alpha_0.5,0.0
PN00,PN00-1.edf,128,700.0,0,Late_fusion_alpha_0.5,0.0
PN00,PN00-1.edf,129,705.0,0,Late_fusion_alpha_0.5,0.0
PN00,PN00-1.edf,130,710.0,0,Late_fusion_alpha_0.5,0.0
PN00,PN00-1.edf,131,715.0,0,Late_fusion_alpha_0.5,0.05818836391896737
PN00,PN00-1.edf,132,720.0,0,Late_fusion_alpha_0.5,0.12505698399714624
PN00,PN00-1.edf,133,725.0,0,Late_fusion_alpha_0.5,0.002954545454545455
PN00,PN00-1.edf,134,730.0,0,Late_fusion_alpha_0.5,0.00906060606060606
PN00,PN00-1.edf,135,735.0,0,Late_fusion_alpha_0.5,0.0033333333333333335
PN00,PN00-1.edf,136,740.0,0,Late_fusion_alpha_0.5,0.00929590017825312
PN00,PN00-1.edf,137,745.0,0,Late_fusion_alpha_0.5,0.0
PN00,PN00-1.edf,138,750.0,0,Late_fusion_alpha_0.5,0.0
PN00,PN00-1.edf,139,755.0,0,Late_fusion_alpha_0.5,0.0015476190476190477
PN00,PN00-1.edf,140,760.0,0,Late_fusion_alpha_0.5,0.011255310457516342
PN00,PN00-1.edf,141,765.0,0,Late_fusion_alpha_0.5,0.019714285714285715
PN00,PN00-1.edf,142,770.0,0,Late_fusion_alpha_0.5,0.034900689588189586
PN00,PN00-1.edf,143,775.0,0,Late_fusion_alpha_0.5,0.0
PN00,PN00-1.edf,144,780.0,0,Late_fusion_alpha_0.5,0.0
PN00,PN00-1.edf,145,785.0,0,Late_fusion_alpha_0.5,0.0
PN00,PN00-1.edf,146,790.0,0,Late_fusion_alpha_0.5,0.0015833333333333333
PN00,PN00-1.edf,147,795.0,0,Late_fusion_alpha_0.5,0.004636574074074073
PN00,PN00-1.edf,148,800.0,0,Late_fusion_alpha_0.5,0.043696080521536916
PN00,PN00-1.edf,149,805.0,0,Late_fusion_alpha_0.5,0.0
PN00,PN00-1.edf,150,810.0,0,Late_fusion_alpha_0.5,0.004590277777777777
PN00,PN00-1.edf,151,815.0,0,Late_fusion_alpha_0.5,0.0
PN00,PN00-1.edf,152,820.0,0,Late_fusion_alpha_0.5,0.0
PN00,PN00-1.edf,153,825.0,0,Late_fusion_alpha_0.5,0.0
PN00,PN00-1.edf,154,830.0,0,Late_fusion_alpha_0.5,0.0
PN00,PN00-1.edf,155,835.0,0,Late_fusion_alpha_0.5,0.0
PN00,PN00-1.edf,156,840.0,0,Late_fusion_alpha_0.5,0.001568627450980392
PN00,PN00-1.edf,157,1145.0,1,Late_fusion_alpha_0.5,0.019072101435004662
PN00,PN00-1.edf,158,1150.0,1,Late_fusion_alpha_0.5,0.01211854118104118
PN00,PN00-1.edf,159,1155.0,1,Late_fusion_alpha_0.5,0.1320385126569337
PN00,PN00-1.edf,160,1160.0,1,Late_fusion_alpha_0.5,0.2819462880001119
PN00,PN00-1.edf,161,1165.0,1,Late_fusion_alpha_0.5,0.45439794002294
PN00,PN00-1.edf,162,1170.0,1,Late_fusion_alpha_0.5,0.4562255067798546
PN00,PN00-1.edf,163,1175.0,1,Late_fusion_alpha_0.5,0.47860176492897066
PN00,PN00-1.edf,164,1180.0,1,Late_fusion_alpha_0.5,0.5219375901875902
PN00,PN00-1.edf,165,1185.0,1,Late_fusion_alpha_0.5,0.5296351189015662
PN00,PN00-1.edf,166,1190.0,1,Late_fusion_alpha_0.5,0.5329336432222461
PN00,PN00-1.edf,167,1195.0,1,Late_fusion_alpha_0.5,0.5397564212629751
PN00,PN00-1.edf,168,1200.0,1,Late_fusion_alpha_0.5,0.5469459138595882
PN00,PN00-1.edf,169,1205.0,1,Late_fusion_alpha_0.5,0.512943690764486
PN00,PN00-1.edf,170,1210.0,1,Late_fusion_alpha_0.5,0.5209806891451628
PN00,PN00-1.edf,171,1515.0,0,Late_fusion_alpha_0.5,0.04596153247623836
PN00,PN00-1.edf,172,1520.0,0,Late_fusion_alpha_0.5,0.004871794871794872
PN00,PN00-1.edf,173,1525.0,0,Late_fusion_alpha_0.5,0.01859854198089492
PN00,PN00-1.edf,174,1530.0,0,Late_fusion_alpha_0.5,0.0032291666666666666
PN00,PN00-1.edf,175,1535.0,0,Late_fusion_alpha_0.5,0.0
PN00,PN00-1.edf,176,1540.0,0,Late_fusion_alpha_0.5,0.0014814814814814814
PN00,PN00-1.edf,177,1545.0,0,Late_fusion_alpha_0.5,0.0
PN00,PN00-1.edf,178,1550.0,0,Late_fusion_alpha_0.5,0.0
PN00,PN00-1.edf,179,1555.0,0,Late_fusion_alpha_0.5,0.0
PN00,PN00-1.edf,180,1560.0,0,Late_fusion_alpha_0.5,0.0
PN00,PN00-1.edf,181,1565.0,0,Late_fusion_alpha_0.5,0.0
PN00,PN00-1.edf,182,1570.0,0,Late_fusion_alpha_0.5,0.0
PN00,PN00-1.edf,183,1575.0,0,Late_fusion_alpha_0.5,0.0
PN00,PN00-1.edf,184,1580.0,0,Late_fusion_alpha_0.5,0.0
PN00,PN00-1.edf,185,1585.0,0,Late_fusion_alpha_0.5,0.06902289956306183
PN00,PN00-1.edf,186,1590.0,0,Late_fusion_alpha_0.5,0.15577557830551889
PN00,PN00-1.edf,187,1595.0,0,Late_fusion_alpha_0.5,0.028187383159209784
PN00,PN00-1.edf,188,1600.0,0,Late_fusion_alpha_0.5,0.0
PN00,PN00-1.edf,189,1605.0,0,Late_fusion_alpha_0.5,0.0
PN00,PN00-1.edf,190,1610.0,0,Late_fusion_alpha_0.5,0.0666865135853139
PN00,PN00-1.edf,191,1615.0,0,Late_fusion_alpha_0.5,0.02464447358197358
PN00,PN00-1.edf,192,1620.0,0,Late_fusion_alpha_0.5,0.04068347154637478
PN00,PN00-1.edf,193,1625.0,0,Late_fusion_alpha_0.5,0.01787037037037037
PN00,PN00-1.edf,194,1630.0,0,Late_fusion_alpha_0.5,0.010578703703703703
PN00,PN00-1.edf,195,1635.0,0,Late_fusion_alpha_0.5,0.003148148148148148
PN00,PN00-1.edf,196,1640.0,0,Late_fusion_alpha_0.5,0.006201923076923077
PN00,PN00-1.edf,197,1645.0,0,Late_fusion_alpha_0.5,0.0
PN00,PN00-1.edf,198,1650.0,0,Late_fusion_alpha_0.5,0.0014814814814814814
PN00,PN00-1.edf,199,1655.0,0,Late_fusion_alpha_0.5,0.0014814814814814814
PN00,PN00-1.edf,200,1660.0,0,Late_fusion_alpha_0.5,0.008779100529100529
PN00,PN00-1.edf,201,1665.0,0,Late_fusion_alpha_0.5,0.06691245961640697
PN00,PN00-1.edf,202,1670.0,0,Late_fusion_alpha_0.5,0.05537167479350141
PN00,PN00-1.edf,203,1675.0,0,Late_fusion_alpha_0.5,0.03734682944048269
PN00,PN00-1.edf,204,1680.0,0,Late_fusion_alpha_0.5,0.07504029946947903
PN00,PN00-1.edf,205,1685.0,0,Late_fusion_alpha_0.5,0.0133494708994709
PN00,PN00-1.edf,206,1690.0,0,Late_fusion_alpha_0.5,0.014365181115181116
PN00,PN00-1.edf,207,1695.0,0,Late_fusion_alpha_0.5,0.009674010217113666
PN00,PN00-1.edf,208,1700.0,0,Late_fusion_alpha_0.5,0.009203703703703704
PN00,PN00-1.edf,209,1705.0,0,Late_fusion_alpha_0.5,0.006333333333333333
PN00,PN00-1.edf,210,1710.0,0,Late_fusion_alpha_0.5,0.01628759909929987
PN00,PN00-1.edf,211,1715.0,0,Late_fusion_alpha_0.5,0.00775132275132275
PN00,PN00-1.edf,212,1720.0,0,Late_fusion_alpha_0.5,0.005981481481481482
PN00,PN00-1.edf,213,1725.0,0,Late_fusion_alpha_0.5,0.016077152014652017
PN00,PN00-1.edf,214,1730.0,0,Late_fusion_alpha_0.5,0.013871024808524809
PN00,PN00-1.edf,215,1735.0,0,Late_fusion_alpha_0.5,0.043880160044633736
PN00,PN00-1.edf,216,1740.0,0,Late_fusion_alpha_0.5,0.001388888888888889
PN00,PN00-1.edf,217,1745.0,0,Late_fusion_alpha_0.5,0.0032291666666666666
PN00,PN00-1.edf,218,1750.0,0,Late_fusion_alpha_0.5,0.0
PN00,PN00-1.edf,219,1755.0,0,Late_fusion_alpha_0.5,0.0
PN00,PN00-1.edf,220,1760.0,0,Late_fusion_alpha_0.5,0.07110275998511291
PN00,PN00-1.edf,221,1765.0,0,Late_fusion_alpha_0.5,0.05502040654420683
PN00,PN00-1.edf,222,1770.0,0,Late_fusion_alpha_0.5,0.019351779484132425
PN00,PN00-1.edf,223,1775.0,0,Late_fusion_alpha_0.5,0.004520833333333333
PN00,PN00-1.edf,224,1780.0,0,Late_fusion_alpha_0.5,0.00900974025974026
PN00,PN00-1.edf,225,1785.0,0,Late_fusion_alpha_0.5,0.004592074592074592
PN00,PN00-1.edf,226,1790.0,0,Late_fusion_alpha_0.5,0.003
PN00,PN00-1.edf,227,1795.0,0,Late_fusion_alpha_0.5,0.002939814814814815
PN00,PN00-1.edf,228,1800.0,0,Late_fusion_alpha_0.5,0.0
PN00,PN00-1.edf,229,1805.0,0,Late_fusion_alpha_0.5,0.0
PN00,PN00-1.edf,230,1810.0,0,Late_fusion_alpha_0.5,0.0
PN00,PN00-1.edf,231,1815.0,0,Late_fusion_alpha_0.5,0.0
PN00,PN00-1.edf,232,1820.0,0,Late_fusion_alpha_0.5,0.0015384615384615385
PN00,PN00-1.edf,233,1825.0,0,Late_fusion_alpha_0.5,0.0
PN00,PN00-1.edf,234,1830.0,0,Late_fusion_alpha_0.5,0.0
PN00,PN00-1.edf,235,1835.0,0,Late_fusion_alpha_0.5,0.0014814814814814814
PN00,PN00-1.edf,236,1840.0,0,Late_fusion_alpha_0.5,0.0
PN00,PN00-1.edf,237,1845.0,0,Late_fusion_alpha_0.5,0.0
PN00,PN00-1.edf,238,1850.0,0,Late_fusion_alpha_0.5,0.0016025641025641025
PN00,PN00-1.edf,239,1855.0,0,Late_fusion_alpha_0.5,0.009130536130536132
PN00,PN00-1.edf,240,1860.0,0,Late_fusion_alpha_0.5,0.0015789473684210526
PN00,PN00-1.edf,241,1865.0,0,Late_fusion_alpha_0.5,0.016435515873015873
PN00,PN00-1.edf,242,1870.0,0,Late_fusion_alpha_0.5,0.14915829006392584
PN00,PN00-1.edf,243,1875.0,0,Late_fusion_alpha_0.5,0.11083386016766278
PN00,PN00-1.edf,244,1880.0,0,Late_fusion_alpha_0.5,0.014062796272355097
PN00,PN00-1.edf,245,1885.0,0,Late_fusion_alpha_0.5,0.033934996011662076
PN00,PN00-1.edf,246,1890.0,0,Late_fusion_alpha_0.5,0.015052093515803193
PN00,PN00-1.edf,247,1895.0,0,Late_fusion_alpha_0.5,0.01955928262913557
PN00,PN00-1.edf,248,1900.0,0,Late_fusion_alpha_0.5,0.01830928262913557
PN00,PN00-1.edf,249,1905.0,0,Late_fusion_alpha_0.5,0.02444474438959733
PN00,PN00-1.edf,250,1910.0,0,Late_fusion_alpha_0.5,0.015583584715937657
PN00,PN00-1.edf,251,1915.0,0,Late_fusion_alpha_0.5,0.026481190106190107
PN00,PN00-1.edf,252,1920.0,0,Late_fusion_alpha_0.5,0.04770028052013347
PN00,PN00-1.edf,253,1925.0,0,Late_fusion_alpha_0.5,0.0
PN00,PN00-1.edf,254,1930.0,0,Late_fusion_alpha_0.5,0.007558404558404558
PN00,PN00-1.edf,255,1935.0,0,Late_fusion_alpha_0.5,0.0
PN00,PN00-1.edf,256,1940.0,0,Late_fusion_alpha_0.5,0.016009704892057837
PN00,PN00-1.edf,257,1945.0,0,Late_fusion_alpha_0.5,0.0
PN00,PN00-1.edf,258,1950.0,0,Late_fusion_alpha_0.5,0.0
PN00,PN00-1.edf,259,1955.0,0,Late_fusion_alpha_0.5,0.0
PN00,PN00-1.edf,260,1960.0,0,Late_fusion_alpha_0.5,0.0
PN00,PN00-1.edf,261,1965.0,0,Late_fusion_alpha_0.5,0.0
PN00,PN00-1.edf,262,1970.0,0,Late_fusion_alpha_0.5,0.0
PN00,PN00-1.edf,263,1975.0,0,Late_fusion_alpha_0.5,0.0
PN00,PN00-1.edf,264,1980.0,0,Late_fusion_alpha_0.5,0.0
PN00,PN00-1.edf,265,1985.0,0,Late_fusion_alpha_0.5,0.001568627450980392
PN00,PN00-1.edf,266,1990.0,0,Late_fusion_alpha_0.5,0.0
PN00,PN00-1.edf,267,1995.0,0,Late_fusion_alpha_0.5,0.0
PN00,PN00-1.edf,268,2000.0,0,Late_fusion_alpha_0.5,0.009259502923976608
PN00,PN00-1.edf,269,2005.0,0,Late_fusion_alpha_0.5,0.0583637381137381
PN00,PN00-1.edf,270,2010.0,0,Late_fusion_alpha_0.5,0.03556921550671551
PN00,PN00-1.edf,271,2015.0,0,Late_fusion_alpha_0.5,0.06518759003839648
PN00,PN00-1.edf,272,2020.0,0,Late_fusion_alpha_0.5,0.03889898760912069
PN00,PN00-1.edf,273,2025.0,0,Late_fusion_alpha_0.5,0.10197258601364012
PN00,PN00-1.edf,274,2030.0,0,Late_fusion_alpha_0.5,0.05686907583157583
PN00,PN00-1.edf,275,2035.0,0,Late_fusion_alpha_0.5,0.00901994301994302
PN00,PN00-1.edf,276,2040.0,0,Late_fusion_alpha_0.5,0.034680254930254936
PN00,PN00-1.edf,277,2045.0,0,Late_fusion_alpha_0.5,0.011622895622895625
PN00,PN00-1.edf,278,2050.0,0,Late_fusion_alpha_0.5,0.0282791638186375
PN00,PN00-1.edf,279,2055.0,0,Late_fusion_alpha_0.5,0.0684161322609852
PN00,PN00-1.edf,280,2060.0,0,Late_fusion_alpha_0.5,0.018135167855020794
PN00,PN00-1.edf,281,2065.0,0,Late_fusion_alpha_0.5,0.026084481749187628
PN00,PN00-1.edf,282,2070.0,0,Late_fusion_alpha_0.5,0.007152777777777777
PN00,PN00-1.edf,283,2075.0,0,Late_fusion_alpha_0.5,0.002958333333333333
PN00,PN00-1.edf,284,2080.0,0,Late_fusion_alpha_0.5,0.0028148148148148147
PN00,PN00-1.edf,285,2085.0,0,Late_fusion_alpha_0.5,0.004549242424242424
PN00,PN00-1.edf,286,2090.0,0,Late_fusion_alpha_0.5,0.003001165501165501
PN00,PN00-1.edf,287,2095.0,0,Late_fusion_alpha_0.5,0.0
PN00,PN00-1.edf,288,2100.0,0,Late_fusion_alpha_0.5,0.0
PN00,PN00-1.edf,289,2105.0,0,Late_fusion_alpha_0.5,0.0
PN00,PN00-1.edf,290,2110.0,0,Late_fusion_alpha_0.5,0.0
PN00,PN00-1.edf,291,2115.0,0,Late_fusion_alpha_0.5,0.003076923076923077
PN00,PN00-1.edf,292,2120.0,0,Late_fusion_alpha_0.5,0.001590909090909091
PN00,PN00-1.edf,293,2125.0,0,Late_fusion_alpha_0.5,0.0
PN00,PN00-1.edf,294,2130.0,0,Late_fusion_alpha_0.5,0.0
PN00,PN00-1.edf,295,2135.0,0,Late_fusion_alpha_0.5,0.0
PN00,PN00-1.edf,296,2140.0,0,Late_fusion_alpha_0.5,0.0
PN00,PN00-1.edf,297,2145.0,0,Late_fusion_alpha_0.5,0.025266414141414142
PN00,PN00-1.edf,298,2150.0,0,Late_fusion_alpha_0.5,0.0523267009306483
PN00,PN00-1.edf,299,2155.0,0,Late_fusion_alpha_0.5,0.018243265993265995
PN00,PN00-1.edf,300,2160.0,0,Late_fusion_alpha_0.5,0.008545454545454544
PN00,PN00-1.edf,301,2165.0,0,Late_fusion_alpha_0.5,0.031914517843697414
PN00,PN00-1.edf,302,2170.0,0,Late_fusion_alpha_0.5,0.060795908322370903
PN00,PN00-1.edf,303,2175.0,0,Late_fusion_alpha_0.5,0.026633882508882514
PN00,PN00-1.edf,304,2180.0,0,Late_fusion_alpha_0.5,0.023956633831633833
PN00,PN00-1.edf,305,2185.0,0,Late_fusion_alpha_0.5,0.004488636363636364
PN00,PN00-1.edf,306,2190.0,0,Late_fusion_alpha_0.5,0.008614441114441115
PN00,PN00-1.edf,307,2195.0,0,Late_fusion_alpha_0.5,0.00600080475080475
PN00,PN00-1.edf,308,2200.0,0,Late_fusion_alpha_0.5,0.0015151515151515152
PN00,PN00-1.edf,309,2205.0,0,Late_fusion_alpha_0.5,0.030891737891737894
PN00,PN00-1.edf,310,2210.0,0,Late_fusion_alpha_0.5,0.032060948310948315
PN00,PN00-1.edf,311,2215.0,0,Late_fusion_alpha_0.5,0.010880555555555555
PN00,PN00-1.edf,312,2220.0,0,Late_fusion_alpha_0.5,0.032705448872115545
PN00,PN00-1.edf,313,2225.0,0,Late_fusion_alpha_0.5,0.02351981351981352
PN00,PN00-1.edf,314,2230.0,0,Late_fusion_alpha_0.5,0.0
PN00,PN00-1.edf,315,2235.0,0,Late_fusion_alpha_0.5,0.0030492424242424244
PN00,PN00-1.edf,316,2240.0,0,Late_fusion_alpha_0.5,0.0
PN00,PN00-1.edf,317,2245.0,0,Late_fusion_alpha_0.5,0.0
PN00,PN00-1.edf,318,2250.0,0,Late_fusion_alpha_0.5,0.0
PN00,PN00-1.edf,319,2255.0,0,Late_fusion_alpha_0.5,0.0033333333333333335
PN00,PN00-1.edf,320,2260.0,0,Late_fusion_alpha_0.5,0.004672619047619048
PN00,PN00-1.edf,321,2265.0,0,Late_fusion_alpha_0.5,0.0014285714285714286
PN00,PN00-1.edf,322,2270.0,0,Late_fusion_alpha_0.5,0.0032222222222222222
PN00,PN00-1.edf,323,2275.0,0,Late_fusion_alpha_0.5,0.0015555555555555557
PN00,PN00-1.edf,324,2280.0,0,Late_fusion_alpha_0.5,0.007571969696969697
PN00,PN00-1.edf,325,2285.0,0,Late_fusion_alpha_0.5,0.005607226107226108
PN00,PN00-1.edf,326,2290.0,0,Late_fusion_alpha_0.5,0.024743806438659383
PN00,PN00-1.edf,327,2295.0,0,Late_fusion_alpha_0.5,0.0016666666666666668
PN00,PN00-1.edf,328,2300.0,0,Late_fusion_alpha_0.5,0.00125
PN00,PN00-1.edf,329,2305.0,0,Late_fusion_alpha_0.5,0.0
PN00,PN00-1.edf,330,2310.0,0,Late_fusion_alpha_0.5,0.002814814814814815
PN00,PN00-1.edf,331,2315.0,0,Late_fusion_alpha_0.5,0.0
PN00,PN00-1.edf,332,2320.0,0,Late_fusion_alpha_0.5,0.001568627450980392
PN00,PN00-1.edf,333,2325.0,0,Late_fusion_alpha_0.5,0.0
PN00,PN00-1.edf,334,2330.0,0,Late_fusion_alpha_0.5,0.0015625
PN00,PN00-1.edf,335,2335.0,0,Late_fusion_alpha_0.5,0.0
PN00,PN00-1.edf,336,2340.0,0,Late_fusion_alpha_0.5,0.0
PN00,PN00-1.edf,337,2345.0,0,Late_fusion_alpha_0.5,0.001568627450980392
PN00,PN00-1.edf,338,2350.0,0,Late_fusion_alpha_0.5,0.043938137352843236
PN00,PN00-1.edf,339,2355.0,0,Late_fusion_alpha_0.5,0.0130501443001443
PN00,PN00-1.edf,340,2360.0,0,Late_fusion_alpha_0.5,0.0013333333333333335
PN00,PN00-1.edf,341,2365.0,0,Late_fusion_alpha_0.5,0.0013636363636363637
PN00,PN00-1.edf,342,2370.0,0,Late_fusion_alpha_0.5,0.0014285714285714286
PN00,PN00-1.edf,343,2375.0,0,Late_fusion_alpha_0.5,0.0
PN00,PN00-1.edf,344,2380.0,0,Late_fusion_alpha_0.5,0.08578112628112626
PN00,PN00-1.edf,345,2385.0,0,Late_fusion_alpha_0.5,0.1880393816271316
PN00,PN00-1.edf,346,2390.0,0,Late_fusion_alpha_0.5,0.11531507045403301
PN00,PN00-1.edf,347,2395.0,0,Late_fusion_alpha_0.5,0.026971787471787474
PN00,PN00-1.edf,348,2400.0,0,Late_fusion_alpha_0.5,0.02580662393162393
PN00,PN00-1.edf,349,2405.0,0,Late_fusion_alpha_0.5,0.0031217948717948718
PN00,PN00-1.edf,350,2410.0,0,Late_fusion_alpha_0.5,0.0
PN00,PN00-1.edf,351,2415.0,0,Late_fusion_alpha_0.5,0.0
PN00,PN00-1.edf,352,2420.0,0,Late_fusion_alpha_0.5,0.0087775852315326
PN00,PN00-1.edf,353,2425.0,0,Late_fusion_alpha_0.5,0.036825914055080726
PN00,PN00-1.edf,354,2430.0,0,Late_fusion_alpha_0.5,0.008736975986975986
PN00,PN00-1.edf,355,2435.0,0,Late_fusion_alpha_0.5,0.04023134427301094
PN00,PN00-1.edf,356,2440.0,0,Late_fusion_alpha_0.5,0.007944444444444445
PN00,PN00-1.edf,357,2445.0,0,Late_fusion_alpha_0.5,0.0
PN00,PN00-1.edf,358,2450.0,0,Late_fusion_alpha_0.5,0.0016666666666666668
PN00,PN00-1.edf,359,2455.0,0,Late_fusion_alpha_0.5,0.00788547726783021
PN00,PN00-1.edf,360,2460.0,0,Late_fusion_alpha_0.5,0.010795530177883119
PN00,PN00-1.edf,361,2465.0,0,Late_fusion_alpha_0.5,0.0
PN00,PN00-1.edf,362,2470.0,0,Late_fusion_alpha_0.5,0.01076984126984127
PN00,PN00-1.edf,363,2475.0,0,Late_fusion_alpha_0.5,0.007283730158730159
PN00,PN00-1.edf,364,2480.0,0,Late_fusion_alpha_0.5,0.0
PN00,PN00-1.edf,365,2485.0,0,Late_fusion_alpha_0.5,0.0
PN00,PN00-1.edf,366,2490.0,0,Late_fusion_alpha_0.5,0.01174452861952862
PN00,PN00-1.edf,367,2495.0,0,Late_fusion_alpha_0.5,0.21985763675094705
PN00,PN00-1.edf,368,2500.0,0,Late_fusion_alpha_0.5,0.14098139192527737
PN00,PN00-1.edf,369,2505.0,0,Late_fusion_alpha_0.5,0.046968409093409096
PN00,PN00-1.edf,370,2510.0,0,Late_fusion_alpha_0.5,0.10090262030997325
PN00,PN00-1.edf,371,2515.0,0,Late_fusion_alpha_0.5,0.1522273633827174
PN00,PN00-1.edf,372,2520.0,0,Late_fusion_alpha_0.5,0.0942438989722664
PN00,PN00-1.edf,373,2525.0,0,Late_fusion_alpha_0.5,0.12298448101805141
PN00,PN00-1.edf,374,2530.0,0,Late_fusion_alpha_0.5,0.049499981499981506
PN00,PN00-1.edf,375,2535.0,0,Late_fusion_alpha_0.5,0.009478151260504202
PN00,PN00-1.edf,376,2540.0,0,Late_fusion_alpha_0.5,0.02480526125920863
PN00,PN00-1.edf,377,2545.0,0,Late_fusion_alpha_0.5,0.02720262778157515
PN00,PN00-1.edf,378,2550.0,0,Late_fusion_alpha_0.5,0.007820767195767197
PN00,PN00-1.edf,379,2555.0,0,Late_fusion_alpha_0.5,0.004672619047619048
PN00,PN00-1.edf,380,2560.0,0,Late_fusion_alpha_0.5,0.016319444444444445
PN00,PN00-1.edf,381,2565.0,0,Late_fusion_alpha_0.5,0.004791666666666666
PN00,PN00-1.edf,382,2570.0,0,Late_fusion_alpha_0.5,0.010522486772486773
PN00,PN00-1.edf,383,2575.0,0,Late_fusion_alpha_0.5,0.02541418846853629
PN00,PN00-1.edf,384,2580.0,0,Late_fusion_alpha_0.5,0.004666666666666667
PN00,PN00-1.edf,385,2585.0,0,Late_fusion_alpha_0.5,0.028263791763791766
PN00,PN00-1.edf,386,2590.0,0,Late_fusion_alpha_0.5,0.0
PN00,PN00-1.edf,387,2595.0,0,Late_fusion_alpha_0.5,0.004669413919413919
PN00,PN00-1.edf,388,2600.0,0,Late_fusion_alpha_0.5,0.00466025641025641
PN00,PN00-1.edf,389,2605.0,0,Late_fusion_alpha_0.5,0.0016049382716049382
PN00,PN00-1.edf,390,2610.0,0,Late_fusion_alpha_0.5,0.0
PN00,PN00-1.edf,391,2615.0,0,Late_fusion_alpha_0.5,0.010869047619047618
PN00,PN00-1.edf,392,2620.0,0,Late_fusion_alpha_0.5,0.028050949050949056
PN00,PN00-1.edf,393,2625.0,0,Late_fusion_alpha_0.5,0.008287037037037037
PN00,PN00-2.edf,394,60.0,0,EEG_only,0.07278103088404322
PN00,PN00-2.edf,395,65.0,0,EEG_only,0.10972880518890583
PN00,PN00-2.edf,396,70.0,0,EEG_only,0.4470043187751069
PN00,PN00-2.edf,397,75.0,0,EEG_only,0.23059725158094713
PN00,PN00-2.edf,398,80.0,0,EEG_only,0.3897843742375756
PN00,PN00-2.edf,399,85.0,0,EEG_only,0.28956360099213546
PN00,PN00-2.edf,400,90.0,0,EEG_only,0.3045678837846021
PN00,PN00-2.edf,401,95.0,0,EEG_only,0.4304395156395414
PN00,PN00-2.edf,402,100.0,0,EEG_only,0.21995760552084073
PN00,PN00-2.edf,403,105.0,0,EEG_only,0.014896584896584896
PN00,PN00-2.edf,404,110.0,0,EEG_only,0.023380844645550524
PN00,PN00-2.edf,405,115.0,0,EEG_only,0.0380515628162687
PN00,PN00-2.edf,406,120.0,0,EEG_only,0.10844242677659235
PN00,PN00-2.edf,407,125.0,0,EEG_only,0.038945034935547275
PN00,PN00-2.edf,408,130.0,0,EEG_only,0.03025448489419078
PN00,PN00-2.edf,409,135.0,0,EEG_only,0.030096332861038744
PN00,PN00-2.edf,410,140.0,0,EEG_only,0.053738715183174884
PN00,PN00-2.edf,411,145.0,0,EEG_only,0.038517328382840714
PN00,PN00-2.edf,412,150.0,0,EEG_only,0.03620390569441804
PN00,PN00-2.edf,413,155.0,0,EEG_only,0.020210633664581035
PN00,PN00-2.edf,414,160.0,0,EEG_only,0.014244658119658119
PN00,PN00-2.edf,415,165.0,0,EEG_only,0.026817556082261967
PN00,PN00-2.edf,416,170.0,0,EEG_only,0.08900978013712905
PN00,PN00-2.edf,417,175.0,0,EEG_only,0.09666651657521223
PN00,PN00-2.edf,418,180.0,0,EEG_only,0.17295081498022669
PN00,PN00-2.edf,419,185.0,0,EEG_only,0.14445311034281624
PN00,PN00-2.edf,420,190.0,0,EEG_only,0.18748882887169777
PN00,PN00-2.edf,421,195.0,0,EEG_only,0.03513253447618773
PN00,PN00-2.edf,422,200.0,0,EEG_only,0.030314533033186278
PN00,PN00-2.edf,423,205.0,0,EEG_only,0.03763130252100841
PN00,PN00-2.edf,424,210.0,0,EEG_only,0.0
PN00,PN00-2.edf,425,215.0,0,EEG_only,0.0
PN00,PN00-2.edf,426,220.0,0,EEG_only,0.014119251119251119
PN00,PN00-2.edf,427,225.0,0,EEG_only,0.019897028897028893
PN00,PN00-2.edf,428,230.0,0,EEG_only,0.02329980667480668
PN00,PN00-2.edf,429,235.0,0,EEG_only,0.0649035094162803
PN00,PN00-2.edf,430,240.0,0,EEG_only,0.06137715062715062
PN00,PN00-2.edf,431,245.0,0,EEG_only,0.035393143893143894
PN00,PN00-2.edf,432,250.0,0,EEG_only,0.006111111111111111
PN00,PN00-2.edf,433,255.0,0,EEG_only,0.002777777777777778
PN00,PN00-2.edf,434,260.0,0,EEG_only,0.006085858585858586
PN00,PN00-2.edf,435,265.0,0,EEG_only,0.01244949494949495
PN00,PN00-2.edf,436,270.0,0,EEG_only,0.03257377329957976
PN00,PN00-2.edf,437,275.0,0,EEG_only,0.01867171717171717
PN00,PN00-2.edf,438,280.0,0,EEG_only,0.019573412698412698
PN00,PN00-2.edf,439,285.0,0,EEG_only,0.014720779220779221
PN00,PN00-2.edf,440,290.0,0,EEG_only,0.014484330484330484
PN00,PN00-2.edf,441,295.0,0,EEG_only,0.0031666666666666666
PN00,PN00-2.edf,442,300.0,0,EEG_only,0.015526418026418026
PN00,PN00-2.edf,443,305.0,0,EEG_only,0.012162781662781664
PN00,PN00-2.edf,444,310.0,0,EEG_only,0.02357018907018907
PN00,PN00-2.edf,445,315.0,0,EEG_only,0.009085858585858586
PN00,PN00-2.edf,446,320.0,0,EEG_only,0.04275952860492334
PN00,PN00-2.edf,447,325.0,0,EEG_only,0.014440559440559442
PN00,PN00-2.edf,448,330.0,0,EEG_only,0.012085858585858587
PN00,PN00-2.edf,449,335.0,0,EEG_only,0.011522366522366522
PN00,PN00-2.edf,450,340.0,0,EEG_only,0.04140349927849928
PN00,PN00-2.edf,451,345.0,0,EEG_only,0.04096763884263884
PN00,PN00-2.edf,452,350.0,0,EEG_only,0.023848555148555148
PN00,PN00-2.edf,453,355.0,0,EEG_only,0.012193084693084692
PN00,PN00-2.edf,454,360.0,0,EEG_only,0.009085858585858586
PN00,PN00-2.edf,455,365.0,0,EEG_only,0.020542748917748918
PN00,PN00-2.edf,456,370.0,0,EEG_only,0.05022974710474711
PN00,PN00-2.edf,457,375.0,0,EEG_only,0.13505904476250544
PN00,PN00-2.edf,458,380.0,0,EEG_only,0.12858172538647922
PN00,PN00-2.edf,459,385.0,0,EEG_only,0.023431637806637803
PN00,PN00-2.edf,460,390.0,0,EEG_only,0.017276334776334775
PN00,PN00-2.edf,461,395.0,0,EEG_only,0.011973304473304474
PN00,PN00-2.edf,462,400.0,0,EEG_only,0.14838974481108347
PN00,PN00-2.edf,463,405.0,0,EEG_only,0.17692680671028854
PN00,PN00-2.edf,464,410.0,0,EEG_only,0.04711619399119399
PN00,PN00-2.edf,465,415.0,0,EEG_only,0.022772366522366524
PN00,PN00-2.edf,466,420.0,0,EEG_only,0.022992604617604617
PN00,PN00-2.edf,467,425.0,0,EEG_only,0.01778282828282828
PN00,PN00-2.edf,468,430.0,0,EEG_only,0.014782828282828281
PN00,PN00-2.edf,469,435.0,0,EEG_only,0.046241237928737924
PN00,PN00-2.edf,470,440.0,0,EEG_only,0.014755170755170756
PN00,PN00-2.edf,471,445.0,0,EEG_only,0.015479797979797979
PN00,PN00-2.edf,472,450.0,0,EEG_only,0.011752525252525252
PN00,PN00-2.edf,473,455.0,0,EEG_only,0.07344367486801698
PN00,PN00-2.edf,474,460.0,0,EEG_only,0.039682274840169576
PN00,PN00-2.edf,475,465.0,0,EEG_only,0.020205109705109702
PN00,PN00-2.edf,476,470.0,0,EEG_only,0.06747882889213534
PN00,PN00-2.edf,477,475.0,0,EEG_only,0.0353262247012247
PN00,PN00-2.edf,478,480.0,0,EEG_only,0.03291881729381729
PN00,PN00-2.edf,479,485.0,0,EEG_only,0.05614641377141377
PN00,PN00-2.edf,480,490.0,0,EEG_only,0.023383560883560882
PN00,PN00-2.edf,481,495.0,0,EEG_only,0.03275856088356088
PN00,PN00-2.edf,482,500.0,0,EEG_only,0.02643911643911644
PN00,PN00-2.edf,483,505.0,0,EEG_only,0.0353262247012247
PN00,PN00-2.edf,484,510.0,0,EEG_only,0.02761722999222999
PN00,PN00-2.edf,485,515.0,0,EEG_only,0.09476236596135892
PN00,PN00-2.edf,486,520.0,0,EEG_only,0.13299634231638788
PN00,PN00-2.edf,487,525.0,0,EEG_only,0.14394593293818675
PN00,PN00-2.edf,488,530.0,0,EEG_only,0.02120697358197358
PN00,PN00-2.edf,489,535.0,0,EEG_only,0.012116161616161615
PN00,PN00-2.edf,490,540.0,0,EEG_only,0.0464716070966071
PN00,PN00-2.edf,491,545.0,0,EEG_only,0.029360412735412733
PN00,PN00-2.edf,492,550.0,0,EEG_only,0.10397045717440456
PN00,PN00-2.edf,493,555.0,0,EEG_only,0.05647974710474711
PN00,PN00-2.edf,494,560.0,0,EEG_only,0.038915968290968286
PN00,PN00-2.edf,495,565.0,0,EEG_only,0.047463670588670584
PN00,PN00-2.edf,496,570.0,0,EEG_only,0.03570200632700633
PN00,PN00-2.edf,497,575.0,0,EEG_only,0.023954448329448333
PN00,PN00-2.edf,498,580.0,0,EEG_only,0.02984189421689422
PN00,PN00-2.edf,499,585.0,0,EEG_only,0.029681637806637805
PN00,PN00-2.edf,500,590.0,0,EEG_only,0.05491009916009916
PN00,PN00-2.edf,501,595.0,0,EEG_only,0.035693829318829313
PN00,PN00-2.edf,502,600.0,0,EEG_only,0.02783597883597884
PN00,PN00-2.edf,503,605.0,0,EEG_only,0.17936685721685716
PN00,PN00-2.edf,504,610.0,0,EEG_only,0.28437201879716184
PN00,PN00-2.edf,505,615.0,0,EEG_only,0.10580046790127436
PN00,PN00-2.edf,506,620.0,0,EEG_only,0.08507437023665096
PN00,PN00-2.edf,507,625.0,0,EEG_only,0.09400959858854598
PN00,PN00-2.edf,508,630.0,0,EEG_only,0.038610412735412734
PN00,PN00-2.edf,509,635.0,0,EEG_only,0.023619671994671996
PN00,PN00-2.edf,510,640.0,0,EEG_only,0.02676497113997114
PN00,PN00-2.edf,511,645.0,0,EEG_only,0.07637842004172651
PN00,PN00-2.edf,512,650.0,0,EEG_only,0.04824289136789136
PN00,PN00-2.edf,513,655.0,0,EEG_only,0.14239145882131893
PN00,PN00-2.edf,514,660.0,0,EEG_only,0.10612562280548296
PN00,PN00-2.edf,515,665.0,0,EEG_only,0.017933825433825434
PN00,PN00-2.edf,516,670.0,0,EEG_only,0.10468179823159764
PN00,PN00-2.edf,517,675.0,0,EEG_only,0.07265311102762438
PN00,PN00-2.edf,518,680.0,0,EEG_only,0.020045177045177043
PN00,PN00-2.edf,519,685.0,0,EEG_only,0.02759875541125541
PN00,PN00-2.edf,520,690.0,0,EEG_only,0.030282370407370404
PN00,PN00-2.edf,521,695.0,0,EEG_only,0.04914388851888852
PN00,PN00-2.edf,522,700.0,0,EEG_only,0.13590108950189597
PN00,PN00-2.edf,523,705.0,0,EEG_only,0.09341244388825036
PN00,PN00-2.edf,524,710.0,0,EEG_only,0.03561041273541274
PN00,PN00-2.edf,525,715.0,0,EEG_only,0.012116161616161615
PN00,PN00-2.edf,526,720.0,0,EEG_only,0.03036079753579753
PN00,PN00-2.edf,527,725.0,0,EEG_only,0.049339717014230365
PN00,PN00-2.edf,528,730.0,0,EEG_only,0.044775839900839894
PN00,PN00-2.edf,529,735.0,0,EEG_only,0.044982497594997596
PN00,PN00-2.edf,530,740.0,0,EEG_only,0.00918109668109668
PN00,PN00-2.edf,531,745.0,0,EEG_only,0.154402401576257
PN00,PN00-2.edf,532,750.0,0,EEG_only,0.038659558034558034
PN00,PN00-2.edf,533,755.0,0,EEG_only,0.046127303168401364
PN00,PN00-2.edf,534,760.0,0,EEG_only,0.012218337218337219
PN00,PN00-2.edf,535,765.0,0,EEG_only,0.044909558034558025
PN00,PN00-2.edf,536,770.0,0,EEG_only,0.05064641377141377
PN00,PN00-2.edf,537,775.0,0,EEG_only,0.02764248251748252
PN00,PN00-2.edf,538,780.0,0,EEG_only,0.009085858585858586
PN00,PN00-2.edf,539,785.0,0,EEG_only,0.032624091186591195
PN00,PN00-2.edf,540,790.0,0,EEG_only,0.04450313329143974
PN00,PN00-2.edf,541,795.0,0,EEG_only,0.020380711880711878
PN00,PN00-2.edf,542,800.0,0,EEG_only,0.02650856088356088
PN00,PN00-2.edf,543,805.0,0,EEG_only,0.04930770618270618
PN00,PN00-2.edf,544,810.0,0,EEG_only,0.06367147050977696
PN00,PN00-2.edf,545,815.0,0,EEG_only,0.01226641414141414
PN00,PN00-2.edf,546,820.0,0,EEG_only,0.06499499614370303
PN00,PN00-2.edf,547,825.0,0,EEG_only,0.009285858585858585
PN00,PN00-2.edf,548,830.0,0,EEG_only,0.07965275696525698
PN00,PN00-2.edf,549,835.0,0,EEG_only,0.1275444550223953
PN00,PN00-2.edf,550,840.0,0,EEG_only,0.19336409584375533
PN00,PN00-2.edf,551,845.0,0,EEG_only,0.04470792195743531
PN00,PN00-2.edf,552,850.0,0,EEG_only,0.02082025012025012
PN00,PN00-2.edf,553,855.0,0,EEG_only,0.02373466810966811
PN00,PN00-2.edf,554,860.0,0,EEG_only,0.12825601445947518
PN00,PN00-2.edf,555,865.0,0,EEG_only,0.17984698245833783
PN00,PN00-2.edf,556,870.0,0,EEG_only,0.10322990420571067
PN00,PN00-2.edf,557,875.0,0,EEG_only,0.04967419154919155
PN00,PN00-2.edf,558,880.0,0,EEG_only,0.04476678414178414
PN00,PN00-2.edf,559,885.0,0,EEG_only,0.05589581930912575
PN00,PN00-2.edf,560,890.0,0,EEG_only,0.038659558034558034
PN00,PN00-2.edf,561,895.0,0,EEG_only,0.017512445887445886
PN00,PN00-2.edf,562,900.0,0,EEG_only,0.05314641377141378
PN00,PN00-2.edf,563,905.0,0,EEG_only,0.05098006145586791
PN00,PN00-2.edf,564,910.0,0,EEG_only,0.006085858585858586
PN00,PN00-2.edf,565,915.0,0,EEG_only,0.033448963844797175
PN00,PN00-2.edf,566,1220.0,1,EEG_only,0.2729235515671285
PN00,PN00-2.edf,567,1225.0,1,EEG_only,0.2824359771971496
PN00,PN00-2.edf,568,1230.0,1,EEG_only,0.30332723327202166
PN00,PN00-2.edf,569,1235.0,1,EEG_only,0.4339882276907818
PN00,PN00-2.edf,570,1240.0,1,EEG_only,0.9712729770229769
PN00,PN00-2.edf,571,1245.0,1,EEG_only,0.9737205387205387
PN00,PN00-2.edf,572,1250.0,1,EEG_only,1.0
PN00,PN00-2.edf,573,1255.0,1,EEG_only,0.9933333333333333
PN00,PN00-2.edf,574,1260.0,1,EEG_only,0.9833333333333333
PN00,PN00-2.edf,575,1265.0,1,EEG_only,0.99
PN00,PN00-2.edf,576,1270.0,1,EEG_only,0.9858333333333333
PN00,PN00-2.edf,577,1575.0,0,EEG_only,0.0
PN00,PN00-2.edf,578,1580.0,0,EEG_only,0.01913888888888889
PN00,PN00-2.edf,579,1585.0,0,EEG_only,0.0
PN00,PN00-2.edf,580,1590.0,0,EEG_only,0.0
PN00,PN00-2.edf,581,1595.0,0,EEG_only,0.0
PN00,PN00-2.edf,582,1600.0,0,EEG_only,0.0
PN00,PN00-2.edf,583,1605.0,0,EEG_only,0.011896825396825395
PN00,PN00-2.edf,584,1610.0,0,EEG_only,0.0
PN00,PN00-2.edf,585,1615.0,0,EEG_only,0.009267399267399267
PN00,PN00-2.edf,586,1620.0,0,EEG_only,0.0
PN00,PN00-2.edf,587,1625.0,0,EEG_only,0.0033333333333333335
PN00,PN00-2.edf,588,1630.0,0,EEG_only,0.0
PN00,PN00-2.edf,589,1635.0,0,EEG_only,0.0
PN00,PN00-2.edf,590,1640.0,0,EEG_only,0.005783475783475784
PN00,PN00-2.edf,591,1645.0,0,EEG_only,0.0
PN00,PN00-2.edf,592,1650.0,0,EEG_only,0.0
PN00,PN00-2.edf,593,1655.0,0,EEG_only,0.0
PN00,PN00-2.edf,594,1660.0,0,EEG_only,0.0
PN00,PN00-2.edf,595,1665.0,0,EEG_only,0.0
PN00,PN00-2.edf,596,1670.0,0,EEG_only,0.007944444444444445
PN00,PN00-2.edf,597,1675.0,0,EEG_only,0.0
PN00,PN00-2.edf,598,1680.0,0,EEG_only,0.0
PN00,PN00-2.edf,599,1685.0,0,EEG_only,0.0
PN00,PN00-2.edf,600,1690.0,0,EEG_only,0.0
PN00,PN00-2.edf,601,1695.0,0,EEG_only,0.0
PN00,PN00-2.edf,602,1700.0,0,EEG_only,0.39771915486092474
PN00,PN00-2.edf,603,1705.0,0,EEG_only,0.2026024227941152
PN00,PN00-2.edf,604,1710.0,0,EEG_only,0.21689804860792986
PN00,PN00-2.edf,605,1715.0,0,EEG_only,0.16019479006831938
PN00,PN00-2.edf,606,1720.0,0,EEG_only,0.07159989708359274
PN00,PN00-2.edf,607,1725.0,0,EEG_only,0.0
PN00,PN00-2.edf,608,1730.0,0,EEG_only,0.0019444444444444446
PN00,PN00-2.edf,609,1735.0,0,EEG_only,0.0
PN00,PN00-2.edf,610,1740.0,0,EEG_only,0.0
PN00,PN00-2.edf,611,1745.0,0,EEG_only,0.0
PN00,PN00-2.edf,612,1750.0,0,EEG_only,0.0
PN00,PN00-2.edf,613,1755.0,0,EEG_only,0.005138888888888889
PN00,PN00-2.edf,614,1760.0,0,EEG_only,0.005277777777777778
PN00,PN00-2.edf,615,1765.0,0,EEG_only,0.0
PN00,PN00-2.edf,616,1770.0,0,EEG_only,0.0
PN00,PN00-2.edf,617,1775.0,0,EEG_only,0.004861111111111111
PN00,PN00-2.edf,618,1780.0,0,EEG_only,0.0033333333333333335
PN00,PN00-2.edf,619,1785.0,0,EEG_only,0.0
PN00,PN00-2.edf,620,1790.0,0,EEG_only,0.0
PN00,PN00-2.edf,621,1795.0,0,EEG_only,0.0
PN00,PN00-2.edf,622,1800.0,0,EEG_only,0.0
PN00,PN00-2.edf,623,1805.0,0,EEG_only,0.0
PN00,PN00-2.edf,624,1810.0,0,EEG_only,0.0
PN00,PN00-2.edf,625,1815.0,0,EEG_only,0.0
PN00,PN00-2.edf,626,1820.0,0,EEG_only,0.0028205128205128203
PN00,PN00-2.edf,627,1825.0,0,EEG_only,0.0
PN00,PN00-2.edf,628,1830.0,0,EEG_only,0.0
PN00,PN00-2.edf,629,1835.0,0,EEG_only,0.0
PN00,PN00-2.edf,630,1840.0,0,EEG_only,0.0
PN00,PN00-2.edf,631,1845.0,0,EEG_only,0.006055555555555555
PN00,PN00-2.edf,632,1850.0,0,EEG_only,0.0
PN00,PN00-2.edf,633,1855.0,0,EEG_only,0.0
PN00,PN00-2.edf,634,1860.0,0,EEG_only,0.0
PN00,PN00-2.edf,635,1865.0,0,EEG_only,0.06270104417685064
PN00,PN00-2.edf,636,1870.0,0,EEG_only,0.008354700854700855
PN00,PN00-2.edf,637,1875.0,0,EEG_only,0.0
PN00,PN00-2.edf,638,1880.0,0,EEG_only,0.0
PN00,PN00-2.edf,639,1885.0,0,EEG_only,0.0
PN00,PN00-2.edf,640,1890.0,0,EEG_only,0.04201353325037536
PN00,PN00-2.edf,641,1895.0,0,EEG_only,0.021568151147098515
PN00,PN00-2.edf,642,1900.0,0,EEG_only,0.07731558241638886
PN00,PN00-2.edf,643,1905.0,0,EEG_only,0.08573259610759612
PN00,PN00-2.edf,644,1910.0,0,EEG_only,0.008194444444444445
PN00,PN00-2.edf,645,1915.0,0,EEG_only,0.03698779446360092
PN00,PN00-2.edf,646,1920.0,0,EEG_only,0.008993589743589743
PN00,PN00-2.edf,647,1925.0,0,EEG_only,0.0
PN00,PN00-2.edf,648,1930.0,0,EEG_only,0.0
PN00,PN00-2.edf,649,1935.0,0,EEG_only,0.006055555555555555
PN00,PN00-2.edf,650,1940.0,0,EEG_only,0.0
PN00,PN00-2.edf,651,1945.0,0,EEG_only,0.0
PN00,PN00-2.edf,652,1950.0,0,EEG_only,0.0
PN00,PN00-2.edf,653,1955.0,0,EEG_only,0.006055555555555555
PN00,PN00-2.edf,654,1960.0,0,EEG_only,0.0
PN00,PN00-2.edf,655,1965.0,0,EEG_only,0.0
PN00,PN00-2.edf,656,1970.0,0,EEG_only,0.0
PN00,PN00-2.edf,657,1975.0,0,EEG_only,0.0
PN00,PN00-2.edf,658,1980.0,0,EEG_only,0.0
PN00,PN00-2.edf,659,1985.0,0,EEG_only,0.0
PN00,PN00-2.edf,660,1990.0,0,EEG_only,0.0
PN00,PN00-2.edf,661,1995.0,0,EEG_only,0.0
PN00,PN00-2.edf,662,2000.0,0,EEG_only,0.002888888888888889
PN00,PN00-2.edf,663,2005.0,0,EEG_only,0.003076923076923077
PN00,PN00-2.edf,664,2010.0,0,EEG_only,0.0
PN00,PN00-2.edf,665,2015.0,0,EEG_only,0.0
PN00,PN00-2.edf,666,2020.0,0,EEG_only,0.0
PN00,PN00-2.edf,667,2025.0,0,EEG_only,0.003
PN00,PN00-2.edf,668,2030.0,0,EEG_only,0.002916666666666667
PN00,PN00-2.edf,669,2035.0,0,EEG_only,0.0
PN00,PN00-2.edf,670,2040.0,0,EEG_only,0.0
PN00,PN00-2.edf,671,2045.0,0,EEG_only,0.003
PN00,PN00-2.edf,672,2050.0,0,EEG_only,0.003
PN00,PN00-2.edf,673,2055.0,0,EEG_only,0.0
PN00,PN00-2.edf,674,2060.0,0,EEG_only,0.0
PN00,PN00-2.edf,675,2065.0,0,EEG_only,0.0
PN00,PN00-2.edf,676,2070.0,0,EEG_only,0.0019444444444444446
PN00,PN00-2.edf,677,2075.0,0,EEG_only,0.004861111111111111
PN00,PN00-2.edf,678,2080.0,0,EEG_only,0.12670220012290911
PN00,PN00-2.edf,679,2085.0,0,EEG_only,0.09908945819037097
PN00,PN00-2.edf,680,2090.0,0,EEG_only,0.12692111680888768
PN00,PN00-2.edf,681,2095.0,0,EEG_only,0.13480089432432166
PN00,PN00-2.edf,682,2100.0,0,EEG_only,0.4252383130574059
PN00,PN00-2.edf,683,2105.0,0,EEG_only,0.3634291613903597
PN00,PN00-2.edf,684,2110.0,0,EEG_only,0.005777777777777778
PN00,PN00-2.edf,685,2115.0,0,EEG_only,0.40909348528074124
PN00,PN00-2.edf,686,2120.0,0,EEG_only,0.43055781001382126
PN00,PN00-2.edf,687,2125.0,0,EEG_only,0.012023892773892774
PN00,PN00-2.edf,688,2130.0,0,EEG_only,0.009111111111111111
PN00,PN00-2.edf,689,2135.0,0,EEG_only,0.006
PN00,PN00-2.edf,690,2140.0,0,EEG_only,0.0
PN00,PN00-2.edf,691,2145.0,0,EEG_only,0.003076923076923077
PN00,PN00-2.edf,692,2150.0,0,EEG_only,0.00641025641025641
PN00,PN00-2.edf,693,2155.0,0,EEG_only,0.0033333333333333335
PN00,PN00-2.edf,694,2160.0,0,EEG_only,0.005808080808080808
PN00,PN00-2.edf,695,2165.0,0,EEG_only,0.0
PN00,PN00-2.edf,696,2170.0,0,EEG_only,0.0
PN00,PN00-2.edf,697,2175.0,0,EEG_only,0.2694420934004267
PN00,PN00-2.edf,698,2180.0,0,EEG_only,0.18277014445715775
PN00,PN00-2.edf,699,2185.0,0,EEG_only,0.0
PN00,PN00-2.edf,700,2190.0,0,EEG_only,0.0
PN00,PN00-2.edf,701,2195.0,0,EEG_only,0.0
PN00,PN00-2.edf,702,2200.0,0,EEG_only,0.0
PN00,PN00-2.edf,703,2205.0,0,EEG_only,0.0
PN00,PN00-2.edf,704,2210.0,0,EEG_only,0.0
PN00,PN00-2.edf,705,2215.0,0,EEG_only,0.0
PN00,PN00-2.edf,706,2220.0,0,EEG_only,0.0
PN00,PN00-2.edf,707,2225.0,0,EEG_only,0.012833333333333334
PN00,PN00-2.edf,708,2230.0,0,EEG_only,0.012632478632478633
PN00,PN00-2.edf,709,2235.0,0,EEG_only,0.0
PN00,PN00-2.edf,710,2240.0,0,EEG_only,0.00915079365079365
PN00,PN00-2.edf,711,2245.0,0,EEG_only,0.006666666666666667
PN00,PN00-2.edf,712,2250.0,0,EEG_only,0.0
PN00,PN00-2.edf,713,2255.0,0,EEG_only,0.006666666666666667
PN00,PN00-2.edf,714,2260.0,0,EEG_only,0.003076923076923077
PN00,PN00-2.edf,715,2265.0,0,EEG_only,0.0
PN00,PN00-2.edf,716,2270.0,0,EEG_only,0.0
PN00,PN00-2.edf,717,2275.0,0,EEG_only,0.0
PN00,PN00-2.edf,718,2280.0,0,EEG_only,0.009141414141414141
PN00,PN00-2.edf,719,2285.0,0,EEG_only,0.0
PN00,PN00-2.edf,720,2290.0,0,EEG_only,0.0
PN00,PN00-2.edf,721,2295.0,0,EEG_only,0.0
PN00,PN00-2.edf,722,2300.0,0,EEG_only,0.0
PN00,PN00-2.edf,394,60.0,0,ECG_only,0.027273809523809523
PN00,PN00-2.edf,395,65.0,0,ECG_only,0.01203885003885004
PN00,PN00-2.edf,396,70.0,0,ECG_only,0.09970457807797962
PN00,PN00-2.edf,397,75.0,0,ECG_only,0.05757425308895897
PN00,PN00-2.edf,398,80.0,0,ECG_only,0.08156986531986532
PN00,PN00-2.edf,399,85.0,0,ECG_only,0.18870138249550006
PN00,PN00-2.edf,400,90.0,0,ECG_only,0.15203700613112375
PN00,PN00-2.edf,401,95.0,0,ECG_only,0.1123806585334718
PN00,PN00-2.edf,402,100.0,0,ECG_only,0.2331105993479058
PN00,PN00-2.edf,403,105.0,0,ECG_only,0.23352272221242804
PN00,PN00-2.edf,404,110.0,0,ECG_only,0.21940197892063215
PN00,PN00-2.edf,405,115.0,0,ECG_only,0.22401950028815354
PN00,PN00-2.edf,406,120.0,0,ECG_only,0.203466213920584
PN00,PN00-2.edf,407,125.0,0,ECG_only,0.23080829914205522
PN00,PN00-2.edf,408,130.0,0,ECG_only,0.10067772287625229
PN00,PN00-2.edf,409,135.0,0,ECG_only,0.19495947679771203
PN00,PN00-2.edf,410,140.0,0,ECG_only,0.26166357171301374
PN00,PN00-2.edf,411,145.0,0,ECG_only,0.4962939943333164
PN00,PN00-2.edf,412,150.0,0,ECG_only,0.5192492763234281
PN00,PN00-2.edf,413,155.0,0,ECG_only,0.10749747012247013
PN00,PN00-2.edf,414,160.0,0,ECG_only,0.02451058201058201
PN00,PN00-2.edf,415,165.0,0,ECG_only,0.03881866281866282
PN00,PN00-2.edf,416,170.0,0,ECG_only,0.04224062049062049
PN00,PN00-2.edf,417,175.0,0,ECG_only,0.02051244588744589
PN00,PN00-2.edf,418,180.0,0,ECG_only,0.02051244588744589
PN00,PN00-2.edf,419,185.0,0,ECG_only,0.04248665223665223
PN00,PN00-2.edf,420,190.0,0,ECG_only,0.041879509379509385
PN00,PN00-2.edf,421,195.0,0,ECG_only,0.04580472305472306
PN00,PN00-2.edf,422,200.0,0,ECG_only,0.02152116402116402
PN00,PN00-2.edf,423,205.0,0,ECG_only,0.02175925925925926
PN00,PN00-2.edf,424,210.0,0,ECG_only,0.020547138047138046
PN00,PN00-2.edf,425,215.0,0,ECG_only,0.0508949938949939
PN00,PN00-2.edf,426,220.0,0,ECG_only,0.017814814814814815
PN00,PN00-2.edf,427,225.0,0,ECG_only,0.02345310245310245
PN00,PN00-2.edf,428,230.0,0,ECG_only,0.022457394457394454
PN00,PN00-2.edf,429,235.0,0,ECG_only,0.03253246753246753
PN00,PN00-2.edf,430,240.0,0,ECG_only,0.034661255411255414
PN00,PN00-2.edf,431,245.0,0,ECG_only,0.0496380563880564
PN00,PN00-2.edf,432,250.0,0,ECG_only,0.04057151182151182
PN00,PN00-2.edf,433,255.0,0,ECG_only,0.043904845154845155
PN00,PN00-2.edf,434,260.0,0,ECG_only,0.04670093795093795
PN00,PN00-2.edf,435,265.0,0,ECG_only,0.030827922077922072
PN00,PN00-2.edf,436,270.0,0,ECG_only,0.031304112554112556
PN00,PN00-2.edf,437,275.0,0,ECG_only,0.0329491341991342
PN00,PN00-2.edf,438,280.0,0,ECG_only,0.04419994588744589
PN00,PN00-2.edf,439,285.0,0,ECG_only,0.039987824675324676
PN00,PN00-2.edf,440,290.0,0,ECG_only,0.024994588744588743
PN00,PN00-2.edf,441,295.0,0,ECG_only,0.01817911255411255
PN00,PN00-2.edf,442,300.0,0,ECG_only,0.03453327922077922
PN00,PN00-2.edf,443,305.0,0,ECG_only,0.03096185064935065
PN00,PN00-2.edf,444,310.0,0,ECG_only,0.03766666666666666
PN00,PN00-2.edf,445,315.0,0,ECG_only,0.02503030303030303
PN00,PN00-2.edf,446,320.0,0,ECG_only,0.033190476190476194
PN00,PN00-2.edf,447,325.0,0,ECG_only,0.014054112554112553
PN00,PN00-2.edf,448,330.0,0,ECG_only,0.017387445887445886
PN00,PN00-2.edf,449,335.0,0,ECG_only,0.04608328245828246
PN00,PN00-2.edf,450,340.0,0,ECG_only,0.03718302993302994
PN00,PN00-2.edf,451,345.0,0,ECG_only,0.0294257548007548
PN00,PN00-2.edf,452,350.0,0,ECG_only,0.029477262773458423
PN00,PN00-2.edf,453,355.0,0,ECG_only,0.0267246965996966
PN00,PN00-2.edf,454,360.0,0,ECG_only,0.008523809523809524
PN00,PN00-2.edf,455,365.0,0,ECG_only,0.008696969696969698
PN00,PN00-2.edf,456,370.0,0,ECG_only,0.013942067736185382
PN00,PN00-2.edf,457,375.0,0,ECG_only,0.02992824169294758
PN00,PN00-2.edf,458,380.0,0,ECG_only,0.017919694684400567
PN00,PN00-2.edf,459,385.0,0,ECG_only,0.02747596847596848
PN00,PN00-2.edf,460,390.0,0,ECG_only,0.014887445887445887
PN00,PN00-2.edf,461,395.0,0,ECG_only,0.01822077922077922
PN00,PN00-2.edf,462,400.0,0,ECG_only,0.042738178488178485
PN00,PN00-2.edf,463,405.0,0,ECG_only,0.017804112554112555
PN00,PN00-2.edf,464,410.0,0,ECG_only,0.02103614767585356
PN00,PN00-2.edf,465,415.0,0,ECG_only,0.020637445887445885
PN00,PN00-2.edf,466,420.0,0,ECG_only,0.0848185751058558
PN00,PN00-2.edf,467,425.0,0,ECG_only,0.020816017316017316
PN00,PN00-2.edf,468,430.0,0,ECG_only,0.027804112554112557
PN00,PN00-2.edf,469,435.0,0,ECG_only,0.022387445887445886
PN00,PN00-2.edf,470,440.0,0,ECG_only,0.05043903318903319
PN00,PN00-2.edf,471,445.0,0,ECG_only,0.0402928182928183
PN00,PN00-2.edf,472,450.0,0,ECG_only,0.038031746031746035
PN00,PN00-2.edf,473,455.0,0,ECG_only,0.022554112554112552
PN00,PN00-2.edf,474,460.0,0,ECG_only,0.043543650793650794
PN00,PN00-2.edf,475,465.0,0,ECG_only,0.002857142857142857
PN00,PN00-2.edf,476,470.0,0,ECG_only,0.005912698412698412
PN00,PN00-2.edf,477,475.0,0,ECG_only,0.015912698412698413
PN00,PN00-2.edf,478,480.0,0,ECG_only,0.18408095861465423
PN00,PN00-2.edf,479,485.0,0,ECG_only,0.018229700854700857
PN00,PN00-2.edf,480,490.0,0,ECG_only,0.04864314579755757
PN00,PN00-2.edf,481,495.0,0,ECG_only,0.3384335425403031
PN00,PN00-2.edf,482,500.0,0,ECG_only,0.06328087149778326
PN00,PN00-2.edf,483,505.0,0,ECG_only,0.2820170508410028
PN00,PN00-2.edf,484,510.0,0,ECG_only,0.550676113355923
PN00,PN00-2.edf,485,515.0,0,ECG_only,0.25675725772049296
PN00,PN00-2.edf,486,520.0,0,ECG_only,0.18234422132946493
PN00,PN00-2.edf,487,525.0,0,ECG_only,0.2094033042218811
PN00,PN00-2.edf,488,530.0,0,ECG_only,0.2812989586183365
PN00,PN00-2.edf,489,535.0,0,ECG_only,0.2051541501108849
PN00,PN00-2.edf,490,540.0,0,ECG_only,0.2043844738892737
PN00,PN00-2.edf,491,545.0,0,ECG_only,0.04712928153717628
PN00,PN00-2.edf,492,550.0,0,ECG_only,0.046129465833556225
PN00,PN00-2.edf,493,555.0,0,ECG_only,0.05231672886292451
PN00,PN00-2.edf,494,560.0,0,ECG_only,0.030738565162907266
PN00,PN00-2.edf,495,565.0,0,ECG_only,0.0749364757182364
PN00,PN00-2.edf,496,570.0,0,ECG_only,0.20855346421267573
PN00,PN00-2.edf,497,575.0,0,ECG_only,0.18596776432891088
PN00,PN00-2.edf,498,580.0,0,ECG_only,0.3494516946314945
PN00,PN00-2.edf,499,585.0,0,ECG_only,0.2551099695274887
PN00,PN00-2.edf,500,590.0,0,ECG_only,0.0489922660235623
PN00,PN00-2.edf,501,595.0,0,ECG_only,0.04368650793650794
PN00,PN00-2.edf,502,600.0,0,ECG_only,0.27592435849174973
PN00,PN00-2.edf,503,605.0,0,ECG_only,0.37882011863116316
PN00,PN00-2.edf,504,610.0,0,ECG_only,0.4242817786551801
PN00,PN00-2.edf,505,615.0,0,ECG_only,0.2559109031426638
PN00,PN00-2.edf,506,620.0,0,ECG_only,0.23912618745988312
PN00,PN00-2.edf,507,625.0,0,ECG_only,0.2122711581382129
PN00,PN00-2.edf,508,630.0,0,ECG_only,0.1380995520582477
PN00,PN00-2.edf,509,635.0,0,ECG_only,0.0400477022977023
PN00,PN00-2.edf,510,640.0,0,ECG_only,0.07773229548229549
PN00,PN00-2.edf,511,645.0,0,ECG_only,0.16546575992445556
PN00,PN00-2.edf,512,650.0,0,ECG_only,0.16522812256181818
PN00,PN00-2.edf,513,655.0,0,ECG_only,0.1089824175824176
PN00,PN00-2.edf,514,660.0,0,ECG_only,0.012611111111111111
PN00,PN00-2.edf,515,665.0,0,ECG_only,0.018283068783068783
PN00,PN00-2.edf,516,670.0,0,ECG_only,0.04414670705111882
PN00,PN00-2.edf,517,675.0,0,ECG_only,0.0625114378375248
PN00,PN00-2.edf,518,680.0,0,ECG_only,0.05291694076327944
PN00,PN00-2.edf,519,685.0,0,ECG_only,0.15694942475824825
PN00,PN00-2.edf,520,690.0,0,ECG_only,0.20775284385800602
PN00,PN00-2.edf,521,695.0,0,ECG_only,0.14076754177905074
PN00,PN00-2.edf,522,700.0,0,ECG_only,0.19247212895388957
PN00,PN00-2.edf,523,705.0,0,ECG_only,0.07092938276034252
PN00,PN00-2.edf,524,710.0,0,ECG_only,0.3701546929277579
PN00,PN00-2.edf,525,715.0,0,ECG_only,0.26983493147262605
PN00,PN00-2.edf,526,720.0,0,ECG_only,0.27274535982709464
PN00,PN00-2.edf,527,725.0,0,ECG_only,0.2232277731731917
PN00,PN00-2.edf,528,730.0,0,ECG_only,0.20639243912665073
PN00,PN00-2.edf,529,735.0,0,ECG_only,0.1935847929067238
PN00,PN00-2.edf,530,740.0,0,ECG_only,0.12503135349840827
PN00,PN00-2.edf,531,745.0,0,ECG_only,0.05386643308382439
PN00,PN00-2.edf,532,750.0,0,ECG_only,0.02753800174209213
PN00,PN00-2.edf,533,755.0,0,ECG_only,0.025743596681096683
PN00,PN00-2.edf,534,760.0,0,ECG_only,0.028437016908212563
PN00,PN00-2.edf,535,765.0,0,ECG_only,0.015368055555555555
PN00,PN00-2.edf,536,770.0,0,ECG_only,0.002857142857142857
PN00,PN00-2.edf,537,775.0,0,ECG_only,0.006188034188034188
PN00,PN00-2.edf,538,780.0,0,ECG_only,0.01181547619047619
PN00,PN00-2.edf,539,785.0,0,ECG_only,0.04322817460317461
PN00,PN00-2.edf,540,790.0,0,ECG_only,0.02656150793650794
PN00,PN00-2.edf,541,795.0,0,ECG_only,0.0359491341991342
PN00,PN00-2.edf,542,800.0,0,ECG_only,0.03975865800865801
PN00,PN00-2.edf,543,805.0,0,ECG_only,0.03975865800865801
PN00,PN00-2.edf,544,810.0,0,ECG_only,0.05436785436785437
PN00,PN00-2.edf,545,815.0,0,ECG_only,0.038592675842675846
PN00,PN00-2.edf,546,820.0,0,ECG_only,0.21669250917894178
PN00,PN00-2.edf,547,825.0,0,ECG_only,0.17036663227420357
PN00,PN00-2.edf,548,830.0,0,ECG_only,0.14411622379915742
PN00,PN00-2.edf,549,835.0,0,ECG_only,0.12137284050504953
PN00,PN00-2.edf,550,840.0,0,ECG_only,0.16628516837548163
PN00,PN00-2.edf,551,845.0,0,ECG_only,0.13222889755290648
PN00,PN00-2.edf,552,850.0,0,ECG_only,0.05276358755978322
PN00,PN00-2.edf,553,855.0,0,ECG_only,0.06871576299517478
PN00,PN00-2.edf,554,860.0,0,ECG_only,0.09970586222056811
PN00,PN00-2.edf,555,865.0,0,ECG_only,0.07100208778149955
PN00,PN00-2.edf,556,870.0,0,ECG_only,0.14006582338125387
PN00,PN00-2.edf,557,875.0,0,ECG_only,0.06834417323228066
PN00,PN00-2.edf,558,880.0,0,ECG_only,0.03306734484910552
PN00,PN00-2.edf,559,885.0,0,ECG_only,0.024150687476774436
PN00,PN00-2.edf,560,890.0,0,ECG_only,0.046158399015496204
PN00,PN00-2.edf,561,895.0,0,ECG_only,0.04010559669798801
PN00,PN00-2.edf,562,900.0,0,ECG_only,0.04477432013141733
PN00,PN00-2.edf,563,905.0,0,ECG_only,0.024363103080494386
PN00,PN00-2.edf,564,910.0,0,ECG_only,0.03076875625085344
PN00,PN00-2.edf,565,915.0,0,ECG_only,0.06297194826390097
PN00,PN00-2.edf,566,1220.0,1,ECG_only,0.03266125541125541
PN00,PN00-2.edf,567,1225.0,1,ECG_only,0.15452722468225893
PN00,PN00-2.edf,568,1230.0,1,ECG_only,0.09949435427491454
PN00,PN00-2.edf,569,1235.0,1,ECG_only,0.2988732488815473
PN00,PN00-2.edf,570,1240.0,1,ECG_only,0.16975267978209152
PN00,PN00-2.edf,571,1245.0,1,ECG_only,0.14907390485331662
PN00,PN00-2.edf,572,1250.0,1,ECG_only,0.09244698405882616
PN00,PN00-2.edf,573,1255.0,1,ECG_only,0.17833120012512427
PN00,PN00-2.edf,574,1260.0,1,ECG_only,0.20891573498024735
PN00,PN00-2.edf,575,1265.0,1,ECG_only,0.19467553001550675
PN00,PN00-2.edf,576,1270.0,1,ECG_only,0.3383376356285561
PN00,PN00-2.edf,577,1575.0,0,ECG_only,0.02785942760942761
PN00,PN00-2.edf,578,1580.0,0,ECG_only,0.00913752913752914
PN00,PN00-2.edf,579,1585.0,0,ECG_only,0.012215909090909092
PN00,PN00-2.edf,580,1590.0,0,ECG_only,0.012215909090909092
PN00,PN00-2.edf,581,1595.0,0,ECG_only,0.00918560606060606
PN00,PN00-2.edf,582,1600.0,0,ECG_only,0.01240530303030303
PN00,PN00-2.edf,583,1605.0,0,ECG_only,0.006155303030303031
PN00,PN00-2.edf,584,1610.0,0,ECG_only,0.01240530303030303
PN00,PN00-2.edf,585,1615.0,0,ECG_only,0.02438510101010101
PN00,PN00-2.edf,586,1620.0,0,ECG_only,0.015132575757575758
PN00,PN00-2.edf,587,1625.0,0,ECG_only,0.015132575757575758
PN00,PN00-2.edf,588,1630.0,0,ECG_only,0.021623803827751198
PN00,PN00-2.edf,589,1635.0,0,ECG_only,0.021623803827751198
PN00,PN00-2.edf,590,1640.0,0,ECG_only,0.024768638619445074
PN00,PN00-2.edf,591,1645.0,0,ECG_only,0.015132575757575758
PN00,PN00-2.edf,592,1650.0,0,ECG_only,0.015132575757575758
PN00,PN00-2.edf,593,1655.0,0,ECG_only,0.015132575757575758
PN00,PN00-2.edf,594,1660.0,0,ECG_only,0.015132575757575758
PN00,PN00-2.edf,595,1665.0,0,ECG_only,0.015132575757575758
PN00,PN00-2.edf,596,1670.0,0,ECG_only,0.006155303030303031
PN00,PN00-2.edf,597,1675.0,0,ECG_only,0.0
PN00,PN00-2.edf,598,1680.0,0,ECG_only,0.0
PN00,PN00-2.edf,599,1685.0,0,ECG_only,0.0
PN00,PN00-2.edf,600,1690.0,0,ECG_only,0.0
PN00,PN00-2.edf,601,1695.0,0,ECG_only,0.0
PN00,PN00-2.edf,602,1700.0,0,ECG_only,0.02874062049062049
PN00,PN00-2.edf,603,1705.0,0,ECG_only,0.019
PN00,PN00-2.edf,604,1710.0,0,ECG_only,0.033874257278669044
PN00,PN00-2.edf,605,1715.0,0,ECG_only,0.040630745864441514
PN00,PN00-2.edf,606,1720.0,0,ECG_only,0.024831244439940094
PN00,PN00-2.edf,607,1725.0,0,ECG_only,0.012474747474747474
PN00,PN00-2.edf,608,1730.0,0,ECG_only,0.01877104377104377
PN00,PN00-2.edf,609,1735.0,0,ECG_only,0.011696969696969695
PN00,PN00-2.edf,610,1740.0,0,ECG_only,0.015141414141414143
PN00,PN00-2.edf,611,1745.0,0,ECG_only,0.07625483912945213
PN00,PN00-2.edf,612,1750.0,0,ECG_only,0.06069378906840207
PN00,PN00-2.edf,613,1755.0,0,ECG_only,0.06374934462395764
PN00,PN00-2.edf,614,1760.0,0,ECG_only,0.04657656098058575
PN00,PN00-2.edf,615,1765.0,0,ECG_only,0.003157894736842105
PN00,PN00-2.edf,616,1770.0,0,ECG_only,0.0
PN00,PN00-2.edf,617,1775.0,0,ECG_only,0.0
PN00,PN00-2.edf,618,1780.0,0,ECG_only,0.0
PN00,PN00-2.edf,619,1785.0,0,ECG_only,0.0
PN00,PN00-2.edf,620,1790.0,0,ECG_only,0.0030303030303030303
PN00,PN00-2.edf,621,1795.0,0,ECG_only,0.008882575757575758
PN00,PN00-2.edf,622,1800.0,0,ECG_only,0.008882575757575758
PN00,PN00-2.edf,623,1805.0,0,ECG_only,0.008882575757575758
PN00,PN00-2.edf,624,1810.0,0,ECG_only,0.008882575757575758
PN00,PN00-2.edf,625,1815.0,0,ECG_only,0.008882575757575758
PN00,PN00-2.edf,626,1820.0,0,ECG_only,0.008882575757575758
PN00,PN00-2.edf,627,1825.0,0,ECG_only,0.008882575757575758
PN00,PN00-2.edf,628,1830.0,0,ECG_only,0.008882575757575758
PN00,PN00-2.edf,629,1835.0,0,ECG_only,0.008882575757575758
PN00,PN00-2.edf,630,1840.0,0,ECG_only,0.008882575757575758
PN00,PN00-2.edf,631,1845.0,0,ECG_only,0.014163961038961038
PN00,PN00-2.edf,632,1850.0,0,ECG_only,0.005852272727272728
PN00,PN00-2.edf,633,1855.0,0,ECG_only,0.027462024087024084
PN00,PN00-2.edf,634,1860.0,0,ECG_only,0.018257575757575757
PN00,PN00-2.edf,635,1865.0,0,ECG_only,0.018465909090909092
PN00,PN00-2.edf,636,1870.0,0,ECG_only,0.03383929204323941
PN00,PN00-2.edf,637,1875.0,0,ECG_only,0.01240530303030303
PN00,PN00-2.edf,638,1880.0,0,ECG_only,0.01240530303030303
PN00,PN00-2.edf,639,1885.0,0,ECG_only,0.009096479500891265
PN00,PN00-2.edf,640,1890.0,0,ECG_only,0.0030303030303030303
PN00,PN00-2.edf,641,1895.0,0,ECG_only,0.006155303030303031
PN00,PN00-2.edf,642,1900.0,0,ECG_only,0.0
PN00,PN00-2.edf,643,1905.0,0,ECG_only,0.0
PN00,PN00-2.edf,644,1910.0,0,ECG_only,0.0
PN00,PN00-2.edf,645,1915.0,0,ECG_only,0.0
PN00,PN00-2.edf,646,1920.0,0,ECG_only,0.0
PN00,PN00-2.edf,647,1925.0,0,ECG_only,0.0
PN00,PN00-2.edf,648,1930.0,0,ECG_only,0.0
PN00,PN00-2.edf,649,1935.0,0,ECG_only,0.0
PN00,PN00-2.edf,650,1940.0,0,ECG_only,0.0
PN00,PN00-2.edf,651,1945.0,0,ECG_only,0.006155303030303031
PN00,PN00-2.edf,652,1950.0,0,ECG_only,0.006155303030303031
PN00,PN00-2.edf,653,1955.0,0,ECG_only,0.006155303030303031
PN00,PN00-2.edf,654,1960.0,0,ECG_only,0.01240530303030303
PN00,PN00-2.edf,655,1965.0,0,ECG_only,0.01240530303030303
PN00,PN00-2.edf,656,1970.0,0,ECG_only,0.006155303030303031
PN00,PN00-2.edf,657,1975.0,0,ECG_only,0.0030303030303030303
PN00,PN00-2.edf,658,1980.0,0,ECG_only,0.006155303030303031
PN00,PN00-2.edf,659,1985.0,0,ECG_only,0.006155303030303031
PN00,PN00-2.edf,660,1990.0,0,ECG_only,0.0030303030303030303
PN00,PN00-2.edf,661,1995.0,0,ECG_only,0.0
PN00,PN00-2.edf,662,2000.0,0,ECG_only,0.0
PN00,PN00-2.edf,663,2005.0,0,ECG_only,0.0
PN00,PN00-2.edf,664,2010.0,0,ECG_only,0.0
PN00,PN00-2.edf,665,2015.0,0,ECG_only,0.0
PN00,PN00-2.edf,666,2020.0,0,ECG_only,0.0
PN00,PN00-2.edf,667,2025.0,0,ECG_only,0.0
PN00,PN00-2.edf,668,2030.0,0,ECG_only,0.0
PN00,PN00-2.edf,669,2035.0,0,ECG_only,0.0
PN00,PN00-2.edf,670,2040.0,0,ECG_only,0.0
PN00,PN00-2.edf,671,2045.0,0,ECG_only,0.0
PN00,PN00-2.edf,672,2050.0,0,ECG_only,0.0
PN00,PN00-2.edf,673,2055.0,0,ECG_only,0.0
PN00,PN00-2.edf,674,2060.0,0,ECG_only,0.0
PN00,PN00-2.edf,675,2065.0,0,ECG_only,0.0
PN00,PN00-2.edf,676,2070.0,0,ECG_only,0.0
PN00,PN00-2.edf,677,2075.0,0,ECG_only,0.0
PN00,PN00-2.edf,678,2080.0,0,ECG_only,0.11108325998238279
PN00,PN00-2.edf,679,2085.0,0,ECG_only,0.10067638463474375
PN00,PN00-2.edf,680,2090.0,0,ECG_only,0.1680092848807514
PN00,PN00-2.edf,681,2095.0,0,ECG_only,0.18346556334573103
PN00,PN00-2.edf,682,2100.0,0,ECG_only,0.10212247158197368
PN00,PN00-2.edf,683,2105.0,0,ECG_only,0.11495608275923809
PN00,PN00-2.edf,684,2110.0,0,ECG_only,0.08882427791793117
PN00,PN00-2.edf,685,2115.0,0,ECG_only,0.07458672331252976
PN00,PN00-2.edf,686,2120.0,0,ECG_only,0.04751463351463352
PN00,PN00-2.edf,687,2125.0,0,ECG_only,0.04725822325822326
PN00,PN00-2.edf,688,2130.0,0,ECG_only,0.04015384615384616
PN00,PN00-2.edf,689,2135.0,0,ECG_only,0.05726535828006417
PN00,PN00-2.edf,690,2140.0,0,ECG_only,0.03431328257798846
PN00,PN00-2.edf,691,2145.0,0,ECG_only,0.06099040911502211
PN00,PN00-2.edf,692,2150.0,0,ECG_only,0.0408232701537655
PN00,PN00-2.edf,693,2155.0,0,ECG_only,0.0
PN00,PN00-2.edf,694,2160.0,0,ECG_only,0.0059191919191919195
PN00,PN00-2.edf,695,2165.0,0,ECG_only,0.0059191919191919195
PN00,PN00-2.edf,696,2170.0,0,ECG_only,0.036249518999519004
PN00,PN00-2.edf,697,2175.0,0,ECG_only,0.0
PN00,PN00-2.edf,698,2180.0,0,ECG_only,0.0
PN00,PN00-2.edf,699,2185.0,0,ECG_only,0.0
PN00,PN00-2.edf,700,2190.0,0,ECG_only,0.0
PN00,PN00-2.edf,701,2195.0,0,ECG_only,0.0
PN00,PN00-2.edf,702,2200.0,0,ECG_only,0.0
PN00,PN00-2.edf,703,2205.0,0,ECG_only,0.0
PN00,PN00-2.edf,704,2210.0,0,ECG_only,0.0
PN00,PN00-2.edf,705,2215.0,0,ECG_only,0.0
PN00,PN00-2.edf,706,2220.0,0,ECG_only,0.0
PN00,PN00-2.edf,707,2225.0,0,ECG_only,0.0
PN00,PN00-2.edf,708,2230.0,0,ECG_only,0.0
PN00,PN00-2.edf,709,2235.0,0,ECG_only,0.0
PN00,PN00-2.edf,710,2240.0,0,ECG_only,0.0
PN00,PN00-2.edf,711,2245.0,0,ECG_only,0.0
PN00,PN00-2.edf,712,2250.0,0,ECG_only,0.0
PN00,PN00-2.edf,713,2255.0,0,ECG_only,0.0
PN00,PN00-2.edf,714,2260.0,0,ECG_only,0.0
PN00,PN00-2.edf,715,2265.0,0,ECG_only,0.0
PN00,PN00-2.edf,716,2270.0,0,ECG_only,0.0
PN00,PN00-2.edf,717,2275.0,0,ECG_only,0.0
PN00,PN00-2.edf,718,2280.0,0,ECG_only,0.0
PN00,PN00-2.edf,719,2285.0,0,ECG_only,0.0
PN00,PN00-2.edf,720,2290.0,0,ECG_only,0.0
PN00,PN00-2.edf,721,2295.0,0,ECG_only,0.0
PN00,PN00-2.edf,722,2300.0,0,ECG_only,0.00641025641025641
PN00,PN00-2.edf,394,60.0,0,Early_fusion,0.06615520557587122
PN00,PN00-2.edf,395,65.0,0,Early_fusion,0.15158047044258338
PN00,PN00-2.edf,396,70.0,0,Early_fusion,0.34100582080379227
PN00,PN00-2.edf,397,75.0,0,Early_fusion,0.33563168269638854
PN00,PN00-2.edf,398,80.0,0,Early_fusion,0.3986552614052613
PN00,PN00-2.edf,399,85.0,0,Early_fusion,0.3715940937230411
PN00,PN00-2.edf,400,90.0,0,Early_fusion,0.37174179850650435
PN00,PN00-2.edf,401,95.0,0,Early_fusion,0.4732638900149771
PN00,PN00-2.edf,402,100.0,0,Early_fusion,0.33817451481690614
PN00,PN00-2.edf,403,105.0,0,Early_fusion,0.03993685067369278
PN00,PN00-2.edf,404,110.0,0,Early_fusion,0.07713967003206135
PN00,PN00-2.edf,405,115.0,0,Early_fusion,0.07116863482733049
PN00,PN00-2.edf,406,120.0,0,Early_fusion,0.16202821567762335
PN00,PN00-2.edf,407,125.0,0,Early_fusion,0.05154333420202986
PN00,PN00-2.edf,408,130.0,0,Early_fusion,0.04903387144256709
PN00,PN00-2.edf,409,135.0,0,Early_fusion,0.06086761177630744
PN00,PN00-2.edf,410,140.0,0,Early_fusion,0.10121712535182718
PN00,PN00-2.edf,411,145.0,0,Early_fusion,0.09547979126348692
PN00,PN00-2.edf,412,150.0,0,Early_fusion,0.09359127398366529
PN00,PN00-2.edf,413,155.0,0,Early_fusion,0.027322039072039075
PN00,PN00-2.edf,414,160.0,0,Early_fusion,0.011847763347763348
PN00,PN00-2.edf,415,165.0,0,Early_fusion,0.03559730547230547
PN00,PN00-2.edf,416,170.0,0,Early_fusion,0.06989064693476459
PN00,PN00-2.edf,417,175.0,0,Early_fusion,0.07402713082124847
PN00,PN00-2.edf,418,180.0,0,Early_fusion,0.10314747670630023
PN00,PN00-2.edf,419,185.0,0,Early_fusion,0.08624147530029883
PN00,PN00-2.edf,420,190.0,0,Early_fusion,0.12211776485103054
PN00,PN00-2.edf,421,195.0,0,Early_fusion,0.0328246151996152
PN00,PN00-2.edf,422,200.0,0,Early_fusion,0.027377067377067375
PN00,PN00-2.edf,423,205.0,0,Early_fusion,0.021631035631035633
PN00,PN00-2.edf,424,210.0,0,Early_fusion,0.0
PN00,PN00-2.edf,425,215.0,0,Early_fusion,0.0
PN00,PN00-2.edf,426,220.0,0,Early_fusion,0.008976851851851852
PN00,PN00-2.edf,427,225.0,0,Early_fusion,0.02376569896964634
PN00,PN00-2.edf,428,230.0,0,Early_fusion,0.020410714285714286
PN00,PN00-2.edf,429,235.0,0,Early_fusion,0.03562850140056024
PN00,PN00-2.edf,430,240.0,0,Early_fusion,0.05502106424707044
PN00,PN00-2.edf,431,245.0,0,Early_fusion,0.03027892648287385
PN00,PN00-2.edf,432,250.0,0,Early_fusion,0.012542735042735042
PN00,PN00-2.edf,433,255.0,0,Early_fusion,0.015880116959064328
PN00,PN00-2.edf,434,260.0,0,Early_fusion,0.003157894736842105
PN00,PN00-2.edf,435,265.0,0,Early_fusion,0.022521367521367523
PN00,PN00-2.edf,436,270.0,0,Early_fusion,0.03311134406529144
PN00,PN00-2.edf,437,275.0,0,Early_fusion,0.0157991452991453
PN00,PN00-2.edf,438,280.0,0,Early_fusion,0.021797785547785546
PN00,PN00-2.edf,439,285.0,0,Early_fusion,0.015586669665617035
PN00,PN00-2.edf,440,290.0,0,Early_fusion,0.020920002998950367
PN00,PN00-2.edf,441,295.0,0,Early_fusion,0.014784881784881784
PN00,PN00-2.edf,442,300.0,0,Early_fusion,0.018619658119658117
PN00,PN00-2.edf,443,305.0,0,Early_fusion,0.02743992751887489
PN00,PN00-2.edf,444,310.0,0,Early_fusion,0.015236111111111112
PN00,PN00-2.edf,445,315.0,0,Early_fusion,0.009380116959064327
PN00,PN00-2.edf,446,320.0,0,Early_fusion,0.04618738859180035
PN00,PN00-2.edf,447,325.0,0,Early_fusion,0.02761732711732712
PN00,PN00-2.edf,448,330.0,0,Early_fusion,0.021054923633871
PN00,PN00-2.edf,449,335.0,0,Early_fusion,0.01244949494949495
PN00,PN00-2.edf,450,340.0,0,Early_fusion,0.031593337218337215
PN00,PN00-2.edf,451,345.0,0,Early_fusion,0.051394292598239966
PN00,PN00-2.edf,452,350.0,0,Early_fusion,0.021840610370022138
PN00,PN00-2.edf,453,355.0,0,Early_fusion,0.012188034188034188
PN00,PN00-2.edf,454,360.0,0,Early_fusion,0.024582784661732027
PN00,PN00-2.edf,455,365.0,0,Early_fusion,0.021552481631429
PN00,PN00-2.edf,456,370.0,0,Early_fusion,0.07376442246836985
PN00,PN00-2.edf,457,375.0,0,Early_fusion,0.1448982915855046
PN00,PN00-2.edf,458,380.0,0,Early_fusion,0.11737031955753262
PN00,PN00-2.edf,459,385.0,0,Early_fusion,0.031256185335132705
PN00,PN00-2.edf,460,390.0,0,Early_fusion,0.02788581496476233
PN00,PN00-2.edf,461,395.0,0,Early_fusion,0.018169679248626617
PN00,PN00-2.edf,462,400.0,0,Early_fusion,0.11709258957628525
PN00,PN00-2.edf,463,405.0,0,Early_fusion,0.12651664101504254
PN00,PN00-2.edf,464,410.0,0,Early_fusion,0.06037553357948095
PN00,PN00-2.edf,465,415.0,0,Early_fusion,0.03691993654493654
PN00,PN00-2.edf,466,420.0,0,Early_fusion,0.05510156047656048
PN00,PN00-2.edf,467,425.0,0,Early_fusion,0.027515444594391963
PN00,PN00-2.edf,468,430.0,0,Early_fusion,0.018586669665617034
PN00,PN00-2.edf,469,435.0,0,Early_fusion,0.04508946608946609
PN00,PN00-2.edf,470,440.0,0,Early_fusion,0.02168560606060606
PN00,PN00-2.edf,471,445.0,0,Early_fusion,0.006188197767145135
PN00,PN00-2.edf,472,450.0,0,Early_fusion,0.009176413255360623
PN00,PN00-2.edf,473,455.0,0,Early_fusion,0.07142183742183743
PN00,PN00-2.edf,474,460.0,0,Early_fusion,0.04331734006734007
PN00,PN00-2.edf,475,465.0,0,Early_fusion,0.014949561403508772
PN00,PN00-2.edf,476,470.0,0,Early_fusion,0.07067294014894634
PN00,PN00-2.edf,477,475.0,0,Early_fusion,0.030272072226019596
PN00,PN00-2.edf,478,480.0,0,Early_fusion,0.07237804495699232
PN00,PN00-2.edf,479,485.0,0,Early_fusion,0.07352832523227261
PN00,PN00-2.edf,480,490.0,0,Early_fusion,0.030356677435624806
PN00,PN00-2.edf,481,495.0,0,Early_fusion,0.09212950183344919
PN00,PN00-2.edf,482,500.0,0,Early_fusion,0.033810057389004756
PN00,PN00-2.edf,483,505.0,0,Early_fusion,0.07748915606810343
PN00,PN00-2.edf,484,510.0,0,Early_fusion,0.13497870063659537
PN00,PN00-2.edf,485,515.0,0,Early_fusion,0.20124221183586502
PN00,PN00-2.edf,486,520.0,0,Early_fusion,0.20881988810839425
PN00,PN00-2.edf,487,525.0,0,Early_fusion,0.21295000506745856
PN00,PN00-2.edf,488,530.0,0,Early_fusion,0.07422924930819667
PN00,PN00-2.edf,489,535.0,0,Early_fusion,0.031978407557354926
PN00,PN00-2.edf,490,540.0,0,Early_fusion,0.10860918589208061
PN00,PN00-2.edf,491,545.0,0,Early_fusion,0.027566370520317893
PN00,PN00-2.edf,492,550.0,0,Early_fusion,0.0796844564104626
PN00,PN00-2.edf,493,555.0,0,Early_fusion,0.06109166929561668
PN00,PN00-2.edf,494,560.0,0,Early_fusion,0.04941413386808124
PN00,PN00-2.edf,495,565.0,0,Early_fusion,0.07952632723027461
PN00,PN00-2.edf,496,570.0,0,Early_fusion,0.13271451112240584
PN00,PN00-2.edf,497,575.0,0,Early_fusion,0.14563978954768422
PN00,PN00-2.edf,498,580.0,0,Early_fusion,0.14445308103202836
PN00,PN00-2.edf,499,585.0,0,Early_fusion,0.06227098242887718
PN00,PN00-2.edf,500,590.0,0,Early_fusion,0.06423664469059207
PN00,PN00-2.edf,501,595.0,0,Early_fusion,0.06124590394985131
PN00,PN00-2.edf,502,600.0,0,Early_fusion,0.06341252436647173
PN00,PN00-2.edf,503,605.0,0,Early_fusion,0.2006134765868781
PN00,PN00-2.edf,504,610.0,0,Early_fusion,0.27327100097969653
PN00,PN00-2.edf,505,615.0,0,Early_fusion,0.06308950469820035
PN00,PN00-2.edf,506,620.0,0,Early_fusion,0.13944389190674017
PN00,PN00-2.edf,507,625.0,0,Early_fusion,0.10945114151335457
PN00,PN00-2.edf,508,630.0,0,Early_fusion,0.0934197919526867
PN00,PN00-2.edf,509,635.0,0,Early_fusion,0.029971673550620914
PN00,PN00-2.edf,510,640.0,0,Early_fusion,0.052856841014735756
PN00,PN00-2.edf,511,645.0,0,Early_fusion,0.19406524433169167
PN00,PN00-2.edf,512,650.0,0,Early_fusion,0.15050395316184786
PN00,PN00-2.edf,513,655.0,0,Early_fusion,0.17674377018098325
PN00,PN00-2.edf,514,660.0,0,Early_fusion,0.10512207686104745
PN00,PN00-2.edf,515,665.0,0,Early_fusion,0.021457040035987404
PN00,PN00-2.edf,516,670.0,0,Early_fusion,0.1137910333846866
PN00,PN00-2.edf,517,675.0,0,Early_fusion,0.09882886265781002
PN00,PN00-2.edf,518,680.0,0,Early_fusion,0.03932104639999377
PN00,PN00-2.edf,519,685.0,0,Early_fusion,0.06189075909470647
PN00,PN00-2.edf,520,690.0,0,Early_fusion,0.07666413386808126
PN00,PN00-2.edf,521,695.0,0,Early_fusion,0.10593474921764394
PN00,PN00-2.edf,522,700.0,0,Early_fusion,0.15530580265680877
PN00,PN00-2.edf,523,705.0,0,Early_fusion,0.11114417262017881
PN00,PN00-2.edf,524,710.0,0,Early_fusion,0.07131012384301859
PN00,PN00-2.edf,525,715.0,0,Early_fusion,0.037052481631429005
PN00,PN00-2.edf,526,720.0,0,Early_fusion,0.1038871935597942
PN00,PN00-2.edf,527,725.0,0,Early_fusion,0.14203828783588845
PN00,PN00-2.edf,528,730.0,0,Early_fusion,0.11841899645189119
PN00,PN00-2.edf,529,735.0,0,Early_fusion,0.09641826862221599
PN00,PN00-2.edf,530,740.0,0,Early_fusion,0.048609810267705014
PN00,PN00-2.edf,531,745.0,0,Early_fusion,0.17710649079370383
PN00,PN00-2.edf,532,750.0,0,Early_fusion,0.052169711623659
PN00,PN00-2.edf,533,755.0,0,Early_fusion,0.05547073467468205
PN00,PN00-2.edf,534,760.0,0,Early_fusion,0.04306038113932851
PN00,PN00-2.edf,535,765.0,0,Early_fusion,0.0615703850243324
PN00,PN00-2.edf,536,770.0,0,Early_fusion,0.06412197232591971
PN00,PN00-2.edf,537,775.0,0,Early_fusion,0.05196024346024346
PN00,PN00-2.edf,538,780.0,0,Early_fusion,0.0250982905982906
PN00,PN00-2.edf,539,785.0,0,Early_fusion,0.05540727961122698
PN00,PN00-2.edf,540,790.0,0,Early_fusion,0.06916653887048624
PN00,PN00-2.edf,541,795.0,0,Early_fusion,0.02794137052031789
PN00,PN00-2.edf,542,800.0,0,Early_fusion,0.030310057389004753
PN00,PN00-2.edf,543,805.0,0,Early_fusion,0.04608069415964153
PN00,PN00-2.edf,544,810.0,0,Early_fusion,0.04335242127153892
PN00,PN00-2.edf,545,815.0,0,Early_fusion,0.009419191919191919
PN00,PN00-2.edf,546,820.0,0,Early_fusion,0.07724467199467198
PN00,PN00-2.edf,547,825.0,0,Early_fusion,0.06457402319902321
PN00,PN00-2.edf,548,830.0,0,Early_fusion,0.12457463105063721
PN00,PN00-2.edf,549,835.0,0,Early_fusion,0.16697742541463842
PN00,PN00-2.edf,550,840.0,0,Early_fusion,0.2336661371107965
PN00,PN00-2.edf,551,845.0,0,Early_fusion,0.09328740703740704
PN00,PN00-2.edf,552,850.0,0,Early_fusion,0.017895992895992897
PN00,PN00-2.edf,553,855.0,0,Early_fusion,0.04702722910617648
PN00,PN00-2.edf,554,860.0,0,Early_fusion,0.16469974205074814
PN00,PN00-2.edf,555,865.0,0,Early_fusion,0.20423294767016067
PN00,PN00-2.edf,556,870.0,0,Early_fusion,0.17346103801599153
PN00,PN00-2.edf,557,875.0,0,Early_fusion,0.06330066400461139
PN00,PN00-2.edf,558,880.0,0,Early_fusion,0.07014049084443823
PN00,PN00-2.edf,559,885.0,0,Early_fusion,0.08577980060874797
PN00,PN00-2.edf,560,890.0,0,Early_fusion,0.05491249028749029
PN00,PN00-2.edf,561,895.0,0,Early_fusion,0.037001976580923954
PN00,PN00-2.edf,562,900.0,0,Early_fusion,0.0768317625357099
PN00,PN00-2.edf,563,905.0,0,Early_fusion,0.06168402138796876
PN00,PN00-2.edf,564,910.0,0,Early_fusion,0.018756185335132704
PN00,PN00-2.edf,565,915.0,0,Early_fusion,0.08482651778046515
PN00,PN00-2.edf,566,1220.0,1,Early_fusion,0.25423269494069345
PN00,PN00-2.edf,567,1225.0,1,Early_fusion,0.24848301698301692
PN00,PN00-2.edf,568,1230.0,1,Early_fusion,0.30477599116569687
PN00,PN00-2.edf,569,1235.0,1,Early_fusion,0.3837744916475566
PN00,PN00-2.edf,570,1240.0,1,Early_fusion,0.887162992100492
PN00,PN00-2.edf,571,1245.0,1,Early_fusion,0.9761273148148147
PN00,PN00-2.edf,572,1250.0,1,Early_fusion,0.99
PN00,PN00-2.edf,573,1255.0,1,Early_fusion,0.9815991888013947
PN00,PN00-2.edf,574,1260.0,1,Early_fusion,0.9447052368927369
PN00,PN00-2.edf,575,1265.0,1,Early_fusion,0.9891550925925926
PN00,PN00-2.edf,576,1270.0,1,Early_fusion,0.988956228956229
PN00,PN00-2.edf,577,1575.0,0,Early_fusion,0.0030303030303030303
PN00,PN00-2.edf,578,1580.0,0,Early_fusion,0.034319707253530785
PN00,PN00-2.edf,579,1585.0,0,Early_fusion,0.0030303030303030303
PN00,PN00-2.edf,580,1590.0,0,Early_fusion,0.0
PN00,PN00-2.edf,581,1595.0,0,Early_fusion,0.005291375291375292
PN00,PN00-2.edf,582,1600.0,0,Early_fusion,0.014507061565885096
PN00,PN00-2.edf,583,1605.0,0,Early_fusion,0.015067959001782531
PN00,PN00-2.edf,584,1610.0,0,Early_fusion,0.0030303030303030303
PN00,PN00-2.edf,585,1615.0,0,Early_fusion,0.0030303030303030303
PN00,PN00-2.edf,586,1620.0,0,Early_fusion,0.0
PN00,PN00-2.edf,587,1625.0,0,Early_fusion,0.011173728232551762
PN00,PN00-2.edf,588,1630.0,0,Early_fusion,0.011173728232551762
PN00,PN00-2.edf,589,1635.0,0,Early_fusion,0.014173728232551763
PN00,PN00-2.edf,590,1640.0,0,Early_fusion,0.011609625668449197
PN00,PN00-2.edf,591,1645.0,0,Early_fusion,0.011942959001782532
PN00,PN00-2.edf,592,1650.0,0,Early_fusion,0.0027272727272727275
PN00,PN00-2.edf,593,1655.0,0,Early_fusion,0.0
PN00,PN00-2.edf,594,1660.0,0,Early_fusion,0.0
PN00,PN00-2.edf,595,1665.0,0,Early_fusion,0.011173728232551762
PN00,PN00-2.edf,596,1670.0,0,Early_fusion,0.020803357862181394
PN00,PN00-2.edf,597,1675.0,0,Early_fusion,0.011173728232551762
PN00,PN00-2.edf,598,1680.0,0,Early_fusion,0.011639928698752229
PN00,PN00-2.edf,599,1685.0,0,Early_fusion,0.008609625668449198
PN00,PN00-2.edf,600,1690.0,0,Early_fusion,0.005276292335115865
PN00,PN00-2.edf,601,1695.0,0,Early_fusion,0.0027272727272727275
PN00,PN00-2.edf,602,1700.0,0,Early_fusion,0.34782495935437097
PN00,PN00-2.edf,603,1705.0,0,Early_fusion,0.20765084180525345
PN00,PN00-2.edf,604,1710.0,0,Early_fusion,0.22915809689584188
PN00,PN00-2.edf,605,1715.0,0,Early_fusion,0.16457435021405603
PN00,PN00-2.edf,606,1720.0,0,Early_fusion,0.10906920394420397
PN00,PN00-2.edf,607,1725.0,0,Early_fusion,0.04195934131228248
PN00,PN00-2.edf,608,1730.0,0,Early_fusion,0.08947977458271578
PN00,PN00-2.edf,609,1735.0,0,Early_fusion,0.05766641201935319
PN00,PN00-2.edf,610,1740.0,0,Early_fusion,0.04247273151684916
PN00,PN00-2.edf,611,1745.0,0,Early_fusion,0.045529128823246466
PN00,PN00-2.edf,612,1750.0,0,Early_fusion,0.08536272088477972
PN00,PN00-2.edf,613,1755.0,0,Early_fusion,0.1314007355017417
PN00,PN00-2.edf,614,1760.0,0,Early_fusion,0.057865761507918376
PN00,PN00-2.edf,615,1765.0,0,Early_fusion,0.0027272727272727275
PN00,PN00-2.edf,616,1770.0,0,Early_fusion,0.011173728232551762
PN00,PN00-2.edf,617,1775.0,0,Early_fusion,0.014268966327789859
PN00,PN00-2.edf,618,1780.0,0,Early_fusion,0.00906060606060606
PN00,PN00-2.edf,619,1785.0,0,Early_fusion,0.0
PN00,PN00-2.edf,620,1790.0,0,Early_fusion,0.0
PN00,PN00-2.edf,621,1795.0,0,Early_fusion,0.0027272727272727275
PN00,PN00-2.edf,622,1800.0,0,Early_fusion,0.0027272727272727275
PN00,PN00-2.edf,623,1805.0,0,Early_fusion,0.011609625668449197
PN00,PN00-2.edf,624,1810.0,0,Early_fusion,0.008276292335115865
PN00,PN00-2.edf,625,1815.0,0,Early_fusion,0.011609625668449197
PN00,PN00-2.edf,626,1820.0,0,Early_fusion,0.0027272727272727275
PN00,PN00-2.edf,627,1825.0,0,Early_fusion,0.01494295900178253
PN00,PN00-2.edf,628,1830.0,0,Early_fusion,0.014507061565885096
PN00,PN00-2.edf,629,1835.0,0,Early_fusion,0.014507061565885096
PN00,PN00-2.edf,630,1840.0,0,Early_fusion,0.008609625668449198
PN00,PN00-2.edf,631,1845.0,0,Early_fusion,0.01797326203208556
PN00,PN00-2.edf,632,1850.0,0,Early_fusion,0.014173728232551763
PN00,PN00-2.edf,633,1855.0,0,Early_fusion,0.011173728232551762
PN00,PN00-2.edf,634,1860.0,0,Early_fusion,0.008609625668449198
PN00,PN00-2.edf,635,1865.0,0,Early_fusion,0.058373926998926996
PN00,PN00-2.edf,636,1870.0,0,Early_fusion,0.020327167385990916
PN00,PN00-2.edf,637,1875.0,0,Early_fusion,0.005276292335115865
PN00,PN00-2.edf,638,1880.0,0,Early_fusion,0.0027272727272727275
PN00,PN00-2.edf,639,1885.0,0,Early_fusion,0.00784039489921843
PN00,PN00-2.edf,640,1890.0,0,Early_fusion,0.015069153069153067
PN00,PN00-2.edf,641,1895.0,0,Early_fusion,0.008609625668449198
PN00,PN00-2.edf,642,1900.0,0,Early_fusion,0.04880498667998668
PN00,PN00-2.edf,643,1905.0,0,Early_fusion,0.07249818264524148
PN00,PN00-2.edf,644,1910.0,0,Early_fusion,0.018068500127323656
PN00,PN00-2.edf,645,1915.0,0,Early_fusion,0.029169164169164166
PN00,PN00-2.edf,646,1920.0,0,Early_fusion,0.01390100095982449
PN00,PN00-2.edf,647,1925.0,0,Early_fusion,0.0027272727272727275
PN00,PN00-2.edf,648,1930.0,0,Early_fusion,0.0027272727272727275
PN00,PN00-2.edf,649,1935.0,0,Early_fusion,0.005276292335115865
PN00,PN00-2.edf,650,1940.0,0,Early_fusion,0.0027272727272727275
PN00,PN00-2.edf,651,1945.0,0,Early_fusion,0.0027272727272727275
PN00,PN00-2.edf,652,1950.0,0,Early_fusion,0.0027272727272727275
PN00,PN00-2.edf,653,1955.0,0,Early_fusion,0.0027272727272727275
PN00,PN00-2.edf,654,1960.0,0,Early_fusion,0.008276292335115865
PN00,PN00-2.edf,655,1965.0,0,Early_fusion,0.008276292335115865
PN00,PN00-2.edf,656,1970.0,0,Early_fusion,0.0027272727272727275
PN00,PN00-2.edf,657,1975.0,0,Early_fusion,0.011173728232551762
PN00,PN00-2.edf,658,1980.0,0,Early_fusion,0.011173728232551762
PN00,PN00-2.edf,659,1985.0,0,Early_fusion,0.0027272727272727275
PN00,PN00-2.edf,660,1990.0,0,Early_fusion,0.008609625668449198
PN00,PN00-2.edf,661,1995.0,0,Early_fusion,0.008609625668449198
PN00,PN00-2.edf,662,2000.0,0,Early_fusion,0.008609625668449198
PN00,PN00-2.edf,663,2005.0,0,Early_fusion,0.008609625668449198
PN00,PN00-2.edf,664,2010.0,0,Early_fusion,0.008609625668449198
PN00,PN00-2.edf,665,2015.0,0,Early_fusion,0.008609625668449198
PN00,PN00-2.edf,666,2020.0,0,Early_fusion,0.011173728232551762
PN00,PN00-2.edf,667,2025.0,0,Early_fusion,0.005276292335115865
PN00,PN00-2.edf,668,2030.0,0,Early_fusion,0.0027272727272727275
PN00,PN00-2.edf,669,2035.0,0,Early_fusion,0.008609625668449198
PN00,PN00-2.edf,670,2040.0,0,Early_fusion,0.0027272727272727275
PN00,PN00-2.edf,671,2045.0,0,Early_fusion,0.0027272727272727275
PN00,PN00-2.edf,672,2050.0,0,Early_fusion,0.0027272727272727275
PN00,PN00-2.edf,673,2055.0,0,Early_fusion,0.008306595365418895
PN00,PN00-2.edf,674,2060.0,0,Early_fusion,0.011173728232551762
PN00,PN00-2.edf,675,2065.0,0,Early_fusion,0.008609625668449198
PN00,PN00-2.edf,676,2070.0,0,Early_fusion,0.011173728232551762
PN00,PN00-2.edf,677,2075.0,0,Early_fusion,0.008609625668449198
PN00,PN00-2.edf,678,2080.0,0,Early_fusion,0.06356419234360411
PN00,PN00-2.edf,679,2085.0,0,Early_fusion,0.0891971731971732
PN00,PN00-2.edf,680,2090.0,0,Early_fusion,0.16858991369827273
PN00,PN00-2.edf,681,2095.0,0,Early_fusion,0.1566790899732076
PN00,PN00-2.edf,682,2100.0,0,Early_fusion,0.4254797906342024
PN00,PN00-2.edf,683,2105.0,0,Early_fusion,0.31883861508861505
PN00,PN00-2.edf,684,2110.0,0,Early_fusion,0.03649235024235024
PN00,PN00-2.edf,685,2115.0,0,Early_fusion,0.39817915880415883
PN00,PN00-2.edf,686,2120.0,0,Early_fusion,0.37803622936517667
PN00,PN00-2.edf,687,2125.0,0,Early_fusion,0.035727407396525045
PN00,PN00-2.edf,688,2130.0,0,Early_fusion,0.03177633477633478
PN00,PN00-2.edf,689,2135.0,0,Early_fusion,0.0907125051490141
PN00,PN00-2.edf,690,2140.0,0,Early_fusion,0.044854084321475626
PN00,PN00-2.edf,691,2145.0,0,Early_fusion,0.06021979107848672
PN00,PN00-2.edf,692,2150.0,0,Early_fusion,0.025527777777777778
PN00,PN00-2.edf,693,2155.0,0,Early_fusion,0.0033333333333333335
PN00,PN00-2.edf,694,2160.0,0,Early_fusion,0.0
PN00,PN00-2.edf,695,2165.0,0,Early_fusion,0.0
PN00,PN00-2.edf,696,2170.0,0,Early_fusion,0.009666666666666667
PN00,PN00-2.edf,697,2175.0,0,Early_fusion,0.12973287877699644
PN00,PN00-2.edf,698,2180.0,0,Early_fusion,0.08825157250157252
PN00,PN00-2.edf,699,2185.0,0,Early_fusion,0.0
PN00,PN00-2.edf,700,2190.0,0,Early_fusion,0.0
PN00,PN00-2.edf,701,2195.0,0,Early_fusion,0.0030303030303030303
PN00,PN00-2.edf,702,2200.0,0,Early_fusion,0.0030303030303030303
PN00,PN00-2.edf,703,2205.0,0,Early_fusion,0.0030303030303030303
PN00,PN00-2.edf,704,2210.0,0,Early_fusion,0.0
PN00,PN00-2.edf,705,2215.0,0,Early_fusion,0.0
PN00,PN00-2.edf,706,2220.0,0,Early_fusion,0.0
PN00,PN00-2.edf,707,2225.0,0,Early_fusion,0.0
PN00,PN00-2.edf,708,2230.0,0,Early_fusion,0.0
PN00,PN00-2.edf,709,2235.0,0,Early_fusion,0.0
PN00,PN00-2.edf,710,2240.0,0,Early_fusion,0.0030303030303030303
PN00,PN00-2.edf,711,2245.0,0,Early_fusion,0.0
PN00,PN00-2.edf,712,2250.0,0,Early_fusion,0.0
PN00,PN00-2.edf,713,2255.0,0,Early_fusion,0.0033333333333333335
PN00,PN00-2.edf,714,2260.0,0,Early_fusion,0.0
PN00,PN00-2.edf,715,2265.0,0,Early_fusion,0.0
PN00,PN00-2.edf,716,2270.0,0,Early_fusion,0.0
PN00,PN00-2.edf,717,2275.0,0,Early_fusion,0.0
PN00,PN00-2.edf,718,2280.0,0,Early_fusion,0.0030303030303030303
PN00,PN00-2.edf,719,2285.0,0,Early_fusion,0.0
PN00,PN00-2.edf,720,2290.0,0,Early_fusion,0.0
PN00,PN00-2.edf,721,2295.0,0,Early_fusion,0.005993265993265993
PN00,PN00-2.edf,722,2300.0,0,Early_fusion,0.005993265993265993
PN00,PN00-2.edf,394,60.0,0,Late_fusion_alpha_0.5,0.05002742020392637
PN00,PN00-2.edf,395,65.0,0,Late_fusion_alpha_0.5,0.060883827613877936
PN00,PN00-2.edf,396,70.0,0,Late_fusion_alpha_0.5,0.2733544484265433
PN00,PN00-2.edf,397,75.0,0,Late_fusion_alpha_0.5,0.14408575233495305
PN00,PN00-2.edf,398,80.0,0,Late_fusion_alpha_0.5,0.23567711977872047
PN00,PN00-2.edf,399,85.0,0,Late_fusion_alpha_0.5,0.23913249174381776
PN00,PN00-2.edf,400,90.0,0,Late_fusion_alpha_0.5,0.22830244495786292
PN00,PN00-2.edf,401,95.0,0,Late_fusion_alpha_0.5,0.2714100870865066
PN00,PN00-2.edf,402,100.0,0,Late_fusion_alpha_0.5,0.22653410243437327
PN00,PN00-2.edf,403,105.0,0,Late_fusion_alpha_0.5,0.12420965355450647
PN00,PN00-2.edf,404,110.0,0,Late_fusion_alpha_0.5,0.12139141178309133
PN00,PN00-2.edf,405,115.0,0,Late_fusion_alpha_0.5,0.13103553155221112
PN00,PN00-2.edf,406,120.0,0,Late_fusion_alpha_0.5,0.1559543203485882
PN00,PN00-2.edf,407,125.0,0,Late_fusion_alpha_0.5,0.13487666703880125
PN00,PN00-2.edf,408,130.0,0,Late_fusion_alpha_0.5,0.06546610388522153
PN00,PN00-2.edf,409,135.0,0,Late_fusion_alpha_0.5,0.11252790482937539
PN00,PN00-2.edf,410,140.0,0,Late_fusion_alpha_0.5,0.15770114344809433
PN00,PN00-2.edf,411,145.0,0,Late_fusion_alpha_0.5,0.26740566135807853
PN00,PN00-2.edf,412,150.0,0,Late_fusion_alpha_0.5,0.27772659100892305
PN00,PN00-2.edf,413,155.0,0,Late_fusion_alpha_0.5,0.06385405189352558
PN00,PN00-2.edf,414,160.0,0,Late_fusion_alpha_0.5,0.019377620065120064
PN00,PN00-2.edf,415,165.0,0,Late_fusion_alpha_0.5,0.032818109450462395
PN00,PN00-2.edf,416,170.0,0,Late_fusion_alpha_0.5,0.06562520031387477
PN00,PN00-2.edf,417,175.0,0,Late_fusion_alpha_0.5,0.05858948123132906
PN00,PN00-2.edf,418,180.0,0,Late_fusion_alpha_0.5,0.09673163043383629
PN00,PN00-2.edf,419,185.0,0,Late_fusion_alpha_0.5,0.09346988128973424
PN00,PN00-2.edf,420,190.0,0,Late_fusion_alpha_0.5,0.11468416912560357
PN00,PN00-2.edf,421,195.0,0,Late_fusion_alpha_0.5,0.04046862876545539
PN00,PN00-2.edf,422,200.0,0,Late_fusion_alpha_0.5,0.02591784852717515
PN00,PN00-2.edf,423,205.0,0,Late_fusion_alpha_0.5,0.029695280890133832
PN00,PN00-2.edf,424,210.0,0,Late_fusion_alpha_0.5,0.010273569023569023
PN00,PN00-2.edf,425,215.0,0,Late_fusion_alpha_0.5,0.02544749694749695
PN00,PN00-2.edf,426,220.0,0,Late_fusion_alpha_0.5,0.015967032967032967
PN00,PN00-2.edf,427,225.0,0,Late_fusion_alpha_0.5,0.02167506567506567
PN00,PN00-2.edf,428,230.0,0,Late_fusion_alpha_0.5,0.022878600566100568
PN00,PN00-2.edf,429,235.0,0,Late_fusion_alpha_0.5,0.04871798847437392
PN00,PN00-2.edf,430,240.0,0,Late_fusion_alpha_0.5,0.04801920301920302
PN00,PN00-2.edf,431,245.0,0,Late_fusion_alpha_0.5,0.04251560014060014
PN00,PN00-2.edf,432,250.0,0,Late_fusion_alpha_0.5,0.023341311466311465
PN00,PN00-2.edf,433,255.0,0,Late_fusion_alpha_0.5,0.023341311466311465
PN00,PN00-2.edf,434,260.0,0,Late_fusion_alpha_0.5,0.026393398268398267
PN00,PN00-2.edf,435,265.0,0,Late_fusion_alpha_0.5,0.021638708513708513
PN00,PN00-2.edf,436,270.0,0,Late_fusion_alpha_0.5,0.03193894292684615
PN00,PN00-2.edf,437,275.0,0,Late_fusion_alpha_0.5,0.025810425685425686
PN00,PN00-2.edf,438,280.0,0,Late_fusion_alpha_0.5,0.03188667929292929
PN00,PN00-2.edf,439,285.0,0,Late_fusion_alpha_0.5,0.027354301948051947
PN00,PN00-2.edf,440,290.0,0,Late_fusion_alpha_0.5,0.019739459614459613
PN00,PN00-2.edf,441,295.0,0,Late_fusion_alpha_0.5,0.010672889610389608
PN00,PN00-2.edf,442,300.0,0,Late_fusion_alpha_0.5,0.025029848623598625
PN00,PN00-2.edf,443,305.0,0,Late_fusion_alpha_0.5,0.021562316156066158
PN00,PN00-2.edf,444,310.0,0,Late_fusion_alpha_0.5,0.030618427868427868
PN00,PN00-2.edf,445,315.0,0,Late_fusion_alpha_0.5,0.017058080808080807
PN00,PN00-2.edf,446,320.0,0,Late_fusion_alpha_0.5,0.03797500239769977
PN00,PN00-2.edf,447,325.0,0,Late_fusion_alpha_0.5,0.014247335997335998
PN00,PN00-2.edf,448,330.0,0,Late_fusion_alpha_0.5,0.014736652236652235
PN00,PN00-2.edf,449,335.0,0,Late_fusion_alpha_0.5,0.02880282449032449
PN00,PN00-2.edf,450,340.0,0,Late_fusion_alpha_0.5,0.03929326460576461
PN00,PN00-2.edf,451,345.0,0,Late_fusion_alpha_0.5,0.03519669682169682
PN00,PN00-2.edf,452,350.0,0,Late_fusion_alpha_0.5,0.026662908961006787
PN00,PN00-2.edf,453,355.0,0,Late_fusion_alpha_0.5,0.019458890646390645
PN00,PN00-2.edf,454,360.0,0,Late_fusion_alpha_0.5,0.008804834054834055
PN00,PN00-2.edf,455,365.0,0,Late_fusion_alpha_0.5,0.014619859307359307
PN00,PN00-2.edf,456,370.0,0,Late_fusion_alpha_0.5,0.03208590742046625
PN00,PN00-2.edf,457,375.0,0,Late_fusion_alpha_0.5,0.08249364322772651
PN00,PN00-2.edf,458,380.0,0,Late_fusion_alpha_0.5,0.0732507100354399
PN00,PN00-2.edf,459,385.0,0,Late_fusion_alpha_0.5,0.02545380314130314
PN00,PN00-2.edf,460,390.0,0,Late_fusion_alpha_0.5,0.01608189033189033
PN00,PN00-2.edf,461,395.0,0,Late_fusion_alpha_0.5,0.015097041847041848
PN00,PN00-2.edf,462,400.0,0,Late_fusion_alpha_0.5,0.09556396164963098
PN00,PN00-2.edf,463,405.0,0,Late_fusion_alpha_0.5,0.09736545963220054
PN00,PN00-2.edf,464,410.0,0,Late_fusion_alpha_0.5,0.034076170833523774
PN00,PN00-2.edf,465,415.0,0,Late_fusion_alpha_0.5,0.021704906204906206
PN00,PN00-2.edf,466,420.0,0,Late_fusion_alpha_0.5,0.05390558986173021
PN00,PN00-2.edf,467,425.0,0,Late_fusion_alpha_0.5,0.019299422799422795
PN00,PN00-2.edf,468,430.0,0,Late_fusion_alpha_0.5,0.02129347041847042
PN00,PN00-2.edf,469,435.0,0,Late_fusion_alpha_0.5,0.034314341908091905
PN00,PN00-2.edf,470,440.0,0,Late_fusion_alpha_0.5,0.03259710197210197
PN00,PN00-2.edf,471,445.0,0,Late_fusion_alpha_0.5,0.027886308136308137
PN00,PN00-2.edf,472,450.0,0,Late_fusion_alpha_0.5,0.024892135642135643
PN00,PN00-2.edf,473,455.0,0,Late_fusion_alpha_0.5,0.04799889371106476
PN00,PN00-2.edf,474,460.0,0,Late_fusion_alpha_0.5,0.04161296281691018
PN00,PN00-2.edf,475,465.0,0,Late_fusion_alpha_0.5,0.01153112628112628
PN00,PN00-2.edf,476,470.0,0,Late_fusion_alpha_0.5,0.03669576365241688
PN00,PN00-2.edf,477,475.0,0,Late_fusion_alpha_0.5,0.025619461556961556
PN00,PN00-2.edf,478,480.0,0,Late_fusion_alpha_0.5,0.10849988795423576
PN00,PN00-2.edf,479,485.0,0,Late_fusion_alpha_0.5,0.03718805731305731
PN00,PN00-2.edf,480,490.0,0,Late_fusion_alpha_0.5,0.036013353340559225
PN00,PN00-2.edf,481,495.0,0,Late_fusion_alpha_0.5,0.185596051711932
PN00,PN00-2.edf,482,500.0,0,Late_fusion_alpha_0.5,0.04485999396844985
PN00,PN00-2.edf,483,505.0,0,Late_fusion_alpha_0.5,0.15867163777111376
PN00,PN00-2.edf,484,510.0,0,Late_fusion_alpha_0.5,0.28914667167407654
PN00,PN00-2.edf,485,515.0,0,Late_fusion_alpha_0.5,0.17575981184092593
PN00,PN00-2.edf,486,520.0,0,Late_fusion_alpha_0.5,0.15767028182292642
PN00,PN00-2.edf,487,525.0,0,Late_fusion_alpha_0.5,0.17667461858003392
PN00,PN00-2.edf,488,530.0,0,Late_fusion_alpha_0.5,0.15125296610015504
PN00,PN00-2.edf,489,535.0,0,Late_fusion_alpha_0.5,0.10863515586352325
PN00,PN00-2.edf,490,540.0,0,Late_fusion_alpha_0.5,0.1254280404929404
PN00,PN00-2.edf,491,545.0,0,Late_fusion_alpha_0.5,0.0382448471362945
PN00,PN00-2.edf,492,550.0,0,Late_fusion_alpha_0.5,0.0750499615039804
PN00,PN00-2.edf,493,555.0,0,Late_fusion_alpha_0.5,0.05439823798383581
PN00,PN00-2.edf,494,560.0,0,Late_fusion_alpha_0.5,0.034827266726937776
PN00,PN00-2.edf,495,565.0,0,Late_fusion_alpha_0.5,0.061200073153453494
PN00,PN00-2.edf,496,570.0,0,Late_fusion_alpha_0.5,0.12212773526984103
PN00,PN00-2.edf,497,575.0,0,Late_fusion_alpha_0.5,0.1049611063291796
PN00,PN00-2.edf,498,580.0,0,Late_fusion_alpha_0.5,0.18964679442419435
PN00,PN00-2.edf,499,585.0,0,Late_fusion_alpha_0.5,0.14239580366706325
PN00,PN00-2.edf,500,590.0,0,Late_fusion_alpha_0.5,0.05195118259183073
PN00,PN00-2.edf,501,595.0,0,Late_fusion_alpha_0.5,0.03969016862766862
PN00,PN00-2.edf,502,600.0,0,Late_fusion_alpha_0.5,0.15188016866386428
PN00,PN00-2.edf,503,605.0,0,Late_fusion_alpha_0.5,0.2790934879240102
PN00,PN00-2.edf,504,610.0,0,Late_fusion_alpha_0.5,0.35432689872617096
PN00,PN00-2.edf,505,615.0,0,Late_fusion_alpha_0.5,0.18085568552196907
PN00,PN00-2.edf,506,620.0,0,Late_fusion_alpha_0.5,0.16210027884826705
PN00,PN00-2.edf,507,625.0,0,Late_fusion_alpha_0.5,0.15314037836337943
PN00,PN00-2.edf,508,630.0,0,Late_fusion_alpha_0.5,0.08835498239683022
PN00,PN00-2.edf,509,635.0,0,Late_fusion_alpha_0.5,0.031833687146187145
PN00,PN00-2.edf,510,640.0,0,Late_fusion_alpha_0.5,0.052248633311133316
PN00,PN00-2.edf,511,645.0,0,Late_fusion_alpha_0.5,0.12092208998309104
PN00,PN00-2.edf,512,650.0,0,Late_fusion_alpha_0.5,0.10673550696485477
PN00,PN00-2.edf,513,655.0,0,Late_fusion_alpha_0.5,0.12568693820186827
PN00,PN00-2.edf,514,660.0,0,Late_fusion_alpha_0.5,0.05936836695829704
PN00,PN00-2.edf,515,665.0,0,Late_fusion_alpha_0.5,0.01810844710844711
PN00,PN00-2.edf,516,670.0,0,Late_fusion_alpha_0.5,0.07441425264135823
PN00,PN00-2.edf,517,675.0,0,Late_fusion_alpha_0.5,0.06758227443257458
PN00,PN00-2.edf,518,680.0,0,Late_fusion_alpha_0.5,0.036481058904228245
PN00,PN00-2.edf,519,685.0,0,Late_fusion_alpha_0.5,0.09227409008475183
PN00,PN00-2.edf,520,690.0,0,Late_fusion_alpha_0.5,0.11901760713268822
PN00,PN00-2.edf,521,695.0,0,Late_fusion_alpha_0.5,0.09495571514896962
PN00,PN00-2.edf,522,700.0,0,Late_fusion_alpha_0.5,0.16418660922789277
PN00,PN00-2.edf,523,705.0,0,Late_fusion_alpha_0.5,0.08217091332429644
PN00,PN00-2.edf,524,710.0,0,Late_fusion_alpha_0.5,0.2028825528315853
PN00,PN00-2.edf,525,715.0,0,Late_fusion_alpha_0.5,0.14097554654439384
PN00,PN00-2.edf,526,720.0,0,Late_fusion_alpha_0.5,0.15155307868144607
PN00,PN00-2.edf,527,725.0,0,Late_fusion_alpha_0.5,0.13628374509371102
PN00,PN00-2.edf,528,730.0,0,Late_fusion_alpha_0.5,0.1255841395137453
PN00,PN00-2.edf,529,735.0,0,Late_fusion_alpha_0.5,0.1192836452508607
PN00,PN00-2.edf,530,740.0,0,Late_fusion_alpha_0.5,0.06710622508975247
PN00,PN00-2.edf,531,745.0,0,Late_fusion_alpha_0.5,0.1041344173300407
PN00,PN00-2.edf,532,750.0,0,Late_fusion_alpha_0.5,0.03309877988832508
PN00,PN00-2.edf,533,755.0,0,Late_fusion_alpha_0.5,0.03593544992474902
PN00,PN00-2.edf,534,760.0,0,Late_fusion_alpha_0.5,0.02032767706327489
PN00,PN00-2.edf,535,765.0,0,Late_fusion_alpha_0.5,0.03013880679505679
PN00,PN00-2.edf,536,770.0,0,Late_fusion_alpha_0.5,0.026751778314278312
PN00,PN00-2.edf,537,775.0,0,Late_fusion_alpha_0.5,0.016915258352758356
PN00,PN00-2.edf,538,780.0,0,Late_fusion_alpha_0.5,0.010450667388167387
PN00,PN00-2.edf,539,785.0,0,Late_fusion_alpha_0.5,0.037926132894882905
PN00,PN00-2.edf,540,790.0,0,Late_fusion_alpha_0.5,0.035532320613973836
PN00,PN00-2.edf,541,795.0,0,Late_fusion_alpha_0.5,0.02816492303992304
PN00,PN00-2.edf,542,800.0,0,Late_fusion_alpha_0.5,0.03313360944610944
PN00,PN00-2.edf,543,805.0,0,Late_fusion_alpha_0.5,0.04453318209568209
PN00,PN00-2.edf,544,810.0,0,Late_fusion_alpha_0.5,0.059019662438815665
PN00,PN00-2.edf,545,815.0,0,Late_fusion_alpha_0.5,0.025429544992044993
PN00,PN00-2.edf,546,820.0,0,Late_fusion_alpha_0.5,0.1408437526613224
PN00,PN00-2.edf,547,825.0,0,Late_fusion_alpha_0.5,0.08982624543003108
PN00,PN00-2.edf,548,830.0,0,Late_fusion_alpha_0.5,0.1118844903822072
PN00,PN00-2.edf,549,835.0,0,Late_fusion_alpha_0.5,0.12445864776372242
PN00,PN00-2.edf,550,840.0,0,Late_fusion_alpha_0.5,0.17982463210961847
PN00,PN00-2.edf,551,845.0,0,Late_fusion_alpha_0.5,0.0884684097551709
PN00,PN00-2.edf,552,850.0,0,Late_fusion_alpha_0.5,0.036791918840016674
PN00,PN00-2.edf,553,855.0,0,Late_fusion_alpha_0.5,0.04622521555242144
PN00,PN00-2.edf,554,860.0,0,Late_fusion_alpha_0.5,0.11398093834002165
PN00,PN00-2.edf,555,865.0,0,Late_fusion_alpha_0.5,0.1254245351199187
PN00,PN00-2.edf,556,870.0,0,Late_fusion_alpha_0.5,0.12164786379348227
PN00,PN00-2.edf,557,875.0,0,Late_fusion_alpha_0.5,0.059009182390736103
PN00,PN00-2.edf,558,880.0,0,Late_fusion_alpha_0.5,0.038917064495444825
PN00,PN00-2.edf,559,885.0,0,Late_fusion_alpha_0.5,0.0400232533929501
PN00,PN00-2.edf,560,890.0,0,Late_fusion_alpha_0.5,0.04240897852502712
PN00,PN00-2.edf,561,895.0,0,Late_fusion_alpha_0.5,0.028809021292716945
PN00,PN00-2.edf,562,900.0,0,Late_fusion_alpha_0.5,0.04896036695141555
PN00,PN00-2.edf,563,905.0,0,Late_fusion_alpha_0.5,0.03767158226818115
PN00,PN00-2.edf,564,910.0,0,Late_fusion_alpha_0.5,0.018427307418356013
PN00,PN00-2.edf,565,915.0,0,Late_fusion_alpha_0.5,0.04821045605434907
PN00,PN00-2.edf,566,1220.0,1,Late_fusion_alpha_0.5,0.15279240348919196
PN00,PN00-2.edf,567,1225.0,1,Late_fusion_alpha_0.5,0.21848160093970426
PN00,PN00-2.edf,568,1230.0,1,Late_fusion_alpha_0.5,0.2014107937734681
PN00,PN00-2.edf,569,1235.0,1,Late_fusion_alpha_0.5,0.36643073828616457
PN00,PN00-2.edf,570,1240.0,1,Late_fusion_alpha_0.5,0.5705128284025343
PN00,PN00-2.edf,571,1245.0,1,Late_fusion_alpha_0.5,0.5613972217869276
PN00,PN00-2.edf,572,1250.0,1,Late_fusion_alpha_0.5,0.5462234920294131
PN00,PN00-2.edf,573,1255.0,1,Late_fusion_alpha_0.5,0.5858322667292288
PN00,PN00-2.edf,574,1260.0,1,Late_fusion_alpha_0.5,0.5961245341567903
PN00,PN00-2.edf,575,1265.0,1,Late_fusion_alpha_0.5,0.5923377650077534
PN00,PN00-2.edf,576,1270.0,1,Late_fusion_alpha_0.5,0.6620854844809447
PN00,PN00-2.edf,577,1575.0,0,Late_fusion_alpha_0.5,0.013929713804713806
PN00,PN00-2.edf,578,1580.0,0,Late_fusion_alpha_0.5,0.014138209013209014
PN00,PN00-2.edf,579,1585.0,0,Late_fusion_alpha_0.5,0.006107954545454546
PN00,PN00-2.edf,580,1590.0,0,Late_fusion_alpha_0.5,0.006107954545454546
PN00,PN00-2.edf,581,1595.0,0,Late_fusion_alpha_0.5,0.00459280303030303
PN00,PN00-2.edf,582,1600.0,0,Late_fusion_alpha_0.5,0.006202651515151515
PN00,PN00-2.edf,583,1605.0,0,Late_fusion_alpha_0.5,0.009026064213564213
PN00,PN00-2.edf,584,1610.0,0,Late_fusion_alpha_0.5,0.006202651515151515
PN00,PN00-2.edf,585,1615.0,0,Late_fusion_alpha_0.5,0.016826250138750137
PN00,PN00-2.edf,586,1620.0,0,Late_fusion_alpha_0.5,0.007566287878787879
PN00,PN00-2.edf,587,1625.0,0,Late_fusion_alpha_0.5,0.009232954545454546
PN00,PN00-2.edf,588,1630.0,0,Late_fusion_alpha_0.5,0.010811901913875599
PN00,PN00-2.edf,589,1635.0,0,Late_fusion_alpha_0.5,0.010811901913875599
PN00,PN00-2.edf,590,1640.0,0,Late_fusion_alpha_0.5,0.015276057201460429
PN00,PN00-2.edf,591,1645.0,0,Late_fusion_alpha_0.5,0.007566287878787879
PN00,PN00-2.edf,592,1650.0,0,Late_fusion_alpha_0.5,0.007566287878787879
PN00,PN00-2.edf,593,1655.0,0,Late_fusion_alpha_0.5,0.007566287878787879
PN00,PN00-2.edf,594,1660.0,0,Late_fusion_alpha_0.5,0.007566287878787879
PN00,PN00-2.edf,595,1665.0,0,Late_fusion_alpha_0.5,0.007566287878787879
PN00,PN00-2.edf,596,1670.0,0,Late_fusion_alpha_0.5,0.007049873737373738
PN00,PN00-2.edf,597,1675.0,0,Late_fusion_alpha_0.5,0.0
PN00,PN00-2.edf,598,1680.0,0,Late_fusion_alpha_0.5,0.0
PN00,PN00-2.edf,599,1685.0,0,Late_fusion_alpha_0.5,0.0
PN00,PN00-2.edf,600,1690.0,0,Late_fusion_alpha_0.5,0.0
PN00,PN00-2.edf,601,1695.0,0,Late_fusion_alpha_0.5,0.0
PN00,PN00-2.edf,602,1700.0,0,Late_fusion_alpha_0.5,0.2132298876757726
PN00,PN00-2.edf,603,1705.0,0,Late_fusion_alpha_0.5,0.11080121139705759
PN00,PN00-2.edf,604,1710.0,0,Late_fusion_alpha_0.5,0.12538615294329944
PN00,PN00-2.edf,605,1715.0,0,Late_fusion_alpha_0.5,0.10041276796638045
PN00,PN00-2.edf,606,1720.0,0,Late_fusion_alpha_0.5,0.04821557076176641
PN00,PN00-2.edf,607,1725.0,0,Late_fusion_alpha_0.5,0.006237373737373737
PN00,PN00-2.edf,608,1730.0,0,Late_fusion_alpha_0.5,0.010357744107744107
PN00,PN00-2.edf,609,1735.0,0,Late_fusion_alpha_0.5,0.005848484848484848
PN00,PN00-2.edf,610,1740.0,0,Late_fusion_alpha_0.5,0.007570707070707072
PN00,PN00-2.edf,611,1745.0,0,Late_fusion_alpha_0.5,0.03812741956472607
PN00,PN00-2.edf,612,1750.0,0,Late_fusion_alpha_0.5,0.030346894534201033
PN00,PN00-2.edf,613,1755.0,0,Late_fusion_alpha_0.5,0.03444411675642326
PN00,PN00-2.edf,614,1760.0,0,Late_fusion_alpha_0.5,0.025927169379181762
PN00,PN00-2.edf,615,1765.0,0,Late_fusion_alpha_0.5,0.0015789473684210526
PN00,PN00-2.edf,616,1770.0,0,Late_fusion_alpha_0.5,0.0
PN00,PN00-2.edf,617,1775.0,0,Late_fusion_alpha_0.5,0.0024305555555555556
PN00,PN00-2.edf,618,1780.0,0,Late_fusion_alpha_0.5,0.0016666666666666668
PN00,PN00-2.edf,619,1785.0,0,Late_fusion_alpha_0.5,0.0
PN00,PN00-2.edf,620,1790.0,0,Late_fusion_alpha_0.5,0.0015151515151515152
PN00,PN00-2.edf,621,1795.0,0,Late_fusion_alpha_0.5,0.004441287878787879
PN00,PN00-2.edf,622,1800.0,0,Late_fusion_alpha_0.5,0.004441287878787879
PN00,PN00-2.edf,623,1805.0,0,Late_fusion_alpha_0.5,0.004441287878787879
PN00,PN00-2.edf,624,1810.0,0,Late_fusion_alpha_0.5,0.004441287878787879
PN00,PN00-2.edf,625,1815.0,0,Late_fusion_alpha_0.5,0.004441287878787879
PN00,PN00-2.edf,626,1820.0,0,Late_fusion_alpha_0.5,0.005851544289044289
PN00,PN00-2.edf,627,1825.0,0,Late_fusion_alpha_0.5,0.004441287878787879
PN00,PN00-2.edf,628,1830.0,0,Late_fusion_alpha_0.5,0.004441287878787879
PN00,PN00-2.edf,629,1835.0,0,Late_fusion_alpha_0.5,0.004441287878787879
PN00,PN00-2.edf,630,1840.0,0,Late_fusion_alpha_0.5,0.004441287878787879
PN00,PN00-2.edf,631,1845.0,0,Late_fusion_alpha_0.5,0.010109758297258298
PN00,PN00-2.edf,632,1850.0,0,Late_fusion_alpha_0.5,0.002926136363636364
PN00,PN00-2.edf,633,1855.0,0,Late_fusion_alpha_0.5,0.013731012043512042
PN00,PN00-2.edf,634,1860.0,0,Late_fusion_alpha_0.5,0.009128787878787879
PN00,PN00-2.edf,635,1865.0,0,Late_fusion_alpha_0.5,0.040583476633879866
PN00,PN00-2.edf,636,1870.0,0,Late_fusion_alpha_0.5,0.02109699644897013
PN00,PN00-2.edf,637,1875.0,0,Late_fusion_alpha_0.5,0.006202651515151515
PN00,PN00-2.edf,638,1880.0,0,Late_fusion_alpha_0.5,0.006202651515151515
PN00,PN00-2.edf,639,1885.0,0,Late_fusion_alpha_0.5,0.004548239750445633
PN00,PN00-2.edf,640,1890.0,0,Late_fusion_alpha_0.5,0.022521918140339194
PN00,PN00-2.edf,641,1895.0,0,Late_fusion_alpha_0.5,0.013861727088700773
PN00,PN00-2.edf,642,1900.0,0,Late_fusion_alpha_0.5,0.03865779120819443
PN00,PN00-2.edf,643,1905.0,0,Late_fusion_alpha_0.5,0.04286629805379806
PN00,PN00-2.edf,644,1910.0,0,Late_fusion_alpha_0.5,0.004097222222222223
PN00,PN00-2.edf,645,1915.0,0,Late_fusion_alpha_0.5,0.01849389723180046
PN00,PN00-2.edf,646,1920.0,0,Late_fusion_alpha_0.5,0.004496794871794872
PN00,PN00-2.edf,647,1925.0,0,Late_fusion_alpha_0.5,0.0
PN00,PN00-2.edf,648,1930.0,0,Late_fusion_alpha_0.5,0.0
PN00,PN00-2.edf,649,1935.0,0,Late_fusion_alpha_0.5,0.0030277777777777777
PN00,PN00-2.edf,650,1940.0,0,Late_fusion_alpha_0.5,0.0
PN00,PN00-2.edf,651,1945.0,0,Late_fusion_alpha_0.5,0.0030776515151515155
PN00,PN00-2.edf,652,1950.0,0,Late_fusion_alpha_0.5,0.0030776515151515155
PN00,PN00-2.edf,653,1955.0,0,Late_fusion_alpha_0.5,0.006105429292929293
PN00,PN00-2.edf,654,1960.0,0,Late_fusion_alpha_0.5,0.006202651515151515
PN00,PN00-2.edf,655,1965.0,0,Late_fusion_alpha_0.5,0.006202651515151515
PN00,PN00-2.edf,656,1970.0,0,Late_fusion_alpha_0.5,0.0030776515151515155
PN00,PN00-2.edf,657,1975.0,0,Late_fusion_alpha_0.5,0.0015151515151515152
PN00,PN00-2.edf,658,1980.0,0,Late_fusion_alpha_0.5,0.0030776515151515155
PN00,PN00-2.edf,659,1985.0,0,Late_fusion_alpha_0.5,0.0030776515151515155
PN00,PN00-2.edf,660,1990.0,0,Late_fusion_alpha_0.5,0.0015151515151515152
PN00,PN00-2.edf,661,1995.0,0,Late_fusion_alpha_0.5,0.0
PN00,PN00-2.edf,662,2000.0,0,Late_fusion_alpha_0.5,0.0014444444444444446
PN00,PN00-2.edf,663,2005.0,0,Late_fusion_alpha_0.5,0.0015384615384615385
PN00,PN00-2.edf,664,2010.0,0,Late_fusion_alpha_0.5,0.0
PN00,PN00-2.edf,665,2015.0,0,Late_fusion_alpha_0.5,0.0
PN00,PN00-2.edf,666,2020.0,0,Late_fusion_alpha_0.5,0.0
PN00,PN00-2.edf,667,2025.0,0,Late_fusion_alpha_0.5,0.0015
PN00,PN00-2.edf,668,2030.0,0,Late_fusion_alpha_0.5,0.0014583333333333334
PN00,PN00-2.edf,669,2035.0,0,Late_fusion_alpha_0.5,0.0
PN00,PN00-2.edf,670,2040.0,0,Late_fusion_alpha_0.5,0.0
PN00,PN00-2.edf,671,2045.0,0,Late_fusion_alpha_0.5,0.0015
PN00,PN00-2.edf,672,2050.0,0,Late_fusion_alpha_0.5,0.0015
PN00,PN00-2.edf,673,2055.0,0,Late_fusion_alpha_0.5,0.0
PN00,PN00-2.edf,674,2060.0,0,Late_fusion_alpha_0.5,0.0
PN00,PN00-2.edf,675,2065.0,0,Late_fusion_alpha_0.5,0.0
PN00,PN00-2.edf,676,2070.0,0,Late_fusion_alpha_0.5,0.0009722222222222223
PN00,PN00-2.edf,677,2075.0,0,Late_fusion_alpha_0.5,0.0024305555555555556
PN00,PN00-2.edf,678,2080.0,0,Late_fusion_alpha_0.5,0.11889273005264595
PN00,PN00-2.edf,679,2085.0,0,Late_fusion_alpha_0.5,0.09988292141255736
PN00,PN00-2.edf,680,2090.0,0,Late_fusion_alpha_0.5,0.14746520084481954
PN00,PN00-2.edf,681,2095.0,0,Late_fusion_alpha_0.5,0.15913322883502634
PN00,PN00-2.edf,682,2100.0,0,Late_fusion_alpha_0.5,0.26368039231968976
PN00,PN00-2.edf,683,2105.0,0,Late_fusion_alpha_0.5,0.23919262207479888
PN00,PN00-2.edf,684,2110.0,0,Late_fusion_alpha_0.5,0.04730102784785448
PN00,PN00-2.edf,685,2115.0,0,Late_fusion_alpha_0.5,0.2418401042966355
PN00,PN00-2.edf,686,2120.0,0,Late_fusion_alpha_0.5,0.2390362217642274
PN00,PN00-2.edf,687,2125.0,0,Late_fusion_alpha_0.5,0.029641058016058014
PN00,PN00-2.edf,688,2130.0,0,Late_fusion_alpha_0.5,0.024632478632478635
PN00,PN00-2.edf,689,2135.0,0,Late_fusion_alpha_0.5,0.03163267914003209
PN00,PN00-2.edf,690,2140.0,0,Late_fusion_alpha_0.5,0.01715664128899423
PN00,PN00-2.edf,691,2145.0,0,Late_fusion_alpha_0.5,0.03203366609597259
PN00,PN00-2.edf,692,2150.0,0,Late_fusion_alpha_0.5,0.023616763282010955
PN00,PN00-2.edf,693,2155.0,0,Late_fusion_alpha_0.5,0.0016666666666666668
PN00,PN00-2.edf,694,2160.0,0,Late_fusion_alpha_0.5,0.005863636363636364
PN00,PN00-2.edf,695,2165.0,0,Late_fusion_alpha_0.5,0.0029595959595959597
PN00,PN00-2.edf,696,2170.0,0,Late_fusion_alpha_0.5,0.018124759499759502
PN00,PN00-2.edf,697,2175.0,0,Late_fusion_alpha_0.5,0.13472104670021334
PN00,PN00-2.edf,698,2180.0,0,Late_fusion_alpha_0.5,0.09138507222857888
PN00,PN00-2.edf,699,2185.0,0,Late_fusion_alpha_0.5,0.0
PN00,PN00-2.edf,700,2190.0,0,Late_fusion_alpha_0.5,0.0
PN00,PN00-2.edf,701,2195.0,0,Late_fusion_alpha_0.5,0.0
PN00,PN00-2.edf,702,2200.0,0,Late_fusion_alpha_0.5,0.0
PN00,PN00-2.edf,703,2205.0,0,Late_fusion_alpha_0.5,0.0
PN00,PN00-2.edf,704,2210.0,0,Late_fusion_alpha_0.5,0.0
PN00,PN00-2.edf,705,2215.0,0,Late_fusion_alpha_0.5,0.0
PN00,PN00-2.edf,706,2220.0,0,Late_fusion_alpha_0.5,0.0
PN00,PN00-2.edf,707,2225.0,0,Late_fusion_alpha_0.5,0.006416666666666667
PN00,PN00-2.edf,708,2230.0,0,Late_fusion_alpha_0.5,0.006316239316239316
PN00,PN00-2.edf,709,2235.0,0,Late_fusion_alpha_0.5,0.0
PN00,PN00-2.edf,710,2240.0,0,Late_fusion_alpha_0.5,0.004575396825396825
PN00,PN00-2.edf,711,2245.0,0,Late_fusion_alpha_0.5,0.0033333333333333335
PN00,PN00-2.edf,712,2250.0,0,Late_fusion_alpha_0.5,0.0
PN00,PN00-2.edf,713,2255.0,0,Late_fusion_alpha_0.5,0.0033333333333333335
PN00,PN00-2.edf,714,2260.0,0,Late_fusion_alpha_0.5,0.0015384615384615385
PN00,PN00-2.edf,715,2265.0,0,Late_fusion_alpha_0.5,0.0
PN00,PN00-2.edf,716,2270.0,0,Late_fusion_alpha_0.5,0.0
PN00,PN00-2.edf,717,2275.0,0,Late_fusion_alpha_0.5,0.0
PN00,PN00-2.edf,718,2280.0,0,Late_fusion_alpha_0.5,0.004570707070707071
PN00,PN00-2.edf,719,2285.0,0,Late_fusion_alpha_0.5,0.0
PN00,PN00-2.edf,720,2290.0,0,Late_fusion_alpha_0.5,0.0
PN00,PN00-2.edf,721,2295.0,0,Late_fusion_alpha_0.5,0.0
PN00,PN00-2.edf,722,2300.0,0,Late_fusion_alpha_0.5,0.003205128205128205
PN00,PN00-3.edf,723,60.0,0,EEG_only,0.0
PN00,PN00-3.edf,724,65.0,0,EEG_only,0.03358333333333334
PN00,PN00-3.edf,725,70.0,0,EEG_only,0.12076921226921226
PN00,PN00-3.edf,726,75.0,0,EEG_only,0.049422327672327675
PN00,PN00-3.edf,727,80.0,0,EEG_only,0.0031111111111111114
PN00,PN00-3.edf,728,85.0,0,EEG_only,0.002916666666666667
PN00,PN00-3.edf,729,90.0,0,EEG_only,0.0058991228070175445
PN00,PN00-3.edf,730,95.0,0,EEG_only,0.0
PN00,PN00-3.edf,731,100.0,0,EEG_only,0.005833333333333334
PN00,PN00-3.edf,732,105.0,0,EEG_only,0.0
PN00,PN00-3.edf,733,110.0,0,EEG_only,0.0
PN00,PN00-3.edf,734,115.0,0,EEG_only,0.0031884057971014496
PN00,PN00-3.edf,735,120.0,0,EEG_only,0.002916666666666667
PN00,PN00-3.edf,736,125.0,0,EEG_only,0.021374542124542123
PN00,PN00-3.edf,737,130.0,0,EEG_only,0.0
PN00,PN00-3.edf,738,135.0,0,EEG_only,0.008690476190476191
PN00,PN00-3.edf,739,140.0,0,EEG_only,0.014555555555555554
PN00,PN00-3.edf,740,145.0,0,EEG_only,0.01161340852130326
PN00,PN00-3.edf,741,150.0,0,EEG_only,0.09727304448425138
PN00,PN00-3.edf,742,155.0,0,EEG_only,0.3456121721415838
PN00,PN00-3.edf,743,160.0,0,EEG_only,0.07953890362511053
PN00,PN00-3.edf,744,165.0,0,EEG_only,0.08062303546127077
PN00,PN00-3.edf,745,170.0,0,EEG_only,0.12657309165929856
PN00,PN00-3.edf,746,175.0,0,EEG_only,0.21192274947274944
PN00,PN00-3.edf,747,180.0,0,EEG_only,0.16594414878780198
PN00,PN00-3.edf,748,185.0,0,EEG_only,0.16842872405372403
PN00,PN00-3.edf,749,190.0,0,EEG_only,0.1667535963398032
PN00,PN00-3.edf,750,195.0,0,EEG_only,0.43985202719393884
PN00,PN00-3.edf,751,200.0,0,EEG_only,0.22073348219468908
PN00,PN00-3.edf,752,205.0,0,EEG_only,0.16493329448329444
PN00,PN00-3.edf,753,210.0,0,EEG_only,0.39237849840791006
PN00,PN00-3.edf,754,215.0,0,EEG_only,0.4266349086643203
PN00,PN00-3.edf,755,220.0,0,EEG_only,0.24554732767232765
PN00,PN00-3.edf,756,225.0,0,EEG_only,0.06817288974641916
PN00,PN00-3.edf,757,230.0,0,EEG_only,0.065621484996485
PN00,PN00-3.edf,758,235.0,0,EEG_only,0.01468864468864469
PN00,PN00-3.edf,759,240.0,0,EEG_only,0.031258140008140006
PN00,PN00-3.edf,760,245.0,0,EEG_only,0.06080223453017571
PN00,PN00-3.edf,761,250.0,0,EEG_only,0.16231556923468685
PN00,PN00-3.edf,762,255.0,0,EEG_only,0.13944258247199418
PN00,PN00-3.edf,763,260.0,0,EEG_only,0.1724629259629259
PN00,PN00-3.edf,764,265.0,0,EEG_only,0.07715391090391091
PN00,PN00-3.edf,765,270.0,0,EEG_only,0.1159605487105487
PN00,PN00-3.edf,766,275.0,0,EEG_only,0.41623967753379515
PN00,PN00-3.edf,767,280.0,0,EEG_only,0.3107700137365451
PN00,PN00-3.edf,768,285.0,0,EEG_only,0.17216188536409122
PN00,PN00-3.edf,769,290.0,0,EEG_only,0.05860040885040885
PN00,PN00-3.edf,770,295.0,0,EEG_only,0.04857692307692308
PN00,PN00-3.edf,771,300.0,0,EEG_only,0.14275364148733713
PN00,PN00-3.edf,772,305.0,0,EEG_only,0.13058726458726458
PN00,PN00-3.edf,773,310.0,0,EEG_only,0.40963739209133937
PN00,PN00-3.edf,774,315.0,0,EEG_only,0.3227207623294579
PN00,PN00-3.edf,775,320.0,0,EEG_only,0.14823013490133052
PN00,PN00-3.edf,776,325.0,0,EEG_only,0.006234817813765183
PN00,PN00-3.edf,777,330.0,0,EEG_only,0.016193609022556392
PN00,PN00-3.edf,778,335.0,0,EEG_only,0.0870921115921116
PN00,PN00-3.edf,779,340.0,0,EEG_only,0.04244216602111339
PN00,PN00-3.edf,780,345.0,0,EEG_only,0.0188191234053303
PN00,PN00-3.edf,781,350.0,0,EEG_only,0.10540508957628524
PN00,PN00-3.edf,782,355.0,0,EEG_only,0.0751648421023421
PN00,PN00-3.edf,783,360.0,0,EEG_only,0.12031960400710401
PN00,PN00-3.edf,784,365.0,0,EEG_only,0.1349652093549152
PN00,PN00-3.edf,785,370.0,0,EEG_only,0.3243334788612921
PN00,PN00-3.edf,786,375.0,0,EEG_only,0.05984898530119118
PN00,PN00-3.edf,787,380.0,0,EEG_only,0.015012108262108264
PN00,PN00-3.edf,788,385.0,0,EEG_only,0.10779759808590453
PN00,PN00-3.edf,789,390.0,0,EEG_only,0.27671196339908305
PN00,PN00-3.edf,790,395.0,0,EEG_only,0.21531379322130756
PN00,PN00-3.edf,791,400.0,0,EEG_only,0.17032091588322232
PN00,PN00-3.edf,792,405.0,0,EEG_only,0.15176621198500823
PN00,PN00-3.edf,793,410.0,0,EEG_only,0.24561975021166196
PN00,PN00-3.edf,794,415.0,0,EEG_only,0.21349996243708205
PN00,PN00-3.edf,795,420.0,0,EEG_only,0.4542769469808943
PN00,PN00-3.edf,796,425.0,0,EEG_only,0.017752525252525252
PN00,PN00-3.edf,797,430.0,0,EEG_only,0.11360198135198137
PN00,PN00-3.edf,798,435.0,0,EEG_only,0.12106734006734006
PN00,PN00-3.edf,799,440.0,0,EEG_only,0.12736297155909224
PN00,PN00-3.edf,800,445.0,0,EEG_only,0.00641025641025641
PN00,PN00-3.edf,801,450.0,0,EEG_only,0.012166605324500063
PN00,PN00-3.edf,802,455.0,0,EEG_only,0.19454179207430647
PN00,PN00-3.edf,803,460.0,0,EEG_only,0.04922822983833046
PN00,PN00-3.edf,804,765.0,1,EEG_only,0.07073015873015873
PN00,PN00-3.edf,805,770.0,1,EEG_only,0.13226189480809042
PN00,PN00-3.edf,806,775.0,1,EEG_only,0.10977346304716994
PN00,PN00-3.edf,807,780.0,1,EEG_only,0.04330026455026456
PN00,PN00-3.edf,808,785.0,1,EEG_only,0.5210045515486692
PN00,PN00-3.edf,809,790.0,1,EEG_only,0.996551724137931
PN00,PN00-3.edf,810,795.0,1,EEG_only,0.9197754329004331
PN00,PN00-3.edf,811,800.0,1,EEG_only,0.9410757254777218
PN00,PN00-3.edf,812,805.0,1,EEG_only,0.9966666666666667
PN00,PN00-3.edf,813,810.0,1,EEG_only,0.993125
PN00,PN00-3.edf,814,815.0,1,EEG_only,0.9964583333333333
PN00,PN00-3.edf,815,820.0,1,EEG_only,1.0
PN00,PN00-3.edf,816,825.0,1,EEG_only,0.9466266326266327
PN00,PN00-3.edf,817,1130.0,0,EEG_only,0.2004269268313386
PN00,PN00-3.edf,818,1135.0,0,EEG_only,0.2502658442492034
PN00,PN00-3.edf,819,1140.0,0,EEG_only,0.15028249256190432
PN00,PN00-3.edf,820,1145.0,0,EEG_only,0.09386790916410481
PN00,PN00-3.edf,821,1150.0,0,EEG_only,0.1802950645250837
PN00,PN00-3.edf,822,1155.0,0,EEG_only,0.12933411591132177
PN00,PN00-3.edf,823,1160.0,0,EEG_only,0.06670516058016057
PN00,PN00-3.edf,824,1165.0,0,EEG_only,0.08850532106782107
PN00,PN00-3.edf,825,1170.0,0,EEG_only,0.10152120005961283
PN00,PN00-3.edf,826,1175.0,0,EEG_only,0.018514633514633512
PN00,PN00-3.edf,827,1180.0,0,EEG_only,0.023657407407407405
PN00,PN00-3.edf,828,1185.0,0,EEG_only,0.22204880548573167
PN00,PN00-3.edf,829,1190.0,0,EEG_only,0.1381213583076328
PN00,PN00-3.edf,830,1195.0,0,EEG_only,0.589241517769582
PN00,PN00-3.edf,831,1200.0,0,EEG_only,0.5434980649774607
PN00,PN00-3.edf,832,1205.0,0,EEG_only,0.6314894105380792
PN00,PN00-3.edf,833,1210.0,0,EEG_only,0.7317728438181229
PN00,PN00-3.edf,834,1215.0,0,EEG_only,0.5137591028027337
PN00,PN00-3.edf,835,1220.0,0,EEG_only,0.5401339787321829
PN00,PN00-3.edf,836,1225.0,0,EEG_only,0.5152903122710693
PN00,PN00-3.edf,837,1230.0,0,EEG_only,0.6335149978964839
PN00,PN00-3.edf,838,1235.0,0,EEG_only,0.8275947306180444
PN00,PN00-3.edf,839,1240.0,0,EEG_only,0.6269145306452875
PN00,PN00-3.edf,840,1245.0,0,EEG_only,0.45787944491582266
PN00,PN00-3.edf,841,1250.0,0,EEG_only,0.4708839227083329
PN00,PN00-3.edf,842,1255.0,0,EEG_only,0.5275559684449007
PN00,PN00-3.edf,843,1260.0,0,EEG_only,0.4599092245942095
PN00,PN00-3.edf,844,1265.0,0,EEG_only,0.25919725407031907
PN00,PN00-3.edf,845,1270.0,0,EEG_only,0.16381899173810938
PN00,PN00-3.edf,846,1275.0,0,EEG_only,0.2040161864042938
PN00,PN00-3.edf,847,1280.0,0,EEG_only,0.10287874026844615
PN00,PN00-3.edf,848,1285.0,0,EEG_only,0.21787783744033742
PN00,PN00-3.edf,849,1290.0,0,EEG_only,0.06490430402930404
PN00,PN00-3.edf,850,1295.0,0,EEG_only,0.09488189713044168
PN00,PN00-3.edf,851,1300.0,0,EEG_only,0.12211072954822953
PN00,PN00-3.edf,852,1305.0,0,EEG_only,0.2010057573145808
PN00,PN00-3.edf,853,1310.0,0,EEG_only,0.47661272875910743
PN00,PN00-3.edf,854,1315.0,0,EEG_only,0.5298973222201844
PN00,PN00-3.edf,855,1320.0,0,EEG_only,0.5620802005447035
PN00,PN00-3.edf,856,1325.0,0,EEG_only,0.5438596102558021
PN00,PN00-3.edf,857,1330.0,0,EEG_only,0.4578990252479097
PN00,PN00-3.edf,858,1335.0,0,EEG_only,0.5097906408359201
PN00,PN00-3.edf,859,1340.0,0,EEG_only,0.13409965862781403
PN00,PN00-3.edf,860,1345.0,0,EEG_only,0.11712790298403399
PN00,PN00-3.edf,861,1350.0,0,EEG_only,0.695999936848141
PN00,PN00-3.edf,862,1355.0,0,EEG_only,0.5336310778376411
PN00,PN00-3.edf,863,1360.0,0,EEG_only,0.6117533073370053
PN00,PN00-3.edf,864,1365.0,0,EEG_only,0.6899612293870198
PN00,PN00-3.edf,865,1370.0,0,EEG_only,0.8659775283867842
PN00,PN00-3.edf,866,1375.0,0,EEG_only,0.7873958453639247
PN00,PN00-3.edf,867,1380.0,0,EEG_only,0.8011710396063176
PN00,PN00-3.edf,868,1385.0,0,EEG_only,0.562156715374408
PN00,PN00-3.edf,869,1390.0,0,EEG_only,0.590914294959574
PN00,PN00-3.edf,870,1395.0,0,EEG_only,0.8473946650890314
PN00,PN00-3.edf,871,1400.0,0,EEG_only,0.6802553629423762
PN00,PN00-3.edf,872,1405.0,0,EEG_only,0.8702693070498803
PN00,PN00-3.edf,873,1410.0,0,EEG_only,0.5528519078822004
PN00,PN00-3.edf,874,1415.0,0,EEG_only,0.552157168968515
PN00,PN00-3.edf,875,1420.0,0,EEG_only,0.5166436175854751
PN00,PN00-3.edf,876,1425.0,0,EEG_only,0.7097728882556735
PN00,PN00-3.edf,877,1430.0,0,EEG_only,0.8403236035969174
PN00,PN00-3.edf,878,1435.0,0,EEG_only,0.6073164962441283
PN00,PN00-3.edf,879,1440.0,0,EEG_only,0.6448025569273635
PN00,PN00-3.edf,880,1445.0,0,EEG_only,0.8707246886339446
PN00,PN00-3.edf,881,1450.0,0,EEG_only,0.6403490691972734
PN00,PN00-3.edf,882,1455.0,0,EEG_only,0.6174122190880225
PN00,PN00-3.edf,883,1460.0,0,EEG_only,0.5837136839057411
PN00,PN00-3.edf,884,1465.0,0,EEG_only,0.6376868546069464
PN00,PN00-3.edf,885,1470.0,0,EEG_only,0.8340066453826196
PN00,PN00-3.edf,886,1475.0,0,EEG_only,0.8637431779083321
PN00,PN00-3.edf,887,1480.0,0,EEG_only,0.8573228740742355
PN00,PN00-3.edf,888,1485.0,0,EEG_only,0.681272445138064
PN00,PN00-3.edf,889,1490.0,0,EEG_only,0.8782626725126726
PN00,PN00-3.edf,890,1495.0,0,EEG_only,0.544604939431765
PN00,PN00-3.edf,891,1500.0,0,EEG_only,0.016087962962962964
PN00,PN00-3.edf,892,1505.0,0,EEG_only,0.05395332363714717
PN00,PN00-3.edf,893,1510.0,0,EEG_only,0.05626264938764939
PN00,PN00-3.edf,894,1515.0,0,EEG_only,0.13557062572503747
PN00,PN00-3.edf,895,1520.0,0,EEG_only,0.3093669437860614
PN00,PN00-3.edf,896,1525.0,0,EEG_only,0.2555963412948707
PN00,PN00-3.edf,897,1530.0,0,EEG_only,0.14346350055173582
PN00,PN00-3.edf,898,1535.0,0,EEG_only,0.18983257809728396
PN00,PN00-3.edf,899,1540.0,0,EEG_only,0.2940967739823167
PN00,PN00-3.edf,900,1545.0,0,EEG_only,0.10015476039527274
PN00,PN00-3.edf,901,1550.0,0,EEG_only,0.023507575757575755
PN00,PN00-3.edf,902,1555.0,0,EEG_only,0.03902356902356902
PN00,PN00-3.edf,903,1560.0,0,EEG_only,0.05121367521367521
PN00,PN00-3.edf,904,1565.0,0,EEG_only,0.08726743116990796
PN00,PN00-3.edf,905,1570.0,0,EEG_only,0.05305295207665897
PN00,PN00-3.edf,906,1575.0,0,EEG_only,0.10449960650129127
PN00,PN00-3.edf,907,1580.0,0,EEG_only,0.015439560439560442
PN00,PN00-3.edf,908,1585.0,0,EEG_only,0.012077922077922076
PN00,PN00-3.edf,909,1590.0,0,EEG_only,0.003125
PN00,PN00-3.edf,910,1595.0,0,EEG_only,0.006188034188034188
PN00,PN00-3.edf,911,1600.0,0,EEG_only,0.012236652236652237
PN00,PN00-3.edf,912,1605.0,0,EEG_only,0.015597883597883595
PN00,PN00-3.edf,913,1610.0,0,EEG_only,0.036864297739297745
PN00,PN00-3.edf,914,1615.0,0,EEG_only,0.00922077922077922
PN00,PN00-3.edf,915,1620.0,0,EEG_only,0.009202464202464202
PN00,PN00-3.edf,916,1625.0,0,EEG_only,0.01897771672771673
PN00,PN00-3.edf,917,1630.0,0,EEG_only,0.02938129271749961
PN00,PN00-3.edf,918,1635.0,0,EEG_only,0.1056121248181998
PN00,PN00-3.edf,919,1640.0,0,EEG_only,0.012188492063492064
PN00,PN00-3.edf,920,1645.0,0,EEG_only,0.012135375494071147
PN00,PN00-3.edf,921,1650.0,0,EEG_only,0.02148917055167055
PN00,PN00-3.edf,922,1655.0,0,EEG_only,0.009212962962962963
PN00,PN00-3.edf,923,1660.0,0,EEG_only,0.1048083377442393
PN00,PN00-3.edf,924,1665.0,0,EEG_only,0.015400997150997152
PN00,PN00-3.edf,925,1670.0,0,EEG_only,0.06379554865424432
PN00,PN00-3.edf,926,1675.0,0,EEG_only,0.02731369556369556
PN00,PN00-3.edf,927,1680.0,0,EEG_only,0.018001068376068376
PN00,PN00-3.edf,928,1685.0,0,EEG_only,0.012243265993265993
PN00,PN00-3.edf,929,1690.0,0,EEG_only,0.0
PN00,PN00-3.edf,930,1695.0,0,EEG_only,0.03652946127946128
PN00,PN00-3.edf,931,1700.0,0,EEG_only,0.011546296296296296
PN00,PN00-3.edf,932,1705.0,0,EEG_only,0.022451700795260633
PN00,PN00-3.edf,933,1710.0,0,EEG_only,0.01799214674214674
PN00,PN00-3.edf,934,1715.0,0,EEG_only,0.018347763347763345
PN00,PN00-3.edf,935,1720.0,0,EEG_only,0.003076923076923077
PN00,PN00-3.edf,936,1725.0,0,EEG_only,0.0
PN00,PN00-3.edf,937,1730.0,0,EEG_only,0.009267399267399267
PN00,PN00-3.edf,938,1735.0,0,EEG_only,0.009154217762913416
PN00,PN00-3.edf,939,1740.0,0,EEG_only,0.006313405797101449
PN00,PN00-3.edf,940,1745.0,0,EEG_only,0.0
PN00,PN00-3.edf,941,1750.0,0,EEG_only,0.0
PN00,PN00-3.edf,942,1755.0,0,EEG_only,0.006076923076923078
PN00,PN00-3.edf,943,1760.0,0,EEG_only,0.0
PN00,PN00-3.edf,944,1765.0,0,EEG_only,0.0032222222222222222
PN00,PN00-3.edf,945,1770.0,0,EEG_only,0.012251526251526252
PN00,PN00-3.edf,946,1775.0,0,EEG_only,0.029932191446897332
PN00,PN00-3.edf,947,1780.0,0,EEG_only,0.003125
PN00,PN00-3.edf,948,1785.0,0,EEG_only,0.02423024198024198
PN00,PN00-3.edf,949,1790.0,0,EEG_only,0.01862962962962963
PN00,PN00-3.edf,950,1795.0,0,EEG_only,0.03364523780313254
PN00,PN00-3.edf,951,1800.0,0,EEG_only,0.01180808080808081
PN00,PN00-3.edf,952,1805.0,0,EEG_only,0.0
PN00,PN00-3.edf,953,1810.0,0,EEG_only,0.0
PN00,PN00-3.edf,954,1815.0,0,EEG_only,0.0
PN00,PN00-3.edf,955,1820.0,0,EEG_only,0.024275539275539274
PN00,PN00-3.edf,956,1825.0,0,EEG_only,0.02470510970510971
PN00,PN00-3.edf,957,1830.0,0,EEG_only,0.0
PN00,PN00-3.edf,958,1835.0,0,EEG_only,0.0
PN00,PN00-3.edf,959,1840.0,0,EEG_only,0.003076923076923077
PN00,PN00-3.edf,960,1845.0,0,EEG_only,0.005113636363636364
PN00,PN00-3.edf,961,1850.0,0,EEG_only,0.0
PN00,PN00-3.edf,962,1855.0,0,EEG_only,0.0030303030303030303
PN00,PN00-3.edf,963,1860.0,0,EEG_only,0.006076923076923078
PN00,PN00-3.edf,964,1865.0,0,EEG_only,0.009201923076923076
PN00,PN00-3.edf,965,1870.0,0,EEG_only,0.0
PN00,PN00-3.edf,966,1875.0,0,EEG_only,0.014881155881155881
PN00,PN00-3.edf,967,1880.0,0,EEG_only,0.0
PN00,PN00-3.edf,968,1885.0,0,EEG_only,0.005851851851851852
PN00,PN00-3.edf,969,1890.0,0,EEG_only,0.01816919191919192
PN00,PN00-3.edf,970,1895.0,0,EEG_only,0.018742655187557737
PN00,PN00-3.edf,971,1900.0,0,EEG_only,0.030309660645867542
PN00,PN00-3.edf,972,1905.0,0,EEG_only,0.01240159186279876
PN00,PN00-3.edf,973,1910.0,0,EEG_only,0.006343390804597702
PN00,PN00-3.edf,974,1915.0,0,EEG_only,0.003076923076923077
PN00,PN00-3.edf,975,1920.0,0,EEG_only,0.0
PN00,PN00-3.edf,976,1925.0,0,EEG_only,0.07233611004005741
PN00,PN00-3.edf,977,1930.0,0,EEG_only,0.009343390804597701
PN00,PN00-3.edf,978,1935.0,0,EEG_only,0.018403318903318904
PN00,PN00-3.edf,979,1940.0,0,EEG_only,0.0
PN00,PN00-3.edf,980,1945.0,0,EEG_only,0.0
PN00,PN00-3.edf,981,1950.0,0,EEG_only,0.009326923076923078
PN00,PN00-3.edf,982,1955.0,0,EEG_only,0.009170771756978653
PN00,PN00-3.edf,983,1960.0,0,EEG_only,0.02793109668109668
PN00,PN00-3.edf,984,1965.0,0,EEG_only,0.0
PN00,PN00-3.edf,985,1970.0,0,EEG_only,0.015422702297702297
PN00,PN00-3.edf,986,1975.0,0,EEG_only,0.03303909394698868
PN00,PN00-3.edf,987,1980.0,0,EEG_only,0.009014430014430015
PN00,PN00-3.edf,988,1985.0,0,EEG_only,0.00916488603988604
PN00,PN00-3.edf,989,1990.0,0,EEG_only,0.02225542519745418
PN00,PN00-3.edf,990,1995.0,0,EEG_only,0.08043003733091565
PN00,PN00-3.edf,991,2000.0,0,EEG_only,0.0
PN00,PN00-3.edf,992,2005.0,0,EEG_only,0.0
PN00,PN00-3.edf,993,2010.0,0,EEG_only,0.0
PN00,PN00-3.edf,994,2015.0,0,EEG_only,0.005851851851851852
PN00,PN00-3.edf,995,2020.0,0,EEG_only,0.0
PN00,PN00-3.edf,996,2025.0,0,EEG_only,0.0
PN00,PN00-3.edf,997,2030.0,0,EEG_only,0.07450510926981516
PN00,PN00-3.edf,998,2035.0,0,EEG_only,0.06312614276773315
PN00,PN00-3.edf,999,2040.0,0,EEG_only,0.009280303030303031
PN00,PN00-3.edf,1000,2045.0,0,EEG_only,0.0
PN00,PN00-3.edf,1001,2050.0,0,EEG_only,0.009172532781228433
PN00,PN00-3.edf,1002,2055.0,0,EEG_only,0.006190476190476191
PN00,PN00-3.edf,1003,2060.0,0,EEG_only,0.0
PN00,PN00-3.edf,1004,2065.0,0,EEG_only,0.00925
PN00,PN00-3.edf,1005,2070.0,0,EEG_only,0.0
PN00,PN00-3.edf,1006,2075.0,0,EEG_only,0.0
PN00,PN00-3.edf,1007,2080.0,0,EEG_only,0.0
PN00,PN00-3.edf,1008,2085.0,0,EEG_only,0.0
PN00,PN00-3.edf,1009,2090.0,0,EEG_only,0.005746031746031746
PN00,PN00-3.edf,1010,2095.0,0,EEG_only,0.0
PN00,PN00-3.edf,1011,2100.0,0,EEG_only,0.0
PN00,PN00-3.edf,1012,2105.0,0,EEG_only,0.0
PN00,PN00-3.edf,1013,2110.0,0,EEG_only,0.01562962962962963
PN00,PN00-3.edf,1014,2115.0,0,EEG_only,0.018282894736842106
PN00,PN00-3.edf,1015,2120.0,0,EEG_only,0.0
PN00,PN00-3.edf,1016,2125.0,0,EEG_only,0.0
PN00,PN00-3.edf,1017,2130.0,0,EEG_only,0.0
PN00,PN00-3.edf,1018,2135.0,0,EEG_only,0.0031111111111111114
PN00,PN00-3.edf,1019,2140.0,0,EEG_only,0.0061111111111111106
PN00,PN00-3.edf,1020,2145.0,0,EEG_only,0.0
PN00,PN00-3.edf,1021,2150.0,0,EEG_only,0.0
PN00,PN00-3.edf,1022,2155.0,0,EEG_only,0.0
PN00,PN00-3.edf,1023,2160.0,0,EEG_only,0.002962962962962963
PN00,PN00-3.edf,1024,2165.0,0,EEG_only,0.006551724137931035
PN00,PN00-3.edf,1025,2170.0,0,EEG_only,0.03082593795093795
PN00,PN00-3.edf,1026,2175.0,0,EEG_only,0.011804112554112555
PN00,PN00-3.edf,1027,2180.0,0,EEG_only,0.01825
PN00,PN00-3.edf,1028,2185.0,0,EEG_only,0.02391133866133866
PN00,PN00-3.edf,1029,2190.0,0,EEG_only,0.002962962962962963
PN00,PN00-3.edf,1030,2195.0,0,EEG_only,0.009555555555555555
PN00,PN00-3.edf,1031,2200.0,0,EEG_only,0.021329906204906206
PN00,PN00-3.edf,1032,2205.0,0,EEG_only,0.030868020868020873
PN00,PN00-3.edf,1033,2210.0,0,EEG_only,0.00920940170940171
PN00,PN00-3.edf,1034,2215.0,0,EEG_only,0.005113636363636364
PN00,PN00-3.edf,1035,2220.0,0,EEG_only,0.02216025641025641
PN00,PN00-3.edf,1036,2225.0,0,EEG_only,0.018532356532356534
PN00,PN00-3.edf,1037,2230.0,0,EEG_only,0.04117682317682318
PN00,PN00-3.edf,1038,2235.0,0,EEG_only,0.11896218133718134
PN00,PN00-3.edf,1039,2240.0,0,EEG_only,0.0655986605986606
PN00,PN00-3.edf,1040,2245.0,0,EEG_only,0.06536940623638605
PN00,PN00-3.edf,1041,2250.0,0,EEG_only,0.031164391164391163
PN00,PN00-3.edf,1042,2255.0,0,EEG_only,0.04538073038073038
PN00,PN00-3.edf,1043,2260.0,0,EEG_only,0.06133206934677523
PN00,PN00-3.edf,1044,2265.0,0,EEG_only,0.03970551670551671
PN00,PN00-3.edf,1045,2270.0,0,EEG_only,0.11172261861232449
PN00,PN00-3.edf,1046,2275.0,0,EEG_only,0.08040941002502867
PN00,PN00-3.edf,1047,2280.0,0,EEG_only,0.04915908029878618
PN00,PN00-3.edf,1048,2285.0,0,EEG_only,0.012441643323996266
PN00,PN00-3.edf,1049,2290.0,0,EEG_only,0.04328773078773079
PN00,PN00-3.edf,1050,2295.0,0,EEG_only,0.043634953009953015
PN00,PN00-3.edf,1051,2300.0,0,EEG_only,0.04291215919157096
PN00,PN00-3.edf,1052,2305.0,0,EEG_only,0.008523809523809524
PN00,PN00-3.edf,1053,2310.0,0,EEG_only,0.0123507326007326
PN00,PN00-3.edf,1054,2315.0,0,EEG_only,0.009063180827886711
PN00,PN00-3.edf,1055,2320.0,0,EEG_only,0.009030303030303029
PN00,PN00-3.edf,1056,2325.0,0,EEG_only,0.10691850741850743
PN00,PN00-3.edf,1057,2330.0,0,EEG_only,0.043250767750767756
PN00,PN00-3.edf,1058,2335.0,0,EEG_only,0.028254484894190773
PN00,PN00-3.edf,1059,2340.0,0,EEG_only,0.012378510378510378
PN00,PN00-3.edf,1060,2345.0,0,EEG_only,0.011974358974358976
PN00,PN00-3.edf,1061,2350.0,0,EEG_only,0.025134680134680138
PN00,PN00-3.edf,1062,2355.0,0,EEG_only,0.012944444444444444
PN00,PN00-3.edf,1063,2360.0,0,EEG_only,0.038924242424242424
PN00,PN00-3.edf,1064,2365.0,0,EEG_only,0.08910013651925416
PN00,PN00-3.edf,1065,2370.0,0,EEG_only,0.09324747012247014
PN00,PN00-3.edf,1066,2375.0,0,EEG_only,0.037696048504872036
PN00,PN00-3.edf,1067,2380.0,0,EEG_only,0.043345117845117846
PN00,PN00-3.edf,1068,2385.0,0,EEG_only,0.05817592592592593
PN00,PN00-3.edf,1069,2390.0,0,EEG_only,0.35537275088745673
PN00,PN00-3.edf,1070,2395.0,0,EEG_only,0.26866643868114454
PN00,PN00-3.edf,1071,2400.0,0,EEG_only,0.23299196174196174
PN00,PN00-3.edf,1072,2405.0,0,EEG_only,0.01266025641025641
PN00,PN00-3.edf,1073,2410.0,0,EEG_only,0.006190476190476191
PN00,PN00-3.edf,1074,2415.0,0,EEG_only,0.06144836182336182
PN00,PN00-3.edf,1075,2420.0,0,EEG_only,0.0
PN00,PN00-3.edf,1076,2425.0,0,EEG_only,0.009107142857142857
PN00,PN00-3.edf,1077,2430.0,0,EEG_only,0.002857142857142857
PN00,PN00-3.edf,1078,2435.0,0,EEG_only,0.06831566111259207
PN00,PN00-3.edf,1079,2440.0,0,EEG_only,0.021477920227920225
PN00,PN00-3.edf,1080,2445.0,0,EEG_only,0.009188034188034188
PN00,PN00-3.edf,1081,2450.0,0,EEG_only,0.08243891293891294
PN00,PN00-3.edf,1082,2455.0,0,EEG_only,0.0
PN00,PN00-3.edf,1083,2460.0,0,EEG_only,0.0
PN00,PN00-3.edf,1084,2465.0,0,EEG_only,0.019291666666666665
PN00,PN00-3.edf,1085,2470.0,0,EEG_only,0.024927655677655678
PN00,PN00-3.edf,1086,2475.0,0,EEG_only,0.0
PN00,PN00-3.edf,1087,2480.0,0,EEG_only,0.00819055944055944
PN00,PN00-3.edf,1088,2485.0,0,EEG_only,0.0
PN00,PN00-3.edf,1089,2490.0,0,EEG_only,0.00816919191919192
PN00,PN00-3.edf,1090,2495.0,0,EEG_only,0.0
PN00,PN00-3.edf,1091,2500.0,0,EEG_only,0.0
PN00,PN00-3.edf,1092,2505.0,0,EEG_only,0.024391550977757873
PN00,PN00-3.edf,723,60.0,0,ECG_only,0.27010260804576586
PN00,PN00-3.edf,724,65.0,0,ECG_only,0.43364101550174294
PN00,PN00-3.edf,725,70.0,0,ECG_only,0.3996880465873417
PN00,PN00-3.edf,726,75.0,0,ECG_only,0.29487650652151426
PN00,PN00-3.edf,727,80.0,0,ECG_only,0.3114902066858723
PN00,PN00-3.edf,728,85.0,0,ECG_only,0.29976480873787376
PN00,PN00-3.edf,729,90.0,0,ECG_only,0.32209164997942086
PN00,PN00-3.edf,730,95.0,0,ECG_only,0.2674366396302928
PN00,PN00-3.edf,731,100.0,0,ECG_only,0.3091071436905028
PN00,PN00-3.edf,732,105.0,0,ECG_only,0.35286729465065364
PN00,PN00-3.edf,733,110.0,0,ECG_only,0.23640967590774092
PN00,PN00-3.edf,734,115.0,0,ECG_only,0.35193320657097726
PN00,PN00-3.edf,735,120.0,0,ECG_only,0.5087185345470948
PN00,PN00-3.edf,736,125.0,0,ECG_only,0.5214034084966745
PN00,PN00-3.edf,737,130.0,0,ECG_only,0.44833944760376643
PN00,PN00-3.edf,738,135.0,0,ECG_only,0.21983302292822415
PN00,PN00-3.edf,739,140.0,0,ECG_only,0.2462774673726685
PN00,PN00-3.edf,740,145.0,0,ECG_only,0.5071019269308236
PN00,PN00-3.edf,741,150.0,0,ECG_only,0.9516973553275735
PN00,PN00-3.edf,742,155.0,0,ECG_only,0.9568672086224268
PN00,PN00-3.edf,743,160.0,0,ECG_only,0.9322957800509984
PN00,PN00-3.edf,744,165.0,0,ECG_only,0.6455117686919868
PN00,PN00-3.edf,745,170.0,0,ECG_only,0.39499543985426316
PN00,PN00-3.edf,746,175.0,0,ECG_only,0.2883269063896771
PN00,PN00-3.edf,747,180.0,0,ECG_only,0.2736316432191818
PN00,PN00-3.edf,748,185.0,0,ECG_only,0.15836574581822255
PN00,PN00-3.edf,749,190.0,0,ECG_only,0.15804526757327989
PN00,PN00-3.edf,750,195.0,0,ECG_only,0.1579825224752407
PN00,PN00-3.edf,751,200.0,0,ECG_only,0.2365206290698628
PN00,PN00-3.edf,752,205.0,0,ECG_only,0.24457193677986613
PN00,PN00-3.edf,753,210.0,0,ECG_only,0.6069597887104264
PN00,PN00-3.edf,754,215.0,0,ECG_only,0.5090676487525122
PN00,PN00-3.edf,755,220.0,0,ECG_only,0.3711272854586838
PN00,PN00-3.edf,756,225.0,0,ECG_only,0.3695593979656941
PN00,PN00-3.edf,757,230.0,0,ECG_only,0.2593925476112007
PN00,PN00-3.edf,758,235.0,0,ECG_only,0.21763866509880433
PN00,PN00-3.edf,759,240.0,0,ECG_only,0.3575322500713366
PN00,PN00-3.edf,760,245.0,0,ECG_only,0.24037899649942987
PN00,PN00-3.edf,761,250.0,0,ECG_only,0.3223761373215707
PN00,PN00-3.edf,762,255.0,0,ECG_only,0.6924648650132663
PN00,PN00-3.edf,763,260.0,0,ECG_only,0.9578796777780849
PN00,PN00-3.edf,764,265.0,0,ECG_only,0.9093976003643187
PN00,PN00-3.edf,765,270.0,0,ECG_only,0.13626730112566024
PN00,PN00-3.edf,766,275.0,0,ECG_only,0.12989571866042454
PN00,PN00-3.edf,767,280.0,0,ECG_only,0.15237139249639248
PN00,PN00-3.edf,768,285.0,0,ECG_only,0.6705555964553137
PN00,PN00-3.edf,769,290.0,0,ECG_only,0.9125891874335914
PN00,PN00-3.edf,770,295.0,0,ECG_only,0.9528324346261419
PN00,PN00-3.edf,771,300.0,0,ECG_only,0.5234998912909128
PN00,PN00-3.edf,772,305.0,0,ECG_only,0.2672496264055861
PN00,PN00-3.edf,773,310.0,0,ECG_only,0.525562834639847
PN00,PN00-3.edf,774,315.0,0,ECG_only,0.5461740983761108
PN00,PN00-3.edf,775,320.0,0,ECG_only,0.6603813407524708
PN00,PN00-3.edf,776,325.0,0,ECG_only,0.44079307856745925
PN00,PN00-3.edf,777,330.0,0,ECG_only,0.4184703272447079
PN00,PN00-3.edf,778,335.0,0,ECG_only,0.4044480439724246
PN00,PN00-3.edf,779,340.0,0,ECG_only,0.8240644093794012
PN00,PN00-3.edf,780,345.0,0,ECG_only,0.3883513236419581
PN00,PN00-3.edf,781,350.0,0,ECG_only,0.39492485488654205
PN00,PN00-3.edf,782,355.0,0,ECG_only,0.359202311491398
PN00,PN00-3.edf,783,360.0,0,ECG_only,0.37184824933122124
PN00,PN00-3.edf,784,365.0,0,ECG_only,0.5896865145804772
PN00,PN00-3.edf,785,370.0,0,ECG_only,0.9521647487492509
PN00,PN00-3.edf,786,375.0,0,ECG_only,0.9920671335508291
PN00,PN00-3.edf,787,380.0,0,ECG_only,0.959596761330457
PN00,PN00-3.edf,788,385.0,0,ECG_only,0.9798130311717269
PN00,PN00-3.edf,789,390.0,0,ECG_only,0.9810344017094019
PN00,PN00-3.edf,790,395.0,0,ECG_only,0.9916606280193238
PN00,PN00-3.edf,791,400.0,0,ECG_only,0.9951388888888888
PN00,PN00-3.edf,792,405.0,0,ECG_only,0.9713760683760685
PN00,PN00-3.edf,793,410.0,0,ECG_only,0.9948358585858585
PN00,PN00-3.edf,794,415.0,0,ECG_only,0.9947685185185184
PN00,PN00-3.edf,795,420.0,0,ECG_only,0.9629961840790789
PN00,PN00-3.edf,796,425.0,0,ECG_only,0.9849038461538462
PN00,PN00-3.edf,797,430.0,0,ECG_only,0.9836093767343768
PN00,PN00-3.edf,798,435.0,0,ECG_only,0.9805324536574536
PN00,PN00-3.edf,799,440.0,0,ECG_only,0.8963426125201431
PN00,PN00-3.edf,800,445.0,0,ECG_only,0.5591142704810931
PN00,PN00-3.edf,801,450.0,0,ECG_only,0.4916415372266764
PN00,PN00-3.edf,802,455.0,0,ECG_only,0.6439535701226877
PN00,PN00-3.edf,803,460.0,0,ECG_only,0.4638124136212371
PN00,PN00-3.edf,804,765.0,1,ECG_only,0.5879189808349519
PN00,PN00-3.edf,805,770.0,1,ECG_only,0.9054818715905674
PN00,PN00-3.edf,806,775.0,1,ECG_only,0.7729562819840952
PN00,PN00-3.edf,807,780.0,1,ECG_only,0.9319041712720324
PN00,PN00-3.edf,808,785.0,1,ECG_only,0.7826376898148839
PN00,PN00-3.edf,809,790.0,1,ECG_only,0.7699246909164632
PN00,PN00-3.edf,810,795.0,1,ECG_only,0.8345237603720069
PN00,PN00-3.edf,811,800.0,1,ECG_only,0.5355643471165915
PN00,PN00-3.edf,812,805.0,1,ECG_only,0.8634428086075144
PN00,PN00-3.edf,813,810.0,1,ECG_only,0.6180736340256463
PN00,PN00-3.edf,814,815.0,1,ECG_only,0.5124995441721447
PN00,PN00-3.edf,815,820.0,1,ECG_only,0.5035647692520756
PN00,PN00-3.edf,816,825.0,1,ECG_only,0.5221288392979568
PN00,PN00-3.edf,817,1130.0,0,ECG_only,0.6324366323297707
PN00,PN00-3.edf,818,1135.0,0,ECG_only,0.634456553298608
PN00,PN00-3.edf,819,1140.0,0,ECG_only,0.7669820168701246
PN00,PN00-3.edf,820,1145.0,0,ECG_only,0.813226125539233
PN00,PN00-3.edf,821,1150.0,0,ECG_only,0.9637045864950988
PN00,PN00-3.edf,822,1155.0,0,ECG_only,0.8159822638425075
PN00,PN00-3.edf,823,1160.0,0,ECG_only,0.9583613163665345
PN00,PN00-3.edf,824,1165.0,0,ECG_only,0.8167710445062882
PN00,PN00-3.edf,825,1170.0,0,ECG_only,0.9840003129908254
PN00,PN00-3.edf,826,1175.0,0,ECG_only,0.5811378674981112
PN00,PN00-3.edf,827,1180.0,0,ECG_only,0.60162850961027
PN00,PN00-3.edf,828,1185.0,0,ECG_only,0.5850281197467223
PN00,PN00-3.edf,829,1190.0,0,ECG_only,0.6275175110027547
PN00,PN00-3.edf,830,1195.0,0,ECG_only,0.5139606728174334
PN00,PN00-3.edf,831,1200.0,0,ECG_only,0.87556707854095
PN00,PN00-3.edf,832,1205.0,0,ECG_only,0.933726372606591
PN00,PN00-3.edf,833,1210.0,0,ECG_only,0.943726372606591
PN00,PN00-3.edf,834,1215.0,0,ECG_only,0.9445084053886238
PN00,PN00-3.edf,835,1220.0,0,ECG_only,0.9521714150369275
PN00,PN00-3.edf,836,1225.0,0,ECG_only,0.8268238477925011
PN00,PN00-3.edf,837,1230.0,0,ECG_only,0.8210516550755267
PN00,PN00-3.edf,838,1235.0,0,ECG_only,0.5115248850213515
PN00,PN00-3.edf,839,1240.0,0,ECG_only,0.5692285252873488
PN00,PN00-3.edf,840,1245.0,0,ECG_only,0.9209613799502938
PN00,PN00-3.edf,841,1250.0,0,ECG_only,0.9341140943383024
PN00,PN00-3.edf,842,1255.0,0,ECG_only,0.8970378941223964
PN00,PN00-3.edf,843,1260.0,0,ECG_only,0.8432457067346207
PN00,PN00-3.edf,844,1265.0,0,ECG_only,0.7359194359325433
PN00,PN00-3.edf,845,1270.0,0,ECG_only,0.7100501919670145
PN00,PN00-3.edf,846,1275.0,0,ECG_only,0.5422086039798383
PN00,PN00-3.edf,847,1280.0,0,ECG_only,0.8321798283179359
PN00,PN00-3.edf,848,1285.0,0,ECG_only,0.7782334723862855
PN00,PN00-3.edf,849,1290.0,0,ECG_only,0.598328963883093
PN00,PN00-3.edf,850,1295.0,0,ECG_only,0.35467362074057096
PN00,PN00-3.edf,851,1300.0,0,ECG_only,0.49226803028699295
PN00,PN00-3.edf,852,1305.0,0,ECG_only,0.5274295825147216
PN00,PN00-3.edf,853,1310.0,0,ECG_only,0.7231612390354146
PN00,PN00-3.edf,854,1315.0,0,ECG_only,0.7966519677868782
PN00,PN00-3.edf,855,1320.0,0,ECG_only,0.9478013225644301
PN00,PN00-3.edf,856,1325.0,0,ECG_only,0.8452687875613065
PN00,PN00-3.edf,857,1330.0,0,ECG_only,0.7807205177483308
PN00,PN00-3.edf,858,1335.0,0,ECG_only,0.7908983732261865
PN00,PN00-3.edf,859,1340.0,0,ECG_only,0.743462545600653
PN00,PN00-3.edf,860,1345.0,0,ECG_only,0.8010575927104059
PN00,PN00-3.edf,861,1350.0,0,ECG_only,0.9546199251088391
PN00,PN00-3.edf,862,1355.0,0,ECG_only,0.8780952137091272
PN00,PN00-3.edf,863,1360.0,0,ECG_only,0.7509125043249928
PN00,PN00-3.edf,864,1365.0,0,ECG_only,0.46824659420673326
PN00,PN00-3.edf,865,1370.0,0,ECG_only,0.5867701374326257
PN00,PN00-3.edf,866,1375.0,0,ECG_only,0.7858567501426399
PN00,PN00-3.edf,867,1380.0,0,ECG_only,0.7274704265226206
PN00,PN00-3.edf,868,1385.0,0,ECG_only,0.5295664585099569
PN00,PN00-3.edf,869,1390.0,0,ECG_only,0.5154948245339112
PN00,PN00-3.edf,870,1395.0,0,ECG_only,0.5274098572136497
PN00,PN00-3.edf,871,1400.0,0,ECG_only,0.5240765238803164
PN00,PN00-3.edf,872,1405.0,0,ECG_only,0.5059531578672446
PN00,PN00-3.edf,873,1410.0,0,ECG_only,0.7559760174222013
PN00,PN00-3.edf,874,1415.0,0,ECG_only,0.5978450268678092
PN00,PN00-3.edf,875,1420.0,0,ECG_only,0.770041585187769
PN00,PN00-3.edf,876,1425.0,0,ECG_only,0.551117263345928
PN00,PN00-3.edf,877,1430.0,0,ECG_only,0.6597467502869747
PN00,PN00-3.edf,878,1435.0,0,ECG_only,0.5885963196689742
PN00,PN00-3.edf,879,1440.0,0,ECG_only,0.75599396614015
PN00,PN00-3.edf,880,1445.0,0,ECG_only,0.7639140453132534
PN00,PN00-3.edf,881,1450.0,0,ECG_only,0.718392235898714
PN00,PN00-3.edf,882,1455.0,0,ECG_only,0.6146810432815618
PN00,PN00-3.edf,883,1460.0,0,ECG_only,0.6030713751718936
PN00,PN00-3.edf,884,1465.0,0,ECG_only,0.6022089043094229
PN00,PN00-3.edf,885,1470.0,0,ECG_only,0.5355374200439484
PN00,PN00-3.edf,886,1475.0,0,ECG_only,0.5251226773792057
PN00,PN00-3.edf,887,1480.0,0,ECG_only,0.43814512554295815
PN00,PN00-3.edf,888,1485.0,0,ECG_only,0.7608015451080232
PN00,PN00-3.edf,889,1490.0,0,ECG_only,0.6865887541436844
PN00,PN00-3.edf,890,1495.0,0,ECG_only,0.8872019483945774
PN00,PN00-3.edf,891,1500.0,0,ECG_only,0.8649729921656211
PN00,PN00-3.edf,892,1505.0,0,ECG_only,0.8672004460040658
PN00,PN00-3.edf,893,1510.0,0,ECG_only,0.829482041355443
PN00,PN00-3.edf,894,1515.0,0,ECG_only,0.9421317096206233
PN00,PN00-3.edf,895,1520.0,0,ECG_only,0.9416056615945756
PN00,PN00-3.edf,896,1525.0,0,ECG_only,0.9403219930703945
PN00,PN00-3.edf,897,1530.0,0,ECG_only,0.9301577050164006
PN00,PN00-3.edf,898,1535.0,0,ECG_only,0.8614973163854239
PN00,PN00-3.edf,899,1540.0,0,ECG_only,0.8102941284534704
PN00,PN00-3.edf,900,1545.0,0,ECG_only,0.8325913318807044
PN00,PN00-3.edf,901,1550.0,0,ECG_only,0.5973408157223442
PN00,PN00-3.edf,902,1555.0,0,ECG_only,0.612206875588404
PN00,PN00-3.edf,903,1560.0,0,ECG_only,0.6771783288427521
PN00,PN00-3.edf,904,1565.0,0,ECG_only,0.6329004042819326
PN00,PN00-3.edf,905,1570.0,0,ECG_only,0.6972592541523924
PN00,PN00-3.edf,906,1575.0,0,ECG_only,0.9101892888319179
PN00,PN00-3.edf,907,1580.0,0,ECG_only,0.6879297113898002
PN00,PN00-3.edf,908,1585.0,0,ECG_only,0.49869441324854213
PN00,PN00-3.edf,909,1590.0,0,ECG_only,0.15589734374099695
PN00,PN00-3.edf,910,1595.0,0,ECG_only,0.11147069923540513
PN00,PN00-3.edf,911,1600.0,0,ECG_only,0.09987083571585013
PN00,PN00-3.edf,912,1605.0,0,ECG_only,0.07064216745428714
PN00,PN00-3.edf,913,1610.0,0,ECG_only,0.03296673122983865
PN00,PN00-3.edf,914,1615.0,0,ECG_only,0.05932548167479599
PN00,PN00-3.edf,915,1620.0,0,ECG_only,0.060087233811548124
PN00,PN00-3.edf,916,1625.0,0,ECG_only,0.07699168886668888
PN00,PN00-3.edf,917,1630.0,0,ECG_only,0.11145251406087318
PN00,PN00-3.edf,918,1635.0,0,ECG_only,0.012279800809212574
PN00,PN00-3.edf,919,1640.0,0,ECG_only,0.0029411764705882353
PN00,PN00-3.edf,920,1645.0,0,ECG_only,0.0
PN00,PN00-3.edf,921,1650.0,0,ECG_only,0.0
PN00,PN00-3.edf,922,1655.0,0,ECG_only,0.0
PN00,PN00-3.edf,923,1660.0,0,ECG_only,0.009007936507936506
PN00,PN00-3.edf,924,1665.0,0,ECG_only,0.0
PN00,PN00-3.edf,925,1670.0,0,ECG_only,0.0
PN00,PN00-3.edf,926,1675.0,0,ECG_only,0.0
PN00,PN00-3.edf,927,1680.0,0,ECG_only,0.0
PN00,PN00-3.edf,928,1685.0,0,ECG_only,0.05281252149982801
PN00,PN00-3.edf,929,1690.0,0,ECG_only,0.050529242687137425
PN00,PN00-3.edf,930,1695.0,0,ECG_only,0.08475269243999896
PN00,PN00-3.edf,931,1700.0,0,ECG_only,0.012419191919191918
PN00,PN00-3.edf,932,1705.0,0,ECG_only,0.03061361514302691
PN00,PN00-3.edf,933,1710.0,0,ECG_only,0.08417535039206865
PN00,PN00-3.edf,934,1715.0,0,ECG_only,0.012419191919191918
PN00,PN00-3.edf,935,1720.0,0,ECG_only,0.040619942445692885
PN00,PN00-3.edf,936,1725.0,0,ECG_only,0.11673323071687589
PN00,PN00-3.edf,937,1730.0,0,ECG_only,0.08215463018084503
PN00,PN00-3.edf,938,1735.0,0,ECG_only,0.05997222924844408
PN00,PN00-3.edf,939,1740.0,0,ECG_only,0.01563264221158958
PN00,PN00-3.edf,940,1745.0,0,ECG_only,0.0030303030303030303
PN00,PN00-3.edf,941,1750.0,0,ECG_only,0.0
PN00,PN00-3.edf,942,1755.0,0,ECG_only,0.0054444444444444445
PN00,PN00-3.edf,943,1760.0,0,ECG_only,0.0
PN00,PN00-3.edf,944,1765.0,0,ECG_only,0.0
PN00,PN00-3.edf,945,1770.0,0,ECG_only,0.009116809116809116
PN00,PN00-3.edf,946,1775.0,0,ECG_only,0.002962962962962963
PN00,PN00-3.edf,947,1780.0,0,ECG_only,0.006120857699805068
PN00,PN00-3.edf,948,1785.0,0,ECG_only,0.0
PN00,PN00-3.edf,949,1790.0,0,ECG_only,0.015028318903318905
PN00,PN00-3.edf,950,1795.0,0,ECG_only,0.018337047212047212
PN00,PN00-3.edf,951,1800.0,0,ECG_only,0.003
PN00,PN00-3.edf,952,1805.0,0,ECG_only,0.011813778813778814
PN00,PN00-3.edf,953,1810.0,0,ECG_only,0.009125541125541125
PN00,PN00-3.edf,954,1815.0,0,ECG_only,0.0030303030303030303
PN00,PN00-3.edf,955,1820.0,0,ECG_only,0.0030303030303030303
PN00,PN00-3.edf,956,1825.0,0,ECG_only,0.0030303030303030303
PN00,PN00-3.edf,957,1830.0,0,ECG_only,0.0
PN00,PN00-3.edf,958,1835.0,0,ECG_only,0.0
PN00,PN00-3.edf,959,1840.0,0,ECG_only,0.003125
PN00,PN00-3.edf,960,1845.0,0,ECG_only,0.005222222222222222
PN00,PN00-3.edf,961,1850.0,0,ECG_only,0.023213293650793655
PN00,PN00-3.edf,962,1855.0,0,ECG_only,0.0
PN00,PN00-3.edf,963,1860.0,0,ECG_only,0.0
PN00,PN00-3.edf,964,1865.0,0,ECG_only,0.0
PN00,PN00-3.edf,965,1870.0,0,ECG_only,0.0
PN00,PN00-3.edf,966,1875.0,0,ECG_only,0.0033333333333333335
PN00,PN00-3.edf,967,1880.0,0,ECG_only,0.006458333333333333
PN00,PN00-3.edf,968,1885.0,0,ECG_only,0.0
PN00,PN00-3.edf,969,1890.0,0,ECG_only,0.0
PN00,PN00-3.edf,970,1895.0,0,ECG_only,0.018630050505050504
PN00,PN00-3.edf,971,1900.0,0,ECG_only,0.4482331643630018
PN00,PN00-3.edf,972,1905.0,0,ECG_only,0.5249528744031452
PN00,PN00-3.edf,973,1910.0,0,ECG_only,0.40162474249606595
PN00,PN00-3.edf,974,1915.0,0,ECG_only,0.23823856451637782
PN00,PN00-3.edf,975,1920.0,0,ECG_only,0.4068591209515122
PN00,PN00-3.edf,976,1925.0,0,ECG_only,0.08115317982384546
PN00,PN00-3.edf,977,1930.0,0,ECG_only,0.26488241988203287
PN00,PN00-3.edf,978,1935.0,0,ECG_only,0.03495767195767196
PN00,PN00-3.edf,979,1940.0,0,ECG_only,0.036743386243386245
PN00,PN00-3.edf,980,1945.0,0,ECG_only,0.06573089288878764
PN00,PN00-3.edf,981,1950.0,0,ECG_only,0.17847472773301049
PN00,PN00-3.edf,982,1955.0,0,ECG_only,0.09886748407537879
PN00,PN00-3.edf,983,1960.0,0,ECG_only,0.09163220838615575
PN00,PN00-3.edf,984,1965.0,0,ECG_only,0.1282781319070793
PN00,PN00-3.edf,985,1970.0,0,ECG_only,0.13124614537509274
PN00,PN00-3.edf,986,1975.0,0,ECG_only,0.17872404286958057
PN00,PN00-3.edf,987,1980.0,0,ECG_only,0.1755670439372193
PN00,PN00-3.edf,988,1985.0,0,ECG_only,0.18089519385747455
PN00,PN00-3.edf,989,1990.0,0,ECG_only,0.12552680940415833
PN00,PN00-3.edf,990,1995.0,0,ECG_only,0.09740354242059722
PN00,PN00-3.edf,991,2000.0,0,ECG_only,0.10306960072589698
PN00,PN00-3.edf,992,2005.0,0,ECG_only,0.12374279960304323
PN00,PN00-3.edf,993,2010.0,0,ECG_only,0.05973474381369118
PN00,PN00-3.edf,994,2015.0,0,ECG_only,0.02393621364016101
PN00,PN00-3.edf,995,2020.0,0,ECG_only,0.02081121364016101
PN00,PN00-3.edf,996,2025.0,0,ECG_only,0.0030303030303030303
PN00,PN00-3.edf,997,2030.0,0,ECG_only,0.030315323565323567
PN00,PN00-3.edf,998,2035.0,0,ECG_only,0.04288742140212729
PN00,PN00-3.edf,999,2040.0,0,ECG_only,0.022078834907782275
PN00,PN00-3.edf,1000,2045.0,0,ECG_only,0.0766943368522316
PN00,PN00-3.edf,1001,2050.0,0,ECG_only,0.18009060237905178
PN00,PN00-3.edf,1002,2055.0,0,ECG_only,0.14300276687222657
PN00,PN00-3.edf,1003,2060.0,0,ECG_only,0.12514527387502772
PN00,PN00-3.edf,1004,2065.0,0,ECG_only,0.1119291973589512
PN00,PN00-3.edf,1005,2070.0,0,ECG_only,0.06626788936869583
PN00,PN00-3.edf,1006,2075.0,0,ECG_only,0.05212923030909046
PN00,PN00-3.edf,1007,2080.0,0,ECG_only,0.17893488644891214
PN00,PN00-3.edf,1008,2085.0,0,ECG_only,0.21002856863818253
PN00,PN00-3.edf,1009,2090.0,0,ECG_only,0.015117496882202763
PN00,PN00-3.edf,1010,2095.0,0,ECG_only,0.014800036564742446
PN00,PN00-3.edf,1011,2100.0,0,ECG_only,0.01713336989807578
PN00,PN00-3.edf,1012,2105.0,0,ECG_only,0.005470588235294118
PN00,PN00-3.edf,1013,2110.0,0,ECG_only,0.0719922360491246
PN00,PN00-3.edf,1014,2115.0,0,ECG_only,0.5527668050130123
PN00,PN00-3.edf,1015,2120.0,0,ECG_only,0.5967817184730015
PN00,PN00-3.edf,1016,2125.0,0,ECG_only,0.5891474178049235
PN00,PN00-3.edf,1017,2130.0,0,ECG_only,0.40558685970605474
PN00,PN00-3.edf,1018,2135.0,0,ECG_only,0.3402730459641214
PN00,PN00-3.edf,1019,2140.0,0,ECG_only,0.21782655569255374
PN00,PN00-3.edf,1020,2145.0,0,ECG_only,0.009616228070175438
PN00,PN00-3.edf,1021,2150.0,0,ECG_only,0.003125
PN00,PN00-3.edf,1022,2155.0,0,ECG_only,0.00625
PN00,PN00-3.edf,1023,2160.0,0,ECG_only,0.012202380952380952
PN00,PN00-3.edf,1024,2165.0,0,ECG_only,0.015291666666666669
PN00,PN00-3.edf,1025,2170.0,0,ECG_only,0.011796296296296296
PN00,PN00-3.edf,1026,2175.0,0,ECG_only,0.11230371147292834
PN00,PN00-3.edf,1027,2180.0,0,ECG_only,0.5497757368992664
PN00,PN00-3.edf,1028,2185.0,0,ECG_only,0.6109346385138721
PN00,PN00-3.edf,1029,2190.0,0,ECG_only,0.5943087972498727
PN00,PN00-3.edf,1030,2195.0,0,ECG_only,0.5824805169510547
PN00,PN00-3.edf,1031,2200.0,0,ECG_only,0.5966094863075352
PN00,PN00-3.edf,1032,2205.0,0,ECG_only,0.6721441749398404
PN00,PN00-3.edf,1033,2210.0,0,ECG_only,0.698657973032586
PN00,PN00-3.edf,1034,2215.0,0,ECG_only,0.4262959384100446
PN00,PN00-3.edf,1035,2220.0,0,ECG_only,0.4081510906107851
PN00,PN00-3.edf,1036,2225.0,0,ECG_only,0.36947612859023476
PN00,PN00-3.edf,1037,2230.0,0,ECG_only,0.3864443224334287
PN00,PN00-3.edf,1038,2235.0,0,ECG_only,0.29746932350448235
PN00,PN00-3.edf,1039,2240.0,0,ECG_only,0.2505287440892653
PN00,PN00-3.edf,1040,2245.0,0,ECG_only,0.1250971902099353
PN00,PN00-3.edf,1041,2250.0,0,ECG_only,0.09580443820884997
PN00,PN00-3.edf,1042,2255.0,0,ECG_only,0.3186628589084729
PN00,PN00-3.edf,1043,2260.0,0,ECG_only,0.08807710858304253
PN00,PN00-3.edf,1044,2265.0,0,ECG_only,0.33770580876238765
PN00,PN00-3.edf,1045,2270.0,0,ECG_only,0.31532258106053246
PN00,PN00-3.edf,1046,2275.0,0,ECG_only,0.30057080159931027
PN00,PN00-3.edf,1047,2280.0,0,ECG_only,0.4497357911638871
PN00,PN00-3.edf,1048,2285.0,0,ECG_only,0.4332225154868185
PN00,PN00-3.edf,1049,2290.0,0,ECG_only,0.47624101860376367
PN00,PN00-3.edf,1050,2295.0,0,ECG_only,0.45052226099684817
PN00,PN00-3.edf,1051,2300.0,0,ECG_only,0.46888485668712926
PN00,PN00-3.edf,1052,2305.0,0,ECG_only,0.411758226451378
PN00,PN00-3.edf,1053,2310.0,0,ECG_only,0.3533890020988833
PN00,PN00-3.edf,1054,2315.0,0,ECG_only,0.5388372804816585
PN00,PN00-3.edf,1055,2320.0,0,ECG_only,0.41394104026365064
PN00,PN00-3.edf,1056,2325.0,0,ECG_only,0.3591443616057909
PN00,PN00-3.edf,1057,2330.0,0,ECG_only,0.35374105516987575
PN00,PN00-3.edf,1058,2335.0,0,ECG_only,0.26771441842703664
PN00,PN00-3.edf,1059,2340.0,0,ECG_only,0.26852930707964473
PN00,PN00-3.edf,1060,2345.0,0,ECG_only,0.05831530214424953
PN00,PN00-3.edf,1061,2350.0,0,ECG_only,0.1890051870787164
PN00,PN00-3.edf,1062,2355.0,0,ECG_only,0.4622596005005267
PN00,PN00-3.edf,1063,2360.0,0,ECG_only,0.692560850570761
PN00,PN00-3.edf,1064,2365.0,0,ECG_only,0.6325735739584843
PN00,PN00-3.edf,1065,2370.0,0,ECG_only,0.562361093900416
PN00,PN00-3.edf,1066,2375.0,0,ECG_only,0.5031297246261911
PN00,PN00-3.edf,1067,2380.0,0,ECG_only,0.6885541827696391
PN00,PN00-3.edf,1068,2385.0,0,ECG_only,0.8091815315307397
PN00,PN00-3.edf,1069,2390.0,0,ECG_only,0.9175214020432105
PN00,PN00-3.edf,1070,2395.0,0,ECG_only,0.977701775468366
PN00,PN00-3.edf,1071,2400.0,0,ECG_only,0.9809838344909372
PN00,PN00-3.edf,1072,2405.0,0,ECG_only,0.7638870613390738
PN00,PN00-3.edf,1073,2410.0,0,ECG_only,0.7394269633427619
PN00,PN00-3.edf,1074,2415.0,0,ECG_only,0.6301946807305703
PN00,PN00-3.edf,1075,2420.0,0,ECG_only,0.29253876670285334
PN00,PN00-3.edf,1076,2425.0,0,ECG_only,0.32211483366707816
PN00,PN00-3.edf,1077,2430.0,0,ECG_only,0.29914822926471524
PN00,PN00-3.edf,1078,2435.0,0,ECG_only,0.10692241969989649
PN00,PN00-3.edf,1079,2440.0,0,ECG_only,0.153521588161294
PN00,PN00-3.edf,1080,2445.0,0,ECG_only,0.07797961950903129
PN00,PN00-3.edf,1081,2450.0,0,ECG_only,0.0945428182928183
PN00,PN00-3.edf,1082,2455.0,0,ECG_only,0.07114358326858326
PN00,PN00-3.edf,1083,2460.0,0,ECG_only,0.009576719576719578
PN00,PN00-3.edf,1084,2465.0,0,ECG_only,0.030855921855921852
PN00,PN00-3.edf,1085,2470.0,0,ECG_only,0.025203670312029445
PN00,PN00-3.edf,1086,2475.0,0,ECG_only,0.0
PN00,PN00-3.edf,1087,2480.0,0,ECG_only,0.0
PN00,PN00-3.edf,1088,2485.0,0,ECG_only,0.0
PN00,PN00-3.edf,1089,2490.0,0,ECG_only,0.0
PN00,PN00-3.edf,1090,2495.0,0,ECG_only,0.0
PN00,PN00-3.edf,1091,2500.0,0,ECG_only,0.0
PN00,PN00-3.edf,1092,2505.0,0,ECG_only,0.08702774077774078
PN00,PN00-3.edf,723,60.0,0,Early_fusion,0.005773809523809524
PN00,PN00-3.edf,724,65.0,0,Early_fusion,0.028381407240102893
PN00,PN00-3.edf,725,70.0,0,Early_fusion,0.1535621508121508
PN00,PN00-3.edf,726,75.0,0,Early_fusion,0.1270582503915837
PN00,PN00-3.edf,727,80.0,0,Early_fusion,0.021780303030303032
PN00,PN00-3.edf,728,85.0,0,Early_fusion,0.006111111111111111
PN00,PN00-3.edf,729,90.0,0,Early_fusion,0.0125
PN00,PN00-3.edf,730,95.0,0,Early_fusion,0.002962962962962963
PN00,PN00-3.edf,731,100.0,0,Early_fusion,0.005925925925925926
PN00,PN00-3.edf,732,105.0,0,Early_fusion,0.002962962962962963
PN00,PN00-3.edf,733,110.0,0,Early_fusion,0.0
PN00,PN00-3.edf,734,115.0,0,Early_fusion,0.0
PN00,PN00-3.edf,735,120.0,0,Early_fusion,0.04804030881972059
PN00,PN00-3.edf,736,125.0,0,Early_fusion,0.06070024147965325
PN00,PN00-3.edf,737,130.0,0,Early_fusion,0.0682184927788643
PN00,PN00-3.edf,738,135.0,0,Early_fusion,0.0546503839297957
PN00,PN00-3.edf,739,140.0,0,Early_fusion,0.012706924315619967
PN00,PN00-3.edf,740,145.0,0,Early_fusion,0.0028205128205128203
PN00,PN00-3.edf,741,150.0,0,Early_fusion,0.17751263551263552
PN00,PN00-3.edf,742,155.0,0,Early_fusion,0.3986234783734784
PN00,PN00-3.edf,743,160.0,0,Early_fusion,0.0595568426104408
PN00,PN00-3.edf,744,165.0,0,Early_fusion,0.06637567796188484
PN00,PN00-3.edf,745,170.0,0,Early_fusion,0.05721164021164021
PN00,PN00-3.edf,746,175.0,0,Early_fusion,0.20200441697010316
PN00,PN00-3.edf,747,180.0,0,Early_fusion,0.15324346399501196
PN00,PN00-3.edf,748,185.0,0,Early_fusion,0.18229696889340963
PN00,PN00-3.edf,749,190.0,0,Early_fusion,0.21495982511852077
PN00,PN00-3.edf,750,195.0,0,Early_fusion,0.4157674418844707
PN00,PN00-3.edf,751,200.0,0,Early_fusion,0.24436604888748956
PN00,PN00-3.edf,752,205.0,0,Early_fusion,0.18430104387703874
PN00,PN00-3.edf,753,210.0,0,Early_fusion,0.4330437114055534
PN00,PN00-3.edf,754,215.0,0,Early_fusion,0.4328457427075847
PN00,PN00-3.edf,755,220.0,0,Early_fusion,0.23019188690757314
PN00,PN00-3.edf,756,225.0,0,Early_fusion,0.07457016865637554
PN00,PN00-3.edf,757,230.0,0,Early_fusion,0.046783671038882146
PN00,PN00-3.edf,758,235.0,0,Early_fusion,0.012176413255360624
PN00,PN00-3.edf,759,240.0,0,Early_fusion,0.015943258529465425
PN00,PN00-3.edf,760,245.0,0,Early_fusion,0.03741029297499886
PN00,PN00-3.edf,761,250.0,0,Early_fusion,0.07589033145503735
PN00,PN00-3.edf,762,255.0,0,Early_fusion,0.23064974012342426
PN00,PN00-3.edf,763,260.0,0,Early_fusion,0.2601010475878896
PN00,PN00-3.edf,764,265.0,0,Early_fusion,0.1475302459885793
PN00,PN00-3.edf,765,270.0,0,Early_fusion,0.1431206070381262
PN00,PN00-3.edf,766,275.0,0,Early_fusion,0.34799028872171284
PN00,PN00-3.edf,767,280.0,0,Early_fusion,0.25659279713371785
PN00,PN00-3.edf,768,285.0,0,Early_fusion,0.1289508207841541
PN00,PN00-3.edf,769,290.0,0,Early_fusion,0.19258684436096712
PN00,PN00-3.edf,770,295.0,0,Early_fusion,0.1843163891826172
PN00,PN00-3.edf,771,300.0,0,Early_fusion,0.2751847501054157
PN00,PN00-3.edf,772,305.0,0,Early_fusion,0.20875933496328233
PN00,PN00-3.edf,773,310.0,0,Early_fusion,0.518411135161135
PN00,PN00-3.edf,774,315.0,0,Early_fusion,0.45462879299063513
PN00,PN00-3.edf,775,320.0,0,Early_fusion,0.13731123351956684
PN00,PN00-3.edf,776,325.0,0,Early_fusion,0.0033333333333333335
PN00,PN00-3.edf,777,330.0,0,Early_fusion,0.0345491452991453
PN00,PN00-3.edf,778,335.0,0,Early_fusion,0.1309035624868958
PN00,PN00-3.edf,779,340.0,0,Early_fusion,0.06983159854851032
PN00,PN00-3.edf,780,345.0,0,Early_fusion,0.024477513227513226
PN00,PN00-3.edf,781,350.0,0,Early_fusion,0.11540617098950433
PN00,PN00-3.edf,782,355.0,0,Early_fusion,0.10514467030695102
PN00,PN00-3.edf,783,360.0,0,Early_fusion,0.18897048800776867
PN00,PN00-3.edf,784,365.0,0,Early_fusion,0.18824448082781414
PN00,PN00-3.edf,785,370.0,0,Early_fusion,0.3555807800014456
PN00,PN00-3.edf,786,375.0,0,Early_fusion,0.07549107082001819
PN00,PN00-3.edf,787,380.0,0,Early_fusion,0.043853815937149265
PN00,PN00-3.edf,788,385.0,0,Early_fusion,0.1785713333387357
PN00,PN00-3.edf,789,390.0,0,Early_fusion,0.3267226501238649
PN00,PN00-3.edf,790,395.0,0,Early_fusion,0.2720035974374209
PN00,PN00-3.edf,791,400.0,0,Early_fusion,0.1845435230165622
PN00,PN00-3.edf,792,405.0,0,Early_fusion,0.10975343497082629
PN00,PN00-3.edf,793,410.0,0,Early_fusion,0.2895417084801635
PN00,PN00-3.edf,794,415.0,0,Early_fusion,0.3162970078931121
PN00,PN00-3.edf,795,420.0,0,Early_fusion,0.45171836415218763
PN00,PN00-3.edf,796,425.0,0,Early_fusion,0.06830639730639732
PN00,PN00-3.edf,797,430.0,0,Early_fusion,0.238101913680861
PN00,PN00-3.edf,798,435.0,0,Early_fusion,0.2566047036396499
PN00,PN00-3.edf,799,440.0,0,Early_fusion,0.16739126070008425
PN00,PN00-3.edf,800,445.0,0,Early_fusion,0.07629957732898911
PN00,PN00-3.edf,801,450.0,0,Early_fusion,0.021435185185185186
PN00,PN00-3.edf,802,455.0,0,Early_fusion,0.17310066567419508
PN00,PN00-3.edf,803,460.0,0,Early_fusion,0.022239180572513905
PN00,PN00-3.edf,804,765.0,1,Early_fusion,0.12820406445406446
PN00,PN00-3.edf,805,770.0,1,Early_fusion,0.17592970301303631
PN00,PN00-3.edf,806,775.0,1,Early_fusion,0.058248556998557
PN00,PN00-3.edf,807,780.0,1,Early_fusion,0.1335613557981979
PN00,PN00-3.edf,808,785.0,1,Early_fusion,0.5832009009509009
PN00,PN00-3.edf,809,790.0,1,Early_fusion,0.9986072261072262
PN00,PN00-3.edf,810,795.0,1,Early_fusion,0.9179321419321419
PN00,PN00-3.edf,811,800.0,1,Early_fusion,0.9133105942331948
PN00,PN00-3.edf,812,805.0,1,Early_fusion,1.0
PN00,PN00-3.edf,813,810.0,1,Early_fusion,0.9722962962962962
PN00,PN00-3.edf,814,815.0,1,Early_fusion,0.9722962962962962
PN00,PN00-3.edf,815,820.0,1,Early_fusion,0.9722962962962962
PN00,PN00-3.edf,816,825.0,1,Early_fusion,0.9215168505957981
PN00,PN00-3.edf,817,1130.0,0,Early_fusion,0.33353430122509065
PN00,PN00-3.edf,818,1135.0,0,Early_fusion,0.40208718168083485
PN00,PN00-3.edf,819,1140.0,0,Early_fusion,0.2543015184133604
PN00,PN00-3.edf,820,1145.0,0,Early_fusion,0.12048092031425364
PN00,PN00-3.edf,821,1150.0,0,Early_fusion,0.23661593255672198
PN00,PN00-3.edf,822,1155.0,0,Early_fusion,0.1465183315041416
PN00,PN00-3.edf,823,1160.0,0,Early_fusion,0.14739886729102414
PN00,PN00-3.edf,824,1165.0,0,Early_fusion,0.10962282178510248
PN00,PN00-3.edf,825,1170.0,0,Early_fusion,0.06998917748917749
PN00,PN00-3.edf,826,1175.0,0,Early_fusion,0.06962041045374379
PN00,PN00-3.edf,827,1180.0,0,Early_fusion,0.052494869328202666
PN00,PN00-3.edf,828,1185.0,0,Early_fusion,0.1867459640940033
PN00,PN00-3.edf,829,1190.0,0,Early_fusion,0.11891262571622391
PN00,PN00-3.edf,830,1195.0,0,Early_fusion,0.6613278516432541
PN00,PN00-3.edf,831,1200.0,0,Early_fusion,0.566816661079432
PN00,PN00-3.edf,832,1205.0,0,Early_fusion,0.6499048161877109
PN00,PN00-3.edf,833,1210.0,0,Early_fusion,0.7707040637238004
PN00,PN00-3.edf,834,1215.0,0,Early_fusion,0.5590989204294156
PN00,PN00-3.edf,835,1220.0,0,Early_fusion,0.5728687865855049
PN00,PN00-3.edf,836,1225.0,0,Early_fusion,0.5713253697626762
PN00,PN00-3.edf,837,1230.0,0,Early_fusion,0.663055457213352
PN00,PN00-3.edf,838,1235.0,0,Early_fusion,0.8345046145375093
PN00,PN00-3.edf,839,1240.0,0,Early_fusion,0.6738097497044866
PN00,PN00-3.edf,840,1245.0,0,Early_fusion,0.471485395123166
PN00,PN00-3.edf,841,1250.0,0,Early_fusion,0.49080334277006105
PN00,PN00-3.edf,842,1255.0,0,Early_fusion,0.522872764289947
PN00,PN00-3.edf,843,1260.0,0,Early_fusion,0.5130239341555131
PN00,PN00-3.edf,844,1265.0,0,Early_fusion,0.43077976151815156
PN00,PN00-3.edf,845,1270.0,0,Early_fusion,0.34542204992862874
PN00,PN00-3.edf,846,1275.0,0,Early_fusion,0.3430713012620906
PN00,PN00-3.edf,847,1280.0,0,Early_fusion,0.10209082137810208
PN00,PN00-3.edf,848,1285.0,0,Early_fusion,0.27094686885373154
PN00,PN00-3.edf,849,1290.0,0,Early_fusion,0.09950148308481642
PN00,PN00-3.edf,850,1295.0,0,Early_fusion,0.16381224688242227
PN00,PN00-3.edf,851,1300.0,0,Early_fusion,0.13775632424755227
PN00,PN00-3.edf,852,1305.0,0,Early_fusion,0.30260886554965494
PN00,PN00-3.edf,853,1310.0,0,Early_fusion,0.5524866397362528
PN00,PN00-3.edf,854,1315.0,0,Early_fusion,0.6032817578734762
PN00,PN00-3.edf,855,1320.0,0,Early_fusion,0.6367205413122596
PN00,PN00-3.edf,856,1325.0,0,Early_fusion,0.5942252317542566
PN00,PN00-3.edf,857,1330.0,0,Early_fusion,0.5468218296008545
PN00,PN00-3.edf,858,1335.0,0,Early_fusion,0.5698163859704107
PN00,PN00-3.edf,859,1340.0,0,Early_fusion,0.14736936030563472
PN00,PN00-3.edf,860,1345.0,0,Early_fusion,0.23858051326774898
PN00,PN00-3.edf,861,1350.0,0,Early_fusion,0.7205731760929129
PN00,PN00-3.edf,862,1355.0,0,Early_fusion,0.5494851008268191
PN00,PN00-3.edf,863,1360.0,0,Early_fusion,0.6268778053445235
PN00,PN00-3.edf,864,1365.0,0,Early_fusion,0.7258737219522824
PN00,PN00-3.edf,865,1370.0,0,Early_fusion,0.8698268646558119
PN00,PN00-3.edf,866,1375.0,0,Early_fusion,0.8192333441412389
PN00,PN00-3.edf,867,1380.0,0,Early_fusion,0.8098771559394624
PN00,PN00-3.edf,868,1385.0,0,Early_fusion,0.6135102961051103
PN00,PN00-3.edf,869,1390.0,0,Early_fusion,0.6658420041574066
PN00,PN00-3.edf,870,1395.0,0,Early_fusion,0.8504613614942562
PN00,PN00-3.edf,871,1400.0,0,Early_fusion,0.6435651944088475
PN00,PN00-3.edf,872,1405.0,0,Early_fusion,0.8362490786074377
PN00,PN00-3.edf,873,1410.0,0,Early_fusion,0.5907932395262117
PN00,PN00-3.edf,874,1415.0,0,Early_fusion,0.5971024575985876
PN00,PN00-3.edf,875,1420.0,0,Early_fusion,0.5401740896702197
PN00,PN00-3.edf,876,1425.0,0,Early_fusion,0.735971665675226
PN00,PN00-3.edf,877,1430.0,0,Early_fusion,0.8616237241860307
PN00,PN00-3.edf,878,1435.0,0,Early_fusion,0.6138720392667761
PN00,PN00-3.edf,879,1440.0,0,Early_fusion,0.6899223121386306
PN00,PN00-3.edf,880,1445.0,0,Early_fusion,0.8758673502423502
PN00,PN00-3.edf,881,1450.0,0,Early_fusion,0.6683076162743345
PN00,PN00-3.edf,882,1455.0,0,Early_fusion,0.6614888193305376
PN00,PN00-3.edf,883,1460.0,0,Early_fusion,0.6022950228735833
PN00,PN00-3.edf,884,1465.0,0,Early_fusion,0.6654410867054056
PN00,PN00-3.edf,885,1470.0,0,Early_fusion,0.86678627239578
PN00,PN00-3.edf,886,1475.0,0,Early_fusion,0.8771636730715677
PN00,PN00-3.edf,887,1480.0,0,Early_fusion,0.8557760560589509
PN00,PN00-3.edf,888,1485.0,0,Early_fusion,0.7484241793781268
PN00,PN00-3.edf,889,1490.0,0,Early_fusion,0.9161187423687424
PN00,PN00-3.edf,890,1495.0,0,Early_fusion,0.6522953590813497
PN00,PN00-3.edf,891,1500.0,0,Early_fusion,0.03465949174282507
PN00,PN00-3.edf,892,1505.0,0,Early_fusion,0.07736507936507936
PN00,PN00-3.edf,893,1510.0,0,Early_fusion,0.09009389530222862
PN00,PN00-3.edf,894,1515.0,0,Early_fusion,0.283752791555423
PN00,PN00-3.edf,895,1520.0,0,Early_fusion,0.45132194584168256
PN00,PN00-3.edf,896,1525.0,0,Early_fusion,0.3099316382934803
PN00,PN00-3.edf,897,1530.0,0,Early_fusion,0.22957952792821207
PN00,PN00-3.edf,898,1535.0,0,Early_fusion,0.33549978651952334
PN00,PN00-3.edf,899,1540.0,0,Early_fusion,0.3546119209737631
PN00,PN00-3.edf,900,1545.0,0,Early_fusion,0.2306604019761914
PN00,PN00-3.edf,901,1550.0,0,Early_fusion,0.06864356063040274
PN00,PN00-3.edf,902,1555.0,0,Early_fusion,0.08363936988936989
PN00,PN00-3.edf,903,1560.0,0,Early_fusion,0.11139001122334456
PN00,PN00-3.edf,904,1565.0,0,Early_fusion,0.089263678587208
PN00,PN00-3.edf,905,1570.0,0,Early_fusion,0.12031233167417377
PN00,PN00-3.edf,906,1575.0,0,Early_fusion,0.10158498364380718
PN00,PN00-3.edf,907,1580.0,0,Early_fusion,0.025008140008140008
PN00,PN00-3.edf,908,1585.0,0,Early_fusion,0.10226648038780392
PN00,PN00-3.edf,909,1590.0,0,Early_fusion,0.10358653478874068
PN00,PN00-3.edf,910,1595.0,0,Early_fusion,0.050482302419802415
PN00,PN00-3.edf,911,1600.0,0,Early_fusion,0.04325393125393126
PN00,PN00-3.edf,912,1605.0,0,Early_fusion,0.06680295630295631
PN00,PN00-3.edf,913,1610.0,0,Early_fusion,0.08789514915980456
PN00,PN00-3.edf,914,1615.0,0,Early_fusion,0.0772410644101316
PN00,PN00-3.edf,915,1620.0,0,Early_fusion,0.11652097159445049
PN00,PN00-3.edf,916,1625.0,0,Early_fusion,0.09898025114931833
PN00,PN00-3.edf,917,1630.0,0,Early_fusion,0.012579365079365079
PN00,PN00-3.edf,918,1635.0,0,Early_fusion,0.03133982683982684
PN00,PN00-3.edf,919,1640.0,0,Early_fusion,0.021566264145211515
PN00,PN00-3.edf,920,1645.0,0,Early_fusion,0.0030303030303030303
PN00,PN00-3.edf,921,1650.0,0,Early_fusion,0.006363636363636364
PN00,PN00-3.edf,922,1655.0,0,Early_fusion,0.0030555555555555553
PN00,PN00-3.edf,923,1660.0,0,Early_fusion,0.0380011655011655
PN00,PN00-3.edf,924,1665.0,0,Early_fusion,0.0030555555555555553
PN00,PN00-3.edf,925,1670.0,0,Early_fusion,0.023076923076923078
PN00,PN00-3.edf,926,1675.0,0,Early_fusion,0.0030555555555555553
PN00,PN00-3.edf,927,1680.0,0,Early_fusion,0.0033333333333333335
PN00,PN00-3.edf,928,1685.0,0,Early_fusion,0.0033333333333333335
PN00,PN00-3.edf,929,1690.0,0,Early_fusion,0.0032098765432098763
PN00,PN00-3.edf,930,1695.0,0,Early_fusion,0.02223214285714286
PN00,PN00-3.edf,931,1700.0,0,Early_fusion,0.009666666666666667
PN00,PN00-3.edf,932,1705.0,0,Early_fusion,0.0030952380952380953
PN00,PN00-3.edf,933,1710.0,0,Early_fusion,0.0061111111111111106
PN00,PN00-3.edf,934,1715.0,0,Early_fusion,0.0030555555555555553
PN00,PN00-3.edf,935,1720.0,0,Early_fusion,0.0
PN00,PN00-3.edf,936,1725.0,0,Early_fusion,0.002666666666666667
PN00,PN00-3.edf,937,1730.0,0,Early_fusion,0.005791666666666667
PN00,PN00-3.edf,938,1735.0,0,Early_fusion,0.008458333333333333
PN00,PN00-3.edf,939,1740.0,0,Early_fusion,0.005972222222222222
PN00,PN00-3.edf,940,1745.0,0,Early_fusion,0.0
PN00,PN00-3.edf,941,1750.0,0,Early_fusion,0.0
PN00,PN00-3.edf,942,1755.0,0,Early_fusion,0.0
PN00,PN00-3.edf,943,1760.0,0,Early_fusion,0.002916666666666667
PN00,PN00-3.edf,944,1765.0,0,Early_fusion,0.002916666666666667
PN00,PN00-3.edf,945,1770.0,0,Early_fusion,0.005743589743589744
PN00,PN00-3.edf,946,1775.0,0,Early_fusion,0.011694444444444445
PN00,PN00-3.edf,947,1780.0,0,Early_fusion,0.0
PN00,PN00-3.edf,948,1785.0,0,Early_fusion,0.002962962962962963
PN00,PN00-3.edf,949,1790.0,0,Early_fusion,0.00925
PN00,PN00-3.edf,950,1795.0,0,Early_fusion,0.008972222222222222
PN00,PN00-3.edf,951,1800.0,0,Early_fusion,0.005972222222222222
PN00,PN00-3.edf,952,1805.0,0,Early_fusion,0.005972222222222222
PN00,PN00-3.edf,953,1810.0,0,Early_fusion,0.005972222222222222
PN00,PN00-3.edf,954,1815.0,0,Early_fusion,0.005972222222222222
PN00,PN00-3.edf,955,1820.0,0,Early_fusion,0.026714031339031344
PN00,PN00-3.edf,956,1825.0,0,Early_fusion,0.020445189070189072
PN00,PN00-3.edf,957,1830.0,0,Early_fusion,0.002916666666666667
PN00,PN00-3.edf,958,1835.0,0,Early_fusion,0.0030303030303030303
PN00,PN00-3.edf,959,1840.0,0,Early_fusion,0.0
PN00,PN00-3.edf,960,1845.0,0,Early_fusion,0.006011904761904762
PN00,PN00-3.edf,961,1850.0,0,Early_fusion,0.002916666666666667
PN00,PN00-3.edf,962,1855.0,0,Early_fusion,0.0
PN00,PN00-3.edf,963,1860.0,0,Early_fusion,0.0030555555555555553
PN00,PN00-3.edf,964,1865.0,0,Early_fusion,0.0
PN00,PN00-3.edf,965,1870.0,0,Early_fusion,0.0060745614035087716
PN00,PN00-3.edf,966,1875.0,0,Early_fusion,0.008708333333333334
PN00,PN00-3.edf,967,1880.0,0,Early_fusion,0.002916666666666667
PN00,PN00-3.edf,968,1885.0,0,Early_fusion,0.011819444444444445
PN00,PN00-3.edf,969,1890.0,0,Early_fusion,0.005916666666666666
PN00,PN00-3.edf,970,1895.0,0,Early_fusion,0.005857843137254902
PN00,PN00-3.edf,971,1900.0,0,Early_fusion,0.04413394062078273
PN00,PN00-3.edf,972,1905.0,0,Early_fusion,0.011800607287449392
PN00,PN00-3.edf,973,1910.0,0,Early_fusion,0.0030952380952380953
PN00,PN00-3.edf,974,1915.0,0,Early_fusion,0.0
PN00,PN00-3.edf,975,1920.0,0,Early_fusion,0.0
PN00,PN00-3.edf,976,1925.0,0,Early_fusion,0.015396825396825395
PN00,PN00-3.edf,977,1930.0,0,Early_fusion,0.012857142857142857
PN00,PN00-3.edf,978,1935.0,0,Early_fusion,0.0059967320261437905
PN00,PN00-3.edf,979,1940.0,0,Early_fusion,0.0
PN00,PN00-3.edf,980,1945.0,0,Early_fusion,0.012428774928774927
PN00,PN00-3.edf,981,1950.0,0,Early_fusion,0.038059607059607065
PN00,PN00-3.edf,982,1955.0,0,Early_fusion,0.02146436896436896
PN00,PN00-3.edf,983,1960.0,0,Early_fusion,0.03212574462574462
PN00,PN00-3.edf,984,1965.0,0,Early_fusion,0.01283882783882784
PN00,PN00-3.edf,985,1970.0,0,Early_fusion,0.03449962537462537
PN00,PN00-3.edf,986,1975.0,0,Early_fusion,0.09895383320383322
PN00,PN00-3.edf,987,1980.0,0,Early_fusion,0.07733668646168647
PN00,PN00-3.edf,988,1985.0,0,Early_fusion,0.07719238631738633
PN00,PN00-3.edf,989,1990.0,0,Early_fusion,0.07218864548605927
PN00,PN00-3.edf,990,1995.0,0,Early_fusion,0.06330906593406593
PN00,PN00-3.edf,991,2000.0,0,Early_fusion,0.01880167055167055
PN00,PN00-3.edf,992,2005.0,0,Early_fusion,0.009583333333333333
PN00,PN00-3.edf,993,2010.0,0,Early_fusion,0.002916666666666667
PN00,PN00-3.edf,994,2015.0,0,Early_fusion,0.005583333333333333
PN00,PN00-3.edf,995,2020.0,0,Early_fusion,0.002916666666666667
PN00,PN00-3.edf,996,2025.0,0,Early_fusion,0.002916666666666667
PN00,PN00-3.edf,997,2030.0,0,Early_fusion,0.08934749836220424
PN00,PN00-3.edf,998,2035.0,0,Early_fusion,0.05262626262626263
PN00,PN00-3.edf,999,2040.0,0,Early_fusion,0.002916666666666667
PN00,PN00-3.edf,1000,2045.0,0,Early_fusion,0.0030555555555555553
PN00,PN00-3.edf,1001,2050.0,0,Early_fusion,0.01156547619047619
PN00,PN00-3.edf,1002,2055.0,0,Early_fusion,0.014642399267399266
PN00,PN00-3.edf,1003,2060.0,0,Early_fusion,0.00882936507936508
PN00,PN00-3.edf,1004,2065.0,0,Early_fusion,0.002857142857142857
PN00,PN00-3.edf,1005,2070.0,0,Early_fusion,0.002857142857142857
PN00,PN00-3.edf,1006,2075.0,0,Early_fusion,0.002916666666666667
PN00,PN00-3.edf,1007,2080.0,0,Early_fusion,0.005723684210526316
PN00,PN00-3.edf,1008,2085.0,0,Early_fusion,0.01511928860613071
PN00,PN00-3.edf,1009,2090.0,0,Early_fusion,0.01418121693121693
PN00,PN00-3.edf,1010,2095.0,0,Early_fusion,0.008551587301587303
PN00,PN00-3.edf,1011,2100.0,0,Early_fusion,0.011514550264550266
PN00,PN00-3.edf,1012,2105.0,0,Early_fusion,0.005773809523809524
PN00,PN00-3.edf,1013,2110.0,0,Early_fusion,0.012488636363636363
PN00,PN00-3.edf,1014,2115.0,0,Early_fusion,0.026458333333333334
PN00,PN00-3.edf,1015,2120.0,0,Early_fusion,0.022196969696969698
PN00,PN00-3.edf,1016,2125.0,0,Early_fusion,0.02235690235690236
PN00,PN00-3.edf,1017,2130.0,0,Early_fusion,0.009722222222222222
PN00,PN00-3.edf,1018,2135.0,0,Early_fusion,0.0
PN00,PN00-3.edf,1019,2140.0,0,Early_fusion,0.0033333333333333335
PN00,PN00-3.edf,1020,2145.0,0,Early_fusion,0.0
PN00,PN00-3.edf,1021,2150.0,0,Early_fusion,0.0
PN00,PN00-3.edf,1022,2155.0,0,Early_fusion,0.002916666666666667
PN00,PN00-3.edf,1023,2160.0,0,Early_fusion,0.002916666666666667
PN00,PN00-3.edf,1024,2165.0,0,Early_fusion,0.012278846153846154
PN00,PN00-3.edf,1025,2170.0,0,Early_fusion,0.01
PN00,PN00-3.edf,1026,2175.0,0,Early_fusion,0.013333333333333334
PN00,PN00-3.edf,1027,2180.0,0,Early_fusion,0.03487950937950938
PN00,PN00-3.edf,1028,2185.0,0,Early_fusion,0.0064516129032258064
PN00,PN00-3.edf,1029,2190.0,0,Early_fusion,0.013095238095238096
PN00,PN00-3.edf,1030,2195.0,0,Early_fusion,0.05401400159294897
PN00,PN00-3.edf,1031,2200.0,0,Early_fusion,0.06795667989417989
PN00,PN00-3.edf,1032,2205.0,0,Early_fusion,0.04693936387686388
PN00,PN00-3.edf,1033,2210.0,0,Early_fusion,0.05940782134532134
PN00,PN00-3.edf,1034,2215.0,0,Early_fusion,0.03456854256854257
PN00,PN00-3.edf,1035,2220.0,0,Early_fusion,0.047226484163984166
PN00,PN00-3.edf,1036,2225.0,0,Early_fusion,0.06511393005143006
PN00,PN00-3.edf,1037,2230.0,0,Early_fusion,0.05126508445258445
PN00,PN00-3.edf,1038,2235.0,0,Early_fusion,0.16113488363488362
PN00,PN00-3.edf,1039,2240.0,0,Early_fusion,0.04676628001628002
PN00,PN00-3.edf,1040,2245.0,0,Early_fusion,0.058689829233946895
PN00,PN00-3.edf,1041,2250.0,0,Early_fusion,0.03939769217710394
PN00,PN00-3.edf,1042,2255.0,0,Early_fusion,0.06782225343094908
PN00,PN00-3.edf,1043,2260.0,0,Early_fusion,0.06018633579469493
PN00,PN00-3.edf,1044,2265.0,0,Early_fusion,0.09002770377770379
PN00,PN00-3.edf,1045,2270.0,0,Early_fusion,0.07786102221938135
PN00,PN00-3.edf,1046,2275.0,0,Early_fusion,0.11151699914006415
PN00,PN00-3.edf,1047,2280.0,0,Early_fusion,0.09548247484083397
PN00,PN00-3.edf,1048,2285.0,0,Early_fusion,0.06855792355792356
PN00,PN00-3.edf,1049,2290.0,0,Early_fusion,0.12870258334069076
PN00,PN00-3.edf,1050,2295.0,0,Early_fusion,0.11356005106005107
PN00,PN00-3.edf,1051,2300.0,0,Early_fusion,0.11833345739228089
PN00,PN00-3.edf,1052,2305.0,0,Early_fusion,0.04125793650793651
PN00,PN00-3.edf,1053,2310.0,0,Early_fusion,0.011916666666666667
PN00,PN00-3.edf,1054,2315.0,0,Early_fusion,0.05060525893859228
PN00,PN00-3.edf,1055,2320.0,0,Early_fusion,0.0696043771043771
PN00,PN00-3.edf,1056,2325.0,0,Early_fusion,0.15540397726267288
PN00,PN00-3.edf,1057,2330.0,0,Early_fusion,0.1298150416884432
PN00,PN00-3.edf,1058,2335.0,0,Early_fusion,0.03172739297739297
PN00,PN00-3.edf,1059,2340.0,0,Early_fusion,0.018743386243386242
PN00,PN00-3.edf,1060,2345.0,0,Early_fusion,0.019523809523809527
PN00,PN00-3.edf,1061,2350.0,0,Early_fusion,0.11187610123794334
PN00,PN00-3.edf,1062,2355.0,0,Early_fusion,0.11059593744462165
PN00,PN00-3.edf,1063,2360.0,0,Early_fusion,0.195489072980301
PN00,PN00-3.edf,1064,2365.0,0,Early_fusion,0.2781032113597902
PN00,PN00-3.edf,1065,2370.0,0,Early_fusion,0.11138785982535983
PN00,PN00-3.edf,1066,2375.0,0,Early_fusion,0.07585975444308778
PN00,PN00-3.edf,1067,2380.0,0,Early_fusion,0.14320172055040478
PN00,PN00-3.edf,1068,2385.0,0,Early_fusion,0.1763130379968615
PN00,PN00-3.edf,1069,2390.0,0,Early_fusion,0.5076312904931325
PN00,PN00-3.edf,1070,2395.0,0,Early_fusion,0.4227883510251931
PN00,PN00-3.edf,1071,2400.0,0,Early_fusion,0.38978343878343874
PN00,PN00-3.edf,1072,2405.0,0,Early_fusion,0.0339033189033189
PN00,PN00-3.edf,1073,2410.0,0,Early_fusion,0.04392724867724868
PN00,PN00-3.edf,1074,2415.0,0,Early_fusion,0.053977272727272735
PN00,PN00-3.edf,1075,2420.0,0,Early_fusion,0.05220201326451327
PN00,PN00-3.edf,1076,2425.0,0,Early_fusion,0.06746361681165602
PN00,PN00-3.edf,1077,2430.0,0,Early_fusion,0.10484120105825585
PN00,PN00-3.edf,1078,2435.0,0,Early_fusion,0.1537498515273282
PN00,PN00-3.edf,1079,2440.0,0,Early_fusion,0.10107547896358639
PN00,PN00-3.edf,1080,2445.0,0,Early_fusion,0.0590450926832001
PN00,PN00-3.edf,1081,2450.0,0,Early_fusion,0.188165898456947
PN00,PN00-3.edf,1082,2455.0,0,Early_fusion,0.019166666666666665
PN00,PN00-3.edf,1083,2460.0,0,Early_fusion,0.006666666666666667
PN00,PN00-3.edf,1084,2465.0,0,Early_fusion,0.026363636363636363
PN00,PN00-3.edf,1085,2470.0,0,Early_fusion,0.029162781662781665
PN00,PN00-3.edf,1086,2475.0,0,Early_fusion,0.0
PN00,PN00-3.edf,1087,2480.0,0,Early_fusion,0.0
PN00,PN00-3.edf,1088,2485.0,0,Early_fusion,0.0
PN00,PN00-3.edf,1089,2490.0,0,Early_fusion,0.0030555555555555553
PN00,PN00-3.edf,1090,2495.0,0,Early_fusion,0.0
PN00,PN00-3.edf,1091,2500.0,0,Early_fusion,0.0
PN00,PN00-3.edf,1092,2505.0,0,Early_fusion,0.02861111111111111
PN00,PN00-3.edf,723,60.0,0,Late_fusion_alpha_0.5,0.13505130402288293
PN00,PN00-3.edf,724,65.0,0,Late_fusion_alpha_0.5,0.23361217441753815
PN00,PN00-3.edf,725,70.0,0,Late_fusion_alpha_0.5,0.26022862942827696
PN00,PN00-3.edf,726,75.0,0,Late_fusion_alpha_0.5,0.17214941709692097
PN00,PN00-3.edf,727,80.0,0,Late_fusion_alpha_0.5,0.1573006588984917
PN00,PN00-3.edf,728,85.0,0,Late_fusion_alpha_0.5,0.15134073770227022
PN00,PN00-3.edf,729,90.0,0,Late_fusion_alpha_0.5,0.1639953863932192
PN00,PN00-3.edf,730,95.0,0,Late_fusion_alpha_0.5,0.1337183198151464
PN00,PN00-3.edf,731,100.0,0,Late_fusion_alpha_0.5,0.15747023851191808
PN00,PN00-3.edf,732,105.0,0,Late_fusion_alpha_0.5,0.17643364732532682
PN00,PN00-3.edf,733,110.0,0,Late_fusion_alpha_0.5,0.11820483795387046
PN00,PN00-3.edf,734,115.0,0,Late_fusion_alpha_0.5,0.17756080618403935
PN00,PN00-3.edf,735,120.0,0,Late_fusion_alpha_0.5,0.25581760060688075
PN00,PN00-3.edf,736,125.0,0,Late_fusion_alpha_0.5,0.27138897531060835
PN00,PN00-3.edf,737,130.0,0,Late_fusion_alpha_0.5,0.22416972380188321
PN00,PN00-3.edf,738,135.0,0,Late_fusion_alpha_0.5,0.11426174955935017
PN00,PN00-3.edf,739,140.0,0,Late_fusion_alpha_0.5,0.13041651146411204
PN00,PN00-3.edf,740,145.0,0,Late_fusion_alpha_0.5,0.2593576677260634
PN00,PN00-3.edf,741,150.0,0,Late_fusion_alpha_0.5,0.5244851999059125
PN00,PN00-3.edf,742,155.0,0,Late_fusion_alpha_0.5,0.6512396903820052
PN00,PN00-3.edf,743,160.0,0,Late_fusion_alpha_0.5,0.5059173418380545
PN00,PN00-3.edf,744,165.0,0,Late_fusion_alpha_0.5,0.3630674020766288
PN00,PN00-3.edf,745,170.0,0,Late_fusion_alpha_0.5,0.2607842657567809
PN00,PN00-3.edf,746,175.0,0,Late_fusion_alpha_0.5,0.25012482793121327
PN00,PN00-3.edf,747,180.0,0,Late_fusion_alpha_0.5,0.2197878960034919
PN00,PN00-3.edf,748,185.0,0,Late_fusion_alpha_0.5,0.1633972349359733
PN00,PN00-3.edf,749,190.0,0,Late_fusion_alpha_0.5,0.16239943195654155
PN00,PN00-3.edf,750,195.0,0,Late_fusion_alpha_0.5,0.29891727483458974
PN00,PN00-3.edf,751,200.0,0,Late_fusion_alpha_0.5,0.22862705563227592
PN00,PN00-3.edf,752,205.0,0,Late_fusion_alpha_0.5,0.2047526156315803
PN00,PN00-3.edf,753,210.0,0,Late_fusion_alpha_0.5,0.49966914355916825
PN00,PN00-3.edf,754,215.0,0,Late_fusion_alpha_0.5,0.46785127870841625
PN00,PN00-3.edf,755,220.0,0,Late_fusion_alpha_0.5,0.30833730656550573
PN00,PN00-3.edf,756,225.0,0,Late_fusion_alpha_0.5,0.21886614385605663
PN00,PN00-3.edf,757,230.0,0,Late_fusion_alpha_0.5,0.16250701630384284
PN00,PN00-3.edf,758,235.0,0,Late_fusion_alpha_0.5,0.11616365489372452
PN00,PN00-3.edf,759,240.0,0,Late_fusion_alpha_0.5,0.1943951950397383
PN00,PN00-3.edf,760,245.0,0,Late_fusion_alpha_0.5,0.1505906155148028
PN00,PN00-3.edf,761,250.0,0,Late_fusion_alpha_0.5,0.2423458532781288
PN00,PN00-3.edf,762,255.0,0,Late_fusion_alpha_0.5,0.41595372374263023
PN00,PN00-3.edf,763,260.0,0,Late_fusion_alpha_0.5,0.5651713018705053
PN00,PN00-3.edf,764,265.0,0,Late_fusion_alpha_0.5,0.4932757556341148
PN00,PN00-3.edf,765,270.0,0,Late_fusion_alpha_0.5,0.12611392491810447
PN00,PN00-3.edf,766,275.0,0,Late_fusion_alpha_0.5,0.27306769809710985
PN00,PN00-3.edf,767,280.0,0,Late_fusion_alpha_0.5,0.2315707031164688
PN00,PN00-3.edf,768,285.0,0,Late_fusion_alpha_0.5,0.4213587409097025
PN00,PN00-3.edf,769,290.0,0,Late_fusion_alpha_0.5,0.48559479814200013
PN00,PN00-3.edf,770,295.0,0,Late_fusion_alpha_0.5,0.5007046788515325
PN00,PN00-3.edf,771,300.0,0,Late_fusion_alpha_0.5,0.333126766389125
PN00,PN00-3.edf,772,305.0,0,Late_fusion_alpha_0.5,0.19891844549642534
PN00,PN00-3.edf,773,310.0,0,Late_fusion_alpha_0.5,0.46760011336559315
PN00,PN00-3.edf,774,315.0,0,Late_fusion_alpha_0.5,0.4344474303527843
PN00,PN00-3.edf,775,320.0,0,Late_fusion_alpha_0.5,0.40430573782690066
PN00,PN00-3.edf,776,325.0,0,Late_fusion_alpha_0.5,0.2235139481906122
PN00,PN00-3.edf,777,330.0,0,Late_fusion_alpha_0.5,0.21733196813363215
PN00,PN00-3.edf,778,335.0,0,Late_fusion_alpha_0.5,0.24577007778226811
PN00,PN00-3.edf,779,340.0,0,Late_fusion_alpha_0.5,0.4332532877002573
PN00,PN00-3.edf,780,345.0,0,Late_fusion_alpha_0.5,0.20358522352364422
PN00,PN00-3.edf,781,350.0,0,Late_fusion_alpha_0.5,0.25016497223141365
PN00,PN00-3.edf,782,355.0,0,Late_fusion_alpha_0.5,0.21718357679687003
PN00,PN00-3.edf,783,360.0,0,Late_fusion_alpha_0.5,0.24608392666916262
PN00,PN00-3.edf,784,365.0,0,Late_fusion_alpha_0.5,0.3623258619676962
PN00,PN00-3.edf,785,370.0,0,Late_fusion_alpha_0.5,0.6382491138052715
PN00,PN00-3.edf,786,375.0,0,Late_fusion_alpha_0.5,0.5259580594260101
PN00,PN00-3.edf,787,380.0,0,Late_fusion_alpha_0.5,0.48730443479628266
PN00,PN00-3.edf,788,385.0,0,Late_fusion_alpha_0.5,0.5438053146288158
PN00,PN00-3.edf,789,390.0,0,Late_fusion_alpha_0.5,0.6288731825542425
PN00,PN00-3.edf,790,395.0,0,Late_fusion_alpha_0.5,0.6034872106203156
PN00,PN00-3.edf,791,400.0,0,Late_fusion_alpha_0.5,0.5827299023860556
PN00,PN00-3.edf,792,405.0,0,Late_fusion_alpha_0.5,0.5615711401805383
PN00,PN00-3.edf,793,410.0,0,Late_fusion_alpha_0.5,0.6202278043987602
PN00,PN00-3.edf,794,415.0,0,Late_fusion_alpha_0.5,0.6041342404778003
PN00,PN00-3.edf,795,420.0,0,Late_fusion_alpha_0.5,0.7086365655299867
PN00,PN00-3.edf,796,425.0,0,Late_fusion_alpha_0.5,0.5013281857031857
PN00,PN00-3.edf,797,430.0,0,Late_fusion_alpha_0.5,0.548605679043179
PN00,PN00-3.edf,798,435.0,0,Late_fusion_alpha_0.5,0.5507998968623968
PN00,PN00-3.edf,799,440.0,0,Late_fusion_alpha_0.5,0.5118527920396176
PN00,PN00-3.edf,800,445.0,0,Late_fusion_alpha_0.5,0.28276226344567473
PN00,PN00-3.edf,801,450.0,0,Late_fusion_alpha_0.5,0.2519040712755882
PN00,PN00-3.edf,802,455.0,0,Late_fusion_alpha_0.5,0.4192476810984971
PN00,PN00-3.edf,803,460.0,0,Late_fusion_alpha_0.5,0.2565203217297838
PN00,PN00-3.edf,804,765.0,1,Late_fusion_alpha_0.5,0.3293245697825553
PN00,PN00-3.edf,805,770.0,1,Late_fusion_alpha_0.5,0.5188718831993289
PN00,PN00-3.edf,806,775.0,1,Late_fusion_alpha_0.5,0.44136487251563256
PN00,PN00-3.edf,807,780.0,1,Late_fusion_alpha_0.5,0.4876022179111485
PN00,PN00-3.edf,808,785.0,1,Late_fusion_alpha_0.5,0.6518211206817766
PN00,PN00-3.edf,809,790.0,1,Late_fusion_alpha_0.5,0.8832382075271972
PN00,PN00-3.edf,810,795.0,1,Late_fusion_alpha_0.5,0.8771495966362199
PN00,PN00-3.edf,811,800.0,1,Late_fusion_alpha_0.5,0.7383200362971567
PN00,PN00-3.edf,812,805.0,1,Late_fusion_alpha_0.5,0.9300547376370906
PN00,PN00-3.edf,813,810.0,1,Late_fusion_alpha_0.5,0.8055993170128232
PN00,PN00-3.edf,814,815.0,1,Late_fusion_alpha_0.5,0.7544789387527391
PN00,PN00-3.edf,815,820.0,1,Late_fusion_alpha_0.5,0.7517823846260379
PN00,PN00-3.edf,816,825.0,1,Late_fusion_alpha_0.5,0.7343777359622947
PN00,PN00-3.edf,817,1130.0,0,Late_fusion_alpha_0.5,0.4164317795805546
PN00,PN00-3.edf,818,1135.0,0,Late_fusion_alpha_0.5,0.4423611987739057
PN00,PN00-3.edf,819,1140.0,0,Late_fusion_alpha_0.5,0.45863225471601443
PN00,PN00-3.edf,820,1145.0,0,Late_fusion_alpha_0.5,0.4535470173516689
PN00,PN00-3.edf,821,1150.0,0,Late_fusion_alpha_0.5,0.5719998255100913
PN00,PN00-3.edf,822,1155.0,0,Late_fusion_alpha_0.5,0.47265818987691466
PN00,PN00-3.edf,823,1160.0,0,Late_fusion_alpha_0.5,0.5125332384733475
PN00,PN00-3.edf,824,1165.0,0,Late_fusion_alpha_0.5,0.45263818278705464
PN00,PN00-3.edf,825,1170.0,0,Late_fusion_alpha_0.5,0.542760756525219
PN00,PN00-3.edf,826,1175.0,0,Late_fusion_alpha_0.5,0.2998262505063724
PN00,PN00-3.edf,827,1180.0,0,Late_fusion_alpha_0.5,0.3126429585088387
PN00,PN00-3.edf,828,1185.0,0,Late_fusion_alpha_0.5,0.403538462616227
PN00,PN00-3.edf,829,1190.0,0,Late_fusion_alpha_0.5,0.38281943465519375
PN00,PN00-3.edf,830,1195.0,0,Late_fusion_alpha_0.5,0.5516010952935078
PN00,PN00-3.edf,831,1200.0,0,Late_fusion_alpha_0.5,0.7095325717592054
PN00,PN00-3.edf,832,1205.0,0,Late_fusion_alpha_0.5,0.7826078915723351
PN00,PN00-3.edf,833,1210.0,0,Late_fusion_alpha_0.5,0.837749608212357
PN00,PN00-3.edf,834,1215.0,0,Late_fusion_alpha_0.5,0.7291337540956788
PN00,PN00-3.edf,835,1220.0,0,Late_fusion_alpha_0.5,0.7461526968845552
PN00,PN00-3.edf,836,1225.0,0,Late_fusion_alpha_0.5,0.6710570800317852
PN00,PN00-3.edf,837,1230.0,0,Late_fusion_alpha_0.5,0.7272833264860052
PN00,PN00-3.edf,838,1235.0,0,Late_fusion_alpha_0.5,0.669559807819698
PN00,PN00-3.edf,839,1240.0,0,Late_fusion_alpha_0.5,0.5980715279663181
PN00,PN00-3.edf,840,1245.0,0,Late_fusion_alpha_0.5,0.6894204124330583
PN00,PN00-3.edf,841,1250.0,0,Late_fusion_alpha_0.5,0.7024990085233176
PN00,PN00-3.edf,842,1255.0,0,Late_fusion_alpha_0.5,0.7122969312836486
PN00,PN00-3.edf,843,1260.0,0,Late_fusion_alpha_0.5,0.6515774656644151
PN00,PN00-3.edf,844,1265.0,0,Late_fusion_alpha_0.5,0.49755834500143115
PN00,PN00-3.edf,845,1270.0,0,Late_fusion_alpha_0.5,0.4369345918525619
PN00,PN00-3.edf,846,1275.0,0,Late_fusion_alpha_0.5,0.37311239519206607
PN00,PN00-3.edf,847,1280.0,0,Late_fusion_alpha_0.5,0.467529284293191
PN00,PN00-3.edf,848,1285.0,0,Late_fusion_alpha_0.5,0.49805565491331144
PN00,PN00-3.edf,849,1290.0,0,Late_fusion_alpha_0.5,0.3316166339561985
PN00,PN00-3.edf,850,1295.0,0,Late_fusion_alpha_0.5,0.22477775893550633
PN00,PN00-3.edf,851,1300.0,0,Late_fusion_alpha_0.5,0.30718937991761125
PN00,PN00-3.edf,852,1305.0,0,Late_fusion_alpha_0.5,0.3642176699146512
PN00,PN00-3.edf,853,1310.0,0,Late_fusion_alpha_0.5,0.599886983897261
PN00,PN00-3.edf,854,1315.0,0,Late_fusion_alpha_0.5,0.6632746450035313
PN00,PN00-3.edf,855,1320.0,0,Late_fusion_alpha_0.5,0.7549407615545668
PN00,PN00-3.edf,856,1325.0,0,Late_fusion_alpha_0.5,0.6945641989085543
PN00,PN00-3.edf,857,1330.0,0,Late_fusion_alpha_0.5,0.6193097714981203
PN00,PN00-3.edf,858,1335.0,0,Late_fusion_alpha_0.5,0.6503445070310533
PN00,PN00-3.edf,859,1340.0,0,Late_fusion_alpha_0.5,0.4387811021142335
PN00,PN00-3.edf,860,1345.0,0,Late_fusion_alpha_0.5,0.45909274784721993
PN00,PN00-3.edf,861,1350.0,0,Late_fusion_alpha_0.5,0.82530993097849
PN00,PN00-3.edf,862,1355.0,0,Late_fusion_alpha_0.5,0.7058631457733842
PN00,PN00-3.edf,863,1360.0,0,Late_fusion_alpha_0.5,0.681332905830999
PN00,PN00-3.edf,864,1365.0,0,Late_fusion_alpha_0.5,0.5791039117968765
PN00,PN00-3.edf,865,1370.0,0,Late_fusion_alpha_0.5,0.7263738329097049
PN00,PN00-3.edf,866,1375.0,0,Late_fusion_alpha_0.5,0.7866262977532823
PN00,PN00-3.edf,867,1380.0,0,Late_fusion_alpha_0.5,0.7643207330644691
PN00,PN00-3.edf,868,1385.0,0,Late_fusion_alpha_0.5,0.5458615869421825
PN00,PN00-3.edf,869,1390.0,0,Late_fusion_alpha_0.5,0.5532045597467425
PN00,PN00-3.edf,870,1395.0,0,Late_fusion_alpha_0.5,0.6874022611513406
PN00,PN00-3.edf,871,1400.0,0,Late_fusion_alpha_0.5,0.6021659434113463
PN00,PN00-3.edf,872,1405.0,0,Late_fusion_alpha_0.5,0.6881112324585624
PN00,PN00-3.edf,873,1410.0,0,Late_fusion_alpha_0.5,0.6544139626522009
PN00,PN00-3.edf,874,1415.0,0,Late_fusion_alpha_0.5,0.5750010979181621
PN00,PN00-3.edf,875,1420.0,0,Late_fusion_alpha_0.5,0.643342601386622
PN00,PN00-3.edf,876,1425.0,0,Late_fusion_alpha_0.5,0.6304450758008008
PN00,PN00-3.edf,877,1430.0,0,Late_fusion_alpha_0.5,0.750035176941946
PN00,PN00-3.edf,878,1435.0,0,Late_fusion_alpha_0.5,0.5979564079565513
PN00,PN00-3.edf,879,1440.0,0,Late_fusion_alpha_0.5,0.7003982615337567
PN00,PN00-3.edf,880,1445.0,0,Late_fusion_alpha_0.5,0.817319366973599
PN00,PN00-3.edf,881,1450.0,0,Late_fusion_alpha_0.5,0.6793706525479937
PN00,PN00-3.edf,882,1455.0,0,Late_fusion_alpha_0.5,0.6160466311847921
PN00,PN00-3.edf,883,1460.0,0,Late_fusion_alpha_0.5,0.5933925295388174
PN00,PN00-3.edf,884,1465.0,0,Late_fusion_alpha_0.5,0.6199478794581846
PN00,PN00-3.edf,885,1470.0,0,Late_fusion_alpha_0.5,0.684772032713284
PN00,PN00-3.edf,886,1475.0,0,Late_fusion_alpha_0.5,0.6944329276437688
PN00,PN00-3.edf,887,1480.0,0,Late_fusion_alpha_0.5,0.6477339998085968
PN00,PN00-3.edf,888,1485.0,0,Late_fusion_alpha_0.5,0.7210369951230435
PN00,PN00-3.edf,889,1490.0,0,Late_fusion_alpha_0.5,0.7824257133281785
PN00,PN00-3.edf,890,1495.0,0,Late_fusion_alpha_0.5,0.7159034439131713
PN00,PN00-3.edf,891,1500.0,0,Late_fusion_alpha_0.5,0.44053047756429203
PN00,PN00-3.edf,892,1505.0,0,Late_fusion_alpha_0.5,0.4605768848206065
PN00,PN00-3.edf,893,1510.0,0,Late_fusion_alpha_0.5,0.4428723453715462
PN00,PN00-3.edf,894,1515.0,0,Late_fusion_alpha_0.5,0.5388511676728304
PN00,PN00-3.edf,895,1520.0,0,Late_fusion_alpha_0.5,0.6254863026903185
PN00,PN00-3.edf,896,1525.0,0,Late_fusion_alpha_0.5,0.5979591671826326
PN00,PN00-3.edf,897,1530.0,0,Late_fusion_alpha_0.5,0.5368106027840682
PN00,PN00-3.edf,898,1535.0,0,Late_fusion_alpha_0.5,0.5256649472413539
PN00,PN00-3.edf,899,1540.0,0,Late_fusion_alpha_0.5,0.5521954512178935
PN00,PN00-3.edf,900,1545.0,0,Late_fusion_alpha_0.5,0.4663730461379886
PN00,PN00-3.edf,901,1550.0,0,Late_fusion_alpha_0.5,0.31042419573996
PN00,PN00-3.edf,902,1555.0,0,Late_fusion_alpha_0.5,0.32561522230598655
PN00,PN00-3.edf,903,1560.0,0,Late_fusion_alpha_0.5,0.3641960020282137
PN00,PN00-3.edf,904,1565.0,0,Late_fusion_alpha_0.5,0.3600839177259203
PN00,PN00-3.edf,905,1570.0,0,Late_fusion_alpha_0.5,0.3751561031145257
PN00,PN00-3.edf,906,1575.0,0,Late_fusion_alpha_0.5,0.5073444476666046
PN00,PN00-3.edf,907,1580.0,0,Late_fusion_alpha_0.5,0.3516846359146803
PN00,PN00-3.edf,908,1585.0,0,Late_fusion_alpha_0.5,0.2553861676632321
PN00,PN00-3.edf,909,1590.0,0,Late_fusion_alpha_0.5,0.07951117187049847
PN00,PN00-3.edf,910,1595.0,0,Late_fusion_alpha_0.5,0.05882936671171966
PN00,PN00-3.edf,911,1600.0,0,Late_fusion_alpha_0.5,0.05605374397625119
PN00,PN00-3.edf,912,1605.0,0,Late_fusion_alpha_0.5,0.04312002552608537
PN00,PN00-3.edf,913,1610.0,0,Late_fusion_alpha_0.5,0.0349155144845682
PN00,PN00-3.edf,914,1615.0,0,Late_fusion_alpha_0.5,0.034273130447787604
PN00,PN00-3.edf,915,1620.0,0,Late_fusion_alpha_0.5,0.034644849007006165
PN00,PN00-3.edf,916,1625.0,0,Late_fusion_alpha_0.5,0.0479847027972028
PN00,PN00-3.edf,917,1630.0,0,Late_fusion_alpha_0.5,0.0704169033891864
PN00,PN00-3.edf,918,1635.0,0,Late_fusion_alpha_0.5,0.05894596281370619
PN00,PN00-3.edf,919,1640.0,0,Late_fusion_alpha_0.5,0.00756483426704015
PN00,PN00-3.edf,920,1645.0,0,Late_fusion_alpha_0.5,0.006067687747035574
PN00,PN00-3.edf,921,1650.0,0,Late_fusion_alpha_0.5,0.010744585275835276
PN00,PN00-3.edf,922,1655.0,0,Late_fusion_alpha_0.5,0.004606481481481481
PN00,PN00-3.edf,923,1660.0,0,Late_fusion_alpha_0.5,0.0569081371260879
PN00,PN00-3.edf,924,1665.0,0,Late_fusion_alpha_0.5,0.007700498575498576
PN00,PN00-3.edf,925,1670.0,0,Late_fusion_alpha_0.5,0.03189777432712216
PN00,PN00-3.edf,926,1675.0,0,Late_fusion_alpha_0.5,0.01365684778184778
PN00,PN00-3.edf,927,1680.0,0,Late_fusion_alpha_0.5,0.009000534188034188
PN00,PN00-3.edf,928,1685.0,0,Late_fusion_alpha_0.5,0.032527893746547
PN00,PN00-3.edf,929,1690.0,0,Late_fusion_alpha_0.5,0.025264621343568713
PN00,PN00-3.edf,930,1695.0,0,Late_fusion_alpha_0.5,0.06064107685973012
PN00,PN00-3.edf,931,1700.0,0,Late_fusion_alpha_0.5,0.011982744107744107
PN00,PN00-3.edf,932,1705.0,0,Late_fusion_alpha_0.5,0.026532657969143773
PN00,PN00-3.edf,933,1710.0,0,Late_fusion_alpha_0.5,0.05108374856710769
PN00,PN00-3.edf,934,1715.0,0,Late_fusion_alpha_0.5,0.015383477633477631
PN00,PN00-3.edf,935,1720.0,0,Late_fusion_alpha_0.5,0.02184843276130798
PN00,PN00-3.edf,936,1725.0,0,Late_fusion_alpha_0.5,0.05836661535843794
PN00,PN00-3.edf,937,1730.0,0,Late_fusion_alpha_0.5,0.045711014724122145
PN00,PN00-3.edf,938,1735.0,0,Late_fusion_alpha_0.5,0.034563223505678746
PN00,PN00-3.edf,939,1740.0,0,Late_fusion_alpha_0.5,0.010973024004345515
PN00,PN00-3.edf,940,1745.0,0,Late_fusion_alpha_0.5,0.0015151515151515152
PN00,PN00-3.edf,941,1750.0,0,Late_fusion_alpha_0.5,0.0
PN00,PN00-3.edf,942,1755.0,0,Late_fusion_alpha_0.5,0.005760683760683762
PN00,PN00-3.edf,943,1760.0,0,Late_fusion_alpha_0.5,0.0
PN00,PN00-3.edf,944,1765.0,0,Late_fusion_alpha_0.5,0.0016111111111111111
PN00,PN00-3.edf,945,1770.0,0,Late_fusion_alpha_0.5,0.010684167684167684
PN00,PN00-3.edf,946,1775.0,0,Late_fusion_alpha_0.5,0.016447577204930147
PN00,PN00-3.edf,947,1780.0,0,Late_fusion_alpha_0.5,0.004622928849902534
PN00,PN00-3.edf,948,1785.0,0,Late_fusion_alpha_0.5,0.01211512099012099
PN00,PN00-3.edf,949,1790.0,0,Late_fusion_alpha_0.5,0.01682897426647427
PN00,PN00-3.edf,950,1795.0,0,Late_fusion_alpha_0.5,0.025991142507589875
PN00,PN00-3.edf,951,1800.0,0,Late_fusion_alpha_0.5,0.007404040404040404
PN00,PN00-3.edf,952,1805.0,0,Late_fusion_alpha_0.5,0.005906889406889407
PN00,PN00-3.edf,953,1810.0,0,Late_fusion_alpha_0.5,0.004562770562770563
PN00,PN00-3.edf,954,1815.0,0,Late_fusion_alpha_0.5,0.0015151515151515152
PN00,PN00-3.edf,955,1820.0,0,Late_fusion_alpha_0.5,0.013652921152921152
PN00,PN00-3.edf,956,1825.0,0,Late_fusion_alpha_0.5,0.01386770636770637
PN00,PN00-3.edf,957,1830.0,0,Late_fusion_alpha_0.5,0.0
PN00,PN00-3.edf,958,1835.0,0,Late_fusion_alpha_0.5,0.0
PN00,PN00-3.edf,959,1840.0,0,Late_fusion_alpha_0.5,0.0031009615384615385
PN00,PN00-3.edf,960,1845.0,0,Late_fusion_alpha_0.5,0.005167929292929293
PN00,PN00-3.edf,961,1850.0,0,Late_fusion_alpha_0.5,0.011606646825396827
PN00,PN00-3.edf,962,1855.0,0,Late_fusion_alpha_0.5,0.0015151515151515152
PN00,PN00-3.edf,963,1860.0,0,Late_fusion_alpha_0.5,0.003038461538461539
PN00,PN00-3.edf,964,1865.0,0,Late_fusion_alpha_0.5,0.004600961538461538
PN00,PN00-3.edf,965,1870.0,0,Late_fusion_alpha_0.5,0.0
PN00,PN00-3.edf,966,1875.0,0,Late_fusion_alpha_0.5,0.009107244607244607
PN00,PN00-3.edf,967,1880.0,0,Late_fusion_alpha_0.5,0.0032291666666666666
PN00,PN00-3.edf,968,1885.0,0,Late_fusion_alpha_0.5,0.002925925925925926
PN00,PN00-3.edf,969,1890.0,0,Late_fusion_alpha_0.5,0.00908459595959596
PN00,PN00-3.edf,970,1895.0,0,Late_fusion_alpha_0.5,0.01868635284630412
PN00,PN00-3.edf,971,1900.0,0,Late_fusion_alpha_0.5,0.23927141250443468
PN00,PN00-3.edf,972,1905.0,0,Late_fusion_alpha_0.5,0.268677233132972
PN00,PN00-3.edf,973,1910.0,0,Late_fusion_alpha_0.5,0.20398406665033184
PN00,PN00-3.edf,974,1915.0,0,Late_fusion_alpha_0.5,0.12065774379665045
PN00,PN00-3.edf,975,1920.0,0,Late_fusion_alpha_0.5,0.2034295604757561
PN00,PN00-3.edf,976,1925.0,0,Late_fusion_alpha_0.5,0.07674464493195143
PN00,PN00-3.edf,977,1930.0,0,Late_fusion_alpha_0.5,0.13711290534331527
PN00,PN00-3.edf,978,1935.0,0,Late_fusion_alpha_0.5,0.02668049543049543
PN00,PN00-3.edf,979,1940.0,0,Late_fusion_alpha_0.5,0.018371693121693122
PN00,PN00-3.edf,980,1945.0,0,Late_fusion_alpha_0.5,0.03286544644439382
PN00,PN00-3.edf,981,1950.0,0,Late_fusion_alpha_0.5,0.09390082540496678
PN00,PN00-3.edf,982,1955.0,0,Late_fusion_alpha_0.5,0.05401912791617872
PN00,PN00-3.edf,983,1960.0,0,Late_fusion_alpha_0.5,0.05978165253362622
PN00,PN00-3.edf,984,1965.0,0,Late_fusion_alpha_0.5,0.06413906595353965
PN00,PN00-3.edf,985,1970.0,0,Late_fusion_alpha_0.5,0.07333442383639752
PN00,PN00-3.edf,986,1975.0,0,Late_fusion_alpha_0.5,0.10588156840828462
PN00,PN00-3.edf,987,1980.0,0,Late_fusion_alpha_0.5,0.09229073697582466
PN00,PN00-3.edf,988,1985.0,0,Late_fusion_alpha_0.5,0.0950300399486803
PN00,PN00-3.edf,989,1990.0,0,Late_fusion_alpha_0.5,0.07389111730080626
PN00,PN00-3.edf,990,1995.0,0,Late_fusion_alpha_0.5,0.08891678987575644
PN00,PN00-3.edf,991,2000.0,0,Late_fusion_alpha_0.5,0.05153480036294849
PN00,PN00-3.edf,992,2005.0,0,Late_fusion_alpha_0.5,0.061871399801521614
PN00,PN00-3.edf,993,2010.0,0,Late_fusion_alpha_0.5,0.02986737190684559
PN00,PN00-3.edf,994,2015.0,0,Late_fusion_alpha_0.5,0.01489403274600643
PN00,PN00-3.edf,995,2020.0,0,Late_fusion_alpha_0.5,0.010405606820080505
PN00,PN00-3.edf,996,2025.0,0,Late_fusion_alpha_0.5,0.0015151515151515152
PN00,PN00-3.edf,997,2030.0,0,Late_fusion_alpha_0.5,0.052410216417569364
PN00,PN00-3.edf,998,2035.0,0,Late_fusion_alpha_0.5,0.05300678208493022
PN00,PN00-3.edf,999,2040.0,0,Late_fusion_alpha_0.5,0.015679568969042653
PN00,PN00-3.edf,1000,2045.0,0,Late_fusion_alpha_0.5,0.0383471684261158
PN00,PN00-3.edf,1001,2050.0,0,Late_fusion_alpha_0.5,0.0946315675801401
PN00,PN00-3.edf,1002,2055.0,0,Late_fusion_alpha_0.5,0.07459662153135138
PN00,PN00-3.edf,1003,2060.0,0,Late_fusion_alpha_0.5,0.06257263693751386
PN00,PN00-3.edf,1004,2065.0,0,Late_fusion_alpha_0.5,0.060589598679475595
PN00,PN00-3.edf,1005,2070.0,0,Late_fusion_alpha_0.5,0.03313394468434792
PN00,PN00-3.edf,1006,2075.0,0,Late_fusion_alpha_0.5,0.02606461515454523
PN00,PN00-3.edf,1007,2080.0,0,Late_fusion_alpha_0.5,0.08946744322445607
PN00,PN00-3.edf,1008,2085.0,0,Late_fusion_alpha_0.5,0.10501428431909127
PN00,PN00-3.edf,1009,2090.0,0,Late_fusion_alpha_0.5,0.010431764314117254
PN00,PN00-3.edf,1010,2095.0,0,Late_fusion_alpha_0.5,0.007400018282371223
PN00,PN00-3.edf,1011,2100.0,0,Late_fusion_alpha_0.5,0.00856668494903789
PN00,PN00-3.edf,1012,2105.0,0,Late_fusion_alpha_0.5,0.002735294117647059
PN00,PN00-3.edf,1013,2110.0,0,Late_fusion_alpha_0.5,0.04381093283937711
PN00,PN00-3.edf,1014,2115.0,0,Late_fusion_alpha_0.5,0.2855248498749272
PN00,PN00-3.edf,1015,2120.0,0,Late_fusion_alpha_0.5,0.29839085923650077
PN00,PN00-3.edf,1016,2125.0,0,Late_fusion_alpha_0.5,0.29457370890246176
PN00,PN00-3.edf,1017,2130.0,0,Late_fusion_alpha_0.5,0.20279342985302737
PN00,PN00-3.edf,1018,2135.0,0,Late_fusion_alpha_0.5,0.17169207853761626
PN00,PN00-3.edf,1019,2140.0,0,Late_fusion_alpha_0.5,0.11196883340183243
PN00,PN00-3.edf,1020,2145.0,0,Late_fusion_alpha_0.5,0.004808114035087719
PN00,PN00-3.edf,1021,2150.0,0,Late_fusion_alpha_0.5,0.0015625
PN00,PN00-3.edf,1022,2155.0,0,Late_fusion_alpha_0.5,0.003125
PN00,PN00-3.edf,1023,2160.0,0,Late_fusion_alpha_0.5,0.007582671957671957
PN00,PN00-3.edf,1024,2165.0,0,Late_fusion_alpha_0.5,0.010921695402298853
PN00,PN00-3.edf,1025,2170.0,0,Late_fusion_alpha_0.5,0.021311117123617124
PN00,PN00-3.edf,1026,2175.0,0,Late_fusion_alpha_0.5,0.062053912013520444
PN00,PN00-3.edf,1027,2180.0,0,Late_fusion_alpha_0.5,0.2840128684496332
PN00,PN00-3.edf,1028,2185.0,0,Late_fusion_alpha_0.5,0.31742298858760537
PN00,PN00-3.edf,1029,2190.0,0,Late_fusion_alpha_0.5,0.29863588010641784
PN00,PN00-3.edf,1030,2195.0,0,Late_fusion_alpha_0.5,0.29601803625330514
PN00,PN00-3.edf,1031,2200.0,0,Late_fusion_alpha_0.5,0.30896969625622067
PN00,PN00-3.edf,1032,2205.0,0,Late_fusion_alpha_0.5,0.3515060979039306
PN00,PN00-3.edf,1033,2210.0,0,Late_fusion_alpha_0.5,0.35393368737099384
PN00,PN00-3.edf,1034,2215.0,0,Late_fusion_alpha_0.5,0.21570478738684049
PN00,PN00-3.edf,1035,2220.0,0,Late_fusion_alpha_0.5,0.21515567351052076
PN00,PN00-3.edf,1036,2225.0,0,Late_fusion_alpha_0.5,0.19400424256129564
PN00,PN00-3.edf,1037,2230.0,0,Late_fusion_alpha_0.5,0.21381057280512594
PN00,PN00-3.edf,1038,2235.0,0,Late_fusion_alpha_0.5,0.20821575242083185
PN00,PN00-3.edf,1039,2240.0,0,Late_fusion_alpha_0.5,0.15806370234396294
PN00,PN00-3.edf,1040,2245.0,0,Late_fusion_alpha_0.5,0.09523329822316068
PN00,PN00-3.edf,1041,2250.0,0,Late_fusion_alpha_0.5,0.06348441468662057
PN00,PN00-3.edf,1042,2255.0,0,Late_fusion_alpha_0.5,0.18202179464460164
PN00,PN00-3.edf,1043,2260.0,0,Late_fusion_alpha_0.5,0.07470458896490888
PN00,PN00-3.edf,1044,2265.0,0,Late_fusion_alpha_0.5,0.18870566273395217
PN00,PN00-3.edf,1045,2270.0,0,Late_fusion_alpha_0.5,0.21352259983642846
PN00,PN00-3.edf,1046,2275.0,0,Late_fusion_alpha_0.5,0.19049010581216946
PN00,PN00-3.edf,1047,2280.0,0,Late_fusion_alpha_0.5,0.24944743573133665
PN00,PN00-3.edf,1048,2285.0,0,Late_fusion_alpha_0.5,0.2228320794054074
PN00,PN00-3.edf,1049,2290.0,0,Late_fusion_alpha_0.5,0.2597643746957472
PN00,PN00-3.edf,1050,2295.0,0,Late_fusion_alpha_0.5,0.2470786070034006
PN00,PN00-3.edf,1051,2300.0,0,Late_fusion_alpha_0.5,0.2558985079393501
PN00,PN00-3.edf,1052,2305.0,0,Late_fusion_alpha_0.5,0.21014101798759377
PN00,PN00-3.edf,1053,2310.0,0,Late_fusion_alpha_0.5,0.18286986734980795
PN00,PN00-3.edf,1054,2315.0,0,Late_fusion_alpha_0.5,0.2739502306547726
PN00,PN00-3.edf,1055,2320.0,0,Late_fusion_alpha_0.5,0.21148567164697685
PN00,PN00-3.edf,1056,2325.0,0,Late_fusion_alpha_0.5,0.23303143451214917
PN00,PN00-3.edf,1057,2330.0,0,Late_fusion_alpha_0.5,0.19849591146032175
PN00,PN00-3.edf,1058,2335.0,0,Late_fusion_alpha_0.5,0.1479844516606137
PN00,PN00-3.edf,1059,2340.0,0,Late_fusion_alpha_0.5,0.14045390872907756
PN00,PN00-3.edf,1060,2345.0,0,Late_fusion_alpha_0.5,0.03514483055930425
PN00,PN00-3.edf,1061,2350.0,0,Late_fusion_alpha_0.5,0.10706993360669828
PN00,PN00-3.edf,1062,2355.0,0,Late_fusion_alpha_0.5,0.23760202247248557
PN00,PN00-3.edf,1063,2360.0,0,Late_fusion_alpha_0.5,0.3657425464975017
PN00,PN00-3.edf,1064,2365.0,0,Late_fusion_alpha_0.5,0.36083685523886927
PN00,PN00-3.edf,1065,2370.0,0,Late_fusion_alpha_0.5,0.32780428201144307
PN00,PN00-3.edf,1066,2375.0,0,Late_fusion_alpha_0.5,0.2704128865655316
PN00,PN00-3.edf,1067,2380.0,0,Late_fusion_alpha_0.5,0.36594965030737847
PN00,PN00-3.edf,1068,2385.0,0,Late_fusion_alpha_0.5,0.4336787287283328
PN00,PN00-3.edf,1069,2390.0,0,Late_fusion_alpha_0.5,0.6364470764653336
PN00,PN00-3.edf,1070,2395.0,0,Late_fusion_alpha_0.5,0.6231841070747552
PN00,PN00-3.edf,1071,2400.0,0,Late_fusion_alpha_0.5,0.6069878981164495
PN00,PN00-3.edf,1072,2405.0,0,Late_fusion_alpha_0.5,0.3882736588746651
PN00,PN00-3.edf,1073,2410.0,0,Late_fusion_alpha_0.5,0.37280871976661906
PN00,PN00-3.edf,1074,2415.0,0,Late_fusion_alpha_0.5,0.345821521276966
PN00,PN00-3.edf,1075,2420.0,0,Late_fusion_alpha_0.5,0.14626938335142667
PN00,PN00-3.edf,1076,2425.0,0,Late_fusion_alpha_0.5,0.16561098826211051
PN00,PN00-3.edf,1077,2430.0,0,Late_fusion_alpha_0.5,0.15100268606092904
PN00,PN00-3.edf,1078,2435.0,0,Late_fusion_alpha_0.5,0.08761904040624428
PN00,PN00-3.edf,1079,2440.0,0,Late_fusion_alpha_0.5,0.08749975419460711
PN00,PN00-3.edf,1080,2445.0,0,Late_fusion_alpha_0.5,0.043583826848532736
PN00,PN00-3.edf,1081,2450.0,0,Late_fusion_alpha_0.5,0.08849086561586561
PN00,PN00-3.edf,1082,2455.0,0,Late_fusion_alpha_0.5,0.03557179163429163
PN00,PN00-3.edf,1083,2460.0,0,Late_fusion_alpha_0.5,0.004788359788359789
PN00,PN00-3.edf,1084,2465.0,0,Late_fusion_alpha_0.5,0.02507379426129426
PN00,PN00-3.edf,1085,2470.0,0,Late_fusion_alpha_0.5,0.02506566299484256
PN00,PN00-3.edf,1086,2475.0,0,Late_fusion_alpha_0.5,0.0
PN00,PN00-3.edf,1087,2480.0,0,Late_fusion_alpha_0.5,0.00409527972027972
PN00,PN00-3.edf,1088,2485.0,0,Late_fusion_alpha_0.5,0.0
PN00,PN00-3.edf,1089,2490.0,0,Late_fusion_alpha_0.5,0.00408459595959596
PN00,PN00-3.edf,1090,2495.0,0,Late_fusion_alpha_0.5,0.0
PN00,PN00-3.edf,1091,2500.0,0,Late_fusion_alpha_0.5,0.0
PN00,PN00-3.edf,1092,2505.0,0,Late_fusion_alpha_0.5,0.05570964587774933
PN00,PN00-4.edf,1093,60.0,0,EEG_only,0.07073663081557818
PN00,PN00-4.edf,1094,65.0,0,EEG_only,0.14905132538027274
PN00,PN00-4.edf,1095,70.0,0,EEG_only,0.42275644083585245
PN00,PN00-4.edf,1096,75.0,0,EEG_only,0.4027974237807828
PN00,PN00-4.edf,1097,80.0,0,EEG_only,0.3489152564736413
PN00,PN00-4.edf,1098,85.0,0,EEG_only,0.24133608359686776
PN00,PN00-4.edf,1099,90.0,0,EEG_only,0.04863141216082392
PN00,PN00-4.edf,1100,95.0,0,EEG_only,0.03718344940084071
PN00,PN00-4.edf,1101,100.0,0,EEG_only,0.06006011118511118
PN00,PN00-4.edf,1102,105.0,0,EEG_only,0.09792290906261497
PN00,PN00-4.edf,1103,110.0,0,EEG_only,0.21516210967681554
PN00,PN00-4.edf,1104,115.0,0,EEG_only,0.14186113185919688
PN00,PN00-4.edf,1105,120.0,0,EEG_only,0.054633237133237124
PN00,PN00-4.edf,1106,125.0,0,EEG_only,0.03514987839668147
PN00,PN00-4.edf,1107,130.0,0,EEG_only,0.07020331302684245
PN00,PN00-4.edf,1108,135.0,0,EEG_only,0.02468301685543065
PN00,PN00-4.edf,1109,140.0,0,EEG_only,0.0
PN00,PN00-4.edf,1110,145.0,0,EEG_only,0.012263888888888888
PN00,PN00-4.edf,1111,150.0,0,EEG_only,0.0033333333333333335
PN00,PN00-4.edf,1112,155.0,0,EEG_only,0.006274509803921568
PN00,PN00-4.edf,1113,160.0,0,EEG_only,0.005649350649350649
PN00,PN00-4.edf,1114,165.0,0,EEG_only,0.08242941508382685
PN00,PN00-4.edf,1115,170.0,0,EEG_only,0.08691278166278166
PN00,PN00-4.edf,1116,175.0,0,EEG_only,0.06665314123934812
PN00,PN00-4.edf,1117,180.0,0,EEG_only,0.01848989898989899
PN00,PN00-4.edf,1118,185.0,0,EEG_only,0.02168975468975469
PN00,PN00-4.edf,1119,190.0,0,EEG_only,0.0
PN00,PN00-4.edf,1120,195.0,0,EEG_only,0.0033333333333333335
PN00,PN00-4.edf,1121,200.0,0,EEG_only,0.02263814616755793
PN00,PN00-4.edf,1122,205.0,0,EEG_only,0.03888421189731932
PN00,PN00-4.edf,1123,210.0,0,EEG_only,0.10911730886303937
PN00,PN00-4.edf,1124,215.0,0,EEG_only,0.12750931696919826
PN00,PN00-4.edf,1125,220.0,0,EEG_only,0.07675450442517007
PN00,PN00-4.edf,1126,225.0,0,EEG_only,0.002857142857142857
PN00,PN00-4.edf,1127,230.0,0,EEG_only,0.018746168582375478
PN00,PN00-4.edf,1128,235.0,0,EEG_only,0.003
PN00,PN00-4.edf,1129,240.0,0,EEG_only,0.0
PN00,PN00-4.edf,1130,245.0,0,EEG_only,0.0
PN00,PN00-4.edf,1131,250.0,0,EEG_only,0.0
PN00,PN00-4.edf,1132,255.0,0,EEG_only,0.002666666666666667
PN00,PN00-4.edf,1133,260.0,0,EEG_only,0.0
PN00,PN00-4.edf,1134,265.0,0,EEG_only,0.035664772319184086
PN00,PN00-4.edf,1135,270.0,0,EEG_only,0.02914061265531854
PN00,PN00-4.edf,1136,275.0,0,EEG_only,0.03373804436304437
PN00,PN00-4.edf,1137,280.0,0,EEG_only,0.011305555555555555
PN00,PN00-4.edf,1138,285.0,0,EEG_only,0.015373015873015875
PN00,PN00-4.edf,1139,290.0,0,EEG_only,0.012055555555555557
PN00,PN00-4.edf,1140,295.0,0,EEG_only,0.015111111111111113
PN00,PN00-4.edf,1141,300.0,0,EEG_only,0.012055555555555557
PN00,PN00-4.edf,1142,305.0,0,EEG_only,0.06529120879120881
PN00,PN00-4.edf,1143,310.0,0,EEG_only,0.025224747474747476
PN00,PN00-4.edf,1144,315.0,0,EEG_only,0.004185185185185185
PN00,PN00-4.edf,1145,320.0,0,EEG_only,0.01792857142857143
PN00,PN00-4.edf,1146,325.0,0,EEG_only,0.027622835497835497
PN00,PN00-4.edf,1147,330.0,0,EEG_only,0.015523088023088022
PN00,PN00-4.edf,1148,335.0,0,EEG_only,0.018285714285714287
PN00,PN00-4.edf,1149,340.0,0,EEG_only,0.03354075091575092
PN00,PN00-4.edf,1150,345.0,0,EEG_only,0.014833333333333334
PN00,PN00-4.edf,1151,350.0,0,EEG_only,0.018792929292929292
PN00,PN00-4.edf,1152,355.0,0,EEG_only,0.0030555555555555553
PN00,PN00-4.edf,1153,360.0,0,EEG_only,0.0
PN00,PN00-4.edf,1154,365.0,0,EEG_only,0.0031111111111111114
PN00,PN00-4.edf,1155,370.0,0,EEG_only,0.024338827838827837
PN00,PN00-4.edf,1156,375.0,0,EEG_only,0.018484126984126988
PN00,PN00-4.edf,1157,380.0,0,EEG_only,0.03071417797888386
PN00,PN00-4.edf,1158,385.0,0,EEG_only,0.04289473353443942
PN00,PN00-4.edf,1159,390.0,0,EEG_only,0.024269733534439418
PN00,PN00-4.edf,1160,395.0,0,EEG_only,0.021497607655502394
PN00,PN00-4.edf,1161,400.0,0,EEG_only,0.07761645986452488
PN00,PN00-4.edf,1162,405.0,0,EEG_only,0.009482323232323233
PN00,PN00-4.edf,1163,410.0,0,EEG_only,0.003
PN00,PN00-4.edf,1164,415.0,0,EEG_only,0.03230311355311355
PN00,PN00-4.edf,1165,420.0,0,EEG_only,0.020015561780267664
PN00,PN00-4.edf,1166,425.0,0,EEG_only,0.0
PN00,PN00-4.edf,1167,430.0,0,EEG_only,0.009246031746031745
PN00,PN00-4.edf,1168,435.0,0,EEG_only,0.01556998556998557
PN00,PN00-4.edf,1169,440.0,0,EEG_only,0.009196969696969698
PN00,PN00-4.edf,1170,445.0,0,EEG_only,0.0
PN00,PN00-4.edf,1171,450.0,0,EEG_only,0.019858345358345356
PN00,PN00-4.edf,1172,455.0,0,EEG_only,0.05013978015448604
PN00,PN00-4.edf,1173,460.0,0,EEG_only,0.08175233716900385
PN00,PN00-4.edf,1174,465.0,0,EEG_only,0.0752693479360146
PN00,PN00-4.edf,1175,470.0,0,EEG_only,0.10323730354612708
PN00,PN00-4.edf,1176,475.0,0,EEG_only,0.0
PN00,PN00-4.edf,1177,480.0,0,EEG_only,0.0
PN00,PN00-4.edf,1178,485.0,0,EEG_only,0.0
PN00,PN00-4.edf,1179,490.0,0,EEG_only,0.006666666666666667
PN00,PN00-4.edf,1180,495.0,0,EEG_only,0.0033333333333333335
PN00,PN00-4.edf,1181,500.0,0,EEG_only,0.006285714285714286
PN00,PN00-4.edf,1182,505.0,0,EEG_only,0.008979700854700855
PN00,PN00-4.edf,1183,510.0,0,EEG_only,0.002777777777777778
PN00,PN00-4.edf,1184,515.0,0,EEG_only,0.0
PN00,PN00-4.edf,1185,520.0,0,EEG_only,0.0
PN00,PN00-4.edf,1186,525.0,0,EEG_only,0.0
PN00,PN00-4.edf,1187,530.0,0,EEG_only,0.0031111111111111114
PN00,PN00-4.edf,1188,535.0,0,EEG_only,0.0033333333333333335
PN00,PN00-4.edf,1189,540.0,0,EEG_only,0.0
PN00,PN00-4.edf,1190,545.0,0,EEG_only,0.0030555555555555553
PN00,PN00-4.edf,1191,550.0,0,EEG_only,0.0
PN00,PN00-4.edf,1192,555.0,0,EEG_only,0.0
PN00,PN00-4.edf,1193,560.0,0,EEG_only,0.0
PN00,PN00-4.edf,1194,565.0,0,EEG_only,0.008646464646464645
PN00,PN00-4.edf,1195,570.0,0,EEG_only,0.0
PN00,PN00-4.edf,1196,575.0,0,EEG_only,0.0
PN00,PN00-4.edf,1197,580.0,0,EEG_only,0.002807017543859649
PN00,PN00-4.edf,1198,585.0,0,EEG_only,0.0030555555555555553
PN00,PN00-4.edf,1199,590.0,0,EEG_only,0.0
PN00,PN00-4.edf,1200,595.0,0,EEG_only,0.0
PN00,PN00-4.edf,1201,600.0,0,EEG_only,0.0
PN00,PN00-4.edf,1202,605.0,0,EEG_only,0.0030952380952380953
PN00,PN00-4.edf,1203,610.0,0,EEG_only,0.0
PN00,PN00-4.edf,1204,615.0,0,EEG_only,0.0030303030303030303
PN00,PN00-4.edf,1205,620.0,0,EEG_only,0.002619047619047619
PN00,PN00-4.edf,1206,625.0,0,EEG_only,0.0
PN00,PN00-4.edf,1207,630.0,0,EEG_only,0.03206049506049506
PN00,PN00-4.edf,1208,635.0,0,EEG_only,0.015626424501424502
PN00,PN00-4.edf,1209,640.0,0,EEG_only,0.026169733044733048
PN00,PN00-4.edf,1210,645.0,0,EEG_only,0.019882275132275133
PN00,PN00-4.edf,1211,650.0,0,EEG_only,0.015745310245310246
PN00,PN00-4.edf,1212,655.0,0,EEG_only,0.012298941798941799
PN00,PN00-4.edf,1213,660.0,0,EEG_only,0.0033333333333333335
PN00,PN00-4.edf,1214,665.0,0,EEG_only,0.008638888888888889
PN00,PN00-4.edf,1215,670.0,0,EEG_only,0.0
PN00,PN00-4.edf,1216,675.0,0,EEG_only,0.0
PN00,PN00-4.edf,1217,680.0,0,EEG_only,0.003125
PN00,PN00-4.edf,1218,685.0,0,EEG_only,0.0
PN00,PN00-4.edf,1219,690.0,0,EEG_only,0.009083333333333334
PN00,PN00-4.edf,1220,695.0,0,EEG_only,0.0
PN00,PN00-4.edf,1221,700.0,0,EEG_only,0.024677229567034664
PN00,PN00-4.edf,1222,705.0,0,EEG_only,0.03764981579722959
PN00,PN00-4.edf,1223,1010.0,1,EEG_only,0.10609432579040423
PN00,PN00-4.edf,1224,1015.0,1,EEG_only,0.09673469610809764
PN00,PN00-4.edf,1225,1020.0,1,EEG_only,0.29881939193608426
PN00,PN00-4.edf,1226,1025.0,1,EEG_only,0.2943260397010396
PN00,PN00-4.edf,1227,1030.0,1,EEG_only,0.7520820770551162
PN00,PN00-4.edf,1228,1035.0,1,EEG_only,0.9782896825396824
PN00,PN00-4.edf,1229,1040.0,1,EEG_only,0.9966666666666667
PN00,PN00-4.edf,1230,1045.0,1,EEG_only,1.0
PN00,PN00-4.edf,1231,1050.0,1,EEG_only,1.0
PN00,PN00-4.edf,1232,1055.0,1,EEG_only,0.511647800311213
PN00,PN00-4.edf,1233,1060.0,1,EEG_only,0.47462484601455185
PN00,PN00-4.edf,1234,1065.0,1,EEG_only,0.4851837084484143
PN00,PN00-4.edf,1235,1070.0,1,EEG_only,0.4907052395488928
PN00,PN00-4.edf,1236,1075.0,1,EEG_only,0.4921662419179063
PN00,PN00-4.edf,1237,1080.0,1,EEG_only,0.44269407583087333
PN00,PN00-4.edf,1238,1385.0,0,EEG_only,0.008509615384615385
PN00,PN00-4.edf,1239,1390.0,0,EEG_only,0.009166666666666667
PN00,PN00-4.edf,1240,1395.0,0,EEG_only,0.0658040157917609
PN00,PN00-4.edf,1241,1400.0,0,EEG_only,0.01914141414141414
PN00,PN00-4.edf,1242,1405.0,0,EEG_only,0.008863636363636363
PN00,PN00-4.edf,1243,1410.0,0,EEG_only,0.009657738095238096
PN00,PN00-4.edf,1244,1415.0,0,EEG_only,0.021283508158508158
PN00,PN00-4.edf,1245,1420.0,0,EEG_only,0.060718479051812387
PN00,PN00-4.edf,1246,1425.0,0,EEG_only,0.031603655603655606
PN00,PN00-4.edf,1247,1430.0,0,EEG_only,0.05286637763108352
PN00,PN00-4.edf,1248,1435.0,0,EEG_only,0.021622895622895624
PN00,PN00-4.edf,1249,1440.0,0,EEG_only,0.03758633958633959
PN00,PN00-4.edf,1250,1445.0,0,EEG_only,0.1287233163532183
PN00,PN00-4.edf,1251,1450.0,0,EEG_only,0.09846834021098727
PN00,PN00-4.edf,1252,1455.0,0,EEG_only,0.09494615141480467
PN00,PN00-4.edf,1253,1460.0,0,EEG_only,0.02511569337880079
PN00,PN00-4.edf,1254,1465.0,0,EEG_only,0.07578314142284731
PN00,PN00-4.edf,1255,1470.0,0,EEG_only,0.1360463464601751
PN00,PN00-4.edf,1256,1475.0,0,EEG_only,0.05914204362888573
PN00,PN00-4.edf,1257,1480.0,0,EEG_only,0.0064285714285714285
PN00,PN00-4.edf,1258,1485.0,0,EEG_only,0.0064285714285714285
PN00,PN00-4.edf,1259,1490.0,0,EEG_only,0.0030952380952380953
PN00,PN00-4.edf,1260,1495.0,0,EEG_only,0.0030952380952380953
PN00,PN00-4.edf,1261,1500.0,0,EEG_only,0.029527204764046876
PN00,PN00-4.edf,1262,1505.0,0,EEG_only,0.012261904761904762
PN00,PN00-4.edf,1263,1510.0,0,EEG_only,0.0331651196026196
PN00,PN00-4.edf,1264,1515.0,0,EEG_only,0.03780354075748813
PN00,PN00-4.edf,1265,1520.0,0,EEG_only,0.13156201548900204
PN00,PN00-4.edf,1266,1525.0,0,EEG_only,0.16513274274744855
PN00,PN00-4.edf,1267,1530.0,0,EEG_only,0.27330929511569335
PN00,PN00-4.edf,1268,1535.0,0,EEG_only,0.27217043658955414
PN00,PN00-4.edf,1269,1540.0,0,EEG_only,0.03492935495876672
PN00,PN00-4.edf,1270,1545.0,0,EEG_only,0.027991295442908348
PN00,PN00-4.edf,1271,1550.0,0,EEG_only,0.006551724137931035
PN00,PN00-4.edf,1272,1555.0,0,EEG_only,0.009428571428571427
PN00,PN00-4.edf,1273,1560.0,0,EEG_only,0.0159512339418526
PN00,PN00-4.edf,1274,1565.0,0,EEG_only,0.0
PN00,PN00-4.edf,1275,1570.0,0,EEG_only,0.0
PN00,PN00-4.edf,1276,1575.0,0,EEG_only,0.046044755840421475
PN00,PN00-4.edf,1277,1580.0,0,EEG_only,0.04616391119487095
PN00,PN00-4.edf,1278,1585.0,0,EEG_only,0.006388888888888888
PN00,PN00-4.edf,1279,1590.0,0,EEG_only,0.008195970695970696
PN00,PN00-4.edf,1280,1595.0,0,EEG_only,0.0
PN00,PN00-4.edf,1281,1600.0,0,EEG_only,0.00641025641025641
PN00,PN00-4.edf,1282,1605.0,0,EEG_only,0.0025
PN00,PN00-4.edf,1283,1610.0,0,EEG_only,0.006551724137931035
PN00,PN00-4.edf,1284,1615.0,0,EEG_only,0.0033333333333333335
PN00,PN00-4.edf,1285,1620.0,0,EEG_only,0.009547892720306513
PN00,PN00-4.edf,1286,1625.0,0,EEG_only,0.003218390804597701
PN00,PN00-4.edf,1287,1630.0,0,EEG_only,0.006388888888888888
PN00,PN00-4.edf,1288,1635.0,0,EEG_only,0.049465278682669984
PN00,PN00-4.edf,1289,1640.0,0,EEG_only,0.04526262349472068
PN00,PN00-4.edf,1290,1645.0,0,EEG_only,0.003218390804597701
PN00,PN00-4.edf,1291,1650.0,0,EEG_only,0.0
PN00,PN00-4.edf,1292,1655.0,0,EEG_only,0.0
PN00,PN00-4.edf,1293,1660.0,0,EEG_only,0.028159179709179714
PN00,PN00-4.edf,1294,1665.0,0,EEG_only,0.057725443854391226
PN00,PN00-4.edf,1295,1670.0,0,EEG_only,0.031159303354205903
PN00,PN00-4.edf,1296,1675.0,0,EEG_only,0.08529908979908982
PN00,PN00-4.edf,1297,1680.0,0,EEG_only,0.018464770523594055
PN00,PN00-4.edf,1298,1685.0,0,EEG_only,0.0
PN00,PN00-4.edf,1299,1690.0,0,EEG_only,0.0
PN00,PN00-4.edf,1300,1695.0,0,EEG_only,0.0
PN00,PN00-4.edf,1301,1700.0,0,EEG_only,0.0
PN00,PN00-4.edf,1302,1705.0,0,EEG_only,0.006666666666666667
PN00,PN00-4.edf,1303,1710.0,0,EEG_only,0.003076923076923077
PN00,PN00-4.edf,1304,1715.0,0,EEG_only,0.0
PN00,PN00-4.edf,1305,1720.0,0,EEG_only,0.0
PN00,PN00-4.edf,1306,1725.0,0,EEG_only,0.0
PN00,PN00-4.edf,1307,1730.0,0,EEG_only,0.0
PN00,PN00-4.edf,1308,1735.0,0,EEG_only,0.0
PN00,PN00-4.edf,1309,1740.0,0,EEG_only,0.0
PN00,PN00-4.edf,1310,1745.0,0,EEG_only,0.0
PN00,PN00-4.edf,1311,1750.0,0,EEG_only,0.0
PN00,PN00-4.edf,1312,1755.0,0,EEG_only,0.0
PN00,PN00-4.edf,1313,1760.0,0,EEG_only,0.044611457986457985
PN00,PN00-4.edf,1314,1765.0,0,EEG_only,0.1725695571675963
PN00,PN00-4.edf,1315,1770.0,0,EEG_only,0.17138484663484657
PN00,PN00-4.edf,1316,1775.0,0,EEG_only,0.04900875050875051
PN00,PN00-4.edf,1317,1780.0,0,EEG_only,0.014979242979242982
PN00,PN00-4.edf,1318,1785.0,0,EEG_only,0.0
PN00,PN00-4.edf,1319,1790.0,0,EEG_only,0.0
PN00,PN00-4.edf,1320,1795.0,0,EEG_only,0.002333333333333333
PN00,PN00-4.edf,1321,1800.0,0,EEG_only,0.0513725394975395
PN00,PN00-4.edf,1322,1805.0,0,EEG_only,0.040433790137737506
PN00,PN00-4.edf,1323,1810.0,0,EEG_only,0.05995609945609947
PN00,PN00-4.edf,1324,1815.0,0,EEG_only,0.05341945180722271
PN00,PN00-4.edf,1325,1820.0,0,EEG_only,0.009499999999999998
PN00,PN00-4.edf,1326,1825.0,0,EEG_only,0.0
PN00,PN00-4.edf,1327,1830.0,0,EEG_only,0.0
PN00,PN00-4.edf,1328,1835.0,0,EEG_only,0.006363636363636364
PN00,PN00-4.edf,1329,1840.0,0,EEG_only,0.0
PN00,PN00-4.edf,1330,1845.0,0,EEG_only,0.0064444444444444445
PN00,PN00-4.edf,1331,1850.0,0,EEG_only,0.0
PN00,PN00-4.edf,1332,1855.0,0,EEG_only,0.0
PN00,PN00-4.edf,1333,1860.0,0,EEG_only,0.005888888888888889
PN00,PN00-4.edf,1334,1865.0,0,EEG_only,0.002333333333333333
PN00,PN00-4.edf,1335,1870.0,0,EEG_only,0.002857142857142857
PN00,PN00-4.edf,1336,1875.0,0,EEG_only,0.006222222222222223
PN00,PN00-4.edf,1337,1880.0,0,EEG_only,0.0031111111111111114
PN00,PN00-4.edf,1338,1885.0,0,EEG_only,0.2921022038898469
PN00,PN00-4.edf,1339,1890.0,0,EEG_only,0.3001160104580796
PN00,PN00-4.edf,1340,1895.0,0,EEG_only,0.16053813488617405
PN00,PN00-4.edf,1341,1900.0,0,EEG_only,0.07631529581529582
PN00,PN00-4.edf,1342,1905.0,0,EEG_only,0.003148148148148148
PN00,PN00-4.edf,1343,1910.0,0,EEG_only,0.034362287470983126
PN00,PN00-4.edf,1344,1915.0,0,EEG_only,0.0033333333333333335
PN00,PN00-4.edf,1345,1920.0,0,EEG_only,0.0
PN00,PN00-4.edf,1346,1925.0,0,EEG_only,0.0
PN00,PN00-4.edf,1347,1930.0,0,EEG_only,0.0
PN00,PN00-4.edf,1348,1935.0,0,EEG_only,0.012542735042735042
PN00,PN00-4.edf,1349,1940.0,0,EEG_only,0.0
PN00,PN00-4.edf,1350,1945.0,0,EEG_only,0.006666666666666667
PN00,PN00-4.edf,1351,1950.0,0,EEG_only,0.015564373897707231
PN00,PN00-4.edf,1352,1955.0,0,EEG_only,0.0
PN00,PN00-4.edf,1353,1960.0,0,EEG_only,0.0
PN00,PN00-4.edf,1354,1965.0,0,EEG_only,0.0033333333333333335
PN00,PN00-4.edf,1355,1970.0,0,EEG_only,0.012674603174603173
PN00,PN00-4.edf,1356,1975.0,0,EEG_only,0.022458960792294126
PN00,PN00-4.edf,1357,1980.0,0,EEG_only,0.006343390804597702
PN00,PN00-4.edf,1358,1985.0,0,EEG_only,0.0
PN00,PN00-4.edf,1359,1990.0,0,EEG_only,0.0
PN00,PN00-4.edf,1360,1995.0,0,EEG_only,0.0
PN00,PN00-4.edf,1361,2000.0,0,EEG_only,0.0
PN00,PN00-4.edf,1362,2005.0,0,EEG_only,0.03849925727866905
PN00,PN00-4.edf,1363,2010.0,0,EEG_only,0.0826988011988012
PN00,PN00-4.edf,1364,2015.0,0,EEG_only,0.03486543441938179
PN00,PN00-4.edf,1365,2020.0,0,EEG_only,0.0
PN00,PN00-4.edf,1366,2025.0,0,EEG_only,0.0
PN00,PN00-4.edf,1367,2030.0,0,EEG_only,0.0
PN00,PN00-4.edf,1368,2035.0,0,EEG_only,0.0
PN00,PN00-4.edf,1369,2040.0,0,EEG_only,0.0
PN00,PN00-4.edf,1370,2045.0,0,EEG_only,0.006363636363636364
PN00,PN00-4.edf,1371,2050.0,0,EEG_only,0.0033333333333333335
PN00,PN00-4.edf,1372,2055.0,0,EEG_only,0.0
PN00,PN00-4.edf,1373,2060.0,0,EEG_only,0.3774284069895794
PN00,PN00-4.edf,1374,2065.0,0,EEG_only,0.028657706672412554
PN00,PN00-4.edf,1375,2070.0,0,EEG_only,0.0
PN00,PN00-4.edf,1376,2075.0,0,EEG_only,0.0030555555555555553
PN00,PN00-4.edf,1377,2080.0,0,EEG_only,0.025882839382839383
PN00,PN00-4.edf,1378,2085.0,0,EEG_only,0.09986149362619952
PN00,PN00-4.edf,1379,2090.0,0,EEG_only,0.01771417797888386
PN00,PN00-4.edf,1380,2095.0,0,EEG_only,0.01858818958818959
PN00,PN00-4.edf,1381,2100.0,0,EEG_only,0.10127111160444494
PN00,PN00-4.edf,1093,60.0,0,ECG_only,0.5265704678459264
PN00,PN00-4.edf,1094,65.0,0,ECG_only,0.42798268250224275
PN00,PN00-4.edf,1095,70.0,0,ECG_only,0.08888438137560943
PN00,PN00-4.edf,1096,75.0,0,ECG_only,0.24619066488065808
PN00,PN00-4.edf,1097,80.0,0,ECG_only,0.2441200149187038
PN00,PN00-4.edf,1098,85.0,0,ECG_only,0.12235058418089272
PN00,PN00-4.edf,1099,90.0,0,ECG_only,0.11371888842438378
PN00,PN00-4.edf,1100,95.0,0,ECG_only,0.08698290598290599
PN00,PN00-4.edf,1101,100.0,0,ECG_only,0.13325924531306588
PN00,PN00-4.edf,1102,105.0,0,ECG_only,0.0
PN00,PN00-4.edf,1103,110.0,0,ECG_only,0.006388405797101449
PN00,PN00-4.edf,1104,115.0,0,ECG_only,0.2708844645149598
PN00,PN00-4.edf,1105,120.0,0,ECG_only,0.4422866623729392
PN00,PN00-4.edf,1106,125.0,0,ECG_only,0.3803086017686682
PN00,PN00-4.edf,1107,130.0,0,ECG_only,0.3499401380170776
PN00,PN00-4.edf,1108,135.0,0,ECG_only,0.43611389283941093
PN00,PN00-4.edf,1109,140.0,0,ECG_only,0.29143485876220765
PN00,PN00-4.edf,1110,145.0,0,ECG_only,0.7845108967511072
PN00,PN00-4.edf,1111,150.0,0,ECG_only,0.757264237364742
PN00,PN00-4.edf,1112,155.0,0,ECG_only,0.6063347643463695
PN00,PN00-4.edf,1113,160.0,0,ECG_only,0.637565034193654
PN00,PN00-4.edf,1114,165.0,0,ECG_only,0.5387195121997734
PN00,PN00-4.edf,1115,170.0,0,ECG_only,0.5879677399495492
PN00,PN00-4.edf,1116,175.0,0,ECG_only,0.12817919469230213
PN00,PN00-4.edf,1117,180.0,0,ECG_only,0.0885138328210579
PN00,PN00-4.edf,1118,185.0,0,ECG_only,0.11091396219879193
PN00,PN00-4.edf,1119,190.0,0,ECG_only,0.08595652312370579
PN00,PN00-4.edf,1120,195.0,0,ECG_only,0.13902554088423655
PN00,PN00-4.edf,1121,200.0,0,ECG_only,0.12258633983474139
PN00,PN00-4.edf,1122,205.0,0,ECG_only,0.24508806184328005
PN00,PN00-4.edf,1123,210.0,0,ECG_only,0.12289519140389257
PN00,PN00-4.edf,1124,215.0,0,ECG_only,0.14258881722852307
PN00,PN00-4.edf,1125,220.0,0,ECG_only,0.21521236361677534
PN00,PN00-4.edf,1126,225.0,0,ECG_only,0.08142841581076875
PN00,PN00-4.edf,1127,230.0,0,ECG_only,0.27837754264065
PN00,PN00-4.edf,1128,235.0,0,ECG_only,0.3916799931179222
PN00,PN00-4.edf,1129,240.0,0,ECG_only,0.325653889591196
PN00,PN00-4.edf,1130,245.0,0,ECG_only,0.16908890682665187
PN00,PN00-4.edf,1131,250.0,0,ECG_only,0.20444085453004887
PN00,PN00-4.edf,1132,255.0,0,ECG_only,0.23010460350308784
PN00,PN00-4.edf,1133,260.0,0,ECG_only,0.17747066931313796
PN00,PN00-4.edf,1134,265.0,0,ECG_only,0.09641019065725952
PN00,PN00-4.edf,1135,270.0,0,ECG_only,0.03531111111111111
PN00,PN00-4.edf,1136,275.0,0,ECG_only,0.09435710062354796
PN00,PN00-4.edf,1137,280.0,0,ECG_only,0.3854055898528068
PN00,PN00-4.edf,1138,285.0,0,ECG_only,0.19857178830577
PN00,PN00-4.edf,1139,290.0,0,ECG_only,0.04708074367439693
PN00,PN00-4.edf,1140,295.0,0,ECG_only,0.05299213592199607
PN00,PN00-4.edf,1141,300.0,0,ECG_only,0.04046803005423695
PN00,PN00-4.edf,1142,305.0,0,ECG_only,0.11193996628075913
PN00,PN00-4.edf,1143,310.0,0,ECG_only,0.03858885880625011
PN00,PN00-4.edf,1144,315.0,0,ECG_only,0.052871870728967915
PN00,PN00-4.edf,1145,320.0,0,ECG_only,0.03726570048309179
PN00,PN00-4.edf,1146,325.0,0,ECG_only,0.18611239222910334
PN00,PN00-4.edf,1147,330.0,0,ECG_only,0.0274440479976462
PN00,PN00-4.edf,1148,335.0,0,ECG_only,0.014847590814982119
PN00,PN00-4.edf,1149,340.0,0,ECG_only,0.018441001884199643
PN00,PN00-4.edf,1150,345.0,0,ECG_only,0.018744032187229944
PN00,PN00-4.edf,1151,350.0,0,ECG_only,0.12107188836957529
PN00,PN00-4.edf,1152,355.0,0,ECG_only,0.012442067736185383
PN00,PN00-4.edf,1153,360.0,0,ECG_only,0.03385861823361824
PN00,PN00-4.edf,1154,365.0,0,ECG_only,0.002777777777777778
PN00,PN00-4.edf,1155,370.0,0,ECG_only,0.03441277829414502
PN00,PN00-4.edf,1156,375.0,0,ECG_only,0.03401653102289775
PN00,PN00-4.edf,1157,380.0,0,ECG_only,0.01851239209133946
PN00,PN00-4.edf,1158,385.0,0,ECG_only,0.01851239209133946
PN00,PN00-4.edf,1159,390.0,0,ECG_only,0.015179058758006125
PN00,PN00-4.edf,1160,395.0,0,ECG_only,0.015179058758006125
PN00,PN00-4.edf,1161,400.0,0,ECG_only,0.015414562289562289
PN00,PN00-4.edf,1162,405.0,0,ECG_only,0.015081699346405228
PN00,PN00-4.edf,1163,410.0,0,ECG_only,0.10462656658330144
PN00,PN00-4.edf,1164,415.0,0,ECG_only,0.05131803089697826
PN00,PN00-4.edf,1165,420.0,0,ECG_only,0.04430687830687831
PN00,PN00-4.edf,1166,425.0,0,ECG_only,0.06201443001443001
PN00,PN00-4.edf,1167,430.0,0,ECG_only,0.0942753357753358
PN00,PN00-4.edf,1168,435.0,0,ECG_only,0.13020027847969026
PN00,PN00-4.edf,1169,440.0,0,ECG_only,0.13863028964499555
PN00,PN00-4.edf,1170,445.0,0,ECG_only,0.02140628815628816
PN00,PN00-4.edf,1171,450.0,0,ECG_only,0.033886530136530146
PN00,PN00-4.edf,1172,455.0,0,ECG_only,0.13734082448053037
PN00,PN00-4.edf,1173,460.0,0,ECG_only,0.06446440596440596
PN00,PN00-4.edf,1174,465.0,0,ECG_only,0.07718536556036557
PN00,PN00-4.edf,1175,470.0,0,ECG_only,0.05391976989557636
PN00,PN00-4.edf,1176,475.0,0,ECG_only,0.0700199877605001
PN00,PN00-4.edf,1177,480.0,0,ECG_only,0.10198179652591416
PN00,PN00-4.edf,1178,485.0,0,ECG_only,0.09891232880725291
PN00,PN00-4.edf,1179,490.0,0,ECG_only,0.002777777777777778
PN00,PN00-4.edf,1180,495.0,0,ECG_only,0.015833333333333335
PN00,PN00-4.edf,1181,500.0,0,ECG_only,0.01875
PN00,PN00-4.edf,1182,505.0,0,ECG_only,0.018416666666666668
PN00,PN00-4.edf,1183,510.0,0,ECG_only,0.008833333333333334
PN00,PN00-4.edf,1184,515.0,0,ECG_only,0.01188888888888889
PN00,PN00-4.edf,1185,520.0,0,ECG_only,0.02774274385458596
PN00,PN00-4.edf,1186,525.0,0,ECG_only,0.006055555555555555
PN00,PN00-4.edf,1187,530.0,0,ECG_only,0.0030555555555555553
PN00,PN00-4.edf,1188,535.0,0,ECG_only,0.0030555555555555553
PN00,PN00-4.edf,1189,540.0,0,ECG_only,0.01873015873015873
PN00,PN00-4.edf,1190,545.0,0,ECG_only,0.0
PN00,PN00-4.edf,1191,550.0,0,ECG_only,0.0
PN00,PN00-4.edf,1192,555.0,0,ECG_only,0.0
PN00,PN00-4.edf,1193,560.0,0,ECG_only,0.0
PN00,PN00-4.edf,1194,565.0,0,ECG_only,0.0
PN00,PN00-4.edf,1195,570.0,0,ECG_only,0.0
PN00,PN00-4.edf,1196,575.0,0,ECG_only,0.0
PN00,PN00-4.edf,1197,580.0,0,ECG_only,0.0
PN00,PN00-4.edf,1198,585.0,0,ECG_only,0.0
PN00,PN00-4.edf,1199,590.0,0,ECG_only,0.0
PN00,PN00-4.edf,1200,595.0,0,ECG_only,0.0030555555555555553
PN00,PN00-4.edf,1201,600.0,0,ECG_only,0.0
PN00,PN00-4.edf,1202,605.0,0,ECG_only,0.0033333333333333335
PN00,PN00-4.edf,1203,610.0,0,ECG_only,0.0033333333333333335
PN00,PN00-4.edf,1204,615.0,0,ECG_only,0.031079720133667502
PN00,PN00-4.edf,1205,620.0,0,ECG_only,0.0179547201336675
PN00,PN00-4.edf,1206,625.0,0,ECG_only,0.0179547201336675
PN00,PN00-4.edf,1207,630.0,0,ECG_only,0.018639376218323588
PN00,PN00-4.edf,1208,635.0,0,ECG_only,0.02900564605959343
PN00,PN00-4.edf,1209,640.0,0,ECG_only,0.01866583124477861
PN00,PN00-4.edf,1210,645.0,0,ECG_only,0.030538592742540113
PN00,PN00-4.edf,1211,650.0,0,ECG_only,0.019269005847953217
PN00,PN00-4.edf,1212,655.0,0,ECG_only,0.012063492063492064
PN00,PN00-4.edf,1213,660.0,0,ECG_only,0.009322751322751323
PN00,PN00-4.edf,1214,665.0,0,ECG_only,0.012285714285714287
PN00,PN00-4.edf,1215,670.0,0,ECG_only,0.018828924162257496
PN00,PN00-4.edf,1216,675.0,0,ECG_only,0.0033333333333333335
PN00,PN00-4.edf,1217,680.0,0,ECG_only,0.006296296296296296
PN00,PN00-4.edf,1218,685.0,0,ECG_only,0.0
PN00,PN00-4.edf,1219,690.0,0,ECG_only,0.0
PN00,PN00-4.edf,1220,695.0,0,ECG_only,0.006666666666666667
PN00,PN00-4.edf,1221,700.0,0,ECG_only,0.0064285714285714285
PN00,PN00-4.edf,1222,705.0,0,ECG_only,0.07577391127391128
PN00,PN00-4.edf,1223,1010.0,1,ECG_only,0.19888093454064085
PN00,PN00-4.edf,1224,1015.0,1,ECG_only,0.2434403607664477
PN00,PN00-4.edf,1225,1020.0,1,ECG_only,0.3532515621396696
PN00,PN00-4.edf,1226,1025.0,1,ECG_only,0.30558085433085436
PN00,PN00-4.edf,1227,1030.0,1,ECG_only,0.11302611438481004
PN00,PN00-4.edf,1228,1035.0,1,ECG_only,0.14330594348816852
PN00,PN00-4.edf,1229,1040.0,1,ECG_only,0.1543613684317009
PN00,PN00-4.edf,1230,1045.0,1,ECG_only,0.09479966218776961
PN00,PN00-4.edf,1231,1050.0,1,ECG_only,0.5685664877363242
PN00,PN00-4.edf,1232,1055.0,1,ECG_only,0.6826260079125426
PN00,PN00-4.edf,1233,1060.0,1,ECG_only,0.7004368555352974
PN00,PN00-4.edf,1234,1065.0,1,ECG_only,0.6272405820803026
PN00,PN00-4.edf,1235,1070.0,1,ECG_only,0.21482919692051572
PN00,PN00-4.edf,1236,1075.0,1,ECG_only,0.4115221355266219
PN00,PN00-4.edf,1237,1080.0,1,ECG_only,0.38722366525055835
PN00,PN00-4.edf,1238,1385.0,0,ECG_only,0.00980392156862745
PN00,PN00-4.edf,1239,1390.0,0,ECG_only,0.009866666666666666
PN00,PN00-4.edf,1240,1395.0,0,ECG_only,0.0
PN00,PN00-4.edf,1241,1400.0,0,ECG_only,0.00977777777777778
PN00,PN00-4.edf,1242,1405.0,0,ECG_only,0.0
PN00,PN00-4.edf,1243,1410.0,0,ECG_only,0.0
PN00,PN00-4.edf,1244,1415.0,0,ECG_only,0.0
PN00,PN00-4.edf,1245,1420.0,0,ECG_only,0.0
PN00,PN00-4.edf,1246,1425.0,0,ECG_only,0.0
PN00,PN00-4.edf,1247,1430.0,0,ECG_only,0.0
PN00,PN00-4.edf,1248,1435.0,0,ECG_only,0.0
PN00,PN00-4.edf,1249,1440.0,0,ECG_only,0.0
PN00,PN00-4.edf,1250,1445.0,0,ECG_only,0.0033333333333333335
PN00,PN00-4.edf,1251,1450.0,0,ECG_only,0.0033333333333333335
PN00,PN00-4.edf,1252,1455.0,0,ECG_only,0.0033333333333333335
PN00,PN00-4.edf,1253,1460.0,0,ECG_only,0.0033333333333333335
PN00,PN00-4.edf,1254,1465.0,0,ECG_only,0.006190476190476191
PN00,PN00-4.edf,1255,1470.0,0,ECG_only,0.0033333333333333335
PN00,PN00-4.edf,1256,1475.0,0,ECG_only,0.009555555555555555
PN00,PN00-4.edf,1257,1480.0,0,ECG_only,0.0
PN00,PN00-4.edf,1258,1485.0,0,ECG_only,0.0
PN00,PN00-4.edf,1259,1490.0,0,ECG_only,0.0
PN00,PN00-4.edf,1260,1495.0,0,ECG_only,0.0
PN00,PN00-4.edf,1261,1500.0,0,ECG_only,0.0
PN00,PN00-4.edf,1262,1505.0,0,ECG_only,0.0
PN00,PN00-4.edf,1263,1510.0,0,ECG_only,0.0
PN00,PN00-4.edf,1264,1515.0,0,ECG_only,0.002777777777777778
PN00,PN00-4.edf,1265,1520.0,0,ECG_only,0.07893248287660051
PN00,PN00-4.edf,1266,1525.0,0,ECG_only,0.09019175717070453
PN00,PN00-4.edf,1267,1530.0,0,ECG_only,0.031906288156288154
PN00,PN00-4.edf,1268,1535.0,0,ECG_only,0.03414141414141414
PN00,PN00-4.edf,1269,1540.0,0,ECG_only,0.009141414141414141
PN00,PN00-4.edf,1270,1545.0,0,ECG_only,0.028054316054316058
PN00,PN00-4.edf,1271,1550.0,0,ECG_only,0.04398060905955643
PN00,PN00-4.edf,1272,1555.0,0,ECG_only,0.050559783153436406
PN00,PN00-4.edf,1273,1560.0,0,ECG_only,0.056936326363312945
PN00,PN00-4.edf,1274,1565.0,0,ECG_only,0.03093771043771044
PN00,PN00-4.edf,1275,1570.0,0,ECG_only,0.07710903910903913
PN00,PN00-4.edf,1276,1575.0,0,ECG_only,0.06744136110802777
PN00,PN00-4.edf,1277,1580.0,0,ECG_only,0.08775551933446671
PN00,PN00-4.edf,1278,1585.0,0,ECG_only,0.05882708957708959
PN00,PN00-4.edf,1279,1590.0,0,ECG_only,0.0
PN00,PN00-4.edf,1280,1595.0,0,ECG_only,0.0
PN00,PN00-4.edf,1281,1600.0,0,ECG_only,0.0
PN00,PN00-4.edf,1282,1605.0,0,ECG_only,0.0
PN00,PN00-4.edf,1283,1610.0,0,ECG_only,0.0
PN00,PN00-4.edf,1284,1615.0,0,ECG_only,0.0
PN00,PN00-4.edf,1285,1620.0,0,ECG_only,0.0
PN00,PN00-4.edf,1286,1625.0,0,ECG_only,0.0
PN00,PN00-4.edf,1287,1630.0,0,ECG_only,0.0
PN00,PN00-4.edf,1288,1635.0,0,ECG_only,0.0
PN00,PN00-4.edf,1289,1640.0,0,ECG_only,0.0
PN00,PN00-4.edf,1290,1645.0,0,ECG_only,0.0
PN00,PN00-4.edf,1291,1650.0,0,ECG_only,0.0
PN00,PN00-4.edf,1292,1655.0,0,ECG_only,0.0
PN00,PN00-4.edf,1293,1660.0,0,ECG_only,0.0
PN00,PN00-4.edf,1294,1665.0,0,ECG_only,0.0
PN00,PN00-4.edf,1295,1670.0,0,ECG_only,0.0
PN00,PN00-4.edf,1296,1675.0,0,ECG_only,0.0
PN00,PN00-4.edf,1297,1680.0,0,ECG_only,0.0
PN00,PN00-4.edf,1298,1685.0,0,ECG_only,0.0
PN00,PN00-4.edf,1299,1690.0,0,ECG_only,0.0
PN00,PN00-4.edf,1300,1695.0,0,ECG_only,0.0
PN00,PN00-4.edf,1301,1700.0,0,ECG_only,0.0
PN00,PN00-4.edf,1302,1705.0,0,ECG_only,0.0
PN00,PN00-4.edf,1303,1710.0,0,ECG_only,0.0
PN00,PN00-4.edf,1304,1715.0,0,ECG_only,0.0
PN00,PN00-4.edf,1305,1720.0,0,ECG_only,0.0
PN00,PN00-4.edf,1306,1725.0,0,ECG_only,0.0
PN00,PN00-4.edf,1307,1730.0,0,ECG_only,0.0
PN00,PN00-4.edf,1308,1735.0,0,ECG_only,0.0
PN00,PN00-4.edf,1309,1740.0,0,ECG_only,0.0
PN00,PN00-4.edf,1310,1745.0,0,ECG_only,0.0
PN00,PN00-4.edf,1311,1750.0,0,ECG_only,0.0
PN00,PN00-4.edf,1312,1755.0,0,ECG_only,0.0
PN00,PN00-4.edf,1313,1760.0,0,ECG_only,0.06244810146280735
PN00,PN00-4.edf,1314,1765.0,0,ECG_only,0.05438808496858032
PN00,PN00-4.edf,1315,1770.0,0,ECG_only,0.08920888697359286
PN00,PN00-4.edf,1316,1775.0,0,ECG_only,0.03457365510306687
PN00,PN00-4.edf,1317,1780.0,0,ECG_only,0.21909190248881732
PN00,PN00-4.edf,1318,1785.0,0,ECG_only,0.2761505718422775
PN00,PN00-4.edf,1319,1790.0,0,ECG_only,0.19982150405647472
PN00,PN00-4.edf,1320,1795.0,0,ECG_only,0.15511972323534187
PN00,PN00-4.edf,1321,1800.0,0,ECG_only,0.23889953841515701
PN00,PN00-4.edf,1322,1805.0,0,ECG_only,0.2363913790683788
PN00,PN00-4.edf,1323,1810.0,0,ECG_only,0.1210916396015501
PN00,PN00-4.edf,1324,1815.0,0,ECG_only,0.06599215038185627
PN00,PN00-4.edf,1325,1820.0,0,ECG_only,0.03085592185592186
PN00,PN00-4.edf,1326,1825.0,0,ECG_only,0.06912844353871633
PN00,PN00-4.edf,1327,1830.0,0,ECG_only,0.08705054277603297
PN00,PN00-4.edf,1328,1835.0,0,ECG_only,0.060880539882087865
PN00,PN00-4.edf,1329,1840.0,0,ECG_only,0.10969126902222878
PN00,PN00-4.edf,1330,1845.0,0,ECG_only,0.16499913985796336
PN00,PN00-4.edf,1331,1850.0,0,ECG_only,0.19464446067348531
PN00,PN00-4.edf,1332,1855.0,0,ECG_only,0.170209089943997
PN00,PN00-4.edf,1333,1860.0,0,ECG_only,0.0
PN00,PN00-4.edf,1334,1865.0,0,ECG_only,0.0
PN00,PN00-4.edf,1335,1870.0,0,ECG_only,0.0
PN00,PN00-4.edf,1336,1875.0,0,ECG_only,0.0
PN00,PN00-4.edf,1337,1880.0,0,ECG_only,0.0
PN00,PN00-4.edf,1338,1885.0,0,ECG_only,0.0
PN00,PN00-4.edf,1339,1890.0,0,ECG_only,0.07498224716078174
PN00,PN00-4.edf,1340,1895.0,0,ECG_only,0.07005300991291705
PN00,PN00-4.edf,1341,1900.0,0,ECG_only,0.07150072233121768
PN00,PN00-4.edf,1342,1905.0,0,ECG_only,0.013137254901960785
PN00,PN00-4.edf,1343,1910.0,0,ECG_only,0.023999688764394646
PN00,PN00-4.edf,1344,1915.0,0,ECG_only,0.027191552408943716
PN00,PN00-4.edf,1345,1920.0,0,ECG_only,0.012787068004459308
PN00,PN00-4.edf,1346,1925.0,0,ECG_only,0.0654896214896215
PN00,PN00-4.edf,1347,1930.0,0,ECG_only,0.09735273985273984
PN00,PN00-4.edf,1348,1935.0,0,ECG_only,0.09520744411533884
PN00,PN00-4.edf,1349,1940.0,0,ECG_only,0.14382758650018712
PN00,PN00-4.edf,1350,1945.0,0,ECG_only,0.16039688937927263
PN00,PN00-4.edf,1351,1950.0,0,ECG_only,0.15289125260990583
PN00,PN00-4.edf,1352,1955.0,0,ECG_only,0.051996183354542494
PN00,PN00-4.edf,1353,1960.0,0,ECG_only,0.002407407407407407
PN00,PN00-4.edf,1354,1965.0,0,ECG_only,0.01822311348781937
PN00,PN00-4.edf,1355,1970.0,0,ECG_only,0.02702641258523612
PN00,PN00-4.edf,1356,1975.0,0,ECG_only,0.027182808476926123
PN00,PN00-4.edf,1357,1980.0,0,ECG_only,0.020229536258948022
PN00,PN00-4.edf,1358,1985.0,0,ECG_only,0.04238548488548489
PN00,PN00-4.edf,1359,1990.0,0,ECG_only,0.01498635351576528
PN00,PN00-4.edf,1360,1995.0,0,ECG_only,0.015219845513963163
PN00,PN00-4.edf,1361,2000.0,0,ECG_only,0.01222922502334267
PN00,PN00-4.edf,1362,2005.0,0,ECG_only,0.009173669467787115
PN00,PN00-4.edf,1363,2010.0,0,ECG_only,0.3759454787398825
PN00,PN00-4.edf,1364,2015.0,0,ECG_only,0.3389957466766593
PN00,PN00-4.edf,1365,2020.0,0,ECG_only,0.07418097914218605
PN00,PN00-4.edf,1366,2025.0,0,ECG_only,0.025093795093795092
PN00,PN00-4.edf,1367,2030.0,0,ECG_only,0.04650865800865801
PN00,PN00-4.edf,1368,2035.0,0,ECG_only,0.037286435786435784
PN00,PN00-4.edf,1369,2040.0,0,ECG_only,0.020522366522366522
PN00,PN00-4.edf,1370,2045.0,0,ECG_only,0.03343073593073593
PN00,PN00-4.edf,1371,2050.0,0,ECG_only,0.05391129549462883
PN00,PN00-4.edf,1372,2055.0,0,ECG_only,0.09721775446775446
PN00,PN00-4.edf,1373,2060.0,0,ECG_only,0.15139045923212588
PN00,PN00-4.edf,1374,2065.0,0,ECG_only,0.634262323007421
PN00,PN00-4.edf,1375,2070.0,0,ECG_only,0.2936541266874744
PN00,PN00-4.edf,1376,2075.0,0,ECG_only,0.40084469030202724
PN00,PN00-4.edf,1377,2080.0,0,ECG_only,0.41974607960477534
PN00,PN00-4.edf,1378,2085.0,0,ECG_only,0.36422314591078897
PN00,PN00-4.edf,1379,2090.0,0,ECG_only,0.2307458070731559
PN00,PN00-4.edf,1380,2095.0,0,ECG_only,0.027556431929496944
PN00,PN00-4.edf,1381,2100.0,0,ECG_only,0.4023104311628919
PN00,PN00-4.edf,1093,60.0,0,Early_fusion,0.0773929403929404
PN00,PN00-4.edf,1094,65.0,0,Early_fusion,0.11601836126836128
PN00,PN00-4.edf,1095,70.0,0,Early_fusion,0.35659976022049966
PN00,PN00-4.edf,1096,75.0,0,Early_fusion,0.3384585783087295
PN00,PN00-4.edf,1097,80.0,0,Early_fusion,0.3422724615475229
PN00,PN00-4.edf,1098,85.0,0,Early_fusion,0.22384914962266297
PN00,PN00-4.edf,1099,90.0,0,Early_fusion,0.04893939393939394
PN00,PN00-4.edf,1100,95.0,0,Early_fusion,0.0396969696969697
PN00,PN00-4.edf,1101,100.0,0,Early_fusion,0.07651704504645682
PN00,PN00-4.edf,1102,105.0,0,Early_fusion,0.10309888450329627
PN00,PN00-4.edf,1103,110.0,0,Early_fusion,0.11420129441994767
PN00,PN00-4.edf,1104,115.0,0,Early_fusion,0.14108462098903277
PN00,PN00-4.edf,1105,120.0,0,Early_fusion,0.07723109638899113
PN00,PN00-4.edf,1106,125.0,0,Early_fusion,0.0668951545530493
PN00,PN00-4.edf,1107,130.0,0,Early_fusion,0.06608159311448784
PN00,PN00-4.edf,1108,135.0,0,Early_fusion,0.047905329964153504
PN00,PN00-4.edf,1109,140.0,0,Early_fusion,0.0
PN00,PN00-4.edf,1110,145.0,0,Early_fusion,0.01835282651072125
PN00,PN00-4.edf,1111,150.0,0,Early_fusion,0.003205128205128205
PN00,PN00-4.edf,1112,155.0,0,Early_fusion,0.012817460317460316
PN00,PN00-4.edf,1113,160.0,0,Early_fusion,0.008809523809523809
PN00,PN00-4.edf,1114,165.0,0,Early_fusion,0.0572989417989418
PN00,PN00-4.edf,1115,170.0,0,Early_fusion,0.08389264609659346
PN00,PN00-4.edf,1116,175.0,0,Early_fusion,0.05807936507936508
PN00,PN00-4.edf,1117,180.0,0,Early_fusion,0.006190476190476191
PN00,PN00-4.edf,1118,185.0,0,Early_fusion,0.008912698412698412
PN00,PN00-4.edf,1119,190.0,0,Early_fusion,0.012857142857142859
PN00,PN00-4.edf,1120,195.0,0,Early_fusion,0.012341269841269842
PN00,PN00-4.edf,1121,200.0,0,Early_fusion,0.031145909645909645
PN00,PN00-4.edf,1122,205.0,0,Early_fusion,0.036902767167473045
PN00,PN00-4.edf,1123,210.0,0,Early_fusion,0.06951392024727938
PN00,PN00-4.edf,1124,215.0,0,Early_fusion,0.1533548504108359
PN00,PN00-4.edf,1125,220.0,0,Early_fusion,0.07021359883666385
PN00,PN00-4.edf,1126,225.0,0,Early_fusion,0.0
PN00,PN00-4.edf,1127,230.0,0,Early_fusion,0.013137254901960785
PN00,PN00-4.edf,1128,235.0,0,Early_fusion,0.0033333333333333335
PN00,PN00-4.edf,1129,240.0,0,Early_fusion,0.006666666666666667
PN00,PN00-4.edf,1130,245.0,0,Early_fusion,0.0
PN00,PN00-4.edf,1131,250.0,0,Early_fusion,0.0
PN00,PN00-4.edf,1132,255.0,0,Early_fusion,0.013055555555555555
PN00,PN00-4.edf,1133,260.0,0,Early_fusion,0.006666666666666667
PN00,PN00-4.edf,1134,265.0,0,Early_fusion,0.024996913580246912
PN00,PN00-4.edf,1135,270.0,0,Early_fusion,0.01601851851851852
PN00,PN00-4.edf,1136,275.0,0,Early_fusion,0.03397130647130647
PN00,PN00-4.edf,1137,280.0,0,Early_fusion,0.01528956228956229
PN00,PN00-4.edf,1138,285.0,0,Early_fusion,0.0028205128205128203
PN00,PN00-4.edf,1139,290.0,0,Early_fusion,0.0
PN00,PN00-4.edf,1140,295.0,0,Early_fusion,0.0
PN00,PN00-4.edf,1141,300.0,0,Early_fusion,0.0
PN00,PN00-4.edf,1142,305.0,0,Early_fusion,0.025965811965811967
PN00,PN00-4.edf,1143,310.0,0,Early_fusion,0.009523809523809525
PN00,PN00-4.edf,1144,315.0,0,Early_fusion,0.012817460317460316
PN00,PN00-4.edf,1145,320.0,0,Early_fusion,0.0
PN00,PN00-4.edf,1146,325.0,0,Early_fusion,0.0
PN00,PN00-4.edf,1147,330.0,0,Early_fusion,0.0
PN00,PN00-4.edf,1148,335.0,0,Early_fusion,0.0
PN00,PN00-4.edf,1149,340.0,0,Early_fusion,0.00619281045751634
PN00,PN00-4.edf,1150,345.0,0,Early_fusion,0.0
PN00,PN00-4.edf,1151,350.0,0,Early_fusion,0.0
PN00,PN00-4.edf,1152,355.0,0,Early_fusion,0.0
PN00,PN00-4.edf,1153,360.0,0,Early_fusion,0.0
PN00,PN00-4.edf,1154,365.0,0,Early_fusion,0.0
PN00,PN00-4.edf,1155,370.0,0,Early_fusion,0.018252525252525253
PN00,PN00-4.edf,1156,375.0,0,Early_fusion,0.012916666666666667
PN00,PN00-4.edf,1157,380.0,0,Early_fusion,0.019104700854700857
PN00,PN00-4.edf,1158,385.0,0,Early_fusion,0.02761142778789838
PN00,PN00-4.edf,1159,390.0,0,Early_fusion,0.019045177045177046
PN00,PN00-4.edf,1160,395.0,0,Early_fusion,0.012046176046176048
PN00,PN00-4.edf,1161,400.0,0,Early_fusion,0.06037851037851038
PN00,PN00-4.edf,1162,405.0,0,Early_fusion,0.0033333333333333335
PN00,PN00-4.edf,1163,410.0,0,Early_fusion,0.012712842712842712
PN00,PN00-4.edf,1164,415.0,0,Early_fusion,0.0454159239453357
PN00,PN00-4.edf,1165,420.0,0,Early_fusion,0.012407407407407407
PN00,PN00-4.edf,1166,425.0,0,Early_fusion,0.0
PN00,PN00-4.edf,1167,430.0,0,Early_fusion,0.012613636363636363
PN00,PN00-4.edf,1168,435.0,0,Early_fusion,0.04056654783125371
PN00,PN00-4.edf,1169,440.0,0,Early_fusion,0.03232295482295483
PN00,PN00-4.edf,1170,445.0,0,Early_fusion,0.022373015873015874
PN00,PN00-4.edf,1171,450.0,0,Early_fusion,0.025054519554519556
PN00,PN00-4.edf,1172,455.0,0,Early_fusion,0.041472401237107125
PN00,PN00-4.edf,1173,460.0,0,Early_fusion,0.06154241129241129
PN00,PN00-4.edf,1174,465.0,0,Early_fusion,0.08008256422227009
PN00,PN00-4.edf,1175,470.0,0,Early_fusion,0.08427809690309689
PN00,PN00-4.edf,1176,475.0,0,Early_fusion,0.009484126984126984
PN00,PN00-4.edf,1177,480.0,0,Early_fusion,0.009722222222222222
PN00,PN00-4.edf,1178,485.0,0,Early_fusion,0.01918046477850399
PN00,PN00-4.edf,1179,490.0,0,Early_fusion,0.0
PN00,PN00-4.edf,1180,495.0,0,Early_fusion,0.002777777777777778
PN00,PN00-4.edf,1181,500.0,0,Early_fusion,0.0
PN00,PN00-4.edf,1182,505.0,0,Early_fusion,0.0033333333333333335
PN00,PN00-4.edf,1183,510.0,0,Early_fusion,0.0033333333333333335
PN00,PN00-4.edf,1184,515.0,0,Early_fusion,0.0033333333333333335
PN00,PN00-4.edf,1185,520.0,0,Early_fusion,0.0
PN00,PN00-4.edf,1186,525.0,0,Early_fusion,0.0
PN00,PN00-4.edf,1187,530.0,0,Early_fusion,0.0
PN00,PN00-4.edf,1188,535.0,0,Early_fusion,0.006148148148148148
PN00,PN00-4.edf,1189,540.0,0,Early_fusion,0.0062202380952380955
PN00,PN00-4.edf,1190,545.0,0,Early_fusion,0.0
PN00,PN00-4.edf,1191,550.0,0,Early_fusion,0.0
PN00,PN00-4.edf,1192,555.0,0,Early_fusion,0.0
PN00,PN00-4.edf,1193,560.0,0,Early_fusion,0.0
PN00,PN00-4.edf,1194,565.0,0,Early_fusion,0.0
PN00,PN00-4.edf,1195,570.0,0,Early_fusion,0.0
PN00,PN00-4.edf,1196,575.0,0,Early_fusion,0.0033333333333333335
PN00,PN00-4.edf,1197,580.0,0,Early_fusion,0.006027777777777778
PN00,PN00-4.edf,1198,585.0,0,Early_fusion,0.0
PN00,PN00-4.edf,1199,590.0,0,Early_fusion,0.0
PN00,PN00-4.edf,1200,595.0,0,Early_fusion,0.0
PN00,PN00-4.edf,1201,600.0,0,Early_fusion,0.0
PN00,PN00-4.edf,1202,605.0,0,Early_fusion,0.0
PN00,PN00-4.edf,1203,610.0,0,Early_fusion,0.0
PN00,PN00-4.edf,1204,615.0,0,Early_fusion,0.002916666666666667
PN00,PN00-4.edf,1205,620.0,0,Early_fusion,0.00862037037037037
PN00,PN00-4.edf,1206,625.0,0,Early_fusion,0.0
PN00,PN00-4.edf,1207,630.0,0,Early_fusion,0.014678571428571428
PN00,PN00-4.edf,1208,635.0,0,Early_fusion,0.03137289562289562
PN00,PN00-4.edf,1209,640.0,0,Early_fusion,0.031036001036001036
PN00,PN00-4.edf,1210,645.0,0,Early_fusion,0.006095238095238095
PN00,PN00-4.edf,1211,650.0,0,Early_fusion,0.0
PN00,PN00-4.edf,1212,655.0,0,Early_fusion,0.0
PN00,PN00-4.edf,1213,660.0,0,Early_fusion,0.0
PN00,PN00-4.edf,1214,665.0,0,Early_fusion,0.002857142857142857
PN00,PN00-4.edf,1215,670.0,0,Early_fusion,0.0
PN00,PN00-4.edf,1216,675.0,0,Early_fusion,0.0
PN00,PN00-4.edf,1217,680.0,0,Early_fusion,0.0030555555555555553
PN00,PN00-4.edf,1218,685.0,0,Early_fusion,0.0
PN00,PN00-4.edf,1219,690.0,0,Early_fusion,0.015260270774976659
PN00,PN00-4.edf,1220,695.0,0,Early_fusion,0.0031746031746031746
PN00,PN00-4.edf,1221,700.0,0,Early_fusion,0.009841269841269842
PN00,PN00-4.edf,1222,705.0,0,Early_fusion,0.022458333333333337
PN00,PN00-4.edf,1223,1010.0,1,Early_fusion,0.07096436896436896
PN00,PN00-4.edf,1224,1015.0,1,Early_fusion,0.065121114996115
PN00,PN00-4.edf,1225,1020.0,1,Early_fusion,0.3215009859755732
PN00,PN00-4.edf,1226,1025.0,1,Early_fusion,0.3014758177552296
PN00,PN00-4.edf,1227,1030.0,1,Early_fusion,0.7630808223185672
PN00,PN00-4.edf,1228,1035.0,1,Early_fusion,0.9613071650571651
PN00,PN00-4.edf,1229,1040.0,1,Early_fusion,1.0
PN00,PN00-4.edf,1230,1045.0,1,Early_fusion,0.9994117647058823
PN00,PN00-4.edf,1231,1050.0,1,Early_fusion,1.0
PN00,PN00-4.edf,1232,1055.0,1,Early_fusion,0.5098704416498534
PN00,PN00-4.edf,1233,1060.0,1,Early_fusion,0.4812750000544118
PN00,PN00-4.edf,1234,1065.0,1,Early_fusion,0.5025708384752502
PN00,PN00-4.edf,1235,1070.0,1,Early_fusion,0.46226909201909205
PN00,PN00-4.edf,1236,1075.0,1,Early_fusion,0.44733352384629477
PN00,PN00-4.edf,1237,1080.0,1,Early_fusion,0.4407223046561281
PN00,PN00-4.edf,1238,1385.0,0,Early_fusion,0.014740740740740742
PN00,PN00-4.edf,1239,1390.0,0,Early_fusion,0.006363636363636364
PN00,PN00-4.edf,1240,1395.0,0,Early_fusion,0.02670875420875421
PN00,PN00-4.edf,1241,1400.0,0,Early_fusion,0.01
PN00,PN00-4.edf,1242,1405.0,0,Early_fusion,0.006363636363636364
PN00,PN00-4.edf,1243,1410.0,0,Early_fusion,0.002333333333333333
PN00,PN00-4.edf,1244,1415.0,0,Early_fusion,0.01503988603988604
PN00,PN00-4.edf,1245,1420.0,0,Early_fusion,0.022123015873015874
PN00,PN00-4.edf,1246,1425.0,0,Early_fusion,0.006111111111111111
PN00,PN00-4.edf,1247,1430.0,0,Early_fusion,0.02127777777777778
PN00,PN00-4.edf,1248,1435.0,0,Early_fusion,0.012027777777777778
PN00,PN00-4.edf,1249,1440.0,0,Early_fusion,0.0064285714285714285
PN00,PN00-4.edf,1250,1445.0,0,Early_fusion,0.0639845960140078
PN00,PN00-4.edf,1251,1450.0,0,Early_fusion,0.04884641937583114
PN00,PN00-4.edf,1252,1455.0,0,Early_fusion,0.058109946154063806
PN00,PN00-4.edf,1253,1460.0,0,Early_fusion,0.012474747474747474
PN00,PN00-4.edf,1254,1465.0,0,Early_fusion,0.0511465848965849
PN00,PN00-4.edf,1255,1470.0,0,Early_fusion,0.09687272357695699
PN00,PN00-4.edf,1256,1475.0,0,Early_fusion,0.053911589098895596
PN00,PN00-4.edf,1257,1480.0,0,Early_fusion,0.01203030303030303
PN00,PN00-4.edf,1258,1485.0,0,Early_fusion,0.009000000000000001
PN00,PN00-4.edf,1259,1490.0,0,Early_fusion,0.005666666666666666
PN00,PN00-4.edf,1260,1495.0,0,Early_fusion,0.005666666666666666
PN00,PN00-4.edf,1261,1500.0,0,Early_fusion,0.0033333333333333335
PN00,PN00-4.edf,1262,1505.0,0,Early_fusion,0.008444444444444444
PN00,PN00-4.edf,1263,1510.0,0,Early_fusion,0.008444444444444444
PN00,PN00-4.edf,1264,1515.0,0,Early_fusion,0.014279701779701781
PN00,PN00-4.edf,1265,1520.0,0,Early_fusion,0.08038931181191243
PN00,PN00-4.edf,1266,1525.0,0,Early_fusion,0.15652212054276035
PN00,PN00-4.edf,1267,1530.0,0,Early_fusion,0.20926391919245377
PN00,PN00-4.edf,1268,1535.0,0,Early_fusion,0.21478976064232883
PN00,PN00-4.edf,1269,1540.0,0,Early_fusion,0.06935804473304472
PN00,PN00-4.edf,1270,1545.0,0,Early_fusion,0.03778373015873016
PN00,PN00-4.edf,1271,1550.0,0,Early_fusion,0.05165145502645503
PN00,PN00-4.edf,1272,1555.0,0,Early_fusion,0.05451256613756615
PN00,PN00-4.edf,1273,1560.0,0,Early_fusion,0.05708664021164021
PN00,PN00-4.edf,1274,1565.0,0,Early_fusion,0.030808862433862435
PN00,PN00-4.edf,1275,1570.0,0,Early_fusion,0.0657864589114589
PN00,PN00-4.edf,1276,1575.0,0,Early_fusion,0.07517711972123738
PN00,PN00-4.edf,1277,1580.0,0,Early_fusion,0.11286003713062534
PN00,PN00-4.edf,1278,1585.0,0,Early_fusion,0.034502287835621176
PN00,PN00-4.edf,1279,1590.0,0,Early_fusion,0.0
PN00,PN00-4.edf,1280,1595.0,0,Early_fusion,0.002857142857142857
PN00,PN00-4.edf,1281,1600.0,0,Early_fusion,0.0
PN00,PN00-4.edf,1282,1605.0,0,Early_fusion,0.0
PN00,PN00-4.edf,1283,1610.0,0,Early_fusion,0.006172161172161172
PN00,PN00-4.edf,1284,1615.0,0,Early_fusion,0.006190476190476191
PN00,PN00-4.edf,1285,1620.0,0,Early_fusion,0.0
PN00,PN00-4.edf,1286,1625.0,0,Early_fusion,0.0
PN00,PN00-4.edf,1287,1630.0,0,Early_fusion,0.0062896825396825395
PN00,PN00-4.edf,1288,1635.0,0,Early_fusion,0.019291225749559084
PN00,PN00-4.edf,1289,1640.0,0,Early_fusion,0.016095238095238096
PN00,PN00-4.edf,1290,1645.0,0,Early_fusion,0.0
PN00,PN00-4.edf,1291,1650.0,0,Early_fusion,0.0
PN00,PN00-4.edf,1292,1655.0,0,Early_fusion,0.0
PN00,PN00-4.edf,1293,1660.0,0,Early_fusion,0.011960978835978837
PN00,PN00-4.edf,1294,1665.0,0,Early_fusion,0.015210978835978837
PN00,PN00-4.edf,1295,1670.0,0,Early_fusion,0.028900517782870724
PN00,PN00-4.edf,1296,1675.0,0,Early_fusion,0.05588165117189885
PN00,PN00-4.edf,1297,1680.0,0,Early_fusion,0.015023809523809526
PN00,PN00-4.edf,1298,1685.0,0,Early_fusion,0.0
PN00,PN00-4.edf,1299,1690.0,0,Early_fusion,0.0
PN00,PN00-4.edf,1300,1695.0,0,Early_fusion,0.0
PN00,PN00-4.edf,1301,1700.0,0,Early_fusion,0.0
PN00,PN00-4.edf,1302,1705.0,0,Early_fusion,0.01267857142857143
PN00,PN00-4.edf,1303,1710.0,0,Early_fusion,0.0030952380952380953
PN00,PN00-4.edf,1304,1715.0,0,Early_fusion,0.0
PN00,PN00-4.edf,1305,1720.0,0,Early_fusion,0.0
PN00,PN00-4.edf,1306,1725.0,0,Early_fusion,0.0
PN00,PN00-4.edf,1307,1730.0,0,Early_fusion,0.0
PN00,PN00-4.edf,1308,1735.0,0,Early_fusion,0.0
PN00,PN00-4.edf,1309,1740.0,0,Early_fusion,0.002962962962962963
PN00,PN00-4.edf,1310,1745.0,0,Early_fusion,0.0
PN00,PN00-4.edf,1311,1750.0,0,Early_fusion,0.0
PN00,PN00-4.edf,1312,1755.0,0,Early_fusion,0.0
PN00,PN00-4.edf,1313,1760.0,0,Early_fusion,0.025304112554112558
PN00,PN00-4.edf,1314,1765.0,0,Early_fusion,0.15226356186447462
PN00,PN00-4.edf,1315,1770.0,0,Early_fusion,0.1578481994491122
PN00,PN00-4.edf,1316,1775.0,0,Early_fusion,0.05008483999660471
PN00,PN00-4.edf,1317,1780.0,0,Early_fusion,0.012650793650793652
PN00,PN00-4.edf,1318,1785.0,0,Early_fusion,0.009407407407407406
PN00,PN00-4.edf,1319,1790.0,0,Early_fusion,0.006074074074074074
PN00,PN00-4.edf,1320,1795.0,0,Early_fusion,0.009296296296296296
PN00,PN00-4.edf,1321,1800.0,0,Early_fusion,0.03554232804232804
PN00,PN00-4.edf,1322,1805.0,0,Early_fusion,0.05815702716823407
PN00,PN00-4.edf,1323,1810.0,0,Early_fusion,0.02490740740740741
PN00,PN00-4.edf,1324,1815.0,0,Early_fusion,0.033705636955636956
PN00,PN00-4.edf,1325,1820.0,0,Early_fusion,0.002777777777777778
PN00,PN00-4.edf,1326,1825.0,0,Early_fusion,0.0
PN00,PN00-4.edf,1327,1830.0,0,Early_fusion,0.002777777777777778
PN00,PN00-4.edf,1328,1835.0,0,Early_fusion,0.005888888888888889
PN00,PN00-4.edf,1329,1840.0,0,Early_fusion,0.008851851851851854
PN00,PN00-4.edf,1330,1845.0,0,Early_fusion,0.01537962962962963
PN00,PN00-4.edf,1331,1850.0,0,Early_fusion,0.01638888888888889
PN00,PN00-4.edf,1332,1855.0,0,Early_fusion,0.029252525252525252
PN00,PN00-4.edf,1333,1860.0,0,Early_fusion,0.005841269841269842
PN00,PN00-4.edf,1334,1865.0,0,Early_fusion,0.002666666666666667
PN00,PN00-4.edf,1335,1870.0,0,Early_fusion,0.005861111111111111
PN00,PN00-4.edf,1336,1875.0,0,Early_fusion,0.0031944444444444446
PN00,PN00-4.edf,1337,1880.0,0,Early_fusion,0.002666666666666667
PN00,PN00-4.edf,1338,1885.0,0,Early_fusion,0.2469705563499681
PN00,PN00-4.edf,1339,1890.0,0,Early_fusion,0.23917134902134898
PN00,PN00-4.edf,1340,1895.0,0,Early_fusion,0.11333878695359603
PN00,PN00-4.edf,1341,1900.0,0,Early_fusion,0.08261344211344211
PN00,PN00-4.edf,1342,1905.0,0,Early_fusion,0.002333333333333333
PN00,PN00-4.edf,1343,1910.0,0,Early_fusion,0.02473015873015873
PN00,PN00-4.edf,1344,1915.0,0,Early_fusion,0.006666666666666667
PN00,PN00-4.edf,1345,1920.0,0,Early_fusion,0.0
PN00,PN00-4.edf,1346,1925.0,0,Early_fusion,0.0
PN00,PN00-4.edf,1347,1930.0,0,Early_fusion,0.006388888888888888
PN00,PN00-4.edf,1348,1935.0,0,Early_fusion,0.009722222222222222
PN00,PN00-4.edf,1349,1940.0,0,Early_fusion,0.025915004748338084
PN00,PN00-4.edf,1350,1945.0,0,Early_fusion,0.012927350427350427
PN00,PN00-4.edf,1351,1950.0,0,Early_fusion,0.0032098765432098763
PN00,PN00-4.edf,1352,1955.0,0,Early_fusion,0.0
PN00,PN00-4.edf,1353,1960.0,0,Early_fusion,0.0
PN00,PN00-4.edf,1354,1965.0,0,Early_fusion,0.0
PN00,PN00-4.edf,1355,1970.0,0,Early_fusion,0.002777777777777778
PN00,PN00-4.edf,1356,1975.0,0,Early_fusion,0.005987654320987654
PN00,PN00-4.edf,1357,1980.0,0,Early_fusion,0.0
PN00,PN00-4.edf,1358,1985.0,0,Early_fusion,0.0
PN00,PN00-4.edf,1359,1990.0,0,Early_fusion,0.0
PN00,PN00-4.edf,1360,1995.0,0,Early_fusion,0.0
PN00,PN00-4.edf,1361,2000.0,0,Early_fusion,0.0025
PN00,PN00-4.edf,1362,2005.0,0,Early_fusion,0.012447089947089948
PN00,PN00-4.edf,1363,2010.0,0,Early_fusion,0.035356160442367335
PN00,PN00-4.edf,1364,2015.0,0,Early_fusion,0.028706552706552712
PN00,PN00-4.edf,1365,2020.0,0,Early_fusion,0.005703703703703704
PN00,PN00-4.edf,1366,2025.0,0,Early_fusion,0.0
PN00,PN00-4.edf,1367,2030.0,0,Early_fusion,0.0
PN00,PN00-4.edf,1368,2035.0,0,Early_fusion,0.0
PN00,PN00-4.edf,1369,2040.0,0,Early_fusion,0.0
PN00,PN00-4.edf,1370,2045.0,0,Early_fusion,0.0033333333333333335
PN00,PN00-4.edf,1371,2050.0,0,Early_fusion,0.0033333333333333335
PN00,PN00-4.edf,1372,2055.0,0,Early_fusion,0.006507936507936508
PN00,PN00-4.edf,1373,2060.0,0,Early_fusion,0.30642951035892213
PN00,PN00-4.edf,1374,2065.0,0,Early_fusion,0.02864935064935065
PN00,PN00-4.edf,1375,2070.0,0,Early_fusion,0.0
PN00,PN00-4.edf,1376,2075.0,0,Early_fusion,0.0
PN00,PN00-4.edf,1377,2080.0,0,Early_fusion,0.044423632610939116
PN00,PN00-4.edf,1378,2085.0,0,Early_fusion,0.10325976800976801
PN00,PN00-4.edf,1379,2090.0,0,Early_fusion,0.03131734006734007
PN00,PN00-4.edf,1380,2095.0,0,Early_fusion,0.0
PN00,PN00-4.edf,1381,2100.0,0,Early_fusion,0.10733062340518482
PN00,PN00-4.edf,1093,60.0,0,Late_fusion_alpha_0.5,0.2986535493307523
PN00,PN00-4.edf,1094,65.0,0,Late_fusion_alpha_0.5,0.28851700394125773
PN00,PN00-4.edf,1095,70.0,0,Late_fusion_alpha_0.5,0.25582041110573095
PN00,PN00-4.edf,1096,75.0,0,Late_fusion_alpha_0.5,0.32449404433072043
PN00,PN00-4.edf,1097,80.0,0,Late_fusion_alpha_0.5,0.29651763569617257
PN00,PN00-4.edf,1098,85.0,0,Late_fusion_alpha_0.5,0.18184333388888024
PN00,PN00-4.edf,1099,90.0,0,Late_fusion_alpha_0.5,0.08117515029260386
PN00,PN00-4.edf,1100,95.0,0,Late_fusion_alpha_0.5,0.062083177691873354
PN00,PN00-4.edf,1101,100.0,0,Late_fusion_alpha_0.5,0.09665967824908853
PN00,PN00-4.edf,1102,105.0,0,Late_fusion_alpha_0.5,0.048961454531307486
PN00,PN00-4.edf,1103,110.0,0,Late_fusion_alpha_0.5,0.1107752577369585
PN00,PN00-4.edf,1104,115.0,0,Late_fusion_alpha_0.5,0.20637279818707832
PN00,PN00-4.edf,1105,120.0,0,Late_fusion_alpha_0.5,0.24845994975308816
PN00,PN00-4.edf,1106,125.0,0,Late_fusion_alpha_0.5,0.20772924008267485
PN00,PN00-4.edf,1107,130.0,0,Late_fusion_alpha_0.5,0.21007172552196002
PN00,PN00-4.edf,1108,135.0,0,Late_fusion_alpha_0.5,0.2303984548474208
PN00,PN00-4.edf,1109,140.0,0,Late_fusion_alpha_0.5,0.14571742938110382
PN00,PN00-4.edf,1110,145.0,0,Late_fusion_alpha_0.5,0.398387392819998
PN00,PN00-4.edf,1111,150.0,0,Late_fusion_alpha_0.5,0.38029878534903766
PN00,PN00-4.edf,1112,155.0,0,Late_fusion_alpha_0.5,0.3063046370751455
PN00,PN00-4.edf,1113,160.0,0,Late_fusion_alpha_0.5,0.3216071924215023
PN00,PN00-4.edf,1114,165.0,0,Late_fusion_alpha_0.5,0.31057446364180014
PN00,PN00-4.edf,1115,170.0,0,Late_fusion_alpha_0.5,0.3374402608061654
PN00,PN00-4.edf,1116,175.0,0,Late_fusion_alpha_0.5,0.09741616796582513
PN00,PN00-4.edf,1117,180.0,0,Late_fusion_alpha_0.5,0.053501865905478445
PN00,PN00-4.edf,1118,185.0,0,Late_fusion_alpha_0.5,0.0663018584442733
PN00,PN00-4.edf,1119,190.0,0,Late_fusion_alpha_0.5,0.042978261561852894
PN00,PN00-4.edf,1120,195.0,0,Late_fusion_alpha_0.5,0.07117943710878494
PN00,PN00-4.edf,1121,200.0,0,Late_fusion_alpha_0.5,0.07261224300114966
PN00,PN00-4.edf,1122,205.0,0,Late_fusion_alpha_0.5,0.14198613687029968
PN00,PN00-4.edf,1123,210.0,0,Late_fusion_alpha_0.5,0.11600625013346597
PN00,PN00-4.edf,1124,215.0,0,Late_fusion_alpha_0.5,0.13504906709886066
PN00,PN00-4.edf,1125,220.0,0,Late_fusion_alpha_0.5,0.1459834340209727
PN00,PN00-4.edf,1126,225.0,0,Late_fusion_alpha_0.5,0.042142779333955806
PN00,PN00-4.edf,1127,230.0,0,Late_fusion_alpha_0.5,0.14856185561151275
PN00,PN00-4.edf,1128,235.0,0,Late_fusion_alpha_0.5,0.1973399965589611
PN00,PN00-4.edf,1129,240.0,0,Late_fusion_alpha_0.5,0.162826944795598
PN00,PN00-4.edf,1130,245.0,0,Late_fusion_alpha_0.5,0.08454445341332593
PN00,PN00-4.edf,1131,250.0,0,Late_fusion_alpha_0.5,0.10222042726502444
PN00,PN00-4.edf,1132,255.0,0,Late_fusion_alpha_0.5,0.11638563508487726
PN00,PN00-4.edf,1133,260.0,0,Late_fusion_alpha_0.5,0.08873533465656898
PN00,PN00-4.edf,1134,265.0,0,Late_fusion_alpha_0.5,0.0660374814882218
PN00,PN00-4.edf,1135,270.0,0,Late_fusion_alpha_0.5,0.03222586188321483
PN00,PN00-4.edf,1136,275.0,0,Late_fusion_alpha_0.5,0.06404757249329616
PN00,PN00-4.edf,1137,280.0,0,Late_fusion_alpha_0.5,0.1983555727041812
PN00,PN00-4.edf,1138,285.0,0,Late_fusion_alpha_0.5,0.10697240208939293
PN00,PN00-4.edf,1139,290.0,0,Late_fusion_alpha_0.5,0.029568149614976242
PN00,PN00-4.edf,1140,295.0,0,Late_fusion_alpha_0.5,0.034051623516553595
PN00,PN00-4.edf,1141,300.0,0,Late_fusion_alpha_0.5,0.026261792804896253
PN00,PN00-4.edf,1142,305.0,0,Late_fusion_alpha_0.5,0.08861558753598398
PN00,PN00-4.edf,1143,310.0,0,Late_fusion_alpha_0.5,0.03190680314049879
PN00,PN00-4.edf,1144,315.0,0,Late_fusion_alpha_0.5,0.02852852795707655
PN00,PN00-4.edf,1145,320.0,0,Late_fusion_alpha_0.5,0.02759713595583161
PN00,PN00-4.edf,1146,325.0,0,Late_fusion_alpha_0.5,0.10686761386346942
PN00,PN00-4.edf,1147,330.0,0,Late_fusion_alpha_0.5,0.02148356801036711
PN00,PN00-4.edf,1148,335.0,0,Late_fusion_alpha_0.5,0.016566652550348202
PN00,PN00-4.edf,1149,340.0,0,Late_fusion_alpha_0.5,0.02599087639997528
PN00,PN00-4.edf,1150,345.0,0,Late_fusion_alpha_0.5,0.01678868276028164
PN00,PN00-4.edf,1151,350.0,0,Late_fusion_alpha_0.5,0.06993240883125229
PN00,PN00-4.edf,1152,355.0,0,Late_fusion_alpha_0.5,0.0077488116458704695
PN00,PN00-4.edf,1153,360.0,0,Late_fusion_alpha_0.5,0.01692930911680912
PN00,PN00-4.edf,1154,365.0,0,Late_fusion_alpha_0.5,0.002944444444444445
PN00,PN00-4.edf,1155,370.0,0,Late_fusion_alpha_0.5,0.029375803066486426
PN00,PN00-4.edf,1156,375.0,0,Late_fusion_alpha_0.5,0.026250329003512367
PN00,PN00-4.edf,1157,380.0,0,Late_fusion_alpha_0.5,0.024613285035111662
PN00,PN00-4.edf,1158,385.0,0,Late_fusion_alpha_0.5,0.03070356281288944
PN00,PN00-4.edf,1159,390.0,0,Late_fusion_alpha_0.5,0.01972439614622277
PN00,PN00-4.edf,1160,395.0,0,Late_fusion_alpha_0.5,0.018338333206754258
PN00,PN00-4.edf,1161,400.0,0,Late_fusion_alpha_0.5,0.04651551107704358
PN00,PN00-4.edf,1162,405.0,0,Late_fusion_alpha_0.5,0.01228201128936423
PN00,PN00-4.edf,1163,410.0,0,Late_fusion_alpha_0.5,0.05381328329165072
PN00,PN00-4.edf,1164,415.0,0,Late_fusion_alpha_0.5,0.0418105722250459
PN00,PN00-4.edf,1165,420.0,0,Late_fusion_alpha_0.5,0.03216122004357298
PN00,PN00-4.edf,1166,425.0,0,Late_fusion_alpha_0.5,0.031007215007215004
PN00,PN00-4.edf,1167,430.0,0,Late_fusion_alpha_0.5,0.05176068376068377
PN00,PN00-4.edf,1168,435.0,0,Late_fusion_alpha_0.5,0.07288513202483791
PN00,PN00-4.edf,1169,440.0,0,Late_fusion_alpha_0.5,0.07391362967098263
PN00,PN00-4.edf,1170,445.0,0,Late_fusion_alpha_0.5,0.01070314407814408
PN00,PN00-4.edf,1171,450.0,0,Late_fusion_alpha_0.5,0.02687243774743775
PN00,PN00-4.edf,1172,455.0,0,Late_fusion_alpha_0.5,0.0937403023175082
PN00,PN00-4.edf,1173,460.0,0,Late_fusion_alpha_0.5,0.07310837156670491
PN00,PN00-4.edf,1174,465.0,0,Late_fusion_alpha_0.5,0.07622735674819009
PN00,PN00-4.edf,1175,470.0,0,Late_fusion_alpha_0.5,0.07857853672085172
PN00,PN00-4.edf,1176,475.0,0,Late_fusion_alpha_0.5,0.03500999388025005
PN00,PN00-4.edf,1177,480.0,0,Late_fusion_alpha_0.5,0.05099089826295708
PN00,PN00-4.edf,1178,485.0,0,Late_fusion_alpha_0.5,0.049456164403626456
PN00,PN00-4.edf,1179,490.0,0,Late_fusion_alpha_0.5,0.004722222222222222
PN00,PN00-4.edf,1180,495.0,0,Late_fusion_alpha_0.5,0.009583333333333334
PN00,PN00-4.edf,1181,500.0,0,Late_fusion_alpha_0.5,0.012517857142857143
PN00,PN00-4.edf,1182,505.0,0,Late_fusion_alpha_0.5,0.013698183760683762
PN00,PN00-4.edf,1183,510.0,0,Late_fusion_alpha_0.5,0.005805555555555556
PN00,PN00-4.edf,1184,515.0,0,Late_fusion_alpha_0.5,0.005944444444444445
PN00,PN00-4.edf,1185,520.0,0,Late_fusion_alpha_0.5,0.01387137192729298
PN00,PN00-4.edf,1186,525.0,0,Late_fusion_alpha_0.5,0.0030277777777777777
PN00,PN00-4.edf,1187,530.0,0,Late_fusion_alpha_0.5,0.0030833333333333333
PN00,PN00-4.edf,1188,535.0,0,Late_fusion_alpha_0.5,0.003194444444444444
PN00,PN00-4.edf,1189,540.0,0,Late_fusion_alpha_0.5,0.009365079365079364
PN00,PN00-4.edf,1190,545.0,0,Late_fusion_alpha_0.5,0.0015277777777777776
PN00,PN00-4.edf,1191,550.0,0,Late_fusion_alpha_0.5,0.0
PN00,PN00-4.edf,1192,555.0,0,Late_fusion_alpha_0.5,0.0
PN00,PN00-4.edf,1193,560.0,0,Late_fusion_alpha_0.5,0.0
PN00,PN00-4.edf,1194,565.0,0,Late_fusion_alpha_0.5,0.004323232323232323
PN00,PN00-4.edf,1195,570.0,0,Late_fusion_alpha_0.5,0.0
PN00,PN00-4.edf,1196,575.0,0,Late_fusion_alpha_0.5,0.0
PN00,PN00-4.edf,1197,580.0,0,Late_fusion_alpha_0.5,0.0014035087719298245
PN00,PN00-4.edf,1198,585.0,0,Late_fusion_alpha_0.5,0.0015277777777777776
PN00,PN00-4.edf,1199,590.0,0,Late_fusion_alpha_0.5,0.0
PN00,PN00-4.edf,1200,595.0,0,Late_fusion_alpha_0.5,0.0015277777777777776
PN00,PN00-4.edf,1201,600.0,0,Late_fusion_alpha_0.5,0.0
PN00,PN00-4.edf,1202,605.0,0,Late_fusion_alpha_0.5,0.0032142857142857147
PN00,PN00-4.edf,1203,610.0,0,Late_fusion_alpha_0.5,0.0016666666666666668
PN00,PN00-4.edf,1204,615.0,0,Late_fusion_alpha_0.5,0.017055011581985267
PN00,PN00-4.edf,1205,620.0,0,Late_fusion_alpha_0.5,0.01028688387635756
PN00,PN00-4.edf,1206,625.0,0,Late_fusion_alpha_0.5,0.00897736006683375
PN00,PN00-4.edf,1207,630.0,0,Late_fusion_alpha_0.5,0.025349935639409325
PN00,PN00-4.edf,1208,635.0,0,Late_fusion_alpha_0.5,0.022316035280508968
PN00,PN00-4.edf,1209,640.0,0,Late_fusion_alpha_0.5,0.02241778214475583
PN00,PN00-4.edf,1210,645.0,0,Late_fusion_alpha_0.5,0.02521043393740762
PN00,PN00-4.edf,1211,650.0,0,Late_fusion_alpha_0.5,0.01750715804663173
PN00,PN00-4.edf,1212,655.0,0,Late_fusion_alpha_0.5,0.012181216931216932
PN00,PN00-4.edf,1213,660.0,0,Late_fusion_alpha_0.5,0.006328042328042328
PN00,PN00-4.edf,1214,665.0,0,Late_fusion_alpha_0.5,0.010462301587301588
PN00,PN00-4.edf,1215,670.0,0,Late_fusion_alpha_0.5,0.009414462081128748
PN00,PN00-4.edf,1216,675.0,0,Late_fusion_alpha_0.5,0.0016666666666666668
PN00,PN00-4.edf,1217,680.0,0,Late_fusion_alpha_0.5,0.004710648148148148
PN00,PN00-4.edf,1218,685.0,0,Late_fusion_alpha_0.5,0.0
PN00,PN00-4.edf,1219,690.0,0,Late_fusion_alpha_0.5,0.004541666666666667
PN00,PN00-4.edf,1220,695.0,0,Late_fusion_alpha_0.5,0.0033333333333333335
PN00,PN00-4.edf,1221,700.0,0,Late_fusion_alpha_0.5,0.015552900497803047
PN00,PN00-4.edf,1222,705.0,0,Late_fusion_alpha_0.5,0.056711863535570436
PN00,PN00-4.edf,1223,1010.0,1,Late_fusion_alpha_0.5,0.15248763016552253
PN00,PN00-4.edf,1224,1015.0,1,Late_fusion_alpha_0.5,0.17008752843727268
PN00,PN00-4.edf,1225,1020.0,1,Late_fusion_alpha_0.5,0.32603547703787694
PN00,PN00-4.edf,1226,1025.0,1,Late_fusion_alpha_0.5,0.29995344701594695
PN00,PN00-4.edf,1227,1030.0,1,Late_fusion_alpha_0.5,0.4325540957199631
PN00,PN00-4.edf,1228,1035.0,1,Late_fusion_alpha_0.5,0.5607978130139255
PN00,PN00-4.edf,1229,1040.0,1,Late_fusion_alpha_0.5,0.5755140175491837
PN00,PN00-4.edf,1230,1045.0,1,Late_fusion_alpha_0.5,0.5473998310938848
PN00,PN00-4.edf,1231,1050.0,1,Late_fusion_alpha_0.5,0.7842832438681622
PN00,PN00-4.edf,1232,1055.0,1,Late_fusion_alpha_0.5,0.5971369041118778
PN00,PN00-4.edf,1233,1060.0,1,Late_fusion_alpha_0.5,0.5875308507749246
PN00,PN00-4.edf,1234,1065.0,1,Late_fusion_alpha_0.5,0.5562121452643585
PN00,PN00-4.edf,1235,1070.0,1,Late_fusion_alpha_0.5,0.35276721823470425
PN00,PN00-4.edf,1236,1075.0,1,Late_fusion_alpha_0.5,0.4518441887222641
PN00,PN00-4.edf,1237,1080.0,1,Late_fusion_alpha_0.5,0.41495887054071584
PN00,PN00-4.edf,1238,1385.0,0,Late_fusion_alpha_0.5,0.009156768476621419
PN00,PN00-4.edf,1239,1390.0,0,Late_fusion_alpha_0.5,0.009516666666666666
PN00,PN00-4.edf,1240,1395.0,0,Late_fusion_alpha_0.5,0.03290200789588045
PN00,PN00-4.edf,1241,1400.0,0,Late_fusion_alpha_0.5,0.01445959595959596
PN00,PN00-4.edf,1242,1405.0,0,Late_fusion_alpha_0.5,0.004431818181818182
PN00,PN00-4.edf,1243,1410.0,0,Late_fusion_alpha_0.5,0.004828869047619048
PN00,PN00-4.edf,1244,1415.0,0,Late_fusion_alpha_0.5,0.010641754079254079
PN00,PN00-4.edf,1245,1420.0,0,Late_fusion_alpha_0.5,0.030359239525906193
PN00,PN00-4.edf,1246,1425.0,0,Late_fusion_alpha_0.5,0.015801827801827803
PN00,PN00-4.edf,1247,1430.0,0,Late_fusion_alpha_0.5,0.02643318881554176
PN00,PN00-4.edf,1248,1435.0,0,Late_fusion_alpha_0.5,0.010811447811447812
PN00,PN00-4.edf,1249,1440.0,0,Late_fusion_alpha_0.5,0.018793169793169796
PN00,PN00-4.edf,1250,1445.0,0,Late_fusion_alpha_0.5,0.06602832484327581
PN00,PN00-4.edf,1251,1450.0,0,Late_fusion_alpha_0.5,0.0509008367721603
PN00,PN00-4.edf,1252,1455.0,0,Late_fusion_alpha_0.5,0.049139742374069
PN00,PN00-4.edf,1253,1460.0,0,Late_fusion_alpha_0.5,0.014224513356067062
PN00,PN00-4.edf,1254,1465.0,0,Late_fusion_alpha_0.5,0.04098680880666175
PN00,PN00-4.edf,1255,1470.0,0,Late_fusion_alpha_0.5,0.06968983989675422
PN00,PN00-4.edf,1256,1475.0,0,Late_fusion_alpha_0.5,0.03434879959222065
PN00,PN00-4.edf,1257,1480.0,0,Late_fusion_alpha_0.5,0.0032142857142857142
PN00,PN00-4.edf,1258,1485.0,0,Late_fusion_alpha_0.5,0.0032142857142857142
PN00,PN00-4.edf,1259,1490.0,0,Late_fusion_alpha_0.5,0.0015476190476190477
PN00,PN00-4.edf,1260,1495.0,0,Late_fusion_alpha_0.5,0.0015476190476190477
PN00,PN00-4.edf,1261,1500.0,0,Late_fusion_alpha_0.5,0.014763602382023438
PN00,PN00-4.edf,1262,1505.0,0,Late_fusion_alpha_0.5,0.006130952380952381
PN00,PN00-4.edf,1263,1510.0,0,Late_fusion_alpha_0.5,0.0165825598013098
PN00,PN00-4.edf,1264,1515.0,0,Late_fusion_alpha_0.5,0.020290659267632953
PN00,PN00-4.edf,1265,1520.0,0,Late_fusion_alpha_0.5,0.10524724918280128
PN00,PN00-4.edf,1266,1525.0,0,Late_fusion_alpha_0.5,0.12766224995907655
PN00,PN00-4.edf,1267,1530.0,0,Late_fusion_alpha_0.5,0.15260779163599075
PN00,PN00-4.edf,1268,1535.0,0,Late_fusion_alpha_0.5,0.15315592536548414
PN00,PN00-4.edf,1269,1540.0,0,Late_fusion_alpha_0.5,0.02203538455009043
PN00,PN00-4.edf,1270,1545.0,0,Late_fusion_alpha_0.5,0.028022805748612205
PN00,PN00-4.edf,1271,1550.0,0,Late_fusion_alpha_0.5,0.025266166598743735
PN00,PN00-4.edf,1272,1555.0,0,Late_fusion_alpha_0.5,0.029994177291003916
PN00,PN00-4.edf,1273,1560.0,0,Late_fusion_alpha_0.5,0.036443780152582775
PN00,PN00-4.edf,1274,1565.0,0,Late_fusion_alpha_0.5,0.01546885521885522
PN00,PN00-4.edf,1275,1570.0,0,Late_fusion_alpha_0.5,0.038554519554519565
PN00,PN00-4.edf,1276,1575.0,0,Late_fusion_alpha_0.5,0.056743058474224624
PN00,PN00-4.edf,1277,1580.0,0,Late_fusion_alpha_0.5,0.06695971526466883
PN00,PN00-4.edf,1278,1585.0,0,Late_fusion_alpha_0.5,0.03260798923298924
PN00,PN00-4.edf,1279,1590.0,0,Late_fusion_alpha_0.5,0.004097985347985348
PN00,PN00-4.edf,1280,1595.0,0,Late_fusion_alpha_0.5,0.0
PN00,PN00-4.edf,1281,1600.0,0,Late_fusion_alpha_0.5,0.003205128205128205
PN00,PN00-4.edf,1282,1605.0,0,Late_fusion_alpha_0.5,0.00125
PN00,PN00-4.edf,1283,1610.0,0,Late_fusion_alpha_0.5,0.0032758620689655174
PN00,PN00-4.edf,1284,1615.0,0,Late_fusion_alpha_0.5,0.0016666666666666668
PN00,PN00-4.edf,1285,1620.0,0,Late_fusion_alpha_0.5,0.0047739463601532564
PN00,PN00-4.edf,1286,1625.0,0,Late_fusion_alpha_0.5,0.0016091954022988506
PN00,PN00-4.edf,1287,1630.0,0,Late_fusion_alpha_0.5,0.003194444444444444
PN00,PN00-4.edf,1288,1635.0,0,Late_fusion_alpha_0.5,0.024732639341334992
PN00,PN00-4.edf,1289,1640.0,0,Late_fusion_alpha_0.5,0.02263131174736034
PN00,PN00-4.edf,1290,1645.0,0,Late_fusion_alpha_0.5,0.0016091954022988506
PN00,PN00-4.edf,1291,1650.0,0,Late_fusion_alpha_0.5,0.0
PN00,PN00-4.edf,1292,1655.0,0,Late_fusion_alpha_0.5,0.0
PN00,PN00-4.edf,1293,1660.0,0,Late_fusion_alpha_0.5,0.014079589854589857
PN00,PN00-4.edf,1294,1665.0,0,Late_fusion_alpha_0.5,0.028862721927195613
PN00,PN00-4.edf,1295,1670.0,0,Late_fusion_alpha_0.5,0.015579651677102952
PN00,PN00-4.edf,1296,1675.0,0,Late_fusion_alpha_0.5,0.04264954489954491
PN00,PN00-4.edf,1297,1680.0,0,Late_fusion_alpha_0.5,0.009232385261797028
PN00,PN00-4.edf,1298,1685.0,0,Late_fusion_alpha_0.5,0.0
PN00,PN00-4.edf,1299,1690.0,0,Late_fusion_alpha_0.5,0.0
PN00,PN00-4.edf,1300,1695.0,0,Late_fusion_alpha_0.5,0.0
PN00,PN00-4.edf,1301,1700.0,0,Late_fusion_alpha_0.5,0.0
PN00,PN00-4.edf,1302,1705.0,0,Late_fusion_alpha_0.5,0.0033333333333333335
PN00,PN00-4.edf,1303,1710.0,0,Late_fusion_alpha_0.5,0.0015384615384615385
PN00,PN00-4.edf,1304,1715.0,0,Late_fusion_alpha_0.5,0.0
PN00,PN00-4.edf,1305,1720.0,0,Late_fusion_alpha_0.5,0.0
PN00,PN00-4.edf,1306,1725.0,0,Late_fusion_alpha_0.5,0.0
PN00,PN00-4.edf,1307,1730.0,0,Late_fusion_alpha_0.5,0.0
PN00,PN00-4.edf,1308,1735.0,0,Late_fusion_alpha_0.5,0.0
PN00,PN00-4.edf,1309,1740.0,0,Late_fusion_alpha_0.5,0.0
PN00,PN00-4.edf,1310,1745.0,0,Late_fusion_alpha_0.5,0.0
PN00,PN00-4.edf,1311,1750.0,0,Late_fusion_alpha_0.5,0.0
PN00,PN00-4.edf,1312,1755.0,0,Late_fusion_alpha_0.5,0.0
PN00,PN00-4.edf,1313,1760.0,0,Late_fusion_alpha_0.5,0.053529779724632666
PN00,PN00-4.edf,1314,1765.0,0,Late_fusion_alpha_0.5,0.11347882106808832
PN00,PN00-4.edf,1315,1770.0,0,Late_fusion_alpha_0.5,0.1302968668042197
PN00,PN00-4.edf,1316,1775.0,0,Late_fusion_alpha_0.5,0.041791202805908687
PN00,PN00-4.edf,1317,1780.0,0,Late_fusion_alpha_0.5,0.11703557273403015
PN00,PN00-4.edf,1318,1785.0,0,Late_fusion_alpha_0.5,0.13807528592113874
PN00,PN00-4.edf,1319,1790.0,0,Late_fusion_alpha_0.5,0.09991075202823736
PN00,PN00-4.edf,1320,1795.0,0,Late_fusion_alpha_0.5,0.0787265282843376
PN00,PN00-4.edf,1321,1800.0,0,Late_fusion_alpha_0.5,0.14513603895634825
PN00,PN00-4.edf,1322,1805.0,0,Late_fusion_alpha_0.5,0.13841258460305814
PN00,PN00-4.edf,1323,1810.0,0,Late_fusion_alpha_0.5,0.09052386952882478
PN00,PN00-4.edf,1324,1815.0,0,Late_fusion_alpha_0.5,0.05970580109453949
PN00,PN00-4.edf,1325,1820.0,0,Late_fusion_alpha_0.5,0.02017796092796093
PN00,PN00-4.edf,1326,1825.0,0,Late_fusion_alpha_0.5,0.03456422176935817
PN00,PN00-4.edf,1327,1830.0,0,Late_fusion_alpha_0.5,0.043525271388016484
PN00,PN00-4.edf,1328,1835.0,0,Late_fusion_alpha_0.5,0.03362208812286212
PN00,PN00-4.edf,1329,1840.0,0,Late_fusion_alpha_0.5,0.05484563451111439
PN00,PN00-4.edf,1330,1845.0,0,Late_fusion_alpha_0.5,0.0857217921512039
PN00,PN00-4.edf,1331,1850.0,0,Late_fusion_alpha_0.5,0.09732223033674266
PN00,PN00-4.edf,1332,1855.0,0,Late_fusion_alpha_0.5,0.0851045449719985
PN00,PN00-4.edf,1333,1860.0,0,Late_fusion_alpha_0.5,0.0029444444444444444
PN00,PN00-4.edf,1334,1865.0,0,Late_fusion_alpha_0.5,0.0011666666666666665
PN00,PN00-4.edf,1335,1870.0,0,Late_fusion_alpha_0.5,0.0014285714285714286
PN00,PN00-4.edf,1336,1875.0,0,Late_fusion_alpha_0.5,0.0031111111111111114
PN00,PN00-4.edf,1337,1880.0,0,Late_fusion_alpha_0.5,0.0015555555555555557
PN00,PN00-4.edf,1338,1885.0,0,Late_fusion_alpha_0.5,0.14605110194492346
PN00,PN00-4.edf,1339,1890.0,0,Late_fusion_alpha_0.5,0.18754912880943067
PN00,PN00-4.edf,1340,1895.0,0,Late_fusion_alpha_0.5,0.11529557239954555
PN00,PN00-4.edf,1341,1900.0,0,Late_fusion_alpha_0.5,0.07390800907325676
PN00,PN00-4.edf,1342,1905.0,0,Late_fusion_alpha_0.5,0.008142701525054467
PN00,PN00-4.edf,1343,1910.0,0,Late_fusion_alpha_0.5,0.029180988117688884
PN00,PN00-4.edf,1344,1915.0,0,Late_fusion_alpha_0.5,0.015262442871138525
PN00,PN00-4.edf,1345,1920.0,0,Late_fusion_alpha_0.5,0.006393534002229654
PN00,PN00-4.edf,1346,1925.0,0,Late_fusion_alpha_0.5,0.03274481074481075
PN00,PN00-4.edf,1347,1930.0,0,Late_fusion_alpha_0.5,0.04867636992636992
PN00,PN00-4.edf,1348,1935.0,0,Late_fusion_alpha_0.5,0.05387508957903694
PN00,PN00-4.edf,1349,1940.0,0,Late_fusion_alpha_0.5,0.07191379325009356
PN00,PN00-4.edf,1350,1945.0,0,Late_fusion_alpha_0.5,0.08353177802296964
PN00,PN00-4.edf,1351,1950.0,0,Late_fusion_alpha_0.5,0.08422781325380653
PN00,PN00-4.edf,1352,1955.0,0,Late_fusion_alpha_0.5,0.025998091677271247
PN00,PN00-4.edf,1353,1960.0,0,Late_fusion_alpha_0.5,0.0012037037037037036
PN00,PN00-4.edf,1354,1965.0,0,Late_fusion_alpha_0.5,0.010778223410576352
PN00,PN00-4.edf,1355,1970.0,0,Late_fusion_alpha_0.5,0.019850507879919647
PN00,PN00-4.edf,1356,1975.0,0,Late_fusion_alpha_0.5,0.024820884634610123
PN00,PN00-4.edf,1357,1980.0,0,Late_fusion_alpha_0.5,0.013286463531772862
PN00,PN00-4.edf,1358,1985.0,0,Late_fusion_alpha_0.5,0.021192742442742444
PN00,PN00-4.edf,1359,1990.0,0,Late_fusion_alpha_0.5,0.00749317675788264
PN00,PN00-4.edf,1360,1995.0,0,Late_fusion_alpha_0.5,0.0076099227569815815
PN00,PN00-4.edf,1361,2000.0,0,Late_fusion_alpha_0.5,0.006114612511671335
PN00,PN00-4.edf,1362,2005.0,0,Late_fusion_alpha_0.5,0.023836463373228083
PN00,PN00-4.edf,1363,2010.0,0,Late_fusion_alpha_0.5,0.22932213996934184
PN00,PN00-4.edf,1364,2015.0,0,Late_fusion_alpha_0.5,0.18693059054802055
PN00,PN00-4.edf,1365,2020.0,0,Late_fusion_alpha_0.5,0.037090489571093024
PN00,PN00-4.edf,1366,2025.0,0,Late_fusion_alpha_0.5,0.012546897546897546
PN00,PN00-4.edf,1367,2030.0,0,Late_fusion_alpha_0.5,0.023254329004329007
PN00,PN00-4.edf,1368,2035.0,0,Late_fusion_alpha_0.5,0.018643217893217892
PN00,PN00-4.edf,1369,2040.0,0,Late_fusion_alpha_0.5,0.010261183261183261
PN00,PN00-4.edf,1370,2045.0,0,Late_fusion_alpha_0.5,0.019897186147186146
PN00,PN00-4.edf,1371,2050.0,0,Late_fusion_alpha_0.5,0.02862231441398108
PN00,PN00-4.edf,1372,2055.0,0,Late_fusion_alpha_0.5,0.04860887723387723
PN00,PN00-4.edf,1373,2060.0,0,Late_fusion_alpha_0.5,0.26440943311085263
PN00,PN00-4.edf,1374,2065.0,0,Late_fusion_alpha_0.5,0.3314600148399168
PN00,PN00-4.edf,1375,2070.0,0,Late_fusion_alpha_0.5,0.1468270633437372
PN00,PN00-4.edf,1376,2075.0,0,Late_fusion_alpha_0.5,0.2019501229287914
PN00,PN00-4.edf,1377,2080.0,0,Late_fusion_alpha_0.5,0.22281445949380735
PN00,PN00-4.edf,1378,2085.0,0,Late_fusion_alpha_0.5,0.23204231976849424
PN00,PN00-4.edf,1379,2090.0,0,Late_fusion_alpha_0.5,0.12422999252601988
PN00,PN00-4.edf,1380,2095.0,0,Late_fusion_alpha_0.5,0.023072310758843265
PN00,PN00-4.edf,1381,2100.0,0,Late_fusion_alpha_0.5,0.2517907713836684
PN00,PN00-5.edf,1382,60.0,0,EEG_only,0.15689675343834936
PN00,PN00-5.edf,1383,65.0,0,EEG_only,0.042629509379509385
PN00,PN00-5.edf,1384,70.0,0,EEG_only,0.2178607853160485
PN00,PN00-5.edf,1385,75.0,0,EEG_only,0.17089716983795933
PN00,PN00-5.edf,1386,80.0,0,EEG_only,0.02271707459207459
PN00,PN00-5.edf,1387,85.0,0,EEG_only,0.016237373737373738
PN00,PN00-5.edf,1388,90.0,0,EEG_only,0.22323810618267212
PN00,PN00-5.edf,1389,95.0,0,EEG_only,0.16528737927799791
PN00,PN00-5.edf,1390,100.0,0,EEG_only,0.009555555555555555
PN00,PN00-5.edf,1391,105.0,0,EEG_only,0.006222222222222223
PN00,PN00-5.edf,1392,110.0,0,EEG_only,0.030275639565113248
PN00,PN00-5.edf,1393,115.0,0,EEG_only,0.023717160032949505
PN00,PN00-5.edf,1394,120.0,0,EEG_only,0.08106695545855139
PN00,PN00-5.edf,1395,125.0,0,EEG_only,0.16097065537014046
PN00,PN00-5.edf,1396,130.0,0,EEG_only,0.05186102727681675
PN00,PN00-5.edf,1397,135.0,0,EEG_only,0.04873785731812048
PN00,PN00-5.edf,1398,140.0,0,EEG_only,0.0065151515151515155
PN00,PN00-5.edf,1399,145.0,0,EEG_only,0.35844039940601796
PN00,PN00-5.edf,1400,150.0,0,EEG_only,0.14025244343433196
PN00,PN00-5.edf,1401,155.0,0,EEG_only,0.09476733234086175
PN00,PN00-5.edf,1402,160.0,0,EEG_only,0.06230107310989665
PN00,PN00-5.edf,1403,165.0,0,EEG_only,0.18573229803520713
PN00,PN00-5.edf,1404,170.0,0,EEG_only,0.18062437525059008
PN00,PN00-5.edf,1405,175.0,0,EEG_only,0.05476157311248588
PN00,PN00-5.edf,1406,180.0,0,EEG_only,0.0945173119364296
PN00,PN00-5.edf,1407,185.0,0,EEG_only,0.10297891324361913
PN00,PN00-5.edf,1408,190.0,0,EEG_only,0.10927917984148636
PN00,PN00-5.edf,1409,195.0,0,EEG_only,0.10345308966632497
PN00,PN00-5.edf,1410,200.0,0,EEG_only,0.1068911849044202
PN00,PN00-5.edf,1411,205.0,0,EEG_only,0.0
PN00,PN00-5.edf,1412,210.0,0,EEG_only,0.0
PN00,PN00-5.edf,1413,215.0,0,EEG_only,0.10990366904337492
PN00,PN00-5.edf,1414,220.0,0,EEG_only,0.06951076836168113
PN00,PN00-5.edf,1415,225.0,0,EEG_only,0.09404589989681268
PN00,PN00-5.edf,1416,230.0,0,EEG_only,0.048111212861212865
PN00,PN00-5.edf,1417,235.0,0,EEG_only,0.07657084446055035
PN00,PN00-5.edf,1418,240.0,0,EEG_only,0.05195715123656301
PN00,PN00-5.edf,1419,245.0,0,EEG_only,0.06413007918007918
PN00,PN00-5.edf,1420,250.0,0,EEG_only,0.05756148943648944
PN00,PN00-5.edf,1421,255.0,0,EEG_only,0.02100765764736353
PN00,PN00-5.edf,1422,260.0,0,EEG_only,0.024039981804687686
PN00,PN00-5.edf,1423,265.0,0,EEG_only,0.05185931198431199
PN00,PN00-5.edf,1424,270.0,0,EEG_only,0.051213561492973264
PN00,PN00-5.edf,1425,275.0,0,EEG_only,0.0674162028059087
PN00,PN00-5.edf,1426,280.0,0,EEG_only,0.06124404163374752
PN00,PN00-5.edf,1427,285.0,0,EEG_only,0.13909925810264762
PN00,PN00-5.edf,1428,290.0,0,EEG_only,0.13955921943760896
PN00,PN00-5.edf,1429,295.0,0,EEG_only,0.07921812773283361
PN00,PN00-5.edf,1430,300.0,0,EEG_only,0.0795256674153733
PN00,PN00-5.edf,1431,305.0,0,EEG_only,0.011907706672412557
PN00,PN00-5.edf,1432,310.0,0,EEG_only,0.03376958090928679
PN00,PN00-5.edf,1433,315.0,0,EEG_only,0.0
PN00,PN00-5.edf,1434,320.0,0,EEG_only,0.002962962962962963
PN00,PN00-5.edf,1435,325.0,0,EEG_only,0.03181691280128903
PN00,PN00-5.edf,1436,330.0,0,EEG_only,0.0
PN00,PN00-5.edf,1437,335.0,0,EEG_only,0.0
PN00,PN00-5.edf,1438,340.0,0,EEG_only,0.0
PN00,PN00-5.edf,1439,345.0,0,EEG_only,0.0027272727272727275
PN00,PN00-5.edf,1440,350.0,0,EEG_only,0.027819865319865324
PN00,PN00-5.edf,1441,355.0,0,EEG_only,0.0
PN00,PN00-5.edf,1442,360.0,0,EEG_only,0.016017536103743
PN00,PN00-5.edf,1443,365.0,0,EEG_only,0.0
PN00,PN00-5.edf,1444,370.0,0,EEG_only,0.006666666666666667
PN00,PN00-5.edf,1445,375.0,0,EEG_only,0.0
PN00,PN00-5.edf,1446,380.0,0,EEG_only,0.015705128205128205
PN00,PN00-5.edf,1447,385.0,0,EEG_only,0.01592304625199362
PN00,PN00-5.edf,1448,390.0,0,EEG_only,0.024899850493503742
PN00,PN00-5.edf,1449,395.0,0,EEG_only,0.029752525252525253
PN00,PN00-5.edf,1450,400.0,0,EEG_only,0.05394651440177756
PN00,PN00-5.edf,1451,405.0,0,EEG_only,0.12167300292300294
PN00,PN00-5.edf,1452,410.0,0,EEG_only,0.0
PN00,PN00-5.edf,1453,415.0,0,EEG_only,0.00641025641025641
PN00,PN00-5.edf,1454,420.0,0,EEG_only,0.015385003885003882
PN00,PN00-5.edf,1455,425.0,0,EEG_only,0.003076923076923077
PN00,PN00-5.edf,1456,430.0,0,EEG_only,0.05638741083477926
PN00,PN00-5.edf,1457,435.0,0,EEG_only,0.047995429278324016
PN00,PN00-5.edf,1458,440.0,0,EEG_only,0.016982239398028873
PN00,PN00-5.edf,1459,445.0,0,EEG_only,0.036209667525457
PN00,PN00-5.edf,1460,450.0,0,EEG_only,0.009222222222222222
PN00,PN00-5.edf,1461,455.0,0,EEG_only,0.0834122794416912
PN00,PN00-5.edf,1462,460.0,0,EEG_only,0.020492592592592593
PN00,PN00-5.edf,1463,465.0,0,EEG_only,0.002619047619047619
PN00,PN00-5.edf,1464,470.0,0,EEG_only,0.009440613026819923
PN00,PN00-5.edf,1465,475.0,0,EEG_only,0.006666666666666667
PN00,PN00-5.edf,1466,480.0,0,EEG_only,0.0
PN00,PN00-5.edf,1467,485.0,0,EEG_only,0.0
PN00,PN00-5.edf,1468,490.0,0,EEG_only,0.0995086956960022
PN00,PN00-5.edf,1469,495.0,0,EEG_only,0.20062133100503218
PN00,PN00-5.edf,1470,500.0,0,EEG_only,0.14909005720745963
PN00,PN00-5.edf,1471,505.0,0,EEG_only,0.0033333333333333335
PN00,PN00-5.edf,1472,510.0,0,EEG_only,0.017909356725146198
PN00,PN00-5.edf,1473,515.0,0,EEG_only,0.21992163450270405
PN00,PN00-5.edf,1474,520.0,0,EEG_only,0.0
PN00,PN00-5.edf,1475,525.0,0,EEG_only,0.00595959595959596
PN00,PN00-5.edf,1476,530.0,0,EEG_only,0.02139279701779702
PN00,PN00-5.edf,1477,535.0,0,EEG_only,0.036059592210908
PN00,PN00-5.edf,1478,540.0,0,EEG_only,0.03932609262369324
PN00,PN00-5.edf,1479,545.0,0,EEG_only,0.05501657928128517
PN00,PN00-5.edf,1480,550.0,0,EEG_only,0.06633066933066935
PN00,PN00-5.edf,1481,555.0,0,EEG_only,0.08135533774504362
PN00,PN00-5.edf,1482,560.0,0,EEG_only,0.0642791209335327
PN00,PN00-5.edf,1483,565.0,0,EEG_only,0.04006842095812684
PN00,PN00-5.edf,1484,570.0,0,EEG_only,0.08626727722168899
PN00,PN00-5.edf,1485,575.0,0,EEG_only,0.12381921425800221
PN00,PN00-5.edf,1486,580.0,0,EEG_only,0.15279951183927903
PN00,PN00-5.edf,1487,585.0,0,EEG_only,0.05199443013413602
PN00,PN00-5.edf,1488,590.0,0,EEG_only,0.035773378582202114
PN00,PN00-5.edf,1489,595.0,0,EEG_only,0.009410714285714286
PN00,PN00-5.edf,1490,600.0,0,EEG_only,0.002619047619047619
PN00,PN00-5.edf,1491,905.0,1,EEG_only,0.40218083440074237
PN00,PN00-5.edf,1492,910.0,1,EEG_only,0.2469225340539875
PN00,PN00-5.edf,1493,915.0,1,EEG_only,0.1203458590681523
PN00,PN00-5.edf,1494,920.0,1,EEG_only,0.6665756419657761
PN00,PN00-5.edf,1495,925.0,1,EEG_only,0.8802315612940045
PN00,PN00-5.edf,1496,930.0,1,EEG_only,0.979077380952381
PN00,PN00-5.edf,1497,935.0,1,EEG_only,0.99
PN00,PN00-5.edf,1498,940.0,1,EEG_only,0.9750662641452116
PN00,PN00-5.edf,1499,945.0,1,EEG_only,0.9819083694083696
PN00,PN00-5.edf,1500,950.0,1,EEG_only,0.9959523809523809
PN00,PN00-5.edf,1501,955.0,1,EEG_only,0.9961904761904763
PN00,PN00-5.edf,1502,960.0,1,EEG_only,0.9928174603174604
PN00,PN00-5.edf,1503,965.0,1,EEG_only,0.975359547859548
PN00,PN00-5.edf,1504,970.0,1,EEG_only,0.9064810004810003
PN00,PN00-5.edf,1505,1275.0,0,EEG_only,0.014751082251082253
PN00,PN00-5.edf,1506,1280.0,0,EEG_only,0.0
PN00,PN00-5.edf,1507,1285.0,0,EEG_only,0.0030555555555555553
PN00,PN00-5.edf,1508,1290.0,0,EEG_only,0.006388888888888888
PN00,PN00-5.edf,1509,1295.0,0,EEG_only,0.0033333333333333335
PN00,PN00-5.edf,1510,1300.0,0,EEG_only,0.009633699633699635
PN00,PN00-5.edf,1511,1305.0,0,EEG_only,0.015537018537018537
PN00,PN00-5.edf,1512,1310.0,0,EEG_only,0.012133699633699636
PN00,PN00-5.edf,1513,1315.0,0,EEG_only,0.003205128205128205
PN00,PN00-5.edf,1514,1320.0,0,EEG_only,0.002777777777777778
PN00,PN00-5.edf,1515,1325.0,0,EEG_only,0.002777777777777778
PN00,PN00-5.edf,1516,1330.0,0,EEG_only,0.0
PN00,PN00-5.edf,1517,1335.0,0,EEG_only,0.003205128205128205
PN00,PN00-5.edf,1518,1340.0,0,EEG_only,0.003205128205128205
PN00,PN00-5.edf,1519,1345.0,0,EEG_only,0.0033333333333333335
PN00,PN00-5.edf,1520,1350.0,0,EEG_only,0.0
PN00,PN00-5.edf,1521,1355.0,0,EEG_only,0.01591114767585356
PN00,PN00-5.edf,1522,1360.0,0,EEG_only,0.0
PN00,PN00-5.edf,1523,1365.0,0,EEG_only,0.0
PN00,PN00-5.edf,1524,1370.0,0,EEG_only,0.0
PN00,PN00-5.edf,1525,1375.0,0,EEG_only,0.0
PN00,PN00-5.edf,1526,1380.0,0,EEG_only,0.003076923076923077
PN00,PN00-5.edf,1527,1385.0,0,EEG_only,0.009358974358974358
PN00,PN00-5.edf,1528,1390.0,0,EEG_only,0.003205128205128205
PN00,PN00-5.edf,1529,1395.0,0,EEG_only,0.003205128205128205
PN00,PN00-5.edf,1530,1400.0,0,EEG_only,0.009177350427350427
PN00,PN00-5.edf,1531,1405.0,0,EEG_only,0.005972222222222222
PN00,PN00-5.edf,1532,1410.0,0,EEG_only,0.006666666666666667
PN00,PN00-5.edf,1533,1415.0,0,EEG_only,0.0
PN00,PN00-5.edf,1534,1420.0,0,EEG_only,0.0088003663003663
PN00,PN00-5.edf,1535,1425.0,0,EEG_only,0.006095238095238095
PN00,PN00-5.edf,1536,1430.0,0,EEG_only,0.00892857142857143
PN00,PN00-5.edf,1537,1435.0,0,EEG_only,0.0033333333333333335
PN00,PN00-5.edf,1538,1440.0,0,EEG_only,0.0
PN00,PN00-5.edf,1539,1445.0,0,EEG_only,0.0
PN00,PN00-5.edf,1540,1450.0,0,EEG_only,0.002857142857142857
PN00,PN00-5.edf,1541,1455.0,0,EEG_only,0.0
PN00,PN00-5.edf,1542,1460.0,0,EEG_only,0.0
PN00,PN00-5.edf,1543,1465.0,0,EEG_only,0.0
PN00,PN00-5.edf,1544,1470.0,0,EEG_only,0.003137254901960784
PN00,PN00-5.edf,1545,1475.0,0,EEG_only,0.0
PN00,PN00-5.edf,1546,1480.0,0,EEG_only,0.003
PN00,PN00-5.edf,1547,1485.0,0,EEG_only,0.0
PN00,PN00-5.edf,1548,1490.0,0,EEG_only,0.0033333333333333335
PN00,PN00-5.edf,1549,1495.0,0,EEG_only,0.0
PN00,PN00-5.edf,1550,1500.0,0,EEG_only,0.0029411764705882353
PN00,PN00-5.edf,1551,1505.0,0,EEG_only,0.0
PN00,PN00-5.edf,1552,1510.0,0,EEG_only,0.0
PN00,PN00-5.edf,1553,1515.0,0,EEG_only,0.0
PN00,PN00-5.edf,1554,1520.0,0,EEG_only,0.009791666666666667
PN00,PN00-5.edf,1555,1525.0,0,EEG_only,0.0
PN00,PN00-5.edf,1556,1530.0,0,EEG_only,0.01243049543049543
PN00,PN00-5.edf,1557,1535.0,0,EEG_only,0.0
PN00,PN00-5.edf,1558,1540.0,0,EEG_only,0.0064285714285714285
PN00,PN00-5.edf,1559,1545.0,0,EEG_only,0.012005494505494508
PN00,PN00-5.edf,1560,1550.0,0,EEG_only,0.003076923076923077
PN00,PN00-5.edf,1561,1555.0,0,EEG_only,0.005857142857142857
PN00,PN00-5.edf,1562,1560.0,0,EEG_only,0.0
PN00,PN00-5.edf,1563,1565.0,0,EEG_only,0.0
PN00,PN00-5.edf,1564,1570.0,0,EEG_only,0.005941176470588235
PN00,PN00-5.edf,1565,1575.0,0,EEG_only,0.0
PN00,PN00-5.edf,1566,1580.0,0,EEG_only,0.0
PN00,PN00-5.edf,1567,1585.0,0,EEG_only,0.0
PN00,PN00-5.edf,1568,1590.0,0,EEG_only,0.0
PN00,PN00-5.edf,1569,1595.0,0,EEG_only,0.0033333333333333335
PN00,PN00-5.edf,1570,1600.0,0,EEG_only,0.0033333333333333335
PN00,PN00-5.edf,1571,1605.0,0,EEG_only,0.00641025641025641
PN00,PN00-5.edf,1572,1610.0,0,EEG_only,0.0
PN00,PN00-5.edf,1573,1615.0,0,EEG_only,0.0
PN00,PN00-5.edf,1574,1620.0,0,EEG_only,0.0
PN00,PN00-5.edf,1575,1625.0,0,EEG_only,0.003076923076923077
PN00,PN00-5.edf,1576,1630.0,0,EEG_only,0.0033333333333333335
PN00,PN00-5.edf,1577,1635.0,0,EEG_only,0.0
PN00,PN00-5.edf,1578,1640.0,0,EEG_only,0.006274509803921568
PN00,PN00-5.edf,1579,1645.0,0,EEG_only,0.0
PN00,PN00-5.edf,1580,1650.0,0,EEG_only,0.0
PN00,PN00-5.edf,1581,1655.0,0,EEG_only,0.0033333333333333335
PN00,PN00-5.edf,1582,1660.0,0,EEG_only,0.0029411764705882353
PN00,PN00-5.edf,1583,1665.0,0,EEG_only,0.0
PN00,PN00-5.edf,1584,1670.0,0,EEG_only,0.0033333333333333335
PN00,PN00-5.edf,1585,1675.0,0,EEG_only,0.0
PN00,PN00-5.edf,1586,1680.0,0,EEG_only,0.0
PN00,PN00-5.edf,1587,1685.0,0,EEG_only,0.0
PN00,PN00-5.edf,1588,1690.0,0,EEG_only,0.0
PN00,PN00-5.edf,1589,1695.0,0,EEG_only,0.0033333333333333335
PN00,PN00-5.edf,1590,1700.0,0,EEG_only,0.0
PN00,PN00-5.edf,1591,1705.0,0,EEG_only,0.003137254901960784
PN00,PN00-5.edf,1592,1710.0,0,EEG_only,0.0033333333333333335
PN00,PN00-5.edf,1593,1715.0,0,EEG_only,0.0
PN00,PN00-5.edf,1594,1720.0,0,EEG_only,0.0
PN00,PN00-5.edf,1595,1725.0,0,EEG_only,0.009129210658622423
PN00,PN00-5.edf,1596,1730.0,0,EEG_only,0.003076923076923077
PN00,PN00-5.edf,1597,1735.0,0,EEG_only,0.003076923076923077
PN00,PN00-5.edf,1598,1740.0,0,EEG_only,0.006282051282051282
PN00,PN00-5.edf,1599,1745.0,0,EEG_only,0.0030952380952380953
PN00,PN00-5.edf,1600,1750.0,0,EEG_only,0.0
PN00,PN00-5.edf,1601,1755.0,0,EEG_only,0.0
PN00,PN00-5.edf,1602,1760.0,0,EEG_only,0.0
PN00,PN00-5.edf,1603,1765.0,0,EEG_only,0.0
PN00,PN00-5.edf,1604,1770.0,0,EEG_only,0.012838827838827841
PN00,PN00-5.edf,1605,1775.0,0,EEG_only,0.0
PN00,PN00-5.edf,1606,1780.0,0,EEG_only,0.005833333333333334
PN00,PN00-5.edf,1607,1785.0,0,EEG_only,0.009523809523809525
PN00,PN00-5.edf,1608,1790.0,0,EEG_only,0.014806349206349205
PN00,PN00-5.edf,1609,1795.0,0,EEG_only,0.01933760683760684
PN00,PN00-5.edf,1610,1800.0,0,EEG_only,0.006274509803921568
PN00,PN00-5.edf,1611,1805.0,0,EEG_only,0.0030555555555555553
PN00,PN00-5.edf,1612,1810.0,0,EEG_only,0.0
PN00,PN00-5.edf,1613,1815.0,0,EEG_only,0.029984656084656086
PN00,PN00-5.edf,1614,1820.0,0,EEG_only,0.09221879509379509
PN00,PN00-5.edf,1615,1825.0,0,EEG_only,0.0030952380952380953
PN00,PN00-5.edf,1616,1830.0,0,EEG_only,0.005941176470588235
PN00,PN00-5.edf,1617,1835.0,0,EEG_only,0.048186591186591195
PN00,PN00-5.edf,1618,1840.0,0,EEG_only,0.012444444444444444
PN00,PN00-5.edf,1619,1845.0,0,EEG_only,0.0
PN00,PN00-5.edf,1620,1850.0,0,EEG_only,0.012273892773892774
PN00,PN00-5.edf,1621,1855.0,0,EEG_only,0.0
PN00,PN00-5.edf,1622,1860.0,0,EEG_only,0.01806174089068826
PN00,PN00-5.edf,1623,1865.0,0,EEG_only,0.006107226107226107
PN00,PN00-5.edf,1624,1870.0,0,EEG_only,0.009299145299145299
PN00,PN00-5.edf,1625,1875.0,0,EEG_only,0.0
PN00,PN00-5.edf,1626,1880.0,0,EEG_only,0.0
PN00,PN00-5.edf,1627,1885.0,0,EEG_only,0.02664022274022274
PN00,PN00-5.edf,1628,1890.0,0,EEG_only,0.019444444444444445
PN00,PN00-5.edf,1629,1895.0,0,EEG_only,0.012042207792207792
PN00,PN00-5.edf,1630,1900.0,0,EEG_only,0.0
PN00,PN00-5.edf,1631,1905.0,0,EEG_only,0.0
PN00,PN00-5.edf,1632,1910.0,0,EEG_only,0.0
PN00,PN00-5.edf,1633,1915.0,0,EEG_only,0.0
PN00,PN00-5.edf,1634,1920.0,0,EEG_only,0.18804047638207227
PN00,PN00-5.edf,1635,1925.0,0,EEG_only,0.25836792408371345
PN00,PN00-5.edf,1636,1930.0,0,EEG_only,0.10050793592372541
PN00,PN00-5.edf,1637,1935.0,0,EEG_only,0.05901320901320902
PN00,PN00-5.edf,1638,1940.0,0,EEG_only,0.0
PN00,PN00-5.edf,1639,1945.0,0,EEG_only,0.1802313236471131
PN00,PN00-5.edf,1640,1950.0,0,EEG_only,0.28074467257574215
PN00,PN00-5.edf,1641,1955.0,0,EEG_only,0.034484126984126985
PN00,PN00-5.edf,1642,1960.0,0,EEG_only,0.030268398268398264
PN00,PN00-5.edf,1643,1965.0,0,EEG_only,0.032966810966810964
PN00,PN00-5.edf,1644,1970.0,0,EEG_only,0.009373219373219372
PN00,PN00-5.edf,1645,1975.0,0,EEG_only,0.0029411764705882353
PN00,PN00-5.edf,1646,1980.0,0,EEG_only,0.0
PN00,PN00-5.edf,1647,1985.0,0,EEG_only,0.0
PN00,PN00-5.edf,1648,1990.0,0,EEG_only,0.12687608166687117
PN00,PN00-5.edf,1649,1995.0,0,EEG_only,0.1723878322941341
PN00,PN00-5.edf,1650,2000.0,0,EEG_only,0.06593577475156423
PN00,PN00-5.edf,1651,2005.0,0,EEG_only,0.04862562437562438
PN00,PN00-5.edf,1652,2010.0,0,EEG_only,0.10745984897455486
PN00,PN00-5.edf,1653,2015.0,0,EEG_only,0.04853119429590018
PN00,PN00-5.edf,1654,2020.0,0,EEG_only,0.05560244141823089
PN00,PN00-5.edf,1655,2025.0,0,EEG_only,0.05162578104157052
PN00,PN00-5.edf,1656,2030.0,0,EEG_only,0.046392736892736895
PN00,PN00-5.edf,1657,2035.0,0,EEG_only,0.0217145058007127
PN00,PN00-5.edf,1658,2040.0,0,EEG_only,0.0
PN00,PN00-5.edf,1659,2045.0,0,EEG_only,0.005941176470588235
PN00,PN00-5.edf,1660,2050.0,0,EEG_only,0.047566357652564555
PN00,PN00-5.edf,1661,2055.0,0,EEG_only,0.23736461146038687
PN00,PN00-5.edf,1662,2060.0,0,EEG_only,0.18271274748014985
PN00,PN00-5.edf,1663,2065.0,0,EEG_only,0.023101768017557492
PN00,PN00-5.edf,1664,2070.0,0,EEG_only,0.05585284014231383
PN00,PN00-5.edf,1665,2075.0,0,EEG_only,0.05890839569786938
PN00,PN00-5.edf,1666,2080.0,0,EEG_only,0.0
PN00,PN00-5.edf,1667,2085.0,0,EEG_only,0.006188034188034188
PN00,PN00-5.edf,1668,2090.0,0,EEG_only,0.03441867391867392
PN00,PN00-5.edf,1669,2095.0,0,EEG_only,0.04822294128873077
PN00,PN00-5.edf,1670,2100.0,0,EEG_only,0.009440559440559443
PN00,PN00-5.edf,1671,2105.0,0,EEG_only,0.0
PN00,PN00-5.edf,1672,2110.0,0,EEG_only,0.003125
PN00,PN00-5.edf,1673,2115.0,0,EEG_only,0.04228695320274268
PN00,PN00-5.edf,1674,2120.0,0,EEG_only,0.11041137824164139
PN00,PN00-5.edf,1675,2125.0,0,EEG_only,0.0
PN00,PN00-5.edf,1676,2130.0,0,EEG_only,0.17807282288758813
PN00,PN00-5.edf,1677,2135.0,0,EEG_only,0.1632304677799529
PN00,PN00-5.edf,1678,2140.0,0,EEG_only,0.03714005439005439
PN00,PN00-5.edf,1382,60.0,0,ECG_only,0.07596488560459148
PN00,PN00-5.edf,1383,65.0,0,ECG_only,0.025149850493503743
PN00,PN00-5.edf,1384,70.0,0,ECG_only,0.12510174220265496
PN00,PN00-5.edf,1385,75.0,0,ECG_only,0.032993894993895
PN00,PN00-5.edf,1386,80.0,0,ECG_only,0.009649122807017544
PN00,PN00-5.edf,1387,85.0,0,ECG_only,0.009649122807017544
PN00,PN00-5.edf,1388,90.0,0,ECG_only,0.15781001304337214
PN00,PN00-5.edf,1389,95.0,0,ECG_only,0.07144925513656164
PN00,PN00-5.edf,1390,100.0,0,ECG_only,0.06356252442088356
PN00,PN00-5.edf,1391,105.0,0,ECG_only,0.01881736298251725
PN00,PN00-5.edf,1392,110.0,0,ECG_only,0.04347811617268219
PN00,PN00-5.edf,1393,115.0,0,ECG_only,0.006135057471264368
PN00,PN00-5.edf,1394,120.0,0,ECG_only,0.029890671420083184
PN00,PN00-5.edf,1395,125.0,0,ECG_only,0.0025
PN00,PN00-5.edf,1396,130.0,0,ECG_only,0.01843524531024531
PN00,PN00-5.edf,1397,135.0,0,ECG_only,0.0058874458874458874
PN00,PN00-5.edf,1398,140.0,0,ECG_only,0.0
PN00,PN00-5.edf,1399,145.0,0,ECG_only,0.18365594498851204
PN00,PN00-5.edf,1400,150.0,0,ECG_only,0.26206260609178794
PN00,PN00-5.edf,1401,155.0,0,ECG_only,0.40748615828948775
PN00,PN00-5.edf,1402,160.0,0,ECG_only,0.4381182182666714
PN00,PN00-5.edf,1403,165.0,0,ECG_only,0.14498196819520343
PN00,PN00-5.edf,1404,170.0,0,ECG_only,0.06806689675420324
PN00,PN00-5.edf,1405,175.0,0,ECG_only,0.07512817465758642
PN00,PN00-5.edf,1406,180.0,0,ECG_only,0.052441176470588234
PN00,PN00-5.edf,1407,185.0,0,ECG_only,0.050392676767676774
PN00,PN00-5.edf,1408,190.0,0,ECG_only,0.04094909482215984
PN00,PN00-5.edf,1409,195.0,0,ECG_only,0.059880063019768906
PN00,PN00-5.edf,1410,200.0,0,ECG_only,0.06333460594385205
PN00,PN00-5.edf,1411,205.0,0,ECG_only,0.003
PN00,PN00-5.edf,1412,210.0,0,ECG_only,0.006333333333333333
PN00,PN00-5.edf,1413,215.0,0,ECG_only,0.005873015873015873
PN00,PN00-5.edf,1414,220.0,0,ECG_only,0.021807590557590555
PN00,PN00-5.edf,1415,225.0,0,ECG_only,0.0
PN00,PN00-5.edf,1416,230.0,0,ECG_only,0.0
PN00,PN00-5.edf,1417,235.0,0,ECG_only,0.0
PN00,PN00-5.edf,1418,240.0,0,ECG_only,0.0
PN00,PN00-5.edf,1419,245.0,0,ECG_only,0.01477136752136752
PN00,PN00-5.edf,1420,250.0,0,ECG_only,0.008799145299145298
PN00,PN00-5.edf,1421,255.0,0,ECG_only,0.008799145299145298
PN00,PN00-5.edf,1422,260.0,0,ECG_only,0.03526244779185956
PN00,PN00-5.edf,1423,265.0,0,ECG_only,0.029296635826047593
PN00,PN00-5.edf,1424,270.0,0,ECG_only,0.02968910894432716
PN00,PN00-5.edf,1425,275.0,0,ECG_only,0.035442021304766404
PN00,PN00-5.edf,1426,280.0,0,ECG_only,0.035327382856794626
PN00,PN00-5.edf,1427,285.0,0,ECG_only,0.07222623246397757
PN00,PN00-5.edf,1428,290.0,0,ECG_only,0.09164542438316947
PN00,PN00-5.edf,1429,295.0,0,ECG_only,0.03952978076752587
PN00,PN00-5.edf,1430,300.0,0,ECG_only,0.0
PN00,PN00-5.edf,1431,305.0,0,ECG_only,0.0
PN00,PN00-5.edf,1432,310.0,0,ECG_only,0.0
PN00,PN00-5.edf,1433,315.0,0,ECG_only,0.0
PN00,PN00-5.edf,1434,320.0,0,ECG_only,0.0
PN00,PN00-5.edf,1435,325.0,0,ECG_only,0.0
PN00,PN00-5.edf,1436,330.0,0,ECG_only,0.0
PN00,PN00-5.edf,1437,335.0,0,ECG_only,0.0
PN00,PN00-5.edf,1438,340.0,0,ECG_only,0.0
PN00,PN00-5.edf,1439,345.0,0,ECG_only,0.0
PN00,PN00-5.edf,1440,350.0,0,ECG_only,0.002857142857142857
PN00,PN00-5.edf,1441,355.0,0,ECG_only,0.0
PN00,PN00-5.edf,1442,360.0,0,ECG_only,0.002857142857142857
PN00,PN00-5.edf,1443,365.0,0,ECG_only,0.0
PN00,PN00-5.edf,1444,370.0,0,ECG_only,0.0
PN00,PN00-5.edf,1445,375.0,0,ECG_only,0.0
PN00,PN00-5.edf,1446,380.0,0,ECG_only,0.0
PN00,PN00-5.edf,1447,385.0,0,ECG_only,0.0
PN00,PN00-5.edf,1448,390.0,0,ECG_only,0.0
PN00,PN00-5.edf,1449,395.0,0,ECG_only,0.002962962962962963
PN00,PN00-5.edf,1450,400.0,0,ECG_only,0.015460317460317459
PN00,PN00-5.edf,1451,405.0,0,ECG_only,0.0033333333333333335
PN00,PN00-5.edf,1452,410.0,0,ECG_only,0.0
PN00,PN00-5.edf,1453,415.0,0,ECG_only,0.0
PN00,PN00-5.edf,1454,420.0,0,ECG_only,0.018637692716640085
PN00,PN00-5.edf,1455,425.0,0,ECG_only,0.006388888888888888
PN00,PN00-5.edf,1456,430.0,0,ECG_only,0.0367073182808477
PN00,PN00-5.edf,1457,435.0,0,ECG_only,0.01267857142857143
PN00,PN00-5.edf,1458,440.0,0,ECG_only,0.0151727761485826
PN00,PN00-5.edf,1459,445.0,0,ECG_only,0.0
PN00,PN00-5.edf,1460,450.0,0,ECG_only,0.005698412698412699
PN00,PN00-5.edf,1461,455.0,0,ECG_only,0.009629629629629629
PN00,PN00-5.edf,1462,460.0,0,ECG_only,0.034983308148462414
PN00,PN00-5.edf,1463,465.0,0,ECG_only,0.013065302144249513
PN00,PN00-5.edf,1464,470.0,0,ECG_only,0.013065302144249513
PN00,PN00-5.edf,1465,475.0,0,ECG_only,0.013065302144249513
PN00,PN00-5.edf,1466,480.0,0,ECG_only,0.024890923890923893
PN00,PN00-5.edf,1467,485.0,0,ECG_only,0.009907407407407408
PN00,PN00-5.edf,1468,490.0,0,ECG_only,0.006574074074074074
PN00,PN00-5.edf,1469,495.0,0,ECG_only,0.006543209876543209
PN00,PN00-5.edf,1470,500.0,0,ECG_only,0.0060416666666666665
PN00,PN00-5.edf,1471,505.0,0,ECG_only,0.01934796684796685
PN00,PN00-5.edf,1472,510.0,0,ECG_only,0.008590686274509804
PN00,PN00-5.edf,1473,515.0,0,ECG_only,0.009885057471264369
PN00,PN00-5.edf,1474,520.0,0,ECG_only,0.003076923076923077
PN00,PN00-5.edf,1475,525.0,0,ECG_only,0.0
PN00,PN00-5.edf,1476,530.0,0,ECG_only,0.012384800384800384
PN00,PN00-5.edf,1477,535.0,0,ECG_only,0.03832777715172915
PN00,PN00-5.edf,1478,540.0,0,ECG_only,0.025584344849050734
PN00,PN00-5.edf,1479,545.0,0,ECG_only,0.03647003649944826
PN00,PN00-5.edf,1480,550.0,0,ECG_only,0.012607022607022607
PN00,PN00-5.edf,1481,555.0,0,ECG_only,0.012318802055644161
PN00,PN00-5.edf,1482,560.0,0,ECG_only,0.0
PN00,PN00-5.edf,1483,565.0,0,ECG_only,0.012937710437710439
PN00,PN00-5.edf,1484,570.0,0,ECG_only,0.003076923076923077
PN00,PN00-5.edf,1485,575.0,0,ECG_only,0.009629629629629629
PN00,PN00-5.edf,1486,580.0,0,ECG_only,0.0032407407407407406
PN00,PN00-5.edf,1487,585.0,0,ECG_only,0.006155303030303031
PN00,PN00-5.edf,1488,590.0,0,ECG_only,0.009375
PN00,PN00-5.edf,1489,595.0,0,ECG_only,0.0
PN00,PN00-5.edf,1490,600.0,0,ECG_only,0.0
PN00,PN00-5.edf,1491,905.0,1,ECG_only,0.009387626262626262
PN00,PN00-5.edf,1492,910.0,1,ECG_only,0.0701632678323855
PN00,PN00-5.edf,1493,915.0,1,ECG_only,0.06618440355940357
PN00,PN00-5.edf,1494,920.0,1,ECG_only,0.330282737647657
PN00,PN00-5.edf,1495,925.0,1,ECG_only,0.08040562678062678
PN00,PN00-5.edf,1496,930.0,1,ECG_only,0.23483788020701227
PN00,PN00-5.edf,1497,935.0,1,ECG_only,0.41749680722682647
PN00,PN00-5.edf,1498,940.0,1,ECG_only,0.08495384279749606
PN00,PN00-5.edf,1499,945.0,1,ECG_only,0.012582417582417581
PN00,PN00-5.edf,1500,950.0,1,ECG_only,0.022520604395604396
PN00,PN00-5.edf,1501,955.0,1,ECG_only,0.23791058952762204
PN00,PN00-5.edf,1502,960.0,1,ECG_only,0.0634637449836691
PN00,PN00-5.edf,1503,965.0,1,ECG_only,0.16564391233121878
PN00,PN00-5.edf,1504,970.0,1,ECG_only,0.2354503554795737
PN00,PN00-5.edf,1505,1275.0,0,ECG_only,0.024663104000153337
PN00,PN00-5.edf,1506,1280.0,0,ECG_only,0.0
PN00,PN00-5.edf,1507,1285.0,0,ECG_only,0.0
PN00,PN00-5.edf,1508,1290.0,0,ECG_only,0.0
PN00,PN00-5.edf,1509,1295.0,0,ECG_only,0.0
PN00,PN00-5.edf,1510,1300.0,0,ECG_only,0.0
PN00,PN00-5.edf,1511,1305.0,0,ECG_only,0.0
PN00,PN00-5.edf,1512,1310.0,0,ECG_only,0.0
PN00,PN00-5.edf,1513,1315.0,0,ECG_only,0.0
PN00,PN00-5.edf,1514,1320.0,0,ECG_only,0.0
PN00,PN00-5.edf,1515,1325.0,0,ECG_only,0.0
PN00,PN00-5.edf,1516,1330.0,0,ECG_only,0.0
PN00,PN00-5.edf,1517,1335.0,0,ECG_only,0.0
PN00,PN00-5.edf,1518,1340.0,0,ECG_only,0.0
PN00,PN00-5.edf,1519,1345.0,0,ECG_only,0.0
PN00,PN00-5.edf,1520,1350.0,0,ECG_only,0.0
PN00,PN00-5.edf,1521,1355.0,0,ECG_only,0.0
PN00,PN00-5.edf,1522,1360.0,0,ECG_only,0.0
PN00,PN00-5.edf,1523,1365.0,0,ECG_only,0.0
PN00,PN00-5.edf,1524,1370.0,0,ECG_only,0.0
PN00,PN00-5.edf,1525,1375.0,0,ECG_only,0.0
PN00,PN00-5.edf,1526,1380.0,0,ECG_only,0.0
PN00,PN00-5.edf,1527,1385.0,0,ECG_only,0.0
PN00,PN00-5.edf,1528,1390.0,0,ECG_only,0.0
PN00,PN00-5.edf,1529,1395.0,0,ECG_only,0.0
PN00,PN00-5.edf,1530,1400.0,0,ECG_only,0.0
PN00,PN00-5.edf,1531,1405.0,0,ECG_only,0.0
PN00,PN00-5.edf,1532,1410.0,0,ECG_only,0.0031666666666666666
PN00,PN00-5.edf,1533,1415.0,0,ECG_only,0.0
PN00,PN00-5.edf,1534,1420.0,0,ECG_only,0.0
PN00,PN00-5.edf,1535,1425.0,0,ECG_only,0.0
PN00,PN00-5.edf,1536,1430.0,0,ECG_only,0.0
PN00,PN00-5.edf,1537,1435.0,0,ECG_only,0.0
PN00,PN00-5.edf,1538,1440.0,0,ECG_only,0.0
PN00,PN00-5.edf,1539,1445.0,0,ECG_only,0.0
PN00,PN00-5.edf,1540,1450.0,0,ECG_only,0.0
PN00,PN00-5.edf,1541,1455.0,0,ECG_only,0.0
PN00,PN00-5.edf,1542,1460.0,0,ECG_only,0.0
PN00,PN00-5.edf,1543,1465.0,0,ECG_only,0.0
PN00,PN00-5.edf,1544,1470.0,0,ECG_only,0.0
PN00,PN00-5.edf,1545,1475.0,0,ECG_only,0.005007974481658692
PN00,PN00-5.edf,1546,1480.0,0,ECG_only,0.0
PN00,PN00-5.edf,1547,1485.0,0,ECG_only,0.0
PN00,PN00-5.edf,1548,1490.0,0,ECG_only,0.0
PN00,PN00-5.edf,1549,1495.0,0,ECG_only,0.0
PN00,PN00-5.edf,1550,1500.0,0,ECG_only,0.0
PN00,PN00-5.edf,1551,1505.0,0,ECG_only,0.0
PN00,PN00-5.edf,1552,1510.0,0,ECG_only,0.0
PN00,PN00-5.edf,1553,1515.0,0,ECG_only,0.0
PN00,PN00-5.edf,1554,1520.0,0,ECG_only,0.0
PN00,PN00-5.edf,1555,1525.0,0,ECG_only,0.0
PN00,PN00-5.edf,1556,1530.0,0,ECG_only,0.0
PN00,PN00-5.edf,1557,1535.0,0,ECG_only,0.0
PN00,PN00-5.edf,1558,1540.0,0,ECG_only,0.0
PN00,PN00-5.edf,1559,1545.0,0,ECG_only,0.0
PN00,PN00-5.edf,1560,1550.0,0,ECG_only,0.0
PN00,PN00-5.edf,1561,1555.0,0,ECG_only,0.0
PN00,PN00-5.edf,1562,1560.0,0,ECG_only,0.0
PN00,PN00-5.edf,1563,1565.0,0,ECG_only,0.0
PN00,PN00-5.edf,1564,1570.0,0,ECG_only,0.0
PN00,PN00-5.edf,1565,1575.0,0,ECG_only,0.0
PN00,PN00-5.edf,1566,1580.0,0,ECG_only,0.0
PN00,PN00-5.edf,1567,1585.0,0,ECG_only,0.0
PN00,PN00-5.edf,1568,1590.0,0,ECG_only,0.0
PN00,PN00-5.edf,1569,1595.0,0,ECG_only,0.0
PN00,PN00-5.edf,1570,1600.0,0,ECG_only,0.005058479532163743
PN00,PN00-5.edf,1571,1605.0,0,ECG_only,0.002777777777777778
PN00,PN00-5.edf,1572,1610.0,0,ECG_only,0.033068488772436136
PN00,PN00-5.edf,1573,1615.0,0,ECG_only,0.0062531328320802005
PN00,PN00-5.edf,1574,1620.0,0,ECG_only,0.015869360902255637
PN00,PN00-5.edf,1575,1625.0,0,ECG_only,0.015578703703703706
PN00,PN00-5.edf,1576,1630.0,0,ECG_only,0.03494092107869197
PN00,PN00-5.edf,1577,1635.0,0,ECG_only,0.015697780776728145
PN00,PN00-5.edf,1578,1640.0,0,ECG_only,0.028241359675183205
PN00,PN00-5.edf,1579,1645.0,0,ECG_only,0.02164202172096909
PN00,PN00-5.edf,1580,1650.0,0,ECG_only,0.015419389978213509
PN00,PN00-5.edf,1581,1655.0,0,ECG_only,0.020924440483264015
PN00,PN00-5.edf,1582,1660.0,0,ECG_only,0.0
PN00,PN00-5.edf,1583,1665.0,0,ECG_only,0.0
PN00,PN00-5.edf,1584,1670.0,0,ECG_only,0.0
PN00,PN00-5.edf,1585,1675.0,0,ECG_only,0.0
PN00,PN00-5.edf,1586,1680.0,0,ECG_only,0.0
PN00,PN00-5.edf,1587,1685.0,0,ECG_only,0.0
PN00,PN00-5.edf,1588,1690.0,0,ECG_only,0.0
PN00,PN00-5.edf,1589,1695.0,0,ECG_only,0.0
PN00,PN00-5.edf,1590,1700.0,0,ECG_only,0.0
PN00,PN00-5.edf,1591,1705.0,0,ECG_only,0.0
PN00,PN00-5.edf,1592,1710.0,0,ECG_only,0.0
PN00,PN00-5.edf,1593,1715.0,0,ECG_only,0.0
PN00,PN00-5.edf,1594,1720.0,0,ECG_only,0.0
PN00,PN00-5.edf,1595,1725.0,0,ECG_only,0.0
PN00,PN00-5.edf,1596,1730.0,0,ECG_only,0.0
PN00,PN00-5.edf,1597,1735.0,0,ECG_only,0.0
PN00,PN00-5.edf,1598,1740.0,0,ECG_only,0.0
PN00,PN00-5.edf,1599,1745.0,0,ECG_only,0.0
PN00,PN00-5.edf,1600,1750.0,0,ECG_only,0.005007974481658692
PN00,PN00-5.edf,1601,1755.0,0,ECG_only,0.0
PN00,PN00-5.edf,1602,1760.0,0,ECG_only,0.0
PN00,PN00-5.edf,1603,1765.0,0,ECG_only,0.0
PN00,PN00-5.edf,1604,1770.0,0,ECG_only,0.0
PN00,PN00-5.edf,1605,1775.0,0,ECG_only,0.0
PN00,PN00-5.edf,1606,1780.0,0,ECG_only,0.0
PN00,PN00-5.edf,1607,1785.0,0,ECG_only,0.0
PN00,PN00-5.edf,1608,1790.0,0,ECG_only,0.0
PN00,PN00-5.edf,1609,1795.0,0,ECG_only,0.0
PN00,PN00-5.edf,1610,1800.0,0,ECG_only,0.0
PN00,PN00-5.edf,1611,1805.0,0,ECG_only,0.0
PN00,PN00-5.edf,1612,1810.0,0,ECG_only,0.015229005743711627
PN00,PN00-5.edf,1613,1815.0,0,ECG_only,0.0
PN00,PN00-5.edf,1614,1820.0,0,ECG_only,0.002777777777777778
PN00,PN00-5.edf,1615,1825.0,0,ECG_only,0.0
PN00,PN00-5.edf,1616,1830.0,0,ECG_only,0.0
PN00,PN00-5.edf,1617,1835.0,0,ECG_only,0.0
PN00,PN00-5.edf,1618,1840.0,0,ECG_only,0.0
PN00,PN00-5.edf,1619,1845.0,0,ECG_only,0.0
PN00,PN00-5.edf,1620,1850.0,0,ECG_only,0.0
PN00,PN00-5.edf,1621,1855.0,0,ECG_only,0.0
PN00,PN00-5.edf,1622,1860.0,0,ECG_only,0.0
PN00,PN00-5.edf,1623,1865.0,0,ECG_only,0.0
PN00,PN00-5.edf,1624,1870.0,0,ECG_only,0.0
PN00,PN00-5.edf,1625,1875.0,0,ECG_only,0.0
PN00,PN00-5.edf,1626,1880.0,0,ECG_only,0.0
PN00,PN00-5.edf,1627,1885.0,0,ECG_only,0.0
PN00,PN00-5.edf,1628,1890.0,0,ECG_only,0.0
PN00,PN00-5.edf,1629,1895.0,0,ECG_only,0.0
PN00,PN00-5.edf,1630,1900.0,0,ECG_only,0.0
PN00,PN00-5.edf,1631,1905.0,0,ECG_only,0.0
PN00,PN00-5.edf,1632,1910.0,0,ECG_only,0.0
PN00,PN00-5.edf,1633,1915.0,0,ECG_only,0.0
PN00,PN00-5.edf,1634,1920.0,0,ECG_only,0.0
PN00,PN00-5.edf,1635,1925.0,0,ECG_only,0.002777777777777778
PN00,PN00-5.edf,1636,1930.0,0,ECG_only,0.011597222222222224
PN00,PN00-5.edf,1637,1935.0,0,ECG_only,0.0
PN00,PN00-5.edf,1638,1940.0,0,ECG_only,0.0
PN00,PN00-5.edf,1639,1945.0,0,ECG_only,0.012613960113960114
PN00,PN00-5.edf,1640,1950.0,0,ECG_only,0.0
PN00,PN00-5.edf,1641,1955.0,0,ECG_only,0.0030952380952380953
PN00,PN00-5.edf,1642,1960.0,0,ECG_only,0.009537037037037037
PN00,PN00-5.edf,1643,1965.0,0,ECG_only,0.0030952380952380953
PN00,PN00-5.edf,1644,1970.0,0,ECG_only,0.0062037037037037035
PN00,PN00-5.edf,1645,1975.0,0,ECG_only,0.0
PN00,PN00-5.edf,1646,1980.0,0,ECG_only,0.0
PN00,PN00-5.edf,1647,1985.0,0,ECG_only,0.0
PN00,PN00-5.edf,1648,1990.0,0,ECG_only,0.0
PN00,PN00-5.edf,1649,1995.0,0,ECG_only,0.009092592592592593
PN00,PN00-5.edf,1650,2000.0,0,ECG_only,0.009092592592592593
PN00,PN00-5.edf,1651,2005.0,0,ECG_only,0.0
PN00,PN00-5.edf,1652,2010.0,0,ECG_only,0.0
PN00,PN00-5.edf,1653,2015.0,0,ECG_only,0.01287037037037037
PN00,PN00-5.edf,1654,2020.0,0,ECG_only,0.009092592592592593
PN00,PN00-5.edf,1655,2025.0,0,ECG_only,0.0062037037037037035
PN00,PN00-5.edf,1656,2030.0,0,ECG_only,0.0062037037037037035
PN00,PN00-5.edf,1657,2035.0,0,ECG_only,0.0062037037037037035
PN00,PN00-5.edf,1658,2040.0,0,ECG_only,0.012329244829244829
PN00,PN00-5.edf,1659,2045.0,0,ECG_only,0.021908831908831913
PN00,PN00-5.edf,1660,2050.0,0,ECG_only,0.012632275132275132
PN00,PN00-5.edf,1661,2055.0,0,ECG_only,0.012567340067340066
PN00,PN00-5.edf,1662,2060.0,0,ECG_only,0.0
PN00,PN00-5.edf,1663,2065.0,0,ECG_only,0.01237037037037037
PN00,PN00-5.edf,1664,2070.0,0,ECG_only,0.0033333333333333335
PN00,PN00-5.edf,1665,2075.0,0,ECG_only,0.009314814814814814
PN00,PN00-5.edf,1666,2080.0,0,ECG_only,0.0
PN00,PN00-5.edf,1667,2085.0,0,ECG_only,0.0
PN00,PN00-5.edf,1668,2090.0,0,ECG_only,0.006538461538461539
PN00,PN00-5.edf,1669,2095.0,0,ECG_only,0.012148148148148148
PN00,PN00-5.edf,1670,2100.0,0,ECG_only,0.0033333333333333335
PN00,PN00-5.edf,1671,2105.0,0,ECG_only,0.002777777777777778
PN00,PN00-5.edf,1672,2110.0,0,ECG_only,0.0123109243697479
PN00,PN00-5.edf,1673,2115.0,0,ECG_only,0.02883419820919821
PN00,PN00-5.edf,1674,2120.0,0,ECG_only,0.0
PN00,PN00-5.edf,1675,2125.0,0,ECG_only,0.0
PN00,PN00-5.edf,1676,2130.0,0,ECG_only,0.0028205128205128203
PN00,PN00-5.edf,1677,2135.0,0,ECG_only,0.0028205128205128203
PN00,PN00-5.edf,1678,2140.0,0,ECG_only,0.0028205128205128203
PN00,PN00-5.edf,1382,60.0,0,Early_fusion,0.16393939856439854
PN00,PN00-5.edf,1383,65.0,0,Early_fusion,0.028084224598930476
PN00,PN00-5.edf,1384,70.0,0,Early_fusion,0.1950575048353181
PN00,PN00-5.edf,1385,75.0,0,Early_fusion,0.1778251429942606
PN00,PN00-5.edf,1386,80.0,0,Early_fusion,0.015107735401853048
PN00,PN00-5.edf,1387,85.0,0,Early_fusion,0.015280895575013224
PN00,PN00-5.edf,1388,90.0,0,Early_fusion,0.23886176258286676
PN00,PN00-5.edf,1389,95.0,0,Early_fusion,0.16345074370074372
PN00,PN00-5.edf,1390,100.0,0,Early_fusion,0.0
PN00,PN00-5.edf,1391,105.0,0,Early_fusion,0.0
PN00,PN00-5.edf,1392,110.0,0,Early_fusion,0.02986604136604137
PN00,PN00-5.edf,1393,115.0,0,Early_fusion,0.014860990860990861
PN00,PN00-5.edf,1394,120.0,0,Early_fusion,0.05917176668647257
PN00,PN00-5.edf,1395,125.0,0,Early_fusion,0.10747031590413943
PN00,PN00-5.edf,1396,130.0,0,Early_fusion,0.0252020202020202
PN00,PN00-5.edf,1397,135.0,0,Early_fusion,0.04247715247715248
PN00,PN00-5.edf,1398,140.0,0,Early_fusion,0.0
PN00,PN00-5.edf,1399,145.0,0,Early_fusion,0.3633902814777816
PN00,PN00-5.edf,1400,150.0,0,Early_fusion,0.1981437382878559
PN00,PN00-5.edf,1401,155.0,0,Early_fusion,0.1762604202170378
PN00,PN00-5.edf,1402,160.0,0,Early_fusion,0.13618527861027863
PN00,PN00-5.edf,1403,165.0,0,Early_fusion,0.16963759252729838
PN00,PN00-5.edf,1404,170.0,0,Early_fusion,0.14414506702447874
PN00,PN00-5.edf,1405,175.0,0,Early_fusion,0.06474058753829198
PN00,PN00-5.edf,1406,180.0,0,Early_fusion,0.08674901024901026
PN00,PN00-5.edf,1407,185.0,0,Early_fusion,0.09874788365229542
PN00,PN00-5.edf,1408,190.0,0,Early_fusion,0.09722285040667393
PN00,PN00-5.edf,1409,195.0,0,Early_fusion,0.0957847759538936
PN00,PN00-5.edf,1410,200.0,0,Early_fusion,0.08336526028437793
PN00,PN00-5.edf,1411,205.0,0,Early_fusion,0.0027450980392156863
PN00,PN00-5.edf,1412,210.0,0,Early_fusion,0.01435422502334267
PN00,PN00-5.edf,1413,215.0,0,Early_fusion,0.07997748772555274
PN00,PN00-5.edf,1414,220.0,0,Early_fusion,0.05088903743315508
PN00,PN00-5.edf,1415,225.0,0,Early_fusion,0.06096550707825217
PN00,PN00-5.edf,1416,230.0,0,Early_fusion,0.0237526455026455
PN00,PN00-5.edf,1417,235.0,0,Early_fusion,0.020895141895141897
PN00,PN00-5.edf,1418,240.0,0,Early_fusion,0.014936267436267438
PN00,PN00-5.edf,1419,245.0,0,Early_fusion,0.014704665704665706
PN00,PN00-5.edf,1420,250.0,0,Early_fusion,0.01160942760942761
PN00,PN00-5.edf,1421,255.0,0,Early_fusion,0.014554112554112555
PN00,PN00-5.edf,1422,260.0,0,Early_fusion,0.014803921568627452
PN00,PN00-5.edf,1423,265.0,0,Early_fusion,0.011637205387205389
PN00,PN00-5.edf,1424,270.0,0,Early_fusion,0.017695406445406448
PN00,PN00-5.edf,1425,275.0,0,Early_fusion,0.014911014911014911
PN00,PN00-5.edf,1426,280.0,0,Early_fusion,0.014911014911014911
PN00,PN00-5.edf,1427,285.0,0,Early_fusion,0.0240962000962001
PN00,PN00-5.edf,1428,290.0,0,Early_fusion,0.029440115440115443
PN00,PN00-5.edf,1429,295.0,0,Early_fusion,0.017799903799903802
PN00,PN00-5.edf,1430,300.0,0,Early_fusion,0.017799903799903802
PN00,PN00-5.edf,1431,305.0,0,Early_fusion,0.0
PN00,PN00-5.edf,1432,310.0,0,Early_fusion,0.00945887445887446
PN00,PN00-5.edf,1433,315.0,0,Early_fusion,0.0
PN00,PN00-5.edf,1434,320.0,0,Early_fusion,0.002888888888888889
PN00,PN00-5.edf,1435,325.0,0,Early_fusion,0.006491228070175438
PN00,PN00-5.edf,1436,330.0,0,Early_fusion,0.0
PN00,PN00-5.edf,1437,335.0,0,Early_fusion,0.0
PN00,PN00-5.edf,1438,340.0,0,Early_fusion,0.0
PN00,PN00-5.edf,1439,345.0,0,Early_fusion,0.002888888888888889
PN00,PN00-5.edf,1440,350.0,0,Early_fusion,0.006
PN00,PN00-5.edf,1441,355.0,0,Early_fusion,0.0
PN00,PN00-5.edf,1442,360.0,0,Early_fusion,0.002666666666666667
PN00,PN00-5.edf,1443,365.0,0,Early_fusion,0.0033333333333333335
PN00,PN00-5.edf,1444,370.0,0,Early_fusion,0.0
PN00,PN00-5.edf,1445,375.0,0,Early_fusion,0.0
PN00,PN00-5.edf,1446,380.0,0,Early_fusion,0.009546783625730993
PN00,PN00-5.edf,1447,385.0,0,Early_fusion,0.033485965359030374
PN00,PN00-5.edf,1448,390.0,0,Early_fusion,0.021499448264154147
PN00,PN00-5.edf,1449,395.0,0,Early_fusion,0.0149024064171123
PN00,PN00-5.edf,1450,400.0,0,Early_fusion,0.041822539116656766
PN00,PN00-5.edf,1451,405.0,0,Early_fusion,0.10777282494194258
PN00,PN00-5.edf,1452,410.0,0,Early_fusion,0.0
PN00,PN00-5.edf,1453,415.0,0,Early_fusion,0.006363636363636364
PN00,PN00-5.edf,1454,420.0,0,Early_fusion,0.02472489601901367
PN00,PN00-5.edf,1455,425.0,0,Early_fusion,0.0
PN00,PN00-5.edf,1456,430.0,0,Early_fusion,0.054149138443256084
PN00,PN00-5.edf,1457,435.0,0,Early_fusion,0.06427966994878759
PN00,PN00-5.edf,1458,440.0,0,Early_fusion,0.01863876863876864
PN00,PN00-5.edf,1459,445.0,0,Early_fusion,0.03697742127153892
PN00,PN00-5.edf,1460,450.0,0,Early_fusion,0.006333333333333333
PN00,PN00-5.edf,1461,455.0,0,Early_fusion,0.09331457431457431
PN00,PN00-5.edf,1462,460.0,0,Early_fusion,0.008863636363636363
PN00,PN00-5.edf,1463,465.0,0,Early_fusion,0.0
PN00,PN00-5.edf,1464,470.0,0,Early_fusion,0.009696969696969697
PN00,PN00-5.edf,1465,475.0,0,Early_fusion,0.006363636363636364
PN00,PN00-5.edf,1466,480.0,0,Early_fusion,0.0
PN00,PN00-5.edf,1467,485.0,0,Early_fusion,0.0
PN00,PN00-5.edf,1468,490.0,0,Early_fusion,0.10249084249084248
PN00,PN00-5.edf,1469,495.0,0,Early_fusion,0.24588430605342368
PN00,PN00-5.edf,1470,500.0,0,Early_fusion,0.10815329632241397
PN00,PN00-5.edf,1471,505.0,0,Early_fusion,0.0033333333333333335
PN00,PN00-5.edf,1472,510.0,0,Early_fusion,0.0030952380952380953
PN00,PN00-5.edf,1473,515.0,0,Early_fusion,0.19110884268237202
PN00,PN00-5.edf,1474,520.0,0,Early_fusion,0.0
PN00,PN00-5.edf,1475,525.0,0,Early_fusion,0.0033333333333333335
PN00,PN00-5.edf,1476,530.0,0,Early_fusion,0.027703411330862307
PN00,PN00-5.edf,1477,535.0,0,Early_fusion,0.0319280102613436
PN00,PN00-5.edf,1478,540.0,0,Early_fusion,0.006543209876543209
PN00,PN00-5.edf,1479,545.0,0,Early_fusion,0.01847323373793962
PN00,PN00-5.edf,1480,550.0,0,Early_fusion,0.0708454415954416
PN00,PN00-5.edf,1481,555.0,0,Early_fusion,0.018251011515717397
PN00,PN00-5.edf,1482,560.0,0,Early_fusion,0.02415704665704666
PN00,PN00-5.edf,1483,565.0,0,Early_fusion,0.015003607503607503
PN00,PN00-5.edf,1484,570.0,0,Early_fusion,0.03323396973396974
PN00,PN00-5.edf,1485,575.0,0,Early_fusion,0.03368545374378708
PN00,PN00-5.edf,1486,580.0,0,Early_fusion,0.06077019307852641
PN00,PN00-5.edf,1487,585.0,0,Early_fusion,0.006248366013071895
PN00,PN00-5.edf,1488,590.0,0,Early_fusion,0.009670250896057348
PN00,PN00-5.edf,1489,595.0,0,Early_fusion,0.006125541125541125
PN00,PN00-5.edf,1490,600.0,0,Early_fusion,0.0
PN00,PN00-5.edf,1491,905.0,1,Early_fusion,0.3539321445746637
PN00,PN00-5.edf,1492,910.0,1,Early_fusion,0.1914640534665044
PN00,PN00-5.edf,1493,915.0,1,Early_fusion,0.13036688906181315
PN00,PN00-5.edf,1494,920.0,1,Early_fusion,0.6905532114540178
PN00,PN00-5.edf,1495,925.0,1,Early_fusion,0.7623494745994746
PN00,PN00-5.edf,1496,930.0,1,Early_fusion,0.9032663632663631
PN00,PN00-5.edf,1497,935.0,1,Early_fusion,0.9888327721661054
PN00,PN00-5.edf,1498,940.0,1,Early_fusion,0.9021472092722095
PN00,PN00-5.edf,1499,945.0,1,Early_fusion,0.7618684324934324
PN00,PN00-5.edf,1500,950.0,1,Early_fusion,0.8321502802752802
PN00,PN00-5.edf,1501,955.0,1,Early_fusion,0.9633802910052911
PN00,PN00-5.edf,1502,960.0,1,Early_fusion,0.7960202621452621
PN00,PN00-5.edf,1503,965.0,1,Early_fusion,0.8590828153328153
PN00,PN00-5.edf,1504,970.0,1,Early_fusion,0.826401515151515
PN00,PN00-5.edf,1505,1275.0,0,Early_fusion,0.03465138619550385
PN00,PN00-5.edf,1506,1280.0,0,Early_fusion,0.0
PN00,PN00-5.edf,1507,1285.0,0,Early_fusion,0.0
PN00,PN00-5.edf,1508,1290.0,0,Early_fusion,0.0
PN00,PN00-5.edf,1509,1295.0,0,Early_fusion,0.0
PN00,PN00-5.edf,1510,1300.0,0,Early_fusion,0.0
PN00,PN00-5.edf,1511,1305.0,0,Early_fusion,0.0
PN00,PN00-5.edf,1512,1310.0,0,Early_fusion,0.0
PN00,PN00-5.edf,1513,1315.0,0,Early_fusion,0.0
PN00,PN00-5.edf,1514,1320.0,0,Early_fusion,0.0
PN00,PN00-5.edf,1515,1325.0,0,Early_fusion,0.0
PN00,PN00-5.edf,1516,1330.0,0,Early_fusion,0.0
PN00,PN00-5.edf,1517,1335.0,0,Early_fusion,0.0
PN00,PN00-5.edf,1518,1340.0,0,Early_fusion,0.0
PN00,PN00-5.edf,1519,1345.0,0,Early_fusion,0.0
PN00,PN00-5.edf,1520,1350.0,0,Early_fusion,0.0
PN00,PN00-5.edf,1521,1355.0,0,Early_fusion,0.0
PN00,PN00-5.edf,1522,1360.0,0,Early_fusion,0.0
PN00,PN00-5.edf,1523,1365.0,0,Early_fusion,0.0
PN00,PN00-5.edf,1524,1370.0,0,Early_fusion,0.0
PN00,PN00-5.edf,1525,1375.0,0,Early_fusion,0.0
PN00,PN00-5.edf,1526,1380.0,0,Early_fusion,0.0
PN00,PN00-5.edf,1527,1385.0,0,Early_fusion,0.0
PN00,PN00-5.edf,1528,1390.0,0,Early_fusion,0.0
PN00,PN00-5.edf,1529,1395.0,0,Early_fusion,0.0
PN00,PN00-5.edf,1530,1400.0,0,Early_fusion,0.0
PN00,PN00-5.edf,1531,1405.0,0,Early_fusion,0.0
PN00,PN00-5.edf,1532,1410.0,0,Early_fusion,0.0
PN00,PN00-5.edf,1533,1415.0,0,Early_fusion,0.0
PN00,PN00-5.edf,1534,1420.0,0,Early_fusion,0.0
PN00,PN00-5.edf,1535,1425.0,0,Early_fusion,0.0
PN00,PN00-5.edf,1536,1430.0,0,Early_fusion,0.0
PN00,PN00-5.edf,1537,1435.0,0,Early_fusion,0.0
PN00,PN00-5.edf,1538,1440.0,0,Early_fusion,0.0
PN00,PN00-5.edf,1539,1445.0,0,Early_fusion,0.002888888888888889
PN00,PN00-5.edf,1540,1450.0,0,Early_fusion,0.0
PN00,PN00-5.edf,1541,1455.0,0,Early_fusion,0.0
PN00,PN00-5.edf,1542,1460.0,0,Early_fusion,0.0
PN00,PN00-5.edf,1543,1465.0,0,Early_fusion,0.0
PN00,PN00-5.edf,1544,1470.0,0,Early_fusion,0.0
PN00,PN00-5.edf,1545,1475.0,0,Early_fusion,0.0
PN00,PN00-5.edf,1546,1480.0,0,Early_fusion,0.0
PN00,PN00-5.edf,1547,1485.0,0,Early_fusion,0.0
PN00,PN00-5.edf,1548,1490.0,0,Early_fusion,0.0
PN00,PN00-5.edf,1549,1495.0,0,Early_fusion,0.0
PN00,PN00-5.edf,1550,1500.0,0,Early_fusion,0.0
PN00,PN00-5.edf,1551,1505.0,0,Early_fusion,0.0
PN00,PN00-5.edf,1552,1510.0,0,Early_fusion,0.0
PN00,PN00-5.edf,1553,1515.0,0,Early_fusion,0.0
PN00,PN00-5.edf,1554,1520.0,0,Early_fusion,0.0
PN00,PN00-5.edf,1555,1525.0,0,Early_fusion,0.0
PN00,PN00-5.edf,1556,1530.0,0,Early_fusion,0.0
PN00,PN00-5.edf,1557,1535.0,0,Early_fusion,0.0
PN00,PN00-5.edf,1558,1540.0,0,Early_fusion,0.0
PN00,PN00-5.edf,1559,1545.0,0,Early_fusion,0.0
PN00,PN00-5.edf,1560,1550.0,0,Early_fusion,0.005777777777777778
PN00,PN00-5.edf,1561,1555.0,0,Early_fusion,0.0
PN00,PN00-5.edf,1562,1560.0,0,Early_fusion,0.0
PN00,PN00-5.edf,1563,1565.0,0,Early_fusion,0.0
PN00,PN00-5.edf,1564,1570.0,0,Early_fusion,0.006157894736842105
PN00,PN00-5.edf,1565,1575.0,0,Early_fusion,0.0
PN00,PN00-5.edf,1566,1580.0,0,Early_fusion,0.0
PN00,PN00-5.edf,1567,1585.0,0,Early_fusion,0.0
PN00,PN00-5.edf,1568,1590.0,0,Early_fusion,0.0
PN00,PN00-5.edf,1569,1595.0,0,Early_fusion,0.0
PN00,PN00-5.edf,1570,1600.0,0,Early_fusion,0.0
PN00,PN00-5.edf,1571,1605.0,0,Early_fusion,0.0
PN00,PN00-5.edf,1572,1610.0,0,Early_fusion,0.0
PN00,PN00-5.edf,1573,1615.0,0,Early_fusion,0.0
PN00,PN00-5.edf,1574,1620.0,0,Early_fusion,0.0
PN00,PN00-5.edf,1575,1625.0,0,Early_fusion,0.0
PN00,PN00-5.edf,1576,1630.0,0,Early_fusion,0.0033333333333333335
PN00,PN00-5.edf,1577,1635.0,0,Early_fusion,0.0
PN00,PN00-5.edf,1578,1640.0,0,Early_fusion,0.0
PN00,PN00-5.edf,1579,1645.0,0,Early_fusion,0.0
PN00,PN00-5.edf,1580,1650.0,0,Early_fusion,0.0
PN00,PN00-5.edf,1581,1655.0,0,Early_fusion,0.0
PN00,PN00-5.edf,1582,1660.0,0,Early_fusion,0.0
PN00,PN00-5.edf,1583,1665.0,0,Early_fusion,0.0
PN00,PN00-5.edf,1584,1670.0,0,Early_fusion,0.0
PN00,PN00-5.edf,1585,1675.0,0,Early_fusion,0.0
PN00,PN00-5.edf,1586,1680.0,0,Early_fusion,0.0
PN00,PN00-5.edf,1587,1685.0,0,Early_fusion,0.0
PN00,PN00-5.edf,1588,1690.0,0,Early_fusion,0.0
PN00,PN00-5.edf,1589,1695.0,0,Early_fusion,0.003
PN00,PN00-5.edf,1590,1700.0,0,Early_fusion,0.0
PN00,PN00-5.edf,1591,1705.0,0,Early_fusion,0.0
PN00,PN00-5.edf,1592,1710.0,0,Early_fusion,0.0
PN00,PN00-5.edf,1593,1715.0,0,Early_fusion,0.0
PN00,PN00-5.edf,1594,1720.0,0,Early_fusion,0.0
PN00,PN00-5.edf,1595,1725.0,0,Early_fusion,0.0
PN00,PN00-5.edf,1596,1730.0,0,Early_fusion,0.0
PN00,PN00-5.edf,1597,1735.0,0,Early_fusion,0.0
PN00,PN00-5.edf,1598,1740.0,0,Early_fusion,0.0
PN00,PN00-5.edf,1599,1745.0,0,Early_fusion,0.0
PN00,PN00-5.edf,1600,1750.0,0,Early_fusion,0.009696969696969697
PN00,PN00-5.edf,1601,1755.0,0,Early_fusion,0.0
PN00,PN00-5.edf,1602,1760.0,0,Early_fusion,0.0
PN00,PN00-5.edf,1603,1765.0,0,Early_fusion,0.0
PN00,PN00-5.edf,1604,1770.0,0,Early_fusion,0.0
PN00,PN00-5.edf,1605,1775.0,0,Early_fusion,0.0
PN00,PN00-5.edf,1606,1780.0,0,Early_fusion,0.0
PN00,PN00-5.edf,1607,1785.0,0,Early_fusion,0.0
PN00,PN00-5.edf,1608,1790.0,0,Early_fusion,0.0
PN00,PN00-5.edf,1609,1795.0,0,Early_fusion,0.0
PN00,PN00-5.edf,1610,1800.0,0,Early_fusion,0.0
PN00,PN00-5.edf,1611,1805.0,0,Early_fusion,0.0
PN00,PN00-5.edf,1612,1810.0,0,Early_fusion,0.0
PN00,PN00-5.edf,1613,1815.0,0,Early_fusion,0.006206349206349207
PN00,PN00-5.edf,1614,1820.0,0,Early_fusion,0.04570887445887446
PN00,PN00-5.edf,1615,1825.0,0,Early_fusion,0.0
PN00,PN00-5.edf,1616,1830.0,0,Early_fusion,0.0
PN00,PN00-5.edf,1617,1835.0,0,Early_fusion,0.02543109668109668
PN00,PN00-5.edf,1618,1840.0,0,Early_fusion,0.006666666666666667
PN00,PN00-5.edf,1619,1845.0,0,Early_fusion,0.0
PN00,PN00-5.edf,1620,1850.0,0,Early_fusion,0.0
PN00,PN00-5.edf,1621,1855.0,0,Early_fusion,0.0
PN00,PN00-5.edf,1622,1860.0,0,Early_fusion,0.0332081875812526
PN00,PN00-5.edf,1623,1865.0,0,Early_fusion,0.0
PN00,PN00-5.edf,1624,1870.0,0,Early_fusion,0.0
PN00,PN00-5.edf,1625,1875.0,0,Early_fusion,0.0
PN00,PN00-5.edf,1626,1880.0,0,Early_fusion,0.0
PN00,PN00-5.edf,1627,1885.0,0,Early_fusion,0.011988851361916377
PN00,PN00-5.edf,1628,1890.0,0,Early_fusion,0.014773958068075714
PN00,PN00-5.edf,1629,1895.0,0,Early_fusion,0.005773809523809524
PN00,PN00-5.edf,1630,1900.0,0,Early_fusion,0.0
PN00,PN00-5.edf,1631,1905.0,0,Early_fusion,0.0
PN00,PN00-5.edf,1632,1910.0,0,Early_fusion,0.0
PN00,PN00-5.edf,1633,1915.0,0,Early_fusion,0.0
PN00,PN00-5.edf,1634,1920.0,0,Early_fusion,0.10646921596921598
PN00,PN00-5.edf,1635,1925.0,0,Early_fusion,0.1623437580937581
PN00,PN00-5.edf,1636,1930.0,0,Early_fusion,0.05151235962105528
PN00,PN00-5.edf,1637,1935.0,0,Early_fusion,0.03146181630546956
PN00,PN00-5.edf,1638,1940.0,0,Early_fusion,0.003157894736842105
PN00,PN00-5.edf,1639,1945.0,0,Early_fusion,0.0849528902470079
PN00,PN00-5.edf,1640,1950.0,0,Early_fusion,0.1721728184669361
PN00,PN00-5.edf,1641,1955.0,0,Early_fusion,0.018427128427128427
PN00,PN00-5.edf,1642,1960.0,0,Early_fusion,0.018581699346405228
PN00,PN00-5.edf,1643,1965.0,0,Early_fusion,0.008583333333333333
PN00,PN00-5.edf,1644,1970.0,0,Early_fusion,0.002888888888888889
PN00,PN00-5.edf,1645,1975.0,0,Early_fusion,0.0
PN00,PN00-5.edf,1646,1980.0,0,Early_fusion,0.0
PN00,PN00-5.edf,1647,1985.0,0,Early_fusion,0.0033333333333333335
PN00,PN00-5.edf,1648,1990.0,0,Early_fusion,0.08912822743705096
PN00,PN00-5.edf,1649,1995.0,0,Early_fusion,0.09724693824693825
PN00,PN00-5.edf,1650,2000.0,0,Early_fusion,0.03458838383838384
PN00,PN00-5.edf,1651,2005.0,0,Early_fusion,0.014773809523809522
PN00,PN00-5.edf,1652,2010.0,0,Early_fusion,0.04436260995626321
PN00,PN00-5.edf,1653,2015.0,0,Early_fusion,0.018387254901960783
PN00,PN00-5.edf,1654,2020.0,0,Early_fusion,0.021782828282828282
PN00,PN00-5.edf,1655,2025.0,0,Early_fusion,0.024042963916028934
PN00,PN00-5.edf,1656,2030.0,0,Early_fusion,0.015470588235294116
PN00,PN00-5.edf,1657,2035.0,0,Early_fusion,0.0
PN00,PN00-5.edf,1658,2040.0,0,Early_fusion,0.012403926482873851
PN00,PN00-5.edf,1659,2045.0,0,Early_fusion,0.006157894736842105
PN00,PN00-5.edf,1660,2050.0,0,Early_fusion,0.019081699346405228
PN00,PN00-5.edf,1661,2055.0,0,Early_fusion,0.17063267152237738
PN00,PN00-5.edf,1662,2060.0,0,Early_fusion,0.10333226033226034
PN00,PN00-5.edf,1663,2065.0,0,Early_fusion,0.008535353535353535
PN00,PN00-5.edf,1664,2070.0,0,Early_fusion,0.0554382746882747
PN00,PN00-5.edf,1665,2075.0,0,Early_fusion,0.05782561284031872
PN00,PN00-5.edf,1666,2080.0,0,Early_fusion,0.006491228070175438
PN00,PN00-5.edf,1667,2085.0,0,Early_fusion,0.0
PN00,PN00-5.edf,1668,2090.0,0,Early_fusion,0.024448051948051948
PN00,PN00-5.edf,1669,2095.0,0,Early_fusion,0.03589886964886965
PN00,PN00-5.edf,1670,2100.0,0,Early_fusion,0.0
PN00,PN00-5.edf,1671,2105.0,0,Early_fusion,0.0
PN00,PN00-5.edf,1672,2110.0,0,Early_fusion,0.0027450980392156863
PN00,PN00-5.edf,1673,2115.0,0,Early_fusion,0.024505559799677445
PN00,PN00-5.edf,1674,2120.0,0,Early_fusion,0.05767159692159692
PN00,PN00-5.edf,1675,2125.0,0,Early_fusion,0.0
PN00,PN00-5.edf,1676,2130.0,0,Early_fusion,0.09828941755412343
PN00,PN00-5.edf,1677,2135.0,0,Early_fusion,0.11720608422079012
PN00,PN00-5.edf,1678,2140.0,0,Early_fusion,0.012265037593984961
PN00,PN00-5.edf,1382,60.0,0,Late_fusion_alpha_0.5,0.11643081952147041
PN00,PN00-5.edf,1383,65.0,0,Late_fusion_alpha_0.5,0.033889679936506566
PN00,PN00-5.edf,1384,70.0,0,Late_fusion_alpha_0.5,0.17148126375935174
PN00,PN00-5.edf,1385,75.0,0,Late_fusion_alpha_0.5,0.10194553241592716
PN00,PN00-5.edf,1386,80.0,0,Late_fusion_alpha_0.5,0.016183098699546067
PN00,PN00-5.edf,1387,85.0,0,Late_fusion_alpha_0.5,0.012943248272195642
PN00,PN00-5.edf,1388,90.0,0,Late_fusion_alpha_0.5,0.19052405961302213
PN00,PN00-5.edf,1389,95.0,0,Late_fusion_alpha_0.5,0.11836831720727978
PN00,PN00-5.edf,1390,100.0,0,Late_fusion_alpha_0.5,0.036559039988219556
PN00,PN00-5.edf,1391,105.0,0,Late_fusion_alpha_0.5,0.012519792602369736
PN00,PN00-5.edf,1392,110.0,0,Late_fusion_alpha_0.5,0.03687687786889772
PN00,PN00-5.edf,1393,115.0,0,Late_fusion_alpha_0.5,0.014926108752106936
PN00,PN00-5.edf,1394,120.0,0,Late_fusion_alpha_0.5,0.055478813439317286
PN00,PN00-5.edf,1395,125.0,0,Late_fusion_alpha_0.5,0.08173532768507023
PN00,PN00-5.edf,1396,130.0,0,Late_fusion_alpha_0.5,0.03514813629353103
PN00,PN00-5.edf,1397,135.0,0,Late_fusion_alpha_0.5,0.02731265160278318
PN00,PN00-5.edf,1398,140.0,0,Late_fusion_alpha_0.5,0.0032575757575757577
PN00,PN00-5.edf,1399,145.0,0,Late_fusion_alpha_0.5,0.271048172197265
PN00,PN00-5.edf,1400,150.0,0,Late_fusion_alpha_0.5,0.20115752476305995
PN00,PN00-5.edf,1401,155.0,0,Late_fusion_alpha_0.5,0.25112674531517476
PN00,PN00-5.edf,1402,160.0,0,Late_fusion_alpha_0.5,0.250209645688284
PN00,PN00-5.edf,1403,165.0,0,Late_fusion_alpha_0.5,0.16535713311520528
PN00,PN00-5.edf,1404,170.0,0,Late_fusion_alpha_0.5,0.12434563600239666
PN00,PN00-5.edf,1405,175.0,0,Late_fusion_alpha_0.5,0.06494487388503616
PN00,PN00-5.edf,1406,180.0,0,Late_fusion_alpha_0.5,0.07347924420350892
PN00,PN00-5.edf,1407,185.0,0,Late_fusion_alpha_0.5,0.07668579500564796
PN00,PN00-5.edf,1408,190.0,0,Late_fusion_alpha_0.5,0.0751141373318231
PN00,PN00-5.edf,1409,195.0,0,Late_fusion_alpha_0.5,0.08166657634304694
PN00,PN00-5.edf,1410,200.0,0,Late_fusion_alpha_0.5,0.08511289542413614
PN00,PN00-5.edf,1411,205.0,0,Late_fusion_alpha_0.5,0.0015
PN00,PN00-5.edf,1412,210.0,0,Late_fusion_alpha_0.5,0.0031666666666666666
PN00,PN00-5.edf,1413,215.0,0,Late_fusion_alpha_0.5,0.0578883424581954
PN00,PN00-5.edf,1414,220.0,0,Late_fusion_alpha_0.5,0.045659179459635844
PN00,PN00-5.edf,1415,225.0,0,Late_fusion_alpha_0.5,0.04702294994840634
PN00,PN00-5.edf,1416,230.0,0,Late_fusion_alpha_0.5,0.024055606430606433
PN00,PN00-5.edf,1417,235.0,0,Late_fusion_alpha_0.5,0.03828542223027517
PN00,PN00-5.edf,1418,240.0,0,Late_fusion_alpha_0.5,0.025978575618281506
PN00,PN00-5.edf,1419,245.0,0,Late_fusion_alpha_0.5,0.03945072335072335
PN00,PN00-5.edf,1420,250.0,0,Late_fusion_alpha_0.5,0.03318031736781737
PN00,PN00-5.edf,1421,255.0,0,Late_fusion_alpha_0.5,0.014903401473254415
PN00,PN00-5.edf,1422,260.0,0,Late_fusion_alpha_0.5,0.029651214798273623
PN00,PN00-5.edf,1423,265.0,0,Late_fusion_alpha_0.5,0.040577973905179796
PN00,PN00-5.edf,1424,270.0,0,Late_fusion_alpha_0.5,0.040451335218650214
PN00,PN00-5.edf,1425,275.0,0,Late_fusion_alpha_0.5,0.05142911205533755
PN00,PN00-5.edf,1426,280.0,0,Late_fusion_alpha_0.5,0.048285712245271076
PN00,PN00-5.edf,1427,285.0,0,Late_fusion_alpha_0.5,0.1056627452833126
PN00,PN00-5.edf,1428,290.0,0,Late_fusion_alpha_0.5,0.11560232191038922
PN00,PN00-5.edf,1429,295.0,0,Late_fusion_alpha_0.5,0.059373954250179745
PN00,PN00-5.edf,1430,300.0,0,Late_fusion_alpha_0.5,0.03976283370768665
PN00,PN00-5.edf,1431,305.0,0,Late_fusion_alpha_0.5,0.005953853336206278
PN00,PN00-5.edf,1432,310.0,0,Late_fusion_alpha_0.5,0.016884790454643396
PN00,PN00-5.edf,1433,315.0,0,Late_fusion_alpha_0.5,0.0
PN00,PN00-5.edf,1434,320.0,0,Late_fusion_alpha_0.5,0.0014814814814814814
PN00,PN00-5.edf,1435,325.0,0,Late_fusion_alpha_0.5,0.015908456400644515
PN00,PN00-5.edf,1436,330.0,0,Late_fusion_alpha_0.5,0.0
PN00,PN00-5.edf,1437,335.0,0,Late_fusion_alpha_0.5,0.0
PN00,PN00-5.edf,1438,340.0,0,Late_fusion_alpha_0.5,0.0
PN00,PN00-5.edf,1439,345.0,0,Late_fusion_alpha_0.5,0.0013636363636363637
PN00,PN00-5.edf,1440,350.0,0,Late_fusion_alpha_0.5,0.01533850408850409
PN00,PN00-5.edf,1441,355.0,0,Late_fusion_alpha_0.5,0.0
PN00,PN00-5.edf,1442,360.0,0,Late_fusion_alpha_0.5,0.009437339480442928
PN00,PN00-5.edf,1443,365.0,0,Late_fusion_alpha_0.5,0.0
PN00,PN00-5.edf,1444,370.0,0,Late_fusion_alpha_0.5,0.0033333333333333335
PN00,PN00-5.edf,1445,375.0,0,Late_fusion_alpha_0.5,0.0
PN00,PN00-5.edf,1446,380.0,0,Late_fusion_alpha_0.5,0.007852564102564102
PN00,PN00-5.edf,1447,385.0,0,Late_fusion_alpha_0.5,0.00796152312599681
PN00,PN00-5.edf,1448,390.0,0,Late_fusion_alpha_0.5,0.012449925246751871
PN00,PN00-5.edf,1449,395.0,0,Late_fusion_alpha_0.5,0.01635774410774411
PN00,PN00-5.edf,1450,400.0,0,Late_fusion_alpha_0.5,0.034703415931047504
PN00,PN00-5.edf,1451,405.0,0,Late_fusion_alpha_0.5,0.06250316812816814
PN00,PN00-5.edf,1452,410.0,0,Late_fusion_alpha_0.5,0.0
PN00,PN00-5.edf,1453,415.0,0,Late_fusion_alpha_0.5,0.003205128205128205
PN00,PN00-5.edf,1454,420.0,0,Late_fusion_alpha_0.5,0.017011348300821984
PN00,PN00-5.edf,1455,425.0,0,Late_fusion_alpha_0.5,0.004732905982905983
PN00,PN00-5.edf,1456,430.0,0,Late_fusion_alpha_0.5,0.046547364557813484
PN00,PN00-5.edf,1457,435.0,0,Late_fusion_alpha_0.5,0.030337000353447722
PN00,PN00-5.edf,1458,440.0,0,Late_fusion_alpha_0.5,0.016077507773305737
PN00,PN00-5.edf,1459,445.0,0,Late_fusion_alpha_0.5,0.0181048337627285
PN00,PN00-5.edf,1460,450.0,0,Late_fusion_alpha_0.5,0.0074603174603174605
PN00,PN00-5.edf,1461,455.0,0,Late_fusion_alpha_0.5,0.046520954535660415
PN00,PN00-5.edf,1462,460.0,0,Late_fusion_alpha_0.5,0.027737950370527502
PN00,PN00-5.edf,1463,465.0,0,Late_fusion_alpha_0.5,0.007842174881648565
PN00,PN00-5.edf,1464,470.0,0,Late_fusion_alpha_0.5,0.011252957585534719
PN00,PN00-5.edf,1465,475.0,0,Late_fusion_alpha_0.5,0.00986598440545809
PN00,PN00-5.edf,1466,480.0,0,Late_fusion_alpha_0.5,0.012445461945461946
PN00,PN00-5.edf,1467,485.0,0,Late_fusion_alpha_0.5,0.004953703703703704
PN00,PN00-5.edf,1468,490.0,0,Late_fusion_alpha_0.5,0.05304138488503814
PN00,PN00-5.edf,1469,495.0,0,Late_fusion_alpha_0.5,0.1035822704407877
PN00,PN00-5.edf,1470,500.0,0,Late_fusion_alpha_0.5,0.07756586193706315
PN00,PN00-5.edf,1471,505.0,0,Late_fusion_alpha_0.5,0.011340650090650092
PN00,PN00-5.edf,1472,510.0,0,Late_fusion_alpha_0.5,0.013250021499828001
PN00,PN00-5.edf,1473,515.0,0,Late_fusion_alpha_0.5,0.1149033459869842
PN00,PN00-5.edf,1474,520.0,0,Late_fusion_alpha_0.5,0.0015384615384615385
PN00,PN00-5.edf,1475,525.0,0,Late_fusion_alpha_0.5,0.00297979797979798
PN00,PN00-5.edf,1476,530.0,0,Late_fusion_alpha_0.5,0.016888798701298703
PN00,PN00-5.edf,1477,535.0,0,Late_fusion_alpha_0.5,0.037193684681318576
PN00,PN00-5.edf,1478,540.0,0,Late_fusion_alpha_0.5,0.032455218736371985
PN00,PN00-5.edf,1479,545.0,0,Late_fusion_alpha_0.5,0.045743307890366715
PN00,PN00-5.edf,1480,550.0,0,Late_fusion_alpha_0.5,0.03946884596884598
PN00,PN00-5.edf,1481,555.0,0,Late_fusion_alpha_0.5,0.04683706990034389
PN00,PN00-5.edf,1482,560.0,0,Late_fusion_alpha_0.5,0.03213956046676635
PN00,PN00-5.edf,1483,565.0,0,Late_fusion_alpha_0.5,0.02650306569791864
PN00,PN00-5.edf,1484,570.0,0,Late_fusion_alpha_0.5,0.04467210014930603
PN00,PN00-5.edf,1485,575.0,0,Late_fusion_alpha_0.5,0.06672442194381592
PN00,PN00-5.edf,1486,580.0,0,Late_fusion_alpha_0.5,0.07802012629000989
PN00,PN00-5.edf,1487,585.0,0,Late_fusion_alpha_0.5,0.029074866582219527
PN00,PN00-5.edf,1488,590.0,0,Late_fusion_alpha_0.5,0.022574189291101058
PN00,PN00-5.edf,1489,595.0,0,Late_fusion_alpha_0.5,0.004705357142857143
PN00,PN00-5.edf,1490,600.0,0,Late_fusion_alpha_0.5,0.0013095238095238095
PN00,PN00-5.edf,1491,905.0,1,Late_fusion_alpha_0.5,0.2057842303316843
PN00,PN00-5.edf,1492,910.0,1,Late_fusion_alpha_0.5,0.15854290094318652
PN00,PN00-5.edf,1493,915.0,1,Late_fusion_alpha_0.5,0.09326513131377794
PN00,PN00-5.edf,1494,920.0,1,Late_fusion_alpha_0.5,0.4984291898067166
PN00,PN00-5.edf,1495,925.0,1,Late_fusion_alpha_0.5,0.48031859403731564
PN00,PN00-5.edf,1496,930.0,1,Late_fusion_alpha_0.5,0.6069576305796966
PN00,PN00-5.edf,1497,935.0,1,Late_fusion_alpha_0.5,0.7037484036134132
PN00,PN00-5.edf,1498,940.0,1,Late_fusion_alpha_0.5,0.5300100534713538
PN00,PN00-5.edf,1499,945.0,1,Late_fusion_alpha_0.5,0.4972453934953936
PN00,PN00-5.edf,1500,950.0,1,Late_fusion_alpha_0.5,0.5092364926739926
PN00,PN00-5.edf,1501,955.0,1,Late_fusion_alpha_0.5,0.6170505328590492
PN00,PN00-5.edf,1502,960.0,1,Late_fusion_alpha_0.5,0.5281406026505647
PN00,PN00-5.edf,1503,965.0,1,Late_fusion_alpha_0.5,0.5705017300953834
PN00,PN00-5.edf,1504,970.0,1,Late_fusion_alpha_0.5,0.570965677980287
PN00,PN00-5.edf,1505,1275.0,0,Late_fusion_alpha_0.5,0.019707093125617796
PN00,PN00-5.edf,1506,1280.0,0,Late_fusion_alpha_0.5,0.0
PN00,PN00-5.edf,1507,1285.0,0,Late_fusion_alpha_0.5,0.0015277777777777776
PN00,PN00-5.edf,1508,1290.0,0,Late_fusion_alpha_0.5,0.003194444444444444
PN00,PN00-5.edf,1509,1295.0,0,Late_fusion_alpha_0.5,0.0016666666666666668
PN00,PN00-5.edf,1510,1300.0,0,Late_fusion_alpha_0.5,0.004816849816849818
PN00,PN00-5.edf,1511,1305.0,0,Late_fusion_alpha_0.5,0.0077685092685092685
PN00,PN00-5.edf,1512,1310.0,0,Late_fusion_alpha_0.5,0.006066849816849818
PN00,PN00-5.edf,1513,1315.0,0,Late_fusion_alpha_0.5,0.0016025641025641025
PN00,PN00-5.edf,1514,1320.0,0,Late_fusion_alpha_0.5,0.001388888888888889
PN00,PN00-5.edf,1515,1325.0,0,Late_fusion_alpha_0.5,0.001388888888888889
PN00,PN00-5.edf,1516,1330.0,0,Late_fusion_alpha_0.5,0.0
PN00,PN00-5.edf,1517,1335.0,0,Late_fusion_alpha_0.5,0.0016025641025641025
PN00,PN00-5.edf,1518,1340.0,0,Late_fusion_alpha_0.5,0.0016025641025641025
PN00,PN00-5.edf,1519,1345.0,0,Late_fusion_alpha_0.5,0.0016666666666666668
PN00,PN00-5.edf,1520,1350.0,0,Late_fusion_alpha_0.5,0.0
PN00,PN00-5.edf,1521,1355.0,0,Late_fusion_alpha_0.5,0.00795557383792678
PN00,PN00-5.edf,1522,1360.0,0,Late_fusion_alpha_0.5,0.0
PN00,PN00-5.edf,1523,1365.0,0,Late_fusion_alpha_0.5,0.0
PN00,PN00-5.edf,1524,1370.0,0,Late_fusion_alpha_0.5,0.0
PN00,PN00-5.edf,1525,1375.0,0,Late_fusion_alpha_0.5,0.0
PN00,PN00-5.edf,1526,1380.0,0,Late_fusion_alpha_0.5,0.0015384615384615385
PN00,PN00-5.edf,1527,1385.0,0,Late_fusion_alpha_0.5,0.004679487179487179
PN00,PN00-5.edf,1528,1390.0,0,Late_fusion_alpha_0.5,0.0016025641025641025
PN00,PN00-5.edf,1529,1395.0,0,Late_fusion_alpha_0.5,0.0016025641025641025
PN00,PN00-5.edf,1530,1400.0,0,Late_fusion_alpha_0.5,0.004588675213675213
PN00,PN00-5.edf,1531,1405.0,0,Late_fusion_alpha_0.5,0.002986111111111111
PN00,PN00-5.edf,1532,1410.0,0,Late_fusion_alpha_0.5,0.004916666666666666
PN00,PN00-5.edf,1533,1415.0,0,Late_fusion_alpha_0.5,0.0
PN00,PN00-5.edf,1534,1420.0,0,Late_fusion_alpha_0.5,0.00440018315018315
PN00,PN00-5.edf,1535,1425.0,0,Late_fusion_alpha_0.5,0.0030476190476190477
PN00,PN00-5.edf,1536,1430.0,0,Late_fusion_alpha_0.5,0.004464285714285715
PN00,PN00-5.edf,1537,1435.0,0,Late_fusion_alpha_0.5,0.0016666666666666668
PN00,PN00-5.edf,1538,1440.0,0,Late_fusion_alpha_0.5,0.0
PN00,PN00-5.edf,1539,1445.0,0,Late_fusion_alpha_0.5,0.0
PN00,PN00-5.edf,1540,1450.0,0,Late_fusion_alpha_0.5,0.0014285714285714286
PN00,PN00-5.edf,1541,1455.0,0,Late_fusion_alpha_0.5,0.0
PN00,PN00-5.edf,1542,1460.0,0,Late_fusion_alpha_0.5,0.0
PN00,PN00-5.edf,1543,1465.0,0,Late_fusion_alpha_0.5,0.0
PN00,PN00-5.edf,1544,1470.0,0,Late_fusion_alpha_0.5,0.001568627450980392
PN00,PN00-5.edf,1545,1475.0,0,Late_fusion_alpha_0.5,0.002503987240829346
PN00,PN00-5.edf,1546,1480.0,0,Late_fusion_alpha_0.5,0.0015
PN00,PN00-5.edf,1547,1485.0,0,Late_fusion_alpha_0.5,0.0
PN00,PN00-5.edf,1548,1490.0,0,Late_fusion_alpha_0.5,0.0016666666666666668
PN00,PN00-5.edf,1549,1495.0,0,Late_fusion_alpha_0.5,0.0
PN00,PN00-5.edf,1550,1500.0,0,Late_fusion_alpha_0.5,0.0014705882352941176
PN00,PN00-5.edf,1551,1505.0,0,Late_fusion_alpha_0.5,0.0
PN00,PN00-5.edf,1552,1510.0,0,Late_fusion_alpha_0.5,0.0
PN00,PN00-5.edf,1553,1515.0,0,Late_fusion_alpha_0.5,0.0
PN00,PN00-5.edf,1554,1520.0,0,Late_fusion_alpha_0.5,0.004895833333333334
PN00,PN00-5.edf,1555,1525.0,0,Late_fusion_alpha_0.5,0.0
PN00,PN00-5.edf,1556,1530.0,0,Late_fusion_alpha_0.5,0.006215247715247715
PN00,PN00-5.edf,1557,1535.0,0,Late_fusion_alpha_0.5,0.0
PN00,PN00-5.edf,1558,1540.0,0,Late_fusion_alpha_0.5,0.0032142857142857142
PN00,PN00-5.edf,1559,1545.0,0,Late_fusion_alpha_0.5,0.006002747252747254
PN00,PN00-5.edf,1560,1550.0,0,Late_fusion_alpha_0.5,0.0015384615384615385
PN00,PN00-5.edf,1561,1555.0,0,Late_fusion_alpha_0.5,0.0029285714285714284
PN00,PN00-5.edf,1562,1560.0,0,Late_fusion_alpha_0.5,0.0
PN00,PN00-5.edf,1563,1565.0,0,Late_fusion_alpha_0.5,0.0
PN00,PN00-5.edf,1564,1570.0,0,Late_fusion_alpha_0.5,0.0029705882352941177
PN00,PN00-5.edf,1565,1575.0,0,Late_fusion_alpha_0.5,0.0
PN00,PN00-5.edf,1566,1580.0,0,Late_fusion_alpha_0.5,0.0
PN00,PN00-5.edf,1567,1585.0,0,Late_fusion_alpha_0.5,0.0
PN00,PN00-5.edf,1568,1590.0,0,Late_fusion_alpha_0.5,0.0
PN00,PN00-5.edf,1569,1595.0,0,Late_fusion_alpha_0.5,0.0016666666666666668
PN00,PN00-5.edf,1570,1600.0,0,Late_fusion_alpha_0.5,0.0041959064327485385
PN00,PN00-5.edf,1571,1605.0,0,Late_fusion_alpha_0.5,0.004594017094017094
PN00,PN00-5.edf,1572,1610.0,0,Late_fusion_alpha_0.5,0.016534244386218068
PN00,PN00-5.edf,1573,1615.0,0,Late_fusion_alpha_0.5,0.0031265664160401003
PN00,PN00-5.edf,1574,1620.0,0,Late_fusion_alpha_0.5,0.007934680451127819
PN00,PN00-5.edf,1575,1625.0,0,Late_fusion_alpha_0.5,0.009327813390313392
PN00,PN00-5.edf,1576,1630.0,0,Late_fusion_alpha_0.5,0.01913712720601265
PN00,PN00-5.edf,1577,1635.0,0,Late_fusion_alpha_0.5,0.007848890388364073
PN00,PN00-5.edf,1578,1640.0,0,Late_fusion_alpha_0.5,0.017257934739552387
PN00,PN00-5.edf,1579,1645.0,0,Late_fusion_alpha_0.5,0.010821010860484545
PN00,PN00-5.edf,1580,1650.0,0,Late_fusion_alpha_0.5,0.007709694989106754
PN00,PN00-5.edf,1581,1655.0,0,Late_fusion_alpha_0.5,0.012128886908298674
PN00,PN00-5.edf,1582,1660.0,0,Late_fusion_alpha_0.5,0.0014705882352941176
PN00,PN00-5.edf,1583,1665.0,0,Late_fusion_alpha_0.5,0.0
PN00,PN00-5.edf,1584,1670.0,0,Late_fusion_alpha_0.5,0.0016666666666666668
PN00,PN00-5.edf,1585,1675.0,0,Late_fusion_alpha_0.5,0.0
PN00,PN00-5.edf,1586,1680.0,0,Late_fusion_alpha_0.5,0.0
PN00,PN00-5.edf,1587,1685.0,0,Late_fusion_alpha_0.5,0.0
PN00,PN00-5.edf,1588,1690.0,0,Late_fusion_alpha_0.5,0.0
PN00,PN00-5.edf,1589,1695.0,0,Late_fusion_alpha_0.5,0.0016666666666666668
PN00,PN00-5.edf,1590,1700.0,0,Late_fusion_alpha_0.5,0.0
PN00,PN00-5.edf,1591,1705.0,0,Late_fusion_alpha_0.5,0.001568627450980392
PN00,PN00-5.edf,1592,1710.0,0,Late_fusion_alpha_0.5,0.0016666666666666668
PN00,PN00-5.edf,1593,1715.0,0,Late_fusion_alpha_0.5,0.0
PN00,PN00-5.edf,1594,1720.0,0,Late_fusion_alpha_0.5,0.0
PN00,PN00-5.edf,1595,1725.0,0,Late_fusion_alpha_0.5,0.004564605329311211
PN00,PN00-5.edf,1596,1730.0,0,Late_fusion_alpha_0.5,0.0015384615384615385
PN00,PN00-5.edf,1597,1735.0,0,Late_fusion_alpha_0.5,0.0015384615384615385
PN00,PN00-5.edf,1598,1740.0,0,Late_fusion_alpha_0.5,0.003141025641025641
PN00,PN00-5.edf,1599,1745.0,0,Late_fusion_alpha_0.5,0.0015476190476190477
PN00,PN00-5.edf,1600,1750.0,0,Late_fusion_alpha_0.5,0.002503987240829346
PN00,PN00-5.edf,1601,1755.0,0,Late_fusion_alpha_0.5,0.0
PN00,PN00-5.edf,1602,1760.0,0,Late_fusion_alpha_0.5,0.0
PN00,PN00-5.edf,1603,1765.0,0,Late_fusion_alpha_0.5,0.0
PN00,PN00-5.edf,1604,1770.0,0,Late_fusion_alpha_0.5,0.0064194139194139205
PN00,PN00-5.edf,1605,1775.0,0,Late_fusion_alpha_0.5,0.0
PN00,PN00-5.edf,1606,1780.0,0,Late_fusion_alpha_0.5,0.002916666666666667
PN00,PN00-5.edf,1607,1785.0,0,Late_fusion_alpha_0.5,0.004761904761904762
PN00,PN00-5.edf,1608,1790.0,0,Late_fusion_alpha_0.5,0.0074031746031746025
PN00,PN00-5.edf,1609,1795.0,0,Late_fusion_alpha_0.5,0.00966880341880342
PN00,PN00-5.edf,1610,1800.0,0,Late_fusion_alpha_0.5,0.003137254901960784
PN00,PN00-5.edf,1611,1805.0,0,Late_fusion_alpha_0.5,0.0015277777777777776
PN00,PN00-5.edf,1612,1810.0,0,Late_fusion_alpha_0.5,0.007614502871855814
PN00,PN00-5.edf,1613,1815.0,0,Late_fusion_alpha_0.5,0.014992328042328043
PN00,PN00-5.edf,1614,1820.0,0,Late_fusion_alpha_0.5,0.047498286435786435
PN00,PN00-5.edf,1615,1825.0,0,Late_fusion_alpha_0.5,0.0015476190476190477
PN00,PN00-5.edf,1616,1830.0,0,Late_fusion_alpha_0.5,0.0029705882352941177
PN00,PN00-5.edf,1617,1835.0,0,Late_fusion_alpha_0.5,0.024093295593295597
PN00,PN00-5.edf,1618,1840.0,0,Late_fusion_alpha_0.5,0.006222222222222222
PN00,PN00-5.edf,1619,1845.0,0,Late_fusion_alpha_0.5,0.0
PN00,PN00-5.edf,1620,1850.0,0,Late_fusion_alpha_0.5,0.006136946386946387
PN00,PN00-5.edf,1621,1855.0,0,Late_fusion_alpha_0.5,0.0
PN00,PN00-5.edf,1622,1860.0,0,Late_fusion_alpha_0.5,0.00903087044534413
PN00,PN00-5.edf,1623,1865.0,0,Late_fusion_alpha_0.5,0.0030536130536130534
PN00,PN00-5.edf,1624,1870.0,0,Late_fusion_alpha_0.5,0.004649572649572649
PN00,PN00-5.edf,1625,1875.0,0,Late_fusion_alpha_0.5,0.0
PN00,PN00-5.edf,1626,1880.0,0,Late_fusion_alpha_0.5,0.0
PN00,PN00-5.edf,1627,1885.0,0,Late_fusion_alpha_0.5,0.01332011137011137
PN00,PN00-5.edf,1628,1890.0,0,Late_fusion_alpha_0.5,0.009722222222222222
PN00,PN00-5.edf,1629,1895.0,0,Late_fusion_alpha_0.5,0.006021103896103896
PN00,PN00-5.edf,1630,1900.0,0,Late_fusion_alpha_0.5,0.0
PN00,PN00-5.edf,1631,1905.0,0,Late_fusion_alpha_0.5,0.0
PN00,PN00-5.edf,1632,1910.0,0,Late_fusion_alpha_0.5,0.0
PN00,PN00-5.edf,1633,1915.0,0,Late_fusion_alpha_0.5,0.0
PN00,PN00-5.edf,1634,1920.0,0,Late_fusion_alpha_0.5,0.09402023819103614
PN00,PN00-5.edf,1635,1925.0,0,Late_fusion_alpha_0.5,0.1305728509307456
PN00,PN00-5.edf,1636,1930.0,0,Late_fusion_alpha_0.5,0.05605257907297381
PN00,PN00-5.edf,1637,1935.0,0,Late_fusion_alpha_0.5,0.02950660450660451
PN00,PN00-5.edf,1638,1940.0,0,Late_fusion_alpha_0.5,0.0
PN00,PN00-5.edf,1639,1945.0,0,Late_fusion_alpha_0.5,0.09642264188053662
PN00,PN00-5.edf,1640,1950.0,0,Late_fusion_alpha_0.5,0.14037233628787107
PN00,PN00-5.edf,1641,1955.0,0,Late_fusion_alpha_0.5,0.01878968253968254
PN00,PN00-5.edf,1642,1960.0,0,Late_fusion_alpha_0.5,0.01990271765271765
PN00,PN00-5.edf,1643,1965.0,0,Late_fusion_alpha_0.5,0.01803102453102453
PN00,PN00-5.edf,1644,1970.0,0,Late_fusion_alpha_0.5,0.0077884615384615375
PN00,PN00-5.edf,1645,1975.0,0,Late_fusion_alpha_0.5,0.0014705882352941176
PN00,PN00-5.edf,1646,1980.0,0,Late_fusion_alpha_0.5,0.0
PN00,PN00-5.edf,1647,1985.0,0,Late_fusion_alpha_0.5,0.0
PN00,PN00-5.edf,1648,1990.0,0,Late_fusion_alpha_0.5,0.06343804083343559
PN00,PN00-5.edf,1649,1995.0,0,Late_fusion_alpha_0.5,0.09074021244336335
PN00,PN00-5.edf,1650,2000.0,0,Late_fusion_alpha_0.5,0.03751418367207841
PN00,PN00-5.edf,1651,2005.0,0,Late_fusion_alpha_0.5,0.02431281218781219
PN00,PN00-5.edf,1652,2010.0,0,Late_fusion_alpha_0.5,0.05372992448727743
PN00,PN00-5.edf,1653,2015.0,0,Late_fusion_alpha_0.5,0.030700782333135276
PN00,PN00-5.edf,1654,2020.0,0,Late_fusion_alpha_0.5,0.03234751700541174
PN00,PN00-5.edf,1655,2025.0,0,Late_fusion_alpha_0.5,0.028914742372637112
PN00,PN00-5.edf,1656,2030.0,0,Late_fusion_alpha_0.5,0.0262982202982203
PN00,PN00-5.edf,1657,2035.0,0,Late_fusion_alpha_0.5,0.013959104752208202
PN00,PN00-5.edf,1658,2040.0,0,Late_fusion_alpha_0.5,0.006164622414622414
PN00,PN00-5.edf,1659,2045.0,0,Late_fusion_alpha_0.5,0.013925004189710074
PN00,PN00-5.edf,1660,2050.0,0,Late_fusion_alpha_0.5,0.030099316392419844
PN00,PN00-5.edf,1661,2055.0,0,Late_fusion_alpha_0.5,0.12496597576386347
PN00,PN00-5.edf,1662,2060.0,0,Late_fusion_alpha_0.5,0.09135637374007492
PN00,PN00-5.edf,1663,2065.0,0,Late_fusion_alpha_0.5,0.017736069193963932
PN00,PN00-5.edf,1664,2070.0,0,Late_fusion_alpha_0.5,0.02959308673782358
PN00,PN00-5.edf,1665,2075.0,0,Late_fusion_alpha_0.5,0.0341116052563421
PN00,PN00-5.edf,1666,2080.0,0,Late_fusion_alpha_0.5,0.0
PN00,PN00-5.edf,1667,2085.0,0,Late_fusion_alpha_0.5,0.003094017094017094
PN00,PN00-5.edf,1668,2090.0,0,Late_fusion_alpha_0.5,0.02047856772856773
PN00,PN00-5.edf,1669,2095.0,0,Late_fusion_alpha_0.5,0.030185544718439455
PN00,PN00-5.edf,1670,2100.0,0,Late_fusion_alpha_0.5,0.006386946386946388
PN00,PN00-5.edf,1671,2105.0,0,Late_fusion_alpha_0.5,0.001388888888888889
PN00,PN00-5.edf,1672,2110.0,0,Late_fusion_alpha_0.5,0.00771796218487395
PN00,PN00-5.edf,1673,2115.0,0,Late_fusion_alpha_0.5,0.035560575705970446
PN00,PN00-5.edf,1674,2120.0,0,Late_fusion_alpha_0.5,0.055205689120820696
PN00,PN00-5.edf,1675,2125.0,0,Late_fusion_alpha_0.5,0.0
PN00,PN00-5.edf,1676,2130.0,0,Late_fusion_alpha_0.5,0.09044666785405048
PN00,PN00-5.edf,1677,2135.0,0,Late_fusion_alpha_0.5,0.08302549030023286
PN00,PN00-5.edf,1678,2140.0,0,Late_fusion_alpha_0.5,0.019980283605283606
