events,detected,overlap_detected,false_declarations,duplicate_declarations,total_declarations,active_alarm_s,raw_s,startup_s,uncertain_s,other_unavailable_s,evaluable_s,sensitivity,overlap_sensitivity,far_per_h,missed,matched_declarations,delay_n,delay_median_s,delay_q25_s,delay_q75_s,delay_min_s,delay_max_s,warning_fraction,longest_alarm_s,alpha,threshold,feasible,eligible,common_delay_delta_s,common_events,reason,selected_f2,selected_f1,patient,test_file
3,1,3,86,0,87,3745,6547,30,0,0,6517,0.33333333333333331,1,47.5065214055547,2,1,1,1,1,1,1,1,0.57465091299677762,360,0,0.050000000000000003,False,False,-15,1,sensitivity_loss;FAR_increase;no_strict_improvement,False,False,PN00,PN00-1.edf
3,1,3,89,0,90,2800,6547,30,0,0,6517,0.33333333333333331,1,49.163725640632194,2,1,1,1,1,1,1,1,0.42964554242749731,265,0,0.10000000000000001,False,False,-15,1,sensitivity_loss;FAR_increase;no_strict_improvement,False,False,PN00,PN00-1.edf
3,1,3,73,0,74,2165,6547,30,0,0,6517,0.33333333333333331,1,40.325303053552247,2,1,1,1,1,1,1,1,0.33220807119840418,235,0,0.14999999999999999,False,False,-15,1,sensitivity_loss;FAR_increase;no_strict_improvement,False,False,PN00,PN00-1.edf
3,2,3,56,0,58,1715,6547,30,0,0,6517,0.66666666666666663,1,30.934479054779807,1,2,2,0.5,0.25,0.75,0,1,0.26315789473684209,230,0,0.20000000000000001,False,False,-15,2,sensitivity_loss;FAR_increase;no_strict_improvement,False,False,PN00,PN00-1.edf
3,2,3,45,0,47,1375,6547,30,0,0,6517,0.66666666666666663,1,24.858063526162343,1,2,2,0.5,0.25,0.75,0,1,0.21098665029921743,220,0,0.25,False,False,-15,2,sensitivity_loss;FAR_increase;no_strict_improvement,False,False,PN00,PN00-1.edf
3,3,3,41,1,44,1150,6547,30,0,0,6517,1,1,22.648457879392357,0,3,3,1,0.5,7.5,0,14,0.17646156206843638,220,0,0.29999999999999999,False,False,-15,3,FAR_increase;no_strict_improvement,False,False,PN00,PN00-1.edf
3,3,3,34,1,37,955,6547,30,0,0,6517,1,1,18.781647997544884,0,3,3,1,0.5,7.5,0,14,0.14653981893509282,125,0,0.34999999999999998,False,False,-15,3,FAR_increase;no_strict_improvement,False,False,PN00,PN00-1.edf
3,3,3,27,1,30,760,6547,30,0,0,6517,1,1,14.914838115697407,0,3,3,1,0.5,7.5,0,14,0.11661807580174927,125,0,0.40000000000000002,False,False,-15,3,FAR_increase;no_strict_improvement,False,False,PN00,PN00-1.edf
3,3,3,21,1,24,625,6547,30,0,0,6517,1,1,11.600429645542427,0,3,3,1,0.5,10,0,19,0.095903022863280646,95,0,0.45000000000000001,False,False,-15,3,FAR_increase;no_strict_improvement,False,False,PN00,PN00-1.edf
3,3,3,15,0,18,480,6547,30,0,0,6517,1,1,8.2860211753874484,0,3,3,16,8,17.5,0,19,0.073653521558999541,85,0,0.5,False,False,-5,3,FAR_increase;no_strict_improvement,False,False,PN00,PN00-1.edf
3,3,3,8,0,11,320,6547,30,0,0,6517,1,1,4.4192112935399726,0,3,3,16,13,17.5,10,19,0.049102347705999694,75,0,0.55000000000000004,False,False,-5,3,FAR_increase;no_strict_improvement,False,False,PN00,PN00-1.edf
3,3,3,7,0,10,290,6547,30,0,0,6517,1,1,3.8668098818474759,0,3,3,16,13,17.5,10,19,0.044499002608562224,70,0,0.59999999999999998,False,False,-5,3,FAR_increase;no_strict_improvement,False,False,PN00,PN00-1.edf
3,3,3,5,0,8,260,6547,30,0,0,6517,1,1,2.762007058462483,0,3,3,16,13,17.5,10,19,0.039895657511124748,70,0,0.65000000000000002,False,False,-5,3,FAR_increase;no_strict_improvement,False,False,PN00,PN00-1.edf
3,3,3,3,0,6,230,6547,30,0,0,6517,1,1,1.6572042350774896,0,3,3,16,13,20,10,24,0.035292312413687278,65,0,0.69999999999999996,False,False,0,3,FAR_increase;no_strict_improvement,False,False,PN00,PN00-1.edf
3,3,3,2,0,5,200,6547,30,0,0,6517,1,1,1.1048028233849931,0,3,3,16,13,20,10,24,0.030688967316249809,60,0,0.75,False,False,0,3,FAR_increase;no_strict_improvement,False,False,PN00,PN00-1.edf
3,3,3,0,0,3,170,6547,30,0,0,6517,1,1,0,0,3,3,16,15.5,20,15,24,0.026085622218812336,60,0,0.80000000000000004,True,False,0,3,no_strict_improvement,True,False,PN00,PN00-1.edf
3,3,3,0,0,3,135,6547,30,0,0,6517,1,1,0,0,3,3,21,18,25,15,29,0.02071505293846862,55,0,0.84999999999999998,True,False,5,3,no_strict_improvement,False,False,PN00,PN00-1.edf
3,3,3,0,0,3,130,6547,30,0,0,6517,1,1,0,0,3,3,21,18,27.5,15,34,0.019947828755562374,55,0,0.90000000000000002,True,False,5,3,no_strict_improvement,False,False,PN00,PN00-1.edf
3,3,3,0,0,3,100,6547,30,0,0,6517,1,1,0,0,3,3,30,28,32,26,34,0.015344483658124904,45,0,0.94999999999999996,True,False,10,3,no_strict_improvement;common_event_delay_penalty,False,False,PN00,PN00-1.edf
3,0,0,0,0,0,0,6547,30,0,0,6517,0,0,0,3,0,0,,,,,,0,0,0,1.01,True,False,,0,sensitivity_loss;no_strict_improvement,False,False,PN00,PN00-1.edf
3,1,3,79,0,80,3685,6547,30,0,0,6517,0.33333333333333331,1,43.639711523707227,2,1,1,1,1,1,1,1,0.56544422280190276,470,0.10000000000000001,0.050000000000000003,False,False,-15,1,sensitivity_loss;FAR_increase;no_strict_improvement,False,False,PN00,PN00-1.edf
3,1,3,76,0,77,2640,6547,30,0,0,6517,0.33333333333333331,1,41.982507288629741,2,1,1,1,1,1,1,1,0.40509436857449749,275,0.10000000000000001,0.10000000000000001,False,False,-15,1,sensitivity_loss;FAR_increase;no_strict_improvement,False,False,PN00,PN00-1.edf
3,2,3,64,0,66,1997,6547,30,0,0,6517,0.66666666666666663,1,35.35369034831978,1,2,2,0.5,0.25,0.75,0,1,0.30642933865275435,240,0.10000000000000001,0.14999999999999999,False,False,-15,2,sensitivity_loss;FAR_increase;no_strict_improvement,False,False,PN00,PN00-1.edf
3,2,3,53,0,55,1637,6547,30,0,0,6517,0.66666666666666663,1,29.277274819702317,1,2,2,0.5,0.25,0.75,0,1,0.25118919748350466,235,0.10000000000000001,0.20000000000000001,False,False,-15,2,sensitivity_loss;FAR_increase;no_strict_improvement,False,False,PN00,PN00-1.edf
3,2,3,41,0,43,1335,6547,30,0,0,6517,0.66666666666666663,1,22.648457879392357,1,2,2,0.5,0.25,0.75,0,1,0.20484885683596746,230,0.10000000000000001,0.25,False,False,-15,2,sensitivity_loss;FAR_increase;no_strict_improvement,False,False,PN00,PN00-1.edf
3,2,3,38,1,40,1085,6547,30,0,0,6517,0.66666666666666663,1,20.99125364431487,1,2,2,0.5,0.25,0.75,0,1,0.16648764769065522,215,0.10000000000000001,0.29999999999999999,False,False,-15,2,sensitivity_loss;FAR_increase;no_strict_improvement,False,False,PN00,PN00-1.edf
3,3,3,33,1,36,905,6547,30,0,0,6517,1,1,18.229246585852387,0,3,3,1,0.5,7.5,0,14,0.13886757710603037,125,0.10000000000000001,0.34999999999999998,False,False,-15,3,FAR_increase;no_strict_improvement,False,False,PN00,PN00-1.edf
3,3,3,23,1,26,665,6547,30,0,0,6517,1,1,12.70523246892742,0,3,3,1,0.5,7.5,0,14,0.10204081632653061,100,0.10000000000000001,0.40000000000000002,False,False,-15,3,FAR_increase;no_strict_improvement,False,False,PN00,PN00-1.edf
3,3,3,14,0,17,550,6547,30,0,0,6517,1,1,7.7336197636949517,0,3,3,16,8,17.5,0,19,0.084394660119686979,95,0.10000000000000001,0.45000000000000001,False,False,-5,3,FAR_increase;no_strict_improvement,False,False,PN00,PN00-1.edf
3,3,3,13,0,16,410,6547,30,0,0,6517,1,1,7.1812183520024551,0,3,3,16,10.5,17.5,5,19,0.062912382998312102,80,0.10000000000000001,0.5,False,False,-5,3,FAR_increase;no_strict_improvement,False,False,PN00,PN00-1.edf
3,3,3,7,0,10,305,6547,30,0,0,6517,1,1,3.8668098818474759,0,3,3,16,13,17.5,10,19,0.046800675157280959,75,0.10000000000000001,0.55000000000000004,False,False,-5,3,FAR_increase;no_strict_improvement,False,False,PN00,PN00-1.edf
3,3,3,6,0,9,275,6547,30,0,0,6517,1,1,3.3144084701549792,0,3,3,16,13,17.5,10,19,0.042197330059843489,70,0.10000000000000001,0.59999999999999998,False,False,-5,3,FAR_increase;no_strict_improvement,False,False,PN00,PN00-1.edf
3,3,3,5,0,8,250,6547,30,0,0,6517,1,1,2.762007058462483,0,3,3,16,13,20,10,24,0.038361209145312263,65,0.10000000000000001,0.65000000000000002,False,False,0,3,FAR_increase;no_strict_improvement,False,False,PN00,PN00-1.edf
3,3,3,2,0,5,220,6547,30,0,0,6517,1,1,1.1048028233849931,0,3,3,16,13,20,10,24,0.033757864047874786,65,0.10000000000000001,0.69999999999999996,False,False,0,3,FAR_increase;no_strict_improvement,False,False,PN00,PN00-1.edf
3,3,3,1,0,4,200,6547,30,0,0,6517,1,1,0.55240141169249657,0,3,3,16,13,20,10,24,0.030688967316249809,65,0.10000000000000001,0.75,True,False,0,3,FAR_increase;no_strict_improvement,False,False,PN00,PN00-1.edf
3,3,3,0,0,3,135,6547,30,0,0,6517,1,1,0,0,3,3,21,18,25,15,29,0.02071505293846862,55,0.10000000000000001,0.80000000000000004,True,False,5,3,no_strict_improvement,False,False,PN00,PN00-1.edf
3,3,3,0,0,3,120,6547,30,0,0,6517,1,1,0,0,3,3,26,23,30,20,34,0.018413380389749885,50,0.10000000000000001,0.84999999999999998,True,False,10,3,no_strict_improvement;common_event_delay_penalty,False,False,PN00,PN00-1.edf
3,3,3,0,0,3,90,6547,30,0,0,6517,1,1,0,0,3,3,39,34.5,40,30,41,0.013810035292312414,40,0.10000000000000001,0.90000000000000002,True,False,15,3,no_strict_improvement;common_event_delay_penalty,False,False,PN00,PN00-1.edf
3,2,2,0,0,2,20,6547,30,0,0,6517,0.66666666666666663,0.66666666666666663,0,1,2,2,48,47,49,46,50,0.0030688967316249809,10,0.10000000000000001,0.94999999999999996,True,False,32.5,2,sensitivity_loss;no_strict_improvement;common_event_delay_penalty,False,False,PN00,PN00-1.edf
3,0,0,0,0,0,0,6547,30,0,0,6517,0,0,0,3,0,0,,,,,,0,0,0.10000000000000001,1.01,True,False,,0,sensitivity_loss;no_strict_improvement,False,False,PN00,PN00-1.edf
3,1,3,77,0,78,4015,6547,30,0,0,6517,0.33333333333333331,1,42.534908700322234,2,1,1,1,1,1,1,1,0.61608101887371491,505,0.25,0.050000000000000003,False,False,-15,1,sensitivity_loss;FAR_increase;no_strict_improvement,False,False,PN00,PN00-1.edf
3,1,3,92,0,93,3030,6547,30,0,0,6517,0.33333333333333331,1,50.82092987570968,2,1,1,1,1,1,1,1,0.46493785484118461,285,0.25,0.10000000000000001,False,False,-15,1,sensitivity_loss;FAR_increase;no_strict_improvement,False,False,PN00,PN00-1.edf
3,2,3,68,0,70,2212,6547,30,0,0,6517,0.66666666666666663,1,37.563295995089767,1,2,2,0.5,0.25,0.75,0,1,0.33941997851772288,240,0.25,0.14999999999999999,False,False,-15,2,sensitivity_loss;FAR_increase;no_strict_improvement,False,False,PN00,PN00-1.edf
3,2,3,51,0,53,1717,6547,30,0,0,6517,0.66666666666666663,1,28.172471996317324,1,2,2,0.5,0.25,0.75,0,1,0.26346478441000459,240,0.25,0.20000000000000001,False,False,-15,2,sensitivity_loss;FAR_increase;no_strict_improvement,False,False,PN00,PN00-1.edf
3,2,3,44,1,46,1342,6547,30,0,0,6517,0.66666666666666663,1,24.305662114469847,1,2,2,0.5,0.25,0.75,0,1,0.20592297069203622,230,0.25,0.25,False,False,-15,2,sensitivity_loss;FAR_increase;no_strict_improvement,False,False,PN00,PN00-1.edf
3,2,3,39,1,41,1097,6547,30,0,0,6517,0.66666666666666663,1,21.543655056007367,1,2,2,0.5,0.25,0.75,0,1,0.1683289857296302,190,0.25,0.29999999999999999,False,False,-15,2,sensitivity_loss;FAR_increase;no_strict_improvement,False,False,PN00,PN00-1.edf
3,2,3,30,1,32,865,6547,30,0,0,6517,0.66666666666666663,1,16.572042350774897,1,2,2,0.5,0.25,0.75,0,1,0.13272978364278043,150,0.25,0.34999999999999998,False,False,-15,2,sensitivity_loss;FAR_increase;no_strict_improvement,False,False,PN00,PN00-1.edf
3,2,3,23,0,25,675,6547,30,0,0,6517,0.66666666666666663,1,12.70523246892742,1,2,2,8,4,12,0,16,0.1035752646923431,120,0.25,0.40000000000000002,False,False,-7.5,2,sensitivity_loss;FAR_increase;no_strict_improvement,False,False,PN00,PN00-1.edf
3,3,3,14,0,17,470,6547,30,0,0,6517,1,1,7.7336197636949517,0,3,3,16,10.5,17.5,5,19,0.072119073193187055,85,0.25,0.45000000000000001,False,False,-5,3,FAR_increase;no_strict_improvement,False,False,PN00,PN00-1.edf
3,3,3,10,0,13,385,6547,30,0,0,6517,1,1,5.5240141169249659,0,3,3,16,10.5,17.5,5,19,0.059076262083780882,75,0.25,0.5,False,False,-5,3,FAR_increase;no_strict_improvement,False,False,PN00,PN00-1.edf
3,3,3,6,0,9,295,6547,30,0,0,6517,1,1,3.3144084701549792,0,3,3,16,13,20,10,24,0.045266226791468467,65,0.25,0.55000000000000004,False,False,0,3,FAR_increase;no_strict_improvement,False,False,PN00,PN00-1.edf
3,3,3,4,0,7,250,6547,30,0,0,6517,1,1,2.2096056467699863,0,3,3,16,13,20,10,24,0.038361209145312263,65,0.25,0.59999999999999998,False,False,0,3,FAR_increase;no_strict_improvement,False,False,PN00,PN00-1.edf
3,3,3,2,0,5,225,6547,30,0,0,6517,1,1,1.1048028233849931,0,3,3,16,13,20,10,24,0.034525088230781036,65,0.25,0.65000000000000002,False,False,0,3,FAR_increase;no_strict_improvement,False,False,PN00,PN00-1.edf
3,3,3,2,0,5,200,6547,30,0,0,6517,1,1,1.1048028233849931,0,3,3,16,13,25,10,34,0.030688967316249809,65,0.25,0.69999999999999996,False,False,0,3,FAR_increase;no_strict_improvement,False,False,PN00,PN00-1.edf
3,3,3,1,0,4,150,6547,30,0,0,6517,1,1,0.55240141169249657,0,3,3,34,22,37.5,10,41,0.023016725487187355,65,0.25,0.75,True,False,10,3,FAR_increase;no_strict_improvement;common_event_delay_penalty,False,False,PN00,PN00-1.edf
3,3,3,1,1,4,75,6547,30,0,0,6517,1,1,0.55240141169249657,0,3,3,41,35.5,42.5,30,44,0.011508362743593677,35,0.25,0.80000000000000004,True,False,20,3,FAR_increase;no_strict_improvement;common_event_delay_penalty,False,False,PN00,PN00-1.edf
3,2,2,0,0,2,50,6547,30,0,0,6517,0.66666666666666663,0.66666666666666663,0,1,2,2,48,47,49,46,50,0.0076722418290624522,30,0.25,0.84999999999999998,True,False,32.5,2,sensitivity_loss;no_strict_improvement;common_event_delay_penalty,False,False,PN00,PN00-1.edf
3,2,2,0,0,2,30,6547,30,0,0,6517,0.66666666666666663,0.66666666666666663,0,1,2,2,55.5,52.75,58.25,50,61,0.0046033450974374713,20,0.25,0.90000000000000002,True,False,40,2,sensitivity_loss;no_strict_improvement;common_event_delay_penalty,False,False,PN00,PN00-1.edf
3,0,0,0,0,0,0,6547,30,0,0,6517,0,0,0,3,0,0,,,,,,0,0,0.25,0.94999999999999996,True,False,,0,sensitivity_loss;no_strict_improvement,False,False,PN00,PN00-1.edf
3,0,0,0,0,0,0,6547,30,0,0,6517,0,0,0,3,0,0,,,,,,0,0,0.25,1.01,True,False,,0,sensitivity_loss;no_strict_improvement,False,False,PN00,PN00-1.edf
3,1,3,85,0,86,4175,6547,30,0,0,6517,0.33333333333333331,1,46.954119993862207,2,1,1,1,1,1,1,1,0.64063219272671479,510,0.5,0.050000000000000003,False,False,-15,1,sensitivity_loss;FAR_increase;no_strict_improvement,False,False,PN00,PN00-1.edf
3,2,3,80,0,82,3287,6547,30,0,0,6517,0.66666666666666663,1,44.192112935399727,1,2,2,0.5,0.25,0.75,0,1,0.50437317784256563,260,0.5,0.10000000000000001,False,False,-15,2,sensitivity_loss;FAR_increase;no_strict_improvement,False,False,PN00,PN00-1.edf
3,2,3,81,0,83,2567,6547,30,0,0,6517,0.66666666666666663,1,44.74451434709222,1,2,2,0.5,0.25,0.75,0,1,0.39389289550406631,240,0.5,0.14999999999999999,False,False,-15,2,sensitivity_loss;FAR_increase;no_strict_improvement,False,False,PN00,PN00-1.edf
3,2,3,64,0,66,2027,6547,30,0,0,6517,0.66666666666666663,1,35.35369034831978,1,2,2,0.5,0.25,0.75,0,1,0.31103268375019183,240,0.5,0.20000000000000001,False,False,-15,2,sensitivity_loss;FAR_increase;no_strict_improvement,False,False,PN00,PN00-1.edf
3,2,3,55,0,57,1547,6547,30,0,0,6517,0.66666666666666663,1,30.38207764308731,1,2,2,5.5,2.75,8.25,0,11,0.23737916219119226,220,0.5,0.25,False,False,-10,2,sensitivity_loss;FAR_increase;no_strict_improvement,False,False,PN00,PN00-1.edf
3,2,3,45,0,47,1177,6547,30,0,0,6517,0.66666666666666663,1,24.858063526162343,1,2,2,8,6.5,9.5,5,11,0.18060457265613011,195,0.5,0.29999999999999999,False,False,-7.5,2,sensitivity_loss;FAR_increase;no_strict_improvement,False,False,PN00,PN00-1.edf
3,2,3,35,0,37,902,6547,30,0,0,6517,0.66666666666666663,1,19.33404940923738,1,2,2,10.5,7.75,13.25,5,16,0.13840724259628664,120,0.5,0.34999999999999998,False,False,-5,2,sensitivity_loss;FAR_increase;no_strict_improvement,False,False,PN00,PN00-1.edf
3,2,3,27,0,29,687,6547,30,0,0,6517,0.66666666666666663,1,14.914838115697407,1,2,2,10.5,7.75,13.25,5,16,0.10541660273131809,115,0.5,0.40000000000000002,False,False,-5,2,sensitivity_loss;FAR_increase;no_strict_improvement,False,False,PN00,PN00-1.edf
3,3,3,21,0,24,555,6547,30,0,0,6517,1,1,11.600429645542427,0,3,3,16,10.5,20,5,24,0.085161884302593222,85,0.5,0.45000000000000001,False,False,0,3,FAR_increase;no_strict_improvement,False,False,PN00,PN00-1.edf
3,3,3,18,1,21,445,6547,30,0,0,6517,1,1,9.9432254104649385,0,3,3,16,13,25,10,34,0.068282952278655829,80,0.5,0.5,False,False,0,3,FAR_increase;no_strict_improvement,False,False,PN00,PN00-1.edf
3,3,3,11,2,14,310,6547,30,0,0,6517,1,1,6.0764155286174617,0,3,3,16,13,27.5,10,39,0.047567899340187202,50,0.5,0.55000000000000004,False,False,0,3,FAR_increase;no_strict_improvement,False,False,PN00,PN00-1.edf
3,3,3,7,3,10,205,6547,30,0,0,6517,1,1,3.8668098818474759,0,3,3,16,13,30,10,44,0.031456191499156051,40,0.5,0.59999999999999998,False,False,0,3,FAR_increase;no_strict_improvement,False,False,PN00,PN00-1.edf
3,3,3,4,1,7,145,6547,30,0,0,6517,1,1,2.2096056467699863,0,3,3,41,25.5,47.5,10,54,0.022249501304281112,40,0.5,0.65000000000000002,False,False,25,3,FAR_increase;no_strict_improvement;common_event_delay_penalty,False,False,PN00,PN00-1.edf
3,3,3,3,1,6,110,6547,30,0,0,6517,1,1,1.6572042350774896,0,3,3,41,25.5,47.5,10,54,0.016878932023937393,40,0.5,0.69999999999999996,False,False,25,3,FAR_increase;no_strict_improvement;common_event_delay_penalty,False,False,PN00,PN00-1.edf
3,3,3,3,1,6,100,6547,30,0,0,6517,1,1,1.6572042350774896,0,3,3,46,28,50,10,54,0.015344483658124904,35,0.5,0.75,False,False,30,3,FAR_increase;no_strict_improvement;common_event_delay_penalty,False,False,PN00,PN00-1.edf
3,2,2,1,0,3,55,6547,30,0,0,6517,0.66666666666666663,0.66666666666666663,0.55240141169249657,1,2,2,55.5,52.75,58.25,50,61,0.0084394660119686965,25,0.5,0.80000000000000004,True,False,40,2,sensitivity_loss;FAR_increase;no_strict_improvement;common_event_delay_penalty,False,True,PN00,PN00-1.edf
3,1,1,1,0,2,25,6547,30,0,0,6517,0.33333333333333331,0.33333333333333331,0.55240141169249657,2,1,1,61,61,61,61,61,0.0038361209145312261,15,0.5,0.84999999999999998,True,False,45,1,sensitivity_loss;FAR_increase;no_strict_improvement;common_event_delay_penalty,False,False,PN00,PN00-1.edf
3,0,0,1,0,1,10,6547,30,0,0,6517,0,0,0.55240141169249657,3,0,0,,,,,,0.0015344483658124904,10,0.5,0.90000000000000002,True,False,,0,sensitivity_loss;FAR_increase;no_strict_improvement,False,False,PN00,PN00-1.edf
3,0,0,0,0,0,0,6547,30,0,0,6517,0,0,0,3,0,0,,,,,,0,0,0.5,0.94999999999999996,True,False,,0,sensitivity_loss;no_strict_improvement,False,False,PN00,PN00-1.edf
3,0,0,0,0,0,0,6547,30,0,0,6517,0,0,0,3,0,0,,,,,,0,0,0.5,1.01,True,False,,0,sensitivity_loss;no_strict_improvement,False,False,PN00,PN00-1.edf
3,1,3,78,0,79,4625,6870,30,0,0,6840,0.33333333333333331,1,41.05263157894737,2,1,1,12,12,12,12,12,0.67616959064327486,610,0,0.050000000000000003,False,False,-25,1,sensitivity_loss;FAR_increase;no_strict_improvement,False,False,PN00,PN00-2.edf
3,1,3,85,0,86,3720,6870,30,0,0,6840,0.33333333333333331,1,44.736842105263158,2,1,1,12,12,12,12,12,0.54385964912280704,420,0,0.10000000000000001,False,False,-25,1,sensitivity_loss;FAR_increase;no_strict_improvement,False,False,PN00,PN00-2.edf
3,2,3,85,0,87,2913,6870,30,0,0,6840,0.66666666666666663,1,44.736842105263158,1,2,2,8,6,10,4,12,0.42587719298245613,265,0,0.14999999999999999,False,False,-25,2,sensitivity_loss;FAR_increase;no_strict_improvement,False,False,PN00,PN00-2.edf
3,2,3,72,0,74,2268,6870,30,0,0,6840,0.66666666666666663,1,37.89473684210526,1,2,2,13,12.5,13.5,12,14,0.33157894736842103,235,0,0.20000000000000001,False,False,-20,2,sensitivity_loss;FAR_increase;no_strict_improvement,False,False,PN00,PN00-2.edf
3,2,3,70,0,72,2008,6870,30,0,0,6840,0.66666666666666663,1,36.842105263157897,1,2,2,13,12.5,13.5,12,14,0.29356725146198831,235,0,0.25,False,False,-20,2,sensitivity_loss;FAR_increase;no_strict_improvement,False,False,PN00,PN00-2.edf
3,2,3,60,0,62,1708,6870,30,0,0,6840,0.66666666666666663,1,31.578947368421051,1,2,2,13,12.5,13.5,12,14,0.24970760233918129,175,0,0.29999999999999999,False,False,-20,2,sensitivity_loss;FAR_increase;no_strict_improvement,False,False,PN00,PN00-2.edf
3,2,3,50,0,52,1518,6870,30,0,0,6840,0.66666666666666663,1,26.315789473684209,1,2,2,13,12.5,13.5,12,14,0.2219298245614035,135,0,0.34999999999999998,False,False,-20,2,sensitivity_loss;FAR_increase;no_strict_improvement,False,False,PN00,PN00-2.edf
3,2,3,52,0,54,1378,6870,30,0,0,6840,0.66666666666666663,1,27.368421052631579,1,2,2,13,12.5,13.5,12,14,0.20146198830409356,105,0,0.40000000000000002,False,False,-20,2,sensitivity_loss;FAR_increase;no_strict_improvement,False,False,PN00,PN00-2.edf
3,2,3,48,0,50,1253,6870,30,0,0,6840,0.66666666666666663,1,25.263157894736842,1,2,2,13,12.5,13.5,12,14,0.18318713450292398,90,0,0.45000000000000001,False,False,-20,2,sensitivity_loss;FAR_increase;no_strict_improvement,False,False,PN00,PN00-2.edf
3,2,3,38,0,40,1028,6870,30,0,0,6840,0.66666666666666663,1,20,1,2,2,15.5,14.75,16.25,14,17,0.15029239766081873,90,0,0.5,False,False,-17.5,2,sensitivity_loss;FAR_increase;no_strict_improvement,False,False,PN00,PN00-2.edf
3,3,3,35,0,38,798,6870,30,0,0,6840,1,1,18.421052631578949,0,3,3,14,7.5,15.5,1,17,0.11666666666666667,80,0,0.55000000000000004,False,False,-20,3,FAR_increase;no_strict_improvement,False,False,PN00,PN00-2.edf
3,3,3,19,0,22,493,6870,30,0,0,6840,1,1,10,0,3,3,17,9,18,1,19,0.072076023391812863,80,0,0.59999999999999998,False,False,-20,3,FAR_increase;no_strict_improvement,False,False,PN00,PN00-2.edf
3,3,3,7,0,10,330,6870,30,0,0,6840,1,1,3.6842105263157894,0,3,3,17,11.5,18,6,19,0.048245614035087717,75,0,0.65000000000000002,False,False,-15,3,FAR_increase;no_strict_improvement,False,False,PN00,PN00-2.edf
3,3,3,4,0,7,270,6870,30,0,0,6840,1,1,2.1052631578947367,0,3,3,19,12.5,20.5,6,22,0.039473684210526314,75,0,0.69999999999999996,False,False,-15,3,FAR_increase;no_strict_improvement,False,False,PN00,PN00-2.edf
3,3,3,3,0,6,215,6870,30,0,0,6840,1,1,1.5789473684210527,0,3,3,19,17.5,20.5,16,22,0.031432748538011694,65,0,0.75,False,False,-10,3,FAR_increase;no_strict_improvement,False,False,PN00,PN00-2.edf
3,3,3,2,0,5,175,6870,30,0,0,6840,1,1,1.0526315789473684,0,3,3,22,19,23,16,24,0.025584795321637425,65,0,0.80000000000000004,False,False,-5,3,FAR_increase;no_strict_improvement,False,False,PN00,PN00-2.edf
3,3,3,3,1,6,150,6870,30,0,0,6840,1,1,1.5789473684210527,0,3,3,22,19,25.5,16,29,0.021929824561403508,60,0,0.84999999999999998,False,False,-5,3,FAR_increase;no_strict_improvement,False,False,PN00,PN00-2.edf
3,3,3,0,0,3,105,6870,30,0,0,6840,1,1,0,0,3,3,29,25,33,21,37,0.015350877192982455,50,0,0.90000000000000002,True,False,0,3,no_strict_improvement,True,False,PN00,PN00-2.edf
3,3,3,1,1,4,85,6870,30,0,0,6840,1,1,0.52631578947368418,0,3,3,29,27.5,33,26,37,0.012426900584795321,30,0,0.94999999999999996,True,False,0,3,FAR_increase;no_strict_improvement,False,False,PN00,PN00-2.edf
3,0,0,0,0,0,0,6870,30,0,0,6840,0,0,0,3,0,0,,,,,,0,0,0,1.01,True,False,,0,sensitivity_loss;no_strict_improvement,False,False,PN00,PN00-2.edf
3,1,3,85,0,86,4875,6870,30,0,0,6840,0.33333333333333331,1,44.736842105263158,2,1,1,2,2,2,2,2,0.71271929824561409,510,0.10000000000000001,0.050000000000000003,False,False,-35,1,sensitivity_loss;FAR_increase;no_strict_improvement,False,False,PN00,PN00-2.edf
3,1,3,90,0,91,3660,6870,30,0,0,6840,0.33333333333333331,1,47.368421052631582,2,1,1,12,12,12,12,12,0.53508771929824561,380,0.10000000000000001,0.10000000000000001,False,False,-25,1,sensitivity_loss;FAR_increase;no_strict_improvement,False,False,PN00,PN00-2.edf
3,2,3,81,0,83,2770,6870,30,0,0,6840,0.66666666666666663,1,42.631578947368418,1,2,2,8,6,10,4,12,0.40497076023391815,315,0.10000000000000001,0.14999999999999999,False,False,-25,2,sensitivity_loss;FAR_increase;no_strict_improvement,False,False,PN00,PN00-2.edf
3,2,3,78,0,80,2268,6870,30,0,0,6840,0.66666666666666663,1,41.05263157894737,1,2,2,13,12.5,13.5,12,14,0.33157894736842103,180,0.10000000000000001,0.20000000000000001,False,False,-20,2,sensitivity_loss;FAR_increase;no_strict_improvement,False,False,PN00,PN00-2.edf
3,2,3,64,0,66,1873,6870,30,0,0,6840,0.66666666666666663,1,33.684210526315788,1,2,2,13,12.5,13.5,12,14,0.27383040935672515,175,0.10000000000000001,0.25,False,False,-20,2,sensitivity_loss;FAR_increase;no_strict_improvement,False,False,PN00,PN00-2.edf
3,2,3,53,0,55,1598,6870,30,0,0,6840,0.66666666666666663,1,27.894736842105264,1,2,2,13,12.5,13.5,12,14,0.23362573099415204,135,0.10000000000000001,0.29999999999999999,False,False,-20,2,sensitivity_loss;FAR_increase;no_strict_improvement,False,False,PN00,PN00-2.edf
3,2,3,49,0,51,1393,6870,30,0,0,6840,0.66666666666666663,1,25.789473684210527,1,2,2,13,12.5,13.5,12,14,0.20365497076023392,105,0.10000000000000001,0.34999999999999998,False,False,-20,2,sensitivity_loss;FAR_increase;no_strict_improvement,False,False,PN00,PN00-2.edf
3,2,3,47,0,49,1258,6870,30,0,0,6840,0.66666666666666663,1,24.736842105263158,1,2,2,13,12.5,13.5,12,14,0.18391812865497076,90,0.10000000000000001,0.40000000000000002,False,False,-20,2,sensitivity_loss;FAR_increase;no_strict_improvement,False,False,PN00,PN00-2.edf
3,2,3,36,0,38,1033,6870,30,0,0,6840,0.66666666666666663,1,18.94736842105263,1,2,2,13,12.5,13.5,12,14,0.1510233918128655,90,0.10000000000000001,0.45000000000000001,False,False,-20,2,sensitivity_loss;FAR_increase;no_strict_improvement,False,False,PN00,PN00-2.edf
3,3,3,35,0,38,808,6870,30,0,0,6840,1,1,18.421052631578949,0,3,3,14,7.5,15.5,1,17,0.11812865497076024,80,0.10000000000000001,0.5,False,False,-20,3,FAR_increase;no_strict_improvement,False,False,PN00,PN00-2.edf
3,3,3,17,0,20,453,6870,30,0,0,6840,1,1,8.9473684210526319,0,3,3,17,9,18,1,19,0.066228070175438594,80,0.10000000000000001,0.55000000000000004,False,False,-20,3,FAR_increase;no_strict_improvement,False,False,PN00,PN00-2.edf
3,3,3,5,0,8,310,6870,30,0,0,6840,1,1,2.6315789473684212,0,3,3,17,11.5,18,6,19,0.045321637426900582,75,0.10000000000000001,0.59999999999999998,False,False,-15,3,FAR_increase;no_strict_improvement,False,False,PN00,PN00-2.edf
3,3,3,3,0,6,270,6870,30,0,0,6840,1,1,1.5789473684210527,0,3,3,19,17.5,20.5,16,22,0.039473684210526314,65,0.10000000000000001,0.65000000000000002,False,False,-10,3,FAR_increase;no_strict_improvement,False,False,PN00,PN00-2.edf
3,3,3,3,0,6,220,6870,30,0,0,6840,1,1,1.5789473684210527,0,3,3,22,19,23,16,24,0.032163742690058478,65,0.10000000000000001,0.69999999999999996,False,False,-5,3,FAR_increase;no_strict_improvement,False,False,PN00,PN00-2.edf
3,3,3,2,0,5,195,6870,30,0,0,6840,1,1,1.0526315789473684,0,3,3,22,19,25.5,16,29,0.02850877192982456,65,0.10000000000000001,0.75,False,False,-5,3,FAR_increase;no_strict_improvement,False,False,PN00,PN00-2.edf
3,3,3,1,0,4,150,6870,30,0,0,6840,1,1,0.52631578947368418,0,3,3,27,24,28,21,29,0.021929824561403508,60,0.10000000000000001,0.80000000000000004,True,False,0,3,FAR_increase;no_strict_improvement,False,False,PN00,PN00-2.edf
3,3,3,1,1,4,110,6870,30,0,0,6840,1,1,0.52631578947368418,0,3,3,29,27.5,33,26,37,0.016081871345029239,40,0.10000000000000001,0.84999999999999998,True,False,0,3,FAR_increase;no_strict_improvement,False,False,PN00,PN00-2.edf
3,2,2,0,0,2,50,6870,30,0,0,6840,0.66666666666666663,0.66666666666666663,0,1,2,2,35.5,34.75,36.25,34,37,0.0073099415204678359,30,0.10000000000000001,0.90000000000000002,True,False,2.5,2,sensitivity_loss;no_strict_improvement,False,False,PN00,PN00-2.edf
3,1,1,0,0,1,15,6870,30,0,0,6840,0.33333333333333331,0.33333333333333331,0,2,1,1,52,52,52,52,52,0.0021929824561403508,15,0.10000000000000001,0.94999999999999996,True,False,15,1,sensitivity_loss;no_strict_improvement;common_event_delay_penalty,False,False,PN00,PN00-2.edf
3,0,0,0,0,0,0,6870,30,0,0,6840,0,0,0,3,0,0,,,,,,0,0,0.10000000000000001,1.01,True,False,,0,sensitivity_loss;no_strict_improvement,False,False,PN00,PN00-2.edf
3,0,3,72,0,72,5680,6870,30,0,0,6840,0,1,37.89473684210526,3,0,0,,,,,,0.83040935672514615,505,0.25,0.050000000000000003,False,False,,0,sensitivity_loss;FAR_increase;no_strict_improvement,False,False,PN00,PN00-2.edf
3,1,3,108,0,109,4115,6870,30,0,0,6840,0.33333333333333331,1,56.842105263157897,2,1,1,12,12,12,12,12,0.60160818713450293,350,0.25,0.10000000000000001,False,False,-25,1,sensitivity_loss;FAR_increase;no_strict_improvement,False,False,PN00,PN00-2.edf
3,2,3,91,0,93,2990,6870,30,0,0,6840,0.66666666666666663,1,47.89473684210526,1,2,2,8,6,10,4,12,0.4371345029239766,250,0.25,0.14999999999999999,False,False,-25,2,sensitivity_loss;FAR_increase;no_strict_improvement,False,False,PN00,PN00-2.edf
3,2,3,82,0,84,2455,6870,30,0,0,6840,0.66666666666666663,1,43.157894736842103,1,2,2,13,12.5,13.5,12,14,0.35891812865497075,180,0.25,0.20000000000000001,False,False,-20,2,sensitivity_loss;FAR_increase;no_strict_improvement,False,False,PN00,PN00-2.edf
3,2,3,62,0,64,2028,6870,30,0,0,6840,0.66666666666666663,1,32.631578947368418,1,2,2,13,12.5,13.5,12,14,0.29649122807017542,180,0.25,0.25,False,False,-20,2,sensitivity_loss;FAR_increase;no_strict_improvement,False,False,PN00,PN00-2.edf
3,2,3,58,0,60,1638,6870,30,0,0,6840,0.66666666666666663,1,30.526315789473685,1,2,2,13,12.5,13.5,12,14,0.23947368421052631,110,0.25,0.29999999999999999,False,False,-20,2,sensitivity_loss;FAR_increase;no_strict_improvement,False,False,PN00,PN00-2.edf
3,2,3,50,0,52,1398,6870,30,0,0,6840,0.66666666666666663,1,26.315789473684209,1,2,2,13,12.5,13.5,12,14,0.2043859649122807,110,0.25,0.34999999999999998,False,False,-20,2,sensitivity_loss;FAR_increase;no_strict_improvement,False,False,PN00,PN00-2.edf
3,2,3,41,0,43,1073,6870,30,0,0,6840,0.66666666666666663,1,21.578947368421051,1,2,2,13,12.5,13.5,12,14,0.15687134502923977,110,0.25,0.40000000000000002,False,False,-20,2,sensitivity_loss;FAR_increase;no_strict_improvement,False,False,PN00,PN00-2.edf
3,3,3,24,0,27,623,6870,30,0,0,6840,1,1,12.631578947368421,0,3,3,17,9,18,1,19,0.091081871345029236,85,0.25,0.45000000000000001,False,False,-20,3,FAR_increase;no_strict_improvement,False,False,PN00,PN00-2.edf
3,3,3,12,0,15,450,6870,30,0,0,6840,1,1,6.3157894736842106,0,3,3,17,11.5,18,6,19,0.065789473684210523,80,0.25,0.5,False,False,-15,3,FAR_increase;no_strict_improvement,False,False,PN00,PN00-2.edf
3,3,3,10,0,13,360,6870,30,0,0,6840,1,1,5.2631578947368425,0,3,3,17,16.5,18,16,19,0.052631578947368418,75,0.25,0.55000000000000004,False,False,-10,3,FAR_increase;no_strict_improvement,False,False,PN00,PN00-2.edf
3,3,3,2,0,5,255,6870,30,0,0,6840,1,1,1.0526315789473684,0,3,3,22,19,23,16,24,0.037280701754385963,70,0.25,0.59999999999999998,False,False,-5,3,FAR_increase;no_strict_improvement,False,False,PN00,PN00-2.edf
3,3,3,4,0,7,230,6870,30,0,0,6840,1,1,2.1052631578947367,0,3,3,22,19,25.5,16,29,0.033625730994152045,65,0.25,0.65000000000000002,False,False,-5,3,FAR_increase;no_strict_improvement,False,False,PN00,PN00-2.edf
3,3,3,3,1,6,190,6870,30,0,0,6840,1,1,1.5789473684210527,0,3,3,26,24,27.5,22,29,0.027777777777777776,60,0.25,0.69999999999999996,False,False,0,3,FAR_increase;no_strict_improvement,False,False,PN00,PN00-2.edf
3,3,3,2,1,5,145,6870,30,0,0,6840,1,1,1.0526315789473684,0,3,3,34,30.5,40,27,46,0.021198830409356724,55,0.25,0.75,False,False,5,3,FAR_increase;no_strict_improvement,False,False,PN00,PN00-2.edf
3,3,3,0,0,3,85,6870,30,0,0,6840,1,1,0,0,3,3,56,46.5,57.5,37,59,0.012426900584795321,45,0.25,0.80000000000000004,True,False,30,3,no_strict_improvement;common_event_delay_penalty,False,False,PN00,PN00-2.edf
3,2,2,0,0,2,50,6870,30,0,0,6840,0.66666666666666663,0.66666666666666663,0,1,2,2,54,48,60,42,66,0.0073099415204678359,35,0.25,0.84999999999999998,True,False,25,2,sensitivity_loss;no_strict_improvement;common_event_delay_penalty,False,False,PN00,PN00-2.edf
3,1,1,0,0,1,20,6870,30,0,0,6840,0.33333333333333331,0.33333333333333331,0,2,1,1,52,52,52,52,52,0.0029239766081871343,20,0.25,0.90000000000000002,True,False,15,1,sensitivity_loss;no_strict_improvement;common_event_delay_penalty,False,False,PN00,PN00-2.edf
3,1,1,0,0,1,15,6870,30,0,0,6840,0.33333333333333331,0.33333333333333331,0,2,1,1,52,52,52,52,52,0.0021929824561403508,15,0.25,0.94999999999999996,True,False,15,1,sensitivity_loss;no_strict_improvement;common_event_delay_penalty,False,False,PN00,PN00-2.edf
3,0,0,0,0,0,0,6870,30,0,0,6840,0,0,0,3,0,0,,,,,,0,0,0.25,1.01,True,False,,0,sensitivity_loss;no_strict_improvement,False,False,PN00,PN00-2.edf
3,0,3,69,0,69,5840,6870,30,0,0,6840,0,1,36.315789473684212,3,0,0,,,,,,0.85380116959064323,420,0.5,0.050000000000000003,False,False,,0,sensitivity_loss;FAR_increase;no_strict_improvement,False,False,PN00,PN00-2.edf
3,0,3,111,0,111,4605,6870,30,0,0,6840,0,1,58.421052631578945,3,0,0,,,,,,0.67324561403508776,250,0.5,0.10000000000000001,False,False,,0,sensitivity_loss;FAR_increase;no_strict_improvement,False,False,PN00,PN00-2.edf
3,0,3,107,0,107,3690,6870,30,0,0,6840,0,1,56.315789473684212,3,0,0,,,,,,0.53947368421052633,230,0.5,0.14999999999999999,False,False,,0,sensitivity_loss;FAR_increase;no_strict_improvement,False,False,PN00,PN00-2.edf
3,2,3,99,0,101,2880,6870,30,0,0,6840,0.66666666666666663,1,52.10526315789474,1,2,2,10.5,9.75,11.25,9,12,0.42105263157894735,200,0.5,0.20000000000000001,False,False,-22.5,2,sensitivity_loss;FAR_increase;no_strict_improvement,False,False,PN00,PN00-2.edf
3,2,3,85,0,87,2290,6870,30,0,0,6840,0.66666666666666663,1,44.736842105263158,1,2,2,13,12.5,13.5,12,14,0.33479532163742692,165,0.5,0.25,False,False,-20,2,sensitivity_loss;FAR_increase;no_strict_improvement,False,False,PN00,PN00-2.edf
3,3,3,58,0,61,1550,6870,30,0,0,6840,1,1,30.526315789473685,0,3,3,12,6.5,13,1,14,0.22660818713450293,155,0.5,0.29999999999999999,False,False,-20,3,FAR_increase;no_strict_improvement,False,False,PN00,PN00-2.edf
3,3,3,43,0,46,1185,6870,30,0,0,6840,1,1,22.631578947368421,0,3,3,12,9,15.5,6,19,0.17324561403508773,150,0.5,0.34999999999999998,False,False,-15,3,FAR_increase;no_strict_improvement,False,False,PN00,PN00-2.edf
3,3,3,29,0,32,885,6870,30,0,0,6840,1,1,15.263157894736842,0,3,3,17,16.5,20.5,16,24,0.12938596491228072,135,0.5,0.40000000000000002,False,False,-5,3,FAR_increase;no_strict_improvement,False,False,PN00,PN00-2.edf
3,3,3,20,0,23,590,6870,30,0,0,6840,1,1,10.526315789473685,0,3,3,21,19,25,17,29,0.086257309941520463,85,0.5,0.45000000000000001,False,False,0,3,FAR_increase;no_strict_improvement,False,False,PN00,PN00-2.edf
3,3,3,12,0,15,405,6870,30,0,0,6840,1,1,6.3157894736842106,0,3,3,34,25.5,40,17,46,0.05921052631578947,75,0.5,0.5,False,False,5,3,FAR_increase;no_strict_improvement,False,False,PN00,PN00-2.edf
3,3,3,10,0,13,335,6870,30,0,0,6840,1,1,5.2631578947368425,0,3,3,44,33,50,22,56,0.0489766081871345,70,0.5,0.55000000000000004,False,False,15,3,FAR_increase;no_strict_improvement;common_event_delay_penalty,False,False,PN00,PN00-2.edf
3,3,3,9,0,12,235,6870,30,0,0,6840,1,1,4.7368421052631575,0,3,3,54,40.5,55,27,56,0.034356725146198829,60,0.5,0.59999999999999998,False,False,25,3,FAR_increase;no_strict_improvement;common_event_delay_penalty,False,False,PN00,PN00-2.edf
3,3,3,3,0,6,155,6870,30,0,0,6840,1,1,1.5789473684210527,0,3,3,54,40.5,55,27,56,0.022660818713450291,55,0.5,0.65000000000000002,False,False,25,3,FAR_increase;no_strict_improvement;common_event_delay_penalty,False,False,PN00,PN00-2.edf
3,3,3,2,1,5,115,6870,30,0,0,6840,1,1,1.0526315789473684,0,3,3,54,40.5,60,27,66,0.016812865497076022,40,0.5,0.69999999999999996,False,False,25,3,FAR_increase;no_strict_improvement;common_event_delay_penalty,False,False,PN00,PN00-2.edf
3,3,3,1,1,4,85,6870,30,0,0,6840,1,1,0.52631578947368418,0,3,3,59,43,62.5,27,66,0.012426900584795321,30,0.5,0.75,True,False,30,3,FAR_increase;no_strict_improvement;common_event_delay_penalty,False,False,PN00,PN00-2.edf
3,3,3,0,0,3,70,6870,30,0,0,6840,1,1,0,0,3,3,59,55.5,62.5,52,66,0.01023391812865497,30,0.5,0.80000000000000004,True,False,30,3,no_strict_improvement;common_event_delay_penalty,False,False,PN00,PN00-2.edf
3,3,3,0,0,3,60,6870,30,0,0,6840,1,1,0,0,3,3,59,55.5,62.5,52,66,0.008771929824561403,30,0.5,0.84999999999999998,True,False,30,3,no_strict_improvement;common_event_delay_penalty,False,True,PN00,PN00-2.edf
3,2,2,0,0,2,30,6870,30,0,0,6840,0.66666666666666663,0.66666666666666663,0,1,2,2,59,55.5,62.5,52,66,0.0043859649122807015,20,0.5,0.90000000000000002,True,False,30,2,sensitivity_loss;no_strict_improvement;common_event_delay_penalty,False,False,PN00,PN00-2.edf
3,1,1,0,0,1,15,6870,30,0,0,6840,0.33333333333333331,0.33333333333333331,0,2,1,1,52,52,52,52,52,0.0021929824561403508,15,0.5,0.94999999999999996,True,False,15,1,sensitivity_loss;no_strict_improvement;common_event_delay_penalty,False,False,PN00,PN00-2.edf
3,0,0,0,0,0,0,6870,30,0,0,6840,0,0,0,3,0,0,,,,,,0,0,0.5,1.01,True,False,,0,sensitivity_loss;no_strict_improvement,False,False,PN00,PN00-2.edf
3,0,3,84,0,84,4673,7070,30,0,0,7040,0,1,42.954545454545453,3,0,0,,,,,,0.66377840909090913,410,0,0.050000000000000003,False,False,,0,sensitivity_loss;FAR_increase;no_strict_improvement,False,False,PN00,PN00-4.edf
3,2,3,103,0,105,3173,7070,30,0,0,7040,0.66666666666666663,1,52.670454545454547,1,2,2,6.5,3.75,9.25,1,12,0.45071022727272725,305,0,0.10000000000000001,False,False,-12.5,2,sensitivity_loss;FAR_increase;no_strict_improvement,False,False,PN00,PN00-4.edf
3,2,3,87,0,89,2573,7070,30,0,0,7040,0.66666666666666663,1,44.488636363636367,1,2,2,6.5,3.75,9.25,1,12,0.36548295454545454,300,0,0.14999999999999999,False,False,-12.5,2,sensitivity_loss;FAR_increase;no_strict_improvement,False,False,PN00,PN00-4.edf
3,2,3,81,0,83,2048,7070,30,0,0,7040,0.66666666666666663,1,41.420454545454547,1,2,2,6.5,3.75,9.25,1,12,0.29090909090909089,295,0,0.20000000000000001,False,False,-12.5,2,sensitivity_loss;FAR_increase;no_strict_improvement,False,False,PN00,PN00-4.edf
3,3,3,62,0,65,1570,7070,30,0,0,7040,1,1,31.704545454545453,0,3,3,1,0.5,6.5,0,12,0.22301136363636365,295,0,0.25,False,False,-15,3,FAR_increase;no_strict_improvement,False,False,PN00,PN00-4.edf
3,3,3,43,0,46,1255,7070,30,0,0,7040,1,1,21.988636363636363,0,3,3,1,0.5,6.5,0,12,0.17826704545454544,295,0,0.29999999999999999,False,False,-15,3,FAR_increase;no_strict_improvement,False,False,PN00,PN00-4.edf
3,3,3,33,0,36,1065,7070,30,0,0,7040,1,1,16.875,0,3,3,1,0.5,6.5,0,12,0.15127840909090909,295,0,0.34999999999999998,False,False,-15,3,FAR_increase;no_strict_improvement,False,False,PN00,PN00-4.edf
3,3,3,29,0,32,880,7070,30,0,0,7040,1,1,14.829545454545455,0,3,3,5,3,8.5,1,12,0.125,110,0,0.40000000000000002,False,False,-15,3,FAR_increase;no_strict_improvement,False,False,PN00,PN00-4.edf
3,3,3,26,0,29,750,7070,30,0,0,7040,1,1,13.295454545454545,0,3,3,5,3,8.5,1,12,0.10653409090909091,100,0,0.45000000000000001,False,False,-15,3,FAR_increase;no_strict_improvement,False,False,PN00,PN00-4.edf
3,3,3,16,0,19,555,7070,30,0,0,7040,1,1,8.1818181818181817,0,3,3,11,8,11.5,5,12,0.078835227272727279,100,0,0.5,False,False,-10,3,FAR_increase;no_strict_improvement,False,False,PN00,PN00-4.edf
3,3,3,10,0,13,400,7070,30,0,0,7040,1,1,5.1136363636363633,0,3,3,12,8.5,14,5,16,0.056818181818181816,70,0,0.55000000000000004,False,False,-10,3,FAR_increase;no_strict_improvement,False,False,PN00,PN00-4.edf
3,3,3,9,0,12,325,7070,30,0,0,7040,1,1,4.6022727272727275,0,3,3,16,10.5,16.5,5,17,0.046164772727272728,70,0,0.59999999999999998,False,False,-5,3,FAR_increase;no_strict_improvement,False,False,PN00,PN00-4.edf
3,3,3,7,0,10,285,7070,30,0,0,7040,1,1,3.5795454545454546,0,3,3,16,10.5,16.5,5,17,0.040482954545454544,70,0,0.65000000000000002,False,False,-5,3,FAR_increase;no_strict_improvement,False,False,PN00,PN00-4.edf
3,3,3,5,0,8,240,7070,30,0,0,7040,1,1,2.5568181818181817,0,3,3,16,15.5,19,15,22,0.034090909090909088,65,0,0.69999999999999996,False,False,0,3,FAR_increase;no_strict_improvement,False,False,PN00,PN00-4.edf
3,3,3,0,0,3,180,7070,30,0,0,7040,1,1,0,0,3,3,20,18,21,16,22,0.02556818181818182,65,0,0.75,True,False,0,3,no_strict_improvement,False,False,PN00,PN00-4.edf
3,3,3,0,0,3,175,7070,30,0,0,7040,1,1,0,0,3,3,20,18,21,16,22,0.024857954545454544,65,0,0.80000000000000004,True,False,0,3,no_strict_improvement,False,False,PN00,PN00-4.edf
3,3,3,0,0,3,170,7070,30,0,0,7040,1,1,0,0,3,3,20,18,21,16,22,0.024147727272727272,65,0,0.84999999999999998,True,False,0,3,no_strict_improvement,True,False,PN00,PN00-4.edf
3,3,3,1,1,4,150,7070,30,0,0,7040,1,1,0.51136363636363635,0,3,3,20,18,21,16,22,0.02130681818181818,60,0,0.90000000000000002,True,False,0,3,FAR_increase;no_strict_improvement,False,False,PN00,PN00-4.edf
3,3,3,2,2,5,110,7070,30,0,0,7040,1,1,1.0227272727272727,0,3,3,21,20.5,21.5,20,22,0.015625,45,0,0.94999999999999996,False,False,0,3,FAR_increase;no_strict_improvement,False,False,PN00,PN00-4.edf
3,0,0,0,0,0,0,7070,30,0,0,7040,0,0,0,3,0,0,,,,,,0,0,0,1.01,True,False,,0,sensitivity_loss;no_strict_improvement,False,False,PN00,PN00-4.edf
3,0,3,71,0,71,4773,7070,30,0,0,7040,0,1,36.30681818181818,3,0,0,,,,,,0.67798295454545454,430,0.10000000000000001,0.050000000000000003,False,False,,0,sensitivity_loss;FAR_increase;no_strict_improvement,False,False,PN00,PN00-4.edf
3,1,3,109,0,110,3213,7070,30,0,0,7040,0.33333333333333331,1,55.738636363636367,2,1,1,1,1,1,1,1,0.45639204545454548,195,0.10000000000000001,0.10000000000000001,False,False,-15,1,sensitivity_loss;FAR_increase;no_strict_improvement,False,False,PN00,PN00-4.edf
3,2,3,84,0,86,2398,7070,30,0,0,7040,0.66666666666666663,1,42.954545454545453,1,2,2,6.5,3.75,9.25,1,12,0.34062500000000001,190,0.10000000000000001,0.14999999999999999,False,False,-12.5,2,sensitivity_loss;FAR_increase;no_strict_improvement,False,False,PN00,PN00-4.edf
3,3,3,72,0,75,1923,7070,30,0,0,7040,1,1,36.81818181818182,0,3,3,1,0.5,6.5,0,12,0.27315340909090907,185,0.10000000000000001,0.20000000000000001,False,False,-15,3,FAR_increase;no_strict_improvement,False,False,PN00,PN00-4.edf
3,3,3,53,0,56,1475,7070,30,0,0,7040,1,1,27.102272727272727,0,3,3,1,0.5,6.5,0,12,0.20951704545454544,185,0.10000000000000001,0.25,False,False,-15,3,FAR_increase;no_strict_improvement,False,False,PN00,PN00-4.edf
3,3,3,44,0,47,1190,7070,30,0,0,7040,1,1,22.5,0,3,3,1,0.5,6.5,0,12,0.16903409090909091,185,0.10000000000000001,0.29999999999999999,False,False,-15,3,FAR_increase;no_strict_improvement,False,False,PN00,PN00-4.edf
3,3,3,32,0,35,955,7070,30,0,0,7040,1,1,16.363636363636363,0,3,3,5,3,8.5,1,12,0.13565340909090909,130,0.10000000000000001,0.34999999999999998,False,False,-15,3,FAR_increase;no_strict_improvement,False,False,PN00,PN00-4.edf
3,3,3,30,0,33,805,7070,30,0,0,7040,1,1,15.340909090909092,0,3,3,5,3,8.5,1,12,0.11434659090909091,100,0.10000000000000001,0.40000000000000002,False,False,-15,3,FAR_increase;no_strict_improvement,False,False,PN00,PN00-4.edf
3,3,3,20,0,23,645,7070,30,0,0,7040,1,1,10.227272727272727,0,3,3,11,8,11.5,5,12,0.091619318181818177,100,0.10000000000000001,0.45000000000000001,False,False,-10,3,FAR_increase;no_strict_improvement,False,False,PN00,PN00-4.edf
3,3,3,15,0,18,500,7070,30,0,0,7040,1,1,7.6704545454545459,0,3,3,11,8,11.5,5,12,0.071022727272727279,75,0.10000000000000001,0.5,False,False,-10,3,FAR_increase;no_strict_improvement,False,False,PN00,PN00-4.edf
3,3,3,9,0,12,350,7070,30,0,0,7040,1,1,4.6022727272727275,0,3,3,16,10.5,16.5,5,17,0.049715909090909088,70,0.10000000000000001,0.55000000000000004,False,False,-5,3,FAR_increase;no_strict_improvement,False,False,PN00,PN00-4.edf
3,3,3,9,0,12,315,7070,30,0,0,7040,1,1,4.6022727272727275,0,3,3,16,10.5,16.5,5,17,0.044744318181818184,70,0.10000000000000001,0.59999999999999998,False,False,-5,3,FAR_increase;no_strict_improvement,False,False,PN00,PN00-4.edf
3,3,3,6,0,9,265,7070,30,0,0,7040,1,1,3.0681818181818183,0,3,3,16,10.5,16.5,5,17,0.037642045454545456,70,0.10000000000000001,0.65000000000000002,False,False,-5,3,FAR_increase;no_strict_improvement,False,False,PN00,PN00-4.edf
3,3,3,1,0,4,190,7070,30,0,0,7040,1,1,0.51136363636363635,0,3,3,20,18,21,16,22,0.026988636363636364,65,0.10000000000000001,0.69999999999999996,True,False,0,3,FAR_increase;no_strict_improvement,False,False,PN00,PN00-4.edf
3,3,3,0,0,3,180,7070,30,0,0,7040,1,1,0,0,3,3,20,18,21,16,22,0.02556818181818182,65,0.10000000000000001,0.75,True,False,0,3,no_strict_improvement,False,False,PN00,PN00-4.edf
3,3,3,0,0,3,170,7070,30,0,0,7040,1,1,0,0,3,3,20,18,21,16,22,0.024147727272727272,65,0.10000000000000001,0.80000000000000004,True,False,0,3,no_strict_improvement,False,False,PN00,PN00-4.edf
3,3,3,0,0,3,160,7070,30,0,0,7040,1,1,0,0,3,3,20,18,21,16,22,0.022727272727272728,65,0.10000000000000001,0.84999999999999998,True,False,0,3,no_strict_improvement,False,False,PN00,PN00-4.edf
3,3,3,1,1,4,125,7070,30,0,0,7040,1,1,0.51136363636363635,0,3,3,20,18,26,16,32,0.01775568181818182,50,0.10000000000000001,0.90000000000000002,True,False,0,3,FAR_increase;no_strict_improvement,False,False,PN00,PN00-4.edf
3,3,3,1,1,4,45,7070,30,0,0,7040,1,1,0.51136363636363635,0,3,3,46,39,48,32,50,0.0063920454545454549,15,0.10000000000000001,0.94999999999999996,True,False,30,3,FAR_increase;no_strict_improvement;common_event_delay_penalty,False,False,PN00,PN00-4.edf
3,1,1,0,0,1,10,7070,30,0,0,7040,0.33333333333333331,0.33333333333333331,0,2,1,1,32,32,32,32,32,0.0014204545454545455,10,0.10000000000000001,1.01,True,False,10,1,sensitivity_loss;no_strict_improvement;common_event_delay_penalty,False,False,PN00,PN00-4.edf
3,0,3,67,0,67,5068,7070,30,0,0,7040,0,1,34.261363636363633,3,0,0,,,,,,0.7198863636363636,640,0.25,0.050000000000000003,False,False,,0,sensitivity_loss;FAR_increase;no_strict_improvement,False,False,PN00,PN00-4.edf
3,1,3,98,0,99,3848,7070,30,0,0,7040,0.33333333333333331,1,50.113636363636367,2,1,1,1,1,1,1,1,0.54659090909090913,195,0.25,0.10000000000000001,False,False,-15,1,sensitivity_loss;FAR_increase;no_strict_improvement,False,False,PN00,PN00-4.edf
3,2,3,96,0,98,2838,7070,30,0,0,7040,0.66666666666666663,1,49.090909090909093,1,2,2,6.5,3.75,9.25,1,12,0.40312500000000001,190,0.25,0.14999999999999999,False,False,-12.5,2,sensitivity_loss;FAR_increase;no_strict_improvement,False,False,PN00,PN00-4.edf
3,3,3,74,0,77,2050,7070,30,0,0,7040,1,1,37.840909090909093,0,3,3,1,0.5,6.5,0,12,0.29119318181818182,185,0.25,0.20000000000000001,False,False,-15,3,FAR_increase;no_strict_improvement,False,False,PN00,PN00-4.edf
3,3,3,54,0,57,1555,7070,30,0,0,7040,1,1,27.613636363636363,0,3,3,1,0.5,6.5,0,12,0.22088068181818182,185,0.25,0.25,False,False,-15,3,FAR_increase;no_strict_improvement,False,False,PN00,PN00-4.edf
3,3,3,39,0,42,1220,7070,30,0,0,7040,1,1,19.943181818181817,0,3,3,1,0.5,6.5,0,12,0.17329545454545456,140,0.25,0.29999999999999999,False,False,-15,3,FAR_increase;no_strict_improvement,False,False,PN00,PN00-4.edf
3,3,3,36,0,39,985,7070,30,0,0,7040,1,1,18.40909090909091,0,3,3,5,3,8.5,1,12,0.13991477272727273,115,0.25,0.34999999999999998,False,False,-15,3,FAR_increase;no_strict_improvement,False,False,PN00,PN00-4.edf
3,3,3,26,0,29,725,7070,30,0,0,7040,1,1,13.295454545454545,0,3,3,11,8,11.5,5,12,0.10298295454545454,100,0.25,0.40000000000000002,False,False,-10,3,FAR_increase;no_strict_improvement,False,False,PN00,PN00-4.edf
3,3,3,17,0,20,560,7070,30,0,0,7040,1,1,8.6931818181818183,0,3,3,11,8,11.5,5,12,0.079545454545454544,85,0.25,0.45000000000000001,False,False,-10,3,FAR_increase;no_strict_improvement,False,False,PN00,PN00-4.edf
3,3,3,15,0,18,450,7070,30,0,0,7040,1,1,7.6704545454545459,0,3,3,11,8,14,5,17,0.063920454545454544,75,0.25,0.5,False,False,-5,3,FAR_increase;no_strict_improvement,False,False,PN00,PN00-4.edf
3,3,3,7,0,10,320,7070,30,0,0,7040,1,1,3.5795454545454546,0,3,3,16,10.5,16.5,5,17,0.045454545454545456,75,0.25,0.55000000000000004,False,False,-5,3,FAR_increase;no_strict_improvement,False,False,PN00,PN00-4.edf
3,3,3,6,0,9,275,7070,30,0,0,7040,1,1,3.0681818181818183,0,3,3,16,10.5,16.5,5,17,0.0390625,70,0.25,0.59999999999999998,False,False,-5,3,FAR_increase;no_strict_improvement,False,False,PN00,PN00-4.edf
3,3,3,6,1,9,255,7070,30,0,0,7040,1,1,3.0681818181818183,0,3,3,16,10.5,16.5,5,17,0.036221590909090912,65,0.25,0.65000000000000002,False,False,-5,3,FAR_increase;no_strict_improvement,False,False,PN00,PN00-4.edf
3,3,3,1,0,4,190,7070,30,0,0,7040,1,1,0.51136363636363635,0,3,3,20,18,21,16,22,0.026988636363636364,65,0.25,0.69999999999999996,True,False,0,3,FAR_increase;no_strict_improvement,False,False,PN00,PN00-4.edf
3,3,3,1,1,4,160,7070,30,0,0,7040,1,1,0.51136363636363635,0,3,3,20,18,21,16,22,0.022727272727272728,55,0.25,0.75,True,False,0,3,FAR_increase;no_strict_improvement,False,False,PN00,PN00-4.edf
3,3,3,1,1,4,110,7070,30,0,0,7040,1,1,0.51136363636363635,0,3,3,32,24,41,16,50,0.015625,40,0.25,0.80000000000000004,True,False,10,3,FAR_increase;no_strict_improvement;common_event_delay_penalty,False,False,PN00,PN00-4.edf
3,3,3,1,1,4,80,7070,30,0,0,7040,1,1,0.51136363636363635,0,3,3,46,39,48,32,50,0.011363636363636364,35,0.25,0.84999999999999998,True,False,30,3,FAR_increase;no_strict_improvement;common_event_delay_penalty,False,False,PN00,PN00-4.edf
3,3,3,2,2,5,65,7070,30,0,0,7040,1,1,1.0227272727272727,0,3,3,46,39,48,32,50,0.0092329545454545459,20,0.25,0.90000000000000002,False,False,30,3,FAR_increase;no_strict_improvement;common_event_delay_penalty,False,False,PN00,PN00-4.edf
3,1,1,0,0,1,10,7070,30,0,0,7040,0.33333333333333331,0.33333333333333331,0,2,1,1,32,32,32,32,32,0.0014204545454545455,10,0.25,0.94999999999999996,True,False,10,1,sensitivity_loss;no_strict_improvement;common_event_delay_penalty,False,False,PN00,PN00-4.edf
3,1,1,0,0,1,10,7070,30,0,0,7040,0.33333333333333331,0.33333333333333331,0,2,1,1,32,32,32,32,32,0.0014204545454545455,10,0.25,1.01,True,False,10,1,sensitivity_loss;no_strict_improvement;common_event_delay_penalty,False,False,PN00,PN00-4.edf
3,0,3,72,0,72,5248,7070,30,0,0,7040,0,1,36.81818181818182,3,0,0,,,,,,0.74545454545454548,855,0.5,0.050000000000000003,False,False,,0,sensitivity_loss;FAR_increase;no_strict_improvement,False,False,PN00,PN00-4.edf
3,0,3,95,0,95,4193,7070,30,0,0,7040,0,1,48.579545454545453,3,0,0,,,,,,0.59559659090909089,430,0.5,0.10000000000000001,False,False,,0,sensitivity_loss;FAR_increase;no_strict_improvement,False,False,PN00,PN00-4.edf
3,1,3,88,0,89,3360,7070,30,0,0,7040,0.33333333333333331,1,45,2,1,1,0,0,0,0,0,0.47727272727272729,185,0.5,0.14999999999999999,False,False,-20,1,sensitivity_loss;FAR_increase;no_strict_improvement,False,False,PN00,PN00-4.edf
3,2,3,89,0,91,2585,7070,30,0,0,7040,0.66666666666666663,1,45.511363636363633,1,2,2,0.5,0.25,0.75,0,1,0.3671875,185,0.5,0.20000000000000001,False,False,-17.5,2,sensitivity_loss;FAR_increase;no_strict_improvement,False,False,PN00,PN00-4.edf
3,3,3,83,0,86,2085,7070,30,0,0,7040,1,1,42.44318181818182,0,3,3,11,8,11.5,5,12,0.29616477272727271,145,0.5,0.25,False,False,-10,3,FAR_increase;no_strict_improvement,False,False,PN00,PN00-4.edf
3,3,3,59,0,62,1525,7070,30,0,0,7040,1,1,30.170454545454547,0,3,3,11,8,11.5,5,12,0.21661931818181818,145,0.5,0.29999999999999999,False,False,-10,3,FAR_increase;no_strict_improvement,False,False,PN00,PN00-4.edf
3,3,3,38,0,41,1070,7070,30,0,0,7040,1,1,19.431818181818183,0,3,3,11,8,11.5,5,12,0.15198863636363635,135,0.5,0.34999999999999998,False,False,-10,3,FAR_increase;no_strict_improvement,False,False,PN00,PN00-4.edf
3,3,3,26,0,29,760,7070,30,0,0,7040,1,1,13.295454545454545,0,3,3,11,8,14,5,17,0.10795454545454546,135,0.5,0.40000000000000002,False,False,-5,3,FAR_increase;no_strict_improvement,False,False,PN00,PN00-4.edf
3,3,3,19,0,22,565,7070,30,0,0,7040,1,1,9.7159090909090917,0,3,3,11,8,14,5,17,0.080255681818181823,105,0.5,0.45000000000000001,False,False,-5,3,FAR_increase;no_strict_improvement,False,False,PN00,PN00-4.edf
3,3,3,18,1,21,475,7070,30,0,0,7040,1,1,9.204545454545455,0,3,3,11,8,14,5,17,0.067471590909090912,90,0.5,0.5,False,False,-5,3,FAR_increase;no_strict_improvement,False,False,PN00,PN00-4.edf
3,3,3,14,2,17,365,7070,30,0,0,7040,1,1,7.1590909090909092,0,3,3,16,10.5,16.5,5,17,0.051846590909090912,65,0.5,0.55000000000000004,False,False,-5,3,FAR_increase;no_strict_improvement,False,False,PN00,PN00-4.edf
3,3,3,11,2,14,270,7070,30,0,0,7040,1,1,5.625,0,3,3,16,10.5,16.5,5,17,0.038352272727272728,65,0.5,0.59999999999999998,False,False,-5,3,FAR_increase;no_strict_improvement,False,False,PN00,PN00-4.edf
3,3,3,9,3,12,215,7070,30,0,0,7040,1,1,4.6022727272727275,0,3,3,16,10.5,16.5,5,17,0.030539772727272728,40,0.5,0.65000000000000002,False,False,-5,3,FAR_increase;no_strict_improvement,False,False,PN00,PN00-4.edf
3,3,3,4,3,7,130,7070,30,0,0,7040,1,1,2.0454545454545454,0,3,3,17,16.5,33.5,16,50,0.018465909090909092,40,0.5,0.69999999999999996,False,False,0,3,FAR_increase;no_strict_improvement,False,False,PN00,PN00-4.edf
3,3,3,2,1,5,95,7070,30,0,0,7040,1,1,1.0227272727272727,0,3,3,46,39,48,32,50,0.013494318181818182,35,0.5,0.75,False,False,30,3,FAR_increase;no_strict_improvement;common_event_delay_penalty,False,False,PN00,PN00-4.edf
3,3,3,2,2,5,75,7070,30,0,0,7040,1,1,1.0227272727272727,0,3,3,46,39,48,32,50,0.01065340909090909,25,0.5,0.80000000000000004,False,False,30,3,FAR_increase;no_strict_improvement;common_event_delay_penalty,False,False,PN00,PN00-4.edf
3,3,3,0,0,3,50,7070,30,0,0,7040,1,1,0,0,3,3,50,41,58,32,66,0.007102272727272727,25,0.5,0.84999999999999998,True,False,30,3,no_strict_improvement;common_event_delay_penalty,False,True,PN00,PN00-4.edf
3,2,2,1,0,3,35,7070,30,0,0,7040,0.66666666666666663,0.66666666666666663,0.51136363636363635,1,2,2,49,40.5,57.5,32,66,0.004971590909090909,15,0.5,0.90000000000000002,True,False,30,2,sensitivity_loss;FAR_increase;no_strict_improvement;common_event_delay_penalty,False,False,PN00,PN00-4.edf
3,1,1,0,0,1,10,7070,30,0,0,7040,0.33333333333333331,0.33333333333333331,0,2,1,1,32,32,32,32,32,0.0014204545454545455,10,0.5,0.94999999999999996,True,False,10,1,sensitivity_loss;no_strict_improvement;common_event_delay_penalty,False,False,PN00,PN00-4.edf
3,1,1,0,0,1,10,7070,30,0,0,7040,0.33333333333333331,0.33333333333333331,0,2,1,1,32,32,32,32,32,0.0014204545454545455,10,0.5,1.01,True,False,10,1,sensitivity_loss;no_strict_improvement;common_event_delay_penalty,False,False,PN00,PN00-4.edf
3,1,3,69,0,70,4974,7029,30,0,0,6999,0.33333333333333331,1,35.490784397771108,2,1,1,12,12,12,12,12,0.7106729532790399,2292,0,0.050000000000000003,False,False,-25,1,sensitivity_loss;FAR_increase;no_strict_improvement,False,False,PN00,PN00-5.edf
3,1,3,82,0,83,4244,7029,30,0,0,6999,0.33333333333333331,1,42.177453921988857,2,1,1,12,12,12,12,12,0.60637233890555797,1520,0,0.10000000000000001,False,False,-25,1,sensitivity_loss;FAR_increase;no_strict_improvement,False,False,PN00,PN00-5.edf
3,2,3,86,0,88,3392,7029,30,0,0,6999,0.66666666666666663,1,44.234890698671236,1,2,2,8,6,10,4,12,0.48464066295185027,980,0,0.14999999999999999,False,False,-25,2,sensitivity_loss;FAR_increase;no_strict_improvement,False,False,PN00,PN00-5.edf
3,2,3,64,0,66,2760,7029,30,0,0,6999,0.66666666666666663,1,32.918988426918133,1,2,2,8,6,10,4,12,0.39434204886412344,845,0,0.20000000000000001,False,False,-25,2,sensitivity_loss;FAR_increase;no_strict_improvement,False,False,PN00,PN00-5.edf
3,2,3,58,0,60,2435,7029,30,0,0,6999,0.66666666666666663,1,29.832833261894557,1,2,2,13,12.5,13.5,12,14,0.34790684383483356,845,0,0.25,False,False,-20,2,sensitivity_loss;FAR_increase;no_strict_improvement,False,False,PN00,PN00-5.edf
3,2,3,56,0,58,2160,7029,30,0,0,6999,0.66666666666666663,1,28.804114873553363,1,2,2,13,12.5,13.5,12,14,0.30861551650235747,495,0,0.29999999999999999,False,False,-20,2,sensitivity_loss;FAR_increase;no_strict_improvement,False,False,PN00,PN00-5.edf
3,2,3,46,0,48,1955,7029,30,0,0,6999,0.66666666666666663,1,23.660522931847407,1,2,2,13,12.5,13.5,12,14,0.27932561794542077,490,0,0.34999999999999998,False,False,-20,2,sensitivity_loss;FAR_increase;no_strict_improvement,False,False,PN00,PN00-5.edf
3,2,3,40,0,42,1765,7029,30,0,0,6999,0.66666666666666663,1,20.574367766823833,1,2,2,13,12.5,13.5,12,14,0.25217888269752819,400,0,0.40000000000000002,False,False,-20,2,sensitivity_loss;FAR_increase;no_strict_improvement,False,False,PN00,PN00-5.edf
3,2,3,35,0,37,1650,7029,30,0,0,6999,0.66666666666666663,1,18.002571795970852,1,2,2,13,12.5,13.5,12,14,0.2357479639948564,400,0,0.45000000000000001,False,False,-20,2,sensitivity_loss;FAR_increase;no_strict_improvement,False,False,PN00,PN00-5.edf
3,2,3,43,0,45,1415,7029,30,0,0,6999,0.66666666666666663,1,22.117445349335618,1,2,2,15.5,14.75,16.25,14,17,0.20217173881983141,150,0,0.5,False,False,-17.5,2,sensitivity_loss;FAR_increase;no_strict_improvement,False,False,PN00,PN00-5.edf
3,2,3,37,1,39,1050,7029,30,0,0,6999,0.66666666666666663,1,19.031290184312045,1,2,2,18,17.5,18.5,17,19,0.15002143163309045,90,0,0.55000000000000004,False,False,-15,2,sensitivity_loss;FAR_increase;no_strict_improvement,False,False,PN00,PN00-5.edf
3,3,3,25,1,28,660,7029,30,0,0,6999,1,1,12.858979854264895,0,3,3,19,14.5,20.5,10,22,0.094299185597942564,65,0,0.59999999999999998,False,False,-10,3,FAR_increase;no_strict_improvement,False,False,PN00,PN00-5.edf
3,3,3,10,1,13,310,7029,30,0,0,6999,1,1,5.1435919417059583,0,3,3,22,16,23,10,24,0.044292041720245749,65,0,0.65000000000000002,False,False,-10,3,FAR_increase;no_strict_improvement,False,False,PN00,PN00-5.edf
3,3,3,8,2,11,230,7029,30,0,0,6999,1,1,4.1148735533647667,0,3,3,22,18.5,23,15,24,0.032861837405343618,60,0,0.69999999999999996,False,False,-5,3,FAR_increase;no_strict_improvement,False,False,PN00,PN00-5.edf
3,3,3,4,1,7,185,7029,30,0,0,6999,1,1,2.0574367766823833,0,3,3,24,19.5,30.5,15,37,0.026432347478211174,60,0,0.75,False,False,-5,3,FAR_increase;no_strict_improvement,False,False,PN00,PN00-5.edf
3,3,3,3,1,6,160,7029,30,0,0,6999,1,1,1.5430775825117875,0,3,3,29,22,33,15,37,0.022860408629804256,55,0,0.80000000000000004,False,False,0,3,FAR_increase;no_strict_improvement,False,False,PN00,PN00-5.edf
3,3,3,0,0,3,115,7029,30,0,0,6999,1,1,0,0,3,3,29,24.5,33,20,37,0.016430918702671809,45,0,0.84999999999999998,True,False,0,3,no_strict_improvement,False,False,PN00,PN00-5.edf
3,3,3,0,0,3,110,7029,30,0,0,6999,1,1,0,0,3,3,29,24.5,33,20,37,0.015716530932990427,45,0,0.90000000000000002,True,False,0,3,no_strict_improvement,True,False,PN00,PN00-5.edf
3,3,3,0,0,3,90,7029,30,0,0,6999,1,1,0,0,3,3,34,29.5,35.5,25,37,0.012858979854264894,40,0,0.94999999999999996,True,False,5,3,no_strict_improvement,False,False,PN00,PN00-5.edf
3,0,0,0,0,0,0,7029,30,0,0,6999,0,0,0,3,0,0,,,,,,0,0,0,1.01,True,False,,0,sensitivity_loss;no_strict_improvement,False,False,PN00,PN00-5.edf
3,1,3,85,0,86,5284,7029,30,0,0,6999,0.33333333333333331,1,43.720531504500642,2,1,1,12,12,12,12,12,0.7549649949992856,927,0.10000000000000001,0.050000000000000003,False,False,-25,1,sensitivity_loss;FAR_increase;no_strict_improvement,False,False,PN00,PN00-5.edf
3,1,3,93,0,94,3992,7029,30,0,0,6999,0.33333333333333331,1,47.835405057865408,2,1,1,12,12,12,12,12,0.57036719531361624,365,0.10000000000000001,0.10000000000000001,False,False,-25,1,sensitivity_loss;FAR_increase;no_strict_improvement,False,False,PN00,PN00-5.edf
3,2,3,85,0,87,3112,7029,30,0,0,6999,0.66666666666666663,1,43.720531504500642,1,2,2,8,6,10,4,12,0.44463494784969282,365,0.10000000000000001,0.14999999999999999,False,False,-25,2,sensitivity_loss;FAR_increase;no_strict_improvement,False,False,PN00,PN00-5.edf
3,2,3,64,0,66,2425,7029,30,0,0,6999,0.66666666666666663,1,32.918988426918133,1,2,2,8,6,10,4,12,0.34647806829547079,365,0.10000000000000001,0.20000000000000001,False,False,-25,2,sensitivity_loss;FAR_increase;no_strict_improvement,False,False,PN00,PN00-5.edf
3,2,3,59,0,61,2095,7029,30,0,0,6999,0.66666666666666663,1,30.347192456065152,1,2,2,13,12.5,13.5,12,14,0.29932847549649949,365,0.10000000000000001,0.25,False,False,-20,2,sensitivity_loss;FAR_increase;no_strict_improvement,False,False,PN00,PN00-5.edf
3,2,3,53,0,55,1865,7029,30,0,0,6999,0.66666666666666663,1,27.261037291041578,1,2,2,13,12.5,13.5,12,14,0.26646663809115589,285,0.10000000000000001,0.29999999999999999,False,False,-20,2,sensitivity_loss;FAR_increase;no_strict_improvement,False,False,PN00,PN00-5.edf
3,2,3,47,0,49,1625,7029,30,0,0,6999,0.66666666666666663,1,24.174882126018002,1,2,2,13,12.5,13.5,12,14,0.2321760251464495,285,0.10000000000000001,0.34999999999999998,False,False,-20,2,sensitivity_loss;FAR_increase;no_strict_improvement,False,False,PN00,PN00-5.edf
3,2,3,41,0,43,1510,7029,30,0,0,6999,0.66666666666666663,1,21.088726960994428,1,2,2,13,12.5,13.5,12,14,0.21574510644377767,285,0.10000000000000001,0.40000000000000002,False,False,-20,2,sensitivity_loss;FAR_increase;no_strict_improvement,False,False,PN00,PN00-5.edf
3,2,3,39,0,41,1275,7029,30,0,0,6999,0.66666666666666663,1,20.060008572653235,1,2,2,13,12.5,13.5,12,14,0.18216888126875269,150,0.10000000000000001,0.45000000000000001,False,False,-20,2,sensitivity_loss;FAR_increase;no_strict_improvement,False,False,PN00,PN00-5.edf
3,2,3,30,1,32,1000,7029,30,0,0,6999,0.66666666666666663,1,15.430775825117873,1,2,2,18,17.5,18.5,17,19,0.1428775539362766,90,0.10000000000000001,0.5,False,False,-15,2,sensitivity_loss;FAR_increase;no_strict_improvement,False,False,PN00,PN00-5.edf
3,3,3,22,1,25,650,7029,30,0,0,6999,1,1,11.315902271753108,0,3,3,17,13.5,20.5,10,24,0.092870410058579794,70,0.10000000000000001,0.55000000000000004,False,False,-10,3,FAR_increase;no_strict_improvement,False,False,PN00,PN00-5.edf
3,3,3,11,1,14,330,7029,30,0,0,6999,1,1,5.6579511358765542,0,3,3,22,16,23,10,24,0.047149592798971282,70,0.10000000000000001,0.59999999999999998,False,False,-10,3,FAR_increase;no_strict_improvement,False,False,PN00,PN00-5.edf
3,3,3,6,1,9,245,7029,30,0,0,6999,1,1,3.086155165023575,0,3,3,22,18.5,23,15,24,0.035005000714387773,60,0.10000000000000001,0.65000000000000002,False,False,-5,3,FAR_increase;no_strict_improvement,False,False,PN00,PN00-5.edf
3,3,3,3,1,6,190,7029,30,0,0,6999,1,1,1.5430775825117875,0,3,3,24,19.5,30.5,15,37,0.027146735247892555,60,0.10000000000000001,0.69999999999999996,False,False,-5,3,FAR_increase;no_strict_improvement,False,False,PN00,PN00-5.edf
3,3,3,3,1,6,170,7029,30,0,0,6999,1,1,1.5430775825117875,0,3,3,29,22,33,15,37,0.024289184169167023,60,0.10000000000000001,0.75,False,False,0,3,FAR_increase;no_strict_improvement,False,False,PN00,PN00-5.edf
3,3,3,2,1,5,140,7029,30,0,0,6999,1,1,1.0287183883411917,0,3,3,29,24.5,33,20,37,0.020002857551078727,50,0.10000000000000001,0.80000000000000004,False,False,0,3,FAR_increase;no_strict_improvement,False,False,PN00,PN00-5.edf
3,3,3,0,0,3,110,7029,30,0,0,6999,1,1,0,0,3,3,34,27,35.5,20,37,0.015716530932990427,45,0.10000000000000001,0.84999999999999998,True,False,0,3,no_strict_improvement,False,False,PN00,PN00-5.edf
3,3,3,0,0,3,80,7029,30,0,0,6999,1,1,0,0,3,3,37,35.5,41,34,45,0.011430204314902128,40,0.10000000000000001,0.90000000000000002,True,False,5,3,no_strict_improvement,False,False,PN00,PN00-5.edf
3,1,1,0,0,1,25,7029,30,0,0,6999,0.33333333333333331,0.33333333333333331,0,2,1,1,42,42,42,42,42,0.0035719388484069152,25,0.10000000000000001,0.94999999999999996,True,False,5,1,sensitivity_loss;no_strict_improvement,False,False,PN00,PN00-5.edf
3,0,0,0,0,0,0,7029,30,0,0,6999,0,0,0,3,0,0,,,,,,0,0,0.10000000000000001,1.01,True,False,,0,sensitivity_loss;no_strict_improvement,False,False,PN00,PN00-5.edf
3,0,3,68,0,68,5814,7029,30,0,0,6999,0,1,34.976425203600513,3,0,0,,,,,,0.83069009858551224,480,0.25,0.050000000000000003,False,False,,0,sensitivity_loss;FAR_increase;no_strict_improvement,False,False,PN00,PN00-5.edf
3,1,3,101,0,102,4762,7029,30,0,0,6999,0.33333333333333331,1,51.950278611230175,2,1,1,12,12,12,12,12,0.68038291184454924,365,0.25,0.10000000000000001,False,False,-25,1,sensitivity_loss;FAR_increase;no_strict_improvement,False,False,PN00,PN00-5.edf
3,2,3,93,0,95,3582,7029,30,0,0,6999,0.66666666666666663,1,47.835405057865408,1,2,2,8,6,10,4,12,0.51178739819974284,365,0.25,0.14999999999999999,False,False,-25,2,sensitivity_loss;FAR_increase;no_strict_improvement,False,False,PN00,PN00-5.edf
3,2,3,73,0,75,2742,7029,30,0,0,6999,0.66666666666666663,1,37.548221174453495,1,2,2,13,12.5,13.5,12,14,0.39177025289327044,365,0.25,0.20000000000000001,False,False,-20,2,sensitivity_loss;FAR_increase;no_strict_improvement,False,False,PN00,PN00-5.edf
3,2,3,60,0,62,2215,7029,30,0,0,6999,0.66666666666666663,1,30.861551650235747,1,2,2,13,12.5,13.5,12,14,0.31647378196885267,285,0.25,0.25,False,False,-20,2,sensitivity_loss;FAR_increase;no_strict_improvement,False,False,PN00,PN00-5.edf
3,2,3,49,0,51,1835,7029,30,0,0,6999,0.66666666666666663,1,25.203600514359195,1,2,2,13,12.5,13.5,12,14,0.26218031147306758,285,0.25,0.29999999999999999,False,False,-20,2,sensitivity_loss;FAR_increase;no_strict_improvement,False,False,PN00,PN00-5.edf
3,2,3,47,0,49,1615,7029,30,0,0,6999,0.66666666666666663,1,24.174882126018002,1,2,2,13,12.5,13.5,12,14,0.23074724960708673,285,0.25,0.34999999999999998,False,False,-20,2,sensitivity_loss;FAR_increase;no_strict_improvement,False,False,PN00,PN00-5.edf
3,2,3,43,0,45,1270,7029,30,0,0,6999,0.66666666666666663,1,22.117445349335618,1,2,2,13,12.5,13.5,12,14,0.18145449349907131,130,0.25,0.40000000000000002,False,False,-20,2,sensitivity_loss;FAR_increase;no_strict_improvement,False,False,PN00,PN00-5.edf
3,3,3,30,0,33,890,7029,30,0,0,6999,1,1,15.430775825117873,0,3,3,17,13.5,18,10,19,0.12716102300328619,80,0.25,0.45000000000000001,False,False,-10,3,FAR_increase;no_strict_improvement,False,False,PN00,PN00-5.edf
3,3,3,20,1,23,545,7029,30,0,0,6999,1,1,10.287183883411917,0,3,3,17,13.5,20.5,10,24,0.077868266895270752,75,0.25,0.5,False,False,-10,3,FAR_increase;no_strict_improvement,False,False,PN00,PN00-5.edf
3,3,3,12,1,15,400,7029,30,0,0,6999,1,1,6.17231033004715,0,3,3,17,13.5,20.5,10,24,0.057151021574510644,70,0.25,0.55000000000000004,False,False,-10,3,FAR_increase;no_strict_improvement,False,False,PN00,PN00-5.edf
3,3,3,7,0,10,285,7029,30,0,0,6999,1,1,3.6005143591941704,0,3,3,24,19.5,30.5,15,37,0.040720102871838831,70,0.25,0.59999999999999998,False,False,-5,3,FAR_increase;no_strict_improvement,False,False,PN00,PN00-5.edf
3,3,3,3,0,6,210,7029,30,0,0,6999,1,1,1.5430775825117875,0,3,3,29,24.5,33,20,37,0.030004286326618088,65,0.25,0.65000000000000002,False,False,0,3,FAR_increase;no_strict_improvement,False,False,PN00,PN00-5.edf
3,3,3,3,1,6,180,7029,30,0,0,6999,1,1,1.5430775825117875,0,3,3,34,27,35.5,20,37,0.025717959708529789,55,0.25,0.69999999999999996,False,False,0,3,FAR_increase;no_strict_improvement,False,False,PN00,PN00-5.edf
3,3,3,3,1,6,130,7029,30,0,0,6999,1,1,1.5430775825117875,0,3,3,37,35.5,41,34,45,0.01857408201171596,45,0.25,0.75,False,False,5,3,FAR_increase;no_strict_improvement,False,False,PN00,PN00-5.edf
3,3,3,1,0,4,90,7029,30,0,0,6999,1,1,0.51435919417059583,0,3,3,50,43.5,59.5,37,69,0.012858979854264894,45,0.25,0.80000000000000004,True,False,30,3,FAR_increase;no_strict_improvement;common_event_delay_penalty,False,False,PN00,PN00-5.edf
3,2,2,0,0,2,60,7029,30,0,0,6999,0.66666666666666663,0.66666666666666663,0,1,2,2,43.5,40.25,46.75,37,50,0.0085726532361765969,45,0.25,0.84999999999999998,True,False,15,2,sensitivity_loss;no_strict_improvement;common_event_delay_penalty,False,False,PN00,PN00-5.edf
3,1,1,0,0,1,35,7029,30,0,0,6999,0.33333333333333331,0.33333333333333331,0,2,1,1,42,42,42,42,42,0.0050007143877696817,35,0.25,0.90000000000000002,True,False,5,1,sensitivity_loss;no_strict_improvement,False,False,PN00,PN00-5.edf
3,1,1,0,0,1,10,7029,30,0,0,6999,0.33333333333333331,0.33333333333333331,0,2,1,1,57,57,57,57,57,0.001428775539362766,10,0.25,0.94999999999999996,True,False,20,1,sensitivity_loss;no_strict_improvement;common_event_delay_penalty,False,False,PN00,PN00-5.edf
3,0,0,0,0,0,0,7029,30,0,0,6999,0,0,0,3,0,0,,,,,,0,0,0.25,1.01,True,False,,0,sensitivity_loss;no_strict_improvement,False,False,PN00,PN00-5.edf
3,0,3,67,0,67,5824,7029,30,0,0,6999,0,1,34.462066009429918,3,0,0,,,,,,0.83211887412487495,480,0.5,0.050000000000000003,False,False,,0,sensitivity_loss;FAR_increase;no_strict_improvement,False,False,PN00,PN00-5.edf
3,1,3,85,0,86,5007,7029,30,0,0,6999,0.33333333333333331,1,43.720531504500642,2,1,1,4,4,4,4,4,0.71538791255893697,480,0.5,0.10000000000000001,False,False,-25,1,sensitivity_loss;FAR_increase;no_strict_improvement,False,False,PN00,PN00-5.edf
3,2,3,94,0,96,4282,7029,30,0,0,6999,0.66666666666666663,1,48.349764252036003,1,2,2,10.5,9.75,11.25,9,12,0.6118016859551364,365,0.5,0.14999999999999999,False,False,-22.5,2,sensitivity_loss;FAR_increase;no_strict_improvement,False,False,PN00,PN00-5.edf
3,2,3,84,0,86,3592,7029,30,0,0,6999,0.66666666666666663,1,43.206172310330047,1,2,2,13,12.5,13.5,12,14,0.51321617373910555,285,0.5,0.20000000000000001,False,False,-20,2,sensitivity_loss;FAR_increase;no_strict_improvement,False,False,PN00,PN00-5.edf
3,2,3,91,0,93,3042,7029,30,0,0,6999,0.66666666666666663,1,46.806686669524218,1,2,2,13,12.5,13.5,12,14,0.43463351907415343,220,0.5,0.25,False,False,-20,2,sensitivity_loss;FAR_increase;no_strict_improvement,False,False,PN00,PN00-5.edf
3,3,3,69,0,72,2035,7029,30,0,0,6999,1,1,35.490784397771108,0,3,3,12,11,13,10,14,0.29075582226032293,130,0.5,0.29999999999999999,False,False,-15,3,FAR_increase;no_strict_improvement,False,False,PN00,PN00-5.edf
3,3,3,56,0,59,1375,7029,30,0,0,6999,1,1,28.804114873553363,0,3,3,12,11,18,10,24,0.19645663666238034,130,0.5,0.34999999999999998,False,False,-10,3,FAR_increase;no_strict_improvement,False,False,PN00,PN00-5.edf
3,3,3,30,0,33,920,7029,30,0,0,6999,1,1,15.430775825117873,0,3,3,17,13.5,20.5,10,24,0.13144734962137447,130,0.5,0.40000000000000002,False,False,-10,3,FAR_increase;no_strict_improvement,False,False,PN00,PN00-5.edf
3,3,3,22,0,25,630,7029,30,0,0,6999,1,1,11.315902271753108,0,3,3,20,18.5,24.5,17,29,0.090012858979854268,95,0.5,0.45000000000000001,False,False,0,3,FAR_increase;no_strict_improvement,False,False,PN00,PN00-5.edf
3,3,3,13,1,16,480,7029,30,0,0,6999,1,1,6.686669524217745,0,3,3,25,21,29.5,17,34,0.068581225889412775,80,0.5,0.5,False,False,5,3,FAR_increase;no_strict_improvement,False,False,PN00,PN00-5.edf
3,3,3,12,1,15,370,7029,30,0,0,6999,1,1,6.17231033004715,0,3,3,44,30.5,47,17,50,0.052864694956422348,55,0.5,0.55000000000000004,False,False,15,3,FAR_increase;no_strict_improvement;common_event_delay_penalty,False,False,PN00,PN00-5.edf
3,3,3,9,0,12,280,7029,30,0,0,6999,1,1,4.6292327475353625,0,3,3,50,43.5,52,37,54,0.040005715102157453,45,0.5,0.59999999999999998,False,False,25,3,FAR_increase;no_strict_improvement;common_event_delay_penalty,False,False,PN00,PN00-5.edf
3,3,3,6,0,9,205,7029,30,0,0,6999,1,1,3.086155165023575,0,3,3,50,43.5,54.5,37,59,0.029289898556936707,45,0.5,0.65000000000000002,False,False,30,3,FAR_increase;no_strict_improvement;common_event_delay_penalty,False,False,PN00,PN00-5.edf
3,3,3,3,0,6,140,7029,30,0,0,6999,1,1,1.5430775825117875,0,3,3,50,43.5,54.5,37,59,0.020002857551078727,45,0.5,0.69999999999999996,False,False,30,3,FAR_increase;no_strict_improvement;common_event_delay_penalty,False,False,PN00,PN00-5.edf
3,2,2,2,0,4,115,7029,30,0,0,6999,0.66666666666666663,0.66666666666666663,1.0287183883411917,1,2,2,48,42.5,53.5,37,59,0.016430918702671809,45,0.5,0.75,False,False,15,2,sensitivity_loss;FAR_increase;no_strict_improvement;common_event_delay_penalty,False,False,PN00,PN00-5.edf
3,2,2,1,0,3,80,7029,30,0,0,6999,0.66666666666666663,0.66666666666666663,0.51435919417059583,1,2,2,50.5,46.25,54.75,42,59,0.011430204314902128,40,0.5,0.80000000000000004,True,False,17.5,2,sensitivity_loss;FAR_increase;no_strict_improvement;common_event_delay_penalty,False,True,PN00,PN00-5.edf
3,2,2,1,0,3,65,7029,30,0,0,6999,0.66666666666666663,0.66666666666666663,0.51435919417059583,1,2,2,55.5,48.75,62.25,42,69,0.0092870410058579801,40,0.5,0.84999999999999998,True,False,22.5,2,sensitivity_loss;FAR_increase;no_strict_improvement;common_event_delay_penalty,False,False,PN00,PN00-5.edf
3,1,1,0,0,1,20,7029,30,0,0,6999,0.33333333333333331,0.33333333333333331,0,2,1,1,57,57,57,57,57,0.002857551078725532,20,0.5,0.90000000000000002,True,False,20,1,sensitivity_loss;no_strict_improvement;common_event_delay_penalty,False,False,PN00,PN00-5.edf
3,0,0,0,0,0,0,7029,30,0,0,6999,0,0,0,3,0,0,,,,,,0,0,0.5,0.94999999999999996,True,False,,0,sensitivity_loss;no_strict_improvement,False,False,PN00,PN00-5.edf
3,0,0,0,0,0,0,7029,30,0,0,6999,0,0,0,3,0,0,,,,,,0,0,0.5,1.01,True,False,,0,sensitivity_loss;no_strict_improvement,False,False,PN00,PN00-5.edf
4,1,4,356,0,357,7950,33847,40,0,0,33807,0.25,1,37.90930872304552,3,1,1,12,12,12,12,12,0.23515839914810543,305,0,0.050000000000000003,False,False,,0,sensitivity_loss;FAR_increase;no_strict_improvement,False,False,PN06,PN06-1.edf
4,3,4,231,0,234,5060,33847,40,0,0,33807,0.75,1,24.59845594107729,1,3,3,12,6,14,0,16,0.14967314461502057,185,0,0.10000000000000001,False,False,-17.5,2,FAR_increase,False,False,PN06,PN06-1.edf
4,4,4,175,0,179,3625,33847,40,0,0,33807,1,1,18.635193894755524,0,4,4,6,0,13,0,16,0.10722631407696631,160,0,0.14999999999999999,False,False,-17.5,2,FAR_increase,False,False,PN06,PN06-1.edf
4,4,4,153,0,157,2995,33847,40,0,0,33807,1,1,16.292483805129116,0,4,4,8.5,3.75,13,0,16,0.088591120182210784,150,0,0.20000000000000001,False,False,-17.5,2,FAR_increase,False,False,PN06,PN06-1.edf
4,4,4,122,0,126,2415,33847,40,0,0,33807,1,1,12.991392315200994,0,4,4,11,7.5,13,0,16,0.071434909929896179,130,0,0.25,False,False,-17.5,2,FAR_increase,False,False,PN06,PN06-1.edf
4,4,4,103,0,107,1990,33847,40,0,0,33807,1,1,10.968142692341823,0,4,4,11,7.5,13,0,16,0.058863548969148402,120,0,0.29999999999999999,False,False,-17.5,2,FAR_increase,False,False,PN06,PN06-1.edf
4,4,4,84,0,88,1635,33847,40,0,0,33807,1,1,8.9448930694826512,0,4,4,13,7.5,16.25,0,17,0.048362765107817909,115,0,0.34999999999999998,False,False,-17.5,2,FAR_increase,False,False,PN06,PN06-1.edf
4,4,4,77,0,81,1360,33847,40,0,0,33807,1,1,8.1994853136924313,0,4,4,15.5,12.5,16.25,5,17,0.040228355074392874,115,0,0.40000000000000002,False,False,-15,2,FAR_increase,False,False,PN06,PN06-1.edf
4,4,4,62,0,66,1140,33847,40,0,0,33807,1,1,6.6021829798562424,0,4,4,15.5,12.5,16.25,5,17,0.033720827047652856,115,0,0.45000000000000001,False,False,-15,2,FAR_increase,False,False,PN06,PN06-1.edf
4,4,4,50,0,54,905,33847,40,0,0,33807,1,1,5.3243411127872928,0,4,4,15.5,12.5,16.25,5,17,0.026769603928180553,70,0,0.5,False,False,-15,2,FAR_increase,False,False,PN06,PN06-1.edf
4,4,4,39,1,43,705,33847,40,0,0,33807,1,1,4.152986067974088,0,4,4,15.5,12.5,16.25,5,17,0.020853669358416895,70,0,0.55000000000000004,False,False,-15,2,FAR_increase,False,False,PN06,PN06-1.edf
4,3,3,33,1,36,570,33847,40,0,0,33807,0.75,0.75,3.5140651344396132,1,3,3,16,10.5,19,5,22,0.016860413523826428,65,0,0.59999999999999998,False,False,-15,2,FAR_increase,False,False,PN06,PN06-1.edf
4,3,3,32,1,35,490,33847,40,0,0,33807,0.75,0.75,3.4075783121838672,1,3,3,16,10.5,19,5,22,0.014494039695920963,60,0,0.65000000000000002,False,False,-15,2,FAR_increase,False,False,PN06,PN06-1.edf
4,3,3,26,2,29,375,33847,40,0,0,33807,0.75,0.75,2.768657378649392,1,3,3,16,10.5,24,5,32,0.011092377318306859,45,0,0.69999999999999996,False,False,-15,2,FAR_increase,False,False,PN06,PN06-1.edf
4,2,2,20,1,22,295,33847,40,0,0,33807,0.5,0.5,2.1297364451149172,2,2,2,23,14,32,5,41,0.0087260034904013961,45,0,0.75,False,False,-2.5,2,FAR_increase;no_strict_improvement,False,False,PN06,PN06-1.edf
4,2,2,17,2,19,225,33847,40,0,0,33807,0.5,0.5,1.8102759783476794,2,2,2,25.5,17.75,33.25,10,41,0.0066554263909841156,25,0,0.80000000000000004,False,False,0,2,FAR_increase;no_strict_improvement,False,False,PN06,PN06-1.edf
4,2,2,13,1,15,180,33847,40,0,0,33807,0.5,0.5,1.384328689324696,2,2,2,25.5,17.75,33.25,10,41,0.0053243411127872923,25,0,0.84999999999999998,False,False,0,2,FAR_increase;no_strict_improvement,False,False,PN06,PN06-1.edf
4,2,2,6,1,8,100,33847,40,0,0,33807,0.5,0.5,0.6389209335344751,2,2,2,25.5,17.75,33.25,10,41,0.0029579672848818292,25,0,0.90000000000000002,True,False,0,2,FAR_increase;no_strict_improvement,False,False,PN06,PN06-1.edf
4,2,2,3,0,5,65,33847,40,0,0,33807,0.5,0.5,0.31946046676723755,2,2,2,25.5,17.75,33.25,10,41,0.001922678735173189,20,0,0.94999999999999996,True,False,0,2,no_strict_improvement,False,False,PN06,PN06-1.edf
4,0,0,0,0,0,0,33847,40,0,0,33807,0,0,0,4,0,0,,,,,,0,0,0,1.01,True,False,,0,sensitivity_loss,False,False,PN06,PN06-1.edf
4,2,4,352,0,354,8385,33847,40,0,0,33807,0.5,1,37.483361434022541,2,2,2,14,13,15,12,16,0.24802555683734137,330,0.10000000000000001,0.050000000000000003,False,False,-25,1,FAR_increase;no_strict_improvement,False,False,PN06,PN06-1.edf
4,3,4,209,0,212,4865,33847,40,0,0,33807,0.75,1,22.255745851450882,1,3,3,12,6,14,0,16,0.14390510840950099,185,0.10000000000000001,0.10000000000000001,False,False,-17.5,2,FAR_increase,False,False,PN06,PN06-1.edf
4,4,4,172,0,176,3545,33847,40,0,0,33807,1,1,18.315733427988288,0,4,4,6,0,13,0,16,0.10485994024906084,185,0.10000000000000001,0.14999999999999999,False,False,-17.5,2,FAR_increase,False,False,PN06,PN06-1.edf
4,4,4,146,0,150,2875,33847,40,0,0,33807,1,1,15.547076049338894,0,4,4,8.5,3.75,13,0,16,0.08504155944035259,130,0.10000000000000001,0.20000000000000001,False,False,-17.5,2,FAR_increase,False,False,PN06,PN06-1.edf
4,4,4,115,0,119,2275,33847,40,0,0,33807,1,1,12.245984559410774,0,4,4,11,7.5,13,0,16,0.067293755731061611,120,0.10000000000000001,0.25,False,False,-17.5,2,FAR_increase,False,False,PN06,PN06-1.edf
4,4,4,92,0,96,1825,33847,40,0,0,33807,1,1,9.7967876475286175,0,4,4,11,7.5,13,0,16,0.053982902949093386,120,0.10000000000000001,0.29999999999999999,False,False,-17.5,2,FAR_increase,False,False,PN06,PN06-1.edf
4,4,4,83,0,87,1520,33847,40,0,0,33807,1,1,8.8384062472269065,0,4,4,15.5,12.5,16.25,5,17,0.044961102730203803,115,0.10000000000000001,0.34999999999999998,False,False,-15,2,FAR_increase,False,False,PN06,PN06-1.edf
4,4,4,70,0,74,1245,33847,40,0,0,33807,1,1,7.4540775579022096,0,4,4,15.5,12.5,16.25,5,17,0.036826692696778775,115,0.10000000000000001,0.40000000000000002,False,False,-15,2,FAR_increase,False,False,PN06,PN06-1.edf
4,4,4,57,0,61,975,33847,40,0,0,33807,1,1,6.0697488685775136,0,4,4,15.5,12.5,16.25,5,17,0.028840181027597833,70,0.10000000000000001,0.45000000000000001,False,False,-15,2,FAR_increase,False,False,PN06,PN06-1.edf
4,4,4,37,0,41,705,33847,40,0,0,33807,1,1,3.9400124234625964,0,4,4,18,13.25,20.5,5,22,0.020853669358416895,65,0.10000000000000001,0.5,False,False,-15,2,FAR_increase,False,False,PN06,PN06-1.edf
4,3,3,33,1,36,575,33847,40,0,0,33807,0.75,0.75,3.5140651344396132,1,3,3,16,10.5,19,5,22,0.017008311888070518,65,0.10000000000000001,0.55000000000000004,False,False,-15,2,FAR_increase,False,False,PN06,PN06-1.edf
4,3,3,31,1,34,490,33847,40,0,0,33807,0.75,0.75,3.3010914899281212,1,3,3,16,10.5,19,5,22,0.014494039695920963,60,0.10000000000000001,0.59999999999999998,False,False,-15,2,FAR_increase,False,False,PN06,PN06-1.edf
4,3,3,23,1,26,365,33847,40,0,0,33807,0.75,0.75,2.4491969118821544,1,3,3,16,10.5,24,5,32,0.010796580589818677,60,0.10000000000000001,0.65000000000000002,False,False,-15,2,FAR_increase,False,False,PN06,PN06-1.edf
4,2,2,18,1,20,270,33847,40,0,0,33807,0.5,0.5,1.9167628006034254,2,2,2,25.5,17.75,33.25,10,41,0.0079865116691809381,40,0.10000000000000001,0.69999999999999996,False,False,0,2,FAR_increase;no_strict_improvement,False,False,PN06,PN06-1.edf
4,2,2,14,1,16,220,33847,40,0,0,33807,0.5,0.5,1.490815511580442,2,2,2,25.5,17.75,33.25,10,41,0.0065075280267400245,40,0.10000000000000001,0.75,False,False,0,2,FAR_increase;no_strict_improvement,False,False,PN06,PN06-1.edf
4,2,2,11,1,13,150,33847,40,0,0,33807,0.5,0.5,1.1713550448132044,2,2,2,25.5,17.75,33.25,10,41,0.004436950927322744,25,0.10000000000000001,0.80000000000000004,False,False,0,2,FAR_increase;no_strict_improvement,False,False,PN06,PN06-1.edf
4,2,2,5,1,7,90,33847,40,0,0,33807,0.5,0.5,0.53243411127872931,2,2,2,25.5,17.75,33.25,10,41,0.0026621705563936462,25,0.10000000000000001,0.84999999999999998,True,False,0,2,FAR_increase;no_strict_improvement,False,False,PN06,PN06-1.edf
4,2,2,2,1,4,45,33847,40,0,0,33807,0.5,0.5,0.2129736445114917,2,2,2,30.5,25.25,35.75,20,41,0.0013310852781968231,15,0.10000000000000001,0.90000000000000002,True,True,5,2,protected_improvement,False,False,PN06,PN06-1.edf
4,1,1,0,0,1,15,33847,40,0,0,33807,0.25,0.25,0,3,1,1,41,41,41,41,41,0.00044369509273227436,15,0.10000000000000001,0.94999999999999996,True,False,0,1,sensitivity_loss,False,False,PN06,PN06-1.edf
4,0,0,0,0,0,0,33847,40,0,0,33807,0,0,0,4,0,0,,,,,,0,0,0.10000000000000001,1.01,True,False,,0,sensitivity_loss,False,False,PN06,PN06-1.edf
4,2,4,338,0,340,8990,33847,40,0,0,33807,0.5,1,35.992545922442098,2,2,2,14,13,15,12,16,0.26592125891087642,330,0.25,0.050000000000000003,False,False,-25,1,FAR_increase;no_strict_improvement,False,False,PN06,PN06-1.edf
4,3,4,217,0,220,5315,33847,40,0,0,33807,0.75,1,23.10764042949685,1,3,3,12,6,14,0,16,0.15721596119146922,240,0.25,0.10000000000000001,False,False,-17.5,2,FAR_increase,False,False,PN06,PN06-1.edf
4,4,4,177,0,181,3700,33847,40,0,0,33807,1,1,18.848167539267017,0,4,4,8.5,3.75,13,0,16,0.10944478954062768,230,0.25,0.14999999999999999,False,False,-17.5,2,FAR_increase,False,False,PN06,PN06-1.edf
4,4,4,130,0,134,2760,33847,40,0,0,33807,1,1,13.84328689324696,0,4,4,11,7.5,13,0,16,0.081639897062738484,130,0.25,0.20000000000000001,False,False,-17.5,2,FAR_increase,False,False,PN06,PN06-1.edf
4,4,4,102,0,106,2130,33847,40,0,0,33807,1,1,10.861655870086077,0,4,4,11,7.5,13,0,16,0.063004703167982956,120,0.25,0.25,False,False,-17.5,2,FAR_increase,False,False,PN06,PN06-1.edf
4,4,4,88,0,92,1660,33847,40,0,0,33807,1,1,9.3708403585056352,0,4,4,15.5,12.5,16.25,5,17,0.049102256929038364,115,0.25,0.29999999999999999,False,False,-15,2,FAR_increase,False,False,PN06,PN06-1.edf
4,4,4,72,0,76,1270,33847,40,0,0,33807,1,1,7.6670512024137016,0,4,4,15.5,12.5,16.25,5,17,0.037566184517999229,115,0.25,0.34999999999999998,False,False,-15,2,FAR_increase,False,False,PN06,PN06-1.edf
4,4,4,56,0,60,930,33847,40,0,0,33807,1,1,5.963262046321768,0,4,4,15.5,12.5,16.25,5,17,0.027509095749401011,70,0.25,0.40000000000000002,False,False,-15,2,FAR_increase,False,False,PN06,PN06-1.edf
4,4,4,41,0,45,715,33847,40,0,0,33807,1,1,4.36595971248558,0,4,4,19,13.25,22.75,5,25,0.021149466086905079,65,0.25,0.45000000000000001,False,False,-15,2,FAR_increase,False,False,PN06,PN06-1.edf
4,4,4,39,1,43,620,33847,40,0,0,33807,1,1,4.152986067974088,0,4,4,19,13.25,22.75,5,25,0.018339397166267341,60,0.25,0.5,False,False,-15,2,FAR_increase,False,False,PN06,PN06-1.edf
4,3,3,25,1,28,420,33847,40,0,0,33807,0.75,0.75,2.6621705563936464,1,3,3,16,10.5,21.5,5,27,0.012423462596503683,60,0.25,0.55000000000000004,False,False,-15,2,FAR_increase,False,False,PN06,PN06-1.edf
4,2,2,18,1,20,310,33847,40,0,0,33807,0.5,0.5,1.9167628006034254,2,2,2,18,14,22,10,26,0.0091696985831336703,55,0.25,0.59999999999999998,False,False,-7.5,2,FAR_increase;no_strict_improvement,False,False,PN06,PN06-1.edf
4,2,2,13,1,15,215,33847,40,0,0,33807,0.5,0.5,1.384328689324696,2,2,2,18,14,22,10,26,0.0063596296624959326,55,0.25,0.65000000000000002,False,False,-7.5,2,FAR_increase;no_strict_improvement,False,False,PN06,PN06-1.edf
4,2,2,7,0,9,150,33847,40,0,0,33807,0.5,0.5,0.745407755790221,2,2,2,25.5,17.75,33.25,10,41,0.004436950927322744,55,0.25,0.69999999999999996,True,False,0,2,FAR_increase;no_strict_improvement,False,False,PN06,PN06-1.edf
4,2,2,4,1,6,95,33847,40,0,0,33807,0.5,0.5,0.4259472890229834,2,2,2,30.5,25.25,35.75,20,41,0.0028100689206377377,30,0.25,0.75,True,False,5,2,FAR_increase;no_strict_improvement,False,False,PN06,PN06-1.edf
4,2,2,2,0,4,65,33847,40,0,0,33807,0.5,0.5,0.2129736445114917,2,2,2,30.5,25.25,35.75,20,41,0.001922678735173189,30,0.25,0.80000000000000004,True,True,5,2,protected_improvement,False,False,PN06,PN06-1.edf
4,2,2,1,1,3,35,33847,40,0,0,33807,0.5,0.5,0.10648682225574585,2,2,2,30.5,25.25,35.75,20,41,0.0010352885497086402,15,0.25,0.84999999999999998,True,True,5,2,protected_improvement,True,False,PN06,PN06-1.edf
4,2,2,0,0,2,25,33847,40,0,0,33807,0.5,0.5,0,2,2,2,40.5,40.25,40.75,40,41,0.0007394918212204573,15,0.25,0.90000000000000002,True,False,15,2,common_event_delay_penalty,False,False,PN06,PN06-1.edf
4,1,1,0,0,1,10,33847,40,0,0,33807,0.25,0.25,0,3,1,1,41,41,41,41,41,0.00029579672848818294,10,0.25,0.94999999999999996,True,False,0,1,sensitivity_loss,False,False,PN06,PN06-1.edf
4,0,0,0,0,0,0,33847,40,0,0,33807,0,0,0,4,0,0,,,,,,0,0,0.25,1.01,True,False,,0,sensitivity_loss,False,False,PN06,PN06-1.edf
4,3,4,316,0,319,9775,33847,40,0,0,33807,0.75,1,33.64983583281569,1,3,3,12,6,14,0,16,0.28914130209719879,330,0.5,0.050000000000000003,False,False,-17.5,2,FAR_increase,False,False,PN06,PN06-1.edf
4,4,4,212,0,216,5685,33847,40,0,0,33807,1,1,22.575206318218122,0,4,4,8.5,3.75,13,0,16,0.168160440145532,305,0.5,0.10000000000000001,False,False,-17.5,2,FAR_increase,False,False,PN06,PN06-1.edf
4,4,4,171,0,175,4030,33847,40,0,0,33807,1,1,18.209246605732542,0,4,4,11,7.5,13,0,16,0.11920608158073771,120,0.5,0.14999999999999999,False,False,-17.5,2,FAR_increase,False,False,PN06,PN06-1.edf
4,4,4,133,0,137,2965,33847,40,0,0,33807,1,1,14.162747360014198,0,4,4,15.5,12.5,16.25,5,17,0.087703729996746235,115,0.5,0.20000000000000001,False,False,-15,2,FAR_increase,False,False,PN06,PN06-1.edf
4,4,4,95,0,99,2105,33847,40,0,0,33807,1,1,10.116248114295855,0,4,4,15.5,12.5,16.25,5,17,0.062265211346762502,105,0.5,0.25,False,False,-15,2,FAR_increase,False,False,PN06,PN06-1.edf
4,4,4,75,0,79,1450,33847,40,0,0,33807,1,1,7.9865116691809392,0,4,4,19,13.25,22.75,5,25,0.042890525630786526,65,0.5,0.29999999999999999,False,False,-15,2,FAR_increase,False,False,PN06,PN06-1.edf
4,4,4,61,0,65,1110,33847,40,0,0,33807,1,1,6.4956961576004968,0,4,4,19,13.25,22.75,5,25,0.032833436862188307,65,0.5,0.34999999999999998,False,False,-15,2,FAR_increase,False,False,PN06,PN06-1.edf
4,4,4,37,0,41,710,33847,40,0,0,33807,1,1,3.9400124234625964,0,4,4,23,18.25,25.5,10,27,0.021001567722660989,55,0.5,0.40000000000000002,False,False,-10,2,FAR_increase,False,False,PN06,PN06-1.edf
4,4,4,25,0,29,475,33847,40,0,0,33807,1,1,2.6621705563936464,0,4,4,23,18.25,25.5,10,27,0.014050344603188689,55,0.5,0.45000000000000001,False,False,-10,2,FAR_increase,False,False,PN06,PN06-1.edf
4,2,2,18,1,20,295,33847,40,0,0,33807,0.5,0.5,1.9167628006034254,2,2,2,20.5,17.75,23.25,15,26,0.0087260034904013961,50,0.5,0.5,False,False,-5,2,FAR_increase;no_strict_improvement,False,False,PN06,PN06-1.edf
4,2,2,11,1,13,195,33847,40,0,0,33807,0.5,0.5,1.1713550448132044,2,2,2,23,21.5,24.5,20,26,0.0057680362055195673,45,0.5,0.55000000000000004,False,False,-2.5,2,FAR_increase;no_strict_improvement,False,False,PN06,PN06-1.edf
4,2,2,7,1,9,140,33847,40,0,0,33807,0.5,0.5,0.745407755790221,2,2,2,23,21.5,24.5,20,26,0.004141154198834561,45,0.5,0.59999999999999998,True,False,-2.5,2,FAR_increase;no_strict_improvement,False,False,PN06,PN06-1.edf
4,2,2,5,1,7,120,33847,40,0,0,33807,0.5,0.5,0.53243411127872931,2,2,2,23,21.5,24.5,20,26,0.0035495607418581949,45,0.5,0.65000000000000002,True,False,-2.5,2,FAR_increase;no_strict_improvement,False,False,PN06,PN06-1.edf
4,2,2,2,1,4,90,33847,40,0,0,33807,0.5,0.5,0.2129736445114917,2,2,2,23,21.5,24.5,20,26,0.0026621705563936462,45,0.5,0.69999999999999996,True,True,-2.5,2,protected_improvement,False,False,PN06,PN06-1.edf
4,2,2,1,0,3,60,33847,40,0,0,33807,0.5,0.5,0.10648682225574585,2,2,2,38,36.5,39.5,35,41,0.0017747803709290974,25,0.5,0.75,True,False,12.5,2,common_event_delay_penalty,False,False,PN06,PN06-1.edf
4,2,2,0,0,2,35,33847,40,0,0,33807,0.5,0.5,0,2,2,2,38,36.5,39.5,35,41,0.0010352885497086402,20,0.5,0.80000000000000004,True,False,12.5,2,common_event_delay_penalty,False,False,PN06,PN06-1.edf
4,2,2,0,0,2,30,33847,40,0,0,33807,0.5,0.5,0,2,2,2,38,36.5,39.5,35,41,0.00088739018546454872,15,0.5,0.84999999999999998,True,False,12.5,2,common_event_delay_penalty,False,True,PN06,PN06-1.edf
4,2,2,0,0,2,25,33847,40,0,0,33807,0.5,0.5,0,2,2,2,40.5,40.25,40.75,40,41,0.0007394918212204573,15,0.5,0.90000000000000002,True,False,15,2,common_event_delay_penalty,False,False,PN06,PN06-1.edf
4,0,0,0,0,0,0,33847,40,0,0,33807,0,0,0,4,0,0,,,,,,0,0,0.5,0.94999999999999996,True,False,,0,sensitivity_loss,False,False,PN06,PN06-1.edf
4,0,0,0,0,0,0,33847,40,0,0,33807,0,0,0,4,0,0,,,,,,0,0,0.5,1.01,True,False,,0,sensitivity_loss,False,False,PN06,PN06-1.edf
4,3,4,324,0,327,7620,30842,40,0,0,30802,0.75,1,37.867670930459063,1,3,3,12,6,12,0,12,0.24738653334199079,170,0,0.050000000000000003,False,False,-35,1,FAR_increase,False,False,PN06,PN06-2.edf
4,3,4,235,0,238,5415,30842,40,0,0,30802,0.75,1,27.465748977339135,1,3,3,12,8.5,17,5,22,0.1758002727095643,160,0,0.10000000000000001,False,False,-25,1,FAR_increase,False,False,PN06,PN06-2.edf
4,3,4,187,1,190,4335,30842,40,0,0,30802,0.75,1,21.855723654308161,1,3,3,12,8.5,17,5,22,0.14073761444062075,140,0,0.14999999999999999,False,False,-25,1,FAR_increase,False,False,PN06,PN06-2.edf
4,3,4,156,0,159,3695,30842,40,0,0,30802,0.75,1,18.232582299850659,1,3,3,12,8.5,24.5,5,37,0.11995974287383936,140,0,0.20000000000000001,False,False,-10,1,FAR_increase,False,False,PN06,PN06-2.edf
4,3,4,138,0,141,3215,30842,40,0,0,30802,0.75,1,16.128822803714044,1,3,3,12,11,24.5,10,37,0.10437633919875333,140,0,0.25,False,False,-10,1,FAR_increase,False,False,PN06,PN06-2.edf
4,3,4,134,0,137,2925,30842,40,0,0,30802,0.75,1,15.661320693461464,1,3,3,17,16,27,15,37,0.094961366145055515,110,0,0.29999999999999999,False,False,-10,1,FAR_increase,False,False,PN06,PN06-2.edf
4,3,4,126,0,129,2590,30842,40,0,0,30802,0.75,1,14.726316472956302,1,3,3,17,16,27,15,37,0.084085448996818385,105,0,0.34999999999999998,False,False,-10,1,FAR_increase,False,False,PN06,PN06-2.edf
4,3,4,111,0,114,2240,30842,40,0,0,30802,0.75,1,12.973183559509122,1,3,3,17,16,27,15,37,0.072722550483734827,105,0,0.40000000000000002,False,False,-10,1,FAR_increase,False,False,PN06,PN06-2.edf
4,3,4,99,0,102,1980,30842,40,0,0,30802,0.75,1,11.57067722875138,1,3,3,17,16,27,15,37,0.064281540159729894,105,0,0.45000000000000001,False,False,-10,1,FAR_increase,False,False,PN06,PN06-2.edf
4,4,4,86,1,90,1605,30842,40,0,0,30802,1,1,10.051295370430491,0,4,4,23.5,18,28,6,37,0.052107006038568923,65,0,0.5,False,False,-22.5,2,FAR_increase,False,False,PN06,PN06-2.edf
4,3,3,69,1,72,1235,30842,40,0,0,30802,0.75,0.75,8.0644114018570221,1,3,3,27,19,32,11,37,0.040094799039023438,60,0,0.55000000000000004,False,False,-20,2,FAR_increase,False,False,PN06,PN06-2.edf
4,3,3,57,1,60,975,30842,40,0,0,30802,0.75,0.75,6.6619050710992793,1,3,3,27,19,32,11,37,0.031653788715018505,55,0,0.59999999999999998,False,False,-20,2,FAR_increase,False,False,PN06,PN06-2.edf
4,3,3,49,1,52,810,30842,40,0,0,30802,0.75,0.75,5.7269008505941175,1,3,3,27,19,32,11,37,0.026296993701707683,55,0,0.65000000000000002,False,False,-20,2,FAR_increase,False,False,PN06,PN06-2.edf
4,2,2,36,1,38,590,30842,40,0,0,30802,0.5,0.5,4.2075189922732292,2,2,2,24,17.5,30.5,11,37,0.019154600350626584,40,0,0.69999999999999996,False,False,-20,2,FAR_increase;no_strict_improvement,False,False,PN06,PN06-2.edf
4,2,2,31,1,33,490,30842,40,0,0,30802,0.5,0.5,3.6231413544575028,2,2,2,26.5,21.25,31.75,16,37,0.015908057918316992,40,0,0.75,False,False,-17.5,2,FAR_increase;no_strict_improvement,False,False,PN06,PN06-2.edf
4,2,2,21,1,23,310,30842,40,0,0,30802,0.5,0.5,2.4543860788260501,2,2,2,26.5,21.25,31.75,16,37,0.010064281540159731,35,0,0.80000000000000004,False,False,-17.5,2,FAR_increase;no_strict_improvement,False,False,PN06,PN06-2.edf
4,2,2,20,1,22,265,30842,40,0,0,30802,0.5,0.5,2.3375105512629051,2,2,2,31.5,23.75,39.25,16,47,0.0086033374456204147,20,0,0.84999999999999998,False,False,-12.5,2,FAR_increase;no_strict_improvement,False,False,PN06,PN06-2.edf
4,2,2,17,1,19,210,30842,40,0,0,30802,0.5,0.5,1.9868839685734692,2,2,2,31.5,23.75,39.25,16,47,0.00681773910785014,20,0,0.90000000000000002,False,False,-12.5,2,FAR_increase;no_strict_improvement,False,False,PN06,PN06-2.edf
4,2,2,4,0,6,60,30842,40,0,0,30802,0.5,0.5,0.46750211025258098,2,2,2,44,42.5,45.5,41,47,0.0019479254593857541,10,0,0.94999999999999996,True,False,0,2,no_strict_improvement,True,False,PN06,PN06-2.edf
4,0,0,0,0,0,0,30842,40,0,0,30802,0,0,0,4,0,0,,,,,,0,0,0,1.01,True,False,,0,sensitivity_loss,False,False,PN06,PN06-2.edf
4,3,4,309,0,312,8035,30842,40,0,0,30802,0.75,1,36.114538017011881,1,3,3,12,6,12,0,12,0.2608596844360756,170,0.10000000000000001,0.050000000000000003,False,False,-35,1,FAR_increase,False,False,PN06,PN06-2.edf
4,3,4,218,0,221,5325,30842,40,0,0,30802,0.75,1,25.478865008765666,1,3,3,12,8.5,17,5,22,0.17287838452048568,160,0.10000000000000001,0.10000000000000001,False,False,-25,1,FAR_increase,False,False,PN06,PN06-2.edf
4,3,4,175,1,178,4245,30842,40,0,0,30802,0.75,1,20.453217323550419,1,3,3,12,8.5,17,5,22,0.13781572625154212,160,0.10000000000000001,0.14999999999999999,False,False,-25,1,FAR_increase,False,False,PN06,PN06-2.edf
4,3,4,151,0,154,3590,30842,40,0,0,30802,0.75,1,17.648204662034932,1,3,3,12,8.5,24.5,5,37,0.11655087331991429,140,0.10000000000000001,0.20000000000000001,False,False,-10,1,FAR_increase,False,False,PN06,PN06-2.edf
4,3,4,134,0,137,3105,30842,40,0,0,30802,0.75,1,15.661320693461464,1,3,3,17,16,27,15,37,0.10080514252321278,140,0.10000000000000001,0.25,False,False,-10,1,FAR_increase,False,False,PN06,PN06-2.edf
4,3,4,128,0,131,2790,30842,40,0,0,30802,0.75,1,14.960067528082591,1,3,3,17,16,27,15,37,0.090578533861437563,140,0.10000000000000001,0.29999999999999999,False,False,-10,1,FAR_increase,False,False,PN06,PN06-2.edf
4,3,4,117,0,120,2385,30842,40,0,0,30802,0.75,1,13.674436724887995,1,3,3,17,16,27,15,37,0.077430037010583722,105,0.10000000000000001,0.34999999999999998,False,False,-10,1,FAR_increase,False,False,PN06,PN06-2.edf
4,3,4,103,0,106,2085,30842,40,0,0,30802,0.75,1,12.03817933900396,1,3,3,17,16,27,15,37,0.067690409713654962,105,0.10000000000000001,0.40000000000000002,False,False,-10,1,FAR_increase,False,False,PN06,PN06-2.edf
4,3,4,90,0,93,1725,30842,40,0,0,30802,0.75,1,10.518797480683073,1,3,3,25,23.5,31,22,37,0.056002856957340433,95,0.10000000000000001,0.45000000000000001,False,False,-10,1,FAR_increase,False,False,PN06,PN06-2.edf
4,4,4,69,0,73,1325,30842,40,0,0,30802,1,1,8.0644114018570221,0,4,4,26,21.5,29.5,11,37,0.04301668722810207,90,0.10000000000000001,0.5,False,False,-20,2,FAR_increase,False,False,PN06,PN06-2.edf
4,4,4,57,1,61,1040,30842,40,0,0,30802,1,1,6.6619050710992793,0,4,4,26,21.5,29.5,11,37,0.033764041296019738,60,0.10000000000000001,0.55000000000000004,False,False,-20,2,FAR_increase,False,False,PN06,PN06-2.edf
4,3,3,53,1,56,855,30842,40,0,0,30802,0.75,0.75,6.1944029608466984,1,3,3,27,19,32,11,37,0.027757937796246995,55,0.10000000000000001,0.59999999999999998,False,False,-20,2,FAR_increase,False,False,PN06,PN06-2.edf
4,3,3,37,1,40,650,30842,40,0,0,30802,0.75,0.75,4.3243945198363747,1,3,3,27,19,32,11,37,0.021102525810012335,45,0.10000000000000001,0.65000000000000002,False,False,-20,2,FAR_increase,False,False,PN06,PN06-2.edf
4,2,2,29,1,31,480,30842,40,0,0,30802,0.5,0.5,3.3893902993312124,2,2,2,26.5,21.25,31.75,16,37,0.015583403675086033,40,0.10000000000000001,0.69999999999999996,False,False,-17.5,2,FAR_increase;no_strict_improvement,False,False,PN06,PN06-2.edf
4,2,2,22,1,24,340,30842,40,0,0,30802,0.5,0.5,2.5712616063891955,2,2,2,26.5,21.25,31.75,16,37,0.011038244269852606,40,0.10000000000000001,0.75,False,False,-17.5,2,FAR_increase;no_strict_improvement,False,False,PN06,PN06-2.edf
4,2,2,17,1,19,250,30842,40,0,0,30802,0.5,0.5,1.9868839685734692,2,2,2,31.5,23.75,39.25,16,47,0.008116356080773976,35,0.10000000000000001,0.80000000000000004,False,False,-12.5,2,FAR_increase;no_strict_improvement,False,False,PN06,PN06-2.edf
4,2,2,10,1,12,155,30842,40,0,0,30802,0.5,0.5,1.1687552756314525,2,2,2,31.5,23.75,39.25,16,47,0.0050321407700798654,20,0.10000000000000001,0.84999999999999998,False,False,-12.5,2,FAR_increase;no_strict_improvement,False,False,PN06,PN06-2.edf
4,1,1,5,0,6,85,30842,40,0,0,30802,0.25,0.25,0.58437763781572627,3,1,1,41,41,41,41,41,0.0027595610674631516,20,0.10000000000000001,0.90000000000000002,True,False,0,1,sensitivity_loss;FAR_increase;no_strict_improvement,False,False,PN06,PN06-2.edf
4,0,0,1,0,1,10,30842,40,0,0,30802,0,0,0.11687552756314525,4,0,0,,,,,,0.00032465424323095904,10,0.10000000000000001,0.94999999999999996,True,False,,0,sensitivity_loss,False,False,PN06,PN06-2.edf
4,0,0,0,0,0,0,30842,40,0,0,30802,0,0,0,4,0,0,,,,,,0,0,0.10000000000000001,1.01,True,False,,0,sensitivity_loss,False,False,PN06,PN06-2.edf
4,3,4,288,0,291,8770,30842,40,0,0,30802,0.75,1,33.660151938185834,1,3,3,12,8.5,12,5,12,0.28472177131355109,445,0.25,0.050000000000000003,False,False,-35,1,FAR_increase,False,False,PN06,PN06-2.edf
4,3,4,223,0,226,5615,30842,40,0,0,30802,0.75,1,26.06324264658139,1,3,3,12,8.5,17,5,22,0.1822933575741835,170,0.25,0.10000000000000001,False,False,-25,1,FAR_increase,False,False,PN06,PN06-2.edf
4,3,4,167,0,170,4295,30842,40,0,0,30802,0.75,1,19.518213103045255,1,3,3,12,8.5,24.5,5,37,0.13943899746769689,170,0.25,0.14999999999999999,False,False,-10,1,FAR_increase,False,False,PN06,PN06-2.edf
4,3,4,142,0,145,3500,30842,40,0,0,30802,0.75,1,16.596324913966626,1,3,3,17,16,27,15,37,0.11362898513083566,140,0.25,0.20000000000000001,False,False,-10,1,FAR_increase,False,False,PN06,PN06-2.edf
4,3,4,130,0,133,2980,30842,40,0,0,30802,0.75,1,15.193818583208882,1,3,3,17,16,27,15,37,0.096746964482825784,140,0.25,0.25,False,False,-10,1,FAR_increase,False,False,PN06,PN06-2.edf
4,3,4,116,0,119,2490,30842,40,0,0,30802,0.75,1,13.55756119732485,1,3,3,17,16,27,15,37,0.080838906564508803,140,0.25,0.29999999999999999,False,False,-10,1,FAR_increase,False,False,PN06,PN06-2.edf
4,3,4,103,0,106,2080,30842,40,0,0,30802,0.75,1,12.03817933900396,1,3,3,25,23.5,31,22,37,0.067528082592039476,100,0.25,0.34999999999999998,False,False,-10,1,FAR_increase,False,False,PN06,PN06-2.edf
4,4,4,89,0,93,1680,30842,40,0,0,30802,1,1,10.401921953119928,0,4,4,23.5,19.25,28,11,37,0.05454191286280112,95,0.25,0.40000000000000002,False,False,-20,2,FAR_increase,False,False,PN06,PN06-2.edf
4,4,4,66,0,70,1275,30842,40,0,0,30802,1,1,7.7137848191675866,0,4,4,26,21.5,29.5,11,37,0.041393416011947279,90,0.25,0.45000000000000001,False,False,-20,2,FAR_increase,False,False,PN06,PN06-2.edf
4,4,4,56,0,60,1050,30842,40,0,0,30802,1,1,6.5450295435361339,0,4,4,26,21.5,29.5,11,37,0.034088695539250695,90,0.25,0.5,False,False,-20,2,FAR_increase,False,False,PN06,PN06-2.edf
4,4,4,46,1,50,845,30842,40,0,0,30802,1,1,5.3762742679046811,0,4,4,26,21.5,29.5,11,37,0.027433283553016038,90,0.25,0.55000000000000004,False,False,-20,2,FAR_increase,False,False,PN06,PN06-2.edf
4,3,3,33,1,36,610,30842,40,0,0,30802,0.75,0.75,3.8568924095837933,1,3,3,27,21.5,32,16,37,0.019803908837088501,80,0.25,0.59999999999999998,False,False,-17.5,2,FAR_increase,False,False,PN06,PN06-2.edf
4,3,3,24,1,27,450,30842,40,0,0,30802,0.75,0.75,2.805012661515486,1,3,3,27,21.5,32,16,37,0.014609440945393156,45,0.25,0.65000000000000002,False,False,-17.5,2,FAR_increase,False,False,PN06,PN06-2.edf
4,2,2,16,1,18,305,30842,40,0,0,30802,0.5,0.5,1.8700084410103239,2,2,2,29,22.5,35.5,16,42,0.0099019544185442506,40,0.25,0.69999999999999996,False,False,-15,2,FAR_increase;no_strict_improvement,False,False,PN06,PN06-2.edf
4,2,2,8,1,10,160,30842,40,0,0,30802,0.5,0.5,0.93500422050516196,2,2,2,31.5,23.75,39.25,16,47,0.0051944678916953447,40,0.25,0.75,True,False,-12.5,2,FAR_increase;no_strict_improvement,False,False,PN06,PN06-2.edf
4,1,1,5,0,6,105,30842,40,0,0,30802,0.25,0.25,0.58437763781572627,3,1,1,41,41,41,41,41,0.00340886955392507,40,0.25,0.80000000000000004,True,False,0,1,sensitivity_loss;FAR_increase;no_strict_improvement,False,False,PN06,PN06-2.edf
4,1,1,5,0,6,85,30842,40,0,0,30802,0.25,0.25,0.58437763781572627,3,1,1,41,41,41,41,41,0.0027595610674631516,20,0.25,0.84999999999999998,True,False,0,1,sensitivity_loss;FAR_increase;no_strict_improvement,False,False,PN06,PN06-2.edf
4,1,1,4,0,5,60,30842,40,0,0,30802,0.25,0.25,0.46750211025258098,3,1,1,41,41,41,41,41,0.0019479254593857541,15,0.25,0.90000000000000002,True,False,0,1,sensitivity_loss;no_strict_improvement,False,False,PN06,PN06-2.edf
4,0,0,0,0,0,0,30842,40,0,0,30802,0,0,0,4,0,0,,,,,,0,0,0.25,0.94999999999999996,True,False,,0,sensitivity_loss,False,False,PN06,PN06-2.edf
4,0,0,0,0,0,0,30842,40,0,0,30802,0,0,0,4,0,0,,,,,,0,0,0.25,1.01,True,False,,0,sensitivity_loss,False,False,PN06,PN06-2.edf
4,3,4,271,0,274,9510,30842,40,0,0,30802,0.75,1,31.673267969612361,1,3,3,12,8.5,17,5,22,0.30874618531264203,440,0.5,0.050000000000000003,False,False,-25,1,FAR_increase,False,False,PN06,PN06-2.edf
4,3,4,198,0,201,6195,30842,40,0,0,30802,0.75,1,23.141354457502761,1,3,3,12,8.5,22,5,32,0.20112330368157913,245,0.5,0.10000000000000001,False,False,-15,1,FAR_increase,False,False,PN06,PN06-2.edf
4,3,4,174,0,177,4595,30842,40,0,0,30802,0.75,1,20.336341795987273,1,3,3,17,16,27,15,37,0.14917862476462568,160,0.5,0.14999999999999999,False,False,-10,1,FAR_increase,False,False,PN06,PN06-2.edf
4,3,4,141,0,144,3395,30842,40,0,0,30802,0.75,1,16.479449386403481,1,3,3,17,16,27,15,37,0.1102201155769106,160,0.5,0.20000000000000001,False,False,-10,1,FAR_increase,False,False,PN06,PN06-2.edf
4,3,4,125,0,128,2715,30842,40,0,0,30802,0.75,1,14.609440945393157,1,3,3,25,23.5,31,22,37,0.08814362703720538,135,0.5,0.25,False,False,-10,1,FAR_increase,False,False,PN06,PN06-2.edf
4,4,4,85,0,89,1945,30842,40,0,0,30802,1,1,9.9344198428673458,0,4,4,23.5,19.25,28,11,37,0.063145250308421524,135,0.5,0.29999999999999999,False,False,-20,2,FAR_increase,False,False,PN06,PN06-2.edf
4,4,4,70,0,74,1505,30842,40,0,0,30802,1,1,8.1812869294201676,0,4,4,26,21.5,29.5,11,37,0.048860463606259334,95,0.5,0.34999999999999998,False,False,-20,2,FAR_increase,False,False,PN06,PN06-2.edf
4,4,4,49,0,53,1150,30842,40,0,0,30802,1,1,5.7269008505941175,0,4,4,26,21.5,29.5,11,37,0.037335237971560291,90,0.5,0.40000000000000002,False,False,-20,2,FAR_increase,False,False,PN06,PN06-2.edf
4,4,4,39,0,43,900,30842,40,0,0,30802,1,1,4.5581455749626647,0,4,4,26,22.75,29.5,16,37,0.029218881890786311,90,0.5,0.45000000000000001,False,False,-17.5,2,FAR_increase,False,False,PN06,PN06-2.edf
4,4,4,26,0,30,665,30842,40,0,0,30802,1,1,3.0387637166417765,0,4,4,26,22.75,29.5,16,37,0.021589507174858774,80,0.5,0.5,False,False,-17.5,2,FAR_increase,False,False,PN06,PN06-2.edf
4,4,4,18,1,22,505,30842,40,0,0,30802,1,1,2.1037594961366146,0,4,4,26,22.75,30.75,16,42,0.01639503928316343,80,0.5,0.55000000000000004,False,False,-15,2,FAR_increase,False,False,PN06,PN06-2.edf
4,4,4,15,0,19,390,30842,40,0,0,30802,1,1,1.7531329134471787,0,4,4,34,26.5,42.5,25,47,0.012661515486007403,80,0.5,0.59999999999999998,False,False,0,2,FAR_increase,False,False,PN06,PN06-2.edf
4,2,2,10,0,12,285,30842,40,0,0,30802,0.5,0.5,1.1687552756314525,2,2,2,34,30.5,37.5,27,41,0.0092526459320823318,70,0.5,0.65000000000000002,False,False,0,1,FAR_increase;no_strict_improvement,False,False,PN06,PN06-2.edf
4,2,2,8,0,10,200,30842,40,0,0,30802,0.5,0.5,0.93500422050516196,2,2,2,39,38,40,37,41,0.0064930848646191806,50,0.5,0.69999999999999996,True,False,0,1,FAR_increase;no_strict_improvement,False,True,PN06,PN06-2.edf
4,1,1,9,0,10,160,30842,40,0,0,30802,0.25,0.25,1.0518797480683073,3,1,1,41,41,41,41,41,0.0051944678916953447,40,0.5,0.75,False,False,0,1,sensitivity_loss;FAR_increase;no_strict_improvement,False,False,PN06,PN06-2.edf
4,1,1,6,0,7,100,30842,40,0,0,30802,0.25,0.25,0.7012531653788715,3,1,1,41,41,41,41,41,0.0032465424323095903,25,0.5,0.80000000000000004,True,False,0,1,sensitivity_loss;FAR_increase;no_strict_improvement,False,False,PN06,PN06-2.edf
4,1,1,4,0,5,65,30842,40,0,0,30802,0.25,0.25,0.46750211025258098,3,1,1,41,41,41,41,41,0.0021102525810012336,20,0.5,0.84999999999999998,True,False,0,1,sensitivity_loss;no_strict_improvement,False,False,PN06,PN06-2.edf
4,0,0,4,0,4,45,30842,40,0,0,30802,0,0,0.46750211025258098,4,0,0,,,,,,0.0014609440945393157,15,0.5,0.90000000000000002,True,False,,0,sensitivity_loss;no_strict_improvement,False,False,PN06,PN06-2.edf
4,0,0,1,0,1,10,30842,40,0,0,30802,0,0,0.11687552756314525,4,0,0,,,,,,0.00032465424323095904,10,0.5,0.94999999999999996,True,False,,0,sensitivity_loss,False,False,PN06,PN06-2.edf
4,0,0,0,0,0,0,30842,40,0,0,30802,0,0,0,4,0,0,,,,,,0,0,0.5,1.01,True,False,,0,sensitivity_loss,False,False,PN06,PN06-2.edf
4,2,4,362,0,364,10285,35282,40,0,0,35242,0.5,1,36.978605073491856,2,2,2,12,12,12,12,12,0.29183928267408205,405,0,0.050000000000000003,False,False,,0,FAR_increase,False,False,PN06,PN06-3.edf
4,3,4,269,0,272,7090,35282,40,0,0,35242,0.75,1,27.478576698257761,1,3,3,12,6,17,0,22,0.20118040973838033,295,0,0.10000000000000001,False,False,,0,FAR_increase,False,False,PN06,PN06-3.edf
4,3,4,199,0,202,5650,35282,40,0,0,35242,0.75,1,20.328017706146074,1,3,3,17,11,22,5,27,0.16032007264059928,275,0,0.14999999999999999,False,False,,0,FAR_increase,False,False,PN06,PN06-3.edf
4,3,4,171,0,174,4530,35282,40,0,0,35242,0.75,1,17.467794109301401,1,3,3,17,11,27,5,37,0.12853981045343624,230,0,0.20000000000000001,False,False,,0,FAR_increase,False,False,PN06,PN06-3.edf
4,3,4,155,0,158,3895,35282,40,0,0,35242,0.75,1,15.833380625390159,1,3,3,17,11,27,5,37,0.11052153680267862,145,0,0.25,False,False,,0,FAR_increase,False,False,PN06,PN06-3.edf
4,3,4,141,0,144,3455,35282,40,0,0,35242,0.75,1,14.403268826967823,1,3,3,17,11,27,5,37,0.098036433800578859,135,0,0.29999999999999999,False,False,,0,FAR_increase,False,False,PN06,PN06-3.edf
4,3,4,137,0,140,3120,35282,40,0,0,35242,0.75,1,13.994665455990011,1,3,3,17,11,27,5,37,0.088530730378525629,115,0,0.34999999999999998,False,False,,0,FAR_increase,False,False,PN06,PN06-3.edf
4,4,4,122,1,126,2775,35282,40,0,0,35242,1,1,12.462402814823223,0,4,4,11.5,5.75,22,5,37,0.078741274615515583,115,0,0.40000000000000002,False,False,-10,1,FAR_increase,False,False,PN06,PN06-3.edf
4,4,4,112,2,116,2415,35282,40,0,0,35242,1,1,11.440894387378696,0,4,4,11.5,5.75,22,5,37,0.068526190341070312,110,0,0.45000000000000001,False,False,-10,1,FAR_increase,False,False,PN06,PN06-3.edf
4,4,4,106,1,110,2180,35282,40,0,0,35242,1,1,10.827989330911979,0,4,4,14,5.75,25.75,5,37,0.061858010328585213,90,0,0.5,False,False,-10,1,FAR_increase,False,False,PN06,PN06-3.edf
4,4,4,100,1,104,1960,35282,40,0,0,35242,1,1,10.215084274445264,0,4,4,16.5,5.75,29.5,5,37,0.055615458827535325,90,0,0.55000000000000004,False,False,-10,1,FAR_increase,False,False,PN06,PN06-3.edf
4,4,4,90,1,94,1580,35282,40,0,0,35242,1,1,9.1935758470007372,0,4,4,16.5,5.75,29.5,5,37,0.044832869871176434,65,0,0.59999999999999998,False,False,-10,1,FAR_increase,False,False,PN06,PN06-3.edf
4,4,4,79,1,83,1275,35282,40,0,0,35242,1,1,8.0699165768117584,0,4,4,19,10.75,29.5,10,37,0.036178423471993647,55,0,0.65000000000000002,False,False,-5,1,FAR_increase,False,False,PN06,PN06-3.edf
4,4,4,54,1,58,900,35282,40,0,0,35242,1,1,5.5161455082004425,0,4,4,21.5,14.5,30.75,10,42,0.025537710686113161,55,0,0.69999999999999996,False,False,0,1,FAR_increase,False,False,PN06,PN06-3.edf
4,3,3,34,1,37,555,35282,40,0,0,35242,0.75,0.75,3.4731286533113899,1,3,3,16,13,29,10,42,0.015748254923103115,50,0,0.75,False,False,0,1,FAR_increase,False,False,PN06,PN06-3.edf
4,3,3,28,1,31,475,35282,40,0,0,35242,0.75,0.75,2.8602235968446741,1,3,3,16,13,29,10,42,0.013478236195448613,50,0,0.80000000000000004,False,False,0,1,FAR_increase,False,False,PN06,PN06-3.edf
4,3,3,21,2,24,345,35282,40,0,0,35242,0.75,0.75,2.1451676976335055,1,3,3,16,13,29,10,42,0.0097894557630100448,35,0,0.84999999999999998,False,False,0,1,FAR_increase,False,False,PN06,PN06-3.edf
4,3,3,15,1,18,255,35282,40,0,0,35242,0.75,0.75,1.5322626411667897,1,3,3,16,13,29,10,42,0.0072356846943987287,35,0,0.90000000000000002,False,False,0,1,FAR_increase,False,False,PN06,PN06-3.edf
4,1,1,4,0,5,70,35282,40,0,0,35242,0.25,0.25,0.40860337097781058,3,1,1,16,16,16,16,16,0.0019862663866976903,20,0,0.94999999999999996,True,False,0,1,no_strict_improvement,False,False,PN06,PN06-3.edf
4,0,0,0,0,0,0,35282,40,0,0,35242,0,0,0,4,0,0,,,,,,0,0,0,1.01,True,False,,0,sensitivity_loss,False,False,PN06,PN06-3.edf
4,2,4,352,0,354,10210,35282,40,0,0,35242,0.5,1,35.957096646047333,2,2,2,17,14.5,19.5,12,22,0.28971114011690596,405,0.10000000000000001,0.050000000000000003,False,False,,0,FAR_increase,False,False,PN06,PN06-3.edf
4,3,4,243,0,246,6905,35282,40,0,0,35242,0.75,1,24.822654786901992,1,3,3,12,6,17,0,22,0.1959309914306793,320,0.10000000000000001,0.10000000000000001,False,False,,0,FAR_increase,False,False,PN06,PN06-3.edf
4,3,4,193,0,196,5485,35282,40,0,0,35242,0.75,1,19.715112649679359,1,3,3,17,11,22,5,27,0.15563815901481187,280,0.10000000000000001,0.14999999999999999,False,False,,0,FAR_increase,False,False,PN06,PN06-3.edf
4,3,4,162,0,165,4330,35282,40,0,0,35242,0.75,1,16.548436524601328,1,3,3,17,11,27,5,37,0.12286476363429999,230,0.10000000000000001,0.20000000000000001,False,False,,0,FAR_increase,False,False,PN06,PN06-3.edf
4,3,4,145,0,148,3745,35282,40,0,0,35242,0.75,1,14.811872197945632,1,3,3,17,11,27,5,37,0.10626525168832643,145,0.10000000000000001,0.25,False,False,,0,FAR_increase,False,False,PN06,PN06-3.edf
4,3,4,126,0,129,3315,35282,40,0,0,35242,0.75,1,12.871006185801033,1,3,3,17,11,27,5,37,0.094063901027183469,145,0.10000000000000001,0.29999999999999999,False,False,,0,FAR_increase,False,False,PN06,PN06-3.edf
4,3,4,130,0,133,2995,35282,40,0,0,35242,0.75,1,13.279609556778844,1,3,3,17,11,27,5,37,0.084983826116565464,135,0.10000000000000001,0.34999999999999998,False,False,,0,FAR_increase,False,False,PN06,PN06-3.edf
4,4,4,110,0,114,2595,35282,40,0,0,35242,1,1,11.236592701889791,0,4,4,11.5,5.75,22,5,37,0.07363373247829294,115,0.10000000000000001,0.40000000000000002,False,False,-10,1,FAR_increase,False,False,PN06,PN06-3.edf
4,4,4,108,1,112,2340,35282,40,0,0,35242,1,1,11.032291016400885,0,4,4,14,5.75,25.75,5,37,0.066398047783894215,110,0.10000000000000001,0.45000000000000001,False,False,-10,1,FAR_increase,False,False,PN06,PN06-3.edf
4,4,4,106,1,110,2065,35282,40,0,0,35242,1,1,10.827989330911979,0,4,4,16.5,5.75,29.5,5,37,0.058594858407581864,90,0.10000000000000001,0.5,False,False,-10,1,FAR_increase,False,False,PN06,PN06-3.edf
4,4,4,92,1,96,1665,35282,40,0,0,35242,1,1,9.3978775324896429,0,4,4,16.5,5.75,29.5,5,37,0.047244764769309347,65,0.10000000000000001,0.55000000000000004,False,False,-10,1,FAR_increase,False,False,PN06,PN06-3.edf
4,4,4,80,1,84,1310,35282,40,0,0,35242,1,1,8.1720674195562122,0,4,4,19,10.75,29.5,10,37,0.037171556665342491,65,0.10000000000000001,0.59999999999999998,False,False,-5,1,FAR_increase,False,False,PN06,PN06-3.edf
4,4,4,50,1,54,885,35282,40,0,0,35242,1,1,5.107542137222632,0,4,4,24,14.5,33.25,10,37,0.02511208217467794,55,0.10000000000000001,0.65000000000000002,False,False,0,1,FAR_increase,False,False,PN06,PN06-3.edf
4,3,3,36,1,39,590,35282,40,0,0,35242,0.75,0.75,3.6774303388002951,1,3,3,16,13,29,10,42,0.016741388116451962,50,0.10000000000000001,0.69999999999999996,False,False,0,1,FAR_increase,False,False,PN06,PN06-3.edf
4,3,3,24,1,27,440,35282,40,0,0,35242,0.75,0.75,2.4516202258668636,1,3,3,16,13,29,10,42,0.012485103002099767,50,0.10000000000000001,0.75,False,False,0,1,FAR_increase,False,False,PN06,PN06-3.edf
4,3,3,20,2,23,335,35282,40,0,0,35242,0.75,0.75,2.043016854889053,1,3,3,16,13,29,10,42,0.0095057034220532317,40,0.10000000000000001,0.80000000000000004,False,False,0,1,FAR_increase,False,False,PN06,PN06-3.edf
4,3,3,7,1,10,180,35282,40,0,0,35242,0.75,0.75,0.71505589921116852,1,3,3,35,25.5,38.5,16,42,0.0051075421372226322,35,0.10000000000000001,0.84999999999999998,True,False,0,1,FAR_increase,False,False,PN06,PN06-3.edf
4,1,1,3,0,4,65,35282,40,0,0,35242,0.25,0.25,0.30645252823335795,3,1,1,35,35,35,35,35,0.0018443902162192838,20,0.10000000000000001,0.90000000000000002,True,True,,0,protected_improvement,False,False,PN06,PN06-3.edf
4,0,0,1,0,1,10,35282,40,0,0,35242,0,0,0.10215084274445264,4,0,0,,,,,,0.00028375234095681288,10,0.10000000000000001,0.94999999999999996,True,False,,0,sensitivity_loss,False,False,PN06,PN06-3.edf
4,0,0,0,0,0,0,35282,40,0,0,35242,0,0,0,4,0,0,,,,,,0,0,0.10000000000000001,1.01,True,False,,0,sensitivity_loss,False,False,PN06,PN06-3.edf
4,2,4,332,0,334,10175,35282,40,0,0,35242,0.5,1,33.914079791158279,2,2,2,17,14.5,19.5,12,22,0.28871800692355715,580,0.25,0.050000000000000003,False,False,,0,FAR_increase,False,False,PN06,PN06-3.edf
4,3,4,215,0,218,6665,35282,40,0,0,35242,0.75,1,21.96243119005732,1,3,3,17,11,19.5,5,22,0.18912093524771578,320,0.25,0.10000000000000001,False,False,,0,FAR_increase,False,False,PN06,PN06-3.edf
4,3,4,166,0,169,5160,35282,40,0,0,35242,0.75,1,16.95703989557914,1,3,3,17,11,22,5,27,0.14641620793371546,310,0.25,0.14999999999999999,False,False,,0,FAR_increase,False,False,PN06,PN06-3.edf
4,3,4,148,0,151,4165,35282,40,0,0,35242,0.75,1,15.11832472617899,1,3,3,17,11,27,5,37,0.11818285000851257,230,0.25,0.20000000000000001,False,False,,0,FAR_increase,False,False,PN06,PN06-3.edf
4,3,4,130,0,133,3550,35282,40,0,0,35242,0.75,1,13.279609556778844,1,3,3,17,11,27,5,37,0.10073208103966858,145,0.25,0.25,False,False,,0,FAR_increase,False,False,PN06,PN06-3.edf
4,3,4,122,0,125,3075,35282,40,0,0,35242,0.75,1,12.462402814823223,1,3,3,17,11,27,5,37,0.087253844844219969,145,0.25,0.29999999999999999,False,False,,0,FAR_increase,False,False,PN06,PN06-3.edf
4,4,4,110,0,114,2750,35282,40,0,0,35242,1,1,11.236592701889791,0,4,4,14,5.75,25.75,5,37,0.078031893763123542,145,0.25,0.34999999999999998,False,False,-10,1,FAR_increase,False,False,PN06,PN06-3.edf
4,4,4,104,0,108,2385,35282,40,0,0,35242,1,1,10.623687645423075,0,4,4,16.5,5.75,29.5,5,37,0.067674933318199876,135,0.25,0.40000000000000002,False,False,-10,1,FAR_increase,False,False,PN06,PN06-3.edf
4,4,4,100,0,104,2020,35282,40,0,0,35242,1,1,10.215084274445264,0,4,4,16.5,5.75,29.5,5,37,0.057317972873276203,90,0.25,0.45000000000000001,False,False,-10,1,FAR_increase,False,False,PN06,PN06-3.edf
4,4,4,86,1,90,1640,35282,40,0,0,35242,1,1,8.7849724760229275,0,4,4,19,10.75,29.5,10,37,0.046535383916917313,90,0.25,0.5,False,False,-5,1,FAR_increase,False,False,PN06,PN06-3.edf
4,4,4,64,1,68,1095,35282,40,0,0,35242,1,1,6.5376539356449692,0,4,4,24,14.5,33.25,10,37,0.031070881334771011,65,0.25,0.55000000000000004,False,False,0,1,FAR_increase,False,False,PN06,PN06-3.edf
4,4,4,43,1,47,750,35282,40,0,0,35242,1,1,4.3924862380114638,0,4,4,24,14.5,33.25,10,37,0.021281425571760968,55,0.25,0.59999999999999998,False,False,0,1,FAR_increase,False,False,PN06,PN06-3.edf
4,4,4,30,1,34,560,35282,40,0,0,35242,1,1,3.0645252823335793,0,4,4,26.5,14.5,38.25,10,42,0.015890131093581523,55,0.25,0.65000000000000002,False,False,0,1,FAR_increase,False,False,PN06,PN06-3.edf
4,3,3,14,1,17,280,35282,40,0,0,35242,0.75,0.75,1.430111798422337,1,3,3,30,23,36,16,42,0.0079450655467907614,40,0.25,0.69999999999999996,False,False,0,1,FAR_increase,False,False,PN06,PN06-3.edf
4,3,3,7,1,10,170,35282,40,0,0,35242,0.75,0.75,0.71505589921116852,1,3,3,35,25.5,38.5,16,42,0.0048237897962658191,25,0.25,0.75,True,False,0,1,FAR_increase,False,False,PN06,PN06-3.edf
4,2,2,4,1,6,105,35282,40,0,0,35242,0.5,0.5,0.40860337097781058,2,2,2,25.5,20.75,30.25,16,35,0.0029793995800465353,25,0.25,0.80000000000000004,True,True,0,1,protected_improvement,True,False,PN06,PN06-3.edf
4,2,2,3,0,5,75,35282,40,0,0,35242,0.5,0.5,0.30645252823335795,2,2,2,38,36.5,39.5,35,41,0.0021281425571760969,20,0.25,0.84999999999999998,True,False,25,1,common_event_delay_penalty,False,False,PN06,PN06-3.edf
4,1,1,2,0,3,40,35282,40,0,0,35242,0.25,0.25,0.20430168548890529,3,1,1,35,35,35,35,35,0.0011350093638272515,20,0.25,0.90000000000000002,True,True,,0,protected_improvement,False,False,PN06,PN06-3.edf
4,0,0,1,0,1,10,35282,40,0,0,35242,0,0,0.10215084274445264,4,0,0,,,,,,0.00028375234095681288,10,0.25,0.94999999999999996,True,False,,0,sensitivity_loss,False,False,PN06,PN06-3.edf
4,0,0,0,0,0,0,35282,40,0,0,35242,0,0,0,4,0,0,,,,,,0,0,0.25,1.01,True,False,,0,sensitivity_loss,False,False,PN06,PN06-3.edf
4,3,4,292,0,295,9730,35282,40,0,0,35242,0.75,1,29.828046081380172,1,3,3,12,6,17,0,22,0.27609102775097893,580,0.5,0.050000000000000003,False,False,,0,FAR_increase,False,False,PN06,PN06-3.edf
4,3,4,190,0,193,6450,35282,40,0,0,35242,0.75,1,19.408660121446001,1,3,3,17,11,19.5,5,22,0.18302025991714432,320,0.5,0.10000000000000001,False,False,,0,FAR_increase,False,False,PN06,PN06-3.edf
4,3,4,144,0,147,4860,35282,40,0,0,35242,0.75,1,14.709721355201181,1,3,3,17,11,22,5,27,0.13790363770501107,315,0.5,0.14999999999999999,False,False,,0,FAR_increase,False,False,PN06,PN06-3.edf
4,3,4,133,0,136,3850,35282,40,0,0,35242,0.75,1,13.586062085012202,1,3,3,17,11,27,5,37,0.10924465126837296,220,0.5,0.20000000000000001,False,False,,0,FAR_increase,False,False,PN06,PN06-3.edf
4,3,4,116,0,119,3220,35282,40,0,0,35242,0.75,1,11.849497758356506,1,3,3,22,13.5,29.5,5,37,0.091368253788093753,145,0.5,0.25,False,False,,0,FAR_increase,False,False,PN06,PN06-3.edf
4,4,4,102,0,106,2690,35282,40,0,0,35242,1,1,10.41938595993417,0,4,4,16.5,5.75,29.5,5,37,0.07632937971738267,145,0.5,0.29999999999999999,False,False,-10,1,FAR_increase,False,False,PN06,PN06-3.edf
4,4,4,91,0,95,2095,35282,40,0,0,35242,1,1,9.2957266897451909,0,4,4,19,10.75,29.5,10,37,0.0594461154304523,90,0.5,0.34999999999999998,False,False,-5,1,FAR_increase,False,False,PN06,PN06-3.edf
4,4,4,63,0,67,1540,35282,40,0,0,35242,1,1,6.4355030929005164,0,4,4,24,14.5,33.25,10,37,0.043697860507349189,85,0.5,0.40000000000000002,False,False,0,1,FAR_increase,False,False,PN06,PN06-3.edf
4,4,4,47,0,51,1220,35282,40,0,0,35242,1,1,4.8010896089892743,0,4,4,24,14.5,33.25,10,37,0.034617785596731177,85,0.5,0.45000000000000001,False,False,0,1,FAR_increase,False,False,PN06,PN06-3.edf
4,4,4,32,1,36,805,35282,40,0,0,35242,1,1,3.2688269678224846,0,4,4,26,19,33.25,16,37,0.022842063447023438,65,0.5,0.5,False,False,0,1,FAR_increase,False,False,PN06,PN06-3.edf
4,4,4,26,1,30,640,35282,40,0,0,35242,1,1,2.6559219113557688,0,4,4,36,30.25,37,16,37,0.018160149821236024,60,0.5,0.55000000000000004,False,False,0,1,FAR_increase,False,False,PN06,PN06-3.edf
4,3,3,18,1,21,460,35282,40,0,0,35242,0.75,0.75,1.8387151694001476,1,3,3,35,25.5,36,16,37,0.013052607684013394,60,0.5,0.59999999999999998,False,False,0,1,FAR_increase,False,False,PN06,PN06-3.edf
4,3,3,13,0,16,295,35282,40,0,0,35242,0.75,0.75,1.3279609556778844,1,3,3,37,36,39,35,41,0.008370694058225981,60,0.5,0.65000000000000002,False,False,25,1,FAR_increase;common_event_delay_penalty,False,False,PN06,PN06-3.edf
4,2,2,10,0,12,185,35282,40,0,0,35242,0.5,0.5,1.0215084274445265,2,2,2,38,36.5,39.5,35,41,0.0052494183077010387,25,0.5,0.69999999999999996,False,False,25,1,FAR_increase;common_event_delay_penalty,False,False,PN06,PN06-3.edf
4,2,2,6,0,8,120,35282,40,0,0,35242,0.5,0.5,0.61290505646671589,2,2,2,38,36.5,39.5,35,41,0.0034050280914817545,25,0.5,0.75,True,False,25,1,FAR_increase;common_event_delay_penalty,False,False,PN06,PN06-3.edf
4,2,2,3,0,5,80,35282,40,0,0,35242,0.5,0.5,0.30645252823335795,2,2,2,38,36.5,39.5,35,41,0.002270018727654503,25,0.5,0.80000000000000004,True,False,25,1,common_event_delay_penalty,False,False,PN06,PN06-3.edf
4,2,2,2,0,4,65,35282,40,0,0,35242,0.5,0.5,0.20430168548890529,2,2,2,38,36.5,39.5,35,41,0.0018443902162192838,25,0.5,0.84999999999999998,True,False,25,1,common_event_delay_penalty,False,True,PN06,PN06-3.edf
4,1,1,1,0,2,30,35282,40,0,0,35242,0.25,0.25,0.10215084274445264,3,1,1,35,35,35,35,35,0.00085125702287043863,20,0.5,0.90000000000000002,True,True,,0,protected_improvement,False,False,PN06,PN06-3.edf
4,0,0,0,0,0,0,35282,40,0,0,35242,0,0,0,4,0,0,,,,,,0,0,0.5,0.94999999999999996,True,False,,0,sensitivity_loss,False,False,PN06,PN06-3.edf
4,0,0,0,0,0,0,35282,40,0,0,35242,0,0,0,4,0,0,,,,,,0,0,0.5,1.01,True,False,,0,sensitivity_loss,False,False,PN06,PN06-3.edf
4,2,4,336,0,338,8140,36437,40,0,0,36397,0.5,1,33.233508256174957,2,2,2,22,17,27,12,32,0.22364480589059538,275,0,0.050000000000000003,False,False,-10,1,FAR_increase;no_strict_improvement,False,False,PN06,PN06-4.edf
4,2,4,240,0,242,5680,36437,40,0,0,36397,0.5,1,23.738220182982115,2,2,2,22,17,27,12,32,0.15605681786960462,190,0,0.10000000000000001,False,False,-10,1,FAR_increase;no_strict_improvement,False,False,PN06,PN06-4.edf
4,2,4,190,1,192,4460,36437,40,0,0,36397,0.5,1,18.792757644860838,2,2,2,24.5,18.25,30.75,12,37,0.12253757177789379,165,0,0.14999999999999999,False,False,-5,1,FAR_increase;no_strict_improvement,False,False,PN06,PN06-4.edf
4,4,4,167,2,171,3775,36437,40,0,0,36397,1,1,16.517844877325054,0,4,4,6,0,18.25,0,37,0.10371733934115449,165,0,0.20000000000000001,False,False,-5,2,FAR_increase,False,False,PN06,PN06-4.edf
4,4,4,148,2,152,3235,36437,40,0,0,36397,1,1,14.638569112838971,0,4,4,16,9,24.25,0,37,0.088880951726790669,160,0,0.25,False,False,-5,2,FAR_increase,False,False,PN06,PN06-4.edf
4,4,4,139,1,143,2875,36437,40,0,0,36397,1,1,13.748385855977141,0,4,4,23.5,9,35.5,0,37,0.07899002665054812,160,0,0.29999999999999999,False,False,-5,2,FAR_increase,False,False,PN06,PN06-4.edf
4,3,3,124,1,127,2500,36437,40,0,0,36397,0.75,0.75,12.264747094540759,1,3,3,12,6,24.5,0,37,0.068686979696128803,160,0,0.34999999999999998,False,False,-5,2,FAR_increase,False,False,PN06,PN06-4.edf
4,3,3,115,1,118,2305,36437,40,0,0,36397,0.75,0.75,11.374563837678929,1,3,3,12,6,24.5,0,37,0.063329395279830752,160,0,0.40000000000000002,False,False,-5,2,FAR_increase,False,False,PN06,PN06-4.edf
4,3,3,106,1,109,2075,36437,40,0,0,36397,0.75,0.75,10.484380580817101,1,3,3,12,6,24.5,0,37,0.057010193147786908,125,0,0.45000000000000001,False,False,-5,2,FAR_increase,False,False,PN06,PN06-4.edf
4,3,3,97,1,100,1855,36437,40,0,0,36397,0.75,0.75,9.5941973239552709,1,3,3,12,8.5,24.5,5,37,0.05096573893452757,120,0,0.5,False,False,-2.5,2,FAR_increase,False,False,PN06,PN06-4.edf
4,3,3,83,1,86,1575,36437,40,0,0,36397,0.75,0.75,8.2094678132813144,1,3,3,12,8.5,24.5,5,37,0.043272797208561142,70,0,0.55000000000000004,False,False,-2.5,2,FAR_increase,False,False,PN06,PN06-4.edf
4,3,3,77,1,80,1365,36437,40,0,0,36397,0.75,0.75,7.6160123087067619,1,3,3,12,8.5,24.5,5,37,0.037503090914086323,60,0,0.59999999999999998,False,False,-2.5,2,FAR_increase,False,False,PN06,PN06-4.edf
4,3,3,72,1,75,1255,36437,40,0,0,36397,0.75,0.75,7.1214660548946345,1,3,3,12,8.5,24.5,5,37,0.034480863807456658,60,0,0.65000000000000002,False,False,-2.5,2,FAR_increase,False,False,PN06,PN06-4.edf
4,3,3,59,0,62,1065,36437,40,0,0,36397,0.75,0.75,5.8356457949831029,1,3,3,37,21,37,5,37,0.029260653350550871,60,0,0.69999999999999996,False,False,-2.5,2,FAR_increase,False,False,PN06,PN06-4.edf
4,3,3,51,0,54,910,36437,40,0,0,36397,0.75,0.75,5.0443717888836996,1,3,3,37,21,37,5,37,0.025002060609390885,60,0,0.75,False,False,-2.5,2,FAR_increase,False,False,PN06,PN06-4.edf
4,3,3,38,0,41,725,36437,40,0,0,36397,0.75,0.75,3.758551528972168,1,3,3,37,21,39.5,5,42,0.019919224111877354,60,0,0.80000000000000004,False,False,0,2,FAR_increase,False,False,PN06,PN06-4.edf
4,3,3,30,0,33,580,36437,40,0,0,36397,0.75,0.75,2.9672775228727644,1,3,3,37,21,39.5,5,42,0.01593537928950188,60,0,0.84999999999999998,False,False,0,2,FAR_increase,False,False,PN06,PN06-4.edf
4,3,3,17,0,20,300,36437,40,0,0,36397,0.75,0.75,1.681457262961233,1,3,3,37,21,39.5,5,42,0.0082424375635354562,55,0,0.90000000000000002,False,False,0,2,FAR_increase,False,False,PN06,PN06-4.edf
4,2,2,1,0,3,70,36437,40,0,0,36397,0.5,0.5,0.098909250762425474,2,2,2,23.5,14.25,32.75,5,42,0.0019232354314916065,40,0,0.94999999999999996,True,False,0,2,no_strict_improvement,True,False,PN06,PN06-4.edf
4,0,0,0,0,0,0,36437,40,0,0,36397,0,0,0,4,0,0,,,,,,0,0,0,1.01,True,False,,0,sensitivity_loss,False,False,PN06,PN06-4.edf
4,2,4,326,0,328,8385,36437,40,0,0,36397,0.5,1,32.244415748550708,2,2,2,22,17,27,12,32,0.23037612990081599,330,0.10000000000000001,0.050000000000000003,False,False,-10,1,FAR_increase;no_strict_improvement,False,False,PN06,PN06-4.edf
4,2,4,228,0,230,5520,36437,40,0,0,36397,0.5,1,22.551309173833008,2,2,2,22,17,27,12,32,0.1516608511690524,190,0.10000000000000001,0.10000000000000001,False,False,-10,1,FAR_increase;no_strict_improvement,False,False,PN06,PN06-4.edf
4,2,4,182,1,184,4385,36437,40,0,0,36397,0.5,1,18.001483638761435,2,2,2,24.5,18.25,30.75,12,37,0.12047696238700992,165,0.10000000000000001,0.14999999999999999,False,False,-5,1,FAR_increase;no_strict_improvement,False,False,PN06,PN06-4.edf
4,4,4,160,1,164,3660,36437,40,0,0,36397,1,1,15.825480121988075,0,4,4,16,9,24.25,0,37,0.10055773827513256,160,0.10000000000000001,0.20000000000000001,False,False,-5,2,FAR_increase,False,False,PN06,PN06-4.edf
4,4,4,149,2,153,3145,36437,40,0,0,36397,1,1,14.737478363601396,0,4,4,16,9,24.25,0,37,0.086408220457730028,160,0.10000000000000001,0.25,False,False,-5,2,FAR_increase,False,False,PN06,PN06-4.edf
4,4,4,128,1,132,2695,36437,40,0,0,36397,1,1,12.660384097590461,0,4,4,23.5,9,35.5,0,37,0.074044564112426853,160,0.10000000000000001,0.29999999999999999,False,False,-5,2,FAR_increase,False,False,PN06,PN06-4.edf
4,3,3,119,1,122,2370,36437,40,0,0,36397,0.75,0.75,11.770200840728631,1,3,3,12,6,24.5,0,37,0.065115256751930098,160,0.10000000000000001,0.34999999999999998,False,False,-5,2,FAR_increase,False,False,PN06,PN06-4.edf
4,3,3,113,1,116,2215,36437,40,0,0,36397,0.75,0.75,11.176745336154079,1,3,3,12,6,24.5,0,37,0.060856664010770119,125,0.10000000000000001,0.40000000000000002,False,False,-5,2,FAR_increase,False,False,PN06,PN06-4.edf
4,3,3,99,1,102,1905,36437,40,0,0,36397,0.75,0.75,9.7920158254801226,1,3,3,12,8.5,24.5,5,37,0.052339478528450147,120,0.10000000000000001,0.45000000000000001,False,False,-2.5,2,FAR_increase,False,False,PN06,PN06-4.edf
4,3,3,85,1,88,1630,36437,40,0,0,36397,0.75,0.75,8.4072863148061661,1,3,3,12,8.5,24.5,5,37,0.044783910761875982,70,0.10000000000000001,0.5,False,False,-2.5,2,FAR_increase,False,False,PN06,PN06-4.edf
4,3,3,79,1,82,1410,36437,40,0,0,36397,0.75,0.75,7.8138308102316127,1,3,3,12,8.5,24.5,5,37,0.038739456548616644,70,0.10000000000000001,0.55000000000000004,False,False,-2.5,2,FAR_increase,False,False,PN06,PN06-4.edf
4,3,3,71,1,74,1230,36437,40,0,0,36397,0.75,0.75,7.0225568041322086,1,3,3,12,8.5,24.5,5,37,0.033793994010495369,60,0.10000000000000001,0.59999999999999998,False,False,-2.5,2,FAR_increase,False,False,PN06,PN06-4.edf
4,3,3,58,0,61,1040,36437,40,0,0,36397,0.75,0.75,5.7367365442206779,1,3,3,37,21,37,5,37,0.028573783553589582,60,0.10000000000000001,0.65000000000000002,False,False,-2.5,2,FAR_increase,False,False,PN06,PN06-4.edf
4,3,3,48,0,51,875,36437,40,0,0,36397,0.75,0.75,4.747644036596423,1,3,3,37,21,39.5,5,42,0.02404044289364508,60,0.10000000000000001,0.69999999999999996,False,False,0,2,FAR_increase,False,False,PN06,PN06-4.edf
4,3,3,37,0,40,690,36437,40,0,0,36397,0.75,0.75,3.6596422782097426,1,3,3,37,21,39.5,5,42,0.01895760639613155,60,0.10000000000000001,0.75,False,False,0,2,FAR_increase,False,False,PN06,PN06-4.edf
4,3,3,22,0,25,425,36437,40,0,0,36397,0.75,0.75,2.1760035167733602,1,3,3,37,21,39.5,5,42,0.011676786548341896,60,0.10000000000000001,0.80000000000000004,False,False,0,2,FAR_increase,False,False,PN06,PN06-4.edf
4,3,3,7,0,10,200,36437,40,0,0,36397,0.75,0.75,0.69236475533697828,1,3,3,37,21,39.5,5,42,0.0054949583756903038,55,0.10000000000000001,0.84999999999999998,True,False,0,2,FAR_increase,False,False,PN06,PN06-4.edf
4,2,2,3,0,5,65,36437,40,0,0,36397,0.5,0.5,0.29672775228727644,2,2,2,36,33,39,30,42,0.0017858614720993489,15,0.10000000000000001,0.90000000000000002,True,False,25,1,FAR_increase;no_strict_improvement;common_event_delay_penalty,False,False,PN06,PN06-4.edf
4,0,0,0,0,0,0,36437,40,0,0,36397,0,0,0,4,0,0,,,,,,0,0,0.10000000000000001,0.94999999999999996,True,False,,0,sensitivity_loss,False,False,PN06,PN06-4.edf
4,0,0,0,0,0,0,36437,40,0,0,36397,0,0,0,4,0,0,,,,,,0,0,0.10000000000000001,1.01,True,False,,0,sensitivity_loss,False,False,PN06,PN06-4.edf
4,2,4,339,0,341,9270,36437,40,0,0,36397,0.5,1,33.530236008462239,2,2,2,22,17,27,12,32,0.25469132071324557,330,0.25,0.050000000000000003,False,False,-10,1,FAR_increase;no_strict_improvement,False,False,PN06,PN06-4.edf
4,2,4,218,0,220,5655,36437,40,0,0,36397,0.5,1,21.562216666208755,2,2,2,22,17,27,12,32,0.15536994807264334,190,0.25,0.10000000000000001,False,False,-10,1,FAR_increase;no_strict_improvement,False,False,PN06,PN06-4.edf
4,4,4,174,1,178,4285,36437,40,0,0,36397,1,1,17.210209632662032,0,4,4,6,0,18.25,0,37,0.11772948319916476,165,0.25,0.14999999999999999,False,False,-5,2,FAR_increase,False,False,PN06,PN06-4.edf
4,4,4,146,1,150,3535,36437,40,0,0,36397,1,1,14.440750611314119,0,4,4,16,9,24.25,0,37,0.097123389290326129,160,0.25,0.20000000000000001,False,False,-5,2,FAR_increase,False,False,PN06,PN06-4.edf
4,4,4,134,1,138,2940,36437,40,0,0,36397,1,1,13.253839602165014,0,4,4,23.5,9,35.5,0,37,0.080775888122647466,160,0.25,0.25,False,False,-5,2,FAR_increase,False,False,PN06,PN06-4.edf
4,4,4,121,1,125,2530,36437,40,0,0,36397,1,1,11.968019342253482,0,4,4,23.5,9,35.5,0,37,0.069511223452482354,160,0.25,0.29999999999999999,False,False,-5,2,FAR_increase,False,False,PN06,PN06-4.edf
4,3,3,105,1,108,2175,36437,40,0,0,36397,0.75,0.75,10.385471330054674,1,3,3,12,6,24.5,0,37,0.059757672335632055,125,0.25,0.34999999999999998,False,False,-5,2,FAR_increase,False,False,PN06,PN06-4.edf
4,3,3,98,1,101,1890,36437,40,0,0,36397,0.75,0.75,9.6931065747176959,1,3,3,12,8.5,24.5,5,37,0.051927356650273371,125,0.25,0.40000000000000002,False,False,-2.5,2,FAR_increase,False,False,PN06,PN06-4.edf
4,3,3,88,1,91,1575,36437,40,0,0,36397,0.75,0.75,8.7040140670934409,1,3,3,12,8.5,24.5,5,37,0.043272797208561142,70,0.25,0.45000000000000001,False,False,-2.5,2,FAR_increase,False,False,PN06,PN06-4.edf
4,3,3,76,1,79,1355,36437,40,0,0,36397,0.75,0.75,7.5171030579443361,1,3,3,12,8.5,24.5,5,37,0.037228342995301811,70,0.25,0.5,False,False,-2.5,2,FAR_increase,False,False,PN06,PN06-4.edf
4,3,3,63,0,66,1135,36437,40,0,0,36397,0.75,0.75,6.2312827980328045,1,3,3,27,16,32,5,37,0.031183888782042476,70,0.25,0.55000000000000004,False,False,-2.5,2,FAR_increase,False,False,PN06,PN06-4.edf
4,3,3,50,0,53,920,36437,40,0,0,36397,0.75,0.75,4.9454625381212738,1,3,3,37,21,37,5,37,0.025276808528175401,60,0.25,0.59999999999999998,False,False,-2.5,2,FAR_increase,False,False,PN06,PN06-4.edf
4,3,3,32,0,35,600,36437,40,0,0,36397,0.75,0.75,3.1650960243976152,1,3,3,37,21,39.5,5,42,0.016484875127070912,60,0.25,0.65000000000000002,False,False,0,2,FAR_increase,False,False,PN06,PN06-4.edf
4,3,3,19,0,22,375,36437,40,0,0,36397,0.75,0.75,1.879275764486084,1,3,3,37,21,39.5,5,42,0.010303046954419321,60,0.25,0.69999999999999996,False,False,0,2,FAR_increase,False,False,PN06,PN06-4.edf
4,3,3,11,0,14,260,36437,40,0,0,36397,0.75,0.75,1.0880017583866801,1,3,3,37,28.5,39.5,20,42,0.0071434458883973956,60,0.25,0.75,False,False,7.5,2,FAR_increase;common_event_delay_penalty,False,False,PN06,PN06-4.edf
4,2,2,8,1,10,140,36437,40,0,0,36397,0.5,0.5,0.79127400609940379,2,2,2,33.5,31.75,35.25,30,37,0.0038464708629832129,35,0.25,0.80000000000000004,True,False,25,1,FAR_increase;no_strict_improvement;common_event_delay_penalty,False,False,PN06,PN06-4.edf
4,2,2,5,0,7,100,36437,40,0,0,36397,0.5,0.5,0.49454625381212736,2,2,2,33.5,31.75,35.25,30,37,0.0027474791878451519,35,0.25,0.84999999999999998,True,False,25,1,FAR_increase;no_strict_improvement;common_event_delay_penalty,False,False,PN06,PN06-4.edf
4,0,0,3,0,3,30,36437,40,0,0,36397,0,0,0.29672775228727644,4,0,0,,,,,,0.00082424375635354566,10,0.25,0.90000000000000002,True,False,,0,sensitivity_loss;FAR_increase;no_strict_improvement,False,False,PN06,PN06-4.edf
4,0,0,0,0,0,0,36437,40,0,0,36397,0,0,0,4,0,0,,,,,,0,0,0.25,0.94999999999999996,True,False,,0,sensitivity_loss,False,False,PN06,PN06-4.edf
4,0,0,0,0,0,0,36437,40,0,0,36397,0,0,0,4,0,0,,,,,,0,0,0.25,1.01,True,False,,0,sensitivity_loss,False,False,PN06,PN06-4.edf
4,2,4,314,0,316,9745,36437,40,0,0,36397,0.5,1,31.057504739401598,2,2,2,19.5,15.75,23.25,12,27,0.26774184685551006,315,0.5,0.050000000000000003,False,False,-15,1,FAR_increase;no_strict_improvement,False,False,PN06,PN06-4.edf
4,4,4,217,1,221,6145,36437,40,0,0,36397,1,1,21.463307415446327,0,4,4,6,0,17,0,32,0.1688325960930846,315,0.5,0.10000000000000001,False,False,-7.5,2,FAR_increase,False,False,PN06,PN06-4.edf
4,4,4,181,1,185,4385,36437,40,0,0,36397,1,1,17.90257438799901,0,4,4,16,9,24.25,0,37,0.12047696238700992,165,0.5,0.14999999999999999,False,False,-5,2,FAR_increase,False,False,PN06,PN06-4.edf
4,4,4,150,1,154,3385,36437,40,0,0,36397,1,1,14.83638761436382,0,4,4,18.5,9,28,0,37,0.093002170508558399,160,0.5,0.20000000000000001,False,False,-5,2,FAR_increase,False,False,PN06,PN06-4.edf
4,4,4,123,1,127,2785,36437,40,0,0,36397,1,1,12.165837843778334,0,4,4,18.5,10.25,28,5,37,0.07651729538148748,130,0.5,0.25,False,False,-2.5,2,FAR_increase,False,False,PN06,PN06-4.edf
4,4,4,95,1,99,2115,36437,40,0,0,36397,1,1,9.3963788224304192,0,4,4,21,10.25,31.75,5,37,0.058109184822924966,120,0.5,0.29999999999999999,False,False,-2.5,2,FAR_increase,False,False,PN06,PN06-4.edf
4,4,4,76,0,80,1695,36437,40,0,0,36397,1,1,7.5171030579443361,0,4,4,31,21.5,35.5,5,37,0.046569772233975328,70,0.5,0.34999999999999998,False,False,-2.5,2,FAR_increase,False,False,PN06,PN06-4.edf
4,3,3,65,0,68,1365,36437,40,0,0,36397,0.75,0.75,6.4291012995576562,1,3,3,27,16,32,5,37,0.037503090914086323,70,0.5,0.40000000000000002,False,False,-2.5,2,FAR_increase,False,False,PN06,PN06-4.edf
4,3,3,40,0,43,910,36437,40,0,0,36397,0.75,0.75,3.9563700304970189,1,3,3,27,16,34.5,5,42,0.025002060609390885,70,0.5,0.45000000000000001,False,False,0,2,FAR_increase,False,False,PN06,PN06-4.edf
4,3,3,28,0,31,585,36437,40,0,0,36397,0.75,0.75,2.7694590213479131,1,3,3,27,16,34.5,5,42,0.01607275324889414,70,0.5,0.5,False,False,0,2,FAR_increase,False,False,PN06,PN06-4.edf
4,2,2,23,0,25,450,36437,40,0,0,36397,0.5,0.5,2.2749127675357861,2,2,2,23.5,21.75,25.25,20,27,0.012363656345303184,70,0.5,0.55000000000000004,False,False,15,1,FAR_increase;no_strict_improvement;common_event_delay_penalty,False,False,PN06,PN06-4.edf
4,2,2,17,0,19,345,36437,40,0,0,36397,0.5,0.5,1.681457262961233,2,2,2,28.5,24.25,32.75,20,37,0.0094788031980657748,60,0.5,0.59999999999999998,False,False,15,1,FAR_increase;no_strict_improvement;common_event_delay_penalty,False,False,PN06,PN06-4.edf
4,2,2,13,0,15,255,36437,40,0,0,36397,0.5,0.5,1.2858202599115311,2,2,2,33.5,31.75,35.25,30,37,0.0070060719290051376,40,0.5,0.65000000000000002,False,False,25,1,FAR_increase;no_strict_improvement;common_event_delay_penalty,False,False,PN06,PN06-4.edf
4,2,2,9,0,11,180,36437,40,0,0,36397,0.5,0.5,0.89018325686182931,2,2,2,33.5,31.75,35.25,30,37,0.0049454625381212735,35,0.5,0.69999999999999996,True,False,25,1,FAR_increase;no_strict_improvement;common_event_delay_penalty,False,False,PN06,PN06-4.edf
4,2,2,8,0,10,140,36437,40,0,0,36397,0.5,0.5,0.79127400609940379,2,2,2,33.5,31.75,35.25,30,37,0.0038464708629832129,35,0.5,0.75,True,False,25,1,FAR_increase;no_strict_improvement;common_event_delay_penalty,False,True,PN06,PN06-4.edf
4,1,1,6,0,7,100,36437,40,0,0,36397,0.25,0.25,0.59345550457455287,3,1,1,37,37,37,37,37,0.0027474791878451519,35,0.5,0.80000000000000004,True,False,,0,sensitivity_loss;FAR_increase;no_strict_improvement,False,False,PN06,PN06-4.edf
4,0,0,4,0,4,60,36437,40,0,0,36397,0,0,0.3956370030497019,4,0,0,,,,,,0.0016484875127070913,25,0.5,0.84999999999999998,True,False,,0,sensitivity_loss;FAR_increase;no_strict_improvement,False,False,PN06,PN06-4.edf
4,0,0,1,0,1,10,36437,40,0,0,36397,0,0,0.098909250762425474,4,0,0,,,,,,0.0002747479187845152,10,0.5,0.90000000000000002,True,False,,0,sensitivity_loss;no_strict_improvement,False,False,PN06,PN06-4.edf
4,0,0,0,0,0,0,36437,40,0,0,36397,0,0,0,4,0,0,,,,,,0,0,0.5,0.94999999999999996,True,False,,0,sensitivity_loss,False,False,PN06,PN06-4.edf
4,0,0,0,0,0,0,36437,40,0,0,36397,0,0,0,4,0,0,,,,,,0,0,0.5,1.01,True,False,,0,sensitivity_loss,False,False,PN06,PN06-4.edf
4,1,4,380,0,381,9290,37440,40,0,0,37400,0.25,1,36.577540106951872,3,1,1,12,12,12,12,12,0.24839572192513368,320,0,0.050000000000000003,False,False,,0,sensitivity_loss;FAR_increase;no_strict_improvement,False,False,PN06,PN06-5.edf
4,2,4,258,0,260,6310,37440,40,0,0,37400,0.5,1,24.834224598930483,2,2,2,26.5,24.25,28.75,22,31,0.16871657754010697,180,0,0.10000000000000001,False,False,-15,1,FAR_increase;no_strict_improvement,False,False,PN06,PN06-5.edf
4,3,4,212,0,215,5210,37440,40,0,0,37400,0.75,1,20.406417112299465,1,3,3,22,11,26.5,0,31,0.13930481283422461,165,0,0.14999999999999999,False,False,-17.5,2,FAR_increase,False,False,PN06,PN06-5.edf
4,4,4,175,0,179,4455,37440,40,0,0,37400,1,1,16.844919786096256,0,4,4,16,3.75,28,0,31,0.11911764705882352,165,0,0.20000000000000001,False,False,-17.5,2,FAR_increase,False,False,PN06,PN06-5.edf
4,4,4,155,0,159,3920,37440,40,0,0,37400,1,1,14.919786096256685,0,4,4,18,3.75,32.5,0,37,0.10481283422459893,160,0,0.25,False,False,-17.5,2,FAR_increase,False,False,PN06,PN06-5.edf
4,4,4,146,0,150,3560,37440,40,0,0,37400,1,1,14.053475935828876,0,4,4,18,3.75,32.5,0,37,0.095187165775401067,155,0,0.29999999999999999,False,False,-17.5,2,FAR_increase,False,False,PN06,PN06-5.edf
4,4,4,131,0,135,3230,37440,40,0,0,37400,1,1,12.609625668449198,0,4,4,18,5,32.5,5,37,0.086363636363636365,155,0,0.34999999999999998,False,False,-15,2,FAR_increase,False,False,PN06,PN06-5.edf
4,4,4,127,0,131,2950,37440,40,0,0,37400,1,1,12.224598930481283,0,4,4,23,12.5,32.5,5,37,0.078877005347593579,135,0,0.40000000000000002,False,False,-15,2,FAR_increase,False,False,PN06,PN06-5.edf
4,4,4,118,1,122,2745,37440,40,0,0,37400,1,1,11.358288770053475,0,4,4,10.5,5.75,20.5,5,37,0.073395721925133689,135,0,0.45000000000000001,False,False,-27.5,2,FAR_increase,False,False,PN06,PN06-5.edf
4,4,4,109,1,113,2460,37440,40,0,0,37400,1,1,10.491978609625669,0,4,4,10.5,5.75,20.5,5,37,0.065775401069518721,125,0,0.5,False,False,-27.5,2,FAR_increase,False,False,PN06,PN06-5.edf
4,4,4,99,1,103,2195,37440,40,0,0,37400,1,1,9.5294117647058822,0,4,4,15.5,5.75,28,5,37,0.058689839572192516,125,0,0.55000000000000004,False,False,-27.5,2,FAR_increase,False,False,PN06,PN06-5.edf
4,4,4,92,1,96,1890,37440,40,0,0,37400,1,1,8.855614973262032,0,4,4,15.5,5.75,28,5,37,0.050534759358288772,125,0,0.59999999999999998,False,False,-27.5,2,FAR_increase,False,False,PN06,PN06-5.edf
4,4,4,85,1,89,1610,37440,40,0,0,37400,1,1,8.1818181818181817,0,4,4,15.5,5.75,28,5,37,0.043048128342245986,90,0,0.65000000000000002,False,False,-27.5,2,FAR_increase,False,False,PN06,PN06-5.edf
4,3,3,78,1,81,1460,37440,40,0,0,37400,0.75,0.75,7.5080213903743314,1,3,3,6,5.5,21.5,5,37,0.039037433155080216,75,0,0.69999999999999996,False,False,-27.5,2,FAR_increase,False,False,PN06,PN06-5.edf
4,3,3,68,1,71,1195,37440,40,0,0,37400,0.75,0.75,6.5454545454545459,1,3,3,16,10.5,26.5,5,37,0.031951871657754011,65,0,0.75,False,False,-22.5,2,FAR_increase,False,False,PN06,PN06-5.edf
4,3,3,57,1,60,985,37440,40,0,0,37400,0.75,0.75,5.4866310160427805,1,3,3,16,10.5,29,5,42,0.026336898395721925,55,0,0.80000000000000004,False,False,-22.5,2,FAR_increase,False,False,PN06,PN06-5.edf
4,3,3,44,1,47,710,37440,40,0,0,37400,0.75,0.75,4.2352941176470589,1,3,3,16,10.5,34,5,52,0.018983957219251339,55,0,0.84999999999999998,False,False,-22.5,2,FAR_increase,False,False,PN06,PN06-5.edf
4,2,2,25,1,27,350,37440,40,0,0,37400,0.5,0.5,2.4064171122994651,2,2,2,10.5,7.75,13.25,5,16,0.0093582887700534752,55,0,0.90000000000000002,False,False,-22.5,2,FAR_increase;no_strict_improvement,False,False,PN06,PN06-5.edf
4,2,2,5,0,7,90,37440,40,0,0,37400,0.5,0.5,0.48128342245989303,2,2,2,33,26.5,39.5,20,46,0.0024064171122994654,30,0,0.94999999999999996,True,False,0,2,no_strict_improvement,False,False,PN06,PN06-5.edf
4,0,0,0,0,0,0,37440,40,0,0,37400,0,0,0,4,0,0,,,,,,0,0,0,1.01,True,False,,0,sensitivity_loss,False,False,PN06,PN06-5.edf
4,1,4,360,0,361,9370,37440,40,0,0,37400,0.25,1,34.652406417112303,3,1,1,12,12,12,12,12,0.25053475935828878,320,0.10000000000000001,0.050000000000000003,False,False,,0,sensitivity_loss;FAR_increase;no_strict_improvement,False,False,PN06,PN06-5.edf
4,1,4,242,0,243,6275,37440,40,0,0,37400,0.25,1,23.294117647058822,3,1,1,22,22,22,22,22,0.16778074866310161,240,0.10000000000000001,0.10000000000000001,False,False,,0,sensitivity_loss;FAR_increase;no_strict_improvement,False,False,PN06,PN06-5.edf
4,4,4,193,0,197,5075,37440,40,0,0,37400,1,1,18.577540106951872,0,4,4,11,0,24.25,0,31,0.13569518716577539,165,0.10000000000000001,0.14999999999999999,False,False,-17.5,2,FAR_increase,False,False,PN06,PN06-5.edf
4,4,4,164,0,168,4295,37440,40,0,0,37400,1,1,15.786096256684491,0,4,4,16,3.75,28,0,31,0.11483957219251337,160,0.10000000000000001,0.20000000000000001,False,False,-17.5,2,FAR_increase,False,False,PN06,PN06-5.edf
4,4,4,150,0,154,3815,37440,40,0,0,37400,1,1,14.438502673796792,0,4,4,18,3.75,32.5,0,37,0.10200534759358289,160,0.10000000000000001,0.25,False,False,-17.5,2,FAR_increase,False,False,PN06,PN06-5.edf
4,4,4,136,0,140,3385,37440,40,0,0,37400,1,1,13.090909090909092,0,4,4,18,5,32.5,5,37,0.090508021390374338,155,0.10000000000000001,0.29999999999999999,False,False,-15,2,FAR_increase,False,False,PN06,PN06-5.edf
4,4,4,127,0,131,3060,37440,40,0,0,37400,1,1,12.224598930481283,0,4,4,23,12.5,32.5,5,37,0.081818181818181818,135,0.10000000000000001,0.34999999999999998,False,False,-15,2,FAR_increase,False,False,PN06,PN06-5.edf
4,4,4,121,1,125,2850,37440,40,0,0,37400,1,1,11.647058823529411,0,4,4,10.5,5.75,20.5,5,37,0.076203208556149732,135,0.10000000000000001,0.40000000000000002,False,False,-27.5,2,FAR_increase,False,False,PN06,PN06-5.edf
4,4,4,111,1,115,2575,37440,40,0,0,37400,1,1,10.684491978609625,0,4,4,10.5,5.75,20.5,5,37,0.068850267379679142,135,0.10000000000000001,0.45000000000000001,False,False,-27.5,2,FAR_increase,False,False,PN06,PN06-5.edf
4,4,4,103,1,107,2250,37440,40,0,0,37400,1,1,9.9144385026737964,0,4,4,15.5,5.75,28,5,37,0.060160427807486629,125,0.10000000000000001,0.5,False,False,-27.5,2,FAR_increase,False,False,PN06,PN06-5.edf
4,4,4,95,1,99,2000,37440,40,0,0,37400,1,1,9.144385026737968,0,4,4,15.5,5.75,28,5,37,0.053475935828877004,125,0.10000000000000001,0.55000000000000004,False,False,-27.5,2,FAR_increase,False,False,PN06,PN06-5.edf
4,3,3,87,1,90,1655,37440,40,0,0,37400,0.75,0.75,8.3743315508021396,1,3,3,6,5.5,21.5,5,37,0.044251336898395721,90,0.10000000000000001,0.59999999999999998,False,False,-27.5,2,FAR_increase,False,False,PN06,PN06-5.edf
4,3,3,79,1,82,1465,37440,40,0,0,37400,0.75,0.75,7.6042780748663104,1,3,3,6,5.5,21.5,5,37,0.039171122994652405,75,0.10000000000000001,0.65000000000000002,False,False,-27.5,2,FAR_increase,False,False,PN06,PN06-5.edf
4,3,3,67,1,70,1160,37440,40,0,0,37400,0.75,0.75,6.4491978609625669,1,3,3,16,10.5,26.5,5,37,0.031016042780748664,65,0.10000000000000001,0.69999999999999996,False,False,-22.5,2,FAR_increase,False,False,PN06,PN06-5.edf
4,3,3,54,1,57,900,37440,40,0,0,37400,0.75,0.75,5.1978609625668453,1,3,3,16,10.5,29,5,42,0.024064171122994651,60,0.10000000000000001,0.75,False,False,-22.5,2,FAR_increase,False,False,PN06,PN06-5.edf
4,2,2,36,1,38,545,37440,40,0,0,37400,0.5,0.5,3.46524064171123,2,2,2,10.5,7.75,13.25,5,16,0.014572192513368984,60,0.10000000000000001,0.80000000000000004,False,False,-22.5,2,FAR_increase;no_strict_improvement,False,False,PN06,PN06-5.edf
4,2,2,14,1,16,215,37440,40,0,0,37400,0.5,0.5,1.3475935828877006,2,2,2,15.5,15.25,15.75,15,16,0.0057486631016042782,45,0.10000000000000001,0.84999999999999998,False,False,-17.5,2,FAR_increase;no_strict_improvement,False,False,PN06,PN06-5.edf
4,2,2,4,0,6,100,37440,40,0,0,37400,0.5,0.5,0.38502673796791442,2,2,2,30.5,25.25,35.75,20,41,0.0026737967914438501,40,0.10000000000000001,0.90000000000000002,True,True,-2.5,2,protected_improvement,False,False,PN06,PN06-5.edf
4,1,1,0,0,1,15,37440,40,0,0,37400,0.25,0.25,0,3,1,1,35,35,35,35,35,0.00040106951871657755,15,0.10000000000000001,0.94999999999999996,True,False,15,1,sensitivity_loss;common_event_delay_penalty,False,False,PN06,PN06-5.edf
4,0,0,0,0,0,0,37440,40,0,0,37400,0,0,0,4,0,0,,,,,,0,0,0.10000000000000001,1.01,True,False,,0,sensitivity_loss,False,False,PN06,PN06-5.edf
4,1,4,354,0,355,9540,37440,40,0,0,37400,0.25,1,34.074866310160431,3,1,1,22,22,22,22,22,0.2550802139037433,320,0.25,0.050000000000000003,False,False,,0,sensitivity_loss;FAR_increase;no_strict_improvement,False,False,PN06,PN06-5.edf
4,2,4,226,0,228,6405,37440,40,0,0,37400,0.5,1,21.754010695187166,2,2,2,11,5.5,16.5,0,22,0.17125668449197862,305,0.25,0.10000000000000001,False,False,-20,1,FAR_increase;no_strict_improvement,False,False,PN06,PN06-5.edf
4,3,4,169,0,172,5030,37440,40,0,0,37400,0.75,1,16.267379679144383,1,3,3,5,2.5,16,0,27,0.13449197860962567,235,0.25,0.14999999999999999,False,False,-20,1,FAR_increase,False,False,PN06,PN06-5.edf
4,3,4,151,0,154,4200,37440,40,0,0,37400,0.75,1,14.53475935828877,1,3,3,5,2.5,21,0,37,0.11229946524064172,165,0.25,0.20000000000000001,False,False,-20,1,FAR_increase,False,False,PN06,PN06-5.edf
4,4,4,136,0,140,3730,37440,40,0,0,37400,1,1,13.090909090909092,0,4,4,18,3.75,32.5,0,37,0.099732620320855614,165,0.25,0.25,False,False,-17.5,2,FAR_increase,False,False,PN06,PN06-5.edf
4,4,4,127,0,131,3180,37440,40,0,0,37400,1,1,12.224598930481283,0,4,4,23,12.5,32.5,5,37,0.085026737967914434,135,0.25,0.29999999999999999,False,False,-15,2,FAR_increase,False,False,PN06,PN06-5.edf
4,4,4,119,1,123,2895,37440,40,0,0,37400,1,1,11.454545454545455,0,4,4,10.5,5.75,20.5,5,37,0.077406417112299467,135,0.25,0.34999999999999998,False,False,-27.5,2,FAR_increase,False,False,PN06,PN06-5.edf
4,4,4,114,1,118,2590,37440,40,0,0,37400,1,1,10.973262032085561,0,4,4,15.5,5.75,28,5,37,0.069251336898395716,135,0.25,0.40000000000000002,False,False,-27.5,2,FAR_increase,False,False,PN06,PN06-5.edf
4,4,4,98,1,102,2255,37440,40,0,0,37400,1,1,9.4331550802139041,0,4,4,15.5,5.75,28,5,37,0.060294117647058824,135,0.25,0.45000000000000001,False,False,-27.5,2,FAR_increase,False,False,PN06,PN06-5.edf
4,3,3,90,1,93,1925,37440,40,0,0,37400,0.75,0.75,8.6631016042780757,1,3,3,6,5.5,21.5,5,37,0.051470588235294115,135,0.25,0.5,False,False,-27.5,2,FAR_increase,False,False,PN06,PN06-5.edf
4,3,3,87,1,90,1650,37440,40,0,0,37400,0.75,0.75,8.3743315508021396,1,3,3,6,5.5,21.5,5,37,0.044117647058823532,75,0.25,0.55000000000000004,False,False,-27.5,2,FAR_increase,False,False,PN06,PN06-5.edf
4,3,3,73,1,76,1280,37440,40,0,0,37400,0.75,0.75,7.0267379679144382,1,3,3,16,10.5,29,5,42,0.034224598930481284,65,0.25,0.59999999999999998,False,False,-22.5,2,FAR_increase,False,False,PN06,PN06-5.edf
4,2,2,54,1,56,910,37440,40,0,0,37400,0.5,0.5,5.1978609625668453,2,2,2,10.5,7.75,13.25,5,16,0.024331550802139036,60,0.25,0.65000000000000002,False,False,-22.5,2,FAR_increase;no_strict_improvement,False,False,PN06,PN06-5.edf
4,2,2,31,1,33,520,37440,40,0,0,37400,0.5,0.5,2.9839572192513368,2,2,2,10.5,7.75,13.25,5,16,0.013903743315508022,60,0.25,0.69999999999999996,False,False,-22.5,2,FAR_increase;no_strict_improvement,False,False,PN06,PN06-5.edf
4,2,2,17,1,19,295,37440,40,0,0,37400,0.5,0.5,1.6363636363636365,2,2,2,15.5,15.25,15.75,15,16,0.0078877005347593575,50,0.25,0.75,False,False,-17.5,2,FAR_increase;no_strict_improvement,False,False,PN06,PN06-5.edf
4,2,2,8,0,10,160,37440,40,0,0,37400,0.5,0.5,0.77005347593582885,2,2,2,30.5,25.25,35.75,20,41,0.0042780748663101605,45,0.25,0.80000000000000004,True,False,-2.5,2,FAR_increase;no_strict_improvement,False,False,PN06,PN06-5.edf
4,2,2,5,0,7,110,37440,40,0,0,37400,0.5,0.5,0.48128342245989303,2,2,2,30.5,25.25,35.75,20,41,0.0029411764705882353,40,0.25,0.84999999999999998,True,False,-2.5,2,no_strict_improvement,False,False,PN06,PN06-5.edf
4,2,2,2,0,4,75,37440,40,0,0,37400,0.5,0.5,0.19251336898395721,2,2,2,30.5,25.25,35.75,20,41,0.0020053475935828879,40,0.25,0.90000000000000002,True,True,-2.5,2,protected_improvement,True,False,PN06,PN06-5.edf
4,1,1,0,0,1,15,37440,40,0,0,37400,0.25,0.25,0,3,1,1,35,35,35,35,35,0.00040106951871657755,15,0.25,0.94999999999999996,True,False,15,1,sensitivity_loss;common_event_delay_penalty,False,False,PN06,PN06-5.edf
4,0,0,0,0,0,0,37440,40,0,0,37400,0,0,0,4,0,0,,,,,,0,0,0.25,1.01,True,False,,0,sensitivity_loss,False,False,PN06,PN06-5.edf
4,1,4,330,0,331,9985,37440,40,0,0,37400,0.25,1,31.764705882352942,3,1,1,22,22,22,22,22,0.26697860962566844,335,0.5,0.050000000000000003,False,False,,0,sensitivity_loss;FAR_increase;no_strict_improvement,False,False,PN06,PN06-5.edf
4,3,4,196,0,199,6200,37440,40,0,0,37400,0.75,1,18.866310160427808,1,3,3,5,2.5,13.5,0,22,0.16577540106951871,305,0.5,0.10000000000000001,False,False,-20,1,FAR_increase,False,False,PN06,PN06-5.edf
4,3,4,161,0,164,5015,37440,40,0,0,37400,0.75,1,15.497326203208557,1,3,3,5,2.5,21,0,37,0.13409090909090909,305,0.5,0.14999999999999999,False,False,-20,1,FAR_increase,False,False,PN06,PN06-5.edf
4,3,4,137,0,140,4135,37440,40,0,0,37400,0.75,1,13.18716577540107,1,3,3,15,10,26,5,37,0.11056149732620321,170,0.5,0.20000000000000001,False,False,-15,1,FAR_increase,False,False,PN06,PN06-5.edf
4,4,4,119,0,123,3535,37440,40,0,0,37400,1,1,11.454545454545455,0,4,4,10.5,5.75,20.5,5,37,0.094518716577540102,170,0.5,0.25,False,False,-27.5,2,FAR_increase,False,False,PN06,PN06-5.edf
4,4,4,115,0,119,3055,37440,40,0,0,37400,1,1,11.069518716577541,0,4,4,15.5,5.75,28,5,37,0.081684491978609622,135,0.5,0.29999999999999999,False,False,-27.5,2,FAR_increase,False,False,PN06,PN06-5.edf
4,3,3,105,0,108,2510,37440,40,0,0,37400,0.75,0.75,10.106951871657754,1,3,3,6,5.5,21.5,5,37,0.067112299465240638,135,0.5,0.34999999999999998,False,False,-27.5,2,FAR_increase,False,False,PN06,PN06-5.edf
4,3,3,88,0,91,1955,37440,40,0,0,37400,0.75,0.75,8.4705882352941178,1,3,3,16,10.5,26.5,5,37,0.052272727272727269,90,0.5,0.40000000000000002,False,False,-22.5,2,FAR_increase,False,False,PN06,PN06-5.edf
4,2,2,71,1,73,1435,37440,40,0,0,37400,0.5,0.5,6.8342245989304811,2,2,2,10.5,7.75,13.25,5,16,0.038368983957219251,60,0.5,0.45000000000000001,False,False,-22.5,2,FAR_increase;no_strict_improvement,False,False,PN06,PN06-5.edf
4,2,2,44,1,46,945,37440,40,0,0,37400,0.5,0.5,4.2352941176470589,2,2,2,10.5,7.75,13.25,5,16,0.025267379679144386,60,0.5,0.5,False,False,-22.5,2,FAR_increase;no_strict_improvement,False,False,PN06,PN06-5.edf
4,2,2,34,1,36,680,37440,40,0,0,37400,0.5,0.5,3.2727272727272729,2,2,2,15.5,15.25,15.75,15,16,0.018181818181818181,50,0.5,0.55000000000000004,False,False,-17.5,2,FAR_increase;no_strict_improvement,False,False,PN06,PN06-5.edf
4,2,2,26,0,28,515,37440,40,0,0,37400,0.5,0.5,2.5026737967914436,2,2,2,28,21.5,34.5,15,41,0.013770053475935828,50,0.5,0.59999999999999998,False,False,-5,2,FAR_increase;no_strict_improvement,False,False,PN06,PN06-5.edf
4,2,2,21,0,23,395,37440,40,0,0,37400,0.5,0.5,2.0213903743315509,2,2,2,30.5,25.25,35.75,20,41,0.010561497326203208,45,0.5,0.65000000000000002,False,False,-2.5,2,FAR_increase;no_strict_improvement,False,False,PN06,PN06-5.edf
4,2,2,13,0,15,260,37440,40,0,0,37400,0.5,0.5,1.2513368983957218,2,2,2,30.5,25.25,35.75,20,41,0.0069518716577540111,45,0.5,0.69999999999999996,False,False,-2.5,2,FAR_increase;no_strict_improvement,False,False,PN06,PN06-5.edf
4,2,2,9,0,11,180,37440,40,0,0,37400,0.5,0.5,0.86631016042780751,2,2,2,30.5,25.25,35.75,20,41,0.0048128342245989308,45,0.5,0.75,True,False,-2.5,2,FAR_increase;no_strict_improvement,False,False,PN06,PN06-5.edf
4,2,2,6,0,8,135,37440,40,0,0,37400,0.5,0.5,0.57754010695187163,2,2,2,30.5,25.25,35.75,20,41,0.0036096256684491979,45,0.5,0.80000000000000004,True,False,-2.5,2,FAR_increase;no_strict_improvement,False,False,PN06,PN06-5.edf
4,2,2,4,0,6,90,37440,40,0,0,37400,0.5,0.5,0.38502673796791442,2,2,2,33,29,37,25,41,0.0024064171122994654,35,0.5,0.84999999999999998,True,True,0,2,protected_improvement,False,False,PN06,PN06-5.edf
4,2,2,3,0,5,65,37440,40,0,0,37400,0.5,0.5,0.28877005347593582,2,2,2,40.5,37.75,43.25,35,46,0.0017379679144385028,25,0.5,0.90000000000000002,True,False,7.5,2,common_event_delay_penalty,False,True,PN06,PN06-5.edf
4,1,1,0,0,1,25,37440,40,0,0,37400,0.25,0.25,0,3,1,1,35,35,35,35,35,0.00066844919786096253,25,0.5,0.94999999999999996,True,False,15,1,sensitivity_loss;common_event_delay_penalty,False,False,PN06,PN06-5.edf
4,0,0,0,0,0,0,37440,40,0,0,37400,0,0,0,4,0,0,,,,,,0,0,0.5,1.01,True,False,,0,sensitivity_loss,False,False,PN06,PN06-5.edf
9,6,8,974,0,980,24703,57435,50,27,110,57248,0.66666666666666663,0.88888888888888884,61.249301285634431,3,6,6,6.5,6,9.25,2,10,0.43150852431525993,355,0,0.050000000000000003,False,False,-20,5,FAR_increase,False,False,PN10,PN10-1.edf
9,8,8,677,0,685,12205,57435,50,27,110,57248,0.88888888888888884,0.88888888888888884,42.572666294019008,1,8,8,6.5,5.25,7.75,2,10,0.21319522079373951,135,0,0.10000000000000001,False,False,-20,5,FAR_increase,False,False,PN10,PN10-1.edf
9,8,8,445,0,453,6945,57435,50,27,110,57248,0.88888888888888884,0.88888888888888884,27.983510340972611,1,8,8,6.5,5.25,7.75,2,10,0.12131428172163219,135,0,0.14999999999999999,False,False,-20,5,FAR_increase,False,False,PN10,PN10-1.edf
9,8,8,271,0,279,4235,57435,50,27,110,57248,0.88888888888888884,0.88888888888888884,17.041643376187814,1,8,8,6.5,5.25,7.75,2,10,0.073976383454443823,135,0,0.20000000000000001,False,False,-20,5,FAR_increase,False,False,PN10,PN10-1.edf
9,8,8,192,0,200,3045,57435,50,27,110,57248,0.88888888888888884,0.88888888888888884,12.073784237003913,1,8,8,6.5,5.25,7.75,2,10,0.053189631078814983,85,0,0.25,False,False,-20,5,FAR_increase,False,False,PN10,PN10-1.edf
9,8,8,152,0,160,2360,57435,50,27,110,57248,0.88888888888888884,0.88888888888888884,9.558412520961431,1,8,8,6.5,5.25,7.75,2,10,0.041224147568474007,85,0,0.29999999999999999,False,False,-20,5,FAR_increase,False,False,PN10,PN10-1.edf
9,8,8,116,0,124,1875,57435,50,27,110,57248,0.88888888888888884,0.88888888888888884,7.2945779765231977,1,8,8,7,6,8.5,2,10,0.032752235885969816,85,0,0.34999999999999998,False,False,-20,5,FAR_increase,False,False,PN10,PN10-1.edf
9,8,8,88,0,96,1495,57435,50,27,110,57248,0.88888888888888884,0.88888888888888884,5.5338177752934596,1,8,8,7.5,7,10.25,6,15,0.026114449413079933,65,0,0.40000000000000002,False,False,-15,5,FAR_increase,False,False,PN10,PN10-1.edf
9,8,8,73,0,81,1275,57435,50,27,110,57248,0.88888888888888884,0.88888888888888884,4.5905533817775295,1,8,8,7.5,7,10.25,6,15,0.022271520402459475,65,0,0.45000000000000001,False,False,-15,5,FAR_increase,False,False,PN10,PN10-1.edf
9,8,8,63,0,71,1135,57435,50,27,110,57248,0.88888888888888884,0.88888888888888884,3.9617104527669089,1,8,8,7.5,7,10.25,6,15,0.019826020122973728,65,0,0.5,False,False,-15,5,FAR_increase,False,False,PN10,PN10-1.edf
9,8,8,57,0,65,1055,57435,50,27,110,57248,0.88888888888888884,0.88888888888888884,3.5844046953605364,1,8,8,9,7,11,7,15,0.018428591391839017,65,0,0.55000000000000004,False,False,-15,5,FAR_increase,False,False,PN10,PN10-1.edf
9,8,8,53,1,61,955,57435,50,27,110,57248,0.88888888888888884,0.88888888888888884,3.3328675237562884,1,8,8,11,7.75,15,7,17,0.016681805477920628,65,0,0.59999999999999998,False,False,-15,5,FAR_increase,False,False,PN10,PN10-1.edf
9,7,7,47,1,54,825,57435,50,27,110,57248,0.77777777777777779,0.77777777777777779,2.9555617663499163,2,7,7,11,9.5,18.5,7,30,0.014410983789826718,50,0,0.65000000000000002,False,False,0,5,FAR_increase,False,False,PN10,PN10-1.edf
9,7,7,43,0,50,710,57435,50,27,110,57248,0.77777777777777779,0.77777777777777779,2.7040245947456678,2,7,7,12,11,27.5,8,32,0.01240217998882057,50,0,0.69999999999999996,False,False,0,5,FAR_increase,False,False,PN10,PN10-1.edf
9,7,7,34,0,41,585,57435,50,27,110,57248,0.77777777777777779,0.77777777777777779,2.1380659586361097,2,7,7,12,11,30,8,32,0.010218697596422582,50,0,0.75,False,False,0,5,FAR_increase,False,False,PN10,PN10-1.edf
9,7,7,26,0,33,450,57435,50,27,110,57248,0.77777777777777779,0.77777777777777779,1.6349916154276132,2,7,7,12,11,30,8,32,0.0078605366126327566,50,0,0.80000000000000004,False,False,0,5,FAR_increase,False,False,PN10,PN10-1.edf
9,7,7,20,0,27,370,57435,50,27,110,57248,0.77777777777777779,0.77777777777777779,1.2576858580212409,2,7,7,12,11,30,8,32,0.0064631078814980439,50,0,0.84999999999999998,False,False,0,5,FAR_increase,False,False,PN10,PN10-1.edf
9,5,5,11,2,16,205,57435,50,27,110,57248,0.55555555555555558,0.55555555555555558,0.69172722191168245,4,5,5,30,11,30,11,32,0.0035809111235326997,30,0,0.90000000000000002,True,False,0,5,no_strict_improvement,True,False,PN10,PN10-1.edf
9,3,3,3,2,6,85,57435,50,27,110,57248,0.33333333333333331,0.33333333333333331,0.18865287870318614,6,3,3,30,30,33.5,30,37,0.0014847680268306317,25,0,0.94999999999999996,True,False,0,3,sensitivity_loss,False,False,PN10,PN10-1.edf
9,0,0,0,0,0,0,57435,50,27,110,57248,0,0,0,9,0,0,,,,,,0,0,0,1.01,True,False,,0,sensitivity_loss,False,False,PN10,PN10-1.edf
9,5,8,983,0,988,34161,57435,50,27,110,57248,0.55555555555555558,0.88888888888888884,61.815259921743994,4,5,5,6,2,6,0,10,0.59671953605366124,365,0.10000000000000001,0.050000000000000003,False,False,-20,5,FAR_increase;no_strict_improvement,False,False,PN10,PN10-1.edf
9,8,8,769,0,777,14835,57435,50,27,110,57248,0.88888888888888884,0.88888888888888884,48.358021240916713,1,8,8,6,2.75,7.75,2,10,0.25913569032979317,135,0.10000000000000001,0.10000000000000001,False,False,-20,5,FAR_increase,False,False,PN10,PN10-1.edf
9,8,8,465,0,473,7150,57435,50,27,110,57248,0.88888888888888884,0.88888888888888884,29.241196198993851,1,8,8,6.5,5.25,7.75,2,10,0.1248951928451649,135,0.10000000000000001,0.14999999999999999,False,False,-20,5,FAR_increase,False,False,PN10,PN10-1.edf
9,8,8,282,0,290,4370,57435,50,27,110,57248,0.88888888888888884,0.88888888888888884,17.733370598099498,1,8,8,6.5,5.25,7.75,2,10,0.076334544438233648,115,0.10000000000000001,0.20000000000000001,False,False,-20,5,FAR_increase,False,False,PN10,PN10-1.edf
9,8,8,186,0,194,2920,57435,50,27,110,57248,0.88888888888888884,0.88888888888888884,11.696478479597541,1,8,8,6.5,5.25,7.75,2,10,0.051006148686416994,90,0.10000000000000001,0.25,False,False,-20,5,FAR_increase,False,False,PN10,PN10-1.edf
9,8,8,144,0,152,2270,57435,50,27,110,57248,0.88888888888888884,0.88888888888888884,9.0553381777529349,1,8,8,7,6,8.5,2,10,0.039652040245947456,85,0.10000000000000001,0.29999999999999999,False,False,-20,5,FAR_increase,False,False,PN10,PN10-1.edf
9,8,8,105,0,113,1740,57435,50,27,110,57248,0.88888888888888884,0.88888888888888884,6.6028507546115147,1,8,8,7,6,8.5,2,10,0.030394074902179991,85,0.10000000000000001,0.34999999999999998,False,False,-20,5,FAR_increase,False,False,PN10,PN10-1.edf
9,8,8,82,0,90,1395,57435,50,27,110,57248,0.88888888888888884,0.88888888888888884,5.1565120178870876,1,8,8,7.5,7,10.25,6,15,0.024367663499161543,65,0.10000000000000001,0.40000000000000002,False,False,-15,5,FAR_increase,False,False,PN10,PN10-1.edf
9,8,8,68,0,76,1200,57435,50,27,110,57248,0.88888888888888884,0.88888888888888884,4.2761319172722194,1,8,8,7.5,7,10.25,6,15,0.020961430967020682,65,0.10000000000000001,0.45000000000000001,False,False,-15,5,FAR_increase,False,False,PN10,PN10-1.edf
9,8,8,58,1,66,1035,57435,50,27,110,57248,0.88888888888888884,0.88888888888888884,3.6472889882615989,1,8,8,10.5,7.75,12,7,17,0.018079234209055339,65,0.10000000000000001,0.5,False,False,-15,5,FAR_increase,False,False,PN10,PN10-1.edf
9,8,8,53,1,61,965,57435,50,27,110,57248,0.88888888888888884,0.88888888888888884,3.3328675237562884,1,8,8,10.5,7.75,12,7,17,0.016856484069312463,65,0.10000000000000001,0.55000000000000004,False,False,-15,5,FAR_increase,False,False,PN10,PN10-1.edf
9,7,7,49,2,56,845,57435,50,27,110,57248,0.77777777777777779,0.77777777777777779,3.0813303521520403,2,7,7,11,7.5,13,7,25,0.014760340972610397,50,0.10000000000000001,0.59999999999999998,False,False,-5,5,FAR_increase,False,False,PN10,PN10-1.edf
9,7,7,42,0,49,705,57435,50,27,110,57248,0.77777777777777779,0.77777777777777779,2.6411403018446058,2,7,7,12,11,27.5,8,32,0.01231484069312465,50,0.10000000000000001,0.65000000000000002,False,False,0,5,FAR_increase,False,False,PN10,PN10-1.edf
9,7,7,32,0,39,560,57435,50,27,110,57248,0.77777777777777779,0.77777777777777779,2.0122973728339857,2,7,7,12,11,30,8,32,0.0097820011179429855,50,0.10000000000000001,0.69999999999999996,False,False,0,5,FAR_increase,False,False,PN10,PN10-1.edf
9,7,7,23,0,30,420,57435,50,27,110,57248,0.77777777777777779,0.77777777777777779,1.4463387367244271,2,7,7,12,11,30,8,32,0.0073365008384572387,50,0.10000000000000001,0.75,False,False,0,5,FAR_increase,False,False,PN10,PN10-1.edf
9,6,6,19,0,25,340,57435,50,27,110,57248,0.66666666666666663,0.66666666666666663,1.1948015651201789,3,6,6,21,11.25,30,11,32,0.0059390721073225268,50,0.10000000000000001,0.80000000000000004,False,False,0,5,FAR_increase,False,False,PN10,PN10-1.edf
9,4,4,7,2,11,140,57435,50,27,110,57248,0.44444444444444442,0.44444444444444442,0.4401900503074343,5,4,4,30,25.5,31.75,12,37,0.0024455002794857464,25,0.10000000000000001,0.84999999999999998,True,False,0,3,sensitivity_loss,False,False,PN10,PN10-1.edf
9,2,2,2,1,4,50,57435,50,27,110,57248,0.22222222222222221,0.22222222222222221,0.12576858580212411,7,2,2,35,32.5,37.5,30,40,0.00087339295695919512,15,0.10000000000000001,0.90000000000000002,True,False,5,2,sensitivity_loss,False,False,PN10,PN10-1.edf
9,0,0,0,0,0,0,57435,50,27,110,57248,0,0,0,9,0,0,,,,,,0,0,0.10000000000000001,0.94999999999999996,True,False,,0,sensitivity_loss,False,False,PN10,PN10-1.edf
9,0,0,0,0,0,0,57435,50,27,110,57248,0,0,0,9,0,0,,,,,,0,0,0.10000000000000001,1.01,True,False,,0,sensitivity_loss,False,False,PN10,PN10-1.edf
9,5,8,739,0,744,40971,57435,50,27,110,57248,0.55555555555555558,0.88888888888888884,46.471492453884849,4,5,5,6,2,6,0,10,0.71567565679150358,700,0.25,0.050000000000000003,False,False,-20,5,FAR_increase;no_strict_improvement,False,False,PN10,PN10-1.edf
9,6,8,881,0,887,24488,57435,50,27,110,57248,0.66666666666666663,0.88888888888888884,55.401062045835666,3,6,6,6,3.75,6.75,0,10,0.42775293460033537,205,0.25,0.10000000000000001,False,False,-20,5,FAR_increase,False,False,PN10,PN10-1.edf
9,7,8,614,0,621,12680,57435,50,27,110,57248,0.77777777777777779,0.88888888888888884,38.6109558412521,2,7,7,6,4.5,8.5,2,10,0.22149245388485186,140,0.25,0.14999999999999999,False,False,-20,5,FAR_increase,False,False,PN10,PN10-1.edf
9,7,8,374,0,381,6610,57435,50,27,110,57248,0.77777777777777779,0.88888888888888884,23.518725544997206,2,7,7,6,4.5,8.5,2,10,0.11546254891000558,95,0.25,0.20000000000000001,False,False,-20,5,FAR_increase,False,False,PN10,PN10-1.edf
9,8,8,212,0,220,3310,57435,50,27,110,57248,0.88888888888888884,0.88888888888888884,13.331470095025153,1,8,8,7,6,8.5,2,10,0.057818613750698716,90,0.25,0.25,False,False,-20,5,FAR_increase,False,False,PN10,PN10-1.edf
9,8,8,144,0,152,2260,57435,50,27,110,57248,0.88888888888888884,0.88888888888888884,9.0553381777529349,1,8,8,7,6,8.5,2,10,0.039477361654555621,85,0.25,0.29999999999999999,False,False,-20,5,FAR_increase,False,False,PN10,PN10-1.edf
9,8,8,98,0,106,1615,57435,50,27,110,57248,0.88888888888888884,0.88888888888888884,6.1626607043040806,1,8,8,7.5,6.75,10.25,2,15,0.028210592509782001,65,0.25,0.34999999999999998,False,False,-15,5,FAR_increase,False,False,PN10,PN10-1.edf
9,8,8,76,0,84,1285,57435,50,27,110,57248,0.88888888888888884,0.88888888888888884,4.7792062604807155,1,8,8,7.5,7,10.25,6,15,0.022446198993851314,65,0.25,0.40000000000000002,False,False,-15,5,FAR_increase,False,False,PN10,PN10-1.edf
9,8,8,59,1,67,1035,57435,50,27,110,57248,0.88888888888888884,0.88888888888888884,3.7101732811626609,1,8,8,10.5,7.75,12,7,17,0.018079234209055339,65,0.25,0.45000000000000001,False,False,-15,5,FAR_increase,False,False,PN10,PN10-1.edf
9,7,7,52,1,59,920,57435,50,27,110,57248,0.77777777777777779,0.77777777777777779,3.2699832308552264,2,7,7,10,7.5,11,7,15,0.016070430408049188,65,0.25,0.5,False,False,-15,5,FAR_increase,False,False,PN10,PN10-1.edf
9,7,7,45,0,52,790,57435,50,27,110,57248,0.77777777777777779,0.77777777777777779,2.8297931805477923,2,7,7,11,9.5,20,7,32,0.013799608719955283,65,0.25,0.55000000000000004,False,False,0,5,FAR_increase,False,False,PN10,PN10-1.edf
9,7,7,32,0,39,580,57435,50,27,110,57248,0.77777777777777779,0.77777777777777779,2.0122973728339857,2,7,7,11,9.5,27.5,7,32,0.010131358300726662,50,0.25,0.59999999999999998,False,False,0,5,FAR_increase,False,False,PN10,PN10-1.edf
9,7,7,24,0,31,440,57435,50,27,110,57248,0.77777777777777779,0.77777777777777779,1.5092230296254892,2,7,7,11,9.5,30,7,32,0.0076858580212409164,50,0.25,0.65000000000000002,False,False,0,5,FAR_increase,False,False,PN10,PN10-1.edf
9,6,6,16,0,22,315,57435,50,27,110,57248,0.66666666666666663,0.66666666666666663,1.0061486864169928,3,6,6,23,13,30,11,32,0.0055023756288429294,50,0.25,0.69999999999999996,False,False,0,5,FAR_increase,False,False,PN10,PN10-1.edf
9,3,3,9,2,12,170,57435,50,27,110,57248,0.33333333333333331,0.33333333333333331,0.56595863610955843,6,3,3,30,21,30,12,30,0.0029695360536612634,25,0.25,0.75,True,False,0,2,sensitivity_loss,False,False,PN10,PN10-1.edf
9,2,2,6,1,8,90,57435,50,27,110,57248,0.22222222222222221,0.22222222222222221,0.37730575740637229,7,2,2,21,16.5,25.5,12,30,0.0015721073225265511,15,0.25,0.80000000000000004,True,False,0,1,sensitivity_loss,False,False,PN10,PN10-1.edf
9,0,0,2,0,2,20,57435,50,27,110,57248,0,0,0.12576858580212411,9,0,0,,,,,,0.00034935718278367801,10,0.25,0.84999999999999998,True,False,,0,sensitivity_loss,False,False,PN10,PN10-1.edf
9,0,0,0,0,0,0,57435,50,27,110,57248,0,0,0,9,0,0,,,,,,0,0,0.25,0.90000000000000002,True,False,,0,sensitivity_loss,False,False,PN10,PN10-1.edf
9,0,0,0,0,0,0,57435,50,27,110,57248,0,0,0,9,0,0,,,,,,0,0,0.25,0.94999999999999996,True,False,,0,sensitivity_loss,False,False,PN10,PN10-1.edf
9,0,0,0,0,0,0,57435,50,27,110,57248,0,0,0,9,0,0,,,,,,0,0,0.25,1.01,True,False,,0,sensitivity_loss,False,False,PN10,PN10-1.edf
9,4,8,597,0,601,41788,57435,50,27,110,57248,0.44444444444444442,0.88888888888888884,37.54192286193404,5,4,4,6.5,5.25,7.75,3,10,0.72994689770821686,1370,0.5,0.050000000000000003,False,False,-20,3,sensitivity_loss;FAR_increase;no_strict_improvement,False,False,PN10,PN10-1.edf
9,6,8,693,0,699,31428,57435,50,27,110,57248,0.66666666666666663,0.88888888888888884,43.578814980436,3,6,6,6,3.75,6.75,0,10,0.54897987702627171,420,0.5,0.10000000000000001,False,False,-20,5,FAR_increase,False,False,PN10,PN10-1.edf
9,6,8,692,0,698,22918,57435,50,27,110,57248,0.66666666666666663,0.88888888888888884,43.515930687534933,3,6,6,6,3.75,6.75,0,10,0.40032839575181667,260,0.5,0.14999999999999999,False,False,-20,5,FAR_increase,False,False,PN10,PN10-1.edf
9,7,8,577,0,584,15325,57435,50,27,110,57248,0.77777777777777779,0.88888888888888884,36.2842370039128,2,7,7,6,4,7.5,0,10,0.26769494130799332,165,0.5,0.20000000000000001,False,False,-20,5,FAR_increase,False,False,PN10,PN10-1.edf
9,7,8,413,0,420,10035,57435,50,27,110,57248,0.77777777777777779,0.88888888888888884,25.971212968138627,2,7,7,7,6,9,2,10,0.17528996646171044,140,0.5,0.25,False,False,-20,5,FAR_increase,False,False,PN10,PN10-1.edf
9,7,8,288,2,295,6480,57435,50,27,110,57248,0.77777777777777779,0.88888888888888884,18.11067635550587,2,7,7,10,7.5,11,2,15,0.11319172722191169,135,0.5,0.29999999999999999,False,False,-15,5,FAR_increase,False,False,PN10,PN10-1.edf
9,6,7,196,0,202,4230,57435,50,27,110,57248,0.66666666666666663,0.77777777777777779,12.325321408608161,3,6,6,11,10.25,14,8,32,0.073889044158747905,85,0.5,0.34999999999999998,False,False,0,5,FAR_increase,False,False,PN10,PN10-1.edf
9,6,7,148,0,154,2570,57435,50,27,110,57248,0.66666666666666663,0.77777777777777779,9.306875349357183,3,6,6,11,10.25,14,8,32,0.044892397987702629,65,0.5,0.40000000000000002,False,False,0,5,FAR_increase,False,False,PN10,PN10-1.edf
9,6,6,62,0,68,975,57435,50,27,110,57248,0.66666666666666663,0.66666666666666663,3.8988261598658469,3,6,6,13,11,22.5,7,32,0.017031162660704303,65,0.5,0.45000000000000001,False,False,0,5,FAR_increase,False,False,PN10,PN10-1.edf
9,4,4,34,0,38,575,57435,50,27,110,57248,0.44444444444444442,0.44444444444444442,2.1380659586361097,5,4,4,13,10,18.75,7,30,0.010044019005030743,65,0.5,0.5,False,False,0,3,sensitivity_loss;FAR_increase;no_strict_improvement,False,False,PN10,PN10-1.edf
9,3,3,21,0,24,370,57435,50,27,110,57248,0.33333333333333331,0.33333333333333331,1.3205701509223029,6,3,3,15,11,22.5,7,30,0.0064631078814980439,65,0.5,0.55000000000000004,False,False,-7.5,2,sensitivity_loss;FAR_increase;no_strict_improvement,False,False,PN10,PN10-1.edf
9,2,2,10,0,12,200,57435,50,27,110,57248,0.22222222222222221,0.22222222222222221,0.62884292901062044,7,2,2,18.5,12.75,24.25,7,30,0.0034935718278367805,50,0.5,0.59999999999999998,True,False,0,1,sensitivity_loss,False,False,PN10,PN10-1.edf
9,2,2,8,1,10,130,57435,50,27,110,57248,0.22222222222222221,0.22222222222222221,0.50307434320849642,7,2,2,18.5,12.75,24.25,7,30,0.0022708216880939071,20,0.5,0.65000000000000002,True,False,0,1,sensitivity_loss,False,False,PN10,PN10-1.edf
9,2,2,5,0,7,95,57435,50,27,110,57248,0.22222222222222221,0.22222222222222221,0.31442146450531022,7,2,2,18.5,12.75,24.25,7,30,0.0016594466182224706,20,0.5,0.69999999999999996,True,False,0,1,sensitivity_loss,False,True,PN10,PN10-1.edf
9,1,1,3,0,4,55,57435,50,27,110,57248,0.1111111111111111,0.1111111111111111,0.18865287870318614,8,1,1,12,12,12,12,12,0.00096073225265511455,20,0.5,0.75,True,False,,0,sensitivity_loss,False,False,PN10,PN10-1.edf
9,1,1,0,0,1,15,57435,50,27,110,57248,0.1111111111111111,0.1111111111111111,0,8,1,1,12,12,12,12,12,0.00026201788708775852,15,0.5,0.80000000000000004,True,False,,0,sensitivity_loss,False,False,PN10,PN10-1.edf
9,0,0,1,0,1,10,57435,50,27,110,57248,0,0,0.062884292901062053,9,0,0,,,,,,0.00017467859139183901,10,0.5,0.84999999999999998,True,False,,0,sensitivity_loss,False,False,PN10,PN10-1.edf
9,0,0,0,0,0,0,57435,50,27,110,57248,0,0,0,9,0,0,,,,,,0,0,0.5,0.90000000000000002,True,False,,0,sensitivity_loss,False,False,PN10,PN10-1.edf
9,0,0,0,0,0,0,57435,50,27,110,57248,0,0,0,9,0,0,,,,,,0,0,0.5,0.94999999999999996,True,False,,0,sensitivity_loss,False,False,PN10,PN10-1.edf
9,0,0,0,0,0,0,57435,50,27,110,57248,0,0,0,9,0,0,,,,,,0,0,0.5,1.01,True,False,,0,sensitivity_loss,False,False,PN10,PN10-1.edf
9,7,9,857,0,864,30735,58852,50,27,110,58665,0.77777777777777779,1,52.590130401431857,2,7,7,6,1.5,8.5,1,10,0.52390692917412429,1415,0,0.050000000000000003,False,False,,0,FAR_increase,False,False,PN10,PN10-10.edf
9,7,8,715,0,722,19163,58852,50,27,110,58665,0.77777777777777779,0.88888888888888884,43.876246484275121,2,7,7,7,6.5,10,6,60,0.32665132532174207,760,0,0.10000000000000001,False,False,,0,FAR_increase,False,False,PN10,PN10-10.edf
9,8,8,575,1,583,13585,58852,50,27,110,58665,0.88888888888888884,0.88888888888888884,35.285093326514961,1,8,8,6.5,5.75,7.75,2,10,0.23156907866700757,570,0,0.14999999999999999,False,False,,0,FAR_increase,False,False,PN10,PN10-10.edf
9,8,8,480,1,488,10480,58852,50,27,110,58665,0.88888888888888884,0.88888888888888884,29.455382255177703,1,8,8,7,6,10,2,10,0.17864143867723514,425,0,0.20000000000000001,False,False,,0,FAR_increase,False,False,PN10,PN10-10.edf
9,8,8,402,1,410,8460,58852,50,27,110,58665,0.88888888888888884,0.88888888888888884,24.668882638711327,1,8,8,7,6,10,2,10,0.14420864229097419,420,0,0.25,False,False,,0,FAR_increase,False,False,PN10,PN10-10.edf
9,8,8,345,1,353,7050,58852,50,27,110,58665,0.88888888888888884,0.88888888888888884,21.171055995908976,1,8,8,7,6,10,2,10,0.12017386857581182,255,0,0.29999999999999999,False,False,,0,FAR_increase,False,False,PN10,PN10-10.edf
9,8,8,278,2,286,5890,58852,50,27,110,58665,0.88888888888888884,0.88888888888888884,17.059575556123754,1,8,8,8.5,6.75,10,2,11,0.10040057956191938,255,0,0.34999999999999998,False,False,,0,FAR_increase,False,False,PN10,PN10-10.edf
9,8,8,243,2,251,5160,58852,50,27,110,58665,0.88888888888888884,0.88888888888888884,14.911787266683712,1,8,8,8.5,6.75,10,2,11,0.087957044234211204,255,0,0.40000000000000002,False,False,,0,FAR_increase,False,False,PN10,PN10-10.edf
9,8,8,209,2,217,4630,58852,50,27,110,58665,0.88888888888888884,0.88888888888888884,12.825364356941959,1,8,8,8.5,6.75,10,2,11,0.078922696667518957,250,0,0.45000000000000001,False,False,,0,FAR_increase,False,False,PN10,PN10-10.edf
9,8,8,191,3,199,4165,58852,50,27,110,58665,0.88888888888888884,0.88888888888888884,11.720787522372795,1,8,8,10.5,9.25,12.75,6,17,0.070996335123156909,250,0,0.5,False,False,,0,FAR_increase,False,False,PN10,PN10-10.edf
9,8,8,170,3,178,3795,58852,50,27,110,58665,0.88888888888888884,0.88888888888888884,10.432114548708769,1,8,8,10.5,9.25,12.75,6,17,0.064689337765277424,245,0,0.55000000000000004,False,False,,0,FAR_increase,False,False,PN10,PN10-10.edf
9,8,8,153,3,161,3495,58852,50,27,110,58665,0.88888888888888884,0.88888888888888884,9.388903093837893,1,8,8,10.5,9.25,12.75,6,17,0.059575556123753516,185,0,0.59999999999999998,False,False,,0,FAR_increase,False,False,PN10,PN10-10.edf
9,7,7,140,4,147,3190,58852,50,27,110,58665,0.77777777777777779,0.77777777777777779,8.5911531577601643,2,7,7,11,8.5,13.5,6,15,0.054376544788204209,175,0,0.65000000000000002,False,False,,0,FAR_increase,False,False,PN10,PN10-10.edf
9,7,7,136,3,143,2905,58852,50,27,110,58665,0.77777777777777779,0.77777777777777779,8.3456916389670166,2,7,7,12,10.5,13.5,6,35,0.049518452228756497,130,0,0.69999999999999996,False,False,,0,FAR_increase,False,False,PN10,PN10-10.edf
9,7,7,135,1,142,2585,58852,50,27,110,58665,0.77777777777777779,0.77777777777777779,8.2843262592687292,2,7,7,12,10.5,23.5,6,35,0.044063751811131001,65,0,0.75,False,False,,0,FAR_increase,False,False,PN10,PN10-10.edf
9,7,7,127,0,134,2190,58852,50,27,110,58665,0.77777777777777779,0.77777777777777779,7.7934032216824338,2,7,7,12,11,33.5,10,35,0.037330605983124522,60,0,0.80000000000000004,False,False,,0,FAR_increase,False,False,PN10,PN10-10.edf
9,5,5,109,1,114,1605,58852,50,27,110,58665,0.55555555555555558,0.55555555555555558,6.68882638711327,4,5,5,32,12,35,11,35,0.027358731782152902,40,0,0.84999999999999998,False,False,,0,FAR_increase,False,False,PN10,PN10-10.edf
9,5,5,72,0,77,930,58852,50,27,110,58665,0.55555555555555558,0.55555555555555558,4.418307338276656,4,5,5,32,12,35,11,50,0.015852723088724111,25,0,0.90000000000000002,False,False,,0,FAR_increase,False,False,PN10,PN10-10.edf
9,1,1,21,0,22,240,58852,50,27,110,58665,0.1111111111111111,0.1111111111111111,1.2886729736640246,8,1,1,50,50,50,50,50,0.0040910253132191259,15,0,0.94999999999999996,False,False,,0,FAR_increase,False,False,PN10,PN10-10.edf
9,0,0,0,0,0,0,58852,50,27,110,58665,0,0,0,9,0,0,,,,,,0,0,0,1.01,True,False,,0,no_strict_improvement,True,False,PN10,PN10-10.edf
9,6,8,755,0,761,29653,58852,50,27,110,58665,0.66666666666666663,0.88888888888888884,46.330861672206595,3,6,6,4,1.25,9,1,10,0.50546322338702809,840,0.10000000000000001,0.050000000000000003,False,False,,0,FAR_increase,False,False,PN10,PN10-10.edf
9,6,7,647,0,653,15010,58852,50,27,110,58665,0.66666666666666663,0.77777777777777779,39.703400664791616,3,6,6,7,6.25,9.25,6,10,0.25585954146424617,715,0.10000000000000001,0.10000000000000001,False,False,,0,FAR_increase,False,False,PN10,PN10-10.edf
9,7,7,472,0,479,8860,58852,50,27,110,58665,0.77777777777777779,0.77777777777777779,28.964459217591408,2,7,7,7,6,8.5,2,10,0.15102701781300606,470,0.10000000000000001,0.14999999999999999,False,False,,0,FAR_increase,False,False,PN10,PN10-10.edf
9,7,7,355,0,362,5975,58852,50,27,110,58665,0.77777777777777779,0.77777777777777779,21.784709792891842,2,7,7,7,6,8.5,2,10,0.10184948436035114,150,0.10000000000000001,0.20000000000000001,False,False,,0,FAR_increase,False,False,PN10,PN10-10.edf
9,7,7,268,0,275,4260,58852,50,27,110,58665,0.77777777777777779,0.77777777777777779,16.445921759140884,2,7,7,7,6,8.5,2,10,0.072615699309639473,95,0.10000000000000001,0.25,False,False,,0,FAR_increase,False,False,PN10,PN10-10.edf
9,7,7,193,2,200,2915,58852,50,27,110,58665,0.77777777777777779,0.77777777777777779,11.843518281769368,2,7,7,7,6,8.5,2,10,0.049688911616807295,55,0.10000000000000001,0.29999999999999999,False,False,,0,FAR_increase,False,False,PN10,PN10-10.edf
9,7,7,136,2,143,2065,58852,50,27,110,58665,0.77777777777777779,0.77777777777777779,8.3456916389670166,2,7,7,7,6.5,10,2,11,0.035199863632489559,55,0.10000000000000001,0.34999999999999998,False,False,,0,FAR_increase,False,False,PN10,PN10-10.edf
9,7,7,102,2,109,1585,58852,50,27,110,58665,0.77777777777777779,0.77777777777777779,6.259268729225262,2,7,7,7,6.5,10,2,11,0.027017813006051307,55,0.10000000000000001,0.40000000000000002,False,False,,0,FAR_increase,False,False,PN10,PN10-10.edf
9,7,7,81,2,88,1245,58852,50,27,110,58665,0.77777777777777779,0.77777777777777779,4.9705957555612379,2,7,7,10,7,13,6,17,0.021222193812324215,50,0.10000000000000001,0.45000000000000001,False,False,,0,FAR_increase,False,False,PN10,PN10-10.edf
9,7,7,66,3,73,1025,58852,50,27,110,58665,0.77777777777777779,0.77777777777777779,4.0501150600869344,2,7,7,11,8.5,13.5,6,17,0.017472087275206681,50,0.10000000000000001,0.5,False,False,,0,FAR_increase,False,False,PN10,PN10-10.edf
9,7,7,53,3,60,850,58852,50,27,110,58665,0.77777777777777779,0.77777777777777779,3.2523651240092049,2,7,7,11,8.5,13.5,6,17,0.014489047984317736,50,0.10000000000000001,0.55000000000000004,False,False,,0,FAR_increase,False,False,PN10,PN10-10.edf
9,6,6,46,4,52,730,58852,50,27,110,58665,0.66666666666666663,0.66666666666666663,2.8228074661211968,3,6,6,11.5,8,14.25,6,15,0.012443535327708173,50,0.10000000000000001,0.59999999999999998,False,False,,0,FAR_increase,False,False,PN10,PN10-10.edf
9,6,6,40,4,46,645,58852,50,27,110,58665,0.66666666666666663,0.66666666666666663,2.4546151879314753,3,6,6,12,11.25,14.25,6,15,0.010994630529276401,50,0.10000000000000001,0.65000000000000002,False,False,,0,FAR_increase,False,False,PN10,PN10-10.edf
9,6,6,34,0,40,550,58852,50,27,110,58665,0.66666666666666663,0.66666666666666663,2.0864229097417542,3,6,6,22,11.25,34.25,11,35,0.0093752663427938299,30,0.10000000000000001,0.69999999999999996,False,False,,0,FAR_increase,False,False,PN10,PN10-10.edf
9,5,5,32,0,37,475,58852,50,27,110,58665,0.55555555555555558,0.55555555555555558,1.9636921503451803,4,5,5,32,12,35,11,35,0.0080968209324128529,30,0.10000000000000001,0.75,False,False,,0,FAR_increase,False,False,PN10,PN10-10.edf
9,5,5,27,1,32,380,58852,50,27,110,58665,0.55555555555555558,0.55555555555555558,1.6568652518537459,4,5,5,32,12,35,11,35,0.0064774567459302823,20,0.10000000000000001,0.80000000000000004,False,False,,0,FAR_increase,False,False,PN10,PN10-10.edf
9,4,4,16,0,20,215,58852,50,27,110,58665,0.44444444444444442,0.44444444444444442,0.98184607517259015,5,4,4,23.5,11.75,38.75,11,50,0.0036648768430921335,15,0.10000000000000001,0.84999999999999998,True,False,,0,FAR_increase,False,False,PN10,PN10-10.edf
9,2,2,3,0,5,60,58852,50,27,110,58665,0.22222222222222221,0.22222222222222221,0.18409613909486064,7,2,2,31,21.5,40.5,12,50,0.0010227563283047815,15,0.10000000000000001,0.90000000000000002,True,False,,0,FAR_increase,False,False,PN10,PN10-10.edf
9,0,0,0,0,0,0,58852,50,27,110,58665,0,0,0,9,0,0,,,,,,0,0,0.10000000000000001,0.94999999999999996,True,False,,0,no_strict_improvement,False,False,PN10,PN10-10.edf
9,0,0,0,0,0,0,58852,50,27,110,58665,0,0,0,9,0,0,,,,,,0,0,0.10000000000000001,1.01,True,False,,0,no_strict_improvement,False,False,PN10,PN10-10.edf
9,5,8,575,0,580,35527,58852,50,27,110,58665,0.55555555555555558,0.88888888888888884,35.285093326514961,4,5,5,1,1,2,0,10,0.60559106792806616,1470,0.25,0.050000000000000003,False,False,,0,FAR_increase,False,False,PN10,PN10-10.edf
9,5,7,710,0,715,23608,58852,50,27,110,58665,0.55555555555555558,0.77777777777777779,43.569419585783685,4,5,5,7,6,10,6,10,0.4024205233103213,715,0.25,0.10000000000000001,False,False,,0,FAR_increase,False,False,PN10,PN10-10.edf
9,7,7,621,0,628,13657,58852,50,27,110,58665,0.77777777777777779,0.77777777777777779,38.107900792636151,2,7,7,6,4,8.5,2,10,0.23279638626097332,250,0.25,0.14999999999999999,False,False,,0,FAR_increase,False,False,PN10,PN10-10.edf
9,7,7,435,0,442,7325,58852,50,27,110,58665,0.77777777777777779,0.77777777777777779,26.693940168754793,2,7,7,7,6,8.5,2,10,0.12486150174720873,100,0.25,0.20000000000000001,False,False,,0,FAR_increase,False,False,PN10,PN10-10.edf
9,7,7,279,1,286,4090,58852,50,27,110,58665,0.77777777777777779,0.77777777777777779,17.120940935822041,2,7,7,7,6,8.5,2,10,0.069717889712775927,75,0.25,0.25,False,False,,0,FAR_increase,False,False,PN10,PN10-10.edf
9,7,7,166,1,173,2475,58852,50,27,110,58665,0.77777777777777779,0.77777777777777779,10.186653029915622,2,7,7,7,6,8.5,2,10,0.042188698542572234,75,0.25,0.29999999999999999,False,False,,0,FAR_increase,False,False,PN10,PN10-10.edf
9,7,7,122,2,129,1795,58852,50,27,110,58665,0.77777777777777779,0.77777777777777779,7.4865763231909996,2,7,7,7,6.5,10,2,11,0.030597460155118043,55,0.25,0.34999999999999998,False,False,,0,FAR_increase,False,False,PN10,PN10-10.edf
9,7,7,86,3,93,1310,58852,50,27,110,58665,0.77777777777777779,0.77777777777777779,5.2774226540526721,2,7,7,7,6.5,10,2,11,0.022330179834654393,50,0.25,0.40000000000000002,False,False,,0,FAR_increase,False,False,PN10,PN10-10.edf
9,7,7,66,3,73,1000,58852,50,27,110,58665,0.77777777777777779,0.77777777777777779,4.0501150600869344,2,7,7,10,7,13,6,17,0.01704593880507969,50,0.25,0.45000000000000001,False,False,,0,FAR_increase,False,False,PN10,PN10-10.edf
9,6,6,55,4,61,845,58852,50,27,110,58665,0.66666666666666663,0.66666666666666663,3.3750958834057787,3,6,6,11.5,8,14.25,6,15,0.014403818290292338,50,0.25,0.5,False,False,,0,FAR_increase,False,False,PN10,PN10-10.edf
9,6,6,45,4,51,705,58852,50,27,110,58665,0.66666666666666663,0.66666666666666663,2.7614420864229099,3,6,6,12,11.25,14.25,6,15,0.012017386857581181,50,0.25,0.55000000000000004,False,False,,0,FAR_increase,False,False,PN10,PN10-10.edf
9,6,6,36,1,42,600,58852,50,27,110,58665,0.66666666666666663,0.66666666666666663,2.209153669138328,3,6,6,13.5,11.25,27.75,11,35,0.010227563283047815,50,0.25,0.59999999999999998,False,False,,0,FAR_increase,False,False,PN10,PN10-10.edf
9,5,5,33,1,38,495,58852,50,27,110,58665,0.55555555555555558,0.55555555555555558,2.0250575300434672,4,5,5,15,12,32,11,35,0.0084377397085144464,35,0.25,0.65000000000000002,False,False,,0,FAR_increase,False,False,PN10,PN10-10.edf
9,4,4,27,0,31,390,58852,50,27,110,58665,0.44444444444444442,0.44444444444444442,1.6568652518537459,5,4,4,23.5,11.75,35,11,35,0.0066479161339810791,30,0.25,0.69999999999999996,False,False,,0,FAR_increase,False,False,PN10,PN10-10.edf
9,4,4,12,1,16,180,58852,50,27,110,58665,0.44444444444444442,0.44444444444444442,0.73638455637944256,5,4,4,23.5,11.75,35,11,35,0.003068268984914344,15,0.25,0.75,True,False,,0,FAR_increase,False,False,PN10,PN10-10.edf
9,2,2,6,0,8,90,58852,50,27,110,58665,0.22222222222222221,0.22222222222222221,0.36819227818972128,7,2,2,31,21.5,40.5,12,50,0.001534134492457172,15,0.25,0.80000000000000004,True,False,,0,FAR_increase,False,False,PN10,PN10-10.edf
9,0,0,2,0,2,20,58852,50,27,110,58665,0,0,0.12273075939657377,9,0,0,,,,,,0.0003409187761015938,10,0.25,0.84999999999999998,True,False,,0,FAR_increase;no_strict_improvement,False,False,PN10,PN10-10.edf
9,0,0,1,0,1,10,58852,50,27,110,58665,0,0,0.061365379698286884,9,0,0,,,,,,0.0001704593880507969,10,0.25,0.90000000000000002,True,False,,0,FAR_increase;no_strict_improvement,False,False,PN10,PN10-10.edf
9,0,0,0,0,0,0,58852,50,27,110,58665,0,0,0,9,0,0,,,,,,0,0,0.25,0.94999999999999996,True,False,,0,no_strict_improvement,False,False,PN10,PN10-10.edf
9,0,0,0,0,0,0,58852,50,27,110,58665,0,0,0,9,0,0,,,,,,0,0,0.25,1.01,True,False,,0,no_strict_improvement,False,False,PN10,PN10-10.edf
9,4,8,523,0,527,36557,58852,50,27,110,58665,0.44444444444444442,0.88888888888888884,32.094093582204039,5,4,4,6.5,4.75,7.75,1,10,0.62314838489729818,1145,0.5,0.050000000000000003,False,False,,0,FAR_increase,False,False,PN10,PN10-10.edf
9,4,7,600,0,604,29793,58852,50,27,110,58665,0.44444444444444442,0.77777777777777779,36.819227818972131,5,4,4,6.5,4.5,7.75,0,10,0.5078496548197392,795,0.5,0.10000000000000001,False,False,,0,FAR_increase,False,False,PN10,PN10-10.edf
9,6,7,631,0,637,22470,58852,50,27,110,58665,0.66666666666666663,0.77777777777777779,38.721554589619025,3,6,6,6.5,6,9.25,2,10,0.38302224495014064,335,0.5,0.14999999999999999,False,False,,0,FAR_increase,False,False,PN10,PN10-10.edf
9,6,7,556,1,562,14715,58852,50,27,110,58665,0.66666666666666663,0.77777777777777779,34.119151112247508,3,6,6,6.5,6,9.25,2,10,0.25083098951674765,150,0.5,0.20000000000000001,False,False,,0,FAR_increase,False,False,PN10,PN10-10.edf
9,6,7,423,1,429,9500,58852,50,27,110,58665,0.66666666666666663,0.77777777777777779,25.957555612375351,3,6,6,6.5,6,9.25,2,10,0.16193641864825706,105,0.5,0.25,False,False,,0,FAR_increase,False,False,PN10,PN10-10.edf
9,7,7,277,2,284,5445,58852,50,27,110,58665,0.77777777777777779,0.77777777777777779,16.998210176425466,2,7,7,7,6.5,10,2,11,0.092815136793658909,100,0.5,0.29999999999999999,False,False,,0,FAR_increase,False,False,PN10,PN10-10.edf
9,7,7,171,2,178,2805,58852,50,27,110,58665,0.77777777777777779,0.77777777777777779,10.493479928407057,2,7,7,11,8.5,13.5,6,17,0.047813858348248528,70,0.5,0.34999999999999998,False,False,,0,FAR_increase,False,False,PN10,PN10-10.edf
9,6,6,106,1,112,1675,58852,50,27,110,58665,0.66666666666666663,0.66666666666666663,6.5047302480184097,3,6,6,13,11,15,7,32,0.028551947498508479,65,0.5,0.40000000000000002,False,False,,0,FAR_increase,False,False,PN10,PN10-10.edf
9,5,5,70,1,75,980,58852,50,27,110,58665,0.55555555555555558,0.55555555555555558,4.2955765788800822,4,5,5,15,11,30,7,32,0.016705020028978095,50,0.5,0.45000000000000001,False,False,,0,FAR_increase,False,False,PN10,PN10-10.edf
9,4,4,34,1,38,505,58852,50,27,110,58665,0.44444444444444442,0.44444444444444442,2.0864229097417542,5,4,4,13.5,11.75,20,11,35,0.0086081990965652441,50,0.5,0.5,False,False,,0,FAR_increase,False,False,PN10,PN10-10.edf
9,4,4,19,1,23,325,58852,50,27,110,58665,0.44444444444444442,0.44444444444444442,1.1659422142674507,5,4,4,13.5,11.75,20,11,35,0.0055399301116508988,35,0.5,0.55000000000000004,False,False,,0,FAR_increase,False,False,PN10,PN10-10.edf
9,2,2,12,1,14,195,58852,50,27,110,58665,0.22222222222222221,0.22222222222222221,0.73638455637944256,7,2,2,13.5,12.75,14.25,12,15,0.0033239580669905395,35,0.5,0.59999999999999998,True,False,,0,FAR_increase,False,False,PN10,PN10-10.edf
9,2,2,9,2,11,130,58852,50,27,110,58665,0.22222222222222221,0.22222222222222221,0.552288417284582,7,2,2,13.5,12.75,14.25,12,15,0.0022159720446603597,15,0.5,0.65000000000000002,True,False,,0,FAR_increase,False,True,PN10,PN10-10.edf
9,1,1,4,0,5,60,58852,50,27,110,58665,0.1111111111111111,0.1111111111111111,0.24546151879314754,8,1,1,12,12,12,12,12,0.0010227563283047815,15,0.5,0.69999999999999996,True,False,,0,FAR_increase,False,False,PN10,PN10-10.edf
9,0,0,3,0,3,30,58852,50,27,110,58665,0,0,0.18409613909486064,9,0,0,,,,,,0.00051137816415239073,10,0.5,0.75,True,False,,0,FAR_increase;no_strict_improvement,False,False,PN10,PN10-10.edf
9,0,0,2,0,2,20,58852,50,27,110,58665,0,0,0.12273075939657377,9,0,0,,,,,,0.0003409187761015938,10,0.5,0.80000000000000004,True,False,,0,FAR_increase;no_strict_improvement,False,False,PN10,PN10-10.edf
9,0,0,1,0,1,10,58852,50,27,110,58665,0,0,0.061365379698286884,9,0,0,,,,,,0.0001704593880507969,10,0.5,0.84999999999999998,True,False,,0,FAR_increase;no_strict_improvement,False,False,PN10,PN10-10.edf
9,0,0,0,0,0,0,58852,50,27,110,58665,0,0,0,9,0,0,,,,,,0,0,0.5,0.90000000000000002,True,False,,0,no_strict_improvement,False,False,PN10,PN10-10.edf
9,0,0,0,0,0,0,58852,50,27,110,58665,0,0,0,9,0,0,,,,,,0,0,0.5,0.94999999999999996,True,False,,0,no_strict_improvement,False,False,PN10,PN10-10.edf
9,0,0,0,0,0,0,58852,50,27,110,58665,0,0,0,9,0,0,,,,,,0,0,0.5,1.01,True,False,,0,no_strict_improvement,False,False,PN10,PN10-10.edf
9,4,8,967,0,971,33330,58863,50,6,110,58697,0.44444444444444442,0.88888888888888884,59.307971446581597,5,4,4,8,4.75,10,1,10,0.5678314053529141,1025,0,0.050000000000000003,False,False,,0,FAR_increase,False,False,PN10,PN10-2.edf
9,7,8,949,1,956,19730,58863,50,6,110,58697,0.77777777777777779,0.88888888888888884,58.203996797110584,2,7,7,7,6,10,2,10,0.33613302213060292,485,0,0.10000000000000001,False,False,,0,FAR_increase,False,False,PN10,PN10-2.edf
9,8,8,651,0,659,12150,58863,50,6,110,58697,0.88888888888888884,0.88888888888888884,39.927083155868274,1,8,8,6.5,5.25,10,2,10,0.20699524677581477,335,0,0.14999999999999999,False,False,,0,FAR_increase,False,False,PN10,PN10-2.edf
9,8,8,475,0,483,8900,58863,50,6,110,58697,0.88888888888888884,0.88888888888888884,29.132664361040597,1,8,8,6.5,5.25,10,2,10,0.15162614784401246,335,0,0.20000000000000001,False,False,,0,FAR_increase,False,False,PN10,PN10-2.edf
9,8,8,361,1,369,6850,58863,50,6,110,58697,0.88888888888888884,0.88888888888888884,22.140824914390855,1,8,8,6.5,5.25,10,2,10,0.11670102390241409,185,0,0.25,False,False,,0,FAR_increase,False,False,PN10,PN10-2.edf
9,8,8,298,1,306,5820,58863,50,6,110,58697,0.88888888888888884,0.88888888888888884,18.276913641242313,1,8,8,8,5.25,10,2,12,0.099153278702489051,145,0,0.29999999999999999,False,False,,0,FAR_increase,False,False,PN10,PN10-2.edf
9,8,8,255,2,263,5185,58863,50,6,110,58697,0.88888888888888884,0.88888888888888884,15.639640867506005,1,8,8,9,6.75,10.5,6,15,0.08833500860350614,145,0,0.34999999999999998,False,False,,0,FAR_increase,False,False,PN10,PN10-2.edf
9,8,8,226,3,234,4670,58863,50,6,110,58697,0.88888888888888884,0.88888888888888884,13.861015043358263,1,8,8,9,6.75,12.75,6,15,0.079561136003543628,145,0,0.40000000000000002,False,False,,0,FAR_increase,False,False,PN10,PN10-2.edf
9,8,8,209,3,217,4335,58863,50,6,110,58697,0.88888888888888884,0.88888888888888884,12.818372318857863,1,8,8,9,6.75,12.75,6,15,0.073853859652111692,145,0,0.45000000000000001,False,False,,0,FAR_increase,False,False,PN10,PN10-2.edf
9,8,8,185,3,193,3915,58863,50,6,110,58697,0.88888888888888884,0.88888888888888884,11.346406119563181,1,8,8,9,6.75,12.75,6,15,0.06669846840554032,145,0,0.5,False,False,,0,FAR_increase,False,False,PN10,PN10-2.edf
9,8,8,164,2,172,3470,58863,50,6,110,58697,0.88888888888888884,0.88888888888888884,10.058435695180332,1,8,8,10.5,7.75,12.75,6,35,0.059117161013339692,145,0,0.55000000000000004,False,False,,0,FAR_increase,False,False,PN10,PN10-2.edf
9,8,8,146,2,154,3170,58863,50,6,110,58697,0.88888888888888884,0.88888888888888884,8.954461045709321,1,8,8,10.5,7.75,12.75,6,35,0.054006167265788711,145,0,0.59999999999999998,False,False,,0,FAR_increase,False,False,PN10,PN10-2.edf
9,8,8,137,2,145,2960,58863,50,6,110,58697,0.88888888888888884,0.88888888888888884,8.4024737209738145,1,8,8,11.5,9.25,13.5,6,35,0.050428471642503025,135,0,0.65000000000000002,False,False,,0,FAR_increase,False,False,PN10,PN10-2.edf
9,8,8,131,2,139,2745,58863,50,6,110,58697,0.88888888888888884,0.88888888888888884,8.0344821711501435,1,8,8,11.5,9.25,17.25,6,35,0.046765592790091487,130,0,0.69999999999999996,False,False,,0,FAR_increase,False,False,PN10,PN10-2.edf
9,8,8,130,2,138,2515,58863,50,6,110,58697,0.88888888888888884,0.88888888888888884,7.9731502461795323,1,8,8,11.5,9.25,17.25,6,35,0.042847164250302404,85,0,0.75,False,False,,0,FAR_increase,False,False,PN10,PN10-2.edf
9,6,6,121,0,127,2110,58863,50,6,110,58697,0.66666666666666663,0.66666666666666663,7.4211629214440258,3,6,6,11.5,11,25.5,10,35,0.035947322691108577,60,0,0.80000000000000004,False,False,,0,FAR_increase,False,False,PN10,PN10-2.edf
9,5,5,108,1,113,1605,58863,50,6,110,58697,0.55555555555555558,0.55555555555555558,6.6238478968260726,4,5,5,12,11,35,10,35,0.027343816549397753,55,0,0.84999999999999998,False,False,,0,FAR_increase,False,False,PN10,PN10-2.edf
9,4,4,72,1,76,1005,58863,50,6,110,58697,0.44444444444444442,0.44444444444444442,4.4158985978840484,5,4,4,23.5,11.75,35,11,35,0.017121829054295792,30,0,0.90000000000000002,False,False,,0,FAR_increase,False,False,PN10,PN10-2.edf
9,3,3,30,0,33,380,58863,50,6,110,58697,0.33333333333333331,0.33333333333333331,1.8399577491183536,6,3,3,35,23.5,42.5,12,50,0.0064739254135645777,20,0,0.94999999999999996,False,False,,0,FAR_increase,False,False,PN10,PN10-2.edf
9,0,0,0,0,0,0,58863,50,6,110,58697,0,0,0,9,0,0,,,,,,0,0,0,1.01,True,False,,0,no_strict_improvement,False,False,PN10,PN10-2.edf
9,4,7,821,0,825,30730,58863,50,6,110,58697,0.44444444444444442,0.77777777777777779,50.353510400872274,5,4,4,8,4.75,10,1,10,0.52353612620747225,630,0.10000000000000001,0.050000000000000003,False,False,,0,FAR_increase,False,False,PN10,PN10-2.edf
9,5,7,820,0,825,16245,58863,50,6,110,58697,0.55555555555555558,0.77777777777777779,50.292178475901665,4,5,5,6,6,10,2,10,0.27676031142988566,160,0.10000000000000001,0.10000000000000001,False,False,,0,FAR_increase,False,False,PN10,PN10-2.edf
9,7,7,514,0,521,8435,58863,50,6,110,58697,0.77777777777777779,0.77777777777777779,31.524609434894458,2,7,7,6,4.5,8.5,2,10,0.14370410753530846,100,0.10000000000000001,0.14999999999999999,False,False,,0,FAR_increase,False,False,PN10,PN10-2.edf
9,7,7,338,0,345,5060,58863,50,6,110,58697,0.77777777777777779,0.77777777777777779,20.730190640066784,2,7,7,6,4.5,8.5,2,10,0.086205427875359897,75,0.10000000000000001,0.20000000000000001,False,False,,0,FAR_increase,False,False,PN10,PN10-2.edf
9,7,7,219,0,226,3210,58863,50,6,110,58697,0.77777777777777779,0.77777777777777779,13.431691568563981,2,7,7,6,4.5,8.5,2,10,0.054687633098795506,75,0.10000000000000001,0.25,False,False,,0,FAR_increase,False,False,PN10,PN10-2.edf
9,7,7,155,2,162,2280,58863,50,6,110,58697,0.77777777777777779,0.77777777777777779,9.5064483704448275,2,7,7,7,6.5,9,6,10,0.038843552481387461,55,0.10000000000000001,0.29999999999999999,False,False,,0,FAR_increase,False,False,PN10,PN10-2.edf
9,7,7,121,3,128,1770,58863,50,6,110,58697,0.77777777777777779,0.77777777777777779,7.4211629214440258,2,7,7,8,6.5,11,6,15,0.030154863110550795,55,0.10000000000000001,0.34999999999999998,False,False,,0,FAR_increase,False,False,PN10,PN10-2.edf
9,7,7,92,3,99,1405,58863,50,6,110,58697,0.77777777777777779,0.77777777777777779,5.6425370972962847,2,7,7,8,6.5,13.5,6,15,0.023936487384363766,55,0.10000000000000001,0.40000000000000002,False,False,,0,FAR_increase,False,False,PN10,PN10-2.edf
9,7,7,74,3,81,1160,58863,50,6,110,58697,0.77777777777777779,0.77777777777777779,4.5385624478252717,2,7,7,8,6.5,13.5,6,15,0.019762509157197131,50,0.10000000000000001,0.45000000000000001,False,False,,0,FAR_increase,False,False,PN10,PN10-2.edf
9,7,7,58,3,65,915,58863,50,6,110,58697,0.77777777777777779,0.77777777777777779,3.5572516482954835,2,7,7,8,6.5,13.5,6,15,0.015588530930030495,50,0.10000000000000001,0.5,False,False,,0,FAR_increase,False,False,PN10,PN10-2.edf
9,7,7,44,2,51,730,58863,50,6,110,58697,0.77777777777777779,0.77777777777777779,2.6986046987069185,2,7,7,11,7.5,13.5,6,35,0.012436751452374056,45,0.10000000000000001,0.55000000000000004,False,False,,0,FAR_increase,False,False,PN10,PN10-2.edf
9,7,7,40,2,47,670,58863,50,6,110,58697,0.77777777777777779,0.77777777777777779,2.4532769988244714,2,7,7,12,9,14,6,35,0.011414552702863861,45,0.10000000000000001,0.59999999999999998,False,False,,0,FAR_increase,False,False,PN10,PN10-2.edf
9,7,7,34,2,41,590,58863,50,6,110,58697,0.77777777777777779,0.77777777777777779,2.0852854490008008,2,7,7,12,9,21.5,6,35,0.010051621036850264,45,0.10000000000000001,0.65000000000000002,False,False,,0,FAR_increase,False,False,PN10,PN10-2.edf
9,6,6,32,0,38,540,58863,50,6,110,58697,0.66666666666666663,0.66666666666666663,1.9626215990595772,3,6,6,21,11.25,33.75,11,47,0.0091997887455917676,45,0.10000000000000001,0.69999999999999996,False,False,,0,FAR_increase,False,False,PN10,PN10-2.edf
9,5,5,31,0,36,490,58863,50,6,110,58697,0.55555555555555558,0.55555555555555558,1.9012896740889653,4,5,5,12,11,30,11,35,0.0083479564543332708,30,0.10000000000000001,0.75,False,False,,0,FAR_increase,False,False,PN10,PN10-2.edf
9,4,4,28,1,32,395,58863,50,6,110,58697,0.44444444444444442,0.44444444444444442,1.71729389917713,5,4,4,23.5,11.75,35,11,35,0.0067294751009421266,20,0.10000000000000001,0.80000000000000004,False,False,,0,FAR_increase,False,False,PN10,PN10-2.edf
9,4,4,21,0,25,300,58863,50,6,110,58697,0.44444444444444442,0.44444444444444442,1.2879704243828476,5,4,4,23.5,11.75,38.75,11,50,0.0051109937475509824,20,0.10000000000000001,0.84999999999999998,False,False,,0,FAR_increase,False,False,PN10,PN10-2.edf
9,2,2,2,0,4,50,58863,50,6,110,58697,0.22222222222222221,0.22222222222222221,0.12266384994122358,7,2,2,31,21.5,40.5,12,50,0.00085183229125849699,15,0.10000000000000001,0.90000000000000002,True,False,,0,FAR_increase,False,False,PN10,PN10-2.edf
9,0,0,0,0,0,0,58863,50,6,110,58697,0,0,0,9,0,0,,,,,,0,0,0.10000000000000001,0.94999999999999996,True,False,,0,no_strict_improvement,False,False,PN10,PN10-2.edf
9,0,0,0,0,0,0,58863,50,6,110,58697,0,0,0,9,0,0,,,,,,0,0,0.10000000000000001,1.01,True,False,,0,no_strict_improvement,False,False,PN10,PN10-2.edf
9,5,7,780,0,785,33680,58863,50,6,110,58697,0.55555555555555558,0.77777777777777779,47.838901477077194,4,5,5,6,6,10,2,10,0.57379423139172359,630,0.25,0.050000000000000003,False,False,,0,FAR_increase,False,False,PN10,PN10-2.edf
9,5,7,793,0,798,20265,58863,50,6,110,58697,0.55555555555555558,0.77777777777777779,48.636216501695145,4,5,5,6,6,10,2,10,0.34524762764706884,265,0.25,0.10000000000000001,False,False,,0,FAR_increase,False,False,PN10,PN10-2.edf
9,6,7,572,0,578,11700,58863,50,6,110,58697,0.66666666666666663,0.77777777777777779,35.081861083189942,3,6,6,6,3.75,9,2,10,0.19932875615448831,145,0.25,0.14999999999999999,False,False,,0,FAR_increase,False,False,PN10,PN10-2.edf
9,6,7,366,0,372,6190,58863,50,6,110,58697,0.66666666666666663,0.77777777777777779,22.447484539243913,3,6,6,6,3.75,9,2,10,0.10545683765780194,75,0.25,0.20000000000000001,False,False,,0,FAR_increase,False,False,PN10,PN10-2.edf
9,6,7,231,0,237,3385,58863,50,6,110,58697,0.66666666666666663,0.77777777777777779,14.167674668211323,3,6,6,7.5,6.25,9.5,6,10,0.05766904611820025,75,0.25,0.25,False,False,,0,FAR_increase,False,False,PN10,PN10-2.edf
9,7,7,150,3,157,2170,58863,50,6,110,58697,0.77777777777777779,0.77777777777777779,9.1997887455917677,2,7,7,7,6.5,9,6,15,0.036969521440618769,55,0.25,0.29999999999999999,False,False,,0,FAR_increase,False,False,PN10,PN10-2.edf
9,7,7,105,3,112,1580,58863,50,6,110,58697,0.77777777777777779,0.77777777777777779,6.4398521219142379,2,7,7,7,6.5,11.5,6,15,0.026917900403768506,55,0.25,0.34999999999999998,False,False,,0,FAR_increase,False,False,PN10,PN10-2.edf
9,7,7,81,3,88,1225,58863,50,6,110,58697,0.77777777777777779,0.77777777777777779,4.9678859226195549,2,7,7,7,6.5,11.5,6,15,0.020869891135833176,50,0.25,0.40000000000000002,False,False,,0,FAR_increase,False,False,PN10,PN10-2.edf
9,7,7,58,3,65,920,58863,50,6,110,58697,0.77777777777777779,0.77777777777777779,3.5572516482954835,2,7,7,11,7.5,13.5,6,15,0.015673714159156346,50,0.25,0.45000000000000001,False,False,,0,FAR_increase,False,False,PN10,PN10-2.edf
9,7,7,50,3,57,780,58863,50,6,110,58697,0.77777777777777779,0.77777777777777779,3.0665962485305891,2,7,7,12,9,14,6,15,0.013288583743632554,45,0.25,0.5,False,False,,0,FAR_increase,False,False,PN10,PN10-2.edf
9,7,7,38,2,45,630,58863,50,6,110,58697,0.77777777777777779,0.77777777777777779,2.330613148883248,2,7,7,12,9,21.5,6,35,0.010733086869857062,45,0.25,0.55000000000000004,False,False,,0,FAR_increase,False,False,PN10,PN10-2.edf
9,5,5,32,0,37,535,58863,50,6,110,58697,0.55555555555555558,0.55555555555555558,1.9626215990595772,4,5,5,12,11,30,11,35,0.0091146055164659182,45,0.25,0.59999999999999998,False,False,,0,FAR_increase,False,False,PN10,PN10-2.edf
9,4,4,32,0,36,500,58863,50,6,110,58697,0.44444444444444442,0.44444444444444442,1.9626215990595772,5,4,4,23.5,11.75,35,11,35,0.0085183229125849694,45,0.25,0.65000000000000002,False,False,,0,FAR_increase,False,False,PN10,PN10-2.edf
9,4,4,26,0,30,395,58863,50,6,110,58697,0.44444444444444442,0.44444444444444442,1.5946300492359065,5,4,4,23.5,11.75,35,11,35,0.0067294751009421266,30,0.25,0.69999999999999996,False,False,,0,FAR_increase,False,False,PN10,PN10-2.edf
9,2,2,10,1,12,140,58863,50,6,110,58697,0.22222222222222221,0.22222222222222221,0.61331924970611784,7,2,2,23.5,17.75,29.25,12,35,0.0023851304155237917,15,0.25,0.75,True,False,,0,FAR_increase,False,False,PN10,PN10-2.edf
9,2,2,3,0,5,60,58863,50,6,110,58697,0.22222222222222221,0.22222222222222221,0.18399577491183536,7,2,2,31,21.5,40.5,12,50,0.0010221987495101965,15,0.25,0.80000000000000004,True,False,,0,FAR_increase,False,False,PN10,PN10-2.edf
9,1,1,3,0,4,50,58863,50,6,110,58697,0.1111111111111111,0.1111111111111111,0.18399577491183536,8,1,1,12,12,12,12,12,0.00085183229125849699,15,0.25,0.84999999999999998,True,False,,0,FAR_increase,False,False,PN10,PN10-2.edf
9,1,1,1,0,2,25,58863,50,6,110,58697,0.1111111111111111,0.1111111111111111,0.061331924970611788,8,1,1,12,12,12,12,12,0.00042591614562924849,15,0.25,0.90000000000000002,True,False,,0,FAR_increase,False,False,PN10,PN10-2.edf
9,0,0,0,0,0,0,58863,50,6,110,58697,0,0,0,9,0,0,,,,,,0,0,0.25,0.94999999999999996,True,False,,0,no_strict_improvement,False,False,PN10,PN10-2.edf
9,0,0,0,0,0,0,58863,50,6,110,58697,0,0,0,9,0,0,,,,,,0,0,0.25,1.01,True,False,,0,no_strict_improvement,False,False,PN10,PN10-2.edf
9,4,7,748,0,752,31427,58863,50,6,110,58697,0.44444444444444442,0.77777777777777779,45.876279878017613,5,4,4,8,5,10,2,10,0.53541066834761575,600,0.5,0.050000000000000003,False,False,,0,FAR_increase,False,False,PN10,PN10-2.edf
9,6,7,645,0,651,21980,58863,50,6,110,58697,0.66666666666666663,0.77777777777777779,39.559091606044603,3,6,6,6,3.75,9,2,10,0.37446547523723528,315,0.5,0.10000000000000001,False,False,,0,FAR_increase,False,False,PN10,PN10-2.edf
9,6,7,529,0,535,15680,58863,50,6,110,58697,0.66666666666666663,0.77777777777777779,32.444588309453636,3,6,6,6,3.75,9,2,10,0.26713460653866467,160,0.5,0.14999999999999999,False,False,,0,FAR_increase,False,False,PN10,PN10-2.edf
9,6,7,448,2,454,10945,58863,50,6,110,58697,0.66666666666666663,0.77777777777777779,27.476702386834081,3,6,6,7.5,6.25,9.5,6,15,0.186466088556485,145,0.5,0.20000000000000001,False,False,,0,FAR_increase,False,False,PN10,PN10-2.edf
9,6,7,333,2,339,7645,58863,50,6,110,58697,0.66666666666666663,0.77777777777777779,20.423531015213726,3,6,6,7.5,6.25,9.5,6,15,0.13024515733342421,120,0.5,0.25,False,False,,0,FAR_increase,False,False,PN10,PN10-2.edf
9,6,7,246,2,252,5340,58863,50,6,110,58697,0.66666666666666663,0.77777777777777779,15.0876535427705,3,6,6,7.5,6.25,13.25,6,15,0.090975688706407487,120,0.5,0.29999999999999999,False,False,,0,FAR_increase,False,False,PN10,PN10-2.edf
9,6,7,187,3,193,3625,58863,50,6,110,58697,0.66666666666666663,0.77777777777777779,11.469069969504403,3,6,6,12,8,14.5,6,30,0.061757841116241032,80,0.5,0.34999999999999998,False,False,,0,FAR_increase,False,False,PN10,PN10-2.edf
9,4,5,132,1,136,2170,58863,50,6,110,58697,0.44444444444444442,0.55555555555555558,8.0958140961207565,5,4,4,13,11,18.75,11,30,0.036969521440618769,50,0.5,0.40000000000000002,False,False,,0,FAR_increase,False,False,PN10,PN10-2.edf
9,4,4,83,1,87,1145,58863,50,6,110,58697,0.44444444444444442,0.44444444444444442,5.0905497725607782,5,4,4,13,10,20,7,35,0.019506959469819583,50,0.5,0.45000000000000001,False,False,,0,FAR_increase,False,False,PN10,PN10-2.edf
9,3,3,36,0,39,500,58863,50,6,110,58697,0.33333333333333331,0.33333333333333331,2.2079492989420242,6,3,3,11,9,23,7,35,0.0085183229125849694,45,0.5,0.5,False,False,,0,FAR_increase,False,False,PN10,PN10-2.edf
9,2,2,21,0,23,305,58863,50,6,110,58697,0.22222222222222221,0.22222222222222221,1.2879704243828476,7,2,2,23.5,17.75,29.25,12,35,0.0051961769766768317,45,0.5,0.55000000000000004,False,False,,0,FAR_increase,False,False,PN10,PN10-2.edf
9,2,2,12,1,14,170,58863,50,6,110,58697,0.22222222222222221,0.22222222222222221,0.73598309964734143,7,2,2,23.5,17.75,29.25,12,35,0.0028962297902788898,20,0.5,0.59999999999999998,True,False,,0,FAR_increase,False,False,PN10,PN10-2.edf
9,2,2,4,0,6,85,58863,50,6,110,58697,0.22222222222222221,0.22222222222222221,0.24532769988244715,7,2,2,31,21.5,40.5,12,50,0.0014481148951394449,20,0.5,0.65000000000000002,True,False,,0,FAR_increase,False,True,PN10,PN10-2.edf
9,1,1,3,0,4,60,58863,50,6,110,58697,0.1111111111111111,0.1111111111111111,0.18399577491183536,8,1,1,12,12,12,12,12,0.0010221987495101965,20,0.5,0.69999999999999996,True,False,,0,FAR_increase,False,False,PN10,PN10-2.edf
9,1,1,3,0,4,50,58863,50,6,110,58697,0.1111111111111111,0.1111111111111111,0.18399577491183536,8,1,1,12,12,12,12,12,0.00085183229125849699,15,0.5,0.75,True,False,,0,FAR_increase,False,False,PN10,PN10-2.edf
9,1,1,2,0,3,40,58863,50,6,110,58697,0.1111111111111111,0.1111111111111111,0.12266384994122358,8,1,1,12,12,12,12,12,0.00068146583300679757,15,0.5,0.80000000000000004,True,False,,0,FAR_increase,False,False,PN10,PN10-2.edf
9,1,1,0,0,1,15,58863,50,6,110,58697,0.1111111111111111,0.1111111111111111,0,8,1,1,12,12,12,12,12,0.00025554968737754913,15,0.5,0.84999999999999998,True,True,,0,protected_improvement,True,False,PN10,PN10-2.edf
9,0,0,0,0,0,0,58863,50,6,110,58697,0,0,0,9,0,0,,,,,,0,0,0.5,0.90000000000000002,True,False,,0,no_strict_improvement,False,False,PN10,PN10-2.edf
9,0,0,0,0,0,0,58863,50,6,110,58697,0,0,0,9,0,0,,,,,,0,0,0.5,0.94999999999999996,True,False,,0,no_strict_improvement,False,False,PN10,PN10-2.edf
9,0,0,0,0,0,0,58863,50,6,110,58697,0,0,0,9,0,0,,,,,,0,0,0.5,1.01,True,False,,0,no_strict_improvement,False,False,PN10,PN10-2.edf
9,6,8,805,0,811,33805,58704,50,21,105,58528,0.66666666666666663,0.88888888888888884,49.514762165117553,3,6,6,4,2,9,1,60,0.57758679606342267,2625,0,0.050000000000000003,False,False,-17.5,2,FAR_increase,False,False,PN10,PN10-3.edf
9,6,8,767,0,773,20780,58704,50,21,105,58528,0.66666666666666663,0.88888888888888884,47.177419354838712,3,6,6,6.5,6,7,5,10,0.35504373974849646,760,0,0.10000000000000001,False,False,-15,2,FAR_increase,False,False,PN10,PN10-3.edf
9,6,8,591,0,597,14035,58704,50,21,105,58528,0.66666666666666663,0.88888888888888884,36.351831601968286,3,6,6,7,6.25,9.25,6,10,0.2397997539639147,570,0,0.14999999999999999,False,False,-15,2,FAR_increase,False,False,PN10,PN10-3.edf
9,8,8,502,0,510,10445,58704,50,21,105,58528,0.88888888888888884,0.88888888888888884,30.877528704209951,1,8,8,6.5,5.25,7.75,2,10,0.17846159103335155,570,0,0.20000000000000001,False,False,-15,2,FAR_increase,False,False,PN10,PN10-3.edf
9,8,8,396,0,404,7955,58704,50,21,105,58528,0.88888888888888884,0.88888888888888884,24.357572443958446,1,8,8,6.5,5.25,7.75,2,10,0.13591785128485512,425,0,0.25,False,False,-15,2,FAR_increase,False,False,PN10,PN10-3.edf
9,8,8,303,1,311,6255,58704,50,21,105,58528,0.88888888888888884,0.88888888888888884,18.637233460907598,1,8,8,7,6,8.5,2,10,0.10687192454893385,250,0,0.29999999999999999,False,False,-15,2,FAR_increase,False,False,PN10,PN10-3.edf
9,8,8,248,1,256,5330,58704,50,21,105,58528,0.88888888888888884,0.88888888888888884,15.254237288135593,1,8,8,7,6,8.5,2,10,0.091067523236741388,250,0,0.34999999999999998,False,False,-15,2,FAR_increase,False,False,PN10,PN10-3.edf
9,8,8,217,1,225,4730,58704,50,21,105,58528,0.88888888888888884,0.88888888888888884,13.347457627118644,1,8,8,7,6,8.5,2,10,0.080816019682886819,250,0,0.40000000000000002,False,False,-15,2,FAR_increase,False,False,PN10,PN10-3.edf
9,8,8,188,2,196,4245,58704,50,21,105,58528,0.88888888888888884,0.88888888888888884,11.56369600874795,1,8,8,7,6,8.5,2,10,0.072529387643521057,250,0,0.45000000000000001,False,False,-15,2,FAR_increase,False,False,PN10,PN10-3.edf
9,8,8,170,2,178,3840,58704,50,21,105,58528,0.88888888888888884,0.88888888888888884,10.456533624931657,1,8,8,7.5,6.75,10.25,2,15,0.065609622744669222,240,0,0.5,False,False,-12.5,2,FAR_increase,False,False,PN10,PN10-3.edf
9,8,8,159,2,167,3415,58704,50,21,105,58528,0.88888888888888884,0.88888888888888884,9.7799343903772549,1,8,8,9,7,12,6,17,0.058348141060688904,130,0,0.55000000000000004,False,False,-12.5,2,FAR_increase,False,False,PN10,PN10-3.edf
9,8,8,153,2,161,3130,58704,50,21,105,58528,0.88888888888888884,0.88888888888888884,9.4108802624384911,1,8,8,10.5,7.75,12.75,6,17,0.053478676872607982,110,0,0.59999999999999998,False,False,-10,2,FAR_increase,False,False,PN10,PN10-3.edf
9,8,8,149,2,157,2885,58704,50,21,105,58528,0.88888888888888884,0.88888888888888884,9.1648441771459819,1,8,8,10.5,7.75,12.75,6,17,0.049292646254784037,65,0,0.65000000000000002,False,False,-10,2,FAR_increase,False,False,PN10,PN10-3.edf
9,7,7,141,1,148,2475,58704,50,21,105,58528,0.77777777777777779,0.77777777777777779,8.6727720065609617,2,7,7,11,9,11.5,7,35,0.042287452159650081,50,0,0.69999999999999996,False,False,0,2,FAR_increase,False,False,PN10,PN10-3.edf
9,6,6,124,1,130,2045,58704,50,21,105,58528,0.66666666666666663,0.66666666666666663,7.6271186440677967,3,6,6,11.5,10.25,12.75,7,35,0.034940541279387644,40,0,0.75,False,False,0,2,FAR_increase,False,False,PN10,PN10-3.edf
9,6,6,105,0,111,1615,58704,50,21,105,58528,0.66666666666666663,0.66666666666666663,6.4584472389283762,3,6,6,12.5,11.25,27.25,10,35,0.027593630399125206,40,0,0.80000000000000004,False,False,0,2,FAR_increase,False,False,PN10,PN10-3.edf
9,6,6,80,0,86,1210,58704,50,21,105,58528,0.66666666666666663,0.66666666666666663,4.9207217058501911,3,6,6,12.5,11.25,27.25,10,35,0.020673865500273374,35,0,0.84999999999999998,False,False,0,2,FAR_increase,False,False,PN10,PN10-3.edf
9,2,2,51,0,53,630,58704,50,21,105,58528,0.22222222222222221,0.22222222222222221,3.1369600874794972,7,2,2,23.5,17.75,29.25,12,35,0.010764078731547293,25,0,0.90000000000000002,False,False,0,2,FAR_increase;no_strict_improvement,False,False,PN10,PN10-3.edf
9,2,2,16,0,18,195,58704,50,21,105,58528,0.22222222222222221,0.22222222222222221,0.98414434117003824,7,2,2,23.5,17.75,29.25,12,35,0.0033317386550027338,15,0,0.94999999999999996,True,False,0,2,no_strict_improvement,True,False,PN10,PN10-3.edf
9,0,0,0,0,0,0,58704,50,21,105,58528,0,0,0,9,0,0,,,,,,0,0,0,1.01,True,False,,0,sensitivity_loss,False,False,PN10,PN10-3.edf
9,4,7,777,0,781,30843,58704,50,21,105,58528,0.44444444444444442,0.77777777777777779,47.792509568069981,5,4,4,4,1.75,7,1,10,0.52697854018589396,870,0.10000000000000001,0.050000000000000003,False,False,-25,1,FAR_increase,False,False,PN10,PN10-3.edf
9,5,7,712,0,717,16372,58704,50,21,105,58528,0.55555555555555558,0.77777777777777779,43.794423182066701,4,5,5,6,6,7,2,10,0.27972936030617823,470,0.10000000000000001,0.10000000000000001,False,False,-17.5,2,FAR_increase,False,False,PN10,PN10-3.edf
9,6,7,512,0,518,9197,58704,50,21,105,58528,0.66666666666666663,0.77777777777777779,31.492618917441224,3,6,6,6.5,6,7,3,10,0.15713846364133408,210,0.10000000000000001,0.14999999999999999,False,False,-15,2,FAR_increase,False,False,PN10,PN10-3.edf
9,7,7,369,0,376,5670,58704,50,21,105,58528,0.77777777777777779,0.77777777777777779,22.696828868234007,2,7,7,6,4.5,7,2,10,0.096876708583925636,95,0.10000000000000001,0.20000000000000001,False,False,-15,2,FAR_increase,False,False,PN10,PN10-3.edf
9,7,7,238,0,245,3465,58704,50,21,105,58528,0.77777777777777779,0.77777777777777779,14.639147074904319,2,7,7,7,6,7.5,2,10,0.059202433023510116,60,0.10000000000000001,0.25,False,False,-15,2,FAR_increase,False,False,PN10,PN10-3.edf
9,7,7,165,1,172,2385,58704,50,21,105,58528,0.77777777777777779,0.77777777777777779,10.14898851831602,2,7,7,7,6,7.5,2,10,0.040749726626571899,40,0.10000000000000001,0.29999999999999999,False,False,-15,2,FAR_increase,False,False,PN10,PN10-3.edf
9,7,7,122,1,129,1725,58704,50,21,105,58528,0.77777777777777779,0.77777777777777779,7.5041006014215421,2,7,7,7,6,7.5,2,10,0.029473072717331874,40,0.10000000000000001,0.34999999999999998,False,False,-15,2,FAR_increase,False,False,PN10,PN10-3.edf
9,7,7,88,2,95,1310,58704,50,21,105,58528,0.77777777777777779,0.77777777777777779,5.4127938764352104,2,7,7,7,6,7.5,2,10,0.022382449425915801,30,0.10000000000000001,0.40000000000000002,False,False,-15,2,FAR_increase,False,False,PN10,PN10-3.edf
9,7,7,70,2,77,1095,58704,50,21,105,58528,0.77777777777777779,0.77777777777777779,4.3056314926189172,2,7,7,7,6.5,9.5,2,15,0.018708993985784583,30,0.10000000000000001,0.45000000000000001,False,False,-12.5,2,FAR_increase,False,False,PN10,PN10-3.edf
9,7,7,60,3,67,930,58704,50,21,105,58528,0.77777777777777779,0.77777777777777779,3.6905412793876433,2,7,7,7,6.5,9.5,2,15,0.015889830508474576,30,0.10000000000000001,0.5,False,False,-12.5,2,FAR_increase,False,False,PN10,PN10-3.edf
9,7,7,53,2,60,820,58704,50,21,105,58528,0.77777777777777779,0.77777777777777779,3.2599781301257518,2,7,7,8,7,13,6,17,0.014010388190267906,30,0.10000000000000001,0.55000000000000004,False,False,-12.5,2,FAR_increase,False,False,PN10,PN10-3.edf
9,7,7,50,2,57,725,58704,50,21,105,58528,0.77777777777777779,0.77777777777777779,3.0754510661563694,2,7,7,11,9.5,13.5,7,17,0.0123872334609076,25,0.10000000000000001,0.59999999999999998,False,False,-10,2,FAR_increase,False,False,PN10,PN10-3.edf
9,5,5,39,1,44,570,58704,50,21,105,58528,0.55555555555555558,0.55555555555555558,2.3988518316019682,4,5,5,12,11,13,7,35,0.0097389283761618369,20,0.10000000000000001,0.65000000000000002,False,False,0,2,FAR_increase,False,False,PN10,PN10-3.edf
9,5,5,37,1,42,535,58704,50,21,105,58528,0.55555555555555558,0.55555555555555558,2.2758337889557136,4,5,5,12,11,13,7,35,0.0091409240021869866,20,0.10000000000000001,0.69999999999999996,False,False,0,2,FAR_increase,False,False,PN10,PN10-3.edf
9,5,5,33,0,38,480,58704,50,21,105,58528,0.55555555555555558,0.55555555555555558,2.029797703663204,4,5,5,13,12,32,11,35,0.0082012028430836527,20,0.10000000000000001,0.75,False,False,0,2,FAR_increase,False,False,PN10,PN10-3.edf
9,3,3,31,0,34,410,58704,50,21,105,58528,0.33333333333333331,0.33333333333333331,1.9067796610169492,6,3,3,12,11.5,23.5,11,35,0.007005194095133953,20,0.10000000000000001,0.80000000000000004,False,False,0,2,FAR_increase,False,False,PN10,PN10-3.edf
9,2,2,17,0,19,220,58704,50,21,105,58528,0.22222222222222221,0.22222222222222221,1.0456533624931657,7,2,2,23.5,17.75,29.25,12,35,0.0037588846364133405,20,0.10000000000000001,0.84999999999999998,False,False,0,2,FAR_increase;no_strict_improvement,False,False,PN10,PN10-3.edf
9,1,1,12,0,13,150,58704,50,21,105,58528,0.1111111111111111,0.1111111111111111,0.73810825587752871,8,1,1,12,12,12,12,12,0.0025628758884636412,20,0.10000000000000001,0.90000000000000002,True,False,0,1,sensitivity_loss,False,False,PN10,PN10-3.edf
9,1,1,8,0,9,95,58704,50,21,105,58528,0.1111111111111111,0.1111111111111111,0.49207217058501912,8,1,1,12,12,12,12,12,0.0016231547293603062,15,0.10000000000000001,0.94999999999999996,True,False,0,1,sensitivity_loss,False,False,PN10,PN10-3.edf
9,0,0,8,0,8,80,58704,50,21,105,58528,0,0,0.49207217058501912,9,0,0,,,,,,0.001366867140513942,10,0.10000000000000001,1.01,True,False,,0,sensitivity_loss,False,False,PN10,PN10-3.edf
9,4,8,689,0,693,34328,58704,50,21,105,58528,0.44444444444444442,0.88888888888888884,42.379715691634772,5,4,4,1.5,0.75,3,0,6,0.5865226899945325,880,0.25,0.050000000000000003,False,False,-35,1,FAR_increase,False,False,PN10,PN10-3.edf
9,4,7,735,0,739,22247,58704,50,21,105,58528,0.44444444444444442,0.77777777777777779,45.209130672498631,5,4,4,6.5,6,7.75,6,10,0.38010866593767084,470,0.25,0.10000000000000001,False,False,-25,1,FAR_increase,False,False,PN10,PN10-3.edf
9,5,7,632,0,637,14312,58704,50,21,105,58528,0.55555555555555558,0.77777777777777779,38.87370147621651,4,5,5,6,6,7,3,10,0.24453253143794423,150,0.25,0.14999999999999999,False,False,-25,1,FAR_increase,False,False,PN10,PN10-3.edf
9,6,7,438,0,444,8250,58704,50,21,105,58528,0.66666666666666663,0.77777777777777779,26.940951339529796,3,6,6,6.5,6,7.75,2,10,0.14095817386550027,150,0.25,0.20000000000000001,False,False,-25,1,FAR_increase,False,False,PN10,PN10-3.edf
9,7,7,277,1,284,4115,58704,50,21,105,58528,0.77777777777777779,0.77777777777777779,17.037998906506289,2,7,7,6,4,7.5,2,10,0.070308228540185896,60,0.25,0.25,False,False,-17.5,2,FAR_increase,False,False,PN10,PN10-3.edf
9,7,7,163,1,170,2305,58704,50,21,105,58528,0.77777777777777779,0.77777777777777779,10.025970475669764,2,7,7,7,6,7.5,2,10,0.039382859486057957,40,0.25,0.29999999999999999,False,False,-15,2,FAR_increase,False,False,PN10,PN10-3.edf
9,7,7,109,2,116,1555,58704,50,21,105,58528,0.77777777777777779,0.77777777777777779,6.7044833242208854,2,7,7,7,6,7.5,2,10,0.02656848004373975,30,0.25,0.34999999999999998,False,False,-15,2,FAR_increase,False,False,PN10,PN10-3.edf
9,7,7,76,3,83,1145,58704,50,21,105,58528,0.77777777777777779,0.77777777777777779,4.6746856205576819,2,7,7,7,6.5,9.5,2,15,0.019563285948605794,30,0.25,0.40000000000000002,False,False,-12.5,2,FAR_increase,False,False,PN10,PN10-3.edf
9,7,7,64,3,71,975,58704,50,21,105,58528,0.77777777777777779,0.77777777777777779,3.936577364680153,2,7,7,7,6.5,9.5,2,15,0.01665869327501367,30,0.25,0.45000000000000001,False,False,-12.5,2,FAR_increase,False,False,PN10,PN10-3.edf
9,7,7,53,2,60,780,58704,50,21,105,58528,0.77777777777777779,0.77777777777777779,3.2599781301257518,2,7,7,11,7.5,13,7,17,0.013326954620010935,25,0.25,0.5,False,False,-12.5,2,FAR_increase,False,False,PN10,PN10-3.edf
9,5,5,44,1,49,630,58704,50,21,105,58528,0.55555555555555558,0.55555555555555558,2.7063969382176052,4,5,5,11,7,13,7,35,0.010764078731547293,20,0.25,0.55000000000000004,False,False,-2.5,2,FAR_increase,False,False,PN10,PN10-3.edf
9,5,5,38,0,43,560,58704,50,21,105,58528,0.55555555555555558,0.55555555555555558,2.3373428102788409,4,5,5,13,11,32,7,35,0.0095680699835975942,20,0.25,0.59999999999999998,False,False,-2.5,2,FAR_increase,False,False,PN10,PN10-3.edf
9,3,3,33,0,36,460,58704,50,21,105,58528,0.33333333333333331,0.33333333333333331,2.029797703663204,6,3,3,12,11.5,23.5,11,35,0.0078594860579551673,20,0.25,0.65000000000000002,False,False,0,2,FAR_increase,False,False,PN10,PN10-3.edf
9,2,2,26,0,28,335,58704,50,21,105,58528,0.22222222222222221,0.22222222222222221,1.5992345544013122,7,2,2,23.5,17.75,29.25,12,35,0.0057237561509021319,20,0.25,0.69999999999999996,False,False,0,2,FAR_increase;no_strict_improvement,False,False,PN10,PN10-3.edf
9,1,1,15,0,16,195,58704,50,21,105,58528,0.1111111111111111,0.1111111111111111,0.92263531984691083,8,1,1,12,12,12,12,12,0.0033317386550027338,20,0.25,0.75,True,False,0,1,sensitivity_loss,False,False,PN10,PN10-3.edf
9,1,1,12,0,13,155,58704,50,21,105,58528,0.1111111111111111,0.1111111111111111,0.73810825587752871,8,1,1,12,12,12,12,12,0.0026483050847457626,20,0.25,0.80000000000000004,True,False,0,1,sensitivity_loss,False,False,PN10,PN10-3.edf
9,1,1,10,0,11,125,58704,50,21,105,58528,0.1111111111111111,0.1111111111111111,0.61509021323127389,8,1,1,12,12,12,12,12,0.0021357299070530345,20,0.25,0.84999999999999998,True,False,0,1,sensitivity_loss,False,False,PN10,PN10-3.edf
9,1,1,9,0,10,110,58704,50,21,105,58528,0.1111111111111111,0.1111111111111111,0.55358119190814647,8,1,1,12,12,12,12,12,0.0018794423182066703,15,0.25,0.90000000000000002,True,False,0,1,sensitivity_loss,False,False,PN10,PN10-3.edf
9,0,0,8,0,8,80,58704,50,21,105,58528,0,0,0.49207217058501912,9,0,0,,,,,,0.001366867140513942,10,0.25,0.94999999999999996,True,False,,0,sensitivity_loss,False,False,PN10,PN10-3.edf
9,0,0,8,0,8,80,58704,50,21,105,58528,0,0,0.49207217058501912,9,0,0,,,,,,0.001366867140513942,10,0.25,1.01,True,False,,0,sensitivity_loss,False,False,PN10,PN10-3.edf
9,3,8,640,0,643,34058,58704,50,21,105,58528,0.33333333333333331,0.88888888888888884,39.365773646801529,6,3,3,6,3,6.5,0,7,0.58190951339529795,655,0.5,0.050000000000000003,False,False,-35,1,FAR_increase,False,False,PN10,PN10-3.edf
9,5,7,700,0,705,24355,58704,50,21,105,58528,0.55555555555555558,0.77777777777777779,43.056314926189174,4,5,5,6,3,6,0,7,0.41612561509021323,420,0.5,0.10000000000000001,False,False,-35,1,FAR_increase,False,False,PN10,PN10-3.edf
9,5,7,578,0,583,18052,58704,50,21,105,58528,0.55555555555555558,0.77777777777777779,35.552214324767633,4,5,5,6,6,7,0,8,0.30843357025697105,225,0.5,0.14999999999999999,False,False,-35,1,FAR_increase,False,False,PN10,PN10-3.edf
9,5,7,497,1,502,13652,58704,50,21,105,58528,0.55555555555555558,0.77777777777777779,30.569983597594312,4,5,5,7,6,8,6,10,0.23325587752870422,170,0.5,0.20000000000000001,False,False,-25,1,FAR_increase,False,False,PN10,PN10-3.edf
9,6,7,392,2,398,9920,58704,50,21,105,58528,0.66666666666666663,0.77777777777777779,24.111536358665937,3,6,6,6.5,6,7.75,2,10,0.16949152542372881,150,0.5,0.25,False,False,-25,1,FAR_increase,False,False,PN10,PN10-3.edf
9,6,7,324,3,330,7655,58704,50,21,105,58528,0.66666666666666663,0.77777777777777779,19.928922908693274,3,6,6,7.5,6.25,10.25,2,15,0.13079209950792783,150,0.5,0.29999999999999999,False,False,-20,1,FAR_increase,False,False,PN10,PN10-3.edf
9,6,7,252,2,258,5315,58704,50,21,105,58528,0.66666666666666663,0.77777777777777779,15.500273373428103,3,6,6,9.5,7.25,11,2,15,0.090811235647895019,145,0.5,0.34999999999999998,False,False,-20,1,FAR_increase,False,False,PN10,PN10-3.edf
9,5,6,183,0,188,3750,58704,50,21,105,58528,0.55555555555555558,0.66666666666666663,11.256150902132314,4,5,5,13,11,32,2,35,0.064071897211591039,120,0.5,0.40000000000000002,False,False,0,1,FAR_increase,False,False,PN10,PN10-3.edf
9,3,3,108,0,111,1480,58704,50,21,105,58528,0.33333333333333331,0.33333333333333331,6.6429743028977581,6,3,3,11,9,23,7,35,0.025287042099507929,40,0.5,0.45000000000000001,False,False,-2.5,2,FAR_increase,False,False,PN10,PN10-3.edf
9,2,2,42,0,44,545,58704,50,21,105,58528,0.22222222222222221,0.22222222222222221,2.5833788955713506,7,2,2,21,14,28,7,35,0.0093117823947512293,25,0.5,0.5,False,False,-2.5,2,FAR_increase;no_strict_improvement,False,False,PN10,PN10-3.edf
9,1,1,27,0,28,355,58704,50,21,105,58528,0.1111111111111111,0.1111111111111111,1.6607435757244395,8,1,1,7,7,7,7,7,0.0060654729360306182,20,0.5,0.55000000000000004,False,False,-5,1,sensitivity_loss;FAR_increase;no_strict_improvement,False,False,PN10,PN10-3.edf
9,1,1,20,0,21,255,58704,50,21,105,58528,0.1111111111111111,0.1111111111111111,1.2301804264625478,8,1,1,7,7,7,7,7,0.0043568890103881904,20,0.5,0.59999999999999998,False,False,-5,1,sensitivity_loss;FAR_increase;no_strict_improvement,False,False,PN10,PN10-3.edf
9,1,1,13,0,14,180,58704,50,21,105,58528,0.1111111111111111,0.1111111111111111,0.79961727720065612,8,1,1,7,7,7,7,7,0.0030754510661563698,20,0.5,0.65000000000000002,True,False,-5,1,sensitivity_loss,False,False,PN10,PN10-3.edf
9,1,1,12,0,13,160,58704,50,21,105,58528,0.1111111111111111,0.1111111111111111,0.73810825587752871,8,1,1,12,12,12,12,12,0.0027337342810278839,20,0.5,0.69999999999999996,True,False,0,1,sensitivity_loss,False,False,PN10,PN10-3.edf
9,1,1,11,0,12,140,58704,50,21,105,58528,0.1111111111111111,0.1111111111111111,0.6765992345544013,8,1,1,12,12,12,12,12,0.0023920174958993986,20,0.5,0.75,True,False,0,1,sensitivity_loss,False,False,PN10,PN10-3.edf
9,1,1,11,0,12,135,58704,50,21,105,58528,0.1111111111111111,0.1111111111111111,0.6765992345544013,8,1,1,12,12,12,12,12,0.0023065882996172772,20,0.5,0.80000000000000004,True,False,0,1,sensitivity_loss,False,False,PN10,PN10-3.edf
9,1,1,9,0,10,110,58704,50,21,105,58528,0.1111111111111111,0.1111111111111111,0.55358119190814647,8,1,1,12,12,12,12,12,0.0018794423182066703,15,0.5,0.84999999999999998,True,False,0,1,sensitivity_loss,False,False,PN10,PN10-3.edf
9,1,1,8,0,9,95,58704,50,21,105,58528,0.1111111111111111,0.1111111111111111,0.49207217058501912,8,1,1,12,12,12,12,12,0.0016231547293603062,15,0.5,0.90000000000000002,True,False,0,1,sensitivity_loss,False,True,PN10,PN10-3.edf
9,0,0,8,0,8,80,58704,50,21,105,58528,0,0,0.49207217058501912,9,0,0,,,,,,0.001366867140513942,10,0.5,0.94999999999999996,True,False,,0,sensitivity_loss,False,False,PN10,PN10-3.edf
9,0,0,8,0,8,80,58704,50,21,105,58528,0,0,0.49207217058501912,9,0,0,,,,,,0.001366867140513942,10,0.5,1.01,True,False,,0,sensitivity_loss,False,False,PN10,PN10-3.edf
7,5,7,723,0,728,25175,50769,50,27,110,50582,0.7142857142857143,1,51.457040053774072,2,5,5,3,2,7,1,10,0.49770669408089835,645,0,0.050000000000000003,False,False,,0,FAR_increase,False,False,PN10,PN10-4.5.6.edf
7,6,7,641,1,647,16365,50769,50,27,110,50582,0.8571428571428571,1,45.620971887232614,1,6,6,6.5,5.25,7,3,10,0.32353406350085012,625,0,0.10000000000000001,False,False,,0,FAR_increase,False,False,PN10,PN10-4.5.6.edf
7,6,7,498,2,504,11560,50769,50,27,110,50582,0.8571428571428571,1,35.443438377288366,1,6,6,7,6.25,9.25,3,10,0.22853979676564787,425,0,0.14999999999999999,False,False,,0,FAR_increase,False,False,PN10,PN10-4.5.6.edf
7,7,7,374,1,381,8555,50769,50,27,110,50582,1,1,26.618164564469573,0,7,7,7,6.5,9,2,10,0.16913131153374719,420,0,0.20000000000000001,False,False,,0,FAR_increase,False,False,PN10,PN10-4.5.6.edf
7,7,7,316,2,323,7195,50769,50,27,110,50582,1,1,22.490213910086592,0,7,7,7,6.5,9,2,10,0.14224427662014155,420,0,0.25,False,False,,0,FAR_increase,False,False,PN10,PN10-4.5.6.edf
7,7,7,266,2,273,6260,50769,50,27,110,50582,1,1,18.931635759756436,0,7,7,8,7,10,6,17,0.12375944011703768,415,0,0.29999999999999999,False,False,,0,FAR_increase,False,False,PN10,PN10-4.5.6.edf
7,7,7,235,2,242,5580,50769,50,27,110,50582,1,1,16.725317306551737,0,7,7,8,7,12.5,6,17,0.11031592266023486,250,0,0.34999999999999998,False,False,,0,FAR_increase,False,False,PN10,PN10-4.5.6.edf
7,7,7,222,3,229,5080,50769,50,27,110,50582,1,1,15.800086987465898,0,7,7,10,7.5,13.5,6,17,0.1004309833537622,250,0,0.40000000000000002,False,False,,0,FAR_increase,False,False,PN10,PN10-4.5.6.edf
7,7,7,207,2,214,4710,50769,50,27,110,50582,1,1,14.732513542366849,0,7,7,10,7.5,13.5,6,17,0.093116128266972437,245,0,0.45000000000000001,False,False,,0,FAR_increase,False,False,PN10,PN10-4.5.6.edf
7,7,7,187,2,194,4230,50769,50,27,110,50582,1,1,13.309082282234787,0,7,7,10,7.5,13.5,6,17,0.083626586532758687,245,0,0.5,False,False,,0,FAR_increase,False,False,PN10,PN10-4.5.6.edf
7,6,6,167,1,173,3745,50769,50,27,110,50582,0.8571428571428571,0.8571428571428571,11.885651022102724,1,6,6,9,7.25,11.5,6,35,0.074038195405480206,200,0,0.55000000000000004,False,False,,0,FAR_increase,False,False,PN10,PN10-4.5.6.edf
7,6,6,151,1,157,3205,50769,50,27,110,50582,0.8571428571428571,0.8571428571428571,10.746906013997075,1,6,6,9,7.25,11.5,6,35,0.063362460954489733,140,0,0.59999999999999998,False,False,,0,FAR_increase,False,False,PN10,PN10-4.5.6.edf
7,5,5,136,1,141,2760,50769,50,27,110,50582,0.7142857142857143,0.7142857142857143,9.6793325688980278,2,5,5,10,7,12,6,35,0.054564864971729077,85,0,0.65000000000000002,False,False,,0,FAR_increase,False,False,PN10,PN10-4.5.6.edf
7,4,4,126,0,130,2350,50769,50,27,110,50582,0.5714285714285714,0.5714285714285714,8.9676169388319948,3,4,4,22,11.5,32.75,10,35,0.046459214740421494,60,0,0.69999999999999996,False,False,,0,FAR_increase,False,False,PN10,PN10-4.5.6.edf
7,4,4,115,0,119,1920,50769,50,27,110,50582,0.5714285714285714,0.5714285714285714,8.1847297457593609,3,4,4,22,11.5,34,10,40,0.037958166936855005,60,0,0.75,False,False,,0,FAR_increase,False,False,PN10,PN10-4.5.6.edf
7,4,4,97,0,101,1510,50769,50,27,110,50582,0.5714285714285714,0.5714285714285714,6.9036416116405048,3,4,4,22,11.5,35.25,10,45,0.029852516705547429,35,0,0.80000000000000004,False,False,,0,FAR_increase,False,False,PN10,PN10-4.5.6.edf
7,3,3,79,0,82,1085,50769,50,27,110,50582,0.42857142857142855,0.42857142857142855,5.6225534775216479,4,3,3,12,11,22,10,32,0.021450318295045668,30,0,0.84999999999999998,False,False,,0,FAR_increase,False,False,PN10,PN10-4.5.6.edf
7,1,1,37,0,38,475,50769,50,27,110,50582,0.14285714285714285,0.14285714285714285,2.6333478312443162,6,1,1,12,12,12,12,12,0.0093906923411490248,25,0,0.90000000000000002,False,False,,0,FAR_increase,False,False,PN10,PN10-4.5.6.edf
7,0,0,21,0,21,240,50769,50,27,110,50582,0,0,1.4946028231386659,7,0,0,,,,,,0.0047447708671068756,25,0,0.94999999999999996,False,False,,0,FAR_increase;no_strict_improvement,False,False,PN10,PN10-4.5.6.edf
7,0,0,0,0,0,0,50769,50,27,110,50582,0,0,0,7,0,0,,,,,,0,0,0,1.01,True,False,,0,no_strict_improvement,True,False,PN10,PN10-4.5.6.edf
7,5,6,660,0,665,20165,50769,50,27,110,50582,0.7142857142857143,0.8571428571428571,46.973231584358075,2,5,5,3,2,7,1,10,0.39865960223004232,635,0.10000000000000001,0.050000000000000003,False,False,,0,FAR_increase,False,False,PN10,PN10-4.5.6.edf
7,5,6,501,0,506,10462,50769,50,27,110,50582,0.7142857142857143,0.8571428571428571,35.656953066308176,2,5,5,7,6,7,3,10,0.20683247004863389,295,0.10000000000000001,0.10000000000000001,False,False,,0,FAR_increase,False,False,PN10,PN10-4.5.6.edf
7,5,6,337,0,342,6235,50769,50,27,110,50582,0.7142857142857143,0.8571428571428571,23.984816733225259,2,5,5,7,7,8,6,10,0.12326519315171405,255,0.10000000000000001,0.14999999999999999,False,False,,0,FAR_increase,False,False,PN10,PN10-4.5.6.edf
7,6,6,237,1,243,4020,50769,50,27,110,50582,0.8571428571428571,0.8571428571428571,16.867660432564943,1,6,6,7,6.25,7.75,2,10,0.079474912024040167,220,0.10000000000000001,0.20000000000000001,False,False,,0,FAR_increase,False,False,PN10,PN10-4.5.6.edf
7,6,6,167,3,173,2960,50769,50,27,110,50582,0.8571428571428571,0.8571428571428571,11.885651022102724,1,6,6,7,6.25,7.75,2,10,0.05851884069431814,220,0.10000000000000001,0.25,False,False,,0,FAR_increase,False,False,PN10,PN10-4.5.6.edf
7,6,6,126,2,132,2325,50769,50,27,110,50582,0.8571428571428571,0.8571428571428571,8.9676169388319948,1,6,6,7.5,7,13.25,6,17,0.045964967775097863,215,0.10000000000000001,0.29999999999999999,False,False,,0,FAR_increase,False,False,PN10,PN10-4.5.6.edf
7,6,6,106,3,112,1905,50769,50,27,110,50582,0.8571428571428571,0.8571428571428571,7.5441856786999324,1,6,6,7.5,7,13.25,6,17,0.037661618757660831,180,0.10000000000000001,0.34999999999999998,False,False,,0,FAR_increase,False,False,PN10,PN10-4.5.6.edf
7,6,6,93,2,99,1600,50769,50,27,110,50582,0.8571428571428571,0.8571428571428571,6.618955359614092,1,6,6,10,7.25,14.25,6,17,0.031631805780712507,75,0.10000000000000001,0.40000000000000002,False,False,,0,FAR_increase,False,False,PN10,PN10-4.5.6.edf
7,6,6,78,2,84,1355,50769,50,27,110,50582,0.8571428571428571,0.8571428571428571,5.5513819145150451,1,6,6,10,7.25,14.25,6,17,0.026788185520540905,70,0.10000000000000001,0.45000000000000001,False,False,,0,FAR_increase,False,False,PN10,PN10-4.5.6.edf
7,5,5,58,1,63,1075,50769,50,27,110,50582,0.7142857142857143,0.7142857142857143,4.1279506543829818,2,5,5,8,7,12,6,35,0.021252619508916215,70,0.10000000000000001,0.5,False,False,,0,FAR_increase,False,False,PN10,PN10-4.5.6.edf
7,5,5,48,1,53,810,50769,50,27,110,50582,0.7142857142857143,0.7142857142857143,3.4162350243169506,2,5,5,8,7,12,6,35,0.016013601676485707,45,0.10000000000000001,0.55000000000000004,False,False,,0,FAR_increase,False,False,PN10,PN10-4.5.6.edf
7,3,3,32,0,35,525,50769,50,27,110,50582,0.42857142857142855,0.42857142857142855,2.2774900162113005,4,3,3,32,22,33.5,12,35,0.010379186271796291,45,0.10000000000000001,0.59999999999999998,False,False,,0,FAR_increase,False,False,PN10,PN10-4.5.6.edf
7,3,3,24,0,27,375,50769,50,27,110,50582,0.42857142857142855,0.42857142857142855,1.7081175121584753,4,3,3,32,22,33.5,12,35,0.0074137044798544939,45,0.10000000000000001,0.65000000000000002,False,False,,0,FAR_increase,False,False,PN10,PN10-4.5.6.edf
7,3,3,22,0,25,340,50769,50,27,110,50582,0.42857142857142855,0.42857142857142855,1.5657743861452691,4,3,3,32,22,33.5,12,35,0.0067217587284014073,45,0.10000000000000001,0.69999999999999996,False,False,,0,FAR_increase,False,False,PN10,PN10-4.5.6.edf
7,3,3,18,0,21,255,50769,50,27,110,50582,0.42857142857142855,0.42857142857142855,1.2810881341188565,4,3,3,32,22,38.5,12,45,0.0050413190463010557,20,0.10000000000000001,0.75,False,False,,0,FAR_increase,False,False,PN10,PN10-4.5.6.edf
7,1,1,11,0,12,140,50769,50,27,110,50582,0.14285714285714285,0.14285714285714285,0.78288719307263455,6,1,1,12,12,12,12,12,0.0027677830058123443,15,0.10000000000000001,0.80000000000000004,True,False,,0,FAR_increase,False,False,PN10,PN10-4.5.6.edf
7,1,1,7,0,8,90,50769,50,27,110,50582,0.14285714285714285,0.14285714285714285,0.49820094104622198,6,1,1,12,12,12,12,12,0.0017792890751650785,15,0.10000000000000001,0.84999999999999998,True,False,,0,FAR_increase,False,False,PN10,PN10-4.5.6.edf
7,0,0,0,0,0,0,50769,50,27,110,50582,0,0,0,7,0,0,,,,,,0,0,0.10000000000000001,0.90000000000000002,True,False,,0,no_strict_improvement,False,False,PN10,PN10-4.5.6.edf
7,0,0,0,0,0,0,50769,50,27,110,50582,0,0,0,7,0,0,,,,,,0,0,0.10000000000000001,0.94999999999999996,True,False,,0,no_strict_improvement,False,False,PN10,PN10-4.5.6.edf
7,0,0,0,0,0,0,50769,50,27,110,50582,0,0,0,7,0,0,,,,,,0,0,0.10000000000000001,1.01,True,False,,0,no_strict_improvement,False,False,PN10,PN10-4.5.6.edf
7,5,6,644,0,649,24715,50769,50,27,110,50582,0.7142857142857143,0.8571428571428571,45.834486576252424,2,5,5,3,2,7,1,10,0.48861254991894348,635,0.25,0.050000000000000003,False,False,,0,FAR_increase,False,False,PN10,PN10-4.5.6.edf
7,5,6,575,0,580,13587,50769,50,27,110,50582,0.7142857142857143,0.8571428571428571,40.923648728796806,2,5,5,7,6,7,3,10,0.26861334071408799,295,0.25,0.10000000000000001,False,False,,0,FAR_increase,False,False,PN10,PN10-4.5.6.edf
7,6,6,380,0,386,7720,50769,50,27,110,50582,0.8571428571428571,0.8571428571428571,27.045193942509194,1,6,6,7,6.25,7.75,2,10,0.15262346289193784,245,0.25,0.14999999999999999,False,False,,0,FAR_increase,False,False,PN10,PN10-4.5.6.edf
7,6,6,234,2,240,4145,50769,50,27,110,50582,0.8571428571428571,0.8571428571428571,16.654145743545136,1,6,6,7,6.25,7.75,2,10,0.081946146850658333,220,0.25,0.20000000000000001,False,False,,0,FAR_increase,False,False,PN10,PN10-4.5.6.edf
7,6,6,162,2,168,2870,50769,50,27,110,50582,0.8571428571428571,0.8571428571428571,11.529793207069709,1,6,6,7.5,7,9.5,6,17,0.056739551619153061,215,0.25,0.25,False,False,,0,FAR_increase,False,False,PN10,PN10-4.5.6.edf
7,6,6,116,3,122,2020,50769,50,27,110,50582,0.8571428571428571,0.8571428571428571,8.2559013087659636,1,6,6,7.5,7,13.25,6,17,0.03993515479814954,180,0.25,0.29999999999999999,False,False,,0,FAR_increase,False,False,PN10,PN10-4.5.6.edf
7,6,6,98,2,104,1645,50769,50,27,110,50582,0.8571428571428571,0.8571428571428571,6.9748131746471076,1,6,6,10,7.25,14.25,6,17,0.032521450318295043,75,0.25,0.34999999999999998,False,False,,0,FAR_increase,False,False,PN10,PN10-4.5.6.edf
7,6,6,72,2,78,1275,50769,50,27,110,50582,0.8571428571428571,0.8571428571428571,5.1243525364754259,1,6,6,10,7.25,14.25,6,17,0.025206595231505279,70,0.25,0.40000000000000002,False,False,,0,FAR_increase,False,False,PN10,PN10-4.5.6.edf
7,5,5,52,1,57,890,50769,50,27,110,50582,0.7142857142857143,0.7142857142857143,3.7009212763433634,2,5,5,8,7,12,6,35,0.017595191965521333,45,0.25,0.45000000000000001,False,False,,0,FAR_increase,False,False,PN10,PN10-4.5.6.edf
7,3,3,39,0,42,605,50769,50,27,110,50582,0.42857142857142855,0.42857142857142855,2.7756909572575226,4,3,3,32,22,33.5,12,35,0.011960776560831917,45,0.25,0.5,False,False,,0,FAR_increase,False,False,PN10,PN10-4.5.6.edf
7,3,3,25,0,28,400,50769,50,27,110,50582,0.42857142857142855,0.42857142857142855,1.7792890751650785,4,3,3,32,22,33.5,12,35,0.0079079514451781269,45,0.25,0.55000000000000004,False,False,,0,FAR_increase,False,False,PN10,PN10-4.5.6.edf
7,3,3,23,0,26,355,50769,50,27,110,50582,0.42857142857142855,0.42857142857142855,1.6369459491518723,4,3,3,32,22,33.5,12,35,0.0070183069075955874,45,0.25,0.59999999999999998,False,False,,0,FAR_increase,False,False,PN10,PN10-4.5.6.edf
7,3,3,16,0,19,260,50769,50,27,110,50582,0.42857142857142855,0.42857142857142855,1.1387450081056503,4,3,3,32,22,33.5,12,35,0.0051401684393657821,45,0.25,0.65000000000000002,False,False,,0,FAR_increase,False,False,PN10,PN10-4.5.6.edf
7,2,2,8,0,10,125,50769,50,27,110,50582,0.2857142857142857,0.2857142857142857,0.56937250405282513,5,2,2,26,19,33,12,40,0.0024712348266181646,25,0.25,0.69999999999999996,True,False,,0,FAR_increase,False,False,PN10,PN10-4.5.6.edf
7,1,1,3,0,4,50,50769,50,27,110,50582,0.14285714285714285,0.14285714285714285,0.21351468901980941,6,1,1,50,50,50,50,50,0.00098849393064726586,15,0.25,0.75,True,False,,0,FAR_increase,False,False,PN10,PN10-4.5.6.edf
7,0,0,0,0,0,0,50769,50,27,110,50582,0,0,0,7,0,0,,,,,,0,0,0.25,0.80000000000000004,True,False,,0,no_strict_improvement,False,False,PN10,PN10-4.5.6.edf
7,0,0,0,0,0,0,50769,50,27,110,50582,0,0,0,7,0,0,,,,,,0,0,0.25,0.84999999999999998,True,False,,0,no_strict_improvement,False,False,PN10,PN10-4.5.6.edf
7,0,0,0,0,0,0,50769,50,27,110,50582,0,0,0,7,0,0,,,,,,0,0,0.25,0.90000000000000002,True,False,,0,no_strict_improvement,False,False,PN10,PN10-4.5.6.edf
7,0,0,0,0,0,0,50769,50,27,110,50582,0,0,0,7,0,0,,,,,,0,0,0.25,0.94999999999999996,True,False,,0,no_strict_improvement,False,False,PN10,PN10-4.5.6.edf
7,0,0,0,0,0,0,50769,50,27,110,50582,0,0,0,7,0,0,,,,,,0,0,0.25,1.01,True,False,,0,no_strict_improvement,False,False,PN10,PN10-4.5.6.edf
7,4,6,562,0,566,26102,50769,50,27,110,50582,0.5714285714285714,0.8571428571428571,39.998418409710965,3,4,4,6.5,5.25,7.75,3,10,0.51603337155509865,475,0.5,0.050000000000000003,False,False,,0,FAR_increase,False,False,PN10,PN10-4.5.6.edf
7,6,6,531,0,537,16897,50769,50,27,110,50582,0.8571428571428571,0.8571428571428571,37.79209995650627,1,6,6,7,6.25,7.75,2,10,0.33405163892293699,290,0.5,0.10000000000000001,False,False,,0,FAR_increase,False,False,PN10,PN10-4.5.6.edf
7,6,6,428,2,434,10712,50769,50,27,110,50582,0.8571428571428571,0.8571428571428571,30.461428966826144,1,6,6,7,6.25,7.75,2,10,0.21177493970187022,215,0.5,0.14999999999999999,False,False,,0,FAR_increase,False,False,PN10,PN10-4.5.6.edf
7,6,6,313,2,319,6862,50769,50,27,110,50582,0.8571428571428571,0.8571428571428571,22.276699221066782,1,6,6,7.5,7,13.25,6,17,0.13566090704203077,180,0.5,0.20000000000000001,False,False,,0,FAR_increase,False,False,PN10,PN10-4.5.6.edf
7,6,6,227,1,233,4720,50769,50,27,110,50582,0.8571428571428571,0.8571428571428571,16.155944802498912,1,6,6,7.5,7,13.25,6,17,0.0933138270531019,100,0.5,0.25,False,False,,0,FAR_increase,False,False,PN10,PN10-4.5.6.edf
7,5,5,171,1,176,3380,50769,50,27,110,50582,0.7142857142857143,0.7142857142857143,12.170337274129137,2,5,5,8,7,12,6,15,0.066822189711755173,85,0.5,0.29999999999999999,False,False,,0,FAR_increase,False,False,PN10,PN10-4.5.6.edf
7,3,3,96,0,99,1710,50769,50,27,110,50582,0.42857142857142855,0.42857142857142855,6.8324700486339012,4,3,3,30,21,31,12,32,0.033806492428136492,70,0.5,0.34999999999999998,False,False,,0,FAR_increase,False,False,PN10,PN10-4.5.6.edf
7,3,3,52,0,55,870,50769,50,27,110,50582,0.42857142857142855,0.42857142857142855,3.7009212763433634,4,3,3,30,21,31,12,32,0.017199794393262427,50,0.5,0.40000000000000002,False,False,,0,FAR_increase,False,False,PN10,PN10-4.5.6.edf
7,2,2,29,0,31,420,50769,50,27,110,50582,0.2857142857142857,0.2857142857142857,2.0639753271914909,5,2,2,21,16.5,25.5,12,30,0.0083033490174370325,50,0.5,0.45000000000000001,False,False,,0,FAR_increase,False,False,PN10,PN10-4.5.6.edf
7,2,2,11,0,13,185,50769,50,27,110,50582,0.2857142857142857,0.2857142857142857,0.78288719307263455,5,2,2,23.5,17.75,29.25,12,35,0.0036574275433948838,45,0.5,0.5,True,False,,0,FAR_increase,False,True,PN10,PN10-4.5.6.edf
7,1,1,5,0,6,100,50769,50,27,110,50582,0.14285714285714285,0.14285714285714285,0.35585781503301572,6,1,1,35,35,35,35,35,0.0019769878612945317,45,0.5,0.55000000000000004,True,False,,0,FAR_increase,False,False,PN10,PN10-4.5.6.edf
7,1,1,3,0,4,75,50769,50,27,110,50582,0.14285714285714285,0.14285714285714285,0.21351468901980941,6,1,1,35,35,35,35,35,0.0014827408959708988,45,0.5,0.59999999999999998,True,False,,0,FAR_increase,False,False,PN10,PN10-4.5.6.edf
7,1,1,1,0,2,50,50769,50,27,110,50582,0.14285714285714285,0.14285714285714285,0.071171563006603142,6,1,1,35,35,35,35,35,0.00098849393064726586,40,0.5,0.65000000000000002,True,False,,0,FAR_increase,False,False,PN10,PN10-4.5.6.edf
7,0,0,0,0,0,0,50769,50,27,110,50582,0,0,0,7,0,0,,,,,,0,0,0.5,0.69999999999999996,True,False,,0,no_strict_improvement,False,False,PN10,PN10-4.5.6.edf
7,0,0,0,0,0,0,50769,50,27,110,50582,0,0,0,7,0,0,,,,,,0,0,0.5,0.75,True,False,,0,no_strict_improvement,False,False,PN10,PN10-4.5.6.edf
7,0,0,0,0,0,0,50769,50,27,110,50582,0,0,0,7,0,0,,,,,,0,0,0.5,0.80000000000000004,True,False,,0,no_strict_improvement,False,False,PN10,PN10-4.5.6.edf
7,0,0,0,0,0,0,50769,50,27,110,50582,0,0,0,7,0,0,,,,,,0,0,0.5,0.84999999999999998,True,False,,0,no_strict_improvement,False,False,PN10,PN10-4.5.6.edf
7,0,0,0,0,0,0,50769,50,27,110,50582,0,0,0,7,0,0,,,,,,0,0,0.5,0.90000000000000002,True,False,,0,no_strict_improvement,False,False,PN10,PN10-4.5.6.edf
7,0,0,0,0,0,0,50769,50,27,110,50582,0,0,0,7,0,0,,,,,,0,0,0.5,0.94999999999999996,True,False,,0,no_strict_improvement,False,False,PN10,PN10-4.5.6.edf
7,0,0,0,0,0,0,50769,50,27,110,50582,0,0,0,7,0,0,,,,,,0,0,0.5,1.01,True,False,,0,no_strict_improvement,False,False,PN10,PN10-4.5.6.edf
7,4,6,636,0,640,22860,52462,50,27,5,52380,0.5714285714285714,0.8571428571428571,43.711340206185568,3,4,4,10,9,22.5,6,60,0.43642611683848798,880,0,0.050000000000000003,False,False,,0,FAR_increase,False,False,PN10,PN10-7.8.9.edf
7,4,6,549,2,553,15430,52462,50,27,5,52380,0.5714285714285714,0.8571428571428571,37.731958762886599,3,4,4,10,9,10,6,10,0.29457808323787704,585,0,0.10000000000000001,False,False,,0,FAR_increase,False,False,PN10,PN10-7.8.9.edf
7,5,6,471,1,476,11955,52462,50,27,5,52380,0.7142857142857143,0.8571428571428571,32.371134020618555,2,5,5,10,6,10,2,10,0.22823596792668957,425,0,0.14999999999999999,False,False,,0,FAR_increase,False,False,PN10,PN10-7.8.9.edf
7,5,6,406,1,411,9710,52462,50,27,5,52380,0.7142857142857143,0.8571428571428571,27.903780068728523,2,5,5,10,6,10,2,10,0.18537609774723177,425,0,0.20000000000000001,False,False,,0,FAR_increase,False,False,PN10,PN10-7.8.9.edf
7,6,6,364,3,370,8250,52462,50,27,5,52380,0.8571428571428571,0.8571428571428571,25.017182130584192,1,6,6,9,6.5,10,2,10,0.15750286368843069,420,0,0.25,False,False,,0,FAR_increase,False,False,PN10,PN10-7.8.9.edf
7,6,6,320,2,326,7190,52462,50,27,5,52380,0.8571428571428571,0.8571428571428571,21.993127147766323,1,6,6,10,8.5,10,6,17,0.13726613211149294,420,0,0.29999999999999999,False,False,,0,FAR_increase,False,False,PN10,PN10-7.8.9.edf
7,6,6,275,2,281,6270,52462,50,27,5,52380,0.8571428571428571,0.8571428571428571,18.900343642611684,1,6,6,10,8.5,10,6,17,0.11970217640320734,405,0,0.34999999999999998,False,False,,0,FAR_increase,False,False,PN10,PN10-7.8.9.edf
7,6,6,248,3,254,5570,52462,50,27,5,52380,0.8571428571428571,0.8571428571428571,17.0446735395189,1,6,6,10,8.5,10,6,17,0.10633829705994655,255,0,0.40000000000000002,False,False,,0,FAR_increase,False,False,PN10,PN10-7.8.9.edf
7,6,6,230,4,236,4975,52462,50,27,5,52380,0.8571428571428571,0.8571428571428571,15.807560137457045,1,6,6,10,8.5,13.75,6,17,0.094978999618174881,255,0,0.45000000000000001,False,False,,0,FAR_increase,False,False,PN10,PN10-7.8.9.edf
7,6,6,211,4,217,4500,52462,50,27,5,52380,0.8571428571428571,0.8571428571428571,14.501718213058419,1,6,6,10,8.5,13.75,6,17,0.085910652920962199,185,0,0.5,False,False,,0,FAR_increase,False,False,PN10,PN10-7.8.9.edf
7,6,6,190,4,196,4020,52462,50,27,5,52380,0.8571428571428571,0.8571428571428571,13.058419243986254,1,6,6,10,8.5,13.75,6,17,0.076746849942726236,185,0,0.55000000000000004,False,False,,0,FAR_increase,False,False,PN10,PN10-7.8.9.edf
7,5,5,155,3,160,3440,52462,50,27,5,52380,0.7142857142857143,0.7142857142857143,10.652920962199312,2,5,5,10,10,11,8,15,0.06567392134402443,145,0,0.59999999999999998,False,False,,0,FAR_increase,False,False,PN10,PN10-7.8.9.edf
7,5,5,145,1,150,3055,52462,50,27,5,52380,0.7142857142857143,0.7142857142857143,9.9656357388316152,2,5,5,10,10,11,8,30,0.058323787705231007,145,0,0.65000000000000002,False,False,,0,FAR_increase,False,False,PN10,PN10-7.8.9.edf
7,5,5,126,1,131,2680,52462,50,27,5,52380,0.7142857142857143,0.7142857142857143,8.6597938144329891,2,5,5,10,10,11,8,35,0.051164566628484155,145,0,0.69999999999999996,False,False,,0,FAR_increase,False,False,PN10,PN10-7.8.9.edf
7,4,4,125,1,129,2480,52462,50,27,5,52380,0.5714285714285714,0.5714285714285714,8.5910652920962196,3,4,4,10.5,10,17,10,35,0.047346315387552504,130,0,0.75,False,False,,0,FAR_increase,False,False,PN10,PN10-7.8.9.edf
7,3,3,117,1,120,2150,52462,50,27,5,52380,0.42857142857142855,0.42857142857142855,8.0412371134020617,4,3,3,11,10.5,23,10,35,0.041046200840015271,130,0,0.80000000000000004,False,False,,0,FAR_increase,False,False,PN10,PN10-7.8.9.edf
7,2,2,103,1,105,1625,52462,50,27,5,52380,0.2857142857142857,0.2857142857142857,7.0790378006872849,5,2,2,23,17,29,11,35,0.031023291332569682,50,0,0.84999999999999998,False,False,,0,FAR_increase,False,False,PN10,PN10-7.8.9.edf
7,2,2,69,1,71,935,52462,50,27,5,52380,0.2857142857142857,0.2857142857142857,4.7422680412371134,5,2,2,23,17,29,11,35,0.017850324551355479,35,0,0.90000000000000002,False,False,,0,FAR_increase,False,False,PN10,PN10-7.8.9.edf
7,1,1,15,0,16,165,52462,50,27,5,52380,0.14285714285714285,0.14285714285714285,1.0309278350515463,6,1,1,50,50,50,50,50,0.0031500572737686141,15,0,0.94999999999999996,False,False,,0,FAR_increase,False,False,PN10,PN10-7.8.9.edf
7,0,0,0,0,0,0,52462,50,27,5,52380,0,0,0,7,0,0,,,,,,0,0,0,1.01,True,False,,0,no_strict_improvement,False,False,PN10,PN10-7.8.9.edf
7,2,5,537,0,539,16213,52462,50,27,5,52380,0.2857142857142857,0.7142857142857143,36.907216494845358,5,2,2,10,10,10,10,10,0.30952653684612447,765,0.10000000000000001,0.050000000000000003,False,False,,0,FAR_increase,False,False,PN10,PN10-7.8.9.edf
7,3,5,397,1,400,9100,52462,50,27,5,52380,0.42857142857142855,0.7142857142857143,27.285223367697593,4,3,3,10,8,10,6,10,0.17373043146239023,310,0.10000000000000001,0.10000000000000001,False,False,,0,FAR_increase,False,False,PN10,PN10-7.8.9.edf
7,4,5,304,1,308,6245,52462,50,27,5,52380,0.5714285714285714,0.7142857142857143,20.893470790378007,3,4,4,8,5,10,2,10,0.11922489499809087,260,0.10000000000000001,0.14999999999999999,False,False,,0,FAR_increase,False,False,PN10,PN10-7.8.9.edf
7,5,5,243,1,248,4705,52462,50,27,5,52380,0.7142857142857143,0.7142857142857143,16.701030927835053,2,5,5,8,6,10,2,10,0.089824360442917139,220,0.10000000000000001,0.20000000000000001,False,False,,0,FAR_increase,False,False,PN10,PN10-7.8.9.edf
7,5,5,215,3,220,3845,52462,50,27,5,52380,0.7142857142857143,0.7142857142857143,14.776632302405499,2,5,5,8,6,10,2,10,0.073405880106911028,220,0.10000000000000001,0.25,False,False,,0,FAR_increase,False,False,PN10,PN10-7.8.9.edf
7,5,5,171,2,176,3050,52462,50,27,5,52380,0.7142857142857143,0.7142857142857143,11.75257731958763,2,5,5,10,8,10,6,17,0.058228331424207712,145,0.10000000000000001,0.29999999999999999,False,False,,0,FAR_increase,False,False,PN10,PN10-7.8.9.edf
7,5,5,138,3,143,2375,52462,50,27,5,52380,0.7142857142857143,0.7142857142857143,9.4845360824742269,2,5,5,10,8,10,6,17,0.045341733486063386,125,0.10000000000000001,0.34999999999999998,False,False,,0,FAR_increase,False,False,PN10,PN10-7.8.9.edf
7,5,5,113,4,118,1890,52462,50,27,5,52380,0.7142857142857143,0.7142857142857143,7.7663230240549828,2,5,5,10,8,15,6,17,0.03608247422680412,80,0.10000000000000001,0.40000000000000002,False,False,,0,FAR_increase,False,False,PN10,PN10-7.8.9.edf
7,5,5,98,4,103,1575,52462,50,27,5,52380,0.7142857142857143,0.7142857142857143,6.7353951890034365,2,5,5,10,8,15,6,17,0.03006872852233677,65,0.10000000000000001,0.45000000000000001,False,False,,0,FAR_increase,False,False,PN10,PN10-7.8.9.edf
7,5,5,80,4,85,1260,52462,50,27,5,52380,0.7142857142857143,0.7142857142857143,5.4982817869415808,2,5,5,10,8,15,6,17,0.024054982817869417,65,0.10000000000000001,0.5,False,False,,0,FAR_increase,False,False,PN10,PN10-7.8.9.edf
7,4,4,56,4,60,890,52462,50,27,5,52380,0.5714285714285714,0.5714285714285714,3.8487972508591066,3,4,4,9,7.5,11.25,6,15,0.016991218022145857,40,0.10000000000000001,0.55000000000000004,False,False,,0,FAR_increase,False,False,PN10,PN10-7.8.9.edf
7,4,4,44,1,48,620,52462,50,27,5,52380,0.5714285714285714,0.5714285714285714,3.0240549828178693,3,4,4,10.5,9.5,15.75,8,30,0.011836578846888126,30,0.10000000000000001,0.59999999999999998,False,False,,0,FAR_increase,False,False,PN10,PN10-7.8.9.edf
7,4,4,30,1,34,440,52462,50,27,5,52380,0.5714285714285714,0.5714285714285714,2.0618556701030926,3,4,4,10.5,9.5,17,8,35,0.0084001527300496381,25,0.10000000000000001,0.65000000000000002,False,False,,0,FAR_increase,False,False,PN10,PN10-7.8.9.edf
7,3,3,26,1,29,365,52462,50,27,5,52380,0.42857142857142855,0.42857142857142855,1.7869415807560138,4,3,3,11,10.5,23,10,35,0.0069683085147002671,25,0.10000000000000001,0.69999999999999996,False,False,,0,FAR_increase,False,False,PN10,PN10-7.8.9.edf
7,2,2,24,1,26,315,52462,50,27,5,52380,0.2857142857142857,0.2857142857142857,1.6494845360824741,5,2,2,23,17,29,11,35,0.0060137457044673543,20,0.10000000000000001,0.75,False,False,,0,FAR_increase,False,False,PN10,PN10-7.8.9.edf
7,2,2,17,1,19,225,52462,50,27,5,52380,0.2857142857142857,0.2857142857142857,1.168384879725086,5,2,2,23,17,29,11,35,0.0042955326460481103,15,0.10000000000000001,0.80000000000000004,False,False,,0,FAR_increase,False,False,PN10,PN10-7.8.9.edf
7,2,2,11,1,13,135,52462,50,27,5,52380,0.2857142857142857,0.2857142857142857,0.75601374570446733,5,2,2,23,17,29,11,35,0.0025773195876288659,15,0.10000000000000001,0.84999999999999998,True,False,,0,FAR_increase,False,False,PN10,PN10-7.8.9.edf
7,0,0,0,0,0,0,52462,50,27,5,52380,0,0,0,7,0,0,,,,,,0,0,0.10000000000000001,0.90000000000000002,True,False,,0,no_strict_improvement,False,False,PN10,PN10-7.8.9.edf
7,0,0,0,0,0,0,52462,50,27,5,52380,0,0,0,7,0,0,,,,,,0,0,0.10000000000000001,0.94999999999999996,True,False,,0,no_strict_improvement,False,False,PN10,PN10-7.8.9.edf
7,0,0,0,0,0,0,52462,50,27,5,52380,0,0,0,7,0,0,,,,,,0,0,0.10000000000000001,1.01,True,False,,0,no_strict_improvement,False,False,PN10,PN10-7.8.9.edf
7,2,5,551,0,553,18268,52462,50,27,5,52380,0.2857142857142857,0.7142857142857143,37.869415807560138,5,2,2,5,2.5,7.5,0,10,0.34875906834669723,740,0.25,0.050000000000000003,False,False,,0,FAR_increase,False,False,PN10,PN10-7.8.9.edf
7,2,5,439,0,441,10640,52462,50,27,5,52380,0.2857142857142857,0.7142857142857143,30.171821305841924,5,2,2,10,10,10,10,10,0.20313096601756395,310,0.25,0.10000000000000001,False,False,,0,FAR_increase,False,False,PN10,PN10-7.8.9.edf
7,3,5,325,1,328,7010,52462,50,27,5,52380,0.42857142857142855,0.7142857142857143,22.336769759450171,4,3,3,10,6,10,2,10,0.13382970599465444,220,0.25,0.14999999999999999,False,False,,0,FAR_increase,False,False,PN10,PN10-7.8.9.edf
7,5,5,269,3,274,4760,52462,50,27,5,52380,0.7142857142857143,0.7142857142857143,18.487972508591064,2,5,5,8,6,10,2,10,0.09087437953417335,220,0.25,0.20000000000000001,False,False,,0,FAR_increase,False,False,PN10,PN10-7.8.9.edf
7,5,5,192,3,197,3340,52462,50,27,5,52380,0.7142857142857143,0.7142857142857143,13.195876288659793,2,5,5,8,6,10,2,10,0.063764795723558615,145,0.25,0.25,False,False,,0,FAR_increase,False,False,PN10,PN10-7.8.9.edf
7,5,5,141,2,146,2425,52462,50,27,5,52380,0.7142857142857143,0.7142857142857143,9.6907216494845354,2,5,5,10,8,10,6,17,0.046296296296296294,125,0.25,0.29999999999999999,False,False,,0,FAR_increase,False,False,PN10,PN10-7.8.9.edf
7,5,5,110,3,115,1825,52462,50,27,5,52380,0.7142857142857143,0.7142857142857143,7.5601374570446733,2,5,5,10,8,10,6,17,0.03484154257350134,80,0.25,0.34999999999999998,False,False,,0,FAR_increase,False,False,PN10,PN10-7.8.9.edf
7,5,5,92,4,97,1445,52462,50,27,5,52380,0.7142857142857143,0.7142857142857143,6.3230240549828176,2,5,5,10,8,15,6,17,0.027586865215731195,65,0.25,0.40000000000000002,False,False,,0,FAR_increase,False,False,PN10,PN10-7.8.9.edf
7,4,4,61,4,65,980,52462,50,27,5,52380,0.5714285714285714,0.5714285714285714,4.1924398625429555,3,4,4,9,7.5,11.25,6,15,0.018709431080565102,40,0.25,0.45000000000000001,False,False,,0,FAR_increase,False,False,PN10,PN10-7.8.9.edf
7,4,4,50,3,54,705,52462,50,27,5,52380,0.5714285714285714,0.5714285714285714,3.4364261168384878,3,4,4,9,7.5,11.25,6,15,0.013459335624284079,30,0.25,0.5,False,False,,0,FAR_increase,False,False,PN10,PN10-7.8.9.edf
7,4,4,31,1,35,470,52462,50,27,5,52380,0.5714285714285714,0.5714285714285714,2.1305841924398625,3,4,4,9,7.5,15,6,30,0.0089728904161893858,25,0.25,0.55000000000000004,False,False,,0,FAR_increase,False,False,PN10,PN10-7.8.9.edf
7,3,3,26,1,29,350,52462,50,27,5,52380,0.42857142857142855,0.42857142857142855,1.7869415807560138,4,3,3,11,10.5,23,10,35,0.0066819396716303932,20,0.25,0.59999999999999998,False,False,,0,FAR_increase,False,False,PN10,PN10-7.8.9.edf
7,2,2,22,1,24,285,52462,50,27,5,52380,0.2857142857142857,0.2857142857142857,1.5120274914089347,5,2,2,23,17,29,11,35,0.0054410080183276057,15,0.25,0.65000000000000002,False,False,,0,FAR_increase,False,False,PN10,PN10-7.8.9.edf
7,2,2,14,1,16,170,52462,50,27,5,52380,0.2857142857142857,0.2857142857142857,0.96219931271477666,5,2,2,23,17,29,11,35,0.0032455135547919053,15,0.25,0.69999999999999996,True,False,,0,FAR_increase,False,False,PN10,PN10-7.8.9.edf
7,1,1,2,0,3,30,52462,50,27,5,52380,0.14285714285714285,0.14285714285714285,0.13745704467353953,6,1,1,11,11,11,11,11,0.00057273768613974802,10,0.25,0.75,True,False,,0,FAR_increase,False,False,PN10,PN10-7.8.9.edf
7,1,1,0,0,1,10,52462,50,27,5,52380,0.14285714285714285,0.14285714285714285,0,6,1,1,11,11,11,11,11,0.00019091256204658267,10,0.25,0.80000000000000004,True,True,,0,protected_improvement,True,False,PN10,PN10-7.8.9.edf
7,0,0,0,0,0,0,52462,50,27,5,52380,0,0,0,7,0,0,,,,,,0,0,0.25,0.84999999999999998,True,False,,0,no_strict_improvement,False,False,PN10,PN10-7.8.9.edf
7,0,0,0,0,0,0,52462,50,27,5,52380,0,0,0,7,0,0,,,,,,0,0,0.25,0.90000000000000002,True,False,,0,no_strict_improvement,False,False,PN10,PN10-7.8.9.edf
7,0,0,0,0,0,0,52462,50,27,5,52380,0,0,0,7,0,0,,,,,,0,0,0.25,0.94999999999999996,True,False,,0,no_strict_improvement,False,False,PN10,PN10-7.8.9.edf
7,0,0,0,0,0,0,52462,50,27,5,52380,0,0,0,7,0,0,,,,,,0,0,0.25,1.01,True,False,,0,no_strict_improvement,False,False,PN10,PN10-7.8.9.edf
7,2,5,550,0,552,18851,52462,50,27,5,52380,0.2857142857142857,0.7142857142857143,37.800687285223368,5,2,2,5,2.5,7.5,0,10,0.359889270714013,575,0.5,0.050000000000000003,False,False,,0,FAR_increase,False,False,PN10,PN10-7.8.9.edf
7,2,5,433,0,435,11883,52462,50,27,5,52380,0.2857142857142857,0.7142857142857143,29.759450171821307,5,2,2,5,2.5,7.5,0,10,0.22686139747995418,260,0.5,0.10000000000000001,False,False,,0,FAR_increase,False,False,PN10,PN10-7.8.9.edf
7,4,5,351,1,355,7678,52462,50,27,5,52380,0.5714285714285714,0.7142857142857143,24.123711340206185,3,4,4,10,9.5,11.75,8,17,0.14658266513936616,220,0.5,0.14999999999999999,False,False,,0,FAR_increase,False,False,PN10,PN10-7.8.9.edf
7,4,5,257,3,261,5265,52462,50,27,5,52380,0.5714285714285714,0.7142857142857143,17.663230240549829,3,4,4,9,6.5,10,2,10,0.10051546391752578,130,0.5,0.20000000000000001,False,False,,0,FAR_increase,False,False,PN10,PN10-7.8.9.edf
7,4,5,202,3,206,3685,52462,50,27,5,52380,0.5714285714285714,0.7142857142857143,13.883161512027492,3,4,4,10,9.5,11.75,8,17,0.070351279114165707,130,0.5,0.25,False,False,,0,FAR_increase,False,False,PN10,PN10-7.8.9.edf
7,4,5,140,3,144,2610,52462,50,27,5,52380,0.5714285714285714,0.7142857142857143,9.6219931271477659,3,4,4,12.5,9.5,15.5,8,17,0.049828178694158079,65,0.5,0.29999999999999999,False,False,,0,FAR_increase,False,False,PN10,PN10-7.8.9.edf
7,4,4,96,4,100,1610,52462,50,27,5,52380,0.5714285714285714,0.5714285714285714,6.5979381443298966,3,4,4,9,7.5,11.25,6,15,0.030736922489499809,55,0.5,0.34999999999999998,False,False,,0,FAR_increase,False,False,PN10,PN10-7.8.9.edf
7,3,3,63,2,66,905,52462,50,27,5,52380,0.42857142857142855,0.42857142857142855,4.3298969072164946,4,3,3,10,8,12.5,6,15,0.01727758686521573,35,0.5,0.40000000000000002,False,False,,0,FAR_increase,False,False,PN10,PN10-7.8.9.edf
7,2,2,28,1,30,375,52462,50,27,5,52380,0.2857142857142857,0.2857142857142857,1.9243986254295533,5,2,2,18,12,24,6,30,0.0071592210767468497,20,0.5,0.45000000000000001,False,False,,0,FAR_increase,False,False,PN10,PN10-7.8.9.edf
7,2,2,6,1,8,100,52462,50,27,5,52380,0.2857142857142857,0.2857142857142857,0.41237113402061853,5,2,2,20.5,13.25,27.75,6,35,0.0019091256204658267,20,0.5,0.5,True,False,,0,FAR_increase,False,False,PN10,PN10-7.8.9.edf
7,2,2,2,0,4,45,52462,50,27,5,52380,0.2857142857142857,0.2857142857142857,0.13745704467353953,5,2,2,20.5,13.25,27.75,6,35,0.00085910652920962198,15,0.5,0.55000000000000004,True,False,,0,FAR_increase,False,True,PN10,PN10-7.8.9.edf
7,1,1,1,0,2,25,52462,50,27,5,52380,0.14285714285714285,0.14285714285714285,0.068728522336769765,6,1,1,6,6,6,6,6,0.00047728140511645668,15,0.5,0.59999999999999998,True,False,,0,FAR_increase,False,False,PN10,PN10-7.8.9.edf
7,1,1,0,0,1,10,52462,50,27,5,52380,0.14285714285714285,0.14285714285714285,0,6,1,1,11,11,11,11,11,0.00019091256204658267,10,0.5,0.65000000000000002,True,True,,0,protected_improvement,False,False,PN10,PN10-7.8.9.edf
7,0,0,0,0,0,0,52462,50,27,5,52380,0,0,0,7,0,0,,,,,,0,0,0.5,0.69999999999999996,True,False,,0,no_strict_improvement,False,False,PN10,PN10-7.8.9.edf
7,0,0,0,0,0,0,52462,50,27,5,52380,0,0,0,7,0,0,,,,,,0,0,0.5,0.75,True,False,,0,no_strict_improvement,False,False,PN10,PN10-7.8.9.edf
7,0,0,0,0,0,0,52462,50,27,5,52380,0,0,0,7,0,0,,,,,,0,0,0.5,0.80000000000000004,True,False,,0,no_strict_improvement,False,False,PN10,PN10-7.8.9.edf
7,0,0,0,0,0,0,52462,50,27,5,52380,0,0,0,7,0,0,,,,,,0,0,0.5,0.84999999999999998,True,False,,0,no_strict_improvement,False,False,PN10,PN10-7.8.9.edf
7,0,0,0,0,0,0,52462,50,27,5,52380,0,0,0,7,0,0,,,,,,0,0,0.5,0.90000000000000002,True,False,,0,no_strict_improvement,False,False,PN10,PN10-7.8.9.edf
7,0,0,0,0,0,0,52462,50,27,5,52380,0,0,0,7,0,0,,,,,,0,0,0.5,0.94999999999999996,True,False,,0,no_strict_improvement,False,False,PN10,PN10-7.8.9.edf
7,0,0,0,0,0,0,52462,50,27,5,52380,0,0,0,7,0,0,,,,,,0,0,0.5,1.01,True,False,,0,no_strict_improvement,False,False,PN10,PN10-7.8.9.edf
2,1,2,151,0,152,6304,12183,20,0,0,12163,0.5,1,44.69292115432048,1,1,1,3,3,3,3,3,0.51829318424730741,385,0,0.050000000000000003,False,False,-35,1,sensitivity_loss;FAR_increase;no_strict_improvement,False,False,PN12,PN12-1.2.edf
2,1,2,136,0,137,3689,12183,20,0,0,12163,0.5,1,40.253226999917786,1,1,1,8,8,8,8,8,0.30329688399243609,305,0,0.10000000000000001,False,False,-30,1,sensitivity_loss;FAR_increase;no_strict_improvement,False,False,PN12,PN12-1.2.edf
2,2,2,86,0,88,1784,12183,20,0,0,12163,1,1,25.454246485242127,0,2,2,8,8,8,8,8,0.14667434021211873,245,0,0.14999999999999999,False,False,-22.5,2,FAR_increase;no_strict_improvement,False,False,PN12,PN12-1.2.edf
2,2,2,56,1,58,1130,12183,20,0,0,12163,1,1,16.574858176436734,0,2,2,8,8,8,8,8,0.092904711008797172,135,0,0.20000000000000001,False,False,-22.5,2,FAR_increase;no_strict_improvement,False,False,PN12,PN12-1.2.edf
2,2,2,47,2,49,875,12183,20,0,0,12163,1,1,13.911041683795116,0,2,2,8,8,8,8,8,0.071939488613006655,135,0,0.25,False,False,-22.5,2,FAR_increase;no_strict_improvement,False,False,PN12,PN12-1.2.edf
2,2,2,31,0,33,610,12183,20,0,0,12163,1,1,9.1753679190989068,0,2,2,10.5,9.25,11.75,8,13,0.050152100633067499,125,0,0.29999999999999999,False,False,-20,2,FAR_increase;no_strict_improvement,False,False,PN12,PN12-1.2.edf
2,2,2,21,0,23,460,12183,20,0,0,12163,1,1,6.2155718161637754,0,2,2,10.5,9.25,11.75,8,13,0.037819616870837784,125,0,0.34999999999999998,False,False,-20,2,FAR_increase;no_strict_improvement,False,False,PN12,PN12-1.2.edf
2,2,2,14,0,16,345,12183,20,0,0,12163,1,1,4.1437145441091836,0,2,2,10.5,9.25,11.75,8,13,0.02836471265312834,125,0,0.40000000000000002,False,False,-20,2,FAR_increase;no_strict_improvement,False,False,PN12,PN12-1.2.edf
2,2,2,11,0,13,305,12183,20,0,0,12163,1,1,3.2557757132286445,0,2,2,10.5,9.25,11.75,8,13,0.02507605031653375,125,0,0.45000000000000001,False,False,-20,2,FAR_increase;no_strict_improvement,False,False,PN12,PN12-1.2.edf
2,2,2,7,0,9,220,12183,20,0,0,12163,1,1,2.0718572720545918,0,2,2,10.5,9.25,11.75,8,13,0.018087642851270246,65,0,0.5,False,False,-20,2,FAR_increase;no_strict_improvement,False,False,PN12,PN12-1.2.edf
2,2,2,6,0,8,200,12183,20,0,0,12163,1,1,1.7758776617610788,0,2,2,10.5,9.25,11.75,8,13,0.016443311682972951,60,0,0.55000000000000004,False,False,-20,2,FAR_increase;no_strict_improvement,False,False,PN12,PN12-1.2.edf
2,2,2,5,0,7,180,12183,20,0,0,12163,1,1,1.4798980514675655,0,2,2,10.5,9.25,11.75,8,13,0.014798980514675656,60,0,0.59999999999999998,False,False,-20,2,FAR_increase;no_strict_improvement,False,False,PN12,PN12-1.2.edf
2,2,2,3,1,5,135,12183,20,0,0,12163,1,1,0.88793883088053938,0,2,2,10.5,9.25,11.75,8,13,0.011099235386006741,60,0,0.65000000000000002,True,False,-20,2,FAR_increase;no_strict_improvement,False,False,PN12,PN12-1.2.edf
2,2,2,3,2,5,110,12183,20,0,0,12163,1,1,0.88793883088053938,0,2,2,10.5,9.25,11.75,8,13,0.0090438214256351231,35,0,0.69999999999999996,True,False,-20,2,FAR_increase;no_strict_improvement,False,False,PN12,PN12-1.2.edf
2,2,2,3,2,5,110,12183,20,0,0,12163,1,1,0.88793883088053938,0,2,2,10.5,9.25,11.75,8,13,0.0090438214256351231,35,0,0.75,True,False,-20,2,FAR_increase;no_strict_improvement,False,False,PN12,PN12-1.2.edf
2,2,2,2,2,4,90,12183,20,0,0,12163,1,1,0.59195922058702621,0,2,2,13,13,13,13,13,0.007399490257337828,35,0,0.80000000000000004,True,False,-17.5,2,FAR_increase;no_strict_improvement,False,False,PN12,PN12-1.2.edf
2,2,2,2,2,4,75,12183,20,0,0,12163,1,1,0.59195922058702621,0,2,2,15.5,14.25,16.75,13,18,0.0061662418811148567,30,0,0.84999999999999998,True,False,-15,2,FAR_increase;no_strict_improvement,False,False,PN12,PN12-1.2.edf
2,2,2,1,1,3,50,12183,20,0,0,12163,1,1,0.29597961029351311,0,2,2,30.5,26.75,34.25,23,38,0.0041108279207432378,20,0,0.90000000000000002,True,False,0,2,no_strict_improvement,False,False,PN12,PN12-1.2.edf
2,2,2,1,1,3,35,12183,20,0,0,12163,1,1,0.29597961029351311,0,2,2,30.5,26.75,34.25,23,38,0.0028775795445202665,15,0,0.94999999999999996,True,False,0,2,no_strict_improvement,True,False,PN12,PN12-1.2.edf
2,0,0,0,0,0,0,12183,20,0,0,12163,0,0,0,2,0,0,,,,,,0,0,0,1.01,True,False,,0,sensitivity_loss,False,False,PN12,PN12-1.2.edf
2,1,2,70,0,71,10434,12183,20,0,0,12163,0.5,1,20.718572720545918,1,1,1,3,3,3,3,3,0.85784757050069882,2290,0.10000000000000001,0.050000000000000003,False,False,-35,1,sensitivity_loss;FAR_increase;no_strict_improvement,False,False,PN12,PN12-1.2.edf
2,1,2,133,0,134,6489,12183,20,0,0,12163,0.5,1,39.365288169037242,1,1,1,8,8,8,8,8,0.53350324755405742,530,0.10000000000000001,0.10000000000000001,False,False,-30,1,sensitivity_loss;FAR_increase;no_strict_improvement,False,False,PN12,PN12-1.2.edf
2,2,2,137,0,139,3565,12183,20,0,0,12163,1,1,40.5492066102113,0,2,2,8,8,8,8,8,0.29310203074899283,245,0.10000000000000001,0.14999999999999999,False,False,-22.5,2,FAR_increase;no_strict_improvement,False,False,PN12,PN12-1.2.edf
2,2,2,86,0,88,1600,12183,20,0,0,12163,1,1,25.454246485242127,0,2,2,8,8,8,8,8,0.13154649346378361,135,0.10000000000000001,0.20000000000000001,False,False,-22.5,2,FAR_increase;no_strict_improvement,False,False,PN12,PN12-1.2.edf
2,2,2,50,0,52,910,12183,20,0,0,12163,1,1,14.798980514675655,0,2,2,8,8,8,8,8,0.074817068157526923,135,0.10000000000000001,0.25,False,False,-22.5,2,FAR_increase;no_strict_improvement,False,False,PN12,PN12-1.2.edf
2,2,2,38,0,40,670,12183,20,0,0,12163,1,1,11.247225191153499,0,2,2,10.5,9.25,11.75,8,13,0.055085094137959388,125,0.10000000000000001,0.29999999999999999,False,False,-20,2,FAR_increase;no_strict_improvement,False,False,PN12,PN12-1.2.edf
2,2,2,19,0,21,430,12183,20,0,0,12163,1,1,5.6236125955767493,0,2,2,10.5,9.25,11.75,8,13,0.035353120118391847,125,0.10000000000000001,0.34999999999999998,False,False,-20,2,FAR_increase;no_strict_improvement,False,False,PN12,PN12-1.2.edf
2,2,2,12,0,14,315,12183,20,0,0,12163,1,1,3.5517553235221575,0,2,2,10.5,9.25,11.75,8,13,0.025898215900682399,125,0.10000000000000001,0.40000000000000002,False,False,-20,2,FAR_increase;no_strict_improvement,False,False,PN12,PN12-1.2.edf
2,2,2,10,0,12,280,12183,20,0,0,12163,1,1,2.959796102935131,0,2,2,10.5,9.25,11.75,8,13,0.023020636356162132,125,0.10000000000000001,0.45000000000000001,False,False,-20,2,FAR_increase;no_strict_improvement,False,False,PN12,PN12-1.2.edf
2,2,2,7,0,9,220,12183,20,0,0,12163,1,1,2.0718572720545918,0,2,2,10.5,9.25,11.75,8,13,0.018087642851270246,65,0.10000000000000001,0.5,False,False,-20,2,FAR_increase;no_strict_improvement,False,False,PN12,PN12-1.2.edf
2,2,2,5,0,7,185,12183,20,0,0,12163,1,1,1.4798980514675655,0,2,2,10.5,9.25,11.75,8,13,0.015210063306749979,60,0.10000000000000001,0.55000000000000004,False,False,-20,2,FAR_increase;no_strict_improvement,False,False,PN12,PN12-1.2.edf
2,2,2,3,1,5,140,12183,20,0,0,12163,1,1,0.88793883088053938,0,2,2,10.5,9.25,11.75,8,13,0.011510318178081066,60,0.10000000000000001,0.59999999999999998,True,False,-20,2,FAR_increase;no_strict_improvement,False,False,PN12,PN12-1.2.edf
2,2,2,2,1,4,125,12183,20,0,0,12163,1,1,0.59195922058702621,0,2,2,10.5,9.25,11.75,8,13,0.010277069801858094,60,0.10000000000000001,0.65000000000000002,True,False,-20,2,FAR_increase;no_strict_improvement,False,False,PN12,PN12-1.2.edf
2,2,2,3,2,5,110,12183,20,0,0,12163,1,1,0.88793883088053938,0,2,2,10.5,9.25,11.75,8,13,0.0090438214256351231,35,0.10000000000000001,0.69999999999999996,True,False,-20,2,FAR_increase;no_strict_improvement,False,False,PN12,PN12-1.2.edf
2,2,2,2,2,4,85,12183,20,0,0,12163,1,1,0.59195922058702621,0,2,2,13,13,13,13,13,0.0069884074652635042,35,0.10000000000000001,0.75,True,False,-17.5,2,FAR_increase;no_strict_improvement,False,False,PN12,PN12-1.2.edf
2,2,2,1,1,3,70,12183,20,0,0,12163,1,1,0.29597961029351311,0,2,2,28,23,33,18,38,0.0057551590890405329,35,0.10000000000000001,0.80000000000000004,True,False,-2.5,2,no_strict_improvement,False,False,PN12,PN12-1.2.edf
2,2,2,1,1,3,55,12183,20,0,0,12163,1,1,0.29597961029351311,0,2,2,30.5,26.75,34.25,23,38,0.0045219107128175616,25,0.10000000000000001,0.84999999999999998,True,False,0,2,no_strict_improvement,False,False,PN12,PN12-1.2.edf
2,2,2,0,0,2,30,12183,20,0,0,12163,1,1,0,0,2,2,43,43,43,43,43,0.0024664967524459427,20,0.10000000000000001,0.90000000000000002,True,False,12.5,2,common_event_delay_penalty,False,False,PN12,PN12-1.2.edf
2,1,1,0,0,1,15,12183,20,0,0,12163,0.5,0.5,0,1,1,1,43,43,43,43,43,0.0012332483762229713,15,0.10000000000000001,0.94999999999999996,True,False,20,1,sensitivity_loss;common_event_delay_penalty,False,False,PN12,PN12-1.2.edf
2,0,0,0,0,0,0,12183,20,0,0,12163,0,0,0,2,0,0,,,,,,0,0,0.10000000000000001,1.01,True,False,,0,sensitivity_loss,False,False,PN12,PN12-1.2.edf
2,1,2,35,0,36,11004,12183,20,0,0,12163,0.5,1,10.359286360272959,1,1,1,3,3,3,3,3,0.9047110087971717,2965,0.25,0.050000000000000003,False,False,-35,1,sensitivity_loss;FAR_increase;no_strict_improvement,False,False,PN12,PN12-1.2.edf
2,1,2,65,0,66,10009,12183,20,0,0,12163,0.5,1,19.238674669078353,1,1,1,8,8,8,8,8,0.82290553317438131,2275,0.25,0.10000000000000001,False,False,-30,1,sensitivity_loss;FAR_increase;no_strict_improvement,False,False,PN12,PN12-1.2.edf
2,2,2,85,0,87,8580,12183,20,0,0,12163,1,1,25.158266874948616,0,2,2,8,8,8,8,8,0.70541807119953959,1635,0.25,0.14999999999999999,False,False,-22.5,2,FAR_increase;no_strict_improvement,False,False,PN12,PN12-1.2.edf
2,2,2,105,0,107,6150,12183,20,0,0,12163,1,1,31.077859080818875,0,2,2,8,8,8,8,8,0.50563183425141822,540,0.25,0.20000000000000001,False,False,-22.5,2,FAR_increase;no_strict_improvement,False,False,PN12,PN12-1.2.edf
2,2,2,124,0,126,2975,12183,20,0,0,12163,1,1,36.701471676395627,0,2,2,10.5,9.25,11.75,8,13,0.24459426128422265,180,0.25,0.25,False,False,-20,2,FAR_increase;no_strict_improvement,False,False,PN12,PN12-1.2.edf
2,2,2,65,0,67,1050,12183,20,0,0,12163,1,1,19.238674669078353,0,2,2,10.5,9.25,11.75,8,13,0.086327386335607992,125,0.25,0.29999999999999999,False,False,-20,2,FAR_increase;no_strict_improvement,False,False,PN12,PN12-1.2.edf
2,2,2,30,0,32,560,12183,20,0,0,12163,1,1,8.8793883088053942,0,2,2,10.5,9.25,11.75,8,13,0.046041272712324263,125,0.25,0.34999999999999998,False,False,-20,2,FAR_increase;no_strict_improvement,False,False,PN12,PN12-1.2.edf
2,2,2,14,0,16,340,12183,20,0,0,12163,1,1,4.1437145441091836,0,2,2,10.5,9.25,11.75,8,13,0.027953629861054017,125,0.25,0.40000000000000002,False,False,-20,2,FAR_increase;no_strict_improvement,False,False,PN12,PN12-1.2.edf
2,2,2,10,0,12,270,12183,20,0,0,12163,1,1,2.959796102935131,0,2,2,10.5,9.25,11.75,8,13,0.022198470772013482,75,0.25,0.45000000000000001,False,False,-20,2,FAR_increase;no_strict_improvement,False,False,PN12,PN12-1.2.edf
2,2,2,7,1,9,190,12183,20,0,0,12163,1,1,2.0718572720545918,0,2,2,10.5,9.25,11.75,8,13,0.015621146098824304,60,0.25,0.5,False,False,-20,2,FAR_increase;no_strict_improvement,False,False,PN12,PN12-1.2.edf
2,2,2,4,1,6,150,12183,20,0,0,12163,1,1,1.1839184411740524,0,2,2,10.5,9.25,11.75,8,13,0.012332483762229713,60,0.25,0.55000000000000004,False,False,-20,2,FAR_increase;no_strict_improvement,False,False,PN12,PN12-1.2.edf
2,2,2,3,1,5,125,12183,20,0,0,12163,1,1,0.88793883088053938,0,2,2,13,13,13,13,13,0.010277069801858094,60,0.25,0.59999999999999998,True,False,-17.5,2,FAR_increase;no_strict_improvement,False,False,PN12,PN12-1.2.edf
2,2,2,3,1,5,110,12183,20,0,0,12163,1,1,0.88793883088053938,0,2,2,13,13,13,13,13,0.0090438214256351231,60,0.25,0.65000000000000002,True,False,-17.5,2,FAR_increase;no_strict_improvement,False,False,PN12,PN12-1.2.edf
2,2,2,1,1,3,65,12183,20,0,0,12163,1,1,0.29597961029351311,0,2,2,30.5,26.75,34.25,23,38,0.0053440762969662091,35,0.25,0.69999999999999996,True,False,0,2,no_strict_improvement,False,False,PN12,PN12-1.2.edf
2,2,2,1,1,3,65,12183,20,0,0,12163,1,1,0.29597961029351311,0,2,2,30.5,26.75,34.25,23,38,0.0053440762969662091,35,0.25,0.75,True,False,0,2,no_strict_improvement,False,False,PN12,PN12-1.2.edf
2,2,2,0,0,2,45,12183,20,0,0,12163,1,1,0,0,2,2,40.5,39.25,41.75,38,43,0.003699745128668914,30,0.25,0.80000000000000004,True,False,10,2,common_event_delay_penalty,False,False,PN12,PN12-1.2.edf
2,2,2,0,0,2,40,12183,20,0,0,12163,1,1,0,0,2,2,43,43,43,43,43,0.0032886623365945902,25,0.25,0.84999999999999998,True,False,12.5,2,common_event_delay_penalty,False,False,PN12,PN12-1.2.edf
2,1,1,0,0,1,20,12183,20,0,0,12163,0.5,0.5,0,1,1,1,43,43,43,43,43,0.0016443311682972951,20,0.25,0.90000000000000002,True,False,20,1,sensitivity_loss;common_event_delay_penalty,False,False,PN12,PN12-1.2.edf
2,1,1,0,0,1,10,12183,20,0,0,12163,0.5,0.5,0,1,1,1,43,43,43,43,43,0.00082216558414864756,10,0.25,0.94999999999999996,True,False,20,1,sensitivity_loss;common_event_delay_penalty,False,False,PN12,PN12-1.2.edf
2,0,0,0,0,0,0,12183,20,0,0,12163,0,0,0,2,0,0,,,,,,0,0,0.25,1.01,True,False,,0,sensitivity_loss,False,False,PN12,PN12-1.2.edf
2,1,2,26,0,27,11094,12183,20,0,0,12163,0.5,1,7.6954698676313411,1,1,1,8,8,8,8,8,0.91211049905450958,5410,0.5,0.050000000000000003,False,False,-30,1,sensitivity_loss;FAR_increase;no_strict_improvement,False,False,PN12,PN12-1.2.edf
2,2,2,37,0,39,10660,12183,20,0,0,12163,1,1,10.951245580859986,0,2,2,5.5,4.25,6.75,3,8,0.87642851270245825,2935,0.5,0.10000000000000001,False,False,-25,2,FAR_increase;no_strict_improvement,False,False,PN12,PN12-1.2.edf
2,2,2,50,0,52,10040,12183,20,0,0,12163,1,1,14.798980514675655,0,2,2,8,8,8,8,8,0.82545424648524213,2275,0.5,0.14999999999999999,False,False,-22.5,2,FAR_increase;no_strict_improvement,False,False,PN12,PN12-1.2.edf
2,2,2,57,0,59,9230,12183,20,0,0,12163,1,1,16.870837786730249,0,2,2,10.5,9.25,11.75,8,13,0.75885883416920163,1665,0.5,0.20000000000000001,False,False,-20,2,FAR_increase;no_strict_improvement,False,False,PN12,PN12-1.2.edf
2,2,2,76,0,78,8435,12183,20,0,0,12163,1,1,22.494450382306997,0,2,2,10.5,9.25,11.75,8,13,0.69349667022938422,1435,0.5,0.25,False,False,-20,2,FAR_increase;no_strict_improvement,False,False,PN12,PN12-1.2.edf
2,2,2,69,0,71,7365,12183,20,0,0,12163,1,1,20.422593110252404,0,2,2,10.5,9.25,11.75,8,13,0.6055249527254789,815,0.5,0.29999999999999999,False,False,-20,2,FAR_increase;no_strict_improvement,False,False,PN12,PN12-1.2.edf
2,2,2,75,1,77,5855,12183,20,0,0,12163,1,1,22.198470772013483,0,2,2,10.5,9.25,11.75,8,13,0.48137794951903312,545,0.5,0.34999999999999998,False,False,-20,2,FAR_increase;no_strict_improvement,False,False,PN12,PN12-1.2.edf
2,2,2,92,1,94,4020,12183,20,0,0,12163,1,1,27.230124147003206,0,2,2,13,13,13,13,13,0.33051056482775631,220,0.5,0.40000000000000002,False,False,-17.5,2,FAR_increase;no_strict_improvement,False,False,PN12,PN12-1.2.edf
2,2,2,60,0,62,1165,12183,20,0,0,12163,1,1,17.758776617610788,0,2,2,25.5,19.25,31.75,13,38,0.09578229055331744,80,0.5,0.45000000000000001,False,False,-5,2,FAR_increase;no_strict_improvement,False,False,PN12,PN12-1.2.edf
2,2,2,17,0,19,280,12183,20,0,0,12163,1,1,5.0316533749897232,0,2,2,28,23,33,18,38,0.023020636356162132,55,0.5,0.5,False,False,-2.5,2,FAR_increase;no_strict_improvement,False,False,PN12,PN12-1.2.edf
2,2,2,4,0,6,115,12183,20,0,0,12163,1,1,1.1839184411740524,0,2,2,30.5,26.75,34.25,23,38,0.009454904217709446,50,0.5,0.55000000000000004,False,False,0,2,FAR_increase;no_strict_improvement,False,False,PN12,PN12-1.2.edf
2,2,2,2,0,4,75,12183,20,0,0,12163,1,1,0.59195922058702621,0,2,2,38,35.5,40.5,33,43,0.0061662418811148567,40,0.5,0.59999999999999998,True,False,7.5,2,FAR_increase;no_strict_improvement;common_event_delay_penalty,False,False,PN12,PN12-1.2.edf
2,2,2,1,0,3,65,12183,20,0,0,12163,1,1,0.29597961029351311,0,2,2,38,35.5,40.5,33,43,0.0053440762969662091,40,0.5,0.65000000000000002,True,False,7.5,2,no_strict_improvement;common_event_delay_penalty,False,False,PN12,PN12-1.2.edf
2,2,2,0,0,2,50,12183,20,0,0,12163,1,1,0,0,2,2,40.5,39.25,41.75,38,43,0.0041108279207432378,35,0.5,0.69999999999999996,True,False,10,2,common_event_delay_penalty,False,False,PN12,PN12-1.2.edf
2,2,2,0,0,2,45,12183,20,0,0,12163,1,1,0,0,2,2,40.5,39.25,41.75,38,43,0.003699745128668914,30,0.5,0.75,True,False,10,2,common_event_delay_penalty,False,True,PN12,PN12-1.2.edf
2,1,1,0,0,1,30,12183,20,0,0,12163,0.5,0.5,0,1,1,1,38,38,38,38,38,0.0024664967524459427,30,0.5,0.80000000000000004,True,False,15,1,sensitivity_loss;common_event_delay_penalty,False,False,PN12,PN12-1.2.edf
2,1,1,0,0,1,25,12183,20,0,0,12163,0.5,0.5,0,1,1,1,43,43,43,43,43,0.0020554139603716189,25,0.5,0.84999999999999998,True,False,20,1,sensitivity_loss;common_event_delay_penalty,False,False,PN12,PN12-1.2.edf
2,1,1,0,0,1,20,12183,20,0,0,12163,0.5,0.5,0,1,1,1,43,43,43,43,43,0.0016443311682972951,20,0.5,0.90000000000000002,True,False,20,1,sensitivity_loss;common_event_delay_penalty,False,False,PN12,PN12-1.2.edf
2,0,0,0,0,0,0,12183,20,0,0,12163,0,0,0,2,0,0,,,,,,0,0,0.5,0.94999999999999996,True,False,,0,sensitivity_loss,False,False,PN12,PN12-1.2.edf
2,0,0,0,0,0,0,12183,20,0,0,12163,0,0,0,2,0,0,,,,,,0,0,0.5,1.01,True,False,,0,sensitivity_loss,False,False,PN12,PN12-1.2.edf
3,2,3,243,0,245,5923,19968,20,0,0,19948,0.66666666666666663,1,43.854020453178265,1,2,2,9,8.5,9.5,8,10,0.29692199719270101,430,0,0.050000000000000003,False,False,-40,2,sensitivity_loss;FAR_increase;no_strict_improvement,False,False,PN12,PN12-3.edf
3,2,3,153,0,155,3269,19968,20,0,0,19948,0.66666666666666663,1,27.611790655704834,1,2,2,11.5,9.75,13.25,8,15,0.16387607780228594,245,0,0.10000000000000001,False,False,-37.5,2,sensitivity_loss;FAR_increase;no_strict_improvement,False,False,PN12,PN12-3.edf
3,2,3,108,0,110,2244,19968,20,0,0,19948,0.66666666666666663,1,19.490675756968116,1,2,2,11.5,9.75,13.25,8,15,0.11249248044916783,170,0,0.14999999999999999,False,False,-37.5,2,sensitivity_loss;FAR_increase;no_strict_improvement,False,False,PN12,PN12-3.edf
3,3,3,74,0,77,1474,19968,20,0,0,19948,1,1,13.354722277922599,0,3,3,8,8,11.5,8,15,0.073892119510727897,95,0,0.20000000000000001,False,False,-35,3,FAR_increase;no_strict_improvement,False,False,PN12,PN12-3.edf
3,3,3,57,0,60,1005,19968,20,0,0,19948,1,1,10.28674553839984,0,3,3,8,8,11.5,8,15,0.05038099057549629,85,0,0.25,False,False,-35,3,FAR_increase;no_strict_improvement,False,False,PN12,PN12-3.edf
3,3,3,41,0,44,730,19968,20,0,0,19948,1,1,7.3992380188490072,0,3,3,8,8,11.5,8,15,0.036595147383196309,85,0,0.29999999999999999,False,False,-35,3,FAR_increase;no_strict_improvement,False,False,PN12,PN12-3.edf
3,3,3,26,0,29,515,19968,20,0,0,19948,1,1,4.6921997192701026,0,3,3,8,8,11.5,8,15,0.025817124523761781,70,0,0.34999999999999998,False,False,-35,3,FAR_increase;no_strict_improvement,False,False,PN12,PN12-3.edf
3,3,3,18,0,21,415,19968,20,0,0,19948,1,1,3.2484459594946862,0,3,3,8,8,11.5,8,15,0.020804090635652698,65,0,0.40000000000000002,False,False,-35,3,FAR_increase;no_strict_improvement,False,False,PN12,PN12-3.edf
3,3,3,14,0,17,365,19968,20,0,0,19948,1,1,2.5265690796069782,0,3,3,13,10.5,14,8,15,0.018297573691598155,65,0,0.45000000000000001,False,False,-30,3,FAR_increase;no_strict_improvement,False,False,PN12,PN12-3.edf
3,3,3,10,0,13,290,19968,20,0,0,19948,1,1,1.8046921997192702,0,3,3,13,13,14,13,15,0.014537798275516342,65,0,0.5,False,False,-30,3,FAR_increase;no_strict_improvement,False,False,PN12,PN12-3.edf
3,3,3,8,0,11,270,19968,20,0,0,19948,1,1,1.443753759775416,0,3,3,13,13,14,13,15,0.013535191497894526,65,0,0.55000000000000004,False,False,-30,3,FAR_increase;no_strict_improvement,False,False,PN12,PN12-3.edf
3,3,3,6,0,9,240,19968,20,0,0,19948,1,1,1.082815319831562,0,3,3,18,16.5,18,15,18,0.0120312813314618,65,0,0.59999999999999998,False,False,-25,3,FAR_increase;no_strict_improvement,False,False,PN12,PN12-3.edf
3,3,3,5,0,8,210,19968,20,0,0,19948,1,1,0.9023460998596351,0,3,3,18,18,19,18,20,0.010527371165029076,60,0,0.65000000000000002,True,False,-25,3,FAR_increase;no_strict_improvement,False,False,PN12,PN12-3.edf
3,3,3,4,1,7,185,19968,20,0,0,19948,1,1,0.72187687988770799,0,3,3,18,18,19,18,20,0.0092741126930018045,55,0,0.69999999999999996,True,False,-25,3,FAR_increase;no_strict_improvement,False,False,PN12,PN12-3.edf
3,3,3,4,2,7,165,19968,20,0,0,19948,1,1,0.72187687988770799,0,3,3,18,18,19,18,20,0.0082715059153799873,55,0,0.75,True,False,-25,3,FAR_increase;no_strict_improvement,False,False,PN12,PN12-3.edf
3,3,3,3,1,6,145,19968,20,0,0,19948,1,1,0.54140765991578099,0,3,3,18,18,31.5,18,45,0.0072688991377581709,55,0,0.80000000000000004,True,False,-10,3,FAR_increase;no_strict_improvement,False,False,PN12,PN12-3.edf
3,3,3,0,0,3,80,19968,20,0,0,19948,1,1,0,0,3,3,43,33,49,23,55,0.0040104271104872665,45,0,0.84999999999999998,True,False,0,3,no_strict_improvement,True,False,PN12,PN12-3.edf
3,2,2,0,0,2,50,19968,20,0,0,19948,0.66666666666666663,0.66666666666666663,0,1,2,2,44,38.5,49.5,33,55,0.0025065169440545419,35,0,0.90000000000000002,True,False,5,2,sensitivity_loss;no_strict_improvement,False,False,PN12,PN12-3.edf
3,1,1,0,0,1,25,19968,20,0,0,19948,0.33333333333333331,0.33333333333333331,0,2,1,1,33,33,33,33,33,0.0012532584720272709,25,0,0.94999999999999996,True,False,10,1,sensitivity_loss;no_strict_improvement;common_event_delay_penalty,False,False,PN12,PN12-3.edf
3,0,0,0,0,0,0,19968,20,0,0,19948,0,0,0,3,0,0,,,,,,0,0,0,1.01,True,False,,0,sensitivity_loss;no_strict_improvement,False,False,PN12,PN12-3.edf
3,2,3,202,0,204,5909,19968,20,0,0,19948,0.66666666666666663,1,36.454782434329253,1,2,2,9,8.5,9.5,8,10,0.29622017244836574,430,0.10000000000000001,0.050000000000000003,False,False,-40,2,sensitivity_loss;FAR_increase;no_strict_improvement,False,False,PN12,PN12-3.edf
3,2,3,144,0,146,2950,19968,20,0,0,19948,0.66666666666666663,1,25.987567675957489,1,2,2,11.5,9.75,13.25,8,15,0.14788449969921796,145,0.10000000000000001,0.10000000000000001,False,False,-37.5,2,sensitivity_loss;FAR_increase;no_strict_improvement,False,False,PN12,PN12-3.edf
3,2,3,93,0,95,1830,19968,20,0,0,19948,0.66666666666666663,1,16.783637457389212,1,2,2,11.5,9.75,13.25,8,15,0.091738520152396225,130,0.10000000000000001,0.14999999999999999,False,False,-37.5,2,sensitivity_loss;FAR_increase;no_strict_improvement,False,False,PN12,PN12-3.edf
3,3,3,64,0,67,1155,19968,20,0,0,19948,1,1,11.550030078203328,0,3,3,8,8,11.5,8,15,0.057900541407659913,95,0.10000000000000001,0.20000000000000001,False,False,-35,3,FAR_increase;no_strict_improvement,False,False,PN12,PN12-3.edf
3,3,3,40,0,43,705,19968,20,0,0,19948,1,1,7.2187687988770808,0,3,3,8,8,11.5,8,15,0.035341888911169038,85,0.10000000000000001,0.25,False,False,-35,3,FAR_increase;no_strict_improvement,False,False,PN12,PN12-3.edf
3,3,3,25,0,28,470,19968,20,0,0,19948,1,1,4.5117304992981753,0,3,3,8,8,11.5,8,15,0.023561259274112692,85,0.10000000000000001,0.29999999999999999,False,False,-35,3,FAR_increase;no_strict_improvement,False,False,PN12,PN12-3.edf
3,3,3,16,0,19,350,19968,20,0,0,19948,1,1,2.887507519550832,0,3,3,8,8,11.5,8,15,0.017545618608381792,70,0.10000000000000001,0.34999999999999998,False,False,-35,3,FAR_increase;no_strict_improvement,False,False,PN12,PN12-3.edf
3,3,3,8,0,11,260,19968,20,0,0,19948,1,1,1.443753759775416,0,3,3,13,10.5,14,8,15,0.013033888109083618,65,0.10000000000000001,0.40000000000000002,False,False,-30,3,FAR_increase;no_strict_improvement,False,False,PN12,PN12-3.edf
3,3,3,6,0,9,230,19968,20,0,0,19948,1,1,1.082815319831562,0,3,3,13,13,14,13,15,0.011529977942650892,65,0.10000000000000001,0.45000000000000001,False,False,-30,3,FAR_increase;no_strict_improvement,False,False,PN12,PN12-3.edf
3,3,3,3,0,6,195,19968,20,0,0,19948,1,1,0.54140765991578099,0,3,3,13,13,14,13,15,0.0097754160818127132,65,0.10000000000000001,0.5,True,False,-30,3,FAR_increase;no_strict_improvement,False,False,PN12,PN12-3.edf
3,3,3,2,0,5,165,19968,20,0,0,19948,1,1,0.36093843994385399,0,3,3,18,18,21.5,18,25,0.0082715059153799873,55,0.10000000000000001,0.55000000000000004,True,False,-25,3,FAR_increase;no_strict_improvement,False,False,PN12,PN12-3.edf
3,3,3,1,0,4,155,19968,20,0,0,19948,1,1,0.180469219971927,0,3,3,18,18,21.5,18,25,0.0077702025265690795,55,0.10000000000000001,0.59999999999999998,True,False,-25,3,FAR_increase;no_strict_improvement,False,False,PN12,PN12-3.edf
3,3,3,0,0,3,145,19968,20,0,0,19948,1,1,0,0,3,3,18,18,21.5,18,25,0.0072688991377581709,55,0.10000000000000001,0.65000000000000002,True,False,-25,3,no_strict_improvement,False,False,PN12,PN12-3.edf
3,3,3,2,2,5,135,19968,20,0,0,19948,1,1,0.36093843994385399,0,3,3,18,18,21.5,18,25,0.0067675957489472631,55,0.10000000000000001,0.69999999999999996,True,False,-25,3,FAR_increase;no_strict_improvement,False,False,PN12,PN12-3.edf
3,3,3,1,1,4,120,19968,20,0,0,19948,1,1,0.180469219971927,0,3,3,25,24,29,23,33,0.0060156406657309001,50,0.10000000000000001,0.75,True,False,-10,3,FAR_increase;no_strict_improvement,False,False,PN12,PN12-3.edf
3,3,3,1,1,4,95,19968,20,0,0,19948,1,1,0.180469219971927,0,3,3,40,31.5,41.5,23,43,0.0047623821937036294,50,0.10000000000000001,0.80000000000000004,True,False,0,3,FAR_increase;no_strict_improvement,False,False,PN12,PN12-3.edf
3,2,2,0,0,2,60,19968,20,0,0,19948,0.66666666666666663,0.66666666666666663,0,1,2,2,44,38.5,49.5,33,55,0.0030078203328654501,35,0.10000000000000001,0.84999999999999998,True,False,5,2,sensitivity_loss;no_strict_improvement,False,False,PN12,PN12-3.edf
3,2,2,0,0,2,60,19968,20,0,0,19948,0.66666666666666663,0.66666666666666663,0,1,2,2,44,38.5,49.5,33,55,0.0030078203328654501,35,0.10000000000000001,0.90000000000000002,True,False,5,2,sensitivity_loss;no_strict_improvement,False,False,PN12,PN12-3.edf
3,2,2,0,0,2,45,19968,20,0,0,19948,0.66666666666666663,0.66666666666666663,0,1,2,2,46.5,42.25,50.75,38,55,0.0022558652496490876,25,0.10000000000000001,0.94999999999999996,True,False,7.5,2,sensitivity_loss;no_strict_improvement;common_event_delay_penalty,False,False,PN12,PN12-3.edf
3,1,1,0,0,1,25,19968,20,0,0,19948,0.33333333333333331,0.33333333333333331,0,2,1,1,55,55,55,55,55,0.0012532584720272709,25,0.10000000000000001,1.01,True,False,0,1,sensitivity_loss;no_strict_improvement,False,False,PN12,PN12-3.edf
3,2,3,178,0,180,5914,19968,20,0,0,19948,0.66666666666666663,1,32.123521155003004,1,2,2,11.5,9.75,13.25,8,15,0.29647082414277121,1090,0.25,0.050000000000000003,False,False,-37.5,2,sensitivity_loss;FAR_increase;no_strict_improvement,False,False,PN12,PN12-3.edf
3,2,3,107,0,109,3725,19968,20,0,0,19948,0.66666666666666663,1,19.310206536996191,1,2,2,11.5,9.75,13.25,8,15,0.18673551233206337,440,0.25,0.10000000000000001,False,False,-37.5,2,sensitivity_loss;FAR_increase;no_strict_improvement,False,False,PN12,PN12-3.edf
3,3,3,93,0,96,2640,19968,20,0,0,19948,1,1,16.783637457389212,0,3,3,8,8,11.5,8,15,0.1323440946460798,195,0.25,0.14999999999999999,False,False,-35,3,FAR_increase;no_strict_improvement,False,False,PN12,PN12-3.edf
3,3,3,75,0,78,1520,19968,20,0,0,19948,1,1,13.535191497894525,0,3,3,8,8,11.5,8,15,0.076198115099258071,95,0.25,0.20000000000000001,False,False,-35,3,FAR_increase;no_strict_improvement,False,False,PN12,PN12-3.edf
3,3,3,46,0,49,810,19968,20,0,0,19948,1,1,8.301584118708643,0,3,3,8,8,11.5,8,15,0.040605574493683579,85,0.25,0.25,False,False,-35,3,FAR_increase;no_strict_improvement,False,False,PN12,PN12-3.edf
3,3,3,29,0,32,525,19968,20,0,0,19948,1,1,5.2336073791858837,0,3,3,8,8,11.5,8,15,0.026318427912572689,85,0.25,0.29999999999999999,False,False,-35,3,FAR_increase;no_strict_improvement,False,False,PN12,PN12-3.edf
3,3,3,13,0,16,325,19968,20,0,0,19948,1,1,2.3460998596350513,0,3,3,13,10.5,14,8,15,0.01629236013635452,70,0.25,0.34999999999999998,False,False,-30,3,FAR_increase;no_strict_improvement,False,False,PN12,PN12-3.edf
3,3,3,9,0,12,260,19968,20,0,0,19948,1,1,1.6242229797473431,0,3,3,13,13,14,13,15,0.013033888109083618,65,0.25,0.40000000000000002,False,False,-30,3,FAR_increase;no_strict_improvement,False,False,PN12,PN12-3.edf
3,3,3,4,0,7,195,19968,20,0,0,19948,1,1,0.72187687988770799,0,3,3,18,16.5,18,15,18,0.0097754160818127132,65,0.25,0.45000000000000001,True,False,-25,3,FAR_increase;no_strict_improvement,False,False,PN12,PN12-3.edf
3,3,3,2,0,5,165,19968,20,0,0,19948,1,1,0.36093843994385399,0,3,3,18,18,21.5,18,25,0.0082715059153799873,55,0.25,0.5,True,False,-25,3,FAR_increase;no_strict_improvement,False,False,PN12,PN12-3.edf
3,3,3,0,0,3,145,19968,20,0,0,19948,1,1,0,0,3,3,18,18,21.5,18,25,0.0072688991377581709,55,0.25,0.55000000000000004,True,False,-25,3,no_strict_improvement,False,False,PN12,PN12-3.edf
3,3,3,0,0,3,145,19968,20,0,0,19948,1,1,0,0,3,3,18,18,21.5,18,25,0.0072688991377581709,55,0.25,0.59999999999999998,True,False,-25,3,no_strict_improvement,False,False,PN12,PN12-3.edf
3,3,3,0,0,3,125,19968,20,0,0,19948,1,1,0,0,3,3,25,24,29,23,33,0.0062662923601363545,55,0.25,0.65000000000000002,True,False,-10,3,no_strict_improvement,False,False,PN12,PN12-3.edf
3,3,3,0,0,3,115,19968,20,0,0,19948,1,1,0,0,3,3,33,29,33,25,33,0.0057649889713254458,55,0.25,0.69999999999999996,True,False,-10,3,no_strict_improvement,False,False,PN12,PN12-3.edf
3,3,3,0,0,3,90,19968,20,0,0,19948,1,1,0,0,3,3,40,36.5,41.5,33,43,0.0045117304992981751,40,0.25,0.75,True,False,0,3,no_strict_improvement,False,False,PN12,PN12-3.edf
3,2,2,1,1,3,75,19968,20,0,0,19948,0.66666666666666663,0.66666666666666663,0.180469219971927,1,2,2,36.5,34.75,38.25,33,40,0.0037597754160818126,40,0.25,0.80000000000000004,True,False,-2.5,2,sensitivity_loss;FAR_increase;no_strict_improvement,False,False,PN12,PN12-3.edf
3,2,2,0,0,2,60,19968,20,0,0,19948,0.66666666666666663,0.66666666666666663,0,1,2,2,44,38.5,49.5,33,55,0.0030078203328654501,35,0.25,0.84999999999999998,True,False,5,2,sensitivity_loss;no_strict_improvement,False,False,PN12,PN12-3.edf
3,2,2,0,0,2,60,19968,20,0,0,19948,0.66666666666666663,0.66666666666666663,0,1,2,2,44,38.5,49.5,33,55,0.0030078203328654501,35,0.25,0.90000000000000002,True,False,5,2,sensitivity_loss;no_strict_improvement,False,False,PN12,PN12-3.edf
3,2,2,0,0,2,45,19968,20,0,0,19948,0.66666666666666663,0.66666666666666663,0,1,2,2,46.5,42.25,50.75,38,55,0.0022558652496490876,25,0.25,0.94999999999999996,True,False,7.5,2,sensitivity_loss;no_strict_improvement;common_event_delay_penalty,False,False,PN12,PN12-3.edf
3,1,1,0,0,1,25,19968,20,0,0,19948,0.33333333333333331,0.33333333333333331,0,2,1,1,55,55,55,55,55,0.0012532584720272709,25,0.25,1.01,True,False,0,1,sensitivity_loss;no_strict_improvement,False,False,PN12,PN12-3.edf
3,2,3,145,0,147,5260,19968,20,0,0,19948,0.66666666666666663,1,26.168036895929415,1,2,2,11.5,9.75,13.25,8,15,0.26368558251453778,1090,0.5,0.050000000000000003,False,False,-37.5,2,sensitivity_loss;FAR_increase;no_strict_improvement,False,False,PN12,PN12-3.edf
3,3,3,72,0,75,3615,19968,20,0,0,19948,1,1,12.993783837978745,0,3,3,8,8,11.5,8,15,0.18122117505514337,1090,0.5,0.10000000000000001,False,False,-35,3,FAR_increase;no_strict_improvement,False,False,PN12,PN12-3.edf
3,3,3,54,0,57,2860,19968,20,0,0,19948,1,1,9.7453378784840581,0,3,3,8,8,11.5,8,15,0.14337276919991979,565,0.5,0.14999999999999999,False,False,-35,3,FAR_increase;no_strict_improvement,False,False,PN12,PN12-3.edf
3,3,3,48,0,51,2275,19968,20,0,0,19948,1,1,8.6625225586524959,0,3,3,8,8,11.5,8,15,0.11404652095448166,400,0.5,0.20000000000000001,False,False,-35,3,FAR_increase;no_strict_improvement,False,False,PN12,PN12-3.edf
3,3,3,51,0,54,1880,19968,20,0,0,19948,1,1,9.2039302185682779,0,3,3,13,13,14,13,15,0.094245037096450768,195,0.5,0.25,False,False,-30,3,FAR_increase;no_strict_improvement,False,False,PN12,PN12-3.edf
3,3,3,47,0,50,1460,19968,20,0,0,19948,1,1,8.4820533386805703,0,3,3,15,14,16.5,13,18,0.073190294766392619,195,0.5,0.29999999999999999,False,False,-30,3,FAR_increase;no_strict_improvement,False,False,PN12,PN12-3.edf
3,3,3,41,0,44,870,19968,20,0,0,19948,1,1,7.3992380188490072,0,3,3,18,18,21.5,18,25,0.04361339482654903,55,0.5,0.34999999999999998,False,False,-25,3,FAR_increase;no_strict_improvement,False,False,PN12,PN12-3.edf
3,3,3,28,0,31,580,19968,20,0,0,19948,1,1,5.0531381592139564,0,3,3,18,18,21.5,18,25,0.029075596551032683,55,0.5,0.40000000000000002,False,False,-25,3,FAR_increase;no_strict_improvement,False,False,PN12,PN12-3.edf
3,3,3,14,0,17,350,19968,20,0,0,19948,1,1,2.5265690796069782,0,3,3,25,24,26.5,23,28,0.017545618608381792,55,0.5,0.45000000000000001,False,False,-15,3,FAR_increase;no_strict_improvement,False,False,PN12,PN12-3.edf
3,3,3,5,0,8,185,19968,20,0,0,19948,1,1,0.9023460998596351,0,3,3,33,29,33,25,33,0.0092741126930018045,55,0.5,0.5,True,False,-10,3,FAR_increase;no_strict_improvement,False,False,PN12,PN12-3.edf
3,3,3,3,0,6,145,19968,20,0,0,19948,1,1,0.54140765991578099,0,3,3,33,29,33,25,33,0.0072688991377581709,55,0.5,0.55000000000000004,True,False,-10,3,FAR_increase;no_strict_improvement,False,False,PN12,PN12-3.edf
3,3,3,0,0,3,110,19968,20,0,0,19948,1,1,0,0,3,3,33,29,35.5,25,38,0.0055143372769199924,55,0.5,0.59999999999999998,True,False,-5,3,no_strict_improvement,False,True,PN12,PN12-3.edf
3,2,2,0,0,2,95,19968,20,0,0,19948,0.66666666666666663,0.66666666666666663,0,1,2,2,29,27,31,25,33,0.0047623821937036294,55,0.5,0.65000000000000002,True,False,-10,2,sensitivity_loss;no_strict_improvement,False,False,PN12,PN12-3.edf
3,2,2,0,0,2,95,19968,20,0,0,19948,0.66666666666666663,0.66666666666666663,0,1,2,2,29,27,31,25,33,0.0047623821937036294,55,0.5,0.69999999999999996,True,False,-10,2,sensitivity_loss;no_strict_improvement,False,False,PN12,PN12-3.edf
3,2,2,0,0,2,85,19968,20,0,0,19948,0.66666666666666663,0.66666666666666663,0,1,2,2,34,33.5,34.5,33,35,0.0042610788048927208,45,0.5,0.75,True,False,-5,2,sensitivity_loss;no_strict_improvement,False,False,PN12,PN12-3.edf
3,2,2,1,1,3,75,19968,20,0,0,19948,0.66666666666666663,0.66666666666666663,0.180469219971927,1,2,2,36.5,34.75,38.25,33,40,0.0037597754160818126,40,0.5,0.80000000000000004,True,False,-2.5,2,sensitivity_loss;FAR_increase;no_strict_improvement,False,False,PN12,PN12-3.edf
3,2,2,1,1,3,70,19968,20,0,0,19948,0.66666666666666663,0.66666666666666663,0.180469219971927,1,2,2,36.5,34.75,38.25,33,40,0.0035091237216763587,35,0.5,0.84999999999999998,True,False,-2.5,2,sensitivity_loss;FAR_increase;no_strict_improvement,False,False,PN12,PN12-3.edf
3,2,2,0,0,2,55,19968,20,0,0,19948,0.66666666666666663,0.66666666666666663,0,1,2,2,46.5,42.25,50.75,38,55,0.0027571686384599962,30,0.5,0.90000000000000002,True,False,7.5,2,sensitivity_loss;no_strict_improvement;common_event_delay_penalty,False,False,PN12,PN12-3.edf
3,2,2,0,0,2,50,19968,20,0,0,19948,0.66666666666666663,0.66666666666666663,0,1,2,2,46.5,42.25,50.75,38,55,0.0025065169440545419,25,0.5,0.94999999999999996,True,False,7.5,2,sensitivity_loss;no_strict_improvement;common_event_delay_penalty,False,False,PN12,PN12-3.edf
3,1,1,0,0,1,25,19968,20,0,0,19948,0.33333333333333331,0.33333333333333331,0,2,1,1,55,55,55,55,55,0.0012532584720272709,25,0.5,1.01,True,False,0,1,sensitivity_loss;no_strict_improvement,False,False,PN12,PN12-3.edf
3,1,3,178,0,179,6994,11763,20,0,0,11743,0.33333333333333331,1,54.568679213148258,2,1,1,0,0,0,0,0,0.59558886144937406,490,0,0.050000000000000003,False,False,-20,1,sensitivity_loss;FAR_increase;no_strict_improvement,False,False,PN12,PN12-4.edf
3,2,3,162,0,164,4129,11763,20,0,0,11743,0.66666666666666663,1,49.663629396236054,1,2,2,11.5,9.75,13.25,8,15,0.35161372732691815,189,0,0.10000000000000001,False,False,-20,2,sensitivity_loss;FAR_increase;no_strict_improvement,False,False,PN12,PN12-4.edf
3,3,3,104,0,107,2534,11763,20,0,0,11743,1,1,31.88282380992932,0,3,3,8,5.5,11.5,3,15,0.21578812909818615,189,0,0.14999999999999999,False,False,-10,3,FAR_increase;no_strict_improvement,False,False,PN12,PN12-4.edf
3,3,3,67,0,70,1724,11763,20,0,0,11743,1,1,20.539896108319851,0,3,3,8,5.5,11.5,3,15,0.14681086604785828,189,0,0.20000000000000001,False,False,-10,3,FAR_increase;no_strict_improvement,False,False,PN12,PN12-4.edf
3,3,3,46,1,49,1304,11763,20,0,0,11743,1,1,14.102018223622583,0,3,3,8,8,11.5,8,15,0.11104487779954016,189,0,0.25,False,False,-5,3,FAR_increase;no_strict_improvement,False,False,PN12,PN12-4.edf
3,3,3,40,1,43,1089,11763,20,0,0,11743,1,1,12.262624542280507,0,3,3,13,10.5,14,8,15,0.092736098100996339,189,0,0.29999999999999999,False,False,-5,3,FAR_increase;no_strict_improvement,False,False,PN12,PN12-4.edf
3,3,3,29,1,32,884,11763,20,0,0,11743,1,1,8.8904027931533687,0,3,3,13,10.5,14,8,15,0.075278889551222,170,0,0.34999999999999998,False,False,-5,3,FAR_increase;no_strict_improvement,False,False,PN12,PN12-4.edf
3,3,3,28,0,31,794,11763,20,0,0,11743,1,1,8.5838371795963546,0,3,3,13,10.5,14,8,15,0.067614749212296682,170,0,0.40000000000000002,False,False,-5,3,FAR_increase;no_strict_improvement,False,False,PN12,PN12-4.edf
3,3,3,24,0,27,679,11763,20,0,0,11743,1,1,7.3575747253683046,0,3,3,13,10.5,14,8,15,0.057821681001447668,170,0,0.45000000000000001,False,False,-5,3,FAR_increase;no_strict_improvement,False,False,PN12,PN12-4.edf
3,3,3,17,0,20,569,11763,20,0,0,11743,1,1,5.2116154304692159,0,3,3,13,10.5,14,8,15,0.048454398364983393,170,0,0.5,False,False,-5,3,FAR_increase;no_strict_improvement,False,False,PN12,PN12-4.edf
3,3,3,17,1,20,494,11763,20,0,0,11743,1,1,5.2116154304692159,0,3,3,13,10.5,16.5,8,20,0.0420676147492123,145,0,0.55000000000000004,False,False,-5,3,FAR_increase;no_strict_improvement,False,False,PN12,PN12-4.edf
3,3,3,18,2,21,419,11763,20,0,0,11743,1,1,5.5181810440262282,0,3,3,18,13,19,8,20,0.035680831133441199,65,0,0.59999999999999998,False,False,-5,3,FAR_increase;no_strict_improvement,False,False,PN12,PN12-4.edf
3,3,3,15,2,18,345,11763,20,0,0,11743,1,1,4.5984842033551905,0,3,3,18,13,19,8,20,0.029379204632547049,50,0,0.65000000000000002,False,False,-5,3,FAR_increase;no_strict_improvement,False,False,PN12,PN12-4.edf
3,3,3,10,2,13,255,11763,20,0,0,11743,1,1,3.0656561355701268,0,3,3,18,15.5,19,13,20,0.021715064293621734,45,0,0.69999999999999996,False,False,0,3,FAR_increase;no_strict_improvement,False,False,PN12,PN12-4.edf
3,3,3,8,2,11,200,11763,20,0,0,11743,1,1,2.4525249084561014,0,3,3,18,15.5,19,13,20,0.017031422975389593,45,0,0.75,False,False,0,3,FAR_increase;no_strict_improvement,False,False,PN12,PN12-4.edf
3,3,3,5,2,8,150,11763,20,0,0,11743,1,1,1.5328280677850634,0,3,3,18,15.5,19,13,20,0.012773567231542195,45,0,0.80000000000000004,False,False,0,3,FAR_increase;no_strict_improvement,False,False,PN12,PN12-4.edf
3,3,3,4,2,7,135,11763,20,0,0,11743,1,1,1.2262624542280507,0,3,3,18,15.5,19,13,20,0.011496210508387976,45,0,0.84999999999999998,False,False,0,3,FAR_increase;no_strict_improvement,False,False,PN12,PN12-4.edf
3,3,3,3,2,6,90,11763,20,0,0,11743,1,1,0.91969684067103807,0,3,3,20,16.5,31.5,13,43,0.0076641403389253173,30,0,0.90000000000000002,True,False,0,3,no_strict_improvement,False,False,PN12,PN12-4.edf
3,1,1,1,1,2,35,11763,20,0,0,11743,0.33333333333333331,0.33333333333333331,0.30656561355701267,2,1,1,20,20,20,20,20,0.0029804990206931791,25,0,0.94999999999999996,True,False,0,1,sensitivity_loss,False,False,PN12,PN12-4.edf
3,0,0,0,0,0,0,11763,20,0,0,11743,0,0,0,3,0,0,,,,,,0,0,0,1.01,True,False,,0,sensitivity_loss,False,False,PN12,PN12-4.edf
3,1,3,136,0,137,7035,11763,20,0,0,11743,0.33333333333333331,1,41.692923443753727,2,1,1,0,0,0,0,0,0.59908030315932892,1185,0.10000000000000001,0.050000000000000003,False,False,-20,1,sensitivity_loss;FAR_increase;no_strict_improvement,False,False,PN12,PN12-4.edf
3,1,3,148,0,149,4725,11763,20,0,0,11743,0.33333333333333331,1,45.371710806437875,2,1,1,15,15,15,15,15,0.40236736779357918,455,0.10000000000000001,0.10000000000000001,False,False,-5,1,sensitivity_loss;FAR_increase;no_strict_improvement,False,False,PN12,PN12-4.edf
3,3,3,128,0,131,2560,11763,20,0,0,11743,1,1,39.240398535297622,0,3,3,8,5.5,11.5,3,15,0.2180022140849868,80,0.10000000000000001,0.14999999999999999,False,False,-10,3,FAR_increase;no_strict_improvement,False,False,PN12,PN12-4.edf
3,3,3,68,0,71,1200,11763,20,0,0,11743,1,1,20.846461721876864,0,3,3,8,5.5,11.5,3,15,0.10218853785233756,65,0.10000000000000001,0.20000000000000001,False,False,-10,3,FAR_increase;no_strict_improvement,False,False,PN12,PN12-4.edf
3,3,3,35,0,38,695,11763,20,0,0,11743,1,1,10.729796474495444,0,3,3,8,8,11.5,8,15,0.059184194839478836,65,0.10000000000000001,0.25,False,False,-5,3,FAR_increase;no_strict_improvement,False,False,PN12,PN12-4.edf
3,3,3,25,0,28,505,11763,20,0,0,11743,1,1,7.6641403389253169,0,3,3,8,8,11.5,8,15,0.043004343012858721,55,0.10000000000000001,0.29999999999999999,False,False,-5,3,FAR_increase;no_strict_improvement,False,False,PN12,PN12-4.edf
3,3,3,20,0,23,390,11763,20,0,0,11743,1,1,6.1313122711402537,0,3,3,13,10.5,14,8,15,0.033211274802009708,55,0.10000000000000001,0.34999999999999998,False,False,-5,3,FAR_increase;no_strict_improvement,False,False,PN12,PN12-4.edf
3,3,3,15,0,18,320,11763,20,0,0,11743,1,1,4.5984842033551905,0,3,3,13,10.5,14,8,15,0.027250276760623349,55,0.10000000000000001,0.40000000000000002,False,False,-5,3,FAR_increase;no_strict_improvement,False,False,PN12,PN12-4.edf
3,3,3,11,0,14,265,11763,20,0,0,11743,1,1,3.3722217491271396,0,3,3,13,10.5,14,8,15,0.022566635442391212,55,0.10000000000000001,0.45000000000000001,False,False,-5,3,FAR_increase;no_strict_improvement,False,False,PN12,PN12-4.edf
3,3,3,7,0,10,215,11763,20,0,0,11743,1,1,2.1459592948990887,0,3,3,13,10.5,16.5,8,20,0.018308779698543814,55,0.10000000000000001,0.5,False,False,-5,3,FAR_increase;no_strict_improvement,False,False,PN12,PN12-4.edf
3,3,3,8,1,11,205,11763,20,0,0,11743,1,1,2.4525249084561014,0,3,3,13,10.5,16.5,8,20,0.017457208549774332,50,0.10000000000000001,0.55000000000000004,False,False,-5,3,FAR_increase;no_strict_improvement,False,False,PN12,PN12-4.edf
3,3,3,7,1,10,190,11763,20,0,0,11743,1,1,2.1459592948990887,0,3,3,18,13,19,8,20,0.016179851826620115,50,0.10000000000000001,0.59999999999999998,False,False,-5,3,FAR_increase;no_strict_improvement,False,False,PN12,PN12-4.edf
3,3,3,6,2,9,160,11763,20,0,0,11743,1,1,1.8393936813420761,0,3,3,18,15.5,19,13,20,0.013625138380311675,45,0.10000000000000001,0.65000000000000002,False,False,0,3,FAR_increase;no_strict_improvement,False,False,PN12,PN12-4.edf
3,3,3,5,2,8,145,11763,20,0,0,11743,1,1,1.5328280677850634,0,3,3,18,15.5,19,13,20,0.012347781657157456,45,0.10000000000000001,0.69999999999999996,False,False,0,3,FAR_increase;no_strict_improvement,False,False,PN12,PN12-4.edf
3,3,3,3,2,6,120,11763,20,0,0,11743,1,1,0.91969684067103807,0,3,3,18,15.5,19,13,20,0.010218853785233756,45,0.10000000000000001,0.75,True,False,0,3,no_strict_improvement,False,False,PN12,PN12-4.edf
3,3,3,4,3,7,115,11763,20,0,0,11743,1,1,1.2262624542280507,0,3,3,18,15.5,19,13,20,0.0097930682108490156,30,0.10000000000000001,0.80000000000000004,False,False,0,3,FAR_increase;no_strict_improvement,False,False,PN12,PN12-4.edf
3,3,3,3,2,6,90,11763,20,0,0,11743,1,1,0.91969684067103807,0,3,3,20,19,29,18,38,0.0076641403389253173,30,0.10000000000000001,0.84999999999999998,True,False,0,3,no_strict_improvement,False,False,PN12,PN12-4.edf
3,3,3,2,1,5,80,11763,20,0,0,11743,1,1,0.61313122711402535,0,3,3,38,29,40.5,20,43,0.0068125691901558373,30,0.10000000000000001,0.90000000000000002,True,True,0,3,protected_improvement,False,False,PN12,PN12-4.edf
3,1,1,2,1,3,50,11763,20,0,0,11743,0.33333333333333331,0.33333333333333331,0.61313122711402535,2,1,1,20,20,20,20,20,0.0042578557438473982,30,0.10000000000000001,0.94999999999999996,True,False,0,1,sensitivity_loss,False,False,PN12,PN12-4.edf
3,1,1,2,1,3,35,11763,20,0,0,11743,0.33333333333333331,0.33333333333333331,0.61313122711402535,2,1,1,20,20,20,20,20,0.0029804990206931791,15,0.10000000000000001,1.01,True,False,0,1,sensitivity_loss,False,False,PN12,PN12-4.edf
3,1,3,150,0,151,7820,11763,20,0,0,11743,0.33333333333333331,1,45.984842033551907,2,1,1,0,0,0,0,0,0.66592863833773308,1185,0.25,0.050000000000000003,False,False,-20,1,sensitivity_loss;FAR_increase;no_strict_improvement,False,False,PN12,PN12-4.edf
3,1,3,115,0,116,5590,11763,20,0,0,11743,0.33333333333333331,1,35.255045559056462,2,1,1,15,15,15,15,15,0.47602827216213917,1185,0.25,0.10000000000000001,False,False,-5,1,sensitivity_loss;FAR_increase;no_strict_improvement,False,False,PN12,PN12-4.edf
3,2,3,99,0,101,4110,11763,20,0,0,11743,0.66666666666666663,1,30.349995742144255,1,2,2,9,6,12,3,15,0.34999574214425616,655,0.25,0.14999999999999999,False,False,-7.5,2,sensitivity_loss;FAR_increase;no_strict_improvement,False,False,PN12,PN12-4.edf
3,3,3,80,0,83,2880,11763,20,0,0,11743,1,1,24.525249084561015,0,3,3,8,8,11.5,8,15,0.24525249084561015,285,0.25,0.20000000000000001,False,False,-5,3,FAR_increase;no_strict_improvement,False,False,PN12,PN12-4.edf
3,3,3,71,0,74,1630,11763,20,0,0,11743,1,1,21.766158562547901,0,3,3,8,8,11.5,8,15,0.13880609724942519,85,0.25,0.25,False,False,-5,3,FAR_increase;no_strict_improvement,False,False,PN12,PN12-4.edf
3,3,3,40,0,43,720,11763,20,0,0,11743,1,1,12.262624542280507,0,3,3,8,8,11.5,8,15,0.061313122711402539,55,0.25,0.29999999999999999,False,False,-5,3,FAR_increase;no_strict_improvement,False,False,PN12,PN12-4.edf
3,3,3,24,0,27,415,11763,20,0,0,11743,1,1,7.3575747253683046,0,3,3,13,10.5,14,8,15,0.03534020267393341,55,0.25,0.34999999999999998,False,False,-5,3,FAR_increase;no_strict_improvement,False,False,PN12,PN12-4.edf
3,3,3,15,0,18,305,11763,20,0,0,11743,1,1,4.5984842033551905,0,3,3,13,10.5,16.5,8,20,0.025972920037469132,55,0.25,0.40000000000000002,False,False,-5,3,FAR_increase;no_strict_improvement,False,False,PN12,PN12-4.edf
3,3,3,9,0,12,240,11763,20,0,0,11743,1,1,2.7590905220131141,0,3,3,13,10.5,16.5,8,20,0.020437707570467513,55,0.25,0.45000000000000001,False,False,-5,3,FAR_increase;no_strict_improvement,False,False,PN12,PN12-4.edf
3,3,3,8,0,11,225,11763,20,0,0,11743,1,1,2.4525249084561014,0,3,3,13,10.5,16.5,8,20,0.019160350847313292,55,0.25,0.5,False,False,-5,3,FAR_increase;no_strict_improvement,False,False,PN12,PN12-4.edf
3,3,3,6,0,9,200,11763,20,0,0,11743,1,1,1.8393936813420761,0,3,3,13,13,16.5,13,20,0.017031422975389593,50,0.25,0.55000000000000004,False,False,0,3,FAR_increase;no_strict_improvement,False,False,PN12,PN12-4.edf
3,3,3,4,1,7,160,11763,20,0,0,11743,1,1,1.2262624542280507,0,3,3,18,15.5,19,13,20,0.013625138380311675,50,0.25,0.59999999999999998,False,False,0,3,FAR_increase;no_strict_improvement,False,False,PN12,PN12-4.edf
3,3,3,2,1,5,130,11763,20,0,0,11743,1,1,0.61313122711402535,0,3,3,18,15.5,19,13,20,0.011070424934003236,45,0.25,0.65000000000000002,True,True,0,3,protected_improvement,False,False,PN12,PN12-4.edf
3,3,3,3,2,6,100,11763,20,0,0,11743,1,1,0.91969684067103807,0,3,3,20,19,26.5,18,33,0.0085157114876947965,30,0.25,0.69999999999999996,True,False,0,3,no_strict_improvement,False,False,PN12,PN12-4.edf
3,3,3,3,2,6,100,11763,20,0,0,11743,1,1,0.91969684067103807,0,3,3,20,19,26.5,18,33,0.0085157114876947965,30,0.25,0.75,True,False,0,3,no_strict_improvement,False,False,PN12,PN12-4.edf
3,3,3,3,2,6,95,11763,20,0,0,11743,1,1,0.91969684067103807,0,3,3,20,19,29,18,38,0.0080899259133100573,30,0.25,0.80000000000000004,True,False,0,3,no_strict_improvement,False,False,PN12,PN12-4.edf
3,3,3,2,1,5,80,11763,20,0,0,11743,1,1,0.61313122711402535,0,3,3,38,29,40.5,20,43,0.0068125691901558373,30,0.25,0.84999999999999998,True,True,0,3,protected_improvement,False,False,PN12,PN12-4.edf
3,3,3,2,1,5,80,11763,20,0,0,11743,1,1,0.61313122711402535,0,3,3,38,29,40.5,20,43,0.0068125691901558373,30,0.25,0.90000000000000002,True,True,0,3,protected_improvement,False,False,PN12,PN12-4.edf
3,2,2,2,1,4,60,11763,20,0,0,11743,0.66666666666666663,0.66666666666666663,0.61313122711402535,1,2,2,34,27,41,20,48,0.0051094268926168782,30,0.25,0.94999999999999996,True,False,17.5,2,sensitivity_loss;common_event_delay_penalty,False,False,PN12,PN12-4.edf
3,1,1,2,1,3,35,11763,20,0,0,11743,0.33333333333333331,0.33333333333333331,0.61313122711402535,2,1,1,20,20,20,20,20,0.0029804990206931791,15,0.25,1.01,True,False,0,1,sensitivity_loss,False,False,PN12,PN12-4.edf
3,0,3,135,0,135,8290,11763,20,0,0,11743,0,1,41.386357830196715,3,0,0,,,,,,0.70595248232989871,1185,0.5,0.050000000000000003,False,False,,0,sensitivity_loss;FAR_increase;no_strict_improvement,False,False,PN12,PN12-4.edf
3,2,3,110,0,112,5915,11763,20,0,0,11743,0.66666666666666663,1,33.722217491271394,1,2,2,9,6,12,3,15,0.50370433449714724,1185,0.5,0.10000000000000001,False,False,-7.5,2,sensitivity_loss;FAR_increase;no_strict_improvement,False,False,PN12,PN12-4.edf
3,2,3,86,0,88,4690,11763,20,0,0,11743,0.66666666666666663,1,26.364642765903092,1,2,2,11.5,9.75,13.25,8,15,0.39938686877288598,1185,0.5,0.14999999999999999,False,False,-5,2,sensitivity_loss;FAR_increase;no_strict_improvement,False,False,PN12,PN12-4.edf
3,2,3,65,0,67,3910,11763,20,0,0,11743,0.66666666666666663,1,19.926764881205823,1,2,2,11.5,9.75,13.25,8,15,0.33296431916886654,775,0.5,0.20000000000000001,False,False,-5,2,sensitivity_loss;FAR_increase;no_strict_improvement,False,False,PN12,PN12-4.edf
3,2,3,57,0,59,3360,11763,20,0,0,11743,0.66666666666666663,1,17.474239972749722,1,2,2,11.5,9.75,13.25,8,15,0.28612790598654519,755,0.5,0.25,False,False,-5,2,sensitivity_loss;FAR_increase;no_strict_improvement,False,False,PN12,PN12-4.edf
3,3,3,61,0,64,2920,11763,20,0,0,11743,1,1,18.700502426977774,0,3,3,8,8,14,8,20,0.24865877544068807,500,0.5,0.29999999999999999,False,False,-5,3,FAR_increase;no_strict_improvement,False,False,PN12,PN12-4.edf
3,3,3,56,0,59,2375,11763,20,0,0,11743,1,1,17.167674359192709,0,3,3,13,10.5,16.5,8,20,0.20224814783275141,320,0.5,0.34999999999999998,False,False,0,3,FAR_increase;no_strict_improvement,False,False,PN12,PN12-4.edf
3,3,3,54,0,57,1740,11763,20,0,0,11743,1,1,16.554543132078685,0,3,3,13,13,16.5,13,20,0.14817337988588947,225,0.5,0.40000000000000002,False,False,0,3,FAR_increase;no_strict_improvement,False,False,PN12,PN12-4.edf
3,3,3,38,0,41,745,11763,20,0,0,11743,1,1,11.649493315166483,0,3,3,13,13,16.5,13,20,0.063442050583326234,80,0.5,0.45000000000000001,False,False,0,3,FAR_increase;no_strict_improvement,False,False,PN12,PN12-4.edf
3,3,3,8,0,11,210,11763,20,0,0,11743,1,1,2.4525249084561014,0,3,3,20,16.5,24,13,28,0.017882994124159075,50,0.5,0.5,False,False,0,3,FAR_increase;no_strict_improvement,False,False,PN12,PN12-4.edf
3,3,3,3,0,6,150,11763,20,0,0,11743,1,1,0.91969684067103807,0,3,3,20,16.5,26.5,13,33,0.012773567231542195,50,0.5,0.55000000000000004,True,False,0,3,no_strict_improvement,False,False,PN12,PN12-4.edf
3,3,3,1,0,4,130,11763,20,0,0,11743,1,1,0.30656561355701267,0,3,3,20,16.5,26.5,13,33,0.011070424934003236,50,0.5,0.59999999999999998,True,True,0,3,protected_improvement,False,False,PN12,PN12-4.edf
3,3,3,1,0,4,125,11763,20,0,0,11743,1,1,0.30656561355701267,0,3,3,20,19,26.5,18,33,0.010644639359618496,50,0.5,0.65000000000000002,True,True,0,3,protected_improvement,True,True,PN12,PN12-4.edf
3,3,3,2,1,5,115,11763,20,0,0,11743,1,1,0.61313122711402535,0,3,3,20,19,26.5,18,33,0.0097930682108490156,35,0.5,0.69999999999999996,True,True,0,3,protected_improvement,False,False,PN12,PN12-4.edf
3,3,3,3,2,6,100,11763,20,0,0,11743,1,1,0.91969684067103807,0,3,3,20,19,29,18,38,0.0085157114876947965,30,0.5,0.75,True,False,0,3,no_strict_improvement,False,False,PN12,PN12-4.edf
3,3,3,3,2,6,95,11763,20,0,0,11743,1,1,0.91969684067103807,0,3,3,20,19,29,18,38,0.0080899259133100573,30,0.5,0.80000000000000004,True,False,0,3,no_strict_improvement,False,False,PN12,PN12-4.edf
3,3,3,2,1,5,85,11763,20,0,0,11743,1,1,0.61313122711402535,0,3,3,38,29,38,20,38,0.0072383547645405773,30,0.5,0.84999999999999998,True,True,0,3,protected_improvement,False,False,PN12,PN12-4.edf
3,3,3,2,1,5,80,11763,20,0,0,11743,1,1,0.61313122711402535,0,3,3,38,29,40.5,20,43,0.0068125691901558373,30,0.5,0.90000000000000002,True,True,0,3,protected_improvement,False,False,PN12,PN12-4.edf
3,2,2,2,1,4,55,11763,20,0,0,11743,0.66666666666666663,0.66666666666666663,0.61313122711402535,1,2,2,34,27,41,20,48,0.0046836413182321382,25,0.5,0.94999999999999996,True,False,17.5,2,sensitivity_loss;common_event_delay_penalty,False,False,PN12,PN12-4.edf
3,1,1,2,1,3,35,11763,20,0,0,11743,0.33333333333333331,0.33333333333333331,0.61313122711402535,2,1,1,20,20,20,20,20,0.0029804990206931791,15,0.5,1.01,True,False,0,1,sensitivity_loss,False,False,PN12,PN12-4.edf
3,3,3,648,0,651,25925,65802,30,0,5,65767,1,1,35.470676783189134,0,3,3,12,9,18.5,6,25,0.39419465689479527,1915,0,0.050000000000000003,False,False,-12.5,2,FAR_increase,False,False,PN14,PN14-1.edf
3,3,3,556,0,559,21880,65802,30,0,5,65767,1,1,30.43471649915611,0,3,3,12,11.5,18.5,11,25,0.33268964678334118,1095,0,0.10000000000000001,False,False,-12.5,2,FAR_increase,False,False,PN14,PN14-1.edf
3,3,3,533,0,536,19335,65802,30,0,5,65767,1,1,29.175726428147854,0,3,3,12,11.5,21,11,30,0.29399242781334106,795,0,0.14999999999999999,False,False,-10,2,FAR_increase,False,False,PN14,PN14-1.edf
3,3,3,518,0,521,17615,65802,30,0,5,65767,1,1,28.354645947055513,0,3,3,22,16.5,26,11,30,0.26783949397114054,665,0,0.20000000000000001,False,False,-5,2,FAR_increase,False,False,PN14,PN14-1.edf
3,3,3,456,0,459,14685,65802,30,0,5,65767,1,1,24.960846625207171,0,3,3,22,16.5,26,11,30,0.22328827527483389,400,0,0.25,False,False,-5,2,FAR_increase,False,False,PN14,PN14-1.edf
3,3,3,429,0,432,11030,65802,30,0,5,65767,1,1,23.482901759240956,0,3,3,22,16.5,26,11,30,0.16771329086015782,230,0,0.29999999999999999,False,False,-5,2,FAR_increase,False,False,PN14,PN14-1.edf
3,3,3,382,0,385,6895,65802,30,0,5,65767,1,1,20.910182918484953,0,3,3,22,16.5,26,11,30,0.10483981328021652,130,0,0.34999999999999998,False,False,-5,2,FAR_increase,False,False,PN14,PN14-1.edf
3,3,3,257,0,260,3760,65802,30,0,5,65767,1,1,14.067845576048779,0,3,3,22,16.5,26,11,30,0.057171529794577826,115,0,0.40000000000000002,False,False,-5,2,FAR_increase,False,False,PN14,PN14-1.edf
3,3,3,154,0,157,2065,65802,30,0,5,65767,1,1,8.4297596058813689,0,3,3,22,16.5,26,11,30,0.031398725804734899,60,0,0.45000000000000001,False,False,-5,2,FAR_increase,False,False,PN14,PN14-1.edf
3,3,3,92,0,95,1160,65802,30,0,5,65767,1,1,5.0359602840330258,0,3,3,22,16.5,26,11,30,0.017638025149391032,45,0,0.5,False,False,-5,2,FAR_increase,False,False,PN14,PN14-1.edf
3,2,2,52,0,54,690,65802,30,0,5,65767,0.66666666666666663,0.66666666666666663,2.8464123344534493,1,2,2,28.5,25.25,31.75,22,35,0.010491583925068803,45,0,0.55000000000000004,False,False,-2.5,2,FAR_increase;no_strict_improvement,False,False,PN14,PN14-1.edf
3,2,2,33,0,35,445,65802,30,0,5,65767,0.66666666666666663,0.66666666666666663,1.8063770584031504,1,2,2,28.5,25.25,31.75,22,35,0.0067663113719646627,45,0,0.59999999999999998,False,False,-2.5,2,FAR_increase;no_strict_improvement,False,False,PN14,PN14-1.edf
3,2,2,22,0,24,300,65802,30,0,5,65767,0.66666666666666663,0.66666666666666663,1.2042513722687671,1,2,2,28.5,25.25,31.75,22,35,0.0045615582282907841,45,0,0.65000000000000002,False,False,-2.5,2,FAR_increase;no_strict_improvement,False,False,PN14,PN14-1.edf
3,2,2,14,0,16,220,65802,30,0,5,65767,0.66666666666666663,0.66666666666666663,0.76634178235285177,1,2,2,28.5,25.25,31.75,22,35,0.0033451427007465751,45,0,0.69999999999999996,True,False,-2.5,2,FAR_increase;no_strict_improvement,False,False,PN14,PN14-1.edf
3,2,2,11,0,13,170,65802,30,0,5,65767,0.66666666666666663,0.66666666666666663,0.60212568613438355,1,2,2,28.5,25.25,31.75,22,35,0.0025848829960314445,45,0,0.75,True,False,-2.5,2,FAR_increase;no_strict_improvement,False,False,PN14,PN14-1.edf
3,2,2,7,0,9,130,65802,30,0,5,65767,0.66666666666666663,0.66666666666666663,0.38317089117642589,1,2,2,28.5,25.25,31.75,22,35,0.0019766752322593396,45,0,0.80000000000000004,True,False,-2.5,2,FAR_increase;no_strict_improvement,False,False,PN14,PN14-1.edf
3,2,2,4,0,6,95,65802,30,0,5,65767,0.66666666666666663,0.66666666666666663,0.21895479495795764,1,2,2,28.5,25.25,31.75,22,35,0.0014444934389587483,45,0,0.84999999999999998,True,False,-2.5,2,FAR_increase;no_strict_improvement,False,False,PN14,PN14-1.edf
3,2,2,1,0,3,60,65802,30,0,5,65767,0.66666666666666663,0.66666666666666663,0.05473869873948941,1,2,2,31,29,33,27,35,0.00091231164565815678,40,0,0.90000000000000002,True,False,0,2,no_strict_improvement,True,False,PN14,PN14-1.edf
3,1,1,1,0,2,45,65802,30,0,5,65767,0.33333333333333331,0.33333333333333331,0.05473869873948941,2,1,1,27,27,27,27,27,0.00068423373424361764,35,0,0.94999999999999996,True,False,0,1,sensitivity_loss;no_strict_improvement,False,False,PN14,PN14-1.edf
3,0,0,0,0,0,0,65802,30,0,5,65767,0,0,0,3,0,0,,,,,,0,0,0,1.01,True,False,,0,sensitivity_loss,False,False,PN14,PN14-1.edf
3,3,3,637,0,640,26772,65802,30,0,5,65767,1,1,34.868551097054755,0,3,3,12,9,18.5,6,25,0.40707345629266956,1915,0.10000000000000001,0.050000000000000003,False,False,-12.5,2,FAR_increase,False,False,PN14,PN14-1.edf
3,3,3,557,0,560,21705,65802,30,0,5,65767,1,1,30.489455197895602,0,3,3,12,9,18.5,6,25,0.33002873781683822,1825,0.10000000000000001,0.10000000000000001,False,False,-12.5,2,FAR_increase,False,False,PN14,PN14-1.edf
3,3,3,510,0,513,18975,65802,30,0,5,65767,1,1,27.916736357139598,0,3,3,12,11.5,21,11,30,0.28851855793939207,815,0.10000000000000001,0.14999999999999999,False,False,-10,2,FAR_increase,False,False,PN14,PN14-1.edf
3,3,3,517,0,520,17375,65802,30,0,5,65767,1,1,28.299907248316025,0,3,3,22,16.5,26,11,30,0.26419024738850794,460,0.10000000000000001,0.20000000000000001,False,False,-5,2,FAR_increase,False,False,PN14,PN14-1.edf
3,3,3,426,0,429,13525,65802,30,0,5,65767,1,1,23.318685663022489,0,3,3,22,16.5,26,11,30,0.20565025012544286,400,0.10000000000000001,0.25,False,False,-5,2,FAR_increase,False,False,PN14,PN14-1.edf
3,3,3,416,0,419,9390,65802,30,0,5,65767,1,1,22.771298675627595,0,3,3,22,16.5,26,11,30,0.14277677254550156,230,0.10000000000000001,0.29999999999999999,False,False,-5,2,FAR_increase,False,False,PN14,PN14-1.edf
3,3,3,307,0,310,5365,65802,30,0,5,65767,1,1,16.80478051302325,0,3,3,22,16.5,26,11,30,0.081575866315933526,165,0.10000000000000001,0.34999999999999998,False,False,-5,2,FAR_increase,False,False,PN14,PN14-1.edf
3,3,3,213,0,216,3025,65802,30,0,5,65767,1,1,11.659342831511244,0,3,3,22,16.5,26,11,30,0.045995712135265404,60,0.10000000000000001,0.40000000000000002,False,False,-5,2,FAR_increase,False,False,PN14,PN14-1.edf
3,3,3,116,0,119,1590,65802,30,0,5,65767,1,1,6.3496890537807715,0,3,3,22,16.5,26,11,30,0.024176258609941156,50,0.10000000000000001,0.45000000000000001,False,False,-5,2,FAR_increase,False,False,PN14,PN14-1.edf
3,3,3,61,0,64,835,65802,30,0,5,65767,1,1,3.3390606231088538,0,3,3,22,16.5,28.5,11,35,0.012696337068742682,45,0.10000000000000001,0.5,False,False,-2.5,2,FAR_increase,False,False,PN14,PN14-1.edf
3,2,2,40,0,42,540,65802,30,0,5,65767,0.66666666666666663,0.66666666666666663,2.1895479495795764,1,2,2,28.5,25.25,31.75,22,35,0.0082108048109234121,45,0.10000000000000001,0.55000000000000004,False,False,-2.5,2,FAR_increase;no_strict_improvement,False,False,PN14,PN14-1.edf
3,2,2,28,0,30,390,65802,30,0,5,65767,0.66666666666666663,0.66666666666666663,1.5326835647057035,1,2,2,28.5,25.25,31.75,22,35,0.0059300256967780192,45,0.10000000000000001,0.59999999999999998,False,False,-2.5,2,FAR_increase;no_strict_improvement,False,False,PN14,PN14-1.edf
3,2,2,20,0,22,280,65802,30,0,5,65767,0.66666666666666663,0.66666666666666663,1.0947739747897882,1,2,2,28.5,25.25,31.75,22,35,0.0042574543464047321,45,0.10000000000000001,0.65000000000000002,False,False,-2.5,2,FAR_increase;no_strict_improvement,False,False,PN14,PN14-1.edf
3,2,2,11,0,13,170,65802,30,0,5,65767,0.66666666666666663,0.66666666666666663,0.60212568613438355,1,2,2,28.5,25.25,31.75,22,35,0.0025848829960314445,45,0.10000000000000001,0.69999999999999996,True,False,-2.5,2,FAR_increase;no_strict_improvement,False,False,PN14,PN14-1.edf
3,2,2,6,0,8,120,65802,30,0,5,65767,0.66666666666666663,0.66666666666666663,0.32843219243693644,1,2,2,28.5,25.25,31.75,22,35,0.0018246232913163136,45,0.10000000000000001,0.75,True,False,-2.5,2,FAR_increase;no_strict_improvement,False,False,PN14,PN14-1.edf
3,2,2,2,0,4,75,65802,30,0,5,65767,0.66666666666666663,0.66666666666666663,0.10947739747897882,1,2,2,28.5,25.25,31.75,22,35,0.001140389557072696,45,0.10000000000000001,0.80000000000000004,True,False,-2.5,2,FAR_increase;no_strict_improvement,False,False,PN14,PN14-1.edf
3,1,1,1,0,2,50,65802,30,0,5,65767,0.33333333333333331,0.33333333333333331,0.05473869873948941,2,1,1,27,27,27,27,27,0.00076025970471513065,40,0.10000000000000001,0.84999999999999998,True,False,0,1,sensitivity_loss;no_strict_improvement,False,False,PN14,PN14-1.edf
3,1,1,0,0,1,20,65802,30,0,5,65767,0.33333333333333331,0.33333333333333331,0,2,1,1,47,47,47,47,47,0.00030410388188605226,20,0.10000000000000001,0.90000000000000002,True,False,20,1,sensitivity_loss;common_event_delay_penalty,False,False,PN14,PN14-1.edf
3,1,1,0,0,1,20,65802,30,0,5,65767,0.33333333333333331,0.33333333333333331,0,2,1,1,47,47,47,47,47,0.00030410388188605226,20,0.10000000000000001,0.94999999999999996,True,False,20,1,sensitivity_loss;common_event_delay_penalty,False,False,PN14,PN14-1.edf
3,1,1,0,0,1,20,65802,30,0,5,65767,0.33333333333333331,0.33333333333333331,0,2,1,1,47,47,47,47,47,0.00030410388188605226,20,0.10000000000000001,1.01,True,False,20,1,sensitivity_loss;common_event_delay_penalty,False,False,PN14,PN14-1.edf
3,3,3,637,0,640,27797,65802,30,0,5,65767,1,1,34.868551097054755,0,3,3,12,9,18.5,6,25,0.42265878023932973,2535,0.25,0.050000000000000003,False,False,-12.5,2,FAR_increase,False,False,PN14,PN14-1.edf
3,3,3,558,0,561,22267,65802,30,0,5,65767,1,1,30.54419389663509,0,3,3,12,9,21,6,30,0.33857405689783632,1825,0.25,0.10000000000000001,False,False,-10,2,FAR_increase,False,False,PN14,PN14-1.edf
3,3,3,520,0,523,19470,65802,30,0,5,65767,1,1,28.464123344534492,0,3,3,22,14,26,6,30,0.29604512901607188,815,0.25,0.14999999999999999,False,False,-5,2,FAR_increase,False,False,PN14,PN14-1.edf
3,3,3,452,0,455,15820,65802,30,0,5,65767,1,1,24.741891830249212,0,3,3,22,16.5,26,11,30,0.24054617057186736,685,0.25,0.20000000000000001,False,False,-5,2,FAR_increase,False,False,PN14,PN14-1.edf
3,3,3,409,0,412,11135,65802,30,0,5,65767,1,1,22.388127784451168,0,3,3,22,16.5,26,11,30,0.1693098362400596,425,0.25,0.25,False,False,-5,2,FAR_increase,False,False,PN14,PN14-1.edf
3,3,3,351,0,354,6910,65802,30,0,5,65767,1,1,19.213283257560782,0,3,3,22,16.5,26,11,30,0.10506789119163105,185,0.25,0.29999999999999999,False,False,-5,2,FAR_increase,False,False,PN14,PN14-1.edf
3,3,3,232,0,235,4035,65802,30,0,5,65767,1,1,12.699378107561543,0,3,3,22,16.5,26,11,30,0.061352958170511049,60,0.25,0.34999999999999998,False,False,-5,2,FAR_increase,False,False,PN14,PN14-1.edf
3,3,3,161,0,164,2530,65802,30,0,5,65767,1,1,8.8129304970577955,0,3,3,22,16.5,26,11,30,0.038469141058585614,55,0.25,0.40000000000000002,False,False,-5,2,FAR_increase,False,False,PN14,PN14-1.edf
3,3,3,99,0,102,1475,65802,30,0,5,65767,1,1,5.4191311752094515,0,3,3,22,16.5,28.5,11,35,0.022427661289096356,50,0.25,0.45000000000000001,False,False,-2.5,2,FAR_increase,False,False,PN14,PN14-1.edf
3,2,2,56,0,58,805,65802,30,0,5,65767,0.66666666666666663,0.66666666666666663,3.0653671294114071,1,2,2,28.5,25.25,31.75,22,35,0.012240181245913605,45,0.25,0.5,False,False,-2.5,2,FAR_increase;no_strict_improvement,False,False,PN14,PN14-1.edf
3,2,2,40,0,42,540,65802,30,0,5,65767,0.66666666666666663,0.66666666666666663,2.1895479495795764,1,2,2,28.5,25.25,31.75,22,35,0.0082108048109234121,45,0.25,0.55000000000000004,False,False,-2.5,2,FAR_increase;no_strict_improvement,False,False,PN14,PN14-1.edf
3,2,2,27,0,29,375,65802,30,0,5,65767,0.66666666666666663,0.66666666666666663,1.477944865966214,1,2,2,28.5,25.25,31.75,22,35,0.0057019477853634806,45,0.25,0.59999999999999998,False,False,-2.5,2,FAR_increase;no_strict_improvement,False,False,PN14,PN14-1.edf
3,2,2,11,0,13,190,65802,30,0,5,65767,0.66666666666666663,0.66666666666666663,0.60212568613438355,1,2,2,28.5,25.25,31.75,22,35,0.0028889868779174966,45,0.25,0.65000000000000002,True,False,-2.5,2,FAR_increase;no_strict_improvement,False,False,PN14,PN14-1.edf
3,1,1,6,0,7,105,65802,30,0,5,65767,0.33333333333333331,0.33333333333333331,0.32843219243693644,2,1,1,27,27,27,27,27,0.0015965453799017745,40,0.25,0.69999999999999996,True,False,0,1,sensitivity_loss;FAR_increase;no_strict_improvement,False,False,PN14,PN14-1.edf
3,1,1,2,1,3,40,65802,30,0,5,65767,0.33333333333333331,0.33333333333333331,0.10947739747897882,2,1,1,27,27,27,27,27,0.00060820776377210452,20,0.25,0.75,True,False,0,1,sensitivity_loss;FAR_increase;no_strict_improvement,False,False,PN14,PN14-1.edf
3,1,1,0,0,1,20,65802,30,0,5,65767,0.33333333333333331,0.33333333333333331,0,2,1,1,47,47,47,47,47,0.00030410388188605226,20,0.25,0.80000000000000004,True,False,20,1,sensitivity_loss;common_event_delay_penalty,False,False,PN14,PN14-1.edf
3,1,1,0,0,1,20,65802,30,0,5,65767,0.33333333333333331,0.33333333333333331,0,2,1,1,47,47,47,47,47,0.00030410388188605226,20,0.25,0.84999999999999998,True,False,20,1,sensitivity_loss;common_event_delay_penalty,False,False,PN14,PN14-1.edf
3,1,1,0,0,1,20,65802,30,0,5,65767,0.33333333333333331,0.33333333333333331,0,2,1,1,47,47,47,47,47,0.00030410388188605226,20,0.25,0.90000000000000002,True,False,20,1,sensitivity_loss;common_event_delay_penalty,False,False,PN14,PN14-1.edf
3,1,1,0,0,1,20,65802,30,0,5,65767,0.33333333333333331,0.33333333333333331,0,2,1,1,47,47,47,47,47,0.00030410388188605226,20,0.25,0.94999999999999996,True,False,20,1,sensitivity_loss;common_event_delay_penalty,False,False,PN14,PN14-1.edf
3,1,1,0,0,1,20,65802,30,0,5,65767,0.33333333333333331,0.33333333333333331,0,2,1,1,47,47,47,47,47,0.00030410388188605226,20,0.25,1.01,True,False,20,1,sensitivity_loss;common_event_delay_penalty,False,False,PN14,PN14-1.edf
3,3,3,586,0,589,28242,65802,30,0,5,65767,1,1,32.076877461340793,0,3,3,12,9,18.5,6,25,0.42942509161129444,2010,0.5,0.050000000000000003,False,False,-12.5,2,FAR_increase,False,False,PN14,PN14-1.edf
3,3,3,556,0,559,22272,65802,30,0,5,65767,1,1,30.43471649915611,0,3,3,22,14,26,6,30,0.33865008286830783,1610,0.5,0.10000000000000001,False,False,-5,2,FAR_increase,False,False,PN14,PN14-1.edf
3,3,3,467,0,470,17237,65802,30,0,5,65767,1,1,25.562972311341554,0,3,3,22,14,26,6,30,0.26209193060349417,815,0.5,0.14999999999999999,False,False,-5,2,FAR_increase,False,False,PN14,PN14-1.edf
3,3,3,407,0,410,11477,65802,30,0,5,65767,1,1,22.278650386972188,0,3,3,22,14,26,6,30,0.1745100126203111,315,0.5,0.20000000000000001,False,False,-5,2,FAR_increase,False,False,PN14,PN14-1.edf
3,3,3,351,0,354,7817,65802,30,0,5,65767,1,1,19.213283257560782,0,3,3,22,16.5,26,11,30,0.11885900223516353,150,0.5,0.25,False,False,-5,2,FAR_increase,False,False,PN14,PN14-1.edf
3,3,3,259,0,262,5430,65802,30,0,5,65767,1,1,14.177322973527756,0,3,3,22,16.5,28.5,11,35,0.082564203932063193,85,0.5,0.29999999999999999,False,False,-2.5,2,FAR_increase,False,False,PN14,PN14-1.edf
3,3,3,205,0,208,4180,65802,30,0,5,65767,1,1,11.22143324159533,0,3,3,22,16.5,28.5,11,35,0.063557711314184931,85,0.5,0.34999999999999998,False,False,-2.5,2,FAR_increase,False,False,PN14,PN14-1.edf
3,3,3,173,0,176,3320,65802,30,0,5,65767,1,1,9.4697948819316675,0,3,3,22,16.5,28.5,11,35,0.050481244393084677,80,0.5,0.40000000000000002,False,False,-2.5,2,FAR_increase,False,False,PN14,PN14-1.edf
3,2,2,145,0,147,2630,65802,30,0,5,65767,0.66666666666666663,0.66666666666666663,7.9371113172259644,1,2,2,28.5,25.25,31.75,22,35,0.039989660468015872,80,0.5,0.45000000000000001,False,False,-2.5,2,FAR_increase;no_strict_improvement,False,False,PN14,PN14-1.edf
3,1,1,112,1,113,1785,65802,30,0,5,65767,0.33333333333333331,0.33333333333333331,6.1307342588228142,2,1,1,27,27,27,27,27,0.027141271458330167,60,0.5,0.5,False,False,0,1,sensitivity_loss;FAR_increase;no_strict_improvement,False,False,PN14,PN14-1.edf
3,1,1,65,0,66,920,65802,30,0,5,65767,0.33333333333333331,0.33333333333333331,3.5580154180668115,2,1,1,47,47,47,47,47,0.013988778566758404,50,0.5,0.55000000000000004,False,False,20,1,sensitivity_loss;FAR_increase;no_strict_improvement;common_event_delay_penalty,False,False,PN14,PN14-1.edf
3,1,1,34,0,35,485,65802,30,0,5,65767,0.33333333333333331,0.33333333333333331,1.86111575714264,2,1,1,47,47,47,47,47,0.0073745191357367677,35,0.5,0.59999999999999998,False,False,20,1,sensitivity_loss;FAR_increase;no_strict_improvement;common_event_delay_penalty,False,False,PN14,PN14-1.edf
3,1,1,19,0,20,285,65802,30,0,5,65767,0.33333333333333331,0.33333333333333331,1.0400352760502989,2,1,1,47,47,47,47,47,0.0043334803168762447,30,0.5,0.65000000000000002,False,False,20,1,sensitivity_loss;FAR_increase;no_strict_improvement;common_event_delay_penalty,False,False,PN14,PN14-1.edf
3,1,1,12,0,13,180,65802,30,0,5,65767,0.33333333333333331,0.33333333333333331,0.65686438487387289,2,1,1,47,47,47,47,47,0.0027369349369744706,20,0.5,0.69999999999999996,True,False,20,1,sensitivity_loss;FAR_increase;no_strict_improvement;common_event_delay_penalty,False,False,PN14,PN14-1.edf
3,1,1,6,0,7,85,65802,30,0,5,65767,0.33333333333333331,0.33333333333333331,0.32843219243693644,2,1,1,47,47,47,47,47,0.0012924414980157223,20,0.5,0.75,True,False,20,1,sensitivity_loss;FAR_increase;no_strict_improvement;common_event_delay_penalty,False,False,PN14,PN14-1.edf
3,1,1,1,0,2,30,65802,30,0,5,65767,0.33333333333333331,0.33333333333333331,0.05473869873948941,2,1,1,47,47,47,47,47,0.00045615582282907839,20,0.5,0.80000000000000004,True,False,20,1,sensitivity_loss;no_strict_improvement;common_event_delay_penalty,False,False,PN14,PN14-1.edf
3,1,1,0,0,1,20,65802,30,0,5,65767,0.33333333333333331,0.33333333333333331,0,2,1,1,47,47,47,47,47,0.00030410388188605226,20,0.5,0.84999999999999998,True,False,20,1,sensitivity_loss;common_event_delay_penalty,False,False,PN14,PN14-1.edf
3,1,1,0,0,1,20,65802,30,0,5,65767,0.33333333333333331,0.33333333333333331,0,2,1,1,47,47,47,47,47,0.00030410388188605226,20,0.5,0.90000000000000002,True,False,20,1,sensitivity_loss;common_event_delay_penalty,False,False,PN14,PN14-1.edf
3,1,1,0,0,1,20,65802,30,0,5,65767,0.33333333333333331,0.33333333333333331,0,2,1,1,47,47,47,47,47,0.00030410388188605226,20,0.5,0.94999999999999996,True,False,20,1,sensitivity_loss;common_event_delay_penalty,False,False,PN14,PN14-1.edf
3,1,1,0,0,1,20,65802,30,0,5,65767,0.33333333333333331,0.33333333333333331,0,2,1,1,47,47,47,47,47,0.00030410388188605226,20,0.5,1.01,True,False,20,1,sensitivity_loss;common_event_delay_penalty,False,True,PN14,PN14-1.edf
3,3,3,628,1,631,10605,64505,30,0,5,64470,1,1,35.067473243369008,0,3,3,8,7.5,16.5,7,25,0.16449511400651465,100,0,0.050000000000000003,False,False,-15,2,FAR_increase,False,False,PN14,PN14-2.edf
3,3,3,443,1,446,6835,64505,30,0,5,64470,1,1,24.737087017217309,0,3,3,10,9,16,8,22,0.106018303086707,90,0,0.10000000000000001,False,False,-15,2,FAR_increase,False,False,PN14,PN14-2.edf
3,3,3,285,1,288,4360,64505,30,0,5,64470,1,1,15.914378780828292,0,3,3,13,11.5,17.5,10,22,0.067628354273305408,80,0,0.14999999999999999,False,False,-15,2,FAR_increase,False,False,PN14,PN14-2.edf
3,3,3,190,1,193,3005,64505,30,0,5,64470,1,1,10.609585853885529,0,3,3,13,11.5,17.5,10,22,0.046610826741119903,80,0,0.20000000000000001,False,False,-15,2,FAR_increase,False,False,PN14,PN14-2.edf
3,3,3,143,0,146,2340,64505,30,0,5,64470,1,1,7.9851093531875295,0,3,3,22,17.5,26,13,30,0.036295951605397857,80,0,0.25,False,False,-5,2,FAR_increase,False,False,PN14,PN14-2.edf
3,3,3,125,0,128,1900,64505,30,0,5,64470,1,1,6.9799906933457425,0,3,3,22,17.5,26,13,30,0.029471071816348688,65,0,0.29999999999999999,False,False,-5,2,FAR_increase,False,False,PN14,PN14-2.edf
3,2,2,100,0,102,1465,64505,30,0,5,64470,0.66666666666666663,0.66666666666666663,5.5839925546765938,1,2,2,26,24,28,22,30,0.022723747479447807,65,0,0.34999999999999998,False,False,-5,2,FAR_increase;no_strict_improvement,False,False,PN14,PN14-2.edf
3,2,2,84,0,86,1230,64505,30,0,5,64470,0.66666666666666663,0.66666666666666663,4.6905537459283391,1,2,2,26,24,28,22,30,0.019078641228478362,65,0,0.40000000000000002,False,False,-5,2,FAR_increase;no_strict_improvement,False,False,PN14,PN14-2.edf
3,2,2,56,0,58,880,64505,30,0,5,64470,0.66666666666666663,0.66666666666666663,3.1270358306188926,1,2,2,26,24,28,22,30,0.013649759578098341,65,0,0.45000000000000001,False,False,-5,2,FAR_increase;no_strict_improvement,False,False,PN14,PN14-2.edf
3,2,2,43,0,45,660,64505,30,0,5,64470,0.66666666666666663,0.66666666666666663,2.4011167985109352,1,2,2,26,24,28,22,30,0.010237319683573755,45,0,0.5,False,False,-5,2,FAR_increase;no_strict_improvement,False,False,PN14,PN14-2.edf
3,2,2,34,0,36,515,64505,30,0,5,64470,0.66666666666666663,0.66666666666666663,1.8985574685900419,1,2,2,28.5,27.75,29.25,27,30,0.0079882115712734611,40,0,0.55000000000000004,False,False,-2.5,2,FAR_increase;no_strict_improvement,False,False,PN14,PN14-2.edf
3,2,2,29,0,31,430,64505,30,0,5,64470,0.66666666666666663,0.66666666666666663,1.6193578408562121,1,2,2,28.5,27.75,29.25,27,30,0.006669768884752598,40,0,0.59999999999999998,False,False,-2.5,2,FAR_increase;no_strict_improvement,False,False,PN14,PN14-2.edf
3,2,2,16,0,18,270,64505,30,0,5,64470,0.66666666666666663,0.66666666666666663,0.89343880874825499,1,2,2,28.5,27.75,29.25,27,30,0.0041879944160074451,40,0,0.65000000000000002,True,False,-2.5,2,FAR_increase;no_strict_improvement,False,False,PN14,PN14-2.edf
3,2,2,13,0,15,240,64505,30,0,5,64470,0.66666666666666663,0.66666666666666663,0.72591903210795716,1,2,2,28.5,27.75,29.25,27,30,0.0037226617031177293,40,0,0.69999999999999996,True,False,-2.5,2,FAR_increase;no_strict_improvement,False,False,PN14,PN14-2.edf
3,2,2,11,0,13,210,64505,30,0,5,64470,0.66666666666666663,0.66666666666666663,0.61423918101442532,1,2,2,28.5,27.75,29.25,27,30,0.0032573289902280132,40,0,0.75,True,False,-2.5,2,FAR_increase;no_strict_improvement,False,False,PN14,PN14-2.edf
3,2,2,10,0,12,195,64505,30,0,5,64470,0.66666666666666663,0.66666666666666663,0.55839925546765934,1,2,2,31,29,33,27,35,0.0030246626337831549,40,0,0.80000000000000004,True,False,0,2,FAR_increase;no_strict_improvement,False,False,PN14,PN14-2.edf
3,2,2,8,0,10,160,64505,30,0,5,64470,0.66666666666666663,0.66666666666666663,0.44671940437412749,1,2,2,31,29,33,27,35,0.0024817744687451529,40,0,0.84999999999999998,True,False,0,2,FAR_increase;no_strict_improvement,False,False,PN14,PN14-2.edf
3,2,2,8,0,10,155,64505,30,0,5,64470,0.66666666666666663,0.66666666666666663,0.44671940437412749,1,2,2,31,29,33,27,35,0.0024042190165968667,40,0,0.90000000000000002,True,False,0,2,FAR_increase;no_strict_improvement,False,False,PN14,PN14-2.edf
3,2,2,2,0,4,55,64505,30,0,5,64470,0.66666666666666663,0.66666666666666663,0.11167985109353187,1,2,2,31,29,33,27,35,0.00085310997363114631,25,0,0.94999999999999996,True,False,0,2,no_strict_improvement,True,False,PN14,PN14-2.edf
3,0,0,0,0,0,0,64505,30,0,5,64470,0,0,0,3,0,0,,,,,,0,0,0,1.01,True,False,,0,sensitivity_loss,False,False,PN14,PN14-2.edf
3,3,3,633,1,636,14847,64505,30,0,5,64470,1,1,35.34667287110284,0,3,3,8,7.5,16.5,7,25,0.23029315960912053,265,0.10000000000000001,0.050000000000000003,False,False,-15,2,FAR_increase,False,False,PN14,PN14-2.edf
3,3,3,448,1,451,7070,64505,30,0,5,64470,1,1,25.016286644951141,0,3,3,10,9,16,8,22,0.10966340933767643,80,0.10000000000000001,0.10000000000000001,False,False,-15,2,FAR_increase,False,False,PN14,PN14-2.edf
3,3,3,295,1,298,4425,64505,30,0,5,64470,1,1,16.472778036295953,0,3,3,13,11.5,17.5,10,22,0.068636575151233128,80,0.10000000000000001,0.14999999999999999,False,False,-15,2,FAR_increase,False,False,PN14,PN14-2.edf
3,3,3,193,0,196,2990,64505,30,0,5,64470,1,1,10.777105630525826,0,3,3,22,17.5,26,13,30,0.046378160384675043,80,0.10000000000000001,0.20000000000000001,False,False,-5,2,FAR_increase,False,False,PN14,PN14-2.edf
3,3,3,140,0,143,2200,64505,30,0,5,64470,1,1,7.8175895765472312,0,3,3,22,17.5,26,13,30,0.034124398945245854,80,0.10000000000000001,0.25,False,False,-5,2,FAR_increase,False,False,PN14,PN14-2.edf
3,3,3,115,0,118,1715,64505,30,0,5,64470,1,1,6.4215914378780825,0,3,3,22,17.5,26,13,30,0.026601520086862108,65,0.10000000000000001,0.29999999999999999,False,False,-5,2,FAR_increase,False,False,PN14,PN14-2.edf
3,2,2,92,0,94,1385,64505,30,0,5,64470,0.66666666666666663,0.66666666666666663,5.137273150302466,1,2,2,26,24,28,22,30,0.02148286024507523,65,0.10000000000000001,0.34999999999999998,False,False,-5,2,FAR_increase;no_strict_improvement,False,False,PN14,PN14-2.edf
3,2,2,68,0,70,1050,64505,30,0,5,64470,0.66666666666666663,0.66666666666666663,3.7971149371800839,1,2,2,26,24,28,22,30,0.016286644951140065,65,0.10000000000000001,0.40000000000000002,False,False,-5,2,FAR_increase;no_strict_improvement,False,False,PN14,PN14-2.edf
3,2,2,53,0,55,805,64505,30,0,5,64470,0.66666666666666663,0.66666666666666663,2.9595160539785947,1,2,2,26,24,28,22,30,0.01248642779587405,40,0.10000000000000001,0.45000000000000001,False,False,-5,2,FAR_increase;no_strict_improvement,False,False,PN14,PN14-2.edf
3,2,2,40,0,42,615,64505,30,0,5,64470,0.66666666666666663,0.66666666666666663,2.2335970218706374,1,2,2,28.5,27.75,29.25,27,30,0.0095393206142391808,40,0.10000000000000001,0.5,False,False,-2.5,2,FAR_increase;no_strict_improvement,False,False,PN14,PN14-2.edf
3,2,2,29,0,31,455,64505,30,0,5,64470,0.66666666666666663,0.66666666666666663,1.6193578408562121,1,2,2,28.5,27.75,29.25,27,30,0.0070575461454940279,35,0.10000000000000001,0.55000000000000004,False,False,-2.5,2,FAR_increase;no_strict_improvement,False,False,PN14,PN14-2.edf
3,2,2,21,0,23,325,64505,30,0,5,64470,0.66666666666666663,0.66666666666666663,1.1726384364820848,1,2,2,28.5,27.75,29.25,27,30,0.0050411043896385916,35,0.10000000000000001,0.59999999999999998,False,False,-2.5,2,FAR_increase;no_strict_improvement,False,False,PN14,PN14-2.edf
3,2,2,16,0,18,265,64505,30,0,5,64470,0.66666666666666663,0.66666666666666663,0.89343880874825499,1,2,2,28.5,27.75,29.25,27,30,0.0041104389638591593,35,0.10000000000000001,0.65000000000000002,True,False,-2.5,2,FAR_increase;no_strict_improvement,False,False,PN14,PN14-2.edf
3,2,2,10,0,12,190,64505,30,0,5,64470,0.66666666666666663,0.66666666666666663,0.55839925546765934,1,2,2,31,29,33,27,35,0.0029471071816348691,35,0.10000000000000001,0.69999999999999996,True,False,0,2,FAR_increase;no_strict_improvement,False,False,PN14,PN14-2.edf
3,2,2,9,0,11,165,64505,30,0,5,64470,0.66666666666666663,0.66666666666666663,0.50255932992089347,1,2,2,31,29,33,27,35,0.0025593299208934387,35,0.10000000000000001,0.75,True,False,0,2,FAR_increase;no_strict_improvement,False,False,PN14,PN14-2.edf
3,2,2,9,0,11,165,64505,30,0,5,64470,0.66666666666666663,0.66666666666666663,0.50255932992089347,1,2,2,31,29,33,27,35,0.0025593299208934387,35,0.10000000000000001,0.80000000000000004,True,False,0,2,FAR_increase;no_strict_improvement,False,False,PN14,PN14-2.edf
3,2,2,3,0,5,65,64505,30,0,5,64470,0.66666666666666663,0.66666666666666663,0.16751977664029782,1,2,2,31,29,33,27,35,0.0010082208779277184,25,0.10000000000000001,0.84999999999999998,True,False,0,2,FAR_increase;no_strict_improvement,False,False,PN14,PN14-2.edf
3,0,0,0,0,0,0,64505,30,0,5,64470,0,0,0,3,0,0,,,,,,0,0,0.10000000000000001,0.90000000000000002,True,False,,0,sensitivity_loss,False,False,PN14,PN14-2.edf
3,0,0,0,0,0,0,64505,30,0,5,64470,0,0,0,3,0,0,,,,,,0,0,0.10000000000000001,0.94999999999999996,True,False,,0,sensitivity_loss,False,False,PN14,PN14-2.edf
3,0,0,0,0,0,0,64505,30,0,5,64470,0,0,0,3,0,0,,,,,,0,0,0.10000000000000001,1.01,True,False,,0,sensitivity_loss,False,False,PN14,PN14-2.edf
3,3,3,565,2,568,17817,64505,30,0,5,64470,1,1,31.549557933922756,0,3,3,8,7.5,9,7,10,0.27636109818520244,715,0.25,0.050000000000000003,False,False,-22.5,2,FAR_increase,False,False,PN14,PN14-2.edf
3,3,3,425,1,428,12357,64505,30,0,5,64470,1,1,23.731968357375525,0,3,3,10,9,16,8,22,0.19167054443927409,275,0.25,0.10000000000000001,False,False,-15,2,FAR_increase,False,False,PN14,PN14-2.edf
3,3,3,352,1,355,6365,64505,30,0,5,64470,1,1,19.65565379246161,0,3,3,13,11.5,17.5,10,22,0.098728090584768113,100,0.25,0.14999999999999999,False,False,-15,2,FAR_increase,False,False,PN14,PN14-2.edf
3,3,3,228,0,231,3660,64505,30,0,5,64470,1,1,12.731503024662635,0,3,3,22,17.5,26,13,30,0.056770590972545373,80,0.25,0.20000000000000001,False,False,-5,2,FAR_increase,False,False,PN14,PN14-2.edf
3,3,3,158,0,161,2415,64505,30,0,5,64470,1,1,8.822708236389019,0,3,3,22,17.5,26,13,30,0.037459283387622153,80,0.25,0.25,False,False,-5,2,FAR_increase,False,False,PN14,PN14-2.edf
3,2,2,107,0,109,1625,64505,30,0,5,64470,0.66666666666666663,0.66666666666666663,5.9748720335039556,1,2,2,26,24,28,22,30,0.025205521948192956,65,0.25,0.29999999999999999,False,False,-5,2,FAR_increase;no_strict_improvement,False,False,PN14,PN14-2.edf
3,2,2,79,0,81,1230,64505,30,0,5,64470,0.66666666666666663,0.66666666666666663,4.4113541181945095,1,2,2,26,24,28,22,30,0.019078641228478362,65,0.25,0.34999999999999998,False,False,-5,2,FAR_increase;no_strict_improvement,False,False,PN14,PN14-2.edf
3,2,2,61,0,63,940,64505,30,0,5,64470,0.66666666666666663,0.66666666666666663,3.4062354583527221,1,2,2,26,24,28,22,30,0.014580425003877772,40,0.25,0.40000000000000002,False,False,-5,2,FAR_increase;no_strict_improvement,False,False,PN14,PN14-2.edf
3,2,2,45,0,47,740,64505,30,0,5,64470,0.66666666666666663,0.66666666666666663,2.5127966496044674,1,2,2,28.5,27.75,29.25,27,30,0.011478206917946331,40,0.25,0.45000000000000001,False,False,-2.5,2,FAR_increase;no_strict_improvement,False,False,PN14,PN14-2.edf
3,2,2,33,0,35,530,64505,30,0,5,64470,0.66666666666666663,0.66666666666666663,1.8427175430432758,1,2,2,28.5,27.75,29.25,27,30,0.0082208779277183185,40,0.25,0.5,False,False,-2.5,2,FAR_increase;no_strict_improvement,False,False,PN14,PN14-2.edf
3,2,2,24,0,26,400,64505,30,0,5,64470,0.66666666666666663,0.66666666666666663,1.3401582131223826,1,2,2,28.5,27.75,29.25,27,30,0.0062044361718628822,35,0.25,0.55000000000000004,False,False,-2.5,2,FAR_increase;no_strict_improvement,False,False,PN14,PN14-2.edf
3,2,2,18,0,20,290,64505,30,0,5,64470,0.66666666666666663,0.66666666666666663,1.0051186598417869,1,2,2,31,29,33,27,35,0.0044982162246005892,35,0.25,0.59999999999999998,False,False,0,2,FAR_increase;no_strict_improvement,False,False,PN14,PN14-2.edf
3,2,2,13,0,15,205,64505,30,0,5,64470,0.66666666666666663,0.66666666666666663,0.72591903210795716,1,2,2,31,29,33,27,35,0.0031797735380797269,35,0.25,0.65000000000000002,True,False,0,2,FAR_increase;no_strict_improvement,False,False,PN14,PN14-2.edf
3,2,2,7,0,9,105,64505,30,0,5,64470,0.66666666666666663,0.66666666666666663,0.39087947882736157,1,2,2,31,29,33,27,35,0.0016286644951140066,25,0.25,0.69999999999999996,True,False,0,2,FAR_increase;no_strict_improvement,False,False,PN14,PN14-2.edf
3,0,0,3,0,3,30,64505,30,0,5,64470,0,0,0.16751977664029782,3,0,0,,,,,,0.00046533271288971617,10,0.25,0.75,True,False,,0,sensitivity_loss;FAR_increase;no_strict_improvement,False,False,PN14,PN14-2.edf
3,0,0,1,0,1,10,64505,30,0,5,64470,0,0,0.055839925546765937,3,0,0,,,,,,0.00015511090429657206,10,0.25,0.80000000000000004,True,False,,0,sensitivity_loss,False,False,PN14,PN14-2.edf
3,0,0,1,0,1,10,64505,30,0,5,64470,0,0,0.055839925546765937,3,0,0,,,,,,0.00015511090429657206,10,0.25,0.84999999999999998,True,False,,0,sensitivity_loss,False,False,PN14,PN14-2.edf
3,0,0,0,0,0,0,64505,30,0,5,64470,0,0,0,3,0,0,,,,,,0,0,0.25,0.90000000000000002,True,False,,0,sensitivity_loss,False,False,PN14,PN14-2.edf
3,0,0,0,0,0,0,64505,30,0,5,64470,0,0,0,3,0,0,,,,,,0,0,0.25,0.94999999999999996,True,False,,0,sensitivity_loss,False,False,PN14,PN14-2.edf
3,0,0,0,0,0,0,64505,30,0,5,64470,0,0,0,3,0,0,,,,,,0,0,0.25,1.01,True,False,,0,sensitivity_loss,False,False,PN14,PN14-2.edf
3,3,3,580,1,583,19407,64505,30,0,5,64470,1,1,32.387156817124243,0,3,3,10,9,16,8,22,0.30102373196835736,715,0.5,0.050000000000000003,False,False,-15,2,FAR_increase,False,False,PN14,PN14-2.edf
3,3,3,345,1,348,13457,64505,30,0,5,64470,1,1,19.264774313634248,0,3,3,13,11.5,17.5,10,22,0.208732743911897,715,0.5,0.10000000000000001,False,False,-15,2,FAR_increase,False,False,PN14,PN14-2.edf
3,3,3,294,0,297,11107,64505,30,0,5,64470,1,1,16.416938110749186,0,3,3,22,17.5,26,13,30,0.17228168140220257,615,0.5,0.14999999999999999,False,False,-5,2,FAR_increase,False,False,PN14,PN14-2.edf
3,2,2,276,0,278,9247,64505,30,0,5,64470,0.66666666666666663,0.66666666666666663,15.411819450907398,1,2,2,26,24,28,22,30,0.14343105320304017,265,0.5,0.20000000000000001,False,False,-5,2,FAR_increase;no_strict_improvement,False,False,PN14,PN14-2.edf
3,2,2,256,0,258,5802,64505,30,0,5,64470,0.66666666666666663,0.66666666666666663,14.29502093997208,1,2,2,26,24,28,22,30,0.089995346672871096,185,0.5,0.25,False,False,-5,2,FAR_increase;no_strict_improvement,False,False,PN14,PN14-2.edf
3,2,2,198,0,200,3700,64505,30,0,5,64470,0.66666666666666663,0.66666666666666663,11.056305258259655,1,2,2,28.5,27.75,29.25,27,30,0.05739103458973166,75,0.5,0.29999999999999999,False,False,-2.5,2,FAR_increase;no_strict_improvement,False,False,PN14,PN14-2.edf
3,2,2,132,0,134,2235,64505,30,0,5,64470,0.66666666666666663,0.66666666666666663,7.3708701721731034,1,2,2,28.5,27.75,29.25,27,30,0.03466728711028385,75,0.5,0.34999999999999998,False,False,-2.5,2,FAR_increase;no_strict_improvement,False,False,PN14,PN14-2.edf
3,2,2,76,0,78,1265,64505,30,0,5,64470,0.66666666666666663,0.66666666666666663,4.2438343415542112,1,2,2,31,29,33,27,35,0.019621529393516364,55,0.5,0.40000000000000002,False,False,0,2,FAR_increase;no_strict_improvement,False,False,PN14,PN14-2.edf
3,2,2,59,0,61,925,64505,30,0,5,64470,0.66666666666666663,0.66666666666666663,3.2945556072591904,1,2,2,31,29,33,27,35,0.014347758647432915,55,0.5,0.45000000000000001,False,False,0,2,FAR_increase;no_strict_improvement,False,False,PN14,PN14-2.edf
3,1,1,28,0,29,415,64505,30,0,5,64470,0.33333333333333331,0.33333333333333331,1.5635179153094463,2,1,1,42,42,42,42,42,0.0064371025283077397,35,0.5,0.5,False,False,15,1,sensitivity_loss;FAR_increase;no_strict_improvement;common_event_delay_penalty,False,False,PN14,PN14-2.edf
3,0,0,17,0,17,255,64505,30,0,5,64470,0,0,0.94927873429502097,3,0,0,,,,,,0.0039553280595625876,35,0.5,0.55000000000000004,True,False,,0,sensitivity_loss;FAR_increase;no_strict_improvement,False,False,PN14,PN14-2.edf
3,0,0,12,0,12,180,64505,30,0,5,64470,0,0,0.6700791065611913,3,0,0,,,,,,0.002791996277338297,35,0.5,0.59999999999999998,True,False,,0,sensitivity_loss;FAR_increase;no_strict_improvement,False,False,PN14,PN14-2.edf
3,0,0,9,0,9,115,64505,30,0,5,64470,0,0,0.50255932992089347,3,0,0,,,,,,0.0017837753994105786,20,0.5,0.65000000000000002,True,False,,0,sensitivity_loss;FAR_increase;no_strict_improvement,False,False,PN14,PN14-2.edf
3,0,0,3,0,3,40,64505,30,0,5,64470,0,0,0.16751977664029782,3,0,0,,,,,,0.00062044361718628822,15,0.5,0.69999999999999996,True,False,,0,sensitivity_loss;FAR_increase;no_strict_improvement,False,False,PN14,PN14-2.edf
3,0,0,3,0,3,30,64505,30,0,5,64470,0,0,0.16751977664029782,3,0,0,,,,,,0.00046533271288971617,10,0.5,0.75,True,False,,0,sensitivity_loss;FAR_increase;no_strict_improvement,False,False,PN14,PN14-2.edf
3,0,0,1,0,1,10,64505,30,0,5,64470,0,0,0.055839925546765937,3,0,0,,,,,,0.00015511090429657206,10,0.5,0.80000000000000004,True,False,,0,sensitivity_loss,False,False,PN14,PN14-2.edf
3,0,0,1,0,1,10,64505,30,0,5,64470,0,0,0.055839925546765937,3,0,0,,,,,,0.00015511090429657206,10,0.5,0.84999999999999998,True,False,,0,sensitivity_loss,False,False,PN14,PN14-2.edf
3,0,0,0,0,0,0,64505,30,0,5,64470,0,0,0,3,0,0,,,,,,0,0,0.5,0.90000000000000002,True,False,,0,sensitivity_loss,False,False,PN14,PN14-2.edf
3,0,0,0,0,0,0,64505,30,0,5,64470,0,0,0,3,0,0,,,,,,0,0,0.5,0.94999999999999996,True,False,,0,sensitivity_loss,False,False,PN14,PN14-2.edf
3,0,0,0,0,0,0,64505,30,0,5,64470,0,0,0,3,0,0,,,,,,0,0,0.5,1.01,True,False,,0,sensitivity_loss,False,True,PN14,PN14-2.edf
3,3,3,188,0,191,11755,31675,30,0,5,31640,1,1,21.390644753476611,0,3,3,13,9.5,42.5,6,72,0.37152338811630847,940,0,0.050000000000000003,False,False,-5,1,FAR_increase,False,False,PN14,PN14-3.edf
3,3,3,251,0,254,9140,31675,30,0,5,31640,1,1,28.558786346396968,0,3,3,13,9.5,47.5,6,82,0.2888748419721871,335,0,0.10000000000000001,False,False,-5,1,FAR_increase,False,False,PN14,PN14-3.edf
3,2,2,260,1,262,6380,31675,30,0,5,31640,0.66666666666666663,0.66666666666666663,29.582806573957015,1,2,2,6.5,6.25,6.75,6,7,0.20164348925410872,275,0,0.14999999999999999,False,False,-5,1,FAR_increase,False,False,PN14,PN14-3.edf
3,2,2,231,2,233,4305,31675,30,0,5,31640,0.66666666666666663,0.66666666666666663,26.283185840707965,1,2,2,6.5,6.25,6.75,6,7,0.13606194690265486,110,0,0.20000000000000001,False,False,-5,1,FAR_increase,False,False,PN14,PN14-3.edf
3,2,2,163,2,165,2605,31675,30,0,5,31640,0.66666666666666663,0.66666666666666663,18.546144121365359,1,2,2,6.5,6.25,6.75,6,7,0.082332490518331219,100,0,0.25,False,False,-5,1,FAR_increase,False,False,PN14,PN14-3.edf
3,2,2,114,2,116,1715,31675,30,0,5,31640,0.66666666666666663,0.66666666666666663,12.970922882427308,1,2,2,6.5,6.25,6.75,6,7,0.054203539823008851,50,0,0.29999999999999999,False,False,-5,1,FAR_increase,False,False,PN14,PN14-3.edf
3,2,2,81,2,83,1185,31675,30,0,5,31640,0.66666666666666663,0.66666666666666663,9.216182048040455,1,2,2,6.5,6.25,6.75,6,7,0.037452591656131476,50,0,0.34999999999999998,False,False,-5,1,FAR_increase,False,False,PN14,PN14-3.edf
3,2,2,60,1,62,830,31675,30,0,5,31640,0.66666666666666663,0.66666666666666663,6.826801517067004,1,2,2,6.5,6.25,6.75,6,7,0.026232616940581543,50,0,0.40000000000000002,False,False,-5,1,FAR_increase,False,False,PN14,PN14-3.edf
3,2,2,42,0,44,560,31675,30,0,5,31640,0.66666666666666663,0.66666666666666663,4.778761061946903,1,2,2,26.5,16.25,36.75,6,47,0.017699115044247787,50,0,0.45000000000000001,False,False,-5,1,FAR_increase,False,False,PN14,PN14-3.edf
3,1,1,33,0,34,415,31675,30,0,5,31640,0.33333333333333331,0.33333333333333331,3.754740834386852,2,1,1,11,11,11,11,11,0.013116308470290772,45,0,0.5,False,False,0,1,FAR_increase;no_strict_improvement,False,False,PN14,PN14-3.edf
3,1,1,22,0,23,280,31675,30,0,5,31640,0.33333333333333331,0.33333333333333331,2.5031605562579013,2,1,1,11,11,11,11,11,0.0088495575221238937,35,0,0.55000000000000004,False,False,0,1,FAR_increase;no_strict_improvement,False,False,PN14,PN14-3.edf
3,1,1,17,0,18,210,31675,30,0,5,31640,0.33333333333333331,0.33333333333333331,1.9342604298356512,2,1,1,11,11,11,11,11,0.0066371681415929203,15,0,0.59999999999999998,False,False,0,1,FAR_increase;no_strict_improvement,False,False,PN14,PN14-3.edf
3,1,1,10,0,11,135,31675,30,0,5,31640,0.33333333333333331,0.33333333333333331,1.1378002528445006,2,1,1,11,11,11,11,11,0.0042667509481668772,15,0,0.65000000000000002,False,False,0,1,FAR_increase;no_strict_improvement,False,False,PN14,PN14-3.edf
3,1,1,8,0,9,100,31675,30,0,5,31640,0.33333333333333331,0.33333333333333331,0.91024020227560054,2,1,1,11,11,11,11,11,0.0031605562579013905,15,0,0.69999999999999996,True,False,0,1,no_strict_improvement,False,False,PN14,PN14-3.edf
3,0,0,4,0,4,45,31675,30,0,5,31640,0,0,0.45512010113780027,3,0,0,,,,,,0.0014222503160556258,15,0,0.75,True,False,,0,sensitivity_loss,False,False,PN14,PN14-3.edf
3,0,0,2,0,2,25,31675,30,0,5,31640,0,0,0.22756005056890014,3,0,0,,,,,,0.00079013906447534762,15,0,0.80000000000000004,True,False,,0,sensitivity_loss,False,False,PN14,PN14-3.edf
3,0,0,0,0,0,0,31675,30,0,5,31640,0,0,0,3,0,0,,,,,,0,0,0,0.84999999999999998,True,False,,0,sensitivity_loss,False,False,PN14,PN14-3.edf
3,0,0,0,0,0,0,31675,30,0,5,31640,0,0,0,3,0,0,,,,,,0,0,0,0.90000000000000002,True,False,,0,sensitivity_loss,False,False,PN14,PN14-3.edf
3,0,0,0,0,0,0,31675,30,0,5,31640,0,0,0,3,0,0,,,,,,0,0,0,0.94999999999999996,True,False,,0,sensitivity_loss,False,False,PN14,PN14-3.edf
3,0,0,0,0,0,0,31675,30,0,5,31640,0,0,0,3,0,0,,,,,,0,0,0,1.01,True,False,,0,sensitivity_loss,False,False,PN14,PN14-3.edf
3,2,3,250,0,252,13175,31675,30,0,5,31640,0.66666666666666663,1,28.445006321112515,1,2,2,9.5,7.75,11.25,6,13,0.4164032869785082,940,0.10000000000000001,0.050000000000000003,False,False,-5,1,FAR_increase,False,False,PN14,PN14-3.edf
3,2,2,262,0,264,8475,31675,30,0,5,31640,0.66666666666666663,0.66666666666666663,29.810366624525916,1,2,2,6.5,6.25,6.75,6,7,0.26785714285714285,330,0.10000000000000001,0.10000000000000001,False,False,-5,1,FAR_increase,False,False,PN14,PN14-3.edf
3,2,2,259,0,261,5670,31675,30,0,5,31640,0.66666666666666663,0.66666666666666663,29.469026548672566,1,2,2,6.5,6.25,6.75,6,7,0.17920353982300885,125,0.10000000000000001,0.14999999999999999,False,False,-5,1,FAR_increase,False,False,PN14,PN14-3.edf
3,2,2,207,2,209,3585,31675,30,0,5,31640,0.66666666666666663,0.66666666666666663,23.552465233881161,1,2,2,6.5,6.25,6.75,6,7,0.11330594184576485,100,0.10000000000000001,0.20000000000000001,False,False,-5,1,FAR_increase,False,False,PN14,PN14-3.edf
3,2,2,138,2,140,2140,31675,30,0,5,31640,0.66666666666666663,0.66666666666666663,15.701643489254108,1,2,2,6.5,6.25,6.75,6,7,0.06763590391908976,100,0.10000000000000001,0.25,False,False,-5,1,FAR_increase,False,False,PN14,PN14-3.edf
3,2,2,93,1,95,1365,31675,30,0,5,31640,0.66666666666666663,0.66666666666666663,10.581542351453855,1,2,2,6.5,6.25,6.75,6,7,0.04314159292035398,50,0.10000000000000001,0.29999999999999999,False,False,-5,1,FAR_increase,False,False,PN14,PN14-3.edf
3,2,2,64,0,66,915,31675,30,0,5,31640,0.66666666666666663,0.66666666666666663,7.2819216182048043,1,2,2,6.5,6.25,6.75,6,7,0.028919089759797723,50,0.10000000000000001,0.34999999999999998,False,False,-5,1,FAR_increase,False,False,PN14,PN14-3.edf
3,1,1,45,0,46,590,31675,30,0,5,31640,0.33333333333333331,0.33333333333333331,5.120101137800253,2,1,1,6,6,6,6,6,0.018647281921618204,50,0.10000000000000001,0.40000000000000002,False,False,-5,1,FAR_increase;no_strict_improvement,False,False,PN14,PN14-3.edf
3,1,1,33,0,34,420,31675,30,0,5,31640,0.33333333333333331,0.33333333333333331,3.754740834386852,2,1,1,6,6,6,6,6,0.013274336283185841,45,0.10000000000000001,0.45000000000000001,False,False,-5,1,FAR_increase;no_strict_improvement,False,False,PN14,PN14-3.edf
3,1,1,22,0,23,285,31675,30,0,5,31640,0.33333333333333331,0.33333333333333331,2.5031605562579013,2,1,1,11,11,11,11,11,0.0090075853350189642,35,0.10000000000000001,0.5,False,False,0,1,FAR_increase;no_strict_improvement,False,False,PN14,PN14-3.edf
3,1,1,16,0,17,205,31675,30,0,5,31640,0.33333333333333331,0.33333333333333331,1.8204804045512011,2,1,1,11,11,11,11,11,0.0064791403286978506,15,0.10000000000000001,0.55000000000000004,False,False,0,1,FAR_increase;no_strict_improvement,False,False,PN14,PN14-3.edf
3,1,1,9,0,10,125,31675,30,0,5,31640,0.33333333333333331,0.33333333333333331,1.0240202275600505,2,1,1,11,11,11,11,11,0.0039506953223767379,15,0.10000000000000001,0.59999999999999998,False,False,0,1,FAR_increase;no_strict_improvement,False,False,PN14,PN14-3.edf
3,1,1,5,0,6,70,31675,30,0,5,31640,0.33333333333333331,0.33333333333333331,0.5689001264222503,2,1,1,11,11,11,11,11,0.0022123893805309734,15,0.10000000000000001,0.65000000000000002,True,True,0,1,protected_improvement,False,False,PN14,PN14-3.edf
3,0,0,4,0,4,45,31675,30,0,5,31640,0,0,0.45512010113780027,3,0,0,,,,,,0.0014222503160556258,15,0.10000000000000001,0.69999999999999996,True,False,,0,sensitivity_loss,False,False,PN14,PN14-3.edf
3,0,0,1,0,1,10,31675,30,0,5,31640,0,0,0.11378002528445007,3,0,0,,,,,,0.00031605562579013909,10,0.10000000000000001,0.75,True,False,,0,sensitivity_loss,False,False,PN14,PN14-3.edf
3,0,0,0,0,0,0,31675,30,0,5,31640,0,0,0,3,0,0,,,,,,0,0,0.10000000000000001,0.80000000000000004,True,False,,0,sensitivity_loss,False,False,PN14,PN14-3.edf
3,0,0,0,0,0,0,31675,30,0,5,31640,0,0,0,3,0,0,,,,,,0,0,0.10000000000000001,0.84999999999999998,True,False,,0,sensitivity_loss,False,False,PN14,PN14-3.edf
3,0,0,0,0,0,0,31675,30,0,5,31640,0,0,0,3,0,0,,,,,,0,0,0.10000000000000001,0.90000000000000002,True,False,,0,sensitivity_loss,False,False,PN14,PN14-3.edf
3,0,0,0,0,0,0,31675,30,0,5,31640,0,0,0,3,0,0,,,,,,0,0,0.10000000000000001,0.94999999999999996,True,False,,0,sensitivity_loss,False,False,PN14,PN14-3.edf
3,0,0,0,0,0,0,31675,30,0,5,31640,0,0,0,3,0,0,,,,,,0,0,0.10000000000000001,1.01,True,False,,0,sensitivity_loss,False,False,PN14,PN14-3.edf
3,2,3,290,0,292,14455,31675,30,0,5,31640,0.66666666666666663,1,32.996207332490521,1,2,2,9.5,7.75,11.25,6,13,0.45685840707964603,940,0.25,0.050000000000000003,False,False,-5,1,FAR_increase,False,False,PN14,PN14-3.edf
3,2,2,360,0,362,9565,31675,30,0,5,31640,0.66666666666666663,0.66666666666666663,40.960809102402024,1,2,2,6.5,6.25,6.75,6,7,0.302307206068268,215,0.25,0.10000000000000001,False,False,-5,1,FAR_increase,False,False,PN14,PN14-3.edf
3,2,2,292,2,294,5620,31675,30,0,5,31640,0.66666666666666663,0.66666666666666663,33.223767383059418,1,2,2,6.5,6.25,6.75,6,7,0.17762326169405815,110,0.25,0.14999999999999999,False,False,-5,1,FAR_increase,False,False,PN14,PN14-3.edf
3,2,2,170,2,172,2665,31675,30,0,5,31640,0.66666666666666663,0.66666666666666663,19.342604298356513,1,2,2,6.5,6.25,6.75,6,7,0.084228824273072059,100,0.25,0.20000000000000001,False,False,-5,1,FAR_increase,False,False,PN14,PN14-3.edf
3,2,2,97,1,99,1475,31675,30,0,5,31640,0.66666666666666663,0.66666666666666663,11.036662452591656,1,2,2,6.5,6.25,6.75,6,7,0.046618204804045514,50,0.25,0.25,False,False,-5,1,FAR_increase,False,False,PN14,PN14-3.edf
3,2,2,64,0,66,915,31675,30,0,5,31640,0.66666666666666663,0.66666666666666663,7.2819216182048043,1,2,2,6.5,6.25,6.75,6,7,0.028919089759797723,50,0.25,0.29999999999999999,False,False,-5,1,FAR_increase,False,False,PN14,PN14-3.edf
3,1,1,44,0,45,580,31675,30,0,5,31640,0.33333333333333331,0.33333333333333331,5.0063211125158027,2,1,1,6,6,6,6,6,0.018331226295828066,50,0.25,0.34999999999999998,False,False,-5,1,FAR_increase;no_strict_improvement,False,False,PN14,PN14-3.edf
3,1,1,28,0,29,370,31675,30,0,5,31640,0.33333333333333331,0.33333333333333331,3.1858407079646018,2,1,1,6,6,6,6,6,0.011694058154235146,45,0.25,0.40000000000000002,False,False,-5,1,FAR_increase;no_strict_improvement,False,False,PN14,PN14-3.edf
3,1,1,18,0,19,245,31675,30,0,5,31640,0.33333333333333331,0.33333333333333331,2.048040455120101,2,1,1,11,11,11,11,11,0.007743362831858407,35,0.25,0.45000000000000001,False,False,0,1,FAR_increase;no_strict_improvement,False,False,PN14,PN14-3.edf
3,1,1,10,0,11,140,31675,30,0,5,31640,0.33333333333333331,0.33333333333333331,1.1378002528445006,2,1,1,11,11,11,11,11,0.0044247787610619468,15,0.25,0.5,False,False,0,1,FAR_increase;no_strict_improvement,False,False,PN14,PN14-3.edf
3,1,1,6,0,7,90,31675,30,0,5,31640,0.33333333333333331,0.33333333333333331,0.68268015170670038,2,1,1,11,11,11,11,11,0.0028445006321112516,15,0.25,0.55000000000000004,True,True,0,1,protected_improvement,False,False,PN14,PN14-3.edf
3,1,1,3,0,4,55,31675,30,0,5,31640,0.33333333333333331,0.33333333333333331,0.34134007585335019,2,1,1,11,11,11,11,11,0.0017383059418457649,15,0.25,0.59999999999999998,True,True,0,1,protected_improvement,False,False,PN14,PN14-3.edf
3,1,1,1,0,2,20,31675,30,0,5,31640,0.33333333333333331,0.33333333333333331,0.11378002528445007,2,1,1,11,11,11,11,11,0.00063211125158027818,10,0.25,0.65000000000000002,True,True,0,1,protected_improvement,True,False,PN14,PN14-3.edf
3,0,0,1,0,1,10,31675,30,0,5,31640,0,0,0.11378002528445007,3,0,0,,,,,,0.00031605562579013909,10,0.25,0.69999999999999996,True,False,,0,sensitivity_loss,False,False,PN14,PN14-3.edf
3,0,0,1,0,1,10,31675,30,0,5,31640,0,0,0.11378002528445007,3,0,0,,,,,,0.00031605562579013909,10,0.25,0.75,True,False,,0,sensitivity_loss,False,False,PN14,PN14-3.edf
3,0,0,0,0,0,0,31675,30,0,5,31640,0,0,0,3,0,0,,,,,,0,0,0.25,0.80000000000000004,True,False,,0,sensitivity_loss,False,False,PN14,PN14-3.edf
3,0,0,0,0,0,0,31675,30,0,5,31640,0,0,0,3,0,0,,,,,,0,0,0.25,0.84999999999999998,True,False,,0,sensitivity_loss,False,False,PN14,PN14-3.edf
3,0,0,0,0,0,0,31675,30,0,5,31640,0,0,0,3,0,0,,,,,,0,0,0.25,0.90000000000000002,True,False,,0,sensitivity_loss,False,False,PN14,PN14-3.edf
3,0,0,0,0,0,0,31675,30,0,5,31640,0,0,0,3,0,0,,,,,,0,0,0.25,0.94999999999999996,True,False,,0,sensitivity_loss,False,False,PN14,PN14-3.edf
3,0,0,0,0,0,0,31675,30,0,5,31640,0,0,0,3,0,0,,,,,,0,0,0.25,1.01,True,False,,0,sensitivity_loss,False,False,PN14,PN14-3.edf
3,2,3,403,0,405,14665,31675,30,0,5,31640,0.66666666666666663,1,45.853350189633375,1,2,2,9.5,7.75,11.25,6,13,0.46349557522123896,340,0.5,0.050000000000000003,False,False,-5,1,FAR_increase,False,False,PN14,PN14-3.edf
3,2,2,383,2,385,8245,31675,30,0,5,31640,0.66666666666666663,0.66666666666666663,43.577749683944376,1,2,2,6.5,6.25,6.75,6,7,0.26058786346396967,125,0.5,0.10000000000000001,False,False,-5,1,FAR_increase,False,False,PN14,PN14-3.edf
3,2,2,250,2,252,4910,31675,30,0,5,31640,0.66666666666666663,0.66666666666666663,28.445006321112515,1,2,2,6.5,6.25,6.75,6,7,0.15518331226295828,125,0.5,0.14999999999999999,False,False,-5,1,FAR_increase,False,False,PN14,PN14-3.edf
3,2,2,171,0,173,3200,31675,30,0,5,31640,0.66666666666666663,0.66666666666666663,19.456384323640961,1,2,2,6.5,6.25,6.75,6,7,0.1011378002528445,125,0.5,0.20000000000000001,False,False,-5,1,FAR_increase,False,False,PN14,PN14-3.edf
3,1,1,118,0,119,2170,31675,30,0,5,31640,0.33333333333333331,0.33333333333333331,13.426042983565107,2,1,1,6,6,6,6,6,0.068584070796460173,90,0.5,0.25,False,False,-5,1,FAR_increase;no_strict_improvement,False,False,PN14,PN14-3.edf
3,1,1,77,0,78,1335,31675,30,0,5,31640,0.33333333333333331,0.33333333333333331,8.7610619469026556,2,1,1,6,6,6,6,6,0.042193426042983567,70,0.5,0.29999999999999999,False,False,-5,1,FAR_increase;no_strict_improvement,False,False,PN14,PN14-3.edf
3,1,1,42,0,43,665,31675,30,0,5,31640,0.33333333333333331,0.33333333333333331,4.778761061946903,2,1,1,11,11,11,11,11,0.021017699115044249,50,0.5,0.34999999999999998,False,False,0,1,FAR_increase;no_strict_improvement,False,False,PN14,PN14-3.edf
3,1,1,18,0,19,285,31675,30,0,5,31640,0.33333333333333331,0.33333333333333331,2.048040455120101,2,1,1,11,11,11,11,11,0.0090075853350189642,40,0.5,0.40000000000000002,False,False,0,1,FAR_increase;no_strict_improvement,False,False,PN14,PN14-3.edf
3,1,1,8,0,9,140,31675,30,0,5,31640,0.33333333333333331,0.33333333333333331,0.91024020227560054,2,1,1,11,11,11,11,11,0.0044247787610619468,40,0.5,0.45000000000000001,True,False,0,1,no_strict_improvement,False,False,PN14,PN14-3.edf
3,1,1,2,0,3,40,31675,30,0,5,31640,0.33333333333333331,0.33333333333333331,0.22756005056890014,2,1,1,11,11,11,11,11,0.0012642225031605564,15,0.5,0.5,True,True,0,1,protected_improvement,False,False,PN14,PN14-3.edf
3,1,1,2,0,3,40,31675,30,0,5,31640,0.33333333333333331,0.33333333333333331,0.22756005056890014,2,1,1,11,11,11,11,11,0.0012642225031605564,15,0.5,0.55000000000000004,True,True,0,1,protected_improvement,False,False,PN14,PN14-3.edf
3,1,1,1,0,2,30,31675,30,0,5,31640,0.33333333333333331,0.33333333333333331,0.11378002528445007,2,1,1,11,11,11,11,11,0.00094816687737041716,15,0.5,0.59999999999999998,True,True,0,1,protected_improvement,False,True,PN14,PN14-3.edf
3,0,0,1,0,1,15,31675,30,0,5,31640,0,0,0.11378002528445007,3,0,0,,,,,,0.00047408343868520858,15,0.5,0.65000000000000002,True,False,,0,sensitivity_loss,False,False,PN14,PN14-3.edf
3,0,0,1,0,1,10,31675,30,0,5,31640,0,0,0.11378002528445007,3,0,0,,,,,,0.00031605562579013909,10,0.5,0.69999999999999996,True,False,,0,sensitivity_loss,False,False,PN14,PN14-3.edf
3,0,0,1,0,1,10,31675,30,0,5,31640,0,0,0.11378002528445007,3,0,0,,,,,,0.00031605562579013909,10,0.5,0.75,True,False,,0,sensitivity_loss,False,False,PN14,PN14-3.edf
3,0,0,1,0,1,10,31675,30,0,5,31640,0,0,0.11378002528445007,3,0,0,,,,,,0.00031605562579013909,10,0.5,0.80000000000000004,True,False,,0,sensitivity_loss,False,False,PN14,PN14-3.edf
3,0,0,0,0,0,0,31675,30,0,5,31640,0,0,0,3,0,0,,,,,,0,0,0.5,0.84999999999999998,True,False,,0,sensitivity_loss,False,False,PN14,PN14-3.edf
3,0,0,0,0,0,0,31675,30,0,5,31640,0,0,0,3,0,0,,,,,,0,0,0.5,0.90000000000000002,True,False,,0,sensitivity_loss,False,False,PN14,PN14-3.edf
3,0,0,0,0,0,0,31675,30,0,5,31640,0,0,0,3,0,0,,,,,,0,0,0.5,0.94999999999999996,True,False,,0,sensitivity_loss,False,False,PN14,PN14-3.edf
3,0,0,0,0,0,0,31675,30,0,5,31640,0,0,0,3,0,0,,,,,,0,0,0.5,1.01,True,False,,0,sensitivity_loss,False,False,PN14,PN14-3.edf
3,2,3,335,0,337,37310,59028,30,0,0,58998,0.66666666666666663,1,20.441370893928607,1,2,2,9.5,8.75,10.25,8,11,0.63239431845147298,4300,0,0.050000000000000003,False,False,,0,FAR_increase,False,False,PN14,PN14-4.edf
3,1,2,401,0,402,33935,59028,30,0,0,58998,0.33333333333333331,0.66666666666666663,24.468626055120513,2,1,1,8,8,8,8,8,0.57518898945726971,2045,0,0.10000000000000001,False,False,,0,FAR_increase,False,False,PN14,PN14-4.edf
3,1,2,471,0,472,29205,59028,30,0,0,58998,0.33333333333333331,0.66666666666666663,28.739957286687684,2,1,1,8,8,8,8,8,0.4950167802298383,1920,0,0.14999999999999999,False,False,,0,FAR_increase,False,False,PN14,PN14-4.edf
3,1,2,503,0,504,24840,59028,30,0,0,58998,0.33333333333333331,0.66666666666666663,30.692565849689821,2,1,1,8,8,8,8,8,0.42103122139733551,1790,0,0.20000000000000001,False,False,,0,FAR_increase,False,False,PN14,PN14-4.edf
3,1,2,456,0,457,18865,59028,30,0,0,58998,0.33333333333333331,0.66666666666666663,27.824672022780433,2,1,1,8,8,8,8,8,0.31975660191870908,1740,0,0.25,False,False,,0,FAR_increase,False,False,PN14,PN14-4.edf
3,2,2,363,0,365,15385,59028,30,0,0,58998,0.66666666666666663,0.66666666666666663,22.149903386555476,1,2,2,9,8.5,9.5,8,10,0.26077155157801957,1720,0,0.29999999999999999,False,False,,0,FAR_increase,False,False,PN14,PN14-4.edf
3,2,2,313,0,315,12590,59028,30,0,0,58998,0.66666666666666663,0.66666666666666663,19.098952506864638,1,2,2,11.5,10.75,12.25,10,13,0.21339706430726466,660,0,0.34999999999999998,False,False,,0,FAR_increase,False,False,PN14,PN14-4.edf
3,2,2,332,0,334,10105,59028,30,0,0,58998,0.66666666666666663,0.66666666666666663,20.258313841147157,1,2,2,11.5,10.75,12.25,10,13,0.17127699244042172,280,0,0.40000000000000002,False,False,,0,FAR_increase,False,False,PN14,PN14-4.edf
3,2,2,322,0,324,6225,59028,30,0,0,58998,0.66666666666666663,0.66666666666666663,19.648123665208992,1,2,2,11.5,10.75,12.25,10,13,0.10551205125597478,185,0,0.45000000000000001,False,False,,0,FAR_increase,False,False,PN14,PN14-4.edf
3,2,2,225,0,227,3350,59028,30,0,0,58998,0.66666666666666663,0.66666666666666663,13.729278958608766,1,2,2,11.5,10.75,12.25,10,13,0.056781585816468354,75,0,0.5,False,False,,0,FAR_increase,False,False,PN14,PN14-4.edf
3,1,1,132,0,133,1670,59028,30,0,0,58998,0.33333333333333331,0.33333333333333331,8.054510322383809,2,1,1,13,13,13,13,13,0.028306044272687209,55,0,0.55000000000000004,False,False,,0,FAR_increase,False,False,PN14,PN14-4.edf
3,0,0,46,0,46,520,59028,30,0,0,58998,0,0,2.8068748093155702,3,0,0,,,,,,0.00881385809688464,30,0,0.59999999999999998,False,False,,0,FAR_increase;no_strict_improvement,False,False,PN14,PN14-4.edf
3,0,0,16,0,16,170,59028,30,0,0,58998,0,0,0.97630428150106785,3,0,0,,,,,,0.0028814536085969016,20,0,0.65000000000000002,True,False,,0,FAR_increase;no_strict_improvement,False,False,PN14,PN14-4.edf
3,0,0,11,0,11,120,59028,30,0,0,58998,0,0,0.67120919353198416,3,0,0,,,,,,0.0020339672531272247,20,0,0.69999999999999996,True,False,,0,FAR_increase;no_strict_improvement,False,False,PN14,PN14-4.edf
3,0,0,6,0,6,70,59028,30,0,0,58998,0,0,0.36611410556290042,3,0,0,,,,,,0.0011864808976575476,20,0,0.75,True,False,,0,FAR_increase;no_strict_improvement,False,False,PN14,PN14-4.edf
3,0,0,5,0,5,60,59028,30,0,0,58998,0,0,0.30509508796908369,3,0,0,,,,,,0.0010169836265636124,20,0,0.80000000000000004,True,False,,0,FAR_increase;no_strict_improvement,False,False,PN14,PN14-4.edf
3,0,0,5,0,5,60,59028,30,0,0,58998,0,0,0.30509508796908369,3,0,0,,,,,,0.0010169836265636124,20,0,0.84999999999999998,True,False,,0,FAR_increase;no_strict_improvement,False,False,PN14,PN14-4.edf
3,0,0,2,0,2,25,59028,30,0,0,58998,0,0,0.12203803518763348,3,0,0,,,,,,0.00042374317773483848,15,0,0.90000000000000002,True,False,,0,FAR_increase;no_strict_improvement,False,False,PN14,PN14-4.edf
3,0,0,0,0,0,0,59028,30,0,0,58998,0,0,0,3,0,0,,,,,,0,0,0,0.94999999999999996,True,False,,0,no_strict_improvement,False,False,PN14,PN14-4.edf
3,0,0,0,0,0,0,59028,30,0,0,58998,0,0,0,3,0,0,,,,,,0,0,0,1.01,True,False,,0,no_strict_improvement,True,False,PN14,PN14-4.edf
3,2,3,369,0,371,37480,59028,30,0,0,58998,0.66666666666666663,1,22.516017492118376,1,2,2,9.5,8.75,10.25,8,11,0.6352757720600698,2260,0.10000000000000001,0.050000000000000003,False,False,,0,FAR_increase,False,False,PN14,PN14-4.edf
3,1,2,429,0,430,32965,59028,30,0,0,58998,0.33333333333333331,0.66666666666666663,26.177158547747382,2,1,1,8,8,8,8,8,0.55874775416115796,2010,0.10000000000000001,0.10000000000000001,False,False,,0,FAR_increase,False,False,PN14,PN14-4.edf
3,1,2,470,0,471,28050,59028,30,0,0,58998,0.33333333333333331,0.66666666666666663,28.678938269093866,2,1,1,8,8,8,8,8,0.47543984541848877,1920,0.10000000000000001,0.14999999999999999,False,False,,0,FAR_increase,False,False,PN14,PN14-4.edf
3,1,2,481,0,482,22130,59028,30,0,0,58998,0.33333333333333331,0.66666666666666663,29.350147462625852,2,1,1,8,8,8,8,8,0.37509746093087903,1790,0.10000000000000001,0.20000000000000001,False,False,,0,FAR_increase,False,False,PN14,PN14-4.edf
3,2,2,402,0,404,16950,59028,30,0,0,58998,0.66666666666666663,0.66666666666666663,24.529645072714331,1,2,2,9,8.5,9.5,8,10,0.28729787450422051,1740,0.10000000000000001,0.25,False,False,,0,FAR_increase,False,False,PN14,PN14-4.edf
3,2,2,329,0,331,13615,59028,30,0,0,58998,0.66666666666666663,0.66666666666666663,20.075256788365706,1,2,2,11.5,10.75,12.25,10,13,0.23077053459439303,665,0.10000000000000001,0.29999999999999999,False,False,,0,FAR_increase,False,False,PN14,PN14-4.edf
3,2,2,320,0,322,11000,59028,30,0,0,58998,0.66666666666666663,0.66666666666666663,19.526085630021356,1,2,2,11.5,10.75,12.25,10,13,0.18644699820332894,285,0.10000000000000001,0.34999999999999998,False,False,,0,FAR_increase,False,False,PN14,PN14-4.edf
3,2,2,329,0,331,6860,59028,30,0,0,58998,0.66666666666666663,0.66666666666666663,20.075256788365706,1,2,2,11.5,10.75,12.25,10,13,0.11627512797043968,245,0.10000000000000001,0.40000000000000002,False,False,,0,FAR_increase,False,False,PN14,PN14-4.edf
3,2,2,231,0,233,3570,59028,30,0,0,58998,0.66666666666666663,0.66666666666666663,14.095393064171667,1,2,2,11.5,10.75,12.25,10,13,0.060510525780534931,95,0.10000000000000001,0.45000000000000001,False,False,,0,FAR_increase,False,False,PN14,PN14-4.edf
3,1,1,131,0,132,1635,59028,30,0,0,58998,0.33333333333333331,0.33333333333333331,7.9934913047899929,2,1,1,13,13,13,13,13,0.027712803823858437,50,0.10000000000000001,0.5,False,False,,0,FAR_increase,False,False,PN14,PN14-4.edf
3,0,0,42,0,42,465,59028,30,0,0,58998,0,0,2.5627987389403031,3,0,0,,,,,,0.0078816231058679957,20,0.10000000000000001,0.55000000000000004,False,False,,0,FAR_increase;no_strict_improvement,False,False,PN14,PN14-4.edf
3,0,0,13,0,13,140,59028,30,0,0,58998,0,0,0.79324722871961761,3,0,0,,,,,,0.0023729617953150953,20,0.10000000000000001,0.59999999999999998,True,False,,0,FAR_increase;no_strict_improvement,False,False,PN14,PN14-4.edf
3,0,0,8,0,8,90,59028,30,0,0,58998,0,0,0.48815214075053392,3,0,0,,,,,,0.0015254754398454184,20,0.10000000000000001,0.65000000000000002,True,False,,0,FAR_increase;no_strict_improvement,False,False,PN14,PN14-4.edf
3,0,0,6,0,6,70,59028,30,0,0,58998,0,0,0.36611410556290042,3,0,0,,,,,,0.0011864808976575476,20,0.10000000000000001,0.69999999999999996,True,False,,0,FAR_increase;no_strict_improvement,False,False,PN14,PN14-4.edf
3,0,0,5,0,5,60,59028,30,0,0,58998,0,0,0.30509508796908369,3,0,0,,,,,,0.0010169836265636124,20,0.10000000000000001,0.75,True,False,,0,FAR_increase;no_strict_improvement,False,False,PN14,PN14-4.edf
3,0,0,3,0,3,35,59028,30,0,0,58998,0,0,0.18305705278145021,3,0,0,,,,,,0.00059324044882877382,15,0.10000000000000001,0.80000000000000004,True,False,,0,FAR_increase;no_strict_improvement,False,False,PN14,PN14-4.edf
3,0,0,0,0,0,0,59028,30,0,0,58998,0,0,0,3,0,0,,,,,,0,0,0.10000000000000001,0.84999999999999998,True,False,,0,no_strict_improvement,False,False,PN14,PN14-4.edf
3,0,0,0,0,0,0,59028,30,0,0,58998,0,0,0,3,0,0,,,,,,0,0,0.10000000000000001,0.90000000000000002,True,False,,0,no_strict_improvement,False,False,PN14,PN14-4.edf
3,0,0,0,0,0,0,59028,30,0,0,58998,0,0,0,3,0,0,,,,,,0,0,0.10000000000000001,0.94999999999999996,True,False,,0,no_strict_improvement,False,False,PN14,PN14-4.edf
3,0,0,0,0,0,0,59028,30,0,0,58998,0,0,0,3,0,0,,,,,,0,0,0.10000000000000001,1.01,True,False,,0,no_strict_improvement,False,False,PN14,PN14-4.edf
3,2,3,404,0,406,37835,59028,30,0,0,58998,0.66666666666666663,1,24.651683107901963,1,2,2,9.5,8.75,10.25,8,11,0.64129292518390457,2250,0.25,0.050000000000000003,False,False,,0,FAR_increase,False,False,PN14,PN14-4.edf
3,1,2,481,0,482,31780,59028,30,0,0,58998,0.33333333333333331,0.66666666666666663,29.350147462625852,2,1,1,8,8,8,8,8,0.53866232753652665,1975,0.25,0.10000000000000001,False,False,,0,FAR_increase,False,False,PN14,PN14-4.edf
3,1,2,495,0,496,25585,59028,30,0,0,58998,0.33333333333333331,0.66666666666666663,30.204413708939285,2,1,1,8,8,8,8,8,0.43365876809383369,1790,0.25,0.14999999999999999,False,False,,0,FAR_increase,False,False,PN14,PN14-4.edf
3,2,2,437,0,439,18320,59028,30,0,0,58998,0.66666666666666663,0.66666666666666663,26.665310688497915,1,2,2,9,8.5,9.5,8,10,0.3105190006440896,1740,0.25,0.20000000000000001,False,False,,0,FAR_increase,False,False,PN14,PN14-4.edf
3,2,2,342,0,344,14155,59028,30,0,0,58998,0.66666666666666663,0.66666666666666663,20.868504017085325,1,2,2,11.5,10.75,12.25,10,13,0.23992338723346554,665,0.25,0.25,False,False,,0,FAR_increase,False,False,PN14,PN14-4.edf
3,2,2,341,0,343,10765,59028,30,0,0,58998,0.66666666666666663,0.66666666666666663,20.807484999491507,1,2,2,11.5,10.75,12.25,10,13,0.18246381233262143,280,0.25,0.29999999999999999,False,False,,0,FAR_increase,False,False,PN14,PN14-4.edf
3,2,2,302,0,304,5770,59028,30,0,0,58998,0.66666666666666663,0.66666666666666663,18.427743313332655,1,2,2,11.5,10.75,12.25,10,13,0.097799925421200723,200,0.25,0.34999999999999998,False,False,,0,FAR_increase,False,False,PN14,PN14-4.edf
3,1,1,182,0,183,2700,59028,30,0,0,58998,0.33333333333333331,0.33333333333333331,11.105461202074647,2,1,1,13,13,13,13,13,0.045764263195362552,100,0.25,0.40000000000000002,False,False,,0,FAR_increase,False,False,PN14,PN14-4.edf
3,0,0,70,0,70,945,59028,30,0,0,58998,0,0,4.2713312315671716,3,0,0,,,,,,0.016017492118376893,30,0.25,0.45000000000000001,False,False,,0,FAR_increase;no_strict_improvement,False,False,PN14,PN14-4.edf
3,0,0,26,0,26,335,59028,30,0,0,58998,0,0,1.5864944574392352,3,0,0,,,,,,0.0056781585816468357,25,0.25,0.5,False,False,,0,FAR_increase;no_strict_improvement,False,False,PN14,PN14-4.edf
3,0,0,13,0,13,140,59028,30,0,0,58998,0,0,0.79324722871961761,3,0,0,,,,,,0.0023729617953150953,20,0.25,0.55000000000000004,True,False,,0,FAR_increase;no_strict_improvement,False,False,PN14,PN14-4.edf
3,0,0,6,0,6,70,59028,30,0,0,58998,0,0,0.36611410556290042,3,0,0,,,,,,0.0011864808976575476,20,0.25,0.59999999999999998,True,False,,0,FAR_increase;no_strict_improvement,False,False,PN14,PN14-4.edf
3,0,0,5,0,5,60,59028,30,0,0,58998,0,0,0.30509508796908369,3,0,0,,,,,,0.0010169836265636124,20,0.25,0.65000000000000002,True,False,,0,FAR_increase;no_strict_improvement,False,False,PN14,PN14-4.edf
3,0,0,1,0,1,10,59028,30,0,0,58998,0,0,0.061019017593816741,3,0,0,,,,,,0.00016949727109393539,10,0.25,0.69999999999999996,True,False,,0,FAR_increase;no_strict_improvement,False,False,PN14,PN14-4.edf
3,0,0,0,0,0,0,59028,30,0,0,58998,0,0,0,3,0,0,,,,,,0,0,0.25,0.75,True,False,,0,no_strict_improvement,False,False,PN14,PN14-4.edf
3,0,0,0,0,0,0,59028,30,0,0,58998,0,0,0,3,0,0,,,,,,0,0,0.25,0.80000000000000004,True,False,,0,no_strict_improvement,False,False,PN14,PN14-4.edf
3,0,0,0,0,0,0,59028,30,0,0,58998,0,0,0,3,0,0,,,,,,0,0,0.25,0.84999999999999998,True,False,,0,no_strict_improvement,False,False,PN14,PN14-4.edf
3,0,0,0,0,0,0,59028,30,0,0,58998,0,0,0,3,0,0,,,,,,0,0,0.25,0.90000000000000002,True,False,,0,no_strict_improvement,False,False,PN14,PN14-4.edf
3,0,0,0,0,0,0,59028,30,0,0,58998,0,0,0,3,0,0,,,,,,0,0,0.25,0.94999999999999996,True,False,,0,no_strict_improvement,False,False,PN14,PN14-4.edf
3,0,0,0,0,0,0,59028,30,0,0,58998,0,0,0,3,0,0,,,,,,0,0,0.25,1.01,True,False,,0,no_strict_improvement,False,False,PN14,PN14-4.edf
3,1,2,480,0,481,37320,59028,30,0,0,58998,0.33333333333333331,0.66666666666666663,29.289128445032034,2,1,1,8,8,8,8,8,0.63256381572256681,2045,0.5,0.050000000000000003,False,False,,0,FAR_increase,False,False,PN14,PN14-4.edf
3,1,2,553,0,554,27420,59028,30,0,0,58998,0.33333333333333331,0.66666666666666663,33.743516729380659,2,1,1,8,8,8,8,8,0.46476151733957083,1790,0.5,0.10000000000000001,False,False,,0,FAR_increase,False,False,PN14,PN14-4.edf
3,2,2,443,0,445,17955,59028,30,0,0,58998,0.66666666666666663,0.66666666666666663,27.031424794060815,1,2,2,9,8.5,9.5,8,10,0.304332350249161,1720,0.5,0.14999999999999999,False,False,,0,FAR_increase,False,False,PN14,PN14-4.edf
3,2,2,385,0,387,12445,59028,30,0,0,58998,0.66666666666666663,0.66666666666666663,23.492321773619445,1,2,2,11.5,10.75,12.25,10,13,0.21093935387640259,505,0.5,0.20000000000000001,False,False,,0,FAR_increase,False,False,PN14,PN14-4.edf
3,2,2,291,0,293,5490,59028,30,0,0,58998,0.66666666666666663,0.66666666666666663,17.756534119800673,1,2,2,11.5,10.75,12.25,10,13,0.093054001830570526,180,0.5,0.25,False,False,,0,FAR_increase,False,False,PN14,PN14-4.edf
3,0,0,122,0,122,2145,59028,30,0,0,58998,0,0,7.4443201464456425,3,0,0,,,,,,0.036357164649649137,95,0.5,0.29999999999999999,False,False,,0,FAR_increase;no_strict_improvement,False,False,PN14,PN14-4.edf
3,0,0,63,0,63,1280,59028,30,0,0,58998,0,0,3.8441981084104544,3,0,0,,,,,,0.02169565070002373,85,0.5,0.34999999999999998,False,False,,0,FAR_increase;no_strict_improvement,False,False,PN14,PN14-4.edf
3,0,0,48,0,48,945,59028,30,0,0,58998,0,0,2.9289128445032033,3,0,0,,,,,,0.016017492118376893,85,0.5,0.40000000000000002,False,False,,0,FAR_increase;no_strict_improvement,False,False,PN14,PN14-4.edf
3,0,0,39,0,39,625,59028,30,0,0,58998,0,0,2.379741686158853,3,0,0,,,,,,0.010593579443370962,40,0.5,0.45000000000000001,False,False,,0,FAR_increase;no_strict_improvement,False,False,PN14,PN14-4.edf
3,0,0,19,0,19,285,59028,30,0,0,58998,0,0,1.159361334282518,3,0,0,,,,,,0.0048306722261771589,30,0.5,0.5,False,False,,0,FAR_increase;no_strict_improvement,False,False,PN14,PN14-4.edf
3,0,0,7,0,7,85,59028,30,0,0,58998,0,0,0.4271331231567172,3,0,0,,,,,,0.0014407268042984508,20,0.5,0.55000000000000004,True,False,,0,FAR_increase;no_strict_improvement,False,False,PN14,PN14-4.edf
3,0,0,2,0,2,20,59028,30,0,0,58998,0,0,0.12203803518763348,3,0,0,,,,,,0.00033899454218787079,10,0.5,0.59999999999999998,True,False,,0,FAR_increase;no_strict_improvement,False,False,PN14,PN14-4.edf
3,0,0,0,0,0,0,59028,30,0,0,58998,0,0,0,3,0,0,,,,,,0,0,0.5,0.65000000000000002,True,False,,0,no_strict_improvement,False,False,PN14,PN14-4.edf
3,0,0,0,0,0,0,59028,30,0,0,58998,0,0,0,3,0,0,,,,,,0,0,0.5,0.69999999999999996,True,False,,0,no_strict_improvement,False,False,PN14,PN14-4.edf
3,0,0,0,0,0,0,59028,30,0,0,58998,0,0,0,3,0,0,,,,,,0,0,0.5,0.75,True,False,,0,no_strict_improvement,False,False,PN14,PN14-4.edf
3,0,0,0,0,0,0,59028,30,0,0,58998,0,0,0,3,0,0,,,,,,0,0,0.5,0.80000000000000004,True,False,,0,no_strict_improvement,False,False,PN14,PN14-4.edf
3,0,0,0,0,0,0,59028,30,0,0,58998,0,0,0,3,0,0,,,,,,0,0,0.5,0.84999999999999998,True,False,,0,no_strict_improvement,False,False,PN14,PN14-4.edf
3,0,0,0,0,0,0,59028,30,0,0,58998,0,0,0,3,0,0,,,,,,0,0,0.5,0.90000000000000002,True,False,,0,no_strict_improvement,False,False,PN14,PN14-4.edf
3,0,0,0,0,0,0,59028,30,0,0,58998,0,0,0,3,0,0,,,,,,0,0,0.5,0.94999999999999996,True,False,,0,no_strict_improvement,False,False,PN14,PN14-4.edf
3,0,0,0,0,0,0,59028,30,0,0,58998,0,0,0,3,0,0,,,,,,0,0,0.5,1.01,True,False,,0,no_strict_improvement,False,True,PN14,PN14-4.edf
